nome,slopes,lincoeff
1082,0.007775401765785406,0
1082,0.007618916099623333,0
1082,0.007645213228022474,0
1082,0.007563100091297154,0
1082,0.0019583638524817513,0
