file,psys,pkg,cores,gpu,ram,duration_time,user_time,system_time,perf_time,lang,machine,cores,power_limit
1151909.exe ,  3.48,  0.92,  0.86,  0.00,  0.13,  144407974,  121654000,   22118000,  174358797, c++, elite, mult, 8
1151909.exe ,  3.19,  0.96,  0.91,  0.00,  0.12,  120813010,   98853000,   21967000,  134588590, c++, elite, mult, 8
1151909.exe ,  3.05,  0.96,  0.91,  0.00,  0.12,  120749982,  103632000,   17104000,  134638912, c++, elite, mult, 8
1151909.exe ,  3.02,  0.96,  0.91,  0.00,  0.12,  120649669,  100690000,   19938000,  134836388, c++, elite, mult, 8
1151909.exe ,  3.22,  0.97,  0.92,  0.00,  0.12,  121842722,  110777000,   11077000,  135825329, c++, elite, mult, 8
1151909.exe ,  3.06,  0.97,  0.92,  0.00,  0.12,  120612221,  104493000,   16075000,  135190672, c++, elite, mult, 8
1151909.exe ,  3.11,  0.97,  0.92,  0.00,  0.12,  122326342,  103436000,   18897000,  136119454, c++, elite, mult, 8
1151909.exe ,  3.07,  0.97,  0.92,  0.00,  0.12,  122023668,  106004000,   16000000,  135994075, c++, elite, mult, 8
1151909.exe ,  3.21,  0.97,  0.92,  0.00,  0.12,  121349169,  107295000,   14038000,  135343823, c++, elite, mult, 8
1151909.exe ,  3.05,  0.97,  0.92,  0.00,  0.12,  121079521,   99043000,   22009000,  135269254, c++, elite, mult, 8
1200127.exe ,  3.49,  1.05,  1.00,  0.00,  0.13,  132752491,  117763000,   14969000,  147271570, c++, elite, mult, 8
1200127.exe ,  3.34,  1.05,  1.00,  0.00,  0.13,  131964406,  117905000,   13988000,  145851613, c++, elite, mult, 8
1200127.exe ,  3.32,  1.05,  1.00,  0.00,  0.13,  132336937,  118359000,   13924000,  145976119, c++, elite, mult, 8
1200127.exe ,  3.61,  1.06,  1.01,  0.00,  0.13,  133668323,  123631000,    9970000,  147361918, c++, elite, mult, 8
1200127.exe ,  3.34,  1.05,  1.00,  0.00,  0.13,  132580661,  121610000,   10964000,  146498323, c++, elite, mult, 8
1200127.exe ,  3.33,  1.05,  1.00,  0.00,  0.13,  132214744,  121275000,   10934000,  146097660, c++, elite, mult, 8
1200127.exe ,  3.48,  1.05,  1.00,  0.00,  0.13,  133079665,  119925000,   12991000,  147428620, c++, elite, mult, 8
1200127.exe ,  3.76,  1.14,  1.07,  0.00,  0.15,  142528867,  126382000,   16048000,  156503700, c++, elite, mult, 8
1200127.exe ,  3.41,  1.05,  1.00,  0.00,  0.13,  133844361,  122921000,   10904000,  147442103, c++, elite, mult, 8
1200127.exe ,  3.36,  1.06,  1.00,  0.00,  0.13,  132894186,  123817000,    9059000,  146215432, c++, elite, mult, 8
1259704.exe ,  4.41,  1.42,  1.35,  0.00,  0.13,  177177519,  166066000,   11004000,  191809960, c++, elite, mult, 8
1259704.exe ,  4.55,  1.40,  1.34,  0.00,  0.13,  177359364,  168329000,    9017000,  191115853, c++, elite, mult, 8
1259704.exe ,  4.41,  1.41,  1.34,  0.00,  0.13,  177227303,  164154000,   13012000,  191123484, c++, elite, mult, 8
1259704.exe ,  4.40,  1.41,  1.34,  0.00,  0.13,  176901472,  159899000,   16989000,  190820241, c++, elite, mult, 8
1259704.exe ,  4.63,  1.43,  1.36,  0.00,  0.14,  179964232,  170892000,    9047000,  193837460, c++, elite, mult, 8
1259704.exe ,  4.44,  1.42,  1.35,  0.00,  0.13,  177747097,  166720000,   10981000,  191731535, c++, elite, mult, 8
1259704.exe ,  4.53,  1.42,  1.36,  0.00,  0.13,  179321380,  166358000,   12950000,  193152114, c++, elite, mult, 8
1259704.exe ,  4.54,  1.43,  1.37,  0.00,  0.14,  180648960,  162521000,   17947000,  194552770, c++, elite, mult, 8
1259704.exe ,  4.58,  1.43,  1.36,  0.00,  0.14,  180142798,  167072000,   13005000,  193698742, c++, elite, mult, 8
1259704.exe ,  4.55,  1.41,  1.34,  0.00,  0.13,  176747346,  164684000,   11977000,  190760614, c++, elite, mult, 8
1288015.exe ,  3.19,  0.99,  0.93,  0.00,  0.12,  127469273,  120461000,    6968000,  142729198, c++, elite, mult, 8
1288015.exe ,  3.25,  1.00,  0.94,  0.00,  0.12,  124639594,  119641000,    4985000,  138906423, c++, elite, mult, 8
1288015.exe ,  3.14,  0.99,  0.94,  0.00,  0.12,  124199659,  117173000,    7010000,  138107032, c++, elite, mult, 8
1288015.exe ,  3.14,  0.98,  0.94,  0.00,  0.12,  125617301,  115633000,    9968000,  139228013, c++, elite, mult, 8
1288015.exe ,  3.31,  0.99,  0.95,  0.00,  0.12,  125297751,  115317000,    9941000,  138697057, c++, elite, mult, 8
1288015.exe ,  3.15,  0.99,  0.94,  0.00,  0.12,  125032524,  119015000,    6000000,  139158748, c++, elite, mult, 8
1288015.exe ,  3.23,  1.00,  0.96,  0.00,  0.12,  126354999,  117396000,    8953000,  140752671, c++, elite, mult, 8
1288015.exe ,  3.19,  0.98,  0.94,  0.00,  0.12,  124769701,  116745000,    7982000,  138591288, c++, elite, mult, 8
1288015.exe ,  3.18,  0.99,  0.95,  0.00,  0.12,  124970286,  120955000,    3998000,  138301310, c++, elite, mult, 8
1288015.exe ,  3.22,  0.99,  0.94,  0.00,  0.12,  125562217,  118532000,    6972000,  139125178, c++, elite, mult, 8
1412740.exe ,  5.55,  1.76,  1.67,  0.00,  0.19,  220790702,  203715000,   16976000,  235378708, c++, elite, mult, 8
1412740.exe ,  5.59,  1.76,  1.67,  0.00,  0.19,  220960158,  206937000,   13995000,  234738721, c++, elite, mult, 8
1412740.exe ,  5.55,  1.75,  1.66,  0.00,  0.19,  220199626,  208183000,   12010000,  234123825, c++, elite, mult, 8
1412740.exe ,  5.55,  1.75,  1.66,  0.00,  0.19,  219712439,  200683000,   18970000,  233795649, c++, elite, mult, 8
1412740.exe ,  5.80,  1.79,  1.70,  0.00,  0.19,  224679352,  205691000,   18971000,  238650431, c++, elite, mult, 8
1412740.exe ,  5.53,  1.76,  1.67,  0.00,  0.19,  221082186,  200066000,   21007000,  234987425, c++, elite, mult, 8
1412740.exe ,  5.69,  1.75,  1.67,  0.00,  0.19,  220404131,  199444000,   20941000,  234168796, c++, elite, mult, 8
1412740.exe ,  5.55,  1.76,  1.67,  0.00,  0.19,  221027027,  203961000,   16996000,  234820938, c++, elite, mult, 8
1412740.exe ,  5.63,  1.74,  1.65,  0.00,  0.19,  220126137,  205108000,   15007000,  234896564, c++, elite, mult, 8
1412740.exe ,  5.45,  1.74,  1.66,  0.00,  0.19,  219125434,  204105000,   15007000,  233062845, c++, elite, mult, 8
1420625.exe ,  4.29,  1.35,  1.28,  0.00,  0.18,  169237468,  141099000,   28019000,  183895657, c++, elite, mult, 8
1420625.exe ,  4.26,  1.34,  1.26,  0.00,  0.18,  168436273,  136354000,   32083000,  183323001, c++, elite, mult, 8
1420625.exe ,  4.42,  1.35,  1.28,  0.00,  0.18,  170201429,  149287000,   20900000,  184595398, c++, elite, mult, 8
1420625.exe ,  4.33,  1.35,  1.28,  0.00,  0.18,  169974178,  141727000,   28144000,  183859589, c++, elite, mult, 8
1420625.exe ,  4.26,  1.34,  1.27,  0.00,  0.18,  169117388,  144071000,   25012000,  183311024, c++, elite, mult, 8
1420625.exe ,  4.32,  1.35,  1.27,  0.00,  0.18,  168505748,  149437000,   19055000,  182338621, c++, elite, mult, 8
1420625.exe ,  4.25,  1.34,  1.26,  0.00,  0.18,  169945339,  145945000,   23991000,  183789601, c++, elite, mult, 8
1420625.exe ,  4.42,  1.35,  1.27,  0.00,  0.18,  168884493,  145046000,   23843000,  182374022, c++, elite, mult, 8
1420625.exe ,  4.30,  1.34,  1.27,  0.00,  0.18,  169461997,  138548000,   30899000,  183076447, c++, elite, mult, 8
1420625.exe ,  4.34,  1.36,  1.28,  0.00,  0.18,  170138838,  149105000,   21014000,  184284990, c++, elite, mult, 8
1661747.exe ,  5.02,  1.59,  1.52,  0.00,  0.16,  200702217,  187707000,   12979000,  214279944, c++, elite, mult, 8
1661747.exe ,  4.95,  1.59,  1.52,  0.00,  0.16,  200315096,  191205000,    9009000,  214050419, c++, elite, mult, 8
1661747.exe ,  5.08,  1.60,  1.52,  0.00,  0.16,  201015585,  189886000,   10993000,  215010162, c++, elite, mult, 8
1661747.exe ,  4.96,  1.60,  1.52,  0.00,  0.16,  200308000,  184346000,   15943000,  214260359, c++, elite, mult, 8
1661747.exe ,  5.22,  1.61,  1.53,  0.00,  0.16,  201260756,  184207000,   17019000,  215100651, c++, elite, mult, 8
1661747.exe ,  4.96,  1.59,  1.52,  0.00,  0.16,  200215246,  186178000,   14013000,  214368355, c++, elite, mult, 8
1661747.exe ,  5.06,  1.59,  1.51,  0.00,  0.16,  199220439,  188169000,   11009000,  213320281, c++, elite, mult, 8
1661747.exe ,  4.94,  1.58,  1.51,  0.00,  0.16,  199435594,  190354000,    9016000,  213219179, c++, elite, mult, 8
1661747.exe ,  5.07,  1.60,  1.53,  0.00,  0.16,  201363172,  186319000,   15025000,  215376767, c++, elite, mult, 8
1661747.exe ,  5.06,  1.58,  1.51,  0.00,  0.16,  199436510,  189450000,    9971000,  213429917, c++, elite, mult, 8
1738849.exe ,  3.14,  0.97,  0.92,  0.00,  0.12,  122875967,  109885000,   12986000,  137692059, c++, elite, mult, 8
1738849.exe ,  3.12,  0.96,  0.91,  0.00,  0.12,  120884490,  107891000,   12986000,  134794439, c++, elite, mult, 8
1738849.exe ,  3.09,  0.97,  0.92,  0.00,  0.12,  121578997,  105493000,   16075000,  135175230, c++, elite, mult, 8
1738849.exe ,  3.06,  0.96,  0.91,  0.00,  0.12,  120769509,  111774000,    8981000,  135024827, c++, elite, mult, 8
1738849.exe ,  3.27,  0.97,  0.92,  0.00,  0.12,  122210866,  105248000,   16879000,  135841073, c++, elite, mult, 8
1738849.exe ,  3.08,  0.96,  0.91,  0.00,  0.12,  121119877,  107103000,   14013000,  134824618, c++, elite, mult, 8
1738849.exe ,  3.08,  0.95,  0.91,  0.00,  0.12,  121109757,  110040000,   11004000,  135441824, c++, elite, mult, 8
1738849.exe ,  3.14,  0.97,  0.92,  0.00,  0.12,  121786724,  106701000,   14958000,  135759471, c++, elite, mult, 8
1738849.exe ,  3.11,  0.97,  0.92,  0.00,  0.12,  121384639,  106271000,   15038000,  135309665, c++, elite, mult, 8
1738849.exe ,  3.06,  0.96,  0.91,  0.00,  0.12,  121103368,  110084000,   11008000,  134868148, c++, elite, mult, 8
1836986.exe ,  2.93,  0.91,  0.87,  0.00,  0.10,  113988718,  106922000,    6994000,  128213034, c++, elite, mult, 8
1836986.exe ,  2.88,  0.91,  0.86,  0.00,  0.10,  113900671,  104897000,    8991000,  127660777, c++, elite, mult, 8
1836986.exe ,  2.88,  0.91,  0.87,  0.00,  0.10,  114535004,  110506000,    4018000,  128158872, c++, elite, mult, 8
1836986.exe ,  2.99,  0.91,  0.87,  0.00,  0.10,  114112997,  109103000,    5004000,  127497381, c++, elite, mult, 8
1836986.exe ,  2.87,  0.90,  0.85,  0.00,  0.10,  112596290,  103613000,    8966000,  126523898, c++, elite, mult, 8
1836986.exe ,  2.85,  0.90,  0.85,  0.00,  0.10,  112762651,  106713000,    6040000,  126929151, c++, elite, mult, 8
1836986.exe ,  2.97,  0.91,  0.87,  0.00,  0.10,  114300568,  109309000,    4968000,  128065584, c++, elite, mult, 8
1836986.exe ,  2.99,  0.91,  0.86,  0.00,  0.10,  113237001,  107202000,    6011000,  127609097, c++, elite, mult, 8
1836986.exe ,  2.98,  0.93,  0.88,  0.00,  0.11,  116098241,  109089000,    7005000,  129383528, c++, elite, mult, 8
1836986.exe ,  2.88,  0.91,  0.87,  0.00,  0.10,  114308946,  107280000,    7018000,  128322822, c++, elite, mult, 8
1867909.exe ,  2.85,  0.87,  0.83,  0.00,  0.10,  109180155,  100147000,    9013000,  123812401, c++, elite, mult, 8
1867909.exe ,  2.78,  0.87,  0.83,  0.00,  0.10,  109645463,   96668000,   12955000,  123536056, c++, elite, mult, 8
1867909.exe ,  2.78,  0.86,  0.81,  0.00,  0.10,  109495983,   94558000,   14930000,  122945880, c++, elite, mult, 8
1867909.exe ,  2.87,  0.87,  0.83,  0.00,  0.10,  109695234,   96593000,   13080000,  123422975, c++, elite, mult, 8
1867909.exe ,  2.85,  0.88,  0.83,  0.00,  0.10,  109831422,   95842000,   13976000,  123345266, c++, elite, mult, 8
1867909.exe ,  2.79,  0.87,  0.82,  0.00,  0.10,  109040483,   98022000,   11002000,  122537124, c++, elite, mult, 8
1867909.exe ,  2.87,  0.87,  0.83,  0.00,  0.10,  109366538,   95304000,   14044000,  122850419, c++, elite, mult, 8
1867909.exe ,  2.93,  0.87,  0.82,  0.00,  0.10,  108721253,  101712000,    6980000,  122645307, c++, elite, mult, 8
1867909.exe ,  2.78,  0.87,  0.83,  0.00,  0.10,  108881208,   97986000,   10887000,  122731643, c++, elite, mult, 8
1867909.exe ,  2.75,  0.86,  0.82,  0.00,  0.10,  108735783,   95686000,   12957000,  122194227, c++, elite, mult, 8
199194.exe  ,  5.28,  1.60,  1.53,  0.00,  0.16,  203675728,  194625000,    8982000,  218579114, c++, elite, mult, 8
199194.exe  ,  5.05,  1.61,  1.53,  0.00,  0.16,  202587695,  189558000,   13038000,  216374508, c++, elite, mult, 8
199194.exe  ,  5.18,  1.60,  1.52,  0.00,  0.16,  200569631,  189500000,   10971000,  214121673, c++, elite, mult, 8
199194.exe  ,  5.04,  1.59,  1.51,  0.00,  0.16,  201825968,  194824000,    6993000,  216548027, c++, elite, mult, 8
199194.exe  ,  5.21,  1.62,  1.53,  0.00,  0.16,  202677193,  193588000,    8980000,  216482382, c++, elite, mult, 8
199194.exe  ,  4.99,  1.58,  1.51,  0.00,  0.16,  199597091,  187608000,   11975000,  214113356, c++, elite, mult, 8
199194.exe  ,  5.03,  1.59,  1.51,  0.00,  0.16,  199806489,  188743000,   11043000,  213443277, c++, elite, mult, 8
199194.exe  ,  5.23,  1.59,  1.52,  0.00,  0.16,  199996492,  186984000,   12998000,  213653929, c++, elite, mult, 8
199194.exe  ,  5.09,  1.59,  1.52,  0.00,  0.16,  200589088,  190577000,    9977000,  214317536, c++, elite, mult, 8
199194.exe  ,  5.17,  1.60,  1.52,  0.00,  0.16,  200423085,  190431000,    9970000,  214179368, c++, elite, mult, 8
2010138.exe ,  3.29,  1.02,  0.96,  0.00,  0.12,  127307609,  119163000,    8010000,  141263733, c++, elite, mult, 8
2010138.exe ,  3.39,  1.00,  0.95,  0.00,  0.12,  126615163,  120618000,    5981000,  140379959, c++, elite, mult, 8
2010138.exe ,  3.24,  1.00,  0.96,  0.00,  0.12,  126344542,  117361000,    8951000,  140322280, c++, elite, mult, 8
2010138.exe ,  3.23,  1.00,  0.96,  0.00,  0.12,  126601178,  119615000,    6977000,  140006222, c++, elite, mult, 8
2010138.exe ,  3.26,  1.00,  0.94,  0.00,  0.12,  125852708,  118855000,    6991000,  139538853, c++, elite, mult, 8
2010138.exe ,  3.25,  1.01,  0.96,  0.00,  0.12,  125947567,  118941000,    6996000,  140031007, c++, elite, mult, 8
2010138.exe ,  3.26,  1.00,  0.96,  0.00,  0.12,  125896855,  120887000,    4995000,  140183426, c++, elite, mult, 8
2010138.exe ,  3.24,  1.01,  0.96,  0.00,  0.12,  127199465,  119097000,    8006000,  140806866, c++, elite, mult, 8
2010138.exe ,  3.35,  1.00,  0.95,  0.00,  0.12,  126337575,  118369000,    7957000,  139942230, c++, elite, mult, 8
2010138.exe ,  3.20,  0.99,  0.95,  0.00,  0.12,  125462717,  119422000,    6021000,  139177594, c++, elite, mult, 8
2026322.exe ,  5.21,  1.59,  1.51,  0.00,  0.16,  199293658,  184234000,   15019000,  213238786, c++, elite, mult, 8
2026322.exe ,  5.04,  1.58,  1.51,  0.00,  0.16,  199045345,  186019000,   13001000,  213266588, c++, elite, mult, 8
2026322.exe ,  5.07,  1.60,  1.52,  0.00,  0.16,  201255275,  193273000,    7970000,  215619461, c++, elite, mult, 8
2026322.exe ,  5.14,  1.60,  1.52,  0.00,  0.16,  200545460,  192506000,    8021000,  214356053, c++, elite, mult, 8
2026322.exe ,  5.05,  1.60,  1.52,  0.00,  0.16,  200481504,  187450000,   12961000,  214615563, c++, elite, mult, 8
2026322.exe ,  5.16,  1.59,  1.52,  0.00,  0.16,  199205520,  190177000,    9008000,  213874792, c++, elite, mult, 8
2026322.exe ,  5.04,  1.60,  1.53,  0.00,  0.16,  201162016,  189146000,   12009000,  214917822, c++, elite, mult, 8
2026322.exe ,  5.15,  1.59,  1.51,  0.00,  0.16,  199632474,  187545000,   12035000,  213485723, c++, elite, mult, 8
2026322.exe ,  5.06,  1.61,  1.53,  0.00,  0.16,  201712251,  188716000,   12980000,  216130948, c++, elite, mult, 8
2026322.exe ,  5.05,  1.61,  1.53,  0.00,  0.16,  201973039,  192959000,    8998000,  215922402, c++, elite, mult, 8
2065049.exe ,  4.58,  1.46,  1.40,  0.00,  0.14,  184497075,  173443000,   11028000,  198395948, c++, elite, mult, 8
2065049.exe ,  4.48,  1.44,  1.37,  0.00,  0.14,  180213400,  172208000,    7963000,  194468611, c++, elite, mult, 8
2065049.exe ,  4.65,  1.44,  1.37,  0.00,  0.14,  180586292,  168600000,   11971000,  194116379, c++, elite, mult, 8
2065049.exe ,  4.70,  1.46,  1.39,  0.00,  0.14,  183889146,  168975000,   14909000,  197861715, c++, elite, mult, 8
2065049.exe ,  4.58,  1.44,  1.37,  0.00,  0.14,  180549919,  166511000,   13959000,  194461797, c++, elite, mult, 8
2065049.exe ,  4.55,  1.43,  1.36,  0.00,  0.14,  180190459,  161161000,   19019000,  194093180, c++, elite, mult, 8
2065049.exe ,  4.47,  1.43,  1.37,  0.00,  0.14,  180729686,  166629000,   14053000,  194615499, c++, elite, mult, 8
2065049.exe ,  4.73,  1.46,  1.38,  0.00,  0.14,  182638185,  164657000,   17962000,  196643644, c++, elite, mult, 8
2065049.exe ,  4.60,  1.47,  1.39,  0.00,  0.14,  185301948,  170249000,   15021000,  199248711, c++, elite, mult, 8
2065049.exe ,  4.61,  1.45,  1.38,  0.00,  0.14,  182005696,  166994000,   14999000,  195868231, c++, elite, mult, 8
2121340.exe ,  4.81,  1.52,  1.44,  0.00,  0.15,  190836544,  172822000,   17981000,  205080797, c++, elite, mult, 8
2121340.exe ,  4.88,  1.51,  1.44,  0.00,  0.15,  189844060,  179749000,   10041000,  203661336, c++, elite, mult, 8
2121340.exe ,  4.68,  1.51,  1.43,  0.00,  0.15,  188424632,  168434000,   19933000,  202971399, c++, elite, mult, 8
2121340.exe ,  4.68,  1.49,  1.42,  0.00,  0.15,  188181146,  172130000,   16012000,  202140498, c++, elite, mult, 8
2121340.exe ,  4.91,  1.52,  1.44,  0.00,  0.15,  190029307,  177997000,   11999000,  203925856, c++, elite, mult, 8
2121340.exe ,  4.69,  1.49,  1.42,  0.00,  0.15,  189009515,  172917000,   15992000,  204263096, c++, elite, mult, 8
2121340.exe ,  4.95,  1.53,  1.46,  0.00,  0.15,  191998381,  178981000,   12998000,  205607338, c++, elite, mult, 8
2121340.exe ,  4.76,  1.51,  1.44,  0.00,  0.15,  189678938,  174633000,   14968000,  203532907, c++, elite, mult, 8
2121340.exe ,  4.77,  1.50,  1.43,  0.00,  0.15,  188985510,  173978000,   14998000,  202833687, c++, elite, mult, 8
2121340.exe ,  4.84,  1.51,  1.44,  0.00,  0.15,  189719808,  176669000,   12975000,  203560741, c++, elite, mult, 8
2143171.exe ,  2.81,  0.85,  0.81,  0.00,  0.10,  108569930,   90469000,   18093000,  123475462, c++, elite, mult, 8
2143171.exe ,  2.74,  0.86,  0.82,  0.00,  0.10,  108138982,   91214000,   16854000,  121910619, c++, elite, mult, 8
2143171.exe ,  2.75,  0.86,  0.82,  0.00,  0.10,  108085297,   94067000,   14010000,  121724434, c++, elite, mult, 8
2143171.exe ,  2.74,  0.85,  0.81,  0.00,  0.10,  108299433,   94245000,   14036000,  122062892, c++, elite, mult, 8
2143171.exe ,  2.89,  0.85,  0.81,  0.00,  0.10,  108473650,   98340000,   10034000,  123309017, c++, elite, mult, 8
2143171.exe ,  2.83,  0.87,  0.82,  0.00,  0.10,  108147343,   98117000,   10011000,  121955699, c++, elite, mult, 8
2143171.exe ,  2.73,  0.86,  0.82,  0.00,  0.10,  108368413,   96143000,   11894000,  122216844, c++, elite, mult, 8
2143171.exe ,  2.74,  0.86,  0.82,  0.00,  0.10,  107944468,   94940000,   12991000,  122177405, c++, elite, mult, 8
2143171.exe ,  2.86,  0.85,  0.81,  0.00,  0.10,  106815460,   88033000,   18793000,  120843946, c++, elite, mult, 8
2143171.exe ,  2.75,  0.85,  0.80,  0.00,  0.10,  108399914,   98449000,    9944000,  121824530, c++, elite, mult, 8
2183639.exe ,  3.06,  0.96,  0.91,  0.00,  0.11,  120141068,  110064000,   10005000,  134067070, c++, elite, mult, 8
2183639.exe ,  3.11,  0.96,  0.92,  0.00,  0.11,  121260189,  115170000,    6008000,  135219873, c++, elite, mult, 8
2183639.exe ,  3.08,  0.96,  0.91,  0.00,  0.11,  121187712,  111239000,    9932000,  135125072, c++, elite, mult, 8
2183639.exe ,  3.05,  0.96,  0.92,  0.00,  0.11,  121495168,  110438000,   11043000,  135174956, c++, elite, mult, 8
2183639.exe ,  3.22,  0.96,  0.91,  0.00,  0.11,  120570653,  113577000,    6974000,  134406953, c++, elite, mult, 8
2183639.exe ,  3.09,  0.96,  0.92,  0.00,  0.11,  122456833,  110379000,   12041000,  137323680, c++, elite, mult, 8
2183639.exe ,  3.07,  0.96,  0.91,  0.00,  0.11,  120798539,  113797000,    6987000,  134626005, c++, elite, mult, 8
2183639.exe ,  3.07,  0.95,  0.91,  0.00,  0.11,  120714114,  112661000,    8047000,  134557551, c++, elite, mult, 8
2183639.exe ,  3.11,  0.97,  0.92,  0.00,  0.11,  120612232,  112553000,    8039000,  134736528, c++, elite, mult, 8
2183639.exe ,  3.05,  0.96,  0.91,  0.00,  0.11,  120093740,  113079000,    7004000,  134302630, c++, elite, mult, 8
2186188.exe ,  5.47,  1.73,  1.65,  0.00,  0.18,  218236329,  203292000,   14947000,  233575505, c++, elite, mult, 8
2186188.exe ,  5.40,  1.73,  1.65,  0.00,  0.18,  217613925,  202563000,   15041000,  231585721, c++, elite, mult, 8
2186188.exe ,  5.73,  1.75,  1.66,  0.00,  0.18,  219975213,  207963000,   11997000,  233751886, c++, elite, mult, 8
2186188.exe ,  5.47,  1.75,  1.66,  0.00,  0.18,  219956305,  199884000,   19988000,  233948754, c++, elite, mult, 8
2186188.exe ,  5.57,  1.73,  1.64,  0.00,  0.18,  217212560,  199270000,   17934000,  231651909, c++, elite, mult, 8
2186188.exe ,  5.39,  1.73,  1.65,  0.00,  0.18,  217396948,  202362000,   15026000,  231250479, c++, elite, mult, 8
2186188.exe ,  5.61,  1.73,  1.65,  0.00,  0.18,  217269389,  203234000,   14016000,  231343827, c++, elite, mult, 8
2186188.exe ,  5.43,  1.74,  1.66,  0.00,  0.18,  218952217,  206940000,   11996000,  232917974, c++, elite, mult, 8
2186188.exe ,  5.48,  1.73,  1.64,  0.00,  0.18,  217925039,  201918000,   15993000,  232114706, c++, elite, mult, 8
2186188.exe ,  5.45,  1.74,  1.64,  0.00,  0.18,  217309837,  194373000,   22926000,  231126796, c++, elite, mult, 8
2359897.exe ,  2.89,  0.91,  0.86,  0.00,  0.10,  114893557,  111872000,    3023000,  128444321, c++, elite, mult, 8
2359897.exe ,  2.96,  0.91,  0.87,  0.00,  0.10,  114557101,  108571000,    5976000,  128034707, c++, elite, mult, 8
2359897.exe ,  2.88,  0.91,  0.87,  0.00,  0.10,  115251465,  108224000,    7014000,  128787120, c++, elite, mult, 8
2359897.exe ,  2.89,  0.92,  0.87,  0.00,  0.10,  114481787,  105500000,    8957000,  128204652, c++, elite, mult, 8
2359897.exe ,  2.96,  0.91,  0.87,  0.00,  0.10,  114511621,  109405000,    5018000,  128061042, c++, elite, mult, 8
2359897.exe ,  2.90,  0.92,  0.87,  0.00,  0.10,  114969563,  108874000,    5993000,  128824430, c++, elite, mult, 8
2359897.exe ,  2.89,  0.91,  0.87,  0.00,  0.10,  115255169,  110216000,    4964000,  128944902, c++, elite, mult, 8
2359897.exe ,  2.91,  0.91,  0.87,  0.00,  0.10,  114772172,  107779000,    6985000,  128782417, c++, elite, mult, 8
2359897.exe ,  3.06,  0.92,  0.88,  0.00,  0.10,  115469763,  107408000,    7956000,  129351734, c++, elite, mult, 8
2359897.exe ,  2.86,  0.90,  0.86,  0.00,  0.10,  114092319,  104071000,   10006000,  128214379, c++, elite, mult, 8
2401365.exe ,  3.07,  0.95,  0.90,  0.00,  0.11,  118418351,  102478000,   15919000,  132576578, c++, elite, mult, 8
2401365.exe ,  3.08,  0.94,  0.89,  0.00,  0.12,  120449488,  115423000,    5018000,  134805889, c++, elite, mult, 8
2401365.exe ,  3.00,  0.94,  0.89,  0.00,  0.12,  117778448,  109786000,    7984000,  131891289, c++, elite, mult, 8
2401365.exe ,  3.03,  0.93,  0.88,  0.00,  0.11,  116928456,  105936000,   10993000,  130679105, c++, elite, mult, 8
2401365.exe ,  3.23,  0.94,  0.89,  0.00,  0.11,  117980756,  106908000,   10990000,  131469931, c++, elite, mult, 8
2401365.exe ,  2.98,  0.89,  0.85,  0.00,  0.11,  120814635,  110696000,   10063000,  136321224, c++, elite, mult, 8
2401365.exe ,  2.98,  0.94,  0.89,  0.00,  0.11,  117245411,  103135000,   14018000,  131012607, c++, elite, mult, 8
2401365.exe ,  3.04,  0.91,  0.87,  0.00,  0.12,  119604756,  109645000,    9967000,  134561591, c++, elite, mult, 8
2401365.exe ,  3.05,  0.95,  0.90,  0.00,  0.12,  118883815,  103877000,   14982000,  132454704, c++, elite, mult, 8
2401365.exe ,  3.00,  0.92,  0.87,  0.00,  0.12,  119389704,  106346000,   13042000,  134269766, c++, elite, mult, 8
2434801.exe ,  3.38,  1.02,  0.96,  0.00,  0.12,  127552447,  110585000,   16936000,  141252436, c++, elite, mult, 8
2434801.exe ,  3.27,  1.02,  0.97,  0.00,  0.12,  129162819,  118142000,   11013000,  143007355, c++, elite, mult, 8
2434801.exe ,  3.22,  1.01,  0.96,  0.00,  0.12,  127429115,  115473000,   11945000,  140964512, c++, elite, mult, 8
2434801.exe ,  3.35,  1.01,  0.96,  0.00,  0.12,  127346009,  114304000,   13034000,  141228386, c++, elite, mult, 8
2434801.exe ,  3.25,  1.02,  0.96,  0.00,  0.12,  126909778,  112906000,   13988000,  141455109, c++, elite, mult, 8
2434801.exe ,  3.24,  1.01,  0.96,  0.00,  0.12,  126937679,  111933000,   14991000,  140704980, c++, elite, mult, 8
2434801.exe ,  3.33,  1.02,  0.97,  0.00,  0.12,  127998454,  123981000,    3999000,  142555266, c++, elite, mult, 8
2434801.exe ,  3.36,  1.03,  0.98,  0.00,  0.12,  129387852,  117411000,   11940000,  143047498, c++, elite, mult, 8
2434801.exe ,  3.26,  1.02,  0.97,  0.00,  0.12,  128350288,  113296000,   15039000,  142271273, c++, elite, mult, 8
2434801.exe ,  3.27,  1.00,  0.96,  0.00,  0.12,  128268314,  118179000,   10015000,  143136002, c++, elite, mult, 8
2449204.exe ,  3.46,  1.05,  1.00,  0.00,  0.13,  132497320,  113400000,   19067000,  146303083, c++, elite, mult, 8
2449204.exe ,  3.32,  1.03,  0.98,  0.00,  0.12,  129888834,  116869000,   12985000,  143900939, c++, elite, mult, 8
2449204.exe ,  3.40,  1.03,  0.98,  0.00,  0.13,  129861365,  117849000,   11984000,  143242351, c++, elite, mult, 8
2449204.exe ,  3.41,  1.04,  0.99,  0.00,  0.13,  130886081,  117752000,   13083000,  144394892, c++, elite, mult, 8
2449204.exe ,  3.30,  1.04,  0.99,  0.00,  0.13,  131074774,  117068000,   14008000,  144907245, c++, elite, mult, 8
2449204.exe ,  3.28,  1.04,  0.99,  0.00,  0.13,  130344460,  116290000,   14035000,  144276768, c++, elite, mult, 8
2449204.exe ,  3.36,  1.04,  0.98,  0.00,  0.13,  129861996,  115858000,   13982000,  144234941, c++, elite, mult, 8
2449204.exe ,  3.31,  1.04,  0.99,  0.00,  0.12,  130197324,  113155000,   17023000,  144203773, c++, elite, mult, 8
2449204.exe ,  3.31,  1.04,  0.99,  0.00,  0.13,  130614464,  112654000,   17944000,  144396843, c++, elite, mult, 8
2449204.exe ,  3.44,  1.03,  0.98,  0.00,  0.12,  130111395,  114088000,   16012000,  144031333, c++, elite, mult, 8
2484484.exe ,  3.95,  1.22,  1.15,  0.00,  0.16,  155128225,  140213000,   14916000,  169994977, c++, elite, mult, 8
2484484.exe ,  3.97,  1.22,  1.16,  0.00,  0.16,  153619992,  128682000,   24938000,  167248408, c++, elite, mult, 8
2484484.exe ,  3.94,  1.23,  1.17,  0.00,  0.16,  155448944,  133378000,   22062000,  169319652, c++, elite, mult, 8
2484484.exe ,  3.97,  1.23,  1.16,  0.00,  0.16,  153917114,  141840000,   12071000,  167933295, c++, elite, mult, 8
2484484.exe ,  4.02,  1.23,  1.16,  0.00,  0.16,  154044199,  132015000,   22002000,  168356159, c++, elite, mult, 8
2484484.exe ,  4.03,  1.23,  1.16,  0.00,  0.16,  154999234,  139844000,   14983000,  169344262, c++, elite, mult, 8
2484484.exe ,  4.19,  1.28,  1.22,  0.00,  0.16,  161181423,  144148000,   17017000,  175122122, c++, elite, mult, 8
2484484.exe ,  3.94,  1.23,  1.16,  0.00,  0.16,  154093871,  137074000,   17009000,  167747935, c++, elite, mult, 8
2484484.exe ,  3.98,  1.22,  1.16,  0.00,  0.16,  154491012,  135418000,   19058000,  168646950, c++, elite, mult, 8
2484484.exe ,  4.04,  1.22,  1.16,  0.00,  0.16,  154050213,  137142000,   16894000,  167880626, c++, elite, mult, 8
2555671.exe ,  3.83,  1.19,  1.13,  0.00,  0.15,  151511245,  135337000,   16039000,  165865796, c++, elite, mult, 8
2555671.exe ,  4.01,  1.18,  1.12,  0.00,  0.15,  153741767,  135724000,   17963000,  168590246, c++, elite, mult, 8
2555671.exe ,  3.95,  1.19,  1.13,  0.00,  0.15,  152881404,  128878000,   23977000,  167319647, c++, elite, mult, 8
2555671.exe ,  3.87,  1.21,  1.15,  0.00,  0.15,  151996808,  131975000,   19996000,  165792057, c++, elite, mult, 8
2555671.exe ,  3.97,  1.20,  1.14,  0.00,  0.15,  150623348,  135647000,   14961000,  164462780, c++, elite, mult, 8
2555671.exe ,  3.82,  1.19,  1.14,  0.00,  0.15,  150400192,  128465000,   21908000,  164494311, c++, elite, mult, 8
2555671.exe ,  3.89,  1.19,  1.12,  0.00,  0.15,  152089055,  138047000,   14004000,  166438623, c++, elite, mult, 8
2555671.exe ,  4.11,  1.21,  1.15,  0.00,  0.15,  152070184,  140896000,   10991000,  166641937, c++, elite, mult, 8
2555671.exe ,  3.85,  1.21,  1.15,  0.00,  0.15,  151922303,  134863000,   16982000,  165862966, c++, elite, mult, 8
2555671.exe ,  3.86,  1.20,  1.14,  0.00,  0.15,  151034960,  130024000,   21003000,  164418887, c++, elite, mult, 8
2661841.exe ,  4.78,  1.49,  1.42,  0.00,  0.15,  187144263,  167206000,   19905000,  201018435, c++, elite, mult, 8
2661841.exe ,  4.77,  1.49,  1.42,  0.00,  0.15,  187404767,  175362000,   12024000,  201785978, c++, elite, mult, 8
2661841.exe ,  4.91,  1.49,  1.42,  0.00,  0.15,  187152046,  166124000,   21015000,  201145655, c++, elite, mult, 8
2661841.exe ,  4.85,  1.50,  1.43,  0.00,  0.15,  188142764,  172037000,   16003000,  202220726, c++, elite, mult, 8
2661841.exe ,  4.83,  1.49,  1.42,  0.00,  0.15,  186904125,  164029000,   22864000,  201199584, c++, elite, mult, 8
2661841.exe ,  4.78,  1.50,  1.43,  0.00,  0.15,  188142846,  172114000,   16010000,  202897274, c++, elite, mult, 8
2661841.exe ,  4.91,  1.51,  1.43,  0.00,  0.15,  188646102,  174598000,   14048000,  202098722, c++, elite, mult, 8
2661841.exe ,  5.05,  1.50,  1.43,  0.00,  0.15,  188697811,  171698000,   16970000,  202277290, c++, elite, mult, 8
2661841.exe ,  4.85,  1.52,  1.45,  0.00,  0.15,  191081927,  181978000,    8998000,  204948438, c++, elite, mult, 8
2661841.exe ,  4.92,  1.49,  1.42,  0.00,  0.15,  187141121,  166129000,   21016000,  201039953, c++, elite, mult, 8
2770690.exe ,  3.30,  1.03,  0.99,  0.00,  0.13,  130531319,  121461000,    9034000,  144430928, c++, elite, mult, 8
2770690.exe ,  3.32,  1.04,  0.98,  0.00,  0.13,  130694305,  119633000,   11058000,  145054949, c++, elite, mult, 8
2770690.exe ,  3.49,  1.05,  1.00,  0.00,  0.13,  131701237,  116711000,   14962000,  145214393, c++, elite, mult, 8
2770690.exe ,  3.35,  1.04,  0.99,  0.00,  0.13,  131026810,  117017000,   14002000,  144788975, c++, elite, mult, 8
2770690.exe ,  3.34,  1.05,  1.00,  0.00,  0.12,  131475878,  118345000,   13038000,  145337765, c++, elite, mult, 8
2770690.exe ,  3.52,  1.05,  1.00,  0.00,  0.13,  132125060,  121102000,   11009000,  146103799, c++, elite, mult, 8
2770690.exe ,  3.31,  1.04,  0.99,  0.00,  0.12,  129650994,  116674000,   12963000,  143907991, c++, elite, mult, 8
2770690.exe ,  3.34,  1.04,  0.99,  0.00,  0.13,  130586869,  111553000,   18924000,  144401842, c++, elite, mult, 8
2770690.exe ,  3.40,  1.03,  0.98,  0.00,  0.13,  130580060,  120598000,    9966000,  144586834, c++, elite, mult, 8
2770690.exe ,  3.34,  1.04,  0.99,  0.00,  0.13,  130799768,  119715000,   11066000,  144412695, c++, elite, mult, 8
2919030.exe ,  7.23,  2.25,  2.15,  0.00,  0.24,  283552241,  268437000,   15024000,  297582611, c++, elite, mult, 8
2919030.exe ,  7.03,  2.23,  2.12,  0.00,  0.24,  280820044,  260811000,   19985000,  294250559, c++, elite, mult, 8
2919030.exe ,  7.25,  2.25,  2.15,  0.00,  0.24,  283247850,  271173000,   12007000,  296919155, c++, elite, mult, 8
2919030.exe ,  7.06,  2.23,  2.12,  0.00,  0.24,  280055749,  265027000,   15001000,  293884930, c++, elite, mult, 8
2919030.exe ,  7.09,  2.22,  2.11,  0.00,  0.24,  278738716,  264738000,   13986000,  292769060, c++, elite, mult, 8
2919030.exe ,  7.13,  2.24,  2.14,  0.00,  0.24,  282829144,  266822000,   15989000,  296822278, c++, elite, mult, 8
2919030.exe ,  6.96,  2.22,  2.12,  0.00,  0.24,  279811754,  260804000,   18985000,  293512139, c++, elite, mult, 8
2919030.exe ,  7.21,  2.25,  2.14,  0.00,  0.24,  283181122,  263123000,   20009000,  296967246, c++, elite, mult, 8
2919030.exe ,  6.94,  2.22,  2.12,  0.00,  0.24,  279774746,  263765000,   15985000,  294142922, c++, elite, mult, 8
2919030.exe ,  7.22,  2.24,  2.13,  0.00,  0.24,  281070550,  263043000,   18002000,  295493266, c++, elite, mult, 8
3018156.exe ,  3.88,  1.17,  1.11,  0.00,  0.15,  147567889,  126547000,   20925000,  162032077, c++, elite, mult, 8
3018156.exe ,  3.83,  1.17,  1.10,  0.00,  0.15,  149024836,  130001000,   19000000,  162254843, c++, elite, mult, 8
3018156.exe ,  3.83,  1.18,  1.12,  0.00,  0.15,  147839260,  133835000,   13982000,  161551163, c++, elite, mult, 8
3018156.exe ,  3.88,  1.18,  1.12,  0.00,  0.15,  148256066,  129211000,   19031000,  162122707, c++, elite, mult, 8
3018156.exe ,  3.84,  1.17,  1.11,  0.00,  0.15,  147891615,  132882000,   14986000,  161063920, c++, elite, mult, 8
3018156.exe ,  3.82,  1.18,  1.12,  0.00,  0.15,  147765351,  133670000,   13965000,  161147825, c++, elite, mult, 8
3018156.exe ,  3.94,  1.17,  1.11,  0.00,  0.15,  147021737,  137934000,    8995000,  160817405, c++, elite, mult, 8
3018156.exe ,  3.86,  1.17,  1.11,  0.00,  0.15,  147121783,  131202000,   15903000,  160540562, c++, elite, mult, 8
3018156.exe ,  3.78,  1.17,  1.11,  0.00,  0.15,  147219728,  135196000,   12017000,  160646236, c++, elite, mult, 8
3018156.exe ,  3.82,  1.17,  1.11,  0.00,  0.15,  146672450,  135597000,   11048000,  160456130, c++, elite, mult, 8
3034704.exe ,  4.95,  1.57,  1.50,  0.00,  0.15,  198336017,  184287000,   14021000,  212266272, c++, elite, mult, 8
3034704.exe ,  5.17,  1.57,  1.50,  0.00,  0.15,  198774793,  187699000,   11041000,  213497552, c++, elite, mult, 8
3034704.exe ,  4.93,  1.57,  1.50,  0.00,  0.15,  197672315,  184678000,   12977000,  211540191, c++, elite, mult, 8
3034704.exe ,  5.19,  1.58,  1.50,  0.00,  0.15,  198133909,  187096000,   11005000,  212130257, c++, elite, mult, 8
3034704.exe ,  4.99,  1.57,  1.49,  0.00,  0.15,  197005202,  189941000,    6961000,  210502732, c++, elite, mult, 8
3034704.exe ,  4.99,  1.57,  1.50,  0.00,  0.15,  197094299,  184055000,   13003000,  211000642, c++, elite, mult, 8
3034704.exe ,  5.02,  1.58,  1.50,  0.00,  0.15,  198025843,  182993000,   14999000,  211887377, c++, elite, mult, 8
3034704.exe ,  5.04,  1.58,  1.51,  0.00,  0.15,  198370366,  182328000,   16028000,  212506466, c++, elite, mult, 8
3034704.exe ,  5.12,  1.57,  1.50,  0.00,  0.15,  197245683,  185213000,   12013000,  210974060, c++, elite, mult, 8
3034704.exe ,  5.01,  1.57,  1.50,  0.00,  0.15,  197295523,  183221000,   13940000,  210910418, c++, elite, mult, 8
3166917.exe ,  5.98,  1.89,  1.79,  0.00,  0.21,  237658278,  217682000,   19970000,  251386913, c++, elite, mult, 8
3166917.exe ,  6.03,  1.89,  1.79,  0.00,  0.21,  236965827,  223959000,   12997000,  250768716, c++, elite, mult, 8
3166917.exe ,  6.02,  1.88,  1.78,  0.00,  0.21,  235534292,  214566000,   20957000,  249493138, c++, elite, mult, 8
3166917.exe ,  6.03,  1.89,  1.79,  0.00,  0.21,  237547679,  220554000,   16965000,  251270743, c++, elite, mult, 8
3166917.exe ,  6.10,  1.90,  1.80,  0.00,  0.21,  237910853,  220824000,   16986000,  251682073, c++, elite, mult, 8
3166917.exe ,  6.02,  1.88,  1.79,  0.00,  0.21,  237131177,  219152000,   17930000,  250989701, c++, elite, mult, 8
3166917.exe ,  6.03,  1.87,  1.78,  0.00,  0.21,  235644114,  221649000,   13977000,  249836847, c++, elite, mult, 8
3166917.exe ,  6.03,  1.89,  1.79,  0.00,  0.21,  236939846,  219928000,   16994000,  250996409, c++, elite, mult, 8
3166917.exe ,  6.08,  1.89,  1.79,  0.00,  0.21,  235941135,  220931000,   14995000,  250311365, c++, elite, mult, 8
3166917.exe ,  5.98,  1.88,  1.78,  0.00,  0.21,  237451741,  218336000,   19029000,  252235336, c++, elite, mult, 8
3200505.exe ,  3.07,  0.96,  0.91,  0.00,  0.11,  119916386,  102774000,   17129000,  133660287, c++, elite, mult, 8
3200505.exe ,  3.06,  0.95,  0.90,  0.00,  0.11,  119299415,  104370000,   14910000,  132937148, c++, elite, mult, 8
3200505.exe ,  3.23,  0.95,  0.90,  0.00,  0.11,  119861806,  105801000,   13973000,  133861940, c++, elite, mult, 8
3200505.exe ,  3.10,  0.96,  0.92,  0.00,  0.11,  120402930,  105332000,   15047000,  134609419, c++, elite, mult, 8
3200505.exe ,  3.07,  0.95,  0.90,  0.00,  0.11,  119926443,  101921000,   17986000,  133689507, c++, elite, mult, 8
3200505.exe ,  3.13,  0.95,  0.91,  0.00,  0.11,  121493805,  104544000,   16926000,  135053034, c++, elite, mult, 8
3200505.exe ,  3.16,  0.96,  0.90,  0.00,  0.11,  120222128,  104280000,   15890000,  133896915, c++, elite, mult, 8
3200505.exe ,  3.11,  0.95,  0.90,  0.00,  0.11,  123087200,  108211000,   14891000,  137939686, c++, elite, mult, 8
3200505.exe ,  3.07,  0.96,  0.91,  0.00,  0.11,  119458017,  103525000,   15927000,  133912851, c++, elite, mult, 8
3200505.exe ,  3.22,  0.95,  0.91,  0.00,  0.11,  119903560,  105854000,   13980000,  133720894, c++, elite, mult, 8
3539137.exe ,  3.58,  1.07,  1.02,  0.00,  0.13,  134508220,  118514000,   15934000,  148927418, c++, elite, mult, 8
3539137.exe ,  3.42,  1.07,  1.01,  0.00,  0.13,  135443864,  125396000,   10031000,  148738615, c++, elite, mult, 8
3539137.exe ,  3.48,  1.08,  1.02,  0.00,  0.13,  135218866,  120174000,   15021000,  148621580, c++, elite, mult, 8
3539137.exe ,  3.51,  1.07,  1.02,  0.00,  0.13,  135194145,  123163000,   12015000,  149029518, c++, elite, mult, 8
3539137.exe ,  3.43,  1.07,  1.02,  0.00,  0.13,  134929168,  120938000,   13992000,  148751837, c++, elite, mult, 8
3539137.exe ,  3.46,  1.08,  1.02,  0.00,  0.13,  135563746,  122436000,   13046000,  148828430, c++, elite, mult, 8
3539137.exe ,  3.43,  1.07,  1.02,  0.00,  0.13,  135425849,  125459000,    9957000,  149295972, c++, elite, mult, 8
3539137.exe ,  3.53,  1.09,  1.03,  0.00,  0.14,  135583619,  123524000,   11954000,  149643759, c++, elite, mult, 8
3539137.exe ,  3.47,  1.08,  1.03,  0.00,  0.13,  135772186,  125735000,    9978000,  149282281, c++, elite, mult, 8
3539137.exe ,  3.43,  1.06,  1.01,  0.00,  0.13,  134610760,  117654000,   16950000,  147839047, c++, elite, mult, 8
3587262.exe ,  2.98,  0.93,  0.89,  0.00,  0.11,  117235000,  112207000,    5009000,  131266322, c++, elite, mult, 8
3587262.exe ,  3.06,  0.95,  0.90,  0.00,  0.11,  119307829,  111256000,    8018000,  133017481, c++, elite, mult, 8
3587262.exe ,  3.17,  0.94,  0.90,  0.00,  0.11,  118317836,  110302000,    8022000,  132282561, c++, elite, mult, 8
3587262.exe ,  3.02,  0.94,  0.89,  0.00,  0.11,  118094086,  112085000,    6004000,  132026733, c++, elite, mult, 8
3587262.exe ,  3.00,  0.94,  0.89,  0.00,  0.11,  117903896,  113900000,    3996000,  132089857, c++, elite, mult, 8
3587262.exe ,  2.98,  0.93,  0.89,  0.00,  0.11,  117390480,  110418000,    6963000,  130887104, c++, elite, mult, 8
3587262.exe ,  3.04,  0.93,  0.89,  0.00,  0.11,  118534396,  112535000,    5975000,  132221462, c++, elite, mult, 8
3587262.exe ,  2.98,  0.93,  0.89,  0.00,  0.11,  118698125,  110708000,    7979000,  133087173, c++, elite, mult, 8
3587262.exe ,  3.04,  0.94,  0.90,  0.00,  0.11,  118936585,  109934000,    8994000,  132882927, c++, elite, mult, 8
3587262.exe ,  3.11,  0.93,  0.89,  0.00,  0.11,  117438677,  111395000,    6021000,  131197977, c++, elite, mult, 8
3719646.exe ,  5.16,  1.65,  1.57,  0.00,  0.16,  207211903,  195187000,   12011000,  221588598, c++, elite, mult, 8
3719646.exe ,  5.31,  1.66,  1.58,  0.00,  0.17,  207937574,  195925000,   11995000,  221469340, c++, elite, mult, 8
3719646.exe ,  5.21,  1.66,  1.58,  0.00,  0.17,  208417684,  188462000,   19943000,  221667646, c++, elite, mult, 8
3719646.exe ,  5.32,  1.65,  1.57,  0.00,  0.17,  207181896,  187146000,   20015000,  220980324, c++, elite, mult, 8
3719646.exe ,  5.20,  1.66,  1.57,  0.00,  0.17,  207238346,  190206000,   17018000,  220943742, c++, elite, mult, 8
3719646.exe ,  5.29,  1.66,  1.58,  0.00,  0.16,  206983633,  193048000,   13931000,  221387420, c++, elite, mult, 8
3719646.exe ,  5.15,  1.65,  1.57,  0.00,  0.17,  206957729,  184927000,   21991000,  220800860, c++, elite, mult, 8
3719646.exe ,  5.19,  1.66,  1.58,  0.00,  0.17,  208021241,  191910000,   15992000,  222101903, c++, elite, mult, 8
3719646.exe ,  5.26,  1.65,  1.57,  0.00,  0.17,  207410347,  188447000,   18944000,  221235355, c++, elite, mult, 8
3719646.exe ,  5.14,  1.65,  1.57,  0.00,  0.17,  207183623,  188231000,   18922000,  221303799, c++, elite, mult, 8
3837251.exe ,  2.95,  0.93,  0.88,  0.00,  0.11,  115940469,  108925000,    6995000,  129849563, c++, elite, mult, 8
3837251.exe ,  2.95,  0.92,  0.88,  0.00,  0.11,  116261976,  107215000,    8934000,  130171597, c++, elite, mult, 8
3837251.exe ,  3.11,  0.94,  0.89,  0.00,  0.11,  117991915,  111958000,    5997000,  131902814, c++, elite, mult, 8
3837251.exe ,  3.04,  0.94,  0.89,  0.00,  0.11,  117562661,  106599000,   10958000,  131488114, c++, elite, mult, 8
3837251.exe ,  3.02,  0.93,  0.89,  0.00,  0.11,  117250654,  110210000,    7013000,  131478739, c++, elite, mult, 8
3837251.exe ,  3.02,  0.94,  0.89,  0.00,  0.11,  117824840,  111760000,    5987000,  131185106, c++, elite, mult, 8
3837251.exe ,  3.15,  0.93,  0.89,  0.00,  0.11,  117086776,  113044000,    4001000,  130738720, c++, elite, mult, 8
3837251.exe ,  2.98,  0.92,  0.88,  0.00,  0.11,  116602821,  107619000,    8968000,  130685054, c++, elite, mult, 8
3837251.exe ,  2.97,  0.92,  0.88,  0.00,  0.11,  116841168,  109778000,    7050000,  130706368, c++, elite, mult, 8
3837251.exe ,  2.97,  0.93,  0.88,  0.00,  0.11,  116430114,  109312000,    7020000,  129882650, c++, elite, mult, 8
3846270.exe ,  3.01,  0.95,  0.90,  0.00,  0.11,  118708410,  102733000,   15958000,  133046176, c++, elite, mult, 8
3846270.exe ,  3.09,  0.95,  0.90,  0.00,  0.11,  119318562,  101226000,   18040000,  133154066, c++, elite, mult, 8
3846270.exe ,  3.14,  0.94,  0.90,  0.00,  0.11,  118607163,  111534000,    7033000,  133193628, c++, elite, mult, 8
3846270.exe ,  3.02,  0.95,  0.90,  0.00,  0.11,  119408449,  108452000,   10944000,  133355346, c++, elite, mult, 8
3846270.exe ,  3.04,  0.94,  0.90,  0.00,  0.11,  120616366,  104661000,   15948000,  134604501, c++, elite, mult, 8
3846270.exe ,  3.13,  0.95,  0.90,  0.00,  0.11,  119329746,  109281000,   10025000,  133198057, c++, elite, mult, 8
3846270.exe ,  3.05,  0.94,  0.88,  0.00,  0.11,  120372093,  104300000,   16046000,  133931280, c++, elite, mult, 8
3846270.exe ,  3.00,  0.94,  0.90,  0.00,  0.11,  118573689,  102620000,   15941000,  133232090, c++, elite, mult, 8
3846270.exe ,  3.02,  0.94,  0.90,  0.00,  0.11,  119091760,  108024000,   11002000,  133214177, c++, elite, mult, 8
3846270.exe ,  3.18,  0.96,  0.91,  0.00,  0.11,  119855717,  106649000,   13079000,  133446865, c++, elite, mult, 8
4073298.exe ,  3.16,  0.99,  0.94,  0.00,  0.12,  126224473,  118196000,    8013000,  139918484, c++, elite, mult, 8
4073298.exe ,  3.23,  0.98,  0.94,  0.00,  0.12,  124287007,  114339000,    9942000,  138081641, c++, elite, mult, 8
4073298.exe ,  3.16,  1.00,  0.95,  0.00,  0.12,  124927179,  113893000,   10989000,  138416879, c++, elite, mult, 8
4073298.exe ,  3.17,  0.99,  0.94,  0.00,  0.12,  126080464,  106053000,   20010000,  139508597, c++, elite, mult, 8
4073298.exe ,  3.18,  1.01,  0.96,  0.00,  0.12,  125756472,  114661000,   11063000,  139884100, c++, elite, mult, 8
4073298.exe ,  3.27,  0.99,  0.95,  0.00,  0.12,  124909607,  111807000,   13094000,  138522419, c++, elite, mult, 8
4073298.exe ,  3.19,  1.00,  0.95,  0.00,  0.12,  125163732,  113156000,   12016000,  139117249, c++, elite, mult, 8
4073298.exe ,  3.16,  0.99,  0.94,  0.00,  0.12,  124872015,  111858000,   12983000,  138980161, c++, elite, mult, 8
4073298.exe ,  3.30,  0.98,  0.93,  0.00,  0.12,  125205421,  110275000,   14902000,  139614064, c++, elite, mult, 8
4073298.exe ,  3.15,  0.99,  0.94,  0.00,  0.12,  123751271,  114679000,    9053000,  137498126, c++, elite, mult, 8
4107305.exe ,  3.14,  0.94,  0.89,  0.00,  0.11,  118164879,  103075000,   15011000,  131712165, c++, elite, mult, 8
4107305.exe ,  3.02,  0.95,  0.90,  0.00,  0.11,  118560458,  103594000,   14941000,  132033610, c++, elite, mult, 8
4107305.exe ,  3.01,  0.95,  0.90,  0.00,  0.11,  118525204,  105428000,   13052000,  131980773, c++, elite, mult, 8
4107305.exe ,  3.05,  0.94,  0.89,  0.00,  0.11,  117985304,   97980000,   19996000,  131920671, c++, elite, mult, 8
4107305.exe ,  3.07,  0.94,  0.90,  0.00,  0.11,  118728077,  105752000,   12969000,  132585642, c++, elite, mult, 8
4107305.exe ,  2.97,  0.93,  0.88,  0.00,  0.11,  117178185,  109146000,    8010000,  131051126, c++, elite, mult, 8
4107305.exe ,  3.01,  0.95,  0.90,  0.00,  0.11,  118773381,  106790000,   11976000,  132433101, c++, elite, mult, 8
4107305.exe ,  3.21,  0.95,  0.89,  0.00,  0.11,  117257122,  105200000,   12022000,  131594251, c++, elite, mult, 8
4107305.exe ,  2.98,  0.93,  0.88,  0.00,  0.11,  117887493,  104884000,   12985000,  131351227, c++, elite, mult, 8
4107305.exe ,  2.97,  0.93,  0.89,  0.00,  0.11,  117543898,  108480000,    9040000,  131385433, c++, elite, mult, 8
4113619.exe ,  3.46,  1.08,  1.02,  0.00,  0.14,  137850493,  128773000,    8984000,  152631541, c++, elite, mult, 8
4113619.exe ,  3.46,  1.08,  1.03,  0.00,  0.14,  136687156,  114722000,   21946000,  150410839, c++, elite, mult, 8
4113619.exe ,  3.53,  1.10,  1.04,  0.00,  0.14,  137799220,  123706000,   14080000,  151517080, c++, elite, mult, 8
4113619.exe ,  3.51,  1.08,  1.03,  0.00,  0.14,  137248461,  122318000,   14916000,  150719600, c++, elite, mult, 8
4113619.exe ,  3.49,  1.09,  1.03,  0.00,  0.14,  136063612,  115002000,   21000000,  149419939, c++, elite, mult, 8
4113619.exe ,  3.53,  1.09,  1.03,  0.00,  0.14,  136892731,  120783000,   15971000,  150716514, c++, elite, mult, 8
4113619.exe ,  3.55,  1.08,  1.02,  0.00,  0.14,  137030404,  124923000,   11992000,  151878653, c++, elite, mult, 8
4113619.exe ,  3.50,  1.09,  1.03,  0.00,  0.14,  137733728,  126671000,   11058000,  151675380, c++, elite, mult, 8
4113619.exe ,  3.45,  1.08,  1.03,  0.00,  0.14,  136690769,  123714000,   12970000,  150525295, c++, elite, mult, 8
4113619.exe ,  3.68,  1.10,  1.04,  0.00,  0.14,  138032997,  115960000,   21992000,  151663220, c++, elite, mult, 8
4189894.exe ,  3.42,  1.06,  1.01,  0.00,  0.13,  134217290,  121187000,   12913000,  147735124, c++, elite, mult, 8
4189894.exe ,  3.42,  1.05,  1.00,  0.00,  0.13,  132384065,  122251000,   10020000,  146029721, c++, elite, mult, 8
4189894.exe ,  3.46,  1.07,  1.01,  0.00,  0.13,  134034939,  121922000,   11992000,  147911719, c++, elite, mult, 8
4189894.exe ,  3.39,  1.05,  1.00,  0.00,  0.13,  133889348,  122886000,   10989000,  147230048, c++, elite, mult, 8
4189894.exe ,  3.55,  1.07,  1.01,  0.00,  0.13,  134061488,  125029000,    9002000,  148307450, c++, elite, mult, 8
4189894.exe ,  3.39,  1.06,  1.01,  0.00,  0.13,  133818086,  122659000,   10969000,  147729702, c++, elite, mult, 8
4189894.exe ,  3.38,  1.06,  1.01,  0.00,  0.13,  132835486,  122849000,    9987000,  146891909, c++, elite, mult, 8
4189894.exe ,  3.55,  1.05,  0.99,  0.00,  0.13,  133141496,  123124000,   10010000,  146531526, c++, elite, mult, 8
4189894.exe ,  3.43,  1.05,  1.00,  0.00,  0.13,  133509446,  125535000,    7970000,  147891546, c++, elite, mult, 8
4189894.exe ,  3.40,  1.05,  1.00,  0.00,  0.13,  133564547,  125574000,    7972000,  147402988, c++, elite, mult, 8
422946.exe  ,  4.85,  1.55,  1.48,  0.00,  0.15,  194084812,  183064000,   11003000,  209518743, c++, elite, mult, 8
422946.exe  ,  5.16,  1.60,  1.52,  0.00,  0.16,  199827158,  188817000,   10989000,  213714737, c++, elite, mult, 8
422946.exe  ,  4.87,  1.55,  1.48,  0.00,  0.15,  195265187,  191269000,    3984000,  209104776, c++, elite, mult, 8
422946.exe  ,  4.83,  1.54,  1.48,  0.00,  0.15,  194708559,  189698000,    4992000,  208441757, c++, elite, mult, 8
422946.exe  ,  5.06,  1.56,  1.49,  0.00,  0.15,  197051807,  191031000,    6000000,  210838217, c++, elite, mult, 8
422946.exe  ,  4.86,  1.54,  1.47,  0.00,  0.15,  194097232,  189024000,    5000000,  208191210, c++, elite, mult, 8
422946.exe  ,  5.04,  1.56,  1.49,  0.00,  0.15,  196416602,  193410000,    2990000,  212060291, c++, elite, mult, 8
422946.exe  ,  5.05,  1.60,  1.52,  0.00,  0.16,  200863706,  193789000,    6992000,  214665370, c++, elite, mult, 8
422946.exe  ,  4.92,  1.57,  1.49,  0.00,  0.15,  196300051,  187270000,    9013000,  210118916, c++, elite, mult, 8
422946.exe  ,  4.94,  1.54,  1.48,  0.00,  0.15,  194797307,  184758000,    9986000,  208240781, c++, elite, mult, 8
4234695.exe ,  4.89,  1.52,  1.46,  0.00,  0.15,  191366585,  179305000,   12020000,  205960890, c++, elite, mult, 8
4234695.exe ,  4.91,  1.54,  1.46,  0.00,  0.15,  192800722,  181743000,   10984000,  206851110, c++, elite, mult, 8
4234695.exe ,  4.78,  1.52,  1.45,  0.00,  0.15,  190507282,  180516000,    9973000,  204088553, c++, elite, mult, 8
4234695.exe ,  4.81,  1.52,  1.45,  0.00,  0.15,  191468879,  185336000,    6010000,  204782780, c++, elite, mult, 8
4234695.exe ,  4.72,  1.50,  1.44,  0.00,  0.14,  190690950,  184660000,    6021000,  204548762, c++, elite, mult, 8
4234695.exe ,  4.91,  1.52,  1.44,  0.00,  0.15,  190450556,  186426000,    4009000,  204153759, c++, elite, mult, 8
4234695.exe ,  4.78,  1.53,  1.46,  0.00,  0.15,  191840145,  184756000,    6953000,  205895315, c++, elite, mult, 8
4234695.exe ,  4.89,  1.54,  1.47,  0.00,  0.15,  193162075,  184031000,    9001000,  206824806, c++, elite, mult, 8
4234695.exe ,  4.75,  1.52,  1.44,  0.00,  0.15,  189334113,  185261000,    4005000,  203392015, c++, elite, mult, 8
4234695.exe ,  4.72,  1.51,  1.44,  0.00,  0.15,  190041339,  181040000,    9002000,  203875346, c++, elite, mult, 8
4425410.exe ,  9.53,  2.98,  2.83,  0.00,  0.35,  375607385,  352610000,   22974000,  389313644, c++, elite, mult, 8
4425410.exe ,  9.44,  2.99,  2.85,  0.00,  0.35,  375794750,  347697000,   27975000,  389744791, c++, elite, mult, 8
4425410.exe ,  9.58,  2.98,  2.83,  0.00,  0.35,  374441274,  352370000,   22023000,  388208891, c++, elite, mult, 8
4425410.exe ,  9.51,  2.98,  2.83,  0.00,  0.35,  375039866,  346028000,   29002000,  389486769, c++, elite, mult, 8
4425410.exe ,  9.51,  2.99,  2.83,  0.00,  0.35,  374177175,  350116000,   24008000,  387927014, c++, elite, mult, 8
4425410.exe ,  9.39,  2.98,  2.84,  0.00,  0.35,  375183942,  358084000,   17004000,  389096629, c++, elite, mult, 8
4425410.exe ,  9.52,  2.99,  2.83,  0.00,  0.35,  374267197,  345234000,   28935000,  388025355, c++, elite, mult, 8
4425410.exe ,  9.66,  3.01,  2.86,  0.00,  0.35,  380196191,  360092000,   20005000,  394278839, c++, elite, mult, 8
4425410.exe ,  9.36,  2.97,  2.83,  0.00,  0.35,  373226087,  344230000,   28935000,  387081236, c++, elite, mult, 8
4425410.exe ,  9.51,  2.99,  2.84,  0.00,  0.35,  374618688,  339644000,   34963000,  389115840, c++, elite, mult, 8
4435988.exe ,  3.23,  1.01,  0.96,  0.00,  0.12,  127411849,  112342000,   15045000,  141365666, c++, elite, mult, 8
4435988.exe ,  3.26,  1.02,  0.97,  0.00,  0.12,  128830817,  105845000,   22966000,  142693691, c++, elite, mult, 8
4435988.exe ,  3.21,  1.01,  0.96,  0.00,  0.12,  127294671,  106235000,   21046000,  140605266, c++, elite, mult, 8
4435988.exe ,  3.36,  1.01,  0.95,  0.00,  0.12,  126636180,  105517000,   21103000,  140257386, c++, elite, mult, 8
4435988.exe ,  3.29,  1.01,  0.96,  0.00,  0.12,  127293062,  108407000,   18896000,  140788308, c++, elite, mult, 8
4435988.exe ,  3.23,  1.00,  0.96,  0.00,  0.12,  126484805,  109386000,   17060000,  140664364, c++, elite, mult, 8
4435988.exe ,  3.41,  1.01,  0.96,  0.00,  0.12,  127476922,  106312000,   21061000,  142330786, c++, elite, mult, 8
4435988.exe ,  3.31,  1.01,  0.96,  0.00,  0.12,  127311388,  113192000,   14023000,  141518594, c++, elite, mult, 8
4435988.exe ,  3.23,  1.00,  0.95,  0.00,  0.12,  127226042,  111166000,   16024000,  141428437, c++, elite, mult, 8
4435988.exe ,  3.29,  1.01,  0.96,  0.00,  0.12,  127105421,  112072000,   15009000,  140986273, c++, elite, mult, 8
4449212.exe ,  3.39,  1.03,  0.98,  0.00,  0.13,  135515829,  120423000,   15052000,  150796973, c++, elite, mult, 8
4449212.exe ,  3.49,  1.05,  1.00,  0.00,  0.13,  133145537,  120111000,   13012000,  146542566, c++, elite, mult, 8
4449212.exe ,  3.40,  1.06,  1.00,  0.00,  0.13,  132977948,  121972000,   10997000,  146548936, c++, elite, mult, 8
4449212.exe ,  3.40,  1.05,  1.00,  0.00,  0.13,  132562806,  119597000,   12956000,  146071537, c++, elite, mult, 8
4449212.exe ,  3.46,  1.07,  1.01,  0.00,  0.13,  133908395,  118787000,   15100000,  147386081, c++, elite, mult, 8
4449212.exe ,  3.50,  1.06,  1.00,  0.00,  0.13,  133573766,  121608000,   11961000,  147360185, c++, elite, mult, 8
4449212.exe ,  3.39,  1.07,  1.01,  0.00,  0.13,  133194437,  116149000,   17021000,  147494451, c++, elite, mult, 8
4449212.exe ,  3.44,  1.07,  1.02,  0.00,  0.13,  135022609,  121979000,   12997000,  148453964, c++, elite, mult, 8
4449212.exe ,  3.55,  1.06,  1.01,  0.00,  0.13,  133648237,  118644000,   14955000,  147125961, c++, elite, mult, 8
4449212.exe ,  3.43,  1.05,  1.00,  0.00,  0.13,  132661896,  118527000,   14062000,  146377104, c++, elite, mult, 8
4512446.exe ,  4.78,  1.48,  1.41,  0.00,  0.15,  184933063,  170931000,   13994000,  199670496, c++, elite, mult, 8
4512446.exe ,  4.61,  1.47,  1.40,  0.00,  0.15,  185539404,  168587000,   16958000,  199572406, c++, elite, mult, 8
4512446.exe ,  4.74,  1.49,  1.41,  0.00,  0.15,  186844230,  167843000,   18982000,  200485925, c++, elite, mult, 8
4512446.exe ,  4.77,  1.52,  1.44,  0.00,  0.15,  190431726,  177385000,   13028000,  204347400, c++, elite, mult, 8
4512446.exe ,  4.62,  1.48,  1.40,  0.00,  0.15,  184526830,  164545000,   19944000,  197984617, c++, elite, mult, 8
4512446.exe ,  4.83,  1.50,  1.42,  0.00,  0.15,  186255525,  172225000,   14018000,  200552339, c++, elite, mult, 8
4512446.exe ,  4.76,  1.48,  1.41,  0.00,  0.15,  185854487,  167857000,   17984000,  199826162, c++, elite, mult, 8
4512446.exe ,  4.72,  1.48,  1.41,  0.00,  0.15,  186147496,  171120000,   15010000,  200092258, c++, elite, mult, 8
4512446.exe ,  4.62,  1.47,  1.39,  0.00,  0.14,  183991469,  166983000,   16998000,  197873856, c++, elite, mult, 8
4512446.exe ,  4.61,  1.47,  1.40,  0.00,  0.15,  185202153,  175249000,    9957000,  198717381, c++, elite, mult, 8
4581841.exe ,  3.50,  1.10,  1.04,  0.00,  0.14,  136939692,  121935000,   14992000,  151861419, c++, elite, mult, 8
4581841.exe ,  3.50,  1.09,  1.04,  0.00,  0.14,  137194086,  121155000,   16020000,  150765154, c++, elite, mult, 8
4581841.exe ,  3.64,  1.09,  1.03,  0.00,  0.14,  137016014,  126005000,   11000000,  150566171, c++, elite, mult, 8
4581841.exe ,  3.63,  1.10,  1.04,  0.00,  0.14,  138071302,  125062000,   13006000,  151822674, c++, elite, mult, 8
4581841.exe ,  3.51,  1.09,  1.03,  0.00,  0.14,  137129790,  121049000,   16006000,  151050505, c++, elite, mult, 8
4581841.exe ,  3.65,  1.09,  1.03,  0.00,  0.14,  137138261,  119113000,   18017000,  151076067, c++, elite, mult, 8
4581841.exe ,  3.50,  1.09,  1.04,  0.00,  0.14,  137203412,  121169000,   16022000,  151090945, c++, elite, mult, 8
4581841.exe ,  3.49,  1.09,  1.03,  0.00,  0.14,  136995573,  121910000,   14988000,  150675612, c++, elite, mult, 8
4581841.exe ,  3.63,  1.08,  1.03,  0.00,  0.14,  137119806,  125101000,   12009000,  151068503, c++, elite, mult, 8
4581841.exe ,  3.49,  1.09,  1.04,  0.00,  0.14,  138389837,  126344000,   12032000,  152197988, c++, elite, mult, 8
4649581.exe ,  3.76,  1.14,  1.09,  0.00,  0.14,  143496429,  124426000,   19065000,  158724811, c++, elite, mult, 8
4649581.exe ,  3.74,  1.15,  1.09,  0.00,  0.14,  144194107,  117150000,   27034000,  158015944, c++, elite, mult, 8
4649581.exe ,  3.74,  1.15,  1.09,  0.00,  0.15,  144694797,  123675000,   20945000,  158587999, c++, elite, mult, 8
4649581.exe ,  3.82,  1.15,  1.09,  0.00,  0.14,  144774025,  125625000,   19095000,  158768497, c++, elite, mult, 8
4649581.exe ,  3.69,  1.14,  1.09,  0.00,  0.14,  144417147,  125493000,   18923000,  158340915, c++, elite, mult, 8
4649581.exe ,  3.69,  1.15,  1.09,  0.00,  0.14,  144294178,  124121000,   20019000,  157770447, c++, elite, mult, 8
4649581.exe ,  3.92,  1.16,  1.09,  0.00,  0.15,  144879132,  124863000,   19978000,  158898810, c++, elite, mult, 8
4649581.exe ,  3.69,  1.15,  1.09,  0.00,  0.15,  144368537,  125428000,   18913000,  158184242, c++, elite, mult, 8
4649581.exe ,  3.83,  1.15,  1.08,  0.00,  0.14,  144964086,  133957000,   10996000,  158848207, c++, elite, mult, 8
4649581.exe ,  3.90,  1.16,  1.09,  0.00,  0.14,  144877190,  124882000,   19981000,  158482656, c++, elite, mult, 8
473956.exe  ,  4.75,  1.49,  1.42,  0.00,  0.14,  188622915,  182568000,    5985000,  202735588, c++, elite, mult, 8
473956.exe  ,  4.77,  1.48,  1.41,  0.00,  0.14,  186150555,  175120000,   11007000,  199987898, c++, elite, mult, 8
473956.exe  ,  4.73,  1.49,  1.42,  0.00,  0.14,  188225355,  182216000,    6007000,  203072712, c++, elite, mult, 8
473956.exe  ,  4.92,  1.49,  1.42,  0.00,  0.14,  187352035,  182352000,    4982000,  201084976, c++, elite, mult, 8
473956.exe  ,  4.72,  1.49,  1.42,  0.00,  0.14,  186880345,  179866000,    6994000,  200968823, c++, elite, mult, 8
473956.exe  ,  4.76,  1.49,  1.42,  0.00,  0.14,  187454296,  181427000,    6014000,  202230951, c++, elite, mult, 8
473956.exe  ,  4.71,  1.48,  1.41,  0.00,  0.14,  186168796,  180158000,    6005000,  200060480, c++, elite, mult, 8
473956.exe  ,  4.68,  1.50,  1.42,  0.00,  0.14,  187312271,  179321000,    7969000,  200846721, c++, elite, mult, 8
473956.exe  ,  4.87,  1.50,  1.43,  0.00,  0.14,  187634274,  181586000,    5986000,  201650947, c++, elite, mult, 8
473956.exe  ,  4.68,  1.49,  1.42,  0.00,  0.14,  187177541,  179109000,    8004000,  200719381, c++, elite, mult, 8
4776310.exe ,  3.34,  1.00,  0.95,  0.00,  0.12,  124948228,  106946000,   17990000,  140323510, c++, elite, mult, 8
4776310.exe ,  3.16,  0.99,  0.93,  0.00,  0.12,  123853041,  104796000,   18963000,  137335855, c++, elite, mult, 8
4776310.exe ,  3.14,  0.98,  0.93,  0.00,  0.12,  123269890,  104219000,   19040000,  137479831, c++, elite, mult, 8
4776310.exe ,  3.32,  0.98,  0.93,  0.00,  0.12,  123317064,  105197000,   18033000,  136876981, c++, elite, mult, 8
4776310.exe ,  3.14,  0.99,  0.94,  0.00,  0.12,  123427552,  103499000,   19903000,  137592261, c++, elite, mult, 8
4776310.exe ,  3.13,  0.99,  0.94,  0.00,  0.12,  124171263,  100121000,   24029000,  138026790, c++, elite, mult, 8
4776310.exe ,  3.22,  1.00,  0.94,  0.00,  0.12,  124638131,  106674000,   17945000,  138333482, c++, elite, mult, 8
4776310.exe ,  3.16,  0.98,  0.93,  0.00,  0.12,  124788660,   99761000,   24940000,  139207629, c++, elite, mult, 8
4776310.exe ,  3.12,  0.98,  0.93,  0.00,  0.12,  123935701,  104942000,   18989000,  137927385, c++, elite, mult, 8
4776310.exe ,  3.14,  0.99,  0.94,  0.00,  0.12,  123773491,  103796000,   19960000,  137160558, c++, elite, mult, 8
4866380.exe ,  2.75,  0.84,  0.80,  0.00,  0.10,  111601972,  105451000,    6025000,  126866214, c++, elite, mult, 8
4866380.exe ,  2.81,  0.89,  0.84,  0.00,  0.10,  110243326,  105167000,    5007000,  124757059, c++, elite, mult, 8
4866380.exe ,  2.87,  0.86,  0.82,  0.00,  0.10,  109506840,  103476000,    6027000,  122935492, c++, elite, mult, 8
4866380.exe ,  2.72,  0.86,  0.82,  0.00,  0.10,  108430088,  103399000,    4971000,  122276985, c++, elite, mult, 8
4866380.exe ,  2.77,  0.88,  0.83,  0.00,  0.10,  109647054,  104611000,    5029000,  122963211, c++, elite, mult, 8
4866380.exe ,  2.82,  0.88,  0.84,  0.00,  0.10,  110434285,   99409000,   10935000,  124182514, c++, elite, mult, 8
4866380.exe ,  2.99,  0.86,  0.81,  0.00,  0.10,  111810603,  105759000,    6043000,  126700996, c++, elite, mult, 8
4866380.exe ,  2.80,  0.87,  0.84,  0.00,  0.10,  109555934,  101527000,    7962000,  123899817, c++, elite, mult, 8
4866380.exe ,  2.76,  0.87,  0.82,  0.00,  0.10,  108475759,  102497000,    5970000,  122246093, c++, elite, mult, 8
4866380.exe ,  2.81,  0.88,  0.83,  0.00,  0.10,  109474758,  107470000,    1990000,  123195403, c++, elite, mult, 8
4889319.exe ,  4.50,  1.43,  1.37,  0.00,  0.14,  179324495,  166287000,   13022000,  194565821, c++, elite, mult, 8
4889319.exe ,  4.59,  1.43,  1.35,  0.00,  0.14,  178637165,  165637000,   12971000,  192279738, c++, elite, mult, 8
4889319.exe ,  4.52,  1.43,  1.36,  0.00,  0.14,  179393274,  163319000,   16031000,  193533781, c++, elite, mult, 8
4889319.exe ,  4.74,  1.46,  1.40,  0.00,  0.15,  184448178,  172412000,   12028000,  198877035, c++, elite, mult, 8
4889319.exe ,  4.70,  1.44,  1.37,  0.00,  0.14,  180567839,  170317000,   10018000,  194089122, c++, elite, mult, 8
4889319.exe ,  4.56,  1.43,  1.36,  0.00,  0.14,  179025783,  166993000,   11999000,  193095591, c++, elite, mult, 8
4889319.exe ,  4.48,  1.42,  1.36,  0.00,  0.14,  178978829,  168980000,    9998000,  192601644, c++, elite, mult, 8
4889319.exe ,  4.46,  1.42,  1.35,  0.00,  0.13,  178344350,  167324000,   11021000,  191797897, c++, elite, mult, 8
4889319.exe ,  4.57,  1.44,  1.36,  0.00,  0.14,  179388703,  172363000,    7014000,  193343471, c++, elite, mult, 8
4889319.exe ,  4.62,  1.42,  1.35,  0.00,  0.14,  178237802,  166223000,   12016000,  192712797, c++, elite, mult, 8
4993403.exe ,  5.61,  1.73,  1.64,  0.00,  0.21,  215999640,  198991000,   16999000,  230629838, c++, elite, mult, 8
4993403.exe ,  5.58,  1.71,  1.63,  0.00,  0.21,  215757169,  205646000,    9982000,  229423690, c++, elite, mult, 8
4993403.exe ,  5.56,  1.71,  1.62,  0.00,  0.21,  214249608,  196212000,   18019000,  227944172, c++, elite, mult, 8
4993403.exe ,  5.68,  1.71,  1.62,  0.00,  0.21,  213826389,  202822000,   10990000,  228007823, c++, elite, mult, 8
4993403.exe ,  5.61,  1.71,  1.62,  0.00,  0.21,  214215630,  198135000,   16010000,  228291381, c++, elite, mult, 8
4993403.exe ,  5.72,  1.71,  1.62,  0.00,  0.22,  215939844,  201907000,   13993000,  229942703, c++, elite, mult, 8
4993403.exe ,  5.53,  1.70,  1.62,  0.00,  0.21,  214686966,  204603000,   10029000,  228757834, c++, elite, mult, 8
4993403.exe ,  5.71,  1.72,  1.63,  0.00,  0.21,  215507188,  198455000,   17039000,  229617580, c++, elite, mult, 8
4993403.exe ,  5.64,  1.72,  1.62,  0.00,  0.22,  216260188,  204212000,   12012000,  230651986, c++, elite, mult, 8
4993403.exe ,  5.52,  1.71,  1.62,  0.00,  0.21,  214781549,  199787000,   14984000,  228903686, c++, elite, mult, 8
5005818.exe ,  5.30,  1.62,  1.53,  0.00,  0.21,  206552649,  175433000,   31076000,  220984606, c++, elite, mult, 8
5005818.exe ,  5.25,  1.63,  1.54,  0.00,  0.21,  204785627,  160824000,   43952000,  218563552, c++, elite, mult, 8
5005818.exe ,  5.34,  1.62,  1.53,  0.00,  0.21,  203983390,  156974000,   46992000,  217320133, c++, elite, mult, 8
5005818.exe ,  5.20,  1.63,  1.53,  0.00,  0.21,  203992110,  156973000,   46992000,  217958930, c++, elite, mult, 8
5005818.exe ,  5.31,  1.63,  1.54,  0.00,  0.21,  205617549,  163684000,   41919000,  218903511, c++, elite, mult, 8
5005818.exe ,  5.19,  1.62,  1.52,  0.00,  0.21,  205321497,  164254000,   41063000,  219660284, c++, elite, mult, 8
5005818.exe ,  5.25,  1.63,  1.54,  0.00,  0.21,  205327289,  168224000,   37049000,  219288446, c++, elite, mult, 8
5005818.exe ,  5.33,  1.62,  1.53,  0.00,  0.21,  203945525,  163900000,   39975000,  218157597, c++, elite, mult, 8
5005818.exe ,  5.20,  1.64,  1.55,  0.00,  0.21,  205056883,  162041000,   43011000,  219040222, c++, elite, mult, 8
5005818.exe ,  5.38,  1.63,  1.54,  0.00,  0.21,  204654545,  162703000,   41923000,  218401114, c++, elite, mult, 8
5007066.exe ,  3.53,  1.07,  1.02,  0.00,  0.13,  137999906,  122874000,   15107000,  152375131, c++, elite, mult, 8
5007066.exe ,  3.52,  1.10,  1.04,  0.00,  0.13,  138217696,  126167000,   12015000,  151625631, c++, elite, mult, 8
5007066.exe ,  3.51,  1.10,  1.04,  0.00,  0.13,  137707533,  123637000,   13959000,  151344817, c++, elite, mult, 8
5007066.exe ,  3.49,  1.09,  1.04,  0.00,  0.13,  137241275,  120173000,   17024000,  150959778, c++, elite, mult, 8
5007066.exe ,  3.62,  1.09,  1.03,  0.00,  0.13,  138738161,  123653000,   15079000,  153657340, c++, elite, mult, 8
5007066.exe ,  3.49,  1.08,  1.03,  0.00,  0.13,  137720431,  112728000,   24939000,  151567074, c++, elite, mult, 8
5007066.exe ,  3.59,  1.12,  1.06,  0.00,  0.13,  140446438,  124385000,   16049000,  154494770, c++, elite, mult, 8
5007066.exe ,  3.62,  1.09,  1.03,  0.00,  0.13,  136903843,  117911000,   18985000,  150823146, c++, elite, mult, 8
5007066.exe ,  3.49,  1.09,  1.04,  0.00,  0.13,  137551210,  122590000,   14950000,  151081409, c++, elite, mult, 8
5007066.exe ,  3.54,  1.10,  1.05,  0.00,  0.13,  138727993,  121640000,   17089000,  153194829, c++, elite, mult, 8
5132634.exe ,  4.66,  1.50,  1.42,  0.00,  0.14,  187209202,  176157000,   11009000,  201412532, c++, elite, mult, 8
5132634.exe ,  4.53,  1.45,  1.37,  0.00,  0.14,  181467439,  169373000,   12026000,  195110171, c++, elite, mult, 8
5132634.exe ,  4.65,  1.44,  1.37,  0.00,  0.14,  181233235,  170197000,   11012000,  195367367, c++, elite, mult, 8
5132634.exe ,  4.56,  1.45,  1.38,  0.00,  0.14,  181963468,  166942000,   14994000,  195734281, c++, elite, mult, 8
5132634.exe ,  4.61,  1.45,  1.38,  0.00,  0.14,  182000800,  160934000,   20991000,  195504188, c++, elite, mult, 8
5132634.exe ,  4.51,  1.44,  1.38,  0.00,  0.14,  181180479,  167144000,   14012000,  195375614, c++, elite, mult, 8
5132634.exe ,  4.60,  1.46,  1.39,  0.00,  0.14,  184342368,  172374000,   11956000,  198231691, c++, elite, mult, 8
5132634.exe ,  4.66,  1.45,  1.38,  0.00,  0.14,  182293257,  170241000,   12017000,  196302987, c++, elite, mult, 8
5132634.exe ,  4.52,  1.45,  1.38,  0.00,  0.14,  182446306,  167398000,   15035000,  196218601, c++, elite, mult, 8
5132634.exe ,  4.57,  1.45,  1.38,  0.00,  0.14,  182127418,  166195000,   15922000,  196180239, c++, elite, mult, 8
5194093.exe ,  4.75,  1.48,  1.41,  0.00,  0.14,  186392170,  173360000,   12952000,  201273843, c++, elite, mult, 8
5194093.exe ,  4.57,  1.47,  1.41,  0.00,  0.14,  185613225,  180618000,    4989000,  199253077, c++, elite, mult, 8
5194093.exe ,  4.69,  1.49,  1.41,  0.00,  0.14,  186270681,  182237000,    3983000,  200139850, c++, elite, mult, 8
5194093.exe ,  4.79,  1.51,  1.43,  0.00,  0.14,  188777178,  183709000,    5019000,  202711877, c++, elite, mult, 8
5194093.exe ,  4.58,  1.47,  1.40,  0.00,  0.14,  184753130,  175738000,    8986000,  198646823, c++, elite, mult, 8
5194093.exe ,  4.72,  1.47,  1.40,  0.00,  0.14,  184245994,  180225000,    4005000,  198519102, c++, elite, mult, 8
5194093.exe ,  4.75,  1.51,  1.43,  0.00,  0.14,  189606556,  184500000,    5013000,  204441994, c++, elite, mult, 8
5194093.exe ,  4.61,  1.47,  1.41,  0.00,  0.14,  185043113,  177033000,    8001000,  198591318, c++, elite, mult, 8
5194093.exe ,  4.66,  1.47,  1.40,  0.00,  0.14,  184581582,  180567000,    4012000,  198273464, c++, elite, mult, 8
5194093.exe ,  4.59,  1.48,  1.41,  0.00,  0.14,  184605412,  177458000,    7018000,  198494107, c++, elite, mult, 8
5336530.exe ,  3.54,  1.12,  1.06,  0.00,  0.13,  139730060,  130737000,    8981000,  153892926, c++, elite, mult, 8
5336530.exe ,  3.52,  1.11,  1.06,  0.00,  0.13,  140475328,  133484000,    6973000,  154071062, c++, elite, mult, 8
5336530.exe ,  3.69,  1.12,  1.07,  0.00,  0.13,  140979027,  134011000,    6948000,  155000924, c++, elite, mult, 8
5336530.exe ,  3.62,  1.12,  1.07,  0.00,  0.13,  140914089,  128904000,   11991000,  154820100, c++, elite, mult, 8
5336530.exe ,  3.60,  1.12,  1.06,  0.00,  0.14,  142531919,  133369000,    9024000,  157022704, c++, elite, mult, 8
5336530.exe ,  3.70,  1.11,  1.06,  0.00,  0.13,  141911550,  134871000,    7045000,  156342048, c++, elite, mult, 8
5336530.exe ,  3.54,  1.11,  1.06,  0.00,  0.13,  141250762,  133235000,    7954000,  155784984, c++, elite, mult, 8
5336530.exe ,  3.53,  1.12,  1.06,  0.00,  0.13,  140191087,  133099000,    7005000,  153655668, c++, elite, mult, 8
5336530.exe ,  3.63,  1.12,  1.07,  0.00,  0.13,  140965770,  133942000,    6997000,  155037377, c++, elite, mult, 8
5336530.exe ,  3.58,  1.13,  1.07,  0.00,  0.13,  141163578,  130099000,   11008000,  154727729, c++, elite, mult, 8
5394478.exe ,  2.79,  0.88,  0.83,  0.00,  0.10,  110062495,   98048000,   12005000,  124388662, c++, elite, mult, 8
5394478.exe ,  2.94,  0.88,  0.83,  0.00,  0.10,  111362176,   97272000,   14039000,  124774541, c++, elite, mult, 8
5394478.exe ,  2.88,  0.88,  0.84,  0.00,  0.10,  110836384,   96719000,   14104000,  124092201, c++, elite, mult, 8
5394478.exe ,  2.79,  0.88,  0.84,  0.00,  0.10,  110337172,   93422000,   16895000,  124609888, c++, elite, mult, 8
5394478.exe ,  2.80,  0.88,  0.84,  0.00,  0.10,  110745111,   93774000,   16959000,  124369763, c++, elite, mult, 8
5394478.exe ,  2.84,  0.87,  0.83,  0.00,  0.10,  111081331,   99049000,   12006000,  125115361, c++, elite, mult, 8
5394478.exe ,  2.85,  0.89,  0.85,  0.00,  0.10,  112240499,  101206000,   11022000,  126214379, c++, elite, mult, 8
5394478.exe ,  2.79,  0.86,  0.82,  0.00,  0.10,  112261455,  100228000,   12027000,  126109531, c++, elite, mult, 8
5394478.exe ,  2.94,  0.88,  0.84,  0.00,  0.10,  111448186,   94517000,   16913000,  125360242, c++, elite, mult, 8
5394478.exe ,  2.79,  0.88,  0.83,  0.00,  0.10,  110212768,  100167000,   10016000,  123825381, c++, elite, mult, 8
5427191.exe ,  3.21,  1.01,  0.95,  0.00,  0.13,  126123741,  115098000,   11009000,  140895034, c++, elite, mult, 8
5427191.exe ,  3.22,  0.98,  0.93,  0.00,  0.13,  123744432,  103777000,   19957000,  137628196, c++, elite, mult, 8
5427191.exe ,  3.23,  0.99,  0.94,  0.00,  0.13,  124751088,  109648000,   15089000,  138245818, c++, elite, mult, 8
5427191.exe ,  3.18,  1.00,  0.94,  0.00,  0.13,  124217565,  112291000,   11924000,  138125617, c++, elite, mult, 8
5427191.exe ,  3.37,  1.00,  0.94,  0.00,  0.13,  125400422,  110463000,   14927000,  138772202, c++, elite, mult, 8
5427191.exe ,  3.17,  1.00,  0.94,  0.00,  0.13,  124757672,  112765000,   11975000,  138900016, c++, elite, mult, 8
5427191.exe ,  3.14,  0.98,  0.92,  0.00,  0.13,  124243649,  115160000,    9012000,  138778090, c++, elite, mult, 8
5427191.exe ,  3.14,  0.96,  0.92,  0.00,  0.13,  125920397,  111925000,   13990000,  140862389, c++, elite, mult, 8
5427191.exe ,  3.22,  0.99,  0.94,  0.00,  0.13,  124070019,  107963000,   15994000,  138293791, c++, elite, mult, 8
5427191.exe ,  3.18,  0.99,  0.93,  0.00,  0.13,  124029571,  107002000,   17000000,  137516116, c++, elite, mult, 8
5488369.exe ,  3.68,  1.16,  1.09,  0.00,  0.14,  144861321,  131844000,   12984000,  158818794, c++, elite, mult, 8
5488369.exe ,  3.67,  1.15,  1.09,  0.00,  0.14,  145011803,  132092000,   12911000,  158616428, c++, elite, mult, 8
5488369.exe ,  3.85,  1.15,  1.09,  0.00,  0.15,  149965642,  135877000,   13987000,  163889080, c++, elite, mult, 8
5488369.exe ,  3.64,  1.14,  1.08,  0.00,  0.14,  143241563,  132205000,   11017000,  157296166, c++, elite, mult, 8
5488369.exe ,  3.74,  1.15,  1.09,  0.00,  0.14,  144955496,  129919000,   14990000,  159026624, c++, elite, mult, 8
5488369.exe ,  3.73,  1.15,  1.09,  0.00,  0.14,  144936045,  125675000,   19102000,  158925726, c++, elite, mult, 8
5488369.exe ,  3.70,  1.15,  1.10,  0.00,  0.14,  145567080,  134483000,   10957000,  159498027, c++, elite, mult, 8
5488369.exe ,  3.73,  1.14,  1.09,  0.00,  0.14,  144285325,  126200000,   18028000,  158275698, c++, elite, mult, 8
5488369.exe ,  3.75,  1.15,  1.09,  0.00,  0.14,  144239267,  126174000,   18024000,  158493961, c++, elite, mult, 8
5488369.exe ,  3.72,  1.15,  1.09,  0.00,  0.14,  143675761,  129709000,   13968000,  157835574, c++, elite, mult, 8
5488402.exe ,  4.84,  1.50,  1.43,  0.00,  0.14,  187395189,  182385000,    4983000,  201666699, c++, elite, mult, 8
5488402.exe ,  4.68,  1.49,  1.42,  0.00,  0.14,  186571933,  183450000,    3007000,  200448230, c++, elite, mult, 8
5488402.exe ,  4.66,  1.49,  1.41,  0.00,  0.14,  186229234,  175126000,   11007000,  199943985, c++, elite, mult, 8
5488402.exe ,  4.89,  1.50,  1.42,  0.00,  0.14,  187596097,  180552000,    7021000,  201325101, c++, elite, mult, 8
5488402.exe ,  4.66,  1.49,  1.42,  0.00,  0.14,  187272992,  178159000,    9008000,  200627126, c++, elite, mult, 8
5488402.exe ,  4.79,  1.49,  1.42,  0.00,  0.14,  187152516,  179140000,    8006000,  201690664, c++, elite, mult, 8
5488402.exe ,  4.67,  1.49,  1.42,  0.00,  0.14,  186609188,  179581000,    7022000,  200407309, c++, elite, mult, 8
5488402.exe ,  4.73,  1.49,  1.42,  0.00,  0.14,  187156038,  181147000,    5971000,  201045225, c++, elite, mult, 8
5488402.exe ,  4.76,  1.48,  1.41,  0.00,  0.14,  186260911,  179237000,    7009000,  200285661, c++, elite, mult, 8
5488402.exe ,  4.70,  1.49,  1.42,  0.00,  0.14,  187085768,  179023000,    8001000,  201296071, c++, elite, mult, 8
5562071.exe ,  3.41,  1.07,  1.01,  0.00,  0.13,  133916030,  115790000,   18123000,  147697527, c++, elite, mult, 8
5562071.exe ,  3.39,  1.06,  1.01,  0.00,  0.13,  133341360,  118406000,   14925000,  147441077, c++, elite, mult, 8
5562071.exe ,  3.39,  1.05,  1.00,  0.00,  0.13,  132729866,  117748000,   14967000,  146262434, c++, elite, mult, 8
5562071.exe ,  3.48,  1.07,  1.01,  0.00,  0.13,  133630484,  121555000,   12055000,  147410661, c++, elite, mult, 8
5562071.exe ,  3.42,  1.07,  1.01,  0.00,  0.13,  133882476,  117721000,   16098000,  147754251, c++, elite, mult, 8
5562071.exe ,  3.44,  1.07,  1.01,  0.00,  0.13,  134097621,  122078000,   12007000,  148120015, c++, elite, mult, 8
5562071.exe ,  3.55,  1.06,  1.01,  0.00,  0.13,  133434330,  123373000,   10030000,  147593780, c++, elite, mult, 8
5562071.exe ,  3.43,  1.07,  1.01,  0.00,  0.13,  133582614,  118623000,   14952000,  147058933, c++, elite, mult, 8
5562071.exe ,  3.48,  1.07,  1.01,  0.00,  0.13,  134109958,  124085000,   10006000,  147698032, c++, elite, mult, 8
5562071.exe ,  3.59,  1.07,  1.01,  0.00,  0.13,  134731109,  118635000,   16086000,  148724294, c++, elite, mult, 8
5569732.exe ,  5.84,  1.78,  1.68,  0.00,  0.25,  223927894,  203781000,   19978000,  238069690, c++, elite, mult, 8
5569732.exe ,  5.70,  1.77,  1.67,  0.00,  0.25,  222608011,  198496000,   24060000,  236668747, c++, elite, mult, 8
5569732.exe ,  5.74,  1.77,  1.67,  0.00,  0.24,  222794812,  205790000,   16982000,  236566163, c++, elite, mult, 8
5569732.exe ,  5.72,  1.77,  1.67,  0.00,  0.24,  222416817,  200387000,   21932000,  236246206, c++, elite, mult, 8
5569732.exe ,  5.81,  1.80,  1.70,  0.00,  0.25,  224925379,  203827000,   21085000,  239639419, c++, elite, mult, 8
5569732.exe ,  5.75,  1.76,  1.66,  0.00,  0.24,  221618488,  194563000,   27078000,  235667016, c++, elite, mult, 8
5569732.exe ,  5.77,  1.77,  1.67,  0.00,  0.25,  224074996,  200035000,   24004000,  238955854, c++, elite, mult, 8
5569732.exe ,  5.78,  1.76,  1.66,  0.00,  0.24,  221194087,  196094000,   25012000,  235116927, c++, elite, mult, 8
5569732.exe ,  5.72,  1.78,  1.67,  0.00,  0.25,  221808873,  199702000,   22077000,  236594395, c++, elite, mult, 8
5569732.exe ,  5.78,  1.76,  1.66,  0.00,  0.24,  221031789,  198019000,   23002000,  235564574, c++, elite, mult, 8
5630383.exe ,  2.93,  0.86,  0.82,  0.00,  0.10,  108788174,   92804000,   15966000,  122762090, c++, elite, mult, 8
5630383.exe ,  2.80,  0.85,  0.81,  0.00,  0.10,  108901295,   92748000,   16130000,  122739521, c++, elite, mult, 8
5630383.exe ,  2.75,  0.86,  0.82,  0.00,  0.10,  108020959,   96002000,   12000000,  121589121, c++, elite, mult, 8
5630383.exe ,  2.78,  0.86,  0.81,  0.00,  0.10,  107594879,   94629000,   12949000,  121254776, c++, elite, mult, 8
5630383.exe ,  2.87,  0.85,  0.81,  0.00,  0.10,  107640835,   93611000,   13942000,  121978129, c++, elite, mult, 8
5630383.exe ,  2.78,  0.86,  0.82,  0.00,  0.10,  108329115,   94407000,   13912000,  122314246, c++, elite, mult, 8
5630383.exe ,  2.87,  0.86,  0.82,  0.00,  0.10,  110134707,  100073000,   10007000,  123687586, c++, elite, mult, 8
5630383.exe ,  2.94,  0.85,  0.80,  0.00,  0.10,  110476436,   95547000,   14929000,  125209242, c++, elite, mult, 8
5630383.exe ,  2.77,  0.85,  0.81,  0.00,  0.10,  106810686,   89822000,   16966000,  120268874, c++, elite, mult, 8
5630383.exe ,  2.72,  0.85,  0.82,  0.00,  0.10,  107781731,   98737000,    8976000,  121791601, c++, elite, mult, 8
565009.exe  ,  3.11,  0.97,  0.92,  0.00,  0.12,  123781492,  108683000,   15094000,  138589246, c++, elite, mult, 8
565009.exe  ,  3.12,  0.98,  0.93,  0.00,  0.11,  122718349,  116720000,    5985000,  136264131, c++, elite, mult, 8
565009.exe  ,  3.30,  0.99,  0.94,  0.00,  0.12,  124344219,  115381000,    8952000,  137705944, c++, elite, mult, 8
565009.exe  ,  3.23,  0.98,  0.94,  0.00,  0.12,  124539662,  118472000,    6024000,  138221720, c++, elite, mult, 8
565009.exe  ,  3.27,  1.00,  0.94,  0.00,  0.12,  124967439,  116928000,    7995000,  138592825, c++, elite, mult, 8
565009.exe  ,  3.16,  0.99,  0.94,  0.00,  0.12,  124476636,  115491000,    8960000,  138464829, c++, elite, mult, 8
565009.exe  ,  3.27,  0.97,  0.92,  0.00,  0.12,  124975584,  113948000,   10994000,  139837043, c++, elite, mult, 8
565009.exe  ,  3.16,  1.00,  0.95,  0.00,  0.12,  124833847,  112840000,   11983000,  139067080, c++, elite, mult, 8
565009.exe  ,  3.12,  0.98,  0.93,  0.00,  0.12,  123585312,  115535000,    8037000,  138024339, c++, elite, mult, 8
565009.exe  ,  3.25,  0.98,  0.93,  0.00,  0.11,  123036521,  115020000,    8001000,  136550147, c++, elite, mult, 8
5657735.exe ,  3.25,  1.03,  0.98,  0.00,  0.12,  129166586,  115139000,   14016000,  143157370, c++, elite, mult, 8
5657735.exe ,  3.23,  1.02,  0.97,  0.00,  0.12,  128353079,  118294000,   10024000,  142221449, c++, elite, mult, 8
5657735.exe ,  3.33,  1.04,  0.98,  0.00,  0.12,  129417656,  118278000,   11025000,  143471765, c++, elite, mult, 8
5657735.exe ,  3.31,  1.04,  0.98,  0.00,  0.12,  129492507,  116426000,   13047000,  143022175, c++, elite, mult, 8
5657735.exe ,  3.24,  1.03,  0.97,  0.00,  0.12,  128982193,  111024000,   17843000,  142797175, c++, elite, mult, 8
5657735.exe ,  3.40,  1.02,  0.97,  0.00,  0.13,  129307590,  115247000,   14030000,  144000666, c++, elite, mult, 8
5657735.exe ,  3.22,  1.02,  0.97,  0.00,  0.12,  128569077,  114604000,   13951000,  142402451, c++, elite, mult, 8
5657735.exe ,  3.33,  1.03,  0.98,  0.00,  0.12,  129282312,  113198000,   16028000,  143263398, c++, elite, mult, 8
5657735.exe ,  3.35,  1.03,  0.97,  0.00,  0.12,  128390148,  117431000,   10946000,  141814042, c++, elite, mult, 8
5657735.exe ,  3.33,  1.03,  0.98,  0.00,  0.12,  129731377,  115746000,   13969000,  143400641, c++, elite, mult, 8
5828765.exe ,  4.55,  1.42,  1.35,  0.00,  0.14,  179391595,  165388000,   13948000,  194310162, c++, elite, mult, 8
5828765.exe ,  4.43,  1.41,  1.34,  0.00,  0.13,  177218551,  163179000,   14015000,  191293199, c++, elite, mult, 8
5828765.exe ,  4.56,  1.42,  1.35,  0.00,  0.14,  178788646,  164721000,   13976000,  192495336, c++, elite, mult, 8
5828765.exe ,  4.66,  1.43,  1.35,  0.00,  0.14,  178132644,  164091000,   14007000,  192035608, c++, elite, mult, 8
5828765.exe ,  4.51,  1.42,  1.35,  0.00,  0.13,  177545138,  165413000,   12030000,  191680239, c++, elite, mult, 8
5828765.exe ,  4.50,  1.42,  1.35,  0.00,  0.13,  178145990,  161226000,   16918000,  192219980, c++, elite, mult, 8
5828765.exe ,  4.63,  1.41,  1.34,  0.00,  0.13,  177235053,  162255000,   14931000,  191191987, c++, elite, mult, 8
5828765.exe ,  4.39,  1.41,  1.35,  0.00,  0.13,  177416285,  161306000,   16030000,  192015937, c++, elite, mult, 8
5828765.exe ,  4.52,  1.42,  1.35,  0.00,  0.13,  178173777,  166143000,   12010000,  192199199, c++, elite, mult, 8
5828765.exe ,  4.53,  1.42,  1.35,  0.00,  0.14,  177721082,  167622000,   10037000,  191369880, c++, elite, mult, 8
583345.exe  ,  5.14,  1.60,  1.52,  0.00,  0.16,  200578101,  186506000,   14038000,  214929598, c++, elite, mult, 8
583345.exe  ,  4.99,  1.59,  1.52,  0.00,  0.16,  200258921,  185295000,   14943000,  213838799, c++, elite, mult, 8
583345.exe  ,  5.11,  1.59,  1.52,  0.00,  0.16,  200300826,  187259000,   13018000,  213925804, c++, elite, mult, 8
583345.exe  ,  5.11,  1.61,  1.53,  0.00,  0.16,  202155425,  188091000,   14006000,  215787986, c++, elite, mult, 8
583345.exe  ,  4.96,  1.59,  1.51,  0.00,  0.16,  199547826,  189558000,    9976000,  213489774, c++, elite, mult, 8
583345.exe  ,  5.03,  1.58,  1.51,  0.00,  0.16,  198681681,  186673000,   11979000,  212693364, c++, elite, mult, 8
583345.exe  ,  4.93,  1.58,  1.50,  0.00,  0.16,  198519787,  185478000,   13033000,  212364108, c++, elite, mult, 8
583345.exe  ,  5.20,  1.59,  1.52,  0.00,  0.16,  200219142,  185169000,   15013000,  214038432, c++, elite, mult, 8
583345.exe  ,  4.95,  1.59,  1.51,  0.00,  0.16,  199096856,  190089000,    9004000,  212592352, c++, elite, mult, 8
583345.exe  ,  4.97,  1.58,  1.50,  0.00,  0.16,  198681558,  187681000,   10981000,  212534195, c++, elite, mult, 8
5939929.exe ,  3.07,  0.96,  0.91,  0.00,  0.11,  120602744,  111632000,    8970000,  134505478, c++, elite, mult, 8
5939929.exe ,  3.05,  0.95,  0.91,  0.00,  0.11,  120611868,  109582000,   10958000,  134078825, c++, elite, mult, 8
5939929.exe ,  3.16,  0.96,  0.92,  0.00,  0.11,  122149643,  113031000,    9002000,  135441462, c++, elite, mult, 8
5939929.exe ,  3.09,  0.96,  0.92,  0.00,  0.11,  121377765,  110331000,   11033000,  134882791, c++, elite, mult, 8
5939929.exe ,  3.10,  0.97,  0.92,  0.00,  0.11,  122013015,  108990000,   12998000,  135356504, c++, elite, mult, 8
5939929.exe ,  3.27,  0.96,  0.92,  0.00,  0.11,  122040501,  110143000,   11907000,  136049446, c++, elite, mult, 8
5939929.exe ,  3.08,  0.95,  0.90,  0.00,  0.11,  120567440,  108592000,   11955000,  134262321, c++, elite, mult, 8
5939929.exe ,  3.09,  0.96,  0.91,  0.00,  0.11,  120482638,  113503000,    6969000,  134200405, c++, elite, mult, 8
5939929.exe ,  3.09,  0.96,  0.91,  0.00,  0.11,  121580022,  112582000,    8966000,  135440707, c++, elite, mult, 8
5939929.exe ,  3.16,  0.96,  0.92,  0.00,  0.11,  121092110,  115075000,    6003000,  134961505, c++, elite, mult, 8
5951191.exe ,  3.55,  1.12,  1.06,  0.00,  0.13,  140759602,  117792000,   22959000,  154736508, c++, elite, mult, 8
5951191.exe ,  3.67,  1.13,  1.07,  0.00,  0.13,  141294625,  118183000,   23035000,  155508026, c++, elite, mult, 8
5951191.exe ,  3.56,  1.12,  1.07,  0.00,  0.13,  141332754,  121278000,   20046000,  155276081, c++, elite, mult, 8
5951191.exe ,  3.57,  1.12,  1.07,  0.00,  0.13,  140818546,  123829000,   16976000,  154306413, c++, elite, mult, 8
5951191.exe ,  3.76,  1.13,  1.07,  0.00,  0.13,  142578184,  123634000,   18944000,  157564741, c++, elite, mult, 8
5951191.exe ,  3.55,  1.11,  1.06,  0.00,  0.13,  139673894,  119709000,   19951000,  153708536, c++, elite, mult, 8
5951191.exe ,  3.56,  1.12,  1.07,  0.00,  0.13,  141253134,  124153000,   17021000,  155214255, c++, elite, mult, 8
5951191.exe ,  3.73,  1.12,  1.07,  0.00,  0.13,  141117278,  117022000,   24004000,  155126508, c++, elite, mult, 8
5951191.exe ,  3.56,  1.12,  1.06,  0.00,  0.13,  140229293,  117190000,   23037000,  154123250, c++, elite, mult, 8
5951191.exe ,  3.71,  1.13,  1.07,  0.00,  0.13,  141273705,  122285000,   18889000,  155176172, c++, elite, mult, 8
6029527.exe ,  3.65,  1.13,  1.08,  0.00,  0.15,  144522045,  131467000,   13046000,  159298307, c++, elite, mult, 8
6029527.exe ,  3.75,  1.14,  1.08,  0.00,  0.15,  142747399,  132748000,    9981000,  156521691, c++, elite, mult, 8
6029527.exe ,  3.90,  1.14,  1.08,  0.00,  0.15,  142612048,  136607000,    5982000,  156788927, c++, elite, mult, 8
6029527.exe ,  3.74,  1.15,  1.09,  0.00,  0.15,  143949151,  129931000,   13992000,  157972900, c++, elite, mult, 8
6029527.exe ,  3.68,  1.14,  1.07,  0.00,  0.15,  142588421,  131526000,   11044000,  156621792, c++, elite, mult, 8
6029527.exe ,  3.74,  1.15,  1.09,  0.00,  0.15,  144179141,  128133000,   16016000,  157780222, c++, elite, mult, 8
6029527.exe ,  3.62,  1.13,  1.08,  0.00,  0.15,  142208709,  130173000,   12016000,  156528393, c++, elite, mult, 8
6029527.exe ,  3.70,  1.15,  1.08,  0.00,  0.15,  143610620,  127527000,   16066000,  157753514, c++, elite, mult, 8
6029527.exe ,  3.69,  1.14,  1.09,  0.00,  0.15,  144268240,  126345000,   17907000,  158090919, c++, elite, mult, 8
6029527.exe ,  3.69,  1.15,  1.09,  0.00,  0.15,  144100637,  133088000,   11007000,  157684134, c++, elite, mult, 8
6150316.exe ,  3.63,  1.14,  1.08,  0.00,  0.15,  142462771,  129332000,   13033000,  156783681, c++, elite, mult, 8
6150316.exe ,  3.70,  1.14,  1.08,  0.00,  0.15,  143152449,  129075000,   14008000,  157111720, c++, elite, mult, 8
6150316.exe ,  3.65,  1.14,  1.08,  0.00,  0.15,  142953107,  131922000,   10993000,  156674824, c++, elite, mult, 8
6150316.exe ,  3.62,  1.13,  1.07,  0.00,  0.15,  143075983,  133962000,    8997000,  157443561, c++, elite, mult, 8
6150316.exe ,  3.75,  1.14,  1.08,  0.00,  0.15,  142817765,  130820000,   11983000,  156737653, c++, elite, mult, 8
6150316.exe ,  3.68,  1.15,  1.08,  0.00,  0.15,  143515547,  128494000,   14941000,  157406392, c++, elite, mult, 8
6150316.exe ,  3.73,  1.15,  1.09,  0.00,  0.15,  143915296,  127777000,   16097000,  158328150, c++, elite, mult, 8
6150316.exe ,  3.79,  1.13,  1.07,  0.00,  0.15,  144951972,  137932000,    6996000,  159378255, c++, elite, mult, 8
6150316.exe ,  3.67,  1.14,  1.08,  0.00,  0.15,  143358936,  129345000,   13929000,  157121413, c++, elite, mult, 8
6150316.exe ,  3.64,  1.14,  1.08,  0.00,  0.15,  143024133,  135010000,    8000000,  157354657, c++, elite, mult, 8
6356869.exe ,  4.29,  1.33,  1.26,  0.00,  0.17,  166331923,  144264000,   22040000,  181188128, c++, elite, mult, 8
6356869.exe ,  4.36,  1.32,  1.25,  0.00,  0.17,  165940093,  145845000,   19978000,  179506183, c++, elite, mult, 8
6356869.exe ,  4.33,  1.35,  1.27,  0.00,  0.18,  169253906,  149335000,   19911000,  183306130, c++, elite, mult, 8
6356869.exe ,  4.24,  1.33,  1.26,  0.00,  0.17,  166255256,  136101000,   30022000,  180032970, c++, elite, mult, 8
6356869.exe ,  4.38,  1.33,  1.25,  0.00,  0.17,  166760152,  144704000,   21955000,  180151579, c++, elite, mult, 8
6356869.exe ,  4.24,  1.33,  1.25,  0.00,  0.17,  166725118,  141749000,   24955000,  181551170, c++, elite, mult, 8
6356869.exe ,  4.18,  1.30,  1.23,  0.00,  0.17,  166712745,  143612000,   23098000,  181127294, c++, elite, mult, 8
6356869.exe ,  4.38,  1.31,  1.24,  0.00,  0.17,  165633311,  141495000,   24084000,  179225115, c++, elite, mult, 8
6356869.exe ,  4.36,  1.34,  1.26,  0.00,  0.18,  167127633,  140184000,   26843000,  180946712, c++, elite, mult, 8
6356869.exe ,  4.27,  1.31,  1.24,  0.00,  0.17,  165473182,  141290000,   24049000,  179327477, c++, elite, mult, 8
6365371.exe ,  5.07,  1.62,  1.55,  0.00,  0.16,  203134795,  191105000,   12006000,  218221541, c++, elite, mult, 8
6365371.exe ,  5.05,  1.59,  1.51,  0.00,  0.16,  198734476,  181647000,   16967000,  212673187, c++, elite, mult, 8
6365371.exe ,  4.93,  1.58,  1.50,  0.00,  0.16,  197473200,  185327000,   12021000,  211360681, c++, elite, mult, 8
6365371.exe ,  4.91,  1.57,  1.50,  0.00,  0.16,  197334784,  187370000,    9966000,  211370403, c++, elite, mult, 8
6365371.exe ,  5.06,  1.57,  1.49,  0.00,  0.16,  197212650,  186161000,   11009000,  211075463, c++, elite, mult, 8
6365371.exe ,  4.97,  1.58,  1.50,  0.00,  0.16,  197663278,  189656000,    7985000,  211735051, c++, elite, mult, 8
6365371.exe ,  5.08,  1.57,  1.50,  0.00,  0.16,  197242370,  180162000,   17015000,  211145589, c++, elite, mult, 8
6365371.exe ,  4.92,  1.57,  1.49,  0.00,  0.16,  197336389,  185286000,   12018000,  211242338, c++, elite, mult, 8
6365371.exe ,  5.03,  1.59,  1.51,  0.00,  0.16,  198482186,  185493000,   12964000,  212340260, c++, elite, mult, 8
6365371.exe ,  5.16,  1.57,  1.50,  0.00,  0.16,  198139428,  185100000,   13007000,  211560790, c++, elite, mult, 8
6412422.exe , 13.72,  4.28,  4.07,  0.00,  0.47,  536567914,  515485000,   20979000,  550850577, c++, elite, mult, 8
6412422.exe , 13.53,  4.26,  4.05,  0.00,  0.47,  533740374,  511595000,   21982000,  547765551, c++, elite, mult, 8
6412422.exe , 13.49,  4.24,  4.03,  0.00,  0.47,  532406685,  517374000,   15010000,  546569838, c++, elite, mult, 8
6412422.exe , 13.44,  4.25,  4.05,  0.00,  0.47,  533808442,  506744000,   26986000,  547709443, c++, elite, mult, 8
6412422.exe , 13.43,  4.26,  4.06,  0.00,  0.47,  535486183,  510391000,   24970000,  549965324, c++, elite, mult, 8
6412422.exe , 13.45,  4.26,  4.06,  0.00,  0.47,  534520378,  512404000,   22017000,  548589241, c++, elite, mult, 8
6412422.exe , 13.40,  4.25,  4.05,  0.00,  0.47,  534313175,  507186000,   27009000,  548388177, c++, elite, mult, 8
6412422.exe , 13.45,  4.24,  4.03,  0.00,  0.47,  531531114,  512512000,   18981000,  545516486, c++, elite, mult, 8
6412422.exe , 13.44,  4.27,  4.06,  0.00,  0.47,  535859077,  512857000,   22993000,  549675291, c++, elite, mult, 8
6412422.exe , 13.48,  4.24,  4.03,  0.00,  0.47,  531454831,  517424000,   13984000,  545448971, c++, elite, mult, 8
664533.exe  ,  3.20,  1.01,  0.96,  0.00,  0.12,  126829998,  104811000,   21960000,  140354916, c++, elite, mult, 8
664533.exe  ,  3.18,  1.00,  0.95,  0.00,  0.12,  126383187,  109316000,   17049000,  139984408, c++, elite, mult, 8
664533.exe  ,  3.18,  1.00,  0.95,  0.00,  0.12,  126118290,  109004000,   17000000,  139687526, c++, elite, mult, 8
664533.exe  ,  3.31,  1.01,  0.96,  0.00,  0.12,  127098310,  113073000,   14009000,  141442902, c++, elite, mult, 8
664533.exe  ,  3.21,  1.01,  0.96,  0.00,  0.12,  127071174,  108998000,   17999000,  141001771, c++, elite, mult, 8
664533.exe  ,  3.24,  1.01,  0.96,  0.00,  0.12,  126786785,  112758000,   13970000,  140602248, c++, elite, mult, 8
664533.exe  ,  3.36,  1.01,  0.96,  0.00,  0.12,  126484830,  105566000,   20914000,  140953073, c++, elite, mult, 8
664533.exe  ,  3.23,  1.01,  0.96,  0.00,  0.12,  126716094,  106740000,   19951000,  140556217, c++, elite, mult, 8
664533.exe  ,  3.18,  0.97,  0.92,  0.00,  0.12,  127714399,  106595000,   21118000,  142585477, c++, elite, mult, 8
664533.exe  ,  3.22,  0.99,  0.94,  0.00,  0.12,  126524831,  108581000,   17930000,  140375830, c++, elite, mult, 8
6753379.exe ,  3.89,  1.21,  1.15,  0.00,  0.15,  154037910,  137021000,   17002000,  168401161, c++, elite, mult, 8
6753379.exe ,  4.04,  1.22,  1.17,  0.00,  0.15,  154274692,  137235000,   17029000,  168230511, c++, elite, mult, 8
6753379.exe ,  3.90,  1.22,  1.15,  0.00,  0.15,  153226305,  138194000,   15021000,  167438245, c++, elite, mult, 8
6753379.exe ,  3.98,  1.23,  1.17,  0.00,  0.15,  154426961,  135501000,   18930000,  168015773, c++, elite, mult, 8
6753379.exe ,  4.05,  1.24,  1.18,  0.00,  0.15,  155306512,  142265000,   13024000,  169846468, c++, elite, mult, 8
6753379.exe ,  3.92,  1.23,  1.16,  0.00,  0.15,  153884565,  135888000,   17985000,  167839163, c++, elite, mult, 8
6753379.exe ,  3.96,  1.23,  1.17,  0.00,  0.15,  154579796,  143596000,   10969000,  168687529, c++, elite, mult, 8
6753379.exe ,  3.96,  1.22,  1.16,  0.00,  0.15,  153847606,  135853000,   17980000,  167806894, c++, elite, mult, 8
6753379.exe ,  4.08,  1.24,  1.17,  0.00,  0.15,  156879827,  145802000,   11060000,  171808985, c++, elite, mult, 8
6753379.exe ,  3.97,  1.23,  1.17,  0.00,  0.15,  154038374,  135999000,   17999000,  167729943, c++, elite, mult, 8
6826535.exe ,  7.91,  2.52,  2.39,  0.00,  0.25,  315593717,  295582000,   19971000,  329732925, c++, elite, mult, 8
6826535.exe ,  7.94,  2.52,  2.40,  0.00,  0.25,  316245066,  299226000,   17012000,  330280746, c++, elite, mult, 8
6826535.exe ,  8.23,  2.54,  2.42,  0.00,  0.25,  318126334,  305029000,   13001000,  332125028, c++, elite, mult, 8
6826535.exe ,  8.05,  2.57,  2.45,  0.00,  0.25,  322549405,  310535000,   11982000,  336528221, c++, elite, mult, 8
6826535.exe ,  7.99,  2.51,  2.39,  0.00,  0.25,  315596517,  293491000,   22036000,  329496189, c++, elite, mult, 8
6826535.exe ,  8.05,  2.53,  2.41,  0.00,  0.25,  317726125,  298721000,   18982000,  331728614, c++, elite, mult, 8
6826535.exe ,  7.87,  2.50,  2.39,  0.00,  0.25,  315678568,  297682000,   17980000,  329598536, c++, elite, mult, 8
6826535.exe ,  8.34,  2.55,  2.43,  0.00,  0.26,  320516787,  302083000,   18064000,  334489528, c++, elite, mult, 8
6826535.exe ,  8.15,  2.55,  2.43,  0.00,  0.25,  320027914,  306760000,   12989000,  334174044, c++, elite, mult, 8
6826535.exe ,  7.95,  2.52,  2.40,  0.00,  0.25,  316117372,  299110000,   17006000,  330847969, c++, elite, mult, 8
6880009.exe ,  3.25,  0.99,  0.94,  0.00,  0.12,  123892718,  115861000,    7990000,  138293852, c++, elite, mult, 8
6880009.exe ,  3.19,  0.99,  0.94,  0.00,  0.12,  124652344,  113548000,   11053000,  137994797, c++, elite, mult, 8
6880009.exe ,  3.20,  0.99,  0.94,  0.00,  0.12,  124839898,  115842000,    8987000,  138400367, c++, elite, mult, 8
6880009.exe ,  3.33,  0.99,  0.94,  0.00,  0.12,  124306199,  113363000,   10938000,  138297335, c++, elite, mult, 8
6880009.exe ,  3.19,  0.99,  0.95,  0.00,  0.12,  125563632,  118587000,    6975000,  138934281, c++, elite, mult, 8
6880009.exe ,  3.22,  1.00,  0.95,  0.00,  0.12,  125908386,  116789000,    8983000,  139436346, c++, elite, mult, 8
6880009.exe ,  3.30,  1.00,  0.95,  0.00,  0.12,  125780433,  116702000,    9054000,  139675979, c++, elite, mult, 8
6880009.exe ,  3.20,  0.99,  0.94,  0.00,  0.12,  124356181,  116336000,    8023000,  138299034, c++, elite, mult, 8
6880009.exe ,  3.25,  1.00,  0.95,  0.00,  0.12,  125949537,  117932000,    7995000,  139296607, c++, elite, mult, 8
6880009.exe ,  3.21,  0.99,  0.95,  0.00,  0.12,  125383285,  115389000,    9947000,  139321454, c++, elite, mult, 8
6956243.exe ,  3.22,  1.00,  0.95,  0.00,  0.12,  126934624,  114932000,   11992000,  140843472, c++, elite, mult, 8
6956243.exe ,  3.35,  0.99,  0.94,  0.00,  0.12,  124916196,  108917000,   15987000,  138518725, c++, elite, mult, 8
6956243.exe ,  3.24,  1.00,  0.95,  0.00,  0.12,  125104458,  101024000,   24005000,  139071218, c++, elite, mult, 8
6956243.exe ,  3.22,  0.99,  0.94,  0.00,  0.12,  124791604,  105788000,   18962000,  138328468, c++, elite, mult, 8
6956243.exe ,  3.28,  0.99,  0.94,  0.00,  0.12,  124453915,  108449000,   15919000,  137816414, c++, elite, mult, 8
6956243.exe ,  3.19,  0.99,  0.94,  0.00,  0.12,  124032400,  107016000,   17002000,  138223603, c++, elite, mult, 8
6956243.exe ,  3.21,  1.00,  0.95,  0.00,  0.12,  124965829,  106959000,   17993000,  139068127, c++, elite, mult, 8
6956243.exe ,  3.20,  0.99,  0.93,  0.00,  0.12,  125414287,  112372000,   13043000,  138987789, c++, elite, mult, 8
6956243.exe ,  3.31,  1.00,  0.94,  0.00,  0.12,  124746201,  107522000,   17083000,  138330218, c++, elite, mult, 8
6956243.exe ,  3.19,  0.99,  0.94,  0.00,  0.12,  125594077,  107471000,   18079000,  139258565, c++, elite, mult, 8
7134438.exe ,  5.40,  1.66,  1.58,  0.00,  0.17,  207989572,  194977000,   12998000,  222305315, c++, elite, mult, 8
7134438.exe ,  5.33,  1.67,  1.59,  0.00,  0.17,  208834259,  192765000,   16063000,  223292027, c++, elite, mult, 8
7134438.exe ,  5.40,  1.67,  1.58,  0.00,  0.17,  208620480,  187657000,   20961000,  222474616, c++, elite, mult, 8
7134438.exe ,  5.27,  1.66,  1.58,  0.00,  0.17,  207959168,  195882000,   12054000,  222179758, c++, elite, mult, 8
7134438.exe ,  5.30,  1.67,  1.58,  0.00,  0.17,  208727437,  196661000,   12040000,  222678148, c++, elite, mult, 8
7134438.exe ,  5.27,  1.66,  1.58,  0.00,  0.17,  208394135,  190259000,   18024000,  222015871, c++, elite, mult, 8
7134438.exe ,  5.29,  1.67,  1.59,  0.00,  0.17,  209033761,  197016000,   12000000,  223279334, c++, elite, mult, 8
7134438.exe ,  5.47,  1.67,  1.59,  0.00,  0.17,  209001654,  193863000,   15067000,  222950268, c++, elite, mult, 8
7134438.exe ,  5.39,  1.68,  1.60,  0.00,  0.17,  211094128,  197940000,   12996000,  224990390, c++, elite, mult, 8
7134438.exe ,  5.49,  1.67,  1.59,  0.00,  0.17,  208775717,  195729000,   12982000,  223185486, c++, elite, mult, 8
7146933.exe ,  2.78,  0.82,  0.78,  0.00,  0.10,  110158785,   96135000,   14019000,  125248735, c++, elite, mult, 8
7146933.exe ,  2.85,  0.87,  0.82,  0.00,  0.10,  108537213,   92389000,   16067000,  122331489, c++, elite, mult, 8
7146933.exe ,  2.76,  0.86,  0.82,  0.00,  0.10,  107865695,   93737000,   14110000,  121448722, c++, elite, mult, 8
7146933.exe ,  2.79,  0.86,  0.82,  0.00,  0.10,  108323813,   97322000,   10923000,  122094464, c++, elite, mult, 8
7146933.exe ,  2.79,  0.86,  0.82,  0.00,  0.10,  108644111,   95673000,   12955000,  122073409, c++, elite, mult, 8
7146933.exe ,  2.91,  0.86,  0.82,  0.00,  0.10,  108279826,   92228000,   16039000,  122112373, c++, elite, mult, 8
7146933.exe ,  2.82,  0.87,  0.82,  0.00,  0.10,  108374500,   90211000,   18042000,  122371004, c++, elite, mult, 8
7146933.exe ,  2.76,  0.86,  0.81,  0.00,  0.10,  107288250,   91242000,   16042000,  121476411, c++, elite, mult, 8
7146933.exe ,  2.86,  0.86,  0.82,  0.00,  0.10,  108090950,   92073000,   16012000,  122612180, c++, elite, mult, 8
7146933.exe ,  2.94,  0.87,  0.82,  0.00,  0.10,  108436987,   95281000,   13038000,  122407817, c++, elite, mult, 8
7157072.exe ,  3.64,  1.07,  1.01,  0.00,  0.13,  134653816,  122510000,   12050000,  148475575, c++, elite, mult, 8
7157072.exe ,  3.48,  1.06,  1.01,  0.00,  0.13,  134004205,  122998000,   10999000,  147915351, c++, elite, mult, 8
7157072.exe ,  3.53,  1.07,  1.01,  0.00,  0.13,  135426545,  123389000,   12038000,  150203621, c++, elite, mult, 8
7157072.exe ,  3.60,  1.06,  1.01,  0.00,  0.13,  134206140,  120173000,   14020000,  148158295, c++, elite, mult, 8
7157072.exe ,  3.43,  1.06,  1.01,  0.00,  0.13,  133881866,  121828000,   11983000,  147874513, c++, elite, mult, 8
7157072.exe ,  3.47,  1.07,  1.02,  0.00,  0.13,  134332816,  124297000,    9943000,  147877032, c++, elite, mult, 8
7157072.exe ,  3.59,  1.06,  1.01,  0.00,  0.13,  133038513,  120978000,   11997000,  147333390, c++, elite, mult, 8
7157072.exe ,  3.38,  1.05,  1.01,  0.00,  0.13,  132766329,  120775000,   11977000,  146766656, c++, elite, mult, 8
7157072.exe ,  3.46,  1.06,  1.01,  0.00,  0.13,  133919134,  126914000,    6995000,  147797479, c++, elite, mult, 8
7157072.exe ,  3.51,  1.07,  1.02,  0.00,  0.13,  134529020,  124480000,   10038000,  148411653, c++, elite, mult, 8
7215078.exe ,  3.45,  1.03,  0.97,  0.00,  0.14,  136480461,  127447000,    9031000,  151698641, c++, elite, mult, 8
7215078.exe ,  3.50,  1.07,  1.02,  0.00,  0.14,  134559827,  119513000,   14939000,  147964453, c++, elite, mult, 8
7215078.exe ,  3.59,  1.07,  1.02,  0.00,  0.14,  134089592,  126068000,    8004000,  147794490, c++, elite, mult, 8
7215078.exe ,  3.42,  1.06,  1.01,  0.00,  0.14,  133450354,  122326000,   11029000,  147411152, c++, elite, mult, 8
7215078.exe ,  3.44,  1.06,  1.01,  0.00,  0.14,  133697360,  119701000,   13965000,  147657856, c++, elite, mult, 8
7215078.exe ,  3.72,  1.06,  1.00,  0.00,  0.14,  135325241,  124286000,   11025000,  149197351, c++, elite, mult, 8
7215078.exe ,  3.62,  1.07,  1.01,  0.00,  0.14,  134201364,  124239000,    9939000,  148592519, c++, elite, mult, 8
7215078.exe ,  3.49,  1.08,  1.01,  0.00,  0.14,  134130164,  125109000,    9007000,  148007335, c++, elite, mult, 8
7215078.exe ,  3.54,  1.07,  1.01,  0.00,  0.14,  133985519,  127968000,    5998000,  147941234, c++, elite, mult, 8
7215078.exe ,  3.48,  1.06,  1.01,  0.00,  0.14,  134052986,  121018000,   13001000,  147621570, c++, elite, mult, 8
7237563.exe ,  3.12,  0.90,  0.85,  0.00,  0.11,  118995143,  100992000,   17998000,  134144646, c++, elite, mult, 8
7237563.exe ,  3.01,  0.93,  0.88,  0.00,  0.11,  116767264,  103739000,   12967000,  130209581, c++, elite, mult, 8
7237563.exe ,  2.96,  0.92,  0.87,  0.00,  0.11,  115997329,   98996000,   16999000,  129414211, c++, elite, mult, 8
7237563.exe ,  3.03,  0.93,  0.89,  0.00,  0.11,  117296501,  108214000,    9017000,  130764808, c++, elite, mult, 8
7237563.exe ,  3.09,  0.92,  0.88,  0.00,  0.11,  115772274,  101787000,   13970000,  129616668, c++, elite, mult, 8
7237563.exe ,  2.97,  0.93,  0.88,  0.00,  0.11,  116139479,  102108000,   14014000,  129587283, c++, elite, mult, 8
7237563.exe ,  2.98,  0.92,  0.88,  0.00,  0.11,  117048544,  102948000,   13992000,  131464068, c++, elite, mult, 8
7237563.exe ,  3.00,  0.92,  0.87,  0.00,  0.11,  115783124,  100809000,   14971000,  129595753, c++, elite, mult, 8
7237563.exe ,  2.96,  0.92,  0.87,  0.00,  0.11,  115441534,  102480000,   12934000,  128838329, c++, elite, mult, 8
7237563.exe ,  2.93,  0.91,  0.87,  0.00,  0.11,  115545595,  105585000,    9960000,  129223357, c++, elite, mult, 8
7312694.exe ,  2.90,  0.86,  0.81,  0.00,  0.10,  106455220,   90375000,   16066000,  121154170, c++, elite, mult, 8
7312694.exe ,  2.71,  0.84,  0.80,  0.00,  0.10,  106454749,   94455000,   11931000,  120136726, c++, elite, mult, 8
7312694.exe ,  2.78,  0.85,  0.80,  0.00,  0.10,  106293957,   93214000,   13030000,  119660292, c++, elite, mult, 8
7312694.exe ,  2.71,  0.83,  0.79,  0.00,  0.10,  108177975,   95139000,   13019000,  122964203, c++, elite, mult, 8
7312694.exe ,  2.89,  0.84,  0.81,  0.00,  0.10,  106695010,   93716000,   12960000,  120424075, c++, elite, mult, 8
7312694.exe ,  2.78,  0.85,  0.80,  0.00,  0.10,  106353305,   94274000,   12034000,  120078922, c++, elite, mult, 8
7312694.exe ,  2.80,  0.84,  0.80,  0.00,  0.10,  107782445,   88553000,   19119000,  122269925, c++, elite, mult, 8
7312694.exe ,  2.74,  0.86,  0.81,  0.00,  0.10,  106357351,   92274000,   14041000,  120705228, c++, elite, mult, 8
7312694.exe ,  2.82,  0.85,  0.80,  0.00,  0.10,  106402363,   94342000,   12043000,  120063920, c++, elite, mult, 8
7312694.exe ,  2.72,  0.85,  0.81,  0.00,  0.10,  106898518,   93689000,   13096000,  120540702, c++, elite, mult, 8
7373244.exe ,  4.90,  1.55,  1.47,  0.00,  0.15,  194610485,  175539000,   19058000,  208563372, c++, elite, mult, 8
7373244.exe ,  5.14,  1.57,  1.49,  0.00,  0.16,  200063167,  188926000,   10995000,  215312577, c++, elite, mult, 8
7373244.exe ,  4.88,  1.55,  1.47,  0.00,  0.15,  193619633,  174547000,   19059000,  207152517, c++, elite, mult, 8
7373244.exe ,  4.90,  1.54,  1.46,  0.00,  0.15,  193290738,  181267000,   12017000,  207330137, c++, elite, mult, 8
7373244.exe ,  5.02,  1.54,  1.47,  0.00,  0.15,  193941400,  179937000,   13995000,  207921104, c++, elite, mult, 8
7373244.exe ,  4.96,  1.55,  1.48,  0.00,  0.15,  195017680,  181929000,   13066000,  208800673, c++, elite, mult, 8
7373244.exe ,  5.12,  1.55,  1.47,  0.00,  0.15,  194719387,  174744000,   19970000,  208584118, c++, elite, mult, 8
7373244.exe ,  4.90,  1.54,  1.46,  0.00,  0.15,  192661894,  179673000,   12976000,  206473624, c++, elite, mult, 8
7373244.exe ,  4.90,  1.52,  1.45,  0.00,  0.15,  193464174,  175369000,   18038000,  207864742, c++, elite, mult, 8
7373244.exe ,  4.85,  1.53,  1.46,  0.00,  0.15,  192981550,  168959000,   23994000,  206800979, c++, elite, mult, 8
7380531.exe ,  3.45,  1.04,  0.99,  0.00,  0.13,  131412130,  116341000,   15044000,  144914347, c++, elite, mult, 8
7380531.exe ,  3.47,  1.05,  1.00,  0.00,  0.13,  132886636,  113742000,   19124000,  146841093, c++, elite, mult, 8
7380531.exe ,  3.59,  1.03,  0.98,  0.00,  0.13,  131958178,  111950000,   19991000,  145630017, c++, elite, mult, 8
7380531.exe ,  3.51,  1.04,  0.99,  0.00,  0.13,  131364136,  120213000,   11019000,  144862389, c++, elite, mult, 8
7380531.exe ,  3.46,  1.05,  1.00,  0.00,  0.13,  131950333,  120865000,   10987000,  145411690, c++, elite, mult, 8
7380531.exe ,  3.52,  1.05,  0.99,  0.00,  0.13,  131597433,  114511000,   17076000,  145361822, c++, elite, mult, 8
7380531.exe ,  3.48,  1.06,  1.00,  0.00,  0.13,  132237456,  111137000,   21026000,  146550717, c++, elite, mult, 8
7380531.exe ,  3.47,  1.06,  1.01,  0.00,  0.13,  132414809,  109362000,   22866000,  147064619, c++, elite, mult, 8
7380531.exe ,  3.45,  1.05,  0.99,  0.00,  0.13,  131989776,  112976000,   18996000,  145495826, c++, elite, mult, 8
7380531.exe ,  3.50,  1.04,  0.99,  0.00,  0.13,  131590933,  112637000,   18939000,  145403575, c++, elite, mult, 8
7437719.exe ,  2.78,  0.86,  0.82,  0.00,  0.10,  108912942,   97819000,   10979000,  122922489, c++, elite, mult, 8
7437719.exe ,  2.84,  0.87,  0.82,  0.00,  0.10,  109164361,   97111000,   12013000,  122924313, c++, elite, mult, 8
7437719.exe ,  2.77,  0.87,  0.82,  0.00,  0.10,  109011169,   91975000,   16995000,  122578899, c++, elite, mult, 8
7437719.exe ,  2.80,  0.88,  0.82,  0.00,  0.10,  109153241,   98129000,   11014000,  122810808, c++, elite, mult, 8
7437719.exe ,  2.81,  0.88,  0.83,  0.00,  0.10,  109555551,   97382000,   12047000,  123668140, c++, elite, mult, 8
7437719.exe ,  2.91,  0.87,  0.83,  0.00,  0.10,  109232359,   98141000,   11015000,  122841629, c++, elite, mult, 8
7437719.exe ,  2.80,  0.88,  0.83,  0.00,  0.10,  109901315,  106808000,    3022000,  123459331, c++, elite, mult, 8
7437719.exe ,  2.83,  0.88,  0.84,  0.00,  0.10,  110188610,   96142000,   14020000,  124087847, c++, elite, mult, 8
7437719.exe ,  2.80,  0.87,  0.83,  0.00,  0.10,  111174572,   96270000,   14887000,  124636866, c++, elite, mult, 8
7437719.exe ,  2.96,  0.87,  0.82,  0.00,  0.10,  109553974,   93405000,   16069000,  123561161, c++, elite, mult, 8
7554059.exe ,  5.31,  1.61,  1.53,  0.00,  0.20,  203101042,  183058000,   20006000,  216818679, c++, elite, mult, 8
7554059.exe ,  5.24,  1.62,  1.53,  0.00,  0.20,  203733929,  184737000,   18973000,  217384253, c++, elite, mult, 8
7554059.exe ,  5.47,  1.63,  1.54,  0.00,  0.20,  205169418,  184104000,   21011000,  219065623, c++, elite, mult, 8
7554059.exe ,  5.14,  1.62,  1.53,  0.00,  0.20,  203199336,  170150000,   33029000,  217090523, c++, elite, mult, 8
7554059.exe ,  5.15,  1.61,  1.53,  0.00,  0.20,  203225997,  172296000,   30873000,  217218752, c++, elite, mult, 8
7554059.exe ,  5.25,  1.61,  1.52,  0.00,  0.20,  203897952,  172740000,   31133000,  218277529, c++, elite, mult, 8
7554059.exe ,  5.19,  1.62,  1.53,  0.00,  0.20,  202538931,  183435000,   19045000,  216445005, c++, elite, mult, 8
7554059.exe ,  5.28,  1.61,  1.52,  0.00,  0.20,  202165309,  177118000,   25016000,  216355984, c++, elite, mult, 8
7554059.exe ,  5.17,  1.61,  1.53,  0.00,  0.20,  203851771,  174833000,   28972000,  217783843, c++, elite, mult, 8
7554059.exe ,  5.35,  1.62,  1.54,  0.00,  0.20,  204354267,  185368000,   18935000,  218325708, c++, elite, mult, 8
7612871.exe ,  2.96,  0.92,  0.87,  0.00,  0.11,  116890779,  111847000,    4949000,  131141375, c++, elite, mult, 8
7612871.exe ,  3.10,  0.94,  0.89,  0.00,  0.11,  117516857,  108364000,    9030000,  131210731, c++, elite, mult, 8
7612871.exe ,  3.06,  0.92,  0.88,  0.00,  0.11,  117004248,  111000000,    6000000,  130651834, c++, elite, mult, 8
7612871.exe ,  3.00,  0.91,  0.87,  0.00,  0.11,  117229276,  111219000,    6011000,  131965468, c++, elite, mult, 8
7612871.exe ,  2.97,  0.92,  0.88,  0.00,  0.11,  115662421,  111582000,    4021000,  129379864, c++, elite, mult, 8
7612871.exe ,  3.16,  0.93,  0.89,  0.00,  0.11,  116841511,  111747000,    4988000,  131047278, c++, elite, mult, 8
7612871.exe ,  3.04,  0.92,  0.88,  0.00,  0.11,  115906337,  111895000,    3996000,  129337850, c++, elite, mult, 8
7612871.exe ,  3.02,  0.93,  0.89,  0.00,  0.11,  116305119,  110234000,    6012000,  131037299, c++, elite, mult, 8
7612871.exe ,  2.98,  0.91,  0.88,  0.00,  0.10,  115764207,  106763000,    8980000,  129700623, c++, elite, mult, 8
7612871.exe ,  3.10,  0.92,  0.88,  0.00,  0.10,  115830033,  113799000,    2014000,  129484787, c++, elite, mult, 8
7661171.exe ,  5.15,  1.61,  1.53,  0.00,  0.17,  203529308,  186490000,   16953000,  217317888, c++, elite, mult, 8
7661171.exe ,  5.16,  1.61,  1.53,  0.00,  0.17,  202683712,  186620000,   15967000,  217099737, c++, elite, mult, 8
7661171.exe ,  5.32,  1.62,  1.54,  0.00,  0.17,  202769363,  187721000,   14977000,  216379589, c++, elite, mult, 8
7661171.exe ,  5.12,  1.60,  1.53,  0.00,  0.16,  201377769,  192344000,    8969000,  215140433, c++, elite, mult, 8
7661171.exe ,  5.16,  1.59,  1.52,  0.00,  0.16,  200297735,  188243000,   12015000,  214041514, c++, elite, mult, 8
7661171.exe ,  5.04,  1.60,  1.52,  0.00,  0.16,  200861688,  188803000,   11987000,  214649685, c++, elite, mult, 8
7661171.exe ,  5.11,  1.61,  1.52,  0.00,  0.17,  201373852,  193344000,    8014000,  215389762, c++, elite, mult, 8
7661171.exe ,  5.19,  1.61,  1.53,  0.00,  0.17,  201865389,  188771000,   13053000,  216431878, c++, elite, mult, 8
7661171.exe ,  5.11,  1.61,  1.53,  0.00,  0.17,  201280665,  186233000,   15018000,  215035193, c++, elite, mult, 8
7661171.exe ,  5.24,  1.60,  1.52,  0.00,  0.16,  201274204,  191208000,   10010000,  214710963, c++, elite, mult, 8
7780349.exe ,  4.42,  1.39,  1.32,  0.00,  0.13,  174603995,  166543000,    8026000,  188271222, c++, elite, mult, 8
7780349.exe ,  4.36,  1.38,  1.32,  0.00,  0.13,  174670959,  167653000,    6985000,  188125259, c++, elite, mult, 8
7780349.exe ,  4.59,  1.41,  1.35,  0.00,  0.13,  177851318,  161784000,   15978000,  191893191, c++, elite, mult, 8
7780349.exe ,  4.47,  1.40,  1.33,  0.00,  0.13,  175427264,  163460000,   11960000,  189278128, c++, elite, mult, 8
7780349.exe ,  4.39,  1.39,  1.32,  0.00,  0.13,  174622191,  159624000,   14964000,  188564307, c++, elite, mult, 8
7780349.exe ,  4.56,  1.39,  1.32,  0.00,  0.13,  174525776,  157438000,   16939000,  188962963, c++, elite, mult, 8
7780349.exe ,  4.40,  1.39,  1.32,  0.00,  0.13,  174087341,  165065000,    9003000,  187898527, c++, elite, mult, 8
7780349.exe ,  4.41,  1.39,  1.32,  0.00,  0.13,  174273916,  162247000,   12018000,  187570372, c++, elite, mult, 8
7780349.exe ,  4.42,  1.40,  1.33,  0.00,  0.13,  174720768,  167635000,    7026000,  188127567, c++, elite, mult, 8
7780349.exe ,  4.38,  1.39,  1.32,  0.00,  0.13,  174753921,  164759000,    9985000,  188194049, c++, elite, mult, 8
7802800.exe ,  4.59,  1.47,  1.40,  0.00,  0.14,  183540300,  176405000,    7016000,  197558691, c++, elite, mult, 8
7802800.exe ,  4.56,  1.46,  1.39,  0.00,  0.14,  182678304,  178662000,    4014000,  196492601, c++, elite, mult, 8
7802800.exe ,  4.73,  1.47,  1.41,  0.00,  0.14,  185244943,  178190000,    7007000,  198513636, c++, elite, mult, 8
7802800.exe ,  4.59,  1.47,  1.40,  0.00,  0.14,  183784668,  173788000,    9987000,  197234715, c++, elite, mult, 8
7802800.exe ,  4.73,  1.46,  1.39,  0.00,  0.14,  182651026,  178639000,    3991000,  196646885, c++, elite, mult, 8
7802800.exe ,  4.53,  1.44,  1.37,  0.00,  0.14,  183084612,  176073000,    7002000,  197950168, c++, elite, mult, 8
7802800.exe ,  4.59,  1.46,  1.39,  0.00,  0.14,  183689993,  177694000,    5989000,  197451029, c++, elite, mult, 8
7802800.exe ,  4.72,  1.46,  1.39,  0.00,  0.14,  183099898,  173021000,   10001000,  196958223, c++, elite, mult, 8
7802800.exe ,  4.63,  1.46,  1.39,  0.00,  0.14,  182825343,  177819000,    4994000,  196530802, c++, elite, mult, 8
7802800.exe ,  4.72,  1.47,  1.39,  0.00,  0.14,  183442541,  177398000,    6013000,  199587868, c++, elite, mult, 8
8189747.exe ,  3.36,  1.04,  0.99,  0.00,  0.13,  130880740,  114027000,   16856000,  144795898, c++, elite, mult, 8
8189747.exe ,  3.42,  1.03,  0.98,  0.00,  0.13,  129640731,  115671000,   13960000,  143596872, c++, elite, mult, 8
8189747.exe ,  3.35,  1.05,  0.99,  0.00,  0.13,  130432863,  123364000,    7020000,  144553363, c++, elite, mult, 8
8189747.exe ,  3.31,  1.03,  0.98,  0.00,  0.13,  129648520,  119668000,    9972000,  143370490, c++, elite, mult, 8
8189747.exe ,  3.35,  1.04,  0.98,  0.00,  0.13,  130566874,  118590000,   11958000,  144450629, c++, elite, mult, 8
8189747.exe ,  3.44,  1.04,  0.99,  0.00,  0.13,  131103936,  126096000,    5003000,  144598295, c++, elite, mult, 8
8189747.exe ,  3.33,  1.04,  0.98,  0.00,  0.13,  130174747,  120156000,   10013000,  144335035, c++, elite, mult, 8
8189747.exe ,  3.36,  1.04,  0.98,  0.00,  0.13,  130253586,  115321000,   14912000,  143616399, c++, elite, mult, 8
8189747.exe ,  3.50,  1.04,  0.98,  0.00,  0.13,  129626560,  124596000,    4983000,  144180160, c++, elite, mult, 8
8189747.exe ,  3.32,  1.03,  0.98,  0.00,  0.13,  129900414,  120815000,    9061000,  144261851, c++, elite, mult, 8
8377242.exe ,  3.78,  1.12,  1.06,  0.00,  0.14,  139991148,  120981000,   18997000,  154303716, c++, elite, mult, 8
8377242.exe ,  3.62,  1.12,  1.06,  0.00,  0.14,  140983222,  127896000,   12989000,  157031985, c++, elite, mult, 8
8377242.exe ,  3.58,  1.11,  1.06,  0.00,  0.14,  140010189,  120994000,   18999000,  153417234, c++, elite, mult, 8
8377242.exe ,  3.69,  1.11,  1.05,  0.00,  0.14,  140310134,  126371000,   13930000,  154170820, c++, elite, mult, 8
8377242.exe ,  3.71,  1.12,  1.06,  0.00,  0.14,  141422738,  127475000,   13942000,  155711244, c++, elite, mult, 8
8377242.exe ,  3.58,  1.11,  1.05,  0.00,  0.14,  139885373,  123890000,   15985000,  153611296, c++, elite, mult, 8
8377242.exe ,  3.67,  1.10,  1.05,  0.00,  0.14,  140097355,  126071000,   14007000,  154195572, c++, elite, mult, 8
8377242.exe ,  3.60,  1.11,  1.06,  0.00,  0.14,  139959536,  125956000,   13995000,  153540378, c++, elite, mult, 8
8377242.exe ,  3.59,  1.12,  1.06,  0.00,  0.14,  139790999,  128787000,   10981000,  154372432, c++, elite, mult, 8
8377242.exe ,  3.63,  1.12,  1.06,  0.00,  0.14,  139964409,  123951000,   15993000,  154523151, c++, elite, mult, 8
8396836.exe ,  3.03,  0.93,  0.88,  0.00,  0.11,  115984803,  111927000,    4033000,  129925064, c++, elite, mult, 8
8396836.exe ,  3.03,  0.92,  0.88,  0.00,  0.11,  115812005,  110807000,    4991000,  129422041, c++, elite, mult, 8
8396836.exe ,  3.03,  0.93,  0.89,  0.00,  0.11,  117847105,  111785000,    6042000,  132239928, c++, elite, mult, 8
8396836.exe ,  3.00,  0.93,  0.88,  0.00,  0.11,  116877546,  108874000,    7990000,  130525164, c++, elite, mult, 8
8396836.exe ,  3.13,  0.91,  0.87,  0.00,  0.11,  117575775,  111602000,    5978000,  132327354, c++, elite, mult, 8
8396836.exe ,  2.98,  0.92,  0.87,  0.00,  0.11,  116158689,  112042000,    4001000,  129865350, c++, elite, mult, 8
8396836.exe ,  2.99,  0.92,  0.88,  0.00,  0.11,  115795492,  107759000,    7982000,  129542398, c++, elite, mult, 8
8396836.exe ,  3.07,  0.95,  0.89,  0.00,  0.11,  117257124,  109182000,    8013000,  131929337, c++, elite, mult, 8
8396836.exe ,  3.12,  0.92,  0.87,  0.00,  0.11,  116020791,  106966000,    8997000,  129319213, c++, elite, mult, 8
8396836.exe ,  3.00,  0.93,  0.88,  0.00,  0.11,  116515488,  112477000,    4017000,  130298666, c++, elite, mult, 8
8461317.exe ,  5.13,  1.58,  1.51,  0.00,  0.15,  199309690,  189288000,   10015000,  213387105, c++, elite, mult, 8
8461317.exe ,  5.08,  1.59,  1.52,  0.00,  0.15,  199791222,  185613000,   14046000,  213391513, c++, elite, mult, 8
8461317.exe ,  5.19,  1.60,  1.53,  0.00,  0.15,  200826847,  184734000,   16063000,  215242507, c++, elite, mult, 8
8461317.exe ,  5.03,  1.59,  1.52,  0.00,  0.15,  200022564,  179914000,   19990000,  213969422, c++, elite, mult, 8
8461317.exe ,  5.09,  1.60,  1.52,  0.00,  0.15,  200125931,  184086000,   16007000,  213916468, c++, elite, mult, 8
8461317.exe ,  5.02,  1.58,  1.51,  0.00,  0.15,  199949300,  185939000,   13995000,  214368197, c++, elite, mult, 8
8461317.exe ,  5.06,  1.59,  1.51,  0.00,  0.15,  201363329,  184369000,   16942000,  215216262, c++, elite, mult, 8
8461317.exe ,  5.17,  1.59,  1.51,  0.00,  0.15,  199435931,  183467000,   15953000,  213203666, c++, elite, mult, 8
8461317.exe ,  5.08,  1.60,  1.52,  0.00,  0.16,  201413815,  185443000,   15952000,  215389670, c++, elite, mult, 8
8461317.exe ,  5.28,  1.60,  1.53,  0.00,  0.15,  201138239,  183032000,   18003000,  215123544, c++, elite, mult, 8
877792.exe  ,  3.45,  1.05,  1.00,  0.00,  0.13,  135515944,  124542000,   10959000,  150319892, c++, elite, mult, 8
877792.exe  ,  3.64,  1.07,  1.01,  0.00,  0.13,  133789470,  125766000,    7985000,  147481596, c++, elite, mult, 8
877792.exe  ,  3.51,  1.07,  1.02,  0.00,  0.13,  134109700,  123022000,   11002000,  147441063, c++, elite, mult, 8
877792.exe  ,  3.45,  1.07,  1.01,  0.00,  0.13,  133998049,  121985000,   11998000,  147813928, c++, elite, mult, 8
877792.exe  ,  3.59,  1.08,  1.02,  0.00,  0.13,  134671785,  124683000,    9974000,  148444080, c++, elite, mult, 8
877792.exe  ,  3.50,  1.08,  1.02,  0.00,  0.13,  134642896,  117612000,   16944000,  148904810, c++, elite, mult, 8
877792.exe  ,  3.48,  1.07,  1.01,  0.00,  0.13,  134186414,  122155000,   12015000,  147976887, c++, elite, mult, 8
877792.exe  ,  3.50,  1.08,  1.02,  0.00,  0.13,  134345090,  118342000,   15911000,  147824410, c++, elite, mult, 8
877792.exe  ,  3.58,  1.08,  1.03,  0.00,  0.13,  135916839,  117911000,   17986000,  149430299, c++, elite, mult, 8
877792.exe  ,  3.49,  1.07,  1.01,  0.00,  0.13,  134004956,  122982000,   10998000,  147930883, c++, elite, mult, 8
