file,psys,pkg,cores,gpu,ram,duration_time,user_time,system_time,perf_time,lang,machine,cores,power_limit
1103772.exe ,  5.18,  1.40,  1.31,  0.00,  0.19,  208005987,  180392000,   26909000,  240090799, c++, elite, mult, 8
1103772.exe ,  4.60,  1.45,  1.38,  0.00,  0.18,  182211160,  152116000,   30022000,  195972714, c++, elite, mult, 8
1103772.exe ,  4.62,  1.44,  1.36,  0.00,  0.17,  180623740,  149621000,   30921000,  194492798, c++, elite, mult, 8
1103772.exe ,  4.76,  1.44,  1.36,  0.00,  0.17,  180045130,  157966000,   21995000,  194354507, c++, elite, mult, 8
1103772.exe ,  4.56,  1.44,  1.36,  0.00,  0.17,  179559176,  147586000,   31910000,  193572567, c++, elite, mult, 8
1103772.exe ,  4.70,  1.45,  1.37,  0.00,  0.17,  182138822,  148248000,   33828000,  196217737, c++, elite, mult, 8
1103772.exe ,  4.61,  1.44,  1.37,  0.00,  0.17,  182166877,  157083000,   25013000,  196170907, c++, elite, mult, 8
1103772.exe ,  4.60,  1.43,  1.35,  0.00,  0.18,  182509641,  153528000,   28911000,  196286366, c++, elite, mult, 8
1103772.exe ,  4.74,  1.44,  1.36,  0.00,  0.18,  181129733,  159044000,   22006000,  195005582, c++, elite, mult, 8
1103772.exe ,  4.54,  1.43,  1.36,  0.00,  0.17,  180443995,  148267000,   32057000,  194229364, c++, elite, mult, 8
1155269.exe ,  6.00,  1.89,  1.79,  0.00,  0.20,  236110637,  222015000,   14000000,  250139514, c++, elite, mult, 8
1155269.exe ,  5.66,  1.81,  1.72,  0.00,  0.19,  227613434,  210578000,   16966000,  241675004, c++, elite, mult, 8
1155269.exe ,  5.74,  1.81,  1.72,  0.00,  0.18,  227508368,  214376000,   13022000,  241017684, c++, elite, mult, 8
1155269.exe ,  5.69,  1.82,  1.73,  0.00,  0.19,  228520233,  212478000,   15960000,  241997732, c++, elite, mult, 8
1155269.exe ,  5.83,  1.83,  1.74,  0.00,  0.19,  228711915,  213662000,   14976000,  242854893, c++, elite, mult, 8
1155269.exe ,  5.63,  1.81,  1.72,  0.00,  0.18,  226693786,  209654000,   16972000,  240479626, c++, elite, mult, 8
1155269.exe ,  5.82,  1.82,  1.72,  0.00,  0.18,  227540583,  206507000,   20950000,  241422500, c++, elite, mult, 8
1155269.exe ,  5.72,  1.81,  1.72,  0.00,  0.19,  227951079,  212836000,   14988000,  242413394, c++, elite, mult, 8
1155269.exe ,  5.84,  1.82,  1.73,  0.00,  0.19,  228335751,  215152000,   13009000,  242263210, c++, elite, mult, 8
1155269.exe ,  5.65,  1.82,  1.73,  0.00,  0.18,  228363922,  212259000,   16019000,  241798319, c++, elite, mult, 8
1172017.exe ,  4.86,  1.48,  1.41,  0.00,  0.19,  191847454,  172792000,   18977000,  206707109, c++, elite, mult, 8
1172017.exe ,  4.79,  1.50,  1.42,  0.00,  0.19,  189425951,  166444000,   22923000,  202930463, c++, elite, mult, 8
1172017.exe ,  4.94,  1.50,  1.43,  0.00,  0.19,  189373397,  170289000,   19032000,  203288245, c++, elite, mult, 8
1172017.exe ,  4.87,  1.51,  1.43,  0.00,  0.19,  189887580,  169837000,   19980000,  203906126, c++, elite, mult, 8
1172017.exe ,  4.81,  1.51,  1.43,  0.00,  0.19,  189624931,  163610000,   25938000,  203438717, c++, elite, mult, 8
1172017.exe ,  4.85,  1.51,  1.43,  0.00,  0.19,  189059483,  163928000,   24989000,  203432383, c++, elite, mult, 8
1172017.exe ,  4.79,  1.51,  1.44,  0.00,  0.19,  189828639,  168767000,   20971000,  203912421, c++, elite, mult, 8
1172017.exe ,  4.93,  1.51,  1.42,  0.00,  0.19,  188648031,  167635000,   20954000,  202593424, c++, elite, mult, 8
1172017.exe ,  4.83,  1.51,  1.43,  0.00,  0.19,  189307322,  162202000,   27033000,  203362519, c++, elite, mult, 8
1172017.exe ,  4.86,  1.52,  1.44,  0.00,  0.19,  190833744,  166690000,   23955000,  204986323, c++, elite, mult, 8
1265468.exe ,  6.56,  2.09,  1.98,  0.00,  0.22,  261099828,  242955000,   17996000,  275337932, c++, elite, mult, 8
1265468.exe ,  6.67,  2.09,  1.99,  0.00,  0.22,  262624662,  241505000,   21044000,  276201855, c++, elite, mult, 8
1265468.exe ,  6.55,  2.09,  1.99,  0.00,  0.22,  262786557,  229859000,   32837000,  276659194, c++, elite, mult, 8
1265468.exe ,  6.88,  2.10,  1.99,  0.00,  0.22,  263542936,  246377000,   16957000,  277437872, c++, elite, mult, 8
1265468.exe ,  6.53,  2.07,  1.97,  0.00,  0.22,  263403396,  229417000,   33913000,  278196980, c++, elite, mult, 8
1265468.exe ,  6.56,  2.05,  1.95,  0.00,  0.22,  261695249,  231653000,   29955000,  275611085, c++, elite, mult, 8
1265468.exe ,  6.57,  2.08,  1.97,  0.00,  0.22,  261106834,  233018000,   28002000,  275026285, c++, elite, mult, 8
1265468.exe ,  6.68,  2.09,  1.99,  0.00,  0.22,  263644751,  240567000,   22958000,  277371407, c++, elite, mult, 8
1265468.exe ,  6.57,  2.06,  1.96,  0.00,  0.22,  258725964,  229696000,   28961000,  273161531, c++, elite, mult, 8
1265468.exe ,  6.60,  2.10,  1.99,  0.00,  0.22,  263094451,  242045000,   20917000,  276769074, c++, elite, mult, 8
1346726.exe ,  5.92,  1.84,  1.75,  0.00,  0.20,  231807446,  217682000,   13979000,  246218001, c++, elite, mult, 8
1346726.exe ,  5.83,  1.85,  1.76,  0.00,  0.20,  232085750,  219016000,   13000000,  246210985, c++, elite, mult, 8
1346726.exe ,  6.01,  1.86,  1.77,  0.00,  0.20,  234270900,  219191000,   15013000,  248380253, c++, elite, mult, 8
1346726.exe ,  5.79,  1.86,  1.77,  0.00,  0.20,  233383898,  223343000,    9970000,  247090141, c++, elite, mult, 8
1346726.exe ,  5.94,  1.85,  1.75,  0.00,  0.20,  231910309,  218860000,   12991000,  246818390, c++, elite, mult, 8
1346726.exe ,  5.90,  1.85,  1.77,  0.00,  0.20,  233619889,  223565000,    9980000,  247627088, c++, elite, mult, 8
1346726.exe ,  6.07,  1.86,  1.77,  0.00,  0.20,  233665217,  222551000,   11027000,  247651302, c++, elite, mult, 8
1346726.exe ,  5.83,  1.85,  1.76,  0.00,  0.20,  231987500,  214933000,   16916000,  245605060, c++, elite, mult, 8
1346726.exe ,  6.02,  1.86,  1.77,  0.00,  0.20,  233076681,  220991000,   11999000,  247180873, c++, elite, mult, 8
1346726.exe ,  5.88,  1.85,  1.76,  0.00,  0.20,  232979771,  216900000,   15992000,  246679072, c++, elite, mult, 8
145020.exe  ,  4.51,  1.39,  1.31,  0.00,  0.17,  172996464,  157919000,   14992000,  187576662, c++, elite, mult, 8
145020.exe  ,  4.48,  1.38,  1.32,  0.00,  0.17,  174478574,  157366000,   17039000,  188727839, c++, elite, mult, 8
145020.exe  ,  4.46,  1.38,  1.31,  0.00,  0.17,  173383822,  156270000,   17029000,  187687201, c++, elite, mult, 8
145020.exe  ,  4.39,  1.38,  1.31,  0.00,  0.17,  173061374,  156009000,   17000000,  186916990, c++, elite, mult, 8
145020.exe  ,  4.45,  1.39,  1.32,  0.00,  0.17,  173976394,  159935000,   13994000,  188059736, c++, elite, mult, 8
145020.exe  ,  4.57,  1.38,  1.31,  0.00,  0.17,  173241976,  152162000,   21022000,  187107468, c++, elite, mult, 8
145020.exe  ,  4.50,  1.39,  1.32,  0.00,  0.17,  175086314,  164031000,   11002000,  188814091, c++, elite, mult, 8
145020.exe  ,  4.42,  1.39,  1.31,  0.00,  0.17,  173707272,  157607000,   16061000,  187392908, c++, elite, mult, 8
145020.exe  ,  4.52,  1.39,  1.31,  0.00,  0.17,  174018008,  160036000,   13916000,  187887464, c++, elite, mult, 8
145020.exe  ,  4.41,  1.39,  1.32,  0.00,  0.17,  174408198,  157417000,   16937000,  188395289, c++, elite, mult, 8
1482288.exe ,  4.47,  1.37,  1.31,  0.00,  0.17,  172652042,  160558000,   12041000,  187377052, c++, elite, mult, 8
1482288.exe ,  4.38,  1.39,  1.31,  0.00,  0.17,  173790670,  157735000,   15973000,  187727959, c++, elite, mult, 8
1482288.exe ,  4.45,  1.38,  1.32,  0.00,  0.17,  174490300,  161478000,   12958000,  188638970, c++, elite, mult, 8
1482288.exe ,  4.53,  1.38,  1.31,  0.00,  0.17,  173078702,  160022000,   13001000,  187063838, c++, elite, mult, 8
1482288.exe ,  4.36,  1.37,  1.30,  0.00,  0.17,  172958256,  159909000,   12992000,  186990363, c++, elite, mult, 8
1482288.exe ,  4.47,  1.39,  1.32,  0.00,  0.17,  176921823,  162874000,   13989000,  191343381, c++, elite, mult, 8
1482288.exe ,  4.50,  1.39,  1.31,  0.00,  0.17,  173539732,  156473000,   16943000,  187798517, c++, elite, mult, 8
1482288.exe ,  4.39,  1.38,  1.31,  0.00,  0.17,  172670887,  159621000,   12969000,  186575503, c++, elite, mult, 8
1482288.exe ,  4.50,  1.37,  1.30,  0.00,  0.17,  172653700,  156626000,   15961000,  186080504, c++, elite, mult, 8
1482288.exe ,  4.38,  1.38,  1.30,  0.00,  0.17,  172498939,  159477000,   12957000,  186478851, c++, elite, mult, 8
1558669.exe ,  4.16,  1.31,  1.24,  0.00,  0.16,  163861767,  155820000,    7990000,  177705884, c++, elite, mult, 8
1558669.exe ,  4.22,  1.32,  1.25,  0.00,  0.16,  165818757,  158775000,    6990000,  179735257, c++, elite, mult, 8
1558669.exe ,  4.36,  1.31,  1.25,  0.00,  0.16,  166002066,  156947000,    8997000,  179472217, c++, elite, mult, 8
1558669.exe ,  4.28,  1.32,  1.25,  0.00,  0.16,  165803076,  158656000,    6984000,  179589450, c++, elite, mult, 8
1558669.exe ,  4.22,  1.31,  1.24,  0.00,  0.16,  167163613,  159024000,    8001000,  181928432, c++, elite, mult, 8
1558669.exe ,  4.28,  1.30,  1.23,  0.00,  0.16,  165550162,  157480000,    8024000,  179941062, c++, elite, mult, 8
1558669.exe ,  4.21,  1.32,  1.25,  0.00,  0.16,  165881739,  153843000,   11987000,  179411506, c++, elite, mult, 8
1558669.exe ,  4.41,  1.33,  1.27,  0.00,  0.17,  168343004,  160323000,    7966000,  181942712, c++, elite, mult, 8
1558669.exe ,  4.24,  1.32,  1.25,  0.00,  0.16,  166113993,  157061000,    9003000,  179644116, c++, elite, mult, 8
1558669.exe ,  4.19,  1.31,  1.24,  0.00,  0.16,  164747571,  157661000,    6984000,  178790966, c++, elite, mult, 8
1881529.exe ,  5.69,  1.80,  1.71,  0.00,  0.18,  225391713,  212341000,   12959000,  239742469, c++, elite, mult, 8
1881529.exe ,  5.61,  1.78,  1.69,  0.00,  0.18,  223620014,  208576000,   14969000,  237201475, c++, elite, mult, 8
1881529.exe ,  5.57,  1.77,  1.68,  0.00,  0.18,  222400385,  208373000,   13958000,  236338237, c++, elite, mult, 8
1881529.exe ,  5.58,  1.78,  1.69,  0.00,  0.18,  223786455,  215705000,    8026000,  238670382, c++, elite, mult, 8
1881529.exe ,  5.68,  1.78,  1.69,  0.00,  0.18,  224582666,  211438000,   13027000,  238459523, c++, elite, mult, 8
1881529.exe ,  5.57,  1.79,  1.69,  0.00,  0.18,  223388629,  208322000,   14951000,  237267589, c++, elite, mult, 8
1881529.exe ,  5.68,  1.78,  1.69,  0.00,  0.18,  223026578,  212870000,    9993000,  236899282, c++, elite, mult, 8
1881529.exe ,  5.64,  1.79,  1.71,  0.00,  0.18,  225220457,  210158000,   15011000,  238864227, c++, elite, mult, 8
1881529.exe ,  5.68,  1.77,  1.69,  0.00,  0.18,  222671101,  205627000,   16969000,  236743077, c++, elite, mult, 8
1881529.exe ,  5.57,  1.78,  1.70,  0.00,  0.18,  224645043,  215557000,    8981000,  238256305, c++, elite, mult, 8
1892033.exe ,  4.80,  1.51,  1.43,  0.00,  0.18,  189727434,  165702000,   23957000,  203335744, c++, elite, mult, 8
1892033.exe ,  4.73,  1.50,  1.41,  0.00,  0.18,  187300329,  158356000,   28882000,  200661895, c++, elite, mult, 8
1892033.exe ,  4.89,  1.51,  1.42,  0.00,  0.18,  188833025,  155817000,   32961000,  202769443, c++, elite, mult, 8
1892033.exe ,  4.76,  1.50,  1.42,  0.00,  0.18,  188409636,  159382000,   28888000,  202039476, c++, elite, mult, 8
1892033.exe ,  4.90,  1.52,  1.44,  0.00,  0.18,  190369393,  163265000,   27044000,  204256798, c++, elite, mult, 8
1892033.exe ,  4.75,  1.50,  1.42,  0.00,  0.18,  188306611,  161304000,   26884000,  202557324, c++, elite, mult, 8
1892033.exe ,  4.75,  1.50,  1.42,  0.00,  0.18,  187975150,  162918000,   24987000,  201746967, c++, elite, mult, 8
1892033.exe ,  4.92,  1.48,  1.41,  0.00,  0.18,  190553780,  162295000,   28051000,  204448061, c++, elite, mult, 8
1892033.exe ,  4.88,  1.51,  1.44,  0.00,  0.18,  190184216,  167102000,   23014000,  203828560, c++, elite, mult, 8
1892033.exe ,  4.83,  1.50,  1.42,  0.00,  0.18,  188619724,  155646000,   32925000,  202622002, c++, elite, mult, 8
1992578.exe ,  3.73,  1.17,  1.11,  0.00,  0.14,  148119766,  140067000,    8003000,  162491058, c++, elite, mult, 8
1992578.exe ,  3.77,  1.16,  1.10,  0.00,  0.14,  147542797,  129279000,   18039000,  161912377, c++, elite, mult, 8
1992578.exe ,  3.86,  1.18,  1.12,  0.00,  0.14,  147827660,  137728000,   10053000,  161512740, c++, elite, mult, 8
1992578.exe ,  3.74,  1.18,  1.12,  0.00,  0.14,  148210396,  134153000,   14016000,  161416306, c++, elite, mult, 8
1992578.exe ,  3.73,  1.17,  1.11,  0.00,  0.14,  146886659,  122871000,   23974000,  160667405, c++, elite, mult, 8
1992578.exe ,  3.85,  1.17,  1.11,  0.00,  0.14,  145979985,  129897000,   15987000,  159890886, c++, elite, mult, 8
1992578.exe ,  3.78,  1.17,  1.11,  0.00,  0.14,  147201919,  135134000,   12011000,  161125885, c++, elite, mult, 8
1992578.exe ,  3.71,  1.17,  1.11,  0.00,  0.14,  146794352,  133770000,   12977000,  160576005, c++, elite, mult, 8
1992578.exe ,  3.84,  1.17,  1.11,  0.00,  0.14,  147281667,  133276000,   13924000,  161042759, c++, elite, mult, 8
1992578.exe ,  3.73,  1.16,  1.10,  0.00,  0.14,  145761041,  131686000,   13966000,  159565125, c++, elite, mult, 8
1997898.exe ,  3.90,  1.17,  1.11,  0.00,  0.14,  147566088,  130573000,   16944000,  161006166, c++, elite, mult, 8
1997898.exe ,  3.74,  1.17,  1.11,  0.00,  0.14,  147376402,  133213000,   14022000,  161350832, c++, elite, mult, 8
1997898.exe ,  3.73,  1.18,  1.12,  0.00,  0.14,  147932575,  134803000,   12981000,  161367339, c++, elite, mult, 8
1997898.exe ,  3.87,  1.17,  1.12,  0.00,  0.14,  147701892,  134685000,   12969000,  161525133, c++, elite, mult, 8
1997898.exe ,  3.82,  1.19,  1.13,  0.00,  0.14,  148804684,  137767000,   10981000,  162817209, c++, elite, mult, 8
1997898.exe ,  3.74,  1.16,  1.11,  0.00,  0.14,  146626134,  130583000,   15949000,  160041437, c++, elite, mult, 8
1997898.exe ,  3.89,  1.17,  1.11,  0.00,  0.14,  146593662,  135495000,   11040000,  160512132, c++, elite, mult, 8
1997898.exe ,  3.75,  1.18,  1.12,  0.00,  0.14,  148046569,  131996000,   15999000,  162054385, c++, elite, mult, 8
1997898.exe ,  3.75,  1.18,  1.11,  0.00,  0.14,  148507874,  133497000,   14943000,  162254395, c++, elite, mult, 8
1997898.exe ,  3.94,  1.18,  1.12,  0.00,  0.14,  148611333,  135625000,   12964000,  162139619, c++, elite, mult, 8
2040953.exe ,  5.81,  1.85,  1.76,  0.00,  0.19,  232122557,  214047000,   18003000,  246579168, c++, elite, mult, 8
2040953.exe ,  5.78,  1.83,  1.75,  0.00,  0.19,  230848656,  213800000,   16984000,  244777480, c++, elite, mult, 8
2040953.exe ,  5.75,  1.83,  1.74,  0.00,  0.19,  231333557,  217236000,   14015000,  244642267, c++, elite, mult, 8
2040953.exe ,  5.84,  1.83,  1.74,  0.00,  0.19,  230213386,  215200000,   14944000,  243614735, c++, elite, mult, 8
2040953.exe ,  5.76,  1.84,  1.74,  0.00,  0.19,  230555134,  214517000,   15964000,  244518764, c++, elite, mult, 8
2040953.exe ,  5.98,  1.83,  1.74,  0.00,  0.19,  230053107,  218909000,   10995000,  244152635, c++, elite, mult, 8
2040953.exe ,  5.77,  1.84,  1.74,  0.00,  0.19,  230842519,  214793000,   15984000,  244231344, c++, elite, mult, 8
2040953.exe ,  5.90,  1.84,  1.75,  0.00,  0.19,  231073050,  211940000,   18994000,  245288496, c++, elite, mult, 8
2040953.exe ,  5.74,  1.84,  1.74,  0.00,  0.19,  230627217,  217553000,   12973000,  244679732, c++, elite, mult, 8
2040953.exe ,  5.92,  1.85,  1.76,  0.00,  0.19,  232194429,  217193000,   14944000,  246520522, c++, elite, mult, 8
2079377.exe ,  4.20,  1.30,  1.24,  0.00,  0.16,  164958020,  150857000,   13986000,  179504326, c++, elite, mult, 8
2079377.exe ,  4.38,  1.32,  1.25,  0.00,  0.16,  165182919,  157024000,    8001000,  179111911, c++, elite, mult, 8
2079377.exe ,  4.10,  1.30,  1.24,  0.00,  0.16,  163311790,  153243000,   10015000,  177334052, c++, elite, mult, 8
2079377.exe ,  4.11,  1.28,  1.22,  0.00,  0.15,  163684171,  150664000,   12971000,  177416065, c++, elite, mult, 8
2079377.exe ,  4.07,  1.28,  1.22,  0.00,  0.15,  161352327,  148285000,   13025000,  175133030, c++, elite, mult, 8
2079377.exe ,  4.05,  1.28,  1.22,  0.00,  0.15,  161964229,  149917000,   11993000,  175903098, c++, elite, mult, 8
2079377.exe ,  4.20,  1.29,  1.22,  0.00,  0.15,  161701941,  149674000,   11973000,  175879642, c++, elite, mult, 8
2079377.exe ,  4.13,  1.29,  1.23,  0.00,  0.15,  162126952,  149065000,   13005000,  175816586, c++, elite, mult, 8
2079377.exe ,  4.10,  1.29,  1.23,  0.00,  0.15,  162341892,  149259000,   13022000,  176190581, c++, elite, mult, 8
2079377.exe ,  4.28,  1.31,  1.24,  0.00,  0.15,  163513956,  148489000,   14948000,  177271099, c++, elite, mult, 8
2209419.exe ,  5.00,  1.53,  1.44,  0.00,  0.20,  191108824,  174036000,   17003000,  205387552, c++, elite, mult, 8
2209419.exe ,  4.89,  1.54,  1.45,  0.00,  0.20,  191771139,  166724000,   24958000,  206349967, c++, elite, mult, 8
2209419.exe ,  4.96,  1.54,  1.45,  0.00,  0.20,  192932437,  174787000,   18081000,  206404809, c++, elite, mult, 8
2209419.exe ,  5.02,  1.52,  1.44,  0.00,  0.20,  191362683,  169286000,   21907000,  205462518, c++, elite, mult, 8
2209419.exe ,  4.86,  1.52,  1.43,  0.00,  0.20,  190657959,  169530000,   21065000,  204659133, c++, elite, mult, 8
2209419.exe ,  5.05,  1.54,  1.45,  0.00,  0.20,  192346304,  165203000,   27033000,  206458663, c++, elite, mult, 8
2209419.exe ,  4.97,  1.54,  1.45,  0.00,  0.20,  193038437,  163980000,   28996000,  206782384, c++, elite, mult, 8
2209419.exe ,  4.90,  1.54,  1.45,  0.00,  0.20,  192712040,  171694000,   20962000,  206490654, c++, elite, mult, 8
2209419.exe ,  5.05,  1.54,  1.45,  0.00,  0.20,  192857695,  168804000,   23972000,  206514760, c++, elite, mult, 8
2209419.exe ,  4.87,  1.53,  1.45,  0.00,  0.20,  193304498,  168200000,   25029000,  207200346, c++, elite, mult, 8
2396518.exe ,  5.76,  1.79,  1.68,  0.00,  0.24,  224615636,  201513000,   23058000,  239856362, c++, elite, mult, 8
2396518.exe ,  5.84,  1.78,  1.68,  0.00,  0.24,  223835701,  201695000,   21966000,  237440705, c++, elite, mult, 8
2396518.exe ,  5.83,  1.79,  1.68,  0.00,  0.25,  225323473,  194164000,   31026000,  239671390, c++, elite, mult, 8
2396518.exe ,  5.86,  1.78,  1.68,  0.00,  0.24,  224374642,  200391000,   23927000,  238192322, c++, elite, mult, 8
2396518.exe ,  5.68,  1.78,  1.68,  0.00,  0.24,  222913082,  199769000,   22973000,  237636829, c++, elite, mult, 8
2396518.exe ,  5.82,  1.77,  1.67,  0.00,  0.24,  222960599,  195906000,   26987000,  237045625, c++, elite, mult, 8
2396518.exe ,  5.67,  1.78,  1.68,  0.00,  0.24,  223046905,  198910000,   23989000,  236796358, c++, elite, mult, 8
2396518.exe ,  5.80,  1.76,  1.67,  0.00,  0.24,  222926019,  199650000,   23075000,  236747173, c++, elite, mult, 8
2396518.exe ,  5.73,  1.79,  1.69,  0.00,  0.24,  224735917,  198688000,   25959000,  238577218, c++, elite, mult, 8
2396518.exe ,  5.96,  1.81,  1.70,  0.00,  0.25,  226362178,  203268000,   23030000,  240041724, c++, elite, mult, 8
2417063.exe ,  5.12,  1.62,  1.53,  0.00,  0.20,  202690503,  178552000,   24074000,  217389933, c++, elite, mult, 8
2417063.exe ,  5.38,  1.64,  1.55,  0.00,  0.20,  204947672,  169716000,   35148000,  219055672, c++, elite, mult, 8
2417063.exe ,  5.18,  1.63,  1.55,  0.00,  0.20,  205057082,  179986000,   24998000,  218922524, c++, elite, mult, 8
2417063.exe ,  5.30,  1.63,  1.54,  0.00,  0.20,  204350448,  166397000,   37863000,  218290932, c++, elite, mult, 8
2417063.exe ,  5.17,  1.63,  1.54,  0.00,  0.20,  204648785,  178644000,   25948000,  219019593, c++, elite, mult, 8
2417063.exe ,  5.27,  1.62,  1.54,  0.00,  0.20,  204519381,  175531000,   28922000,  218192356, c++, elite, mult, 8
2417063.exe ,  5.21,  1.63,  1.54,  0.00,  0.20,  204514263,  166550000,   37897000,  218503921, c++, elite, mult, 8
2417063.exe ,  5.15,  1.62,  1.54,  0.00,  0.20,  203363995,  176189000,   27029000,  217335566, c++, elite, mult, 8
2417063.exe ,  5.33,  1.63,  1.54,  0.00,  0.20,  204347743,  180351000,   23913000,  218394396, c++, elite, mult, 8
2417063.exe ,  5.25,  1.63,  1.54,  0.00,  0.20,  204341160,  171225000,   33043000,  217817061, c++, elite, mult, 8
2475670.exe ,  4.59,  1.44,  1.37,  0.00,  0.18,  181037491,  158996000,   21999000,  195026214, c++, elite, mult, 8
2475670.exe ,  4.71,  1.46,  1.38,  0.00,  0.18,  182614156,  165518000,   17053000,  196292110, c++, elite, mult, 8
2475670.exe ,  4.73,  1.45,  1.37,  0.00,  0.18,  181856607,  164823000,   16981000,  195689279, c++, elite, mult, 8
2475670.exe ,  4.62,  1.44,  1.37,  0.00,  0.18,  182298068,  157349000,   24896000,  196120050, c++, elite, mult, 8
2475670.exe ,  4.82,  1.46,  1.38,  0.00,  0.18,  183259188,  167181000,   16017000,  196583649, c++, elite, mult, 8
2475670.exe ,  4.58,  1.44,  1.36,  0.00,  0.18,  181072194,  151937000,   28988000,  194943969, c++, elite, mult, 8
2475670.exe ,  4.63,  1.44,  1.37,  0.00,  0.18,  182020319,  160974000,   20996000,  195820098, c++, elite, mult, 8
2475670.exe ,  4.73,  1.44,  1.36,  0.00,  0.18,  181372031,  160240000,   21031000,  195341538, c++, elite, mult, 8
2475670.exe ,  4.72,  1.45,  1.37,  0.00,  0.18,  182111604,  165053000,   17005000,  195938040, c++, elite, mult, 8
2475670.exe ,  4.76,  1.45,  1.37,  0.00,  0.18,  183304295,  167105000,   16010000,  197529418, c++, elite, mult, 8
2536350.exe ,  4.26,  1.32,  1.25,  0.00,  0.16,  165094480,  138162000,   26837000,  179711582, c++, elite, mult, 8
2536350.exe ,  4.40,  1.30,  1.23,  0.00,  0.16,  165482133,  146507000,   18936000,  179942216, c++, elite, mult, 8
2536350.exe ,  4.25,  1.31,  1.24,  0.00,  0.17,  164587043,  147480000,   17055000,  178243416, c++, elite, mult, 8
2536350.exe ,  4.22,  1.32,  1.25,  0.00,  0.17,  165569059,  140577000,   24925000,  179137954, c++, elite, mult, 8
2536350.exe ,  4.45,  1.31,  1.24,  0.00,  0.16,  164726367,  145588000,   19077000,  178486191, c++, elite, mult, 8
2536350.exe ,  4.29,  1.32,  1.25,  0.00,  0.17,  166420935,  142312000,   24052000,  180418619, c++, elite, mult, 8
2536350.exe ,  4.30,  1.33,  1.25,  0.00,  0.17,  166688288,  149582000,   16952000,  180627603, c++, elite, mult, 8
2536350.exe ,  4.46,  1.32,  1.25,  0.00,  0.17,  166875700,  143995000,   22840000,  180217481, c++, elite, mult, 8
2536350.exe ,  4.27,  1.33,  1.25,  0.00,  0.17,  165434714,  144331000,   21048000,  179580256, c++, elite, mult, 8
2536350.exe ,  4.31,  1.32,  1.25,  0.00,  0.17,  166081632,  142030000,   24005000,  179875762, c++, elite, mult, 8
2547962.exe ,  3.90,  1.22,  1.16,  0.00,  0.14,  153148725,  143092000,   10006000,  166890207, c++, elite, mult, 8
2547962.exe ,  4.03,  1.22,  1.15,  0.00,  0.14,  152222865,  145168000,    7008000,  166084606, c++, elite, mult, 8
2547962.exe ,  3.96,  1.23,  1.17,  0.00,  0.14,  153874126,  144836000,    8989000,  167777708, c++, elite, mult, 8
2547962.exe ,  3.87,  1.21,  1.15,  0.00,  0.14,  152483416,  145441000,    6973000,  166418075, c++, elite, mult, 8
2547962.exe ,  4.04,  1.21,  1.15,  0.00,  0.14,  152689475,  148638000,    4017000,  166314066, c++, elite, mult, 8
2547962.exe ,  3.92,  1.22,  1.16,  0.00,  0.14,  152651710,  144612000,    7978000,  166556721, c++, elite, mult, 8
2547962.exe ,  3.88,  1.20,  1.14,  0.00,  0.14,  153704218,  146669000,    6984000,  168541243, c++, elite, mult, 8
2547962.exe ,  4.03,  1.21,  1.15,  0.00,  0.14,  153001715,  147955000,    4998000,  167530235, c++, elite, mult, 8
2547962.exe ,  3.87,  1.21,  1.16,  0.00,  0.14,  152646956,  143603000,    8975000,  166505151, c++, elite, mult, 8
2547962.exe ,  3.92,  1.22,  1.17,  0.00,  0.14,  153996320,  146843000,    6992000,  167831644, c++, elite, mult, 8
2553709.exe ,  4.72,  1.46,  1.38,  0.00,  0.20,  183966695,  164915000,   18990000,  198430063, c++, elite, mult, 8
2553709.exe ,  4.73,  1.45,  1.37,  0.00,  0.20,  182953033,  161800000,   20974000,  196626191, c++, elite, mult, 8
2553709.exe ,  4.82,  1.46,  1.37,  0.00,  0.20,  182601474,  163559000,   18949000,  197414963, c++, elite, mult, 8
2553709.exe ,  4.72,  1.46,  1.38,  0.00,  0.20,  183699105,  165666000,   17963000,  197490943, c++, elite, mult, 8
2553709.exe ,  4.89,  1.46,  1.38,  0.00,  0.20,  183183211,  161007000,   22001000,  197472980, c++, elite, mult, 8
2553709.exe ,  4.70,  1.45,  1.37,  0.00,  0.20,  184746332,  161853000,   22838000,  199146668, c++, elite, mult, 8
2553709.exe ,  4.77,  1.46,  1.38,  0.00,  0.20,  183654018,  158647000,   24944000,  197759541, c++, elite, mult, 8
2553709.exe ,  4.77,  1.45,  1.37,  0.00,  0.20,  182508486,  164405000,   18044000,  196385975, c++, elite, mult, 8
2553709.exe ,  4.70,  1.46,  1.37,  0.00,  0.20,  182660307,  162584000,   19948000,  196435677, c++, elite, mult, 8
2553709.exe ,  4.83,  1.46,  1.37,  0.00,  0.20,  182390656,  168273000,   14022000,  195892860, c++, elite, mult, 8
2677632.exe ,  5.43,  1.70,  1.61,  0.00,  0.21,  212850045,  184812000,   27971000,  227267525, c++, elite, mult, 8
2677632.exe ,  5.55,  1.70,  1.61,  0.00,  0.21,  214099816,  193033000,   21003000,  227621419, c++, elite, mult, 8
2677632.exe ,  5.40,  1.69,  1.60,  0.00,  0.21,  211953323,  198897000,   12993000,  225915666, c++, elite, mult, 8
2677632.exe ,  5.58,  1.69,  1.61,  0.00,  0.21,  213167420,  194929000,   17993000,  227216682, c++, elite, mult, 8
2677632.exe ,  5.42,  1.69,  1.60,  0.00,  0.21,  213531316,  193517000,   19950000,  227790235, c++, elite, mult, 8
2677632.exe ,  5.52,  1.68,  1.60,  0.00,  0.21,  211907872,  195766000,   15980000,  225282373, c++, elite, mult, 8
2677632.exe ,  5.40,  1.69,  1.60,  0.00,  0.21,  211909511,  192815000,   18981000,  225839573, c++, elite, mult, 8
2677632.exe ,  5.43,  1.69,  1.60,  0.00,  0.21,  212226165,  195128000,   17011000,  226254748, c++, elite, mult, 8
2677632.exe ,  5.44,  1.70,  1.62,  0.00,  0.21,  214441314,  193425000,   20937000,  228779468, c++, elite, mult, 8
2677632.exe ,  5.35,  1.69,  1.60,  0.00,  0.21,  212071461,  194007000,   18000000,  225973405, c++, elite, mult, 8
2683511.exe ,  6.54,  2.05,  1.95,  0.00,  0.21,  256730687,  249669000,    6990000,  271415431, c++, elite, mult, 8
2683511.exe ,  6.49,  2.04,  1.95,  0.00,  0.21,  260019801,  248899000,   10995000,  274859551, c++, elite, mult, 8
2683511.exe ,  6.47,  2.03,  1.93,  0.00,  0.21,  255127439,  248916000,    5997000,  268911064, c++, elite, mult, 8
2683511.exe ,  6.37,  2.03,  1.94,  0.00,  0.21,  255626664,  247484000,    8015000,  269581312, c++, elite, mult, 8
2683511.exe ,  6.48,  2.05,  1.95,  0.00,  0.21,  256438049,  252303000,    4004000,  270164556, c++, elite, mult, 8
2683511.exe ,  6.49,  2.05,  1.95,  0.00,  0.21,  257057310,  248984000,    7999000,  270984704, c++, elite, mult, 8
2683511.exe ,  6.67,  2.09,  1.99,  0.00,  0.21,  262345836,  250263000,   11964000,  276283449, c++, elite, mult, 8
2683511.exe ,  6.43,  2.04,  1.94,  0.00,  0.21,  256197828,  244098000,   12004000,  270103479, c++, elite, mult, 8
2683511.exe ,  6.52,  2.06,  1.97,  0.00,  0.21,  259266092,  253182000,    6004000,  273306459, c++, elite, mult, 8
2683511.exe ,  6.49,  2.04,  1.95,  0.00,  0.21,  257090949,  249019000,    8000000,  271188578, c++, elite, mult, 8
2684432.exe ,  5.91,  1.85,  1.76,  0.00,  0.19,  231953689,  222881000,    8995000,  246247603, c++, elite, mult, 8
2684432.exe ,  6.00,  1.86,  1.77,  0.00,  0.18,  233957312,  226892000,    6996000,  247580194, c++, elite, mult, 8
2684432.exe ,  5.73,  1.83,  1.75,  0.00,  0.18,  230321884,  224158000,    6004000,  244248597, c++, elite, mult, 8
2684432.exe ,  5.91,  1.84,  1.75,  0.00,  0.18,  231007520,  220928000,    9996000,  245140423, c++, elite, mult, 8
2684432.exe ,  5.79,  1.85,  1.76,  0.00,  0.18,  230893990,  223791000,    7024000,  245088104, c++, elite, mult, 8
2684432.exe ,  5.92,  1.83,  1.75,  0.00,  0.18,  230309790,  225201000,    5004000,  243719099, c++, elite, mult, 8
2684432.exe ,  5.77,  1.83,  1.75,  0.00,  0.18,  230676910,  223585000,    7018000,  244268565, c++, elite, mult, 8
2684432.exe ,  6.00,  1.86,  1.77,  0.00,  0.19,  232708313,  227440000,    5009000,  246391334, c++, elite, mult, 8
2684432.exe ,  5.80,  1.84,  1.75,  0.00,  0.18,  230787365,  223701000,    6990000,  244735119, c++, elite, mult, 8
2684432.exe ,  5.97,  1.84,  1.75,  0.00,  0.18,  231209103,  220117000,   11005000,  244698496, c++, elite, mult, 8
2736927.exe ,  3.88,  1.21,  1.14,  0.00,  0.15,  151340931,  143236000,    8013000,  165298862, c++, elite, mult, 8
2736927.exe ,  3.90,  1.20,  1.14,  0.00,  0.15,  150952511,  134917000,   15990000,  164389714, c++, elite, mult, 8
2736927.exe ,  3.83,  1.20,  1.14,  0.00,  0.15,  151151357,  131011000,   20001000,  165066922, c++, elite, mult, 8
2736927.exe ,  3.84,  1.21,  1.15,  0.00,  0.15,  151940714,  141819000,   10058000,  165770162, c++, elite, mult, 8
2736927.exe ,  3.89,  1.20,  1.14,  0.00,  0.15,  150901893,  131801000,   18971000,  164414276, c++, elite, mult, 8
2736927.exe ,  3.97,  1.21,  1.15,  0.00,  0.15,  152795118,  145701000,    6985000,  166938410, c++, elite, mult, 8
2736927.exe ,  3.86,  1.21,  1.15,  0.00,  0.15,  152020368,  138895000,   12990000,  165940727, c++, elite, mult, 8
2736927.exe ,  3.91,  1.21,  1.15,  0.00,  0.15,  151736859,  136713000,   14968000,  165474300, c++, elite, mult, 8
2736927.exe ,  3.87,  1.20,  1.14,  0.00,  0.15,  153097246,  137046000,   16005000,  166893030, c++, elite, mult, 8
2736927.exe ,  3.83,  1.19,  1.14,  0.00,  0.15,  152561111,  138529000,   13952000,  166386482, c++, elite, mult, 8
2918721.exe ,  5.81,  1.84,  1.75,  0.00,  0.18,  230456775,  220422000,    9973000,  244233243, c++, elite, mult, 8
2918721.exe ,  5.81,  1.84,  1.75,  0.00,  0.18,  230849529,  224785000,    5994000,  244262198, c++, elite, mult, 8
2918721.exe ,  5.76,  1.85,  1.76,  0.00,  0.18,  231768313,  225714000,    5992000,  245839554, c++, elite, mult, 8
2918721.exe ,  5.73,  1.84,  1.75,  0.00,  0.18,  230683862,  224634000,    5990000,  244558492, c++, elite, mult, 8
2918721.exe ,  5.89,  1.87,  1.78,  0.00,  0.18,  234568194,  224450000,    9975000,  248506283, c++, elite, mult, 8
2918721.exe ,  5.74,  1.84,  1.76,  0.00,  0.18,  231587264,  226489000,    5010000,  245338204, c++, elite, mult, 8
2918721.exe ,  5.85,  1.84,  1.75,  0.00,  0.18,  231279231,  220202000,   11010000,  245414307, c++, elite, mult, 8
2918721.exe ,  5.77,  1.85,  1.76,  0.00,  0.18,  230923755,  224809000,    6021000,  245520415, c++, elite, mult, 8
2918721.exe ,  5.93,  1.84,  1.76,  0.00,  0.18,  232163424,  227091000,    5002000,  246606752, c++, elite, mult, 8
2918721.exe ,  5.78,  1.86,  1.77,  0.00,  0.18,  232658297,  219613000,   12977000,  246498796, c++, elite, mult, 8
2969923.exe ,  4.63,  1.46,  1.39,  0.00,  0.18,  183611343,  158444000,   25070000,  198267691, c++, elite, mult, 8
2969923.exe ,  4.63,  1.47,  1.39,  0.00,  0.18,  183808523,  160783000,   22969000,  197957898, c++, elite, mult, 8
2969923.exe ,  4.71,  1.46,  1.39,  0.00,  0.18,  183728819,  153690000,   29939000,  197660353, c++, elite, mult, 8
2969923.exe ,  4.60,  1.45,  1.38,  0.00,  0.18,  182699323,  167647000,   14968000,  196588414, c++, elite, mult, 8
2969923.exe ,  4.81,  1.46,  1.38,  0.00,  0.18,  183159002,  163006000,   20000000,  196565935, c++, elite, mult, 8
2969923.exe ,  4.70,  1.48,  1.40,  0.00,  0.18,  184825706,  162759000,   21967000,  199266467, c++, elite, mult, 8
2969923.exe ,  4.65,  1.47,  1.39,  0.00,  0.18,  185484176,  165505000,   19940000,  200380999, c++, elite, mult, 8
2969923.exe ,  4.83,  1.47,  1.39,  0.00,  0.18,  184913943,  161841000,   22977000,  198814826, c++, elite, mult, 8
2969923.exe ,  4.60,  1.46,  1.39,  0.00,  0.18,  184051760,  152902000,   30980000,  198122254, c++, elite, mult, 8
2969923.exe ,  4.71,  1.46,  1.38,  0.00,  0.18,  183670879,  159534000,   24080000,  197731946, c++, elite, mult, 8
3005234.exe ,  3.95,  1.25,  1.20,  0.00,  0.14,  157318104,  150216000,    7010000,  171735860, c++, elite, mult, 8
3005234.exe ,  4.10,  1.26,  1.19,  0.00,  0.14,  157482552,  149433000,    7969000,  170897602, c++, elite, mult, 8
3005234.exe ,  3.95,  1.26,  1.19,  0.00,  0.14,  157302848,  150259000,    6965000,  171256270, c++, elite, mult, 8
3005234.exe ,  3.94,  1.25,  1.19,  0.00,  0.14,  156795309,  152741000,    3993000,  170818477, c++, elite, mult, 8
3005234.exe ,  4.07,  1.24,  1.19,  0.00,  0.14,  156733017,  152670000,    3991000,  170371279, c++, elite, mult, 8
3005234.exe ,  3.96,  1.26,  1.20,  0.00,  0.14,  158523089,  151392000,    6972000,  172800732, c++, elite, mult, 8
3005234.exe ,  3.96,  1.25,  1.19,  0.00,  0.14,  156597846,  148567000,    7976000,  170101562, c++, elite, mult, 8
3005234.exe ,  4.09,  1.25,  1.19,  0.00,  0.14,  156767021,  146711000,    9980000,  170700109, c++, elite, mult, 8
3005234.exe ,  3.92,  1.24,  1.18,  0.00,  0.14,  156916886,  149927000,    6950000,  171229399, c++, elite, mult, 8
3005234.exe ,  3.96,  1.24,  1.18,  0.00,  0.14,  158340220,  150335000,    7964000,  172773322, c++, elite, mult, 8
3046173.exe ,  4.33,  1.36,  1.29,  0.00,  0.17,  170985037,  155923000,   14992000,  185377745, c++, elite, mult, 8
3046173.exe ,  4.30,  1.35,  1.29,  0.00,  0.17,  170653874,  152543000,   18064000,  184322612, c++, elite, mult, 8
3046173.exe ,  4.50,  1.36,  1.29,  0.00,  0.17,  171294255,  152190000,   19023000,  185184379, c++, elite, mult, 8
3046173.exe ,  4.31,  1.36,  1.29,  0.00,  0.17,  171094796,  153033000,   18003000,  184949832, c++, elite, mult, 8
3046173.exe ,  4.31,  1.36,  1.29,  0.00,  0.17,  171073703,  158019000,   13001000,  184686316, c++, elite, mult, 8
3046173.exe ,  4.35,  1.36,  1.29,  0.00,  0.17,  170105061,  153022000,   17002000,  184688938, c++, elite, mult, 8
3046173.exe ,  4.36,  1.37,  1.30,  0.00,  0.17,  171744480,  154720000,   16969000,  185444445, c++, elite, mult, 8
3046173.exe ,  4.50,  1.37,  1.30,  0.00,  0.17,  171713466,  161663000,    9979000,  185555688, c++, elite, mult, 8
3046173.exe ,  4.47,  1.41,  1.33,  0.00,  0.17,  176807151,  167716000,    9038000,  190272280, c++, elite, mult, 8
3046173.exe ,  4.31,  1.36,  1.29,  0.00,  0.17,  170682231,  151560000,   19070000,  184482715, c++, elite, mult, 8
3321447.exe ,  8.16,  2.58,  2.44,  0.00,  0.30,  323362344,  301256000,   22018000,  337807555, c++, elite, mult, 8
3321447.exe ,  8.22,  2.60,  2.46,  0.00,  0.30,  325637235,  299537000,   25959000,  340232680, c++, elite, mult, 8
3321447.exe ,  8.33,  2.60,  2.46,  0.00,  0.30,  326200362,  300019000,   26001000,  340249396, c++, elite, mult, 8
3321447.exe ,  8.19,  2.60,  2.46,  0.00,  0.30,  325543860,  291390000,   34045000,  340322401, c++, elite, mult, 8
3321447.exe ,  8.34,  2.60,  2.46,  0.00,  0.30,  325399035,  302278000,   23021000,  339195337, c++, elite, mult, 8
3321447.exe ,  8.23,  2.58,  2.45,  0.00,  0.30,  324653987,  292503000,   32055000,  338707256, c++, elite, mult, 8
3321447.exe ,  8.10,  2.56,  2.43,  0.00,  0.30,  321102693,  286011000,   35001000,  335092672, c++, elite, mult, 8
3321447.exe ,  8.30,  2.57,  2.44,  0.00,  0.30,  323626887,  296553000,   26959000,  337367021, c++, elite, mult, 8
3321447.exe ,  8.15,  2.59,  2.45,  0.00,  0.30,  324133524,  296120000,   27917000,  338715257, c++, elite, mult, 8
3321447.exe ,  8.17,  2.57,  2.44,  0.00,  0.30,  323529663,  294311000,   29030000,  337398418, c++, elite, mult, 8
3467583.exe ,  4.15,  1.30,  1.23,  0.00,  0.16,  162996194,  155951000,    6997000,  177047361, c++, elite, mult, 8
3467583.exe ,  4.13,  1.30,  1.24,  0.00,  0.16,  163688588,  146651000,   16959000,  177160191, c++, elite, mult, 8
3467583.exe ,  4.31,  1.30,  1.24,  0.00,  0.16,  164330071,  154323000,    9956000,  178001855, c++, elite, mult, 8
3467583.exe ,  4.15,  1.29,  1.23,  0.00,  0.16,  163076345,  152978000,    9998000,  176911983, c++, elite, mult, 8
3467583.exe ,  4.18,  1.31,  1.24,  0.00,  0.16,  163433756,  152281000,   11020000,  176986031, c++, elite, mult, 8
3467583.exe ,  4.24,  1.31,  1.25,  0.00,  0.16,  164923151,  152881000,   11990000,  178664199, c++, elite, mult, 8
3467583.exe ,  4.17,  1.31,  1.25,  0.00,  0.16,  165033517,  154973000,    9998000,  178415906, c++, elite, mult, 8
3467583.exe ,  4.42,  1.32,  1.25,  0.00,  0.16,  165344747,  154276000,   11019000,  178947227, c++, elite, mult, 8
3467583.exe ,  4.21,  1.31,  1.25,  0.00,  0.16,  165987286,  151828000,   13984000,  180743486, c++, elite, mult, 8
3467583.exe ,  4.18,  1.31,  1.25,  0.00,  0.16,  165331253,  155263000,   10016000,  179207344, c++, elite, mult, 8
3716781.exe ,  4.83,  1.51,  1.43,  0.00,  0.20,  189241202,  173158000,   16014000,  203497786, c++, elite, mult, 8
3716781.exe ,  4.77,  1.49,  1.41,  0.00,  0.20,  188819990,  172704000,   16065000,  202196255, c++, elite, mult, 8
3716781.exe ,  4.96,  1.51,  1.43,  0.00,  0.20,  189750625,  173718000,   15974000,  203851123, c++, elite, mult, 8
3716781.exe ,  4.84,  1.50,  1.43,  0.00,  0.20,  189410472,  173322000,   16029000,  203190894, c++, elite, mult, 8
3716781.exe ,  4.94,  1.49,  1.42,  0.00,  0.19,  188450621,  172340000,   15938000,  202363812, c++, elite, mult, 8
3716781.exe ,  4.82,  1.50,  1.43,  0.00,  0.20,  190274638,  176188000,   14015000,  204243446, c++, elite, mult, 8
3716781.exe ,  4.85,  1.49,  1.41,  0.00,  0.20,  190264373,  177201000,   13014000,  204609070, c++, elite, mult, 8
3716781.exe ,  4.91,  1.48,  1.41,  0.00,  0.20,  189272555,  179198000,   10011000,  202939460, c++, elite, mult, 8
3716781.exe ,  4.81,  1.50,  1.42,  0.00,  0.20,  189042509,  175931000,   12994000,  202534228, c++, elite, mult, 8
3716781.exe ,  4.97,  1.51,  1.43,  0.00,  0.20,  191338685,  174258000,   17025000,  206109685, c++, elite, mult, 8
3730870.exe ,  4.73,  1.49,  1.41,  0.00,  0.19,  186059852,  171916000,   13993000,  200400821, c++, elite, mult, 8
3730870.exe ,  4.89,  1.47,  1.40,  0.00,  0.18,  186295432,  174202000,   12013000,  200760231, c++, elite, mult, 8
3730870.exe ,  4.71,  1.48,  1.41,  0.00,  0.19,  186284240,  175205000,   11012000,  200070484, c++, elite, mult, 8
3730870.exe ,  4.76,  1.48,  1.41,  0.00,  0.18,  186213057,  174146000,   12010000,  200359507, c++, elite, mult, 8
3730870.exe ,  4.74,  1.47,  1.40,  0.00,  0.18,  186084206,  173016000,   13001000,  200080469, c++, elite, mult, 8
3730870.exe ,  4.77,  1.49,  1.41,  0.00,  0.19,  188806108,  175761000,   12982000,  202681019, c++, elite, mult, 8
3730870.exe ,  4.89,  1.49,  1.41,  0.00,  0.18,  186368210,  175294000,   11018000,  200383010, c++, elite, mult, 8
3730870.exe ,  4.74,  1.49,  1.41,  0.00,  0.19,  186783525,  173752000,   12981000,  200794576, c++, elite, mult, 8
3730870.exe ,  4.74,  1.48,  1.41,  0.00,  0.18,  186199917,  179137000,    7005000,  200417025, c++, elite, mult, 8
3730870.exe ,  4.84,  1.50,  1.42,  0.00,  0.19,  188054841,  176001000,   12000000,  201397595, c++, elite, mult, 8
3856382.exe ,  5.92,  1.83,  1.74,  0.00,  0.18,  228488196,  226397000,    2003000,  242280820, c++, elite, mult, 8
3856382.exe ,  5.69,  1.81,  1.73,  0.00,  0.18,  228451773,  216451000,   11969000,  241971285, c++, elite, mult, 8
3856382.exe ,  5.82,  1.81,  1.72,  0.00,  0.18,  228759325,  222708000,    5992000,  243545797, c++, elite, mult, 8
3856382.exe ,  5.74,  1.84,  1.75,  0.00,  0.18,  230945342,  224822000,    5995000,  244822317, c++, elite, mult, 8
3856382.exe ,  5.82,  1.81,  1.73,  0.00,  0.18,  227381455,  220205000,    7006000,  241278353, c++, elite, mult, 8
3856382.exe ,  5.71,  1.83,  1.74,  0.00,  0.18,  229493292,  218441000,   10971000,  243216297, c++, elite, mult, 8
3856382.exe ,  5.79,  1.81,  1.73,  0.00,  0.18,  227339577,  218269000,    9011000,  241427885, c++, elite, mult, 8
3856382.exe ,  5.67,  1.81,  1.73,  0.00,  0.18,  227077264,  221009000,    6000000,  241211299, c++, elite, mult, 8
3856382.exe ,  5.83,  1.81,  1.73,  0.00,  0.18,  227508670,  220435000,    6982000,  241408179, c++, elite, mult, 8
3856382.exe ,  5.69,  1.82,  1.73,  0.00,  0.18,  227885067,  222801000,    4995000,  241717069, c++, elite, mult, 8
3872603.exe ,  6.12,  1.94,  1.85,  0.00,  0.19,  244313133,  237136000,    7004000,  258051988, c++, elite, mult, 8
3872603.exe ,  6.20,  1.93,  1.84,  0.00,  0.19,  243309450,  237240000,    6006000,  257091400, c++, elite, mult, 8
3872603.exe ,  6.05,  1.93,  1.84,  0.00,  0.19,  242893571,  233838000,    8993000,  256633077, c++, elite, mult, 8
3872603.exe ,  6.22,  1.93,  1.84,  0.00,  0.19,  242524198,  236354000,    6009000,  256484757, c++, elite, mult, 8
3872603.exe ,  6.07,  1.93,  1.84,  0.00,  0.19,  243199056,  235130000,    8004000,  257572975, c++, elite, mult, 8
3872603.exe ,  6.22,  1.94,  1.85,  0.00,  0.19,  244041804,  237935000,    6023000,  257594042, c++, elite, mult, 8
3872603.exe ,  6.25,  2.00,  1.91,  0.00,  0.19,  250807227,  238734000,   11986000,  264935866, c++, elite, mult, 8
3872603.exe ,  6.22,  1.94,  1.86,  0.00,  0.19,  244394441,  237298000,    7008000,  258203708, c++, elite, mult, 8
3872603.exe ,  6.05,  1.94,  1.85,  0.00,  0.19,  243330230,  236245000,    7007000,  257583199, c++, elite, mult, 8
3872603.exe ,  6.21,  1.97,  1.87,  0.00,  0.19,  246726907,  242600000,    4009000,  260527650, c++, elite, mult, 8
3902259.exe ,  6.51,  2.05,  1.95,  0.00,  0.23,  259496759,  245403000,   14023000,  273304662, c++, elite, mult, 8
3902259.exe ,  6.49,  2.05,  1.96,  0.00,  0.23,  258915531,  243828000,   14989000,  272364331, c++, elite, mult, 8
3902259.exe ,  6.63,  2.08,  1.97,  0.00,  0.23,  260410902,  245319000,   15019000,  274283811, c++, elite, mult, 8
3902259.exe ,  6.49,  2.05,  1.95,  0.00,  0.23,  258315204,  243154000,   15009000,  272252163, c++, elite, mult, 8
3902259.exe ,  6.59,  2.05,  1.95,  0.00,  0.23,  258250608,  241164000,   16941000,  272155691, c++, elite, mult, 8
3902259.exe ,  6.70,  2.11,  2.00,  0.00,  0.23,  264495226,  250345000,   14019000,  278456919, c++, elite, mult, 8
3902259.exe ,  6.66,  2.07,  1.96,  0.00,  0.23,  259833368,  248727000,   11032000,  273616222, c++, elite, mult, 8
3902259.exe ,  6.47,  2.06,  1.95,  0.00,  0.23,  257934679,  237873000,   19989000,  272175117, c++, elite, mult, 8
3902259.exe ,  6.68,  2.07,  1.96,  0.00,  0.23,  260075647,  241991000,   17999000,  274455554, c++, elite, mult, 8
3902259.exe ,  6.46,  2.06,  1.95,  0.00,  0.23,  258045380,  236978000,   20998000,  272097280, c++, elite, mult, 8
3969157.exe ,  9.03,  2.86,  2.71,  0.00,  0.34,  359037284,  338932000,   19996000,  372892510, c++, elite, mult, 8
3969157.exe ,  9.23,  2.86,  2.70,  0.00,  0.34,  357387679,  338283000,   19015000,  371331996, c++, elite, mult, 8
3969157.exe ,  9.25,  2.86,  2.71,  0.00,  0.35,  358562977,  333460000,   24959000,  372861484, c++, elite, mult, 8
3969157.exe ,  9.16,  2.87,  2.71,  0.00,  0.35,  359644889,  336496000,   23033000,  373724672, c++, elite, mult, 8
3969157.exe ,  9.24,  2.87,  2.72,  0.00,  0.35,  360096288,  336921000,   22994000,  374004361, c++, elite, mult, 8
3969157.exe ,  9.17,  2.87,  2.72,  0.00,  0.34,  359818961,  337667000,   22043000,  373542605, c++, elite, mult, 8
3969157.exe ,  8.98,  2.84,  2.69,  0.00,  0.34,  356980113,  333821000,   22987000,  370872237, c++, elite, mult, 8
3969157.exe ,  9.14,  2.84,  2.70,  0.00,  0.34,  357622111,  333453000,   24032000,  371541050, c++, elite, mult, 8
3969157.exe ,  9.25,  2.86,  2.71,  0.00,  0.34,  359082785,  331977000,   26917000,  373036554, c++, elite, mult, 8
3969157.exe ,  9.04,  2.86,  2.71,  0.00,  0.34,  358984329,  343857000,   14993000,  373487152, c++, elite, mult, 8
4039956.exe ,  5.89,  1.85,  1.76,  0.00,  0.20,  232208139,  216061000,   16004000,  245622546, c++, elite, mult, 8
4039956.exe ,  5.92,  1.86,  1.76,  0.00,  0.20,  233196907,  221037000,   12002000,  247060750, c++, elite, mult, 8
4039956.exe ,  5.88,  1.85,  1.76,  0.00,  0.20,  232302119,  211210000,   21020000,  246221496, c++, elite, mult, 8
4039956.exe ,  5.87,  1.86,  1.76,  0.00,  0.20,  233045616,  216980000,   15998000,  246898145, c++, elite, mult, 8
4039956.exe ,  5.86,  1.87,  1.77,  0.00,  0.20,  233974258,  223856000,   10038000,  247496167, c++, elite, mult, 8
4039956.exe ,  5.94,  1.86,  1.77,  0.00,  0.20,  235232189,  215159000,   20014000,  249258601, c++, elite, mult, 8
4039956.exe ,  5.83,  1.87,  1.76,  0.00,  0.20,  233394875,  223281000,   10012000,  246717894, c++, elite, mult, 8
4039956.exe ,  5.96,  1.86,  1.77,  0.00,  0.20,  234195602,  214130000,   20012000,  248334576, c++, elite, mult, 8
4039956.exe ,  5.82,  1.87,  1.77,  0.00,  0.20,  234286400,  216133000,   18011000,  248369864, c++, elite, mult, 8
4039956.exe ,  6.16,  1.89,  1.79,  0.00,  0.20,  236192232,  215135000,   20915000,  250053880, c++, elite, mult, 8
4042441.exe ,  5.02,  1.54,  1.46,  0.00,  0.18,  194495813,  182395000,   12026000,  208143818, c++, elite, mult, 8
4042441.exe ,  4.89,  1.53,  1.45,  0.00,  0.18,  193623237,  184538000,    9026000,  207245005, c++, elite, mult, 8
4042441.exe ,  4.88,  1.53,  1.45,  0.00,  0.18,  192682510,  176591000,   16053000,  206087053, c++, elite, mult, 8
4042441.exe ,  4.92,  1.53,  1.45,  0.00,  0.18,  192126217,  179990000,   11999000,  205830369, c++, elite, mult, 8
4042441.exe ,  4.88,  1.54,  1.46,  0.00,  0.18,  192908956,  185851000,    6994000,  206703475, c++, elite, mult, 8
4042441.exe ,  5.04,  1.54,  1.46,  0.00,  0.18,  192295262,  181274000,   10956000,  205941353, c++, elite, mult, 8
4042441.exe ,  4.95,  1.55,  1.47,  0.00,  0.19,  194201771,  182139000,   12009000,  207899597, c++, elite, mult, 8
4042441.exe ,  4.90,  1.53,  1.45,  0.00,  0.18,  192149660,  181014000,   11000000,  206048928, c++, elite, mult, 8
4042441.exe ,  4.99,  1.54,  1.46,  0.00,  0.18,  192385738,  183301000,    9014000,  206783532, c++, elite, mult, 8
4042441.exe ,  4.85,  1.52,  1.45,  0.00,  0.18,  192469806,  181375000,   11022000,  206483938, c++, elite, mult, 8
4124395.exe ,  4.45,  1.40,  1.32,  0.00,  0.17,  174550586,  153561000,   20940000,  188444611, c++, elite, mult, 8
4124395.exe ,  4.44,  1.38,  1.32,  0.00,  0.17,  174647583,  155451000,   19055000,  188463103, c++, elite, mult, 8
4124395.exe ,  4.42,  1.39,  1.32,  0.00,  0.17,  174538312,  153384000,   21052000,  187876027, c++, elite, mult, 8
4124395.exe ,  4.39,  1.39,  1.32,  0.00,  0.17,  173943995,  150899000,   22984000,  188093231, c++, elite, mult, 8
4124395.exe ,  4.64,  1.39,  1.32,  0.00,  0.17,  174469622,  157379000,   17041000,  188036510, c++, elite, mult, 8
4124395.exe ,  4.39,  1.39,  1.32,  0.00,  0.17,  174432746,  157415000,   16937000,  188745491, c++, elite, mult, 8
4124395.exe ,  4.39,  1.39,  1.32,  0.00,  0.17,  174123427,  152061000,   22008000,  188198647, c++, elite, mult, 8
4124395.exe ,  4.62,  1.39,  1.32,  0.00,  0.17,  175124100,  159066000,   16006000,  188668849, c++, elite, mult, 8
4124395.exe ,  4.38,  1.38,  1.31,  0.00,  0.17,  173459036,  157338000,   16034000,  187205844, c++, elite, mult, 8
4124395.exe ,  4.48,  1.37,  1.30,  0.00,  0.17,  176202127,  157115000,   19013000,  190061055, c++, elite, mult, 8
4136556.exe ,  5.52,  1.72,  1.63,  0.00,  0.23,  216236038,  191154000,   25020000,  230867199, c++, elite, mult, 8
4136556.exe ,  5.67,  1.72,  1.63,  0.00,  0.23,  217132395,  188052000,   29008000,  230908960, c++, elite, mult, 8
4136556.exe ,  5.57,  1.73,  1.64,  0.00,  0.23,  218352254,  189372000,   28904000,  232224396, c++, elite, mult, 8
4136556.exe ,  5.68,  1.73,  1.63,  0.00,  0.23,  217518153,  193514000,   23939000,  231189652, c++, elite, mult, 8
4136556.exe ,  5.63,  1.74,  1.64,  0.00,  0.24,  219873737,  195838000,   23980000,  234203366, c++, elite, mult, 8
4136556.exe ,  5.75,  1.75,  1.65,  0.00,  0.23,  220070423,  198005000,   22000000,  233716886, c++, elite, mult, 8
4136556.exe ,  5.54,  1.73,  1.63,  0.00,  0.23,  217030275,  193951000,   22994000,  230847102, c++, elite, mult, 8
4136556.exe ,  5.64,  1.74,  1.63,  0.00,  0.23,  217183199,  191084000,   26011000,  231044049, c++, elite, mult, 8
4136556.exe ,  5.59,  1.72,  1.62,  0.00,  0.23,  216953072,  189907000,   26986000,  230800413, c++, elite, mult, 8
4136556.exe ,  5.50,  1.72,  1.63,  0.00,  0.23,  215873102,  188818000,   26974000,  230500970, c++, elite, mult, 8
4168672.exe ,  5.37,  1.66,  1.57,  0.00,  0.23,  209755211,  194723000,   14978000,  223537904, c++, elite, mult, 8
4168672.exe ,  5.54,  1.66,  1.57,  0.00,  0.23,  211949989,  190909000,   20990000,  225315829, c++, elite, mult, 8
4168672.exe ,  5.44,  1.68,  1.59,  0.00,  0.23,  211077655,  190005000,   21000000,  224902666, c++, elite, mult, 8
4168672.exe ,  5.39,  1.67,  1.58,  0.00,  0.23,  210270185,  191129000,   19012000,  224361560, c++, elite, mult, 8
4168672.exe ,  5.49,  1.67,  1.58,  0.00,  0.23,  210385641,  188394000,   21929000,  224209763, c++, elite, mult, 8
4168672.exe ,  5.44,  1.69,  1.59,  0.00,  0.23,  211659424,  193621000,   17964000,  225657009, c++, elite, mult, 8
4168672.exe ,  5.53,  1.68,  1.58,  0.00,  0.23,  210014930,  192957000,   16996000,  223901118, c++, elite, mult, 8
4168672.exe ,  5.48,  1.70,  1.61,  0.00,  0.23,  213306890,  193222000,   20023000,  227102824, c++, elite, mult, 8
4168672.exe ,  5.58,  1.67,  1.59,  0.00,  0.23,  210661249,  193552000,   16960000,  224645788, c++, elite, mult, 8
4168672.exe ,  5.37,  1.68,  1.59,  0.00,  0.23,  210777591,  189710000,   20967000,  225062424, c++, elite, mult, 8
4173136.exe ,  4.38,  1.38,  1.30,  0.00,  0.17,  171889123,  156746000,   14975000,  186063608, c++, elite, mult, 8
4173136.exe ,  4.37,  1.37,  1.29,  0.00,  0.17,  171688223,  153661000,   17960000,  184976069, c++, elite, mult, 8
4173136.exe ,  4.47,  1.36,  1.29,  0.00,  0.17,  171419553,  151453000,   19928000,  185310039, c++, elite, mult, 8
4173136.exe ,  4.35,  1.36,  1.29,  0.00,  0.17,  171487707,  154490000,   16944000,  185006963, c++, elite, mult, 8
4173136.exe ,  4.45,  1.37,  1.29,  0.00,  0.17,  172020063,  155011000,   16892000,  185514686, c++, elite, mult, 8
4173136.exe ,  4.60,  1.38,  1.30,  0.00,  0.17,  173085557,  157027000,   16002000,  187065255, c++, elite, mult, 8
4173136.exe ,  4.43,  1.38,  1.30,  0.00,  0.17,  172991908,  152884000,   19984000,  186891680, c++, elite, mult, 8
4173136.exe ,  4.58,  1.38,  1.30,  0.00,  0.17,  172731113,  157579000,   15055000,  186598045, c++, elite, mult, 8
4173136.exe ,  4.48,  1.38,  1.31,  0.00,  0.17,  173428884,  155247000,   18028000,  187302121, c++, elite, mult, 8
4173136.exe ,  4.42,  1.37,  1.30,  0.00,  0.17,  172081249,  152972000,   18996000,  185946841, c++, elite, mult, 8
4198999.exe ,  3.89,  1.22,  1.16,  0.00,  0.14,  152786949,  143618000,    8976000,  166659410, c++, elite, mult, 8
4198999.exe ,  3.84,  1.21,  1.15,  0.00,  0.14,  151899868,  144776000,    6989000,  165850129, c++, elite, mult, 8
4198999.exe ,  4.04,  1.22,  1.16,  0.00,  0.14,  152771529,  141670000,   10974000,  166598447, c++, elite, mult, 8
4198999.exe ,  3.89,  1.22,  1.16,  0.00,  0.14,  153157647,  146840000,    5993000,  167172244, c++, elite, mult, 8
4198999.exe ,  3.82,  1.20,  1.15,  0.00,  0.14,  151349858,  147242000,    4006000,  165074023, c++, elite, mult, 8
4198999.exe ,  3.97,  1.20,  1.15,  0.00,  0.14,  151208436,  144157000,    7007000,  164639583, c++, elite, mult, 8
4198999.exe ,  3.89,  1.21,  1.15,  0.00,  0.14,  151499776,  147439000,    4011000,  165427825, c++, elite, mult, 8
4198999.exe ,  3.87,  1.22,  1.16,  0.00,  0.14,  152977443,  142916000,    9994000,  166870453, c++, elite, mult, 8
4198999.exe ,  3.98,  1.20,  1.15,  0.00,  0.14,  151901899,  142829000,    8989000,  165724587, c++, elite, mult, 8
4198999.exe ,  3.87,  1.21,  1.15,  0.00,  0.14,  152295295,  146136000,    6005000,  165754319, c++, elite, mult, 8
4232821.exe ,  6.63,  2.07,  1.96,  0.00,  0.22,  258773017,  231717000,   26967000,  272807681, c++, elite, mult, 8
4232821.exe ,  6.47,  2.06,  1.96,  0.00,  0.22,  259377212,  234282000,   25030000,  273816185, c++, elite, mult, 8
4232821.exe ,  6.66,  2.06,  1.96,  0.00,  0.22,  259192221,  227050000,   32007000,  272960345, c++, elite, mult, 8
4232821.exe ,  6.55,  2.07,  1.97,  0.00,  0.22,  259870862,  233820000,   25980000,  273920803, c++, elite, mult, 8
4232821.exe ,  6.65,  2.07,  1.97,  0.00,  0.22,  260990095,  232620000,   28074000,  275832815, c++, elite, mult, 8
4232821.exe ,  6.47,  2.06,  1.96,  0.00,  0.22,  259106145,  235024000,   24002000,  273078172, c++, elite, mult, 8
4232821.exe ,  6.67,  2.07,  1.96,  0.00,  0.22,  259409600,  233290000,   26032000,  273347333, c++, elite, mult, 8
4232821.exe ,  6.48,  2.06,  1.96,  0.00,  0.22,  259170526,  236951000,   21995000,  272972823, c++, elite, mult, 8
4232821.exe ,  6.61,  2.08,  1.97,  0.00,  0.22,  260258899,  239187000,   21016000,  274596355, c++, elite, mult, 8
4232821.exe ,  6.56,  2.05,  1.95,  0.00,  0.22,  260329377,  232231000,   28027000,  275083296, c++, elite, mult, 8
4245198.exe ,  4.55,  1.42,  1.34,  0.00,  0.19,  177828499,  163715000,   13975000,  191462610, c++, elite, mult, 8
4245198.exe ,  4.67,  1.43,  1.34,  0.00,  0.19,  178683811,  162585000,   15959000,  192415079, c++, elite, mult, 8
4245198.exe ,  4.58,  1.42,  1.34,  0.00,  0.19,  178825041,  163786000,   14980000,  192618440, c++, elite, mult, 8
4245198.exe ,  4.52,  1.41,  1.33,  0.00,  0.19,  176994436,  156930000,   19991000,  190798848, c++, elite, mult, 8
4245198.exe ,  4.71,  1.42,  1.34,  0.00,  0.19,  178111159,  164949000,   12996000,  192112721, c++, elite, mult, 8
4245198.exe ,  4.54,  1.41,  1.34,  0.00,  0.19,  177317896,  164238000,   13018000,  191404770, c++, elite, mult, 8
4245198.exe ,  4.80,  1.47,  1.38,  0.00,  0.20,  183799912,  170678000,   13051000,  197779586, c++, elite, mult, 8
4245198.exe ,  4.65,  1.42,  1.34,  0.00,  0.19,  177972150,  159912000,   17990000,  192009930, c++, elite, mult, 8
4245198.exe ,  4.63,  1.42,  1.34,  0.00,  0.19,  178678954,  165655000,   12973000,  192602087, c++, elite, mult, 8
4245198.exe ,  4.67,  1.42,  1.35,  0.00,  0.19,  178534593,  165498000,   12960000,  192714251, c++, elite, mult, 8
438014.exe  ,  6.53,  2.09,  1.99,  0.00,  0.22,  262268643,  255125000,    7003000,  276958389, c++, elite, mult, 8
438014.exe  ,  7.14,  2.21,  2.11,  0.00,  0.23,  279240170,  267161000,   12007000,  296332367, c++, elite, mult, 8
438014.exe  ,  6.70,  2.12,  2.01,  0.00,  0.23,  265718790,  250529000,   14971000,  279772825, c++, elite, mult, 8
438014.exe  ,  6.69,  2.10,  2.00,  0.00,  0.22,  264046899,  251928000,   11996000,  277968114, c++, elite, mult, 8
438014.exe  ,  6.61,  2.10,  2.00,  0.00,  0.22,  263741211,  247678000,   15979000,  277596214, c++, elite, mult, 8
438014.exe  ,  6.66,  2.09,  1.99,  0.00,  0.22,  263188971,  254103000,    9003000,  277049254, c++, elite, mult, 8
438014.exe  ,  6.58,  2.09,  1.99,  0.00,  0.22,  262262745,  250137000,   12006000,  276141420, c++, elite, mult, 8
438014.exe  ,  6.58,  2.09,  1.99,  0.00,  0.22,  263267173,  249109000,   14006000,  277110205, c++, elite, mult, 8
438014.exe  ,  6.74,  2.10,  2.00,  0.00,  0.23,  264197228,  252094000,   12004000,  277873856, c++, elite, mult, 8
438014.exe  ,  6.60,  2.10,  2.01,  0.00,  0.22,  264515930,  247471000,   16963000,  278456399, c++, elite, mult, 8
4445432.exe ,  3.83,  1.18,  1.11,  0.00,  0.14,  147468666,  133367000,   14038000,  161872187, c++, elite, mult, 8
4445432.exe ,  3.68,  1.16,  1.10,  0.00,  0.14,  145803927,  131782000,   13976000,  159646685, c++, elite, mult, 8
4445432.exe ,  3.83,  1.16,  1.10,  0.00,  0.14,  146052016,  135982000,    9998000,  159967908, c++, elite, mult, 8
4445432.exe ,  3.74,  1.18,  1.12,  0.00,  0.14,  147546727,  135506000,   11956000,  160986264, c++, elite, mult, 8
4445432.exe ,  3.68,  1.16,  1.10,  0.00,  0.14,  145594168,  137483000,    7970000,  159434799, c++, elite, mult, 8
4445432.exe ,  3.88,  1.16,  1.10,  0.00,  0.14,  145784520,  130652000,   14960000,  159703536, c++, elite, mult, 8
4445432.exe ,  3.72,  1.15,  1.08,  0.00,  0.14,  147318548,  139265000,    8015000,  162231390, c++, elite, mult, 8
4445432.exe ,  3.75,  1.17,  1.11,  0.00,  0.14,  146777320,  135625000,   11050000,  160862782, c++, elite, mult, 8
4445432.exe ,  3.86,  1.17,  1.10,  0.00,  0.14,  146580206,  132477000,   14050000,  160152696, c++, elite, mult, 8
4445432.exe ,  3.68,  1.16,  1.10,  0.00,  0.14,  145771108,  130753000,   14971000,  159447718, c++, elite, mult, 8
4514265.exe ,  4.68,  1.43,  1.36,  0.00,  0.18,  180759805,  160618000,   19952000,  195167346, c++, elite, mult, 8
4514265.exe ,  4.51,  1.42,  1.34,  0.00,  0.17,  177644491,  162592000,   14962000,  191180819, c++, elite, mult, 8
4514265.exe ,  4.66,  1.42,  1.35,  0.00,  0.17,  178596199,  167581000,   10972000,  192568616, c++, elite, mult, 8
4514265.exe ,  4.49,  1.41,  1.34,  0.00,  0.17,  177195560,  166140000,   11009000,  191123660, c++, elite, mult, 8
4514265.exe ,  4.51,  1.41,  1.34,  0.00,  0.17,  178767703,  165684000,   12975000,  193078705, c++, elite, mult, 8
4514265.exe ,  4.72,  1.43,  1.36,  0.00,  0.18,  179632256,  166600000,   12968000,  193829138, c++, elite, mult, 8
4514265.exe ,  4.52,  1.43,  1.36,  0.00,  0.17,  179512098,  164394000,   15036000,  193213935, c++, elite, mult, 8
4514265.exe ,  4.50,  1.42,  1.35,  0.00,  0.17,  178667580,  164647000,   13970000,  192563650, c++, elite, mult, 8
4514265.exe ,  4.57,  1.42,  1.35,  0.00,  0.17,  179440591,  167267000,   12019000,  193113025, c++, elite, mult, 8
4514265.exe ,  4.51,  1.42,  1.35,  0.00,  0.17,  177979703,  165873000,   11990000,  191927905, c++, elite, mult, 8
4549636.exe ,  4.57,  1.44,  1.36,  0.00,  0.18,  180965719,  157918000,   22988000,  195359544, c++, elite, mult, 8
4549636.exe ,  4.59,  1.44,  1.36,  0.00,  0.18,  180940637,  155906000,   24985000,  195227797, c++, elite, mult, 8
4549636.exe ,  4.67,  1.45,  1.37,  0.00,  0.18,  181698954,  162572000,   19067000,  195163795, c++, elite, mult, 8
4549636.exe ,  4.71,  1.45,  1.37,  0.00,  0.18,  181614590,  162566000,   18949000,  195575756, c++, elite, mult, 8
4549636.exe ,  4.76,  1.45,  1.37,  0.00,  0.18,  181845431,  157574000,   24087000,  195577388, c++, elite, mult, 8
4549636.exe ,  4.59,  1.45,  1.36,  0.00,  0.18,  181211169,  161142000,   20017000,  195435409, c++, elite, mult, 8
4549636.exe ,  4.58,  1.44,  1.36,  0.00,  0.18,  181611859,  165595000,   15961000,  195980414, c++, elite, mult, 8
4549636.exe ,  4.72,  1.45,  1.37,  0.00,  0.18,  181254006,  152168000,   29032000,  195195658, c++, elite, mult, 8
4549636.exe ,  4.55,  1.43,  1.36,  0.00,  0.18,  179896967,  154859000,   24977000,  193927366, c++, elite, mult, 8
4549636.exe ,  4.71,  1.45,  1.37,  0.00,  0.18,  181529427,  166400000,   15036000,  195220168, c++, elite, mult, 8
4732044.exe ,  4.08,  1.26,  1.19,  0.00,  0.16,  157243235,  141157000,   16017000,  171701305, c++, elite, mult, 8
4732044.exe ,  4.14,  1.25,  1.18,  0.00,  0.15,  156224576,  138139000,   18018000,  169958405, c++, elite, mult, 8
4732044.exe ,  3.94,  1.24,  1.18,  0.00,  0.15,  156687057,  135537000,   21083000,  170838361, c++, elite, mult, 8
4732044.exe ,  4.00,  1.25,  1.18,  0.00,  0.15,  157089952,  142027000,   15002000,  170931779, c++, elite, mult, 8
4732044.exe ,  4.13,  1.24,  1.17,  0.00,  0.15,  155699844,  136695000,   18957000,  169600540, c++, elite, mult, 8
4732044.exe ,  4.04,  1.24,  1.18,  0.00,  0.15,  156334123,  143127000,   13011000,  170164194, c++, elite, mult, 8
4732044.exe ,  3.96,  1.24,  1.17,  0.00,  0.15,  156202005,  140122000,   16013000,  170261223, c++, elite, mult, 8
4732044.exe ,  4.12,  1.24,  1.18,  0.00,  0.15,  156604632,  139416000,   17050000,  170597743, c++, elite, mult, 8
4732044.exe ,  4.01,  1.25,  1.18,  0.00,  0.15,  156525127,  141444000,   14941000,  170428920, c++, elite, mult, 8
4732044.exe ,  3.98,  1.24,  1.17,  0.00,  0.15,  155667872,  140548000,   15058000,  169094852, c++, elite, mult, 8
4757111.exe ,  3.74,  1.17,  1.10,  0.00,  0.14,  146652369,  134634000,   11967000,  160821372, c++, elite, mult, 8
4757111.exe ,  3.74,  1.17,  1.11,  0.00,  0.14,  147592656,  132583000,   14953000,  160983196, c++, elite, mult, 8
4757111.exe ,  3.88,  1.15,  1.10,  0.00,  0.14,  147346734,  131378000,   15924000,  161848917, c++, elite, mult, 8
4757111.exe ,  3.80,  1.16,  1.10,  0.00,  0.14,  147636511,  135543000,   11959000,  161940258, c++, elite, mult, 8
4757111.exe ,  3.74,  1.17,  1.11,  0.00,  0.14,  147139766,  133986000,   12998000,  160818682, c++, elite, mult, 8
4757111.exe ,  3.88,  1.17,  1.11,  0.00,  0.14,  146790193,  121750000,   24948000,  160648754, c++, elite, mult, 8
4757111.exe ,  3.71,  1.15,  1.09,  0.00,  0.14,  148379732,  130216000,   18030000,  163640236, c++, elite, mult, 8
4757111.exe ,  3.73,  1.17,  1.11,  0.00,  0.14,  146894271,  132860000,   13985000,  160765990, c++, elite, mult, 8
4757111.exe ,  3.92,  1.17,  1.11,  0.00,  0.14,  147135351,  131945000,   14993000,  161137192, c++, elite, mult, 8
4757111.exe ,  3.79,  1.19,  1.12,  0.00,  0.14,  148221580,  136106000,   12009000,  162216044, c++, elite, mult, 8
4873112.exe ,  4.44,  1.36,  1.29,  0.00,  0.17,  170501628,  160478000,    9967000,  185206300, c++, elite, mult, 8
4873112.exe ,  4.37,  1.36,  1.29,  0.00,  0.17,  171200417,  156130000,   15012000,  184727782, c++, elite, mult, 8
4873112.exe ,  4.44,  1.36,  1.29,  0.00,  0.17,  170417766,  160346000,   10021000,  184230649, c++, elite, mult, 8
4873112.exe ,  4.40,  1.34,  1.28,  0.00,  0.17,  169577094,  161533000,    7976000,  183614943, c++, elite, mult, 8
4873112.exe ,  4.40,  1.36,  1.29,  0.00,  0.17,  170460029,  163397000,    7017000,  184526686, c++, elite, mult, 8
4873112.exe ,  4.42,  1.34,  1.28,  0.00,  0.17,  169429145,  157354000,   12027000,  183376775, c++, elite, mult, 8
4873112.exe ,  4.31,  1.35,  1.28,  0.00,  0.17,  169876218,  160828000,    8990000,  183448886, c++, elite, mult, 8
4873112.exe ,  4.30,  1.35,  1.28,  0.00,  0.17,  169222850,  161154000,    8007000,  183422491, c++, elite, mult, 8
4873112.exe ,  4.47,  1.35,  1.28,  0.00,  0.17,  169427319,  157339000,   12025000,  183154099, c++, elite, mult, 8
4873112.exe ,  4.33,  1.36,  1.29,  0.00,  0.17,  170717597,  165478000,    5014000,  184785155, c++, elite, mult, 8
4981197.exe ,  4.77,  1.48,  1.40,  0.00,  0.19,  184979216,  168926000,   15993000,  198804701, c++, elite, mult, 8
4981197.exe ,  4.73,  1.48,  1.40,  0.00,  0.19,  186062370,  159886000,   25981000,  200098326, c++, elite, mult, 8
4981197.exe ,  4.81,  1.47,  1.39,  0.00,  0.19,  184460731,  170402000,   13951000,  198701427, c++, elite, mult, 8
4981197.exe ,  4.75,  1.48,  1.40,  0.00,  0.19,  186191973,  165124000,   21015000,  200127053, c++, elite, mult, 8
4981197.exe ,  4.77,  1.47,  1.39,  0.00,  0.19,  184567827,  169393000,   14946000,  198149902, c++, elite, mult, 8
4981197.exe ,  4.74,  1.46,  1.38,  0.00,  0.19,  184738234,  162595000,   22080000,  199206908, c++, elite, mult, 8
4981197.exe ,  4.69,  1.47,  1.39,  0.00,  0.19,  184817140,  167742000,   16973000,  198715519, c++, elite, mult, 8
4981197.exe ,  4.81,  1.47,  1.39,  0.00,  0.19,  183930547,  163887000,   19986000,  198224841, c++, elite, mult, 8
4981197.exe ,  4.68,  1.47,  1.39,  0.00,  0.19,  183934458,  159845000,   23976000,  197737530, c++, elite, mult, 8
4981197.exe ,  4.66,  1.47,  1.39,  0.00,  0.19,  184123616,  154977000,   28995000,  198243644, c++, elite, mult, 8
5022885.exe ,  6.99,  2.18,  2.06,  0.00,  0.28,  274954934,  257845000,   17055000,  289728501, c++, elite, mult, 8
5022885.exe ,  7.12,  2.18,  2.07,  0.00,  0.28,  275302257,  263215000,   12009000,  288927599, c++, elite, mult, 8
5022885.exe ,  7.00,  2.19,  2.07,  0.00,  0.28,  274567720,  258442000,   16027000,  288627729, c++, elite, mult, 8
5022885.exe ,  7.05,  2.18,  2.07,  0.00,  0.28,  274204887,  262041000,   11956000,  288564989, c++, elite, mult, 8
5022885.exe ,  7.06,  2.19,  2.08,  0.00,  0.28,  274893979,  260676000,   14036000,  288904385, c++, elite, mult, 8
5022885.exe ,  6.89,  2.17,  2.05,  0.00,  0.28,  271736084,  258671000,   12983000,  285466399, c++, elite, mult, 8
5022885.exe ,  7.07,  2.16,  2.04,  0.00,  0.28,  272098570,  257960000,   13997000,  285968244, c++, elite, mult, 8
5022885.exe ,  6.96,  2.17,  2.07,  0.00,  0.28,  273595859,  261533000,   11978000,  287222667, c++, elite, mult, 8
5022885.exe ,  7.14,  2.17,  2.06,  0.00,  0.28,  273558028,  258423000,   15024000,  287389609, c++, elite, mult, 8
5022885.exe ,  6.97,  2.18,  2.08,  0.00,  0.28,  274770976,  252722000,   21975000,  288795366, c++, elite, mult, 8
5026025.exe ,  5.80,  1.86,  1.77,  0.00,  0.18,  232989907,  224916000,    7997000,  247260183, c++, elite, mult, 8
5026025.exe ,  5.84,  1.85,  1.77,  0.00,  0.18,  233405970,  228234000,    5005000,  247688624, c++, elite, mult, 8
5026025.exe ,  5.81,  1.86,  1.77,  0.00,  0.18,  232806222,  222698000,    9986000,  246767835, c++, elite, mult, 8
5026025.exe ,  5.80,  1.86,  1.77,  0.00,  0.18,  233438008,  224296000,    9011000,  247280607, c++, elite, mult, 8
5026025.exe ,  5.83,  1.85,  1.76,  0.00,  0.18,  231734489,  222608000,    9024000,  246326645, c++, elite, mult, 8
5026025.exe ,  5.87,  1.86,  1.77,  0.00,  0.18,  233177058,  226102000,    7003000,  247260245, c++, elite, mult, 8
5026025.exe ,  5.93,  1.87,  1.78,  0.00,  0.18,  234120417,  228046000,    6001000,  248348035, c++, elite, mult, 8
5026025.exe ,  5.81,  1.86,  1.77,  0.00,  0.19,  232739619,  224658000,    7987000,  246576966, c++, elite, mult, 8
5026025.exe ,  5.93,  1.84,  1.76,  0.00,  0.18,  232596247,  225432000,    7013000,  246910230, c++, elite, mult, 8
5026025.exe ,  5.92,  1.87,  1.78,  0.00,  0.19,  235867425,  227807000,    7993000,  249695345, c++, elite, mult, 8
5401467.exe ,  4.48,  1.35,  1.29,  0.00,  0.17,  169618875,  158595000,   10972000,  184140677, c++, elite, mult, 8
5401467.exe ,  4.43,  1.36,  1.28,  0.00,  0.17,  170359058,  161295000,    9016000,  184100393, c++, elite, mult, 8
5401467.exe ,  4.31,  1.34,  1.28,  0.00,  0.17,  169524236,  162492000,    6978000,  183450297, c++, elite, mult, 8
5401467.exe ,  4.38,  1.34,  1.28,  0.00,  0.17,  169504850,  162439000,    7018000,  183298465, c++, elite, mult, 8
5401467.exe ,  4.29,  1.34,  1.28,  0.00,  0.17,  170578003,  162507000,    8025000,  185340448, c++, elite, mult, 8
5401467.exe ,  4.43,  1.35,  1.28,  0.00,  0.17,  169712836,  161633000,    8031000,  183579171, c++, elite, mult, 8
5401467.exe ,  4.33,  1.36,  1.28,  0.00,  0.17,  169486269,  158426000,   10960000,  182830932, c++, elite, mult, 8
5401467.exe ,  4.33,  1.35,  1.28,  0.00,  0.17,  169049761,  160994000,    7999000,  182869208, c++, elite, mult, 8
5401467.exe ,  4.48,  1.35,  1.28,  0.00,  0.17,  169693818,  159649000,    9978000,  183751255, c++, elite, mult, 8
5401467.exe ,  4.32,  1.35,  1.28,  0.00,  0.17,  169515232,  164450000,    5013000,  183413892, c++, elite, mult, 8
5445826.exe ,  3.88,  1.18,  1.12,  0.00,  0.15,  149696154,  137661000,   11970000,  163428833, c++, elite, mult, 8
5445826.exe ,  3.83,  1.19,  1.12,  0.00,  0.15,  149166635,  139117000,   10008000,  163115750, c++, elite, mult, 8
5445826.exe ,  3.79,  1.19,  1.12,  0.00,  0.15,  148908133,  130021000,   18858000,  162837788, c++, elite, mult, 8
5445826.exe ,  3.92,  1.18,  1.13,  0.00,  0.15,  149338678,  139244000,   10017000,  163521807, c++, elite, mult, 8
5445826.exe ,  3.83,  1.20,  1.13,  0.00,  0.15,  149969916,  138917000,   10993000,  163975411, c++, elite, mult, 8
5445826.exe ,  3.79,  1.18,  1.12,  0.00,  0.15,  149094929,  135040000,   14004000,  162663714, c++, elite, mult, 8
5445826.exe ,  3.89,  1.19,  1.13,  0.00,  0.15,  148734176,  138691000,    9977000,  162850826, c++, elite, mult, 8
5445826.exe ,  3.78,  1.18,  1.12,  0.00,  0.15,  148142773,  130225000,   17893000,  162222401, c++, elite, mult, 8
5445826.exe ,  3.80,  1.18,  1.13,  0.00,  0.15,  149149235,  138073000,   11005000,  163062898, c++, elite, mult, 8
5445826.exe ,  3.91,  1.18,  1.12,  0.00,  0.15,  149472015,  138336000,   11026000,  163715027, c++, elite, mult, 8
5681711.exe ,  5.19,  1.59,  1.50,  0.00,  0.21,  201471306,  167501000,   33899000,  215505216, c++, elite, mult, 8
5681711.exe ,  5.09,  1.58,  1.50,  0.00,  0.21,  201497439,  172519000,   28919000,  215358401, c++, elite, mult, 8
5681711.exe ,  5.09,  1.59,  1.50,  0.00,  0.21,  200498116,  167522000,   32906000,  214149256, c++, elite, mult, 8
5681711.exe ,  5.26,  1.59,  1.50,  0.00,  0.21,  199266355,  172181000,   27028000,  212662853, c++, elite, mult, 8
5681711.exe ,  5.13,  1.59,  1.50,  0.00,  0.21,  199588016,  172467000,   27073000,  213416401, c++, elite, mult, 8
5681711.exe ,  5.23,  1.59,  1.50,  0.00,  0.21,  198890708,  170846000,   27974000,  213119465, c++, elite, mult, 8
5681711.exe ,  5.08,  1.58,  1.50,  0.00,  0.21,  200593480,  171564000,   28926000,  214719237, c++, elite, mult, 8
5681711.exe ,  5.10,  1.59,  1.51,  0.00,  0.21,  200854572,  176692000,   24094000,  214656306, c++, elite, mult, 8
5681711.exe ,  5.30,  1.61,  1.51,  0.00,  0.21,  200261688,  163359000,   36855000,  214321646, c++, elite, mult, 8
5681711.exe ,  5.08,  1.58,  1.49,  0.00,  0.21,  199187440,  169049000,   30008000,  213243075, c++, elite, mult, 8
5682441.exe ,  7.72,  2.39,  2.27,  0.00,  0.28,  299426457,  288325000,   11012000,  313603148, c++, elite, mult, 8
5682441.exe ,  7.74,  2.40,  2.27,  0.00,  0.28,  300369523,  286277000,   14013000,  314266712, c++, elite, mult, 8
5682441.exe ,  7.75,  2.38,  2.27,  0.00,  0.28,  299639583,  287580000,   11982000,  313391451, c++, elite, mult, 8
5682441.exe ,  7.70,  2.39,  2.27,  0.00,  0.28,  299750693,  284647000,   15034000,  313674409, c++, elite, mult, 8
5682441.exe ,  7.72,  2.37,  2.25,  0.00,  0.28,  297696268,  284632000,   12983000,  311019326, c++, elite, mult, 8
5682441.exe ,  7.65,  2.40,  2.27,  0.00,  0.28,  300340462,  287246000,   13011000,  314393586, c++, elite, mult, 8
5682441.exe ,  7.80,  2.40,  2.28,  0.00,  0.28,  300886672,  286753000,   13987000,  314795726, c++, elite, mult, 8
5682441.exe ,  7.71,  2.38,  2.26,  0.00,  0.28,  298927661,  284854000,   13992000,  312907709, c++, elite, mult, 8
5682441.exe ,  7.65,  2.38,  2.26,  0.00,  0.28,  298856634,  289782000,    8993000,  312750274, c++, elite, mult, 8
5682441.exe ,  7.77,  2.35,  2.24,  0.00,  0.28,  300523835,  284418000,   16023000,  315417595, c++, elite, mult, 8
5733034.exe ,  5.23,  1.60,  1.52,  0.00,  0.21,  201148743,  188085000,   13005000,  215046898, c++, elite, mult, 8
5733034.exe ,  5.15,  1.60,  1.52,  0.00,  0.21,  201130968,  187064000,   14004000,  215479780, c++, elite, mult, 8
5733034.exe ,  5.11,  1.60,  1.52,  0.00,  0.21,  201463511,  190355000,   11020000,  215357101, c++, elite, mult, 8
5733034.exe ,  5.25,  1.60,  1.52,  0.00,  0.21,  201316050,  189305000,   11956000,  215272830, c++, elite, mult, 8
5733034.exe ,  5.20,  1.62,  1.53,  0.00,  0.21,  202245578,  188157000,   14011000,  216015468, c++, elite, mult, 8
5733034.exe ,  5.23,  1.59,  1.51,  0.00,  0.21,  200112972,  181036000,   19003000,  214242459, c++, elite, mult, 8
5733034.exe ,  5.21,  1.61,  1.53,  0.00,  0.21,  201719932,  191669000,    9982000,  215834452, c++, elite, mult, 8
5733034.exe ,  5.11,  1.59,  1.50,  0.00,  0.21,  200410087,  186368000,   13952000,  214255226, c++, elite, mult, 8
5733034.exe ,  5.26,  1.59,  1.51,  0.00,  0.21,  200221339,  189151000,   11008000,  214114495, c++, elite, mult, 8
5733034.exe ,  5.08,  1.59,  1.51,  0.00,  0.21,  200137093,  184072000,   16006000,  214114389, c++, elite, mult, 8
5804368.exe ,  4.31,  1.35,  1.28,  0.00,  0.17,  168553513,  157415000,   11029000,  182878553, c++, elite, mult, 8
5804368.exe ,  4.42,  1.33,  1.26,  0.00,  0.17,  167143038,  155120000,   12009000,  180530282, c++, elite, mult, 8
5804368.exe ,  4.25,  1.33,  1.26,  0.00,  0.17,  167151055,  157084000,   10005000,  181056695, c++, elite, mult, 8
5804368.exe ,  4.25,  1.33,  1.26,  0.00,  0.17,  167010924,  151966000,   14996000,  180522387, c++, elite, mult, 8
5804368.exe ,  4.46,  1.34,  1.27,  0.00,  0.17,  167877632,  149836000,   17980000,  181867340, c++, elite, mult, 8
5804368.exe ,  4.27,  1.34,  1.27,  0.00,  0.17,  167987264,  161929000,    5997000,  181886450, c++, elite, mult, 8
5804368.exe ,  4.22,  1.32,  1.26,  0.00,  0.17,  166884998,  157846000,    8991000,  180691896, c++, elite, mult, 8
5804368.exe ,  4.39,  1.33,  1.26,  0.00,  0.17,  167317800,  151218000,   16023000,  180681834, c++, elite, mult, 8
5804368.exe ,  4.24,  1.33,  1.26,  0.00,  0.17,  166773786,  151749000,   14975000,  180687081, c++, elite, mult, 8
5804368.exe ,  4.35,  1.32,  1.26,  0.00,  0.17,  168174370,  156111000,   12008000,  181566127, c++, elite, mult, 8
5810439.exe ,  4.30,  1.33,  1.26,  0.00,  0.16,  166789885,  151747000,   14975000,  181270013, c++, elite, mult, 8
5810439.exe ,  4.28,  1.32,  1.26,  0.00,  0.16,  167800303,  153776000,   13979000,  181313231, c++, elite, mult, 8
5810439.exe ,  4.36,  1.34,  1.28,  0.00,  0.17,  169303021,  154236000,   15023000,  183240695, c++, elite, mult, 8
5810439.exe ,  4.25,  1.34,  1.26,  0.00,  0.16,  167219263,  149066000,   18008000,  180682844, c++, elite, mult, 8
5810439.exe ,  4.40,  1.33,  1.25,  0.00,  0.17,  169211873,  159147000,   10009000,  183999049, c++, elite, mult, 8
5810439.exe ,  4.23,  1.34,  1.27,  0.00,  0.16,  167291361,  151206000,   16021000,  181594243, c++, elite, mult, 8
5810439.exe ,  4.29,  1.35,  1.28,  0.00,  0.17,  169130853,  154059000,   15005000,  183076931, c++, elite, mult, 8
5810439.exe ,  4.40,  1.34,  1.27,  0.00,  0.16,  167723837,  155696000,   11976000,  181702593, c++, elite, mult, 8
5810439.exe ,  4.23,  1.33,  1.26,  0.00,  0.16,  166725690,  150707000,   15968000,  180188476, c++, elite, mult, 8
5810439.exe ,  4.32,  1.35,  1.28,  0.00,  0.17,  169708939,  157614000,   11970000,  184120588, c++, elite, mult, 8
5822321.exe , 13.68,  4.30,  4.09,  0.00,  0.51,  540286390,  511195000,   28954000,  554468598, c++, elite, mult, 8
5822321.exe , 13.85,  4.31,  4.09,  0.00,  0.51,  541019817,  515817000,   24991000,  554854200, c++, elite, mult, 8
5822321.exe , 13.99,  4.35,  4.13,  0.00,  0.51,  545523473,  511373000,   33958000,  559158283, c++, elite, mult, 8
5822321.exe , 13.88,  4.34,  4.12,  0.00,  0.51,  545345593,  512250000,   32951000,  559246503, c++, elite, mult, 8
5822321.exe , 13.94,  4.34,  4.13,  0.00,  0.51,  545155500,  510959000,   33997000,  559163860, c++, elite, mult, 8
5822321.exe , 13.75,  4.30,  4.09,  0.00,  0.51,  540233881,  507055000,   33003000,  554154439, c++, elite, mult, 8
5822321.exe , 13.83,  4.30,  4.09,  0.00,  0.51,  539879870,  505746000,   33982000,  553789407, c++, elite, mult, 8
5822321.exe , 14.02,  4.35,  4.13,  0.00,  0.51,  545628100,  511345000,   34022000,  559677383, c++, elite, mult, 8
5822321.exe , 13.82,  4.33,  4.11,  0.00,  0.51,  544076694,  517886000,   26044000,  559178191, c++, elite, mult, 8
5822321.exe , 14.02,  4.38,  4.16,  0.00,  0.52,  549820412,  517597000,   31975000,  563536408, c++, elite, mult, 8
5916532.exe ,  4.53,  1.38,  1.31,  0.00,  0.17,  172978756,  163886000,    8993000,  186610512, c++, elite, mult, 8
5916532.exe ,  4.41,  1.38,  1.31,  0.00,  0.17,  173180950,  163046000,   10002000,  186688002, c++, elite, mult, 8
5916532.exe ,  4.49,  1.39,  1.31,  0.00,  0.17,  173726183,  158624000,   15059000,  187673713, c++, elite, mult, 8
5916532.exe ,  4.45,  1.38,  1.31,  0.00,  0.17,  173958974,  161915000,   11993000,  187854231, c++, elite, mult, 8
5916532.exe ,  4.40,  1.38,  1.31,  0.00,  0.17,  173214171,  162090000,   11006000,  187027490, c++, elite, mult, 8
5916532.exe ,  4.62,  1.38,  1.31,  0.00,  0.17,  172803609,  160766000,   11982000,  187153370, c++, elite, mult, 8
5916532.exe ,  4.37,  1.38,  1.31,  0.00,  0.17,  173036127,  161953000,   10996000,  186431492, c++, elite, mult, 8
5916532.exe ,  4.40,  1.39,  1.32,  0.00,  0.17,  174101501,  168040000,    6001000,  187924963, c++, elite, mult, 8
5916532.exe ,  4.53,  1.37,  1.30,  0.00,  0.17,  173490443,  164417000,    9022000,  187465564, c++, elite, mult, 8
5916532.exe ,  4.38,  1.37,  1.31,  0.00,  0.17,  174725625,  163575000,   11038000,  189545857, c++, elite, mult, 8
5924646.exe ,  6.78,  2.15,  2.04,  0.00,  0.23,  269312479,  256159000,   13008000,  283406185, c++, elite, mult, 8
5924646.exe ,  6.86,  2.14,  2.03,  0.00,  0.23,  268620541,  253488000,   15028000,  282399464, c++, elite, mult, 8
5924646.exe ,  6.71,  2.13,  2.02,  0.00,  0.23,  266706114,  248596000,   18043000,  280566165, c++, elite, mult, 8
5924646.exe ,  6.88,  2.13,  2.02,  0.00,  0.23,  266584427,  251430000,   15025000,  280115249, c++, elite, mult, 8
5924646.exe ,  6.76,  2.13,  2.03,  0.00,  0.23,  267924670,  249796000,   18057000,  281814728, c++, elite, mult, 8
5924646.exe ,  6.86,  2.13,  2.02,  0.00,  0.23,  267115914,  249005000,   18000000,  281147673, c++, elite, mult, 8
5924646.exe ,  6.80,  2.13,  2.02,  0.00,  0.23,  267509343,  245455000,   21951000,  281321724, c++, elite, mult, 8
5924646.exe ,  6.86,  2.12,  2.02,  0.00,  0.23,  266340330,  248211000,   17942000,  280208521, c++, elite, mult, 8
5924646.exe ,  6.77,  2.14,  2.02,  0.00,  0.24,  268383267,  251343000,   16955000,  282327965, c++, elite, mult, 8
5924646.exe ,  6.86,  2.13,  2.02,  0.00,  0.23,  266960548,  252891000,   13994000,  280552546, c++, elite, mult, 8
5949121.exe ,  4.14,  1.29,  1.22,  0.00,  0.16,  162264103,  147081000,   15008000,  176346270, c++, elite, mult, 8
5949121.exe ,  4.30,  1.29,  1.22,  0.00,  0.16,  164205397,  148145000,   16015000,  177765351, c++, elite, mult, 8
5949121.exe ,  4.14,  1.29,  1.23,  0.00,  0.16,  162411034,  143437000,   18925000,  176389270, c++, elite, mult, 8
5949121.exe ,  4.23,  1.30,  1.23,  0.00,  0.16,  163017049,  144970000,   17996000,  176878495, c++, elite, mult, 8
5949121.exe ,  4.35,  1.31,  1.24,  0.00,  0.16,  163769408,  145600000,   17950000,  177617498, c++, elite, mult, 8
5949121.exe ,  4.15,  1.31,  1.23,  0.00,  0.16,  163746954,  143665000,   19953000,  177735574, c++, elite, mult, 8
5949121.exe ,  4.16,  1.30,  1.23,  0.00,  0.16,  163298487,  142328000,   20901000,  177282748, c++, elite, mult, 8
5949121.exe ,  4.30,  1.30,  1.23,  0.00,  0.16,  162964732,  143848000,   18980000,  176954949, c++, elite, mult, 8
5949121.exe ,  4.21,  1.30,  1.24,  0.00,  0.16,  163197338,  140116000,   23019000,  176830695, c++, elite, mult, 8
5949121.exe ,  4.17,  1.31,  1.24,  0.00,  0.16,  164278931,  144135000,   20018000,  177729935, c++, elite, mult, 8
595020.exe  ,  6.07,  1.90,  1.82,  0.00,  0.19,  239464630,  229293000,   10012000,  253839413, c++, elite, mult, 8
595020.exe  ,  5.98,  1.91,  1.82,  0.00,  0.19,  239853152,  230744000,    8990000,  253401140, c++, elite, mult, 8
595020.exe  ,  6.15,  1.91,  1.82,  0.00,  0.19,  240587128,  232547000,    7984000,  254543093, c++, elite, mult, 8
595020.exe  ,  6.08,  1.92,  1.83,  0.00,  0.19,  241125382,  227989000,   12999000,  254983480, c++, elite, mult, 8
595020.exe  ,  6.17,  1.93,  1.84,  0.00,  0.19,  242035298,  233948000,    7998000,  255999488, c++, elite, mult, 8
595020.exe  ,  6.01,  1.92,  1.83,  0.00,  0.19,  240916040,  227835000,   12990000,  255416123, c++, elite, mult, 8
595020.exe  ,  6.10,  1.90,  1.81,  0.00,  0.19,  238911585,  227849000,   10992000,  252902994, c++, elite, mult, 8
595020.exe  ,  5.96,  1.91,  1.83,  0.00,  0.19,  240775038,  229605000,   10981000,  254808245, c++, elite, mult, 8
595020.exe  ,  6.13,  1.91,  1.81,  0.00,  0.19,  238817787,  229718000,    9028000,  252703433, c++, elite, mult, 8
595020.exe  ,  6.04,  1.92,  1.83,  0.00,  0.19,  240855227,  229772000,   11037000,  255445568, c++, elite, mult, 8
6293397.exe ,  4.36,  1.36,  1.29,  0.00,  0.17,  171910354,  153835000,   17980000,  185967788, c++, elite, mult, 8
6293397.exe ,  4.38,  1.37,  1.30,  0.00,  0.17,  172052087,  162990000,    8999000,  185863430, c++, elite, mult, 8
6293397.exe ,  4.53,  1.36,  1.29,  0.00,  0.17,  170718817,  154630000,   15961000,  184714418, c++, elite, mult, 8
6293397.exe ,  4.33,  1.35,  1.29,  0.00,  0.17,  171646030,  156629000,   14964000,  185281704, c++, elite, mult, 8
6293397.exe ,  4.36,  1.36,  1.29,  0.00,  0.17,  170847439,  153855000,   16874000,  184865255, c++, elite, mult, 8
6293397.exe ,  4.48,  1.36,  1.30,  0.00,  0.17,  171531564,  161372000,    9961000,  185692838, c++, elite, mult, 8
6293397.exe ,  4.39,  1.36,  1.29,  0.00,  0.17,  171236738,  155257000,   15923000,  184979959, c++, elite, mult, 8
6293397.exe ,  4.47,  1.36,  1.29,  0.00,  0.17,  171305317,  159222000,   12016000,  185091645, c++, elite, mult, 8
6293397.exe ,  4.38,  1.37,  1.30,  0.00,  0.17,  171726760,  155566000,   16058000,  185675885, c++, elite, mult, 8
6293397.exe ,  4.36,  1.37,  1.30,  0.00,  0.17,  171584458,  162562000,    8975000,  185562095, c++, elite, mult, 8
6293413.exe ,  3.73,  1.17,  1.10,  0.00,  0.14,  146176584,  137110000,    9007000,  160728018, c++, elite, mult, 8
6293413.exe ,  3.70,  1.16,  1.10,  0.00,  0.14,  145407882,  131418000,   13938000,  159273233, c++, elite, mult, 8
6293413.exe ,  3.83,  1.16,  1.10,  0.00,  0.14,  145705515,  124701000,   20949000,  159194234, c++, elite, mult, 8
6293413.exe ,  3.66,  1.15,  1.10,  0.00,  0.14,  145421442,  136342000,    9022000,  159227081, c++, elite, mult, 8
6293413.exe ,  3.69,  1.15,  1.10,  0.00,  0.14,  145388431,  133401000,   11946000,  159101251, c++, elite, mult, 8
6293413.exe ,  4.09,  1.21,  1.14,  0.00,  0.15,  150985054,  136591000,   13958000,  165075308, c++, elite, mult, 8
6293413.exe ,  3.70,  1.17,  1.11,  0.00,  0.14,  145887459,  130757000,   14972000,  160328471, c++, elite, mult, 8
6293413.exe ,  3.67,  1.16,  1.11,  0.00,  0.14,  146124777,  135067000,   11005000,  160150045, c++, elite, mult, 8
6293413.exe ,  3.79,  1.16,  1.10,  0.00,  0.14,  145782808,  135696000,   10051000,  159165806, c++, elite, mult, 8
6293413.exe ,  3.72,  1.17,  1.11,  0.00,  0.14,  147744159,  133836000,   13879000,  162511734, c++, elite, mult, 8
6306969.exe , 16.31,  5.24,  4.99,  0.00,  0.42,  660273094,  342047000,  318044000,  674729089, c++, elite, mult, 8
6306969.exe , 16.26,  5.23,  4.98,  0.00,  0.42,  656484045,  347159000,  309142000,  670473909, c++, elite, mult, 8
6306969.exe , 16.25,  5.23,  4.99,  0.00,  0.42,  656838478,  346818000,  309837000,  670702561, c++, elite, mult, 8
6306969.exe , 16.29,  5.24,  4.99,  0.00,  0.42,  657935873,  341286000,  315264000,  671838552, c++, elite, mult, 8
6306969.exe , 16.40,  5.22,  4.98,  0.00,  0.42,  655304405,  338544000,  316573000,  669958047, c++, elite, mult, 8
6306969.exe , 16.30,  5.24,  5.00,  0.00,  0.42,  658813779,  332279000,  326274000,  672804375, c++, elite, mult, 8
6306969.exe , 16.23,  5.22,  4.98,  0.00,  0.42,  655496223,  339652000,  315676000,  670032989, c++, elite, mult, 8
6306969.exe , 16.32,  5.26,  5.01,  0.00,  0.42,  662018751,  344427000,  317394000,  676411935, c++, elite, mult, 8
6306969.exe , 16.27,  5.29,  5.04,  0.00,  0.43,  663393298,  336119000,  327116000,  677743901, c++, elite, mult, 8
6306969.exe , 16.49,  5.27,  5.02,  0.00,  0.43,  661707378,  348678000,  312711000,  675701439, c++, elite, mult, 8
6345192.exe ,  6.06,  1.89,  1.79,  0.00,  0.25,  236983104,  219926000,   16994000,  251253497, c++, elite, mult, 8
6345192.exe ,  6.02,  1.88,  1.78,  0.00,  0.25,  237319300,  220218000,   17016000,  251857759, c++, elite, mult, 8
6345192.exe ,  6.10,  1.91,  1.81,  0.00,  0.25,  239201328,  220179000,   18929000,  253089459, c++, elite, mult, 8
6345192.exe ,  6.09,  1.89,  1.79,  0.00,  0.25,  237486234,  223275000,   13954000,  251611640, c++, elite, mult, 8
6345192.exe ,  6.05,  1.88,  1.78,  0.00,  0.25,  241375113,  225294000,   16020000,  256136848, c++, elite, mult, 8
6345192.exe ,  6.16,  1.91,  1.80,  0.00,  0.25,  239499904,  225400000,   14024000,  253406249, c++, elite, mult, 8
6345192.exe ,  6.04,  1.89,  1.78,  0.00,  0.25,  236705316,  223524000,   13030000,  250624527, c++, elite, mult, 8
6345192.exe ,  6.20,  1.90,  1.80,  0.00,  0.25,  238525519,  227374000,   11018000,  252506816, c++, elite, mult, 8
6345192.exe ,  6.04,  1.90,  1.80,  0.00,  0.25,  238843658,  222794000,   15985000,  253543726, c++, elite, mult, 8
6345192.exe ,  6.19,  1.89,  1.79,  0.00,  0.25,  237641894,  222602000,   14973000,  251364146, c++, elite, mult, 8
6370353.exe ,  9.45,  3.00,  2.82,  0.00,  0.39,  375774325,  339704000,   35968000,  389643897, c++, elite, mult, 8
6370353.exe ,  9.59,  2.99,  2.81,  0.00,  0.39,  374260480,  341127000,   33012000,  388138640, c++, elite, mult, 8
6370353.exe ,  9.66,  2.96,  2.79,  0.00,  0.39,  371764175,  329570000,   41945000,  385497215, c++, elite, mult, 8
6370353.exe ,  9.45,  2.97,  2.80,  0.00,  0.38,  371658029,  331568000,   39948000,  386192443, c++, elite, mult, 8
6370353.exe ,  9.43,  2.98,  2.81,  0.00,  0.39,  374054718,  344945000,   28995000,  387994423, c++, elite, mult, 8
6370353.exe ,  9.52,  2.96,  2.80,  0.00,  0.38,  372272901,  328024000,   44003000,  385865578, c++, elite, mult, 8
6370353.exe ,  9.54,  2.97,  2.81,  0.00,  0.38,  372984773,  325041000,   47858000,  387242054, c++, elite, mult, 8
6370353.exe ,  9.52,  3.01,  2.84,  0.00,  0.39,  377474489,  342295000,   35030000,  391294318, c++, elite, mult, 8
6370353.exe ,  9.52,  2.96,  2.80,  0.00,  0.38,  372039681,  330935000,   40992000,  385715172, c++, elite, mult, 8
6370353.exe ,  9.51,  2.96,  2.79,  0.00,  0.38,  370760621,  331680000,   38962000,  385170164, c++, elite, mult, 8
6377946.exe ,  4.46,  1.38,  1.31,  0.00,  0.17,  172828999,  159794000,   12983000,  187325731, c++, elite, mult, 8
6377946.exe ,  4.34,  1.36,  1.29,  0.00,  0.17,  171780635,  162696000,    9038000,  186543124, c++, elite, mult, 8
6377946.exe ,  4.31,  1.36,  1.29,  0.00,  0.17,  170987255,  157918000,   12993000,  185039285, c++, elite, mult, 8
6377946.exe ,  4.47,  1.36,  1.29,  0.00,  0.17,  171405050,  159318000,   12024000,  184982168, c++, elite, mult, 8
6377946.exe ,  4.37,  1.38,  1.31,  0.00,  0.17,  172419860,  158335000,   14029000,  186410328, c++, elite, mult, 8
6377946.exe ,  4.30,  1.35,  1.28,  0.00,  0.17,  171363423,  165304000,    6011000,  185422591, c++, elite, mult, 8
6377946.exe ,  4.48,  1.37,  1.30,  0.00,  0.17,  171169604,  157107000,   14009000,  185382692, c++, elite, mult, 8
6377946.exe ,  4.34,  1.35,  1.28,  0.00,  0.17,  171092462,  162050000,    9002000,  184675688, c++, elite, mult, 8
6377946.exe ,  4.30,  1.36,  1.30,  0.00,  0.17,  171746869,  157529000,   13958000,  185602217, c++, elite, mult, 8
6377946.exe ,  4.40,  1.36,  1.29,  0.00,  0.17,  171177491,  155114000,   16011000,  185041855, c++, elite, mult, 8
6456798.exe ,  6.21,  1.94,  1.84,  0.00,  0.20,  242968043,  224785000,   17982000,  257363571, c++, elite, mult, 8
6456798.exe ,  6.07,  1.94,  1.85,  0.00,  0.20,  244142862,  225044000,   19003000,  258114428, c++, elite, mult, 8
6456798.exe ,  6.19,  1.93,  1.84,  0.00,  0.20,  242562458,  234487000,    8016000,  256495453, c++, elite, mult, 8
6456798.exe ,  6.01,  1.93,  1.84,  0.00,  0.20,  242338670,  231175000,   10960000,  256432054, c++, elite, mult, 8
6456798.exe ,  6.20,  1.94,  1.84,  0.00,  0.21,  243371264,  225361000,   17949000,  257247028, c++, elite, mult, 8
6456798.exe ,  5.99,  1.93,  1.84,  0.00,  0.20,  242812149,  224760000,   17980000,  256713371, c++, elite, mult, 8
6456798.exe ,  6.29,  1.96,  1.86,  0.00,  0.21,  245846666,  228773000,   16983000,  259936703, c++, elite, mult, 8
6456798.exe ,  6.03,  1.94,  1.85,  0.00,  0.20,  243786413,  232728000,   10987000,  257673910, c++, elite, mult, 8
6456798.exe ,  6.20,  1.94,  1.84,  0.00,  0.20,  242642677,  232572000,    9981000,  256331201, c++, elite, mult, 8
6456798.exe ,  6.01,  1.92,  1.83,  0.00,  0.20,  243045550,  229979000,   12998000,  256911282, c++, elite, mult, 8
6842210.exe ,  9.48,  3.01,  2.86,  0.00,  0.34,  378103210,  355999000,   21999000,  392085940, c++, elite, mult, 8
6842210.exe ,  9.47,  3.03,  2.88,  0.00,  0.34,  381406132,  366340000,   14973000,  394984009, c++, elite, mult, 8
6842210.exe ,  9.55,  3.00,  2.84,  0.00,  0.34,  376231683,  358128000,   18006000,  390154601, c++, elite, mult, 8
6842210.exe ,  9.61,  3.02,  2.87,  0.00,  0.34,  378186300,  355092000,   22941000,  392984633, c++, elite, mult, 8
6842210.exe ,  9.44,  3.00,  2.85,  0.00,  0.34,  377228748,  352099000,   25007000,  391140664, c++, elite, mult, 8
6842210.exe ,  9.61,  3.02,  2.87,  0.00,  0.34,  379703775,  352450000,   27034000,  393632678, c++, elite, mult, 8
6842210.exe ,  9.64,  3.00,  2.84,  0.00,  0.34,  376540130,  354420000,   22026000,  391466837, c++, elite, mult, 8
6842210.exe ,  9.48,  3.01,  2.85,  0.00,  0.34,  377485601,  358423000,   18969000,  391319252, c++, elite, mult, 8
6842210.exe ,  9.56,  3.04,  2.88,  0.00,  0.34,  380245313,  359138000,   21008000,  394272218, c++, elite, mult, 8
6842210.exe ,  9.63,  3.02,  2.87,  0.00,  0.34,  379589843,  357372000,   22022000,  393501226, c++, elite, mult, 8
6925989.exe ,  5.76,  1.78,  1.69,  0.00,  0.18,  224136067,  210073000,   14004000,  238911908, c++, elite, mult, 8
6925989.exe ,  5.61,  1.78,  1.69,  0.00,  0.18,  223728830,  209674000,   13978000,  237176984, c++, elite, mult, 8
6925989.exe ,  5.74,  1.78,  1.68,  0.00,  0.18,  222480767,  214428000,    7978000,  236296398, c++, elite, mult, 8
6925989.exe ,  5.58,  1.77,  1.68,  0.00,  0.18,  222876874,  204809000,   17983000,  236764528, c++, elite, mult, 8
6925989.exe ,  5.73,  1.78,  1.70,  0.00,  0.18,  223804341,  210756000,   12984000,  238185377, c++, elite, mult, 8
6925989.exe ,  5.65,  1.79,  1.70,  0.00,  0.18,  224524175,  210491000,   13966000,  238574313, c++, elite, mult, 8
6925989.exe ,  5.65,  1.78,  1.70,  0.00,  0.18,  223827175,  213659000,   10030000,  237820975, c++, elite, mult, 8
6925989.exe ,  5.66,  1.79,  1.69,  0.00,  0.18,  223624514,  209506000,   14033000,  236975994, c++, elite, mult, 8
6925989.exe ,  5.67,  1.81,  1.72,  0.00,  0.18,  226932804,  216712000,   10032000,  241296169, c++, elite, mult, 8
6925989.exe ,  5.72,  1.78,  1.70,  0.00,  0.18,  224497671,  212452000,   11969000,  238384776, c++, elite, mult, 8
7004988.exe ,  3.81,  1.20,  1.14,  0.00,  0.15,  151242851,  133073000,   18009000,  164953210, c++, elite, mult, 8
7004988.exe ,  3.97,  1.21,  1.15,  0.00,  0.15,  151599526,  140480000,   10959000,  165790580, c++, elite, mult, 8
7004988.exe ,  3.84,  1.21,  1.15,  0.00,  0.15,  151721299,  139689000,   11973000,  165642198, c++, elite, mult, 8
7004988.exe ,  3.82,  1.20,  1.14,  0.00,  0.15,  151132929,  134202000,   16899000,  165154329, c++, elite, mult, 8
7004988.exe ,  4.00,  1.22,  1.15,  0.00,  0.15,  152726049,  135712000,   16964000,  166238066, c++, elite, mult, 8
7004988.exe ,  3.92,  1.22,  1.15,  0.00,  0.15,  152644510,  141445000,   11034000,  166564791, c++, elite, mult, 8
7004988.exe ,  3.84,  1.20,  1.14,  0.00,  0.15,  150522671,  138499000,   11956000,  164644945, c++, elite, mult, 8
7004988.exe ,  3.96,  1.20,  1.14,  0.00,  0.15,  150631821,  130507000,   20078000,  164553438, c++, elite, mult, 8
7004988.exe ,  3.84,  1.20,  1.14,  0.00,  0.15,  150585198,  140476000,   10034000,  164200047, c++, elite, mult, 8
7004988.exe ,  3.82,  1.20,  1.14,  0.00,  0.15,  150521364,  142388000,    8021000,  165016810, c++, elite, mult, 8
7032575.exe ,  4.76,  1.49,  1.42,  0.00,  0.19,  188275124,  175126000,   13009000,  202641541, c++, elite, mult, 8
7032575.exe ,  4.84,  1.50,  1.42,  0.00,  0.19,  188261984,  174081000,   14006000,  202280351, c++, elite, mult, 8
7032575.exe ,  4.73,  1.49,  1.42,  0.00,  0.19,  187651966,  176621000,   10976000,  201692881, c++, elite, mult, 8
7032575.exe ,  4.75,  1.49,  1.41,  0.00,  0.19,  187021561,  179915000,    6996000,  201110080, c++, elite, mult, 8
7032575.exe ,  4.98,  1.51,  1.43,  0.00,  0.19,  188655749,  177608000,   10975000,  202902666, c++, elite, mult, 8
7032575.exe ,  4.81,  1.50,  1.42,  0.00,  0.19,  188494316,  179415000,    9020000,  202697054, c++, elite, mult, 8
7032575.exe ,  4.87,  1.51,  1.43,  0.00,  0.19,  189921942,  178875000,   10992000,  203928035, c++, elite, mult, 8
7032575.exe ,  4.86,  1.51,  1.43,  0.00,  0.19,  189194451,  178052000,   11003000,  203319592, c++, elite, mult, 8
7032575.exe ,  4.74,  1.49,  1.42,  0.00,  0.19,  187775162,  176718000,   10982000,  201604184, c++, elite, mult, 8
7032575.exe ,  4.92,  1.50,  1.42,  0.00,  0.19,  187958889,  172995000,   14913000,  201541391, c++, elite, mult, 8
7050720.exe ,  6.53,  2.03,  1.93,  0.00,  0.21,  254473217,  243365000,   11016000,  269205381, c++, elite, mult, 8
7050720.exe ,  6.35,  2.01,  1.91,  0.00,  0.21,  252710161,  246638000,    5991000,  266840715, c++, elite, mult, 8
7050720.exe ,  6.46,  2.00,  1.91,  0.00,  0.21,  251347945,  242258000,    9009000,  265473670, c++, elite, mult, 8
7050720.exe ,  6.32,  2.01,  1.91,  0.00,  0.21,  252413784,  243245000,    9009000,  266296049, c++, elite, mult, 8
7050720.exe ,  6.57,  2.02,  1.92,  0.00,  0.21,  252725520,  242628000,    9984000,  267122605, c++, elite, mult, 8
7050720.exe ,  6.41,  2.03,  1.93,  0.00,  0.21,  253835525,  242773000,   10989000,  267927142, c++, elite, mult, 8
7050720.exe ,  6.49,  2.01,  1.91,  0.00,  0.21,  252217363,  243119000,    8967000,  265671889, c++, elite, mult, 8
7050720.exe ,  6.37,  2.01,  1.91,  0.00,  0.21,  254338714,  249263000,    5005000,  268376871, c++, elite, mult, 8
7050720.exe ,  6.48,  2.02,  1.92,  0.00,  0.21,  253195343,  244123000,    9004000,  267600304, c++, elite, mult, 8
7050720.exe ,  6.33,  2.02,  1.92,  0.00,  0.21,  253823799,  242762000,   10989000,  267390408, c++, elite, mult, 8
7241259.exe ,  4.27,  1.35,  1.28,  0.00,  0.17,  169045912,  158002000,   11000000,  182967834, c++, elite, mult, 8
7241259.exe ,  4.24,  1.34,  1.28,  0.00,  0.17,  168566828,  160467000,    8023000,  182644010, c++, elite, mult, 8
7241259.exe ,  4.46,  1.34,  1.27,  0.00,  0.17,  168635042,  158562000,   10035000,  182510255, c++, elite, mult, 8
7241259.exe ,  4.27,  1.34,  1.27,  0.00,  0.17,  168459005,  159339000,    9019000,  182574417, c++, elite, mult, 8
7241259.exe ,  4.25,  1.35,  1.27,  0.00,  0.17,  168496836,  148512000,   19934000,  182027699, c++, elite, mult, 8
7241259.exe ,  4.32,  1.34,  1.28,  0.00,  0.17,  168658058,  155631000,   12969000,  182992367, c++, elite, mult, 8
7241259.exe ,  4.25,  1.34,  1.27,  0.00,  0.17,  168382506,  158317000,   10020000,  181802982, c++, elite, mult, 8
7241259.exe ,  4.34,  1.34,  1.27,  0.00,  0.17,  168389688,  160363000,    7968000,  182379793, c++, elite, mult, 8
7241259.exe ,  4.27,  1.35,  1.28,  0.00,  0.17,  169860944,  160829000,    8990000,  183308612, c++, elite, mult, 8
7241259.exe ,  4.26,  1.35,  1.28,  0.00,  0.17,  169582413,  155525000,   13957000,  183479956, c++, elite, mult, 8
7358513.exe ,  5.61,  1.78,  1.69,  0.00,  0.18,  225460390,  206214000,   18927000,  240364433, c++, elite, mult, 8
7358513.exe ,  5.70,  1.78,  1.70,  0.00,  0.18,  224073827,  204121000,   19914000,  237769609, c++, elite, mult, 8
7358513.exe ,  5.61,  1.80,  1.70,  0.00,  0.18,  224364035,  213321000,   10965000,  238508457, c++, elite, mult, 8
7358513.exe ,  5.57,  1.77,  1.68,  0.00,  0.18,  222175984,  204098000,   18008000,  235842529, c++, elite, mult, 8
7358513.exe ,  5.62,  1.77,  1.69,  0.00,  0.18,  222719484,  206588000,   15968000,  236566798, c++, elite, mult, 8
7358513.exe ,  5.65,  1.79,  1.70,  0.00,  0.18,  224307665,  215218000,    9009000,  238307526, c++, elite, mult, 8
7358513.exe ,  5.71,  1.77,  1.69,  0.00,  0.18,  222771918,  208647000,   14043000,  236654835, c++, elite, mult, 8
7358513.exe ,  5.65,  1.78,  1.69,  0.00,  0.18,  222833847,  210735000,   11984000,  236871284, c++, elite, mult, 8
7358513.exe ,  5.74,  1.77,  1.69,  0.00,  0.18,  225423781,  218369000,    7011000,  240736227, c++, elite, mult, 8
7358513.exe ,  5.57,  1.77,  1.69,  0.00,  0.18,  223068268,  204005000,   19000000,  236953078, c++, elite, mult, 8
7367344.exe ,  6.74,  2.12,  2.02,  0.00,  0.21,  265199959,  249180000,   15947000,  279139690, c++, elite, mult, 8
7367344.exe ,  6.64,  2.13,  2.03,  0.00,  0.22,  267550318,  256403000,   11017000,  281505630, c++, elite, mult, 8
7367344.exe ,  6.80,  2.13,  2.02,  0.00,  0.22,  266704841,  248566000,   17968000,  280743588, c++, elite, mult, 8
7367344.exe ,  6.57,  2.10,  2.01,  0.00,  0.21,  264753804,  253650000,   11028000,  278619434, c++, elite, mult, 8
7367344.exe ,  6.75,  2.10,  2.00,  0.00,  0.21,  264052548,  245956000,   17996000,  277955345, c++, elite, mult, 8
7367344.exe ,  6.63,  2.12,  2.02,  0.00,  0.22,  266006049,  249931000,   15995000,  279951120, c++, elite, mult, 8
7367344.exe ,  6.76,  2.11,  2.01,  0.00,  0.21,  264293824,  256133000,    8004000,  278841408, c++, elite, mult, 8
7367344.exe ,  6.66,  2.13,  2.02,  0.00,  0.22,  266216702,  252077000,   14004000,  280122260, c++, elite, mult, 8
7367344.exe ,  6.73,  2.13,  2.03,  0.00,  0.22,  267182039,  249093000,   18006000,  281210887, c++, elite, mult, 8
7367344.exe ,  6.62,  2.10,  2.00,  0.00,  0.21,  264193955,  249077000,   14944000,  277971631, c++, elite, mult, 8
7382941.exe ,  4.65,  1.43,  1.35,  0.00,  0.18,  178561597,  159560000,   18947000,  193105890, c++, elite, mult, 8
7382941.exe ,  4.58,  1.43,  1.35,  0.00,  0.18,  180807143,  159779000,   20971000,  194672441, c++, elite, mult, 8
7382941.exe ,  4.67,  1.43,  1.36,  0.00,  0.18,  179689235,  157602000,   21944000,  193701623, c++, elite, mult, 8
7382941.exe ,  4.57,  1.43,  1.36,  0.00,  0.18,  179960585,  167903000,   11993000,  194081882, c++, elite, mult, 8
7382941.exe ,  4.55,  1.43,  1.35,  0.00,  0.18,  179171448,  162097000,   17010000,  193036340, c++, elite, mult, 8
7382941.exe ,  4.67,  1.42,  1.35,  0.00,  0.18,  178195398,  160104000,   18011000,  192128116, c++, elite, mult, 8
7382941.exe ,  4.56,  1.43,  1.36,  0.00,  0.18,  180365782,  169355000,   10958000,  194266057, c++, elite, mult, 8
7382941.exe ,  4.60,  1.44,  1.36,  0.00,  0.18,  179205885,  165142000,   14012000,  193356317, c++, elite, mult, 8
7382941.exe ,  4.61,  1.42,  1.34,  0.00,  0.18,  179375987,  166300000,   13023000,  193234406, c++, elite, mult, 8
7382941.exe ,  4.52,  1.41,  1.34,  0.00,  0.18,  178946981,  159859000,   18983000,  192552540, c++, elite, mult, 8
7386755.exe ,  6.45,  2.06,  1.95,  0.00,  0.22,  258157646,  246063000,   12003000,  272134298, c++, elite, mult, 8
7386755.exe ,  6.61,  2.07,  1.96,  0.00,  0.23,  259532782,  243424000,   16027000,  273434483, c++, elite, mult, 8
7386755.exe ,  6.51,  2.07,  1.97,  0.00,  0.23,  259845044,  244697000,   14981000,  273896059, c++, elite, mult, 8
7386755.exe ,  6.72,  2.09,  1.98,  0.00,  0.23,  262664066,  247610000,   14976000,  276799830, c++, elite, mult, 8
7386755.exe ,  6.49,  2.07,  1.96,  0.00,  0.22,  258590736,  239431000,   19034000,  273054092, c++, elite, mult, 8
7386755.exe ,  6.68,  2.07,  1.97,  0.00,  0.23,  260583541,  243456000,   17031000,  274656941, c++, elite, mult, 8
7386755.exe ,  6.55,  2.07,  1.97,  0.00,  0.23,  260653314,  245608000,   14976000,  274230128, c++, elite, mult, 8
7386755.exe ,  7.09,  2.20,  2.09,  0.00,  0.23,  276004774,  263867000,   11993000,  289513725, c++, elite, mult, 8
7386755.exe ,  6.57,  2.06,  1.96,  0.00,  0.23,  258628177,  240577000,   17968000,  272756178, c++, elite, mult, 8
7386755.exe ,  6.67,  2.07,  1.97,  0.00,  0.23,  259870731,  242817000,   16987000,  274568968, c++, elite, mult, 8
7479126.exe ,  5.70,  1.80,  1.71,  0.00,  0.19,  226088341,  213999000,   11999000,  239910829, c++, elite, mult, 8
7479126.exe ,  5.79,  1.80,  1.70,  0.00,  0.19,  226350637,  219258000,    7008000,  241120399, c++, elite, mult, 8
7479126.exe ,  5.61,  1.77,  1.69,  0.00,  0.18,  224758427,  209658000,   15047000,  238344260, c++, elite, mult, 8
7479126.exe ,  5.82,  1.80,  1.71,  0.00,  0.19,  225881479,  214782000,   11040000,  239460034, c++, elite, mult, 8
7479126.exe ,  5.71,  1.80,  1.71,  0.00,  0.19,  225741714,  214674000,   10983000,  239671357, c++, elite, mult, 8
7479126.exe ,  5.95,  1.81,  1.72,  0.00,  0.19,  227136897,  212020000,   15001000,  241111704, c++, elite, mult, 8
7479126.exe ,  5.60,  1.80,  1.71,  0.00,  0.19,  226171747,  215100000,   11005000,  240168410, c++, elite, mult, 8
7479126.exe ,  5.85,  1.82,  1.72,  0.00,  0.19,  227636672,  209556000,   17961000,  241604361, c++, elite, mult, 8
7479126.exe ,  5.70,  1.81,  1.71,  0.00,  0.19,  226708933,  210670000,   15975000,  240462877, c++, elite, mult, 8
7479126.exe ,  5.79,  1.79,  1.70,  0.00,  0.19,  224317200,  210195000,   14013000,  238240206, c++, elite, mult, 8
7481054.exe ,  3.87,  1.20,  1.15,  0.00,  0.15,  151514417,  137313000,   14032000,  165890107, c++, elite, mult, 8
7481054.exe ,  3.89,  1.19,  1.13,  0.00,  0.14,  150999883,  138860000,   11987000,  165774938, c++, elite, mult, 8
7481054.exe ,  3.81,  1.19,  1.13,  0.00,  0.14,  150282421,  130210000,   20032000,  163664171, c++, elite, mult, 8
7481054.exe ,  3.79,  1.19,  1.12,  0.00,  0.14,  148929506,  139886000,    8992000,  163012115, c++, elite, mult, 8
7481054.exe ,  3.85,  1.18,  1.12,  0.00,  0.14,  148631371,  136509000,   12044000,  162427964, c++, elite, mult, 8
7481054.exe ,  3.84,  1.19,  1.13,  0.00,  0.14,  149258837,  136192000,   13018000,  162747758, c++, elite, mult, 8
7481054.exe ,  3.77,  1.18,  1.12,  0.00,  0.14,  148737293,  135673000,   12968000,  162552911, c++, elite, mult, 8
7481054.exe ,  3.89,  1.19,  1.13,  0.00,  0.14,  149266363,  143169000,    6007000,  162707247, c++, elite, mult, 8
7481054.exe ,  3.82,  1.19,  1.13,  0.00,  0.14,  148851585,  137885000,   10911000,  162806664, c++, elite, mult, 8
7481054.exe ,  3.79,  1.19,  1.13,  0.00,  0.14,  148744576,  134698000,   13968000,  162663177, c++, elite, mult, 8
7491295.exe ,  3.93,  1.23,  1.16,  0.00,  0.15,  154056507,  136971000,   16996000,  167582297, c++, elite, mult, 8
7491295.exe ,  3.88,  1.22,  1.15,  0.00,  0.15,  153117298,  136058000,   17007000,  166957219, c++, elite, mult, 8
7491295.exe ,  4.00,  1.23,  1.16,  0.00,  0.15,  153981449,  137935000,   15992000,  167454539, c++, elite, mult, 8
7491295.exe ,  3.86,  1.21,  1.16,  0.00,  0.15,  152916930,  138780000,   14079000,  167021408, c++, elite, mult, 8
7491295.exe ,  3.94,  1.23,  1.16,  0.00,  0.15,  154277496,  140299000,   13930000,  168037664, c++, elite, mult, 8
7491295.exe ,  4.01,  1.21,  1.15,  0.00,  0.15,  154957043,  141919000,   12992000,  169728248, c++, elite, mult, 8
7491295.exe ,  3.91,  1.22,  1.15,  0.00,  0.15,  152895535,  136879000,   15985000,  166758378, c++, elite, mult, 8
7491295.exe ,  3.91,  1.22,  1.16,  0.00,  0.15,  153472372,  138351000,   15038000,  167716697, c++, elite, mult, 8
7491295.exe ,  4.01,  1.21,  1.15,  0.00,  0.15,  153013706,  136970000,   15996000,  166755955, c++, elite, mult, 8
7491295.exe ,  3.90,  1.21,  1.15,  0.00,  0.15,  152401337,  136317000,   16037000,  166178208, c++, elite, mult, 8
7511176.exe ,  4.55,  1.36,  1.30,  0.00,  0.17,  170625582,  156473000,   14042000,  185432362, c++, elite, mult, 8
7511176.exe ,  4.37,  1.36,  1.29,  0.00,  0.17,  170609298,  159519000,   11035000,  184721131, c++, elite, mult, 8
7511176.exe ,  4.30,  1.34,  1.27,  0.00,  0.16,  168434482,  155420000,   12951000,  182236973, c++, elite, mult, 8
7511176.exe ,  4.46,  1.34,  1.27,  0.00,  0.16,  168196600,  157118000,   11008000,  181806526, c++, elite, mult, 8
7511176.exe ,  4.27,  1.33,  1.27,  0.00,  0.16,  168618659,  155609000,   12967000,  182980579, c++, elite, mult, 8
7511176.exe ,  4.35,  1.35,  1.28,  0.00,  0.16,  169196071,  153228000,   15919000,  183035861, c++, elite, mult, 8
7511176.exe ,  4.39,  1.35,  1.29,  0.00,  0.16,  169942644,  160832000,    9046000,  183737586, c++, elite, mult, 8
7511176.exe ,  4.30,  1.35,  1.28,  0.00,  0.16,  168793703,  158758000,    9984000,  182744001, c++, elite, mult, 8
7511176.exe ,  4.37,  1.34,  1.27,  0.00,  0.16,  168274084,  153201000,   15019000,  182225058, c++, elite, mult, 8
7511176.exe ,  4.34,  1.34,  1.28,  0.00,  0.16,  167973345,  162827000,    5025000,  182572540, c++, elite, mult, 8
7602594.exe ,  4.10,  1.27,  1.21,  0.00,  0.15,  159032446,  144901000,   13990000,  173294195, c++, elite, mult, 8
7602594.exe ,  4.15,  1.28,  1.21,  0.00,  0.15,  161476199,  144373000,   17044000,  174725617, c++, elite, mult, 8
7602594.exe ,  4.02,  1.26,  1.19,  0.00,  0.15,  157673238,  139548000,   18071000,  171410812, c++, elite, mult, 8
7602594.exe ,  4.05,  1.24,  1.18,  0.00,  0.15,  157567815,  143548000,   13956000,  170967360, c++, elite, mult, 8
7602594.exe ,  4.04,  1.26,  1.19,  0.00,  0.15,  157967627,  140917000,   16990000,  171838345, c++, elite, mult, 8
7602594.exe ,  4.08,  1.27,  1.19,  0.00,  0.15,  158267273,  144193000,   14018000,  171737231, c++, elite, mult, 8
7602594.exe ,  4.11,  1.25,  1.19,  0.00,  0.15,  157657565,  140650000,   16957000,  171479880, c++, elite, mult, 8
7602594.exe ,  4.10,  1.26,  1.20,  0.00,  0.15,  159037668,  137982000,   20997000,  172836357, c++, elite, mult, 8
7602594.exe ,  4.07,  1.27,  1.21,  0.00,  0.15,  159356711,  144396000,   14937000,  173382613, c++, elite, mult, 8
7602594.exe ,  4.15,  1.24,  1.17,  0.00,  0.15,  157976579,  142936000,   14993000,  171567017, c++, elite, mult, 8
7787632.exe ,  4.32,  1.33,  1.26,  0.00,  0.16,  165783850,  147753000,   17969000,  179702284, c++, elite, mult, 8
7787632.exe ,  4.48,  1.33,  1.26,  0.00,  0.16,  165921461,  150755000,   15075000,  180070212, c++, elite, mult, 8
7787632.exe ,  4.25,  1.32,  1.25,  0.00,  0.16,  164710843,  150665000,   13969000,  178637656, c++, elite, mult, 8
7787632.exe ,  4.26,  1.31,  1.24,  0.00,  0.16,  167213215,  152149000,   15014000,  180892857, c++, elite, mult, 8
7787632.exe ,  4.40,  1.32,  1.25,  0.00,  0.16,  166307555,  151229000,   15022000,  180353818, c++, elite, mult, 8
7787632.exe ,  4.27,  1.31,  1.25,  0.00,  0.16,  166894712,  147866000,   18982000,  181116121, c++, elite, mult, 8
7787632.exe ,  4.25,  1.33,  1.26,  0.00,  0.16,  167266717,  147185000,   20025000,  181022705, c++, elite, mult, 8
7787632.exe ,  4.40,  1.33,  1.26,  0.00,  0.16,  167409206,  152323000,   15031000,  181280064, c++, elite, mult, 8
7787632.exe ,  4.25,  1.33,  1.26,  0.00,  0.16,  166960897,  150909000,   15990000,  180846251, c++, elite, mult, 8
7787632.exe ,  4.25,  1.33,  1.26,  0.00,  0.16,  167570504,  150447000,   16937000,  181628858, c++, elite, mult, 8
7819092.exe ,  4.37,  1.32,  1.26,  0.00,  0.15,  166940873,  158838000,    8042000,  181445604, c++, elite, mult, 8
7819092.exe ,  4.17,  1.31,  1.25,  0.00,  0.15,  165246497,  158178000,    7007000,  179245156, c++, elite, mult, 8
7819092.exe ,  4.23,  1.31,  1.25,  0.00,  0.15,  167424023,  159372000,    8018000,  181426964, c++, elite, mult, 8
7819092.exe ,  4.31,  1.31,  1.25,  0.00,  0.15,  165261948,  158214000,    7009000,  179180695, c++, elite, mult, 8
7819092.exe ,  4.23,  1.31,  1.25,  0.00,  0.15,  165375947,  157255000,    8012000,  178912567, c++, elite, mult, 8
7819092.exe ,  4.20,  1.32,  1.25,  0.00,  0.15,  166316183,  156313000,    9956000,  180131031, c++, elite, mult, 8
7819092.exe ,  4.29,  1.32,  1.26,  0.00,  0.15,  166452691,  156409000,    9962000,  180336723, c++, elite, mult, 8
7819092.exe ,  4.20,  1.32,  1.26,  0.00,  0.15,  166121694,  158061000,    8003000,  179813890, c++, elite, mult, 8
7819092.exe ,  4.29,  1.31,  1.25,  0.00,  0.15,  165074798,  158990000,    5999000,  178432153, c++, elite, mult, 8
7819092.exe ,  4.18,  1.31,  1.25,  0.00,  0.15,  165158380,  156154000,    8951000,  178997829, c++, elite, mult, 8
8030161.exe ,  5.76,  1.76,  1.68,  0.00,  0.18,  222468768,  205283000,   17023000,  236885356, c++, elite, mult, 8
8030161.exe ,  5.62,  1.77,  1.68,  0.00,  0.18,  221523699,  207496000,   13966000,  235399663, c++, elite, mult, 8
8030161.exe ,  5.85,  1.79,  1.71,  0.00,  0.18,  225517955,  206376000,   19034000,  239213775, c++, elite, mult, 8
8030161.exe ,  5.65,  1.76,  1.67,  0.00,  0.18,  220998521,  206899000,   13993000,  235082259, c++, elite, mult, 8
8030161.exe ,  5.80,  1.77,  1.68,  0.00,  0.18,  221809455,  210760000,   10987000,  236213469, c++, elite, mult, 8
8030161.exe ,  5.66,  1.77,  1.68,  0.00,  0.18,  221514473,  213478000,    7980000,  235159329, c++, elite, mult, 8
8030161.exe ,  5.67,  1.77,  1.68,  0.00,  0.18,  221917126,  210832000,   10991000,  235799634, c++, elite, mult, 8
8030161.exe ,  5.65,  1.74,  1.66,  0.00,  0.18,  220516619,  203495000,   16957000,  234352806, c++, elite, mult, 8
8030161.exe ,  5.54,  1.74,  1.66,  0.00,  0.18,  219371366,  204364000,   14953000,  233593655, c++, elite, mult, 8
8030161.exe ,  5.73,  1.76,  1.67,  0.00,  0.18,  220862496,  208809000,   11989000,  234849252, c++, elite, mult, 8
8035104.exe ,  5.97,  1.84,  1.74,  0.00,  0.19,  229556093,  213447000,   15958000,  244095240, c++, elite, mult, 8
8035104.exe ,  5.84,  1.85,  1.76,  0.00,  0.19,  232175646,  216092000,   16006000,  246004557, c++, elite, mult, 8
8035104.exe ,  6.01,  1.83,  1.74,  0.00,  0.19,  230598869,  218508000,   12027000,  244132178, c++, elite, mult, 8
8035104.exe ,  5.75,  1.82,  1.73,  0.00,  0.19,  228996770,  213923000,   14994000,  242799631, c++, elite, mult, 8
8035104.exe ,  5.85,  1.84,  1.75,  0.00,  0.19,  229708022,  214669000,   14976000,  244093081, c++, elite, mult, 8
8035104.exe ,  5.81,  1.82,  1.73,  0.00,  0.19,  229350198,  216269000,   13016000,  243315853, c++, elite, mult, 8
8035104.exe ,  5.80,  1.82,  1.73,  0.00,  0.19,  229188221,  217116000,   12006000,  242680096, c++, elite, mult, 8
8035104.exe ,  5.87,  1.82,  1.72,  0.00,  0.19,  229143104,  211989000,   16999000,  243995942, c++, elite, mult, 8
8035104.exe ,  5.79,  1.82,  1.73,  0.00,  0.19,  229996837,  218848000,   10992000,  244037206, c++, elite, mult, 8
8035104.exe ,  6.00,  1.83,  1.74,  0.00,  0.19,  229766951,  214652000,   15045000,  243166246, c++, elite, mult, 8
8157367.exe ,  5.10,  1.58,  1.49,  0.00,  0.22,  198233874,  178271000,   19918000,  213107621, c++, elite, mult, 8
8157367.exe ,  5.09,  1.57,  1.48,  0.00,  0.22,  197632298,  180563000,   16959000,  211535929, c++, elite, mult, 8
8157367.exe ,  5.24,  1.58,  1.49,  0.00,  0.22,  198013572,  181921000,   15993000,  212063138, c++, elite, mult, 8
8157367.exe ,  5.15,  1.57,  1.48,  0.00,  0.22,  198038155,  186980000,   10998000,  211981722, c++, elite, mult, 8
8157367.exe ,  5.31,  1.60,  1.50,  0.00,  0.22,  199154330,  184139000,   14930000,  213302622, c++, elite, mult, 8
8157367.exe ,  5.17,  1.59,  1.50,  0.00,  0.22,  199418864,  182414000,   16945000,  213259418, c++, elite, mult, 8
8157367.exe ,  5.13,  1.58,  1.49,  0.00,  0.22,  197832313,  178733000,   18971000,  211631915, c++, elite, mult, 8
8157367.exe ,  5.15,  1.57,  1.48,  0.00,  0.22,  197782644,  179859000,   17886000,  211259702, c++, elite, mult, 8
8157367.exe ,  5.11,  1.57,  1.49,  0.00,  0.22,  198483653,  182470000,   15953000,  212364805, c++, elite, mult, 8
8157367.exe ,  5.30,  1.59,  1.50,  0.00,  0.22,  198987673,  184939000,   13995000,  212629219, c++, elite, mult, 8
8461983.exe ,  8.97,  2.78,  2.65,  0.00,  0.30,  349784061,  327682000,   21978000,  364180897, c++, elite, mult, 8
8461983.exe ,  8.81,  2.78,  2.65,  0.00,  0.30,  349179321,  326022000,   23001000,  363116015, c++, elite, mult, 8
8461983.exe ,  8.90,  2.77,  2.63,  0.00,  0.30,  347831618,  320671000,   26972000,  361730460, c++, elite, mult, 8
8461983.exe ,  8.99,  2.75,  2.61,  0.00,  0.29,  345286137,  322244000,   22946000,  359275846, c++, elite, mult, 8
8461983.exe ,  8.67,  2.75,  2.61,  0.00,  0.29,  344871576,  321803000,   22985000,  358537890, c++, elite, mult, 8
8461983.exe ,  8.84,  2.76,  2.63,  0.00,  0.30,  347254966,  326895000,   19993000,  361036668, c++, elite, mult, 8
8461983.exe ,  8.91,  2.79,  2.65,  0.00,  0.30,  349716784,  316535000,   33055000,  364129739, c++, elite, mult, 8
8461983.exe ,  8.71,  2.76,  2.62,  0.00,  0.30,  345987022,  321873000,   23990000,  359770942, c++, elite, mult, 8
8461983.exe ,  8.83,  2.76,  2.62,  0.00,  0.30,  346681957,  323607000,   22972000,  360102414, c++, elite, mult, 8
8461983.exe ,  8.89,  2.77,  2.64,  0.00,  0.30,  347854100,  323709000,   24052000,  361808420, c++, elite, mult, 8
8600751.exe ,  5.66,  1.71,  1.63,  0.00,  0.22,  217735285,  180729000,   36944000,  231723015, c++, elite, mult, 8
8600751.exe ,  5.53,  1.74,  1.65,  0.00,  0.22,  218342752,  181325000,   36862000,  232886581, c++, elite, mult, 8
8600751.exe ,  5.61,  1.73,  1.63,  0.00,  0.22,  218816711,  189901000,   28833000,  233179355, c++, elite, mult, 8
8600751.exe ,  5.53,  1.74,  1.64,  0.00,  0.22,  218025867,  190960000,   26994000,  232041781, c++, elite, mult, 8
8600751.exe ,  5.55,  1.73,  1.64,  0.00,  0.22,  216827701,  185788000,   30964000,  231137493, c++, elite, mult, 8
8600751.exe ,  5.73,  1.74,  1.65,  0.00,  0.22,  218500754,  181313000,   37064000,  232025238, c++, elite, mult, 8
8600751.exe ,  5.61,  1.74,  1.64,  0.00,  0.22,  218083202,  180978000,   36995000,  232010102, c++, elite, mult, 8
8600751.exe ,  5.72,  1.73,  1.64,  0.00,  0.22,  217428995,  190318000,   27045000,  231309535, c++, elite, mult, 8
8600751.exe ,  5.62,  1.76,  1.66,  0.00,  0.22,  219749009,  185732000,   33951000,  234045345, c++, elite, mult, 8
8600751.exe ,  5.71,  1.73,  1.64,  0.00,  0.22,  218963302,  182925000,   35985000,  233834477, c++, elite, mult, 8
8686515.exe ,  4.43,  1.38,  1.31,  0.00,  0.17,  173907921,  156774000,   17084000,  187919005, c++, elite, mult, 8
8686515.exe ,  4.53,  1.37,  1.29,  0.00,  0.17,  174299200,  158190000,   16019000,  188559813, c++, elite, mult, 8
8686515.exe ,  4.40,  1.38,  1.31,  0.00,  0.17,  172937019,  159896000,   12991000,  186651177, c++, elite, mult, 8
8686515.exe ,  4.50,  1.37,  1.30,  0.00,  0.17,  173992671,  154928000,   18991000,  187715468, c++, elite, mult, 8
8686515.exe ,  4.44,  1.37,  1.29,  0.00,  0.17,  175730374,  162619000,   13049000,  190562387, c++, elite, mult, 8
8686515.exe ,  4.39,  1.38,  1.31,  0.00,  0.17,  173031180,  154853000,   18099000,  187019749, c++, elite, mult, 8
8686515.exe ,  4.61,  1.38,  1.30,  0.00,  0.17,  172602114,  160547000,   11966000,  187416238, c++, elite, mult, 8
8686515.exe ,  4.47,  1.39,  1.31,  0.00,  0.17,  173962588,  160821000,   13066000,  187891730, c++, elite, mult, 8
8686515.exe ,  4.40,  1.38,  1.30,  0.00,  0.17,  173512910,  161489000,   11962000,  187513807, c++, elite, mult, 8
8686515.exe ,  4.50,  1.38,  1.31,  0.00,  0.17,  173758705,  157654000,   16066000,  187177913, c++, elite, mult, 8
8704020.exe ,  5.12,  1.57,  1.49,  0.00,  0.19,  196955045,  162104000,   34807000,  211321493, c++, elite, mult, 8
8704020.exe ,  4.96,  1.56,  1.48,  0.00,  0.19,  196172820,  158090000,   38021000,  210196783, c++, elite, mult, 8
8704020.exe ,  4.92,  1.55,  1.47,  0.00,  0.19,  195537811,  163568000,   31915000,  209514085, c++, elite, mult, 8
8704020.exe ,  5.22,  1.57,  1.49,  0.00,  0.19,  197944961,  166925000,   30986000,  212351326, c++, elite, mult, 8
8704020.exe ,  4.97,  1.56,  1.48,  0.00,  0.19,  196795087,  163784000,   32956000,  210806328, c++, elite, mult, 8
8704020.exe ,  5.19,  1.57,  1.49,  0.00,  0.19,  197964135,  162029000,   35785000,  212371804, c++, elite, mult, 8
8704020.exe ,  4.97,  1.58,  1.49,  0.00,  0.19,  198129109,  166046000,   32008000,  212018841, c++, elite, mult, 8
8704020.exe ,  5.13,  1.59,  1.50,  0.00,  0.20,  201738100,  167550000,   34112000,  216221342, c++, elite, mult, 8
8704020.exe ,  5.02,  1.57,  1.48,  0.00,  0.19,  196629564,  160601000,   35910000,  210270604, c++, elite, mult, 8
8704020.exe ,  4.97,  1.57,  1.49,  0.00,  0.19,  196859052,  167750000,   28956000,  210913739, c++, elite, mult, 8
899348.exe  ,  3.80,  1.18,  1.12,  0.00,  0.14,  150743216,  135730000,   14970000,  164842225, c++, elite, mult, 8
899348.exe  ,  3.76,  1.18,  1.13,  0.00,  0.14,  149690081,  134661000,   14962000,  163590395, c++, elite, mult, 8
899348.exe  ,  3.89,  1.19,  1.13,  0.00,  0.14,  149383232,  136310000,   13029000,  163316029, c++, elite, mult, 8
899348.exe  ,  3.78,  1.18,  1.12,  0.00,  0.14,  150015209,  138906000,   11072000,  163800199, c++, elite, mult, 8
899348.exe  ,  3.78,  1.18,  1.13,  0.00,  0.14,  149285634,  134133000,   15014000,  162575993, c++, elite, mult, 8
899348.exe  ,  3.95,  1.19,  1.13,  0.00,  0.14,  149907037,  132874000,   16983000,  163969637, c++, elite, mult, 8
899348.exe  ,  3.78,  1.18,  1.13,  0.00,  0.14,  149574819,  135574000,   13956000,  163520001, c++, elite, mult, 8
899348.exe  ,  3.80,  1.19,  1.14,  0.00,  0.14,  150356345,  140346000,    9953000,  164090172, c++, elite, mult, 8
899348.exe  ,  3.93,  1.19,  1.13,  0.00,  0.14,  150195027,  140136000,   10009000,  164562992, c++, elite, mult, 8
899348.exe  ,  3.82,  1.19,  1.13,  0.00,  0.14,  149772797,  130705000,   18957000,  164103454, c++, elite, mult, 8
