file,psys,pkg,cores,gpu,ram,duration_time,user_time,system_time,perf_time,lang,machine,cores,power_limit
1017040.exe ,  1.68,  0.30,  0.27,  0.00,  0.04,   82858903,   80639000,    2015000,  112627537, c++, elite, mult, 4
1017040.exe ,  1.45,  0.29,  0.26,  0.00,  0.04,   72485896,   72491000,          0,   93579233, c++, elite, mult, 4
1017040.exe ,  1.46,  0.29,  0.26,  0.00,  0.04,   72689233,   70707000,    1991000,   93184677, c++, elite, mult, 4
1017040.exe ,  1.49,  0.30,  0.27,  0.00,  0.04,   74954932,   72952000,    1998000,   95321669, c++, elite, mult, 4
1017040.exe ,  1.44,  0.29,  0.26,  0.00,  0.04,   72395355,   71364000,    1005000,   92644651, c++, elite, mult, 4
1017040.exe ,  1.50,  0.30,  0.27,  0.00,  0.04,   75482790,   74491000,    1006000,   96144840, c++, elite, mult, 4
1017040.exe ,  1.48,  0.29,  0.26,  0.00,  0.04,   72920050,   69906000,    2995000,   93342829, c++, elite, mult, 4
1017040.exe ,  1.46,  0.29,  0.26,  0.00,  0.04,   72945319,   70999000,    1972000,   93716713, c++, elite, mult, 4
1017040.exe ,  1.44,  0.29,  0.27,  0.00,  0.04,   72629355,   70605000,    2017000,   93433066, c++, elite, mult, 4
1017040.exe ,  1.47,  0.29,  0.26,  0.00,  0.04,   72640266,   70598000,    2017000,   93195733, c++, elite, mult, 4
1140402.exe ,  1.46,  0.29,  0.26,  0.00,  0.04,   72424703,   71432000,    1006000,   92443557, c++, elite, mult, 4
1140402.exe ,  1.46,  0.29,  0.26,  0.00,  0.04,   72250774,   70255000,    2007000,   92345814, c++, elite, mult, 4
1140402.exe ,  1.43,  0.28,  0.26,  0.00,  0.04,   71112234,   70118000,    1001000,   91547309, c++, elite, mult, 4
1140402.exe ,  1.41,  0.28,  0.26,  0.00,  0.04,   70579095,   68603000,    1988000,   90889452, c++, elite, mult, 4
1140402.exe ,  1.48,  0.29,  0.27,  0.00,  0.04,   74275412,   68347000,    5943000,   94560312, c++, elite, mult, 4
1140402.exe ,  1.44,  0.29,  0.26,  0.00,  0.04,   72765722,   70655000,    1990000,   93078882, c++, elite, mult, 4
1140402.exe ,  1.47,  0.29,  0.26,  0.00,  0.04,   72161156,   69166000,    3007000,   92345019, c++, elite, mult, 4
1140402.exe ,  1.44,  0.28,  0.26,  0.00,  0.04,   71544237,   68495000,    3021000,   91885416, c++, elite, mult, 4
1140402.exe ,  1.44,  0.28,  0.26,  0.00,  0.04,   70932740,   67994000,    2956000,   91180641, c++, elite, mult, 4
1140402.exe ,  1.55,  0.31,  0.28,  0.00,  0.04,   76494681,   75492000,    1006000,   96271262, c++, elite, mult, 4
1187270.exe ,  0.64,  0.12,  0.11,  0.00,  0.02,   29829222,   28803000,    1028000,   50541018, c++, elite, mult, 4
1187270.exe ,  0.62,  0.12,  0.11,  0.00,  0.02,   30196732,   26318000,    3899000,   50752149, c++, elite, mult, 4
1187270.exe ,  0.62,  0.12,  0.11,  0.00,  0.02,   29690258,   23958000,    5750000,   50219403, c++, elite, mult, 4
1187270.exe ,  0.62,  0.12,  0.11,  0.00,  0.02,   30023544,   25951000,    3992000,   50829791, c++, elite, mult, 4
1187270.exe ,  0.60,  0.12,  0.11,  0.00,  0.02,   28923058,   25072000,    3857000,   49115495, c++, elite, mult, 4
1187270.exe ,  0.62,  0.12,  0.11,  0.00,  0.02,   29809923,   29801000,          0,   50041384, c++, elite, mult, 4
1187270.exe ,  0.60,  0.12,  0.11,  0.00,  0.02,   29886726,   25914000,    3986000,   49211447, c++, elite, mult, 4
1187270.exe ,  0.60,  0.12,  0.11,  0.00,  0.02,   29256292,   25140000,    4022000,   49660646, c++, elite, mult, 4
1187270.exe ,  0.64,  0.12,  0.11,  0.00,  0.02,   29825971,   26856000,    2984000,   49699320, c++, elite, mult, 4
1187270.exe ,  0.62,  0.12,  0.11,  0.00,  0.02,   29842331,   24711000,    5148000,   49924156, c++, elite, mult, 4
1228057.exe ,  1.41,  0.28,  0.26,  0.00,  0.04,   70790727,   67767000,    3034000,   91382170, c++, elite, mult, 4
1228057.exe ,  1.39,  0.28,  0.25,  0.00,  0.04,   69441227,   67384000,    2011000,   89235189, c++, elite, mult, 4
1228057.exe ,  1.46,  0.28,  0.26,  0.00,  0.04,   70460363,   66325000,    3959000,   90449221, c++, elite, mult, 4
1228057.exe ,  1.40,  0.27,  0.25,  0.00,  0.04,   69127642,   68075000,    1001000,   88985035, c++, elite, mult, 4
1228057.exe ,  1.42,  0.28,  0.26,  0.00,  0.04,   69956479,   67909000,    1997000,   89874658, c++, elite, mult, 4
1228057.exe ,  1.42,  0.28,  0.25,  0.00,  0.04,   69826348,   68839000,     997000,   89481111, c++, elite, mult, 4
1228057.exe ,  1.40,  0.27,  0.25,  0.00,  0.04,   69535639,   66512000,    2978000,   89720204, c++, elite, mult, 4
1228057.exe ,  1.43,  0.28,  0.25,  0.00,  0.04,   69582848,   67580000,    2017000,   89659012, c++, elite, mult, 4
1228057.exe ,  1.42,  0.28,  0.25,  0.00,  0.04,   69974817,   63833000,    6079000,   89810730, c++, elite, mult, 4
1228057.exe ,  1.45,  0.28,  0.25,  0.00,  0.04,   70233389,   67211000,    3009000,   90361726, c++, elite, mult, 4
1357465.exe ,  1.47,  0.28,  0.26,  0.00,  0.04,   71288850,   70136000,    1016000,   91641671, c++, elite, mult, 4
1357465.exe ,  1.47,  0.29,  0.26,  0.00,  0.04,   72047518,   69932000,    1998000,   91986528, c++, elite, mult, 4
1357465.exe ,  1.41,  0.28,  0.25,  0.00,  0.04,   69953655,   65988000,    3939000,   90377947, c++, elite, mult, 4
1357465.exe ,  1.42,  0.28,  0.26,  0.00,  0.04,   71468060,   69433000,    2012000,   91407010, c++, elite, mult, 4
1357465.exe ,  1.42,  0.28,  0.25,  0.00,  0.04,   70165391,   68168000,    2004000,   89988677, c++, elite, mult, 4
1357465.exe ,  1.42,  0.28,  0.25,  0.00,  0.04,   70110043,   67122000,    3005000,   89834397, c++, elite, mult, 4
1357465.exe ,  1.40,  0.27,  0.25,  0.00,  0.04,   69641022,   67663000,    1990000,   89733078, c++, elite, mult, 4
1357465.exe ,  1.45,  0.28,  0.25,  0.00,  0.04,   69611763,   67623000,    1988000,   89792196, c++, elite, mult, 4
1357465.exe ,  1.49,  0.29,  0.27,  0.00,  0.04,   73320352,   69360000,    3963000,   93611812, c++, elite, mult, 4
1357465.exe ,  1.47,  0.28,  0.26,  0.00,  0.04,   70981505,   67994000,    2999000,   91264348, c++, elite, mult, 4
1367032.exe ,  1.46,  0.29,  0.26,  0.00,  0.04,   72936671,   68951000,    3997000,   93071376, c++, elite, mult, 4
1367032.exe ,  1.47,  0.29,  0.26,  0.00,  0.04,   72292151,   69335000,    2971000,   92551840, c++, elite, mult, 4
1367032.exe ,  1.48,  0.29,  0.26,  0.00,  0.04,   72473827,   68515000,    3971000,   92636449, c++, elite, mult, 4
1367032.exe ,  1.49,  0.30,  0.27,  0.00,  0.04,   75101710,   69108000,    6009000,   95486750, c++, elite, mult, 4
1367032.exe ,  1.49,  0.30,  0.27,  0.00,  0.04,   75278756,   70247000,    5017000,   95421648, c++, elite, mult, 4
1367032.exe ,  1.47,  0.29,  0.27,  0.00,  0.04,   73525704,   70458000,    3019000,   93819634, c++, elite, mult, 4
1367032.exe ,  1.47,  0.29,  0.27,  0.00,  0.04,   73716794,   69737000,    3985000,   94081328, c++, elite, mult, 4
1367032.exe ,  1.47,  0.29,  0.27,  0.00,  0.04,   74444374,   72444000,    2012000,   93356615, c++, elite, mult, 4
1367032.exe ,  1.45,  0.29,  0.27,  0.00,  0.04,   73842241,   70818000,    3035000,   93481168, c++, elite, mult, 4
1367032.exe ,  1.47,  0.29,  0.27,  0.00,  0.04,   74200871,   72245000,    1979000,   94821341, c++, elite, mult, 4
1370800.exe ,  0.43,  0.08,  0.08,  0.00,  0.01,   20869271,   17750000,    3132000,   42044964, c++, elite, mult, 4
1370800.exe ,  0.44,  0.08,  0.08,  0.00,  0.01,   21147197,   18136000,    3022000,   42425364, c++, elite, mult, 4
1370800.exe ,  0.43,  0.09,  0.08,  0.00,  0.01,   20603237,   16495000,    4123000,   41390946, c++, elite, mult, 4
1370800.exe ,  0.43,  0.08,  0.08,  0.00,  0.01,   20819187,   20831000,          0,   42073638, c++, elite, mult, 4
1370800.exe ,  0.43,  0.08,  0.08,  0.00,  0.01,   20857305,   18886000,    1988000,   41680698, c++, elite, mult, 4
1370800.exe ,  0.44,  0.08,  0.07,  0.00,  0.01,   20780381,   17824000,    2970000,   41821216, c++, elite, mult, 4
1370800.exe ,  0.44,  0.09,  0.08,  0.00,  0.01,   20174139,   16155000,    4038000,   40928496, c++, elite, mult, 4
1370800.exe ,  0.44,  0.08,  0.08,  0.00,  0.01,   20674965,   17729000,    2954000,   41422883, c++, elite, mult, 4
1370800.exe ,  0.45,  0.08,  0.08,  0.00,  0.01,   20637443,   17712000,    2952000,   41643710, c++, elite, mult, 4
1370800.exe ,  0.41,  0.08,  0.08,  0.00,  0.01,   20812833,   17039000,    3786000,   41795579, c++, elite, mult, 4
1671790.exe ,  0.13,  0.02,  0.02,  0.00,  0.00,    6138623,    3079000,    3079000,   26290254, c++, elite, mult, 4
1671790.exe ,  0.13,  0.02,  0.02,  0.00,  0.00,    6078699,    4067000,    2033000,   26751908, c++, elite, mult, 4
1671790.exe ,  0.13,  0.02,  0.02,  0.00,  0.00,    6053112,    3030000,    3030000,   26723559, c++, elite, mult, 4
1671790.exe ,  0.13,  0.02,  0.02,  0.00,  0.00,    5930151,    2379000,    3569000,   26242322, c++, elite, mult, 4
1671790.exe ,  0.15,  0.03,  0.02,  0.00,  0.00,    6437718,    3232000,    3232000,   26984702, c++, elite, mult, 4
1671790.exe ,  0.12,  0.02,  0.02,  0.00,  0.00,    5918030,    4742000,    1185000,   26227764, c++, elite, mult, 4
1671790.exe ,  0.12,  0.02,  0.02,  0.00,  0.00,    6026602,    3624000,    2416000,   26435278, c++, elite, mult, 4
1671790.exe ,  0.15,  0.03,  0.02,  0.00,  0.00,    6547264,    4695000,    1878000,   27247360, c++, elite, mult, 4
1671790.exe ,  0.13,  0.02,  0.02,  0.00,  0.00,    5869672,    2956000,    2956000,   26200305, c++, elite, mult, 4
1671790.exe ,  0.15,  0.03,  0.02,  0.00,  0.00,    6092959,    3057000,    3057000,   26517103, c++, elite, mult, 4
1803796.exe ,  0.60,  0.11,  0.10,  0.00,  0.02,   29428319,   23317000,    6082000,   49418786, c++, elite, mult, 4
1803796.exe ,  0.63,  0.12,  0.11,  0.00,  0.02,   30315959,   22205000,    8074000,   50606995, c++, elite, mult, 4
1803796.exe ,  0.62,  0.12,  0.11,  0.00,  0.02,   29472721,   22342000,    7108000,   49401889, c++, elite, mult, 4
1803796.exe ,  0.63,  0.12,  0.11,  0.00,  0.02,   29578060,   22683000,    6903000,   49902787, c++, elite, mult, 4
1803796.exe ,  0.61,  0.12,  0.11,  0.00,  0.02,   29082741,   24101000,    5021000,   49282797, c++, elite, mult, 4
1803796.exe ,  0.61,  0.12,  0.11,  0.00,  0.02,   28866588,   20867000,    7949000,   49245369, c++, elite, mult, 4
1803796.exe ,  0.60,  0.12,  0.11,  0.00,  0.02,   28878864,   24692000,    4115000,   49860564, c++, elite, mult, 4
1803796.exe ,  0.62,  0.12,  0.11,  0.00,  0.02,   29321849,   23457000,    5864000,   50042084, c++, elite, mult, 4
1803796.exe ,  0.63,  0.12,  0.11,  0.00,  0.02,   29519029,   22626000,    6886000,   49961712, c++, elite, mult, 4
1803796.exe ,  0.62,  0.12,  0.11,  0.00,  0.02,   29632704,   21922000,    7625000,   50023994, c++, elite, mult, 4
1845510.exe ,  1.63,  0.33,  0.30,  0.00,  0.04,   82007511,   78012000,    4000000,  102083125, c++, elite, mult, 4
1845510.exe ,  1.65,  0.33,  0.30,  0.00,  0.04,   82720681,   75656000,    7061000,  103117619, c++, elite, mult, 4
1845510.exe ,  1.63,  0.33,  0.30,  0.00,  0.04,   82061885,   77056000,    5003000,  102838590, c++, elite, mult, 4
1845510.exe ,  1.63,  0.33,  0.30,  0.00,  0.04,   82522147,   74566000,    7953000,  103263099, c++, elite, mult, 4
1845510.exe ,  1.65,  0.33,  0.30,  0.00,  0.04,   82549843,   76589000,    5968000,  103145746, c++, elite, mult, 4
1845510.exe ,  1.67,  0.33,  0.31,  0.00,  0.04,   84618096,   77643000,    6968000,  104960926, c++, elite, mult, 4
1845510.exe ,  1.77,  0.34,  0.31,  0.00,  0.05,   85185891,   79230000,    5942000,  105716036, c++, elite, mult, 4
1845510.exe ,  1.64,  0.33,  0.30,  0.00,  0.04,   81892160,   77899000,    3994000,  102091064, c++, elite, mult, 4
1845510.exe ,  1.65,  0.33,  0.30,  0.00,  0.04,   82360129,   78329000,    4016000,  102534961, c++, elite, mult, 4
1845510.exe ,  1.66,  0.33,  0.30,  0.00,  0.04,   82161426,   77223000,    4950000,  102314362, c++, elite, mult, 4
1992685.exe ,  1.43,  0.28,  0.26,  0.00,  0.04,   71186261,   69233000,    1978000,   91362586, c++, elite, mult, 4
1992685.exe ,  1.46,  0.28,  0.26,  0.00,  0.04,   70596737,   69495000,    1007000,   90475906, c++, elite, mult, 4
1992685.exe ,  1.44,  0.28,  0.26,  0.00,  0.04,   70960761,   66909000,    4055000,   91143634, c++, elite, mult, 4
1992685.exe ,  1.47,  0.29,  0.26,  0.00,  0.04,   71684384,   69675000,    2019000,   91708980, c++, elite, mult, 4
1992685.exe ,  1.45,  0.29,  0.26,  0.00,  0.04,   71910855,   70912000,    1013000,   91906238, c++, elite, mult, 4
1992685.exe ,  1.53,  0.30,  0.28,  0.00,  0.04,   76371557,   73318000,    3013000,   96914821, c++, elite, mult, 4
1992685.exe ,  1.44,  0.28,  0.26,  0.00,  0.04,   71005939,   65994000,    4999000,   91296849, c++, elite, mult, 4
1992685.exe ,  1.41,  0.28,  0.25,  0.00,  0.04,   69848079,   62980000,    6888000,   89762899, c++, elite, mult, 4
1992685.exe ,  1.45,  0.29,  0.26,  0.00,  0.04,   71903558,   69924000,    1997000,   92051315, c++, elite, mult, 4
1992685.exe ,  1.41,  0.28,  0.25,  0.00,  0.04,   70171605,   68175000,    2005000,   90721039, c++, elite, mult, 4
2006045.exe ,  0.42,  0.08,  0.07,  0.00,  0.01,   20259066,   16225000,    4056000,   41102705, c++, elite, mult, 4
2006045.exe ,  0.41,  0.08,  0.07,  0.00,  0.01,   19903659,   18828000,    1046000,   40458672, c++, elite, mult, 4
2006045.exe ,  0.43,  0.08,  0.07,  0.00,  0.01,   20435866,   19409000,    1021000,   40813681, c++, elite, mult, 4
2006045.exe ,  0.42,  0.08,  0.07,  0.00,  0.01,   20078589,   19157000,     957000,   40970749, c++, elite, mult, 4
2006045.exe ,  0.44,  0.08,  0.07,  0.00,  0.01,   20282578,   18218000,    2024000,   40770962, c++, elite, mult, 4
2006045.exe ,  0.44,  0.08,  0.08,  0.00,  0.01,   20745725,   18684000,    2076000,   41412554, c++, elite, mult, 4
2006045.exe ,  0.42,  0.08,  0.08,  0.00,  0.01,   20520587,   17417000,    3073000,   41483243, c++, elite, mult, 4
2006045.exe ,  0.44,  0.08,  0.08,  0.00,  0.01,   20953983,   15890000,    4965000,   41725933, c++, elite, mult, 4
2006045.exe ,  0.44,  0.08,  0.07,  0.00,  0.01,   20643503,   17689000,    2948000,   41355442, c++, elite, mult, 4
2006045.exe ,  0.42,  0.08,  0.07,  0.00,  0.01,   20170724,   18168000,    2018000,   40799827, c++, elite, mult, 4
2169893.exe ,  1.47,  0.29,  0.26,  0.00,  0.04,   72790181,   68870000,    3935000,   92875968, c++, elite, mult, 4
2169893.exe ,  1.47,  0.29,  0.26,  0.00,  0.04,   72903562,   69817000,    2992000,   94029136, c++, elite, mult, 4
2169893.exe ,  1.45,  0.29,  0.26,  0.00,  0.04,   72878995,   70898000,    1997000,   92945048, c++, elite, mult, 4
2169893.exe ,  1.50,  0.29,  0.27,  0.00,  0.04,   72913030,   62968000,    9838000,   93706395, c++, elite, mult, 4
2169893.exe ,  1.47,  0.29,  0.27,  0.00,  0.04,   73234293,   72196000,    1002000,   93870100, c++, elite, mult, 4
2169893.exe ,  1.49,  0.29,  0.27,  0.00,  0.04,   73872125,   70829000,    2992000,   94305907, c++, elite, mult, 4
2169893.exe ,  1.45,  0.29,  0.26,  0.00,  0.04,   72158309,   68139000,    4008000,   92275624, c++, elite, mult, 4
2169893.exe ,  1.54,  0.30,  0.27,  0.00,  0.04,   74913118,   70880000,    3993000,   94972796, c++, elite, mult, 4
2169893.exe ,  1.47,  0.29,  0.26,  0.00,  0.04,   72964355,   69976000,    2998000,   93338482, c++, elite, mult, 4
2169893.exe ,  1.49,  0.29,  0.27,  0.00,  0.04,   73697036,   67820000,    5897000,   94146667, c++, elite, mult, 4
2312876.exe ,  0.41,  0.08,  0.07,  0.00,  0.01,   20630673,   19622000,    1032000,   41199662, c++, elite, mult, 4
2312876.exe ,  0.41,  0.08,  0.07,  0.00,  0.01,   20459223,   20476000,          0,   40927508, c++, elite, mult, 4
2312876.exe ,  0.42,  0.08,  0.07,  0.00,  0.01,   20326148,   17434000,    2905000,   40757109, c++, elite, mult, 4
2312876.exe ,  0.42,  0.08,  0.07,  0.00,  0.01,   20283069,   18273000,    2030000,   41058218, c++, elite, mult, 4
2312876.exe ,  0.44,  0.08,  0.07,  0.00,  0.01,   20168174,   17099000,    3017000,   40351778, c++, elite, mult, 4
2312876.exe ,  0.44,  0.08,  0.08,  0.00,  0.01,   20866414,   18882000,    1987000,   41513565, c++, elite, mult, 4
2312876.exe ,  0.44,  0.08,  0.08,  0.00,  0.01,   20782254,   19745000,    1039000,   41810672, c++, elite, mult, 4
2312876.exe ,  0.44,  0.08,  0.07,  0.00,  0.01,   20537159,   19573000,     978000,   41021502, c++, elite, mult, 4
2312876.exe ,  0.44,  0.08,  0.07,  0.00,  0.01,   20395671,   17450000,    2908000,   40759447, c++, elite, mult, 4
2312876.exe ,  0.42,  0.08,  0.08,  0.00,  0.01,   20010761,   18023000,    2002000,   40905248, c++, elite, mult, 4
2358896.exe ,  0.13,  0.02,  0.02,  0.00,  0.00,    5322403,    1067000,    4270000,   25613524, c++, elite, mult, 4
2358896.exe ,  0.11,  0.02,  0.02,  0.00,  0.00,    5436763,    3232000,    2155000,   25779946, c++, elite, mult, 4
2358896.exe ,  0.11,  0.02,  0.02,  0.00,  0.00,    5296424,    3548000,    1774000,   25349894, c++, elite, mult, 4
2358896.exe ,  0.11,  0.02,  0.02,  0.00,  0.00,    5349929,    1789000,    3579000,   25939106, c++, elite, mult, 4
2358896.exe ,  0.13,  0.02,  0.02,  0.00,  0.00,    5438285,    1819000,    3638000,   26284550, c++, elite, mult, 4
2358896.exe ,  0.11,  0.02,  0.02,  0.00,  0.00,    5282429,    2117000,    3176000,   25797847, c++, elite, mult, 4
2358896.exe ,  0.11,  0.02,  0.02,  0.00,  0.00,    5227485,    2623000,    2623000,   25535121, c++, elite, mult, 4
2358896.exe ,  0.13,  0.02,  0.02,  0.00,  0.00,    5332532,    2141000,    3212000,   25833219, c++, elite, mult, 4
2358896.exe ,  0.13,  0.02,  0.02,  0.00,  0.00,    5633274,    3372000,    2248000,   26725458, c++, elite, mult, 4
2358896.exe ,  0.13,  0.02,  0.02,  0.00,  0.00,    5292904,    3188000,    2125000,   25414266, c++, elite, mult, 4
2395064.exe ,  1.13,  0.22,  0.19,  0.00,  0.04,   54465548,   36648000,   17828000,   74911861, c++, elite, mult, 4
2395064.exe ,  1.12,  0.22,  0.20,  0.00,  0.03,   55034148,   39325000,   15730000,   75924848, c++, elite, mult, 4
2395064.exe ,  1.12,  0.22,  0.20,  0.00,  0.03,   54977347,   34998000,   19999000,   75838960, c++, elite, mult, 4
2395064.exe ,  1.14,  0.22,  0.20,  0.00,  0.04,   54831817,   37853000,   16934000,   75404615, c++, elite, mult, 4
2395064.exe ,  1.13,  0.22,  0.20,  0.00,  0.03,   55202628,   38449000,   16760000,   76086734, c++, elite, mult, 4
2395064.exe ,  1.14,  0.22,  0.20,  0.00,  0.04,   55155110,   37103000,   18050000,   76235391, c++, elite, mult, 4
2395064.exe ,  1.11,  0.22,  0.20,  0.00,  0.03,   54032903,   37995000,   15998000,   75058753, c++, elite, mult, 4
2395064.exe ,  1.10,  0.21,  0.19,  0.00,  0.03,   54307911,   40227000,   14079000,   74924477, c++, elite, mult, 4
2395064.exe ,  1.14,  0.22,  0.20,  0.00,  0.04,   55901303,   37881000,   17943000,   76502171, c++, elite, mult, 4
2395064.exe ,  1.13,  0.22,  0.19,  0.00,  0.03,   54561794,   41668000,   12897000,   75556282, c++, elite, mult, 4
2436754.exe ,  0.64,  0.12,  0.11,  0.00,  0.02,   30863526,   26894000,    3984000,   51191725, c++, elite, mult, 4
2436754.exe ,  0.64,  0.13,  0.11,  0.00,  0.02,   30835126,   26716000,    4110000,   51494771, c++, elite, mult, 4
2436754.exe ,  0.62,  0.12,  0.11,  0.00,  0.02,   30942538,   25958000,    4991000,   51908994, c++, elite, mult, 4
2436754.exe ,  0.64,  0.13,  0.11,  0.00,  0.02,   30863278,   27785000,    3087000,   51207620, c++, elite, mult, 4
2436754.exe ,  0.63,  0.12,  0.11,  0.00,  0.02,   31295487,   25250000,    6060000,   52344473, c++, elite, mult, 4
2436754.exe ,  0.63,  0.12,  0.11,  0.00,  0.02,   31030804,   28016000,    3001000,   52036588, c++, elite, mult, 4
2436754.exe ,  0.63,  0.12,  0.11,  0.00,  0.02,   31051367,   28061000,    3006000,   51590397, c++, elite, mult, 4
2436754.exe ,  0.63,  0.12,  0.11,  0.00,  0.02,   31329197,   27299000,    4044000,   51997979, c++, elite, mult, 4
2436754.exe ,  0.64,  0.12,  0.11,  0.00,  0.02,   31124478,   28093000,    3010000,   51473496, c++, elite, mult, 4
2436754.exe ,  0.63,  0.13,  0.11,  0.00,  0.02,   31012266,   27004000,    4000000,   51592141, c++, elite, mult, 4
2448903.exe ,  1.44,  0.29,  0.26,  0.00,  0.04,   71960018,   70907000,     998000,   92463816, c++, elite, mult, 4
2448903.exe ,  1.39,  0.27,  0.25,  0.00,  0.04,   69405440,   65448000,    3966000,   89720327, c++, elite, mult, 4
2448903.exe ,  1.47,  0.29,  0.26,  0.00,  0.04,   72207617,   70134000,    2003000,   92537544, c++, elite, mult, 4
2448903.exe ,  1.40,  0.28,  0.25,  0.00,  0.04,   70152104,   67203000,    2964000,   90605916, c++, elite, mult, 4
2448903.exe ,  1.55,  0.31,  0.28,  0.00,  0.04,   77232958,   76245000,    1003000,   97711673, c++, elite, mult, 4
2448903.exe ,  1.40,  0.28,  0.25,  0.00,  0.04,   69913175,   67899000,    1997000,   90647867, c++, elite, mult, 4
2448903.exe ,  1.40,  0.28,  0.25,  0.00,  0.04,   70172786,   68179000,    2005000,   91020533, c++, elite, mult, 4
2448903.exe ,  1.41,  0.28,  0.25,  0.00,  0.04,   70023789,   68031000,    2000000,   90109772, c++, elite, mult, 4
2448903.exe ,  1.40,  0.28,  0.26,  0.00,  0.04,   70697058,   66733000,    3925000,   90791817, c++, elite, mult, 4
2448903.exe ,  1.51,  0.29,  0.26,  0.00,  0.04,   73236305,   70271000,    2969000,   94291270, c++, elite, mult, 4
2462469.exe ,  0.13,  0.02,  0.02,  0.00,  0.00,    5557306,    4459000,    1114000,   25774874, c++, elite, mult, 4
2462469.exe ,  0.13,  0.02,  0.02,  0.00,  0.00,    5869744,    3527000,    2351000,   26497109, c++, elite, mult, 4
2462469.exe ,  0.13,  0.02,  0.02,  0.00,  0.00,    5970717,     977000,    4885000,   26282316, c++, elite, mult, 4
2462469.exe ,  0.11,  0.02,  0.02,  0.00,  0.00,    5660854,    3407000,    2271000,   26306270, c++, elite, mult, 4
2462469.exe ,  0.11,  0.02,  0.02,  0.00,  0.00,    5623569,    3767000,    1883000,   26075210, c++, elite, mult, 4
2462469.exe ,  0.13,  0.02,  0.02,  0.00,  0.00,    5670633,    3417000,    2278000,   26172541, c++, elite, mult, 4
2462469.exe ,  0.13,  0.02,  0.02,  0.00,  0.00,    5946410,    3416000,    2562000,   26758899, c++, elite, mult, 4
2462469.exe ,  0.12,  0.02,  0.02,  0.00,  0.00,    6022568,    4972000,     994000,   27175216, c++, elite, mult, 4
2462469.exe ,  0.13,  0.02,  0.02,  0.00,  0.00,    5714117,    3432000,    2288000,   26354341, c++, elite, mult, 4
2462469.exe ,  0.12,  0.02,  0.02,  0.00,  0.00,    6036430,    3000000,    3000000,   26495606, c++, elite, mult, 4
2578170.exe ,  0.71,  0.14,  0.12,  0.00,  0.02,   34030433,   27022000,    7005000,   54295490, c++, elite, mult, 4
2578170.exe ,  0.70,  0.13,  0.12,  0.00,  0.02,   34118212,   30113000,    4015000,   54478216, c++, elite, mult, 4
2578170.exe ,  0.72,  0.14,  0.12,  0.00,  0.02,   34123005,   30110000,    4014000,   54456974, c++, elite, mult, 4
2578170.exe ,  0.70,  0.14,  0.12,  0.00,  0.02,   33730780,   29635000,    4087000,   53919235, c++, elite, mult, 4
2578170.exe ,  0.71,  0.14,  0.12,  0.00,  0.02,   33983668,   27970000,    5993000,   54991005, c++, elite, mult, 4
2578170.exe ,  0.70,  0.14,  0.12,  0.00,  0.02,   34130165,   29118000,    5020000,   54601794, c++, elite, mult, 4
2578170.exe ,  0.72,  0.13,  0.12,  0.00,  0.02,   34005810,   27819000,    6182000,   54710427, c++, elite, mult, 4
2578170.exe ,  0.70,  0.13,  0.12,  0.00,  0.02,   33927941,   29941000,    3992000,   54099183, c++, elite, mult, 4
2578170.exe ,  0.71,  0.13,  0.12,  0.00,  0.02,   34134465,   28124000,    6026000,   54845982, c++, elite, mult, 4
2578170.exe ,  0.70,  0.13,  0.12,  0.00,  0.02,   34027406,   32036000,    2002000,   54489759, c++, elite, mult, 4
275342.exe  ,  1.47,  0.29,  0.26,  0.00,  0.04,   71903227,   68851000,    2993000,   92260232, c++, elite, mult, 4
275342.exe  ,  1.53,  0.30,  0.28,  0.00,  0.04,   75748909,   73730000,    2020000,   96091895, c++, elite, mult, 4
275342.exe  ,  1.40,  0.28,  0.26,  0.00,  0.04,   70065011,   68097000,    2002000,   90958636, c++, elite, mult, 4
275342.exe  ,  1.44,  0.29,  0.26,  0.00,  0.04,   71329387,   68312000,    3013000,   91555909, c++, elite, mult, 4
275342.exe  ,  1.46,  0.29,  0.26,  0.00,  0.04,   72515605,   69542000,    2980000,   92697877, c++, elite, mult, 4
275342.exe  ,  1.43,  0.28,  0.26,  0.00,  0.04,   71318820,   70305000,    1004000,   91871736, c++, elite, mult, 4
275342.exe  ,  1.44,  0.29,  0.26,  0.00,  0.04,   71322356,   69327000,    2009000,   91621597, c++, elite, mult, 4
275342.exe  ,  1.45,  0.28,  0.26,  0.00,  0.04,   71089164,   69090000,    2002000,   91656605, c++, elite, mult, 4
275342.exe  ,  1.42,  0.28,  0.26,  0.00,  0.04,   71793626,   68855000,    2950000,   92226104, c++, elite, mult, 4
275342.exe  ,  1.49,  0.29,  0.27,  0.00,  0.04,   73346850,   72290000,    1004000,   93918015, c++, elite, mult, 4
2802363.exe ,  1.52,  0.30,  0.27,  0.00,  0.04,   75806400,   74812000,     997000,   96162512, c++, elite, mult, 4
2802363.exe ,  2.11,  0.42,  0.39,  0.00,  0.05,  107496669,  107515000,          0,  128317061, c++, elite, mult, 4
2802363.exe ,  1.49,  0.29,  0.27,  0.00,  0.04,   74296641,   70306000,    3960000,   95129910, c++, elite, mult, 4
2802363.exe ,  1.57,  0.31,  0.28,  0.00,  0.04,   76518135,   74517000,    2013000,   97360018, c++, elite, mult, 4
2802363.exe ,  1.46,  0.29,  0.26,  0.00,  0.04,   72899917,   69908000,    2996000,   94002471, c++, elite, mult, 4
2802363.exe ,  1.48,  0.29,  0.27,  0.00,  0.04,   73546309,   72537000,    1007000,   94809647, c++, elite, mult, 4
2802363.exe ,  1.46,  0.29,  0.26,  0.00,  0.04,   72870223,   70885000,    1996000,   92740435, c++, elite, mult, 4
2802363.exe ,  1.47,  0.29,  0.26,  0.00,  0.04,   72223549,   69223000,    3009000,   92725970, c++, elite, mult, 4
2802363.exe ,  1.45,  0.29,  0.26,  0.00,  0.04,   72855732,   71862000,     998000,   93206494, c++, elite, mult, 4
2802363.exe ,  1.44,  0.29,  0.26,  0.00,  0.04,   72272646,   70278000,    2007000,   92473268, c++, elite, mult, 4
2823661.exe ,  0.47,  0.09,  0.09,  0.00,  0.01,   23729953,   19624000,    4131000,   44568268, c++, elite, mult, 4
2823661.exe ,  0.52,  0.10,  0.09,  0.00,  0.01,   24292400,   19340000,    4835000,   44569382, c++, elite, mult, 4
2823661.exe ,  0.52,  0.10,  0.09,  0.00,  0.01,   24790554,   18591000,    6197000,   45545743, c++, elite, mult, 4
2823661.exe ,  0.52,  0.10,  0.09,  0.00,  0.01,   24417229,   19546000,    4886000,   44969204, c++, elite, mult, 4
2823661.exe ,  0.49,  0.09,  0.09,  0.00,  0.01,   24724446,   20619000,    4123000,   45575519, c++, elite, mult, 4
2823661.exe ,  0.51,  0.10,  0.09,  0.00,  0.01,   24415592,   19535000,    4883000,   42827338, c++, elite, mult, 4
2823661.exe ,  0.51,  0.10,  0.09,  0.00,  0.01,   24591337,   19682000,    4920000,   45484047, c++, elite, mult, 4
2823661.exe ,  0.47,  0.09,  0.08,  0.00,  0.01,   23789973,   20689000,    3103000,   44292873, c++, elite, mult, 4
2823661.exe ,  0.52,  0.10,  0.09,  0.00,  0.01,   24561018,   19663000,    4915000,   45545329, c++, elite, mult, 4
2823661.exe ,  0.52,  0.10,  0.09,  0.00,  0.01,   24495714,   21470000,    3067000,   45627909, c++, elite, mult, 4
293813.exe  ,  1.99,  0.39,  0.36,  0.00,  0.07,   98822517,   80642000,   18144000,  119298110, c++, elite, mult, 4
293813.exe  ,  1.96,  0.39,  0.35,  0.00,  0.07,   98470863,   75601000,   22879000,  119017582, c++, elite, mult, 4
293813.exe  ,  1.99,  0.39,  0.36,  0.00,  0.07,   98932443,   75699000,   23214000,  119465527, c++, elite, mult, 4
293813.exe  ,  2.05,  0.40,  0.35,  0.00,  0.07,   99062374,   78010000,   21002000,  120119786, c++, elite, mult, 4
293813.exe  ,  1.99,  0.39,  0.35,  0.00,  0.07,   98146729,   77101000,   21027000,  118998933, c++, elite, mult, 4
293813.exe  ,  2.00,  0.39,  0.35,  0.00,  0.07,   98598407,   74692000,   23901000,  119461341, c++, elite, mult, 4
293813.exe  ,  2.01,  0.40,  0.36,  0.00,  0.07,   99641926,   76698000,   22910000,  120240172, c++, elite, mult, 4
293813.exe  ,  1.99,  0.39,  0.35,  0.00,  0.07,   99023967,   78007000,   21001000,  119857245, c++, elite, mult, 4
293813.exe  ,  1.94,  0.39,  0.35,  0.00,  0.07,   97768102,   77033000,   20739000,  118673913, c++, elite, mult, 4
293813.exe  ,  1.97,  0.39,  0.35,  0.00,  0.07,   98261561,   80197000,   18044000,  118996216, c++, elite, mult, 4
3040402.exe ,  0.54,  0.10,  0.09,  0.00,  0.02,   25939543,   17966000,    7985000,   47115460, c++, elite, mult, 4
3040402.exe ,  0.54,  0.11,  0.10,  0.00,  0.02,   25848252,   21880000,    3978000,   46613311, c++, elite, mult, 4
3040402.exe ,  0.54,  0.10,  0.09,  0.00,  0.02,   26161275,   17113000,    9059000,   47063323, c++, elite, mult, 4
3040402.exe ,  0.54,  0.10,  0.09,  0.00,  0.02,   25739771,   20049000,    5728000,   46342261, c++, elite, mult, 4
3040402.exe ,  0.53,  0.10,  0.09,  0.00,  0.02,   26585824,   18707000,    7876000,   47278070, c++, elite, mult, 4
3040402.exe ,  0.56,  0.11,  0.10,  0.00,  0.02,   26046013,   18988000,    6995000,   47064193, c++, elite, mult, 4
3040402.exe ,  0.54,  0.10,  0.09,  0.00,  0.02,   25890689,   18924000,    6972000,   46932063, c++, elite, mult, 4
3040402.exe ,  0.54,  0.10,  0.09,  0.00,  0.02,   26247225,   22201000,    4036000,   47197755, c++, elite, mult, 4
3040402.exe ,  0.55,  0.11,  0.09,  0.00,  0.02,   26343308,   21474000,    4880000,   47301783, c++, elite, mult, 4
3040402.exe ,  0.55,  0.11,  0.09,  0.00,  0.02,   26551900,   20662000,    5903000,   48013203, c++, elite, mult, 4
3095970.exe ,  0.64,  0.12,  0.11,  0.00,  0.02,   30269140,   21169000,    9072000,   51254184, c++, elite, mult, 4
3095970.exe ,  0.62,  0.12,  0.11,  0.00,  0.02,   30345384,   18110000,   12073000,   51141829, c++, elite, mult, 4
3095970.exe ,  0.64,  0.12,  0.11,  0.00,  0.02,   30140610,   22110000,    8040000,   51269849, c++, elite, mult, 4
3095970.exe ,  0.63,  0.12,  0.11,  0.00,  0.02,   30168106,   19109000,   11063000,   50845962, c++, elite, mult, 4
3095970.exe ,  0.62,  0.12,  0.11,  0.00,  0.02,   30157672,   20116000,   10058000,   50980820, c++, elite, mult, 4
3095970.exe ,  0.63,  0.12,  0.11,  0.00,  0.02,   31232981,   23189000,    8066000,   53363102, c++, elite, mult, 4
3095970.exe ,  0.64,  0.12,  0.11,  0.00,  0.02,   30712057,   17838000,   12883000,   51667212, c++, elite, mult, 4
3095970.exe ,  0.62,  0.12,  0.11,  0.00,  0.02,   30639466,   21447000,    9191000,   51372569, c++, elite, mult, 4
3095970.exe ,  0.64,  0.12,  0.11,  0.00,  0.02,   30718206,   17825000,   12874000,   52205434, c++, elite, mult, 4
3095970.exe ,  0.63,  0.12,  0.11,  0.00,  0.02,   31221529,   26194000,    5037000,   52540322, c++, elite, mult, 4
321299.exe  ,  0.44,  0.08,  0.07,  0.00,  0.01,   19628989,   15707000,    3926000,   40617798, c++, elite, mult, 4
321299.exe  ,  0.38,  0.07,  0.07,  0.00,  0.01,   18421056,   15526000,    2911000,   39260867, c++, elite, mult, 4
321299.exe  ,  0.41,  0.08,  0.07,  0.00,  0.01,   18627322,   16576000,    2072000,   39630143, c++, elite, mult, 4
321299.exe  ,  0.39,  0.08,  0.07,  0.00,  0.01,   18880318,   16789000,    2098000,   39889996, c++, elite, mult, 4
321299.exe  ,  0.39,  0.07,  0.07,  0.00,  0.01,   18227068,   16222000,    2027000,   39042662, c++, elite, mult, 4
321299.exe  ,  0.38,  0.07,  0.07,  0.00,  0.01,   18412676,   15519000,    2909000,   38797026, c++, elite, mult, 4
321299.exe  ,  0.43,  0.08,  0.07,  0.00,  0.01,   20146050,   18074000,    2008000,   40649771, c++, elite, mult, 4
321299.exe  ,  0.39,  0.07,  0.07,  0.00,  0.01,   18043699,   15064000,    3012000,   39042978, c++, elite, mult, 4
321299.exe  ,  0.41,  0.08,  0.07,  0.00,  0.01,   18418868,   15535000,    2912000,   39294153, c++, elite, mult, 4
321299.exe  ,  0.40,  0.08,  0.07,  0.00,  0.01,   18353495,   14472000,    3859000,   39453915, c++, elite, mult, 4
3644759.exe ,  0.13,  0.02,  0.02,  0.00,  0.00,    5590945,    3367000,    2245000,   26269229, c++, elite, mult, 4
3644759.exe ,  0.13,  0.02,  0.02,  0.00,  0.00,    6096514,    2041000,    4083000,   27632915, c++, elite, mult, 4
3644759.exe ,  0.13,  0.02,  0.02,  0.00,  0.00,    5776989,    4639000,    1159000,   26511384, c++, elite, mult, 4
3644759.exe ,  0.13,  0.02,  0.02,  0.00,  0.00,    5908953,     980000,    4903000,   26905477, c++, elite, mult, 4
3644759.exe ,  0.13,  0.02,  0.02,  0.00,  0.00,    5768190,    2485000,    3314000,   26751362, c++, elite, mult, 4
3644759.exe ,  0.13,  0.02,  0.02,  0.00,  0.00,    5811044,    3895000,    1947000,   26862064, c++, elite, mult, 4
3644759.exe ,  0.13,  0.02,  0.02,  0.00,  0.00,    5757031,    3462000,    2308000,   26526009, c++, elite, mult, 4
3644759.exe ,  0.13,  0.02,  0.02,  0.00,  0.00,    5689495,    4569000,    1142000,   26355286, c++, elite, mult, 4
3644759.exe ,  0.13,  0.02,  0.02,  0.00,  0.00,    5630736,    2817000,    2817000,   26279465, c++, elite, mult, 4
3644759.exe ,  0.13,  0.02,  0.02,  0.00,  0.00,    5516349,    1836000,    3672000,   25951327, c++, elite, mult, 4
3648700.exe ,  1.46,  0.29,  0.27,  0.00,  0.04,   73175726,   71228000,    1978000,   94175410, c++, elite, mult, 4
3648700.exe ,  1.47,  0.29,  0.26,  0.00,  0.04,   72821094,   67926000,    4922000,   93860138, c++, elite, mult, 4
3648700.exe ,  1.48,  0.29,  0.27,  0.00,  0.04,   73631401,   72636000,    1008000,   94514406, c++, elite, mult, 4
3648700.exe ,  1.48,  0.29,  0.26,  0.00,  0.04,   73417149,   69345000,    3962000,   94186401, c++, elite, mult, 4
3648700.exe ,  1.47,  0.29,  0.26,  0.00,  0.04,   72683270,   69666000,    3028000,   93532217, c++, elite, mult, 4
3648700.exe ,  1.51,  0.30,  0.27,  0.00,  0.04,   74738073,   72742000,    1992000,   95612353, c++, elite, mult, 4
3648700.exe ,  1.53,  0.30,  0.28,  0.00,  0.04,   76935602,   73955000,    2998000,   98118107, c++, elite, mult, 4
3648700.exe ,  1.46,  0.29,  0.26,  0.00,  0.04,   73405795,   70403000,    3017000,   94498185, c++, elite, mult, 4
3648700.exe ,  1.46,  0.29,  0.26,  0.00,  0.04,   73084079,   71073000,    2002000,   94085890, c++, elite, mult, 4
3648700.exe ,  1.47,  0.29,  0.27,  0.00,  0.04,   73108088,   71113000,    2003000,   94245172, c++, elite, mult, 4
391684.exe  ,  1.55,  0.30,  0.28,  0.00,  0.04,   76674279,   73600000,    2983000,   97026480, c++, elite, mult, 4
391684.exe  ,  1.48,  0.29,  0.27,  0.00,  0.04,   74814821,   70749000,    3985000,   95331039, c++, elite, mult, 4
391684.exe  ,  1.48,  0.30,  0.27,  0.00,  0.04,   73613004,   70600000,    3025000,   94630711, c++, elite, mult, 4
391684.exe  ,  1.54,  0.30,  0.27,  0.00,  0.04,   75631601,   71648000,    3980000,   95712947, c++, elite, mult, 4
391684.exe  ,  1.51,  0.31,  0.28,  0.00,  0.04,   73237811,   65348000,    7921000,   95372922, c++, elite, mult, 4
391684.exe  ,  1.63,  0.31,  0.28,  0.00,  0.04,   78803189,   71926000,    6897000,   99391531, c++, elite, mult, 4
391684.exe  ,  1.52,  0.30,  0.27,  0.00,  0.04,   75268496,   69199000,    6017000,   95440486, c++, elite, mult, 4
391684.exe  ,  1.57,  0.31,  0.28,  0.00,  0.04,   76374846,   72290000,    4016000,   96580648, c++, elite, mult, 4
391684.exe  ,  1.53,  0.30,  0.27,  0.00,  0.04,   74950134,   68850000,    5987000,   95246998, c++, elite, mult, 4
391684.exe  ,  1.52,  0.30,  0.27,  0.00,  0.04,   74542819,   70462000,    4026000,   95167474, c++, elite, mult, 4
4011765.exe ,  0.15,  0.03,  0.03,  0.00,  0.00,    7270625,    4165000,    3124000,   26736477, c++, elite, mult, 4
4011765.exe ,  0.15,  0.03,  0.03,  0.00,  0.00,    7347826,    5255000,    2102000,   27843551, c++, elite, mult, 4
4011765.exe ,  0.15,  0.03,  0.03,  0.00,  0.01,    7541744,    6485000,    1080000,   28588425, c++, elite, mult, 4
4011765.exe ,  0.15,  0.03,  0.03,  0.00,  0.00,    7198255,    4123000,    3092000,   27261587, c++, elite, mult, 4
4011765.exe ,  0.17,  0.03,  0.03,  0.00,  0.01,    7554711,    4726000,    2835000,   27764235, c++, elite, mult, 4
4011765.exe ,  0.15,  0.03,  0.03,  0.00,  0.00,    7057559,    5051000,    2020000,   27306876, c++, elite, mult, 4
4011765.exe ,  0.15,  0.03,  0.03,  0.00,  0.00,    7121487,    6095000,    1015000,   27446614, c++, elite, mult, 4
4011765.exe ,  0.15,  0.03,  0.03,  0.00,  0.00,    7315090,    5185000,    2074000,   27405321, c++, elite, mult, 4
4011765.exe ,  0.15,  0.03,  0.03,  0.00,  0.00,    7041525,    4032000,    3024000,   27432624, c++, elite, mult, 4
4011765.exe ,  0.15,  0.03,  0.03,  0.00,  0.00,    7337721,    4173000,    3129000,   27585932, c++, elite, mult, 4
4055920.exe ,  0.48,  0.09,  0.08,  0.00,  0.01,   22823611,   15228000,    7614000,   43965438, c++, elite, mult, 4
4055920.exe ,  0.51,  0.10,  0.09,  0.00,  0.01,   25103768,   19075000,    6023000,   46100191, c++, elite, mult, 4
4055920.exe ,  0.52,  0.10,  0.09,  0.00,  0.02,   24945125,   17689000,    7283000,   46020232, c++, elite, mult, 4
4055920.exe ,  0.48,  0.09,  0.08,  0.00,  0.01,   22634569,   15745000,    6888000,   43434775, c++, elite, mult, 4
4055920.exe ,  0.46,  0.09,  0.08,  0.00,  0.01,   22443339,   16601000,    5859000,   43540444, c++, elite, mult, 4
4055920.exe ,  0.46,  0.09,  0.08,  0.00,  0.01,   22487115,   16348000,    6130000,   43192857, c++, elite, mult, 4
4055920.exe ,  0.50,  0.09,  0.08,  0.00,  0.01,   23347126,   14217000,    9139000,   44167676, c++, elite, mult, 4
4055920.exe ,  0.46,  0.09,  0.08,  0.00,  0.01,   22508629,   16381000,    6143000,   42813382, c++, elite, mult, 4
4055920.exe ,  0.50,  0.09,  0.08,  0.00,  0.01,   23642468,   19530000,    4111000,   44985028, c++, elite, mult, 4
4055920.exe ,  0.49,  0.09,  0.08,  0.00,  0.01,   22751517,   15519000,    7242000,   43341290, c++, elite, mult, 4
4076325.exe ,  0.44,  0.09,  0.08,  0.00,  0.01,   20467777,   18548000,    1952000,   41630991, c++, elite, mult, 4
4076325.exe ,  0.44,  0.08,  0.08,  0.00,  0.01,   20818232,   18697000,    2077000,   41963763, c++, elite, mult, 4
4076325.exe ,  0.44,  0.08,  0.08,  0.00,  0.01,   20988641,   18157000,    2866000,   42119220, c++, elite, mult, 4
4076325.exe ,  0.42,  0.08,  0.07,  0.00,  0.01,   20643269,   18686000,    1967000,   41405291, c++, elite, mult, 4
4076325.exe ,  0.42,  0.08,  0.07,  0.00,  0.01,   20410868,   16524000,    3888000,   41056179, c++, elite, mult, 4
4076325.exe ,  0.44,  0.08,  0.08,  0.00,  0.01,   20777633,   19743000,    1039000,   41850023, c++, elite, mult, 4
4076325.exe ,  0.42,  0.08,  0.08,  0.00,  0.01,   20495105,   16609000,    3908000,   40773046, c++, elite, mult, 4
4076325.exe ,  0.42,  0.08,  0.08,  0.00,  0.01,   20545546,   17621000,    2936000,   41015917, c++, elite, mult, 4
4076325.exe ,  0.43,  0.08,  0.08,  0.00,  0.01,   20642433,   20649000,          0,   41155519, c++, elite, mult, 4
4076325.exe ,  0.42,  0.08,  0.08,  0.00,  0.01,   20399314,   17352000,    3062000,   41317823, c++, elite, mult, 4
4162451.exe ,  0.13,  0.02,  0.02,  0.00,  0.00,    6072532,    5080000,    1016000,   26299957, c++, elite, mult, 4
4162451.exe ,  0.13,  0.02,  0.02,  0.00,  0.00,    6136030,    4108000,    2054000,   26982308, c++, elite, mult, 4
4162451.exe ,  0.13,  0.02,  0.02,  0.00,  0.00,    5891573,    5919000,          0,   26262737, c++, elite, mult, 4
4162451.exe ,  0.13,  0.02,  0.02,  0.00,  0.00,    5873191,    4892000,     978000,   26324328, c++, elite, mult, 4
4162451.exe ,  0.12,  0.02,  0.02,  0.00,  0.00,    6185957,    5188000,    1037000,   26949994, c++, elite, mult, 4
4162451.exe ,  0.15,  0.03,  0.02,  0.00,  0.00,    6190601,    4142000,    2071000,   26858606, c++, elite, mult, 4
4162451.exe ,  0.13,  0.02,  0.02,  0.00,  0.00,    5890366,    1180000,    4723000,   26275606, c++, elite, mult, 4
4162451.exe ,  0.13,  0.02,  0.02,  0.00,  0.00,    6274222,    4156000,    2078000,   27258095, c++, elite, mult, 4
4162451.exe ,  0.13,  0.02,  0.02,  0.00,  0.00,    6216898,    5201000,    1040000,   26885510, c++, elite, mult, 4
4162451.exe ,  0.13,  0.02,  0.02,  0.00,  0.00,    5917250,    2974000,    2974000,   26686139, c++, elite, mult, 4
4162787.exe ,  1.52,  0.30,  0.28,  0.00,  0.04,   76673898,   73571000,    3023000,   97438800, c++, elite, mult, 4
4162787.exe ,  1.52,  0.30,  0.28,  0.00,  0.04,   76596156,   71642000,    4975000,   96634481, c++, elite, mult, 4
4162787.exe ,  1.54,  0.30,  0.28,  0.00,  0.04,   76522889,   75528000,    1007000,   97175096, c++, elite, mult, 4
4162787.exe ,  1.52,  0.30,  0.27,  0.00,  0.04,   75823009,   68824000,    6982000,   96255935, c++, elite, mult, 4
4162787.exe ,  1.55,  0.31,  0.28,  0.00,  0.04,   78436554,   73393000,    5026000,   99492707, c++, elite, mult, 4
4162787.exe ,  1.51,  0.30,  0.27,  0.00,  0.04,   75038489,   70912000,    3995000,   95167489, c++, elite, mult, 4
4162787.exe ,  1.54,  0.30,  0.28,  0.00,  0.04,   76611425,   73533000,    3021000,   96772174, c++, elite, mult, 4
4162787.exe ,  1.52,  0.30,  0.27,  0.00,  0.04,   76228446,   74228000,    2006000,   96631356, c++, elite, mult, 4
4162787.exe ,  1.52,  0.30,  0.27,  0.00,  0.04,   75236403,   69224000,    5933000,   95392313, c++, elite, mult, 4
4162787.exe ,  1.53,  0.30,  0.28,  0.00,  0.04,   76749520,   70705000,    6060000,   96895377, c++, elite, mult, 4
4234660.exe ,  1.51,  0.30,  0.27,  0.00,  0.04,   74996195,   72006000,    3000000,   95250144, c++, elite, mult, 4
4234660.exe ,  1.45,  0.29,  0.26,  0.00,  0.04,   72412646,   70404000,    2011000,   93192240, c++, elite, mult, 4
4234660.exe ,  1.50,  0.30,  0.27,  0.00,  0.04,   74905979,   72766000,    2021000,   95527952, c++, elite, mult, 4
4234660.exe ,  1.55,  0.30,  0.27,  0.00,  0.04,   75521990,   73517000,    2014000,   96082829, c++, elite, mult, 4
4234660.exe ,  1.45,  0.29,  0.26,  0.00,  0.04,   72145845,   69144000,    3006000,   92856420, c++, elite, mult, 4
4234660.exe ,  1.45,  0.29,  0.26,  0.00,  0.04,   71706095,   70710000,    1010000,   92107851, c++, elite, mult, 4
4234660.exe ,  1.44,  0.29,  0.26,  0.00,  0.04,   72698024,   71702000,     995000,   93201011, c++, elite, mult, 4
4234660.exe ,  1.48,  0.29,  0.27,  0.00,  0.04,   73466665,   72477000,    1006000,   94551438, c++, elite, mult, 4
4234660.exe ,  1.47,  0.29,  0.27,  0.00,  0.04,   73133341,   72144000,    1002000,   93611589, c++, elite, mult, 4
4234660.exe ,  1.51,  0.30,  0.27,  0.00,  0.04,   75831413,   73849000,    1995000,   96325036, c++, elite, mult, 4
4310645.exe ,  0.63,  0.12,  0.11,  0.00,  0.02,   31675827,   29648000,    2044000,   51880314, c++, elite, mult, 4
4310645.exe ,  0.62,  0.12,  0.11,  0.00,  0.02,   30226187,   26216000,    4033000,   50341204, c++, elite, mult, 4
4310645.exe ,  0.62,  0.12,  0.11,  0.00,  0.02,   30562693,   27574000,    2954000,   51124105, c++, elite, mult, 4
4310645.exe ,  0.63,  0.12,  0.11,  0.00,  0.02,   30400481,   28462000,    1962000,   51344334, c++, elite, mult, 4
4310645.exe ,  0.62,  0.12,  0.11,  0.00,  0.02,   30125882,   28131000,    2009000,   51019596, c++, elite, mult, 4
4310645.exe ,  0.62,  0.12,  0.11,  0.00,  0.02,   30435607,   26330000,    4050000,   50978965, c++, elite, mult, 4
4310645.exe ,  0.63,  0.12,  0.11,  0.00,  0.02,   31423494,   28387000,    3041000,   52024552, c++, elite, mult, 4
4310645.exe ,  0.66,  0.13,  0.11,  0.00,  0.02,   31067747,   29071000,    2004000,   51361748, c++, elite, mult, 4
4310645.exe ,  0.64,  0.12,  0.11,  0.00,  0.02,   30957959,   28886000,    2063000,   51578918, c++, elite, mult, 4
4310645.exe ,  0.63,  0.12,  0.11,  0.00,  0.02,   30947638,   26967000,    3995000,   51177622, c++, elite, mult, 4
4353494.exe ,  1.52,  0.31,  0.28,  0.00,  0.04,   77289978,   73243000,    4013000,   98114878, c++, elite, mult, 4
4353494.exe ,  1.49,  0.30,  0.27,  0.00,  0.04,   75550260,   70529000,    4966000,   96259421, c++, elite, mult, 4
4353494.exe ,  1.51,  0.30,  0.28,  0.00,  0.04,   76364502,   72335000,    3963000,   96779049, c++, elite, mult, 4
4353494.exe ,  1.52,  0.31,  0.28,  0.00,  0.04,   77047083,   70983000,    5998000,   97526469, c++, elite, mult, 4
4353494.exe ,  1.57,  0.31,  0.29,  0.00,  0.04,   79846978,   73954000,    5916000,  100600461, c++, elite, mult, 4
4353494.exe ,  1.54,  0.31,  0.28,  0.00,  0.04,   78008062,   71850000,    5987000,   99029999, c++, elite, mult, 4
4353494.exe ,  1.53,  0.30,  0.28,  0.00,  0.04,   76523756,   71545000,    4968000,   97349508, c++, elite, mult, 4
4353494.exe ,  1.53,  0.30,  0.28,  0.00,  0.04,   76526353,   69571000,    6957000,   95979197, c++, elite, mult, 4
4353494.exe ,  1.56,  0.31,  0.28,  0.00,  0.04,   77707909,   72744000,    4982000,   98316549, c++, elite, mult, 4
4353494.exe ,  1.56,  0.31,  0.28,  0.00,  0.04,   76907505,   73885000,    2995000,   97982841, c++, elite, mult, 4
4359088.exe ,  0.13,  0.02,  0.02,  0.00,  0.00,    5392426,    4325000,    1081000,   25640451, c++, elite, mult, 4
4359088.exe ,  0.12,  0.02,  0.02,  0.00,  0.00,    5679155,    2281000,    3422000,   26237854, c++, elite, mult, 4
4359088.exe ,  0.11,  0.02,  0.02,  0.00,  0.00,    5641238,    3677000,    1838000,   26076142, c++, elite, mult, 4
4359088.exe ,  0.10,  0.02,  0.02,  0.00,  0.00,    5568851,    1854000,    3709000,   26026796, c++, elite, mult, 4
4359088.exe ,  0.13,  0.02,  0.02,  0.00,  0.00,    5738065,    3451000,    2300000,   26516866, c++, elite, mult, 4
4359088.exe ,  0.13,  0.02,  0.02,  0.00,  0.00,    5686213,    3429000,    2286000,   26625296, c++, elite, mult, 4
4359088.exe ,  0.12,  0.03,  0.02,  0.00,  0.00,    5533852,    2782000,    2782000,   26368974, c++, elite, mult, 4
4359088.exe ,  0.11,  0.02,  0.02,  0.00,  0.00,    5508293,    5488000,          0,   25984833, c++, elite, mult, 4
4359088.exe ,  0.13,  0.02,  0.02,  0.00,  0.00,    5674158,    2279000,    3419000,   26763980, c++, elite, mult, 4
4359088.exe ,  0.13,  0.02,  0.02,  0.00,  0.00,    5410684,    4347000,    1086000,   25627806, c++, elite, mult, 4
4401483.exe ,  1.45,  0.29,  0.26,  0.00,  0.04,   72483155,   69479000,    3020000,   92625880, c++, elite, mult, 4
4401483.exe ,  1.49,  0.29,  0.26,  0.00,  0.04,   72867459,   70863000,    2024000,   92938583, c++, elite, mult, 4
4401483.exe ,  1.47,  0.29,  0.27,  0.00,  0.04,   73010530,   67990000,    4999000,   93172222, c++, elite, mult, 4
4401483.exe ,  1.46,  0.29,  0.26,  0.00,  0.04,   73365606,   68403000,    4956000,   93703840, c++, elite, mult, 4
4401483.exe ,  1.48,  0.29,  0.27,  0.00,  0.04,   73891636,   68899000,    4992000,   94428469, c++, elite, mult, 4
4401483.exe ,  1.48,  0.29,  0.27,  0.00,  0.04,   73593108,   69590000,    3976000,   93832844, c++, elite, mult, 4
4401483.exe ,  1.45,  0.29,  0.26,  0.00,  0.04,   72732033,   68644000,    4037000,   92894826, c++, elite, mult, 4
4401483.exe ,  1.47,  0.29,  0.27,  0.00,  0.04,   74591593,   72580000,    2016000,   94945388, c++, elite, mult, 4
4401483.exe ,  1.52,  0.30,  0.28,  0.00,  0.04,   76811332,   75826000,     997000,   97573321, c++, elite, mult, 4
4401483.exe ,  1.72,  0.35,  0.31,  0.00,  0.05,   86837618,   84739000,    1993000,  107456318, c++, elite, mult, 4
4445110.exe ,  1.51,  0.30,  0.27,  0.00,  0.04,   75770717,   71786000,    3988000,   96304905, c++, elite, mult, 4
4445110.exe ,  1.45,  0.29,  0.26,  0.00,  0.04,   72721789,   71706000,    1009000,   93332659, c++, elite, mult, 4
4445110.exe ,  1.44,  0.29,  0.26,  0.00,  0.04,   72078656,   69086000,    3003000,   92649501, c++, elite, mult, 4
4445110.exe ,  1.43,  0.29,  0.26,  0.00,  0.04,   72066925,   69074000,    3003000,   92312617, c++, elite, mult, 4
4445110.exe ,  1.54,  0.30,  0.28,  0.00,  0.04,   76823348,   72839000,    3991000,   96909662, c++, elite, mult, 4
4445110.exe ,  1.44,  0.29,  0.26,  0.00,  0.04,   73060767,   68065000,    5004000,   93770836, c++, elite, mult, 4
4445110.exe ,  1.45,  0.29,  0.26,  0.00,  0.04,   72143473,   68155000,    4009000,   92492551, c++, elite, mult, 4
4445110.exe ,  1.48,  0.30,  0.27,  0.00,  0.04,   74836082,   72607000,    1989000,   95844248, c++, elite, mult, 4
4445110.exe ,  1.46,  0.29,  0.26,  0.00,  0.04,   73404790,   71386000,    1982000,   93927405, c++, elite, mult, 4
4445110.exe ,  1.53,  0.31,  0.28,  0.00,  0.04,   77081281,   70085000,    7008000,   97910017, c++, elite, mult, 4
4547513.exe ,  0.65,  0.13,  0.12,  0.00,  0.02,   31775935,   30761000,     992000,   52488832, c++, elite, mult, 4
4547513.exe ,  0.64,  0.13,  0.11,  0.00,  0.02,   30904358,   27902000,    2989000,   51945240, c++, elite, mult, 4
4547513.exe ,  0.63,  0.13,  0.12,  0.00,  0.02,   31383184,   28290000,    3031000,   52638260, c++, elite, mult, 4
4547513.exe ,  0.65,  0.12,  0.11,  0.00,  0.02,   31494462,   25600000,    5907000,   52351443, c++, elite, mult, 4
4547513.exe ,  0.64,  0.12,  0.11,  0.00,  0.02,   31625018,   27679000,    3954000,   52291673, c++, elite, mult, 4
4547513.exe ,  0.66,  0.13,  0.11,  0.00,  0.02,   31439568,   28501000,    2948000,   52103803, c++, elite, mult, 4
4547513.exe ,  0.66,  0.13,  0.12,  0.00,  0.02,   32354034,   31363000,    1011000,   52766878, c++, elite, mult, 4
4547513.exe ,  0.66,  0.13,  0.12,  0.00,  0.02,   31668571,   28613000,    3065000,   52836649, c++, elite, mult, 4
4547513.exe ,  0.66,  0.13,  0.12,  0.00,  0.02,   31716903,   28661000,    3070000,   52477452, c++, elite, mult, 4
4547513.exe ,  0.65,  0.12,  0.11,  0.00,  0.02,   31198947,   27188000,    4027000,   52007480, c++, elite, mult, 4
4661444.exe ,  0.72,  0.14,  0.12,  0.00,  0.02,   34555155,   25679000,    8889000,   54918010, c++, elite, mult, 4
4661444.exe ,  0.72,  0.14,  0.12,  0.00,  0.02,   34380823,   28216000,    6046000,   54819273, c++, elite, mult, 4
4661444.exe ,  0.70,  0.13,  0.12,  0.00,  0.02,   34211587,   27148000,    7038000,   54946273, c++, elite, mult, 4
4661444.exe ,  0.70,  0.14,  0.12,  0.00,  0.02,   34088761,   30065000,    4008000,   55097238, c++, elite, mult, 4
4661444.exe ,  0.72,  0.14,  0.12,  0.00,  0.02,   34633119,   29686000,    4947000,   55295120, c++, elite, mult, 4
4661444.exe ,  0.69,  0.13,  0.12,  0.00,  0.02,   33703313,   26772000,    6940000,   52636612, c++, elite, mult, 4
4661444.exe ,  0.70,  0.14,  0.13,  0.00,  0.02,   34558141,   23384000,   11183000,   55332924, c++, elite, mult, 4
4661444.exe ,  0.70,  0.14,  0.12,  0.00,  0.02,   33659852,   27675000,    5930000,   54144623, c++, elite, mult, 4
4661444.exe ,  0.70,  0.14,  0.12,  0.00,  0.02,   33863682,   27850000,    5967000,   54502615, c++, elite, mult, 4
4661444.exe ,  0.70,  0.14,  0.13,  0.00,  0.02,   34252546,   29125000,    5021000,   54612494, c++, elite, mult, 4
481317.exe  ,  1.48,  0.29,  0.27,  0.00,  0.04,   73884994,   72918000,     998000,   94501480, c++, elite, mult, 4
481317.exe  ,  1.48,  0.29,  0.27,  0.00,  0.04,   73991878,   72001000,    2000000,   94724757, c++, elite, mult, 4
481317.exe  ,  1.49,  0.29,  0.27,  0.00,  0.04,   73722195,   69795000,    3932000,   94142702, c++, elite, mult, 4
481317.exe  ,  1.45,  0.29,  0.27,  0.00,  0.04,   73644557,   69675000,    3981000,   93888192, c++, elite, mult, 4
481317.exe  ,  1.48,  0.29,  0.27,  0.00,  0.04,   73791483,   71784000,    2022000,   94740474, c++, elite, mult, 4
481317.exe  ,  1.46,  0.29,  0.26,  0.00,  0.04,   72921285,   67905000,    4993000,   94202251, c++, elite, mult, 4
481317.exe  ,  1.47,  0.29,  0.26,  0.00,  0.04,   72720704,   71730000,     996000,   92999371, c++, elite, mult, 4
481317.exe  ,  1.45,  0.29,  0.26,  0.00,  0.04,   73020240,   69072000,    3947000,   93616678, c++, elite, mult, 4
481317.exe  ,  1.46,  0.29,  0.26,  0.00,  0.04,   73099880,   71090000,    2002000,   93391227, c++, elite, mult, 4
481317.exe  ,  1.45,  0.29,  0.26,  0.00,  0.04,   72717060,   70730000,    1992000,   93318038, c++, elite, mult, 4
4842228.exe ,  1.64,  0.33,  0.30,  0.00,  0.04,   81645526,   71660000,    9952000,  102467962, c++, elite, mult, 4
4842228.exe ,  1.61,  0.32,  0.30,  0.00,  0.04,   81427808,   74371000,    7035000,  101882826, c++, elite, mult, 4
4842228.exe ,  1.63,  0.32,  0.30,  0.00,  0.04,   81660670,   75599000,    6047000,  102207012, c++, elite, mult, 4
4842228.exe ,  1.64,  0.33,  0.30,  0.00,  0.05,   81972581,   72867000,    8983000,  102517419, c++, elite, mult, 4
4842228.exe ,  1.65,  0.33,  0.30,  0.00,  0.04,   82556441,   72450000,   10062000,  102664523, c++, elite, mult, 4
4842228.exe ,  1.63,  0.33,  0.30,  0.00,  0.04,   82479821,   73420000,    9051000,  103246227, c++, elite, mult, 4
4842228.exe ,  1.64,  0.33,  0.30,  0.00,  0.04,   82276825,   73242000,    9029000,  103032306, c++, elite, mult, 4
4842228.exe ,  1.62,  0.32,  0.30,  0.00,  0.05,   81669003,   75605000,    6048000,  102093438, c++, elite, mult, 4
4842228.exe ,  1.64,  0.32,  0.29,  0.00,  0.04,   81257607,   72221000,    9027000,  101541841, c++, elite, mult, 4
4842228.exe ,  1.63,  0.33,  0.30,  0.00,  0.04,   81596395,   72410000,    9051000,  101919754, c++, elite, mult, 4
4871001.exe ,  0.70,  0.13,  0.12,  0.00,  0.02,   34048369,   27045000,    7011000,   54578221, c++, elite, mult, 4
4871001.exe ,  0.70,  0.13,  0.12,  0.00,  0.02,   34008422,   26806000,    7217000,   54441472, c++, elite, mult, 4
4871001.exe ,  0.70,  0.13,  0.12,  0.00,  0.02,   34099119,   28081000,    6017000,   54459198, c++, elite, mult, 4
4871001.exe ,  0.70,  0.13,  0.12,  0.00,  0.02,   34084959,   27068000,    7017000,   54601797, c++, elite, mult, 4
4871001.exe ,  0.70,  0.13,  0.12,  0.00,  0.02,   34080061,   27083000,    7021000,   54984985, c++, elite, mult, 4
4871001.exe ,  0.72,  0.14,  0.12,  0.00,  0.02,   34077858,   27068000,    7017000,   54874946, c++, elite, mult, 4
4871001.exe ,  0.70,  0.14,  0.12,  0.00,  0.02,   33810130,   24866000,    8951000,   54605858, c++, elite, mult, 4
4871001.exe ,  0.71,  0.13,  0.12,  0.00,  0.02,   34083916,   29076000,    5013000,   55480254, c++, elite, mult, 4
4871001.exe ,  0.72,  0.14,  0.12,  0.00,  0.02,   34376611,   22249000,   12135000,   54984650, c++, elite, mult, 4
4871001.exe ,  0.70,  0.14,  0.12,  0.00,  0.02,   33731035,   28568000,    5101000,   54231945, c++, elite, mult, 4
4895496.exe ,  1.41,  0.28,  0.26,  0.00,  0.04,   71640929,   69664000,    1990000,   92261760, c++, elite, mult, 4
4895496.exe ,  1.45,  0.29,  0.26,  0.00,  0.04,   71467763,   71469000,          0,   92146275, c++, elite, mult, 4
4895496.exe ,  1.43,  0.29,  0.26,  0.00,  0.04,   71464405,   68492000,    2977000,   92294146, c++, elite, mult, 4
4895496.exe ,  1.46,  0.29,  0.26,  0.00,  0.04,   72224081,   71220000,    1003000,   92896803, c++, elite, mult, 4
4895496.exe ,  1.46,  0.29,  0.27,  0.00,  0.04,   73324196,   71243000,    2006000,   94082583, c++, elite, mult, 4
4895496.exe ,  1.46,  0.29,  0.26,  0.00,  0.04,   73199982,   72211000,    1002000,   94312866, c++, elite, mult, 4
4895496.exe ,  1.50,  0.30,  0.27,  0.00,  0.04,   75380828,   72428000,    2976000,   96418756, c++, elite, mult, 4
4895496.exe ,  1.45,  0.29,  0.27,  0.00,  0.04,   74228518,   70298000,    3960000,   95270848, c++, elite, mult, 4
4895496.exe ,  1.44,  0.29,  0.26,  0.00,  0.04,   72098103,   71080000,    1001000,   93112958, c++, elite, mult, 4
4895496.exe ,  1.42,  0.28,  0.26,  0.00,  0.04,   71294113,   68337000,    2971000,   91556102, c++, elite, mult, 4
5061073.exe ,  0.66,  0.13,  0.12,  0.00,  0.02,   32013888,   30033000,    2002000,   52869217, c++, elite, mult, 4
5061073.exe ,  0.66,  0.13,  0.12,  0.00,  0.02,   31431244,   29415000,    2028000,   52038115, c++, elite, mult, 4
5061073.exe ,  0.65,  0.13,  0.12,  0.00,  0.02,   32058596,   30143000,    1944000,   52841603, c++, elite, mult, 4
5061073.exe ,  0.65,  0.13,  0.12,  0.00,  0.02,   32119860,   31094000,     971000,   52754984, c++, elite, mult, 4
5061073.exe ,  0.65,  0.13,  0.12,  0.00,  0.02,   32348822,   31333000,    1010000,   52926764, c++, elite, mult, 4
5061073.exe ,  0.67,  0.13,  0.11,  0.00,  0.02,   31997636,   29002000,    3000000,   52325093, c++, elite, mult, 4
5061073.exe ,  0.65,  0.13,  0.12,  0.00,  0.02,   32006665,   29129000,    2912000,   52185580, c++, elite, mult, 4
5061073.exe ,  0.65,  0.13,  0.12,  0.00,  0.02,   31790960,   30762000,     992000,   52415997, c++, elite, mult, 4
5061073.exe ,  0.66,  0.13,  0.11,  0.00,  0.02,   31448665,   28525000,    2950000,   52278935, c++, elite, mult, 4
5061073.exe ,  0.65,  0.13,  0.11,  0.00,  0.02,   32010626,   30980000,    1032000,   52684010, c++, elite, mult, 4
5147312.exe ,  0.10,  0.02,  0.02,  0.00,  0.00,    5765875,    1920000,    3840000,   26105027, c++, elite, mult, 4
5147312.exe ,  0.13,  0.02,  0.02,  0.00,  0.00,    6062153,    4057000,    2028000,   26907309, c++, elite, mult, 4
5147312.exe ,  0.13,  0.02,  0.02,  0.00,  0.00,    5692037,    2285000,    3427000,   26145389, c++, elite, mult, 4
5147312.exe ,  0.13,  0.02,  0.02,  0.00,  0.00,    6073795,    3051000,    3051000,   27142684, c++, elite, mult, 4
5147312.exe ,  0.13,  0.02,  0.02,  0.00,  0.00,    5872252,    3932000,    1966000,   26628571, c++, elite, mult, 4
5147312.exe ,  0.13,  0.02,  0.02,  0.00,  0.00,    5694518,    3430000,    2286000,   26486018, c++, elite, mult, 4
5147312.exe ,  0.13,  0.02,  0.02,  0.00,  0.00,    5739896,    4629000,    1157000,   25927079, c++, elite, mult, 4
5147312.exe ,  0.13,  0.02,  0.02,  0.00,  0.00,    5874176,    2946000,    2946000,   26481544, c++, elite, mult, 4
5147312.exe ,  0.13,  0.02,  0.02,  0.00,  0.00,    5974509,    4290000,    1716000,   26374422, c++, elite, mult, 4
5147312.exe ,  0.13,  0.02,  0.02,  0.00,  0.00,    5758366,    2888000,    2888000,   26011316, c++, elite, mult, 4
5166283.exe ,  0.54,  0.10,  0.09,  0.00,  0.02,   25940382,   20758000,    5189000,   46496426, c++, elite, mult, 4
5166283.exe ,  0.54,  0.10,  0.09,  0.00,  0.02,   25274881,   17137000,    8064000,   45950894, c++, elite, mult, 4
5166283.exe ,  0.54,  0.10,  0.09,  0.00,  0.02,   26277360,   20450000,    5842000,   46769368, c++, elite, mult, 4
5166283.exe ,  0.54,  0.10,  0.09,  0.00,  0.02,   25798510,   16249000,    9558000,   46403367, c++, elite, mult, 4
5166283.exe ,  0.52,  0.10,  0.09,  0.00,  0.01,   25871719,   14924000,   10944000,   46997587, c++, elite, mult, 4
5166283.exe ,  0.57,  0.11,  0.09,  0.00,  0.02,   26074269,   18017000,    8007000,   46851758, c++, elite, mult, 4
5166283.exe ,  0.53,  0.10,  0.09,  0.00,  0.02,   24903473,   16918000,    7961000,   45573778, c++, elite, mult, 4
5166283.exe ,  0.54,  0.10,  0.09,  0.00,  0.02,   25783206,   17520000,    8244000,   46261736, c++, elite, mult, 4
5166283.exe ,  0.55,  0.10,  0.09,  0.00,  0.02,   25100884,   21933000,    2990000,   45228193, c++, elite, mult, 4
5166283.exe ,  0.53,  0.10,  0.09,  0.00,  0.02,   25038036,   18024000,    7009000,   45759848, c++, elite, mult, 4
5262953.exe ,  1.46,  0.29,  0.26,  0.00,  0.04,   72463393,   70494000,    1985000,   93247049, c++, elite, mult, 4
5262953.exe ,  1.52,  0.29,  0.26,  0.00,  0.04,   73384830,   71390000,    2011000,   93903769, c++, elite, mult, 4
5262953.exe ,  1.46,  0.29,  0.26,  0.00,  0.04,   73052989,   71064000,    2001000,   93835549, c++, elite, mult, 4
5262953.exe ,  1.45,  0.29,  0.26,  0.00,  0.04,   73008822,   70991000,    1999000,   93672584, c++, elite, mult, 4
5262953.exe ,  1.45,  0.28,  0.26,  0.00,  0.04,   71912728,   67851000,    3933000,   92285063, c++, elite, mult, 4
5262953.exe ,  1.47,  0.29,  0.26,  0.00,  0.04,   72329321,   71342000,    1004000,   92881113, c++, elite, mult, 4
5262953.exe ,  1.45,  0.29,  0.26,  0.00,  0.04,   72541120,   71507000,    1007000,   93213817, c++, elite, mult, 4
5262953.exe ,  1.50,  0.30,  0.27,  0.00,  0.04,   75383116,   73428000,    1984000,   96068902, c++, elite, mult, 4
5262953.exe ,  1.49,  0.29,  0.27,  0.00,  0.04,   74099030,   72116000,    2003000,   95041396, c++, elite, mult, 4
5262953.exe ,  1.50,  0.30,  0.27,  0.00,  0.04,   75743866,   73744000,    2020000,   96675783, c++, elite, mult, 4
5340199.exe ,  0.58,  0.11,  0.10,  0.00,  0.02,   27100635,   21085000,    6024000,   48103203, c++, elite, mult, 4
5340199.exe ,  0.57,  0.11,  0.10,  0.00,  0.02,   26394496,   18258000,    8114000,   47348592, c++, elite, mult, 4
5340199.exe ,  0.57,  0.11,  0.10,  0.00,  0.02,   26321331,   20235000,    6070000,   47260703, c++, elite, mult, 4
5340199.exe ,  0.56,  0.11,  0.10,  0.00,  0.02,   26781109,   18852000,    7938000,   47633778, c++, elite, mult, 4
5340199.exe ,  0.54,  0.11,  0.10,  0.00,  0.02,   26877584,   18889000,    7953000,   47744992, c++, elite, mult, 4
5340199.exe ,  0.58,  0.11,  0.10,  0.00,  0.02,   26992364,   19997000,    6999000,   48221657, c++, elite, mult, 4
5340199.exe ,  0.56,  0.11,  0.10,  0.00,  0.02,   27329635,   18221000,    9110000,   48656266, c++, elite, mult, 4
5340199.exe ,  0.56,  0.11,  0.10,  0.00,  0.02,   27278775,   17536000,    9742000,   48598138, c++, elite, mult, 4
5340199.exe ,  0.56,  0.11,  0.10,  0.00,  0.02,   26633515,   18748000,    7894000,   47686706, c++, elite, mult, 4
5340199.exe ,  0.56,  0.11,  0.10,  0.00,  0.02,   26729549,   19100000,    7640000,   47646458, c++, elite, mult, 4
5380357.exe ,  0.74,  0.14,  0.13,  0.00,  0.03,   34618022,   21758000,   12857000,   55418056, c++, elite, mult, 4
5380357.exe ,  0.70,  0.13,  0.12,  0.00,  0.03,   33208919,   21136000,   12078000,   54099066, c++, elite, mult, 4
5380357.exe ,  0.71,  0.14,  0.12,  0.00,  0.03,   33972933,   20347000,   13564000,   55374850, c++, elite, mult, 4
5380357.exe ,  0.71,  0.13,  0.12,  0.00,  0.03,   33633869,   19781000,   13846000,   54872493, c++, elite, mult, 4
5380357.exe ,  0.74,  0.14,  0.12,  0.00,  0.03,   33362450,   24532000,    8831000,   54151387, c++, elite, mult, 4
5380357.exe ,  0.70,  0.13,  0.12,  0.00,  0.03,   33392093,   16675000,   16675000,   54640571, c++, elite, mult, 4
5380357.exe ,  0.72,  0.13,  0.12,  0.00,  0.02,   33471537,   23299000,   10130000,   54411013, c++, elite, mult, 4
5380357.exe ,  0.71,  0.14,  0.12,  0.00,  0.03,   34254850,   23170000,   11081000,   54959925, c++, elite, mult, 4
5380357.exe ,  0.72,  0.13,  0.12,  0.00,  0.02,   32828874,   20877000,   11929000,   53583285, c++, elite, mult, 4
5380357.exe ,  0.69,  0.13,  0.12,  0.00,  0.02,   32639937,   22755000,    9893000,   54539160, c++, elite, mult, 4
5390420.exe ,  0.47,  0.09,  0.08,  0.00,  0.01,   22868434,   15918000,    6964000,   43884753, c++, elite, mult, 4
5390420.exe ,  0.48,  0.09,  0.08,  0.00,  0.01,   22737995,   17786000,    4940000,   43417728, c++, elite, mult, 4
5390420.exe ,  0.47,  0.09,  0.08,  0.00,  0.01,   23004533,   17996000,    4999000,   44054639, c++, elite, mult, 4
5390420.exe ,  0.47,  0.09,  0.08,  0.00,  0.01,   22887676,   20777000,    1978000,   44094965, c++, elite, mult, 4
5390420.exe ,  0.47,  0.09,  0.08,  0.00,  0.01,   22683547,   19604000,    3095000,   43759780, c++, elite, mult, 4
5390420.exe ,  0.48,  0.09,  0.08,  0.00,  0.01,   22652119,   21628000,    1029000,   43145046, c++, elite, mult, 4
5390420.exe ,  0.48,  0.09,  0.08,  0.00,  0.01,   22965085,   19846000,    3133000,   43963192, c++, elite, mult, 4
5390420.exe ,  0.48,  0.09,  0.08,  0.00,  0.01,   22996912,   21008000,    2000000,   43648232, c++, elite, mult, 4
5390420.exe ,  0.48,  0.09,  0.08,  0.00,  0.01,   22889250,   15937000,    6972000,   43513704, c++, elite, mult, 4
5390420.exe ,  0.46,  0.09,  0.08,  0.00,  0.01,   22127208,   16105000,    6039000,   42581576, c++, elite, mult, 4
5485043.exe ,  0.45,  0.09,  0.08,  0.00,  0.01,   22300730,   16225000,    6084000,   43177874, c++, elite, mult, 4
5485043.exe ,  0.47,  0.09,  0.08,  0.00,  0.01,   22255731,   19140000,    3022000,   42718129, c++, elite, mult, 4
5485043.exe ,  0.47,  0.09,  0.08,  0.00,  0.01,   22081988,   19085000,    3013000,   43316604, c++, elite, mult, 4
5485043.exe ,  0.46,  0.09,  0.08,  0.00,  0.01,   21965925,   16980000,    4994000,   42384628, c++, elite, mult, 4
5485043.exe ,  0.48,  0.09,  0.08,  0.00,  0.01,   21906961,   19804000,    2084000,   41933009, c++, elite, mult, 4
5485043.exe ,  0.46,  0.09,  0.08,  0.00,  0.01,   22216376,   17175000,    5051000,   42710510, c++, elite, mult, 4
5485043.exe ,  0.47,  0.09,  0.08,  0.00,  0.01,   21868674,   17615000,    4144000,   42580685, c++, elite, mult, 4
5485043.exe ,  0.47,  0.09,  0.08,  0.00,  0.01,   21952542,   18754000,    3125000,   42197761, c++, elite, mult, 4
5485043.exe ,  0.48,  0.09,  0.08,  0.00,  0.01,   22298116,   19264000,    3041000,   42743356, c++, elite, mult, 4
5485043.exe ,  0.47,  0.09,  0.08,  0.00,  0.01,   21975939,   17212000,    4781000,   42689602, c++, elite, mult, 4
5724538.exe ,  0.45,  0.09,  0.08,  0.00,  0.01,   20913127,   17944000,    2990000,   42107150, c++, elite, mult, 4
5724538.exe ,  0.43,  0.08,  0.08,  0.00,  0.01,   21002082,   17023000,    4005000,   42079536, c++, elite, mult, 4
5724538.exe ,  0.47,  0.09,  0.08,  0.00,  0.01,   21362208,   19281000,    2029000,   41730466, c++, elite, mult, 4
5724538.exe ,  0.44,  0.09,  0.08,  0.00,  0.01,   21184360,   18113000,    3018000,   42091655, c++, elite, mult, 4
5724538.exe ,  0.43,  0.08,  0.07,  0.00,  0.01,   20555172,   19563000,     978000,   41545522, c++, elite, mult, 4
5724538.exe ,  0.45,  0.08,  0.08,  0.00,  0.01,   21115892,   19013000,    2001000,   41694747, c++, elite, mult, 4
5724538.exe ,  0.44,  0.08,  0.08,  0.00,  0.01,   21496053,   20479000,    1023000,   42211006, c++, elite, mult, 4
5724538.exe ,  0.45,  0.09,  0.08,  0.00,  0.01,   21277522,   21300000,          0,   41968593, c++, elite, mult, 4
5724538.exe ,  0.44,  0.08,  0.07,  0.00,  0.01,   20192944,   19107000,    1005000,   40540173, c++, elite, mult, 4
5724538.exe ,  0.44,  0.08,  0.08,  0.00,  0.01,   20772130,   17812000,    2968000,   41300797, c++, elite, mult, 4
5751397.exe ,  0.94,  0.17,  0.15,  0.00,  0.03,   42385176,   38352000,    4037000,   62220825, c++, elite, mult, 4
5751397.exe ,  0.81,  0.15,  0.14,  0.00,  0.02,   39426638,   32351000,    7076000,   59984499, c++, elite, mult, 4
5751397.exe ,  0.84,  0.16,  0.14,  0.00,  0.02,   39850267,   30896000,    8969000,   60371759, c++, elite, mult, 4
5751397.exe ,  0.83,  0.15,  0.14,  0.00,  0.02,   38933220,   28960000,    9986000,   59969528, c++, elite, mult, 4
5751397.exe ,  0.85,  0.16,  0.14,  0.00,  0.02,   40543863,   34611000,    5933000,   61260881, c++, elite, mult, 4
5751397.exe ,  0.83,  0.16,  0.14,  0.00,  0.02,   39123682,   28086000,   11034000,   59922373, c++, elite, mult, 4
5751397.exe ,  0.84,  0.15,  0.14,  0.00,  0.02,   38584307,   27667000,   10869000,   59135438, c++, elite, mult, 4
5751397.exe ,  0.81,  0.16,  0.14,  0.00,  0.02,   39316131,   30247000,    9074000,   60403873, c++, elite, mult, 4
5751397.exe ,  0.83,  0.15,  0.14,  0.00,  0.02,   39317170,   28201000,   11079000,   59719807, c++, elite, mult, 4
5751397.exe ,  0.81,  0.16,  0.14,  0.00,  0.02,   38576770,   32444000,    6083000,   59553278, c++, elite, mult, 4
5758118.exe ,  0.17,  0.03,  0.03,  0.00,  0.00,    7891006,    3919000,    3919000,   28680915, c++, elite, mult, 4
5758118.exe ,  0.17,  0.03,  0.03,  0.00,  0.00,    8021267,    5716000,    2286000,   29274535, c++, elite, mult, 4
5758118.exe ,  0.17,  0.03,  0.03,  0.00,  0.01,    7751292,    1943000,    5830000,   28618332, c++, elite, mult, 4
5758118.exe ,  0.17,  0.03,  0.03,  0.00,  0.00,    7904585,    1983000,    5949000,   28767699, c++, elite, mult, 4
5758118.exe ,  0.18,  0.03,  0.03,  0.00,  0.01,    7577465,    3795000,    3795000,   28100880, c++, elite, mult, 4
5758118.exe ,  0.17,  0.03,  0.03,  0.00,  0.01,    7733541,    4850000,    2910000,   28683369, c++, elite, mult, 4
5758118.exe ,  0.16,  0.03,  0.03,  0.00,  0.00,    7852486,    2955000,    4925000,   28694534, c++, elite, mult, 4
5758118.exe ,  0.17,  0.03,  0.03,  0.00,  0.01,    7736225,    4849000,    2909000,   28638763, c++, elite, mult, 4
5758118.exe ,  0.17,  0.03,  0.03,  0.00,  0.01,    7782019,    5855000,    1951000,   28647963, c++, elite, mult, 4
5758118.exe ,  0.17,  0.03,  0.03,  0.00,  0.01,    7910018,    2978000,    4964000,   29053937, c++, elite, mult, 4
5823527.exe ,  0.26,  0.05,  0.04,  0.00,  0.01,   12612185,    8416000,    4208000,   33421659, c++, elite, mult, 4
5823527.exe ,  0.25,  0.05,  0.04,  0.00,  0.01,   12328724,   10435000,    1897000,   32820377, c++, elite, mult, 4
5823527.exe ,  0.26,  0.05,  0.04,  0.00,  0.01,   12247388,    8167000,    4083000,   32380539, c++, elite, mult, 4
5823527.exe ,  0.26,  0.05,  0.04,  0.00,  0.01,   12064657,    6500000,    5571000,   32206457, c++, elite, mult, 4
5823527.exe ,  0.27,  0.05,  0.04,  0.00,  0.01,   12484893,    9347000,    3115000,   33173991, c++, elite, mult, 4
5823527.exe ,  0.25,  0.05,  0.04,  0.00,  0.01,   12304217,    5131000,    7183000,   32714812, c++, elite, mult, 4
5823527.exe ,  0.25,  0.05,  0.05,  0.00,  0.01,   12646122,    8439000,    4219000,   33841230, c++, elite, mult, 4
5823527.exe ,  0.25,  0.05,  0.05,  0.00,  0.01,   12618794,    9472000,    3157000,   33419683, c++, elite, mult, 4
5823527.exe ,  0.27,  0.05,  0.05,  0.00,  0.01,   12631594,    8153000,    4529000,   33361223, c++, elite, mult, 4
5823527.exe ,  0.27,  0.05,  0.04,  0.00,  0.01,   12588850,    7755000,    4846000,   33482989, c++, elite, mult, 4
5857996.exe ,  1.48,  0.29,  0.27,  0.00,  0.04,   73382454,   73377000,          0,   94170680, c++, elite, mult, 4
5857996.exe ,  1.45,  0.29,  0.27,  0.00,  0.04,   73092731,   69104000,    4006000,   94832903, c++, elite, mult, 4
5857996.exe ,  1.46,  0.29,  0.26,  0.00,  0.04,   73080203,   73085000,          0,   94150694, c++, elite, mult, 4
5857996.exe ,  1.52,  0.30,  0.27,  0.00,  0.04,   75450035,   73442000,    2012000,   96058294, c++, elite, mult, 4
5857996.exe ,  1.53,  0.30,  0.27,  0.00,  0.04,   75408592,   73302000,    2008000,   96006354, c++, elite, mult, 4
5857996.exe ,  1.48,  0.29,  0.27,  0.00,  0.04,   74060465,   72012000,    2000000,   94492390, c++, elite, mult, 4
5857996.exe ,  1.44,  0.29,  0.26,  0.00,  0.04,   72647693,   70667000,    1990000,   93763742, c++, elite, mult, 4
5857996.exe ,  1.50,  0.29,  0.27,  0.00,  0.04,   73389484,   70420000,    2975000,   94022815, c++, elite, mult, 4
5857996.exe ,  1.46,  0.29,  0.26,  0.00,  0.04,   72455249,   70338000,    2009000,   93130296, c++, elite, mult, 4
5857996.exe ,  1.46,  0.29,  0.26,  0.00,  0.04,   73035189,   72036000,    1000000,   93860836, c++, elite, mult, 4
5975293.exe ,  1.51,  0.29,  0.27,  0.00,  0.04,   73076311,   70080000,    3003000,   93881514, c++, elite, mult, 4
5975293.exe ,  1.47,  0.29,  0.27,  0.00,  0.04,   73442194,   70489000,    2978000,   95130985, c++, elite, mult, 4
5975293.exe ,  1.52,  0.30,  0.27,  0.00,  0.04,   74775052,   71665000,    3028000,   95780288, c++, elite, mult, 4
5975293.exe ,  1.51,  0.29,  0.27,  0.00,  0.04,   74427654,   71453000,    2977000,   95024769, c++, elite, mult, 4
5975293.exe ,  1.55,  0.29,  0.27,  0.00,  0.04,   74980299,   71949000,    2997000,   95601650, c++, elite, mult, 4
5975293.exe ,  1.48,  0.29,  0.26,  0.00,  0.04,   72884741,   68752000,    3985000,   93184291, c++, elite, mult, 4
5975293.exe ,  1.54,  0.31,  0.28,  0.00,  0.04,   76494725,   73494000,    3020000,   96925099, c++, elite, mult, 4
5975293.exe ,  1.46,  0.29,  0.26,  0.00,  0.04,   73002281,   70889000,    1996000,   93455931, c++, elite, mult, 4
5975293.exe ,  1.44,  0.29,  0.26,  0.00,  0.04,   72504060,   67534000,    4965000,   92724102, c++, elite, mult, 4
5975293.exe ,  1.46,  0.29,  0.26,  0.00,  0.04,   72591826,   67605000,    4970000,   93317974, c++, elite, mult, 4
6063773.exe ,  0.14,  0.03,  0.02,  0.00,  0.00,    6290605,    4202000,    2101000,   27547928, c++, elite, mult, 4
6063773.exe ,  0.13,  0.02,  0.02,  0.00,  0.00,    6088075,    5091000,    1018000,   26594675, c++, elite, mult, 4
6063773.exe ,  0.13,  0.02,  0.02,  0.00,  0.00,    6235799,    3127000,    3127000,   27041568, c++, elite, mult, 4
6063773.exe ,  0.13,  0.02,  0.02,  0.00,  0.00,    6009507,    3614000,    2409000,   26512711, c++, elite, mult, 4
6063773.exe ,  0.13,  0.02,  0.02,  0.00,  0.00,    6060395,    3029000,    3029000,   26726382, c++, elite, mult, 4
6063773.exe ,  0.15,  0.02,  0.02,  0.00,  0.00,    6120255,    4095000,    2047000,   26953735, c++, elite, mult, 4
6063773.exe ,  0.13,  0.02,  0.02,  0.00,  0.00,    6074765,    4051000,    2025000,   27057997, c++, elite, mult, 4
6063773.exe ,  0.13,  0.02,  0.02,  0.00,  0.00,    6188502,    4119000,    2059000,   27144005, c++, elite, mult, 4
6063773.exe ,  0.13,  0.02,  0.02,  0.00,  0.00,    5974815,    3989000,    1994000,   26672346, c++, elite, mult, 4
6063773.exe ,  0.13,  0.02,  0.02,  0.00,  0.00,    6306972,    5246000,    1049000,   27299118, c++, elite, mult, 4
6136209.exe ,  0.13,  0.02,  0.02,  0.00,  0.00,    6147281,    2042000,    4085000,   26263895, c++, elite, mult, 4
6136209.exe ,  0.12,  0.02,  0.02,  0.00,  0.00,    6055588,    4012000,    2006000,   26311280, c++, elite, mult, 4
6136209.exe ,  0.13,  0.02,  0.02,  0.00,  0.00,    6100119,    4062000,    2031000,   24610422, c++, elite, mult, 4
6136209.exe ,  0.14,  0.03,  0.02,  0.00,  0.00,    6274703,    2098000,    4196000,   27278630, c++, elite, mult, 4
6136209.exe ,  0.13,  0.02,  0.02,  0.00,  0.00,    6274035,    5251000,    1050000,   27116177, c++, elite, mult, 4
6136209.exe ,  0.12,  0.02,  0.02,  0.00,  0.00,    6317603,    3629000,    2722000,   27389235, c++, elite, mult, 4
6136209.exe ,  0.13,  0.02,  0.02,  0.00,  0.00,    6105988,    3067000,    3067000,   27042639, c++, elite, mult, 4
6136209.exe ,  0.12,  0.02,  0.02,  0.00,  0.00,    6085932,    4078000,    2039000,   27057185, c++, elite, mult, 4
6136209.exe ,  0.13,  0.02,  0.02,  0.00,  0.00,    6150024,    4125000,    2062000,   27250196, c++, elite, mult, 4
6136209.exe ,  0.13,  0.02,  0.02,  0.00,  0.00,    6264750,    2096000,    4192000,   27314629, c++, elite, mult, 4
6138596.exe ,  0.46,  0.09,  0.08,  0.00,  0.01,   22507884,   17627000,    4896000,   43234940, c++, elite, mult, 4
6138596.exe ,  0.46,  0.09,  0.08,  0.00,  0.01,   22457388,   22489000,          0,   43279435, c++, elite, mult, 4
6138596.exe ,  0.46,  0.09,  0.08,  0.00,  0.01,   22239524,   18213000,    4047000,   42961803, c++, elite, mult, 4
6138596.exe ,  0.45,  0.09,  0.08,  0.00,  0.01,   21890221,   17695000,    4163000,   42039810, c++, elite, mult, 4
6138596.exe ,  0.45,  0.09,  0.08,  0.00,  0.01,   22126495,   20128000,    2012000,   42758512, c++, elite, mult, 4
6138596.exe ,  0.45,  0.09,  0.08,  0.00,  0.01,   22277145,   19245000,    3038000,   43119193, c++, elite, mult, 4
6138596.exe ,  0.46,  0.09,  0.08,  0.00,  0.01,   21839781,   18904000,    2984000,   42355509, c++, elite, mult, 4
6138596.exe ,  0.46,  0.09,  0.08,  0.00,  0.01,   22191250,   18200000,    4044000,   42950848, c++, elite, mult, 4
6138596.exe ,  0.45,  0.09,  0.08,  0.00,  0.01,   22578668,   16695000,    5892000,   43343946, c++, elite, mult, 4
6138596.exe ,  0.46,  0.09,  0.08,  0.00,  0.01,   22337987,   20317000,    2031000,   43530499, c++, elite, mult, 4
614480.exe  ,  0.12,  0.02,  0.02,  0.00,  0.00,    5806192,    2919000,    2919000,   27251929, c++, elite, mult, 4
614480.exe  ,  0.13,  0.02,  0.02,  0.00,  0.00,    5901696,    3911000,    1955000,   26992127, c++, elite, mult, 4
614480.exe  ,  0.13,  0.02,  0.02,  0.00,  0.00,    5618600,    2811000,    2811000,   26276694, c++, elite, mult, 4
614480.exe  ,  0.13,  0.02,  0.02,  0.00,  0.00,    5829507,    2337000,    3505000,   26591305, c++, elite, mult, 4
614480.exe  ,  0.11,  0.02,  0.02,  0.00,  0.00,    5705046,    2272000,    3409000,   25739792, c++, elite, mult, 4
614480.exe  ,  0.13,  0.02,  0.02,  0.00,  0.00,    5898963,    4679000,    1169000,   26627947, c++, elite, mult, 4
614480.exe  ,  0.13,  0.02,  0.02,  0.00,  0.00,    5573502,    3743000,    1871000,   25891067, c++, elite, mult, 4
614480.exe  ,  0.13,  0.02,  0.02,  0.00,  0.00,    5965275,    1969000,    3939000,   26524764, c++, elite, mult, 4
614480.exe  ,  0.13,  0.02,  0.02,  0.00,  0.00,    5774023,    3885000,    1942000,   26893766, c++, elite, mult, 4
614480.exe  ,  0.13,  0.02,  0.02,  0.00,  0.00,    5768046,    2327000,    3491000,   26754717, c++, elite, mult, 4
6280079.exe ,  0.61,  0.12,  0.11,  0.00,  0.02,   28773702,   26805000,    1985000,   48616752, c++, elite, mult, 4
6280079.exe ,  0.61,  0.12,  0.11,  0.00,  0.02,   29112354,   26048000,    3005000,   49092272, c++, elite, mult, 4
6280079.exe ,  0.61,  0.12,  0.11,  0.00,  0.02,   29062658,   27070000,    2005000,   49127859, c++, elite, mult, 4
6280079.exe ,  0.63,  0.12,  0.11,  0.00,  0.02,   29568343,   27442000,    2032000,   49841720, c++, elite, mult, 4
6280079.exe ,  0.64,  0.12,  0.11,  0.00,  0.02,   30126457,   25115000,    5023000,   50456652, c++, elite, mult, 4
6280079.exe ,  0.60,  0.12,  0.11,  0.00,  0.02,   29788385,   26931000,    2885000,   49900442, c++, elite, mult, 4
6280079.exe ,  0.60,  0.12,  0.11,  0.00,  0.02,   29677358,   24913000,    4791000,   50781949, c++, elite, mult, 4
6280079.exe ,  0.62,  0.12,  0.11,  0.00,  0.02,   29862483,   25743000,    4118000,   50347925, c++, elite, mult, 4
6280079.exe ,  0.62,  0.12,  0.11,  0.00,  0.02,   30121767,   26043000,    4006000,   51206915, c++, elite, mult, 4
6280079.exe ,  0.64,  0.12,  0.11,  0.00,  0.02,   31082755,   28089000,    3009000,   52197052, c++, elite, mult, 4
6311951.exe ,  0.64,  0.12,  0.11,  0.00,  0.02,   30998959,   27142000,    3877000,   51629983, c++, elite, mult, 4
6311951.exe ,  0.67,  0.12,  0.11,  0.00,  0.02,   31121708,   25295000,    5837000,   51552140, c++, elite, mult, 4
6311951.exe ,  0.64,  0.12,  0.11,  0.00,  0.02,   30521015,   25444000,    5088000,   51057072, c++, elite, mult, 4
6311951.exe ,  0.66,  0.12,  0.11,  0.00,  0.02,   31044154,   29024000,    2001000,   51764892, c++, elite, mult, 4
6311951.exe ,  0.63,  0.12,  0.11,  0.00,  0.02,   30944730,   28073000,    2904000,   51865022, c++, elite, mult, 4
6311951.exe ,  0.66,  0.12,  0.11,  0.00,  0.02,   31302506,   26418000,    4892000,   52146477, c++, elite, mult, 4
6311951.exe ,  0.65,  0.12,  0.11,  0.00,  0.02,   31445607,   26407000,    4890000,   52280851, c++, elite, mult, 4
6311951.exe ,  0.64,  0.12,  0.11,  0.00,  0.02,   31176996,   27298000,    3899000,   51574035, c++, elite, mult, 4
6311951.exe ,  0.64,  0.12,  0.11,  0.00,  0.02,   30676063,   26734000,    3960000,   51495309, c++, elite, mult, 4
6311951.exe ,  0.64,  0.12,  0.11,  0.00,  0.02,   30852313,   28796000,    2056000,   51308565, c++, elite, mult, 4
6322924.exe ,  0.42,  0.08,  0.07,  0.00,  0.01,   20099501,   17243000,    2873000,   40885018, c++, elite, mult, 4
6322924.exe ,  0.42,  0.08,  0.07,  0.00,  0.01,   20124004,   18246000,    1920000,   41123266, c++, elite, mult, 4
6322924.exe ,  0.43,  0.08,  0.07,  0.00,  0.01,   20321330,   16270000,    4067000,   41534788, c++, elite, mult, 4
6322924.exe ,  0.44,  0.08,  0.07,  0.00,  0.01,   20174869,   16149000,    4037000,   40776917, c++, elite, mult, 4
6322924.exe ,  0.42,  0.08,  0.07,  0.00,  0.01,   20192955,   18192000,    2021000,   40638193, c++, elite, mult, 4
6322924.exe ,  0.42,  0.08,  0.07,  0.00,  0.01,   20087925,   18083000,    2009000,   41252190, c++, elite, mult, 4
6322924.exe ,  0.41,  0.08,  0.07,  0.00,  0.01,   20024985,   19042000,    1002000,   41200643, c++, elite, mult, 4
6322924.exe ,  0.43,  0.08,  0.07,  0.00,  0.01,   20333008,   18316000,    2035000,   41501874, c++, elite, mult, 4
6322924.exe ,  0.43,  0.08,  0.07,  0.00,  0.01,   20312755,   17286000,    3050000,   42054663, c++, elite, mult, 4
6322924.exe ,  0.40,  0.08,  0.07,  0.00,  0.01,   19515986,   17476000,    2056000,   40057219, c++, elite, mult, 4
6390372.exe ,  0.48,  0.09,  0.08,  0.00,  0.01,   21332539,   19223000,    2023000,   42277357, c++, elite, mult, 4
6390372.exe ,  0.46,  0.09,  0.08,  0.00,  0.01,   21561332,   19630000,    1963000,   43111889, c++, elite, mult, 4
6390372.exe ,  0.44,  0.08,  0.08,  0.00,  0.01,   20992828,   19010000,    2001000,   42021575, c++, elite, mult, 4
6390372.exe ,  0.41,  0.08,  0.08,  0.00,  0.01,   20771706,   18762000,    1975000,   41890198, c++, elite, mult, 4
6390372.exe ,  0.41,  0.08,  0.08,  0.00,  0.01,   20799046,   19822000,     991000,   41710490, c++, elite, mult, 4
6390372.exe ,  0.44,  0.08,  0.08,  0.00,  0.01,   21136619,   19148000,    2015000,   42059519, c++, elite, mult, 4
6390372.exe ,  0.45,  0.08,  0.08,  0.00,  0.01,   21131304,   19095000,    2010000,   42639085, c++, elite, mult, 4
6390372.exe ,  0.44,  0.08,  0.08,  0.00,  0.01,   21002642,   19011000,    2001000,   41723125, c++, elite, mult, 4
6390372.exe ,  0.44,  0.08,  0.08,  0.00,  0.01,   21299797,   18267000,    3044000,   42294794, c++, elite, mult, 4
6390372.exe ,  0.42,  0.08,  0.08,  0.00,  0.01,   20445705,   18537000,    1951000,   41389928, c++, elite, mult, 4
6568644.exe ,  0.55,  0.10,  0.09,  0.00,  0.02,   26224479,   20177000,    6053000,   47148605, c++, elite, mult, 4
6568644.exe ,  0.55,  0.10,  0.09,  0.00,  0.02,   26248369,   18182000,    8081000,   47198959, c++, elite, mult, 4
6568644.exe ,  0.55,  0.10,  0.09,  0.00,  0.02,   26112983,   19066000,    7024000,   47138648, c++, elite, mult, 4
6568644.exe ,  0.57,  0.11,  0.10,  0.00,  0.02,   26420179,   18598000,    7830000,   47242643, c++, elite, mult, 4
6568644.exe ,  0.55,  0.10,  0.10,  0.00,  0.02,   26786263,   15872000,   10912000,   47804272, c++, elite, mult, 4
6568644.exe ,  0.57,  0.11,  0.10,  0.00,  0.02,   26988961,   16999000,    9999000,   47774964, c++, elite, mult, 4
6568644.exe ,  0.57,  0.11,  0.10,  0.00,  0.02,   26640235,   17763000,    8881000,   47753560, c++, elite, mult, 4
6568644.exe ,  0.57,  0.10,  0.10,  0.00,  0.02,   26105545,   22095000,    4017000,   46704099, c++, elite, mult, 4
6568644.exe ,  0.55,  0.10,  0.10,  0.00,  0.02,   26301302,   15590000,   10718000,   47309541, c++, elite, mult, 4
6568644.exe ,  0.56,  0.11,  0.10,  0.00,  0.02,   26908396,   17589000,    9312000,   48327697, c++, elite, mult, 4
6599213.exe ,  0.56,  0.10,  0.09,  0.00,  0.02,   27502883,   12232000,   15290000,   48418842, c++, elite, mult, 4
6599213.exe ,  0.58,  0.11,  0.09,  0.00,  0.02,   26436291,    6842000,   19550000,   47051551, c++, elite, mult, 4
6599213.exe ,  0.59,  0.11,  0.09,  0.00,  0.02,   27419713,   12728000,   14686000,   48685475, c++, elite, mult, 4
6599213.exe ,  0.58,  0.10,  0.09,  0.00,  0.02,   27778803,    9911000,   17841000,   48754068, c++, elite, mult, 4
6599213.exe ,  0.56,  0.10,  0.09,  0.00,  0.02,   27353920,   14673000,   12717000,   48576211, c++, elite, mult, 4
6599213.exe ,  0.57,  0.10,  0.10,  0.00,  0.02,   27455531,    9805000,   17650000,   48552198, c++, elite, mult, 4
6599213.exe ,  0.55,  0.10,  0.09,  0.00,  0.02,   26315817,   11704000,   14631000,   46865764, c++, elite, mult, 4
6599213.exe ,  0.55,  0.10,  0.09,  0.00,  0.02,   26131900,   14077000,   12066000,   46391033, c++, elite, mult, 4
6599213.exe ,  0.56,  0.10,  0.09,  0.00,  0.02,   27273959,    7792000,   19481000,   47704183, c++, elite, mult, 4
6599213.exe ,  0.57,  0.11,  0.09,  0.00,  0.02,   26237431,    6055000,   20183000,   47236340, c++, elite, mult, 4
6637031.exe ,  0.66,  0.13,  0.12,  0.00,  0.02,   32547551,   27617000,    4931000,   53529136, c++, elite, mult, 4
6637031.exe ,  0.68,  0.13,  0.12,  0.00,  0.02,   32767014,   30762000,    2050000,   52852624, c++, elite, mult, 4
6637031.exe ,  0.68,  0.13,  0.12,  0.00,  0.02,   33166096,   27148000,    6032000,   53986131, c++, elite, mult, 4
6637031.exe ,  0.68,  0.13,  0.12,  0.00,  0.02,   32785236,   31810000,     994000,   52989384, c++, elite, mult, 4
6637031.exe ,  0.70,  0.13,  0.12,  0.00,  0.02,   32524277,   26403000,    6093000,   53228614, c++, elite, mult, 4
6637031.exe ,  0.67,  0.13,  0.12,  0.00,  0.02,   32594964,   30620000,    1975000,   53179510, c++, elite, mult, 4
6637031.exe ,  0.69,  0.13,  0.12,  0.00,  0.02,   33192228,   29172000,    4023000,   53335488, c++, elite, mult, 4
6637031.exe ,  0.68,  0.13,  0.12,  0.00,  0.02,   32583447,   27512000,    5094000,   53129451, c++, elite, mult, 4
6637031.exe ,  0.67,  0.13,  0.12,  0.00,  0.02,   32312948,   29269000,    3027000,   52704719, c++, elite, mult, 4
6637031.exe ,  0.69,  0.13,  0.12,  0.00,  0.02,   32335558,   27291000,    5053000,   52228227, c++, elite, mult, 4
6776543.exe ,  0.13,  0.02,  0.02,  0.00,  0.00,    5534899,    3701000,    1850000,   26230221, c++, elite, mult, 4
6776543.exe ,  0.12,  0.02,  0.02,  0.00,  0.00,    5757501,    1918000,    3836000,   26753713, c++, elite, mult, 4
6776543.exe ,  0.13,  0.02,  0.02,  0.00,  0.00,    5613643,    3717000,    1858000,   26081157, c++, elite, mult, 4
6776543.exe ,  0.13,  0.02,  0.02,  0.00,  0.00,    5789279,    3329000,    2496000,   26427489, c++, elite, mult, 4
6776543.exe ,  0.13,  0.02,  0.02,  0.00,  0.00,    5584565,    3685000,    1842000,   25603853, c++, elite, mult, 4
6776543.exe ,  0.13,  0.02,  0.02,  0.00,  0.00,    5617828,    4651000,     930000,   26285694, c++, elite, mult, 4
6776543.exe ,  0.10,  0.02,  0.02,  0.00,  0.00,    5469448,    3284000,    2189000,   25902448, c++, elite, mult, 4
6776543.exe ,  0.12,  0.02,  0.02,  0.00,  0.00,    5872445,    2337000,    3506000,   26850264, c++, elite, mult, 4
6776543.exe ,  0.11,  0.02,  0.02,  0.00,  0.00,    5572834,    2238000,    3358000,   25987766, c++, elite, mult, 4
6776543.exe ,  0.13,  0.02,  0.02,  0.00,  0.00,    5756943,    2884000,    2884000,   26371530, c++, elite, mult, 4
683600.exe  ,  1.50,  0.30,  0.27,  0.00,  0.04,   75204128,   70263000,    4948000,   95787954, c++, elite, mult, 4
683600.exe  ,  1.54,  0.30,  0.27,  0.00,  0.04,   75858661,   71868000,    3992000,   96285429, c++, elite, mult, 4
683600.exe  ,  1.56,  0.31,  0.28,  0.00,  0.04,   78028484,   73111000,    4939000,   98735514, c++, elite, mult, 4
683600.exe  ,  1.55,  0.31,  0.28,  0.00,  0.04,   76301987,   73241000,    3009000,   96468006, c++, elite, mult, 4
683600.exe  ,  1.52,  0.30,  0.28,  0.00,  0.04,   75803525,   70805000,    4986000,   96656975, c++, elite, mult, 4
683600.exe  ,  1.59,  0.32,  0.29,  0.00,  0.04,   79737493,   75689000,    4036000,  100405215, c++, elite, mult, 4
683600.exe  ,  1.53,  0.31,  0.28,  0.00,  0.04,   77509322,   70490000,    6949000,   98172477, c++, elite, mult, 4
683600.exe  ,  1.55,  0.31,  0.28,  0.00,  0.04,   78439286,   74419000,    4022000,   99430337, c++, elite, mult, 4
683600.exe  ,  1.55,  0.31,  0.28,  0.00,  0.04,   77783945,   71757000,    5979000,   98352047, c++, elite, mult, 4
683600.exe  ,  1.52,  0.30,  0.28,  0.00,  0.04,   75907628,   69831000,    5985000,   96557853, c++, elite, mult, 4
6996922.exe ,  0.60,  0.12,  0.11,  0.00,  0.02,   29378381,   28383000,    1013000,   49996734, c++, elite, mult, 4
6996922.exe ,  0.61,  0.12,  0.11,  0.00,  0.02,   29893424,   25092000,    4825000,   50630229, c++, elite, mult, 4
6996922.exe ,  0.61,  0.12,  0.11,  0.00,  0.02,   29987948,   28004000,    2000000,   50773448, c++, elite, mult, 4
6996922.exe ,  0.60,  0.12,  0.11,  0.00,  0.02,   29457954,   25409000,    4065000,   49873074, c++, elite, mult, 4
6996922.exe ,  0.61,  0.12,  0.11,  0.00,  0.02,   29417433,   22565000,    6867000,   50098542, c++, elite, mult, 4
6996922.exe ,  0.60,  0.11,  0.11,  0.00,  0.02,   29531688,   24619000,    4923000,   50141003, c++, elite, mult, 4
6996922.exe ,  0.62,  0.12,  0.11,  0.00,  0.02,   29479542,   26446000,    3051000,   49952780, c++, elite, mult, 4
6996922.exe ,  0.62,  0.12,  0.11,  0.00,  0.02,   29915915,   27848000,    2062000,   50627678, c++, elite, mult, 4
6996922.exe ,  0.62,  0.12,  0.11,  0.00,  0.02,   30005918,   28017000,    2001000,   50478053, c++, elite, mult, 4
6996922.exe ,  0.62,  0.12,  0.11,  0.00,  0.02,   29776175,   23068000,    6728000,   50517376, c++, elite, mult, 4
7035481.exe ,  1.47,  0.29,  0.27,  0.00,  0.04,   73572681,   70529000,    3022000,   94295989, c++, elite, mult, 4
7035481.exe ,  1.47,  0.29,  0.27,  0.00,  0.04,   73853484,   70835000,    3035000,   94497502, c++, elite, mult, 4
7035481.exe ,  1.46,  0.29,  0.27,  0.00,  0.04,   73300650,   70292000,    3012000,   93666508, c++, elite, mult, 4
7035481.exe ,  1.44,  0.29,  0.26,  0.00,  0.04,   72030156,   69045000,    3001000,   92880201, c++, elite, mult, 4
7035481.exe ,  1.51,  0.30,  0.27,  0.00,  0.04,   75622371,   72650000,    2985000,   96020793, c++, elite, mult, 4
7035481.exe ,  1.47,  0.29,  0.27,  0.00,  0.04,   73868944,   68824000,    5060000,   94368792, c++, elite, mult, 4
7035481.exe ,  1.46,  0.29,  0.27,  0.00,  0.04,   74474210,   72471000,    2013000,   94854908, c++, elite, mult, 4
7035481.exe ,  1.47,  0.29,  0.26,  0.00,  0.04,   72268759,   68314000,    3960000,   92612032, c++, elite, mult, 4
7035481.exe ,  1.49,  0.30,  0.27,  0.00,  0.04,   75200386,   74089000,    1001000,   95797131, c++, elite, mult, 4
7035481.exe ,  1.51,  0.30,  0.27,  0.00,  0.04,   76124658,   72207000,    3956000,   96728073, c++, elite, mult, 4
7109940.exe ,  0.12,  0.02,  0.02,  0.00,  0.00,    6064121,    4311000,    1724000,   26517266, c++, elite, mult, 4
7109940.exe ,  0.12,  0.02,  0.02,  0.00,  0.00,    6050995,    3040000,    3040000,   26646335, c++, elite, mult, 4
7109940.exe ,  0.12,  0.02,  0.02,  0.00,  0.00,    6073496,    2021000,    4043000,   26968706, c++, elite, mult, 4
7109940.exe ,  0.13,  0.02,  0.02,  0.00,  0.00,    5892343,    1969000,    3938000,   26505381, c++, elite, mult, 4
7109940.exe ,  0.12,  0.02,  0.02,  0.00,  0.00,    6090129,    5095000,    1019000,   26628448, c++, elite, mult, 4
7109940.exe ,  0.13,  0.02,  0.02,  0.00,  0.00,    5771811,    4634000,    1158000,   26142184, c++, elite, mult, 4
7109940.exe ,  0.13,  0.02,  0.02,  0.00,  0.00,    5853200,     832000,    4996000,   26044060, c++, elite, mult, 4
7109940.exe ,  0.13,  0.02,  0.02,  0.00,  0.00,    5988503,    2000000,    4000000,   26695313, c++, elite, mult, 4
7109940.exe ,  0.13,  0.02,  0.02,  0.00,  0.00,    6026733,    3040000,    3040000,   26987399, c++, elite, mult, 4
7109940.exe ,  0.12,  0.02,  0.02,  0.00,  0.00,    5812993,    2919000,    2919000,   26431341, c++, elite, mult, 4
7139505.exe ,  0.15,  0.03,  0.02,  0.00,  0.00,    5958838,    2545000,    3394000,   26691918, c++, elite, mult, 4
7139505.exe ,  0.12,  0.02,  0.02,  0.00,  0.00,    6055812,    4821000,    1205000,   27206462, c++, elite, mult, 4
7139505.exe ,  0.13,  0.02,  0.02,  0.00,  0.00,    6068163,    2004000,    4009000,   26912739, c++, elite, mult, 4
7139505.exe ,  0.12,  0.02,  0.02,  0.00,  0.00,    6034827,    4037000,    2018000,   26880022, c++, elite, mult, 4
7139505.exe ,  0.11,  0.02,  0.02,  0.00,  0.00,    5771452,    3844000,    1922000,   26203236, c++, elite, mult, 4
7139505.exe ,  0.13,  0.02,  0.02,  0.00,  0.00,    5775910,    1661000,    4152000,   26297710, c++, elite, mult, 4
7139505.exe ,  0.13,  0.02,  0.02,  0.00,  0.00,    5761632,    1656000,    4140000,   26232323, c++, elite, mult, 4
7139505.exe ,  0.12,  0.02,  0.02,  0.00,  0.00,    6035015,    3626000,    2417000,   26618912, c++, elite, mult, 4
7139505.exe ,  0.12,  0.02,  0.02,  0.00,  0.00,    5773912,    3865000,    1932000,   26301554, c++, elite, mult, 4
7139505.exe ,  0.10,  0.02,  0.02,  0.00,  0.00,    5769696,    2884000,    2884000,   26289146, c++, elite, mult, 4
7209300.exe ,  1.51,  0.31,  0.28,  0.00,  0.04,   77004627,   74027000,    3001000,   98332843, c++, elite, mult, 4
7209300.exe ,  1.50,  0.30,  0.27,  0.00,  0.04,   75786651,   72792000,    3033000,   96513268, c++, elite, mult, 4
7209300.exe ,  1.52,  0.31,  0.28,  0.00,  0.04,   76756012,   74745000,    2020000,   97341569, c++, elite, mult, 4
7209300.exe ,  1.45,  0.29,  0.26,  0.00,  0.04,   72873423,   68827000,    4048000,   93439295, c++, elite, mult, 4
7209300.exe ,  1.50,  0.30,  0.27,  0.00,  0.04,   75970517,   71974000,    3998000,   96798961, c++, elite, mult, 4
7209300.exe ,  1.48,  0.30,  0.27,  0.00,  0.04,   75186019,   72187000,    3007000,   95660770, c++, elite, mult, 4
7209300.exe ,  1.49,  0.30,  0.27,  0.00,  0.04,   74424486,   71465000,    2977000,   95382069, c++, elite, mult, 4
7209300.exe ,  1.47,  0.29,  0.27,  0.00,  0.04,   74487647,   72491000,    2013000,   95410141, c++, elite, mult, 4
7209300.exe ,  1.53,  0.31,  0.28,  0.00,  0.04,   77655481,   74641000,    3026000,   98647702, c++, elite, mult, 4
7209300.exe ,  1.49,  0.30,  0.27,  0.00,  0.04,   74269645,   72246000,    2006000,   95087662, c++, elite, mult, 4
7287971.exe ,  0.45,  0.08,  0.08,  0.00,  0.01,   21082042,   18059000,    3009000,   41852161, c++, elite, mult, 4
7287971.exe ,  0.46,  0.09,  0.08,  0.00,  0.01,   21463834,   19428000,    2045000,   42255330, c++, elite, mult, 4
7287971.exe ,  0.46,  0.08,  0.08,  0.00,  0.01,   22160377,   19159000,    3025000,   44600455, c++, elite, mult, 4
7287971.exe ,  0.47,  0.09,  0.08,  0.00,  0.01,   21831830,   18867000,    2979000,   42897065, c++, elite, mult, 4
7287971.exe ,  0.44,  0.09,  0.08,  0.00,  0.01,   20857842,   16900000,    3976000,   41291507, c++, elite, mult, 4
7287971.exe ,  0.47,  0.09,  0.08,  0.00,  0.01,   21695786,   18649000,    2944000,   42209738, c++, elite, mult, 4
7287971.exe ,  0.46,  0.09,  0.08,  0.00,  0.01,   21375646,   18415000,    2907000,   42471422, c++, elite, mult, 4
7287971.exe ,  0.43,  0.08,  0.08,  0.00,  0.01,   21322810,   19275000,    2028000,   41935810, c++, elite, mult, 4
7287971.exe ,  0.45,  0.09,  0.08,  0.00,  0.01,   21885711,   18101000,    3810000,   42630415, c++, elite, mult, 4
7287971.exe ,  0.45,  0.09,  0.08,  0.00,  0.01,   21579301,   18651000,    2945000,   42547871, c++, elite, mult, 4
7353687.exe ,  0.46,  0.09,  0.08,  0.00,  0.01,   22624597,   16733000,    5905000,   43759248, c++, elite, mult, 4
7353687.exe ,  0.48,  0.09,  0.08,  0.00,  0.01,   23248078,   19169000,    4035000,   44343100, c++, elite, mult, 4
7353687.exe ,  0.49,  0.09,  0.08,  0.00,  0.01,   23238011,   18180000,    5050000,   44119650, c++, elite, mult, 4
7353687.exe ,  0.52,  0.10,  0.09,  0.00,  0.01,   24226028,   19187000,    5049000,   45084207, c++, elite, mult, 4
7353687.exe ,  0.47,  0.09,  0.08,  0.00,  0.01,   23105835,   17082000,    6028000,   43781338, c++, elite, mult, 4
7353687.exe ,  0.49,  0.09,  0.08,  0.00,  0.01,   23446278,   16320000,    7140000,   44563193, c++, elite, mult, 4
7353687.exe ,  0.48,  0.09,  0.08,  0.00,  0.01,   22668052,   16497000,    6186000,   43865934, c++, elite, mult, 4
7353687.exe ,  0.48,  0.09,  0.08,  0.00,  0.01,   23086398,   17060000,    6021000,   43660608, c++, elite, mult, 4
7353687.exe ,  0.47,  0.09,  0.08,  0.00,  0.01,   22893753,   17920000,    4977000,   43488630, c++, elite, mult, 4
7353687.exe ,  0.47,  0.09,  0.08,  0.00,  0.01,   22746936,   17814000,    4948000,   43104831, c++, elite, mult, 4
7382581.exe ,  0.43,  0.08,  0.08,  0.00,  0.01,   20592552,   18653000,    1963000,   41406835, c++, elite, mult, 4
7382581.exe ,  0.45,  0.08,  0.08,  0.00,  0.01,   21260734,   18238000,    3039000,   42032744, c++, elite, mult, 4
7382581.exe ,  0.45,  0.09,  0.08,  0.00,  0.01,   21941570,   20946000,     997000,   42715284, c++, elite, mult, 4
7382581.exe ,  0.45,  0.08,  0.08,  0.00,  0.01,   20813308,   18728000,    2080000,   41282072, c++, elite, mult, 4
7382581.exe ,  0.45,  0.09,  0.08,  0.00,  0.01,   21580881,   17596000,    3910000,   42193965, c++, elite, mult, 4
7382581.exe ,  0.46,  0.09,  0.08,  0.00,  0.01,   21469948,   18479000,    2917000,   41845823, c++, elite, mult, 4
7382581.exe ,  0.45,  0.08,  0.08,  0.00,  0.01,   21393708,   18309000,    3051000,   41925289, c++, elite, mult, 4
7382581.exe ,  0.43,  0.08,  0.08,  0.00,  0.01,   20851788,   17890000,    2981000,   41329173, c++, elite, mult, 4
7382581.exe ,  0.44,  0.08,  0.08,  0.00,  0.01,   20930420,   17142000,    3809000,   41998637, c++, elite, mult, 4
7382581.exe ,  0.41,  0.08,  0.08,  0.00,  0.01,   20854652,   17886000,    2981000,   41284695, c++, elite, mult, 4
743173.exe  ,  0.44,  0.08,  0.08,  0.00,  0.01,   21216206,   20201000,    1010000,   42069210, c++, elite, mult, 4
743173.exe  ,  0.43,  0.08,  0.08,  0.00,  0.01,   21186741,   19071000,    2007000,   42031327, c++, elite, mult, 4
743173.exe  ,  0.44,  0.08,  0.07,  0.00,  0.01,   20737337,   19727000,     986000,   41581917, c++, elite, mult, 4
743173.exe  ,  0.42,  0.08,  0.08,  0.00,  0.01,   20754069,   18645000,    2071000,   41663977, c++, elite, mult, 4
743173.exe  ,  0.44,  0.08,  0.07,  0.00,  0.01,   20721242,   15549000,    5183000,   41291891, c++, elite, mult, 4
743173.exe  ,  0.44,  0.08,  0.08,  0.00,  0.01,   20506378,   17488000,    2914000,   40685169, c++, elite, mult, 4
743173.exe  ,  0.44,  0.08,  0.07,  0.00,  0.01,   21019290,   20041000,    1002000,   42181902, c++, elite, mult, 4
743173.exe  ,  0.43,  0.08,  0.08,  0.00,  0.01,   21188458,   19173000,    2018000,   41189085, c++, elite, mult, 4
743173.exe  ,  0.42,  0.08,  0.08,  0.00,  0.01,   20752425,   18755000,    1974000,   41441991, c++, elite, mult, 4
743173.exe  ,  0.44,  0.08,  0.08,  0.00,  0.01,   20651165,   20559000,          0,   41282974, c++, elite, mult, 4
7571318.exe ,  1.49,  0.30,  0.27,  0.00,  0.04,   75818833,   72809000,    2992000,   96694575, c++, elite, mult, 4
7571318.exe ,  1.46,  0.29,  0.26,  0.00,  0.04,   72368990,   71340000,    1004000,   93267650, c++, elite, mult, 4
7571318.exe ,  1.46,  0.29,  0.26,  0.00,  0.04,   71657669,   68677000,    2985000,   91981708, c++, elite, mult, 4
7571318.exe ,  1.48,  0.29,  0.27,  0.00,  0.04,   73425051,   71466000,    1985000,   94017574, c++, elite, mult, 4
7571318.exe ,  1.49,  0.29,  0.26,  0.00,  0.04,   72663626,   69578000,    3025000,   93378839, c++, elite, mult, 4
7571318.exe ,  1.45,  0.29,  0.26,  0.00,  0.04,   72033374,   67058000,    5004000,   92368842, c++, elite, mult, 4
7571318.exe ,  1.44,  0.29,  0.26,  0.00,  0.04,   72794936,   69780000,    2990000,   93868388, c++, elite, mult, 4
7571318.exe ,  1.46,  0.29,  0.26,  0.00,  0.04,   72772003,   69771000,    2990000,   93301719, c++, elite, mult, 4
7571318.exe ,  1.47,  0.29,  0.26,  0.00,  0.04,   72955510,   70954000,    2027000,   93512962, c++, elite, mult, 4
7571318.exe ,  1.46,  0.29,  0.26,  0.00,  0.04,   72884288,   67877000,    4990000,   93524997, c++, elite, mult, 4
7607475.exe ,  1.51,  0.30,  0.27,  0.00,  0.04,   75441537,   72346000,    3067000,   96599110, c++, elite, mult, 4
7607475.exe ,  1.49,  0.29,  0.27,  0.00,  0.04,   74126849,   69140000,    4990000,   94772228, c++, elite, mult, 4
7607475.exe ,  1.53,  0.30,  0.27,  0.00,  0.04,   75727317,   72661000,    3019000,   96218741, c++, elite, mult, 4
7607475.exe ,  1.50,  0.29,  0.27,  0.00,  0.04,   73724951,   68719000,    5020000,   93878293, c++, elite, mult, 4
7607475.exe ,  1.48,  0.29,  0.27,  0.00,  0.04,   74011006,   71905000,    2008000,   94425375, c++, elite, mult, 4
7607475.exe ,  1.49,  0.29,  0.27,  0.00,  0.04,   74126851,   72122000,    2003000,   94288019, c++, elite, mult, 4
7607475.exe ,  1.49,  0.29,  0.27,  0.00,  0.04,   74172640,   70193000,    4003000,   94732537, c++, elite, mult, 4
7607475.exe ,  1.51,  0.29,  0.27,  0.00,  0.04,   74360136,   72312000,    2050000,   94338496, c++, elite, mult, 4
7607475.exe ,  1.51,  0.30,  0.27,  0.00,  0.04,   74490561,   70501000,    4000000,   95117247, c++, elite, mult, 4
7607475.exe ,  1.51,  0.30,  0.27,  0.00,  0.04,   74670419,   70649000,    4003000,   95360831, c++, elite, mult, 4
7617595.exe ,  0.61,  0.12,  0.11,  0.00,  0.02,   29597094,   28580000,    1020000,   50228329, c++, elite, mult, 4
7617595.exe ,  0.61,  0.12,  0.11,  0.00,  0.02,   30143299,   29127000,    1004000,   51196925, c++, elite, mult, 4
7617595.exe ,  0.63,  0.12,  0.11,  0.00,  0.02,   30094125,   22978000,    6993000,   50928207, c++, elite, mult, 4
7617595.exe ,  0.61,  0.12,  0.11,  0.00,  0.02,   29572185,   27502000,    2037000,   50380510, c++, elite, mult, 4
7617595.exe ,  0.60,  0.12,  0.11,  0.00,  0.02,   29022879,   25983000,    2998000,   49535534, c++, elite, mult, 4
7617595.exe ,  0.59,  0.12,  0.11,  0.00,  0.02,   28906572,   26820000,    2063000,   49549678, c++, elite, mult, 4
7617595.exe ,  0.62,  0.12,  0.11,  0.00,  0.02,   29566329,   26518000,    3059000,   50170954, c++, elite, mult, 4
7617595.exe ,  0.59,  0.12,  0.11,  0.00,  0.02,   29001354,   28014000,    1000000,   49428481, c++, elite, mult, 4
7617595.exe ,  0.59,  0.12,  0.11,  0.00,  0.02,   28940531,   24072000,    4814000,   49420745, c++, elite, mult, 4
7617595.exe ,  0.61,  0.12,  0.11,  0.00,  0.02,   29392422,   27266000,    2019000,   49963601, c++, elite, mult, 4
7632599.exe ,  0.49,  0.10,  0.09,  0.00,  0.01,   23279680,   19237000,    4049000,   44071678, c++, elite, mult, 4
7632599.exe ,  0.46,  0.09,  0.09,  0.00,  0.01,   22833896,   16801000,    5929000,   43701556, c++, elite, mult, 4
7632599.exe ,  0.50,  0.09,  0.08,  0.00,  0.01,   23802964,   18847000,    4959000,   44437276, c++, elite, mult, 4
7632599.exe ,  0.49,  0.09,  0.09,  0.00,  0.01,   23653066,   17490000,    6173000,   44471007, c++, elite, mult, 4
7632599.exe ,  0.45,  0.10,  0.09,  0.00,  0.01,   21243943,   16163000,    5051000,   42148390, c++, elite, mult, 4
7632599.exe ,  0.49,  0.10,  0.09,  0.00,  0.01,   23529886,   17654000,    5884000,   44632430, c++, elite, mult, 4
7632599.exe ,  0.48,  0.09,  0.09,  0.00,  0.01,   23670728,   15781000,    7890000,   44604461, c++, elite, mult, 4
7632599.exe ,  0.48,  0.09,  0.08,  0.00,  0.01,   23335503,   20196000,    3029000,   43769211, c++, elite, mult, 4
7632599.exe ,  0.48,  0.09,  0.08,  0.00,  0.01,   22989944,   19847000,    3133000,   43583398, c++, elite, mult, 4
7632599.exe ,  0.52,  0.10,  0.09,  0.00,  0.01,   24959713,   19984000,    4996000,   45943130, c++, elite, mult, 4
7706034.exe ,  1.55,  0.31,  0.28,  0.00,  0.04,   77686395,   74556000,    2982000,   98345954, c++, elite, mult, 4
7706034.exe ,  1.64,  0.33,  0.30,  0.00,  0.04,   82708339,   81721000,     996000,  103678847, c++, elite, mult, 4
7706034.exe ,  1.54,  0.31,  0.28,  0.00,  0.04,   77508110,   71545000,    5962000,   98173494, c++, elite, mult, 4
7706034.exe ,  1.53,  0.31,  0.28,  0.00,  0.04,   76437175,   75433000,    1005000,   96786422, c++, elite, mult, 4
7706034.exe ,  1.52,  0.31,  0.28,  0.00,  0.04,   76822138,   74796000,    2021000,   97170552, c++, elite, mult, 4
7706034.exe ,  1.54,  0.31,  0.28,  0.00,  0.04,   77649880,   75669000,    1991000,   98462769, c++, elite, mult, 4
7706034.exe ,  1.51,  0.30,  0.28,  0.00,  0.04,   76565828,   76565000,          0,   96955451, c++, elite, mult, 4
7706034.exe ,  1.53,  0.31,  0.28,  0.00,  0.04,   77293993,   73303000,    3962000,   97580017, c++, elite, mult, 4
7706034.exe ,  1.56,  0.31,  0.28,  0.00,  0.04,   77815561,   75782000,    1994000,   98253658, c++, elite, mult, 4
7706034.exe ,  1.53,  0.30,  0.28,  0.00,  0.04,   76628218,   73590000,    2983000,   97135603, c++, elite, mult, 4
7725672.exe ,  1.56,  0.31,  0.28,  0.00,  0.04,   78012550,   74011000,    4000000,   98495903, c++, elite, mult, 4
7725672.exe ,  1.51,  0.30,  0.27,  0.00,  0.04,   75027540,   70027000,    5001000,   94877735, c++, elite, mult, 4
7725672.exe ,  1.51,  0.30,  0.27,  0.00,  0.04,   74594316,   67441000,    7046000,   95508042, c++, elite, mult, 4
7725672.exe ,  1.53,  0.30,  0.28,  0.00,  0.04,   75969648,   71920000,    4051000,   96180783, c++, elite, mult, 4
7725672.exe ,  1.51,  0.30,  0.27,  0.00,  0.04,   74751977,   68646000,    6057000,   95063978, c++, elite, mult, 4
7725672.exe ,  1.51,  0.30,  0.27,  0.00,  0.04,   74539820,   69499000,    5036000,   94412575, c++, elite, mult, 4
7725672.exe ,  1.65,  0.32,  0.29,  0.00,  0.04,   79908507,   75757000,    3987000,  100262071, c++, elite, mult, 4
7725672.exe ,  1.50,  0.30,  0.27,  0.00,  0.04,   75384709,   71352000,    4019000,   95751670, c++, elite, mult, 4
7725672.exe ,  1.50,  0.29,  0.27,  0.00,  0.04,   73691946,   70673000,    2986000,   93879994, c++, elite, mult, 4
7725672.exe ,  1.61,  0.32,  0.29,  0.00,  0.04,   80000513,   72006000,    8000000,  100059438, c++, elite, mult, 4
7736428.exe ,  0.17,  0.03,  0.03,  0.00,  0.01,    8136720,    6358000,    1816000,   29011881, c++, elite, mult, 4
7736428.exe ,  0.17,  0.03,  0.03,  0.00,  0.00,    7754585,    4860000,    2916000,   28017248, c++, elite, mult, 4
7736428.exe ,  0.19,  0.03,  0.03,  0.00,  0.01,    8123856,    3054000,    5090000,   29348500, c++, elite, mult, 4
7736428.exe ,  0.17,  0.03,  0.03,  0.00,  0.01,    7853337,    5901000,    1967000,   27988429, c++, elite, mult, 4
7736428.exe ,  0.17,  0.03,  0.03,  0.00,  0.01,    7729223,    6797000,     971000,   27777146, c++, elite, mult, 4
7736428.exe ,  0.17,  0.03,  0.03,  0.00,  0.00,    7862231,    5917000,    1972000,   28524512, c++, elite, mult, 4
7736428.exe ,  0.17,  0.03,  0.03,  0.00,  0.01,    7763663,    6814000,     973000,   28068607, c++, elite, mult, 4
7736428.exe ,  0.17,  0.03,  0.03,  0.00,  0.00,    7745672,    5185000,    2592000,   28300691, c++, elite, mult, 4
7736428.exe ,  0.17,  0.03,  0.03,  0.00,  0.00,    7760458,    5838000,    1946000,   27649440, c++, elite, mult, 4
7736428.exe ,  0.17,  0.03,  0.03,  0.00,  0.01,    7870826,    3939000,    3939000,   28337229, c++, elite, mult, 4
7740671.exe ,  1.90,  0.38,  0.34,  0.00,  0.06,   94722523,   80787000,   13963000,  115200959, c++, elite, mult, 4
7740671.exe ,  1.89,  0.37,  0.34,  0.00,  0.05,   94580981,   81490000,   13078000,  114765039, c++, elite, mult, 4
7740671.exe ,  1.99,  0.38,  0.34,  0.00,  0.06,   95676976,   78643000,   16923000,  117695620, c++, elite, mult, 4
7740671.exe ,  1.97,  0.38,  0.34,  0.00,  0.06,   94024938,   81026000,   13004000,  115792380, c++, elite, mult, 4
7740671.exe ,  2.08,  0.38,  0.35,  0.00,  0.06,   96948188,   80727000,   15946000,  117541280, c++, elite, mult, 4
7740671.exe ,  1.88,  0.37,  0.34,  0.00,  0.05,   93704697,   76730000,   16940000,  113857032, c++, elite, mult, 4
7740671.exe ,  1.88,  0.37,  0.34,  0.00,  0.05,   93967928,   76976000,   16994000,  114275365, c++, elite, mult, 4
7740671.exe ,  1.92,  0.37,  0.34,  0.00,  0.05,   94082902,   78977000,   14995000,  114286057, c++, elite, mult, 4
7740671.exe ,  1.89,  0.37,  0.34,  0.00,  0.06,   93501723,   76298000,   17066000,  114056122, c++, elite, mult, 4
7740671.exe ,  1.89,  0.37,  0.34,  0.00,  0.06,   94465620,   73583000,   20881000,  114627298, c++, elite, mult, 4
7832987.exe ,  0.11,  0.02,  0.02,  0.00,  0.00,    5108663,    3079000,    2053000,   25938071, c++, elite, mult, 4
7832987.exe ,  0.11,  0.02,  0.02,  0.00,  0.00,    4975125,    3976000,     994000,   25456145, c++, elite, mult, 4
7832987.exe ,  0.10,  0.02,  0.02,  0.00,  0.00,    5036630,    3034000,    2023000,   25332750, c++, elite, mult, 4
7832987.exe ,  0.11,  0.02,  0.02,  0.00,  0.00,    5102323,    3403000,    1701000,   25311483, c++, elite, mult, 4
7832987.exe ,  0.13,  0.02,  0.02,  0.00,  0.00,    5263459,    2646000,    2646000,   26018186, c++, elite, mult, 4
7832987.exe ,  0.11,  0.02,  0.02,  0.00,  0.00,    5059815,    3047000,    2031000,   25622245, c++, elite, mult, 4
7832987.exe ,  0.13,  0.02,  0.02,  0.00,  0.00,    5027268,    3034000,    2023000,   25298085, c++, elite, mult, 4
7832987.exe ,  0.11,  0.02,  0.02,  0.00,  0.00,    5409025,    4255000,    1063000,   26111388, c++, elite, mult, 4
7832987.exe ,  0.11,  0.02,  0.02,  0.00,  0.00,    5297924,    4191000,    1047000,   26233338, c++, elite, mult, 4
7832987.exe ,  0.11,  0.02,  0.02,  0.00,  0.00,    5094978,    4068000,    1017000,   25381514, c++, elite, mult, 4
7865423.exe ,  1.46,  0.29,  0.26,  0.00,  0.04,   73042324,   70053000,    3002000,   93364498, c++, elite, mult, 4
7865423.exe ,  1.46,  0.29,  0.26,  0.00,  0.04,   72370785,   70368000,    2010000,   92998086, c++, elite, mult, 4
7865423.exe ,  1.44,  0.29,  0.26,  0.00,  0.04,   72248771,   68247000,    3956000,   92918599, c++, elite, mult, 4
7865423.exe ,  1.45,  0.29,  0.26,  0.00,  0.04,   72856132,   69871000,    2994000,   93618358, c++, elite, mult, 4
7865423.exe ,  1.43,  0.29,  0.26,  0.00,  0.04,   71958669,   68973000,    2998000,   92402479, c++, elite, mult, 4
7865423.exe ,  1.44,  0.29,  0.26,  0.00,  0.04,   71957809,   70979000,     999000,   92870807, c++, elite, mult, 4
7865423.exe ,  1.44,  0.29,  0.26,  0.00,  0.04,   72464640,   70483000,    2013000,   93071660, c++, elite, mult, 4
7865423.exe ,  1.46,  0.29,  0.26,  0.00,  0.04,   72931110,   71977000,     985000,   93121435, c++, elite, mult, 4
7865423.exe ,  1.45,  0.29,  0.26,  0.00,  0.04,   72219277,   70211000,    2006000,   92313383, c++, elite, mult, 4
7865423.exe ,  1.46,  0.29,  0.26,  0.00,  0.04,   73148258,   71098000,    2002000,   93589195, c++, elite, mult, 4
7983452.exe ,  0.45,  0.09,  0.08,  0.00,  0.01,   22478718,   19531000,    3083000,   42843416, c++, elite, mult, 4
7983452.exe ,  0.46,  0.09,  0.08,  0.00,  0.01,   22228459,   16131000,    6049000,   42718493, c++, elite, mult, 4
7983452.exe ,  0.46,  0.09,  0.08,  0.00,  0.01,   22234566,   20213000,    2021000,   42925897, c++, elite, mult, 4
7983452.exe ,  0.45,  0.09,  0.08,  0.00,  0.01,   22341172,   18279000,    4062000,   42837397, c++, elite, mult, 4
7983452.exe ,  0.46,  0.09,  0.08,  0.00,  0.01,   22725848,   18780000,    3953000,   43373743, c++, elite, mult, 4
7983452.exe ,  0.46,  0.09,  0.08,  0.00,  0.01,   22351830,   18305000,    4067000,   42867240, c++, elite, mult, 4
7983452.exe ,  0.47,  0.09,  0.08,  0.00,  0.01,   22980047,   16987000,    5995000,   43449973, c++, elite, mult, 4
7983452.exe ,  0.45,  0.09,  0.08,  0.00,  0.01,   22377343,   20350000,    2035000,   43465790, c++, elite, mult, 4
7983452.exe ,  0.45,  0.09,  0.08,  0.00,  0.01,   22175605,   17115000,    5033000,   42520462, c++, elite, mult, 4
7983452.exe ,  0.48,  0.09,  0.08,  0.00,  0.01,   22304867,   20288000,    2028000,   42660595, c++, elite, mult, 4
8071369.exe ,  0.49,  0.10,  0.09,  0.00,  0.01,   24074767,   19070000,    5018000,   45009834, c++, elite, mult, 4
8071369.exe ,  0.47,  0.09,  0.08,  0.00,  0.01,   23180348,   18143000,    5039000,   44065318, c++, elite, mult, 4
8071369.exe ,  0.47,  0.09,  0.09,  0.00,  0.01,   23349509,   18487000,    4865000,   43803704, c++, elite, mult, 4
8071369.exe ,  0.47,  0.09,  0.09,  0.00,  0.01,   23184998,   17099000,    6034000,   44146288, c++, elite, mult, 4
8071369.exe ,  0.50,  0.09,  0.08,  0.00,  0.01,   23876181,   16932000,    6972000,   44576459, c++, elite, mult, 4
8071369.exe ,  0.48,  0.09,  0.08,  0.00,  0.01,   23420464,   19343000,    4072000,   44024900, c++, elite, mult, 4
8071369.exe ,  0.50,  0.10,  0.09,  0.00,  0.01,   23766656,   19764000,    3952000,   44480181, c++, elite, mult, 4
8071369.exe ,  0.50,  0.10,  0.09,  0.00,  0.01,   23884456,   18176000,    5740000,   44831367, c++, elite, mult, 4
8071369.exe ,  0.48,  0.09,  0.08,  0.00,  0.01,   23041493,   17032000,    6011000,   43506038, c++, elite, mult, 4
8071369.exe ,  0.47,  0.09,  0.09,  0.00,  0.01,   23538403,   18604000,    4895000,   44093545, c++, elite, mult, 4
8107830.exe ,  0.30,  0.06,  0.05,  0.00,  0.01,   13970945,    4661000,    9323000,   34645431, c++, elite, mult, 4
8107830.exe ,  0.31,  0.06,  0.05,  0.00,  0.01,   14755239,    4218000,   10547000,   35514821, c++, elite, mult, 4
8107830.exe ,  0.30,  0.06,  0.05,  0.00,  0.01,   13918857,    5349000,    8559000,   34443657, c++, elite, mult, 4
8107830.exe ,  0.30,  0.06,  0.05,  0.00,  0.01,   13887890,    4961000,    8929000,   34377467, c++, elite, mult, 4
8107830.exe ,  0.30,  0.06,  0.05,  0.00,  0.01,   14110216,    4032000,   10080000,   34587401, c++, elite, mult, 4
8107830.exe ,  0.31,  0.06,  0.05,  0.00,  0.01,   14668623,    2937000,   11748000,   35113358, c++, elite, mult, 4
8107830.exe ,  0.32,  0.06,  0.05,  0.00,  0.01,   14040871,    3009000,   11034000,   34603978, c++, elite, mult, 4
8107830.exe ,  0.29,  0.06,  0.05,  0.00,  0.01,   13937436,    5975000,    7967000,   34427324, c++, elite, mult, 4
8107830.exe ,  0.32,  0.06,  0.05,  0.00,  0.01,   14053624,    4995000,    8991000,   34560258, c++, elite, mult, 4
8107830.exe ,  0.32,  0.06,  0.05,  0.00,  0.01,   14214267,    5030000,    9054000,   34514384, c++, elite, mult, 4
821545.exe  ,  0.14,  0.03,  0.02,  0.00,  0.00,    6073991,    3047000,    3047000,   26632439, c++, elite, mult, 4
821545.exe  ,  0.12,  0.02,  0.02,  0.00,  0.00,    6189287,    4141000,    2070000,   26888866, c++, elite, mult, 4
821545.exe  ,  0.12,  0.02,  0.02,  0.00,  0.00,    6078477,    2033000,    4066000,   26400000, c++, elite, mult, 4
821545.exe  ,  0.15,  0.03,  0.02,  0.00,  0.01,    6679667,    4464000,    2232000,   27283222, c++, elite, mult, 4
821545.exe  ,  0.15,  0.03,  0.02,  0.00,  0.01,    6394717,    3666000,    2749000,   26997269, c++, elite, mult, 4
821545.exe  ,  0.15,  0.03,  0.02,  0.00,  0.00,    6180562,    2070000,    4141000,   26473901, c++, elite, mult, 4
821545.exe  ,  0.12,  0.02,  0.02,  0.00,  0.00,    6390596,    2748000,    3664000,   27420191, c++, elite, mult, 4
821545.exe  ,  0.13,  0.02,  0.02,  0.00,  0.00,    6065558,    1013000,    5068000,   26647809, c++, elite, mult, 4
821545.exe  ,  0.12,  0.02,  0.02,  0.00,  0.00,    6534297,    3679000,    2759000,   27548324, c++, elite, mult, 4
821545.exe  ,  0.13,  0.02,  0.02,  0.00,  0.00,    6092100,    4076000,    2038000,   26230171, c++, elite, mult, 4
8307961.exe ,  0.43,  0.08,  0.08,  0.00,  0.01,   20983747,   19952000,     997000,   41649357, c++, elite, mult, 4
8307961.exe ,  0.43,  0.08,  0.08,  0.00,  0.01,   21693888,   19546000,    1954000,   42464637, c++, elite, mult, 4
8307961.exe ,  0.43,  0.08,  0.08,  0.00,  0.01,   20644820,   18555000,    2061000,   41311290, c++, elite, mult, 4
8307961.exe ,  0.43,  0.08,  0.08,  0.00,  0.01,   20929704,   18953000,    1995000,   41829806, c++, elite, mult, 4
8307961.exe ,  0.43,  0.08,  0.08,  0.00,  0.01,   21248419,   19172000,    2018000,   42429691, c++, elite, mult, 4
8307961.exe ,  0.46,  0.09,  0.08,  0.00,  0.01,   21404020,   20460000,     974000,   42187119, c++, elite, mult, 4
8307961.exe ,  0.45,  0.09,  0.08,  0.00,  0.01,   21819252,   20827000,    1041000,   42878709, c++, elite, mult, 4
8307961.exe ,  0.43,  0.08,  0.08,  0.00,  0.01,   21086642,   19096000,    2010000,   41895027, c++, elite, mult, 4
8307961.exe ,  0.41,  0.08,  0.08,  0.00,  0.01,   20832524,   19855000,     992000,   41471556, c++, elite, mult, 4
8307961.exe ,  0.43,  0.08,  0.08,  0.00,  0.01,   20805433,   18839000,    1983000,   41414685, c++, elite, mult, 4
8376985.exe ,  1.49,  0.30,  0.27,  0.00,  0.04,   75032382,   74027000,    1000000,   95381878, c++, elite, mult, 4
8376985.exe ,  1.41,  0.28,  0.26,  0.00,  0.04,   71249260,   70130000,    1001000,   92025731, c++, elite, mult, 4
8376985.exe ,  1.46,  0.29,  0.27,  0.00,  0.04,   73792559,   71802000,    1994000,   94689746, c++, elite, mult, 4
8376985.exe ,  1.46,  0.29,  0.26,  0.00,  0.04,   72698146,   69724000,    2988000,   93711723, c++, elite, mult, 4
8376985.exe ,  1.44,  0.29,  0.26,  0.00,  0.04,   71724477,   66675000,    4975000,   92521688, c++, elite, mult, 4
8376985.exe ,  1.45,  0.29,  0.26,  0.00,  0.04,   72943962,   71960000,     999000,   93836982, c++, elite, mult, 4
8376985.exe ,  1.48,  0.29,  0.27,  0.00,  0.04,   73439426,   67499000,    5955000,   94002722, c++, elite, mult, 4
8376985.exe ,  1.45,  0.29,  0.26,  0.00,  0.04,   72681292,   70607000,    2017000,   93303095, c++, elite, mult, 4
8376985.exe ,  1.51,  0.30,  0.27,  0.00,  0.04,   75479590,   71448000,    3969000,   96306869, c++, elite, mult, 4
8376985.exe ,  1.47,  0.29,  0.27,  0.00,  0.04,   73370994,   71379000,    2010000,   93946649, c++, elite, mult, 4
8508555.exe ,  0.12,  0.02,  0.02,  0.00,  0.00,    5961976,    1180000,    4722000,   26599727, c++, elite, mult, 4
8508555.exe ,  0.13,  0.02,  0.02,  0.00,  0.00,    5674981,    3399000,    2266000,   26563356, c++, elite, mult, 4
8508555.exe ,  0.13,  0.02,  0.02,  0.00,  0.00,    5636413,    2238000,    3357000,   26578924, c++, elite, mult, 4
8508555.exe ,  0.11,  0.02,  0.02,  0.00,  0.00,    5591426,    1873000,    3746000,   26254895, c++, elite, mult, 4
8508555.exe ,  0.13,  0.02,  0.02,  0.00,  0.00,    5673227,    2845000,    2845000,   26410737, c++, elite, mult, 4
8508555.exe ,  0.12,  0.02,  0.02,  0.00,  0.00,    5726415,    4790000,     958000,   26693086, c++, elite, mult, 4
8508555.exe ,  0.13,  0.02,  0.02,  0.00,  0.00,    5832367,    3904000,    1952000,   26931308, c++, elite, mult, 4
8508555.exe ,  0.13,  0.02,  0.02,  0.00,  0.00,    5592780,    5615000,          0,   26441812, c++, elite, mult, 4
8508555.exe ,  0.13,  0.02,  0.02,  0.00,  0.00,    5583408,    3747000,    1873000,   26028430, c++, elite, mult, 4
8508555.exe ,  0.11,  0.02,  0.02,  0.00,  0.00,    5637165,    3772000,    1886000,   26508162, c++, elite, mult, 4
