file,psys,pkg,cores,gpu,ram,duration_time,user_time,system_time,perf_time,lang,machine,cores,power_limit
1061805.exe ,  0.44,  0.07,  0.07,  0.00,  0.01,   22017083,   16118000,    5689000,   55473077, c++, elite, mult, 8
1061805.exe ,  0.34,  0.11,  0.10,  0.00,  0.01,   12449356,   11409000,    1037000,   26545952, c++, elite, mult, 8
1061805.exe ,  0.36,  0.11,  0.10,  0.00,  0.01,   12410378,   10512000,    1911000,   26204180, c++, elite, mult, 8
1061805.exe ,  0.31,  0.10,  0.10,  0.00,  0.01,   12524101,   10600000,    1927000,   26341909, c++, elite, mult, 8
1061805.exe ,  0.34,  0.11,  0.10,  0.00,  0.01,   12584378,   10637000,    1934000,   26296702, c++, elite, mult, 8
1061805.exe ,  0.33,  0.10,  0.10,  0.00,  0.01,   12486618,   11439000,    1039000,   26257485, c++, elite, mult, 8
1061805.exe ,  0.33,  0.10,  0.10,  0.00,  0.01,   12602245,   10665000,    1939000,   26460636, c++, elite, mult, 8
1061805.exe ,  0.31,  0.09,  0.09,  0.00,  0.01,   12426157,    9562000,    2868000,   25951516, c++, elite, mult, 8
1061805.exe ,  0.33,  0.10,  0.10,  0.00,  0.01,   12655961,    9735000,    2920000,   26533007, c++, elite, mult, 8
1061805.exe ,  0.33,  0.10,  0.10,  0.00,  0.01,   12389661,   11366000,    1033000,   26055286, c++, elite, mult, 8
1094941.exe ,  0.70,  0.21,  0.20,  0.00,  0.02,   27879681,   26885000,     995000,   41921206, c++, elite, mult, 8
1094941.exe ,  0.68,  0.22,  0.21,  0.00,  0.01,   27133425,   26052000,    1002000,   40458751, c++, elite, mult, 8
1094941.exe ,  0.68,  0.21,  0.20,  0.00,  0.01,   27192584,   26187000,    1007000,   40733262, c++, elite, mult, 8
1094941.exe ,  0.76,  0.22,  0.21,  0.00,  0.02,   27532652,   27536000,          0,   41087342, c++, elite, mult, 8
1094941.exe ,  0.71,  0.22,  0.21,  0.00,  0.01,   27408353,   26429000,     978000,   40894379, c++, elite, mult, 8
1094941.exe ,  0.70,  0.21,  0.20,  0.00,  0.01,   28281625,   26332000,    1950000,   41615240, c++, elite, mult, 8
1094941.exe ,  0.70,  0.22,  0.21,  0.00,  0.01,   27931377,   27934000,          0,   41246795, c++, elite, mult, 8
1094941.exe ,  0.69,  0.22,  0.21,  0.00,  0.01,   27233809,   26146000,    1005000,   41073941, c++, elite, mult, 8
1094941.exe ,  0.69,  0.22,  0.21,  0.00,  0.01,   27227021,   25215000,    2017000,   40887396, c++, elite, mult, 8
1094941.exe ,  0.69,  0.22,  0.21,  0.00,  0.01,   26896780,   25900000,     996000,   41067273, c++, elite, mult, 8
1133411.exe ,  0.79,  0.24,  0.23,  0.00,  0.02,   30404617,   30404000,          0,   43888928, c++, elite, mult, 8
1133411.exe ,  0.77,  0.24,  0.23,  0.00,  0.02,   30166159,   28157000,    2011000,   43991351, c++, elite, mult, 8
1133411.exe ,  0.79,  0.25,  0.23,  0.00,  0.02,   30683402,   29652000,     988000,   44143223, c++, elite, mult, 8
1133411.exe ,  0.77,  0.24,  0.23,  0.00,  0.02,   30334850,   26346000,    3903000,   43877658, c++, elite, mult, 8
1133411.exe ,  0.77,  0.24,  0.23,  0.00,  0.02,   30162570,   28149000,    2010000,   43638691, c++, elite, mult, 8
1133411.exe ,  0.77,  0.24,  0.23,  0.00,  0.02,   30150940,   28067000,    2004000,   43610914, c++, elite, mult, 8
1133411.exe ,  0.82,  0.24,  0.23,  0.00,  0.02,   29927063,   27913000,    1993000,   43312001, c++, elite, mult, 8
1133411.exe ,  0.79,  0.25,  0.23,  0.00,  0.02,   30175374,   30182000,          0,   43522913, c++, elite, mult, 8
1133411.exe ,  0.77,  0.24,  0.23,  0.00,  0.02,   29994513,   27990000,    1999000,   43649800, c++, elite, mult, 8
1133411.exe ,  0.76,  0.23,  0.22,  0.00,  0.02,   30213467,   28273000,    1949000,   43967013, c++, elite, mult, 8
1141022.exe ,  0.41,  0.11,  0.11,  0.00,  0.01,   16715168,   15718000,     982000,   32030986, c++, elite, mult, 8
1141022.exe ,  0.39,  0.12,  0.12,  0.00,  0.01,   15169374,   13155000,    2023000,   28731463, c++, elite, mult, 8
1141022.exe ,  0.39,  0.12,  0.12,  0.00,  0.01,   15255459,   13207000,    2031000,   29014982, c++, elite, mult, 8
1141022.exe ,  0.41,  0.13,  0.12,  0.00,  0.01,   15363526,   14340000,    1024000,   29096764, c++, elite, mult, 8
1141022.exe ,  0.41,  0.12,  0.12,  0.00,  0.01,   15574488,   15575000,          0,   29265730, c++, elite, mult, 8
1141022.exe ,  0.39,  0.12,  0.12,  0.00,  0.01,   15112969,   14099000,    1007000,   28574957, c++, elite, mult, 8
1141022.exe ,  0.41,  0.12,  0.12,  0.00,  0.01,   14986071,   13998000,     999000,   28694044, c++, elite, mult, 8
1141022.exe ,  0.44,  0.13,  0.12,  0.00,  0.01,   15342677,   15344000,          0,   28970409, c++, elite, mult, 8
1141022.exe ,  0.39,  0.12,  0.12,  0.00,  0.01,   15094202,   14095000,    1006000,   28639936, c++, elite, mult, 8
1141022.exe ,  0.39,  0.12,  0.12,  0.00,  0.01,   15194053,   14186000,    1013000,   28772014, c++, elite, mult, 8
1165956.exe ,  0.70,  0.22,  0.21,  0.00,  0.01,   26790076,   24744000,    1979000,   41220720, c++, elite, mult, 8
1165956.exe ,  0.69,  0.21,  0.20,  0.00,  0.02,   27237492,   25297000,    1945000,   40515805, c++, elite, mult, 8
1165956.exe ,  0.73,  0.21,  0.20,  0.00,  0.01,   27145844,   25152000,    2012000,   40322710, c++, elite, mult, 8
1165956.exe ,  0.68,  0.21,  0.20,  0.00,  0.01,   27202303,   27198000,          0,   40399287, c++, elite, mult, 8
1165956.exe ,  0.70,  0.21,  0.20,  0.00,  0.01,   27885128,   26887000,     995000,   41268754, c++, elite, mult, 8
1165956.exe ,  0.68,  0.21,  0.21,  0.00,  0.01,   26843271,   25843000,     993000,   40270036, c++, elite, mult, 8
1165956.exe ,  0.72,  0.22,  0.21,  0.00,  0.01,   27449734,   27455000,          0,   41334519, c++, elite, mult, 8
1165956.exe ,  0.75,  0.23,  0.23,  0.00,  0.02,   29420541,   28405000,    1014000,   43176368, c++, elite, mult, 8
1165956.exe ,  0.69,  0.22,  0.21,  0.00,  0.01,   26662323,   25694000,     988000,   40306385, c++, elite, mult, 8
1165956.exe ,  0.71,  0.22,  0.21,  0.00,  0.02,   28211720,   27206000,    1007000,   41949556, c++, elite, mult, 8
1344769.exe ,  0.71,  0.22,  0.21,  0.00,  0.01,   27576802,   26599000,     985000,   42271350, c++, elite, mult, 8
1344769.exe ,  0.68,  0.22,  0.21,  0.00,  0.01,   26950965,   26869000,          0,   40442498, c++, elite, mult, 8
1344769.exe ,  0.68,  0.21,  0.20,  0.00,  0.01,   27279148,   27276000,          0,   40873098, c++, elite, mult, 8
1344769.exe ,  0.69,  0.22,  0.21,  0.00,  0.01,   27027762,   24886000,    1990000,   40796148, c++, elite, mult, 8
1344769.exe ,  0.70,  0.21,  0.20,  0.00,  0.01,   27964081,   26965000,     998000,   41253988, c++, elite, mult, 8
1344769.exe ,  0.73,  0.21,  0.21,  0.00,  0.01,   27184803,   27199000,          0,   41338843, c++, elite, mult, 8
1344769.exe ,  0.70,  0.22,  0.21,  0.00,  0.02,   27112030,   25985000,     999000,   41431191, c++, elite, mult, 8
1344769.exe ,  0.68,  0.21,  0.20,  0.00,  0.01,   27129336,   26127000,    1004000,   40614311, c++, elite, mult, 8
1344769.exe ,  0.68,  0.20,  0.19,  0.00,  0.01,   28374257,   27370000,    1013000,   43019936, c++, elite, mult, 8
1344769.exe ,  0.69,  0.21,  0.21,  0.00,  0.01,   27264730,   24318000,    2918000,   40933803, c++, elite, mult, 8
1370229.exe ,  0.31,  0.10,  0.09,  0.00,  0.01,   11303147,    9424000,    1884000,   25227779, c++, elite, mult, 8
1370229.exe ,  0.33,  0.10,  0.09,  0.00,  0.01,   11326588,   11338000,          0,   24996063, c++, elite, mult, 8
1370229.exe ,  0.28,  0.09,  0.09,  0.00,  0.01,   11363690,   10343000,    1034000,   24707772, c++, elite, mult, 8
1370229.exe ,  0.28,  0.08,  0.08,  0.00,  0.01,   11821849,   10790000,     980000,   25649296, c++, elite, mult, 8
1370229.exe ,  0.31,  0.09,  0.09,  0.00,  0.01,   11461594,   10387000,    1038000,   24979336, c++, elite, mult, 8
1370229.exe ,  0.29,  0.09,  0.09,  0.00,  0.01,   11364636,   10347000,    1034000,   25158760, c++, elite, mult, 8
1370229.exe ,  0.31,  0.10,  0.09,  0.00,  0.01,   11558205,   11529000,          0,   25113799, c++, elite, mult, 8
1370229.exe ,  0.31,  0.09,  0.09,  0.00,  0.01,   11407942,   10462000,     951000,   25071940, c++, elite, mult, 8
1370229.exe ,  0.29,  0.09,  0.09,  0.00,  0.01,   11194472,   10180000,    1018000,   24880284, c++, elite, mult, 8
1370229.exe ,  0.28,  0.08,  0.09,  0.00,  0.01,   11699411,   10726000,     975000,   25742289, c++, elite, mult, 8
1435015.exe ,  0.37,  0.11,  0.11,  0.00,  0.01,   14213031,   11127000,    3034000,   27999097, c++, elite, mult, 8
1435015.exe ,  0.36,  0.11,  0.11,  0.00,  0.01,   14287482,   10483000,    3812000,   27904735, c++, elite, mult, 8
1435015.exe ,  0.41,  0.12,  0.11,  0.00,  0.01,   14526024,   13560000,     968000,   28169228, c++, elite, mult, 8
1435015.exe ,  0.36,  0.11,  0.11,  0.00,  0.01,   14349765,   13342000,    1026000,   28017694, c++, elite, mult, 8
1435015.exe ,  0.37,  0.11,  0.11,  0.00,  0.01,   14144093,   12123000,    2020000,   27494683, c++, elite, mult, 8
1435015.exe ,  0.36,  0.11,  0.11,  0.00,  0.01,   14313422,   12267000,    2044000,   28086421, c++, elite, mult, 8
1435015.exe ,  0.36,  0.11,  0.11,  0.00,  0.01,   14347462,   12304000,    2050000,   28073138, c++, elite, mult, 8
1435015.exe ,  0.39,  0.12,  0.11,  0.00,  0.01,   14586630,   10702000,    3891000,   28178464, c++, elite, mult, 8
1435015.exe ,  0.39,  0.12,  0.11,  0.00,  0.01,   14586920,   14596000,          0,   28260038, c++, elite, mult, 8
1435015.exe ,  0.37,  0.11,  0.11,  0.00,  0.01,   14467876,   12543000,    1929000,   28019627, c++, elite, mult, 8
1769104.exe ,  0.70,  0.21,  0.21,  0.00,  0.01,   27551975,   26529000,    1020000,   41204539, c++, elite, mult, 8
1769104.exe ,  0.75,  0.23,  0.22,  0.00,  0.02,   28942783,   28948000,          0,   42385784, c++, elite, mult, 8
1769104.exe ,  0.70,  0.22,  0.21,  0.00,  0.01,   26927243,   24929000,    1994000,   41372670, c++, elite, mult, 8
1769104.exe ,  0.70,  0.21,  0.20,  0.00,  0.01,   28174875,   27170000,    1006000,   41334370, c++, elite, mult, 8
1769104.exe ,  0.68,  0.21,  0.20,  0.00,  0.01,   27322068,   26353000,     976000,   40818130, c++, elite, mult, 8
1769104.exe ,  0.71,  0.21,  0.21,  0.00,  0.01,   27501509,   25542000,    1964000,   41105455, c++, elite, mult, 8
1769104.exe ,  0.70,  0.21,  0.21,  0.00,  0.01,   27662393,   25691000,    1976000,   41436227, c++, elite, mult, 8
1769104.exe ,  0.74,  0.21,  0.20,  0.00,  0.01,   28039947,   28043000,          0,   41778361, c++, elite, mult, 8
1769104.exe ,  0.70,  0.21,  0.20,  0.00,  0.01,   27626591,   26649000,     987000,   41426625, c++, elite, mult, 8
1769104.exe ,  0.71,  0.22,  0.21,  0.00,  0.01,   27542233,   25574000,    1967000,   40809500, c++, elite, mult, 8
1979579.exe ,  0.71,  0.22,  0.21,  0.00,  0.01,   27719675,   26737000,     990000,   41341848, c++, elite, mult, 8
1979579.exe ,  0.71,  0.22,  0.20,  0.00,  0.02,   27473340,   26491000,     981000,   41019986, c++, elite, mult, 8
1979579.exe ,  0.69,  0.22,  0.21,  0.00,  0.01,   27300796,   26325000,     975000,   40662207, c++, elite, mult, 8
1979579.exe ,  0.68,  0.21,  0.20,  0.00,  0.01,   27281810,   26276000,    1010000,   40888539, c++, elite, mult, 8
1979579.exe ,  0.73,  0.22,  0.21,  0.00,  0.01,   27369726,   26412000,     978000,   40984490, c++, elite, mult, 8
1979579.exe ,  0.75,  0.22,  0.21,  0.00,  0.01,   27268055,   26280000,     973000,   40565006, c++, elite, mult, 8
1979579.exe ,  0.69,  0.22,  0.21,  0.00,  0.01,   27322648,   26306000,    1011000,   40828566, c++, elite, mult, 8
1979579.exe ,  0.69,  0.22,  0.21,  0.00,  0.02,   27387864,   26270000,     972000,   40928675, c++, elite, mult, 8
1979579.exe ,  0.72,  0.22,  0.21,  0.00,  0.02,   27450354,   27458000,          0,   41333120, c++, elite, mult, 8
1979579.exe ,  0.72,  0.22,  0.21,  0.00,  0.02,   27431590,   27340000,          0,   41043730, c++, elite, mult, 8
1997948.exe ,  0.77,  0.24,  0.23,  0.00,  0.02,   30595018,   27616000,    2958000,   44655853, c++, elite, mult, 8
1997948.exe ,  0.76,  0.23,  0.23,  0.00,  0.02,   30398128,   28434000,    1961000,   44152754, c++, elite, mult, 8
1997948.exe ,  0.75,  0.24,  0.23,  0.00,  0.02,   29793909,   26769000,    2974000,   43935019, c++, elite, mult, 8
1997948.exe ,  0.82,  0.23,  0.23,  0.00,  0.02,   31120352,   29025000,    2001000,   44569524, c++, elite, mult, 8
1997948.exe ,  0.77,  0.23,  0.23,  0.00,  0.02,   31361628,   30368000,    1012000,   45175426, c++, elite, mult, 8
1997948.exe ,  0.78,  0.24,  0.23,  0.00,  0.02,   30027843,   27022000,    3002000,   43519437, c++, elite, mult, 8
1997948.exe ,  0.79,  0.24,  0.22,  0.00,  0.02,   31273133,   30259000,    1008000,   44913902, c++, elite, mult, 8
1997948.exe ,  0.80,  0.25,  0.23,  0.00,  0.02,   30357104,   30302000,          0,   43727086, c++, elite, mult, 8
1997948.exe ,  0.80,  0.25,  0.23,  0.00,  0.02,   30065879,   29075000,    1002000,   43355460, c++, elite, mult, 8
1997948.exe ,  0.79,  0.24,  0.23,  0.00,  0.02,   30460640,   28430000,    2030000,   43800551, c++, elite, mult, 8
2059363.exe ,  0.40,  0.12,  0.12,  0.00,  0.01,   14945334,   11915000,    2978000,   29230997, c++, elite, mult, 8
2059363.exe ,  0.42,  0.12,  0.11,  0.00,  0.01,   15012138,   12020000,    3005000,   28409903, c++, elite, mult, 8
2059363.exe ,  0.40,  0.12,  0.11,  0.00,  0.01,   15604451,   13656000,    1950000,   29449084, c++, elite, mult, 8
2059363.exe ,  0.39,  0.12,  0.11,  0.00,  0.01,   14985491,   12993000,    1998000,   28552597, c++, elite, mult, 8
2059363.exe ,  0.41,  0.12,  0.11,  0.00,  0.01,   15291264,   14270000,    1019000,   28845199, c++, elite, mult, 8
2059363.exe ,  0.39,  0.12,  0.11,  0.00,  0.01,   15089367,   14060000,    1004000,   28699218, c++, elite, mult, 8
2059363.exe ,  0.41,  0.12,  0.12,  0.00,  0.01,   15111900,   13103000,    2015000,   28747552, c++, elite, mult, 8
2059363.exe ,  0.41,  0.12,  0.11,  0.00,  0.01,   14984110,   12991000,    1998000,   28539863, c++, elite, mult, 8
2059363.exe ,  0.39,  0.12,  0.11,  0.00,  0.01,   15041053,   13036000,    2005000,   28775459, c++, elite, mult, 8
2059363.exe ,  0.39,  0.12,  0.11,  0.00,  0.01,   14880360,   11909000,    2977000,   28496394, c++, elite, mult, 8
2061586.exe ,  0.71,  0.22,  0.21,  0.00,  0.02,   26613283,   24604000,    1968000,   40793938, c++, elite, mult, 8
2061586.exe ,  0.72,  0.22,  0.21,  0.00,  0.01,   27342785,   27335000,          0,   40882218, c++, elite, mult, 8
2061586.exe ,  0.73,  0.22,  0.21,  0.00,  0.01,   27219521,   25118000,    2009000,   40799082, c++, elite, mult, 8
2061586.exe ,  0.71,  0.22,  0.20,  0.00,  0.01,   26936710,   25893000,     995000,   40163175, c++, elite, mult, 8
2061586.exe ,  0.72,  0.22,  0.21,  0.00,  0.01,   27202400,   27128000,          0,   40512812, c++, elite, mult, 8
2061586.exe ,  0.70,  0.22,  0.21,  0.00,  0.01,   27064923,   25065000,    2005000,   40477918, c++, elite, mult, 8
2061586.exe ,  0.69,  0.22,  0.21,  0.00,  0.01,   27135392,   26130000,    1005000,   40934118, c++, elite, mult, 8
2061586.exe ,  0.71,  0.21,  0.20,  0.00,  0.01,   27875284,   26882000,     995000,   41339092, c++, elite, mult, 8
2061586.exe ,  0.67,  0.21,  0.21,  0.00,  0.02,   26852973,   23976000,    2877000,   40266298, c++, elite, mult, 8
2061586.exe ,  0.69,  0.21,  0.20,  0.00,  0.01,   26930783,   24862000,    1988000,   40576850, c++, elite, mult, 8
2203032.exe ,  0.31,  0.10,  0.10,  0.00,  0.01,   12010646,   11015000,    1001000,   26220364, c++, elite, mult, 8
2203032.exe ,  0.30,  0.09,  0.09,  0.00,  0.01,   12634758,    9720000,    2916000,   26281631, c++, elite, mult, 8
2203032.exe ,  0.31,  0.10,  0.09,  0.00,  0.01,   12357410,   11418000,     951000,   26293322, c++, elite, mult, 8
2203032.exe ,  0.34,  0.10,  0.10,  0.00,  0.01,   12224973,   12233000,          0,   25714423, c++, elite, mult, 8
2203032.exe ,  0.31,  0.10,  0.10,  0.00,  0.01,   12482905,   11441000,    1040000,   26625906, c++, elite, mult, 8
2203032.exe ,  0.31,  0.09,  0.09,  0.00,  0.01,   12364768,   10438000,    1897000,   26044670, c++, elite, mult, 8
2203032.exe ,  0.31,  0.10,  0.09,  0.00,  0.01,   12132964,   10092000,    2018000,   25936465, c++, elite, mult, 8
2203032.exe ,  0.34,  0.10,  0.09,  0.00,  0.01,   12332991,   12345000,          0,   25830414, c++, elite, mult, 8
2203032.exe ,  0.34,  0.10,  0.10,  0.00,  0.01,   12251918,   12257000,          0,   26027908, c++, elite, mult, 8
2203032.exe ,  0.31,  0.10,  0.09,  0.00,  0.01,   12106218,   11124000,    1011000,   25920409, c++, elite, mult, 8
2203602.exe ,  0.69,  0.21,  0.21,  0.00,  0.01,   27616219,   26636000,     986000,   41454206, c++, elite, mult, 8
2203602.exe ,  0.72,  0.22,  0.21,  0.00,  0.02,   27525545,   25566000,    1966000,   41002371, c++, elite, mult, 8
2203602.exe ,  0.72,  0.22,  0.21,  0.00,  0.01,   27573271,   25539000,    2043000,   40937920, c++, elite, mult, 8
2203602.exe ,  0.74,  0.22,  0.21,  0.00,  0.01,   27323319,   26231000,    1008000,   41181804, c++, elite, mult, 8
2203602.exe ,  0.72,  0.21,  0.20,  0.00,  0.02,   28194591,   27183000,    1006000,   41973298, c++, elite, mult, 8
2203602.exe ,  0.71,  0.22,  0.21,  0.00,  0.01,   27879854,   26878000,     995000,   41266752, c++, elite, mult, 8
2203602.exe ,  0.69,  0.21,  0.21,  0.00,  0.01,   27808661,   24943000,    2878000,   41636819, c++, elite, mult, 8
2203602.exe ,  0.71,  0.22,  0.21,  0.00,  0.01,   27888304,   25905000,    1992000,   41644487, c++, elite, mult, 8
2203602.exe ,  0.72,  0.22,  0.21,  0.00,  0.01,   27665107,   27663000,          0,   41056701, c++, elite, mult, 8
2203602.exe ,  0.71,  0.22,  0.21,  0.00,  0.02,   28148567,   27162000,    1006000,   42108279, c++, elite, mult, 8
2207605.exe ,  0.32,  0.10,  0.10,  0.00,  0.01,   12320311,    9477000,    2843000,   26173307, c++, elite, mult, 8
2207605.exe ,  0.34,  0.11,  0.10,  0.00,  0.01,   12421205,    8599000,    3821000,   25995125, c++, elite, mult, 8
2207605.exe ,  0.34,  0.10,  0.10,  0.00,  0.01,   12572885,   10641000,    1934000,   25998080, c++, elite, mult, 8
2207605.exe ,  0.31,  0.10,  0.10,  0.00,  0.01,   12318715,   11299000,    1027000,   26189048, c++, elite, mult, 8
2207605.exe ,  0.31,  0.10,  0.09,  0.00,  0.01,   12437807,   10516000,    1912000,   26413954, c++, elite, mult, 8
2207605.exe ,  0.33,  0.10,  0.09,  0.00,  0.01,   12691766,   11711000,     975000,   26474353, c++, elite, mult, 8
2207605.exe ,  0.31,  0.10,  0.10,  0.00,  0.01,   12414134,    8597000,    3820000,   26370445, c++, elite, mult, 8
2207605.exe ,  0.31,  0.10,  0.10,  0.00,  0.01,   12572066,   10451000,    2090000,   26379925, c++, elite, mult, 8
2207605.exe ,  0.33,  0.10,  0.09,  0.00,  0.01,   12360539,   10302000,    2060000,   26355795, c++, elite, mult, 8
2207605.exe ,  0.33,  0.10,  0.09,  0.00,  0.01,   12749865,    9801000,    2940000,   26479763, c++, elite, mult, 8
2213898.exe ,  0.83,  0.24,  0.23,  0.00,  0.02,   31074331,   29072000,    2005000,   44962431, c++, elite, mult, 8
2213898.exe ,  0.76,  0.24,  0.23,  0.00,  0.02,   30088084,   28089000,    2006000,   43937449, c++, elite, mult, 8
2213898.exe ,  0.77,  0.24,  0.23,  0.00,  0.02,   29978621,   28933000,     997000,   43924359, c++, elite, mult, 8
2213898.exe ,  0.79,  0.24,  0.23,  0.00,  0.02,   30401850,   28375000,    2026000,   43835011, c++, elite, mult, 8
2213898.exe ,  0.76,  0.24,  0.23,  0.00,  0.02,   30110240,   29082000,    1002000,   43312846, c++, elite, mult, 8
2213898.exe ,  0.76,  0.24,  0.23,  0.00,  0.02,   29805729,   27777000,    1984000,   43467468, c++, elite, mult, 8
2213898.exe ,  0.76,  0.24,  0.23,  0.00,  0.02,   30176131,   30201000,          0,   43640986, c++, elite, mult, 8
2213898.exe ,  0.77,  0.24,  0.23,  0.00,  0.02,   30196006,   29191000,    1006000,   43581153, c++, elite, mult, 8
2213898.exe ,  0.79,  0.24,  0.23,  0.00,  0.02,   30054046,   29057000,    1001000,   43634227, c++, elite, mult, 8
2213898.exe ,  0.77,  0.24,  0.23,  0.00,  0.02,   30000238,   28940000,     997000,   43722399, c++, elite, mult, 8
2231071.exe ,  0.68,  0.21,  0.21,  0.00,  0.01,   27398391,   26390000,    1015000,   41880435, c++, elite, mult, 8
2231071.exe ,  0.70,  0.21,  0.21,  0.00,  0.01,   27393773,   25438000,    1956000,   41005404, c++, elite, mult, 8
2231071.exe ,  0.70,  0.22,  0.21,  0.00,  0.01,   27237783,   26255000,     972000,   40869731, c++, elite, mult, 8
2231071.exe ,  0.76,  0.22,  0.21,  0.00,  0.02,   27563270,   27481000,          0,   40921253, c++, elite, mult, 8
2231071.exe ,  0.71,  0.22,  0.21,  0.00,  0.01,   27900591,   27890000,          0,   41321438, c++, elite, mult, 8
2231071.exe ,  0.72,  0.22,  0.21,  0.00,  0.01,   27802507,   26810000,     992000,   41502422, c++, elite, mult, 8
2231071.exe ,  0.71,  0.22,  0.21,  0.00,  0.02,   27618881,   26603000,    1023000,   41930061, c++, elite, mult, 8
2231071.exe ,  0.70,  0.21,  0.20,  0.00,  0.01,   28098596,   26091000,    2007000,   41280437, c++, elite, mult, 8
2231071.exe ,  0.69,  0.21,  0.21,  0.00,  0.01,   27515379,   26496000,    1019000,   41046821, c++, elite, mult, 8
2231071.exe ,  0.69,  0.22,  0.21,  0.00,  0.01,   27557133,   24604000,    2952000,   41242167, c++, elite, mult, 8
2366368.exe ,  0.80,  0.22,  0.21,  0.00,  0.02,   32552987,   31574000,     986000,   47556726, c++, elite, mult, 8
2366368.exe ,  0.79,  0.25,  0.23,  0.00,  0.02,   30343981,   29248000,    1008000,   43947158, c++, elite, mult, 8
2366368.exe ,  0.78,  0.25,  0.23,  0.00,  0.02,   30294388,   29220000,    1007000,   43769334, c++, elite, mult, 8
2366368.exe ,  0.78,  0.23,  0.22,  0.00,  0.02,   31074907,   30078000,    1002000,   44553125, c++, elite, mult, 8
2366368.exe ,  0.76,  0.24,  0.23,  0.00,  0.02,   30370756,   29271000,    1009000,   43720147, c++, elite, mult, 8
2366368.exe ,  0.83,  0.24,  0.23,  0.00,  0.02,   31088181,   29099000,    2006000,   44243675, c++, elite, mult, 8
2366368.exe ,  0.76,  0.23,  0.22,  0.00,  0.02,   30476802,   28435000,    2031000,   44160085, c++, elite, mult, 8
2366368.exe ,  0.76,  0.24,  0.23,  0.00,  0.02,   30200697,   26174000,    4026000,   43864143, c++, elite, mult, 8
2366368.exe ,  0.78,  0.24,  0.23,  0.00,  0.02,   30735872,   29640000,     988000,   44472317, c++, elite, mult, 8
2366368.exe ,  0.75,  0.23,  0.23,  0.00,  0.02,   30505609,   29477000,    1016000,   44239905, c++, elite, mult, 8
237541.exe  ,  0.31,  0.08,  0.08,  0.00,  0.01,   11964623,    9980000,    1996000,   26760021, c++, elite, mult, 8
237541.exe  ,  0.31,  0.08,  0.08,  0.00,  0.01,   12194151,   10321000,    1876000,   27163933, c++, elite, mult, 8
237541.exe  ,  0.28,  0.09,  0.09,  0.00,  0.01,   11277874,    9409000,    1881000,   24833880, c++, elite, mult, 8
237541.exe  ,  0.31,  0.10,  0.09,  0.00,  0.01,   11380683,   11383000,          0,   25211371, c++, elite, mult, 8
237541.exe  ,  0.27,  0.08,  0.08,  0.00,  0.01,   11459090,   11468000,          0,   25277952, c++, elite, mult, 8
237541.exe  ,  0.28,  0.09,  0.09,  0.00,  0.01,   11433518,    8580000,    2860000,   25121954, c++, elite, mult, 8
237541.exe  ,  0.31,  0.10,  0.09,  0.00,  0.01,   11348363,   11348000,          0,   24666166, c++, elite, mult, 8
237541.exe  ,  0.31,  0.10,  0.09,  0.00,  0.01,   11242007,   10232000,    1023000,   25010348, c++, elite, mult, 8
237541.exe  ,  0.28,  0.09,  0.09,  0.00,  0.01,   11231999,   10222000,    1022000,   24928848, c++, elite, mult, 8
237541.exe  ,  0.29,  0.09,  0.09,  0.00,  0.01,   11443564,   11402000,          0,   25077435, c++, elite, mult, 8
2407087.exe ,  0.70,  0.22,  0.21,  0.00,  0.02,   26540464,   26549000,          0,   40457908, c++, elite, mult, 8
2407087.exe ,  0.69,  0.22,  0.21,  0.00,  0.01,   27328240,   25311000,    2024000,   41127691, c++, elite, mult, 8
2407087.exe ,  0.69,  0.21,  0.21,  0.00,  0.01,   27226857,   25292000,    1945000,   40558041, c++, elite, mult, 8
2407087.exe ,  0.71,  0.21,  0.20,  0.00,  0.02,   27974390,   26056000,    1930000,   41841085, c++, elite, mult, 8
2407087.exe ,  0.68,  0.21,  0.20,  0.00,  0.01,   27527542,   27533000,          0,   41354439, c++, elite, mult, 8
2407087.exe ,  0.74,  0.21,  0.20,  0.00,  0.01,   28000648,   25006000,    3000000,   41292910, c++, elite, mult, 8
2407087.exe ,  0.72,  0.22,  0.21,  0.00,  0.01,   27437524,   27441000,          0,   41225704, c++, elite, mult, 8
2407087.exe ,  0.68,  0.21,  0.21,  0.00,  0.01,   27260019,   26262000,    1010000,   41094199, c++, elite, mult, 8
2407087.exe ,  0.70,  0.22,  0.20,  0.00,  0.01,   27789400,   27794000,          0,   41618682, c++, elite, mult, 8
2407087.exe ,  0.68,  0.21,  0.21,  0.00,  0.01,   27405783,   26391000,    1015000,   41185236, c++, elite, mult, 8
2481996.exe ,  0.83,  0.24,  0.23,  0.00,  0.02,   30259806,   28318000,    1952000,   43863340, c++, elite, mult, 8
2481996.exe ,  0.75,  0.23,  0.22,  0.00,  0.02,   30761649,   27764000,    2974000,   44398161, c++, elite, mult, 8
2481996.exe ,  0.76,  0.24,  0.23,  0.00,  0.02,   29433658,   27398000,    2029000,   43308516, c++, elite, mult, 8
2481996.exe ,  0.79,  0.23,  0.22,  0.00,  0.02,   30958471,   28965000,    1997000,   44428508, c++, elite, mult, 8
2481996.exe ,  0.76,  0.24,  0.23,  0.00,  0.02,   29938535,   27948000,    1996000,   43691657, c++, elite, mult, 8
2481996.exe ,  0.79,  0.23,  0.22,  0.00,  0.02,   31255886,   29234000,    1948000,   44780441, c++, elite, mult, 8
2481996.exe ,  0.77,  0.24,  0.23,  0.00,  0.02,   30005856,   28971000,     999000,   43585873, c++, elite, mult, 8
2481996.exe ,  0.78,  0.24,  0.23,  0.00,  0.02,   31023789,   29991000,     999000,   44916314, c++, elite, mult, 8
2481996.exe ,  0.82,  0.23,  0.22,  0.00,  0.02,   30124648,   29118000,    1004000,   43655549, c++, elite, mult, 8
2481996.exe ,  0.77,  0.24,  0.23,  0.00,  0.02,   29930748,   26988000,    2891000,   43792815, c++, elite, mult, 8
2591738.exe ,  0.31,  0.09,  0.08,  0.00,  0.01,   12212890,   12137000,          0,   26539215, c++, elite, mult, 8
2591738.exe ,  0.31,  0.10,  0.09,  0.00,  0.01,   11947718,   10957000,     996000,   25811703, c++, elite, mult, 8
2591738.exe ,  0.33,  0.09,  0.09,  0.00,  0.01,   11728515,   10671000,    1067000,   25232069, c++, elite, mult, 8
2591738.exe ,  0.32,  0.10,  0.09,  0.00,  0.01,   11857532,   11876000,          0,   25133637, c++, elite, mult, 8
2591738.exe ,  0.29,  0.09,  0.09,  0.00,  0.01,   11562915,    9641000,    1928000,   25360453, c++, elite, mult, 8
2591738.exe ,  0.31,  0.10,  0.09,  0.00,  0.01,   11838847,   10858000,     987000,   25233087, c++, elite, mult, 8
2591738.exe ,  0.31,  0.10,  0.09,  0.00,  0.01,   11899848,    9834000,    1966000,   25673871, c++, elite, mult, 8
2591738.exe ,  0.31,  0.10,  0.09,  0.00,  0.01,   11779315,   11781000,          0,   24873390, c++, elite, mult, 8
2591738.exe ,  0.31,  0.09,  0.09,  0.00,  0.01,   11899329,    9915000,    1983000,   25181307, c++, elite, mult, 8
2591738.exe ,  0.31,  0.10,  0.09,  0.00,  0.01,   11755832,   11746000,          0,   24928002, c++, elite, mult, 8
2736242.exe ,  0.33,  0.10,  0.10,  0.00,  0.01,   11569774,   11597000,          0,   25779529, c++, elite, mult, 8
2736242.exe ,  0.31,  0.10,  0.09,  0.00,  0.01,   11591029,   10635000,     966000,   25237958, c++, elite, mult, 8
2736242.exe ,  0.31,  0.10,  0.09,  0.00,  0.01,   11849443,   10599000,     963000,   25599135, c++, elite, mult, 8
2736242.exe ,  0.32,  0.10,  0.09,  0.00,  0.01,   11797155,   11732000,          0,   25211328, c++, elite, mult, 8
2736242.exe ,  0.29,  0.09,  0.09,  0.00,  0.01,   11523547,    9608000,    1921000,   25068126, c++, elite, mult, 8
2736242.exe ,  0.31,  0.10,  0.09,  0.00,  0.01,   11854939,   10870000,     988000,   25419402, c++, elite, mult, 8
2736242.exe ,  0.32,  0.10,  0.09,  0.00,  0.01,   11649829,    9672000,    1934000,   25464884, c++, elite, mult, 8
2736242.exe ,  0.29,  0.09,  0.09,  0.00,  0.01,   11631006,   10676000,     970000,   25291177, c++, elite, mult, 8
2736242.exe ,  0.34,  0.10,  0.09,  0.00,  0.01,   11604539,   11592000,          0,   25507085, c++, elite, mult, 8
2736242.exe ,  0.28,  0.08,  0.09,  0.00,  0.01,   11761968,    9790000,    1958000,   25519117, c++, elite, mult, 8
2745547.exe ,  0.73,  0.23,  0.21,  0.00,  0.02,   27200350,   25204000,    1938000,   41085554, c++, elite, mult, 8
2745547.exe ,  0.74,  0.22,  0.21,  0.00,  0.01,   27414951,   25381000,    1952000,   41058143, c++, elite, mult, 8
2745547.exe ,  0.70,  0.21,  0.20,  0.00,  0.01,   28179802,   27183000,    1006000,   41689359, c++, elite, mult, 8
2745547.exe ,  0.73,  0.22,  0.21,  0.00,  0.02,   27694343,   27694000,          0,   41382254, c++, elite, mult, 8
2745547.exe ,  0.75,  0.22,  0.21,  0.00,  0.01,   27442505,   26468000,     980000,   41153806, c++, elite, mult, 8
2745547.exe ,  0.71,  0.21,  0.21,  0.00,  0.01,   28431466,   27423000,    1015000,   42264286, c++, elite, mult, 8
2745547.exe ,  0.72,  0.23,  0.21,  0.00,  0.01,   27770892,   27790000,          0,   41397836, c++, elite, mult, 8
2745547.exe ,  0.70,  0.22,  0.21,  0.00,  0.01,   27144426,   26049000,    1001000,   40884899, c++, elite, mult, 8
2745547.exe ,  0.70,  0.22,  0.21,  0.00,  0.02,   26974419,   25976000,     999000,   40793195, c++, elite, mult, 8
2745547.exe ,  0.69,  0.21,  0.21,  0.00,  0.01,   27389810,   26366000,    1014000,   41197799, c++, elite, mult, 8
2774509.exe ,  0.80,  0.25,  0.24,  0.00,  0.02,   30885068,   29889000,     996000,   45078957, c++, elite, mult, 8
2774509.exe ,  0.89,  0.27,  0.26,  0.00,  0.02,   34533105,   32567000,    1973000,   49244679, c++, elite, mult, 8
2774509.exe ,  0.79,  0.25,  0.24,  0.00,  0.02,   31237637,   29121000,    2008000,   44608683, c++, elite, mult, 8
2774509.exe ,  0.78,  0.23,  0.22,  0.00,  0.02,   32302219,   30299000,    2019000,   45968700, c++, elite, mult, 8
2774509.exe ,  0.78,  0.24,  0.23,  0.00,  0.02,   30785337,   28805000,    1986000,   44345852, c++, elite, mult, 8
2774509.exe ,  0.79,  0.24,  0.23,  0.00,  0.02,   30843206,   29823000,    1028000,   44399366, c++, elite, mult, 8
2774509.exe ,  0.83,  0.24,  0.24,  0.00,  0.02,   31287172,   28358000,    2933000,   44758223, c++, elite, mult, 8
2774509.exe ,  0.78,  0.24,  0.23,  0.00,  0.02,   30887341,   29863000,    1029000,   44203947, c++, elite, mult, 8
2774509.exe ,  0.80,  0.25,  0.24,  0.00,  0.02,   30846054,   29822000,    1028000,   44238271, c++, elite, mult, 8
2774509.exe ,  0.79,  0.24,  0.23,  0.00,  0.02,   30992947,   28988000,    1999000,   44642519, c++, elite, mult, 8
2780834.exe ,  0.84,  0.23,  0.22,  0.00,  0.02,   31021545,   27949000,    2994000,   46073185, c++, elite, mult, 8
2780834.exe ,  0.81,  0.24,  0.22,  0.00,  0.02,   29486861,   28514000,     983000,   43059363, c++, elite, mult, 8
2780834.exe ,  0.76,  0.23,  0.22,  0.00,  0.02,   29244330,   26280000,    2920000,   42338759, c++, elite, mult, 8
2780834.exe ,  0.79,  0.23,  0.22,  0.00,  0.02,   29566345,   27607000,    1971000,   42768791, c++, elite, mult, 8
2780834.exe ,  0.77,  0.24,  0.23,  0.00,  0.02,   29606721,   27631000,    1973000,   42827554, c++, elite, mult, 8
2780834.exe ,  0.76,  0.22,  0.22,  0.00,  0.02,   29465897,   27435000,    2032000,   43274220, c++, elite, mult, 8
2780834.exe ,  0.77,  0.23,  0.22,  0.00,  0.02,   29773479,   29704000,          0,   43599259, c++, elite, mult, 8
2780834.exe ,  0.74,  0.23,  0.22,  0.00,  0.02,   29216190,   28142000,    1005000,   42884858, c++, elite, mult, 8
2780834.exe ,  0.83,  0.23,  0.22,  0.00,  0.02,   29720286,   28735000,     990000,   43504656, c++, elite, mult, 8
2780834.exe ,  0.75,  0.23,  0.22,  0.00,  0.02,   28998751,   29006000,          0,   43333896, c++, elite, mult, 8
2832245.exe ,  0.75,  0.24,  0.23,  0.00,  0.02,   28979480,   27935000,     997000,   43544956, c++, elite, mult, 8
2832245.exe ,  0.75,  0.24,  0.23,  0.00,  0.02,   29100226,   28098000,    1003000,   42969140, c++, elite, mult, 8
2832245.exe ,  0.77,  0.24,  0.22,  0.00,  0.02,   29161549,   28085000,    1003000,   42768263, c++, elite, mult, 8
2832245.exe ,  0.79,  0.23,  0.22,  0.00,  0.02,   28990044,   28996000,          0,   42552516, c++, elite, mult, 8
2832245.exe ,  0.76,  0.24,  0.22,  0.00,  0.02,   29504547,   27535000,    1966000,   42996578, c++, elite, mult, 8
2832245.exe ,  0.76,  0.23,  0.22,  0.00,  0.02,   29832417,   27853000,    1989000,   43347336, c++, elite, mult, 8
2832245.exe ,  0.73,  0.23,  0.22,  0.00,  0.02,   29382174,   27353000,    2026000,   43344017, c++, elite, mult, 8
2832245.exe ,  0.76,  0.23,  0.22,  0.00,  0.02,   29796001,   28808000,     993000,   43353276, c++, elite, mult, 8
2832245.exe ,  0.77,  0.24,  0.22,  0.00,  0.02,   29442602,   29368000,          0,   43123508, c++, elite, mult, 8
2832245.exe ,  0.77,  0.23,  0.22,  0.00,  0.02,   29139086,   28132000,    1004000,   42614235, c++, elite, mult, 8
2847173.exe ,  0.32,  0.10,  0.09,  0.00,  0.01,   11386880,    9492000,    1898000,   25409685, c++, elite, mult, 8
2847173.exe ,  0.34,  0.10,  0.09,  0.00,  0.01,   11904337,   11909000,          0,   25250650, c++, elite, mult, 8
2847173.exe ,  0.32,  0.10,  0.09,  0.00,  0.01,   11656047,   10688000,     971000,   24966485, c++, elite, mult, 8
2847173.exe ,  0.31,  0.10,  0.09,  0.00,  0.01,   11892000,   11898000,          0,   25104951, c++, elite, mult, 8
2847173.exe ,  0.32,  0.10,  0.09,  0.00,  0.01,   11622318,    9687000,    1937000,   24999296, c++, elite, mult, 8
2847173.exe ,  0.31,  0.10,  0.09,  0.00,  0.01,   11621639,   10584000,    1058000,   25259168, c++, elite, mult, 8
2847173.exe ,  0.31,  0.09,  0.09,  0.00,  0.01,   11826504,   10820000,     983000,   25441827, c++, elite, mult, 8
2847173.exe ,  0.31,  0.10,  0.09,  0.00,  0.01,   11676861,   11682000,          0,   25395578, c++, elite, mult, 8
2847173.exe ,  0.28,  0.09,  0.09,  0.00,  0.01,   11727510,   11726000,          0,   25653488, c++, elite, mult, 8
2847173.exe ,  0.28,  0.09,  0.09,  0.00,  0.01,   11610853,    9719000,    1943000,   25327231, c++, elite, mult, 8
2913642.exe ,  0.32,  0.10,  0.10,  0.00,  0.01,   11881577,   10069000,    1830000,   25807609, c++, elite, mult, 8
2913642.exe ,  0.31,  0.10,  0.10,  0.00,  0.01,   12331989,   12331000,          0,   25712526, c++, elite, mult, 8
2913642.exe ,  0.32,  0.10,  0.09,  0.00,  0.01,   12158070,   11154000,    1014000,   25799702, c++, elite, mult, 8
2913642.exe ,  0.34,  0.10,  0.09,  0.00,  0.01,   12543737,   12538000,          0,   25758540, c++, elite, mult, 8
2913642.exe ,  0.31,  0.09,  0.09,  0.00,  0.01,   12335060,   10451000,    1900000,   26066346, c++, elite, mult, 8
2913642.exe ,  0.31,  0.10,  0.09,  0.00,  0.01,   12366936,   10474000,    1904000,   25738915, c++, elite, mult, 8
2913642.exe ,  0.31,  0.10,  0.10,  0.00,  0.01,   12313881,   10247000,    2049000,   26421840, c++, elite, mult, 8
2913642.exe ,  0.36,  0.10,  0.09,  0.00,  0.01,   12171041,   11107000,    1009000,   25820003, c++, elite, mult, 8
2913642.exe ,  0.31,  0.10,  0.10,  0.00,  0.01,   12239323,   11219000,    1019000,   25976277, c++, elite, mult, 8
2913642.exe ,  0.31,  0.09,  0.09,  0.00,  0.01,   12270837,   10207000,    2041000,   25950790, c++, elite, mult, 8
3184306.exe ,  0.75,  0.24,  0.23,  0.00,  0.02,   29322481,   26339000,    2926000,   43481693, c++, elite, mult, 8
3184306.exe ,  0.74,  0.23,  0.23,  0.00,  0.02,   29356936,   28270000,    1009000,   42714438, c++, elite, mult, 8
3184306.exe ,  0.75,  0.23,  0.22,  0.00,  0.02,   29961219,   28883000,     995000,   43619852, c++, elite, mult, 8
3184306.exe ,  0.77,  0.24,  0.23,  0.00,  0.02,   29415621,   28305000,    1010000,   42945656, c++, elite, mult, 8
3184306.exe ,  0.74,  0.23,  0.22,  0.00,  0.02,   29422870,   27368000,    2027000,   43102313, c++, elite, mult, 8
3184306.exe ,  0.82,  0.24,  0.22,  0.00,  0.02,   29396597,   25478000,    3919000,   42722638, c++, elite, mult, 8
3184306.exe ,  0.74,  0.23,  0.22,  0.00,  0.02,   29552583,   26604000,    2956000,   43212840, c++, elite, mult, 8
3184306.exe ,  0.73,  0.23,  0.22,  0.00,  0.02,   29440984,   28394000,    1014000,   42923137, c++, elite, mult, 8
3184306.exe ,  0.77,  0.24,  0.23,  0.00,  0.02,   29629142,   28572000,     985000,   43293428, c++, elite, mult, 8
3184306.exe ,  0.76,  0.24,  0.22,  0.00,  0.02,   29347628,   27317000,    1951000,   42708294, c++, elite, mult, 8
3187447.exe ,  0.33,  0.10,  0.09,  0.00,  0.01,   11310962,   10280000,    1028000,   25460418, c++, elite, mult, 8
3187447.exe ,  0.28,  0.09,  0.09,  0.00,  0.01,   11414341,    9330000,    2073000,   25275138, c++, elite, mult, 8
3187447.exe ,  0.29,  0.09,  0.09,  0.00,  0.01,   11513513,   10564000,     960000,   25448915, c++, elite, mult, 8
3187447.exe ,  0.31,  0.09,  0.09,  0.00,  0.01,   11600413,    9664000,    1932000,   25029770, c++, elite, mult, 8
3187447.exe ,  0.29,  0.09,  0.09,  0.00,  0.01,   11292660,   10271000,    1027000,   25128259, c++, elite, mult, 8
3187447.exe ,  0.31,  0.10,  0.09,  0.00,  0.01,   11454116,   11470000,          0,   25293311, c++, elite, mult, 8
3187447.exe ,  0.31,  0.10,  0.09,  0.00,  0.01,   11420846,   10472000,     952000,   25097769, c++, elite, mult, 8
3187447.exe ,  0.28,  0.09,  0.09,  0.00,  0.01,   11523993,   10419000,    1041000,   25220990, c++, elite, mult, 8
3187447.exe ,  0.28,  0.09,  0.09,  0.00,  0.01,   11460048,    7642000,    3821000,   25033279, c++, elite, mult, 8
3187447.exe ,  0.33,  0.10,  0.09,  0.00,  0.01,   11432910,    9531000,    1906000,   25119004, c++, elite, mult, 8
3234095.exe ,  0.74,  0.23,  0.22,  0.00,  0.02,   29531313,   27497000,    2036000,   43181356, c++, elite, mult, 8
3234095.exe ,  0.74,  0.23,  0.22,  0.00,  0.02,   29418939,   27476000,    1962000,   42910570, c++, elite, mult, 8
3234095.exe ,  0.74,  0.23,  0.22,  0.00,  0.02,   29089270,   27090000,    2006000,   42656310, c++, elite, mult, 8
3234095.exe ,  0.73,  0.23,  0.23,  0.00,  0.02,   29844699,   29841000,          0,   43280574, c++, elite, mult, 8
3234095.exe ,  0.83,  0.24,  0.22,  0.00,  0.02,   30298595,   30305000,          0,   44348865, c++, elite, mult, 8
3234095.exe ,  0.75,  0.23,  0.22,  0.00,  0.02,   30181136,   28170000,    2012000,   43806574, c++, elite, mult, 8
3234095.exe ,  0.74,  0.23,  0.22,  0.00,  0.02,   29292817,   27223000,    2016000,   42811439, c++, elite, mult, 8
3234095.exe ,  0.75,  0.23,  0.22,  0.00,  0.02,   29269481,   28247000,    1008000,   42603468, c++, elite, mult, 8
3234095.exe ,  0.75,  0.23,  0.22,  0.00,  0.02,   29403328,   27449000,    1960000,   42789293, c++, elite, mult, 8
3234095.exe ,  0.73,  0.23,  0.22,  0.00,  0.02,   29453169,   29467000,          0,   42626133, c++, elite, mult, 8
3235338.exe ,  0.77,  0.25,  0.23,  0.00,  0.02,   29843689,   28805000,     993000,   45153888, c++, elite, mult, 8
3235338.exe ,  0.74,  0.23,  0.22,  0.00,  0.02,   29463648,   27383000,    2028000,   43281760, c++, elite, mult, 8
3235338.exe ,  0.77,  0.24,  0.23,  0.00,  0.02,   29766394,   28694000,     989000,   43145794, c++, elite, mult, 8
3235338.exe ,  0.77,  0.24,  0.23,  0.00,  0.02,   29847914,   26874000,    2986000,   43368233, c++, elite, mult, 8
3235338.exe ,  0.76,  0.24,  0.23,  0.00,  0.02,   29882093,   26879000,    2986000,   43218650, c++, elite, mult, 8
3235338.exe ,  0.76,  0.24,  0.23,  0.00,  0.02,   29896285,   28871000,     995000,   43987325, c++, elite, mult, 8
3235338.exe ,  0.84,  0.23,  0.23,  0.00,  0.02,   30090466,   29065000,    1002000,   43877516, c++, elite, mult, 8
3235338.exe ,  0.77,  0.24,  0.23,  0.00,  0.02,   29992158,   27975000,    1998000,   43721218, c++, elite, mult, 8
3235338.exe ,  0.77,  0.24,  0.23,  0.00,  0.02,   30012475,   29013000,    1000000,   43311900, c++, elite, mult, 8
3235338.exe ,  0.79,  0.24,  0.23,  0.00,  0.02,   29822098,   28842000,     994000,   43541505, c++, elite, mult, 8
3236787.exe ,  0.77,  0.24,  0.23,  0.00,  0.02,   30153825,   30064000,          0,   44013910, c++, elite, mult, 8
3236787.exe ,  0.82,  0.24,  0.23,  0.00,  0.02,   30275521,   28263000,    2018000,   43960855, c++, elite, mult, 8
3236787.exe ,  0.80,  0.24,  0.23,  0.00,  0.02,   30028684,   28033000,    2002000,   43738401, c++, elite, mult, 8
3236787.exe ,  0.81,  0.24,  0.22,  0.00,  0.02,   31371353,   29413000,    1960000,   44801364, c++, elite, mult, 8
3236787.exe ,  0.76,  0.24,  0.23,  0.00,  0.02,   30093518,   28086000,    2006000,   43671195, c++, elite, mult, 8
3236787.exe ,  0.82,  0.25,  0.24,  0.00,  0.02,   30391557,   30415000,          0,   44312076, c++, elite, mult, 8
3236787.exe ,  0.78,  0.24,  0.23,  0.00,  0.02,   30400426,   27463000,    2942000,   43750259, c++, elite, mult, 8
3236787.exe ,  0.78,  0.24,  0.23,  0.00,  0.02,   30220041,   28212000,    2015000,   43689069, c++, elite, mult, 8
3236787.exe ,  0.80,  0.24,  0.23,  0.00,  0.02,   30622668,   28651000,    1975000,   43953448, c++, elite, mult, 8
3236787.exe ,  0.83,  0.23,  0.22,  0.00,  0.02,   30759607,   28782000,    1985000,   44484051, c++, elite, mult, 8
3270012.exe ,  0.77,  0.24,  0.23,  0.00,  0.02,   30157955,   29153000,    1005000,   44148044, c++, elite, mult, 8
3270012.exe ,  0.79,  0.25,  0.23,  0.00,  0.02,   30165352,   28162000,    1942000,   43740306, c++, elite, mult, 8
3270012.exe ,  0.81,  0.24,  0.22,  0.00,  0.02,   30227713,   28281000,    1950000,   43799618, c++, elite, mult, 8
3270012.exe ,  0.80,  0.24,  0.23,  0.00,  0.02,   31237962,   30251000,    1008000,   44927920, c++, elite, mult, 8
3270012.exe ,  0.86,  0.25,  0.23,  0.00,  0.02,   30631137,   26686000,    3953000,   44223086, c++, elite, mult, 8
3270012.exe ,  0.76,  0.23,  0.23,  0.00,  0.02,   30265159,   28246000,    2017000,   43873393, c++, elite, mult, 8
3270012.exe ,  0.77,  0.24,  0.23,  0.00,  0.02,   30345726,   27371000,    2932000,   43664158, c++, elite, mult, 8
3270012.exe ,  0.77,  0.24,  0.23,  0.00,  0.02,   29700594,   27723000,    1980000,   43250848, c++, elite, mult, 8
3270012.exe ,  0.77,  0.24,  0.23,  0.00,  0.02,   29623200,   26596000,    2955000,   43295394, c++, elite, mult, 8
3270012.exe ,  0.76,  0.24,  0.23,  0.00,  0.02,   29891233,   29963000,          0,   43194295, c++, elite, mult, 8
3477485.exe ,  0.70,  0.22,  0.20,  0.00,  0.01,   27646110,   25684000,    1975000,   42432947, c++, elite, mult, 8
3477485.exe ,  0.72,  0.22,  0.21,  0.00,  0.02,   28213700,   28223000,          0,   41779678, c++, elite, mult, 8
3477485.exe ,  0.72,  0.22,  0.21,  0.00,  0.01,   27447299,   26410000,     978000,   40868352, c++, elite, mult, 8
3477485.exe ,  0.70,  0.22,  0.21,  0.00,  0.01,   26968513,   26902000,          0,   41016475, c++, elite, mult, 8
3477485.exe ,  0.72,  0.23,  0.22,  0.00,  0.02,   28164979,   27071000,    1002000,   41604661, c++, elite, mult, 8
3477485.exe ,  0.72,  0.22,  0.21,  0.00,  0.02,   27525302,   26538000,     982000,   40962419, c++, elite, mult, 8
3477485.exe ,  0.75,  0.22,  0.21,  0.00,  0.01,   27944105,   26977000,     999000,   41583253, c++, elite, mult, 8
3477485.exe ,  0.72,  0.21,  0.20,  0.00,  0.01,   28470628,   27450000,    1016000,   42313301, c++, elite, mult, 8
3477485.exe ,  0.71,  0.22,  0.21,  0.00,  0.01,   27531746,   25566000,    1966000,   41249759, c++, elite, mult, 8
3477485.exe ,  0.72,  0.22,  0.20,  0.00,  0.02,   28229050,   25307000,    2920000,   41960093, c++, elite, mult, 8
3521600.exe ,  0.31,  0.10,  0.09,  0.00,  0.01,   12044803,    9962000,    1992000,   25926500, c++, elite, mult, 8
3521600.exe ,  0.32,  0.10,  0.09,  0.00,  0.01,   11884588,   10800000,     981000,   25626862, c++, elite, mult, 8
3521600.exe ,  0.35,  0.10,  0.09,  0.00,  0.01,   12051971,   11105000,    1009000,   25536908, c++, elite, mult, 8
3521600.exe ,  0.32,  0.10,  0.09,  0.00,  0.01,   11713124,   10741000,     976000,   25531900, c++, elite, mult, 8
3521600.exe ,  0.31,  0.09,  0.09,  0.00,  0.01,   12029459,   12037000,          0,   25542190, c++, elite, mult, 8
3521600.exe ,  0.31,  0.10,  0.09,  0.00,  0.01,   11702952,   11704000,          0,   25510053, c++, elite, mult, 8
3521600.exe ,  0.31,  0.10,  0.09,  0.00,  0.01,   11833720,   10849000,     986000,   25528130, c++, elite, mult, 8
3521600.exe ,  0.32,  0.10,  0.09,  0.00,  0.01,   11705154,   10730000,     975000,   25543068, c++, elite, mult, 8
3521600.exe ,  0.31,  0.09,  0.09,  0.00,  0.01,   11764196,   10788000,     980000,   25604651, c++, elite, mult, 8
3521600.exe ,  0.31,  0.10,  0.09,  0.00,  0.01,   11878000,   10871000,     988000,   25626137, c++, elite, mult, 8
3523845.exe ,  0.07,  0.02,  0.02,  0.00,  0.00,    2715937,    1810000,     905000,   17464164, c++, elite, mult, 8
3523845.exe ,  0.08,  0.02,  0.02,  0.00,  0.00,    2514234,    2524000,          0,   16297598, c++, elite, mult, 8
3523845.exe ,  0.08,  0.02,  0.02,  0.00,  0.00,    2465912,     826000,    1653000,   16286750, c++, elite, mult, 8
3523845.exe ,  0.08,  0.02,  0.02,  0.00,  0.00,    2574261,    1741000,     870000,   16104070, c++, elite, mult, 8
3523845.exe ,  0.05,  0.02,  0.02,  0.00,  0.00,    2432161,    1219000,    1219000,   15925764, c++, elite, mult, 8
3523845.exe ,  0.05,  0.02,  0.02,  0.00,  0.00,    2476694,    2485000,          0,   16174454, c++, elite, mult, 8
3523845.exe ,  0.06,  0.02,  0.02,  0.00,  0.00,    2485068,    2486000,          0,   16091306, c++, elite, mult, 8
3523845.exe ,  0.05,  0.02,  0.02,  0.00,  0.00,    2716284,    2722000,          0,   16303536, c++, elite, mult, 8
3523845.exe ,  0.08,  0.02,  0.02,  0.00,  0.00,    2585786,    2598000,          0,   16543276, c++, elite, mult, 8
3523845.exe ,  0.06,  0.02,  0.02,  0.00,  0.00,    2526792,    2534000,          0,   16301006, c++, elite, mult, 8
3627289.exe ,  0.74,  0.23,  0.22,  0.00,  0.02,   29200709,   29206000,          0,   42965965, c++, elite, mult, 8
3627289.exe ,  0.76,  0.24,  0.22,  0.00,  0.02,   29394026,   26445000,    2938000,   42674012, c++, elite, mult, 8
3627289.exe ,  0.75,  0.23,  0.22,  0.00,  0.02,   29005938,   27896000,     996000,   42534095, c++, elite, mult, 8
3627289.exe ,  0.77,  0.23,  0.22,  0.00,  0.02,   29374210,   29372000,          0,   43096087, c++, elite, mult, 8
3627289.exe ,  0.81,  0.23,  0.22,  0.00,  0.02,   29762804,   27648000,    1974000,   43993826, c++, elite, mult, 8
3627289.exe ,  0.75,  0.23,  0.22,  0.00,  0.02,   28993749,   27991000,     999000,   42413818, c++, elite, mult, 8
3627289.exe ,  0.75,  0.22,  0.21,  0.00,  0.02,   30278003,   30287000,          0,   43649040, c++, elite, mult, 8
3627289.exe ,  0.76,  0.23,  0.22,  0.00,  0.02,   29263868,   29269000,          0,   42677928, c++, elite, mult, 8
3627289.exe ,  0.73,  0.23,  0.22,  0.00,  0.02,   29273010,   28271000,    1009000,   42442719, c++, elite, mult, 8
3627289.exe ,  0.74,  0.23,  0.22,  0.00,  0.02,   29037536,   25979000,    2997000,   42794959, c++, elite, mult, 8
375888.exe  ,  0.33,  0.10,  0.09,  0.00,  0.01,   11566574,   10605000,     964000,   25476982, c++, elite, mult, 8
375888.exe  ,  0.31,  0.10,  0.09,  0.00,  0.01,   11366275,    9484000,    1896000,   24732464, c++, elite, mult, 8
375888.exe  ,  0.28,  0.08,  0.08,  0.00,  0.01,   11570504,   10492000,    1049000,   24910459, c++, elite, mult, 8
375888.exe  ,  0.28,  0.09,  0.09,  0.00,  0.01,   11391542,   11375000,          0,   25201535, c++, elite, mult, 8
375888.exe  ,  0.31,  0.10,  0.09,  0.00,  0.01,   11369403,   10427000,     947000,   25099669, c++, elite, mult, 8
375888.exe  ,  0.28,  0.09,  0.09,  0.00,  0.01,   11403837,   10288000,    1028000,   25089646, c++, elite, mult, 8
375888.exe  ,  0.31,  0.10,  0.09,  0.00,  0.01,   11441055,    9522000,    1904000,   24750454, c++, elite, mult, 8
375888.exe  ,  0.31,  0.09,  0.09,  0.00,  0.01,   11465114,    9558000,    1911000,   24958043, c++, elite, mult, 8
375888.exe  ,  0.28,  0.09,  0.09,  0.00,  0.01,   11389770,   10353000,    1035000,   24999134, c++, elite, mult, 8
375888.exe  ,  0.33,  0.09,  0.09,  0.00,  0.01,   11495840,   10544000,     958000,   25410600, c++, elite, mult, 8
3863251.exe ,  0.72,  0.23,  0.21,  0.00,  0.01,   27869274,   25870000,    1990000,   42191997, c++, elite, mult, 8
3863251.exe ,  0.72,  0.22,  0.21,  0.00,  0.01,   28058570,   26060000,    2004000,   41796495, c++, elite, mult, 8
3863251.exe ,  0.72,  0.22,  0.21,  0.00,  0.02,   27851013,   25869000,    1989000,   41537702, c++, elite, mult, 8
3863251.exe ,  0.71,  0.22,  0.21,  0.00,  0.02,   28117169,   26042000,    2003000,   41876128, c++, elite, mult, 8
3863251.exe ,  0.76,  0.23,  0.21,  0.00,  0.01,   27643854,   26632000,     986000,   41218025, c++, elite, mult, 8
3863251.exe ,  0.74,  0.22,  0.21,  0.00,  0.02,   29221850,   29223000,          0,   42612438, c++, elite, mult, 8
3863251.exe ,  0.71,  0.22,  0.21,  0.00,  0.01,   27975374,   26976000,     999000,   41633432, c++, elite, mult, 8
3863251.exe ,  0.72,  0.22,  0.21,  0.00,  0.02,   28162041,   27170000,    1006000,   41999332, c++, elite, mult, 8
3863251.exe ,  0.73,  0.22,  0.21,  0.00,  0.02,   28690462,   28680000,          0,   41910797, c++, elite, mult, 8
3863251.exe ,  0.74,  0.23,  0.22,  0.00,  0.02,   28529684,   27543000,     983000,   42104327, c++, elite, mult, 8
3892624.exe ,  0.75,  0.23,  0.21,  0.00,  0.02,   28451321,   24515000,    3922000,   42322696, c++, elite, mult, 8
3892624.exe ,  0.72,  0.22,  0.22,  0.00,  0.02,   28104975,   26098000,    2007000,   41954310, c++, elite, mult, 8
3892624.exe ,  0.72,  0.23,  0.21,  0.00,  0.02,   28096762,   27017000,    1000000,   41923491, c++, elite, mult, 8
3892624.exe ,  0.74,  0.23,  0.22,  0.00,  0.02,   29004585,   27021000,    2001000,   42462370, c++, elite, mult, 8
3892624.exe ,  0.73,  0.22,  0.21,  0.00,  0.02,   29074290,   27059000,    2004000,   42788719, c++, elite, mult, 8
3892624.exe ,  0.74,  0.23,  0.21,  0.00,  0.02,   28435942,   26478000,    1961000,   42267272, c++, elite, mult, 8
3892624.exe ,  0.74,  0.22,  0.22,  0.00,  0.02,   27985520,   25983000,    1998000,   41354991, c++, elite, mult, 8
3892624.exe ,  0.77,  0.22,  0.21,  0.00,  0.02,   28688054,   26707000,    1978000,   42358742, c++, elite, mult, 8
3892624.exe ,  0.72,  0.23,  0.22,  0.00,  0.01,   28284651,   27272000,    1010000,   41806823, c++, elite, mult, 8
3892624.exe ,  0.73,  0.23,  0.22,  0.00,  0.02,   28128832,   26118000,    2009000,   41738771, c++, elite, mult, 8
3901913.exe ,  0.42,  0.13,  0.12,  0.00,  0.01,   16025030,   14026000,    2003000,   29929075, c++, elite, mult, 8
3901913.exe ,  0.41,  0.13,  0.12,  0.00,  0.01,   16108381,   15138000,     946000,   29802626, c++, elite, mult, 8
3901913.exe ,  0.44,  0.13,  0.12,  0.00,  0.01,   16140109,   14125000,    2017000,   29552116, c++, elite, mult, 8
3901913.exe ,  0.45,  0.14,  0.12,  0.00,  0.01,   16340553,   14425000,    1923000,   30046717, c++, elite, mult, 8
3901913.exe ,  0.41,  0.13,  0.12,  0.00,  0.01,   16227172,   16234000,          0,   30083676, c++, elite, mult, 8
3901913.exe ,  0.41,  0.13,  0.12,  0.00,  0.01,   16311240,   15296000,    1019000,   30234545, c++, elite, mult, 8
3901913.exe ,  0.41,  0.13,  0.12,  0.00,  0.01,   15907305,   14917000,     994000,   29634799, c++, elite, mult, 8
3901913.exe ,  0.42,  0.13,  0.12,  0.00,  0.01,   16119170,   16128000,          0,   29799761, c++, elite, mult, 8
3901913.exe ,  0.42,  0.13,  0.13,  0.00,  0.01,   16289632,   14251000,    2035000,   30156680, c++, elite, mult, 8
3901913.exe ,  0.43,  0.13,  0.12,  0.00,  0.01,   16544123,   14589000,    1945000,   30267717, c++, elite, mult, 8
3902315.exe ,  0.39,  0.12,  0.11,  0.00,  0.01,   14941318,   13949000,     996000,   29039753, c++, elite, mult, 8
3902315.exe ,  0.39,  0.12,  0.11,  0.00,  0.01,   14802521,   13818000,     987000,   28771204, c++, elite, mult, 8
3902315.exe ,  0.39,  0.12,  0.11,  0.00,  0.01,   14587663,   12644000,    1945000,   28435354, c++, elite, mult, 8
3902315.exe ,  0.37,  0.11,  0.11,  0.00,  0.01,   14496251,   13459000,    1035000,   27938152, c++, elite, mult, 8
3902315.exe ,  0.39,  0.12,  0.11,  0.00,  0.01,   14609171,   13479000,    1036000,   28478242, c++, elite, mult, 8
3902315.exe ,  0.38,  0.11,  0.11,  0.00,  0.01,   14909965,   13933000,     995000,   28711459, c++, elite, mult, 8
3902315.exe ,  0.38,  0.12,  0.11,  0.00,  0.01,   14647484,   12620000,    1941000,   28265664, c++, elite, mult, 8
3902315.exe ,  0.39,  0.11,  0.11,  0.00,  0.01,   14633837,   12494000,    2082000,   28349223, c++, elite, mult, 8
3902315.exe ,  0.40,  0.12,  0.11,  0.00,  0.01,   14679671,   11744000,    2936000,   28522467, c++, elite, mult, 8
3902315.exe ,  0.36,  0.11,  0.11,  0.00,  0.01,   14625366,   13591000,    1045000,   28599279, c++, elite, mult, 8
3903900.exe ,  0.31,  0.10,  0.09,  0.00,  0.01,   12006844,   10930000,     993000,   25578766, c++, elite, mult, 8
3903900.exe ,  0.31,  0.10,  0.09,  0.00,  0.01,   11951139,   10936000,     994000,   25609400, c++, elite, mult, 8
3903900.exe ,  0.31,  0.10,  0.09,  0.00,  0.01,   11664612,   10691000,     971000,   25377290, c++, elite, mult, 8
3903900.exe ,  0.33,  0.10,  0.09,  0.00,  0.01,   11670375,   10699000,     972000,   25134240, c++, elite, mult, 8
3903900.exe ,  0.31,  0.10,  0.09,  0.00,  0.01,   11967555,   11061000,     921000,   25745105, c++, elite, mult, 8
3903900.exe ,  0.32,  0.10,  0.09,  0.00,  0.01,   12111547,   12112000,          0,   26015592, c++, elite, mult, 8
3903900.exe ,  0.32,  0.10,  0.09,  0.00,  0.01,   11663601,   11663000,          0,   25087629, c++, elite, mult, 8
3903900.exe ,  0.31,  0.09,  0.09,  0.00,  0.01,   11720631,   10675000,     970000,   25528657, c++, elite, mult, 8
3903900.exe ,  0.31,  0.09,  0.09,  0.00,  0.01,   11950529,   11961000,          0,   25461176, c++, elite, mult, 8
3903900.exe ,  0.31,  0.09,  0.09,  0.00,  0.01,   11962810,   10973000,     997000,   25929275, c++, elite, mult, 8
3903935.exe ,  0.40,  0.13,  0.12,  0.00,  0.01,   15086552,   14034000,    1002000,   29276705, c++, elite, mult, 8
3903935.exe ,  0.41,  0.13,  0.12,  0.00,  0.01,   15346004,   10556000,    4798000,   29161887, c++, elite, mult, 8
3903935.exe ,  0.41,  0.12,  0.12,  0.00,  0.01,   15688774,   12752000,    2942000,   29387012, c++, elite, mult, 8
3903935.exe ,  0.42,  0.13,  0.12,  0.00,  0.01,   15447011,   14413000,    1029000,   29545910, c++, elite, mult, 8
3903935.exe ,  0.41,  0.13,  0.12,  0.00,  0.01,   15253061,   12204000,    3051000,   28969419, c++, elite, mult, 8
3903935.exe ,  0.41,  0.13,  0.12,  0.00,  0.01,   15378713,   12518000,    2888000,   29235178, c++, elite, mult, 8
3903935.exe ,  0.41,  0.13,  0.12,  0.00,  0.01,   15491453,   13564000,    1937000,   29190063, c++, elite, mult, 8
3903935.exe ,  0.42,  0.13,  0.12,  0.00,  0.01,   15484584,   14458000,    1032000,   29366752, c++, elite, mult, 8
3903935.exe ,  0.41,  0.12,  0.12,  0.00,  0.01,   15665471,   14622000,    1044000,   29421533, c++, elite, mult, 8
3903935.exe ,  0.44,  0.13,  0.12,  0.00,  0.01,   15442375,   11580000,    3860000,   29112338, c++, elite, mult, 8
3932932.exe ,  0.72,  0.22,  0.21,  0.00,  0.01,   27431860,   26452000,     979000,   42073946, c++, elite, mult, 8
3932932.exe ,  0.73,  0.22,  0.21,  0.00,  0.01,   27611563,   26433000,    1016000,   41276943, c++, elite, mult, 8
3932932.exe ,  0.73,  0.22,  0.21,  0.00,  0.02,   27393562,   25337000,    1949000,   41201841, c++, elite, mult, 8
3932932.exe ,  0.71,  0.22,  0.21,  0.00,  0.01,   27654563,   27655000,          0,   40775716, c++, elite, mult, 8
3932932.exe ,  0.69,  0.21,  0.21,  0.00,  0.01,   27512961,   27529000,          0,   40792939, c++, elite, mult, 8
3932932.exe ,  0.70,  0.22,  0.21,  0.00,  0.02,   27444479,   26347000,    1013000,   41266062, c++, elite, mult, 8
3932932.exe ,  0.70,  0.22,  0.21,  0.00,  0.01,   27582470,   26475000,    1018000,   41018736, c++, elite, mult, 8
3932932.exe ,  0.69,  0.21,  0.21,  0.00,  0.01,   27674231,   27670000,          0,   40932701, c++, elite, mult, 8
3932932.exe ,  0.76,  0.22,  0.21,  0.00,  0.01,   27715206,   26724000,     989000,   41208480, c++, elite, mult, 8
3932932.exe ,  0.71,  0.22,  0.21,  0.00,  0.01,   28127238,   27132000,    1004000,   41858354, c++, elite, mult, 8
4073051.exe ,  0.70,  0.22,  0.21,  0.00,  0.01,   27678191,   26678000,    1026000,   41313578, c++, elite, mult, 8
4073051.exe ,  0.71,  0.22,  0.21,  0.00,  0.01,   27665922,   26671000,     987000,   41005951, c++, elite, mult, 8
4073051.exe ,  0.70,  0.21,  0.21,  0.00,  0.01,   28128761,   28133000,          0,   41924620, c++, elite, mult, 8
4073051.exe ,  0.72,  0.22,  0.21,  0.00,  0.01,   27495275,   26408000,    1015000,   41323397, c++, elite, mult, 8
4073051.exe ,  0.73,  0.21,  0.20,  0.00,  0.01,   27781966,   26760000,    1029000,   41363482, c++, elite, mult, 8
4073051.exe ,  0.72,  0.22,  0.21,  0.00,  0.01,   27575048,   26596000,     985000,   41170147, c++, elite, mult, 8
4073051.exe ,  0.70,  0.21,  0.20,  0.00,  0.01,   28247003,   28254000,          0,   41800952, c++, elite, mult, 8
4073051.exe ,  0.71,  0.22,  0.21,  0.00,  0.02,   27754511,   27756000,          0,   41037383, c++, elite, mult, 8
4073051.exe ,  0.70,  0.21,  0.20,  0.00,  0.01,   28349080,   27344000,    1012000,   42034285, c++, elite, mult, 8
4073051.exe ,  0.71,  0.22,  0.21,  0.00,  0.01,   27648837,   25675000,    1975000,   41319942, c++, elite, mult, 8
4121629.exe ,  0.73,  0.23,  0.21,  0.00,  0.02,   28591348,   27600000,     985000,   42872998, c++, elite, mult, 8
4121629.exe ,  0.71,  0.22,  0.21,  0.00,  0.01,   28089632,   25980000,    1998000,   41841524, c++, elite, mult, 8
4121629.exe ,  0.77,  0.23,  0.21,  0.00,  0.02,   28240575,   26298000,    1948000,   41822992, c++, elite, mult, 8
4121629.exe ,  0.72,  0.22,  0.21,  0.00,  0.01,   27983793,   26072000,    1931000,   41395367, c++, elite, mult, 8
4121629.exe ,  0.71,  0.23,  0.21,  0.00,  0.02,   27874860,   26806000,     992000,   41374350, c++, elite, mult, 8
4121629.exe ,  0.71,  0.22,  0.21,  0.00,  0.01,   27872448,   26846000,     994000,   41537419, c++, elite, mult, 8
4121629.exe ,  0.72,  0.23,  0.21,  0.00,  0.02,   27871803,   27875000,          0,   41149740, c++, elite, mult, 8
4121629.exe ,  0.70,  0.21,  0.21,  0.00,  0.02,   28568503,   26605000,    1970000,   42176978, c++, elite, mult, 8
4121629.exe ,  0.71,  0.22,  0.21,  0.00,  0.01,   28095936,   27110000,    1004000,   41560307, c++, elite, mult, 8
4121629.exe ,  0.72,  0.22,  0.21,  0.00,  0.02,   27904064,   26903000,     996000,   41213827, c++, elite, mult, 8
4122402.exe ,  0.72,  0.23,  0.22,  0.00,  0.02,   28056876,   25952000,    1996000,   42614274, c++, elite, mult, 8
4122402.exe ,  0.72,  0.23,  0.22,  0.00,  0.01,   27897236,   27834000,          0,   41316903, c++, elite, mult, 8
4122402.exe ,  0.71,  0.22,  0.21,  0.00,  0.01,   28001650,   26995000,     999000,   41554567, c++, elite, mult, 8
4122402.exe ,  0.73,  0.22,  0.21,  0.00,  0.02,   28538936,   25583000,    2951000,   42160974, c++, elite, mult, 8
4122402.exe ,  0.74,  0.23,  0.21,  0.00,  0.02,   28273534,   26324000,    1949000,   41845550, c++, elite, mult, 8
4122402.exe ,  0.78,  0.23,  0.21,  0.00,  0.02,   28223709,   26209000,    2016000,   41902722, c++, elite, mult, 8
4122402.exe ,  0.71,  0.22,  0.21,  0.00,  0.01,   28298322,   28298000,          0,   41466220, c++, elite, mult, 8
4122402.exe ,  0.70,  0.22,  0.21,  0.00,  0.01,   28245077,   27235000,    1008000,   42093941, c++, elite, mult, 8
4122402.exe ,  0.73,  0.23,  0.21,  0.00,  0.02,   28869354,   27876000,     995000,   42691768, c++, elite, mult, 8
4122402.exe ,  0.72,  0.22,  0.21,  0.00,  0.02,   29016380,   28017000,    1000000,   42448352, c++, elite, mult, 8
4237499.exe ,  0.32,  0.09,  0.09,  0.00,  0.01,   11301699,    9426000,    1885000,   25235042, c++, elite, mult, 8
4237499.exe ,  0.31,  0.09,  0.09,  0.00,  0.01,   11765020,   10788000,     980000,   25690661, c++, elite, mult, 8
4237499.exe ,  0.32,  0.10,  0.09,  0.00,  0.01,   11547353,    9625000,    1925000,   25518576, c++, elite, mult, 8
4237499.exe ,  0.32,  0.09,  0.09,  0.00,  0.01,   11516320,   10564000,     960000,   25233478, c++, elite, mult, 8
4237499.exe ,  0.28,  0.09,  0.09,  0.00,  0.01,   11505383,   11522000,          0,   25478103, c++, elite, mult, 8
4237499.exe ,  0.31,  0.09,  0.09,  0.00,  0.01,   11556255,   11568000,          0,   25392912, c++, elite, mult, 8
4237499.exe ,  0.29,  0.09,  0.09,  0.00,  0.01,   11469814,   10428000,    1042000,   25374265, c++, elite, mult, 8
4237499.exe ,  0.28,  0.09,  0.09,  0.00,  0.01,   11462712,    9383000,    2085000,   25350288, c++, elite, mult, 8
4237499.exe ,  0.31,  0.09,  0.09,  0.00,  0.01,   11498137,   10549000,     959000,   25573966, c++, elite, mult, 8
4237499.exe ,  0.32,  0.10,  0.09,  0.00,  0.01,   11339769,    8509000,    2836000,   24676147, c++, elite, mult, 8
4526544.exe ,  0.70,  0.22,  0.21,  0.00,  0.01,   27830562,   25851000,    1988000,   42273477, c++, elite, mult, 8
4526544.exe ,  0.71,  0.22,  0.21,  0.00,  0.02,   27668364,   26692000,     988000,   41376372, c++, elite, mult, 8
4526544.exe ,  0.72,  0.22,  0.21,  0.00,  0.02,   29094861,   27792000,     992000,   42458385, c++, elite, mult, 8
4526544.exe ,  0.71,  0.22,  0.21,  0.00,  0.01,   27927569,   26930000,     997000,   41658202, c++, elite, mult, 8
4526544.exe ,  0.69,  0.22,  0.21,  0.00,  0.01,   27480848,   26460000,    1017000,   41171695, c++, elite, mult, 8
4526544.exe ,  0.76,  0.22,  0.20,  0.00,  0.01,   27542601,   26515000,    1019000,   40701309, c++, elite, mult, 8
4526544.exe ,  0.73,  0.22,  0.21,  0.00,  0.02,   27751511,   25729000,    1979000,   41566261, c++, elite, mult, 8
4526544.exe ,  0.69,  0.21,  0.21,  0.00,  0.01,   27335727,   26324000,    1012000,   41031067, c++, elite, mult, 8
4526544.exe ,  0.71,  0.22,  0.21,  0.00,  0.01,   27509543,   27503000,          0,   41138488, c++, elite, mult, 8
4526544.exe ,  0.71,  0.22,  0.21,  0.00,  0.02,   28010592,   27009000,    1000000,   41751104, c++, elite, mult, 8
4578708.exe ,  0.34,  0.10,  0.09,  0.00,  0.01,   11900989,   10910000,     991000,   25703464, c++, elite, mult, 8
4578708.exe ,  0.31,  0.09,  0.09,  0.00,  0.01,   12072547,   11075000,    1006000,   25975978, c++, elite, mult, 8
4578708.exe ,  0.33,  0.10,  0.09,  0.00,  0.01,   12114452,   11105000,    1009000,   26420217, c++, elite, mult, 8
4578708.exe ,  0.31,  0.09,  0.09,  0.00,  0.01,   11973655,   10982000,     998000,   25671260, c++, elite, mult, 8
4578708.exe ,  0.32,  0.10,  0.09,  0.00,  0.01,   11837474,   10859000,     987000,   25323989, c++, elite, mult, 8
4578708.exe ,  0.31,  0.09,  0.09,  0.00,  0.01,   11705984,   10732000,     975000,   25460935, c++, elite, mult, 8
4578708.exe ,  0.31,  0.10,  0.09,  0.00,  0.01,   11726485,    9776000,    1955000,   25675204, c++, elite, mult, 8
4578708.exe ,  0.29,  0.09,  0.09,  0.00,  0.01,   11928515,   11937000,          0,   25815180, c++, elite, mult, 8
4578708.exe ,  0.31,  0.10,  0.09,  0.00,  0.01,   12046167,   10044000,    2008000,   25760541, c++, elite, mult, 8
4578708.exe ,  0.31,  0.09,  0.09,  0.00,  0.01,   11875916,   11896000,          0,   25452818, c++, elite, mult, 8
4581289.exe ,  0.31,  0.10,  0.09,  0.00,  0.01,   11534676,    9614000,    1922000,   26061598, c++, elite, mult, 8
4581289.exe ,  0.31,  0.09,  0.09,  0.00,  0.01,   11672743,    9686000,    1937000,   25453855, c++, elite, mult, 8
4581289.exe ,  0.31,  0.10,  0.09,  0.00,  0.01,   11634298,    9696000,    1939000,   25307919, c++, elite, mult, 8
4581289.exe ,  0.31,  0.09,  0.09,  0.00,  0.01,   11818685,    9849000,    1969000,   25367987, c++, elite, mult, 8
4581289.exe ,  0.29,  0.09,  0.09,  0.00,  0.01,   11548247,   11479000,          0,   25248719, c++, elite, mult, 8
4581289.exe ,  0.31,  0.10,  0.09,  0.00,  0.01,   11661525,    9690000,    1938000,   25399284, c++, elite, mult, 8
4581289.exe ,  0.33,  0.10,  0.09,  0.00,  0.01,   11791002,    9832000,    1966000,   25161479, c++, elite, mult, 8
4581289.exe ,  0.31,  0.10,  0.09,  0.00,  0.01,   11886048,   10900000,     990000,   25407522, c++, elite, mult, 8
4581289.exe ,  0.30,  0.09,  0.09,  0.00,  0.01,   12138701,   11037000,    1003000,   25818417, c++, elite, mult, 8
4581289.exe ,  0.31,  0.10,  0.09,  0.00,  0.01,   11686562,    9719000,    1943000,   25233030, c++, elite, mult, 8
4630635.exe ,  0.29,  0.08,  0.08,  0.00,  0.01,   11843393,   10811000,     982000,   26664395, c++, elite, mult, 8
4630635.exe ,  0.31,  0.10,  0.09,  0.00,  0.01,   11406077,   11408000,          0,   25008128, c++, elite, mult, 8
4630635.exe ,  0.31,  0.10,  0.09,  0.00,  0.01,   11084112,   10075000,    1007000,   24393523, c++, elite, mult, 8
4630635.exe ,  0.28,  0.09,  0.09,  0.00,  0.01,   11208243,   11215000,          0,   24893017, c++, elite, mult, 8
4630635.exe ,  0.31,  0.09,  0.08,  0.00,  0.01,   11348770,   10388000,     944000,   24716974, c++, elite, mult, 8
4630635.exe ,  0.29,  0.09,  0.09,  0.00,  0.01,   11049706,   10084000,    1008000,   24413124, c++, elite, mult, 8
4630635.exe ,  0.28,  0.09,  0.09,  0.00,  0.01,   11301066,   10176000,    1017000,   24792998, c++, elite, mult, 8
4630635.exe ,  0.31,  0.09,  0.08,  0.00,  0.01,   11095808,    9019000,    2004000,   24814089, c++, elite, mult, 8
4630635.exe ,  0.30,  0.09,  0.09,  0.00,  0.01,   11201228,   11204000,          0,   24937300, c++, elite, mult, 8
4630635.exe ,  0.28,  0.09,  0.09,  0.00,  0.01,   11191638,   10179000,    1017000,   24835486, c++, elite, mult, 8
4718203.exe ,  0.72,  0.22,  0.22,  0.00,  0.02,   29683883,   28672000,    1024000,   43855523, c++, elite, mult, 8
4718203.exe ,  0.74,  0.23,  0.22,  0.00,  0.02,   29640705,   29644000,          0,   43139735, c++, elite, mult, 8
4718203.exe ,  0.76,  0.23,  0.22,  0.00,  0.02,   30034896,   28046000,    2003000,   43872234, c++, elite, mult, 8
4718203.exe ,  0.79,  0.23,  0.22,  0.00,  0.02,   30314637,   29319000,    1011000,   45493354, c++, elite, mult, 8
4718203.exe ,  0.75,  0.23,  0.22,  0.00,  0.02,   29659447,   28669000,     988000,   43250335, c++, elite, mult, 8
4718203.exe ,  0.76,  0.23,  0.22,  0.00,  0.02,   29882288,   29887000,          0,   43466591, c++, elite, mult, 8
4718203.exe ,  0.76,  0.24,  0.22,  0.00,  0.02,   29494935,   27534000,    1966000,   43138427, c++, elite, mult, 8
4718203.exe ,  0.76,  0.23,  0.22,  0.00,  0.02,   29554698,   26612000,    2956000,   43184550, c++, elite, mult, 8
4718203.exe ,  0.76,  0.24,  0.22,  0.00,  0.02,   29267098,   27323000,    1951000,   42556902, c++, elite, mult, 8
4718203.exe ,  0.74,  0.23,  0.22,  0.00,  0.02,   29153752,   27156000,    2011000,   43028579, c++, elite, mult, 8
4817270.exe ,  0.68,  0.21,  0.20,  0.00,  0.01,   27653985,   26642000,    1024000,   42021107, c++, elite, mult, 8
4817270.exe ,  0.70,  0.22,  0.21,  0.00,  0.01,   27285967,   26287000,    1011000,   40859338, c++, elite, mult, 8
4817270.exe ,  0.71,  0.23,  0.21,  0.00,  0.02,   27608853,   26551000,     983000,   41159532, c++, elite, mult, 8
4817270.exe ,  0.69,  0.22,  0.21,  0.00,  0.01,   27447946,   26422000,     978000,   41203721, c++, elite, mult, 8
4817270.exe ,  0.71,  0.22,  0.21,  0.00,  0.01,   27450642,   24443000,    2933000,   41137832, c++, elite, mult, 8
4817270.exe ,  0.75,  0.21,  0.21,  0.00,  0.02,   28266910,   28268000,          0,   41918442, c++, elite, mult, 8
4817270.exe ,  0.70,  0.22,  0.21,  0.00,  0.01,   27362611,   25423000,    1955000,   40944738, c++, elite, mult, 8
4817270.exe ,  0.70,  0.22,  0.22,  0.00,  0.01,   28054606,   25976000,    1998000,   41541219, c++, elite, mult, 8
4817270.exe ,  0.68,  0.22,  0.21,  0.00,  0.01,   27476405,   27473000,          0,   41392996, c++, elite, mult, 8
4817270.exe ,  0.72,  0.22,  0.21,  0.00,  0.01,   27457435,   27461000,          0,   40936534, c++, elite, mult, 8
4913843.exe ,  0.75,  0.22,  0.21,  0.00,  0.01,   28161646,   27159000,    1005000,   41998499, c++, elite, mult, 8
4913843.exe ,  0.70,  0.22,  0.21,  0.00,  0.01,   27705807,   25667000,    1974000,   41470705, c++, elite, mult, 8
4913843.exe ,  0.70,  0.21,  0.20,  0.00,  0.01,   28175536,   25164000,    3019000,   41773236, c++, elite, mult, 8
4913843.exe ,  0.68,  0.21,  0.21,  0.00,  0.01,   27389619,   27391000,          0,   40893755, c++, elite, mult, 8
4913843.exe ,  0.73,  0.22,  0.20,  0.00,  0.02,   28138165,   26205000,    1941000,   41836097, c++, elite, mult, 8
4913843.exe ,  0.70,  0.21,  0.20,  0.00,  0.01,   28116505,   26104000,    2008000,   41707768, c++, elite, mult, 8
4913843.exe ,  0.71,  0.22,  0.21,  0.00,  0.01,   27687534,   25659000,    1973000,   41207978, c++, elite, mult, 8
4913843.exe ,  0.69,  0.22,  0.21,  0.00,  0.02,   27195494,   27176000,          0,   40974015, c++, elite, mult, 8
4913843.exe ,  0.77,  0.21,  0.20,  0.00,  0.01,   27955465,   25967000,    1997000,   41383119, c++, elite, mult, 8
4913843.exe ,  0.70,  0.22,  0.21,  0.00,  0.01,   27333454,   26320000,    1012000,   40749649, c++, elite, mult, 8
5032964.exe ,  0.69,  0.22,  0.22,  0.00,  0.01,   27578867,   25581000,    1967000,   42223033, c++, elite, mult, 8
5032964.exe ,  0.71,  0.22,  0.21,  0.00,  0.02,   27636962,   26492000,    1018000,   41365310, c++, elite, mult, 8
5032964.exe ,  0.70,  0.22,  0.21,  0.00,  0.01,   27369915,   26393000,     977000,   40677821, c++, elite, mult, 8
5032964.exe ,  0.74,  0.22,  0.21,  0.00,  0.01,   27782826,   27744000,          0,   41310390, c++, elite, mult, 8
5032964.exe ,  0.69,  0.20,  0.20,  0.00,  0.01,   28604374,   28625000,          0,   43079828, c++, elite, mult, 8
5032964.exe ,  0.71,  0.22,  0.21,  0.00,  0.01,   27807536,   26812000,     993000,   41418871, c++, elite, mult, 8
5032964.exe ,  0.70,  0.21,  0.20,  0.00,  0.01,   28181240,   28190000,          0,   41565762, c++, elite, mult, 8
5032964.exe ,  0.73,  0.22,  0.21,  0.00,  0.01,   27827896,   25804000,    1984000,   41338910, c++, elite, mult, 8
5032964.exe ,  0.72,  0.22,  0.21,  0.00,  0.01,   26986406,   25994000,     999000,   40838281, c++, elite, mult, 8
5032964.exe ,  0.72,  0.22,  0.20,  0.00,  0.02,   27657418,   25583000,    2046000,   41017160, c++, elite, mult, 8
5220552.exe ,  0.70,  0.22,  0.21,  0.00,  0.01,   27249323,   27254000,          0,   41414497, c++, elite, mult, 8
5220552.exe ,  0.68,  0.22,  0.21,  0.00,  0.01,   27361504,   27317000,          0,   40998276, c++, elite, mult, 8
5220552.exe ,  0.70,  0.22,  0.21,  0.00,  0.01,   27821569,   26832000,     993000,   41334578, c++, elite, mult, 8
5220552.exe ,  0.70,  0.21,  0.20,  0.00,  0.02,   28211051,   28223000,          0,   41940217, c++, elite, mult, 8
5220552.exe ,  0.71,  0.22,  0.21,  0.00,  0.01,   28016336,   27013000,    1000000,   42091154, c++, elite, mult, 8
5220552.exe ,  0.69,  0.22,  0.21,  0.00,  0.01,   27599298,   26617000,     985000,   41299039, c++, elite, mult, 8
5220552.exe ,  0.78,  0.22,  0.21,  0.00,  0.02,   27677630,   26614000,     985000,   41234758, c++, elite, mult, 8
5220552.exe ,  0.72,  0.22,  0.21,  0.00,  0.01,   27316790,   25333000,    1948000,   41129575, c++, elite, mult, 8
5220552.exe ,  0.69,  0.22,  0.21,  0.00,  0.01,   27676402,   27619000,          0,   41483983, c++, elite, mult, 8
5220552.exe ,  0.72,  0.22,  0.21,  0.00,  0.01,   27667696,   25687000,    1975000,   41059085, c++, elite, mult, 8
526412.exe  ,  0.71,  0.22,  0.21,  0.00,  0.02,   27861695,   25873000,    1990000,   42347661, c++, elite, mult, 8
526412.exe  ,  0.76,  0.22,  0.20,  0.00,  0.01,   27548135,   26567000,     983000,   41212285, c++, elite, mult, 8
526412.exe  ,  0.72,  0.22,  0.20,  0.00,  0.01,   28244797,   26305000,    1948000,   42037925, c++, elite, mult, 8
526412.exe  ,  0.71,  0.22,  0.21,  0.00,  0.01,   27440653,   27442000,          0,   41205687, c++, elite, mult, 8
526412.exe  ,  0.72,  0.21,  0.20,  0.00,  0.02,   28937335,   27907000,     996000,   42862889, c++, elite, mult, 8
526412.exe  ,  0.70,  0.22,  0.21,  0.00,  0.02,   27334304,   26296000,    1011000,   40751539, c++, elite, mult, 8
526412.exe  ,  0.69,  0.21,  0.21,  0.00,  0.01,   27455796,   27462000,          0,   40795624, c++, elite, mult, 8
526412.exe  ,  0.70,  0.21,  0.21,  0.00,  0.01,   28105011,   28107000,          0,   41680369, c++, elite, mult, 8
526412.exe  ,  0.71,  0.22,  0.21,  0.00,  0.02,   27611389,   26625000,     986000,   41328143, c++, elite, mult, 8
526412.exe  ,  0.73,  0.21,  0.21,  0.00,  0.01,   27629932,   24692000,    2963000,   41411105, c++, elite, mult, 8
5383429.exe ,  0.33,  0.10,  0.09,  0.00,  0.01,   12799861,    9846000,    2954000,   26853067, c++, elite, mult, 8
5383429.exe ,  0.33,  0.10,  0.10,  0.00,  0.01,   12364761,   11325000,    1029000,   26257577, c++, elite, mult, 8
5383429.exe ,  0.31,  0.10,  0.10,  0.00,  0.01,   12350480,    9508000,    2852000,   26058870, c++, elite, mult, 8
5383429.exe ,  0.36,  0.10,  0.10,  0.00,  0.01,   12814074,   10685000,    2137000,   26611556, c++, elite, mult, 8
5383429.exe ,  0.36,  0.11,  0.10,  0.00,  0.01,   12525657,    9634000,    2890000,   26261770, c++, elite, mult, 8
5383429.exe ,  0.33,  0.10,  0.10,  0.00,  0.01,   12418839,    9557000,    2867000,   26196334, c++, elite, mult, 8
5383429.exe ,  0.32,  0.09,  0.09,  0.00,  0.01,   13223509,   11191000,    2034000,   28015488, c++, elite, mult, 8
5383429.exe ,  0.31,  0.10,  0.09,  0.00,  0.01,   12375394,   12372000,          0,   26046551, c++, elite, mult, 8
5383429.exe ,  0.33,  0.10,  0.10,  0.00,  0.01,   12468419,   10324000,    2064000,   26464979, c++, elite, mult, 8
5383429.exe ,  0.33,  0.10,  0.09,  0.00,  0.01,   12705802,   10558000,    2111000,   26134616, c++, elite, mult, 8
5398757.exe ,  0.39,  0.12,  0.12,  0.00,  0.01,   15345485,   13279000,    2042000,   29781000, c++, elite, mult, 8
5398757.exe ,  0.40,  0.12,  0.11,  0.00,  0.01,   15805244,   12848000,    2964000,   29865956, c++, elite, mult, 8
5398757.exe ,  0.40,  0.12,  0.11,  0.00,  0.01,   15600753,   13606000,    1943000,   29515725, c++, elite, mult, 8
5398757.exe ,  0.41,  0.12,  0.11,  0.00,  0.01,   15311708,   13272000,    2041000,   29350108, c++, elite, mult, 8
5398757.exe ,  0.39,  0.12,  0.12,  0.00,  0.01,   15207055,   14132000,    1009000,   29090940, c++, elite, mult, 8
5398757.exe ,  0.39,  0.12,  0.12,  0.00,  0.01,   15326190,   15334000,          0,   29143094, c++, elite, mult, 8
5398757.exe ,  0.38,  0.12,  0.12,  0.00,  0.01,   15594470,   14493000,    1035000,   29135849, c++, elite, mult, 8
5398757.exe ,  0.39,  0.12,  0.12,  0.00,  0.01,   15235831,   14304000,     953000,   28767431, c++, elite, mult, 8
5398757.exe ,  0.41,  0.13,  0.12,  0.00,  0.01,   15292583,   12430000,    2868000,   29135745, c++, elite, mult, 8
5398757.exe ,  0.38,  0.12,  0.12,  0.00,  0.01,   15367493,   13459000,    1922000,   29188939, c++, elite, mult, 8
5414757.exe ,  0.80,  0.24,  0.23,  0.00,  0.02,   30414577,   28452000,    1962000,   44223478, c++, elite, mult, 8
5414757.exe ,  0.76,  0.23,  0.23,  0.00,  0.02,   30756747,   29729000,    1025000,   44211624, c++, elite, mult, 8
5414757.exe ,  0.77,  0.24,  0.23,  0.00,  0.02,   30199659,   28158000,    2011000,   43899789, c++, elite, mult, 8
5414757.exe ,  0.78,  0.24,  0.23,  0.00,  0.02,   30730362,   27765000,    2974000,   44520461, c++, elite, mult, 8
5414757.exe ,  0.76,  0.24,  0.23,  0.00,  0.02,   30347009,   28342000,    1954000,   43837922, c++, elite, mult, 8
5414757.exe ,  0.80,  0.25,  0.23,  0.00,  0.02,   30293118,   27363000,    2931000,   44425971, c++, elite, mult, 8
5414757.exe ,  0.79,  0.25,  0.23,  0.00,  0.02,   30856193,   30847000,          0,   44233702, c++, elite, mult, 8
5414757.exe ,  0.84,  0.24,  0.23,  0.00,  0.02,   31002454,   29961000,     998000,   44960516, c++, elite, mult, 8
5414757.exe ,  0.78,  0.24,  0.23,  0.00,  0.02,   30495720,   29471000,    1016000,   43860275, c++, elite, mult, 8
5414757.exe ,  0.79,  0.25,  0.23,  0.00,  0.02,   30581720,   27547000,    2951000,   43811517, c++, elite, mult, 8
5415124.exe ,  0.77,  0.24,  0.23,  0.00,  0.02,   30131148,   29088000,    1003000,   44206178, c++, elite, mult, 8
5415124.exe ,  0.80,  0.24,  0.23,  0.00,  0.02,   30827187,   28830000,    1988000,   44616635, c++, elite, mult, 8
5415124.exe ,  0.80,  0.24,  0.23,  0.00,  0.02,   30046769,   28043000,    2003000,   43562535, c++, elite, mult, 8
5415124.exe ,  0.76,  0.24,  0.23,  0.00,  0.02,   30152032,   29132000,    1004000,   44021911, c++, elite, mult, 8
5415124.exe ,  0.77,  0.23,  0.22,  0.00,  0.02,   30743462,   28768000,    1984000,   44668070, c++, elite, mult, 8
5415124.exe ,  0.84,  0.26,  0.25,  0.00,  0.02,   33294019,   32290000,    1009000,   47102789, c++, elite, mult, 8
5415124.exe ,  0.76,  0.24,  0.23,  0.00,  0.02,   30076084,   29074000,    1002000,   43752413, c++, elite, mult, 8
5415124.exe ,  0.76,  0.24,  0.23,  0.00,  0.02,   30069798,   28074000,    2005000,   43702816, c++, elite, mult, 8
5415124.exe ,  0.77,  0.24,  0.23,  0.00,  0.02,   30006889,   30036000,          0,   43673221, c++, elite, mult, 8
5415124.exe ,  0.81,  0.24,  0.23,  0.00,  0.02,   30146045,   28138000,    2009000,   43544140, c++, elite, mult, 8
5734036.exe ,  0.38,  0.11,  0.11,  0.00,  0.01,   15725635,   14677000,    1048000,   29477667, c++, elite, mult, 8
5734036.exe ,  0.38,  0.12,  0.12,  0.00,  0.01,   15406852,   15379000,          0,   28917281, c++, elite, mult, 8
5734036.exe ,  0.40,  0.12,  0.12,  0.00,  0.01,   15679984,   12741000,    2940000,   29520097, c++, elite, mult, 8
5734036.exe ,  0.41,  0.13,  0.12,  0.00,  0.01,   15352117,   14324000,    1023000,   29356490, c++, elite, mult, 8
5734036.exe ,  0.44,  0.13,  0.12,  0.00,  0.01,   15426949,   13492000,    1927000,   29173341, c++, elite, mult, 8
5734036.exe ,  0.39,  0.12,  0.12,  0.00,  0.01,   15550308,   12649000,    2919000,   29465070, c++, elite, mult, 8
5734036.exe ,  0.41,  0.13,  0.12,  0.00,  0.01,   15478683,   13547000,    1935000,   29371063, c++, elite, mult, 8
5734036.exe ,  0.40,  0.12,  0.11,  0.00,  0.01,   15768240,   13799000,    1971000,   29731677, c++, elite, mult, 8
5734036.exe ,  0.39,  0.12,  0.12,  0.00,  0.01,   15253594,   13199000,    2030000,   29108485, c++, elite, mult, 8
5734036.exe ,  0.43,  0.13,  0.11,  0.00,  0.01,   16082175,   14061000,    2008000,   29819396, c++, elite, mult, 8
5810737.exe ,  0.69,  0.22,  0.21,  0.00,  0.01,   27016646,   26017000,    1000000,   41468356, c++, elite, mult, 8
5810737.exe ,  0.74,  0.22,  0.21,  0.00,  0.01,   27177795,   27184000,          0,   40847479, c++, elite, mult, 8
5810737.exe ,  0.71,  0.23,  0.21,  0.00,  0.01,   27164953,   25189000,    1937000,   40579779, c++, elite, mult, 8
5810737.exe ,  0.69,  0.22,  0.21,  0.00,  0.01,   27072801,   25000000,    2000000,   40599328, c++, elite, mult, 8
5810737.exe ,  0.70,  0.20,  0.19,  0.00,  0.02,   28978037,   27981000,     999000,   42839282, c++, elite, mult, 8
5810737.exe ,  0.71,  0.22,  0.21,  0.00,  0.01,   27053512,   25984000,     999000,   40655450, c++, elite, mult, 8
5810737.exe ,  0.71,  0.22,  0.20,  0.00,  0.02,   27300773,   24373000,    2924000,   40614136, c++, elite, mult, 8
5810737.exe ,  0.72,  0.21,  0.20,  0.00,  0.02,   28506293,   25549000,    2948000,   42445715, c++, elite, mult, 8
5810737.exe ,  0.69,  0.22,  0.21,  0.00,  0.01,   27068772,   26002000,    1000000,   40522018, c++, elite, mult, 8
5810737.exe ,  0.74,  0.21,  0.20,  0.00,  0.02,   27439967,   26429000,    1016000,   41176888, c++, elite, mult, 8
5811632.exe ,  0.84,  0.26,  0.26,  0.00,  0.02,   33645327,   33568000,          0,   47077096, c++, elite, mult, 8
5811632.exe ,  0.88,  0.27,  0.26,  0.00,  0.02,   33575739,   30618000,    2963000,   47533687, c++, elite, mult, 8
5811632.exe ,  0.86,  0.27,  0.26,  0.00,  0.02,   34126472,   32123000,    2007000,   47614988, c++, elite, mult, 8
5811632.exe ,  0.84,  0.26,  0.26,  0.00,  0.02,   33452951,   32462000,    1014000,   47107816, c++, elite, mult, 8
5811632.exe ,  0.89,  0.26,  0.26,  0.00,  0.02,   33511972,   33521000,          0,   46910583, c++, elite, mult, 8
5811632.exe ,  0.89,  0.27,  0.25,  0.00,  0.02,   34287573,   32273000,    2017000,   47932503, c++, elite, mult, 8
5811632.exe ,  0.85,  0.26,  0.25,  0.00,  0.02,   34366885,   32358000,    2022000,   47751884, c++, elite, mult, 8
5811632.exe ,  0.86,  0.27,  0.26,  0.00,  0.02,   34101166,   33088000,    1002000,   47890682, c++, elite, mult, 8
5811632.exe ,  0.87,  0.27,  0.25,  0.00,  0.02,   33506351,   31535000,    1970000,   47119259, c++, elite, mult, 8
5811632.exe ,  0.87,  0.27,  0.26,  0.00,  0.02,   33487749,   31518000,    1969000,   46925321, c++, elite, mult, 8
5817743.exe ,  0.74,  0.24,  0.23,  0.00,  0.02,   29035334,   27996000,    1036000,   43409929, c++, elite, mult, 8
5817743.exe ,  0.74,  0.23,  0.23,  0.00,  0.02,   29445014,   28413000,     979000,   42587315, c++, elite, mult, 8
5817743.exe ,  0.74,  0.22,  0.22,  0.00,  0.02,   29715038,   29708000,          0,   43090387, c++, elite, mult, 8
5817743.exe ,  0.73,  0.23,  0.22,  0.00,  0.02,   29494632,   29469000,          0,   43240652, c++, elite, mult, 8
5817743.exe ,  0.74,  0.23,  0.22,  0.00,  0.02,   29292279,   29302000,          0,   42382294, c++, elite, mult, 8
5817743.exe ,  0.75,  0.22,  0.22,  0.00,  0.02,   30510311,   30514000,          0,   43960414, c++, elite, mult, 8
5817743.exe ,  0.77,  0.23,  0.22,  0.00,  0.02,   29387342,   28424000,     980000,   42789062, c++, elite, mult, 8
5817743.exe ,  0.78,  0.23,  0.22,  0.00,  0.02,   29165067,   28217000,     973000,   42971901, c++, elite, mult, 8
5817743.exe ,  0.75,  0.23,  0.22,  0.00,  0.02,   29316891,   27384000,    1956000,   42879543, c++, elite, mult, 8
5817743.exe ,  0.74,  0.23,  0.22,  0.00,  0.02,   29425292,   29376000,          0,   43139649, c++, elite, mult, 8
5869113.exe ,  0.70,  0.22,  0.21,  0.00,  0.01,   27120180,   27057000,          0,   41523134, c++, elite, mult, 8
5869113.exe ,  0.73,  0.22,  0.21,  0.00,  0.02,   27411296,   25380000,    1952000,   40822252, c++, elite, mult, 8
5869113.exe ,  0.73,  0.21,  0.21,  0.00,  0.01,   27642289,   27667000,          0,   40881172, c++, elite, mult, 8
5869113.exe ,  0.70,  0.22,  0.20,  0.00,  0.01,   27614806,   24664000,    2959000,   41417129, c++, elite, mult, 8
5869113.exe ,  0.69,  0.21,  0.21,  0.00,  0.02,   27398006,   25445000,    1957000,   40640725, c++, elite, mult, 8
5869113.exe ,  0.70,  0.21,  0.20,  0.00,  0.01,   28129037,   28145000,          0,   41939827, c++, elite, mult, 8
5869113.exe ,  0.71,  0.22,  0.21,  0.00,  0.02,   27791386,   26792000,     992000,   41484949, c++, elite, mult, 8
5869113.exe ,  0.72,  0.22,  0.20,  0.00,  0.02,   28367285,   28255000,          0,   42260349, c++, elite, mult, 8
5869113.exe ,  0.72,  0.22,  0.21,  0.00,  0.01,   27626204,   24672000,    2960000,   41452931, c++, elite, mult, 8
5869113.exe ,  0.76,  0.22,  0.21,  0.00,  0.01,   27646920,   27626000,          0,   41397280, c++, elite, mult, 8
5884549.exe ,  0.69,  0.22,  0.21,  0.00,  0.01,   27737705,   27746000,          0,   41411279, c++, elite, mult, 8
5884549.exe ,  0.71,  0.21,  0.21,  0.00,  0.01,   28263995,   27228000,    1008000,   42144618, c++, elite, mult, 8
5884549.exe ,  0.71,  0.21,  0.20,  0.00,  0.01,   28262196,   27271000,    1010000,   42036449, c++, elite, mult, 8
5884549.exe ,  0.72,  0.22,  0.20,  0.00,  0.02,   28540123,   27562000,     984000,   42112653, c++, elite, mult, 8
5884549.exe ,  0.72,  0.21,  0.21,  0.00,  0.01,   27653543,   27651000,          0,   41224583, c++, elite, mult, 8
5884549.exe ,  0.74,  0.22,  0.21,  0.00,  0.01,   27787275,   26796000,     992000,   41399447, c++, elite, mult, 8
5884549.exe ,  0.71,  0.22,  0.21,  0.00,  0.02,   27741067,   26721000,    1027000,   41096841, c++, elite, mult, 8
5884549.exe ,  0.72,  0.22,  0.21,  0.00,  0.01,   27747745,   25770000,    1982000,   41571477, c++, elite, mult, 8
5884549.exe ,  0.71,  0.22,  0.21,  0.00,  0.01,   28404797,   28421000,          0,   42192364, c++, elite, mult, 8
5884549.exe ,  0.73,  0.22,  0.20,  0.00,  0.02,   28254546,   26312000,    1949000,   41790038, c++, elite, mult, 8
591151.exe  ,  0.76,  0.22,  0.21,  0.00,  0.02,   27811719,   24939000,    2877000,   41851325, c++, elite, mult, 8
591151.exe  ,  0.69,  0.22,  0.21,  0.00,  0.01,   27328166,   27279000,          0,   40740402, c++, elite, mult, 8
591151.exe  ,  0.69,  0.21,  0.21,  0.00,  0.01,   27154594,   26131000,    1005000,   40517103, c++, elite, mult, 8
591151.exe  ,  0.70,  0.21,  0.20,  0.00,  0.02,   28025328,   28013000,          0,   41472517, c++, elite, mult, 8
591151.exe  ,  0.71,  0.21,  0.21,  0.00,  0.01,   28195125,   26189000,    2014000,   41401449, c++, elite, mult, 8
591151.exe  ,  0.70,  0.21,  0.20,  0.00,  0.01,   28096842,   27095000,    1003000,   42030451, c++, elite, mult, 8
591151.exe  ,  0.69,  0.21,  0.20,  0.00,  0.01,   27451323,   26484000,     980000,   41436509, c++, elite, mult, 8
591151.exe  ,  0.74,  0.22,  0.21,  0.00,  0.01,   27565327,   27518000,          0,   41372346, c++, elite, mult, 8
591151.exe  ,  0.72,  0.22,  0.21,  0.00,  0.02,   27656126,   26703000,     989000,   41657074, c++, elite, mult, 8
591151.exe  ,  0.70,  0.22,  0.21,  0.00,  0.01,   27171423,   25124000,    2009000,   40859179, c++, elite, mult, 8
5976921.exe ,  0.72,  0.22,  0.21,  0.00,  0.02,   27395333,   26372000,    1014000,   41702433, c++, elite, mult, 8
5976921.exe ,  0.70,  0.21,  0.20,  0.00,  0.01,   28317103,   28314000,          0,   42180009, c++, elite, mult, 8
5976921.exe ,  0.74,  0.23,  0.21,  0.00,  0.02,   27796975,   27756000,          0,   41173768, c++, elite, mult, 8
5976921.exe ,  0.74,  0.22,  0.21,  0.00,  0.01,   27068025,   26066000,    1002000,   40710935, c++, elite, mult, 8
5976921.exe ,  0.73,  0.22,  0.20,  0.00,  0.01,   28067269,   26066000,    2005000,   41798077, c++, elite, mult, 8
5976921.exe ,  0.70,  0.22,  0.21,  0.00,  0.02,   27295894,   25271000,    1943000,   40626853, c++, elite, mult, 8
5976921.exe ,  0.70,  0.22,  0.21,  0.00,  0.01,   26749874,   24765000,    1981000,   40522338, c++, elite, mult, 8
5976921.exe ,  0.69,  0.22,  0.21,  0.00,  0.01,   27255568,   27228000,          0,   40774985, c++, elite, mult, 8
5976921.exe ,  0.73,  0.23,  0.21,  0.00,  0.01,   27731039,   26702000,    1027000,   41231691, c++, elite, mult, 8
5976921.exe ,  0.70,  0.21,  0.21,  0.00,  0.01,   27535326,   25574000,    1967000,   41085325, c++, elite, mult, 8
5980253.exe ,  0.69,  0.20,  0.20,  0.00,  0.01,   28592155,   28597000,          0,   43370809, c++, elite, mult, 8
5980253.exe ,  0.71,  0.22,  0.21,  0.00,  0.01,   27595743,   25624000,    1971000,   41335563, c++, elite, mult, 8
5980253.exe ,  0.71,  0.22,  0.21,  0.00,  0.01,   27585307,   25562000,    1966000,   40854182, c++, elite, mult, 8
5980253.exe ,  0.72,  0.23,  0.21,  0.00,  0.01,   27709944,   26649000,     987000,   41024857, c++, elite, mult, 8
5980253.exe ,  0.70,  0.22,  0.21,  0.00,  0.01,   27468722,   27350000,          0,   41277046, c++, elite, mult, 8
5980253.exe ,  0.74,  0.22,  0.21,  0.00,  0.02,   27630564,   24679000,    2961000,   41491342, c++, elite, mult, 8
5980253.exe ,  0.72,  0.22,  0.21,  0.00,  0.01,   27221889,   27154000,          0,   40459915, c++, elite, mult, 8
5980253.exe ,  0.73,  0.22,  0.21,  0.00,  0.02,   27980578,   25982000,    1998000,   41418733, c++, elite, mult, 8
5980253.exe ,  0.73,  0.22,  0.21,  0.00,  0.02,   27526830,   25561000,    1966000,   41146635, c++, elite, mult, 8
5980253.exe ,  0.72,  0.22,  0.21,  0.00,  0.01,   27300818,   26295000,    1011000,   40434473, c++, elite, mult, 8
6028185.exe ,  0.80,  0.24,  0.23,  0.00,  0.02,   30218296,   29169000,    1005000,   44727802, c++, elite, mult, 8
6028185.exe ,  0.79,  0.24,  0.23,  0.00,  0.02,   30053854,   29048000,    1001000,   43782335, c++, elite, mult, 8
6028185.exe ,  0.77,  0.24,  0.23,  0.00,  0.02,   30084017,   29078000,    1002000,   43373873, c++, elite, mult, 8
6028185.exe ,  0.77,  0.24,  0.23,  0.00,  0.02,   30086489,   28084000,    2006000,   43680703, c++, elite, mult, 8
6028185.exe ,  0.76,  0.23,  0.23,  0.00,  0.02,   30435405,   30441000,          0,   43669327, c++, elite, mult, 8
6028185.exe ,  0.78,  0.24,  0.22,  0.00,  0.02,   31057078,   30056000,    1001000,   44337790, c++, elite, mult, 8
6028185.exe ,  0.77,  0.23,  0.23,  0.00,  0.02,   30746569,   28766000,    1983000,   44298455, c++, elite, mult, 8
6028185.exe ,  0.77,  0.24,  0.23,  0.00,  0.02,   29804308,   29808000,          0,   44081145, c++, elite, mult, 8
6028185.exe ,  0.85,  0.25,  0.23,  0.00,  0.02,   30528899,   30421000,          0,   44434845, c++, elite, mult, 8
6028185.exe ,  0.77,  0.23,  0.22,  0.00,  0.02,   31362433,   30380000,     980000,   44822521, c++, elite, mult, 8
6047500.exe ,  0.72,  0.22,  0.21,  0.00,  0.01,   27516679,   26531000,     982000,   42573002, c++, elite, mult, 8
6047500.exe ,  0.70,  0.22,  0.21,  0.00,  0.01,   28127036,   27148000,    1005000,   41644640, c++, elite, mult, 8
6047500.exe ,  0.71,  0.21,  0.20,  0.00,  0.01,   28009582,   27041000,    1001000,   41590330, c++, elite, mult, 8
6047500.exe ,  0.76,  0.22,  0.21,  0.00,  0.01,   27373015,   26366000,    1014000,   40547916, c++, elite, mult, 8
6047500.exe ,  0.69,  0.21,  0.20,  0.00,  0.01,   27232227,   26195000,    1007000,   40916186, c++, elite, mult, 8
6047500.exe ,  0.72,  0.22,  0.21,  0.00,  0.02,   27815123,   26828000,     993000,   41495803, c++, elite, mult, 8
6047500.exe ,  0.70,  0.22,  0.21,  0.00,  0.01,   27188977,   26188000,    1007000,   40699272, c++, elite, mult, 8
6047500.exe ,  0.69,  0.21,  0.21,  0.00,  0.01,   27378994,   26334000,    1012000,   41113860, c++, elite, mult, 8
6047500.exe ,  0.73,  0.22,  0.21,  0.00,  0.02,   27497054,   25461000,    1958000,   41214169, c++, elite, mult, 8
6047500.exe ,  0.69,  0.22,  0.21,  0.00,  0.01,   27209326,   25271000,    1943000,   40504859, c++, elite, mult, 8
6079734.exe ,  0.69,  0.22,  0.21,  0.00,  0.01,   27042049,   27056000,          0,   40784207, c++, elite, mult, 8
6079734.exe ,  0.68,  0.20,  0.20,  0.00,  0.01,   27625439,   27658000,          0,   41474516, c++, elite, mult, 8
6079734.exe ,  0.72,  0.22,  0.21,  0.00,  0.02,   27130063,   25129000,    2010000,   40616173, c++, elite, mult, 8
6079734.exe ,  0.70,  0.22,  0.21,  0.00,  0.01,   26943579,   24862000,    1988000,   40466830, c++, elite, mult, 8
6079734.exe ,  0.72,  0.22,  0.21,  0.00,  0.02,   27569412,   25608000,    1969000,   41132452, c++, elite, mult, 8
6079734.exe ,  0.74,  0.22,  0.20,  0.00,  0.01,   27939568,   25064000,    2892000,   41662467, c++, elite, mult, 8
6079734.exe ,  0.74,  0.22,  0.21,  0.00,  0.01,   28382562,   27418000,     979000,   42123234, c++, elite, mult, 8
6079734.exe ,  0.70,  0.21,  0.21,  0.00,  0.02,   26996633,   26993000,          0,   40296031, c++, elite, mult, 8
6079734.exe ,  0.70,  0.22,  0.21,  0.00,  0.01,   26911188,   25884000,    1035000,   40622829, c++, elite, mult, 8
6079734.exe ,  0.72,  0.22,  0.20,  0.00,  0.02,   28765856,   27780000,     992000,   42316277, c++, elite, mult, 8
6109493.exe ,  0.76,  0.22,  0.21,  0.00,  0.01,   28689489,   28689000,          0,   42974748, c++, elite, mult, 8
6109493.exe ,  0.75,  0.23,  0.22,  0.00,  0.02,   29225290,   28161000,    1005000,   43074625, c++, elite, mult, 8
6109493.exe ,  0.72,  0.22,  0.22,  0.00,  0.01,   28423174,   27352000,    1013000,   41818147, c++, elite, mult, 8
6109493.exe ,  0.71,  0.22,  0.21,  0.00,  0.01,   28494330,   26525000,    1964000,   42210148, c++, elite, mult, 8
6109493.exe ,  0.74,  0.23,  0.22,  0.00,  0.02,   28735449,   25687000,    2963000,   42592255, c++, elite, mult, 8
6109493.exe ,  0.73,  0.23,  0.22,  0.00,  0.02,   28900677,   25916000,    2990000,   42178961, c++, elite, mult, 8
6109493.exe ,  0.72,  0.22,  0.21,  0.00,  0.02,   29487383,   26443000,    3051000,   44188271, c++, elite, mult, 8
6109493.exe ,  0.73,  0.23,  0.22,  0.00,  0.02,   28695132,   26713000,    1978000,   42460053, c++, elite, mult, 8
6109493.exe ,  0.79,  0.23,  0.22,  0.00,  0.02,   28881054,   26007000,    2889000,   42416674, c++, elite, mult, 8
6109493.exe ,  0.71,  0.22,  0.22,  0.00,  0.01,   28458971,   25521000,    2944000,   41953048, c++, elite, mult, 8
6146072.exe ,  0.72,  0.22,  0.21,  0.00,  0.01,   27271396,   26261000,    1010000,   41230765, c++, elite, mult, 8
6146072.exe ,  0.72,  0.19,  0.18,  0.00,  0.02,   30469663,   28521000,    1967000,   45899882, c++, elite, mult, 8
6146072.exe ,  0.68,  0.21,  0.21,  0.00,  0.01,   27210426,   27216000,          0,   40740764, c++, elite, mult, 8
6146072.exe ,  0.75,  0.22,  0.21,  0.00,  0.01,   27766768,   27776000,          0,   41498255, c++, elite, mult, 8
6146072.exe ,  0.71,  0.22,  0.21,  0.00,  0.01,   27257855,   25250000,    2020000,   41881475, c++, elite, mult, 8
6146072.exe ,  0.70,  0.21,  0.20,  0.00,  0.02,   28053889,   27054000,    1002000,   41434307, c++, elite, mult, 8
6146072.exe ,  0.71,  0.22,  0.21,  0.00,  0.01,   27746745,   26755000,     990000,   41240620, c++, elite, mult, 8
6146072.exe ,  0.71,  0.22,  0.21,  0.00,  0.01,   27312459,   26305000,    1011000,   41104143, c++, elite, mult, 8
6146072.exe ,  0.70,  0.22,  0.21,  0.00,  0.01,   27407787,   26367000,     976000,   40938968, c++, elite, mult, 8
6146072.exe ,  0.68,  0.21,  0.21,  0.00,  0.01,   27331894,   25389000,    1953000,   40812612, c++, elite, mult, 8
6186538.exe ,  0.70,  0.22,  0.21,  0.00,  0.02,   27284954,   25337000,    1949000,   41740258, c++, elite, mult, 8
6186538.exe ,  0.70,  0.21,  0.21,  0.00,  0.01,   28153371,   28159000,          0,   41999411, c++, elite, mult, 8
6186538.exe ,  0.76,  0.22,  0.21,  0.00,  0.01,   27470682,   24538000,    2944000,   41367320, c++, elite, mult, 8
6186538.exe ,  0.70,  0.21,  0.20,  0.00,  0.01,   28137112,   27125000,    1004000,   42179476, c++, elite, mult, 8
6186538.exe ,  0.71,  0.23,  0.22,  0.00,  0.01,   27973411,   26050000,    1929000,   41545149, c++, elite, mult, 8
6186538.exe ,  0.70,  0.21,  0.20,  0.00,  0.01,   28282774,   25364000,    2926000,   42259438, c++, elite, mult, 8
6186538.exe ,  0.70,  0.22,  0.21,  0.00,  0.01,   28215922,   27208000,    1007000,   41586801, c++, elite, mult, 8
6186538.exe ,  0.72,  0.22,  0.20,  0.00,  0.02,   28199304,   27193000,    1007000,   41769756, c++, elite, mult, 8
6186538.exe ,  0.71,  0.22,  0.21,  0.00,  0.02,   27547440,   26569000,     984000,   40873138, c++, elite, mult, 8
6186538.exe ,  0.72,  0.22,  0.21,  0.00,  0.01,   27609919,   26554000,     983000,   41439558, c++, elite, mult, 8
6198424.exe ,  0.71,  0.22,  0.21,  0.00,  0.02,   27828106,   26818000,     993000,   41764589, c++, elite, mult, 8
6198424.exe ,  0.70,  0.22,  0.21,  0.00,  0.01,   27815229,   27818000,          0,   41075727, c++, elite, mult, 8
6198424.exe ,  0.70,  0.22,  0.21,  0.00,  0.01,   27728513,   26746000,     990000,   41219996, c++, elite, mult, 8
6198424.exe ,  0.74,  0.22,  0.21,  0.00,  0.01,   27016077,   25020000,    2001000,   40845538, c++, elite, mult, 8
6198424.exe ,  0.71,  0.22,  0.21,  0.00,  0.01,   27715208,   27726000,          0,   41455949, c++, elite, mult, 8
6198424.exe ,  0.71,  0.22,  0.21,  0.00,  0.01,   27609532,   26558000,    1021000,   40986237, c++, elite, mult, 8
6198424.exe ,  0.71,  0.22,  0.21,  0.00,  0.01,   27758787,   26765000,     991000,   41498656, c++, elite, mult, 8
6198424.exe ,  0.70,  0.21,  0.21,  0.00,  0.01,   28123588,   27112000,    1004000,   41384710, c++, elite, mult, 8
6198424.exe ,  0.69,  0.22,  0.21,  0.00,  0.01,   27393742,   27403000,          0,   41001191, c++, elite, mult, 8
6198424.exe ,  0.72,  0.22,  0.21,  0.00,  0.02,   29079497,   28085000,    1003000,   42637906, c++, elite, mult, 8
6200657.exe ,  0.41,  0.13,  0.13,  0.00,  0.01,   16630376,   14559000,    2079000,   30305339, c++, elite, mult, 8
6200657.exe ,  0.44,  0.14,  0.13,  0.00,  0.01,   16913712,   16917000,          0,   30788406, c++, elite, mult, 8
6200657.exe ,  0.44,  0.14,  0.13,  0.00,  0.01,   16700629,   15724000,     982000,   30766977, c++, elite, mult, 8
6200657.exe ,  0.44,  0.14,  0.13,  0.00,  0.01,   16705208,   14624000,    2089000,   30499449, c++, elite, mult, 8
6200657.exe ,  0.42,  0.13,  0.12,  0.00,  0.01,   17419002,   15492000,    1936000,   31453839, c++, elite, mult, 8
6200657.exe ,  0.44,  0.14,  0.13,  0.00,  0.01,   16884908,   15834000,    1055000,   30663419, c++, elite, mult, 8
6200657.exe ,  0.43,  0.13,  0.13,  0.00,  0.01,   16852104,   15817000,    1054000,   30730314, c++, elite, mult, 8
6200657.exe ,  0.45,  0.13,  0.12,  0.00,  0.01,   17564859,   17549000,          0,   31443035, c++, elite, mult, 8
6200657.exe ,  0.46,  0.14,  0.13,  0.00,  0.01,   16764467,   15741000,     983000,   30477551, c++, elite, mult, 8
6200657.exe ,  0.43,  0.13,  0.13,  0.00,  0.01,   16837114,   14062000,    2812000,   30425697, c++, elite, mult, 8
6265278.exe ,  0.33,  0.10,  0.09,  0.00,  0.01,   11758821,    9782000,    1956000,   25588333, c++, elite, mult, 8
6265278.exe ,  0.32,  0.10,  0.09,  0.00,  0.01,   12190594,   11177000,    1016000,   25795578, c++, elite, mult, 8
6265278.exe ,  0.31,  0.10,  0.09,  0.00,  0.01,   11715483,    9763000,    1952000,   25406111, c++, elite, mult, 8
6265278.exe ,  0.31,  0.10,  0.09,  0.00,  0.01,   11716046,    9787000,    1957000,   25627411, c++, elite, mult, 8
6265278.exe ,  0.31,  0.09,  0.09,  0.00,  0.01,   11925631,   10903000,     991000,   25225152, c++, elite, mult, 8
6265278.exe ,  0.31,  0.10,  0.09,  0.00,  0.01,   11803561,   10774000,     979000,   25680870, c++, elite, mult, 8
6265278.exe ,  0.31,  0.09,  0.09,  0.00,  0.01,   11825588,   11849000,          0,   25054108, c++, elite, mult, 8
6265278.exe ,  0.30,  0.09,  0.09,  0.00,  0.01,   12196755,   12149000,          0,   26174887, c++, elite, mult, 8
6265278.exe ,  0.31,  0.10,  0.09,  0.00,  0.01,   11967843,   10902000,     991000,   25249740, c++, elite, mult, 8
6265278.exe ,  0.31,  0.10,  0.09,  0.00,  0.01,   11764205,   10787000,     980000,   25516877, c++, elite, mult, 8
635598.exe  ,  0.70,  0.21,  0.21,  0.00,  0.01,   27661573,   26676000,     988000,   41345780, c++, elite, mult, 8
635598.exe  ,  0.70,  0.21,  0.20,  0.00,  0.02,   28447479,   28465000,          0,   42195485, c++, elite, mult, 8
635598.exe  ,  0.73,  0.22,  0.20,  0.00,  0.02,   28231969,   27228000,    1008000,   42043268, c++, elite, mult, 8
635598.exe  ,  0.72,  0.21,  0.20,  0.00,  0.02,   28702608,   27688000,    1025000,   43514146, c++, elite, mult, 8
635598.exe  ,  0.71,  0.22,  0.21,  0.00,  0.01,   27682714,   26695000,     988000,   41255562, c++, elite, mult, 8
635598.exe  ,  0.74,  0.22,  0.21,  0.00,  0.01,   27551546,   26574000,     984000,   41269594, c++, elite, mult, 8
635598.exe  ,  0.71,  0.23,  0.21,  0.00,  0.02,   27710371,   26646000,     986000,   41090371, c++, elite, mult, 8
635598.exe  ,  0.71,  0.22,  0.21,  0.00,  0.02,   27665125,   27670000,          0,   41083564, c++, elite, mult, 8
635598.exe  ,  0.71,  0.22,  0.21,  0.00,  0.01,   27708059,   25649000,    1973000,   41517400, c++, elite, mult, 8
635598.exe  ,  0.69,  0.21,  0.21,  0.00,  0.02,   27544756,   27556000,          0,   40989785, c++, elite, mult, 8
6426681.exe ,  0.69,  0.21,  0.20,  0.00,  0.01,   28223571,   28177000,          0,   43339025, c++, elite, mult, 8
6426681.exe ,  0.69,  0.22,  0.21,  0.00,  0.01,   27332432,   25312000,    1947000,   41095640, c++, elite, mult, 8
6426681.exe ,  0.70,  0.22,  0.21,  0.00,  0.01,   27552333,   27459000,          0,   41055868, c++, elite, mult, 8
6426681.exe ,  0.69,  0.22,  0.21,  0.00,  0.01,   27242453,   27166000,          0,   40948439, c++, elite, mult, 8
6426681.exe ,  0.72,  0.22,  0.21,  0.00,  0.02,   27819997,   25812000,    1985000,   41531505, c++, elite, mult, 8
6426681.exe ,  0.74,  0.22,  0.20,  0.00,  0.01,   27377153,   26371000,    1014000,   41086484, c++, elite, mult, 8
6426681.exe ,  0.68,  0.21,  0.20,  0.00,  0.01,   27159352,   25152000,    2012000,   40545917, c++, elite, mult, 8
6426681.exe ,  0.69,  0.22,  0.21,  0.00,  0.02,   27118583,   26103000,    1003000,   41084507, c++, elite, mult, 8
6426681.exe ,  0.71,  0.22,  0.21,  0.00,  0.01,   27401166,   26356000,    1013000,   40798959, c++, elite, mult, 8
6426681.exe ,  0.70,  0.21,  0.20,  0.00,  0.01,   27829781,   26837000,     993000,   41586581, c++, elite, mult, 8
6771116.exe ,  0.33,  0.10,  0.09,  0.00,  0.01,   11876226,   10892000,     990000,   25784004, c++, elite, mult, 8
6771116.exe ,  0.31,  0.09,  0.09,  0.00,  0.01,   12165297,    9356000,    2806000,   26090238, c++, elite, mult, 8
6771116.exe ,  0.31,  0.10,  0.09,  0.00,  0.01,   11724142,   10736000,     976000,   25530083, c++, elite, mult, 8
6771116.exe ,  0.31,  0.09,  0.09,  0.00,  0.01,   11953484,   10942000,     994000,   25795516, c++, elite, mult, 8
6771116.exe ,  0.30,  0.09,  0.09,  0.00,  0.01,   12131614,   11107000,    1009000,   26053500, c++, elite, mult, 8
6771116.exe ,  0.31,  0.10,  0.09,  0.00,  0.01,   11803080,   10827000,     984000,   25997609, c++, elite, mult, 8
6771116.exe ,  0.31,  0.10,  0.09,  0.00,  0.01,   11731836,    9780000,    1956000,   25212175, c++, elite, mult, 8
6771116.exe ,  0.31,  0.09,  0.09,  0.00,  0.01,   11712578,   10746000,     976000,   25620196, c++, elite, mult, 8
6771116.exe ,  0.31,  0.10,  0.09,  0.00,  0.01,   12033635,   11965000,          0,   25647649, c++, elite, mult, 8
6771116.exe ,  0.35,  0.09,  0.09,  0.00,  0.01,   12053110,   11057000,    1005000,   26417857, c++, elite, mult, 8
6796016.exe ,  0.69,  0.22,  0.21,  0.00,  0.01,   27299476,   26319000,     974000,   41470329, c++, elite, mult, 8
6796016.exe ,  0.70,  0.21,  0.21,  0.00,  0.01,   28284015,   28290000,          0,   41607573, c++, elite, mult, 8
6796016.exe ,  0.71,  0.21,  0.21,  0.00,  0.01,   28488726,   26519000,    1964000,   42223333, c++, elite, mult, 8
6796016.exe ,  0.71,  0.22,  0.21,  0.00,  0.01,   27705966,   26726000,     989000,   41537812, c++, elite, mult, 8
6796016.exe ,  0.69,  0.21,  0.21,  0.00,  0.01,   27425823,   27443000,          0,   40815034, c++, elite, mult, 8
6796016.exe ,  0.74,  0.22,  0.21,  0.00,  0.02,   27268906,   27286000,          0,   40949209, c++, elite, mult, 8
6796016.exe ,  0.69,  0.22,  0.21,  0.00,  0.01,   27347289,   27354000,          0,   40742375, c++, elite, mult, 8
6796016.exe ,  0.69,  0.22,  0.21,  0.00,  0.01,   27537097,   27532000,          0,   41228110, c++, elite, mult, 8
6796016.exe ,  0.69,  0.22,  0.21,  0.00,  0.01,   27391081,   25394000,    1953000,   41046649, c++, elite, mult, 8
6796016.exe ,  0.71,  0.22,  0.21,  0.00,  0.01,   27878167,   27892000,          0,   41335194, c++, elite, mult, 8
6828397.exe ,  0.79,  0.25,  0.23,  0.00,  0.02,   30312829,   27082000,    3009000,   43944632, c++, elite, mult, 8
6828397.exe ,  0.79,  0.24,  0.22,  0.00,  0.02,   31121263,   30117000,    1003000,   44555865, c++, elite, mult, 8
6828397.exe ,  0.79,  0.23,  0.22,  0.00,  0.02,   31654432,   30668000,     989000,   45377109, c++, elite, mult, 8
6828397.exe ,  0.80,  0.23,  0.22,  0.00,  0.02,   30332071,   28383000,    1957000,   44113304, c++, elite, mult, 8
6828397.exe ,  0.77,  0.24,  0.23,  0.00,  0.02,   30001251,   27005000,    3000000,   43624021, c++, elite, mult, 8
6828397.exe ,  0.76,  0.23,  0.22,  0.00,  0.02,   30248859,   30260000,          0,   43606627, c++, elite, mult, 8
6828397.exe ,  0.76,  0.24,  0.23,  0.00,  0.02,   30448393,   28479000,    1964000,   44114035, c++, elite, mult, 8
6828397.exe ,  0.76,  0.24,  0.23,  0.00,  0.02,   29922672,   27930000,    1995000,   43724947, c++, elite, mult, 8
6828397.exe ,  0.76,  0.24,  0.23,  0.00,  0.02,   30008314,   28017000,    2001000,   43793149, c++, elite, mult, 8
6828397.exe ,  0.76,  0.23,  0.23,  0.00,  0.02,   30045936,   29052000,    1001000,   43704525, c++, elite, mult, 8
6841510.exe ,  0.30,  0.08,  0.07,  0.00,  0.01,   13242812,   12211000,    1017000,   29069924, c++, elite, mult, 8
6841510.exe ,  0.31,  0.09,  0.09,  0.00,  0.01,   11658781,    9727000,    1945000,   25542841, c++, elite, mult, 8
6841510.exe ,  0.28,  0.09,  0.09,  0.00,  0.01,   11626069,   11669000,          0,   25410549, c++, elite, mult, 8
6841510.exe ,  0.30,  0.09,  0.08,  0.00,  0.01,   12066925,   12028000,          0,   26178711, c++, elite, mult, 8
6841510.exe ,  0.31,  0.10,  0.09,  0.00,  0.01,   11815928,   10832000,     984000,   25573940, c++, elite, mult, 8
6841510.exe ,  0.31,  0.09,  0.09,  0.00,  0.01,   11912239,   10923000,     993000,   25654744, c++, elite, mult, 8
6841510.exe ,  0.32,  0.10,  0.09,  0.00,  0.01,   11474150,   10530000,     957000,   24923341, c++, elite, mult, 8
6841510.exe ,  0.33,  0.10,  0.09,  0.00,  0.01,   11856530,   11849000,          0,   25713454, c++, elite, mult, 8
6841510.exe ,  0.29,  0.09,  0.09,  0.00,  0.01,   11449237,   10505000,     955000,   25245779, c++, elite, mult, 8
6841510.exe ,  0.31,  0.10,  0.09,  0.00,  0.01,   11617603,    9681000,    1936000,   25498190, c++, elite, mult, 8
7449568.exe ,  0.70,  0.19,  0.19,  0.00,  0.02,   29147695,   28168000,    1006000,   44154469, c++, elite, mult, 8
7449568.exe ,  0.70,  0.22,  0.21,  0.00,  0.02,   26964480,   25903000,     996000,   40718236, c++, elite, mult, 8
7449568.exe ,  0.73,  0.21,  0.20,  0.00,  0.01,   27391972,   27406000,          0,   40686806, c++, elite, mult, 8
7449568.exe ,  0.68,  0.21,  0.20,  0.00,  0.01,   27095794,   27103000,          0,   40558965, c++, elite, mult, 8
7449568.exe ,  0.72,  0.22,  0.20,  0.00,  0.02,   27634538,   26648000,     986000,   40959022, c++, elite, mult, 8
7449568.exe ,  0.69,  0.21,  0.20,  0.00,  0.01,   27160462,   25164000,    2013000,   40965287, c++, elite, mult, 8
7449568.exe ,  0.69,  0.21,  0.20,  0.00,  0.01,   27030888,   26040000,    1001000,   40373136, c++, elite, mult, 8
7449568.exe ,  0.70,  0.22,  0.21,  0.00,  0.01,   27138662,   26136000,    1005000,   40473929, c++, elite, mult, 8
7449568.exe ,  0.71,  0.22,  0.20,  0.00,  0.01,   27309903,   25287000,    2022000,   41099973, c++, elite, mult, 8
7449568.exe ,  0.72,  0.22,  0.21,  0.00,  0.01,   26941243,   25857000,     994000,   40645949, c++, elite, mult, 8
7766424.exe ,  0.79,  0.24,  0.23,  0.00,  0.02,   30964775,   29964000,     998000,   45090902, c++, elite, mult, 8
7766424.exe ,  0.77,  0.24,  0.23,  0.00,  0.02,   29866946,   27884000,    1991000,   43875422, c++, elite, mult, 8
7766424.exe ,  0.77,  0.24,  0.23,  0.00,  0.02,   29982236,   27992000,    1999000,   43765269, c++, elite, mult, 8
7766424.exe ,  0.77,  0.24,  0.23,  0.00,  0.02,   30020531,   28014000,    2001000,   43342649, c++, elite, mult, 8
7766424.exe ,  0.82,  0.23,  0.23,  0.00,  0.02,   30124388,   28092000,    2006000,   43383069, c++, elite, mult, 8
7766424.exe ,  0.76,  0.23,  0.23,  0.00,  0.02,   30247784,   28223000,    2015000,   43673047, c++, elite, mult, 8
7766424.exe ,  0.76,  0.24,  0.23,  0.00,  0.02,   30128290,   29128000,    1004000,   43758576, c++, elite, mult, 8
7766424.exe ,  0.80,  0.24,  0.22,  0.00,  0.02,   31210775,   29202000,    2013000,   44731497, c++, elite, mult, 8
7766424.exe ,  0.78,  0.23,  0.23,  0.00,  0.02,   30142479,   30078000,          0,   43590029, c++, elite, mult, 8
7766424.exe ,  0.78,  0.24,  0.23,  0.00,  0.02,   29985045,   28990000,     999000,   43699315, c++, elite, mult, 8
779257.exe  ,  0.84,  0.25,  0.24,  0.00,  0.02,   30628171,   27654000,    2962000,   44733078, c++, elite, mult, 8
779257.exe  ,  0.79,  0.23,  0.22,  0.00,  0.02,   31307924,   30329000,     978000,   44983770, c++, elite, mult, 8
779257.exe  ,  0.78,  0.23,  0.22,  0.00,  0.02,   31869993,   29890000,    1992000,   46416016, c++, elite, mult, 8
779257.exe  ,  0.78,  0.24,  0.23,  0.00,  0.02,   30928693,   29914000,    1031000,   44618587, c++, elite, mult, 8
779257.exe  ,  0.78,  0.24,  0.23,  0.00,  0.02,   30648073,   27683000,    2966000,   44566659, c++, elite, mult, 8
779257.exe  ,  0.79,  0.24,  0.23,  0.00,  0.02,   31368264,   29401000,    1960000,   45136222, c++, elite, mult, 8
779257.exe  ,  0.99,  0.31,  0.30,  0.00,  0.02,   38756480,   37615000,    1016000,   56077259, c++, elite, mult, 8
779257.exe  ,  0.79,  0.24,  0.23,  0.00,  0.02,   30482690,   29437000,    1015000,   44257391, c++, elite, mult, 8
779257.exe  ,  0.81,  0.24,  0.23,  0.00,  0.02,   30576216,   27625000,    2959000,   43938611, c++, elite, mult, 8
779257.exe  ,  0.79,  0.25,  0.23,  0.00,  0.02,   30381792,   28356000,    2025000,   44342164, c++, elite, mult, 8
779384.exe  ,  0.30,  0.09,  0.09,  0.00,  0.01,   11965098,   10956000,     996000,   26450760, c++, elite, mult, 8
779384.exe  ,  0.31,  0.10,  0.09,  0.00,  0.01,   11740687,    9790000,    1958000,   25580560, c++, elite, mult, 8
779384.exe  ,  0.28,  0.09,  0.09,  0.00,  0.01,   11587687,   11600000,          0,   25390209, c++, elite, mult, 8
779384.exe  ,  0.28,  0.09,  0.09,  0.00,  0.01,   11705873,   10732000,     975000,   25646804, c++, elite, mult, 8
779384.exe  ,  0.32,  0.10,  0.09,  0.00,  0.01,   11622667,    9706000,    1941000,   25402139, c++, elite, mult, 8
779384.exe  ,  0.28,  0.09,  0.09,  0.00,  0.01,   11617792,   10660000,     969000,   25331340, c++, elite, mult, 8
779384.exe  ,  0.28,  0.09,  0.09,  0.00,  0.01,   11710625,   10648000,    1064000,   25443515, c++, elite, mult, 8
779384.exe  ,  0.31,  0.10,  0.09,  0.00,  0.01,   11735648,   11750000,          0,   25638537, c++, elite, mult, 8
779384.exe  ,  0.31,  0.10,  0.09,  0.00,  0.01,   11738593,    9780000,    1956000,   25567445, c++, elite, mult, 8
779384.exe  ,  0.33,  0.09,  0.09,  0.00,  0.01,   12110331,   11043000,    1003000,   26007294, c++, elite, mult, 8
7804624.exe ,  0.32,  0.10,  0.09,  0.00,  0.01,   11687401,    9737000,    1947000,   26189529, c++, elite, mult, 8
7804624.exe ,  0.31,  0.10,  0.09,  0.00,  0.01,   11941264,    9893000,    1978000,   25277254, c++, elite, mult, 8
7804624.exe ,  0.31,  0.10,  0.09,  0.00,  0.01,   11783063,   10812000,     982000,   25521821, c++, elite, mult, 8
7804624.exe ,  0.31,  0.10,  0.09,  0.00,  0.01,   11837255,   10856000,     986000,   25616700, c++, elite, mult, 8
7804624.exe ,  0.31,  0.10,  0.09,  0.00,  0.01,   11752614,   11702000,          0,   25533491, c++, elite, mult, 8
7804624.exe ,  0.33,  0.10,  0.09,  0.00,  0.01,   11810060,    8846000,    2948000,   25134046, c++, elite, mult, 8
7804624.exe ,  0.31,  0.10,  0.09,  0.00,  0.01,   11957921,   11957000,          0,   25656104, c++, elite, mult, 8
7804624.exe ,  0.30,  0.09,  0.08,  0.00,  0.01,   12157774,   11181000,     931000,   26152689, c++, elite, mult, 8
7804624.exe ,  0.31,  0.10,  0.09,  0.00,  0.01,   11929006,   11940000,          0,   25192650, c++, elite, mult, 8
7804624.exe ,  0.31,  0.10,  0.09,  0.00,  0.01,   11910275,    9902000,    1980000,   25343405, c++, elite, mult, 8
791293.exe  ,  0.77,  0.24,  0.23,  0.00,  0.02,   30704148,   28736000,    1981000,   45415472, c++, elite, mult, 8
791293.exe  ,  0.78,  0.24,  0.23,  0.00,  0.02,   30858518,   28869000,    1990000,   44341344, c++, elite, mult, 8
791293.exe  ,  0.76,  0.24,  0.23,  0.00,  0.02,   30628271,   26682000,    3952000,   44234878, c++, elite, mult, 8
791293.exe  ,  0.84,  0.24,  0.23,  0.00,  0.02,   30847847,   27862000,    2985000,   44206947, c++, elite, mult, 8
791293.exe  ,  0.78,  0.24,  0.23,  0.00,  0.02,   30849693,   28798000,    2057000,   44646336, c++, elite, mult, 8
791293.exe  ,  0.80,  0.25,  0.24,  0.00,  0.02,   31279455,   28301000,    2927000,   45083688, c++, elite, mult, 8
791293.exe  ,  0.79,  0.25,  0.23,  0.00,  0.02,   30582734,   27578000,    2954000,   44305713, c++, elite, mult, 8
791293.exe  ,  0.77,  0.24,  0.23,  0.00,  0.02,   30577557,   28558000,    1969000,   44296529, c++, elite, mult, 8
791293.exe  ,  0.77,  0.24,  0.23,  0.00,  0.02,   30787692,   27744000,    2972000,   44610188, c++, elite, mult, 8
791293.exe  ,  0.81,  0.25,  0.24,  0.00,  0.02,   30905837,   26859000,    3837000,   44375964, c++, elite, mult, 8
8327121.exe ,  0.74,  0.23,  0.21,  0.00,  0.02,   28045631,   27045000,    1001000,   41807519, c++, elite, mult, 8
8327121.exe ,  0.71,  0.22,  0.21,  0.00,  0.01,   28000807,   28011000,          0,   41882317, c++, elite, mult, 8
8327121.exe ,  0.72,  0.22,  0.21,  0.00,  0.01,   27461450,   26367000,    1014000,   41254848, c++, elite, mult, 8
8327121.exe ,  0.74,  0.21,  0.20,  0.00,  0.01,   28313060,   28358000,          0,   42013819, c++, elite, mult, 8
8327121.exe ,  0.71,  0.22,  0.21,  0.00,  0.02,   28094335,   27101000,    1003000,   41558097, c++, elite, mult, 8
8327121.exe ,  0.71,  0.22,  0.21,  0.00,  0.01,   27783881,   27804000,          0,   41089749, c++, elite, mult, 8
8327121.exe ,  0.72,  0.22,  0.20,  0.00,  0.02,   28648600,   28658000,          0,   43078010, c++, elite, mult, 8
8327121.exe ,  0.69,  0.21,  0.21,  0.00,  0.02,   27742236,   25760000,    1981000,   41487847, c++, elite, mult, 8
8327121.exe ,  0.71,  0.22,  0.21,  0.00,  0.01,   27679469,   25664000,    1974000,   41293421, c++, elite, mult, 8
8327121.exe ,  0.72,  0.21,  0.20,  0.00,  0.02,   28876844,   26890000,    1991000,   42402318, c++, elite, mult, 8
8425383.exe ,  0.76,  0.23,  0.21,  0.00,  0.02,   29307839,   27293000,    2021000,   42618112, c++, elite, mult, 8
8425383.exe ,  0.73,  0.22,  0.21,  0.00,  0.02,   29002109,   27001000,    2000000,   42710842, c++, elite, mult, 8
8425383.exe ,  0.72,  0.22,  0.22,  0.00,  0.01,   28304080,   27265000,    1009000,   41966362, c++, elite, mult, 8
8425383.exe ,  0.74,  0.23,  0.22,  0.00,  0.02,   28480421,   24479000,    3916000,   42256713, c++, elite, mult, 8
8425383.exe ,  0.71,  0.22,  0.21,  0.00,  0.01,   28655330,   26689000,    1976000,   42064138, c++, elite, mult, 8
8425383.exe ,  0.79,  0.23,  0.22,  0.00,  0.02,   28770557,   26768000,    1982000,   42337287, c++, elite, mult, 8
8425383.exe ,  0.75,  0.23,  0.22,  0.00,  0.02,   28314906,   26217000,    2016000,   41881015, c++, elite, mult, 8
8425383.exe ,  0.74,  0.23,  0.22,  0.00,  0.02,   28295011,   26203000,    2015000,   41665223, c++, elite, mult, 8
8425383.exe ,  0.72,  0.22,  0.22,  0.00,  0.01,   28207608,   26174000,    1938000,   41737015, c++, elite, mult, 8
8425383.exe ,  0.72,  0.23,  0.22,  0.00,  0.02,   28183897,   27132000,    1004000,   41705262, c++, elite, mult, 8
8455115.exe ,  0.75,  0.22,  0.21,  0.00,  0.02,   26872805,   26819000,          0,   41193016, c++, elite, mult, 8
8455115.exe ,  0.70,  0.22,  0.21,  0.00,  0.01,   27866577,   27850000,          0,   41531332, c++, elite, mult, 8
8455115.exe ,  0.72,  0.22,  0.21,  0.00,  0.02,   27530692,   25456000,    2036000,   41542420, c++, elite, mult, 8
8455115.exe ,  0.72,  0.22,  0.21,  0.00,  0.01,   27694289,   27611000,          0,   41323007, c++, elite, mult, 8
8455115.exe ,  0.71,  0.21,  0.20,  0.00,  0.02,   28627760,   26656000,    1974000,   42554584, c++, elite, mult, 8
8455115.exe ,  0.69,  0.22,  0.21,  0.00,  0.01,   27399847,   24398000,    2927000,   40855247, c++, elite, mult, 8
8455115.exe ,  0.72,  0.22,  0.20,  0.00,  0.02,   28133433,   27134000,    1004000,   41808742, c++, elite, mult, 8
8455115.exe ,  0.71,  0.22,  0.21,  0.00,  0.01,   27811487,   25746000,    1980000,   41463281, c++, elite, mult, 8
8455115.exe ,  0.77,  0.21,  0.20,  0.00,  0.02,   29161756,   28159000,    1005000,   42541690, c++, elite, mult, 8
8455115.exe ,  0.68,  0.21,  0.21,  0.00,  0.01,   27563517,   26583000,     984000,   41321489, c++, elite, mult, 8
8540612.exe ,  0.79,  0.24,  0.23,  0.00,  0.02,   30499042,   28529000,    1967000,   44938208, c++, elite, mult, 8
8540612.exe ,  0.79,  0.25,  0.23,  0.00,  0.02,   30312704,   29205000,    1007000,   44275547, c++, elite, mult, 8
8540612.exe ,  0.78,  0.24,  0.23,  0.00,  0.02,   30061806,   28130000,    1940000,   44032582, c++, elite, mult, 8
8540612.exe ,  0.80,  0.24,  0.23,  0.00,  0.02,   30162811,   28150000,    2010000,   43540009, c++, elite, mult, 8
8540612.exe ,  0.77,  0.24,  0.23,  0.00,  0.02,   30123593,   29092000,    1003000,   43516606, c++, elite, mult, 8
8540612.exe ,  0.76,  0.24,  0.23,  0.00,  0.02,   29983644,   29996000,          0,   43877487, c++, elite, mult, 8
8540612.exe ,  0.76,  0.24,  0.23,  0.00,  0.02,   29863104,   28874000,     995000,   43577312, c++, elite, mult, 8
8540612.exe ,  0.77,  0.24,  0.23,  0.00,  0.02,   30030023,   28032000,    2002000,   43540314, c++, elite, mult, 8
8540612.exe ,  0.76,  0.23,  0.23,  0.00,  0.02,   30191983,   30197000,          0,   43633366, c++, elite, mult, 8
8540612.exe ,  0.76,  0.23,  0.23,  0.00,  0.02,   30515349,   28548000,    1968000,   44444791, c++, elite, mult, 8
