file,psys,pkg,cores,gpu,ram,duration_time,user_time,system_time,perf_time,lang,machine,cores,power_limit
1655552.exe ,  2.19,  0.41,  0.37,  0.00,  0.06,  108893888,   94375000,   14207000,  136654213, c++, elite, mult, 4
1655552.exe ,  2.12,  0.41,  0.38,  0.00,  0.06,  104257966,   94230000,   10024000,  125105204, c++, elite, mult, 4
1655552.exe ,  2.10,  0.42,  0.37,  0.00,  0.06,  104165795,   92140000,   12018000,  125369598, c++, elite, mult, 4
1655552.exe ,  2.06,  0.41,  0.37,  0.00,  0.06,  103206644,   96256000,    6946000,  124089989, c++, elite, mult, 4
1655552.exe ,  2.11,  0.41,  0.37,  0.00,  0.06,  103262417,   93181000,   10019000,  124373605, c++, elite, mult, 4
1655552.exe ,  2.05,  0.41,  0.38,  0.00,  0.06,  104173081,   92255000,   11903000,  125056021, c++, elite, mult, 4
1655552.exe ,  2.07,  0.42,  0.38,  0.00,  0.06,  104550821,   93494000,   11058000,  125911817, c++, elite, mult, 4
1655552.exe ,  2.04,  0.41,  0.37,  0.00,  0.06,  104037866,   96041000,    8003000,  125391784, c++, elite, mult, 4
1655552.exe ,  2.04,  0.41,  0.37,  0.00,  0.06,  103786573,   92806000,   10977000,  124590637, c++, elite, mult, 4
1655552.exe ,  2.09,  0.41,  0.37,  0.00,  0.06,  103591461,   90643000,   12949000,  124984507, c++, elite, mult, 4
174258.exe  ,  5.80,  1.17,  1.06,  0.00,  0.15,  293397874,  282318000,   11012000,  314463884, c++, elite, mult, 4
174258.exe  ,  5.70,  1.16,  1.06,  0.00,  0.15,  293824644,  285739000,    7992000,  314832577, c++, elite, mult, 4
174258.exe  ,  5.71,  1.16,  1.06,  0.00,  0.15,  292538308,  278403000,   14020000,  313735138, c++, elite, mult, 4
174258.exe  ,  5.61,  1.15,  1.04,  0.00,  0.15,  289341678,  279250000,   10008000,  309829934, c++, elite, mult, 4
174258.exe  ,  5.81,  1.16,  1.05,  0.00,  0.15,  291951699,  282921000,    8997000,  312602811, c++, elite, mult, 4
174258.exe  ,  5.96,  1.18,  1.07,  0.00,  0.16,  297673316,  282381000,   14967000,  318752381, c++, elite, mult, 4
174258.exe  ,  5.72,  1.17,  1.06,  0.00,  0.16,  294755795,  281739000,   12988000,  316022954, c++, elite, mult, 4
174258.exe  ,  5.80,  1.17,  1.07,  0.00,  0.16,  296473608,  288417000,    8011000,  317665804, c++, elite, mult, 4
174258.exe  ,  5.95,  1.17,  1.07,  0.00,  0.16,  295317258,  279177000,   16010000,  316498969, c++, elite, mult, 4
174258.exe  ,  5.82,  1.17,  1.06,  0.00,  0.15,  294325926,  284320000,    9976000,  315359282, c++, elite, mult, 4
1787832.exe ,  6.63,  1.31,  1.19,  0.00,  0.19,  329847483,  307758000,   21982000,  351063262, c++, elite, mult, 4
1787832.exe ,  6.54,  1.33,  1.20,  0.00,  0.19,  335198039,  314042000,   21002000,  356244726, c++, elite, mult, 4
1787832.exe ,  6.43,  1.30,  1.17,  0.00,  0.19,  326724263,  307643000,   19039000,  347959820, c++, elite, mult, 4
1787832.exe ,  6.43,  1.30,  1.18,  0.00,  0.19,  327184979,  303097000,   24007000,  348073636, c++, elite, mult, 4
1787832.exe ,  6.58,  1.30,  1.17,  0.00,  0.19,  326559945,  309548000,   16975000,  347270739, c++, elite, mult, 4
1787832.exe ,  6.59,  1.30,  1.18,  0.00,  0.19,  327701542,  303686000,   23975000,  348844675, c++, elite, mult, 4
1787832.exe ,  6.47,  1.31,  1.19,  0.00,  0.19,  330916535,  312875000,   17992000,  352305941, c++, elite, mult, 4
1787832.exe ,  6.40,  1.30,  1.17,  0.00,  0.19,  326223679,  303159000,   23012000,  347521652, c++, elite, mult, 4
1787832.exe ,  6.56,  1.31,  1.18,  0.00,  0.19,  329506246,  311517000,   17972000,  352457365, c++, elite, mult, 4
1787832.exe ,  6.65,  1.31,  1.19,  0.00,  0.19,  330816566,  307612000,   23045000,  351687392, c++, elite, mult, 4
1821852.exe ,  4.92,  1.00,  0.91,  0.00,  0.13,  251493639,  250499000,     998000,  272812046, c++, elite, mult, 4
1821852.exe ,  4.89,  0.99,  0.90,  0.00,  0.13,  250086271,  248073000,    2000000,  270853200, c++, elite, mult, 4
1821852.exe ,  4.97,  1.01,  0.92,  0.00,  0.13,  255376579,  252345000,    2992000,  276507040, c++, elite, mult, 4
1821852.exe ,  4.98,  1.01,  0.91,  0.00,  0.13,  253584715,  252584000,    1002000,  274320832, c++, elite, mult, 4
1821852.exe ,  4.94,  0.99,  0.90,  0.00,  0.13,  250530273,  249476000,    1001000,  270992207, c++, elite, mult, 4
1821852.exe ,  5.06,  1.03,  0.93,  0.00,  0.13,  259474868,  258466000,    1001000,  280362310, c++, elite, mult, 4
1821852.exe ,  4.81,  0.98,  0.89,  0.00,  0.13,  247049900,  245036000,    2000000,  267696642, c++, elite, mult, 4
1821852.exe ,  4.96,  1.00,  0.91,  0.00,  0.13,  252980598,  252982000,          0,  273655004, c++, elite, mult, 4
1821852.exe ,  4.95,  1.00,  0.91,  0.00,  0.13,  253133237,  252129000,    1000000,  275756759, c++, elite, mult, 4
1821852.exe ,  4.87,  0.98,  0.89,  0.00,  0.13,  248433728,  247399000,    1001000,  269230047, c++, elite, mult, 4
1898852.exe ,  0.57,  0.10,  0.10,  0.00,  0.02,   27250243,   26260000,    1010000,   47775078, c++, elite, mult, 4
1898852.exe ,  0.54,  0.10,  0.09,  0.00,  0.01,   26044326,   24152000,    1932000,   46452844, c++, elite, mult, 4
1898852.exe ,  0.58,  0.11,  0.10,  0.00,  0.02,   27513617,   25390000,    2031000,   48334260, c++, elite, mult, 4
1898852.exe ,  0.56,  0.11,  0.10,  0.00,  0.01,   26647405,   24701000,    1976000,   47459790, c++, elite, mult, 4
1898852.exe ,  0.56,  0.11,  0.09,  0.00,  0.01,   26704056,   24837000,    1910000,   47584049, c++, elite, mult, 4
1898852.exe ,  0.60,  0.11,  0.09,  0.00,  0.02,   28349802,   26427000,    1957000,   49087183, c++, elite, mult, 4
1898852.exe ,  0.56,  0.10,  0.10,  0.00,  0.01,   27297863,   26292000,    1011000,   47602038, c++, elite, mult, 4
1898852.exe ,  0.55,  0.10,  0.10,  0.00,  0.01,   27377448,   27408000,          0,   48121658, c++, elite, mult, 4
1898852.exe ,  0.54,  0.10,  0.10,  0.00,  0.01,   26580419,   24633000,    1970000,   47414182, c++, elite, mult, 4
1898852.exe ,  0.57,  0.11,  0.10,  0.00,  0.01,   28168910,   26257000,    1944000,   48618347, c++, elite, mult, 4
2048785.exe ,  5.16,  1.03,  0.94,  0.00,  0.13,  260290715,  258114000,    1993000,  281216908, c++, elite, mult, 4
2048785.exe ,  4.98,  1.00,  0.91,  0.00,  0.13,  253322363,  251338000,    1994000,  274152751, c++, elite, mult, 4
2048785.exe ,  4.91,  0.98,  0.90,  0.00,  0.13,  248667814,  247628000,     998000,  269069459, c++, elite, mult, 4
2048785.exe ,  5.02,  1.01,  0.92,  0.00,  0.13,  255711503,  254602000,     998000,  276681941, c++, elite, mult, 4
2048785.exe ,  5.07,  1.02,  0.93,  0.00,  0.13,  259245811,  257232000,    2001000,  279968404, c++, elite, mult, 4
2048785.exe ,  5.00,  1.00,  0.91,  0.00,  0.13,  252895127,  250912000,    1991000,  273499596, c++, elite, mult, 4
2048785.exe ,  4.89,  0.99,  0.90,  0.00,  0.13,  249555819,  247433000,    1995000,  270173257, c++, elite, mult, 4
2048785.exe ,  4.99,  1.01,  0.92,  0.00,  0.13,  255448993,  253466000,    1995000,  276542062, c++, elite, mult, 4
2048785.exe ,  5.17,  1.03,  0.94,  0.00,  0.13,  261550884,  259477000,    2003000,  282187084, c++, elite, mult, 4
2048785.exe ,  5.01,  1.01,  0.92,  0.00,  0.13,  254267115,  251929000,    1999000,  275022592, c++, elite, mult, 4
2054972.exe ,  5.22,  1.04,  0.95,  0.00,  0.14,  263156261,  253166000,   10006000,  283944635, c++, elite, mult, 4
2054972.exe ,  5.28,  1.04,  0.95,  0.00,  0.14,  263297915,  257238000,    6005000,  283777412, c++, elite, mult, 4
2054972.exe ,  5.19,  1.06,  0.96,  0.00,  0.14,  267061766,  256018000,   11000000,  288270616, c++, elite, mult, 4
2054972.exe ,  5.16,  1.05,  0.95,  0.00,  0.14,  263629444,  252433000,   11018000,  284595477, c++, elite, mult, 4
2054972.exe ,  5.26,  1.06,  0.97,  0.00,  0.14,  267877477,  257798000,    9992000,  289055043, c++, elite, mult, 4
2054972.exe ,  5.15,  1.05,  0.96,  0.00,  0.14,  265485949,  253460000,   12021000,  286528921, c++, elite, mult, 4
2054972.exe ,  5.19,  1.05,  0.96,  0.00,  0.14,  264863327,  251837000,   12991000,  286143039, c++, elite, mult, 4
2054972.exe ,  5.22,  1.04,  0.95,  0.00,  0.14,  262693758,  252635000,   10025000,  283429616, c++, elite, mult, 4
2054972.exe ,  5.15,  1.05,  0.95,  0.00,  0.14,  264291987,  255230000,    9008000,  284821289, c++, elite, mult, 4
2054972.exe ,  5.15,  1.04,  0.94,  0.00,  0.14,  261825110,  256664000,    4993000,  282851462, c++, elite, mult, 4
2110174.exe ,  6.08,  1.23,  1.12,  0.00,  0.17,  311261567,  293279000,   17955000,  332348149, c++, elite, mult, 4
2110174.exe ,  6.08,  1.22,  1.11,  0.00,  0.17,  309526446,  290462000,   19030000,  330167269, c++, elite, mult, 4
2110174.exe ,  6.06,  1.22,  1.10,  0.00,  0.17,  307135050,  293095000,   14004000,  328119589, c++, elite, mult, 4
2110174.exe ,  6.02,  1.22,  1.11,  0.00,  0.17,  307294015,  287248000,   20017000,  328490012, c++, elite, mult, 4
2110174.exe ,  6.03,  1.21,  1.10,  0.00,  0.17,  305829458,  295779000,    9992000,  326323513, c++, elite, mult, 4
2110174.exe ,  6.05,  1.22,  1.11,  0.00,  0.17,  307877721,  295912000,   11956000,  328645455, c++, elite, mult, 4
2110174.exe ,  6.04,  1.21,  1.10,  0.00,  0.17,  305178889,  295120000,   10004000,  325864007, c++, elite, mult, 4
2110174.exe ,  6.04,  1.20,  1.09,  0.00,  0.17,  303533025,  289489000,   14023000,  324377397, c++, elite, mult, 4
2110174.exe ,  6.01,  1.22,  1.10,  0.00,  0.17,  306505255,  290458000,   16025000,  326840502, c++, elite, mult, 4
2110174.exe ,  6.04,  1.22,  1.11,  0.00,  0.17,  308832152,  290800000,   17987000,  329556243, c++, elite, mult, 4
2254880.exe , 13.21,  2.65,  2.41,  0.00,  0.42,  668975884,  655853000,   12977000,  690047270, c++, elite, mult, 4
2254880.exe , 13.03,  2.63,  2.38,  0.00,  0.41,  661475295,  648335000,   12986000,  682420330, c++, elite, mult, 4
2254880.exe , 13.01,  2.63,  2.38,  0.00,  0.41,  661337418,  647261000,   14005000,  681661817, c++, elite, mult, 4
2254880.exe , 13.04,  2.61,  2.37,  0.00,  0.41,  658850857,  643679000,   15015000,  679154895, c++, elite, mult, 4
2254880.exe , 13.05,  2.62,  2.38,  0.00,  0.41,  660501853,  650389000,    9990000,  681447966, c++, elite, mult, 4
2254880.exe , 12.93,  2.60,  2.37,  0.00,  0.41,  656553844,  643386000,   13007000,  677074865, c++, elite, mult, 4
2254880.exe , 12.91,  2.59,  2.35,  0.00,  0.41,  652213969,  638126000,   14002000,  672500068, c++, elite, mult, 4
2254880.exe , 13.02,  2.61,  2.37,  0.00,  0.41,  656971264,  645692000,   11011000,  677617430, c++, elite, mult, 4
2254880.exe , 13.02,  2.60,  2.36,  0.00,  0.41,  655238090,  643170000,   11984000,  675689462, c++, elite, mult, 4
2254880.exe , 12.97,  2.61,  2.37,  0.00,  0.41,  658681220,  647597000,   10993000,  679694491, c++, elite, mult, 4
2271051.exe ,  5.01,  1.02,  0.93,  0.00,  0.13,  257661936,  254628000,    2995000,  277979742, c++, elite, mult, 4
2271051.exe ,  4.95,  1.01,  0.92,  0.00,  0.13,  254749626,  253752000,     999000,  275199284, c++, elite, mult, 4
2271051.exe ,  5.03,  1.01,  0.92,  0.00,  0.13,  255439166,  254418000,    1001000,  275638279, c++, elite, mult, 4
2271051.exe ,  4.93,  1.01,  0.92,  0.00,  0.13,  255185946,  253202000,    1993000,  275811916, c++, elite, mult, 4
2271051.exe ,  5.02,  1.02,  0.93,  0.00,  0.13,  257580731,  255571000,    2004000,  278089617, c++, elite, mult, 4
2271051.exe ,  5.03,  1.02,  0.93,  0.00,  0.13,  258495208,  257487000,    1001000,  279259295, c++, elite, mult, 4
2271051.exe ,  5.08,  1.03,  0.94,  0.00,  0.13,  260873280,  258878000,    1999000,  281466728, c++, elite, mult, 4
2271051.exe ,  5.10,  1.03,  0.94,  0.00,  0.13,  260990192,  259990000,     999000,  281653273, c++, elite, mult, 4
2271051.exe ,  5.12,  1.02,  0.93,  0.00,  0.13,  258381713,  257376000,    1001000,  279394153, c++, elite, mult, 4
2271051.exe ,  5.04,  1.01,  0.92,  0.00,  0.13,  255484738,  255461000,          0,  276291832, c++, elite, mult, 4
2381283.exe ,  7.18,  1.45,  1.32,  0.00,  0.21,  365507515,  345387000,   20022000,  386045699, c++, elite, mult, 4
2381283.exe ,  7.16,  1.43,  1.30,  0.00,  0.21,  360235573,  339203000,   21012000,  381146678, c++, elite, mult, 4
2381283.exe ,  7.24,  1.46,  1.33,  0.00,  0.21,  369507846,  348430000,   21025000,  390019283, c++, elite, mult, 4
2381283.exe ,  7.31,  1.46,  1.33,  0.00,  0.21,  368999745,  346936000,   21995000,  388217292, c++, elite, mult, 4
2381283.exe ,  7.29,  1.49,  1.35,  0.00,  0.22,  374590564,  350470000,   24032000,  395483851, c++, elite, mult, 4
2381283.exe ,  7.43,  1.47,  1.34,  0.00,  0.22,  371866232,  351743000,   20042000,  393118469, c++, elite, mult, 4
2381283.exe ,  7.15,  1.43,  1.30,  0.00,  0.21,  361305134,  336333000,   24950000,  382048484, c++, elite, mult, 4
2381283.exe ,  7.20,  1.44,  1.30,  0.00,  0.21,  362647743,  334535000,   27961000,  383422380, c++, elite, mult, 4
2381283.exe ,  7.21,  1.47,  1.33,  0.00,  0.21,  369423035,  352358000,   16969000,  389865746, c++, elite, mult, 4
2381283.exe ,  7.16,  1.44,  1.31,  0.00,  0.21,  364043628,  345080000,   18949000,  384887202, c++, elite, mult, 4
2384994.exe ,  5.93,  1.20,  1.09,  0.00,  0.17,  302162522,  283149000,   19010000,  322990794, c++, elite, mult, 4
2384994.exe ,  6.23,  1.27,  1.15,  0.00,  0.18,  319375181,  292389000,   26943000,  340453026, c++, elite, mult, 4
2384994.exe ,  6.15,  1.23,  1.11,  0.00,  0.18,  308803416,  284862000,   23904000,  329818990, c++, elite, mult, 4
2384994.exe ,  6.07,  1.23,  1.11,  0.00,  0.18,  308188468,  287142000,   21010000,  328923017, c++, elite, mult, 4
2384994.exe ,  6.13,  1.24,  1.12,  0.00,  0.18,  312093933,  294036000,   18002000,  333143234, c++, elite, mult, 4
2384994.exe ,  5.99,  1.21,  1.11,  0.00,  0.17,  306621711,  277637000,   28962000,  327528951, c++, elite, mult, 4
2384994.exe ,  6.04,  1.22,  1.11,  0.00,  0.17,  308645225,  278610000,   29958000,  329219544, c++, elite, mult, 4
2384994.exe ,  6.20,  1.23,  1.12,  0.00,  0.17,  310715651,  292619000,   17976000,  331578653, c++, elite, mult, 4
2384994.exe ,  6.06,  1.23,  1.12,  0.00,  0.18,  309758957,  287672000,   21974000,  330626239, c++, elite, mult, 4
2384994.exe ,  5.99,  1.21,  1.10,  0.00,  0.17,  304833673,  288736000,   16040000,  325506600, c++, elite, mult, 4
2447635.exe ,  5.84,  1.17,  1.06,  0.00,  0.17,  295741485,  275650000,   20047000,  316472157, c++, elite, mult, 4
2447635.exe ,  5.84,  1.18,  1.07,  0.00,  0.17,  296526523,  271510000,   24954000,  317264572, c++, elite, mult, 4
2447635.exe ,  5.80,  1.17,  1.07,  0.00,  0.17,  295817866,  275803000,   19985000,  316684545, c++, elite, mult, 4
2447635.exe ,  5.76,  1.17,  1.06,  0.00,  0.17,  294833138,  272800000,   21983000,  315853511, c++, elite, mult, 4
2447635.exe ,  5.84,  1.17,  1.06,  0.00,  0.17,  294291802,  273250000,   21019000,  314979770, c++, elite, mult, 4
2447635.exe ,  5.75,  1.16,  1.05,  0.00,  0.17,  291530230,  271362000,   20026000,  312134478, c++, elite, mult, 4
2447635.exe ,  5.90,  1.19,  1.08,  0.00,  0.17,  301069629,  287089000,   13955000,  322393606, c++, elite, mult, 4
2447635.exe ,  5.98,  1.19,  1.08,  0.00,  0.17,  300706707,  279612000,   21046000,  321656588, c++, elite, mult, 4
2447635.exe ,  5.78,  1.17,  1.06,  0.00,  0.17,  295708288,  273702000,   21976000,  316565256, c++, elite, mult, 4
2447635.exe ,  5.83,  1.18,  1.07,  0.00,  0.17,  296798517,  275670000,   21051000,  317609807, c++, elite, mult, 4
2460677.exe ,  4.96,  1.00,  0.91,  0.00,  0.13,  252871359,  251827000,    1003000,  273447968, c++, elite, mult, 4
2460677.exe ,  5.11,  1.03,  0.95,  0.00,  0.13,  261752316,  260521000,    1002000,  282344253, c++, elite, mult, 4
2460677.exe ,  5.16,  1.03,  0.93,  0.00,  0.13,  258987888,  257983000,     999000,  279791991, c++, elite, mult, 4
2460677.exe ,  5.10,  1.02,  0.93,  0.00,  0.13,  257352390,  256285000,    1001000,  278242723, c++, elite, mult, 4
2460677.exe ,  5.10,  1.03,  0.94,  0.00,  0.14,  260409394,  258377000,    1995000,  281099022, c++, elite, mult, 4
2460677.exe ,  5.07,  1.01,  0.92,  0.00,  0.13,  255703050,  254700000,     998000,  276535146, c++, elite, mult, 4
2460677.exe ,  5.12,  1.03,  0.94,  0.00,  0.13,  260942007,  258945000,    1999000,  281803228, c++, elite, mult, 4
2460677.exe ,  4.94,  1.00,  0.91,  0.00,  0.13,  251748919,  250741000,     998000,  272322150, c++, elite, mult, 4
2460677.exe ,  5.26,  1.03,  0.94,  0.00,  0.13,  259533386,  257451000,    2003000,  280282342, c++, elite, mult, 4
2460677.exe ,  5.14,  1.01,  0.92,  0.00,  0.13,  254772883,  253772000,    1003000,  275388462, c++, elite, mult, 4
2671073.exe ,  2.99,  0.59,  0.54,  0.00,  0.08,  148866536,  142830000,    6035000,  169887360, c++, elite, mult, 4
2671073.exe ,  2.99,  0.59,  0.54,  0.00,  0.08,  149699231,  141697000,    7982000,  170960416, c++, elite, mult, 4
2671073.exe ,  2.96,  0.58,  0.53,  0.00,  0.08,  146893450,  143820000,    2996000,  168095467, c++, elite, mult, 4
2671073.exe ,  2.99,  0.59,  0.53,  0.00,  0.08,  148012136,  144005000,    4000000,  168866686, c++, elite, mult, 4
2671073.exe ,  3.00,  0.59,  0.53,  0.00,  0.08,  148329297,  140273000,    8015000,  169231866, c++, elite, mult, 4
2671073.exe ,  3.00,  0.59,  0.54,  0.00,  0.09,  150266745,  141290000,    8955000,  170977935, c++, elite, mult, 4
2671073.exe ,  3.09,  0.61,  0.56,  0.00,  0.09,  154995457,  148743000,    6030000,  176401075, c++, elite, mult, 4
2671073.exe ,  3.07,  0.59,  0.54,  0.00,  0.09,  150531563,  144494000,    6020000,  171669962, c++, elite, mult, 4
2671073.exe ,  3.14,  0.60,  0.55,  0.00,  0.09,  151548869,  144453000,    6973000,  172844739, c++, elite, mult, 4
2671073.exe ,  3.02,  0.59,  0.53,  0.00,  0.08,  147965723,  141025000,    6951000,  168729880, c++, elite, mult, 4
2671088.exe ,  3.07,  0.59,  0.54,  0.00,  0.09,  149417464,  138457000,   10957000,  170447499, c++, elite, mult, 4
2671088.exe ,  3.05,  0.60,  0.54,  0.00,  0.09,  150328522,  138284000,   12024000,  171715947, c++, elite, mult, 4
2671088.exe ,  3.10,  0.60,  0.54,  0.00,  0.09,  150590144,  136621000,   13961000,  171990348, c++, elite, mult, 4
2671088.exe ,  3.00,  0.59,  0.54,  0.00,  0.09,  149790296,  136776000,   12978000,  171181038, c++, elite, mult, 4
2671088.exe ,  3.01,  0.59,  0.54,  0.00,  0.09,  149167836,  135073000,   14007000,  169761813, c++, elite, mult, 4
2671088.exe ,  2.98,  0.59,  0.53,  0.00,  0.09,  148029939,  136019000,   12001000,  168856554, c++, elite, mult, 4
2671088.exe ,  2.96,  0.59,  0.53,  0.00,  0.09,  148295876,  132314000,   15917000,  169307518, c++, elite, mult, 4
2671088.exe ,  2.97,  0.59,  0.54,  0.00,  0.09,  149326533,  137271000,   12023000,  170729047, c++, elite, mult, 4
2671088.exe ,  3.02,  0.60,  0.54,  0.00,  0.09,  150180095,  137143000,   13013000,  171549727, c++, elite, mult, 4
2671088.exe ,  3.09,  0.60,  0.54,  0.00,  0.09,  151065590,  137086000,   13907000,  172452659, c++, elite, mult, 4
2675921.exe ,  6.57,  1.31,  1.19,  0.00,  0.19,  330317058,  311324000,   18958000,  351884230, c++, elite, mult, 4
2675921.exe ,  6.65,  1.31,  1.19,  0.00,  0.19,  330047762,  307011000,   23000000,  350873298, c++, elite, mult, 4
2675921.exe ,  6.38,  1.29,  1.17,  0.00,  0.19,  324574073,  302508000,   22037000,  345586450, c++, elite, mult, 4
2675921.exe ,  6.47,  1.31,  1.19,  0.00,  0.19,  331471912,  311404000,   20026000,  352670435, c++, elite, mult, 4
2675921.exe ,  6.60,  1.32,  1.20,  0.00,  0.19,  332357663,  310325000,   21952000,  353082496, c++, elite, mult, 4
2675921.exe ,  6.51,  1.33,  1.21,  0.00,  0.19,  335571212,  309490000,   26041000,  357357309, c++, elite, mult, 4
2675921.exe ,  6.54,  1.30,  1.18,  0.00,  0.19,  327411599,  309416000,   17966000,  348682917, c++, elite, mult, 4
2675921.exe ,  6.79,  1.33,  1.21,  0.00,  0.20,  335575916,  315482000,   20030000,  356649076, c++, elite, mult, 4
2675921.exe ,  6.58,  1.31,  1.19,  0.00,  0.19,  330378231,  311310000,   19018000,  351389188, c++, elite, mult, 4
2675921.exe ,  6.62,  1.32,  1.20,  0.00,  0.19,  333032482,  314940000,   18053000,  353937024, c++, elite, mult, 4
2675933.exe ,  6.46,  1.31,  1.19,  0.00,  0.19,  330887428,  305813000,   24984000,  351759863, c++, elite, mult, 4
2675933.exe ,  6.50,  1.32,  1.20,  0.00,  0.19,  333832040,  305682000,   28062000,  354750371, c++, elite, mult, 4
2675933.exe ,  6.61,  1.34,  1.22,  0.00,  0.20,  338638364,  313417000,   24953000,  359900554, c++, elite, mult, 4
2675933.exe ,  6.55,  1.33,  1.20,  0.00,  0.19,  333090736,  305984000,   26998000,  354431404, c++, elite, mult, 4
2675933.exe ,  6.51,  1.32,  1.19,  0.00,  0.19,  331744922,  306774000,   24900000,  352780773, c++, elite, mult, 4
2675933.exe ,  6.45,  1.31,  1.19,  0.00,  0.19,  330648686,  309635000,   20975000,  351759335, c++, elite, mult, 4
2675933.exe ,  6.43,  1.31,  1.19,  0.00,  0.19,  330639790,  308568000,   22040000,  351379856, c++, elite, mult, 4
2675933.exe ,  6.63,  1.33,  1.21,  0.00,  0.20,  335522742,  311439000,   24033000,  357037076, c++, elite, mult, 4
2675933.exe ,  6.52,  1.32,  1.20,  0.00,  0.19,  332149125,  306039000,   26003000,  353707846, c++, elite, mult, 4
2675933.exe ,  6.56,  1.33,  1.21,  0.00,  0.19,  334791474,  307762000,   26979000,  356401830, c++, elite, mult, 4
2844052.exe ,  1.45,  0.29,  0.26,  0.00,  0.05,   72388711,   45558000,   26740000,   93664443, c++, elite, mult, 4
2844052.exe ,  1.47,  0.29,  0.26,  0.00,  0.05,   72223701,   48144000,   24072000,   93407888, c++, elite, mult, 4
2844052.exe ,  1.45,  0.29,  0.26,  0.00,  0.05,   72178577,   49117000,   23055000,   93400930, c++, elite, mult, 4
2844052.exe ,  1.44,  0.28,  0.25,  0.00,  0.05,   70951721,   48934000,   21970000,   92240953, c++, elite, mult, 4
2844052.exe ,  1.47,  0.29,  0.26,  0.00,  0.05,   72371461,   50240000,   22105000,   93410953, c++, elite, mult, 4
2844052.exe ,  1.46,  0.29,  0.26,  0.00,  0.05,   71606854,   51432000,   20169000,   92832776, c++, elite, mult, 4
2844052.exe ,  1.42,  0.28,  0.25,  0.00,  0.05,   70524863,   47297000,   23145000,   91521150, c++, elite, mult, 4
2844052.exe ,  1.46,  0.29,  0.26,  0.00,  0.05,   71929670,   45970000,   25983000,   93381525, c++, elite, mult, 4
2844052.exe ,  1.46,  0.28,  0.25,  0.00,  0.05,   70326597,   46175000,   24091000,   91338138, c++, elite, mult, 4
2844052.exe ,  1.44,  0.28,  0.25,  0.00,  0.05,   71169707,   44112000,   27069000,   92088370, c++, elite, mult, 4
2942024.exe ,  2.35,  0.46,  0.42,  0.00,  0.07,  117627690,   97521000,   20107000,  138560264, c++, elite, mult, 4
2942024.exe ,  2.32,  0.46,  0.42,  0.00,  0.07,  116049796,   94039000,   22009000,  136783080, c++, elite, mult, 4
2942024.exe ,  2.36,  0.47,  0.42,  0.00,  0.07,  117290215,   97233000,   20048000,  138169427, c++, elite, mult, 4
2942024.exe ,  2.32,  0.46,  0.42,  0.00,  0.07,  116067826,   98061000,   18011000,  137213940, c++, elite, mult, 4
2942024.exe ,  2.34,  0.47,  0.43,  0.00,  0.07,  118782902,   96826000,   21960000,  139753059, c++, elite, mult, 4
2942024.exe ,  2.36,  0.47,  0.43,  0.00,  0.07,  119169101,  100030000,   19005000,  140472476, c++, elite, mult, 4
2942024.exe ,  2.39,  0.48,  0.43,  0.00,  0.07,  120721126,   99582000,   21123000,  142186285, c++, elite, mult, 4
2942024.exe ,  2.38,  0.48,  0.43,  0.00,  0.07,  119360146,  100326000,   19061000,  140237727, c++, elite, mult, 4
2942024.exe ,  2.36,  0.46,  0.42,  0.00,  0.07,  116933855,   94750000,   22175000,  137759407, c++, elite, mult, 4
2942024.exe ,  2.35,  0.47,  0.42,  0.00,  0.07,  117892897,  102903000,   14985000,  139017302, c++, elite, mult, 4
2942175.exe ,  5.74,  1.16,  1.05,  0.00,  0.19,  291732993,  262632000,   29070000,  312695922, c++, elite, mult, 4
2942175.exe ,  5.64,  1.13,  1.02,  0.00,  0.19,  285859369,  258787000,   27082000,  306778913, c++, elite, mult, 4
2942175.exe ,  5.65,  1.13,  1.03,  0.00,  0.19,  286283425,  260190000,   26019000,  306835150, c++, elite, mult, 4
2942175.exe ,  5.73,  1.14,  1.03,  0.00,  0.19,  287139638,  264949000,   21995000,  307501767, c++, elite, mult, 4
2942175.exe ,  5.64,  1.12,  1.01,  0.00,  0.18,  282814716,  252724000,   30086000,  303557859, c++, elite, mult, 4
2942175.exe ,  5.63,  1.13,  1.02,  0.00,  0.18,  284006251,  253954000,   29994000,  304567391, c++, elite, mult, 4
2942175.exe ,  5.64,  1.12,  1.01,  0.00,  0.18,  282260821,  255217000,   27023000,  303097368, c++, elite, mult, 4
2942175.exe ,  5.65,  1.13,  1.02,  0.00,  0.19,  284227808,  251294000,   32907000,  304952723, c++, elite, mult, 4
2942175.exe ,  5.64,  1.13,  1.02,  0.00,  0.18,  285057285,  248929000,   35989000,  305845033, c++, elite, mult, 4
2942175.exe ,  5.66,  1.13,  1.02,  0.00,  0.18,  285898515,  263839000,   21986000,  306543261, c++, elite, mult, 4
3010849.exe ,  5.37,  1.08,  0.98,  0.00,  0.16,  273309365,  253142000,   20011000,  293754595, c++, elite, mult, 4
3010849.exe ,  5.33,  1.07,  0.98,  0.00,  0.15,  270916792,  248902000,   21991000,  291531405, c++, elite, mult, 4
3010849.exe ,  5.37,  1.09,  0.99,  0.00,  0.16,  273612669,  254626000,   18972000,  294353304, c++, elite, mult, 4
3010849.exe ,  5.33,  1.07,  0.98,  0.00,  0.15,  271470316,  251312000,   19945000,  293763735, c++, elite, mult, 4
3010849.exe ,  5.36,  1.08,  0.98,  0.00,  0.15,  273342667,  253360000,   19949000,  293197462, c++, elite, mult, 4
3010849.exe ,  5.43,  1.09,  0.99,  0.00,  0.16,  275526364,  252479000,   23043000,  296529177, c++, elite, mult, 4
3010849.exe ,  5.39,  1.09,  0.99,  0.00,  0.16,  275225149,  257186000,   18013000,  295871540, c++, elite, mult, 4
3010849.exe ,  5.35,  1.08,  0.98,  0.00,  0.15,  271948548,  250843000,   21070000,  292854684, c++, elite, mult, 4
3010849.exe ,  5.30,  1.07,  0.97,  0.00,  0.15,  269066006,  250032000,   19002000,  289504627, c++, elite, mult, 4
3010849.exe ,  5.34,  1.07,  0.98,  0.00,  0.15,  271332179,  247360000,   23938000,  291841797, c++, elite, mult, 4
3080883.exe ,  4.58,  0.92,  0.84,  0.00,  0.12,  232471642,  229439000,    3005000,  253117887, c++, elite, mult, 4
3080883.exe ,  4.55,  0.92,  0.83,  0.00,  0.12,  231844378,  228807000,    2997000,  252687960, c++, elite, mult, 4
3080883.exe ,  4.57,  0.92,  0.84,  0.00,  0.12,  232938916,  227929000,    4998000,  253979415, c++, elite, mult, 4
3080883.exe ,  4.62,  0.93,  0.85,  0.00,  0.12,  235114705,  228963000,    5999000,  256038194, c++, elite, mult, 4
3080883.exe ,  4.60,  0.94,  0.85,  0.00,  0.12,  236016137,  230031000,    5974000,  256563617, c++, elite, mult, 4
3080883.exe ,  4.59,  0.93,  0.84,  0.00,  0.12,  234246631,  226213000,    8007000,  255120907, c++, elite, mult, 4
3080883.exe ,  4.59,  0.94,  0.85,  0.00,  0.12,  235928022,  229892000,    5997000,  257087202, c++, elite, mult, 4
3080883.exe ,  4.66,  0.94,  0.85,  0.00,  0.13,  236704045,  232488000,    4008000,  257722419, c++, elite, mult, 4
3080883.exe ,  4.56,  0.92,  0.84,  0.00,  0.12,  232544993,  228477000,    3990000,  253690844, c++, elite, mult, 4
3080883.exe ,  4.57,  0.93,  0.84,  0.00,  0.12,  233757166,  229727000,    3995000,  254901656, c++, elite, mult, 4
3266282.exe ,  6.83,  1.39,  1.26,  0.00,  0.20,  351042054,  328943000,   21996000,  371975899, c++, elite, mult, 4
3266282.exe ,  6.82,  1.39,  1.26,  0.00,  0.20,  350173936,  328108000,   22007000,  371101563, c++, elite, mult, 4
3266282.exe ,  6.80,  1.38,  1.25,  0.00,  0.19,  347118649,  324815000,   21987000,  369986356, c++, elite, mult, 4
3266282.exe ,  6.81,  1.38,  1.25,  0.00,  0.19,  348317823,  325349000,   22954000,  368953997, c++, elite, mult, 4
3266282.exe ,  6.81,  1.38,  1.25,  0.00,  0.19,  347134462,  334033000,   13001000,  368034989, c++, elite, mult, 4
3266282.exe ,  6.77,  1.38,  1.25,  0.00,  0.19,  347339867,  329339000,   17963000,  367574896, c++, elite, mult, 4
3266282.exe ,  6.75,  1.37,  1.25,  0.00,  0.19,  346116599,  327075000,   19004000,  366593383, c++, elite, mult, 4
3266282.exe ,  6.77,  1.37,  1.25,  0.00,  0.19,  346218498,  332179000,   14007000,  367028971, c++, elite, mult, 4
3266282.exe ,  6.78,  1.37,  1.24,  0.00,  0.19,  345744847,  321664000,   23975000,  366297382, c++, elite, mult, 4
3266282.exe ,  6.76,  1.37,  1.25,  0.00,  0.19,  346535666,  326448000,   20027000,  367056721, c++, elite, mult, 4
3454388.exe ,  5.79,  1.16,  1.05,  0.00,  0.19,  292330909,  261279000,   31033000,  313076858, c++, elite, mult, 4
3454388.exe ,  5.77,  1.17,  1.05,  0.00,  0.19,  293561575,  264571000,   28953000,  314481400, c++, elite, mult, 4
3454388.exe ,  5.76,  1.17,  1.06,  0.00,  0.19,  294361764,  264260000,   30029000,  315422771, c++, elite, mult, 4
3454388.exe ,  5.78,  1.17,  1.06,  0.00,  0.19,  295286300,  265207000,   30023000,  316115402, c++, elite, mult, 4
3454388.exe ,  5.86,  1.17,  1.06,  0.00,  0.19,  294826849,  267552000,   26954000,  316171634, c++, elite, mult, 4
3454388.exe ,  5.73,  1.14,  1.03,  0.00,  0.19,  288274755,  261175000,   27018000,  309221688, c++, elite, mult, 4
3454388.exe ,  5.82,  1.16,  1.05,  0.00,  0.19,  292629163,  260635000,   31955000,  313437440, c++, elite, mult, 4
3454388.exe ,  5.80,  1.15,  1.04,  0.00,  0.19,  291384128,  272393000,   18957000,  312370118, c++, elite, mult, 4
3454388.exe ,  5.75,  1.15,  1.04,  0.00,  0.19,  290655169,  268662000,   21972000,  311191496, c++, elite, mult, 4
3454388.exe ,  5.87,  1.16,  1.05,  0.00,  0.19,  291630373,  265643000,   25965000,  313492857, c++, elite, mult, 4
3666316.exe ,  6.57,  1.29,  1.17,  0.00,  0.18,  325496583,  314372000,   11013000,  346702840, c++, elite, mult, 4
3666316.exe ,  6.56,  1.29,  1.17,  0.00,  0.18,  323732695,  314669000,    9019000,  344238213, c++, elite, mult, 4
3666316.exe ,  6.36,  1.27,  1.16,  0.00,  0.18,  320919670,  308900000,   11996000,  341277617, c++, elite, mult, 4
3666316.exe ,  6.53,  1.28,  1.16,  0.00,  0.18,  321805200,  308732000,   13030000,  342337919, c++, elite, mult, 4
3666316.exe ,  6.58,  1.28,  1.16,  0.00,  0.18,  322271534,  308181000,   13962000,  342995830, c++, elite, mult, 4
3666316.exe ,  6.55,  1.29,  1.17,  0.00,  0.18,  324632990,  319468000,    4991000,  345304006, c++, elite, mult, 4
3666316.exe ,  6.36,  1.28,  1.16,  0.00,  0.18,  322882694,  315847000,    6996000,  342936428, c++, elite, mult, 4
3666316.exe ,  6.48,  1.30,  1.19,  0.00,  0.18,  329721176,  321677000,    8016000,  350672741, c++, elite, mult, 4
3666316.exe ,  6.46,  1.30,  1.18,  0.00,  0.18,  327578373,  315564000,   11983000,  348327647, c++, elite, mult, 4
3666316.exe ,  6.51,  1.29,  1.17,  0.00,  0.18,  324282514,  314177000,   10005000,  345403904, c++, elite, mult, 4
3916769.exe ,  0.42,  0.08,  0.07,  0.00,  0.01,   20673521,   14768000,    5907000,   41330687, c++, elite, mult, 4
3916769.exe ,  0.42,  0.08,  0.07,  0.00,  0.02,   20728951,   12815000,    7886000,   41672826, c++, elite, mult, 4
3916769.exe ,  0.42,  0.08,  0.07,  0.00,  0.01,   20475005,   14626000,    5850000,   41269521, c++, elite, mult, 4
3916769.exe ,  0.43,  0.08,  0.07,  0.00,  0.01,   19940376,   14937000,    4979000,   40561705, c++, elite, mult, 4
3916769.exe ,  0.44,  0.08,  0.07,  0.00,  0.02,   20944359,   15718000,    5239000,   41763937, c++, elite, mult, 4
3916769.exe ,  0.43,  0.08,  0.07,  0.00,  0.01,   20380948,   12231000,    8154000,   40870851, c++, elite, mult, 4
3916769.exe ,  0.42,  0.08,  0.07,  0.00,  0.01,   20882319,   10946000,    9950000,   42111606, c++, elite, mult, 4
3916769.exe ,  0.44,  0.08,  0.07,  0.00,  0.01,   20312475,   13201000,    7108000,   41464677, c++, elite, mult, 4
3916769.exe ,  0.44,  0.08,  0.07,  0.00,  0.02,   20974728,   14312000,    6679000,   41885090, c++, elite, mult, 4
3916769.exe ,  0.42,  0.08,  0.07,  0.00,  0.02,   20381007,   12638000,    7777000,   41106407, c++, elite, mult, 4
3930008.exe ,  7.16,  1.42,  1.29,  0.00,  0.21,  358563011,  339545000,   18974000,  379033702, c++, elite, mult, 4
3930008.exe ,  7.16,  1.42,  1.29,  0.00,  0.21,  358084325,  335027000,   23001000,  379018517, c++, elite, mult, 4
3930008.exe ,  7.21,  1.43,  1.30,  0.00,  0.21,  360853941,  338773000,   21985000,  382003371, c++, elite, mult, 4
3930008.exe ,  7.13,  1.43,  1.30,  0.00,  0.21,  362041810,  341007000,   21000000,  383379217, c++, elite, mult, 4
3930008.exe ,  7.13,  1.44,  1.31,  0.00,  0.21,  362989974,  341967000,   20998000,  383995100, c++, elite, mult, 4
3930008.exe ,  7.15,  1.43,  1.30,  0.00,  0.21,  361332380,  336263000,   24945000,  382340131, c++, elite, mult, 4
3930008.exe ,  7.13,  1.43,  1.30,  0.00,  0.21,  361295281,  340256000,   21015000,  382170546, c++, elite, mult, 4
3930008.exe ,  7.07,  1.43,  1.30,  0.00,  0.20,  360452551,  336373000,   24026000,  381117355, c++, elite, mult, 4
3930008.exe ,  7.07,  1.44,  1.31,  0.00,  0.21,  363381928,  339394000,   23957000,  384021893, c++, elite, mult, 4
3930008.exe ,  7.06,  1.43,  1.30,  0.00,  0.21,  362449628,  347364000,   15015000,  383408913, c++, elite, mult, 4
4034922.exe ,  1.04,  0.20,  0.18,  0.00,  0.03,   50330054,   42173000,    8033000,   71742594, c++, elite, mult, 4
4034922.exe ,  1.01,  0.20,  0.18,  0.00,  0.03,   50348475,   43315000,    7051000,   71849653, c++, elite, mult, 4
4034922.exe ,  1.01,  0.20,  0.18,  0.00,  0.03,   50061960,   45062000,    5006000,   71395150, c++, elite, mult, 4
4034922.exe ,  1.01,  0.20,  0.18,  0.00,  0.03,   50220812,   42208000,    8039000,   71696640, c++, elite, mult, 4
4034922.exe ,  1.00,  0.19,  0.18,  0.00,  0.03,   49443383,   44408000,    5046000,   70650988, c++, elite, mult, 4
4034922.exe ,  1.03,  0.20,  0.18,  0.00,  0.03,   50448468,   43524000,    6924000,   72267970, c++, elite, mult, 4
4034922.exe ,  1.00,  0.19,  0.18,  0.00,  0.03,   49484333,   43421000,    6058000,   70994974, c++, elite, mult, 4
4034922.exe ,  1.02,  0.20,  0.18,  0.00,  0.03,   49652460,   43617000,    5947000,   70577795, c++, elite, mult, 4
4034922.exe ,  1.02,  0.19,  0.17,  0.00,  0.03,   49237130,   41199000,    8038000,   69962929, c++, elite, mult, 4
4034922.exe ,  1.00,  0.19,  0.17,  0.00,  0.03,   49113743,   42253000,    6878000,   70172216, c++, elite, mult, 4
4083399.exe ,  6.38,  1.30,  1.18,  0.00,  0.18,  327177986,  320110000,    7002000,  348623313, c++, elite, mult, 4
4083399.exe ,  6.46,  1.29,  1.17,  0.00,  0.18,  325827990,  320786000,    5012000,  346843385, c++, elite, mult, 4
4083399.exe ,  6.43,  1.30,  1.18,  0.00,  0.18,  327225615,  322141000,    5002000,  348597907, c++, elite, mult, 4
4083399.exe ,  6.35,  1.30,  1.18,  0.00,  0.18,  327655415,  321479000,    5990000,  348848995, c++, elite, mult, 4
4083399.exe ,  6.42,  1.32,  1.20,  0.00,  0.18,  331766723,  324713000,    7015000,  352921837, c++, elite, mult, 4
4083399.exe ,  6.36,  1.30,  1.19,  0.00,  0.18,  329282704,  321116000,    8002000,  350928006, c++, elite, mult, 4
4083399.exe ,  6.57,  1.31,  1.19,  0.00,  0.18,  329932159,  322905000,    6997000,  351526250, c++, elite, mult, 4
4083399.exe ,  6.45,  1.30,  1.18,  0.00,  0.18,  326090582,  318096000,    7977000,  347290538, c++, elite, mult, 4
4083399.exe ,  6.47,  1.30,  1.18,  0.00,  0.18,  327003549,  321809000,    4997000,  348507471, c++, elite, mult, 4
4083399.exe ,  6.47,  1.30,  1.18,  0.00,  0.18,  326822770,  318788000,    7969000,  347789125, c++, elite, mult, 4
4088261.exe ,  5.61,  1.13,  1.03,  0.00,  0.15,  285474883,  278437000,    7011000,  306634697, c++, elite, mult, 4
4088261.exe ,  5.57,  1.13,  1.03,  0.00,  0.15,  284290105,  275295000,    8977000,  305440034, c++, elite, mult, 4
4088261.exe ,  5.45,  1.12,  1.02,  0.00,  0.15,  282980134,  268000000,   14944000,  304092823, c++, elite, mult, 4
4088261.exe ,  5.50,  1.11,  1.02,  0.00,  0.15,  281664235,  272594000,    9019000,  302542214, c++, elite, mult, 4
4088261.exe ,  5.49,  1.13,  1.03,  0.00,  0.15,  284374780,  275373000,    8979000,  305237414, c++, elite, mult, 4
4088261.exe ,  5.45,  1.12,  1.02,  0.00,  0.15,  283181781,  273098000,   10003000,  305352993, c++, elite, mult, 4
4088261.exe ,  5.60,  1.12,  1.02,  0.00,  0.15,  281850620,  273799000,    8023000,  302888049, c++, elite, mult, 4
4088261.exe ,  5.48,  1.13,  1.02,  0.00,  0.15,  284239367,  277209000,    7005000,  305723077, c++, elite, mult, 4
4088261.exe ,  5.43,  1.11,  1.01,  0.00,  0.15,  280210933,  269112000,   11004000,  301617515, c++, elite, mult, 4
4088261.exe ,  5.53,  1.11,  1.01,  0.00,  0.15,  281128668,  271099000,   10003000,  302288995, c++, elite, mult, 4
4207131.exe ,  2.14,  0.41,  0.37,  0.00,  0.06,  104321051,   95315000,    8935000,  125160159, c++, elite, mult, 4
4207131.exe ,  2.13,  0.42,  0.38,  0.00,  0.06,  105822749,   96652000,    9061000,  126311756, c++, elite, mult, 4
4207131.exe ,  2.12,  0.42,  0.38,  0.00,  0.06,  105941779,   96858000,    8986000,  127068721, c++, elite, mult, 4
4207131.exe ,  2.08,  0.42,  0.39,  0.00,  0.06,  105985960,   93981000,   11997000,  127112734, c++, elite, mult, 4
4207131.exe ,  2.12,  0.43,  0.39,  0.00,  0.06,  107270978,   97198000,   10020000,  128515778, c++, elite, mult, 4
4207131.exe ,  2.10,  0.42,  0.38,  0.00,  0.06,  106708747,   97733000,    8975000,  127959302, c++, elite, mult, 4
4207131.exe ,  2.12,  0.42,  0.39,  0.00,  0.06,  107356475,   98296000,    9027000,  128867287, c++, elite, mult, 4
4207131.exe ,  2.08,  0.41,  0.38,  0.00,  0.06,  104727913,   95755000,    8977000,  125755239, c++, elite, mult, 4
4207131.exe ,  2.10,  0.42,  0.38,  0.00,  0.06,  106019558,   94903000,   11105000,  126710376, c++, elite, mult, 4
4207131.exe ,  2.06,  0.41,  0.38,  0.00,  0.06,  104461236,   93323000,   11038000,  125500977, c++, elite, mult, 4
4230847.exe ,  1.61,  0.32,  0.29,  0.00,  0.05,   81734996,   57820000,   23925000,  103151000, c++, elite, mult, 4
4230847.exe ,  1.56,  0.31,  0.28,  0.00,  0.05,   77989403,   56999000,   20999000,   99903523, c++, elite, mult, 4
4230847.exe ,  1.65,  0.32,  0.29,  0.00,  0.05,   82117430,   63040000,   19012000,  103156987, c++, elite, mult, 4
4230847.exe ,  1.51,  0.30,  0.27,  0.00,  0.05,   75024241,   52015000,   23006000,   96186638, c++, elite, mult, 4
4230847.exe ,  1.61,  0.32,  0.29,  0.00,  0.05,   79836047,   54876000,   24943000,  100947050, c++, elite, mult, 4
4230847.exe ,  1.57,  0.31,  0.28,  0.00,  0.05,   78165337,   60317000,   17798000,   99298059, c++, elite, mult, 4
4230847.exe ,  1.64,  0.32,  0.29,  0.00,  0.05,   80843175,   57890000,   22956000,  101789341, c++, elite, mult, 4
4230847.exe ,  1.54,  0.30,  0.27,  0.00,  0.05,   75988680,   55001000,   21000000,   96483071, c++, elite, mult, 4
4230847.exe ,  1.61,  0.32,  0.29,  0.00,  0.05,   79885384,   58914000,   20969000,  100433770, c++, elite, mult, 4
4230847.exe ,  1.57,  0.31,  0.28,  0.00,  0.05,   77833566,   53882000,   23947000,   98502369, c++, elite, mult, 4
4358293.exe ,  5.11,  1.01,  0.91,  0.00,  0.16,  252905471,  233817000,   19066000,  274779023, c++, elite, mult, 4
4358293.exe ,  3.96,  0.79,  0.72,  0.00,  0.13,  199727058,  177633000,   22078000,  220501619, c++, elite, mult, 4
4358293.exe ,  3.93,  0.79,  0.72,  0.00,  0.12,  199616198,  178618000,   20955000,  220900677, c++, elite, mult, 4
4358293.exe ,  3.93,  0.79,  0.71,  0.00,  0.12,  199304624,  183273000,   16023000,  220298372, c++, elite, mult, 4
4358293.exe ,  4.02,  0.79,  0.71,  0.00,  0.13,  197713391,  183643000,   14049000,  218712364, c++, elite, mult, 4
4358293.exe ,  3.93,  0.79,  0.71,  0.00,  0.12,  199141626,  178114000,   21013000,  220214462, c++, elite, mult, 4
4358293.exe ,  3.88,  0.78,  0.70,  0.00,  0.12,  196186532,  169281000,   26885000,  217422801, c++, elite, mult, 4
4358293.exe ,  3.96,  0.80,  0.72,  0.00,  0.13,  201112337,  182054000,   19005000,  221813852, c++, elite, mult, 4
4358293.exe ,  3.97,  0.79,  0.72,  0.00,  0.13,  200476435,  176369000,   24050000,  221563106, c++, elite, mult, 4
4358293.exe ,  3.93,  0.79,  0.72,  0.00,  0.12,  200566245,  182583000,   17959000,  221960310, c++, elite, mult, 4
4379117.exe ,  5.96,  1.19,  1.08,  0.00,  0.17,  300796718,  282689000,   18044000,  321688112, c++, elite, mult, 4
4379117.exe ,  5.84,  1.19,  1.08,  0.00,  0.17,  298536725,  282485000,   16027000,  319117197, c++, elite, mult, 4
4379117.exe ,  5.87,  1.19,  1.08,  0.00,  0.17,  298773949,  276622000,   22049000,  319545197, c++, elite, mult, 4
4379117.exe ,  6.05,  1.20,  1.09,  0.00,  0.17,  301900769,  283884000,   17992000,  323048482, c++, elite, mult, 4
4379117.exe ,  5.92,  1.20,  1.09,  0.00,  0.17,  302312746,  288262000,   14012000,  323257975, c++, elite, mult, 4
4379117.exe ,  5.87,  1.19,  1.08,  0.00,  0.17,  300538572,  279542000,   20965000,  321433346, c++, elite, mult, 4
4379117.exe ,  5.95,  1.21,  1.10,  0.00,  0.17,  305941890,  284918000,   20993000,  327259946, c++, elite, mult, 4
4379117.exe ,  5.88,  1.20,  1.09,  0.00,  0.17,  301876300,  285815000,   15933000,  322968332, c++, elite, mult, 4
4379117.exe ,  6.01,  1.21,  1.09,  0.00,  0.17,  303966773,  286941000,   16996000,  325042907, c++, elite, mult, 4
4379117.exe ,  5.98,  1.22,  1.11,  0.00,  0.17,  306909336,  288826000,   17927000,  327152790, c++, elite, mult, 4
4474695.exe ,  3.40,  0.68,  0.62,  0.00,  0.10,  172030122,  160021000,   12001000,  193406767, c++, elite, mult, 4
4474695.exe ,  3.45,  0.68,  0.62,  0.00,  0.10,  171796216,  157894000,   13902000,  192822432, c++, elite, mult, 4
4474695.exe ,  3.34,  0.68,  0.62,  0.00,  0.10,  170814551,  159728000,   11050000,  191843508, c++, elite, mult, 4
4474695.exe ,  3.43,  0.69,  0.62,  0.00,  0.10,  172152510,  159122000,   13010000,  193064651, c++, elite, mult, 4
4474695.exe ,  3.39,  0.68,  0.62,  0.00,  0.10,  172513248,  159440000,   13036000,  193963369, c++, elite, mult, 4
4474695.exe ,  3.49,  0.69,  0.62,  0.00,  0.11,  173485734,  160520000,   12961000,  193993621, c++, elite, mult, 4
4474695.exe ,  3.45,  0.68,  0.62,  0.00,  0.10,  171938194,  161907000,    9994000,  192896394, c++, elite, mult, 4
4474695.exe ,  3.45,  0.68,  0.62,  0.00,  0.10,  172235179,  156144000,   16014000,  193020403, c++, elite, mult, 4
4474695.exe ,  3.36,  0.67,  0.61,  0.00,  0.10,  170485905,  159520000,   10967000,  191805486, c++, elite, mult, 4
4474695.exe ,  3.40,  0.68,  0.62,  0.00,  0.10,  171171420,  160146000,   11010000,  192019569, c++, elite, mult, 4
4480991.exe ,  7.07,  1.40,  1.27,  0.00,  0.19,  351470265,  339425000,   11979000,  372335179, c++, elite, mult, 4
4480991.exe ,  6.91,  1.37,  1.24,  0.00,  0.19,  344667171,  337645000,    6992000,  365537360, c++, elite, mult, 4
4480991.exe ,  6.94,  1.36,  1.23,  0.00,  0.18,  341736929,  327602000,   14025000,  362247485, c++, elite, mult, 4
4480991.exe ,  6.64,  1.34,  1.22,  0.00,  0.18,  337589021,  323423000,   14018000,  358547414, c++, elite, mult, 4
4480991.exe ,  6.78,  1.35,  1.23,  0.00,  0.18,  341687474,  327632000,   14027000,  362489720, c++, elite, mult, 4
4480991.exe ,  6.67,  1.34,  1.22,  0.00,  0.18,  337616253,  329546000,    7989000,  357698095, c++, elite, mult, 4
4480991.exe ,  6.78,  1.35,  1.23,  0.00,  0.18,  341227690,  328196000,   13007000,  361729453, c++, elite, mult, 4
4480991.exe ,  6.74,  1.35,  1.23,  0.00,  0.18,  340523751,  325412000,   15019000,  361110368, c++, elite, mult, 4
4480991.exe ,  6.74,  1.36,  1.24,  0.00,  0.18,  344419385,  332386000,   12013000,  365681307, c++, elite, mult, 4
4480991.exe ,  6.78,  1.37,  1.24,  0.00,  0.18,  344764258,  335718000,    8992000,  364867662, c++, elite, mult, 4
4484725.exe ,  7.43,  1.48,  1.34,  0.00,  0.22,  372494867,  357387000,   15016000,  392913014, c++, elite, mult, 4
4484725.exe ,  7.48,  1.48,  1.34,  0.00,  0.22,  372467188,  349390000,   22959000,  393604507, c++, elite, mult, 4
4484725.exe ,  7.37,  1.49,  1.35,  0.00,  0.22,  374431846,  348332000,   26024000,  395301430, c++, elite, mult, 4
4484725.exe ,  7.36,  1.47,  1.34,  0.00,  0.22,  371563176,  349544000,   21971000,  392413897, c++, elite, mult, 4
4484725.exe ,  7.24,  1.46,  1.32,  0.00,  0.21,  367599797,  343468000,   24032000,  388653082, c++, elite, mult, 4
4484725.exe ,  7.26,  1.47,  1.33,  0.00,  0.21,  370540240,  354477000,   15976000,  391623937, c++, elite, mult, 4
4484725.exe ,  7.27,  1.48,  1.34,  0.00,  0.21,  371854411,  352753000,   18986000,  393172754, c++, elite, mult, 4
4484725.exe ,  7.29,  1.47,  1.33,  0.00,  0.22,  370660850,  346522000,   23966000,  391444345, c++, elite, mult, 4
4484725.exe ,  7.32,  1.45,  1.32,  0.00,  0.21,  366141638,  348100000,   18005000,  386905904, c++, elite, mult, 4
4484725.exe ,  7.35,  1.46,  1.33,  0.00,  0.21,  368877191,  337701000,   31064000,  390248632, c++, elite, mult, 4
4538926.exe ,  6.34,  1.28,  1.16,  0.00,  0.17,  321444895,  314416000,    7009000,  342516250, c++, elite, mult, 4
4538926.exe ,  6.25,  1.26,  1.15,  0.00,  0.16,  318520521,  313380000,    4990000,  339060903, c++, elite, mult, 4
4538926.exe ,  6.48,  1.28,  1.16,  0.00,  0.17,  322392584,  316374000,    5988000,  342755444, c++, elite, mult, 4
4538926.exe ,  6.34,  1.27,  1.16,  0.00,  0.16,  319709833,  314616000,    5009000,  340492054, c++, elite, mult, 4
4538926.exe ,  6.28,  1.27,  1.16,  0.00,  0.17,  321279310,  317241000,    4003000,  342504660, c++, elite, mult, 4
4538926.exe ,  6.25,  1.27,  1.15,  0.00,  0.17,  318079074,  313044000,    5000000,  339166580, c++, elite, mult, 4
4538926.exe ,  6.25,  1.27,  1.15,  0.00,  0.17,  319879166,  314676000,    5010000,  340693548, c++, elite, mult, 4
4538926.exe ,  6.29,  1.26,  1.15,  0.00,  0.17,  317789506,  312735000,    5011000,  338399677, c++, elite, mult, 4
4538926.exe ,  6.24,  1.26,  1.15,  0.00,  0.17,  318238652,  315226000,    3002000,  338640348, c++, elite, mult, 4
4538926.exe ,  6.18,  1.25,  1.14,  0.00,  0.16,  316052370,  308946000,    6998000,  337095453, c++, elite, mult, 4
4625512.exe ,  9.61,  1.93,  1.75,  0.00,  0.28,  486328339,  468224000,   18008000,  507187722, c++, elite, mult, 4
4625512.exe ,  9.53,  1.91,  1.74,  0.00,  0.27,  482325950,  464297000,   17972000,  502799250, c++, elite, mult, 4
4625512.exe ,  9.60,  1.93,  1.75,  0.00,  0.28,  486907011,  469846000,   16994000,  507472949, c++, elite, mult, 4
4625512.exe ,  9.62,  1.94,  1.76,  0.00,  0.28,  489205939,  469141000,   20006000,  509866535, c++, elite, mult, 4
4625512.exe ,  9.63,  1.94,  1.76,  0.00,  0.28,  489327298,  471067000,   18002000,  510265768, c++, elite, mult, 4
4625512.exe ,  9.60,  1.93,  1.76,  0.00,  0.28,  487420306,  466322000,   21014000,  508360223, c++, elite, mult, 4
4625512.exe ,  9.69,  1.95,  1.77,  0.00,  0.28,  492117975,  471072000,   21003000,  512921780, c++, elite, mult, 4
4625512.exe ,  9.60,  1.94,  1.76,  0.00,  0.28,  489630802,  473533000,   15984000,  510473083, c++, elite, mult, 4
4625512.exe ,  9.65,  1.94,  1.76,  0.00,  0.28,  489788352,  475671000,   14019000,  510389733, c++, elite, mult, 4
4625512.exe ,  9.71,  1.95,  1.77,  0.00,  0.28,  491450783,  476315000,   15009000,  512546243, c++, elite, mult, 4
4704949.exe ,  4.91,  1.00,  0.91,  0.00,  0.13,  252490157,  250498000,    1996000,  272741226, c++, elite, mult, 4
4704949.exe ,  5.11,  1.04,  0.94,  0.00,  0.13,  261575818,  260436000,     997000,  281975691, c++, elite, mult, 4
4704949.exe ,  5.14,  1.05,  0.95,  0.00,  0.14,  263956103,  262892000,    1003000,  284681473, c++, elite, mult, 4
4704949.exe ,  5.15,  1.05,  0.96,  0.00,  0.14,  265888044,  263910000,    1991000,  286620589, c++, elite, mult, 4
4704949.exe ,  5.14,  1.02,  0.93,  0.00,  0.13,  257130700,  257057000,          0,  277475692, c++, elite, mult, 4
4704949.exe ,  5.19,  1.04,  0.94,  0.00,  0.14,  261509810,  260472000,    1001000,  281708962, c++, elite, mult, 4
4704949.exe ,  5.08,  1.02,  0.93,  0.00,  0.13,  255906718,  253930000,    1991000,  276616286, c++, elite, mult, 4
4704949.exe ,  5.09,  1.02,  0.93,  0.00,  0.13,  257747119,  256742000,     998000,  278368950, c++, elite, mult, 4
4704949.exe ,  5.03,  1.02,  0.93,  0.00,  0.13,  257179011,  254164000,    3001000,  278019849, c++, elite, mult, 4
4704949.exe ,  5.07,  1.02,  0.94,  0.00,  0.13,  259861335,  258854000,     999000,  280053242, c++, elite, mult, 4
4866993.exe ,  7.10,  1.40,  1.27,  0.00,  0.21,  353832091,  330679000,   22908000,  374808662, c++, elite, mult, 4
4866993.exe ,  7.10,  1.41,  1.28,  0.00,  0.21,  355599760,  332541000,   22968000,  376581854, c++, elite, mult, 4
4866993.exe ,  7.03,  1.40,  1.27,  0.00,  0.21,  352937532,  333894000,   18994000,  373658044, c++, elite, mult, 4
4866993.exe ,  6.99,  1.40,  1.28,  0.00,  0.21,  354573699,  342519000,   12018000,  375231141, c++, elite, mult, 4
4866993.exe ,  6.98,  1.40,  1.28,  0.00,  0.21,  354621241,  326536000,   28046000,  375304398, c++, elite, mult, 4
4866993.exe ,  7.01,  1.41,  1.28,  0.00,  0.21,  356389687,  333179000,   23012000,  376998832, c++, elite, mult, 4
4866993.exe ,  6.94,  1.40,  1.27,  0.00,  0.21,  354115781,  332030000,   22002000,  374502786, c++, elite, mult, 4
4866993.exe ,  7.04,  1.41,  1.28,  0.00,  0.21,  355772884,  336751000,   18985000,  376763131, c++, elite, mult, 4
4866993.exe ,  7.07,  1.42,  1.28,  0.00,  0.21,  357095041,  334915000,   21994000,  378152801, c++, elite, mult, 4
4866993.exe ,  6.99,  1.40,  1.27,  0.00,  0.20,  353544085,  333475000,   20028000,  374892031, c++, elite, mult, 4
4900502.exe ,  5.50,  1.11,  1.01,  0.00,  0.15,  281704290,  266681000,   14982000,  302206371, c++, elite, mult, 4
4900502.exe ,  5.53,  1.12,  1.02,  0.00,  0.15,  282134672,  267036000,   15002000,  303153885, c++, elite, mult, 4
4900502.exe ,  5.59,  1.13,  1.02,  0.00,  0.16,  284560575,  271399000,   12971000,  304962362, c++, elite, mult, 4
4900502.exe ,  5.61,  1.13,  1.03,  0.00,  0.16,  285462883,  266488000,   18963000,  305343789, c++, elite, mult, 4
4900502.exe ,  5.57,  1.11,  1.01,  0.00,  0.15,  281536394,  260548000,   20963000,  302547045, c++, elite, mult, 4
4900502.exe ,  5.59,  1.11,  1.01,  0.00,  0.16,  281159292,  270165000,   10966000,  302102645, c++, elite, mult, 4
4900502.exe ,  5.52,  1.11,  1.01,  0.00,  0.16,  279943586,  258930000,   20994000,  299626527, c++, elite, mult, 4
4900502.exe ,  5.60,  1.13,  1.02,  0.00,  0.16,  283834059,  267781000,   15986000,  304572993, c++, elite, mult, 4
4900502.exe ,  5.65,  1.13,  1.03,  0.00,  0.16,  284871423,  269850000,   14991000,  305570609, c++, elite, mult, 4
4900502.exe ,  5.54,  1.12,  1.01,  0.00,  0.16,  281177315,  267161000,   14008000,  301747521, c++, elite, mult, 4
4972182.exe ,  3.73,  0.75,  0.68,  0.00,  0.12,  189301988,  166249000,   23034000,  210672696, c++, elite, mult, 4
4972182.exe ,  3.69,  0.74,  0.67,  0.00,  0.12,  187226779,  166175000,   21022000,  208400681, c++, elite, mult, 4
4972182.exe ,  3.73,  0.75,  0.68,  0.00,  0.12,  188557242,  162473000,   26075000,  209858890, c++, elite, mult, 4
4972182.exe ,  3.72,  0.74,  0.67,  0.00,  0.12,  188312036,  167195000,   21024000,  209341492, c++, elite, mult, 4
4972182.exe ,  3.76,  0.74,  0.67,  0.00,  0.12,  187237603,  165198000,   22026000,  208351163, c++, elite, mult, 4
4972182.exe ,  3.64,  0.73,  0.66,  0.00,  0.12,  184625854,  162592000,   21944000,  205534248, c++, elite, mult, 4
4972182.exe ,  3.72,  0.74,  0.66,  0.00,  0.12,  184461825,  163352000,   21045000,  205832051, c++, elite, mult, 4
4972182.exe ,  3.69,  0.73,  0.66,  0.00,  0.12,  185354392,  162241000,   23034000,  206594570, c++, elite, mult, 4
4972182.exe ,  3.75,  0.73,  0.66,  0.00,  0.12,  185541916,  164569000,   20945000,  206468291, c++, elite, mult, 4
4972182.exe ,  3.70,  0.74,  0.67,  0.00,  0.12,  186582583,  170524000,   16049000,  207454045, c++, elite, mult, 4
4998183.exe ,  4.14,  0.84,  0.75,  0.00,  0.13,  210657284,  193746000,   16890000,  231356420, c++, elite, mult, 4
4998183.exe ,  4.24,  0.84,  0.75,  0.00,  0.13,  210697057,  188661000,   21960000,  231379364, c++, elite, mult, 4
4998183.exe ,  4.17,  0.84,  0.76,  0.00,  0.13,  211360314,  192305000,   19030000,  232263122, c++, elite, mult, 4
4998183.exe ,  4.19,  0.84,  0.75,  0.00,  0.13,  210513746,  187511000,   22940000,  231182696, c++, elite, mult, 4
4998183.exe ,  4.15,  0.83,  0.75,  0.00,  0.13,  210316900,  186264000,   24034000,  231035929, c++, elite, mult, 4
4998183.exe ,  4.17,  0.83,  0.75,  0.00,  0.13,  209767831,  190624000,   19062000,  230269037, c++, elite, mult, 4
4998183.exe ,  4.16,  0.83,  0.76,  0.00,  0.13,  210739987,  188568000,   22066000,  231708737, c++, elite, mult, 4
4998183.exe ,  4.17,  0.83,  0.75,  0.00,  0.13,  209514510,  181550000,   27930000,  230648763, c++, elite, mult, 4
4998183.exe ,  4.20,  0.83,  0.75,  0.00,  0.13,  209465104,  188368000,   21041000,  230499512, c++, elite, mult, 4
4998183.exe ,  4.20,  0.85,  0.77,  0.00,  0.13,  213405557,  195362000,   18033000,  234511175, c++, elite, mult, 4
4999544.exe ,  2.21,  0.43,  0.39,  0.00,  0.07,  108859383,   91882000,   16978000,  130231593, c++, elite, mult, 4
4999544.exe ,  2.18,  0.43,  0.39,  0.00,  0.07,  108997893,   89951000,   18989000,  129474709, c++, elite, mult, 4
4999544.exe ,  2.18,  0.43,  0.39,  0.00,  0.07,  109215458,   93070000,   16012000,  130160038, c++, elite, mult, 4
4999544.exe ,  2.19,  0.44,  0.39,  0.00,  0.07,  109267484,   94231000,   15036000,  130424130, c++, elite, mult, 4
4999544.exe ,  2.19,  0.44,  0.39,  0.00,  0.07,  110000121,   90994000,   18998000,  131348183, c++, elite, mult, 4
4999544.exe ,  2.22,  0.44,  0.40,  0.00,  0.07,  110821056,   91672000,   19140000,  132490322, c++, elite, mult, 4
4999544.exe ,  2.20,  0.44,  0.40,  0.00,  0.07,  110058213,   91043000,   19009000,  130913505, c++, elite, mult, 4
4999544.exe ,  2.24,  0.43,  0.39,  0.00,  0.07,  109070233,   86277000,   22809000,  129973283, c++, elite, mult, 4
4999544.exe ,  2.20,  0.44,  0.39,  0.00,  0.07,  109710585,   90589000,   19124000,  130869693, c++, elite, mult, 4
4999544.exe ,  2.18,  0.43,  0.39,  0.00,  0.07,  110332393,   92281000,   18054000,  131863511, c++, elite, mult, 4
5002181.exe ,  3.30,  0.67,  0.61,  0.00,  0.09,  168497516,  157386000,   10957000,  189507452, c++, elite, mult, 4
5002181.exe ,  3.31,  0.67,  0.61,  0.00,  0.09,  168402680,  162358000,    6013000,  189393501, c++, elite, mult, 4
5002181.exe ,  3.35,  0.67,  0.61,  0.00,  0.09,  168289982,  157215000,   11015000,  189170967, c++, elite, mult, 4
5002181.exe ,  3.31,  0.67,  0.61,  0.00,  0.09,  168788865,  155798000,   12983000,  189615904, c++, elite, mult, 4
5002181.exe ,  3.29,  0.67,  0.61,  0.00,  0.09,  168166438,  155002000,   13000000,  189302881, c++, elite, mult, 4
5002181.exe ,  3.36,  0.67,  0.61,  0.00,  0.09,  168296433,  157260000,   11018000,  189069720, c++, elite, mult, 4
5002181.exe ,  3.36,  0.67,  0.61,  0.00,  0.09,  169238888,  159150000,   10009000,  190643279, c++, elite, mult, 4
5002181.exe ,  3.31,  0.67,  0.61,  0.00,  0.09,  168813818,  160795000,    7989000,  189703757, c++, elite, mult, 4
5002181.exe ,  3.29,  0.66,  0.60,  0.00,  0.09,  167700479,  157670000,    9979000,  188590795, c++, elite, mult, 4
5002181.exe ,  3.32,  0.67,  0.61,  0.00,  0.09,  168875445,  159849000,    8935000,  189461066, c++, elite, mult, 4
5019858.exe ,  5.96,  1.20,  1.08,  0.00,  0.19,  302183676,  205107000,   97050000,  322947001, c++, elite, mult, 4
5019858.exe ,  5.95,  1.19,  1.07,  0.00,  0.19,  299528940,  201614000,   97813000,  320021726, c++, elite, mult, 4
5019858.exe ,  6.00,  1.19,  1.07,  0.00,  0.19,  298835623,  203869000,   94939000,  319553737, c++, elite, mult, 4
5019858.exe ,  6.02,  1.21,  1.08,  0.00,  0.19,  303350410,  215209000,   88085000,  324373350, c++, elite, mult, 4
5019858.exe ,  5.98,  1.19,  1.07,  0.00,  0.19,  299722751,  205756000,   93888000,  320776047, c++, elite, mult, 4
5019858.exe ,  6.00,  1.18,  1.06,  0.00,  0.19,  298402769,  208215000,   90093000,  318905372, c++, elite, mult, 4
5019858.exe ,  5.95,  1.19,  1.07,  0.00,  0.19,  299034345,  203234000,   95639000,  320086904, c++, elite, mult, 4
5019858.exe ,  5.99,  1.19,  1.07,  0.00,  0.19,  299226440,  204134000,   95062000,  320100867, c++, elite, mult, 4
5019858.exe ,  5.99,  1.20,  1.07,  0.00,  0.19,  300857524,  207881000,   92947000,  321991272, c++, elite, mult, 4
5019858.exe ,  5.90,  1.18,  1.06,  0.00,  0.19,  297127139,  208050000,   89021000,  317758014, c++, elite, mult, 4
5093284.exe ,  6.86,  1.37,  1.24,  0.00,  0.20,  345647464,  327636000,   17980000,  366189037, c++, elite, mult, 4
5093284.exe ,  6.78,  1.36,  1.24,  0.00,  0.20,  344303968,  322319000,   21953000,  364949422, c++, elite, mult, 4
5093284.exe ,  6.96,  1.38,  1.25,  0.00,  0.20,  347973738,  319876000,   27901000,  368416246, c++, elite, mult, 4
5093284.exe ,  6.90,  1.38,  1.25,  0.00,  0.20,  348738933,  325643000,   22974000,  369636500, c++, elite, mult, 4
5093284.exe ,  6.78,  1.36,  1.23,  0.00,  0.20,  342736566,  314688000,   27972000,  363087054, c++, elite, mult, 4
5093284.exe ,  6.82,  1.37,  1.24,  0.00,  0.20,  345939010,  321901000,   23992000,  366558708, c++, elite, mult, 4
5093284.exe ,  6.80,  1.36,  1.23,  0.00,  0.20,  342915647,  322814000,   19988000,  363725136, c++, elite, mult, 4
5093284.exe ,  6.91,  1.37,  1.25,  0.00,  0.20,  346337387,  324346000,   21955000,  366796137, c++, elite, mult, 4
5093284.exe ,  6.82,  1.37,  1.24,  0.00,  0.20,  346048521,  329002000,   17000000,  366583029, c++, elite, mult, 4
5093284.exe ,  6.94,  1.37,  1.25,  0.00,  0.20,  347993055,  327968000,   19998000,  368479559, c++, elite, mult, 4
5151770.exe ,  6.11,  1.23,  1.12,  0.00,  0.17,  310411041,  290423000,   19960000,  331545826, c++, elite, mult, 4
5151770.exe ,  6.29,  1.25,  1.14,  0.00,  0.18,  316598120,  292527000,   24043000,  337568293, c++, elite, mult, 4
5151770.exe ,  6.17,  1.25,  1.14,  0.00,  0.18,  315549419,  294484000,   21034000,  336515664, c++, elite, mult, 4
5151770.exe ,  6.17,  1.26,  1.14,  0.00,  0.18,  317162387,  290084000,   27007000,  338308935, c++, elite, mult, 4
5151770.exe ,  6.26,  1.26,  1.15,  0.00,  0.18,  318983897,  294921000,   23993000,  340089747, c++, elite, mult, 4
5151770.exe ,  6.20,  1.27,  1.15,  0.00,  0.18,  319815039,  296610000,   23047000,  340904511, c++, elite, mult, 4
5151770.exe ,  6.22,  1.25,  1.14,  0.00,  0.18,  316660582,  296651000,   19909000,  337871484, c++, elite, mult, 4
5151770.exe ,  6.24,  1.26,  1.14,  0.00,  0.18,  316957514,  292941000,   23995000,  337864223, c++, elite, mult, 4
5151770.exe ,  6.17,  1.26,  1.14,  0.00,  0.18,  316841521,  297688000,   19044000,  338157404, c++, elite, mult, 4
5151770.exe ,  6.27,  1.27,  1.16,  0.00,  0.18,  321675823,  302660000,   18978000,  342868034, c++, elite, mult, 4
5186697.exe ,  7.69,  1.57,  1.42,  0.00,  0.23,  395548306,  367534000,   27964000,  416945898, c++, elite, mult, 4
5186697.exe ,  7.82,  1.57,  1.42,  0.00,  0.23,  395826722,  371720000,   23981000,  416697335, c++, elite, mult, 4
5186697.exe ,  7.70,  1.57,  1.42,  0.00,  0.23,  394330814,  374252000,   20013000,  415175034, c++, elite, mult, 4
5186697.exe ,  7.70,  1.55,  1.41,  0.00,  0.23,  391833737,  368797000,   22987000,  412993050, c++, elite, mult, 4
5186697.exe ,  7.67,  1.57,  1.42,  0.00,  0.23,  395786419,  371719000,   23981000,  416508650, c++, elite, mult, 4
5186697.exe ,  7.81,  1.56,  1.42,  0.00,  0.23,  393247702,  369133000,   24008000,  414151208, c++, elite, mult, 4
5186697.exe ,  7.66,  1.56,  1.42,  0.00,  0.23,  393608017,  372500000,   21028000,  415241556, c++, elite, mult, 4
5186697.exe ,  7.85,  1.57,  1.42,  0.00,  0.23,  396191417,  369111000,   27008000,  417271336, c++, elite, mult, 4
5186697.exe ,  7.86,  1.56,  1.42,  0.00,  0.22,  393154841,  369968000,   22998000,  414127865, c++, elite, mult, 4
5186697.exe ,  7.80,  1.56,  1.41,  0.00,  0.23,  392919201,  370873000,   21992000,  414244053, c++, elite, mult, 4
5226706.exe ,  5.04,  1.03,  0.94,  0.00,  0.13,  259793954,  256812000,    2986000,  280798544, c++, elite, mult, 4
5226706.exe ,  5.01,  1.02,  0.93,  0.00,  0.13,  257378746,  255381000,    1995000,  278046550, c++, elite, mult, 4
5226706.exe ,  4.94,  1.00,  0.91,  0.00,  0.13,  252998342,  249974000,    2999000,  273549663, c++, elite, mult, 4
5226706.exe ,  5.01,  1.02,  0.93,  0.00,  0.13,  258896935,  256612000,    1996000,  279465835, c++, elite, mult, 4
5226706.exe ,  4.91,  1.00,  0.91,  0.00,  0.13,  251758579,  248782000,    2985000,  272454656, c++, elite, mult, 4
5226706.exe ,  5.20,  1.04,  0.95,  0.00,  0.13,  261973560,  259971000,    1999000,  282409295, c++, elite, mult, 4
5226706.exe ,  5.16,  1.03,  0.94,  0.00,  0.13,  259980646,  258818000,     999000,  280609859, c++, elite, mult, 4
5226706.exe ,  5.00,  1.01,  0.92,  0.00,  0.13,  256319498,  255233000,    1000000,  277048231, c++, elite, mult, 4
5226706.exe ,  5.00,  1.03,  0.93,  0.00,  0.13,  258696092,  257697000,     998000,  279387473, c++, elite, mult, 4
5226706.exe ,  5.09,  1.04,  0.95,  0.00,  0.13,  263240299,  261088000,    2000000,  284184017, c++, elite, mult, 4
5307301.exe ,  6.98,  1.39,  1.26,  0.00,  0.20,  351176022,  329134000,   22009000,  372269010, c++, elite, mult, 4
5307301.exe ,  6.84,  1.38,  1.25,  0.00,  0.20,  347844198,  326684000,   20979000,  368583201, c++, elite, mult, 4
5307301.exe ,  6.87,  1.39,  1.26,  0.00,  0.20,  350536314,  326539000,   23966000,  371562119, c++, elite, mult, 4
5307301.exe ,  6.89,  1.40,  1.27,  0.00,  0.20,  352146326,  332146000,   20008000,  372817247, c++, elite, mult, 4
5307301.exe ,  6.86,  1.39,  1.26,  0.00,  0.20,  349116966,  326074000,   23005000,  369811557, c++, elite, mult, 4
5307301.exe ,  6.96,  1.39,  1.26,  0.00,  0.20,  350745019,  328581000,   21971000,  371094304, c++, elite, mult, 4
5307301.exe ,  6.88,  1.40,  1.27,  0.00,  0.20,  352100363,  330993000,   20999000,  373255598, c++, elite, mult, 4
5307301.exe ,  6.92,  1.39,  1.26,  0.00,  0.20,  350442862,  327385000,   23027000,  371354299, c++, elite, mult, 4
5307301.exe ,  7.12,  1.39,  1.26,  0.00,  0.20,  351192229,  330027000,   21001000,  372674745, c++, elite, mult, 4
5307301.exe ,  7.06,  1.39,  1.26,  0.00,  0.20,  350854817,  325837000,   24987000,  371139346, c++, elite, mult, 4
5385285.exe ,  5.04,  1.00,  0.91,  0.00,  0.13,  252532904,  250520000,    2004000,  273229950, c++, elite, mult, 4
5385285.exe ,  5.22,  1.04,  0.95,  0.00,  0.13,  262620377,  261533000,     998000,  283805011, c++, elite, mult, 4
5385285.exe ,  5.03,  1.02,  0.93,  0.00,  0.13,  257438054,  255434000,    1995000,  278173988, c++, elite, mult, 4
5385285.exe ,  5.01,  1.01,  0.92,  0.00,  0.13,  255691957,  254631000,    1002000,  276472702, c++, elite, mult, 4
5385285.exe ,  5.14,  1.04,  0.95,  0.00,  0.13,  262847274,  261816000,     999000,  283284266, c++, elite, mult, 4
5385285.exe ,  5.10,  1.01,  0.92,  0.00,  0.13,  255354048,  254354000,    1001000,  275838845, c++, elite, mult, 4
5385285.exe ,  5.14,  1.05,  0.95,  0.00,  0.13,  264232979,  263211000,    1000000,  285017018, c++, elite, mult, 4
5385285.exe ,  4.98,  1.02,  0.92,  0.00,  0.13,  256277404,  253286000,    2991000,  277597374, c++, elite, mult, 4
5385285.exe ,  5.05,  1.02,  0.93,  0.00,  0.13,  258772759,  255746000,    2985000,  279257958, c++, elite, mult, 4
5385285.exe ,  4.98,  1.01,  0.92,  0.00,  0.13,  256075668,  255073000,    1000000,  276668495, c++, elite, mult, 4
5434517.exe ,  7.06,  1.42,  1.29,  0.00,  0.21,  359601075,  335513000,   24036000,  380854712, c++, elite, mult, 4
5434517.exe ,  6.89,  1.40,  1.27,  0.00,  0.20,  353113748,  331008000,   22000000,  373936635, c++, elite, mult, 4
5434517.exe ,  6.95,  1.41,  1.28,  0.00,  0.21,  355763437,  338748000,   16987000,  376781561, c++, elite, mult, 4
5434517.exe ,  6.86,  1.39,  1.26,  0.00,  0.20,  350398290,  333337000,   17017000,  371184814, c++, elite, mult, 4
5434517.exe ,  7.02,  1.40,  1.27,  0.00,  0.21,  353817412,  327878000,   25911000,  374702983, c++, elite, mult, 4
5434517.exe ,  6.87,  1.40,  1.27,  0.00,  0.20,  352179214,  331130000,   21008000,  373157748, c++, elite, mult, 4
5434517.exe ,  7.01,  1.41,  1.28,  0.00,  0.21,  356217446,  335230000,   20951000,  376816735, c++, elite, mult, 4
5434517.exe ,  6.95,  1.40,  1.27,  0.00,  0.21,  354233222,  332246000,   21950000,  375267025, c++, elite, mult, 4
5434517.exe ,  6.98,  1.42,  1.29,  0.00,  0.21,  357978974,  339924000,   17996000,  378801285, c++, elite, mult, 4
5434517.exe ,  7.01,  1.39,  1.26,  0.00,  0.20,  349307476,  326251000,   23017000,  369813466, c++, elite, mult, 4
5557748.exe ,  4.02,  0.81,  0.74,  0.00,  0.11,  205675839,  203612000,    1996000,  226381875, c++, elite, mult, 4
5557748.exe ,  4.01,  0.82,  0.74,  0.00,  0.11,  206317332,  203317000,    2989000,  227322648, c++, elite, mult, 4
5557748.exe ,  4.04,  0.82,  0.75,  0.00,  0.11,  207505819,  205514000,    2005000,  227955186, c++, elite, mult, 4
5557748.exe ,  4.10,  0.84,  0.76,  0.00,  0.11,  211288308,  210147000,    1000000,  232077184, c++, elite, mult, 4
5557748.exe ,  4.15,  0.83,  0.76,  0.00,  0.11,  210388802,  207396000,    2991000,  231638711, c++, elite, mult, 4
5557748.exe ,  4.09,  0.82,  0.75,  0.00,  0.11,  207239227,  206245000,    1001000,  228136028, c++, elite, mult, 4
5557748.exe ,  4.04,  0.82,  0.74,  0.00,  0.11,  206351202,  204355000,    1993000,  226952299, c++, elite, mult, 4
5557748.exe ,  4.09,  0.83,  0.76,  0.00,  0.11,  209836074,  208772000,     998000,  230581385, c++, elite, mult, 4
5557748.exe ,  4.09,  0.83,  0.76,  0.00,  0.11,  211086407,  209096000,    2000000,  232572645, c++, elite, mult, 4
5557748.exe ,  4.03,  0.82,  0.75,  0.00,  0.11,  207749376,  207760000,          0,  228433666, c++, elite, mult, 4
5576553.exe ,  6.98,  1.42,  1.29,  0.00,  0.21,  357871133,  338843000,   18991000,  378486605, c++, elite, mult, 4
5576553.exe ,  7.11,  1.42,  1.29,  0.00,  0.21,  358334595,  339266000,   19014000,  379227111, c++, elite, mult, 4
5576553.exe ,  6.99,  1.42,  1.29,  0.00,  0.21,  358017948,  333824000,   24059000,  379934824, c++, elite, mult, 4
5576553.exe ,  7.08,  1.43,  1.29,  0.00,  0.21,  360359861,  334378000,   25951000,  381438068, c++, elite, mult, 4
5576553.exe ,  6.95,  1.41,  1.28,  0.00,  0.21,  356084695,  338054000,   18002000,  376834902, c++, elite, mult, 4
5576553.exe ,  6.95,  1.41,  1.28,  0.00,  0.21,  355906891,  331865000,   23990000,  377146950, c++, elite, mult, 4
5576553.exe ,  7.02,  1.41,  1.28,  0.00,  0.21,  355769019,  334804000,   20925000,  376415450, c++, elite, mult, 4
5576553.exe ,  7.13,  1.44,  1.31,  0.00,  0.21,  363437267,  346399000,   16970000,  384274812, c++, elite, mult, 4
5576553.exe ,  7.11,  1.44,  1.30,  0.00,  0.21,  362297275,  339313000,   22953000,  383656775, c++, elite, mult, 4
5576553.exe ,  6.97,  1.41,  1.28,  0.00,  0.20,  355715120,  331699000,   23978000,  376720897, c++, elite, mult, 4
5614529.exe ,  1.97,  0.40,  0.36,  0.00,  0.05,   99487043,   97522000,    1990000,  120754131, c++, elite, mult, 4
5614529.exe ,  1.94,  0.39,  0.35,  0.00,  0.05,   97933048,   96979000,     989000,  119256909, c++, elite, mult, 4
5614529.exe ,  1.95,  0.39,  0.35,  0.00,  0.05,   97974590,   95992000,    1999000,  119208466, c++, elite, mult, 4
5614529.exe ,  1.95,  0.39,  0.35,  0.00,  0.05,   97662097,   96666000,    1006000,  118807286, c++, elite, mult, 4
5614529.exe ,  1.99,  0.39,  0.35,  0.00,  0.05,   98561215,   96524000,    1990000,  119943433, c++, elite, mult, 4
5614529.exe ,  1.92,  0.38,  0.35,  0.00,  0.05,   96833657,   95855000,     998000,  117683862, c++, elite, mult, 4
5614529.exe ,  1.95,  0.39,  0.35,  0.00,  0.05,   97486614,   96493000,    1005000,  118283998, c++, elite, mult, 4
5614529.exe ,  1.92,  0.38,  0.35,  0.00,  0.05,   96101372,   95120000,    1001000,  116635325, c++, elite, mult, 4
5614529.exe ,  1.93,  0.38,  0.35,  0.00,  0.05,   97141691,   97154000,          0,  118116439, c++, elite, mult, 4
5614529.exe ,  1.93,  0.38,  0.35,  0.00,  0.05,   96904563,   94926000,    1998000,  117680120, c++, elite, mult, 4
5670639.exe ,  6.84,  1.37,  1.25,  0.00,  0.20,  346983139,  320946000,   25995000,  368444864, c++, elite, mult, 4
5670639.exe ,  6.90,  1.39,  1.26,  0.00,  0.20,  350554104,  333522000,   17026000,  371374368, c++, elite, mult, 4
5670639.exe ,  6.94,  1.39,  1.26,  0.00,  0.20,  349642947,  332311000,   16964000,  370596031, c++, elite, mult, 4
5670639.exe ,  6.79,  1.36,  1.24,  0.00,  0.20,  344589792,  326525000,   17973000,  365691193, c++, elite, mult, 4
5670639.exe ,  6.93,  1.38,  1.25,  0.00,  0.20,  348049869,  326090000,   21938000,  369051871, c++, elite, mult, 4
5670639.exe ,  6.94,  1.39,  1.26,  0.00,  0.20,  350668380,  323658000,   26971000,  372170871, c++, elite, mult, 4
5670639.exe ,  6.99,  1.40,  1.26,  0.00,  0.20,  351539753,  330538000,   20970000,  372767958, c++, elite, mult, 4
5670639.exe ,  6.83,  1.38,  1.25,  0.00,  0.20,  348462711,  327446000,   20964000,  369604888, c++, elite, mult, 4
5670639.exe ,  6.82,  1.38,  1.25,  0.00,  0.20,  348010311,  327981000,   19998000,  369152145, c++, elite, mult, 4
5670639.exe ,  6.79,  1.37,  1.24,  0.00,  0.20,  345728103,  324709000,   20981000,  367154160, c++, elite, mult, 4
5839216.exe ,  6.37,  1.29,  1.17,  0.00,  0.18,  325009614,  300992000,   23999000,  345719695, c++, elite, mult, 4
5839216.exe ,  6.34,  1.28,  1.16,  0.00,  0.18,  321300498,  295163000,   26014000,  342136395, c++, elite, mult, 4
5839216.exe ,  6.33,  1.28,  1.16,  0.00,  0.18,  321948487,  303863000,   18051000,  342817762, c++, elite, mult, 4
5839216.exe ,  6.37,  1.28,  1.17,  0.00,  0.18,  324747180,  307710000,   16983000,  345401535, c++, elite, mult, 4
5839216.exe ,  6.48,  1.31,  1.19,  0.00,  0.19,  330946340,  311858000,   18991000,  351949664, c++, elite, mult, 4
5839216.exe ,  6.55,  1.32,  1.20,  0.00,  0.19,  334091295,  312940000,   20995000,  355310752, c++, elite, mult, 4
5839216.exe ,  6.43,  1.31,  1.19,  0.00,  0.19,  329752639,  314718000,   14986000,  351139132, c++, elite, mult, 4
5839216.exe ,  6.34,  1.29,  1.17,  0.00,  0.18,  324469174,  306385000,   18022000,  345341304, c++, elite, mult, 4
5839216.exe ,  6.34,  1.30,  1.18,  0.00,  0.18,  327393803,  300343000,   27030000,  348456020, c++, elite, mult, 4
5839216.exe ,  6.36,  1.30,  1.18,  0.00,  0.18,  327635644,  313395000,   14017000,  348719458, c++, elite, mult, 4
6013525.exe ,  6.81,  1.39,  1.26,  0.00,  0.20,  349501436,  328475000,   20966000,  370483155, c++, elite, mult, 4
6013525.exe ,  6.83,  1.40,  1.26,  0.00,  0.21,  351902173,  336856000,   14993000,  372984839, c++, elite, mult, 4
6013525.exe ,  6.82,  1.40,  1.27,  0.00,  0.20,  352116149,  339083000,   13003000,  372944656, c++, elite, mult, 4
6013525.exe ,  6.75,  1.38,  1.25,  0.00,  0.20,  348247814,  332187000,   15960000,  369084805, c++, elite, mult, 4
6013525.exe ,  6.79,  1.39,  1.26,  0.00,  0.20,  350873002,  334822000,   15991000,  371745247, c++, elite, mult, 4
6013525.exe ,  6.82,  1.38,  1.25,  0.00,  0.20,  346674888,  328581000,   18031000,  367515807, c++, elite, mult, 4
6013525.exe ,  6.80,  1.38,  1.26,  0.00,  0.20,  348939951,  332859000,   15993000,  369456564, c++, elite, mult, 4
6013525.exe ,  6.83,  1.40,  1.27,  0.00,  0.20,  352656158,  333654000,   18980000,  373697342, c++, elite, mult, 4
6013525.exe ,  6.85,  1.38,  1.26,  0.00,  0.20,  349492564,  330492000,   18970000,  370884036, c++, elite, mult, 4
6013525.exe ,  6.85,  1.40,  1.27,  0.00,  0.21,  352399110,  328424000,   23958000,  373008242, c++, elite, mult, 4
6134528.exe ,  4.09,  0.81,  0.73,  0.00,  0.13,  204964780,  186891000,   17989000,  225854395, c++, elite, mult, 4
6134528.exe ,  4.01,  0.81,  0.73,  0.00,  0.13,  202349048,  186300000,   16025000,  223348177, c++, elite, mult, 4
6134528.exe ,  4.00,  0.81,  0.73,  0.00,  0.13,  204300722,  179257000,   25036000,  225262083, c++, elite, mult, 4
6134528.exe ,  3.97,  0.80,  0.72,  0.00,  0.13,  201500174,  181406000,   19934000,  222131637, c++, elite, mult, 4
6134528.exe ,  3.99,  0.81,  0.73,  0.00,  0.13,  204118971,  182087000,   22010000,  224678550, c++, elite, mult, 4
6134528.exe ,  4.02,  0.81,  0.73,  0.00,  0.13,  204468125,  187404000,   17036000,  224861758, c++, elite, mult, 4
6134528.exe ,  4.08,  0.81,  0.73,  0.00,  0.13,  205292760,  181382000,   23918000,  226512925, c++, elite, mult, 4
6134528.exe ,  4.11,  0.81,  0.73,  0.00,  0.13,  204193761,  181118000,   23015000,  225005796, c++, elite, mult, 4
6134528.exe ,  3.97,  0.81,  0.73,  0.00,  0.13,  203284402,  187244000,   16020000,  224267260, c++, elite, mult, 4
6134528.exe ,  3.98,  0.81,  0.73,  0.00,  0.13,  202743538,  181696000,   20964000,  223884636, c++, elite, mult, 4
6178120.exe ,  7.10,  1.45,  1.32,  0.00,  0.21,  366014510,  338987000,   26999000,  387172068, c++, elite, mult, 4
6178120.exe ,  7.08,  1.46,  1.32,  0.00,  0.21,  366564342,  338565000,   27964000,  387520377, c++, elite, mult, 4
6178120.exe ,  7.25,  1.48,  1.34,  0.00,  0.22,  372219336,  351060000,   21003000,  393200202, c++, elite, mult, 4
6178120.exe ,  7.17,  1.47,  1.34,  0.00,  0.21,  371875185,  354843000,   16992000,  392878522, c++, elite, mult, 4
6178120.exe ,  7.14,  1.47,  1.33,  0.00,  0.21,  370353987,  348262000,   22016000,  391169024, c++, elite, mult, 4
6178120.exe ,  7.14,  1.47,  1.33,  0.00,  0.21,  370817139,  353791000,   16989000,  391773633, c++, elite, mult, 4
6178120.exe ,  7.14,  1.47,  1.33,  0.00,  0.21,  370673114,  351654000,   18981000,  391810931, c++, elite, mult, 4
6178120.exe ,  7.29,  1.47,  1.34,  0.00,  0.21,  372070964,  349979000,   21998000,  392948810, c++, elite, mult, 4
6178120.exe ,  7.15,  1.47,  1.33,  0.00,  0.21,  370598927,  348515000,   21969000,  391753225, c++, elite, mult, 4
6178120.exe ,  7.12,  1.47,  1.33,  0.00,  0.21,  369512074,  339521000,   29957000,  390464292, c++, elite, mult, 4
6224408.exe ,  6.73,  1.37,  1.25,  0.00,  0.20,  345878291,  322808000,   23057000,  367033985, c++, elite, mult, 4
6224408.exe ,  6.60,  1.36,  1.23,  0.00,  0.20,  342502867,  314424000,   28037000,  363758532, c++, elite, mult, 4
6224408.exe ,  6.73,  1.38,  1.25,  0.00,  0.20,  348865940,  323783000,   24983000,  370715419, c++, elite, mult, 4
6224408.exe ,  6.60,  1.37,  1.24,  0.00,  0.20,  344524336,  324554000,   19972000,  365599555, c++, elite, mult, 4
6224408.exe ,  6.75,  1.35,  1.23,  0.00,  0.20,  340629219,  318603000,   21972000,  361955003, c++, elite, mult, 4
6224408.exe ,  6.76,  1.38,  1.25,  0.00,  0.20,  346537409,  315559000,   30956000,  367939463, c++, elite, mult, 4
6224408.exe ,  6.77,  1.40,  1.27,  0.00,  0.20,  352032315,  326991000,   24999000,  373650759, c++, elite, mult, 4
6224408.exe ,  6.63,  1.36,  1.23,  0.00,  0.20,  343098226,  328040000,   15001000,  365027569, c++, elite, mult, 4
6224408.exe ,  6.61,  1.35,  1.22,  0.00,  0.20,  340193043,  317145000,   23010000,  361308877, c++, elite, mult, 4
6224408.exe ,  6.80,  1.38,  1.25,  0.00,  0.20,  347225391,  330178000,   17009000,  368457354, c++, elite, mult, 4
6258569.exe ,  4.15,  0.86,  0.79,  0.00,  0.11,  218373384,  217307000,    1001000,  240009865, c++, elite, mult, 4
6258569.exe ,  4.16,  0.85,  0.78,  0.00,  0.11,  215754823,  213778000,    1988000,  237128536, c++, elite, mult, 4
6258569.exe ,  4.12,  0.85,  0.78,  0.00,  0.11,  215528745,  214531000,    1002000,  236686769, c++, elite, mult, 4
6258569.exe ,  4.11,  0.85,  0.77,  0.00,  0.11,  214358664,  212090000,    1991000,  235503813, c++, elite, mult, 4
6258569.exe ,  4.26,  0.86,  0.79,  0.00,  0.11,  218303649,  215316000,    2990000,  239553192, c++, elite, mult, 4
6258569.exe ,  4.12,  0.85,  0.77,  0.00,  0.11,  215136778,  215144000,          0,  235761911, c++, elite, mult, 4
6258569.exe ,  4.12,  0.86,  0.78,  0.00,  0.11,  215603160,  214603000,    1002000,  236596866, c++, elite, mult, 4
6258569.exe ,  4.16,  0.85,  0.78,  0.00,  0.11,  215811273,  212833000,    2983000,  237187481, c++, elite, mult, 4
6258569.exe ,  4.13,  0.85,  0.77,  0.00,  0.11,  214201635,  212210000,    2001000,  235051720, c++, elite, mult, 4
6258569.exe ,  4.08,  0.84,  0.77,  0.00,  0.11,  213353244,  212322000,    1001000,  234477543, c++, elite, mult, 4
6273288.exe ,  2.96,  0.59,  0.53,  0.00,  0.09,  148224285,  125175000,   23032000,  169376995, c++, elite, mult, 4
6273288.exe ,  2.90,  0.59,  0.53,  0.00,  0.09,  147508224,  118506000,   28879000,  168395103, c++, elite, mult, 4
6273288.exe ,  2.87,  0.58,  0.53,  0.00,  0.09,  147090600,  121000000,   26000000,  168065782, c++, elite, mult, 4
6273288.exe ,  2.89,  0.58,  0.53,  0.00,  0.09,  146018544,  126001000,   20000000,  167301187, c++, elite, mult, 4
6273288.exe ,  2.89,  0.59,  0.53,  0.00,  0.09,  148457680,  127336000,   21055000,  169688898, c++, elite, mult, 4
6273288.exe ,  2.89,  0.58,  0.53,  0.00,  0.09,  146786330,  119996000,   26776000,  168489766, c++, elite, mult, 4
6273288.exe ,  2.92,  0.59,  0.54,  0.00,  0.09,  149322412,  128244000,   21040000,  170679987, c++, elite, mult, 4
6273288.exe ,  2.87,  0.58,  0.53,  0.00,  0.09,  146908920,  129891000,   16985000,  168072438, c++, elite, mult, 4
6273288.exe ,  2.87,  0.58,  0.53,  0.00,  0.09,  146670741,  119724000,   26938000,  167618391, c++, elite, mult, 4
6273288.exe ,  2.94,  0.59,  0.53,  0.00,  0.09,  148453117,  122370000,   26078000,  169784272, c++, elite, mult, 4
6369061.exe ,  3.61,  0.73,  0.66,  0.00,  0.12,  184548869,  161593000,   22942000,  205780386, c++, elite, mult, 4
6369061.exe ,  3.60,  0.73,  0.65,  0.00,  0.12,  182532517,  162459000,   20056000,  203341026, c++, elite, mult, 4
6369061.exe ,  3.64,  0.73,  0.66,  0.00,  0.12,  184671444,  162573000,   22077000,  205881620, c++, elite, mult, 4
6369061.exe ,  3.60,  0.73,  0.66,  0.00,  0.12,  184202421,  168274000,   15931000,  205375898, c++, elite, mult, 4
6369061.exe ,  3.59,  0.73,  0.66,  0.00,  0.12,  184869152,  164869000,   19984000,  205990212, c++, elite, mult, 4
6369061.exe ,  3.66,  0.73,  0.66,  0.00,  0.12,  184668319,  153541000,   31109000,  205877811, c++, elite, mult, 4
6369061.exe ,  3.73,  0.75,  0.68,  0.00,  0.12,  188643593,  170656000,   17963000,  210219029, c++, elite, mult, 4
6369061.exe ,  3.62,  0.73,  0.66,  0.00,  0.12,  185480718,  163403000,   22054000,  206965763, c++, elite, mult, 4
6369061.exe ,  3.63,  0.74,  0.67,  0.00,  0.12,  186087455,  165059000,   21007000,  207430924, c++, elite, mult, 4
6369061.exe ,  3.63,  0.73,  0.66,  0.00,  0.12,  184408207,  165347000,   19040000,  205995810, c++, elite, mult, 4
640941.exe  ,  2.53,  0.51,  0.46,  0.00,  0.07,  128501320,  118477000,    9956000,  149909776, c++, elite, mult, 4
640941.exe  ,  2.50,  0.51,  0.47,  0.00,  0.07,  129112989,  115120000,   14014000,  150415852, c++, elite, mult, 4
640941.exe  ,  2.50,  0.51,  0.47,  0.00,  0.07,  128623092,  117649000,   10967000,  150550805, c++, elite, mult, 4
640941.exe  ,  2.49,  0.51,  0.46,  0.00,  0.07,  128648782,  113491000,   15065000,  149885936, c++, elite, mult, 4
640941.exe  ,  2.47,  0.50,  0.46,  0.00,  0.07,  127319554,  109436000,   17907000,  149227374, c++, elite, mult, 4
640941.exe  ,  2.55,  0.51,  0.46,  0.00,  0.07,  128306732,  116269000,   12027000,  149395083, c++, elite, mult, 4
640941.exe  ,  2.50,  0.51,  0.46,  0.00,  0.07,  127018586,  113011000,   14001000,  148288573, c++, elite, mult, 4
640941.exe  ,  2.45,  0.50,  0.46,  0.00,  0.07,  126377729,  117348000,    9026000,  147205768, c++, elite, mult, 4
640941.exe  ,  2.54,  0.51,  0.46,  0.00,  0.07,  127866702,  112765000,   15102000,  148977475, c++, elite, mult, 4
640941.exe  ,  2.51,  0.51,  0.46,  0.00,  0.07,  127828645,  115757000,   11974000,  149200636, c++, elite, mult, 4
6605499.exe ,  7.58,  1.55,  1.40,  0.00,  0.22,  390714794,  370686000,   19983000,  411795564, c++, elite, mult, 4
6605499.exe ,  7.51,  1.53,  1.39,  0.00,  0.22,  385935069,  360898000,   24992000,  407404584, c++, elite, mult, 4
6605499.exe ,  7.51,  1.54,  1.40,  0.00,  0.22,  388917670,  371760000,   17034000,  410171043, c++, elite, mult, 4
6605499.exe ,  7.51,  1.52,  1.38,  0.00,  0.22,  383122817,  360136000,   22944000,  404476092, c++, elite, mult, 4
6605499.exe ,  7.58,  1.52,  1.38,  0.00,  0.22,  384312745,  360261000,   24017000,  405475469, c++, elite, mult, 4
6605499.exe ,  7.70,  1.55,  1.41,  0.00,  0.23,  391143893,  365101000,   26007000,  412357574, c++, elite, mult, 4
6605499.exe ,  7.46,  1.53,  1.38,  0.00,  0.22,  384242841,  368202000,   16008000,  405788346, c++, elite, mult, 4
6605499.exe ,  7.55,  1.53,  1.39,  0.00,  0.22,  385432614,  368273000,   17012000,  406698423, c++, elite, mult, 4
6605499.exe ,  7.50,  1.51,  1.37,  0.00,  0.22,  381047348,  360825000,   19990000,  401928662, c++, elite, mult, 4
6605499.exe ,  7.52,  1.51,  1.36,  0.00,  0.22,  378314360,  362223000,   15965000,  399955390, c++, elite, mult, 4
6607910.exe ,  7.49,  1.53,  1.39,  0.00,  0.22,  386116187,  371025000,   15001000,  406893075, c++, elite, mult, 4
6607910.exe ,  7.68,  1.57,  1.42,  0.00,  0.23,  394570428,  378522000,   15979000,  415688782, c++, elite, mult, 4
6607910.exe ,  7.69,  1.56,  1.41,  0.00,  0.22,  391169397,  366192000,   24944000,  412636722, c++, elite, mult, 4
6607910.exe ,  7.56,  1.54,  1.40,  0.00,  0.22,  387228244,  364132000,   23008000,  408633800, c++, elite, mult, 4
6607910.exe ,  7.50,  1.53,  1.39,  0.00,  0.22,  385614635,  367601000,   17980000,  406771166, c++, elite, mult, 4
6607910.exe ,  7.54,  1.54,  1.40,  0.00,  0.22,  389035816,  368927000,   19996000,  410642555, c++, elite, mult, 4
6607910.exe ,  7.54,  1.52,  1.38,  0.00,  0.22,  384334824,  367268000,   17012000,  405689004, c++, elite, mult, 4
6607910.exe ,  7.69,  1.54,  1.40,  0.00,  0.22,  387444302,  365325000,   22019000,  408787974, c++, elite, mult, 4
6607910.exe ,  7.59,  1.53,  1.39,  0.00,  0.22,  386107115,  366926000,   18996000,  407529434, c++, elite, mult, 4
6607910.exe ,  7.57,  1.54,  1.40,  0.00,  0.22,  389781980,  368742000,   20985000,  410828580, c++, elite, mult, 4
6608004.exe ,  1.66,  0.33,  0.30,  0.00,  0.04,   81992677,   77935000,    4048000,  103097847, c++, elite, mult, 4
6608004.exe ,  1.68,  0.32,  0.30,  0.00,  0.05,   82517212,   76553000,    5965000,  103498571, c++, elite, mult, 4
6608004.exe ,  1.66,  0.33,  0.30,  0.00,  0.05,   83478112,   77531000,    5963000,  104716752, c++, elite, mult, 4
6608004.exe ,  1.63,  0.33,  0.30,  0.00,  0.04,   83068294,   79080000,    4004000,  104188873, c++, elite, mult, 4
6608004.exe ,  1.71,  0.33,  0.30,  0.00,  0.05,   84355245,   77183000,    7016000,  105240290, c++, elite, mult, 4
6608004.exe ,  1.61,  0.32,  0.30,  0.00,  0.05,   82656278,   75795000,    6890000,  103446272, c++, elite, mult, 4
6608004.exe ,  1.66,  0.33,  0.30,  0.00,  0.05,   83222491,   77156000,    6012000,  104621216, c++, elite, mult, 4
6608004.exe ,  1.68,  0.33,  0.30,  0.00,  0.04,   82063477,   75063000,    7005000,  103168234, c++, elite, mult, 4
6608004.exe ,  1.61,  0.32,  0.29,  0.00,  0.04,   81261253,   76178000,    5011000,  102323525, c++, elite, mult, 4
6608004.exe ,  1.66,  0.32,  0.29,  0.00,  0.04,   81948265,   77952000,    3997000,  103115673, c++, elite, mult, 4
6644544.exe ,  6.40,  1.30,  1.18,  0.00,  0.19,  328451911,  305288000,   23021000,  349964899, c++, elite, mult, 4
6644544.exe ,  6.33,  1.29,  1.17,  0.00,  0.18,  325288220,  304124000,   21008000,  346081784, c++, elite, mult, 4
6644544.exe ,  6.54,  1.31,  1.19,  0.00,  0.19,  331143492,  311062000,   20003000,  351927560, c++, elite, mult, 4
6644544.exe ,  6.33,  1.29,  1.17,  0.00,  0.18,  324946728,  305912000,   18994000,  346047218, c++, elite, mult, 4
6644544.exe ,  6.28,  1.29,  1.17,  0.00,  0.18,  325486113,  304481000,   20964000,  346122387, c++, elite, mult, 4
6644544.exe ,  6.49,  1.32,  1.20,  0.00,  0.19,  333465192,  313430000,   19963000,  354928969, c++, elite, mult, 4
6644544.exe ,  6.46,  1.30,  1.18,  0.00,  0.18,  326321779,  307320000,   18958000,  347851161, c++, elite, mult, 4
6644544.exe ,  6.36,  1.30,  1.18,  0.00,  0.18,  328149880,  303096000,   25008000,  349196928, c++, elite, mult, 4
6644544.exe ,  6.34,  1.30,  1.18,  0.00,  0.18,  327053338,  302019000,   25001000,  347791997, c++, elite, mult, 4
6644544.exe ,  6.34,  1.31,  1.19,  0.00,  0.19,  330590655,  310584000,   19973000,  352015441, c++, elite, mult, 4
6730647.exe ,  4.41,  0.91,  0.83,  0.00,  0.12,  229377833,  215299000,   14019000,  250387112, c++, elite, mult, 4
6730647.exe ,  4.51,  0.91,  0.82,  0.00,  0.12,  228614206,  212548000,   16041000,  249671073, c++, elite, mult, 4
6730647.exe ,  4.37,  0.90,  0.82,  0.00,  0.12,  227186549,  214149000,   13009000,  248609832, c++, elite, mult, 4
6730647.exe ,  4.35,  0.90,  0.82,  0.00,  0.12,  227401277,  213357000,   13957000,  248671082, c++, elite, mult, 4
6730647.exe ,  4.39,  0.91,  0.82,  0.00,  0.12,  227944063,  215885000,   12049000,  249428956, c++, elite, mult, 4
6730647.exe ,  4.41,  0.91,  0.82,  0.00,  0.12,  228958741,  215877000,   13053000,  250457248, c++, elite, mult, 4
6730647.exe ,  4.45,  0.91,  0.82,  0.00,  0.12,  228844470,  211770000,   16981000,  250051214, c++, elite, mult, 4
6730647.exe ,  4.35,  0.89,  0.81,  0.00,  0.12,  223940837,  213933000,    9996000,  244803464, c++, elite, mult, 4
6730647.exe ,  4.37,  0.90,  0.82,  0.00,  0.12,  226489026,  213501000,   12969000,  247515134, c++, elite, mult, 4
6730647.exe ,  4.46,  0.90,  0.82,  0.00,  0.12,  227504356,  216514000,   10975000,  248549190, c++, elite, mult, 4
688376.exe  ,  4.04,  0.82,  0.74,  0.00,  0.13,  206421468,  181492000,   24930000,  226995104, c++, elite, mult, 4
688376.exe  ,  4.10,  0.83,  0.75,  0.00,  0.13,  209665733,  179684000,   29947000,  230820172, c++, elite, mult, 4
688376.exe  ,  4.23,  0.83,  0.75,  0.00,  0.13,  210184758,  182139000,   28021000,  231118895, c++, elite, mult, 4
688376.exe  ,  4.06,  0.82,  0.75,  0.00,  0.13,  208726332,  187507000,   21056000,  229786875, c++, elite, mult, 4
688376.exe  ,  4.20,  0.84,  0.76,  0.00,  0.13,  211501926,  188539000,   22943000,  232543426, c++, elite, mult, 4
688376.exe  ,  4.14,  0.83,  0.75,  0.00,  0.13,  210263599,  182365000,   27902000,  231438130, c++, elite, mult, 4
688376.exe  ,  4.06,  0.83,  0.75,  0.00,  0.13,  208265050,  193115000,   15009000,  229566071, c++, elite, mult, 4
688376.exe  ,  4.06,  0.82,  0.75,  0.00,  0.13,  208107956,  182004000,   26000000,  229083115, c++, elite, mult, 4
688376.exe  ,  4.06,  0.82,  0.74,  0.00,  0.13,  206642317,  189566000,   17050000,  227875708, c++, elite, mult, 4
688376.exe  ,  4.14,  0.83,  0.75,  0.00,  0.13,  208215114,  182167000,   26023000,  229524100, c++, elite, mult, 4
6933552.exe ,  4.01,  0.82,  0.74,  0.00,  0.13,  206379368,  180355000,   25907000,  227428727, c++, elite, mult, 4
6933552.exe ,  4.08,  0.82,  0.74,  0.00,  0.13,  205384637,  184314000,   21035000,  226634751, c++, elite, mult, 4
6933552.exe ,  3.98,  0.81,  0.73,  0.00,  0.13,  203564207,  184595000,   18958000,  224948786, c++, elite, mult, 4
6933552.exe ,  4.03,  0.82,  0.74,  0.00,  0.13,  206337129,  185255000,   21029000,  227129217, c++, elite, mult, 4
6933552.exe ,  4.02,  0.82,  0.74,  0.00,  0.13,  205674450,  185591000,   20063000,  227136511, c++, elite, mult, 4
6933552.exe ,  4.00,  0.82,  0.74,  0.00,  0.13,  205954894,  181086000,   24874000,  227122770, c++, elite, mult, 4
6933552.exe ,  4.02,  0.82,  0.74,  0.00,  0.13,  206042163,  178023000,   28003000,  227220697, c++, elite, mult, 4
6933552.exe ,  4.11,  0.82,  0.74,  0.00,  0.13,  207003012,  182868000,   23982000,  228576389, c++, elite, mult, 4
6933552.exe ,  4.09,  0.81,  0.73,  0.00,  0.13,  204210242,  182130000,   22015000,  225483808, c++, elite, mult, 4
6933552.exe ,  3.98,  0.81,  0.74,  0.00,  0.13,  205055180,  185038000,   20004000,  225789137, c++, elite, mult, 4
7110275.exe ,  8.54,  1.74,  1.58,  0.00,  0.26,  439634827,  414615000,   24976000,  460829479, c++, elite, mult, 4
7110275.exe ,  8.62,  1.75,  1.59,  0.00,  0.26,  442261487,  416171000,   26010000,  463631313, c++, elite, mult, 4
7110275.exe ,  8.75,  1.75,  1.59,  0.00,  0.26,  440980971,  408861000,   31989000,  462175621, c++, elite, mult, 4
7110275.exe ,  8.58,  1.78,  1.61,  0.00,  0.26,  447657937,  421615000,   25976000,  468832794, c++, elite, mult, 4
7110275.exe ,  8.55,  1.76,  1.59,  0.00,  0.26,  443362700,  424331000,   18970000,  464629519, c++, elite, mult, 4
7110275.exe ,  8.69,  1.77,  1.61,  0.00,  0.26,  447385677,  425359000,   21966000,  468592211, c++, elite, mult, 4
7110275.exe ,  8.56,  1.77,  1.61,  0.00,  0.26,  447407338,  417416000,   29958000,  469130491, c++, elite, mult, 4
7110275.exe ,  8.58,  1.78,  1.61,  0.00,  0.26,  446626576,  416557000,   29968000,  468040538, c++, elite, mult, 4
7110275.exe ,  8.74,  1.77,  1.61,  0.00,  0.26,  446851193,  413730000,   33058000,  468461580, c++, elite, mult, 4
7110275.exe ,  8.90,  1.79,  1.62,  0.00,  0.27,  451271720,  417246000,   33938000,  473110197, c++, elite, mult, 4
7371640.exe ,  3.73,  0.76,  0.69,  0.00,  0.10,  191970759,  190980000,     999000,  212686929, c++, elite, mult, 4
7371640.exe ,  3.70,  0.76,  0.70,  0.00,  0.10,  193262106,  191209000,    2002000,  213901604, c++, elite, mult, 4
7371640.exe ,  3.78,  0.76,  0.69,  0.00,  0.10,  192675951,  191675000,     998000,  213739547, c++, elite, mult, 4
7371640.exe ,  3.74,  0.77,  0.70,  0.00,  0.10,  194840450,  194854000,          0,  215963222, c++, elite, mult, 4
7371640.exe ,  3.72,  0.77,  0.70,  0.00,  0.10,  194186367,  193196000,    1001000,  215117222, c++, elite, mult, 4
7371640.exe ,  3.73,  0.75,  0.69,  0.00,  0.10,  190576084,  189530000,     997000,  211542093, c++, elite, mult, 4
7371640.exe ,  3.78,  0.76,  0.69,  0.00,  0.10,  193261648,  190281000,    2988000,  214359725, c++, elite, mult, 4
7371640.exe ,  3.82,  0.77,  0.70,  0.00,  0.10,  194933047,  192965000,    1989000,  215890783, c++, elite, mult, 4
7371640.exe ,  3.75,  0.76,  0.69,  0.00,  0.10,  192559769,  191566000,     997000,  213765383, c++, elite, mult, 4
7371640.exe ,  3.77,  0.77,  0.70,  0.00,  0.10,  194470320,  194479000,          0,  215638199, c++, elite, mult, 4
7392788.exe ,  7.12,  1.45,  1.32,  0.00,  0.21,  367191903,  350158000,   17007000,  388099124, c++, elite, mult, 4
7392788.exe ,  7.32,  1.48,  1.34,  0.00,  0.22,  372421743,  349360000,   23023000,  393298436, c++, elite, mult, 4
7392788.exe ,  7.14,  1.48,  1.34,  0.00,  0.21,  372422049,  353223000,   19012000,  393825087, c++, elite, mult, 4
7392788.exe ,  7.29,  1.50,  1.36,  0.00,  0.22,  376991858,  355938000,   20996000,  398336671, c++, elite, mult, 4
7392788.exe ,  7.20,  1.49,  1.35,  0.00,  0.22,  375735564,  350711000,   24979000,  397082424, c++, elite, mult, 4
7392788.exe ,  7.33,  1.49,  1.36,  0.00,  0.22,  376554957,  353519000,   22968000,  397925521, c++, elite, mult, 4
7392788.exe ,  7.28,  1.47,  1.33,  0.00,  0.21,  369786454,  343715000,   25978000,  391128036, c++, elite, mult, 4
7392788.exe ,  7.15,  1.48,  1.34,  0.00,  0.22,  373099937,  356073000,   17003000,  394379584, c++, elite, mult, 4
7392788.exe ,  7.18,  1.47,  1.33,  0.00,  0.21,  369856935,  350836000,   18991000,  391034782, c++, elite, mult, 4
7392788.exe ,  7.17,  1.48,  1.34,  0.00,  0.21,  372112908,  347068000,   25004000,  393178169, c++, elite, mult, 4
7401546.exe ,  5.58,  1.12,  1.01,  0.00,  0.17,  281907342,  225876000,   55969000,  303044726, c++, elite, mult, 4
7401546.exe ,  5.63,  1.11,  1.00,  0.00,  0.16,  280133585,  226032000,   54007000,  301294035, c++, elite, mult, 4
7401546.exe ,  5.66,  1.12,  1.02,  0.00,  0.17,  283393029,  232478000,   50885000,  304549769, c++, elite, mult, 4
7401546.exe ,  5.70,  1.14,  1.02,  0.00,  0.17,  286171461,  231073000,   55017000,  307506518, c++, elite, mult, 4
7401546.exe ,  5.64,  1.13,  1.02,  0.00,  0.17,  284574368,  225568000,   58887000,  306234057, c++, elite, mult, 4
7401546.exe ,  5.64,  1.12,  1.01,  0.00,  0.16,  281545313,  226418000,   55101000,  302842986, c++, elite, mult, 4
7401546.exe ,  5.45,  1.12,  1.01,  0.00,  0.16,  280717545,  231572000,   49121000,  301715821, c++, elite, mult, 4
7401546.exe ,  5.47,  1.12,  1.01,  0.00,  0.17,  281496758,  228372000,   53086000,  302715653, c++, elite, mult, 4
7401546.exe ,  5.55,  1.12,  1.01,  0.00,  0.17,  283295395,  221153000,   62042000,  304473639, c++, elite, mult, 4
7401546.exe ,  5.43,  1.11,  1.00,  0.00,  0.16,  279574651,  219634000,   59900000,  301461546, c++, elite, mult, 4
7428092.exe ,  7.27,  1.49,  1.35,  0.00,  0.21,  376349227,  356271000,   20015000,  397325275, c++, elite, mult, 4
7428092.exe ,  7.36,  1.50,  1.36,  0.00,  0.22,  376719380,  350770000,   25909000,  397699569, c++, elite, mult, 4
7428092.exe ,  7.20,  1.47,  1.34,  0.00,  0.21,  371633962,  346605000,   24971000,  392418317, c++, elite, mult, 4
7428092.exe ,  7.27,  1.49,  1.35,  0.00,  0.22,  374573766,  355552000,   18976000,  395412657, c++, elite, mult, 4
7428092.exe ,  7.47,  1.49,  1.35,  0.00,  0.22,  375115601,  355071000,   20004000,  396091184, c++, elite, mult, 4
7428092.exe ,  7.28,  1.48,  1.34,  0.00,  0.21,  372974807,  341947000,   30995000,  394354480, c++, elite, mult, 4
7428092.exe ,  7.45,  1.52,  1.37,  0.00,  0.22,  381856101,  361631000,   20034000,  403042700, c++, elite, mult, 4
7428092.exe ,  7.23,  1.48,  1.34,  0.00,  0.21,  373248168,  347279000,   25946000,  394769352, c++, elite, mult, 4
7428092.exe ,  7.44,  1.50,  1.36,  0.00,  0.22,  377092282,  359922000,   16996000,  398100759, c++, elite, mult, 4
7428092.exe ,  7.32,  1.48,  1.34,  0.00,  0.22,  373629476,  358586000,   14982000,  394921062, c++, elite, mult, 4
7430934.exe ,  6.97,  1.42,  1.29,  0.00,  0.21,  358166399,  336115000,   22007000,  379537516, c++, elite, mult, 4
7430934.exe ,  7.02,  1.44,  1.31,  0.00,  0.21,  363197168,  345159000,   18008000,  384232589, c++, elite, mult, 4
7430934.exe ,  7.20,  1.43,  1.30,  0.00,  0.21,  361053828,  343948000,   16997000,  382452584, c++, elite, mult, 4
7430934.exe ,  7.20,  1.45,  1.31,  0.00,  0.21,  364518318,  339441000,   25032000,  386442378, c++, elite, mult, 4
7430934.exe ,  7.07,  1.45,  1.31,  0.00,  0.22,  364821751,  340584000,   23970000,  386731873, c++, elite, mult, 4
7430934.exe ,  6.82,  1.40,  1.27,  0.00,  0.21,  352453151,  324366000,   28031000,  373493396, c++, elite, mult, 4
7430934.exe ,  6.93,  1.42,  1.29,  0.00,  0.21,  357927187,  336903000,   20993000,  379577656, c++, elite, mult, 4
7430934.exe ,  7.22,  1.41,  1.28,  0.00,  0.21,  354962255,  332922000,   21994000,  376079969, c++, elite, mult, 4
7430934.exe ,  7.04,  1.40,  1.27,  0.00,  0.21,  353965109,  334889000,   18993000,  374922294, c++, elite, mult, 4
7430934.exe ,  7.14,  1.41,  1.28,  0.00,  0.21,  354284014,  334227000,   20013000,  375127903, c++, elite, mult, 4
7767425.exe ,  2.11,  0.42,  0.38,  0.00,  0.06,  105480106,   90541000,   14924000,  126092610, c++, elite, mult, 4
7767425.exe ,  2.08,  0.41,  0.38,  0.00,  0.06,  105207457,   97186000,    8015000,  126200845, c++, elite, mult, 4
7767425.exe ,  2.11,  0.42,  0.38,  0.00,  0.06,  106079641,   96937000,    9087000,  127187754, c++, elite, mult, 4
7767425.exe ,  2.10,  0.42,  0.38,  0.00,  0.06,  105953214,   95844000,   10088000,  127095823, c++, elite, mult, 4
7767425.exe ,  2.12,  0.42,  0.38,  0.00,  0.06,  106649680,   96684000,    9967000,  127734143, c++, elite, mult, 4
7767425.exe ,  2.09,  0.41,  0.38,  0.00,  0.06,  104886684,   90919000,   13987000,  126044871, c++, elite, mult, 4
7767425.exe ,  2.12,  0.42,  0.38,  0.00,  0.06,  106539592,   95480000,   11055000,  127463512, c++, elite, mult, 4
7767425.exe ,  2.10,  0.42,  0.38,  0.00,  0.06,  106028372,   97017000,    9001000,  127049897, c++, elite, mult, 4
7767425.exe ,  2.18,  0.42,  0.38,  0.00,  0.06,  107088447,   95977000,   10997000,  128239768, c++, elite, mult, 4
7767425.exe ,  2.13,  0.42,  0.38,  0.00,  0.06,  105823478,   89844000,   15972000,  126992117, c++, elite, mult, 4
7857290.exe ,  7.47,  1.53,  1.38,  0.00,  0.21,  384097223,  360047000,   24003000,  405396107, c++, elite, mult, 4
7857290.exe ,  7.55,  1.53,  1.39,  0.00,  0.21,  384961197,  366914000,   17995000,  406073716, c++, elite, mult, 4
7857290.exe ,  7.52,  1.54,  1.39,  0.00,  0.22,  386552472,  372394000,   14014000,  407903079, c++, elite, mult, 4
7857290.exe ,  7.60,  1.54,  1.40,  0.00,  0.22,  388179611,  367134000,   21007000,  409559746, c++, elite, mult, 4
7857290.exe ,  7.49,  1.53,  1.39,  0.00,  0.21,  386277487,  362216000,   24014000,  407397229, c++, elite, mult, 4
7857290.exe ,  7.71,  1.56,  1.41,  0.00,  0.22,  392151406,  371090000,   21005000,  413390491, c++, elite, mult, 4
7857290.exe ,  7.59,  1.55,  1.40,  0.00,  0.22,  389521574,  369504000,   19973000,  410487069, c++, elite, mult, 4
7857290.exe ,  7.64,  1.54,  1.40,  0.00,  0.22,  389142323,  370076000,   19003000,  410561078, c++, elite, mult, 4
7857290.exe ,  7.48,  1.52,  1.38,  0.00,  0.21,  383974550,  364927000,   18996000,  404874500, c++, elite, mult, 4
7857290.exe ,  7.58,  1.53,  1.39,  0.00,  0.22,  385185265,  356993000,   27999000,  406236821, c++, elite, mult, 4
7863279.exe ,  7.09,  1.44,  1.31,  0.00,  0.21,  362868590,  342776000,   20045000,  384022214, c++, elite, mult, 4
7863279.exe ,  7.19,  1.44,  1.31,  0.00,  0.21,  362803698,  342740000,   19984000,  383977016, c++, elite, mult, 4
7863279.exe ,  7.16,  1.44,  1.30,  0.00,  0.21,  361682618,  339599000,   22038000,  382453134, c++, elite, mult, 4
7863279.exe ,  7.19,  1.44,  1.31,  0.00,  0.21,  363862811,  341765000,   21984000,  385148440, c++, elite, mult, 4
7863279.exe ,  7.08,  1.43,  1.30,  0.00,  0.21,  360572830,  342540000,   17975000,  381537372, c++, elite, mult, 4
7863279.exe ,  7.17,  1.44,  1.31,  0.00,  0.21,  364543464,  346356000,   18018000,  385334337, c++, elite, mult, 4
7863279.exe ,  7.17,  1.47,  1.33,  0.00,  0.21,  369375925,  351289000,   18014000,  390419140, c++, elite, mult, 4
7863279.exe ,  7.13,  1.45,  1.32,  0.00,  0.21,  366220953,  349142000,   17006000,  387423610, c++, elite, mult, 4
7863279.exe ,  7.14,  1.44,  1.31,  0.00,  0.21,  364317345,  344220000,   20012000,  385631688, c++, elite, mult, 4
7863279.exe ,  7.13,  1.45,  1.32,  0.00,  0.21,  365791472,  348711000,   17034000,  386994589, c++, elite, mult, 4
7881296.exe ,  3.30,  0.66,  0.61,  0.00,  0.10,  168670721,  146698000,   21954000,  189921183, c++, elite, mult, 4
7881296.exe ,  3.32,  0.67,  0.61,  0.00,  0.10,  168340191,  149191000,   19024000,  189709602, c++, elite, mult, 4
7881296.exe ,  3.33,  0.68,  0.61,  0.00,  0.10,  169965868,  147895000,   21984000,  191524720, c++, elite, mult, 4
7881296.exe ,  3.40,  0.67,  0.61,  0.00,  0.10,  168374576,  148432000,   19923000,  189813694, c++, elite, mult, 4
7881296.exe ,  3.34,  0.67,  0.61,  0.00,  0.10,  168620770,  147536000,   21076000,  189786659, c++, elite, mult, 4
7881296.exe ,  3.36,  0.67,  0.61,  0.00,  0.10,  169070808,  148042000,   21005000,  190223003, c++, elite, mult, 4
7881296.exe ,  3.40,  0.69,  0.62,  0.00,  0.11,  172089602,  151061000,   21008000,  193650010, c++, elite, mult, 4
7881296.exe ,  3.40,  0.67,  0.61,  0.00,  0.10,  170141771,  148018000,   22002000,  191689028, c++, elite, mult, 4
7881296.exe ,  3.40,  0.67,  0.61,  0.00,  0.10,  169952759,  147096000,   22859000,  191120718, c++, elite, mult, 4
7881296.exe ,  3.33,  0.67,  0.61,  0.00,  0.10,  169094506,  148948000,   20128000,  190346529, c++, elite, mult, 4
7949890.exe ,  6.86,  1.39,  1.26,  0.00,  0.21,  350888040,  327845000,   22989000,  372594237, c++, elite, mult, 4
7949890.exe ,  6.90,  1.40,  1.27,  0.00,  0.21,  352256878,  328209000,   24015000,  373333893, c++, elite, mult, 4
7949890.exe ,  6.94,  1.39,  1.26,  0.00,  0.20,  351756136,  325596000,   26047000,  373103946, c++, elite, mult, 4
7949890.exe ,  6.86,  1.38,  1.25,  0.00,  0.20,  347487471,  319360000,   28031000,  368829977, c++, elite, mult, 4
7949890.exe ,  6.97,  1.38,  1.25,  0.00,  0.20,  348276199,  325227000,   23016000,  369564992, c++, elite, mult, 4
7949890.exe ,  6.86,  1.38,  1.25,  0.00,  0.20,  348499569,  325417000,   22958000,  369343519, c++, elite, mult, 4
7949890.exe ,  6.82,  1.39,  1.26,  0.00,  0.20,  351172784,  330090000,   21005000,  372289904, c++, elite, mult, 4
7949890.exe ,  6.87,  1.40,  1.27,  0.00,  0.20,  354356519,  332282000,   22018000,  375879164, c++, elite, mult, 4
7949890.exe ,  6.87,  1.40,  1.27,  0.00,  0.20,  352187909,  338157000,   14006000,  374157625, c++, elite, mult, 4
7949890.exe ,  6.81,  1.38,  1.26,  0.00,  0.20,  349261877,  325262000,   23945000,  370450036, c++, elite, mult, 4
7950184.exe ,  1.77,  0.35,  0.32,  0.00,  0.05,   89214457,   82174000,    7014000,  110570277, c++, elite, mult, 4
7950184.exe ,  1.80,  0.36,  0.33,  0.00,  0.05,   90785451,   85747000,    5043000,  112165965, c++, elite, mult, 4
7950184.exe ,  1.74,  0.35,  0.32,  0.00,  0.05,   88189149,   83181000,    5010000,  109380341, c++, elite, mult, 4
7950184.exe ,  1.77,  0.35,  0.32,  0.00,  0.05,   88307848,   81284000,    7024000,  109754225, c++, elite, mult, 4
7950184.exe ,  1.76,  0.35,  0.32,  0.00,  0.05,   88561158,   84483000,    4023000,  109251682, c++, elite, mult, 4
7950184.exe ,  1.78,  0.36,  0.32,  0.00,  0.05,   89858150,   83874000,    5991000,  111078097, c++, elite, mult, 4
7950184.exe ,  1.76,  0.35,  0.32,  0.00,  0.05,   88463489,   83458000,    5027000,  109998113, c++, elite, mult, 4
7950184.exe ,  1.71,  0.34,  0.31,  0.00,  0.05,   86731378,   79625000,    7055000,  108004892, c++, elite, mult, 4
7950184.exe ,  1.77,  0.35,  0.32,  0.00,  0.05,   88442862,   82491000,    5963000,  109196888, c++, elite, mult, 4
7950184.exe ,  1.74,  0.35,  0.31,  0.00,  0.05,   86767945,   78852000,    7885000,  107778400, c++, elite, mult, 4
7977536.exe ,  6.69,  1.35,  1.23,  0.00,  0.18,  341270225,  329176000,   12006000,  362594406, c++, elite, mult, 4
7977536.exe ,  6.59,  1.33,  1.20,  0.00,  0.18,  334387521,  324308000,   10009000,  355519859, c++, elite, mult, 4
7977536.exe ,  6.63,  1.34,  1.21,  0.00,  0.18,  337040553,  327004000,   10000000,  358237779, c++, elite, mult, 4
7977536.exe ,  6.61,  1.35,  1.22,  0.00,  0.18,  339281422,  327219000,   12008000,  360558879, c++, elite, mult, 4
7977536.exe ,  6.53,  1.33,  1.21,  0.00,  0.18,  336652194,  324650000,   11987000,  357725213, c++, elite, mult, 4
7977536.exe ,  6.52,  1.32,  1.20,  0.00,  0.18,  334245907,  324241000,   10007000,  354989209, c++, elite, mult, 4
7977536.exe ,  6.44,  1.31,  1.19,  0.00,  0.18,  329720619,  321678000,    7992000,  350714657, c++, elite, mult, 4
7977536.exe ,  6.56,  1.34,  1.22,  0.00,  0.18,  337452879,  327421000,    9982000,  358338075, c++, elite, mult, 4
7977536.exe ,  6.60,  1.34,  1.21,  0.00,  0.18,  336678483,  326492000,    9984000,  357631937, c++, elite, mult, 4
7977536.exe ,  6.58,  1.34,  1.21,  0.00,  0.18,  336998296,  325955000,   10998000,  357783434, c++, elite, mult, 4
7990027.exe ,  3.21,  0.64,  0.57,  0.00,  0.10,  160494496,  121609000,   38875000,  181340325, c++, elite, mult, 4
7990027.exe ,  3.18,  0.63,  0.57,  0.00,  0.10,  158649699,  128863000,   29737000,  179679358, c++, elite, mult, 4
7990027.exe ,  3.39,  0.65,  0.58,  0.00,  0.10,  162999638,  127984000,   34995000,  183892152, c++, elite, mult, 4
7990027.exe ,  3.17,  0.63,  0.57,  0.00,  0.10,  159547166,  127436000,   32109000,  180276922, c++, elite, mult, 4
7990027.exe ,  3.16,  0.63,  0.56,  0.00,  0.10,  157649053,  120725000,   36916000,  178565041, c++, elite, mult, 4
7990027.exe ,  3.14,  0.63,  0.57,  0.00,  0.10,  158035069,  126169000,   31790000,  178739463, c++, elite, mult, 4
7990027.exe ,  3.17,  0.63,  0.57,  0.00,  0.10,  159180898,  127299000,   31824000,  180050437, c++, elite, mult, 4
7990027.exe ,  3.26,  0.63,  0.57,  0.00,  0.10,  160393077,  132462000,   27886000,  181415075, c++, elite, mult, 4
7990027.exe ,  3.22,  0.64,  0.58,  0.00,  0.10,  161205636,  138161000,   23026000,  182484591, c++, elite, mult, 4
7990027.exe ,  3.22,  0.64,  0.58,  0.00,  0.10,  162274883,  131359000,   30849000,  183456320, c++, elite, mult, 4
8110126.exe ,  3.85,  0.76,  0.69,  0.00,  0.10,  191658720,  190656000,     998000,  211957782, c++, elite, mult, 4
8110126.exe ,  3.85,  0.75,  0.68,  0.00,  0.10,  189119843,  189122000,          0,  209500790, c++, elite, mult, 4
8110126.exe ,  3.87,  0.76,  0.69,  0.00,  0.10,  191469679,  189476000,    1994000,  211742309, c++, elite, mult, 4
8110126.exe ,  3.87,  0.76,  0.69,  0.00,  0.10,  191779740,  189721000,    2007000,  212094590, c++, elite, mult, 4
8110126.exe ,  3.92,  0.76,  0.69,  0.00,  0.10,  192741709,  191743000,    1003000,  213224670, c++, elite, mult, 4
8110126.exe ,  3.92,  0.77,  0.70,  0.00,  0.10,  194721255,  192701000,    2007000,  215318541, c++, elite, mult, 4
8110126.exe ,  3.95,  0.78,  0.71,  0.00,  0.10,  196531303,  194487000,    1994000,  217393907, c++, elite, mult, 4
8110126.exe ,  3.87,  0.76,  0.70,  0.00,  0.10,  193748424,  191600000,    2006000,  214422817, c++, elite, mult, 4
8110126.exe ,  3.86,  0.78,  0.71,  0.00,  0.10,  195420440,  193435000,    1994000,  216363734, c++, elite, mult, 4
8110126.exe ,  3.84,  0.77,  0.70,  0.00,  0.10,  193679855,  191638000,    1996000,  214116470, c++, elite, mult, 4
8230397.exe ,  1.99,  0.38,  0.35,  0.00,  0.05,   96949825,   91941000,    4996000,  117692680, c++, elite, mult, 4
8230397.exe ,  2.02,  0.39,  0.35,  0.00,  0.05,   97407953,   93398000,    4017000,  118510728, c++, elite, mult, 4
8230397.exe ,  2.00,  0.38,  0.35,  0.00,  0.05,   97103821,   91089000,    6005000,  117957238, c++, elite, mult, 4
8230397.exe ,  1.98,  0.39,  0.35,  0.00,  0.05,   97438044,   87391000,   10045000,  118249090, c++, elite, mult, 4
8230397.exe ,  1.95,  0.38,  0.35,  0.00,  0.05,   96667536,   88698000,    7972000,  117243019, c++, elite, mult, 4
8230397.exe ,  1.97,  0.38,  0.34,  0.00,  0.05,   95455860,   90368000,    5020000,  116087274, c++, elite, mult, 4
8230397.exe ,  1.96,  0.38,  0.35,  0.00,  0.05,   97036524,   87147000,    9903000,  117670530, c++, elite, mult, 4
8230397.exe ,  1.93,  0.38,  0.35,  0.00,  0.05,   97177350,   91165000,    6010000,  117962747, c++, elite, mult, 4
8230397.exe ,  1.92,  0.38,  0.35,  0.00,  0.05,   96073470,   90025000,    6001000,  116882462, c++, elite, mult, 4
8230397.exe ,  1.93,  0.38,  0.35,  0.00,  0.05,   95813890,   89748000,    5983000,  116442898, c++, elite, mult, 4
8266941.exe ,  2.29,  0.44,  0.40,  0.00,  0.07,  112550274,   98579000,   13940000,  133217850, c++, elite, mult, 4
8266941.exe ,  2.28,  0.45,  0.40,  0.00,  0.07,  112571453,   96596000,   15933000,  133205356, c++, elite, mult, 4
8266941.exe ,  2.22,  0.44,  0.40,  0.00,  0.07,  110632366,   90481000,   20106000,  131629975, c++, elite, mult, 4
8266941.exe ,  2.25,  0.44,  0.40,  0.00,  0.07,  111434717,   89350000,   22086000,  132439159, c++, elite, mult, 4
8266941.exe ,  2.26,  0.44,  0.40,  0.00,  0.07,  111829716,   94703000,   17127000,  133046789, c++, elite, mult, 4
8266941.exe ,  2.24,  0.44,  0.40,  0.00,  0.07,  111671856,   92563000,   19116000,  132410515, c++, elite, mult, 4
8266941.exe ,  2.25,  0.44,  0.40,  0.00,  0.07,  110973406,   95978000,   14996000,  131564274, c++, elite, mult, 4
8266941.exe ,  2.26,  0.44,  0.40,  0.00,  0.07,  111531777,   94597000,   16928000,  132306010, c++, elite, mult, 4
8266941.exe ,  2.24,  0.44,  0.40,  0.00,  0.07,  111180765,   94162000,   17029000,  132282723, c++, elite, mult, 4
8266941.exe ,  2.25,  0.44,  0.40,  0.00,  0.07,  112360530,   94418000,   17889000,  133663759, c++, elite, mult, 4
8288135.exe ,  6.09,  1.21,  1.10,  0.00,  0.17,  306158243,  288101000,   18006000,  327211797, c++, elite, mult, 4
8288135.exe ,  6.07,  1.21,  1.10,  0.00,  0.17,  304485381,  283422000,   21031000,  325522839, c++, elite, mult, 4
8288135.exe ,  6.06,  1.23,  1.12,  0.00,  0.17,  309859768,  293674000,   16036000,  331061524, c++, elite, mult, 4
8288135.exe ,  6.02,  1.22,  1.11,  0.00,  0.17,  307992904,  288945000,   18996000,  328878029, c++, elite, mult, 4
8288135.exe ,  5.97,  1.20,  1.09,  0.00,  0.17,  303963744,  282938000,   20995000,  325222500, c++, elite, mult, 4
8288135.exe ,  6.05,  1.19,  1.08,  0.00,  0.17,  301112640,  279071000,   22005000,  322108036, c++, elite, mult, 4
8288135.exe ,  5.93,  1.20,  1.09,  0.00,  0.17,  303075945,  285027000,   18001000,  324212811, c++, elite, mult, 4
8288135.exe ,  5.98,  1.21,  1.10,  0.00,  0.17,  305240025,  282268000,   22940000,  326223214, c++, elite, mult, 4
8288135.exe ,  5.95,  1.20,  1.09,  0.00,  0.17,  302446867,  279284000,   23023000,  323519034, c++, elite, mult, 4
8288135.exe ,  5.86,  1.19,  1.08,  0.00,  0.17,  299492484,  287460000,   12019000,  320542493, c++, elite, mult, 4
8329299.exe ,  6.50,  1.28,  1.16,  0.00,  0.18,  323537037,  303536000,   19969000,  344534802, c++, elite, mult, 4
8329299.exe ,  6.45,  1.29,  1.17,  0.00,  0.18,  324822605,  305732000,   19045000,  345608358, c++, elite, mult, 4
8329299.exe ,  6.30,  1.28,  1.16,  0.00,  0.18,  321719072,  301590000,   20039000,  342748186, c++, elite, mult, 4
8329299.exe ,  6.34,  1.29,  1.17,  0.00,  0.18,  323730386,  306718000,   16984000,  343450436, c++, elite, mult, 4
8329299.exe ,  6.30,  1.29,  1.17,  0.00,  0.18,  324639776,  311541000,   12980000,  345343150, c++, elite, mult, 4
8329299.exe ,  6.41,  1.29,  1.17,  0.00,  0.18,  325324127,  304191000,   20944000,  346748916, c++, elite, mult, 4
8329299.exe ,  6.30,  1.29,  1.17,  0.00,  0.18,  325207391,  306147000,   19009000,  346240989, c++, elite, mult, 4
8329299.exe ,  6.30,  1.29,  1.17,  0.00,  0.18,  325701782,  304691000,   20978000,  346743017, c++, elite, mult, 4
8329299.exe ,  6.41,  1.32,  1.19,  0.00,  0.18,  331448594,  313362000,   18020000,  352428453, c++, elite, mult, 4
8329299.exe ,  6.29,  1.29,  1.17,  0.00,  0.18,  323755147,  302741000,   20982000,  344932568, c++, elite, mult, 4
8351416.exe ,  3.08,  0.63,  0.57,  0.00,  0.08,  157523501,  155502000,    1993000,  179210923, c++, elite, mult, 4
8351416.exe ,  3.04,  0.62,  0.56,  0.00,  0.08,  155638166,  153660000,    1995000,  176546256, c++, elite, mult, 4
8351416.exe ,  3.04,  0.62,  0.56,  0.00,  0.08,  155813639,  152819000,    2996000,  176334265, c++, elite, mult, 4
8351416.exe ,  3.02,  0.61,  0.56,  0.00,  0.08,  155469469,  154458000,    1002000,  176078787, c++, elite, mult, 4
8351416.exe ,  3.04,  0.62,  0.56,  0.00,  0.08,  155921248,  154921000,     999000,  176876813, c++, elite, mult, 4
8351416.exe ,  3.08,  0.62,  0.57,  0.00,  0.08,  157340985,  155347000,    2004000,  178259834, c++, elite, mult, 4
8351416.exe ,  3.10,  0.62,  0.57,  0.00,  0.08,  157399434,  155387000,    2005000,  178225969, c++, elite, mult, 4
8351416.exe ,  3.11,  0.62,  0.56,  0.00,  0.08,  156403528,  154380000,    1992000,  177009469, c++, elite, mult, 4
8351416.exe ,  3.04,  0.62,  0.56,  0.00,  0.08,  155925883,  154921000,     999000,  176620379, c++, elite, mult, 4
8351416.exe ,  3.02,  0.61,  0.56,  0.00,  0.08,  154579119,  154584000,          0,  175344806, c++, elite, mult, 4
8385649.exe ,  5.58,  1.12,  1.02,  0.00,  0.14,  282138583,  279091000,    2990000,  301039467, c++, elite, mult, 4
8385649.exe ,  5.54,  1.11,  1.01,  0.00,  0.14,  279661155,  274651000,    4993000,  300632949, c++, elite, mult, 4
8385649.exe ,  5.53,  1.10,  1.00,  0.00,  0.14,  278321449,  275325000,    2992000,  299004184, c++, elite, mult, 4
8385649.exe ,  5.41,  1.10,  1.01,  0.00,  0.14,  278410298,  275390000,    3004000,  299495926, c++, elite, mult, 4
8385649.exe ,  5.37,  1.10,  1.01,  0.00,  0.14,  278554393,  277532000,    1001000,  299307122, c++, elite, mult, 4
8385649.exe ,  5.45,  1.12,  1.02,  0.00,  0.14,  281184912,  276156000,    5002000,  301978863, c++, elite, mult, 4
8385649.exe ,  5.51,  1.13,  1.03,  0.00,  0.15,  284421078,  281396000,    3004000,  305383211, c++, elite, mult, 4
8385649.exe ,  5.64,  1.13,  1.02,  0.00,  0.14,  283620650,  281597000,    2004000,  304341137, c++, elite, mult, 4
8385649.exe ,  5.57,  1.12,  1.02,  0.00,  0.14,  281622557,  279546000,    1996000,  302445346, c++, elite, mult, 4
8385649.exe ,  5.41,  1.11,  1.01,  0.00,  0.14,  280157676,  277140000,    3001000,  300955450, c++, elite, mult, 4
8465470.exe ,  6.82,  1.39,  1.26,  0.00,  0.20,  350601288,  329523000,   21033000,  371654594, c++, elite, mult, 4
8465470.exe ,  6.79,  1.38,  1.25,  0.00,  0.20,  348793112,  327761000,   20984000,  369890977, c++, elite, mult, 4
8465470.exe ,  6.79,  1.38,  1.25,  0.00,  0.20,  346298022,  326187000,   20011000,  367417968, c++, elite, mult, 4
8465470.exe ,  6.76,  1.38,  1.25,  0.00,  0.20,  347659349,  327637000,   19977000,  368216555, c++, elite, mult, 4
8465470.exe ,  6.78,  1.38,  1.25,  0.00,  0.20,  348740003,  325723000,   22980000,  369546434, c++, elite, mult, 4
8465470.exe ,  6.78,  1.38,  1.25,  0.00,  0.20,  348101931,  329033000,   19001000,  368956137, c++, elite, mult, 4
8465470.exe ,  6.81,  1.38,  1.25,  0.00,  0.20,  347392308,  327391000,   19962000,  368426531, c++, elite, mult, 4
8465470.exe ,  6.78,  1.38,  1.25,  0.00,  0.20,  347801829,  329699000,   17983000,  368161339, c++, elite, mult, 4
8465470.exe ,  6.72,  1.36,  1.24,  0.00,  0.20,  344291150,  318225000,   26018000,  365252746, c++, elite, mult, 4
8465470.exe ,  6.76,  1.38,  1.25,  0.00,  0.20,  347984157,  327019000,   20937000,  368962397, c++, elite, mult, 4
8485009.exe ,  5.94,  1.22,  1.11,  0.00,  0.16,  307477966,  299452000,    7985000,  328099456, c++, elite, mult, 4
8485009.exe ,  6.03,  1.22,  1.11,  0.00,  0.16,  307870418,  297852000,    9995000,  328678079, c++, elite, mult, 4
8485009.exe ,  5.91,  1.21,  1.10,  0.00,  0.16,  303747770,  290611000,   12982000,  324096379, c++, elite, mult, 4
8485009.exe ,  5.85,  1.20,  1.09,  0.00,  0.16,  301742587,  287781000,   13940000,  322646066, c++, elite, mult, 4
8485009.exe ,  5.84,  1.19,  1.09,  0.00,  0.16,  301536952,  293501000,    8013000,  322259794, c++, elite, mult, 4
8485009.exe ,  5.87,  1.20,  1.09,  0.00,  0.16,  302308437,  293278000,    9008000,  322718678, c++, elite, mult, 4
8485009.exe ,  5.87,  1.19,  1.08,  0.00,  0.16,  298966028,  286842000,   11993000,  319176240, c++, elite, mult, 4
8485009.exe ,  5.97,  1.20,  1.09,  0.00,  0.16,  303402197,  296349000,    7008000,  323736709, c++, elite, mult, 4
8485009.exe ,  5.98,  1.19,  1.08,  0.00,  0.16,  300544800,  294452000,    5988000,  320835905, c++, elite, mult, 4
8485009.exe ,  5.95,  1.19,  1.08,  0.00,  0.16,  299763466,  289715000,   10024000,  319730945, c++, elite, mult, 4
8531958.exe ,  2.42,  0.49,  0.44,  0.00,  0.08,  122924365,  103931000,   18987000,  144270778, c++, elite, mult, 4
8531958.exe ,  2.45,  0.49,  0.44,  0.00,  0.08,  123154468,  106131000,   17021000,  144053470, c++, elite, mult, 4
8531958.exe ,  2.44,  0.49,  0.44,  0.00,  0.07,  123619707,  103673000,   19937000,  144293443, c++, elite, mult, 4
8531958.exe ,  2.43,  0.49,  0.44,  0.00,  0.08,  122968600,  109972000,   12996000,  143837984, c++, elite, mult, 4
8531958.exe ,  2.40,  0.48,  0.44,  0.00,  0.07,  122172210,  100140000,   22030000,  143191211, c++, elite, mult, 4
8531958.exe ,  2.43,  0.49,  0.44,  0.00,  0.08,  122644717,  103698000,   18944000,  143233439, c++, elite, mult, 4
8531958.exe ,  2.37,  0.47,  0.43,  0.00,  0.07,  118619738,   97464000,   21100000,  138579419, c++, elite, mult, 4
8531958.exe ,  2.39,  0.48,  0.43,  0.00,  0.07,  119554448,  102454000,   17075000,  140188844, c++, elite, mult, 4
8531958.exe ,  2.40,  0.48,  0.43,  0.00,  0.07,  121003553,  100974000,   19994000,  141718878, c++, elite, mult, 4
8531958.exe ,  2.37,  0.48,  0.43,  0.00,  0.07,  120268362,  104222000,   16034000,  140891986, c++, elite, mult, 4
8738440.exe ,  5.97,  1.21,  1.09,  0.00,  0.18,  304419166,  284420000,   19959000,  325539052, c++, elite, mult, 4
8738440.exe ,  6.06,  1.23,  1.11,  0.00,  0.18,  308471616,  284363000,   24030000,  329904631, c++, elite, mult, 4
8738440.exe ,  5.96,  1.22,  1.11,  0.00,  0.18,  308604901,  287628000,   20900000,  330622845, c++, elite, mult, 4
8738440.exe ,  5.86,  1.20,  1.08,  0.00,  0.18,  301466207,  283470000,   17966000,  322401268, c++, elite, mult, 4
8738440.exe ,  5.83,  1.19,  1.07,  0.00,  0.18,  298654756,  280590000,   18037000,  319766576, c++, elite, mult, 4
8738440.exe ,  5.82,  1.18,  1.07,  0.00,  0.18,  297060342,  279018000,   18001000,  318136915, c++, elite, mult, 4
8738440.exe ,  5.88,  1.20,  1.09,  0.00,  0.18,  302074421,  286105000,   15950000,  322530664, c++, elite, mult, 4
8738440.exe ,  5.98,  1.20,  1.09,  0.00,  0.18,  302566198,  280553000,   21965000,  323379630, c++, elite, mult, 4
8738440.exe ,  5.98,  1.20,  1.08,  0.00,  0.18,  301882289,  283859000,   17991000,  322719280, c++, elite, mult, 4
8738440.exe ,  5.86,  1.18,  1.07,  0.00,  0.18,  298597294,  276596000,   21967000,  319569869, c++, elite, mult, 4
