file,psys,pkg,cores,gpu,ram,duration_time,user_time,system_time,perf_time,lang,machine,cores,power_limit
1141757.exe ,  1.86,  0.35,  0.31,  0.00,  0.05,   88462828,   80074000,    8007000,  118200572, c++, elite, sing, 4
1141757.exe ,  1.71,  0.34,  0.30,  0.00,  0.04,   84691902,   82677000,    1992000,  104605723, c++, elite, sing, 4
1141757.exe ,  1.70,  0.34,  0.30,  0.00,  0.04,   84704942,   80698000,    3985000,  105160074, c++, elite, sing, 4
1141757.exe ,  1.70,  0.33,  0.31,  0.00,  0.04,   85046253,   78047000,    7004000,  105242005, c++, elite, sing, 4
1141757.exe ,  1.74,  0.34,  0.31,  0.00,  0.05,   86410898,   83385000,    2978000,  106649068, c++, elite, sing, 4
1141757.exe ,  1.70,  0.34,  0.31,  0.00,  0.05,   85558440,   83503000,    2012000,  106027489, c++, elite, sing, 4
1141757.exe ,  1.82,  0.34,  0.31,  0.00,  0.04,   85065189,   81008000,    4000000,  105078258, c++, elite, sing, 4
1141757.exe ,  1.68,  0.33,  0.31,  0.00,  0.04,   84897924,   83916000,    1011000,  104980148, c++, elite, sing, 4
1141757.exe ,  1.70,  0.34,  0.31,  0.00,  0.05,   84563518,   82585000,    1990000,  105073250, c++, elite, sing, 4
1141757.exe ,  1.71,  0.34,  0.31,  0.00,  0.05,   85184519,   84194000,    1002000,  105411039, c++, elite, sing, 4
1194834.exe ,  3.95,  0.75,  0.68,  0.00,  0.13,  189528914,  180360000,    9018000,  210150778, c++, elite, sing, 4
1194834.exe ,  3.81,  0.75,  0.69,  0.00,  0.13,  190771241,  178689000,   12046000,  210859623, c++, elite, sing, 4
1194834.exe ,  3.85,  0.74,  0.68,  0.00,  0.13,  187901441,  174820000,   13061000,  207945772, c++, elite, sing, 4
1194834.exe ,  3.78,  0.75,  0.68,  0.00,  0.13,  188342342,  175308000,   13022000,  208308408, c++, elite, sing, 4
1194834.exe ,  3.87,  0.76,  0.69,  0.00,  0.13,  192830137,  178818000,   13985000,  213033219, c++, elite, sing, 4
1194834.exe ,  3.78,  0.75,  0.68,  0.00,  0.13,  189113825,  180153000,    8957000,  209267395, c++, elite, sing, 4
1194834.exe ,  3.80,  0.75,  0.68,  0.00,  0.13,  189180755,  178115000,   11007000,  208714922, c++, elite, sing, 4
1194834.exe ,  3.88,  0.75,  0.68,  0.00,  0.13,  188627950,  174560000,   14045000,  208194225, c++, elite, sing, 4
1194834.exe ,  4.05,  0.79,  0.71,  0.00,  0.13,  198760464,  190725000,    8030000,  219056341, c++, elite, sing, 4
1194834.exe ,  3.90,  0.74,  0.68,  0.00,  0.13,  188441843,  178388000,   10021000,  208132810, c++, elite, sing, 4
1334614.exe ,  1.74,  0.34,  0.31,  0.00,  0.05,   86513462,   81549000,    4972000,  106639766, c++, elite, sing, 4
1334614.exe ,  1.85,  0.34,  0.32,  0.00,  0.05,   87368219,   85353000,    2008000,  107416076, c++, elite, sing, 4
1334614.exe ,  1.76,  0.34,  0.31,  0.00,  0.05,   87289396,   83342000,    3968000,  107262316, c++, elite, sing, 4
1334614.exe ,  1.73,  0.34,  0.31,  0.00,  0.05,   86981585,   83950000,    3034000,  107164361, c++, elite, sing, 4
1334614.exe ,  1.79,  0.35,  0.32,  0.00,  0.05,   87767950,   86769000,    1008000,  107544940, c++, elite, sing, 4
1334614.exe ,  1.76,  0.34,  0.31,  0.00,  0.05,   87086071,   83090000,    4004000,  107658211, c++, elite, sing, 4
1334614.exe ,  1.74,  0.34,  0.31,  0.00,  0.05,   87321377,   82302000,    4957000,  107220002, c++, elite, sing, 4
1334614.exe ,  1.83,  0.35,  0.32,  0.00,  0.05,   88549376,   85537000,    3018000,  108316878, c++, elite, sing, 4
1334614.exe ,  1.87,  0.35,  0.31,  0.00,  0.05,   86805870,   85767000,     997000,  106694870, c++, elite, sing, 4
1334614.exe ,  1.77,  0.35,  0.31,  0.00,  0.05,   87446722,   82428000,    5026000,  107487415, c++, elite, sing, 4
1369810.exe ,  1.79,  0.36,  0.32,  0.00,  0.05,   90044589,   84041000,    6002000,  110197541, c++, elite, sing, 4
1369810.exe ,  1.78,  0.35,  0.32,  0.00,  0.05,   89258005,   84237000,    5014000,  109761670, c++, elite, sing, 4
1369810.exe ,  2.10,  0.37,  0.34,  0.00,  0.05,   95093806,   89125000,    6008000,  115714721, c++, elite, sing, 4
1369810.exe ,  1.80,  0.36,  0.32,  0.00,  0.05,   89474134,   83431000,    6031000,  109441969, c++, elite, sing, 4
1369810.exe ,  1.78,  0.35,  0.32,  0.00,  0.05,   88685061,   80623000,    8062000,  108513006, c++, elite, sing, 4
1369810.exe ,  1.80,  0.36,  0.32,  0.00,  0.05,   89235556,   83098000,    6007000,  109369648, c++, elite, sing, 4
1369810.exe ,  1.87,  0.35,  0.32,  0.00,  0.05,   89652961,   84518000,    5030000,  109828439, c++, elite, sing, 4
1369810.exe ,  1.80,  0.36,  0.32,  0.00,  0.05,   90162199,   82135000,    8013000,  110181562, c++, elite, sing, 4
1369810.exe ,  1.80,  0.35,  0.32,  0.00,  0.05,   89924528,   81933000,    7993000,  109957229, c++, elite, sing, 4
1369810.exe ,  1.86,  0.35,  0.32,  0.00,  0.05,   89326057,   81295000,    8029000,  109494878, c++, elite, sing, 4
1376527.exe ,  1.83,  0.34,  0.31,  0.00,  0.05,   86078805,   81072000,    5004000,  105741093, c++, elite, sing, 4
1376527.exe ,  1.76,  0.34,  0.31,  0.00,  0.05,   86286671,   82327000,    3967000,  106563183, c++, elite, sing, 4
1376527.exe ,  1.72,  0.34,  0.31,  0.00,  0.04,   86014265,   80935000,    4995000,  106092934, c++, elite, sing, 4
1376527.exe ,  1.75,  0.34,  0.31,  0.00,  0.05,   86274635,   85276000,    1003000,  106518132, c++, elite, sing, 4
1376527.exe ,  1.78,  0.34,  0.31,  0.00,  0.05,   85563424,   80584000,    4974000,  105530279, c++, elite, sing, 4
1376527.exe ,  1.72,  0.34,  0.31,  0.00,  0.05,   86294779,   79256000,    6934000,  106390353, c++, elite, sing, 4
1376527.exe ,  1.72,  0.34,  0.31,  0.00,  0.04,   86565212,   80602000,    5970000,  106421840, c++, elite, sing, 4
1376527.exe ,  1.77,  0.34,  0.31,  0.00,  0.04,   87335331,   82396000,    4963000,  107944758, c++, elite, sing, 4
1376527.exe ,  1.72,  0.34,  0.31,  0.00,  0.04,   85983974,   80996000,    4999000,  106362123, c++, elite, sing, 4
1376527.exe ,  1.76,  0.35,  0.32,  0.00,  0.05,   87701968,   82774000,    4927000,  108017119, c++, elite, sing, 4
1394267.exe ,  0.79,  0.13,  0.12,  0.00,  0.02,   36216425,   33216000,    3019000,   57026476, c++, elite, sing, 4
1394267.exe ,  0.68,  0.13,  0.12,  0.00,  0.02,   33505799,   29579000,    3943000,   53819823, c++, elite, sing, 4
1394267.exe ,  0.71,  0.13,  0.12,  0.00,  0.02,   33406510,   30487000,    2950000,   53906532, c++, elite, sing, 4
1394267.exe ,  0.74,  0.14,  0.12,  0.00,  0.02,   35323336,   32317000,    3029000,   55451763, c++, elite, sing, 4
1394267.exe ,  0.69,  0.13,  0.12,  0.00,  0.02,   33588164,   29658000,    3954000,   53675696, c++, elite, sing, 4
1394267.exe ,  0.70,  0.13,  0.12,  0.00,  0.02,   33845140,   30875000,    2987000,   54135115, c++, elite, sing, 4
1394267.exe ,  0.70,  0.13,  0.12,  0.00,  0.02,   33037607,   28051000,    5009000,   52893800, c++, elite, sing, 4
1394267.exe ,  0.71,  0.13,  0.12,  0.00,  0.02,   33923454,   29808000,    4111000,   54024111, c++, elite, sing, 4
1394267.exe ,  0.68,  0.13,  0.12,  0.00,  0.02,   33447297,   32405000,    1012000,   53394990, c++, elite, sing, 4
1394267.exe ,  0.68,  0.13,  0.12,  0.00,  0.02,   33291941,   31285000,    2018000,   53489290, c++, elite, sing, 4
1578565.exe ,  1.77,  0.35,  0.32,  0.00,  0.05,   88188664,   83242000,    4954000,  108093743, c++, elite, sing, 4
1578565.exe ,  1.80,  0.35,  0.32,  0.00,  0.05,   88490270,   82519000,    5965000,  108534348, c++, elite, sing, 4
1578565.exe ,  1.78,  0.35,  0.32,  0.00,  0.05,   88507636,   84519000,    4024000,  108464280, c++, elite, sing, 4
1578565.exe ,  1.77,  0.35,  0.32,  0.00,  0.05,   88143375,   83198000,    4952000,  107977743, c++, elite, sing, 4
1578565.exe ,  1.78,  0.35,  0.32,  0.00,  0.05,   89103348,   84098000,    5005000,  109121234, c++, elite, sing, 4
1578565.exe ,  1.94,  0.36,  0.33,  0.00,  0.05,   90939762,   87916000,    2997000,  111237669, c++, elite, sing, 4
1578565.exe ,  1.80,  0.35,  0.32,  0.00,  0.05,   87688674,   84697000,    2989000,  107582118, c++, elite, sing, 4
1578565.exe ,  1.78,  0.35,  0.32,  0.00,  0.05,   88524284,   85457000,    3016000,  107722082, c++, elite, sing, 4
1578565.exe ,  1.77,  0.35,  0.32,  0.00,  0.05,   87771559,   83726000,    3986000,  107994555, c++, elite, sing, 4
1578565.exe ,  1.79,  0.35,  0.32,  0.00,  0.05,   88860094,   85868000,    2995000,  109329793, c++, elite, sing, 4
1702636.exe ,  1.77,  0.35,  0.32,  0.00,  0.05,   88729481,   79650000,    9074000,  108522909, c++, elite, sing, 4
1702636.exe ,  1.76,  0.35,  0.32,  0.00,  0.05,   88448213,   81395000,    7034000,  108561806, c++, elite, sing, 4
1702636.exe ,  1.78,  0.35,  0.32,  0.00,  0.05,   89060976,   84132000,    4948000,  109039790, c++, elite, sing, 4
1702636.exe ,  1.98,  0.36,  0.32,  0.00,  0.05,   89996935,   81003000,    9000000,  110209245, c++, elite, sing, 4
1702636.exe ,  1.77,  0.35,  0.32,  0.00,  0.05,   88825459,   83770000,    5046000,  109163078, c++, elite, sing, 4
1702636.exe ,  1.80,  0.36,  0.32,  0.00,  0.05,   89364549,   83335000,    6024000,  109377567, c++, elite, sing, 4
1702636.exe ,  1.78,  0.35,  0.32,  0.00,  0.05,   88414309,   82314000,    6022000,  108617686, c++, elite, sing, 4
1702636.exe ,  1.84,  0.35,  0.32,  0.00,  0.05,   88583382,   83552000,    5033000,  108305089, c++, elite, sing, 4
1702636.exe ,  1.79,  0.35,  0.32,  0.00,  0.05,   88746362,   81617000,    7053000,  108844050, c++, elite, sing, 4
1702636.exe ,  1.77,  0.35,  0.32,  0.00,  0.05,   88587176,   82549000,    6040000,  109005010, c++, elite, sing, 4
1828655.exe ,  4.74,  0.94,  0.85,  0.00,  0.12,  236533146,  235399000,     997000,  256710592, c++, elite, sing, 4
1828655.exe ,  4.64,  0.94,  0.85,  0.00,  0.12,  236684196,  231568000,    4990000,  256749372, c++, elite, sing, 4
1828655.exe ,  4.80,  0.93,  0.85,  0.00,  0.12,  235198486,  229163000,    5978000,  255271776, c++, elite, sing, 4
1828655.exe ,  4.70,  0.94,  0.86,  0.00,  0.12,  237685002,  233643000,    3993000,  257724567, c++, elite, sing, 4
1828655.exe ,  4.75,  0.94,  0.85,  0.00,  0.12,  236155917,  234090000,    2000000,  256223142, c++, elite, sing, 4
1828655.exe ,  4.61,  0.93,  0.85,  0.00,  0.12,  235432294,  231404000,    4006000,  255193436, c++, elite, sing, 4
1828655.exe ,  4.87,  0.95,  0.86,  0.00,  0.12,  239689453,  237650000,    2005000,  259747222, c++, elite, sing, 4
1828655.exe ,  4.79,  0.96,  0.88,  0.00,  0.13,  243967907,  240931000,    3011000,  263889003, c++, elite, sing, 4
1828655.exe ,  4.73,  0.93,  0.85,  0.00,  0.12,  235914083,  231905000,    3998000,  256030592, c++, elite, sing, 4
1828655.exe ,  4.76,  0.95,  0.87,  0.00,  0.12,  240658992,  236643000,    3993000,  260902761, c++, elite, sing, 4
1993016.exe ,  1.98,  0.38,  0.35,  0.00,  0.05,   95978007,   88902000,    7071000,  116176221, c++, elite, sing, 4
1993016.exe ,  1.94,  0.38,  0.35,  0.00,  0.05,   95949059,   86949000,    8994000,  116393212, c++, elite, sing, 4
1993016.exe ,  1.98,  0.39,  0.36,  0.00,  0.05,   98334089,   94209000,    4008000,  119007588, c++, elite, sing, 4
1993016.exe ,  2.12,  0.39,  0.36,  0.00,  0.06,   98679316,   92676000,    5979000,  119532479, c++, elite, sing, 4
1993016.exe ,  1.96,  0.38,  0.35,  0.00,  0.05,   97138121,   89083000,    8007000,  117473709, c++, elite, sing, 4
1993016.exe ,  1.90,  0.38,  0.35,  0.00,  0.05,   95738090,   88696000,    6976000,  116327678, c++, elite, sing, 4
1993016.exe ,  1.96,  0.38,  0.35,  0.00,  0.05,   96104083,   90080000,    6005000,  116514052, c++, elite, sing, 4
1993016.exe ,  1.95,  0.38,  0.35,  0.00,  0.05,   96198591,   90171000,    6011000,  116505656, c++, elite, sing, 4
1993016.exe ,  2.05,  0.39,  0.36,  0.00,  0.06,   99735757,   92479000,    7036000,  120081493, c++, elite, sing, 4
1993016.exe ,  2.02,  0.38,  0.35,  0.00,  0.06,   96319235,   87377000,    8936000,  116443936, c++, elite, sing, 4
200463.exe  ,  4.90,  0.96,  0.88,  0.00,  0.13,  243308436,  241135000,    2001000,  263199842, c++, elite, sing, 4
200463.exe  ,  4.80,  0.97,  0.89,  0.00,  0.13,  245110136,  241064000,    4001000,  265164855, c++, elite, sing, 4
200463.exe  ,  5.02,  0.97,  0.88,  0.00,  0.13,  243641871,  241609000,    2005000,  264068155, c++, elite, sing, 4
200463.exe  ,  4.82,  0.97,  0.88,  0.00,  0.13,  244409616,  239390000,    5008000,  264533528, c++, elite, sing, 4
200463.exe  ,  4.97,  0.98,  0.89,  0.00,  0.13,  246392749,  240385000,    5984000,  266884706, c++, elite, sing, 4
200463.exe  ,  4.92,  0.96,  0.88,  0.00,  0.13,  242854002,  238823000,    4013000,  263272834, c++, elite, sing, 4
200463.exe  ,  4.90,  0.98,  0.89,  0.00,  0.13,  246996228,  243986000,    2999000,  267354072, c++, elite, sing, 4
200463.exe  ,  4.89,  0.96,  0.88,  0.00,  0.13,  242998551,  239819000,    2997000,  263204285, c++, elite, sing, 4
200463.exe  ,  4.83,  0.97,  0.88,  0.00,  0.13,  243626157,  241476000,    2003000,  264196309, c++, elite, sing, 4
200463.exe  ,  4.98,  0.98,  0.90,  0.00,  0.13,  248345585,  245314000,    3003000,  268506892, c++, elite, sing, 4
215691.exe  ,  2.02,  0.38,  0.35,  0.00,  0.05,   95472157,   93470000,    2010000,  116385449, c++, elite, sing, 4
215691.exe  ,  1.90,  0.38,  0.34,  0.00,  0.05,   95012163,   91017000,    4000000,  115180762, c++, elite, sing, 4
215691.exe  ,  1.92,  0.38,  0.34,  0.00,  0.05,   95480297,   90520000,    4973000,  115786860, c++, elite, sing, 4
215691.exe  ,  2.01,  0.38,  0.34,  0.00,  0.05,   95125592,   94130000,    1001000,  115721792, c++, elite, sing, 4
215691.exe  ,  1.91,  0.38,  0.34,  0.00,  0.05,   95151748,   92148000,    3004000,  115657568, c++, elite, sing, 4
215691.exe  ,  1.90,  0.38,  0.34,  0.00,  0.05,   95507910,   92488000,    2983000,  115951932, c++, elite, sing, 4
215691.exe  ,  1.90,  0.38,  0.35,  0.00,  0.05,   95572994,   91601000,    3982000,  116360237, c++, elite, sing, 4
215691.exe  ,  1.95,  0.38,  0.34,  0.00,  0.05,   95229618,   93205000,    1983000,  115521718, c++, elite, sing, 4
215691.exe  ,  1.92,  0.38,  0.34,  0.00,  0.05,   95397873,   91430000,    3975000,  115679089, c++, elite, sing, 4
215691.exe  ,  1.92,  0.38,  0.34,  0.00,  0.05,   95469840,   91455000,    4020000,  117001607, c++, elite, sing, 4
2182933.exe ,  1.82,  0.36,  0.33,  0.00,  0.05,   91280024,   87300000,    4013000,  110957330, c++, elite, sing, 4
2182933.exe ,  1.80,  0.35,  0.32,  0.00,  0.05,   90066616,   86071000,    4003000,  110487469, c++, elite, sing, 4
2182933.exe ,  1.80,  0.36,  0.33,  0.00,  0.05,   90973175,   87027000,    3955000,  111357455, c++, elite, sing, 4
2182933.exe ,  1.93,  0.36,  0.33,  0.00,  0.05,   91309221,   87348000,    3970000,  111826330, c++, elite, sing, 4
2182933.exe ,  1.81,  0.36,  0.32,  0.00,  0.05,   89947170,   85777000,    4036000,  110110422, c++, elite, sing, 4
2182933.exe ,  1.83,  0.36,  0.33,  0.00,  0.05,   91344485,   87340000,    4015000,  112026249, c++, elite, sing, 4
2182933.exe ,  1.91,  0.36,  0.33,  0.00,  0.05,   90858169,   87772000,    3026000,  111230303, c++, elite, sing, 4
2182933.exe ,  1.82,  0.36,  0.32,  0.00,  0.05,   89997368,   84006000,    6000000,  110083297, c++, elite, sing, 4
2182933.exe ,  1.77,  0.35,  0.32,  0.00,  0.05,   88410273,   80318000,    7932000,  108878232, c++, elite, sing, 4
2182933.exe ,  1.85,  0.35,  0.32,  0.00,  0.05,   89668922,   83700000,    5978000,  109708679, c++, elite, sing, 4
2283561.exe ,  1.87,  0.37,  0.34,  0.00,  0.05,   93450803,   85409000,    8038000,  114201266, c++, elite, sing, 4
2283561.exe ,  1.95,  0.38,  0.34,  0.00,  0.05,   95173428,   88155000,    7012000,  115189617, c++, elite, sing, 4
2283561.exe ,  2.09,  0.39,  0.35,  0.00,  0.05,   97993462,   91978000,    5998000,  118667694, c++, elite, sing, 4
2283561.exe ,  1.89,  0.37,  0.34,  0.00,  0.05,   94198425,   83178000,   11023000,  114748401, c++, elite, sing, 4
2283561.exe ,  1.86,  0.37,  0.34,  0.00,  0.05,   93494216,   84534000,    8950000,  113575472, c++, elite, sing, 4
2283561.exe ,  1.95,  0.38,  0.34,  0.00,  0.05,   94682456,   86705000,    7972000,  115447088, c++, elite, sing, 4
2283561.exe ,  1.88,  0.37,  0.34,  0.00,  0.05,   93995445,   82985000,   10998000,  114541123, c++, elite, sing, 4
2283561.exe ,  1.86,  0.36,  0.33,  0.00,  0.05,   92590479,   84466000,    8044000,  112654542, c++, elite, sing, 4
2283561.exe ,  1.93,  0.37,  0.34,  0.00,  0.05,   93892867,   83895000,    9987000,  113825008, c++, elite, sing, 4
2283561.exe ,  1.94,  0.37,  0.34,  0.00,  0.05,   93324255,   87372000,    5957000,  113589811, c++, elite, sing, 4
2317321.exe ,  1.72,  0.33,  0.30,  0.00,  0.04,   84673431,   82680000,    1992000,  103908860, c++, elite, sing, 4
2317321.exe ,  1.71,  0.34,  0.30,  0.00,  0.05,   84733947,   80717000,    4035000,  104414689, c++, elite, sing, 4
2317321.exe ,  1.70,  0.33,  0.30,  0.00,  0.04,   84622880,   81615000,    3022000,  104463214, c++, elite, sing, 4
2317321.exe ,  1.73,  0.34,  0.31,  0.00,  0.04,   85205381,   83157000,    2003000,  105391413, c++, elite, sing, 4
2317321.exe ,  1.70,  0.33,  0.30,  0.00,  0.04,   84618341,   82621000,    2015000,  105289996, c++, elite, sing, 4
2317321.exe ,  1.73,  0.33,  0.30,  0.00,  0.05,   84719422,   81749000,    2990000,  105080827, c++, elite, sing, 4
2317321.exe ,  1.70,  0.33,  0.30,  0.00,  0.05,   84752753,   82640000,    2015000,  104785937, c++, elite, sing, 4
2317321.exe ,  1.82,  0.34,  0.30,  0.00,  0.04,   84847889,   80830000,    3991000,  104561420, c++, elite, sing, 4
2317321.exe ,  1.68,  0.33,  0.30,  0.00,  0.04,   84741672,   81759000,    2991000,  105062655, c++, elite, sing, 4
2317321.exe ,  1.72,  0.34,  0.31,  0.00,  0.05,   86070111,   84073000,    2001000,  106008095, c++, elite, sing, 4
2473888.exe ,  5.00,  1.00,  0.91,  0.00,  0.13,  251578242,  244391000,    7011000,  271570586, c++, elite, sing, 4
2473888.exe ,  4.94,  0.99,  0.91,  0.00,  0.13,  251241649,  247212000,    3987000,  271424012, c++, elite, sing, 4
2473888.exe ,  5.02,  1.00,  0.91,  0.00,  0.13,  251234965,  245232000,    5981000,  271748406, c++, elite, sing, 4
2473888.exe ,  5.05,  1.02,  0.93,  0.00,  0.13,  257352488,  252211000,    5004000,  277425679, c++, elite, sing, 4
2473888.exe ,  5.07,  1.00,  0.91,  0.00,  0.13,  252339549,  250313000,    2002000,  272430534, c++, elite, sing, 4
2473888.exe ,  4.89,  0.99,  0.90,  0.00,  0.13,  249884030,  241866000,    7995000,  269958362, c++, elite, sing, 4
2473888.exe ,  5.00,  0.99,  0.90,  0.00,  0.13,  249363713,  245326000,    4005000,  269632347, c++, elite, sing, 4
2473888.exe ,  4.99,  1.01,  0.92,  0.00,  0.13,  254810761,  249739000,    4994000,  275314225, c++, elite, sing, 4
2473888.exe ,  4.99,  1.01,  0.92,  0.00,  0.13,  255431135,  253332000,    2002000,  275791764, c++, elite, sing, 4
2473888.exe ,  5.08,  1.01,  0.92,  0.00,  0.13,  254516585,  247450000,    7012000,  274805996, c++, elite, sing, 4
2557813.exe ,  1.83,  0.37,  0.33,  0.00,  0.05,   92233259,   88162000,    4007000,  112637602, c++, elite, sing, 4
2557813.exe ,  1.83,  0.36,  0.33,  0.00,  0.05,   92059849,   86056000,    6003000,  111903140, c++, elite, sing, 4
2557813.exe ,  1.82,  0.36,  0.33,  0.00,  0.05,   91383762,   83326000,    7935000,  111306939, c++, elite, sing, 4
2557813.exe ,  1.86,  0.36,  0.33,  0.00,  0.05,   92105750,   88155000,    3962000,  112003559, c++, elite, sing, 4
2557813.exe ,  1.89,  0.36,  0.33,  0.00,  0.05,   91518096,   87452000,    4020000,  111659948, c++, elite, sing, 4
2557813.exe ,  1.89,  0.36,  0.33,  0.00,  0.05,   91724313,   83752000,    7976000,  111764920, c++, elite, sing, 4
2557813.exe ,  2.03,  0.37,  0.33,  0.00,  0.05,   92931991,   87934000,    4996000,  113203237, c++, elite, sing, 4
2557813.exe ,  1.88,  0.36,  0.33,  0.00,  0.05,   92570946,   88575000,    3980000,  112737260, c++, elite, sing, 4
2557813.exe ,  1.84,  0.36,  0.33,  0.00,  0.05,   92627301,   86611000,    5973000,  112654457, c++, elite, sing, 4
2557813.exe ,  1.92,  0.38,  0.34,  0.00,  0.05,   94383922,   88288000,    6019000,  114876574, c++, elite, sing, 4
2649544.exe ,  1.89,  0.37,  0.34,  0.00,  0.05,   93762194,   90778000,    2992000,  114456899, c++, elite, sing, 4
2649544.exe ,  1.84,  0.37,  0.33,  0.00,  0.05,   92880478,   87894000,    4994000,  113637651, c++, elite, sing, 4
2649544.exe ,  1.83,  0.36,  0.33,  0.00,  0.05,   91987732,   88993000,    2999000,  112361520, c++, elite, sing, 4
2649544.exe ,  1.96,  0.37,  0.33,  0.00,  0.05,   93073061,   88948000,    3997000,  113934181, c++, elite, sing, 4
2649544.exe ,  1.87,  0.37,  0.34,  0.00,  0.05,   93791078,   88871000,    4937000,  113978895, c++, elite, sing, 4
2649544.exe ,  1.84,  0.37,  0.33,  0.00,  0.05,   92834603,   85854000,    6988000,  113264032, c++, elite, sing, 4
2649544.exe ,  1.92,  0.37,  0.34,  0.00,  0.05,   93822686,   91769000,    1994000,  114313368, c++, elite, sing, 4
2649544.exe ,  1.88,  0.36,  0.33,  0.00,  0.05,   92291755,   89324000,    2977000,  112411051, c++, elite, sing, 4
2649544.exe ,  1.86,  0.36,  0.33,  0.00,  0.05,   92231279,   88243000,    4011000,  112574513, c++, elite, sing, 4
2649544.exe ,  1.87,  0.37,  0.34,  0.00,  0.05,   93388624,   90342000,    2978000,  113822781, c++, elite, sing, 4
2700229.exe ,  4.96,  0.97,  0.88,  0.00,  0.13,  243938733,  238963000,    4978000,  264783632, c++, elite, sing, 4
2700229.exe ,  4.77,  0.95,  0.86,  0.00,  0.12,  238667638,  235584000,    3007000,  258596675, c++, elite, sing, 4
2700229.exe ,  4.80,  0.95,  0.86,  0.00,  0.12,  239017857,  237004000,    2000000,  259384227, c++, elite, sing, 4
2700229.exe ,  4.75,  0.94,  0.86,  0.00,  0.12,  237545476,  232470000,    4988000,  257617119, c++, elite, sing, 4
2700229.exe ,  4.76,  0.93,  0.85,  0.00,  0.12,  236451971,  232424000,    4007000,  256374754, c++, elite, sing, 4
2700229.exe ,  4.64,  0.95,  0.86,  0.00,  0.12,  237827790,  233810000,    4013000,  258261588, c++, elite, sing, 4
2700229.exe ,  4.76,  0.95,  0.87,  0.00,  0.12,  241384367,  234306000,    7009000,  261719835, c++, elite, sing, 4
2700229.exe ,  4.82,  0.96,  0.87,  0.00,  0.12,  242436211,  239406000,    3005000,  262889576, c++, elite, sing, 4
2700229.exe ,  4.80,  0.95,  0.87,  0.00,  0.12,  240972506,  236963000,    3999000,  261144675, c++, elite, sing, 4
2700229.exe ,  4.82,  0.95,  0.86,  0.00,  0.12,  239760769,  236716000,    2996000,  260096472, c++, elite, sing, 4
2870679.exe ,  1.73,  0.34,  0.31,  0.00,  0.05,   87443766,   84494000,    2982000,  107925450, c++, elite, sing, 4
2870679.exe ,  1.74,  0.34,  0.31,  0.00,  0.05,   86563884,   82543000,    4026000,  107074649, c++, elite, sing, 4
2870679.exe ,  1.71,  0.34,  0.31,  0.00,  0.05,   86408340,   83395000,    3014000,  106499384, c++, elite, sing, 4
2870679.exe ,  1.79,  0.33,  0.30,  0.00,  0.05,   84524797,   80543000,    3977000,  104733610, c++, elite, sing, 4
2870679.exe ,  1.71,  0.34,  0.31,  0.00,  0.05,   85631019,   81603000,    4029000,  105968677, c++, elite, sing, 4
2870679.exe ,  1.71,  0.34,  0.31,  0.00,  0.05,   86145537,   82133000,    4006000,  106461073, c++, elite, sing, 4
2870679.exe ,  1.77,  0.34,  0.31,  0.00,  0.05,   85770887,   81668000,    4033000,  105776276, c++, elite, sing, 4
2870679.exe ,  1.79,  0.34,  0.31,  0.00,  0.05,   86556551,   80601000,    5970000,  106961871, c++, elite, sing, 4
2870679.exe ,  1.73,  0.34,  0.31,  0.00,  0.05,   86685255,   82709000,    3985000,  106808788, c++, elite, sing, 4
2870679.exe ,  1.69,  0.34,  0.31,  0.00,  0.05,   85778646,   81736000,    4036000,  105901787, c++, elite, sing, 4
2876767.exe ,  1.78,  0.35,  0.32,  0.00,  0.05,   89102234,   86039000,    2966000,  109324183, c++, elite, sing, 4
2876767.exe ,  1.77,  0.35,  0.32,  0.00,  0.05,   87924902,   83934000,    3996000,  108400451, c++, elite, sing, 4
2876767.exe ,  1.78,  0.35,  0.32,  0.00,  0.05,   88597499,   83642000,    4978000,  109531844, c++, elite, sing, 4
2876767.exe ,  1.76,  0.35,  0.32,  0.00,  0.05,   88662855,   86687000,    2015000,  108970783, c++, elite, sing, 4
2876767.exe ,  1.91,  0.35,  0.32,  0.00,  0.05,   88157108,   85157000,    3005000,  108693009, c++, elite, sing, 4
2876767.exe ,  1.75,  0.34,  0.31,  0.00,  0.05,   86893717,   80754000,    5981000,  107284172, c++, elite, sing, 4
2876767.exe ,  1.79,  0.35,  0.32,  0.00,  0.05,   88236123,   83303000,    4958000,  108735256, c++, elite, sing, 4
2876767.exe ,  1.77,  0.35,  0.32,  0.00,  0.05,   88281716,   82354000,    5953000,  108271050, c++, elite, sing, 4
2876767.exe ,  1.81,  0.34,  0.31,  0.00,  0.05,   87328289,   81309000,    6022000,  107785376, c++, elite, sing, 4
2876767.exe ,  1.81,  0.34,  0.31,  0.00,  0.05,   87649234,   83622000,    4029000,  107819976, c++, elite, sing, 4
2882080.exe ,  1.71,  0.34,  0.30,  0.00,  0.04,   84590972,   81582000,    3021000,  104773732, c++, elite, sing, 4
2882080.exe ,  1.68,  0.33,  0.30,  0.00,  0.04,   84208668,   82214000,    2005000,  104878313, c++, elite, sing, 4
2882080.exe ,  1.71,  0.33,  0.30,  0.00,  0.05,   83928896,   82915000,    1011000,  103949245, c++, elite, sing, 4
2882080.exe ,  1.69,  0.33,  0.30,  0.00,  0.05,   83839819,   78830000,    4989000,  104196850, c++, elite, sing, 4
2882080.exe ,  1.67,  0.33,  0.30,  0.00,  0.04,   83282448,   80312000,    2974000,  103085330, c++, elite, sing, 4
2882080.exe ,  1.69,  0.33,  0.30,  0.00,  0.04,   83199671,   80247000,    2972000,  103188967, c++, elite, sing, 4
2882080.exe ,  1.78,  0.33,  0.30,  0.00,  0.05,   84228430,   80215000,    4010000,  104039870, c++, elite, sing, 4
2882080.exe ,  1.68,  0.33,  0.30,  0.00,  0.04,   82919914,   81922000,    1011000,  103075471, c++, elite, sing, 4
2882080.exe ,  1.65,  0.32,  0.30,  0.00,  0.04,   82455996,   81486000,    1006000,  102575900, c++, elite, sing, 4
2882080.exe ,  1.69,  0.33,  0.30,  0.00,  0.04,   83588989,   75639000,    7962000,  103689701, c++, elite, sing, 4
2892760.exe ,  1.73,  0.33,  0.31,  0.00,  0.05,   85846753,   82865000,    2995000,  106025077, c++, elite, sing, 4
2892760.exe ,  1.84,  0.34,  0.31,  0.00,  0.05,   85961975,   83972000,    1999000,  106296174, c++, elite, sing, 4
2892760.exe ,  1.73,  0.34,  0.31,  0.00,  0.05,   87340813,   86273000,    1003000,  107816378, c++, elite, sing, 4
2892760.exe ,  1.74,  0.34,  0.31,  0.00,  0.05,   86845543,   85862000,     998000,  107024593, c++, elite, sing, 4
2892760.exe ,  1.73,  0.34,  0.31,  0.00,  0.05,   86770294,   82630000,    4030000,  106610288, c++, elite, sing, 4
2892760.exe ,  1.75,  0.34,  0.31,  0.00,  0.05,   86883973,   82862000,    4042000,  107189698, c++, elite, sing, 4
2892760.exe ,  1.74,  0.34,  0.31,  0.00,  0.05,   86997865,   84007000,    3000000,  107348726, c++, elite, sing, 4
2892760.exe ,  1.76,  0.35,  0.31,  0.00,  0.05,   87326740,   82367000,    4961000,  107652525, c++, elite, sing, 4
2892760.exe ,  1.81,  0.34,  0.31,  0.00,  0.05,   85819089,   80731000,    4983000,  106049531, c++, elite, sing, 4
2892760.exe ,  1.74,  0.34,  0.31,  0.00,  0.05,   85474218,   81510000,    3976000,  105831747, c++, elite, sing, 4
2952391.exe ,  4.67,  0.93,  0.85,  0.00,  0.12,  236791976,  232788000,    3996000,  256505602, c++, elite, sing, 4
2952391.exe ,  4.66,  0.93,  0.84,  0.00,  0.12,  233529898,  229509000,    3991000,  253757975, c++, elite, sing, 4
2952391.exe ,  4.84,  0.95,  0.86,  0.00,  0.12,  239452347,  235431000,    4007000,  259979269, c++, elite, sing, 4
2952391.exe ,  4.72,  0.95,  0.86,  0.00,  0.12,  239164116,  236154000,    3001000,  259001483, c++, elite, sing, 4
2952391.exe ,  4.87,  0.94,  0.86,  0.00,  0.12,  238809036,  234790000,    3996000,  258886417, c++, elite, sing, 4
2952391.exe ,  4.67,  0.94,  0.85,  0.00,  0.12,  236025968,  233900000,    1999000,  256287704, c++, elite, sing, 4
2952391.exe ,  4.77,  0.93,  0.85,  0.00,  0.12,  234624871,  231578000,    2994000,  254939995, c++, elite, sing, 4
2952391.exe ,  4.79,  0.94,  0.85,  0.00,  0.12,  235543279,  232483000,    3006000,  256276098, c++, elite, sing, 4
2952391.exe ,  4.76,  0.92,  0.84,  0.00,  0.12,  233356376,  229298000,    4005000,  253374421, c++, elite, sing, 4
2952391.exe ,  4.68,  0.93,  0.85,  0.00,  0.12,  234394682,  233363000,    1001000,  254315041, c++, elite, sing, 4
2956436.exe ,  1.70,  0.33,  0.30,  0.00,  0.04,   84049129,   76980000,    6998000,  104141434, c++, elite, sing, 4
2956436.exe ,  1.75,  0.33,  0.30,  0.00,  0.04,   83796253,   81807000,    2019000,  103602681, c++, elite, sing, 4
2956436.exe ,  1.71,  0.33,  0.30,  0.00,  0.05,   83647903,   79602000,    4030000,  103633818, c++, elite, sing, 4
2956436.exe ,  1.68,  0.33,  0.30,  0.00,  0.05,   83184298,   79043000,    4002000,  103094562, c++, elite, sing, 4
2956436.exe ,  1.66,  0.33,  0.30,  0.00,  0.04,   83489852,   79423000,    4021000,  103735135, c++, elite, sing, 4
2956436.exe ,  1.71,  0.34,  0.31,  0.00,  0.05,   84921766,   79929000,    4995000,  105223670, c++, elite, sing, 4
2956436.exe ,  1.71,  0.34,  0.31,  0.00,  0.05,   85086805,   80959000,    3998000,  105336013, c++, elite, sing, 4
2956436.exe ,  1.73,  0.34,  0.31,  0.00,  0.05,   84972321,   78985000,    5998000,  105486426, c++, elite, sing, 4
2956436.exe ,  1.80,  0.33,  0.30,  0.00,  0.04,   84097177,   79086000,    5005000,  104198754, c++, elite, sing, 4
2956436.exe ,  1.68,  0.33,  0.30,  0.00,  0.04,   83260950,   79306000,    3965000,  103924508, c++, elite, sing, 4
2961485.exe ,  6.64,  1.31,  1.19,  0.00,  0.19,  329159139,  320096000,    9002000,  349499897, c++, elite, sing, 4
2961485.exe ,  6.49,  1.29,  1.17,  0.00,  0.19,  324985701,  314908000,   10028000,  345317222, c++, elite, sing, 4
2961485.exe ,  6.45,  1.28,  1.16,  0.00,  0.19,  322723358,  313665000,    9019000,  343136661, c++, elite, sing, 4
2961485.exe ,  6.55,  1.28,  1.17,  0.00,  0.19,  323809275,  311824000,   11954000,  344006117, c++, elite, sing, 4
2961485.exe ,  6.60,  1.29,  1.17,  0.00,  0.19,  325434311,  316417000,    8983000,  345763708, c++, elite, sing, 4
2961485.exe ,  6.47,  1.30,  1.19,  0.00,  0.19,  328404300,  323365000,    4990000,  349217596, c++, elite, sing, 4
2961485.exe ,  6.72,  1.33,  1.21,  0.00,  0.19,  335718153,  326687000,    8991000,  356129479, c++, elite, sing, 4
2961485.exe ,  6.59,  1.30,  1.19,  0.00,  0.19,  328876079,  320786000,    7994000,  349571432, c++, elite, sing, 4
2961485.exe ,  6.41,  1.29,  1.18,  0.00,  0.19,  325970466,  318925000,    6998000,  346493092, c++, elite, sing, 4
2961485.exe ,  6.54,  1.31,  1.19,  0.00,  0.19,  330226885,  321111000,    9003000,  351303722, c++, elite, sing, 4
3052100.exe ,  4.76,  0.96,  0.87,  0.00,  0.13,  242880571,  240835000,    1998000,  262981777, c++, elite, sing, 4
3052100.exe ,  4.70,  0.94,  0.86,  0.00,  0.12,  238172981,  233153000,    5003000,  258189148, c++, elite, sing, 4
3052100.exe ,  4.82,  0.94,  0.85,  0.00,  0.12,  236908138,  233894000,    2998000,  259642884, c++, elite, sing, 4
3052100.exe ,  4.76,  0.96,  0.87,  0.00,  0.12,  241650307,  237497000,    3991000,  261704311, c++, elite, sing, 4
3052100.exe ,  4.83,  0.95,  0.86,  0.00,  0.12,  239542724,  234522000,    5011000,  259772635, c++, elite, sing, 4
3052100.exe ,  4.67,  0.94,  0.85,  0.00,  0.12,  237340045,  234291000,    3003000,  257658763, c++, elite, sing, 4
3052100.exe ,  4.84,  0.95,  0.87,  0.00,  0.12,  240093774,  237082000,    3001000,  260627321, c++, elite, sing, 4
3052100.exe ,  4.89,  0.96,  0.88,  0.00,  0.13,  243263234,  238272000,    4984000,  263176092, c++, elite, sing, 4
3052100.exe ,  4.85,  0.95,  0.86,  0.00,  0.12,  239170937,  234151000,    5003000,  259682344, c++, elite, sing, 4
3052100.exe ,  4.82,  0.95,  0.87,  0.00,  0.12,  239873571,  235847000,    3997000,  259984489, c++, elite, sing, 4
315901.exe  ,  1.86,  0.35,  0.31,  0.00,  0.05,   87338872,   84311000,    3011000,  107407044, c++, elite, sing, 4
315901.exe  ,  1.73,  0.34,  0.31,  0.00,  0.04,   86089121,   83098000,    3003000,  106549653, c++, elite, sing, 4
315901.exe  ,  1.71,  0.34,  0.31,  0.00,  0.05,   85139326,   81142000,    4007000,  105347494, c++, elite, sing, 4
315901.exe  ,  1.75,  0.34,  0.31,  0.00,  0.05,   86236195,   84229000,    2005000,  106572218, c++, elite, sing, 4
315901.exe  ,  1.73,  0.34,  0.31,  0.00,  0.04,   86717625,   82686000,    4033000,  106992805, c++, elite, sing, 4
315901.exe  ,  1.75,  0.35,  0.31,  0.00,  0.05,   87406272,   84377000,    3013000,  107639802, c++, elite, sing, 4
315901.exe  ,  1.77,  0.34,  0.31,  0.00,  0.05,   86909585,   84907000,    1997000,  107132622, c++, elite, sing, 4
315901.exe  ,  1.83,  0.34,  0.31,  0.00,  0.05,   85427753,   81418000,    4020000,  106072123, c++, elite, sing, 4
315901.exe  ,  1.75,  0.34,  0.31,  0.00,  0.05,   86884983,   84893000,    1997000,  107070374, c++, elite, sing, 4
315901.exe  ,  1.73,  0.34,  0.31,  0.00,  0.04,   85749597,   81773000,    3988000,  106105494, c++, elite, sing, 4
3310511.exe ,  1.78,  0.35,  0.31,  0.00,  0.05,   87419696,   84429000,    3015000,  107387753, c++, elite, sing, 4
3310511.exe ,  1.87,  0.35,  0.32,  0.00,  0.05,   88947218,   84013000,    4941000,  109066071, c++, elite, sing, 4
3310511.exe ,  1.76,  0.35,  0.32,  0.00,  0.05,   87683169,   82709000,    4982000,  108478467, c++, elite, sing, 4
3310511.exe ,  1.74,  0.34,  0.31,  0.00,  0.05,   87265858,   85268000,    2006000,  107315875, c++, elite, sing, 4
3310511.exe ,  1.76,  0.35,  0.32,  0.00,  0.05,   87988626,   83995000,    3999000,  108361356, c++, elite, sing, 4
3310511.exe ,  1.79,  0.35,  0.32,  0.00,  0.05,   88043379,   86006000,    2023000,  108675285, c++, elite, sing, 4
3310511.exe ,  1.79,  0.36,  0.32,  0.00,  0.05,   89929298,   86971000,    2999000,  110351456, c++, elite, sing, 4
3310511.exe ,  1.79,  0.35,  0.32,  0.00,  0.05,   87958684,   85953000,    1998000,  108469208, c++, elite, sing, 4
3310511.exe ,  1.87,  0.35,  0.32,  0.00,  0.05,   87768502,   82784000,    4987000,  109277445, c++, elite, sing, 4
3310511.exe ,  1.80,  0.36,  0.32,  0.00,  0.05,   89868508,   84696000,    5041000,  110553338, c++, elite, sing, 4
3432659.exe ,  1.82,  0.34,  0.31,  0.00,  0.05,   86505755,   80507000,    5963000,  107161019, c++, elite, sing, 4
3432659.exe ,  1.71,  0.34,  0.31,  0.00,  0.04,   86043470,   80982000,    4998000,  106896045, c++, elite, sing, 4
3432659.exe ,  1.71,  0.34,  0.31,  0.00,  0.05,   86315896,   81298000,    5018000,  106260308, c++, elite, sing, 4
3432659.exe ,  1.77,  0.34,  0.31,  0.00,  0.05,   86477811,   82494000,    3975000,  106997088, c++, elite, sing, 4
3432659.exe ,  1.79,  0.34,  0.31,  0.00,  0.04,   86350500,   80284000,    6021000,  106738263, c++, elite, sing, 4
3432659.exe ,  1.72,  0.34,  0.31,  0.00,  0.04,   86500992,   77451000,    9052000,  107321438, c++, elite, sing, 4
3432659.exe ,  1.73,  0.34,  0.31,  0.00,  0.05,   86932441,   83808000,    2993000,  107257133, c++, elite, sing, 4
3432659.exe ,  1.85,  0.34,  0.31,  0.00,  0.05,   86689511,   81711000,    4982000,  107047163, c++, elite, sing, 4
3432659.exe ,  1.75,  0.34,  0.31,  0.00,  0.05,   85621769,   79632000,    5972000,  105998821, c++, elite, sing, 4
3432659.exe ,  1.72,  0.34,  0.31,  0.00,  0.04,   85812414,   80671000,    5041000,  106402218, c++, elite, sing, 4
3448452.exe ,  1.77,  0.34,  0.31,  0.00,  0.05,   87272116,   84262000,    3009000,  107556903, c++, elite, sing, 4
3448452.exe ,  1.72,  0.35,  0.32,  0.00,  0.05,   85673174,   80631000,    5039000,  106959802, c++, elite, sing, 4
3448452.exe ,  1.74,  0.35,  0.32,  0.00,  0.05,   88139829,   84072000,    4003000,  108552638, c++, elite, sing, 4
3448452.exe ,  1.75,  0.35,  0.32,  0.00,  0.05,   87921268,   80932000,    6994000,  108562574, c++, elite, sing, 4
3448452.exe ,  1.86,  0.35,  0.32,  0.00,  0.05,   88468973,   85436000,    2980000,  108861492, c++, elite, sing, 4
3448452.exe ,  1.71,  0.34,  0.31,  0.00,  0.05,   86301833,   80288000,    6021000,  106696343, c++, elite, sing, 4
3448452.exe ,  1.70,  0.34,  0.31,  0.00,  0.05,   86380674,   81414000,    4964000,  106600682, c++, elite, sing, 4
3448452.exe ,  1.76,  0.34,  0.31,  0.00,  0.05,   87191496,   84114000,    3004000,  107576735, c++, elite, sing, 4
3448452.exe ,  1.71,  0.34,  0.31,  0.00,  0.05,   86022456,   81978000,    3998000,  106129085, c++, elite, sing, 4
3448452.exe ,  1.74,  0.34,  0.31,  0.00,  0.05,   87021171,   84026000,    3000000,  107306125, c++, elite, sing, 4
3513191.exe ,  6.21,  1.26,  1.14,  0.00,  0.18,  316367984,  301316000,   15015000,  336317038, c++, elite, sing, 4
3513191.exe ,  6.31,  1.25,  1.14,  0.00,  0.18,  315123306,  305068000,   10002000,  335328442, c++, elite, sing, 4
3513191.exe ,  6.31,  1.25,  1.13,  0.00,  0.18,  314711217,  303641000,   11023000,  334866543, c++, elite, sing, 4
3513191.exe ,  6.17,  1.24,  1.13,  0.00,  0.18,  314226898,  302119000,   12004000,  334382741, c++, elite, sing, 4
3513191.exe ,  6.53,  1.27,  1.16,  0.00,  0.19,  320842493,  309781000,   11027000,  341357893, c++, elite, sing, 4
3513191.exe ,  6.37,  1.27,  1.15,  0.00,  0.19,  319982122,  310934000,    8969000,  340330068, c++, elite, sing, 4
3513191.exe ,  6.28,  1.27,  1.16,  0.00,  0.19,  320474272,  312421000,    8010000,  340953848, c++, elite, sing, 4
3513191.exe ,  6.35,  1.29,  1.17,  0.00,  0.19,  324291312,  307185000,   17010000,  344581121, c++, elite, sing, 4
3513191.exe ,  6.47,  1.29,  1.18,  0.00,  0.19,  326426699,  318380000,    8009000,  346854267, c++, elite, sing, 4
3513191.exe ,  6.53,  1.29,  1.17,  0.00,  0.19,  324701229,  314634000,   10020000,  345943037, c++, elite, sing, 4
3533053.exe ,  4.88,  0.97,  0.88,  0.00,  0.13,  245352247,  235365000,    9973000,  265931701, c++, elite, sing, 4
3533053.exe ,  4.86,  0.97,  0.89,  0.00,  0.13,  246817062,  239772000,    7022000,  266830738, c++, elite, sing, 4
3533053.exe ,  4.80,  0.97,  0.89,  0.00,  0.13,  246251833,  238228000,    8007000,  266694739, c++, elite, sing, 4
3533053.exe ,  4.94,  0.98,  0.89,  0.00,  0.13,  246868828,  237712000,    8989000,  267225854, c++, elite, sing, 4
3533053.exe ,  4.87,  0.98,  0.89,  0.00,  0.13,  247045842,  241012000,    6000000,  267654811, c++, elite, sing, 4
3533053.exe ,  5.03,  1.00,  0.91,  0.00,  0.13,  251687499,  246634000,    5012000,  272007475, c++, elite, sing, 4
3533053.exe ,  4.92,  0.99,  0.90,  0.00,  0.13,  250123617,  241098000,    9003000,  270657608, c++, elite, sing, 4
3533053.exe ,  5.02,  1.00,  0.91,  0.00,  0.13,  252499438,  246421000,    6010000,  273280048, c++, elite, sing, 4
3533053.exe ,  4.93,  1.00,  0.91,  0.00,  0.13,  252795734,  245769000,    6993000,  271654116, c++, elite, sing, 4
3533053.exe ,  4.92,  1.00,  0.91,  0.00,  0.13,  252235538,  247226000,    4984000,  272711084, c++, elite, sing, 4
3576195.exe ,  1.71,  0.34,  0.31,  0.00,  0.05,   85531049,   83525000,    2012000,  105706859, c++, elite, sing, 4
3576195.exe ,  1.72,  0.34,  0.30,  0.00,  0.04,   84706618,   77662000,    6969000,  104792998, c++, elite, sing, 4
3576195.exe ,  1.82,  0.34,  0.31,  0.00,  0.04,   84874045,   81775000,    3028000,  104744822, c++, elite, sing, 4
3576195.exe ,  1.72,  0.34,  0.31,  0.00,  0.05,   85710215,   79681000,    6051000,  106217240, c++, elite, sing, 4
3576195.exe ,  1.72,  0.34,  0.31,  0.00,  0.04,   86195032,   78162000,    7915000,  106240309, c++, elite, sing, 4
3576195.exe ,  1.76,  0.34,  0.31,  0.00,  0.04,   85473245,   81506000,    3975000,  105592034, c++, elite, sing, 4
3576195.exe ,  1.71,  0.34,  0.31,  0.00,  0.04,   86470304,   82317000,    4015000,  106975587, c++, elite, sing, 4
3576195.exe ,  1.68,  0.33,  0.30,  0.00,  0.05,   84698169,   80635000,    4031000,  104588240, c++, elite, sing, 4
3576195.exe ,  1.70,  0.33,  0.31,  0.00,  0.05,   85725714,   78670000,    7060000,  106086524, c++, elite, sing, 4
3576195.exe ,  1.86,  0.34,  0.31,  0.00,  0.05,   86870793,   79924000,    6907000,  107089268, c++, elite, sing, 4
3581799.exe ,  4.87,  0.99,  0.91,  0.00,  0.13,  250257277,  249062000,    1000000,  271016034, c++, elite, sing, 4
3581799.exe ,  5.02,  0.98,  0.89,  0.00,  0.13,  246547039,  243507000,    2993000,  267098671, c++, elite, sing, 4
3581799.exe ,  4.82,  0.96,  0.88,  0.00,  0.13,  242745689,  238685000,    3994000,  263339633, c++, elite, sing, 4
3581799.exe ,  4.92,  0.97,  0.88,  0.00,  0.13,  243923578,  236583000,    7017000,  264095116, c++, elite, sing, 4
3581799.exe ,  4.81,  0.97,  0.89,  0.00,  0.13,  244927831,  241892000,    2998000,  265405677, c++, elite, sing, 4
3581799.exe ,  4.95,  0.98,  0.89,  0.00,  0.13,  246644468,  240536000,    5988000,  266918634, c++, elite, sing, 4
3581799.exe ,  4.80,  0.97,  0.88,  0.00,  0.13,  244468375,  240442000,    4007000,  264413246, c++, elite, sing, 4
3581799.exe ,  5.08,  1.00,  0.91,  0.00,  0.13,  251683041,  246653000,    4992000,  272149450, c++, elite, sing, 4
3581799.exe ,  5.03,  0.97,  0.89,  0.00,  0.13,  245551862,  241525000,    3992000,  264963603, c++, elite, sing, 4
3581799.exe ,  4.86,  0.97,  0.88,  0.00,  0.13,  244133422,  240094000,    4001000,  264809681, c++, elite, sing, 4
3642321.exe ,  1.79,  0.36,  0.33,  0.00,  0.05,   90399407,   83378000,    7031000,  110971270, c++, elite, sing, 4
3642321.exe ,  1.88,  0.36,  0.33,  0.00,  0.05,   90436017,   84431000,    5959000,  110525293, c++, elite, sing, 4
3642321.exe ,  1.80,  0.36,  0.32,  0.00,  0.05,   90134299,   86111000,    4005000,  110590802, c++, elite, sing, 4
3642321.exe ,  1.81,  0.36,  0.32,  0.00,  0.05,   89246898,   88322000,    1003000,  109683654, c++, elite, sing, 4
3642321.exe ,  1.79,  0.35,  0.32,  0.00,  0.05,   89345143,   84336000,    5020000,  109395833, c++, elite, sing, 4
3642321.exe ,  1.86,  0.35,  0.32,  0.00,  0.05,   89200474,   85193000,    4009000,  109204723, c++, elite, sing, 4
3642321.exe ,  1.81,  0.35,  0.32,  0.00,  0.05,   89183691,   84207000,    4953000,  109378970, c++, elite, sing, 4
3642321.exe ,  1.78,  0.35,  0.32,  0.00,  0.05,   88718513,   81834000,    6901000,  108977434, c++, elite, sing, 4
3642321.exe ,  1.86,  0.36,  0.32,  0.00,  0.05,   89181294,   84182000,    5010000,  109410338, c++, elite, sing, 4
3642321.exe ,  1.81,  0.36,  0.32,  0.00,  0.05,   89952037,   83901000,    6065000,  110204188, c++, elite, sing, 4
3686555.exe ,  1.69,  0.34,  0.31,  0.00,  0.04,   84955607,   83977000,     999000,  105979806, c++, elite, sing, 4
3686555.exe ,  1.72,  0.34,  0.31,  0.00,  0.05,   85157798,   81226000,    3962000,  106094876, c++, elite, sing, 4
3686555.exe ,  1.68,  0.33,  0.30,  0.00,  0.04,   83807252,   82778000,     985000,  104146845, c++, elite, sing, 4
3686555.exe ,  1.71,  0.33,  0.31,  0.00,  0.04,   85504110,   80539000,    4971000,  105683155, c++, elite, sing, 4
3686555.exe ,  1.76,  0.34,  0.31,  0.00,  0.05,   86219114,   84092000,    2002000,  106710791, c++, elite, sing, 4
3686555.exe ,  1.69,  0.34,  0.31,  0.00,  0.05,   85495328,   79539000,    5965000,  105814725, c++, elite, sing, 4
3686555.exe ,  1.82,  0.34,  0.31,  0.00,  0.05,   86620239,   85628000,     995000,  107228434, c++, elite, sing, 4
3686555.exe ,  1.72,  0.34,  0.31,  0.00,  0.04,   85757840,   82747000,    3027000,  106083260, c++, elite, sing, 4
3686555.exe ,  1.72,  0.34,  0.31,  0.00,  0.04,   85004542,   80022000,    5001000,  105585037, c++, elite, sing, 4
3686555.exe ,  1.74,  0.34,  0.31,  0.00,  0.05,   86407985,   84368000,    2008000,  106706013, c++, elite, sing, 4
3707962.exe ,  1.71,  0.34,  0.30,  0.00,  0.05,   84688627,   81561000,    3020000,  105359121, c++, elite, sing, 4
3707962.exe ,  1.79,  0.34,  0.31,  0.00,  0.05,   86189331,   81177000,    4949000,  106656048, c++, elite, sing, 4
3707962.exe ,  1.75,  0.34,  0.31,  0.00,  0.05,   86620415,   81526000,    4971000,  107331265, c++, elite, sing, 4
3707962.exe ,  1.74,  0.33,  0.31,  0.00,  0.05,   85224005,   80220000,    5013000,  105625984, c++, elite, sing, 4
3707962.exe ,  1.69,  0.33,  0.30,  0.00,  0.05,   83997734,   80974000,    3036000,  104079850, c++, elite, sing, 4
3707962.exe ,  1.69,  0.33,  0.30,  0.00,  0.05,   83621632,   77601000,    5969000,  103777221, c++, elite, sing, 4
3707962.exe ,  1.71,  0.34,  0.31,  0.00,  0.05,   85891635,   81869000,    3993000,  106394964, c++, elite, sing, 4
3707962.exe ,  1.65,  0.33,  0.30,  0.00,  0.04,   83255792,   76233000,    7021000,  103269463, c++, elite, sing, 4
3707962.exe ,  1.87,  0.34,  0.30,  0.00,  0.05,   84663944,   79575000,    5036000,  104633996, c++, elite, sing, 4
3707962.exe ,  1.68,  0.34,  0.30,  0.00,  0.05,   82171815,   74169000,    8018000,  103405142, c++, elite, sing, 4
3753320.exe ,  1.80,  0.35,  0.32,  0.00,  0.05,   88849279,   83727000,    4983000,  108763786, c++, elite, sing, 4
3753320.exe ,  1.81,  0.36,  0.32,  0.00,  0.05,   89862751,   81812000,    7981000,  110165385, c++, elite, sing, 4
3753320.exe ,  1.88,  0.36,  0.33,  0.00,  0.05,   90608395,   86628000,    3982000,  110883398, c++, elite, sing, 4
3753320.exe ,  1.81,  0.36,  0.33,  0.00,  0.05,   90282786,   87195000,    3006000,  110811178, c++, elite, sing, 4
3753320.exe ,  1.78,  0.35,  0.32,  0.00,  0.05,   88861780,   84801000,    3990000,  109021151, c++, elite, sing, 4
3753320.exe ,  1.83,  0.36,  0.33,  0.00,  0.05,   90579633,   87486000,    2982000,  111072887, c++, elite, sing, 4
3753320.exe ,  1.95,  0.36,  0.33,  0.00,  0.05,   91069907,   87000000,    4000000,  113178982, c++, elite, sing, 4
3753320.exe ,  1.83,  0.36,  0.33,  0.00,  0.05,   90862131,   87825000,    3028000,  111344180, c++, elite, sing, 4
3753320.exe ,  1.82,  0.36,  0.33,  0.00,  0.05,   90916579,   85982000,    4941000,  111789626, c++, elite, sing, 4
3753320.exe ,  1.87,  0.36,  0.33,  0.00,  0.05,   91387951,   88380000,    3012000,  112419070, c++, elite, sing, 4
3754416.exe ,  1.80,  0.33,  0.31,  0.00,  0.04,   85373866,   81374000,    3969000,  105806557, c++, elite, sing, 4
3754416.exe ,  1.72,  0.34,  0.30,  0.00,  0.04,   84977275,   82985000,    1999000,  105118078, c++, elite, sing, 4
3754416.exe ,  1.71,  0.34,  0.31,  0.00,  0.05,   85537245,   81490000,    4024000,  105837340, c++, elite, sing, 4
3754416.exe ,  1.72,  0.34,  0.31,  0.00,  0.04,   84693493,   81683000,    3025000,  105443637, c++, elite, sing, 4
3754416.exe ,  1.71,  0.34,  0.30,  0.00,  0.04,   84695310,   79727000,    4982000,  104659476, c++, elite, sing, 4
3754416.exe ,  1.73,  0.34,  0.31,  0.00,  0.05,   86034981,   83087000,    2967000,  106190766, c++, elite, sing, 4
3754416.exe ,  1.72,  0.34,  0.31,  0.00,  0.05,   84963174,   82901000,    1997000,  104773141, c++, elite, sing, 4
3754416.exe ,  1.86,  0.34,  0.31,  0.00,  0.04,   85148124,   81154000,    4007000,  105370836, c++, elite, sing, 4
3754416.exe ,  1.71,  0.33,  0.31,  0.00,  0.04,   85244531,   82239000,    3008000,  105534644, c++, elite, sing, 4
3754416.exe ,  1.72,  0.34,  0.30,  0.00,  0.04,   84826095,   79684000,    5043000,  104436363, c++, elite, sing, 4
385823.exe  ,  2.88,  0.55,  0.50,  0.00,  0.08,  139518140,  135494000,    4014000,  159912817, c++, elite, sing, 4
385823.exe  ,  2.86,  0.56,  0.50,  0.00,  0.08,  139309077,  135287000,    4008000,  159572405, c++, elite, sing, 4
385823.exe  ,  2.92,  0.56,  0.51,  0.00,  0.08,  140698893,  134697000,    5986000,  161161593, c++, elite, sing, 4
385823.exe  ,  2.86,  0.56,  0.51,  0.00,  0.08,  140243670,  135226000,    5008000,  160198661, c++, elite, sing, 4
385823.exe  ,  2.81,  0.56,  0.51,  0.00,  0.08,  142023920,  134945000,    6997000,  162365729, c++, elite, sing, 4
385823.exe  ,  2.84,  0.56,  0.51,  0.00,  0.08,  141121146,  135100000,    6004000,  161602621, c++, elite, sing, 4
385823.exe  ,  2.78,  0.56,  0.51,  0.00,  0.07,  140451895,  135455000,    4979000,  160810448, c++, elite, sing, 4
385823.exe  ,  2.88,  0.56,  0.51,  0.00,  0.08,  141950196,  134835000,    6991000,  162724583, c++, elite, sing, 4
385823.exe  ,  2.81,  0.56,  0.51,  0.00,  0.07,  140180137,  133152000,    7008000,  161301531, c++, elite, sing, 4
385823.exe  ,  2.89,  0.57,  0.52,  0.00,  0.08,  143289955,  136241000,    7012000,  164093067, c++, elite, sing, 4
4010334.exe ,  1.94,  0.37,  0.34,  0.00,  0.05,   93580582,   86544000,    7044000,  114734534, c++, elite, sing, 4
4010334.exe ,  1.89,  0.37,  0.34,  0.00,  0.05,   92920703,   86833000,    6058000,  113642885, c++, elite, sing, 4
4010334.exe ,  2.00,  0.37,  0.34,  0.00,  0.05,   93659378,   89569000,    3980000,  114454793, c++, elite, sing, 4
4010334.exe ,  1.93,  0.37,  0.34,  0.00,  0.05,   94213148,   85144000,    9015000,  114789597, c++, elite, sing, 4
4010334.exe ,  1.91,  0.38,  0.34,  0.00,  0.05,   94765057,   87750000,    6980000,  115335558, c++, elite, sing, 4
4010334.exe ,  1.90,  0.37,  0.34,  0.00,  0.05,   93070520,   86983000,    5998000,  113372401, c++, elite, sing, 4
4010334.exe ,  1.90,  0.37,  0.34,  0.00,  0.05,   93330431,   83289000,   10034000,  113661351, c++, elite, sing, 4
4010334.exe ,  1.89,  0.37,  0.34,  0.00,  0.05,   93522291,   86410000,    7033000,  113671959, c++, elite, sing, 4
4010334.exe ,  1.91,  0.37,  0.34,  0.00,  0.05,   93880141,   87889000,    5992000,  114531377, c++, elite, sing, 4
4010334.exe ,  1.99,  0.38,  0.34,  0.00,  0.05,   94344503,   80441000,   13903000,  114692474, c++, elite, sing, 4
402806.exe  ,  1.67,  0.33,  0.30,  0.00,  0.05,   83837867,   80807000,    3030000,  103875375, c++, elite, sing, 4
402806.exe  ,  1.68,  0.33,  0.31,  0.00,  0.05,   84244503,   80196000,    4009000,  105261377, c++, elite, sing, 4
402806.exe  ,  1.70,  0.34,  0.31,  0.00,  0.05,   86102424,   83102000,    3003000,  106535229, c++, elite, sing, 4
402806.exe  ,  1.82,  0.34,  0.31,  0.00,  0.04,   85405465,   79332000,    6025000,  105773379, c++, elite, sing, 4
402806.exe  ,  1.69,  0.34,  0.31,  0.00,  0.05,   85118485,   82122000,    3004000,  105156957, c++, elite, sing, 4
402806.exe  ,  1.67,  0.33,  0.30,  0.00,  0.05,   84012882,   78949000,    5060000,  104564520, c++, elite, sing, 4
402806.exe  ,  1.69,  0.34,  0.30,  0.00,  0.04,   84764270,   80769000,    3939000,  104691829, c++, elite, sing, 4
402806.exe  ,  1.79,  0.34,  0.31,  0.00,  0.05,   85944428,   81907000,    4044000,  106446300, c++, elite, sing, 4
402806.exe  ,  1.70,  0.34,  0.31,  0.00,  0.05,   85344872,   82366000,    2977000,  105542794, c++, elite, sing, 4
402806.exe  ,  1.71,  0.34,  0.31,  0.00,  0.05,   85656925,   82635000,    3023000,  106670286, c++, elite, sing, 4
4110986.exe ,  5.18,  1.02,  0.93,  0.00,  0.13,  256362400,  252249000,    4003000,  276941939, c++, elite, sing, 4
4110986.exe ,  5.14,  1.02,  0.93,  0.00,  0.13,  257710965,  252570000,    4991000,  278509113, c++, elite, sing, 4
4110986.exe ,  5.25,  1.05,  0.95,  0.00,  0.14,  263063169,  258027000,    5000000,  283560626, c++, elite, sing, 4
4110986.exe ,  5.13,  1.03,  0.94,  0.00,  0.14,  260217711,  253220000,    6978000,  280778341, c++, elite, sing, 4
4110986.exe ,  5.05,  1.01,  0.92,  0.00,  0.13,  255481882,  249455000,    6010000,  275823360, c++, elite, sing, 4
4110986.exe ,  5.20,  1.02,  0.92,  0.00,  0.13,  255644124,  252617000,    2995000,  276131807, c++, elite, sing, 4
4110986.exe ,  5.05,  1.01,  0.92,  0.00,  0.13,  253855208,  250819000,    3009000,  274331892, c++, elite, sing, 4
4110986.exe ,  5.26,  1.01,  0.92,  0.00,  0.13,  255362944,  252202000,    3002000,  275640014, c++, elite, sing, 4
4110986.exe ,  5.04,  1.00,  0.91,  0.00,  0.13,  252725207,  248708000,    4011000,  272382813, c++, elite, sing, 4
4110986.exe ,  6.72,  1.24,  1.13,  0.00,  0.18,  312945736,  309843000,    2998000,  333329668, c++, elite, sing, 4
4292167.exe ,  4.90,  0.97,  0.88,  0.00,  0.13,  243478350,  235423000,    7980000,  263876001, c++, elite, sing, 4
4292167.exe ,  4.91,  0.98,  0.89,  0.00,  0.13,  246147013,  243122000,    3001000,  266509225, c++, elite, sing, 4
4292167.exe ,  4.89,  1.00,  0.91,  0.00,  0.13,  251883785,  249895000,    1999000,  272824428, c++, elite, sing, 4
4292167.exe ,  5.19,  1.01,  0.92,  0.00,  0.14,  254531642,  248435000,    5986000,  275584814, c++, elite, sing, 4
4292167.exe ,  4.85,  0.97,  0.88,  0.00,  0.13,  244048581,  240029000,    4000000,  264168076, c++, elite, sing, 4
4292167.exe ,  4.83,  0.96,  0.88,  0.00,  0.13,  242841171,  237837000,    4996000,  262980873, c++, elite, sing, 4
4292167.exe ,  5.04,  0.97,  0.88,  0.00,  0.13,  244780055,  239726000,    4973000,  264946816, c++, elite, sing, 4
4292167.exe ,  4.99,  0.98,  0.89,  0.00,  0.13,  246223020,  245161000,    1000000,  266432388, c++, elite, sing, 4
4292167.exe ,  5.10,  0.99,  0.90,  0.00,  0.13,  248988693,  246978000,    1999000,  269851334, c++, elite, sing, 4
4292167.exe ,  4.95,  0.98,  0.89,  0.00,  0.13,  245708140,  241558000,    3976000,  266156239, c++, elite, sing, 4
4327744.exe , 11.35,  2.20,  2.00,  0.00,  0.32,  555498228,  540436000,   14984000,  576484715, c++, elite, sing, 4
4327744.exe , 11.28,  2.21,  2.01,  0.00,  0.32,  558181538,  543022000,   15000000,  578805169, c++, elite, sing, 4
4327744.exe , 11.26,  2.20,  2.00,  0.00,  0.32,  555157555,  542004000,   13000000,  575555893, c++, elite, sing, 4
4327744.exe , 11.47,  2.23,  2.03,  0.00,  0.33,  563473043,  548210000,   14978000,  584226621, c++, elite, sing, 4
4327744.exe , 11.05,  2.22,  2.02,  0.00,  0.33,  561007162,  548939000,   11998000,  581559793, c++, elite, sing, 4
4327744.exe , 10.98,  2.20,  2.01,  0.00,  0.32,  555932020,  538819000,   16962000,  576837185, c++, elite, sing, 4
4327744.exe , 11.46,  2.25,  2.04,  0.00,  0.33,  566011508,  543937000,   21997000,  586785236, c++, elite, sing, 4
4327744.exe , 11.07,  2.22,  2.02,  0.00,  0.33,  559326266,  544179000,   14977000,  580005095, c++, elite, sing, 4
4327744.exe , 11.14,  2.20,  2.00,  0.00,  0.32,  554532893,  539402000,   15011000,  574959795, c++, elite, sing, 4
4327744.exe , 11.21,  2.20,  2.00,  0.00,  0.32,  553379326,  537192000,   16005000,  574385065, c++, elite, sing, 4
4340748.exe ,  1.76,  0.35,  0.31,  0.00,  0.05,   87099545,   83099000,    4004000,  105303669, c++, elite, sing, 4
4340748.exe ,  1.77,  0.34,  0.31,  0.00,  0.05,   86633468,   80666000,    5975000,  106761310, c++, elite, sing, 4
4340748.exe ,  1.71,  0.34,  0.31,  0.00,  0.05,   86220681,   82220000,    3962000,  106413161, c++, elite, sing, 4
4340748.exe ,  1.73,  0.34,  0.31,  0.00,  0.05,   86217475,   81215000,    5013000,  106520694, c++, elite, sing, 4
4340748.exe ,  1.80,  0.35,  0.31,  0.00,  0.05,   87446242,   82414000,    4964000,  108106532, c++, elite, sing, 4
4340748.exe ,  1.86,  0.34,  0.31,  0.00,  0.05,   86977913,   82979000,    3999000,  107419992, c++, elite, sing, 4
4340748.exe ,  1.72,  0.34,  0.31,  0.00,  0.05,   85858378,   83841000,    2020000,  106049711, c++, elite, sing, 4
4340748.exe ,  1.73,  0.34,  0.31,  0.00,  0.05,   87379814,   82318000,    5019000,  107700887, c++, elite, sing, 4
4340748.exe ,  1.77,  0.34,  0.31,  0.00,  0.04,   86243222,   80230000,    6017000,  106343873, c++, elite, sing, 4
4340748.exe ,  1.76,  0.34,  0.32,  0.00,  0.05,   87406421,   84398000,    3014000,  107585789, c++, elite, sing, 4
4455594.exe ,  1.90,  0.37,  0.34,  0.00,  0.05,   93274493,   88320000,    4961000,  114019073, c++, elite, sing, 4
4455594.exe ,  1.83,  0.37,  0.33,  0.00,  0.05,   91440021,   86411000,    4966000,  111882099, c++, elite, sing, 4
4455594.exe ,  1.81,  0.36,  0.33,  0.00,  0.05,   92352416,   87332000,    5019000,  113063355, c++, elite, sing, 4
4455594.exe ,  1.91,  0.37,  0.34,  0.00,  0.05,   92693611,   90614000,    1991000,  113625423, c++, elite, sing, 4
4455594.exe ,  1.84,  0.37,  0.33,  0.00,  0.05,   92691482,   86677000,    5977000,  113010505, c++, elite, sing, 4
4455594.exe ,  1.88,  0.37,  0.34,  0.00,  0.05,   93376560,   90350000,    3011000,  114131013, c++, elite, sing, 4
4455594.exe ,  1.90,  0.37,  0.34,  0.00,  0.05,   91065773,   86078000,    5004000,  113453217, c++, elite, sing, 4
4455594.exe ,  1.84,  0.37,  0.33,  0.00,  0.05,   92333943,   88165000,    4007000,  112855614, c++, elite, sing, 4
4455594.exe ,  1.82,  0.37,  0.33,  0.00,  0.05,   92497242,   85357000,    7029000,  113001430, c++, elite, sing, 4
4455594.exe ,  1.87,  0.37,  0.33,  0.00,  0.05,   92638930,   87645000,    4979000,  112623936, c++, elite, sing, 4
4555067.exe ,  1.91,  0.38,  0.35,  0.00,  0.05,   95385504,   89374000,    6025000,  116102660, c++, elite, sing, 4
4555067.exe ,  1.92,  0.38,  0.35,  0.00,  0.05,   96584019,   93426000,    3013000,  117621688, c++, elite, sing, 4
4555067.exe ,  1.91,  0.38,  0.34,  0.00,  0.05,   95370635,   90352000,    5019000,  116300474, c++, elite, sing, 4
4555067.exe ,  1.90,  0.38,  0.34,  0.00,  0.05,   95475806,   88440000,    7035000,  116248416, c++, elite, sing, 4
4555067.exe ,  1.95,  0.38,  0.35,  0.00,  0.05,   96426120,   90453000,    5963000,  117560599, c++, elite, sing, 4
4555067.exe ,  1.94,  0.38,  0.35,  0.00,  0.05,   96094688,   90094000,    6006000,  117255439, c++, elite, sing, 4
4555067.exe ,  1.96,  0.38,  0.34,  0.00,  0.05,   95411971,   89453000,    5963000,  116493170, c++, elite, sing, 4
4555067.exe ,  1.93,  0.38,  0.34,  0.00,  0.05,   95470255,   92457000,    3014000,  116007414, c++, elite, sing, 4
4555067.exe ,  1.87,  0.38,  0.34,  0.00,  0.05,   94560588,   88463000,    6031000,  115345973, c++, elite, sing, 4
4555067.exe ,  1.96,  0.37,  0.34,  0.00,  0.05,   93919585,   86755000,    7061000,  114226100, c++, elite, sing, 4
4625115.exe ,  4.95,  0.98,  0.89,  0.00,  0.13,  247548285,  243536000,    3992000,  267464915, c++, elite, sing, 4
4625115.exe ,  4.78,  0.96,  0.88,  0.00,  0.13,  242958531,  237936000,    4998000,  263470192, c++, elite, sing, 4
4625115.exe ,  4.76,  0.96,  0.87,  0.00,  0.13,  242631986,  238623000,    3993000,  262586303, c++, elite, sing, 4
4625115.exe ,  4.92,  0.96,  0.87,  0.00,  0.13,  242159861,  237169000,    4982000,  262562696, c++, elite, sing, 4
4625115.exe ,  4.78,  0.97,  0.88,  0.00,  0.13,  244127743,  240104000,    4001000,  264466359, c++, elite, sing, 4
4625115.exe ,  4.85,  0.95,  0.86,  0.00,  0.12,  239676019,  234567000,    5012000,  259929048, c++, elite, sing, 4
4625115.exe ,  4.79,  0.95,  0.87,  0.00,  0.13,  241193188,  237062000,    4001000,  261605689, c++, elite, sing, 4
4625115.exe ,  4.91,  0.97,  0.88,  0.00,  0.13,  245190111,  239195000,    5979000,  265331937, c++, elite, sing, 4
4625115.exe ,  4.75,  0.96,  0.88,  0.00,  0.13,  243519455,  239481000,    4008000,  263894334, c++, elite, sing, 4
4625115.exe ,  4.99,  0.98,  0.89,  0.00,  0.13,  245763004,  242515000,    2994000,  265824205, c++, elite, sing, 4
4646902.exe ,  1.91,  0.38,  0.35,  0.00,  0.05,   96044338,   89926000,    5995000,  116268623, c++, elite, sing, 4
4646902.exe ,  1.89,  0.38,  0.35,  0.00,  0.05,   95341665,   91324000,    4014000,  115465295, c++, elite, sing, 4
4646902.exe ,  2.01,  0.38,  0.35,  0.00,  0.05,   95719367,   88735000,    6979000,  116280401, c++, elite, sing, 4
4646902.exe ,  1.95,  0.39,  0.35,  0.00,  0.05,   96830252,   93694000,    3022000,  116839879, c++, elite, sing, 4
4646902.exe ,  1.91,  0.38,  0.35,  0.00,  0.05,   95972339,   88649000,    6972000,  116331692, c++, elite, sing, 4
4646902.exe ,  2.01,  0.38,  0.35,  0.00,  0.05,   96848414,   91856000,    4992000,  117348820, c++, elite, sing, 4
4646902.exe ,  1.92,  0.38,  0.35,  0.00,  0.05,   95292879,   93030000,    2000000,  115382915, c++, elite, sing, 4
4646902.exe ,  1.89,  0.38,  0.34,  0.00,  0.05,   94878721,   88927000,    5928000,  115024372, c++, elite, sing, 4
4646902.exe ,  1.88,  0.38,  0.34,  0.00,  0.05,   95453852,   88454000,    6957000,  115613333, c++, elite, sing, 4
4646902.exe ,  1.93,  0.38,  0.35,  0.00,  0.05,   96643826,   91614000,    4979000,  116800126, c++, elite, sing, 4
466493.exe  ,  2.83,  0.57,  0.51,  0.00,  0.08,  142427191,  137371000,    4977000,  162648991, c++, elite, sing, 4
466493.exe  ,  2.85,  0.56,  0.51,  0.00,  0.08,  140666566,  135564000,    5020000,  160913072, c++, elite, sing, 4
466493.exe  ,  2.90,  0.57,  0.52,  0.00,  0.08,  144450055,  139293000,    5010000,  164918829, c++, elite, sing, 4
466493.exe  ,  2.94,  0.57,  0.52,  0.00,  0.08,  143512599,  138481000,    5017000,  163901289, c++, elite, sing, 4
466493.exe  ,  2.81,  0.56,  0.51,  0.00,  0.07,  141833771,  136774000,    4991000,  162368684, c++, elite, sing, 4
466493.exe  ,  2.80,  0.56,  0.51,  0.00,  0.07,  141670435,  133676000,    7980000,  162128319, c++, elite, sing, 4
466493.exe  ,  2.92,  0.56,  0.51,  0.00,  0.07,  141345175,  134248000,    6961000,  162111112, c++, elite, sing, 4
466493.exe  ,  2.82,  0.56,  0.51,  0.00,  0.08,  141069584,  134053000,    7002000,  161751465, c++, elite, sing, 4
466493.exe  ,  2.80,  0.56,  0.51,  0.00,  0.07,  140678397,  133632000,    7033000,  161002473, c++, elite, sing, 4
466493.exe  ,  2.81,  0.56,  0.51,  0.00,  0.07,  140879198,  133812000,    6990000,  161454440, c++, elite, sing, 4
4699989.exe ,  1.79,  0.35,  0.32,  0.00,  0.05,   88825831,   86781000,    1994000,  109226172, c++, elite, sing, 4
4699989.exe ,  1.81,  0.35,  0.32,  0.00,  0.05,   88668310,   85684000,    3024000,  108824680, c++, elite, sing, 4
4699989.exe ,  1.78,  0.35,  0.32,  0.00,  0.05,   89337397,   82382000,    6947000,  109459419, c++, elite, sing, 4
4699989.exe ,  1.76,  0.35,  0.33,  0.00,  0.05,   88615710,   86615000,    2014000,  109928759, c++, elite, sing, 4
4699989.exe ,  1.84,  0.36,  0.33,  0.00,  0.05,   90992430,   86998000,    3999000,  111138481, c++, elite, sing, 4
4699989.exe ,  1.78,  0.35,  0.32,  0.00,  0.05,   89060845,   85088000,    4004000,  109552126, c++, elite, sing, 4
4699989.exe ,  1.88,  0.35,  0.32,  0.00,  0.05,   88592442,   83493000,    5029000,  108845812, c++, elite, sing, 4
4699989.exe ,  1.83,  0.35,  0.32,  0.00,  0.05,   88408504,   84448000,    3974000,  108912956, c++, elite, sing, 4
4699989.exe ,  1.82,  0.36,  0.32,  0.00,  0.05,   90174739,   86165000,    4007000,  110174549, c++, elite, sing, 4
4699989.exe ,  1.78,  0.35,  0.32,  0.00,  0.05,   87723393,   85733000,    1993000,  107692121, c++, elite, sing, 4
4878682.exe ,  1.95,  0.37,  0.34,  0.00,  0.05,   93722867,   88742000,    4985000,  114204872, c++, elite, sing, 4
4878682.exe ,  1.85,  0.36,  0.33,  0.00,  0.05,   91546348,   86574000,    4975000,  111694351, c++, elite, sing, 4
4878682.exe ,  1.86,  0.37,  0.34,  0.00,  0.05,   91482288,   85518000,    5966000,  112274022, c++, elite, sing, 4
4878682.exe ,  1.85,  0.36,  0.33,  0.00,  0.05,   92471262,   87529000,    4973000,  112714825, c++, elite, sing, 4
4878682.exe ,  1.94,  0.37,  0.33,  0.00,  0.05,   92512722,   85551000,    6963000,  112744921, c++, elite, sing, 4
4878682.exe ,  1.88,  0.37,  0.34,  0.00,  0.05,   94598991,   91619000,    2987000,  115328215, c++, elite, sing, 4
4878682.exe ,  1.88,  0.37,  0.34,  0.00,  0.05,   93811754,   89819000,    3991000,  114244893, c++, elite, sing, 4
4878682.exe ,  1.98,  0.37,  0.34,  0.00,  0.05,   94074895,   89071000,    5003000,  114318198, c++, elite, sing, 4
4878682.exe ,  1.91,  0.38,  0.34,  0.00,  0.05,   94627871,   89592000,    5033000,  115465679, c++, elite, sing, 4
4878682.exe ,  1.89,  0.37,  0.34,  0.00,  0.05,   93945433,   89912000,    4041000,  114556893, c++, elite, sing, 4
4888119.exe ,  1.68,  0.33,  0.30,  0.00,  0.04,   82550319,   75588000,    6962000,  102415582, c++, elite, sing, 4
4888119.exe ,  1.76,  0.33,  0.30,  0.00,  0.04,   82587761,   78555000,    3977000,  102559316, c++, elite, sing, 4
4888119.exe ,  1.68,  0.33,  0.30,  0.00,  0.05,   83072428,   78016000,    5001000,  102922365, c++, elite, sing, 4
4888119.exe ,  1.74,  0.33,  0.30,  0.00,  0.05,   84530470,   79674000,    4979000,  104575689, c++, elite, sing, 4
4888119.exe ,  1.66,  0.32,  0.30,  0.00,  0.04,   82362197,   78325000,    4016000,  102751446, c++, elite, sing, 4
4888119.exe ,  1.80,  0.33,  0.30,  0.00,  0.04,   83760108,   78745000,    4983000,  102139568, c++, elite, sing, 4
4888119.exe ,  1.69,  0.33,  0.30,  0.00,  0.05,   83653078,   78589000,    4974000,  103692687, c++, elite, sing, 4
4888119.exe ,  1.69,  0.33,  0.30,  0.00,  0.05,   83417912,   81335000,    2008000,  104107226, c++, elite, sing, 4
4888119.exe ,  1.69,  0.33,  0.30,  0.00,  0.04,   83925062,   76889000,    6989000,  104693653, c++, elite, sing, 4
4888119.exe ,  1.69,  0.33,  0.30,  0.00,  0.04,   82542189,   75492000,    7045000,  102456684, c++, elite, sing, 4
4909871.exe ,  2.58,  0.50,  0.46,  0.00,  0.10,  127278082,  116164000,   11015000,  147491969, c++, elite, sing, 4
4909871.exe ,  2.64,  0.52,  0.47,  0.00,  0.10,  129919919,  120829000,    9062000,  150137129, c++, elite, sing, 4
4909871.exe ,  2.60,  0.50,  0.45,  0.00,  0.10,  126564668,  115507000,   11048000,  146814176, c++, elite, sing, 4
4909871.exe ,  2.57,  0.50,  0.45,  0.00,  0.10,  125872717,  116868000,    8989000,  146024108, c++, elite, sing, 4
4909871.exe ,  2.57,  0.50,  0.45,  0.00,  0.10,  125627966,  114564000,   11054000,  145480120, c++, elite, sing, 4
4909871.exe ,  2.55,  0.50,  0.45,  0.00,  0.10,  126378179,  116423000,    9950000,  146467980, c++, elite, sing, 4
4909871.exe ,  2.56,  0.50,  0.45,  0.00,  0.10,  125669139,  113691000,   11967000,  146552025, c++, elite, sing, 4
4909871.exe ,  2.63,  0.51,  0.46,  0.00,  0.10,  128285283,  116188000,   12019000,  148403151, c++, elite, sing, 4
4909871.exe ,  2.58,  0.50,  0.46,  0.00,  0.10,  127353310,  118269000,    9020000,  147834921, c++, elite, sing, 4
4909871.exe ,  2.63,  0.51,  0.46,  0.00,  0.10,  128371895,  119333000,    9025000,  147898499, c++, elite, sing, 4
4958343.exe ,  5.01,  0.99,  0.90,  0.00,  0.13,  250489383,  244486000,    5987000,  271337613, c++, elite, sing, 4
4958343.exe ,  4.89,  0.98,  0.89,  0.00,  0.13,  247327308,  241194000,    5980000,  267648104, c++, elite, sing, 4
4958343.exe ,  4.96,  0.98,  0.89,  0.00,  0.13,  246547122,  242513000,    4008000,  266741159, c++, elite, sing, 4
4958343.exe ,  4.75,  0.96,  0.87,  0.00,  0.12,  241743907,  239725000,    2006000,  262574953, c++, elite, sing, 4
4958343.exe ,  5.06,  0.99,  0.90,  0.00,  0.13,  250658088,  246493000,    3991000,  270926113, c++, elite, sing, 4
4958343.exe ,  4.79,  0.96,  0.88,  0.00,  0.12,  243401822,  240346000,    3004000,  263540912, c++, elite, sing, 4
4958343.exe ,  4.81,  0.96,  0.88,  0.00,  0.13,  243288337,  237264000,    6006000,  263237136, c++, elite, sing, 4
4958343.exe ,  4.80,  0.95,  0.87,  0.00,  0.12,  241440934,  234343000,    7010000,  261358744, c++, elite, sing, 4
4958343.exe ,  4.81,  0.96,  0.88,  0.00,  0.13,  242946197,  236936000,    5998000,  263034335, c++, elite, sing, 4
4958343.exe ,  4.88,  0.96,  0.88,  0.00,  0.13,  242934991,  237920000,    4998000,  262497082, c++, elite, sing, 4
5160992.exe ,  1.91,  0.37,  0.34,  0.00,  0.05,   93491427,   89518000,    3978000,  114177775, c++, elite, sing, 4
5160992.exe ,  1.89,  0.37,  0.33,  0.00,  0.05,   92396596,   88430000,    3974000,  113097733, c++, elite, sing, 4
5160992.exe ,  1.81,  0.36,  0.33,  0.00,  0.05,   91340999,   88259000,    3008000,  111935085, c++, elite, sing, 4
5160992.exe ,  1.90,  0.36,  0.33,  0.00,  0.05,   90606604,   88607000,    2013000,  110651065, c++, elite, sing, 4
5160992.exe ,  1.83,  0.36,  0.33,  0.00,  0.05,   91060638,   89076000,    2001000,  110911840, c++, elite, sing, 4
5160992.exe ,  1.83,  0.36,  0.33,  0.00,  0.05,   91891553,   89818000,    2018000,  112078004, c++, elite, sing, 4
5160992.exe ,  1.81,  0.36,  0.33,  0.00,  0.05,   91267630,   87258000,    3966000,  111534019, c++, elite, sing, 4
5160992.exe ,  1.88,  0.36,  0.33,  0.00,  0.05,   91550216,   88543000,    3018000,  111784124, c++, elite, sing, 4
5160992.exe ,  1.91,  0.36,  0.33,  0.00,  0.05,   91791960,   89773000,    2017000,  112109543, c++, elite, sing, 4
5160992.exe ,  1.86,  0.36,  0.33,  0.00,  0.05,   90607048,   87601000,    2986000,  110701454, c++, elite, sing, 4
5253674.exe ,  4.94,  0.95,  0.87,  0.00,  0.12,  241163641,  236137000,    5002000,  261553216, c++, elite, sing, 4
5253674.exe ,  4.74,  0.93,  0.85,  0.00,  0.12,  236615434,  231553000,    5011000,  257384473, c++, elite, sing, 4
5253674.exe ,  5.01,  0.96,  0.87,  0.00,  0.13,  241630873,  238482000,    3006000,  262051240, c++, elite, sing, 4
5253674.exe ,  4.75,  0.95,  0.86,  0.00,  0.12,  239106363,  234089000,    5001000,  259518760, c++, elite, sing, 4
5253674.exe ,  5.34,  0.99,  0.90,  0.00,  0.13,  251130486,  240200000,    9966000,  271362178, c++, elite, sing, 4
5253674.exe ,  4.98,  0.96,  0.88,  0.00,  0.13,  242786253,  238768000,    3996000,  263490855, c++, elite, sing, 4
5253674.exe ,  4.76,  0.95,  0.87,  0.00,  0.12,  240048752,  235044000,    4979000,  260639969, c++, elite, sing, 4
5253674.exe ,  4.88,  0.96,  0.87,  0.00,  0.12,  240723185,  232646000,    7987000,  260923014, c++, elite, sing, 4
5253674.exe ,  4.83,  0.97,  0.88,  0.00,  0.13,  244839661,  240860000,    3981000,  265413969, c++, elite, sing, 4
5253674.exe ,  4.90,  0.96,  0.88,  0.00,  0.12,  242554379,  238531000,    4008000,  263139972, c++, elite, sing, 4
5266960.exe ,  5.25,  1.03,  0.94,  0.00,  0.14,  259420060,  252411000,    6983000,  279826991, c++, elite, sing, 4
5266960.exe ,  5.34,  1.03,  0.94,  0.00,  0.13,  259556532,  253539000,    6012000,  280206650, c++, elite, sing, 4
5266960.exe ,  5.24,  1.03,  0.94,  0.00,  0.13,  259525314,  252432000,    7012000,  280683230, c++, elite, sing, 4
5266960.exe ,  5.43,  1.04,  0.95,  0.00,  0.14,  262269275,  253252000,    8973000,  283011456, c++, elite, sing, 4
5266960.exe ,  5.18,  1.02,  0.93,  0.00,  0.13,  258673888,  245670000,   12982000,  279293203, c++, elite, sing, 4
5266960.exe ,  5.19,  1.02,  0.93,  0.00,  0.13,  257829362,  248779000,    8956000,  278188527, c++, elite, sing, 4
5266960.exe ,  5.39,  1.03,  0.93,  0.00,  0.13,  258917275,  249765000,    8991000,  279664476, c++, elite, sing, 4
5266960.exe ,  5.16,  1.02,  0.92,  0.00,  0.13,  256058905,  248031000,    8001000,  276601883, c++, elite, sing, 4
5266960.exe ,  5.30,  1.04,  0.94,  0.00,  0.14,  260926379,  252860000,    7995000,  281703465, c++, elite, sing, 4
5266960.exe ,  5.17,  1.03,  0.93,  0.00,  0.13,  259066527,  252954000,    6022000,  279422881, c++, elite, sing, 4
5400133.exe ,  1.91,  0.37,  0.34,  0.00,  0.05,   93561980,   87603000,    5972000,  114562970, c++, elite, sing, 4
5400133.exe ,  1.87,  0.37,  0.34,  0.00,  0.05,   92840303,   88854000,    3993000,  113115987, c++, elite, sing, 4
5400133.exe ,  1.89,  0.37,  0.34,  0.00,  0.05,   94678308,   91512000,    3016000,  113460657, c++, elite, sing, 4
5400133.exe ,  1.91,  0.37,  0.34,  0.00,  0.05,   93094398,   90108000,    3003000,  113996331, c++, elite, sing, 4
5400133.exe ,  2.01,  0.37,  0.34,  0.00,  0.05,   93406547,   88439000,    4968000,  113679865, c++, elite, sing, 4
5400133.exe ,  1.85,  0.37,  0.34,  0.00,  0.05,   93144594,   91190000,    1982000,  114046978, c++, elite, sing, 4
5400133.exe ,  1.88,  0.37,  0.34,  0.00,  0.05,   92910678,   89960000,    2965000,  113980164, c++, elite, sing, 4
5400133.exe ,  2.00,  0.37,  0.33,  0.00,  0.05,   92783491,   88754000,    4034000,  113544400, c++, elite, sing, 4
5400133.exe ,  1.90,  0.37,  0.34,  0.00,  0.05,   93055325,   90015000,    3000000,  113638522, c++, elite, sing, 4
5400133.exe ,  1.90,  0.37,  0.34,  0.00,  0.05,   93623589,   92623000,    1006000,  114361839, c++, elite, sing, 4
5470489.exe ,  1.73,  0.33,  0.30,  0.00,  0.04,   83199084,   77139000,    6010000,  103444277, c++, elite, sing, 4
5470489.exe ,  1.79,  0.33,  0.30,  0.00,  0.04,   83732436,   79755000,    3987000,  103928370, c++, elite, sing, 4
5470489.exe ,  1.70,  0.33,  0.30,  0.00,  0.05,   83340531,   79347000,    4017000,  103603951, c++, elite, sing, 4
5470489.exe ,  1.67,  0.33,  0.30,  0.00,  0.04,   83120570,   80126000,    3004000,  103679714, c++, elite, sing, 4
5470489.exe ,  1.72,  0.34,  0.30,  0.00,  0.04,   83635290,   80550000,    3020000,  104170881, c++, elite, sing, 4
5470489.exe ,  1.70,  0.34,  0.30,  0.00,  0.04,   84610669,   83602000,    1007000,  104522922, c++, elite, sing, 4
5470489.exe ,  1.74,  0.33,  0.30,  0.00,  0.05,   83508663,   81506000,    2012000,  103236087, c++, elite, sing, 4
5470489.exe ,  1.68,  0.33,  0.30,  0.00,  0.04,   83475459,   79459000,    4023000,  103421495, c++, elite, sing, 4
5470489.exe ,  1.77,  0.33,  0.30,  0.00,  0.04,   83189393,   78239000,    4951000,  103358876, c++, elite, sing, 4
5470489.exe ,  1.70,  0.34,  0.30,  0.00,  0.04,   84680606,   81612000,    3022000,  104671501, c++, elite, sing, 4
5473977.exe ,  1.75,  0.35,  0.32,  0.00,  0.05,   88510402,   84542000,    3978000,  108515479, c++, elite, sing, 4
5473977.exe ,  1.75,  0.35,  0.32,  0.00,  0.05,   88517695,   86520000,    2012000,  109430487, c++, elite, sing, 4
5473977.exe ,  1.85,  0.35,  0.32,  0.00,  0.05,   89894786,   85907000,    3995000,  110557762, c++, elite, sing, 4
5473977.exe ,  1.77,  0.35,  0.32,  0.00,  0.05,   88429767,   86424000,    2009000,  108842539, c++, elite, sing, 4
5473977.exe ,  1.78,  0.36,  0.32,  0.00,  0.05,   90064020,   87012000,    3000000,  110371432, c++, elite, sing, 4
5473977.exe ,  1.82,  0.35,  0.32,  0.00,  0.05,   88701673,   86715000,    1993000,  109079995, c++, elite, sing, 4
5473977.exe ,  1.88,  0.35,  0.32,  0.00,  0.05,   89914273,   85921000,    3996000,  110050571, c++, elite, sing, 4
5473977.exe ,  1.83,  0.35,  0.32,  0.00,  0.05,   88587148,   84503000,    4023000,  107472975, c++, elite, sing, 4
5473977.exe ,  1.86,  0.36,  0.32,  0.00,  0.05,   90276133,   87257000,    3008000,  110739437, c++, elite, sing, 4
5473977.exe ,  1.80,  0.34,  0.31,  0.00,  0.05,   87215224,   84154000,    3005000,  108093032, c++, elite, sing, 4
5494547.exe ,  1.97,  0.34,  0.31,  0.00,  0.05,   86859662,   79938000,    6908000,  106605433, c++, elite, sing, 4
5494547.exe ,  1.77,  0.35,  0.31,  0.00,  0.05,   86709305,   83696000,    3025000,  106573830, c++, elite, sing, 4
5494547.exe ,  1.70,  0.34,  0.31,  0.00,  0.04,   86229914,   83234000,    3008000,  106532117, c++, elite, sing, 4
5494547.exe ,  1.75,  0.34,  0.31,  0.00,  0.05,   86739281,   82765000,    3988000,  107640346, c++, elite, sing, 4
5494547.exe ,  1.77,  0.34,  0.31,  0.00,  0.05,   86171923,   85186000,    1002000,  106313470, c++, elite, sing, 4
5494547.exe ,  1.74,  0.33,  0.31,  0.00,  0.04,   85742929,   80771000,    4985000,  106083119, c++, elite, sing, 4
5494547.exe ,  1.73,  0.34,  0.31,  0.00,  0.04,   86357700,   83342000,    2976000,  106861317, c++, elite, sing, 4
5494547.exe ,  1.85,  0.34,  0.31,  0.00,  0.04,   85468361,   81468000,    4023000,  107140527, c++, elite, sing, 4
5494547.exe ,  1.76,  0.34,  0.31,  0.00,  0.05,   85144396,   83146000,    2003000,  105390745, c++, elite, sing, 4
5494547.exe ,  1.70,  0.33,  0.30,  0.00,  0.04,   84543416,   78587000,    5968000,  104812923, c++, elite, sing, 4
5550352.exe ,  1.71,  0.34,  0.31,  0.00,  0.04,   85190850,   82205000,    3007000,  105393889, c++, elite, sing, 4
5550352.exe ,  1.71,  0.34,  0.30,  0.00,  0.04,   84609823,   81458000,    2980000,  104969977, c++, elite, sing, 4
5550352.exe ,  1.74,  0.34,  0.31,  0.00,  0.04,   85588799,   82616000,    2986000,  106748531, c++, elite, sing, 4
5550352.exe ,  1.72,  0.34,  0.31,  0.00,  0.05,   86027075,   81027000,    5001000,  106558166, c++, elite, sing, 4
5550352.exe ,  1.71,  0.34,  0.30,  0.00,  0.04,   84502568,   81492000,    3018000,  104893108, c++, elite, sing, 4
5550352.exe ,  1.80,  0.34,  0.31,  0.00,  0.04,   84987835,   80996000,    3999000,  105467665, c++, elite, sing, 4
5550352.exe ,  1.71,  0.33,  0.31,  0.00,  0.04,   85616707,   85502000,          0,  105989601, c++, elite, sing, 4
5550352.exe ,  1.69,  0.33,  0.30,  0.00,  0.05,   84777015,   82750000,    2018000,  104918403, c++, elite, sing, 4
5550352.exe ,  1.79,  0.34,  0.31,  0.00,  0.05,   85362109,   81354000,    4017000,  105538138, c++, elite, sing, 4
5550352.exe ,  1.83,  0.34,  0.31,  0.00,  0.04,   86234445,   85239000,    1002000,  106351695, c++, elite, sing, 4
5755609.exe ,  1.92,  0.38,  0.35,  0.00,  0.05,   95792344,   89882000,    5926000,  116284434, c++, elite, sing, 4
5755609.exe ,  1.98,  0.38,  0.34,  0.00,  0.05,   95380483,   87421000,    7947000,  115783312, c++, elite, sing, 4
5755609.exe ,  1.98,  0.37,  0.34,  0.00,  0.05,   94321182,   91315000,    3010000,  114875287, c++, elite, sing, 4
5755609.exe ,  1.90,  0.37,  0.34,  0.00,  0.05,   94336673,   90323000,    4014000,  114604747, c++, elite, sing, 4
5755609.exe ,  1.93,  0.38,  0.35,  0.00,  0.05,   96176990,   91173000,    5009000,  116807928, c++, elite, sing, 4
5755609.exe ,  1.97,  0.38,  0.34,  0.00,  0.05,   94828092,   90900000,    3952000,  115685543, c++, elite, sing, 4
5755609.exe ,  1.96,  0.38,  0.35,  0.00,  0.05,   96892034,   91892000,    4994000,  117506979, c++, elite, sing, 4
5755609.exe ,  1.96,  0.39,  0.35,  0.00,  0.05,   96141008,   89133000,    7010000,  116922990, c++, elite, sing, 4
5755609.exe ,  2.06,  0.38,  0.35,  0.00,  0.05,   96018305,   91081000,    4950000,  116717567, c++, elite, sing, 4
5755609.exe ,  1.93,  0.38,  0.35,  0.00,  0.05,   95631114,   88746000,    6902000,  116593328, c++, elite, sing, 4
576026.exe  ,  1.93,  0.36,  0.32,  0.00,  0.05,   89437166,   82479000,    6956000,  109350976, c++, elite, sing, 4
576026.exe  ,  1.85,  0.35,  0.32,  0.00,  0.05,   89701411,   79615000,   10077000,  109915291, c++, elite, sing, 4
576026.exe  ,  1.89,  0.36,  0.33,  0.00,  0.05,   90972088,   84859000,    5990000,  111332445, c++, elite, sing, 4
576026.exe  ,  1.85,  0.36,  0.33,  0.00,  0.05,   91320015,   84312000,    6943000,  111834895, c++, elite, sing, 4
576026.exe  ,  1.80,  0.36,  0.33,  0.00,  0.05,   90387633,   83312000,    7026000,  110712258, c++, elite, sing, 4
576026.exe  ,  1.79,  0.35,  0.32,  0.00,  0.05,   90190868,   85143000,    5008000,  110823053, c++, elite, sing, 4
576026.exe  ,  1.83,  0.36,  0.33,  0.00,  0.05,   91243402,   82222000,    9024000,  112064906, c++, elite, sing, 4
576026.exe  ,  1.93,  0.36,  0.33,  0.00,  0.05,   91291709,   87284000,    4013000,  112310240, c++, elite, sing, 4
576026.exe  ,  1.78,  0.35,  0.32,  0.00,  0.05,   89706851,   82732000,    6977000,  110079645, c++, elite, sing, 4
576026.exe  ,  1.82,  0.36,  0.33,  0.00,  0.05,   91375579,   85346000,    6024000,  111924323, c++, elite, sing, 4
5794115.exe ,  1.86,  0.37,  0.33,  0.00,  0.05,   92674335,   86609000,    6042000,  113124795, c++, elite, sing, 4
5794115.exe ,  1.89,  0.37,  0.33,  0.00,  0.05,   91346148,   87296000,    4013000,  112395083, c++, elite, sing, 4
5794115.exe ,  1.84,  0.37,  0.33,  0.00,  0.05,   92580458,   87541000,    4973000,  113115975, c++, elite, sing, 4
5794115.exe ,  1.85,  0.37,  0.33,  0.00,  0.05,   93014328,   88009000,    5000000,  113661070, c++, elite, sing, 4
5794115.exe ,  1.96,  0.37,  0.34,  0.00,  0.05,   93078759,   91021000,    2000000,  114133326, c++, elite, sing, 4
5794115.exe ,  1.88,  0.37,  0.34,  0.00,  0.05,   94247133,   89234000,    5013000,  115092712, c++, elite, sing, 4
5794115.exe ,  1.87,  0.37,  0.34,  0.00,  0.05,   93955504,   90946000,    2998000,  114760187, c++, elite, sing, 4
5794115.exe ,  1.84,  0.37,  0.34,  0.00,  0.05,   92854974,   86862000,    5990000,  113423929, c++, elite, sing, 4
5794115.exe ,  1.88,  0.38,  0.34,  0.00,  0.05,   94550504,   89475000,    5026000,  115250716, c++, elite, sing, 4
5794115.exe ,  1.89,  0.38,  0.34,  0.00,  0.05,   94302586,   90272000,    4012000,  114968697, c++, elite, sing, 4
596008.exe  ,  1.70,  0.33,  0.30,  0.00,  0.04,   83394906,   78372000,    5023000,  104340942, c++, elite, sing, 4
596008.exe  ,  1.69,  0.34,  0.30,  0.00,  0.05,   84381129,   81370000,    3013000,  104926231, c++, elite, sing, 4
596008.exe  ,  1.76,  0.33,  0.30,  0.00,  0.05,   84133024,   79128000,    5008000,  104800239, c++, elite, sing, 4
596008.exe  ,  1.70,  0.33,  0.30,  0.00,  0.05,   84553567,   79528000,    5033000,  105223846, c++, elite, sing, 4
596008.exe  ,  1.68,  0.33,  0.30,  0.00,  0.04,   83919231,   77840000,    6065000,  104315860, c++, elite, sing, 4
596008.exe  ,  1.74,  0.33,  0.30,  0.00,  0.04,   84339659,   79308000,    5019000,  105057361, c++, elite, sing, 4
596008.exe  ,  1.66,  0.33,  0.30,  0.00,  0.05,   83602337,   76634000,    6966000,  104477500, c++, elite, sing, 4
596008.exe  ,  1.66,  0.33,  0.30,  0.00,  0.05,   83708741,   77812000,    5909000,  104216221, c++, elite, sing, 4
596008.exe  ,  1.66,  0.33,  0.30,  0.00,  0.04,   82844070,   79843000,    2994000,  103265310, c++, elite, sing, 4
596008.exe  ,  1.75,  0.33,  0.30,  0.00,  0.04,   83795392,   78816000,    4988000,  104391561, c++, elite, sing, 4
5961211.exe ,  1.95,  0.39,  0.35,  0.00,  0.05,   97609443,   94632000,    2988000,  118596309, c++, elite, sing, 4
5961211.exe ,  2.00,  0.38,  0.35,  0.00,  0.05,   96993986,   94901000,    2019000,  117686918, c++, elite, sing, 4
5961211.exe ,  1.90,  0.38,  0.35,  0.00,  0.05,   96284108,   91208000,    5011000,  116974290, c++, elite, sing, 4
5961211.exe ,  1.95,  0.38,  0.35,  0.00,  0.05,   96231488,   89181000,    7014000,  116493362, c++, elite, sing, 4
5961211.exe ,  1.95,  0.38,  0.35,  0.00,  0.05,   95923235,   90877000,    5048000,  116491496, c++, elite, sing, 4
5961211.exe ,  1.95,  0.38,  0.34,  0.00,  0.05,   95273215,   91248000,    4010000,  115909303, c++, elite, sing, 4
5961211.exe ,  2.04,  0.38,  0.35,  0.00,  0.05,   95830600,   90762000,    4986000,  116409231, c++, elite, sing, 4
5961211.exe ,  1.94,  0.38,  0.35,  0.00,  0.05,   96324827,   89288000,    7022000,  116521225, c++, elite, sing, 4
5961211.exe ,  1.92,  0.38,  0.35,  0.00,  0.05,   96492750,   89414000,    6954000,  117028703, c++, elite, sing, 4
5961211.exe ,  2.00,  0.39,  0.35,  0.00,  0.05,   96680517,   92642000,    3984000,  117619804, c++, elite, sing, 4
5975913.exe ,  1.80,  0.36,  0.32,  0.00,  0.05,   90180121,   86161000,    4007000,  110076537, c++, elite, sing, 4
5975913.exe ,  1.81,  0.36,  0.33,  0.00,  0.05,   90375813,   88376000,    1985000,  110546799, c++, elite, sing, 4
5975913.exe ,  1.81,  0.36,  0.33,  0.00,  0.05,   90682163,   84701000,    5978000,  111229618, c++, elite, sing, 4
5975913.exe ,  1.76,  0.35,  0.32,  0.00,  0.05,   89527262,   87465000,    2010000,  110461541, c++, elite, sing, 4
5975913.exe ,  1.88,  0.35,  0.32,  0.00,  0.05,   88561775,   83566000,    4974000,  108902001, c++, elite, sing, 4
5975913.exe ,  1.80,  0.35,  0.32,  0.00,  0.05,   89532500,   87511000,    2011000,  110354064, c++, elite, sing, 4
5975913.exe ,  1.77,  0.35,  0.32,  0.00,  0.05,   89152277,   85151000,    4007000,  109304613, c++, elite, sing, 4
5975913.exe ,  1.78,  0.35,  0.32,  0.00,  0.05,   88945739,   87926000,    1010000,  109227881, c++, elite, sing, 4
5975913.exe ,  1.79,  0.36,  0.32,  0.00,  0.05,   89070670,   84078000,    5004000,  109356110, c++, elite, sing, 4
5975913.exe ,  1.79,  0.36,  0.32,  0.00,  0.05,   89558490,   87556000,    2012000,  109722086, c++, elite, sing, 4
5976780.exe ,  1.86,  0.37,  0.34,  0.00,  0.05,   93031122,   89020000,    4000000,  113274818, c++, elite, sing, 4
5976780.exe ,  1.83,  0.36,  0.33,  0.00,  0.05,   91738748,   87714000,    4032000,  112553278, c++, elite, sing, 4
5976780.exe ,  1.89,  0.37,  0.33,  0.00,  0.05,   92359474,   89319000,    3010000,  112641658, c++, elite, sing, 4
5976780.exe ,  1.84,  0.37,  0.34,  0.00,  0.05,   93111559,   89103000,    4004000,  113467169, c++, elite, sing, 4
5976780.exe ,  1.84,  0.37,  0.33,  0.00,  0.05,   92686512,   90669000,    2014000,  113155844, c++, elite, sing, 4
5976780.exe ,  1.94,  0.37,  0.33,  0.00,  0.05,   92401647,   90415000,    1987000,  114450226, c++, elite, sing, 4
5976780.exe ,  1.85,  0.37,  0.33,  0.00,  0.05,   92525115,   87552000,    4974000,  112728569, c++, elite, sing, 4
5976780.exe ,  1.90,  0.37,  0.34,  0.00,  0.05,   93268310,   88207000,    5011000,  113196309, c++, elite, sing, 4
5976780.exe ,  1.85,  0.37,  0.34,  0.00,  0.05,   93123324,   88116000,    5006000,  114313670, c++, elite, sing, 4
5976780.exe ,  1.85,  0.37,  0.33,  0.00,  0.05,   92581413,   84613000,    7963000,  113518656, c++, elite, sing, 4
5976816.exe ,  4.85,  0.99,  0.90,  0.00,  0.13,  249204917,  244148000,    5003000,  269473923, c++, elite, sing, 4
5976816.exe ,  4.88,  0.95,  0.87,  0.00,  0.13,  240415138,  234388000,    6009000,  260408121, c++, elite, sing, 4
5976816.exe ,  4.77,  0.96,  0.88,  0.00,  0.13,  242703486,  240674000,    2005000,  262933815, c++, elite, sing, 4
5976816.exe ,  4.91,  0.97,  0.88,  0.00,  0.13,  245249500,  242092000,    3001000,  265365057, c++, elite, sing, 4
5976816.exe ,  4.78,  0.97,  0.89,  0.00,  0.13,  245252333,  241255000,    3987000,  265484503, c++, elite, sing, 4
5976816.exe ,  4.86,  0.96,  0.88,  0.00,  0.13,  242529519,  234388000,    7979000,  263212626, c++, elite, sing, 4
5976816.exe ,  4.75,  0.97,  0.88,  0.00,  0.13,  244162614,  236138000,    8004000,  264653570, c++, elite, sing, 4
5976816.exe ,  4.75,  0.96,  0.87,  0.00,  0.13,  241839615,  234754000,    6992000,  262034316, c++, elite, sing, 4
5976816.exe ,  4.87,  0.95,  0.87,  0.00,  0.12,  241234063,  237117000,    4001000,  261099034, c++, elite, sing, 4
5976816.exe ,  4.76,  0.96,  0.87,  0.00,  0.13,  241199705,  235168000,    6004000,  261354820, c++, elite, sing, 4
5978424.exe ,  4.87,  0.98,  0.90,  0.00,  0.13,  248518983,  241488000,    7014000,  269708368, c++, elite, sing, 4
5978424.exe ,  4.97,  0.99,  0.90,  0.00,  0.13,  248081334,  246058000,    2000000,  268559843, c++, elite, sing, 4
5978424.exe ,  5.04,  0.98,  0.89,  0.00,  0.13,  245771404,  239735000,    5993000,  266005824, c++, elite, sing, 4
5978424.exe ,  4.83,  0.96,  0.87,  0.00,  0.12,  241794264,  235624000,    6015000,  262036259, c++, elite, sing, 4
5978424.exe ,  4.95,  0.95,  0.87,  0.00,  0.12,  240218859,  234185000,    6004000,  260270497, c++, elite, sing, 4
5978424.exe ,  4.89,  0.97,  0.88,  0.00,  0.13,  244781003,  239765000,    4995000,  265272917, c++, elite, sing, 4
5978424.exe ,  4.93,  0.95,  0.87,  0.00,  0.12,  240699470,  236688000,    3994000,  261058050, c++, elite, sing, 4
5978424.exe ,  4.93,  0.98,  0.89,  0.00,  0.13,  246824499,  239600000,    7017000,  266910986, c++, elite, sing, 4
5978424.exe ,  4.92,  0.95,  0.86,  0.00,  0.12,  238920833,  230867000,    7995000,  259370553, c++, elite, sing, 4
5978424.exe ,  4.82,  0.96,  0.87,  0.00,  0.12,  240240813,  235215000,    5004000,  260477916, c++, elite, sing, 4
5979286.exe ,  1.84,  0.36,  0.33,  0.00,  0.05,   91145169,   86144000,    5008000,  111148381, c++, elite, sing, 4
5979286.exe ,  1.86,  0.36,  0.33,  0.00,  0.05,   91838780,   87851000,    3993000,  112540779, c++, elite, sing, 4
5979286.exe ,  1.96,  0.36,  0.33,  0.00,  0.05,   91967907,   88969000,    2998000,  112219687, c++, elite, sing, 4
5979286.exe ,  1.85,  0.36,  0.33,  0.00,  0.05,   90963872,   86972000,    3998000,  111083965, c++, elite, sing, 4
5979286.exe ,  1.84,  0.36,  0.33,  0.00,  0.05,   90703250,   87689000,    3023000,  111626541, c++, elite, sing, 4
5979286.exe ,  1.81,  0.35,  0.32,  0.00,  0.05,   89858515,   86841000,    2994000,  109864143, c++, elite, sing, 4
5979286.exe ,  1.89,  0.36,  0.33,  0.00,  0.05,   90960221,   87961000,    2998000,  111289188, c++, elite, sing, 4
5979286.exe ,  1.82,  0.36,  0.32,  0.00,  0.05,   90034273,   88026000,    2000000,  110159618, c++, elite, sing, 4
5979286.exe ,  1.83,  0.36,  0.33,  0.00,  0.05,   90212683,   87195000,    3006000,  110488151, c++, elite, sing, 4
5979286.exe ,  1.96,  0.37,  0.33,  0.00,  0.05,   92142994,   89143000,    3004000,  112424271, c++, elite, sing, 4
5979571.exe ,  1.88,  0.37,  0.33,  0.00,  0.05,   92386974,   89377000,    3012000,  112538207, c++, elite, sing, 4
5979571.exe ,  1.83,  0.36,  0.33,  0.00,  0.05,   91302118,   89307000,    2006000,  111997020, c++, elite, sing, 4
5979571.exe ,  1.95,  0.37,  0.34,  0.00,  0.05,   93017963,   88016000,    5000000,  113876101, c++, elite, sing, 4
5979571.exe ,  1.84,  0.36,  0.33,  0.00,  0.05,   91581674,   87558000,    4025000,  112041673, c++, elite, sing, 4
5979571.exe ,  1.86,  0.37,  0.34,  0.00,  0.05,   93038077,   90086000,    2969000,  113513610, c++, elite, sing, 4
5979571.exe ,  1.94,  0.37,  0.33,  0.00,  0.05,   93013462,   89015000,    4000000,  113919276, c++, elite, sing, 4
5979571.exe ,  1.87,  0.37,  0.33,  0.00,  0.05,   91669317,   88515000,    2983000,  112231280, c++, elite, sing, 4
5979571.exe ,  1.84,  0.37,  0.33,  0.00,  0.05,   91560079,   87582000,    3981000,  111338831, c++, elite, sing, 4
5979571.exe ,  1.84,  0.36,  0.33,  0.00,  0.05,   92039045,   90034000,    2000000,  112744788, c++, elite, sing, 4
5979571.exe ,  1.85,  0.36,  0.33,  0.00,  0.05,   90317441,   88306000,    2006000,  110511851, c++, elite, sing, 4
5980827.exe ,  4.85,  0.97,  0.88,  0.00,  0.13,  244871700,  239833000,    5017000,  264889580, c++, elite, sing, 4
5980827.exe ,  5.00,  0.98,  0.89,  0.00,  0.13,  246821493,  240805000,    5995000,  267325308, c++, elite, sing, 4
5980827.exe ,  4.87,  0.98,  0.89,  0.00,  0.13,  247615390,  247496000,          0,  267940766, c++, elite, sing, 4
5980827.exe ,  4.96,  0.97,  0.88,  0.00,  0.13,  244259669,  238123000,    6003000,  264294265, c++, elite, sing, 4
5980827.exe ,  4.83,  0.97,  0.88,  0.00,  0.13,  244025484,  239001000,    5000000,  264171250, c++, elite, sing, 4
5980827.exe ,  4.98,  0.98,  0.89,  0.00,  0.13,  247416215,  244389000,    3004000,  267985891, c++, elite, sing, 4
5980827.exe ,  4.96,  0.99,  0.90,  0.00,  0.13,  249556798,  246531000,    3006000,  269688121, c++, elite, sing, 4
5980827.exe ,  5.00,  0.99,  0.90,  0.00,  0.13,  249448457,  246353000,    3004000,  269894228, c++, elite, sing, 4
5980827.exe ,  4.93,  0.98,  0.89,  0.00,  0.13,  247608475,  243537000,    3992000,  268012993, c++, elite, sing, 4
5980827.exe ,  4.78,  0.96,  0.88,  0.00,  0.13,  242549884,  239528000,    3006000,  262634061, c++, elite, sing, 4
5981368.exe ,  1.90,  0.38,  0.34,  0.00,  0.05,   93741402,   89832000,    3948000,  114532414, c++, elite, sing, 4
5981368.exe ,  2.01,  0.38,  0.34,  0.00,  0.05,   94921434,   91922000,    2997000,  115480553, c++, elite, sing, 4
5981368.exe ,  1.91,  0.38,  0.35,  0.00,  0.05,   95452089,   91338000,    3971000,  115724595, c++, elite, sing, 4
5981368.exe ,  1.86,  0.37,  0.34,  0.00,  0.05,   94671385,   89752000,    4931000,  115156390, c++, elite, sing, 4
5981368.exe ,  1.88,  0.37,  0.34,  0.00,  0.05,   93694514,   90711000,    2990000,  114162097, c++, elite, sing, 4
5981368.exe ,  1.88,  0.37,  0.34,  0.00,  0.05,   94010492,   89999000,    3999000,  113801848, c++, elite, sing, 4
5981368.exe ,  1.87,  0.37,  0.34,  0.00,  0.05,   94081934,   92081000,    2001000,  114245996, c++, elite, sing, 4
5981368.exe ,  1.89,  0.38,  0.34,  0.00,  0.05,   94417841,   92414000,    2009000,  113627627, c++, elite, sing, 4
5981368.exe ,  2.01,  0.38,  0.34,  0.00,  0.05,   94841639,   91855000,    2995000,  115194337, c++, elite, sing, 4
5981368.exe ,  1.87,  0.37,  0.34,  0.00,  0.05,   93985176,   90980000,    2999000,  114411868, c++, elite, sing, 4
5987243.exe ,  1.75,  0.34,  0.32,  0.00,  0.05,   87589078,   81629000,    5972000,  108155936, c++, elite, sing, 4
5987243.exe ,  1.76,  0.35,  0.32,  0.00,  0.05,   88086512,   83166000,    5010000,  108526867, c++, elite, sing, 4
5987243.exe ,  1.92,  0.35,  0.32,  0.00,  0.05,   88795702,   86791000,    2018000,  108864128, c++, elite, sing, 4
5987243.exe ,  1.82,  0.35,  0.32,  0.00,  0.05,   87702683,   86703000,    1008000,  107793779, c++, elite, sing, 4
5987243.exe ,  1.75,  0.34,  0.31,  0.00,  0.05,   87661616,   83667000,    4032000,  107736675, c++, elite, sing, 4
5987243.exe ,  1.74,  0.34,  0.31,  0.00,  0.05,   87158779,   87174000,          0,  107564661, c++, elite, sing, 4
5987243.exe ,  1.76,  0.35,  0.32,  0.00,  0.05,   87723236,   85736000,    1993000,  108095999, c++, elite, sing, 4
5987243.exe ,  1.76,  0.35,  0.32,  0.00,  0.05,   89114430,   87088000,    2002000,  109736498, c++, elite, sing, 4
5987243.exe ,  1.76,  0.35,  0.32,  0.00,  0.05,   89444807,   85425000,    4020000,  110016701, c++, elite, sing, 4
5987243.exe ,  1.89,  0.35,  0.32,  0.00,  0.05,   88689118,   86707000,    1993000,  109301908, c++, elite, sing, 4
5990492.exe ,  4.83,  0.95,  0.86,  0.00,  0.12,  239465233,  237455000,    1995000,  259511369, c++, elite, sing, 4
5990492.exe ,  4.70,  0.95,  0.87,  0.00,  0.13,  240907429,  237885000,    2998000,  261263809, c++, elite, sing, 4
5990492.exe ,  4.84,  0.96,  0.88,  0.00,  0.13,  243230634,  239095000,    4001000,  263599299, c++, elite, sing, 4
5990492.exe ,  4.72,  0.94,  0.86,  0.00,  0.12,  238671697,  234536000,    3975000,  259140917, c++, elite, sing, 4
5990492.exe ,  4.73,  0.95,  0.87,  0.00,  0.12,  241020410,  238010000,    3000000,  261636421, c++, elite, sing, 4
5990492.exe ,  4.95,  0.96,  0.87,  0.00,  0.13,  241900913,  239857000,    1998000,  262346235, c++, elite, sing, 4
5990492.exe ,  4.90,  0.97,  0.88,  0.00,  0.13,  245239007,  242213000,    3002000,  265510128, c++, elite, sing, 4
5990492.exe ,  4.91,  0.95,  0.86,  0.00,  0.12,  238463274,  233383000,    5008000,  258312312, c++, elite, sing, 4
5990492.exe ,  4.77,  0.95,  0.86,  0.00,  0.12,  238632047,  237563000,    1002000,  259059775, c++, elite, sing, 4
5990492.exe ,  4.80,  0.95,  0.86,  0.00,  0.12,  239171499,  235052000,    4000000,  259224953, c++, elite, sing, 4
6040995.exe ,  4.98,  1.01,  0.92,  0.00,  0.13,  255233971,  247079000,    8002000,  276304071, c++, elite, sing, 4
6040995.exe ,  4.94,  1.00,  0.91,  0.00,  0.13,  251934467,  242850000,    8994000,  272198650, c++, elite, sing, 4
6040995.exe ,  5.16,  1.02,  0.93,  0.00,  0.13,  257402490,  251359000,    6008000,  278219856, c++, elite, sing, 4
6040995.exe ,  5.02,  1.02,  0.92,  0.00,  0.14,  255898099,  249870000,    6020000,  276195573, c++, elite, sing, 4
6040995.exe ,  5.16,  0.99,  0.90,  0.00,  0.13,  250607318,  244528000,    6012000,  270944166, c++, elite, sing, 4
6040995.exe ,  5.05,  1.00,  0.91,  0.00,  0.13,  252864046,  242738000,   10030000,  273195402, c++, elite, sing, 4
6040995.exe ,  5.08,  1.00,  0.91,  0.00,  0.13,  253512961,  244442000,    9016000,  273985294, c++, elite, sing, 4
6040995.exe ,  4.98,  1.00,  0.91,  0.00,  0.13,  253020592,  244990000,    7999000,  273501552, c++, elite, sing, 4
6040995.exe ,  4.94,  0.99,  0.91,  0.00,  0.13,  251232977,  241185000,   10007000,  270480249, c++, elite, sing, 4
6040995.exe ,  5.13,  1.01,  0.92,  0.00,  0.13,  254999994,  248969000,    5999000,  275694497, c++, elite, sing, 4
6236007.exe ,  1.94,  0.37,  0.33,  0.00,  0.05,   92015097,   86008000,    6000000,  111967378, c++, elite, sing, 4
6236007.exe ,  1.88,  0.36,  0.33,  0.00,  0.05,   91605790,   88631000,    2987000,  112030651, c++, elite, sing, 4
6236007.exe ,  1.88,  0.37,  0.34,  0.00,  0.05,   93055709,   86055000,    7004000,  113196920, c++, elite, sing, 4
6236007.exe ,  1.99,  0.36,  0.33,  0.00,  0.05,   91670439,   87649000,    4029000,  111904671, c++, elite, sing, 4
6236007.exe ,  1.94,  0.37,  0.33,  0.00,  0.05,   92951631,   87927000,    4995000,  113359474, c++, elite, sing, 4
6236007.exe ,  2.02,  0.38,  0.35,  0.00,  0.05,   96566300,   92508000,    4022000,  116700700, c++, elite, sing, 4
6236007.exe ,  1.87,  0.37,  0.33,  0.00,  0.05,   91782103,   83717000,    8069000,  112667122, c++, elite, sing, 4
6236007.exe ,  1.88,  0.36,  0.33,  0.00,  0.05,   91931040,   84943000,    6995000,  112229237, c++, elite, sing, 4
6236007.exe ,  1.89,  0.36,  0.33,  0.00,  0.05,   92299729,   86272000,    6019000,  112814377, c++, elite, sing, 4
6236007.exe ,  1.88,  0.36,  0.33,  0.00,  0.05,   91941564,   88937000,    3031000,  112227057, c++, elite, sing, 4
6322230.exe ,  5.13,  0.98,  0.89,  0.00,  0.13,  246800375,  243780000,    2997000,  267361325, c++, elite, sing, 4
6322230.exe ,  4.89,  0.97,  0.88,  0.00,  0.13,  243656420,  239565000,    4009000,  263955131, c++, elite, sing, 4
6322230.exe ,  5.08,  0.99,  0.90,  0.00,  0.13,  249742528,  246756000,    2984000,  270371403, c++, elite, sing, 4
6322230.exe ,  4.84,  0.96,  0.88,  0.00,  0.13,  243454278,  241263000,    1993000,  263731958, c++, elite, sing, 4
6322230.exe ,  5.06,  0.96,  0.88,  0.00,  0.13,  243000417,  240013000,    2987000,  263820741, c++, elite, sing, 4
6322230.exe ,  5.00,  0.98,  0.90,  0.00,  0.13,  248395508,  246374000,    2003000,  269050461, c++, elite, sing, 4
6322230.exe ,  4.96,  0.97,  0.88,  0.00,  0.13,  243444721,  240436000,    2992000,  264163799, c++, elite, sing, 4
6322230.exe ,  4.93,  0.96,  0.88,  0.00,  0.12,  243504027,  238403000,    5008000,  263623369, c++, elite, sing, 4
6322230.exe ,  4.83,  0.97,  0.88,  0.00,  0.13,  243843885,  236833000,    6995000,  264449030, c++, elite, sing, 4
6322230.exe ,  4.95,  0.96,  0.87,  0.00,  0.13,  242431975,  237381000,    4987000,  263217654, c++, elite, sing, 4
6463124.exe ,  2.83,  0.53,  0.48,  0.00,  0.10,  134731962,  123683000,   11061000,  155695394, c++, elite, sing, 4
6463124.exe ,  2.77,  0.53,  0.48,  0.00,  0.10,  134291642,  126269000,    8017000,  155474910, c++, elite, sing, 4
6463124.exe ,  2.74,  0.53,  0.47,  0.00,  0.10,  132923106,  122859000,    9988000,  153437573, c++, elite, sing, 4
6463124.exe ,  2.72,  0.53,  0.48,  0.00,  0.10,  133153526,  124070000,    9005000,  153173246, c++, elite, sing, 4
6463124.exe ,  2.77,  0.52,  0.47,  0.00,  0.10,  132493367,  119425000,   12937000,  152686499, c++, elite, sing, 4
6463124.exe ,  2.79,  0.54,  0.49,  0.00,  0.10,  135379205,  125312000,   10024000,  156144738, c++, elite, sing, 4
6463124.exe ,  2.72,  0.53,  0.48,  0.00,  0.10,  133684354,  118711000,   14963000,  153148945, c++, elite, sing, 4
6463124.exe ,  2.87,  0.53,  0.48,  0.00,  0.10,  134372423,  127233000,    7012000,  155338997, c++, elite, sing, 4
6463124.exe ,  2.81,  0.54,  0.48,  0.00,  0.10,  134406014,  124359000,   10028000,  155365663, c++, elite, sing, 4
6463124.exe ,  2.82,  0.53,  0.48,  0.00,  0.10,  133942356,  125856000,    8054000,  154506736, c++, elite, sing, 4
6521284.exe ,  1.80,  0.35,  0.32,  0.00,  0.05,   88882656,   83826000,    4989000,  109102895, c++, elite, sing, 4
6521284.exe ,  1.86,  0.36,  0.32,  0.00,  0.05,   89767328,   82694000,    6974000,  110110663, c++, elite, sing, 4
6521284.exe ,  1.84,  0.36,  0.33,  0.00,  0.05,   92088985,   87071000,    5004000,  112312748, c++, elite, sing, 4
6521284.exe ,  1.83,  0.36,  0.33,  0.00,  0.05,   90547134,   87526000,    3018000,  110915201, c++, elite, sing, 4
6521284.exe ,  2.03,  0.37,  0.33,  0.00,  0.05,   92871260,   88874000,    3994000,  113493563, c++, elite, sing, 4
6521284.exe ,  1.80,  0.36,  0.32,  0.00,  0.05,   89900453,   83904000,    5993000,  110354900, c++, elite, sing, 4
6521284.exe ,  1.81,  0.36,  0.33,  0.00,  0.05,   90035208,   80159000,    9896000,  111271409, c++, elite, sing, 4
6521284.exe ,  1.80,  0.36,  0.33,  0.00,  0.05,   90068252,   88064000,    2001000,  110677557, c++, elite, sing, 4
6521284.exe ,  1.84,  0.36,  0.32,  0.00,  0.05,   89674877,   85709000,    3986000,  110425374, c++, elite, sing, 4
6521284.exe ,  1.82,  0.36,  0.33,  0.00,  0.05,   91050231,   87016000,    4000000,  111452201, c++, elite, sing, 4
703894.exe  ,  4.99,  0.98,  0.89,  0.00,  0.13,  247703439,  243685000,    3994000,  268603035, c++, elite, sing, 4
703894.exe  ,  5.01,  0.98,  0.89,  0.00,  0.13,  247544645,  243523000,    3992000,  268012712, c++, elite, sing, 4
703894.exe  ,  4.93,  0.96,  0.88,  0.00,  0.12,  243277962,  237252000,    6006000,  263825023, c++, elite, sing, 4
703894.exe  ,  4.96,  0.97,  0.89,  0.00,  0.13,  245381854,  243244000,    1993000,  265696528, c++, elite, sing, 4
703894.exe  ,  5.08,  0.98,  0.89,  0.00,  0.13,  247446118,  242387000,    4987000,  267554581, c++, elite, sing, 4
703894.exe  ,  4.86,  0.98,  0.89,  0.00,  0.13,  246507313,  245445000,     997000,  267073035, c++, elite, sing, 4
703894.exe  ,  4.99,  0.96,  0.88,  0.00,  0.12,  242335040,  241253000,    1001000,  262768221, c++, elite, sing, 4
703894.exe  ,  4.79,  0.96,  0.87,  0.00,  0.13,  241866763,  236546000,    4990000,  262331487, c++, elite, sing, 4
703894.exe  ,  4.90,  0.97,  0.88,  0.00,  0.12,  242918509,  235903000,    6997000,  263394722, c++, elite, sing, 4
703894.exe  ,  4.74,  0.96,  0.88,  0.00,  0.13,  242676549,  240542000,    1996000,  263026970, c++, elite, sing, 4
7091608.exe ,  4.80,  0.95,  0.86,  0.00,  0.12,  239416595,  233420000,    5985000,  259862260, c++, elite, sing, 4
7091608.exe ,  4.79,  0.96,  0.87,  0.00,  0.12,  241735498,  237736000,    4012000,  262273612, c++, elite, sing, 4
7091608.exe ,  4.98,  0.95,  0.87,  0.00,  0.13,  241319638,  238280000,    3003000,  262159806, c++, elite, sing, 4
7091608.exe ,  4.81,  0.96,  0.87,  0.00,  0.12,  240668541,  238465000,    2003000,  261090988, c++, elite, sing, 4
7091608.exe ,  4.88,  0.95,  0.87,  0.00,  0.13,  240913247,  236888000,    3998000,  261223164, c++, elite, sing, 4
7091608.exe ,  4.86,  0.96,  0.88,  0.00,  0.12,  242622911,  236617000,    5990000,  262955402, c++, elite, sing, 4
7091608.exe ,  4.80,  0.95,  0.87,  0.00,  0.12,  241806998,  236613000,    4991000,  261944807, c++, elite, sing, 4
7091608.exe ,  4.88,  0.93,  0.85,  0.00,  0.12,  235135202,  234117000,    1000000,  255424890, c++, elite, sing, 4
7091608.exe ,  4.79,  0.94,  0.86,  0.00,  0.12,  238681741,  234660000,    3994000,  258684706, c++, elite, sing, 4
7091608.exe ,  4.82,  0.95,  0.86,  0.00,  0.12,  238984756,  234969000,    3999000,  259637427, c++, elite, sing, 4
7103208.exe ,  1.79,  0.35,  0.32,  0.00,  0.05,   90048849,   84121000,    5937000,  109655148, c++, elite, sing, 4
7103208.exe ,  1.79,  0.36,  0.32,  0.00,  0.05,   90069062,   85071000,    5004000,  110143588, c++, elite, sing, 4
7103208.exe ,  1.80,  0.36,  0.32,  0.00,  0.05,   89737266,   87741000,    1994000,  109821098, c++, elite, sing, 4
7103208.exe ,  1.92,  0.35,  0.32,  0.00,  0.05,   88903410,   85909000,    2996000,  109574449, c++, elite, sing, 4
7103208.exe ,  1.79,  0.35,  0.32,  0.00,  0.05,   88260672,   83250000,    5015000,  108189640, c++, elite, sing, 4
7103208.exe ,  1.79,  0.35,  0.32,  0.00,  0.05,   88266873,   82246000,    6018000,  108519764, c++, elite, sing, 4
7103208.exe ,  1.81,  0.35,  0.32,  0.00,  0.05,   88817090,   86794000,    2018000,  108824615, c++, elite, sing, 4
7103208.exe ,  1.77,  0.35,  0.32,  0.00,  0.05,   88866077,   82852000,    5989000,  109150370, c++, elite, sing, 4
7103208.exe ,  1.81,  0.35,  0.32,  0.00,  0.05,   88724075,   83742000,    4984000,  108467151, c++, elite, sing, 4
7103208.exe ,  1.83,  0.36,  0.32,  0.00,  0.05,   89760350,   85790000,    3990000,  110052964, c++, elite, sing, 4
7162730.exe ,  1.79,  0.35,  0.32,  0.00,  0.05,   89167622,   86116000,    3004000,  109048806, c++, elite, sing, 4
7162730.exe ,  1.89,  0.35,  0.32,  0.00,  0.05,   88889624,   83903000,    4994000,  108796711, c++, elite, sing, 4
7162730.exe ,  1.78,  0.35,  0.32,  0.00,  0.05,   88715560,   81766000,    6895000,  108533245, c++, elite, sing, 4
7162730.exe ,  1.81,  0.36,  0.32,  0.00,  0.05,   89566041,   82481000,    6956000,  110120582, c++, elite, sing, 4
7162730.exe ,  1.84,  0.35,  0.32,  0.00,  0.05,   89615161,   84537000,    4972000,  109783119, c++, elite, sing, 4
7162730.exe ,  1.79,  0.35,  0.32,  0.00,  0.05,   88880989,   81895000,    6991000,  108885808, c++, elite, sing, 4
7162730.exe ,  1.82,  0.36,  0.33,  0.00,  0.05,   90592183,   85583000,    4975000,  110932116, c++, elite, sing, 4
7162730.exe ,  1.78,  0.35,  0.32,  0.00,  0.05,   89305733,   84293000,    5017000,  109728060, c++, elite, sing, 4
7162730.exe ,  1.86,  0.35,  0.32,  0.00,  0.05,   88561613,   84536000,    3978000,  109291572, c++, elite, sing, 4
7162730.exe ,  1.79,  0.35,  0.32,  0.00,  0.05,   89705895,   86684000,    3023000,  110076459, c++, elite, sing, 4
7663493.exe ,  4.76,  0.95,  0.86,  0.00,  0.12,  239386246,  233365000,    6009000,  259582730, c++, elite, sing, 4
7663493.exe ,  4.88,  0.97,  0.88,  0.00,  0.13,  244051084,  238853000,    4996000,  264109186, c++, elite, sing, 4
7663493.exe ,  4.74,  0.96,  0.87,  0.00,  0.12,  241663602,  238623000,    3007000,  261912555, c++, elite, sing, 4
7663493.exe ,  4.90,  0.94,  0.86,  0.00,  0.12,  238285187,  234252000,    4004000,  258002558, c++, elite, sing, 4
7663493.exe ,  4.90,  0.97,  0.88,  0.00,  0.13,  244857579,  238504000,    5962000,  264989922, c++, elite, sing, 4
7663493.exe ,  4.79,  0.96,  0.88,  0.00,  0.12,  243249546,  238159000,    5003000,  263880171, c++, elite, sing, 4
7663493.exe ,  5.02,  0.97,  0.89,  0.00,  0.13,  245554173,  240459000,    5009000,  265831115, c++, elite, sing, 4
7663493.exe ,  4.94,  0.99,  0.90,  0.00,  0.13,  248906525,  244780000,    4012000,  269685633, c++, elite, sing, 4
7663493.exe ,  4.88,  0.97,  0.88,  0.00,  0.13,  244827110,  237758000,    6992000,  265560523, c++, elite, sing, 4
7663493.exe ,  5.02,  1.00,  0.91,  0.00,  0.13,  252899049,  247781000,    4995000,  273368155, c++, elite, sing, 4
766743.exe  ,  4.99,  0.96,  0.88,  0.00,  0.13,  242806969,  239786000,    2997000,  262840512, c++, elite, sing, 4
766743.exe  ,  4.90,  0.96,  0.88,  0.00,  0.13,  242484305,  238475000,    3991000,  262815942, c++, elite, sing, 4
766743.exe  ,  4.97,  0.95,  0.87,  0.00,  0.12,  240699930,  234655000,    6016000,  260965170, c++, elite, sing, 4
766743.exe  ,  4.85,  0.97,  0.88,  0.00,  0.13,  242868517,  236834000,    5970000,  263323555, c++, elite, sing, 4
766743.exe  ,  4.89,  0.97,  0.88,  0.00,  0.13,  244319547,  238275000,    6006000,  264721366, c++, elite, sing, 4
766743.exe  ,  5.07,  0.97,  0.88,  0.00,  0.13,  244472025,  239338000,    4986000,  264747144, c++, elite, sing, 4
766743.exe  ,  4.91,  0.98,  0.90,  0.00,  0.13,  248037513,  242997000,    4999000,  268604800, c++, elite, sing, 4
766743.exe  ,  5.04,  0.98,  0.89,  0.00,  0.13,  245758462,  242723000,    3008000,  266143968, c++, elite, sing, 4
766743.exe  ,  4.91,  0.97,  0.88,  0.00,  0.13,  243767530,  237722000,    6018000,  264131444, c++, elite, sing, 4
766743.exe  ,  5.20,  1.00,  0.90,  0.00,  0.13,  250915705,  247880000,    2998000,  273267909, c++, elite, sing, 4
7856160.exe ,  9.13,  1.79,  1.62,  0.00,  0.30,  450802585,  419720000,   30979000,  471776380, c++, elite, sing, 4
7856160.exe ,  9.03,  1.75,  1.59,  0.00,  0.29,  441681443,  410650000,   30973000,  462765095, c++, elite, sing, 4
7856160.exe ,  9.10,  1.78,  1.62,  0.00,  0.30,  450190387,  415119000,   35010000,  470951047, c++, elite, sing, 4
7856160.exe ,  9.28,  1.77,  1.60,  0.00,  0.30,  446309749,  414322000,   31947000,  467054804, c++, elite, sing, 4
7856160.exe ,  9.18,  1.76,  1.60,  0.00,  0.29,  443700372,  409543000,   33962000,  464232366, c++, elite, sing, 4
7856160.exe ,  9.24,  1.76,  1.59,  0.00,  0.29,  443389856,  418302000,   25018000,  463818193, c++, elite, sing, 4
7856160.exe ,  9.27,  1.76,  1.59,  0.00,  0.29,  443504807,  416377000,   27024000,  464000821, c++, elite, sing, 4
7856160.exe ,  9.19,  1.74,  1.57,  0.00,  0.29,  437928713,  412825000,   24989000,  458116592, c++, elite, sing, 4
7856160.exe ,  9.22,  1.75,  1.59,  0.00,  0.29,  441584820,  418494000,   23027000,  460606782, c++, elite, sing, 4
7856160.exe ,  9.15,  1.75,  1.59,  0.00,  0.29,  442020779,  413045000,   28933000,  463021387, c++, elite, sing, 4
7891135.exe ,  4.92,  0.98,  0.89,  0.00,  0.13,  246754197,  240723000,    5993000,  267327964, c++, elite, sing, 4
7891135.exe ,  4.79,  0.97,  0.88,  0.00,  0.13,  243713743,  240654000,    2995000,  264106500, c++, elite, sing, 4
7891135.exe ,  4.75,  0.96,  0.88,  0.00,  0.13,  243263291,  241176000,    2001000,  264186013, c++, elite, sing, 4
7891135.exe ,  4.78,  0.96,  0.88,  0.00,  0.12,  243859976,  240850000,    2998000,  264252015, c++, elite, sing, 4
7891135.exe ,  4.74,  0.97,  0.88,  0.00,  0.13,  244360451,  240363000,    3989000,  265218817, c++, elite, sing, 4
7891135.exe ,  4.88,  0.97,  0.88,  0.00,  0.13,  243207318,  237195000,    5979000,  263586454, c++, elite, sing, 4
7891135.exe ,  4.62,  0.95,  0.86,  0.00,  0.12,  238827784,  236774000,    2006000,  259527296, c++, elite, sing, 4
7891135.exe ,  4.86,  0.95,  0.87,  0.00,  0.12,  239998515,  236958000,    2999000,  260956770, c++, elite, sing, 4
7891135.exe ,  4.85,  0.96,  0.87,  0.00,  0.12,  241390132,  235315000,    6008000,  261886583, c++, elite, sing, 4
7891135.exe ,  4.88,  0.95,  0.86,  0.00,  0.12,  238348188,  235346000,    2991000,  258655925, c++, elite, sing, 4
793821.exe  ,  1.84,  0.36,  0.33,  0.00,  0.05,   91917703,   87915000,    3996000,  111773827, c++, elite, sing, 4
793821.exe  ,  1.84,  0.36,  0.33,  0.00,  0.05,   92111405,   87100000,    5005000,  112588139, c++, elite, sing, 4
793821.exe  ,  1.85,  0.37,  0.33,  0.00,  0.05,   92153800,   87137000,    5007000,  112399805, c++, elite, sing, 4
793821.exe  ,  1.86,  0.37,  0.33,  0.00,  0.05,   92798184,   86807000,    5986000,  113286409, c++, elite, sing, 4
793821.exe  ,  1.98,  0.36,  0.33,  0.00,  0.05,   91922518,   86992000,    4942000,  112257562, c++, elite, sing, 4
793821.exe  ,  1.88,  0.37,  0.34,  0.00,  0.05,   93368062,   88348000,    5019000,  113675050, c++, elite, sing, 4
793821.exe  ,  1.87,  0.37,  0.33,  0.00,  0.05,   91861960,   86938000,    4939000,  112648498, c++, elite, sing, 4
793821.exe  ,  1.89,  0.38,  0.34,  0.00,  0.05,   94724732,   88469000,    5964000,  115171450, c++, elite, sing, 4
793821.exe  ,  1.87,  0.37,  0.33,  0.00,  0.05,   92439870,   87404000,    5023000,  112769833, c++, elite, sing, 4
793821.exe  ,  1.87,  0.37,  0.34,  0.00,  0.05,   92681596,   87690000,    4982000,  112764751, c++, elite, sing, 4
798360.exe  ,  7.38,  1.41,  1.28,  0.00,  0.22,  356413137,  348392000,    7986000,  376489888, c++, elite, sing, 4
798360.exe  ,  7.28,  1.42,  1.30,  0.00,  0.22,  359053773,  345008000,   14000000,  379704316, c++, elite, sing, 4
798360.exe  ,  7.51,  1.43,  1.30,  0.00,  0.22,  360963200,  347884000,   13033000,  381392089, c++, elite, sing, 4
798360.exe  ,  7.45,  1.43,  1.30,  0.00,  0.22,  360166353,  347969000,   11998000,  380194432, c++, elite, sing, 4
798360.exe  ,  7.41,  1.43,  1.30,  0.00,  0.22,  361358631,  345175000,   16008000,  381657974, c++, elite, sing, 4
798360.exe  ,  7.29,  1.43,  1.29,  0.00,  0.22,  359217240,  354189000,    4988000,  379431156, c++, elite, sing, 4
798360.exe  ,  7.37,  1.43,  1.30,  0.00,  0.22,  361129417,  349021000,   12000000,  381142190, c++, elite, sing, 4
798360.exe  ,  7.41,  1.43,  1.30,  0.00,  0.22,  360612227,  345370000,   14972000,  380746527, c++, elite, sing, 4
798360.exe  ,  7.37,  1.41,  1.28,  0.00,  0.21,  356307552,  339197000,   16959000,  376457681, c++, elite, sing, 4
798360.exe  ,  7.33,  1.43,  1.30,  0.00,  0.22,  360514853,  344445000,   16020000,  380909263, c++, elite, sing, 4
8028891.exe ,  1.75,  0.34,  0.31,  0.00,  0.05,   86424555,   79473000,    6953000,  106642931, c++, elite, sing, 4
8028891.exe ,  1.88,  0.34,  0.31,  0.00,  0.05,   86706421,   81668000,    4979000,  107017125, c++, elite, sing, 4
8028891.exe ,  1.82,  0.34,  0.31,  0.00,  0.05,   87012495,   78869000,    7986000,  107173521, c++, elite, sing, 4
8028891.exe ,  1.81,  0.35,  0.32,  0.00,  0.05,   87721250,   78753000,    8971000,  107822174, c++, elite, sing, 4
8028891.exe ,  1.88,  0.35,  0.32,  0.00,  0.05,   88734626,   79757000,    8972000,  108930987, c++, elite, sing, 4
8028891.exe ,  1.80,  0.34,  0.31,  0.00,  0.05,   86810802,   78740000,    8075000,  106950822, c++, elite, sing, 4
8028891.exe ,  1.79,  0.34,  0.31,  0.00,  0.05,   87018396,   84008000,    3000000,  107236013, c++, elite, sing, 4
8028891.exe ,  1.80,  0.34,  0.31,  0.00,  0.05,   86622941,   78563000,    8057000,  106663699, c++, elite, sing, 4
8028891.exe ,  1.91,  0.35,  0.32,  0.00,  0.05,   87489184,   82483000,    5029000,  107659682, c++, elite, sing, 4
8028891.exe ,  1.73,  0.34,  0.31,  0.00,  0.05,   86215865,   79251000,    6934000,  106181099, c++, elite, sing, 4
849073.exe  ,  1.82,  0.35,  0.32,  0.00,  0.05,   88636653,   83619000,    5037000,  108692595, c++, elite, sing, 4
849073.exe  ,  1.79,  0.35,  0.32,  0.00,  0.05,   89059564,   84994000,    3999000,  109494391, c++, elite, sing, 4
849073.exe  ,  1.82,  0.35,  0.32,  0.00,  0.05,   89773453,   84796000,    4988000,  109909257, c++, elite, sing, 4
849073.exe  ,  1.83,  0.35,  0.32,  0.00,  0.05,   89216958,   86263000,    2974000,  109683147, c++, elite, sing, 4
849073.exe  ,  1.84,  0.35,  0.32,  0.00,  0.05,   89245505,   83272000,    5948000,  109824821, c++, elite, sing, 4
849073.exe  ,  1.80,  0.35,  0.32,  0.00,  0.05,   88943434,   85922000,    3032000,  109434341, c++, elite, sing, 4
849073.exe  ,  1.92,  0.36,  0.32,  0.00,  0.05,   89880164,   88880000,    1010000,  110764065, c++, elite, sing, 4
849073.exe  ,  1.82,  0.36,  0.33,  0.00,  0.05,   90962915,   87969000,    2998000,  111296566, c++, elite, sing, 4
849073.exe  ,  1.84,  0.35,  0.32,  0.00,  0.05,   89575342,   86443000,    3015000,  110234527, c++, elite, sing, 4
849073.exe  ,  1.84,  0.36,  0.32,  0.00,  0.05,   90444355,   88413000,    2009000,  110443620, c++, elite, sing, 4
8519892.exe ,  1.93,  0.36,  0.33,  0.00,  0.05,   90831433,   87713000,    2990000,  111168127, c++, elite, sing, 4
8519892.exe ,  1.90,  0.36,  0.33,  0.00,  0.05,   91996355,   89933000,    1998000,  112324937, c++, elite, sing, 4
8519892.exe ,  1.84,  0.36,  0.33,  0.00,  0.05,   91438082,   86426000,    5024000,  112106600, c++, elite, sing, 4
8519892.exe ,  1.78,  0.36,  0.33,  0.00,  0.05,   89720695,   86706000,    3024000,  110987007, c++, elite, sing, 4
8519892.exe ,  1.85,  0.36,  0.33,  0.00,  0.05,   91069267,   88040000,    3035000,  111887747, c++, elite, sing, 4
8519892.exe ,  1.86,  0.36,  0.33,  0.00,  0.05,   91087479,   88070000,    3002000,  111705766, c++, elite, sing, 4
8519892.exe ,  1.84,  0.36,  0.33,  0.00,  0.05,   90219540,   89222000,    1002000,  110863091, c++, elite, sing, 4
8519892.exe ,  2.01,  0.36,  0.33,  0.00,  0.05,   91468180,   88463000,    3015000,  112050049, c++, elite, sing, 4
8519892.exe ,  1.81,  0.36,  0.33,  0.00,  0.05,   91031238,   88021000,    3035000,  111792902, c++, elite, sing, 4
8519892.exe ,  1.78,  0.35,  0.32,  0.00,  0.05,   90617574,   88669000,    1970000,  111519472, c++, elite, sing, 4
856959.exe  ,  1.97,  0.38,  0.34,  0.00,  0.05,   95597782,   93533000,    2011000,  116039462, c++, elite, sing, 4
856959.exe  ,  2.09,  0.38,  0.35,  0.00,  0.05,   95781054,   87812000,    7982000,  116594359, c++, elite, sing, 4
856959.exe  ,  2.00,  0.39,  0.35,  0.00,  0.05,   97620406,   91588000,    6038000,  118362724, c++, elite, sing, 4
856959.exe  ,  1.98,  0.38,  0.35,  0.00,  0.05,   96841893,   90803000,    5987000,  117460794, c++, elite, sing, 4
856959.exe  ,  2.00,  0.38,  0.35,  0.00,  0.05,   96281469,   88343000,    7940000,  116816184, c++, elite, sing, 4
856959.exe  ,  1.95,  0.38,  0.34,  0.00,  0.05,   95295828,   89341000,    5956000,  116054646, c++, elite, sing, 4
856959.exe  ,  1.95,  0.38,  0.34,  0.00,  0.05,   95441012,   93433000,    2009000,  115847476, c++, elite, sing, 4
856959.exe  ,  1.95,  0.38,  0.34,  0.00,  0.05,   95007966,   86022000,    9002000,  115672635, c++, elite, sing, 4
856959.exe  ,  2.00,  0.38,  0.34,  0.00,  0.05,   95075842,   91051000,    4002000,  115159293, c++, elite, sing, 4
856959.exe  ,  1.93,  0.38,  0.34,  0.00,  0.05,   94743635,   89649000,    5036000,  115337445, c++, elite, sing, 4
908301.exe  ,  4.97,  0.98,  0.89,  0.00,  0.13,  246009412,  241987000,    3999000,  266925438, c++, elite, sing, 4
908301.exe  ,  5.06,  0.98,  0.89,  0.00,  0.13,  247728799,  243590000,    4009000,  268346186, c++, elite, sing, 4
908301.exe  ,  5.16,  0.99,  0.90,  0.00,  0.13,  249328091,  245312000,    3988000,  270173936, c++, elite, sing, 4
908301.exe  ,  4.95,  0.98,  0.89,  0.00,  0.13,  246815282,  243794000,    2997000,  267535961, c++, elite, sing, 4
908301.exe  ,  5.06,  0.98,  0.89,  0.00,  0.13,  247581639,  246557000,     998000,  268397029, c++, elite, sing, 4
908301.exe  ,  4.81,  0.97,  0.88,  0.00,  0.13,  244012522,  239989000,    3999000,  265089378, c++, elite, sing, 4
908301.exe  ,  4.95,  0.97,  0.89,  0.00,  0.13,  245426919,  242410000,    3005000,  266202991, c++, elite, sing, 4
908301.exe  ,  4.94,  0.98,  0.89,  0.00,  0.13,  247290316,  244241000,    3002000,  267947514, c++, elite, sing, 4
908301.exe  ,  4.85,  0.97,  0.88,  0.00,  0.13,  243630202,  239444000,    4007000,  263854886, c++, elite, sing, 4
908301.exe  ,  4.88,  0.97,  0.88,  0.00,  0.13,  243937535,  237913000,    5997000,  264282879, c++, elite, sing, 4
