file,psys,pkg,cores,gpu,ram,duration_time,user_time,system_time,perf_time,lang,machine,cores,power_limit
1184356.exe , 21.27,  2.14,  1.70,  0.00,  0.70, 1212088489, 1029117000,  181020000, 1264102346, c++, elite, mult, 1
1184356.exe , 20.33,  2.02,  1.59,  0.00,  0.69, 1209573621, 1034475000,  175080000, 1261022828, c++, elite, mult, 1
1184356.exe , 20.50,  1.95,  1.51,  0.00,  0.69, 1207715747, 1037636000,  170104000, 1258694918, c++, elite, mult, 1
1184356.exe , 20.42,  1.89,  1.46,  0.00,  0.69, 1207248964, 1031224000,  176038000, 1259064115, c++, elite, mult, 1
1184356.exe , 20.46,  2.01,  1.58,  0.00,  0.69, 1206874516, 1032947000,  173991000, 1258250415, c++, elite, mult, 1
1184356.exe , 20.67,  2.01,  1.58,  0.00,  0.69, 1209968027, 1032956000,  176992000, 1261176733, c++, elite, mult, 1
1184356.exe , 20.50,  1.91,  1.48,  0.00,  0.69, 1209510487, 1036325000,  173054000, 1260616548, c++, elite, mult, 1
1184356.exe , 21.19,  2.02,  1.59,  0.00,  0.69, 1209630150, 1032560000,  177096000, 1260889253, c++, elite, mult, 1
1184356.exe , 20.79,  2.01,  1.57,  0.00,  0.69, 1207328539, 1016256000,  191048000, 1259511322, c++, elite, mult, 1
1184356.exe , 20.86,  2.06,  1.62,  0.00,  0.69, 1207200737, 1028061000,  179010000, 1258406624, c++, elite, mult, 1
1191212.exe ,  9.38,  0.85,  0.65,  0.00,  0.32,  542543378,  260816000,  281801000,  593689941, c++, elite, mult, 1
1191212.exe ,  9.29,  0.83,  0.63,  0.00,  0.32,  541608818,  272849000,  268851000,  592658294, c++, elite, mult, 1
1191212.exe ,  9.36,  0.85,  0.65,  0.00,  0.32,  541915083,  265522000,  276502000,  592835519, c++, elite, mult, 1
1191212.exe ,  9.21,  0.83,  0.63,  0.00,  0.32,  541056102,  256052000,  285058000,  592015936, c++, elite, mult, 1
1191212.exe ,  9.33,  0.84,  0.64,  0.00,  0.32,  540916902,  274479000,  266494000,  592060141, c++, elite, mult, 1
1191212.exe ,  9.34,  0.85,  0.65,  0.00,  0.32,  543615622,  255288000,  288325000,  594730072, c++, elite, mult, 1
1191212.exe ,  9.30,  0.88,  0.68,  0.00,  0.32,  541967565,  247017000,  295020000,  593044896, c++, elite, mult, 1
1191212.exe ,  9.15,  0.84,  0.64,  0.00,  0.32,  541095668,  264921000,  275918000,  592141040, c++, elite, mult, 1
1191212.exe ,  9.29,  0.84,  0.64,  0.00,  0.32,  541348947,  267718000,  273711000,  592299052, c++, elite, mult, 1
1191212.exe ,  9.31,  0.83,  0.63,  0.00,  0.32,  541849144,  273975000,  267976000,  593703341, c++, elite, mult, 1
1247728.exe ,  7.16,  0.66,  0.50,  0.00,  0.27,  423310787,  256141000,  167092000,  474184123, c++, elite, mult, 1
1247728.exe ,  7.19,  0.65,  0.49,  0.00,  0.27,  425076792,  257468000,  167654000,  476204196, c++, elite, mult, 1
1247728.exe ,  7.13,  0.65,  0.49,  0.00,  0.27,  424304831,  253196000,  171132000,  475432228, c++, elite, mult, 1
1247728.exe ,  7.16,  0.65,  0.50,  0.00,  0.27,  424179771,  247065000,  177047000,  475259946, c++, elite, mult, 1
1247728.exe ,  7.43,  0.62,  0.47,  0.00,  0.27,  423949547,  251994000,  171996000,  475369396, c++, elite, mult, 1
1247728.exe ,  7.37,  0.62,  0.46,  0.00,  0.27,  423928730,  262013000,  162008000,  474924439, c++, elite, mult, 1
1247728.exe ,  7.38,  0.60,  0.44,  0.00,  0.27,  424510722,  257346000,  167224000,  475656712, c++, elite, mult, 1
1247728.exe ,  7.37,  0.61,  0.46,  0.00,  0.27,  423707719,  262370000,  161227000,  474916589, c++, elite, mult, 1
1247728.exe ,  7.44,  0.63,  0.47,  0.00,  0.27,  425760958,  255900000,  169933000,  476734245, c++, elite, mult, 1
1247728.exe ,  7.24,  0.62,  0.47,  0.00,  0.27,  424447983,  254175000,  170117000,  475425611, c++, elite, mult, 1
1315068.exe ,  7.39,  0.70,  0.54,  0.00,  0.29,  440231722,  261592000,  178721000,  491635176, c++, elite, mult, 1
1315068.exe ,  7.39,  0.70,  0.54,  0.00,  0.29,  439297498,  271633000,  167773000,  490367776, c++, elite, mult, 1
1315068.exe ,  7.61,  0.70,  0.54,  0.00,  0.29,  439388095,  252179000,  187132000,  490603742, c++, elite, mult, 1
1315068.exe ,  7.34,  0.71,  0.54,  0.00,  0.29,  438897962,  266984000,  171989000,  490002096, c++, elite, mult, 1
1315068.exe ,  7.41,  0.70,  0.54,  0.00,  0.29,  439305261,  271220000,  168136000,  490905991, c++, elite, mult, 1
1315068.exe ,  7.60,  0.68,  0.52,  0.00,  0.29,  440150918,  277896000,  161939000,  491364711, c++, elite, mult, 1
1315068.exe ,  7.70,  0.69,  0.52,  0.00,  0.29,  441444685,  279332000,  162192000,  492492736, c++, elite, mult, 1
1315068.exe ,  7.75,  0.70,  0.53,  0.00,  0.29,  440149897,  273551000,  166726000,  491426361, c++, elite, mult, 1
1315068.exe ,  7.66,  0.73,  0.57,  0.00,  0.29,  439533292,  282406000,  157226000,  490809944, c++, elite, mult, 1
1315068.exe ,  7.71,  0.71,  0.55,  0.00,  0.29,  438330806,  260006000,  178318000,  489598968, c++, elite, mult, 1
1317833.exe , 10.90,  1.03,  0.78,  0.00,  0.44,  637133303,  286078000,  351095000,  688321077, c++, elite, mult, 1
1317833.exe , 10.99,  1.06,  0.81,  0.00,  0.44,  641042761,  296049000,  345057000,  692353513, c++, elite, mult, 1
1317833.exe , 11.04,  1.09,  0.84,  0.00,  0.44,  638833049,  299954000,  338948000,  690287604, c++, elite, mult, 1
1317833.exe , 11.25,  1.08,  0.83,  0.00,  0.44,  639469258,  296275000,  342318000,  690925569, c++, elite, mult, 1
1317833.exe , 11.09,  1.04,  0.79,  0.00,  0.44,  637682831,  297876000,  339859000,  689004270, c++, elite, mult, 1
1317833.exe , 11.14,  1.03,  0.78,  0.00,  0.44,  639208525,  308473000,  330435000,  690488189, c++, elite, mult, 1
1317833.exe , 11.26,  1.08,  0.82,  0.00,  0.44,  640345118,  297181000,  343209000,  691641026, c++, elite, mult, 1
1317833.exe , 11.09,  1.11,  0.86,  0.00,  0.43,  634923242,  301935000,  332929000,  686457291, c++, elite, mult, 1
1317833.exe , 11.11,  1.09,  0.84,  0.00,  0.44,  636803216,  304949000,  331945000,  688442567, c++, elite, mult, 1
1317833.exe , 11.01,  1.09,  0.84,  0.00,  0.44,  636395456,  293742000,  342699000,  687478998, c++, elite, mult, 1
1322710.exe ,  7.33,  0.67,  0.52,  0.00,  0.28,  424335757,  278632000,  145807000,  475657902, c++, elite, mult, 1
1322710.exe ,  7.51,  0.68,  0.52,  0.00,  0.28,  425329584,  278258000,  147136000,  476707869, c++, elite, mult, 1
1322710.exe ,  7.40,  0.67,  0.52,  0.00,  0.28,  424550392,  273765000,  150870000,  475968798, c++, elite, mult, 1
1322710.exe ,  7.33,  0.67,  0.52,  0.00,  0.28,  424318789,  277537000,  146755000,  475622084, c++, elite, mult, 1
1322710.exe ,  7.34,  0.68,  0.52,  0.00,  0.28,  425438819,  280331000,  145171000,  476654405, c++, elite, mult, 1
1322710.exe ,  7.34,  0.67,  0.51,  0.00,  0.28,  424482700,  283372000,  141185000,  475818391, c++, elite, mult, 1
1322710.exe ,  7.26,  0.66,  0.50,  0.00,  0.27,  424551183,  281395000,  143201000,  476033398, c++, elite, mult, 1
1322710.exe ,  7.28,  0.68,  0.53,  0.00,  0.28,  425521408,  276738000,  148859000,  476670369, c++, elite, mult, 1
1322710.exe ,  7.33,  0.68,  0.52,  0.00,  0.28,  424089011,  277098000,  147052000,  475410716, c++, elite, mult, 1
1322710.exe ,  7.40,  0.66,  0.50,  0.00,  0.28,  424223042,  284184000,  140091000,  475533961, c++, elite, mult, 1
1398048.exe , 12.58,  1.12,  0.84,  0.00,  0.47,  721083645,  425595000,  295413000,  772329717, c++, elite, mult, 1
1398048.exe , 12.42,  1.11,  0.84,  0.00,  0.47,  719638659,  438108000,  281427000,  770795183, c++, elite, mult, 1
1398048.exe , 12.33,  1.16,  0.89,  0.00,  0.47,  718716736,  423288000,  295503000,  769694893, c++, elite, mult, 1
1398048.exe , 12.39,  1.16,  0.88,  0.00,  0.47,  720567091,  430760000,  289838000,  771740883, c++, elite, mult, 1
1398048.exe , 12.45,  1.14,  0.87,  0.00,  0.47,  722995677,  425033000,  298023000,  774195976, c++, elite, mult, 1
1398048.exe , 12.62,  1.15,  0.88,  0.00,  0.47,  720599530,  442181000,  278484000,  771732776, c++, elite, mult, 1
1398048.exe , 12.83,  1.16,  0.88,  0.00,  0.47,  721222402,  433174000,  288115000,  772605838, c++, elite, mult, 1
1398048.exe , 12.77,  1.16,  0.88,  0.00,  0.47,  721476493,  421294000,  300209000,  772595379, c++, elite, mult, 1
1398048.exe , 12.38,  1.14,  0.86,  0.00,  0.47,  720820310,  413348000,  307259000,  772237161, c++, elite, mult, 1
1398048.exe , 12.44,  1.15,  0.87,  0.00,  0.47,  720268815,  441119000,  279075000,  771724107, c++, elite, mult, 1
1464477.exe ,  7.30,  0.62,  0.47,  0.00,  0.27,  413626783,  270853000,  142922000,  464654585, c++, elite, mult, 1
1464477.exe ,  7.32,  0.62,  0.46,  0.00,  0.27,  413211450,  270181000,  143096000,  465297782, c++, elite, mult, 1
1464477.exe ,  7.35,  0.63,  0.48,  0.00,  0.27,  413913160,  269593000,  144317000,  465190458, c++, elite, mult, 1
1464477.exe ,  7.25,  0.67,  0.52,  0.00,  0.27,  413880173,  281621000,  132292000,  465022634, c++, elite, mult, 1
1464477.exe ,  7.08,  0.68,  0.53,  0.00,  0.27,  414362965,  254585000,  159740000,  465666092, c++, elite, mult, 1
1464477.exe ,  7.05,  0.68,  0.53,  0.00,  0.27,  413070568,  261013000,  152007000,  464233428, c++, elite, mult, 1
1464477.exe ,  7.14,  0.66,  0.51,  0.00,  0.27,  413795660,  269699000,  143839000,  465170419, c++, elite, mult, 1
1464477.exe ,  7.31,  0.64,  0.49,  0.00,  0.27,  413820254,  273370000,  140189000,  464822556, c++, elite, mult, 1
1464477.exe ,  7.19,  0.64,  0.48,  0.00,  0.27,  413795523,  270898000,  142946000,  464962069, c++, elite, mult, 1
1464477.exe ,  7.19,  0.63,  0.48,  0.00,  0.27,  413425705,  266040000,  147468000,  464513911, c++, elite, mult, 1
1603427.exe ,  6.29,  0.57,  0.44,  0.00,  0.21,  364893168,  207958000,  156968000,  416371095, c++, elite, mult, 1
1603427.exe ,  6.46,  0.59,  0.45,  0.00,  0.21,  364896469,  212983000,  151988000,  416074929, c++, elite, mult, 1
1603427.exe ,  6.31,  0.57,  0.43,  0.00,  0.21,  364235816,  218165000,  146110000,  415455345, c++, elite, mult, 1
1603427.exe ,  6.30,  0.57,  0.44,  0.00,  0.21,  364508041,  206316000,  158243000,  415529594, c++, elite, mult, 1
1603427.exe ,  6.28,  0.57,  0.43,  0.00,  0.21,  364054148,  210058000,  154042000,  415312038, c++, elite, mult, 1
1603427.exe ,  6.22,  0.57,  0.44,  0.00,  0.21,  363666156,  185810000,  177818000,  414770017, c++, elite, mult, 1
1603427.exe ,  6.24,  0.56,  0.42,  0.00,  0.21,  364559369,  205772000,  158824000,  415969748, c++, elite, mult, 1
1603427.exe ,  6.23,  0.56,  0.42,  0.00,  0.21,  363967512,  198981000,  164984000,  415041601, c++, elite, mult, 1
1603427.exe ,  6.19,  0.55,  0.42,  0.00,  0.21,  363356123,  193214000,  170189000,  414450695, c++, elite, mult, 1
1603427.exe ,  6.27,  0.56,  0.43,  0.00,  0.21,  364501957,  198762000,  165801000,  415501727, c++, elite, mult, 1
1637061.exe ,  7.18,  0.64,  0.49,  0.00,  0.27,  410107635,  238118000,  172085000,  461180769, c++, elite, mult, 1
1637061.exe ,  7.11,  0.66,  0.51,  0.00,  0.26,  408455240,  238300000,  170214000,  459500535, c++, elite, mult, 1
1637061.exe ,  7.15,  0.66,  0.51,  0.00,  0.26,  409016076,  227534000,  181426000,  460036462, c++, elite, mult, 1
1637061.exe ,  7.02,  0.66,  0.51,  0.00,  0.26,  408049225,  232051000,  176038000,  459231601, c++, elite, mult, 1
1637061.exe ,  7.06,  0.66,  0.50,  0.00,  0.26,  409466788,  242147000,  167410000,  460687887, c++, elite, mult, 1
1637061.exe ,  7.16,  0.68,  0.53,  0.00,  0.26,  408210191,  243176000,  165120000,  459206925, c++, elite, mult, 1
1637061.exe ,  7.10,  0.68,  0.53,  0.00,  0.26,  409665965,  240234000,  169460000,  460964823, c++, elite, mult, 1
1637061.exe ,  7.08,  0.66,  0.51,  0.00,  0.26,  408300907,  228177000,  180140000,  459632411, c++, elite, mult, 1
1637061.exe ,  7.10,  0.64,  0.49,  0.00,  0.26,  410042507,  245654000,  164438000,  461163487, c++, elite, mult, 1
1637061.exe ,  7.28,  0.63,  0.48,  0.00,  0.26,  410221178,  237156000,  173114000,  461285415, c++, elite, mult, 1
1753961.exe , 11.20,  1.01,  0.76,  0.00,  0.44,  642484987,  301774000,  340745000,  693906085, c++, elite, mult, 1
1753961.exe , 11.17,  1.01,  0.75,  0.00,  0.44,  643088767,  305076000,  338084000,  694661194, c++, elite, mult, 1
1753961.exe , 11.07,  1.00,  0.75,  0.00,  0.44,  641860730,  300961000,  340955000,  693580309, c++, elite, mult, 1
1753961.exe , 11.20,  1.00,  0.75,  0.00,  0.44,  645480617,  293242000,  352291000,  696411176, c++, elite, mult, 1
1753961.exe , 10.92,  1.03,  0.78,  0.00,  0.44,  642138216,  308082000,  334089000,  693518027, c++, elite, mult, 1
1753961.exe , 10.87,  1.05,  0.80,  0.00,  0.44,  641825676,  307408000,  334444000,  693097105, c++, elite, mult, 1
1753961.exe , 11.14,  1.02,  0.77,  0.00,  0.44,  643907746,  289971000,  353964000,  695289396, c++, elite, mult, 1
1753961.exe , 11.07,  1.03,  0.78,  0.00,  0.44,  643801581,  318938000,  324937000,  694827859, c++, elite, mult, 1
1753961.exe , 10.95,  1.04,  0.79,  0.00,  0.44,  640400462,  304224000,  336248000,  692153153, c++, elite, mult, 1
1753961.exe , 11.05,  1.02,  0.77,  0.00,  0.44,  643545395,  316298000,  327308000,  694928868, c++, elite, mult, 1
1758935.exe , 12.52,  1.24,  0.95,  0.00,  0.51,  725314968,  388189000,  337164000,  776729309, c++, elite, mult, 1
1758935.exe , 12.52,  1.23,  0.94,  0.00,  0.51,  728938424,  400001000,  329000000,  779911449, c++, elite, mult, 1
1758935.exe , 12.56,  1.29,  1.01,  0.00,  0.51,  727100229,  413098000,  314075000,  778091537, c++, elite, mult, 1
1758935.exe , 12.54,  1.26,  0.98,  0.00,  0.51,  728583996,  381327000,  347298000,  779634253, c++, elite, mult, 1
1758935.exe , 12.87,  1.26,  0.98,  0.00,  0.52,  724864422,  393953000,  330961000,  776012660, c++, elite, mult, 1
1758935.exe , 12.96,  1.22,  0.94,  0.00,  0.51,  725484869,  389288000,  336249000,  776596290, c++, elite, mult, 1
1758935.exe , 12.70,  1.21,  0.93,  0.00,  0.51,  725272219,  380158000,  345143000,  776638424, c++, elite, mult, 1
1758935.exe , 13.11,  1.24,  0.96,  0.00,  0.51,  724454528,  404590000,  319676000,  775551564, c++, elite, mult, 1
1758935.exe , 12.96,  1.21,  0.93,  0.00,  0.51,  726547223,  388280000,  338372000,  777780309, c++, elite, mult, 1
1758935.exe , 13.09,  1.18,  0.90,  0.00,  0.51,  724646657,  402730000,  321784000,  775935351, c++, elite, mult, 1
1852062.exe , 10.77,  1.00,  0.76,  0.00,  0.42,  632160352,  293089000,  339103000,  684027933, c++, elite, mult, 1
1852062.exe , 10.83,  1.01,  0.76,  0.00,  0.42,  633110510,  298953000,  333948000,  684236950, c++, elite, mult, 1
1852062.exe , 10.67,  1.01,  0.77,  0.00,  0.42,  632304510,  297175000,  335198000,  683473719, c++, elite, mult, 1
1852062.exe , 10.87,  1.03,  0.79,  0.00,  0.42,  634558958,  298753000,  335723000,  685528924, c++, elite, mult, 1
1852062.exe , 10.79,  1.00,  0.76,  0.00,  0.42,  631255170,  292070000,  339081000,  682595583, c++, elite, mult, 1
1852062.exe , 10.74,  1.05,  0.80,  0.00,  0.42,  631932904,  304459000,  327493000,  682984650, c++, elite, mult, 1
1852062.exe , 10.81,  1.08,  0.83,  0.00,  0.42,  631714471,  309865000,  321860000,  682675577, c++, elite, mult, 1
1852062.exe , 10.66,  1.09,  0.85,  0.00,  0.42,  631088356,  283080000,  348098000,  682290526, c++, elite, mult, 1
1852062.exe , 10.83,  1.05,  0.81,  0.00,  0.42,  630392210,  279593000,  350744000,  681883887, c++, elite, mult, 1
1852062.exe , 10.73,  1.05,  0.81,  0.00,  0.42,  635237652,  293968000,  340963000,  686452137, c++, elite, mult, 1
1911734.exe , 28.29,  2.86,  2.26,  0.00,  1.00, 1650977313, 1311997000,  338999000, 1702433007, c++, elite, mult, 1
1911734.exe , 28.08,  2.84,  2.25,  0.00,  1.00, 1654711484, 1302868000,  351694000, 1706079107, c++, elite, mult, 1
1911734.exe , 28.24,  2.85,  2.26,  0.00,  1.00, 1650314573, 1298169000,  352045000, 1701677885, c++, elite, mult, 1
1911734.exe , 28.63,  2.81,  2.22,  0.00,  1.00, 1653168799, 1285249000,  367785000, 1704353850, c++, elite, mult, 1
1911734.exe , 28.47,  2.73,  2.14,  0.00,  1.00, 1649481451, 1298362000,  351098000, 1700638819, c++, elite, mult, 1
1911734.exe , 28.37,  2.80,  2.21,  0.00,  1.00, 1649408689, 1287030000,  362008000, 1701052598, c++, elite, mult, 1
1911734.exe , 28.76,  2.78,  2.18,  0.00,  1.02, 1655291860, 1286229000,  369065000, 1706535088, c++, elite, mult, 1
1911734.exe , 28.61,  2.83,  2.23,  0.00,  1.01, 1653879332, 1293143000,  360761000, 1705695933, c++, elite, mult, 1
1911734.exe , 28.48,  2.85,  2.25,  0.00,  1.01, 1651477501, 1300342000,  351092000, 1702908084, c++, elite, mult, 1
1911734.exe , 28.59,  3.08,  2.48,  0.00,  1.02, 1655381516, 1286474000,  368849000, 1706717606, c++, elite, mult, 1
192319.exe  ,  6.66,  0.60,  0.45,  0.00,  0.26,  386344876,  220210000,  166159000,  437748678, c++, elite, mult, 1
192319.exe  ,  6.67,  0.64,  0.49,  0.00,  0.26,  385217002,  211562000,  173641000,  436301324, c++, elite, mult, 1
192319.exe  ,  6.61,  0.63,  0.48,  0.00,  0.26,  385667785,  223812000,  161864000,  437128368, c++, elite, mult, 1
192319.exe  ,  6.69,  0.60,  0.46,  0.00,  0.26,  384722995,  218341000,  166260000,  436238714, c++, elite, mult, 1
192319.exe  ,  6.46,  0.65,  0.50,  0.00,  0.26,  384198361,  218585000,  165685000,  435432172, c++, elite, mult, 1
192319.exe  ,  6.54,  0.63,  0.48,  0.00,  0.26,  385283797,  212956000,  171965000,  436641073, c++, elite, mult, 1
192319.exe  ,  6.68,  0.64,  0.49,  0.00,  0.26,  384332634,  208184000,  176156000,  435825123, c++, elite, mult, 1
192319.exe  ,  6.63,  0.65,  0.50,  0.00,  0.26,  385878835,  218928000,  166945000,  437102974, c++, elite, mult, 1
192319.exe  ,  6.74,  0.64,  0.49,  0.00,  0.26,  385979638,  213034000,  173027000,  437216289, c++, elite, mult, 1
192319.exe  ,  6.53,  0.65,  0.51,  0.00,  0.26,  384448873,  211261000,  173214000,  435813653, c++, elite, mult, 1
1959638.exe , 29.41,  3.05,  2.45,  0.00,  0.94, 1701787339, 1516631000,  184955000, 1753345820, c++, elite, mult, 1
1959638.exe , 29.42,  3.15,  2.53,  0.00,  0.95, 1710652663, 1533678000,  176962000, 1761991179, c++, elite, mult, 1
1959638.exe , 29.54,  3.20,  2.59,  0.00,  0.95, 1711411480, 1539348000,  172038000, 1762699582, c++, elite, mult, 1
1959638.exe , 29.24,  3.03,  2.42,  0.00,  0.95, 1711248320, 1529212000,  182025000, 1762660246, c++, elite, mult, 1
1959638.exe , 28.95,  3.15,  2.54,  0.00,  0.94, 1700971097, 1525998000,  174999000, 1752217093, c++, elite, mult, 1
1959638.exe , 29.23,  3.14,  2.53,  0.00,  0.95, 1712731665, 1553374000,  158935000, 1764271450, c++, elite, mult, 1
1959638.exe , 28.98,  3.03,  2.42,  0.00,  0.94, 1700658808, 1534846000,  165875000, 1752081230, c++, elite, mult, 1
1959638.exe , 29.08,  3.07,  2.46,  0.00,  0.94, 1699772052, 1515849000,  183860000, 1751000356, c++, elite, mult, 1
1959638.exe , 29.21,  3.10,  2.49,  0.00,  0.94, 1700180945, 1521191000,  178904000, 1751603647, c++, elite, mult, 1
1959638.exe , 28.97,  3.03,  2.42,  0.00,  0.95, 1711042405, 1537029000,  174003000, 1762682936, c++, elite, mult, 1
1962386.exe , 26.50,  2.73,  2.18,  0.00,  0.88, 1553781543, 1374553000,  178941000, 1605174566, c++, elite, mult, 1
1962386.exe , 26.60,  2.74,  2.18,  0.00,  0.88, 1565331183, 1394183000,  171022000, 1616500291, c++, elite, mult, 1
1962386.exe , 26.43,  2.69,  2.14,  0.00,  0.88, 1552037150, 1373058000,  179007000, 1603887931, c++, elite, mult, 1
1962386.exe , 27.41,  2.86,  2.30,  0.00,  0.89, 1568741611, 1397659000,  170958000, 1619791455, c++, elite, mult, 1
1962386.exe , 26.74,  2.73,  2.18,  0.00,  0.89, 1566597401, 1395526000,  171064000, 1617658325, c++, elite, mult, 1
1962386.exe , 27.11,  2.75,  2.19,  0.00,  0.88, 1566315852, 1375392000,  190915000, 1617781520, c++, elite, mult, 1
1962386.exe , 26.71,  2.81,  2.26,  0.00,  0.88, 1565491561, 1388431000,  177055000, 1616656460, c++, elite, mult, 1
1962386.exe , 26.80,  2.71,  2.15,  0.00,  0.88, 1569441166, 1400367000,  169044000, 1620571363, c++, elite, mult, 1
1962386.exe , 26.71,  2.85,  2.29,  0.00,  0.88, 1554819382, 1382748000,  171968000, 1605859791, c++, elite, mult, 1
1962386.exe , 27.16,  2.75,  2.20,  0.00,  0.88, 1566031360, 1382045000,  184006000, 1617267274, c++, elite, mult, 1
198595.exe  , 31.99,  3.13,  2.47,  0.00,  1.03, 1860001307, 1679606000,  180065000, 1911129115, c++, elite, mult, 1
198595.exe  , 32.19,  3.21,  2.54,  0.00,  1.03, 1863671954, 1689608000,  174062000, 1914739684, c++, elite, mult, 1
198595.exe  , 32.44,  3.23,  2.56,  0.00,  1.03, 1863105414, 1698931000,  163993000, 1914326511, c++, elite, mult, 1
198595.exe  , 32.03,  3.22,  2.56,  0.00,  1.03, 1860297840, 1681439000,  178940000, 1911496513, c++, elite, mult, 1
198595.exe  , 31.74,  3.22,  2.55,  0.00,  1.03, 1860715192, 1701684000,  159063000, 1911756398, c++, elite, mult, 1
198595.exe  , 31.88,  3.23,  2.56,  0.00,  1.03, 1860078932, 1692941000,  166994000, 1911269869, c++, elite, mult, 1
198595.exe  , 32.07,  3.22,  2.55,  0.00,  1.03, 1860720950, 1680679000,  179965000, 1911908836, c++, elite, mult, 1
198595.exe  , 31.83,  3.15,  2.49,  0.00,  1.03, 1861472291, 1683372000,  178039000, 1912454735, c++, elite, mult, 1
198595.exe  , 31.97,  3.21,  2.55,  0.00,  1.03, 1860324901, 1687196000,  173020000, 1911646164, c++, elite, mult, 1
198595.exe  , 31.91,  3.26,  2.58,  0.00,  1.03, 1863107539, 1683030000,  179896000, 1914267177, c++, elite, mult, 1
201173.exe  ,  8.34,  0.82,  0.64,  0.00,  0.27,  487261749,  327129000,  160063000,  538661569, c++, elite, mult, 1
201173.exe  ,  8.09,  0.78,  0.61,  0.00,  0.27,  486095151,  324119000,  162059000,  536972245, c++, elite, mult, 1
201173.exe  ,  8.30,  0.84,  0.66,  0.00,  0.27,  486049767,  322051000,  164026000,  537354395, c++, elite, mult, 1
201173.exe  ,  8.21,  0.84,  0.66,  0.00,  0.27,  486451686,  358915000,  127614000,  537440192, c++, elite, mult, 1
201173.exe  ,  8.21,  0.84,  0.67,  0.00,  0.27,  486020772,  330061000,  156029000,  537539396, c++, elite, mult, 1
201173.exe  ,  8.42,  0.83,  0.65,  0.00,  0.27,  485256376,  319597000,  165791000,  536427165, c++, elite, mult, 1
201173.exe  ,  8.20,  0.85,  0.68,  0.00,  0.27,  487337400,  347286000,  140115000,  538699291, c++, elite, mult, 1
201173.exe  ,  8.30,  0.85,  0.67,  0.00,  0.27,  486118088,  335137000,  151061000,  537387706, c++, elite, mult, 1
201173.exe  ,  8.28,  0.84,  0.66,  0.00,  0.27,  485951494,  320374000,  165676000,  537134258, c++, elite, mult, 1
201173.exe  ,  8.29,  0.85,  0.67,  0.00,  0.27,  487330959,  342026000,  145011000,  538822397, c++, elite, mult, 1
2070371.exe , 23.39,  2.34,  1.84,  0.00,  0.84, 1372436606, 1029588000,  342863000, 1423611916, c++, elite, mult, 1
2070371.exe , 23.85,  2.33,  1.83,  0.00,  0.84, 1371745817, 1021016000,  350662000, 1423140194, c++, elite, mult, 1
2070371.exe , 23.72,  2.33,  1.83,  0.00,  0.84, 1370571778, 1026096000,  344032000, 1421992021, c++, elite, mult, 1
2070371.exe , 23.97,  2.34,  1.85,  0.00,  0.83, 1367017061, 1021728000,  344908000, 1418427050, c++, elite, mult, 1
2070371.exe , 24.17,  2.36,  1.86,  0.00,  0.84, 1376307636, 1022032000,  354011000, 1427525895, c++, elite, mult, 1
2070371.exe , 23.93,  2.36,  1.86,  0.00,  0.84, 1378934559, 1029979000,  348993000, 1430299239, c++, elite, mult, 1
2070371.exe , 23.60,  2.32,  1.82,  0.00,  0.84, 1370293002, 1024226000,  346076000, 1421637000, c++, elite, mult, 1
2070371.exe , 23.45,  2.32,  1.82,  0.00,  0.84, 1383255595, 1042196000,  341064000, 1434791368, c++, elite, mult, 1
2070371.exe , 23.48,  2.33,  1.83,  0.00,  0.84, 1379509887, 1037667000,  341890000, 1430550307, c++, elite, mult, 1
2070371.exe , 23.41,  2.34,  1.83,  0.00,  0.84, 1380946301, 1035851000,  344950000, 1432461739, c++, elite, mult, 1
2073081.exe , 21.53,  2.25,  1.80,  0.00,  0.71, 1265377792, 1101332000,  164049000, 1316391379, c++, elite, mult, 1
2073081.exe , 21.74,  2.31,  1.85,  0.00,  0.71, 1264257978, 1081422000,  182902000, 1315569986, c++, elite, mult, 1
2073081.exe , 21.70,  2.31,  1.85,  0.00,  0.71, 1265644150, 1073725000,  191950000, 1316964499, c++, elite, mult, 1
2073081.exe , 21.68,  2.29,  1.83,  0.00,  0.72, 1265006034, 1090905000,  173984000, 1316366346, c++, elite, mult, 1
2073081.exe , 21.47,  2.34,  1.88,  0.00,  0.71, 1266545568, 1083468000,  183079000, 1317743377, c++, elite, mult, 1
2073081.exe , 21.99,  2.24,  1.78,  0.00,  0.71, 1266473600, 1100413000,  166062000, 1317734881, c++, elite, mult, 1
2073081.exe , 21.84,  2.28,  1.82,  0.00,  0.71, 1264578130, 1095524000,  169080000, 1316111449, c++, elite, mult, 1
2073081.exe , 21.61,  2.22,  1.76,  0.00,  0.72, 1265704774, 1070807000,  194964000, 1317100692, c++, elite, mult, 1
2073081.exe , 21.68,  2.25,  1.79,  0.00,  0.71, 1264303197, 1087134000,  177021000, 1315376032, c++, elite, mult, 1
2073081.exe , 21.68,  2.23,  1.77,  0.00,  0.71, 1263886913, 1085823000,  177970000, 1315296829, c++, elite, mult, 1
2075190.exe , 23.84,  2.41,  1.90,  0.00,  0.85, 1407289015, 1121271000,  285814000, 1458506547, c++, elite, mult, 1
2075190.exe , 23.62,  2.41,  1.90,  0.00,  0.85, 1406587605, 1118854000,  287705000, 1457858200, c++, elite, mult, 1
2075190.exe , 23.85,  2.42,  1.91,  0.00,  0.86, 1411005274, 1096941000,  313983000, 1462408058, c++, elite, mult, 1
2075190.exe , 23.66,  2.37,  1.86,  0.00,  0.85, 1408120510, 1108985000,  298995000, 1459208025, c++, elite, mult, 1
2075190.exe , 24.17,  2.42,  1.90,  0.00,  0.86, 1411999522, 1127022000,  285005000, 1463231049, c++, elite, mult, 1
2075190.exe , 23.73,  2.46,  1.95,  0.00,  0.85, 1407797528, 1109276000,  298074000, 1459045120, c++, elite, mult, 1
2075190.exe , 23.81,  2.44,  1.93,  0.00,  0.86, 1412737137, 1113056000,  299746000, 1463797979, c++, elite, mult, 1
2075190.exe , 24.07,  2.42,  1.91,  0.00,  0.85, 1412184112, 1132143000,  280035000, 1463844920, c++, elite, mult, 1
2075190.exe , 23.80,  2.43,  1.92,  0.00,  0.85, 1407593516, 1099348000,  308097000, 1458874383, c++, elite, mult, 1
2075190.exe , 23.94,  2.31,  1.81,  0.00,  0.85, 1405653881, 1100515000,  305142000, 1456855916, c++, elite, mult, 1
2185872.exe , 10.68,  1.02,  0.78,  0.00,  0.42,  630107575,  287061000,  343073000,  681333344, c++, elite, mult, 1
2185872.exe , 10.61,  1.02,  0.78,  0.00,  0.42,  628521919,  280259000,  348322000,  679546997, c++, elite, mult, 1
2185872.exe , 10.75,  1.07,  0.83,  0.00,  0.42,  629814197,  299471000,  330416000,  681063546, c++, elite, mult, 1
2185872.exe , 10.59,  1.06,  0.82,  0.00,  0.42,  627363910,  308213000,  319221000,  678945690, c++, elite, mult, 1
2185872.exe , 10.62,  1.05,  0.81,  0.00,  0.42,  628846625,  293971000,  334967000,  680061380, c++, elite, mult, 1
2185872.exe , 10.81,  1.02,  0.78,  0.00,  0.42,  628011354,  294847000,  332828000,  681908948, c++, elite, mult, 1
2185872.exe , 10.64,  1.06,  0.81,  0.00,  0.42,  630173048,  312104000,  318106000,  681282623, c++, elite, mult, 1
2185872.exe , 10.76,  1.04,  0.80,  0.00,  0.42,  627540246,  306821000,  320812000,  678812697, c++, elite, mult, 1
2185872.exe , 10.86,  1.03,  0.79,  0.00,  0.42,  628376887,  309194000,  319200000,  679567013, c++, elite, mult, 1
2185872.exe , 10.80,  1.02,  0.78,  0.00,  0.41,  627451470,  301703000,  325679000,  678781402, c++, elite, mult, 1
2215057.exe ,  7.95,  0.77,  0.60,  0.00,  0.29,  456563115,  287354000,  169208000,  507778358, c++, elite, mult, 1
2215057.exe ,  7.99,  0.77,  0.60,  0.00,  0.29,  455539224,  288379000,  167219000,  506925132, c++, elite, mult, 1
2215057.exe ,  7.96,  0.79,  0.62,  0.00,  0.29,  455271192,  289096000,  166055000,  506340104, c++, elite, mult, 1
2215057.exe ,  7.74,  0.78,  0.62,  0.00,  0.29,  456258901,  276559000,  179713000,  507719173, c++, elite, mult, 1
2215057.exe ,  7.74,  0.76,  0.59,  0.00,  0.29,  455672256,  283460000,  172279000,  506926064, c++, elite, mult, 1
2215057.exe ,  7.76,  0.76,  0.59,  0.00,  0.29,  455775766,  296934000,  158964000,  506858580, c++, elite, mult, 1
2215057.exe ,  7.72,  0.75,  0.58,  0.00,  0.29,  455754751,  292385000,  163215000,  506916445, c++, elite, mult, 1
2215057.exe ,  7.65,  0.76,  0.59,  0.00,  0.29,  455440943,  290264000,  165150000,  506799003, c++, elite, mult, 1
2215057.exe ,  7.95,  0.78,  0.61,  0.00,  0.29,  457446498,  279246000,  178157000,  508681409, c++, elite, mult, 1
2215057.exe ,  7.75,  0.75,  0.58,  0.00,  0.29,  457635601,  289082000,  168465000,  508945846, c++, elite, mult, 1
2227301.exe ,  7.12,  0.64,  0.49,  0.00,  0.27,  415153678,  261148000,  154087000,  465987562, c++, elite, mult, 1
2227301.exe ,  7.14,  0.64,  0.49,  0.00,  0.27,  414405123,  272149000,  142077000,  465547796, c++, elite, mult, 1
2227301.exe ,  7.14,  0.64,  0.49,  0.00,  0.27,  415083467,  274081000,  141042000,  466335944, c++, elite, mult, 1
2227301.exe ,  7.23,  0.64,  0.48,  0.00,  0.27,  414587396,  267429000,  147236000,  465913882, c++, elite, mult, 1
2227301.exe ,  7.18,  0.63,  0.48,  0.00,  0.27,  416141903,  285152000,  131070000,  467522101, c++, elite, mult, 1
2227301.exe ,  7.05,  0.62,  0.47,  0.00,  0.27,  414554543,  268424000,  146231000,  465761290, c++, elite, mult, 1
2227301.exe ,  7.35,  0.64,  0.49,  0.00,  0.27,  414728591,  278868000,  135935000,  465989846, c++, elite, mult, 1
2227301.exe ,  7.26,  0.62,  0.46,  0.00,  0.27,  415820182,  272941000,  142969000,  467234352, c++, elite, mult, 1
2227301.exe ,  7.05,  0.62,  0.47,  0.00,  0.27,  414296396,  267218000,  147120000,  465146957, c++, elite, mult, 1
2227301.exe ,  7.26,  0.60,  0.45,  0.00,  0.27,  415361839,  267244000,  148135000,  466488753, c++, elite, mult, 1
2311600.exe , 11.26,  1.01,  0.76,  0.00,  0.43,  642142314,  297952000,  343944000,  693401414, c++, elite, mult, 1
2311600.exe , 10.91,  0.99,  0.75,  0.00,  0.42,  640445041,  307204000,  333222000,  691910854, c++, elite, mult, 1
2311600.exe , 11.02,  1.00,  0.75,  0.00,  0.43,  644607025,  305321000,  339357000,  695715921, c++, elite, mult, 1
2311600.exe , 11.26,  0.99,  0.74,  0.00,  0.42,  640293050,  296651000,  343595000,  691455812, c++, elite, mult, 1
2311600.exe , 11.15,  0.98,  0.73,  0.00,  0.43,  641464360,  299812000,  341785000,  694003620, c++, elite, mult, 1
2311600.exe , 11.12,  0.98,  0.73,  0.00,  0.43,  642342391,  311665000,  330645000,  693540913, c++, elite, mult, 1
2311600.exe , 11.22,  0.97,  0.72,  0.00,  0.42,  640803227,  318450000,  322443000,  692136020, c++, elite, mult, 1
2311600.exe , 10.93,  0.96,  0.71,  0.00,  0.43,  643013521,  301016000,  342018000,  694383128, c++, elite, mult, 1
2311600.exe , 11.08,  0.98,  0.74,  0.00,  0.42,  641583170,  309840000,  331829000,  692501939, c++, elite, mult, 1
2311600.exe , 10.86,  0.98,  0.74,  0.00,  0.42,  640222660,  289118000,  351143000,  691561306, c++, elite, mult, 1
2431362.exe , 10.37,  0.97,  0.74,  0.00,  0.38,  618849168,  467951000,  150984000,  669962913, c++, elite, mult, 1
2431362.exe , 10.62,  1.02,  0.79,  0.00,  0.38,  618807816,  471548000,  147171000,  670004083, c++, elite, mult, 1
2431362.exe , 10.52,  0.98,  0.76,  0.00,  0.38,  618424810,  476306000,  142091000,  669379104, c++, elite, mult, 1
2431362.exe , 10.44,  1.00,  0.78,  0.00,  0.38,  618976349,  470051000,  149016000,  669907656, c++, elite, mult, 1
2431362.exe , 10.47,  1.01,  0.78,  0.00,  0.38,  619868162,  483945000,  135984000,  671272568, c++, elite, mult, 1
2431362.exe , 10.42,  0.98,  0.75,  0.00,  0.38,  618762051,  456045000,  162659000,  670162803, c++, elite, mult, 1
2431362.exe , 10.48,  1.00,  0.77,  0.00,  0.38,  618299321,  471440000,  146825000,  669334569, c++, elite, mult, 1
2431362.exe , 10.53,  0.97,  0.75,  0.00,  0.38,  619517455,  469308000,  150098000,  670706166, c++, elite, mult, 1
2431362.exe , 10.50,  0.94,  0.72,  0.00,  0.38,  619011278,  481058000,  138016000,  670297491, c++, elite, mult, 1
2431362.exe , 10.46,  0.97,  0.75,  0.00,  0.38,  618682343,  465523000,  153172000,  669731760, c++, elite, mult, 1
2526947.exe ,  6.86,  0.59,  0.45,  0.00,  0.26,  391838352,  245953000,  145972000,  443215726, c++, elite, mult, 1
2526947.exe ,  6.91,  0.60,  0.45,  0.00,  0.26,  390427109,  249030000,  141017000,  441552731, c++, elite, mult, 1
2526947.exe ,  6.84,  0.60,  0.45,  0.00,  0.26,  391581929,  235798000,  155866000,  442876584, c++, elite, mult, 1
2526947.exe ,  6.63,  0.61,  0.46,  0.00,  0.26,  390407339,  242273000,  148167000,  441791362, c++, elite, mult, 1
2526947.exe ,  6.71,  0.60,  0.46,  0.00,  0.26,  390835261,  249942000,  140967000,  442324279, c++, elite, mult, 1
2526947.exe ,  6.67,  0.59,  0.45,  0.00,  0.26,  390916845,  241890000,  148932000,  442204732, c++, elite, mult, 1
2526947.exe ,  6.76,  0.61,  0.47,  0.00,  0.26,  390850035,  235376000,  155587000,  441876469, c++, elite, mult, 1
2526947.exe ,  6.84,  0.60,  0.45,  0.00,  0.26,  390992035,  250996000,  139997000,  441962913, c++, elite, mult, 1
2526947.exe ,  6.75,  0.59,  0.45,  0.00,  0.26,  390252218,  238205000,  152131000,  441484427, c++, elite, mult, 1
2526947.exe ,  6.65,  0.59,  0.45,  0.00,  0.26,  390685899,  246455000,  144266000,  441879218, c++, elite, mult, 1
2549795.exe , 22.43,  2.22,  1.74,  0.00,  0.80, 1318677937, 1029769000,  288935000, 1369900826, c++, elite, mult, 1
2549795.exe , 22.20,  2.16,  1.68,  0.00,  0.80, 1314974964, 1017945000,  296984000, 1366270872, c++, elite, mult, 1
2549795.exe , 22.31,  2.13,  1.66,  0.00,  0.80, 1315379277, 1024806000,  290661000, 1366486740, c++, elite, mult, 1
2549795.exe , 22.36,  2.20,  1.72,  0.00,  0.80, 1317830966, 1014863000,  302959000, 1369301985, c++, elite, mult, 1
2549795.exe , 22.42,  2.24,  1.76,  0.00,  0.80, 1315924735, 1019952000,  295986000, 1367321748, c++, elite, mult, 1
2549795.exe , 22.08,  2.27,  1.79,  0.00,  0.81, 1317506585, 1004419000,  313130000, 1369003965, c++, elite, mult, 1
2549795.exe , 22.15,  2.26,  1.78,  0.00,  0.80, 1315353150, 1017528000,  297862000, 1366826768, c++, elite, mult, 1
2549795.exe , 22.16,  2.22,  1.75,  0.00,  0.80, 1313087285, 1022015000,  291004000, 1364311484, c++, elite, mult, 1
2549795.exe , 22.48,  2.30,  1.83,  0.00,  0.80, 1314974030, 1014709000,  300209000, 1366353113, c++, elite, mult, 1
2549795.exe , 22.30,  2.31,  1.84,  0.00,  0.81, 1317913706, 1020950000,  296985000, 1369412262, c++, elite, mult, 1
2683118.exe , 11.44,  1.13,  0.87,  0.00,  0.44,  665558853,  327259000,  338267000,  716782477, c++, elite, mult, 1
2683118.exe , 11.74,  1.12,  0.87,  0.00,  0.44,  664303457,  330185000,  334188000,  715641778, c++, elite, mult, 1
2683118.exe , 11.63,  1.16,  0.91,  0.00,  0.44,  666132479,  329081000,  337083000,  717232230, c++, elite, mult, 1
2683118.exe , 11.68,  1.13,  0.88,  0.00,  0.44,  665393954,  326209000,  339217000,  716513288, c++, elite, mult, 1
2683118.exe , 11.49,  1.16,  0.91,  0.00,  0.44,  665540229,  327298000,  338308000,  716869825, c++, elite, mult, 1
2683118.exe , 11.52,  1.14,  0.88,  0.00,  0.44,  667089106,  336060000,  331059000,  718246152, c++, elite, mult, 1
2683118.exe , 11.36,  1.13,  0.88,  0.00,  0.44,  664048153,  324033000,  340035000,  715134567, c++, elite, mult, 1
2683118.exe , 11.42,  1.17,  0.91,  0.00,  0.44,  666742116,  333376000,  333376000,  717870065, c++, elite, mult, 1
2683118.exe , 11.72,  1.17,  0.91,  0.00,  0.44,  666597196,  316821000,  349802000,  717677522, c++, elite, mult, 1
2683118.exe , 11.39,  1.14,  0.88,  0.00,  0.44,  665223870,  322085000,  343090000,  716577149, c++, elite, mult, 1
2765763.exe ,  7.27,  0.67,  0.52,  0.00,  0.27,  427555817,  271397000,  156228000,  478997914, c++, elite, mult, 1
2765763.exe ,  7.28,  0.69,  0.53,  0.00,  0.28,  426226710,  247095000,  179069000,  477092319, c++, elite, mult, 1
2765763.exe ,  7.28,  0.71,  0.55,  0.00,  0.27,  426250985,  251611000,  174729000,  477678912, c++, elite, mult, 1
2765763.exe ,  7.14,  0.72,  0.56,  0.00,  0.27,  427231738,  251197000,  176138000,  478357780, c++, elite, mult, 1
2765763.exe ,  7.28,  0.70,  0.54,  0.00,  0.27,  426313299,  250236000,  176166000,  477867149, c++, elite, mult, 1
2765763.exe ,  7.25,  0.68,  0.53,  0.00,  0.27,  428235146,  257179000,  171119000,  479618746, c++, elite, mult, 1
2765763.exe ,  7.26,  0.70,  0.54,  0.00,  0.27,  427853660,  263330000,  164581000,  479302030, c++, elite, mult, 1
2765763.exe ,  7.29,  0.71,  0.55,  0.00,  0.28,  428458298,  261056000,  167036000,  479787029, c++, elite, mult, 1
2765763.exe ,  7.24,  0.70,  0.54,  0.00,  0.27,  428123515,  250129000,  178092000,  479470486, c++, elite, mult, 1
2765763.exe ,  7.42,  0.70,  0.54,  0.00,  0.27,  426106887,  251116000,  175081000,  477295897, c++, elite, mult, 1
2777266.exe ,  6.63,  0.69,  0.55,  0.00,  0.25,  380362757,  243188000,  137106000,  431893897, c++, elite, mult, 1
2777266.exe ,  6.46,  0.67,  0.53,  0.00,  0.25,  381735345,  233896000,  147934000,  433069908, c++, elite, mult, 1
2777266.exe ,  6.54,  0.67,  0.52,  0.00,  0.25,  381964404,  224023000,  158016000,  433029770, c++, elite, mult, 1
2777266.exe ,  6.49,  0.65,  0.51,  0.00,  0.25,  381420403,  234067000,  147412000,  432619133, c++, elite, mult, 1
2777266.exe ,  6.56,  0.66,  0.51,  0.00,  0.25,  381339183,  240273000,  141160000,  432524101, c++, elite, mult, 1
2777266.exe ,  6.41,  0.64,  0.49,  0.00,  0.25,  381077487,  243099000,  138056000,  432187335, c++, elite, mult, 1
2777266.exe ,  6.38,  0.64,  0.50,  0.00,  0.25,  381578949,  242406000,  139233000,  432887066, c++, elite, mult, 1
2777266.exe ,  6.51,  0.63,  0.49,  0.00,  0.25,  380911266,  231886000,  148926000,  432367569, c++, elite, mult, 1
2777266.exe ,  6.56,  0.63,  0.49,  0.00,  0.25,  381207602,  232178000,  149114000,  432410179, c++, elite, mult, 1
2777266.exe ,  6.41,  0.66,  0.52,  0.00,  0.25,  381219572,  239585000,  141754000,  432409388, c++, elite, mult, 1
2783713.exe , 26.43,  2.66,  2.10,  0.00,  0.93, 1559759698, 1207786000,  351937000, 1610743410, c++, elite, mult, 1
2783713.exe , 26.39,  2.67,  2.10,  0.00,  0.93, 1558326309, 1204443000,  353543000, 1609416963, c++, elite, mult, 1
2783713.exe , 26.65,  2.64,  2.07,  0.00,  0.93, 1559744635, 1212864000,  346961000, 1610880770, c++, elite, mult, 1
2783713.exe , 26.86,  2.66,  2.09,  0.00,  0.93, 1557557578, 1181440000,  375821000, 1608729046, c++, elite, mult, 1
2783713.exe , 26.54,  2.65,  2.08,  0.00,  0.93, 1558012867, 1210905000,  346972000, 1608915214, c++, elite, mult, 1
2783713.exe , 26.53,  2.64,  2.08,  0.00,  0.93, 1557383701, 1184141000,  373044000, 1608481663, c++, elite, mult, 1
2783713.exe , 26.56,  2.64,  2.07,  0.00,  0.93, 1557768387, 1197648000,  359894000, 1608648932, c++, elite, mult, 1
2783713.exe , 26.03,  2.68,  2.11,  0.00,  0.93, 1557564949, 1198305000,  359091000, 1608713086, c++, elite, mult, 1
2783713.exe , 26.02,  2.65,  2.08,  0.00,  0.93, 1557817039, 1200811000,  356944000, 1608837649, c++, elite, mult, 1
2783713.exe , 26.45,  2.68,  2.11,  0.00,  0.93, 1557205880, 1191090000,  366027000, 1608296554, c++, elite, mult, 1
279171.exe  ,  7.55,  0.69,  0.53,  0.00,  0.29,  443000237,  303037000,  140017000,  494015824, c++, elite, mult, 1
279171.exe  ,  7.48,  0.71,  0.55,  0.00,  0.29,  441453899,  283255000,  158142000,  492813524, c++, elite, mult, 1
279171.exe  ,  7.74,  0.73,  0.56,  0.00,  0.29,  441482203,  283730000,  157850000,  492637637, c++, elite, mult, 1
279171.exe  ,  7.61,  0.73,  0.57,  0.00,  0.29,  441614120,  294362000,  147181000,  492599902, c++, elite, mult, 1
279171.exe  ,  7.71,  0.73,  0.56,  0.00,  0.29,  441445719,  289192000,  152101000,  492695195, c++, elite, mult, 1
279171.exe  ,  7.60,  0.74,  0.57,  0.00,  0.29,  441290166,  295258000,  146127000,  492521126, c++, elite, mult, 1
279171.exe  ,  7.56,  0.75,  0.59,  0.00,  0.29,  441891500,  286391000,  155212000,  493103539, c++, elite, mult, 1
279171.exe  ,  7.72,  0.72,  0.56,  0.00,  0.29,  442008051,  286033000,  156018000,  493092918, c++, elite, mult, 1
279171.exe  ,  7.94,  0.72,  0.56,  0.00,  0.29,  440674029,  282845000,  157913000,  491766044, c++, elite, mult, 1
279171.exe  ,  7.52,  0.71,  0.54,  0.00,  0.29,  441457718,  288720000,  152852000,  492791221, c++, elite, mult, 1
2954072.exe ,  7.13,  0.72,  0.56,  0.00,  0.27,  416524985,  261132000,  155483000,  467740165, c++, elite, mult, 1
2954072.exe ,  7.04,  0.75,  0.60,  0.00,  0.27,  416028624,  270050000,  146027000,  467106337, c++, elite, mult, 1
2954072.exe ,  7.04,  0.75,  0.59,  0.00,  0.27,  416873254,  271937000,  144966000,  468203154, c++, elite, mult, 1
2954072.exe ,  7.17,  0.73,  0.58,  0.00,  0.27,  415665419,  268824000,  146903000,  466927292, c++, elite, mult, 1
2954072.exe ,  7.14,  0.73,  0.58,  0.00,  0.27,  415747627,  275539000,  140274000,  466994032, c++, elite, mult, 1
2954072.exe ,  7.26,  0.74,  0.58,  0.00,  0.27,  416553352,  268040000,  148468000,  467626700, c++, elite, mult, 1
2954072.exe ,  7.27,  0.73,  0.58,  0.00,  0.27,  416006395,  270055000,  146030000,  469662489, c++, elite, mult, 1
2954072.exe ,  7.38,  0.74,  0.58,  0.00,  0.27,  416405778,  271301000,  145161000,  467668492, c++, elite, mult, 1
2954072.exe ,  7.26,  0.73,  0.57,  0.00,  0.27,  418605858,  263399000,  155235000,  469670881, c++, elite, mult, 1
2954072.exe ,  7.27,  0.73,  0.58,  0.00,  0.27,  416563633,  278345000,  138171000,  467630326, c++, elite, mult, 1
2997233.exe , 10.51,  1.06,  0.84,  0.00,  0.36,  619572426,  324157000,  295143000,  670739378, c++, elite, mult, 1
2997233.exe , 10.55,  1.04,  0.81,  0.00,  0.36,  621162848,  336057000,  285048000,  672412148, c++, elite, mult, 1
2997233.exe , 10.34,  1.04,  0.82,  0.00,  0.36,  620305093,  329147000,  291245000,  671467817, c++, elite, mult, 1
2997233.exe , 10.38,  1.06,  0.83,  0.00,  0.36,  620543347,  335795000,  284826000,  671926815, c++, elite, mult, 1
2997233.exe , 10.48,  1.05,  0.82,  0.00,  0.36,  619269816,  326626000,  292665000,  670725556, c++, elite, mult, 1
2997233.exe , 10.36,  1.06,  0.83,  0.00,  0.36,  618986068,  321914000,  296920000,  670197881, c++, elite, mult, 1
2997233.exe , 10.43,  1.02,  0.79,  0.00,  0.36,  619632102,  332364000,  287315000,  670759232, c++, elite, mult, 1
2997233.exe , 10.33,  1.03,  0.80,  0.00,  0.35,  618787935,  360883000,  257916000,  670150287, c++, elite, mult, 1
2997233.exe , 10.47,  0.99,  0.76,  0.00,  0.36,  619933900,  353010000,  267008000,  671159213, c++, elite, mult, 1
2997233.exe , 10.56,  1.02,  0.80,  0.00,  0.36,  618687482,  338422000,  280349000,  670315855, c++, elite, mult, 1
3054058.exe ,  6.31,  0.63,  0.49,  0.00,  0.25,  373073977,  245105000,  128055000,  424244790, c++, elite, mult, 1
3054058.exe ,  6.32,  0.64,  0.50,  0.00,  0.25,  373298638,  223220000,  150148000,  424544736, c++, elite, mult, 1
3054058.exe ,  6.38,  0.64,  0.50,  0.00,  0.25,  373144289,  234146000,  139086000,  424403999, c++, elite, mult, 1
3054058.exe ,  6.37,  0.64,  0.49,  0.00,  0.25,  374263814,  223185000,  151125000,  425362928, c++, elite, mult, 1
3054058.exe ,  6.37,  0.63,  0.49,  0.00,  0.25,  373332789,  230209000,  143130000,  424737231, c++, elite, mult, 1
3054058.exe ,  6.39,  0.63,  0.49,  0.00,  0.25,  374281828,  231121000,  143075000,  425687663, c++, elite, mult, 1
3054058.exe ,  6.35,  0.62,  0.48,  0.00,  0.25,  373601141,  221230000,  152469000,  424650316, c++, elite, mult, 1
3054058.exe ,  6.21,  0.61,  0.47,  0.00,  0.25,  374109326,  228038000,  146024000,  425942600, c++, elite, mult, 1
3054058.exe ,  6.29,  0.64,  0.50,  0.00,  0.25,  373605691,  233398000,  140239000,  424761081, c++, elite, mult, 1
3054058.exe ,  6.21,  0.63,  0.49,  0.00,  0.25,  373117316,  229047000,  144030000,  424372909, c++, elite, mult, 1
3095445.exe ,  5.37,  0.55,  0.44,  0.00,  0.17,  321011851,  316914000,    3998000,  372287776, c++, elite, mult, 1
3095445.exe ,  5.40,  0.55,  0.44,  0.00,  0.16,  320773174,  318890000,    1999000,  371840166, c++, elite, mult, 1
3095445.exe ,  5.41,  0.55,  0.44,  0.00,  0.17,  321408364,  319136000,    2000000,  372778616, c++, elite, mult, 1
3095445.exe ,  5.34,  0.55,  0.44,  0.00,  0.16,  320742074,  317812000,    3007000,  372015669, c++, elite, mult, 1
3095445.exe ,  5.28,  0.55,  0.44,  0.00,  0.17,  321188690,  319129000,    2000000,  372265607, c++, elite, mult, 1
3095445.exe ,  5.42,  0.56,  0.44,  0.00,  0.16,  320851654,  317948000,    3008000,  371728262, c++, elite, mult, 1
3095445.exe ,  5.48,  0.55,  0.43,  0.00,  0.16,  321251657,  316954000,    3999000,  372375453, c++, elite, mult, 1
3095445.exe ,  5.48,  0.55,  0.44,  0.00,  0.16,  320858501,  317971000,    2999000,  371789859, c++, elite, mult, 1
3095445.exe ,  5.42,  0.55,  0.44,  0.00,  0.16,  321372871,  318008000,    3000000,  372703212, c++, elite, mult, 1
3095445.exe ,  5.30,  0.55,  0.44,  0.00,  0.16,  320791584,  317923000,    2999000,  371963189, c++, elite, mult, 1
3098751.exe ,  7.08,  0.71,  0.56,  0.00,  0.28,  424386184,  285305000,  139148000,  475733985, c++, elite, mult, 1
3098751.exe ,  7.19,  0.73,  0.57,  0.00,  0.28,  424166286,  277084000,  147044000,  475328081, c++, elite, mult, 1
3098751.exe ,  7.12,  0.73,  0.57,  0.00,  0.28,  423479845,  283344000,  140170000,  474471348, c++, elite, mult, 1
3098751.exe ,  7.08,  0.72,  0.56,  0.00,  0.28,  423710596,  276861000,  146926000,  475278412, c++, elite, mult, 1
3098751.exe ,  7.15,  0.73,  0.57,  0.00,  0.28,  423924514,  283973000,  139987000,  475325636, c++, elite, mult, 1
3098751.exe ,  7.25,  0.73,  0.58,  0.00,  0.28,  423864026,  275949000,  147973000,  475254034, c++, elite, mult, 1
3098751.exe ,  7.18,  0.74,  0.58,  0.00,  0.28,  424322337,  274204000,  150111000,  475534781, c++, elite, mult, 1
3098751.exe ,  7.17,  0.73,  0.57,  0.00,  0.28,  423640878,  280798000,  142897000,  474903714, c++, elite, mult, 1
3098751.exe ,  7.37,  0.74,  0.58,  0.00,  0.28,  423896035,  275560000,  148301000,  475020610, c++, elite, mult, 1
3098751.exe ,  7.26,  0.75,  0.59,  0.00,  0.28,  424616783,  279782000,  144887000,  475810004, c++, elite, mult, 1
3361780.exe ,  6.28,  0.63,  0.49,  0.00,  0.21,  363321018,  217234000,  146157000,  414404937, c++, elite, mult, 1
3361780.exe ,  6.12,  0.60,  0.46,  0.00,  0.21,  361474552,  200226000,  161182000,  412646391, c++, elite, mult, 1
3361780.exe ,  6.16,  0.61,  0.47,  0.00,  0.21,  361521025,  210352000,  151253000,  412784032, c++, elite, mult, 1
3361780.exe ,  6.24,  0.60,  0.46,  0.00,  0.21,  362148837,  208976000,  152982000,  413357480, c++, elite, mult, 1
3361780.exe ,  6.21,  0.61,  0.48,  0.00,  0.21,  360952865,  208007000,  153005000,  412281982, c++, elite, mult, 1
3361780.exe ,  6.14,  0.63,  0.49,  0.00,  0.21,  361488886,  215761000,  145838000,  412778971, c++, elite, mult, 1
3361780.exe ,  6.11,  0.63,  0.50,  0.00,  0.21,  362604654,  217799000,  144866000,  413584936, c++, elite, mult, 1
3361780.exe ,  6.08,  0.63,  0.49,  0.00,  0.21,  362659856,  221866000,  140915000,  414087626, c++, elite, mult, 1
3361780.exe ,  6.09,  0.63,  0.50,  0.00,  0.21,  361933323,  215995000,  145996000,  413351872, c++, elite, mult, 1
3361780.exe ,  5.94,  0.62,  0.48,  0.00,  0.21,  361728766,  219293000,  142540000,  412800920, c++, elite, mult, 1
3408192.exe ,  7.36,  0.75,  0.59,  0.00,  0.25,  439013426,  315046000,  124018000,  490220481, c++, elite, mult, 1
3408192.exe ,  7.33,  0.72,  0.55,  0.00,  0.25,  439462511,  264329000,  175218000,  490823289, c++, elite, mult, 1
3408192.exe ,  7.48,  0.73,  0.57,  0.00,  0.25,  438433245,  280310000,  158175000,  489433325, c++, elite, mult, 1
3408192.exe ,  7.46,  0.75,  0.59,  0.00,  0.25,  438358678,  318776000,  119541000,  489614688, c++, elite, mult, 1
3408192.exe ,  7.28,  0.75,  0.60,  0.00,  0.25,  438176703,  305177000,  133077000,  489530776, c++, elite, mult, 1
3408192.exe ,  7.44,  0.74,  0.58,  0.00,  0.25,  437986232,  300604000,  137276000,  489485379, c++, elite, mult, 1
3408192.exe ,  7.39,  0.73,  0.57,  0.00,  0.25,  440082974,  265091000,  175060000,  491309779, c++, elite, mult, 1
3408192.exe ,  7.26,  0.73,  0.57,  0.00,  0.25,  438444660,  298337000,  140158000,  489626963, c++, elite, mult, 1
3408192.exe ,  7.38,  0.73,  0.57,  0.00,  0.25,  438411299,  311634000,  126851000,  489769762, c++, elite, mult, 1
3408192.exe ,  7.28,  0.71,  0.55,  0.00,  0.25,  438456508,  316287000,  122110000,  489550664, c++, elite, mult, 1
3467701.exe ,  6.70,  0.67,  0.53,  0.00,  0.26,  390381118,  258312000,  132159000,  441554153, c++, elite, mult, 1
3467701.exe ,  6.80,  0.65,  0.50,  0.00,  0.26,  390106473,  243116000,  147070000,  441288095, c++, elite, mult, 1
3467701.exe ,  6.70,  0.65,  0.50,  0.00,  0.26,  390629189,  244839000,  145904000,  441906437, c++, elite, mult, 1
3467701.exe ,  6.80,  0.67,  0.52,  0.00,  0.26,  390091632,  237099000,  153064000,  441403523, c++, elite, mult, 1
3467701.exe ,  6.84,  0.67,  0.52,  0.00,  0.26,  389926927,  249983000,  139990000,  441012404, c++, elite, mult, 1
3467701.exe ,  6.74,  0.68,  0.53,  0.00,  0.26,  390194698,  244093000,  146055000,  441268095, c++, elite, mult, 1
3467701.exe ,  6.83,  0.67,  0.52,  0.00,  0.26,  389574646,  239774000,  149859000,  440584541, c++, elite, mult, 1
3467701.exe ,  6.75,  0.68,  0.54,  0.00,  0.26,  390405703,  238287000,  152183000,  441893610, c++, elite, mult, 1
3467701.exe ,  6.74,  0.68,  0.53,  0.00,  0.26,  390204677,  238584000,  151735000,  441351886, c++, elite, mult, 1
3467701.exe ,  6.63,  0.68,  0.54,  0.00,  0.26,  389993350,  248975000,  140985000,  441314383, c++, elite, mult, 1
3478512.exe , 10.80,  1.08,  0.84,  0.00,  0.43,  637565324,  345362000,  292306000,  688891078, c++, elite, mult, 1
3478512.exe , 10.82,  1.07,  0.83,  0.00,  0.43,  635757725,  359822000,  275864000,  686815325, c++, elite, mult, 1
3478512.exe , 10.69,  1.05,  0.80,  0.00,  0.43,  635491961,  347756000,  287798000,  686991110, c++, elite, mult, 1
3478512.exe , 10.80,  1.05,  0.80,  0.00,  0.43,  636109033,  335956000,  299960000,  687112247, c++, elite, mult, 1
3478512.exe , 10.94,  1.06,  0.82,  0.00,  0.43,  637449354,  340195000,  297170000,  688740401, c++, elite, mult, 1
3478512.exe , 10.78,  1.05,  0.81,  0.00,  0.43,  635878428,  335909000,  299919000,  687198679, c++, elite, mult, 1
3478512.exe , 10.85,  1.05,  0.80,  0.00,  0.43,  635823292,  351910000,  283927000,  686896931, c++, elite, mult, 1
3478512.exe , 10.82,  1.03,  0.79,  0.00,  0.43,  635113179,  345109000,  290092000,  686202204, c++, elite, mult, 1
3478512.exe , 10.90,  1.03,  0.79,  0.00,  0.43,  634987922,  341020000,  294017000,  686059454, c++, elite, mult, 1
3478512.exe , 10.90,  1.04,  0.80,  0.00,  0.43,  634611370,  342266000,  292227000,  685946626, c++, elite, mult, 1
3812433.exe ,  6.85,  0.63,  0.48,  0.00,  0.26,  398196906,  255155000,  143086000,  449732154, c++, elite, mult, 1
3812433.exe ,  6.70,  0.62,  0.47,  0.00,  0.26,  396516550,  248756000,  147855000,  447789455, c++, elite, mult, 1
3812433.exe ,  6.68,  0.61,  0.47,  0.00,  0.26,  397516958,  254362000,  143204000,  448911285, c++, elite, mult, 1
3812433.exe ,  6.84,  0.61,  0.46,  0.00,  0.26,  398410576,  242271000,  156175000,  449523205, c++, elite, mult, 1
3812433.exe ,  6.78,  0.61,  0.47,  0.00,  0.26,  398069032,  253088000,  145050000,  449039802, c++, elite, mult, 1
3812433.exe ,  7.04,  0.61,  0.46,  0.00,  0.26,  398266611,  254530000,  143734000,  449271651, c++, elite, mult, 1
3812433.exe ,  7.05,  0.61,  0.46,  0.00,  0.26,  397663839,  255483000,  142269000,  448725127, c++, elite, mult, 1
3812433.exe ,  7.00,  0.62,  0.47,  0.00,  0.26,  397426401,  238103000,  159400000,  448449374, c++, elite, mult, 1
3812433.exe ,  6.92,  0.61,  0.47,  0.00,  0.26,  398646805,  245421000,  153263000,  449772387, c++, elite, mult, 1
3812433.exe ,  6.89,  0.63,  0.49,  0.00,  0.26,  397664286,  249445000,  148264000,  448696684, c++, elite, mult, 1
3815934.exe ,  6.71,  0.68,  0.54,  0.00,  0.23,  393881082,  237981000,  155987000,  444988776, c++, elite, mult, 1
3815934.exe ,  6.70,  0.68,  0.54,  0.00,  0.23,  393537579,  233732000,  159816000,  444720355, c++, elite, mult, 1
3815934.exe ,  6.66,  0.68,  0.53,  0.00,  0.23,  393432763,  238284000,  155185000,  444599057, c++, elite, mult, 1
3815934.exe ,  6.59,  0.68,  0.54,  0.00,  0.23,  393632366,  242370000,  151231000,  444987855, c++, elite, mult, 1
3815934.exe ,  6.54,  0.69,  0.54,  0.00,  0.23,  393313253,  225207000,  168154000,  444490661, c++, elite, mult, 1
3815934.exe ,  6.74,  0.68,  0.54,  0.00,  0.23,  394051771,  237068000,  157045000,  445174695, c++, elite, mult, 1
3815934.exe ,  6.58,  0.68,  0.54,  0.00,  0.23,  392820986,  247950000,  144971000,  444194204, c++, elite, mult, 1
3815934.exe ,  6.57,  0.68,  0.54,  0.00,  0.23,  393203548,  253156000,  140086000,  444595066, c++, elite, mult, 1
3815934.exe ,  6.62,  0.67,  0.53,  0.00,  0.23,  394185311,  237134000,  157088000,  445421958, c++, elite, mult, 1
3815934.exe ,  6.45,  0.67,  0.52,  0.00,  0.23,  393291049,  241234000,  152148000,  444560775, c++, elite, mult, 1
3932918.exe ,  7.13,  0.71,  0.56,  0.00,  0.27,  418746480,  276806000,  141900000,  469885222, c++, elite, mult, 1
3932918.exe ,  7.09,  0.69,  0.53,  0.00,  0.27,  419132723,  273141000,  146075000,  470054349, c++, elite, mult, 1
3932918.exe ,  7.12,  0.67,  0.51,  0.00,  0.27,  419665133,  278372000,  141188000,  470792262, c++, elite, mult, 1
3932918.exe ,  7.18,  0.66,  0.51,  0.00,  0.27,  419411681,  270909000,  147950000,  470630593, c++, elite, mult, 1
3932918.exe ,  6.92,  0.64,  0.49,  0.00,  0.27,  419232364,  265206000,  154119000,  470482258, c++, elite, mult, 1
3932918.exe ,  7.03,  0.69,  0.54,  0.00,  0.27,  419203924,  272459000,  146709000,  470601625, c++, elite, mult, 1
3932918.exe ,  7.03,  0.65,  0.50,  0.00,  0.27,  419013652,  279647000,  139322000,  470210537, c++, elite, mult, 1
3932918.exe ,  7.01,  0.64,  0.49,  0.00,  0.27,  418809996,  278915000,  139957000,  470052129, c++, elite, mult, 1
3932918.exe ,  7.00,  0.65,  0.50,  0.00,  0.27,  418785392,  269893000,  148940000,  470001518, c++, elite, mult, 1
3932918.exe ,  6.97,  0.66,  0.51,  0.00,  0.27,  418358581,  273238000,  145126000,  469647122, c++, elite, mult, 1
3995464.exe ,  7.01,  0.64,  0.49,  0.00,  0.27,  406324772,  245227000,  161149000,  457629795, c++, elite, mult, 1
3995464.exe ,  7.07,  0.65,  0.50,  0.00,  0.27,  406318420,  228206000,  178161000,  457552096, c++, elite, mult, 1
3995464.exe ,  7.04,  0.65,  0.50,  0.00,  0.27,  405291284,  225667000,  179735000,  456594864, c++, elite, mult, 1
3995464.exe ,  6.98,  0.65,  0.49,  0.00,  0.27,  406945461,  242961000,  163974000,  458202137, c++, elite, mult, 1
3995464.exe ,  6.85,  0.66,  0.51,  0.00,  0.27,  406522882,  227707000,  178770000,  458337583, c++, elite, mult, 1
3995464.exe ,  6.94,  0.69,  0.53,  0.00,  0.27,  405142281,  236075000,  169053000,  456387073, c++, elite, mult, 1
3995464.exe ,  6.87,  0.68,  0.52,  0.00,  0.27,  405058709,  241088000,  164060000,  456229893, c++, elite, mult, 1
3995464.exe ,  6.89,  0.68,  0.53,  0.00,  0.27,  406282385,  235114000,  171083000,  457698829, c++, elite, mult, 1
3995464.exe ,  7.00,  0.69,  0.53,  0.00,  0.27,  406443530,  247701000,  158808000,  457556311, c++, elite, mult, 1
3995464.exe ,  7.03,  0.68,  0.53,  0.00,  0.27,  405325508,  239553000,  165691000,  456415295, c++, elite, mult, 1
4200085.exe , 10.27,  1.01,  0.79,  0.00,  0.36,  605826393,  316950000,  288955000,  656977394, c++, elite, mult, 1
4200085.exe , 10.17,  1.00,  0.78,  0.00,  0.36,  606608108,  315106000,  291098000,  657792536, c++, elite, mult, 1
4200085.exe , 10.29,  1.00,  0.78,  0.00,  0.35,  605702799,  322877000,  282892000,  656793802, c++, elite, mult, 1
4200085.exe , 10.37,  1.03,  0.81,  0.00,  0.36,  606304202,  306687000,  299694000,  657346017, c++, elite, mult, 1
4200085.exe , 10.15,  1.05,  0.83,  0.00,  0.35,  606096031,  297066000,  309068000,  657269931, c++, elite, mult, 1
4200085.exe , 10.32,  1.06,  0.84,  0.00,  0.36,  604464910,  308267000,  296295000,  655868646, c++, elite, mult, 1
4200085.exe , 10.40,  1.06,  0.84,  0.00,  0.36,  604799055,  291282000,  313303000,  655885401, c++, elite, mult, 1
4200085.exe , 10.22,  1.07,  0.84,  0.00,  0.36,  604673158,  311338000,  293318000,  655748109, c++, elite, mult, 1
4200085.exe , 10.31,  1.06,  0.84,  0.00,  0.36,  605248783,  302154000,  303155000,  656656476, c++, elite, mult, 1
4200085.exe , 10.12,  1.04,  0.81,  0.00,  0.35,  604819719,  295973000,  308972000,  655790129, c++, elite, mult, 1
4557758.exe , 11.45,  1.12,  0.86,  0.00,  0.44,  660923685,  368431000,  292548000,  711884879, c++, elite, mult, 1
4557758.exe , 11.14,  1.15,  0.90,  0.00,  0.44,  660023666,  363053000,  297043000,  711136077, c++, elite, mult, 1
4557758.exe , 11.35,  1.15,  0.90,  0.00,  0.44,  659014417,  361447000,  297545000,  710142709, c++, elite, mult, 1
4557758.exe , 11.81,  1.16,  0.91,  0.00,  0.44,  659595215,  350302000,  309383000,  710662621, c++, elite, mult, 1
4557758.exe , 11.51,  1.20,  0.95,  0.00,  0.44,  659723946,  355364000,  304311000,  710717649, c++, elite, mult, 1
4557758.exe , 11.44,  1.19,  0.94,  0.00,  0.44,  659160809,  371499000,  287612000,  710377147, c++, elite, mult, 1
4557758.exe , 11.40,  1.16,  0.91,  0.00,  0.44,  659753560,  360429000,  299356000,  710810246, c++, elite, mult, 1
4557758.exe , 11.49,  1.17,  0.92,  0.00,  0.44,  659191785,  378069000,  281051000,  710559813, c++, elite, mult, 1
4557758.exe , 11.42,  1.14,  0.89,  0.00,  0.44,  659041112,  355987000,  302989000,  710388397, c++, elite, mult, 1
4557758.exe , 11.19,  1.17,  0.92,  0.00,  0.44,  657992761,  357013000,  301011000,  709313442, c++, elite, mult, 1
4601273.exe ,  9.95,  1.03,  0.81,  0.00,  0.40,  582962178,  286015000,  297015000,  634174714, c++, elite, mult, 1
4601273.exe , 10.12,  1.02,  0.79,  0.00,  0.39,  581717773,  276356000,  305288000,  632775856, c++, elite, mult, 1
4601273.exe , 10.11,  1.06,  0.84,  0.00,  0.39,  581389611,  293710000,  287716000,  632343520, c++, elite, mult, 1
4601273.exe , 10.09,  1.03,  0.80,  0.00,  0.40,  582409027,  274757000,  307728000,  634117050, c++, elite, mult, 1
4601273.exe , 10.21,  0.99,  0.77,  0.00,  0.39,  581913637,  287998000,  293998000,  632891726, c++, elite, mult, 1
4601273.exe , 10.08,  1.03,  0.81,  0.00,  0.39,  582326099,  287968000,  293968000,  633207782, c++, elite, mult, 1
4601273.exe , 10.02,  1.03,  0.81,  0.00,  0.39,  582799506,  295446000,  287434000,  633856637, c++, elite, mult, 1
4601273.exe , 10.06,  0.99,  0.77,  0.00,  0.39,  582901891,  287962000,  294961000,  634153324, c++, elite, mult, 1
4601273.exe , 10.13,  1.01,  0.79,  0.00,  0.39,  581635948,  291270000,  290269000,  632795264, c++, elite, mult, 1
4601273.exe , 10.14,  1.01,  0.79,  0.00,  0.40,  582176688,  279038000,  303041000,  633522786, c++, elite, mult, 1
4607323.exe ,  8.19,  0.79,  0.61,  0.00,  0.32,  470235411,  264166000,  206130000,  521543067, c++, elite, mult, 1
4607323.exe ,  8.14,  0.79,  0.61,  0.00,  0.32,  472499392,  276085000,  196349000,  523520596, c++, elite, mult, 1
4607323.exe ,  7.94,  0.79,  0.62,  0.00,  0.31,  468186930,  267156000,  201117000,  519314748, c++, elite, mult, 1
4607323.exe ,  8.04,  0.79,  0.61,  0.00,  0.32,  472819941,  267158000,  205122000,  523810260, c++, elite, mult, 1
4607323.exe ,  7.87,  0.78,  0.60,  0.00,  0.31,  470180893,  270578000,  199688000,  521262793, c++, elite, mult, 1
4607323.exe ,  8.02,  0.79,  0.61,  0.00,  0.32,  470389153,  267274000,  203208000,  521429700, c++, elite, mult, 1
4607323.exe ,  7.99,  0.77,  0.59,  0.00,  0.32,  470698613,  262399000,  208317000,  521838179, c++, elite, mult, 1
4607323.exe ,  7.97,  0.78,  0.60,  0.00,  0.31,  469879172,  269413000,  200563000,  521086900, c++, elite, mult, 1
4607323.exe ,  8.22,  0.76,  0.58,  0.00,  0.32,  470280150,  271126000,  199093000,  521470302, c++, elite, mult, 1
4607323.exe ,  8.18,  0.74,  0.57,  0.00,  0.31,  470770112,  271343000,  199517000,  521951679, c++, elite, mult, 1
4698768.exe , 19.06,  1.92,  1.52,  0.00,  0.64, 1111714150,  934713000,  176756000, 1162571287, c++, elite, mult, 1
4698768.exe , 18.78,  1.87,  1.47,  0.00,  0.64, 1112256792,  926141000,  186028000, 1163591252, c++, elite, mult, 1
4698768.exe , 18.68,  1.91,  1.51,  0.00,  0.64, 1112914753,  936916000,  175984000, 1164114625, c++, elite, mult, 1
4698768.exe , 18.95,  1.92,  1.52,  0.00,  0.64, 1111462065,  925395000,  186079000, 1162610919, c++, elite, mult, 1
4698768.exe , 18.79,  1.90,  1.49,  0.00,  0.64, 1113156924,  939192000,  174035000, 1164171806, c++, elite, mult, 1
4698768.exe , 18.64,  1.84,  1.44,  0.00,  0.64, 1111598895,  935519000,  176097000, 1162659084, c++, elite, mult, 1
4698768.exe , 18.90,  1.86,  1.46,  0.00,  0.64, 1112704401,  925771000,  186953000, 1163927205, c++, elite, mult, 1
4698768.exe , 18.75,  1.88,  1.49,  0.00,  0.64, 1110749663,  938655000,  172120000, 1162193480, c++, elite, mult, 1
4698768.exe , 18.95,  1.88,  1.47,  0.00,  0.64, 1113720598,  930864000,  182776000, 1164845397, c++, elite, mult, 1
4698768.exe , 18.75,  1.87,  1.46,  0.00,  0.64, 1113304696,  937278000,  176052000, 1164389420, c++, elite, mult, 1
4778920.exe , 10.99,  0.99,  0.74,  0.00,  0.43,  635877485,  279314000,  356400000,  687169997, c++, elite, mult, 1
4778920.exe , 10.91,  1.06,  0.81,  0.00,  0.43,  634586619,  280409000,  354253000,  685754565, c++, elite, mult, 1
4778920.exe , 10.94,  1.03,  0.79,  0.00,  0.43,  634303556,  266155000,  368215000,  685547589, c++, elite, mult, 1
4778920.exe , 11.09,  1.02,  0.78,  0.00,  0.43,  635383795,  279187000,  356238000,  686795431, c++, elite, mult, 1
4778920.exe , 10.83,  1.00,  0.76,  0.00,  0.43,  634586268,  287206000,  347249000,  685737861, c++, elite, mult, 1
4778920.exe , 11.02,  1.01,  0.76,  0.00,  0.42,  631958885,  287400000,  344480000,  682977156, c++, elite, mult, 1
4778920.exe , 11.86,  1.00,  0.76,  0.00,  0.43,  633794884,  279926000,  353906000,  685105105, c++, elite, mult, 1
4778920.exe , 11.60,  0.99,  0.75,  0.00,  0.42,  633112945,  290982000,  341979000,  684311217, c++, elite, mult, 1
4778920.exe , 11.12,  0.99,  0.75,  0.00,  0.43,  634701365,  280455000,  354312000,  685876433, c++, elite, mult, 1
4778920.exe , 11.05,  1.03,  0.78,  0.00,  0.42,  633228164,  275040000,  358052000,  684352320, c++, elite, mult, 1
4785952.exe , 11.70,  1.05,  0.79,  0.00,  0.45,  676610051,  325309000,  351334000,  728120129, c++, elite, mult, 1
4785952.exe , 11.68,  1.04,  0.78,  0.00,  0.45,  675643173,  300301000,  375126000,  726938605, c++, elite, mult, 1
4785952.exe , 11.48,  1.05,  0.79,  0.00,  0.45,  674150558,  323110000,  351119000,  725188692, c++, elite, mult, 1
4785952.exe , 11.72,  1.07,  0.81,  0.00,  0.45,  673997593,  319578000,  354532000,  725452551, c++, elite, mult, 1
4785952.exe , 11.50,  1.07,  0.81,  0.00,  0.45,  674212942,  352587000,  321623000,  725588028, c++, elite, mult, 1
4785952.exe , 11.82,  1.05,  0.79,  0.00,  0.45,  673190531,  316653000,  356609000,  724379375, c++, elite, mult, 1
4785952.exe , 11.58,  1.05,  0.79,  0.00,  0.46,  676058598,  322048000,  354053000,  727159404, c++, elite, mult, 1
4785952.exe , 11.63,  1.06,  0.80,  0.00,  0.45,  673861624,  335943000,  337943000,  725006132, c++, elite, mult, 1
4785952.exe , 11.43,  1.05,  0.79,  0.00,  0.45,  673981769,  320973000,  352970000,  725123925, c++, elite, mult, 1
4785952.exe , 11.40,  1.10,  0.84,  0.00,  0.45,  675241156,  330133000,  345139000,  726683859, c++, elite, mult, 1
4817032.exe ,  7.80,  0.76,  0.60,  0.00,  0.26,  458596324,  315444000,  143201000,  509838210, c++, elite, mult, 1
4817032.exe ,  7.85,  0.73,  0.57,  0.00,  0.26,  458863745,  316204000,  142641000,  510084229, c++, elite, mult, 1
4817032.exe ,  7.82,  0.75,  0.58,  0.00,  0.26,  459532953,  303369000,  156190000,  510575921, c++, elite, mult, 1
4817032.exe ,  7.73,  0.76,  0.59,  0.00,  0.26,  459126613,  309140000,  150068000,  510043314, c++, elite, mult, 1
4817032.exe ,  7.82,  0.76,  0.60,  0.00,  0.26,  458943389,  314697000,  144319000,  511321751, c++, elite, mult, 1
4817032.exe ,  7.85,  0.73,  0.56,  0.00,  0.26,  460280140,  306605000,  153302000,  511499399, c++, elite, mult, 1
4817032.exe ,  7.75,  0.75,  0.58,  0.00,  0.26,  458969794,  319020000,  140008000,  510179732, c++, elite, mult, 1
4817032.exe ,  7.77,  0.74,  0.57,  0.00,  0.26,  459383497,  312130000,  147061000,  510484339, c++, elite, mult, 1
4817032.exe ,  7.81,  0.76,  0.59,  0.00,  0.26,  459611135,  318456000,  141202000,  510874359, c++, elite, mult, 1
4817032.exe ,  7.81,  0.73,  0.57,  0.00,  0.26,  459266765,  308190000,  151093000,  510448411, c++, elite, mult, 1
4821646.exe , 10.28,  1.00,  0.76,  0.00,  0.41,  603868856,  302474000,  301475000,  654991860, c++, elite, mult, 1
4821646.exe , 10.33,  1.06,  0.83,  0.00,  0.41,  603981502,  311881000,  291888000,  655110066, c++, elite, mult, 1
4821646.exe , 10.50,  1.05,  0.82,  0.00,  0.41,  603275702,  304159000,  299156000,  654439276, c++, elite, mult, 1
4821646.exe , 10.31,  1.02,  0.79,  0.00,  0.41,  602863550,  304956000,  297957000,  653986537, c++, elite, mult, 1
4821646.exe , 10.57,  1.00,  0.76,  0.00,  0.41,  603141198,  306030000,  297029000,  654461470, c++, elite, mult, 1
4821646.exe , 10.56,  1.03,  0.80,  0.00,  0.41,  603678146,  307879000,  295883000,  654713147, c++, elite, mult, 1
4821646.exe , 10.48,  1.01,  0.78,  0.00,  0.41,  603347851,  305123000,  298120000,  654305841, c++, elite, mult, 1
4821646.exe , 10.34,  1.02,  0.79,  0.00,  0.41,  602942077,  321995000,  280995000,  653955005, c++, elite, mult, 1
4821646.exe , 10.27,  0.99,  0.76,  0.00,  0.41,  603082217,  300071000,  303072000,  654170120, c++, elite, mult, 1
4821646.exe , 10.50,  0.99,  0.76,  0.00,  0.41,  604025505,  314976000,  288978000,  655403113, c++, elite, mult, 1
4853971.exe ,  9.31,  0.87,  0.67,  0.00,  0.35,  546883116,  373976000,  172988000,  598138998, c++, elite, mult, 1
4853971.exe ,  9.42,  0.85,  0.65,  0.00,  0.35,  547867563,  373937000,  173971000,  599196629, c++, elite, mult, 1
4853971.exe ,  9.33,  0.85,  0.65,  0.00,  0.35,  548259661,  379536000,  168793000,  599507964, c++, elite, mult, 1
4853971.exe ,  9.31,  0.85,  0.64,  0.00,  0.34,  545887448,  382519000,  163221000,  597061849, c++, elite, mult, 1
4853971.exe ,  9.16,  0.86,  0.65,  0.00,  0.35,  547884133,  378978000,  168990000,  599257166, c++, elite, mult, 1
4853971.exe ,  9.20,  0.87,  0.67,  0.00,  0.35,  547306548,  370230000,  177110000,  598468971, c++, elite, mult, 1
4853971.exe ,  9.32,  0.89,  0.69,  0.00,  0.35,  545418425,  381319000,  164137000,  596836579, c++, elite, mult, 1
4853971.exe ,  9.24,  0.86,  0.66,  0.00,  0.35,  548260460,  383574000,  164817000,  599434252, c++, elite, mult, 1
4853971.exe ,  9.41,  0.91,  0.71,  0.00,  0.35,  547076566,  377092000,  170041000,  598697771, c++, elite, mult, 1
4853971.exe ,  9.30,  0.93,  0.72,  0.00,  0.35,  546024796,  375065000,  171030000,  597200318, c++, elite, mult, 1
4885696.exe , 11.16,  1.12,  0.86,  0.00,  0.45,  663182175,  360127000,  303107000,  714161944, c++, elite, mult, 1
4885696.exe , 11.26,  1.15,  0.90,  0.00,  0.45,  663234831,  374062000,  289048000,  715522429, c++, elite, mult, 1
4885696.exe , 11.42,  1.15,  0.89,  0.00,  0.45,  662329601,  373192000,  289149000,  713670858, c++, elite, mult, 1
4885696.exe , 11.27,  1.16,  0.91,  0.00,  0.45,  661812139,  357371000,  304316000,  712966632, c++, elite, mult, 1
4885696.exe , 11.31,  1.16,  0.91,  0.00,  0.45,  661859128,  377427000,  284321000,  713021455, c++, elite, mult, 1
4885696.exe , 11.23,  1.14,  0.89,  0.00,  0.45,  661127433,  363106000,  298087000,  712527069, c++, elite, mult, 1
4885696.exe , 11.42,  1.13,  0.88,  0.00,  0.45,  662780403,  356897000,  305911000,  713966345, c++, elite, mult, 1
4885696.exe , 11.24,  1.04,  0.79,  0.00,  0.45,  660293839,  364654000,  295719000,  711356131, c++, elite, mult, 1
4885696.exe , 11.25,  1.10,  0.85,  0.00,  0.45,  661812982,  363943000,  297954000,  713026423, c++, elite, mult, 1
4885696.exe , 11.58,  1.08,  0.83,  0.00,  0.45,  660885197,  371881000,  288907000,  712229782, c++, elite, mult, 1
4886910.exe ,  9.02,  0.90,  0.71,  0.00,  0.33,  520415555,  381267000,  138733000,  571626458, c++, elite, mult, 1
4886910.exe ,  8.97,  0.92,  0.73,  0.00,  0.33,  519900419,  370976000,  148990000,  571120071, c++, elite, mult, 1
4886910.exe ,  9.07,  0.91,  0.72,  0.00,  0.33,  519351741,  363256000,  156110000,  570361059, c++, elite, mult, 1
4886910.exe ,  8.92,  0.89,  0.70,  0.00,  0.33,  520495470,  372670000,  147869000,  571607297, c++, elite, mult, 1
4886910.exe ,  8.87,  0.89,  0.70,  0.00,  0.33,  520660606,  376353000,  144135000,  571852359, c++, elite, mult, 1
4886910.exe ,  9.11,  0.88,  0.69,  0.00,  0.33,  521472522,  363664000,  157854000,  572448416, c++, elite, mult, 1
4886910.exe ,  8.95,  0.87,  0.67,  0.00,  0.33,  519555868,  375470000,  144180000,  570870565, c++, elite, mult, 1
4886910.exe ,  9.01,  0.88,  0.69,  0.00,  0.33,  524801756,  370225000,  154093000,  575859014, c++, elite, mult, 1
4886910.exe ,  9.21,  0.88,  0.69,  0.00,  0.33,  521556810,  362400000,  159175000,  573020162, c++, elite, mult, 1
4886910.exe ,  8.86,  0.90,  0.71,  0.00,  0.33,  519595480,  378778000,  140917000,  570619412, c++, elite, mult, 1
5145459.exe , 31.19,  3.33,  2.68,  0.00,  1.00, 1818244965, 1646225000,  172023000, 1870110979, c++, elite, mult, 1
5145459.exe , 30.90,  3.20,  2.55,  0.00,  1.00, 1813149913, 1637008000,  176000000, 1864694681, c++, elite, mult, 1
5145459.exe , 30.58,  3.16,  2.52,  0.00,  1.00, 1800263484, 1618264000,  181917000, 1851984222, c++, elite, mult, 1
5145459.exe , 30.54,  3.18,  2.54,  0.00,  0.99, 1799863694, 1632867000,  166986000, 1851145537, c++, elite, mult, 1
5145459.exe , 30.74,  3.16,  2.51,  0.00,  1.00, 1812710224, 1634778000,  177975000, 1864062503, c++, elite, mult, 1
5145459.exe , 30.81,  3.07,  2.42,  0.00,  1.00, 1811981466, 1640726000,  170971000, 1863419239, c++, elite, mult, 1
5145459.exe , 30.93,  3.27,  2.63,  0.00,  1.00, 1801569263, 1625507000,  175946000, 1853281079, c++, elite, mult, 1
5145459.exe , 30.46,  3.12,  2.47,  0.00,  0.99, 1800693077, 1636522000,  164052000, 1852227719, c++, elite, mult, 1
5145459.exe , 30.84,  3.14,  2.49,  0.00,  1.00, 1812390970, 1640356000,  172037000, 1863722322, c++, elite, mult, 1
5145459.exe , 30.73,  3.07,  2.42,  0.00,  1.00, 1811450027, 1641373000,  170038000, 1862780530, c++, elite, mult, 1
5813154.exe , 25.02,  2.40,  1.88,  0.00,  0.91, 1438026432, 1141751000,  295935000, 1489142472, c++, elite, mult, 1
5813154.exe , 24.67,  2.44,  1.92,  0.00,  0.92, 1436659558, 1136376000,  300099000, 1487685192, c++, elite, mult, 1
5813154.exe , 25.05,  2.42,  1.90,  0.00,  0.92, 1445675705, 1144746000,  300933000, 1496618019, c++, elite, mult, 1
5813154.exe , 24.57,  2.36,  1.84,  0.00,  0.91, 1435426815, 1138547000,  296882000, 1486444538, c++, elite, mult, 1
5813154.exe , 24.61,  2.43,  1.92,  0.00,  0.91, 1435842777, 1149711000,  286177000, 1487300059, c++, elite, mult, 1
5813154.exe , 24.56,  2.48,  1.97,  0.00,  0.91, 1427331609, 1129170000,  298045000, 1478390107, c++, elite, mult, 1
5813154.exe , 24.57,  2.43,  1.92,  0.00,  0.91, 1433064685, 1141950000,  290987000, 1484068542, c++, elite, mult, 1
5813154.exe , 24.40,  2.46,  1.95,  0.00,  0.92, 1441338733, 1150257000,  291065000, 1492489791, c++, elite, mult, 1
5813154.exe , 24.89,  2.44,  1.92,  0.00,  0.92, 1443233341, 1143363000,  299832000, 1494233909, c++, elite, mult, 1
5813154.exe , 24.31,  2.41,  1.90,  0.00,  0.91, 1432361094, 1132351000,  299828000, 1483157056, c++, elite, mult, 1
5939101.exe , 10.15,  0.96,  0.73,  0.00,  0.39,  590939728,  250414000,  340564000,  642890651, c++, elite, mult, 1
5939101.exe , 10.45,  0.95,  0.72,  0.00,  0.39,  592697219,  258878000,  333843000,  643814570, c++, elite, mult, 1
5939101.exe , 10.56,  0.94,  0.71,  0.00,  0.39,  591695996,  261318000,  330402000,  642925293, c++, elite, mult, 1
5939101.exe , 10.29,  0.95,  0.73,  0.00,  0.39,  589332573,  249182000,  340249000,  640238207, c++, elite, mult, 1
5939101.exe , 10.26,  0.92,  0.69,  0.00,  0.39,  590060470,  257050000,  333065000,  641780074, c++, elite, mult, 1
5939101.exe , 10.31,  0.92,  0.69,  0.00,  0.39,  588405974,  251272000,  337024000,  641145696, c++, elite, mult, 1
5939101.exe , 10.19,  0.93,  0.71,  0.00,  0.39,  591394163,  243772000,  347675000,  642628864, c++, elite, mult, 1
5939101.exe , 10.12,  0.93,  0.71,  0.00,  0.39,  588320641,  251115000,  337155000,  639462671, c++, elite, mult, 1
5939101.exe , 10.04,  0.95,  0.72,  0.00,  0.39,  590944601,  243012000,  348018000,  642211196, c++, elite, mult, 1
5939101.exe , 10.04,  0.94,  0.71,  0.00,  0.39,  591037101,  252043000,  339059000,  642223756, c++, elite, mult, 1
5940212.exe ,  8.33,  0.82,  0.63,  0.00,  0.32,  494808255,  350924000,  143968000,  546118641, c++, elite, mult, 1
5940212.exe ,  8.38,  0.82,  0.64,  0.00,  0.31,  493870779,  349839000,  143933000,  545415998, c++, elite, mult, 1
5940212.exe ,  8.38,  0.83,  0.64,  0.00,  0.32,  493819249,  359840000,  133940000,  544894130, c++, elite, mult, 1
5940212.exe ,  8.39,  0.82,  0.63,  0.00,  0.31,  494955576,  346913000,  147963000,  546382442, c++, elite, mult, 1
5940212.exe ,  8.48,  0.80,  0.62,  0.00,  0.31,  493422667,  339637000,  153835000,  544542699, c++, elite, mult, 1
5940212.exe ,  8.57,  0.81,  0.62,  0.00,  0.32,  494751141,  350750000,  143897000,  546033468, c++, elite, mult, 1
5940212.exe ,  8.53,  0.81,  0.63,  0.00,  0.32,  494003237,  350693000,  143283000,  545175834, c++, elite, mult, 1
5940212.exe ,  8.26,  0.80,  0.62,  0.00,  0.31,  494525748,  345722000,  148880000,  545916763, c++, elite, mult, 1
5940212.exe ,  8.33,  0.82,  0.64,  0.00,  0.31,  494657028,  355782000,  138915000,  545927156, c++, elite, mult, 1
5940212.exe ,  8.35,  0.82,  0.64,  0.00,  0.31,  493568103,  347718000,  145882000,  545408871, c++, elite, mult, 1
5986135.exe ,  6.70,  0.61,  0.46,  0.00,  0.26,  395420371,  255260000,  140142000,  446511984, c++, elite, mult, 1
5986135.exe ,  6.81,  0.61,  0.46,  0.00,  0.26,  396047466,  246996000,  148998000,  447105284, c++, elite, mult, 1
5986135.exe ,  6.67,  0.60,  0.45,  0.00,  0.26,  395036036,  251069000,  144039000,  446119391, c++, elite, mult, 1
5986135.exe ,  6.61,  0.60,  0.45,  0.00,  0.26,  395919195,  253981000,  141989000,  446925815, c++, elite, mult, 1
5986135.exe ,  6.62,  0.59,  0.44,  0.00,  0.26,  395513312,  256105000,  139512000,  446476437, c++, elite, mult, 1
5986135.exe ,  6.53,  0.60,  0.46,  0.00,  0.26,  395811834,  246820000,  148891000,  446801676, c++, elite, mult, 1
5986135.exe ,  6.51,  0.60,  0.45,  0.00,  0.26,  395188719,  246155000,  149094000,  446241073, c++, elite, mult, 1
5986135.exe ,  6.56,  0.60,  0.45,  0.00,  0.26,  395010850,  245059000,  150036000,  445873615, c++, elite, mult, 1
5986135.exe ,  6.67,  0.60,  0.46,  0.00,  0.26,  395154587,  259146000,  136077000,  446473919, c++, elite, mult, 1
5986135.exe ,  6.49,  0.58,  0.44,  0.00,  0.26,  394869320,  247567000,  147338000,  445829968, c++, elite, mult, 1
6006582.exe ,  8.34,  0.81,  0.63,  0.00,  0.31,  493963236,  352736000,  141295000,  544903441, c++, elite, mult, 1
6006582.exe ,  8.25,  0.80,  0.62,  0.00,  0.31,  493966522,  360875000,  132954000,  544855988, c++, elite, mult, 1
6006582.exe ,  8.48,  0.82,  0.64,  0.00,  0.31,  494173310,  351184000,  143075000,  547887038, c++, elite, mult, 1
6006582.exe ,  8.41,  0.77,  0.59,  0.00,  0.31,  493631604,  354808000,  138924000,  544757732, c++, elite, mult, 1
6006582.exe ,  8.34,  0.80,  0.62,  0.00,  0.31,  494038126,  345057000,  149024000,  545123206, c++, elite, mult, 1
6006582.exe ,  8.53,  0.83,  0.64,  0.00,  0.31,  493398941,  349236000,  144097000,  544500942, c++, elite, mult, 1
6006582.exe ,  8.56,  0.82,  0.64,  0.00,  0.31,  494057313,  346077000,  148033000,  544919666, c++, elite, mult, 1
6006582.exe ,  8.54,  0.83,  0.65,  0.00,  0.32,  498388608,  364183000,  134067000,  549271273, c++, elite, mult, 1
6006582.exe ,  8.38,  0.82,  0.64,  0.00,  0.31,  494814652,  353881000,  140952000,  546160499, c++, elite, mult, 1
6006582.exe ,  8.38,  0.84,  0.66,  0.00,  0.31,  494584395,  348459000,  146192000,  545871939, c++, elite, mult, 1
6011315.exe , 17.14,  1.76,  1.39,  0.00,  0.59, 1006662479,  834703000,  171938000, 1057954787, c++, elite, mult, 1
6011315.exe , 17.20,  1.78,  1.41,  0.00,  0.58, 1002697334,  823698000,  178934000, 1053989734, c++, elite, mult, 1
6011315.exe , 17.26,  1.74,  1.38,  0.00,  0.58, 1002665192,  819524000,  182893000, 1053569697, c++, elite, mult, 1
6011315.exe , 17.34,  1.75,  1.38,  0.00,  0.59, 1007314281,  839274000,  168055000, 1058671398, c++, elite, mult, 1
6011315.exe , 17.05,  1.75,  1.39,  0.00,  0.59, 1005824009,  824899000,  180977000, 1056989455, c++, elite, mult, 1
6011315.exe , 17.11,  1.76,  1.40,  0.00,  0.58, 1003376391,  830324000,  173067000, 1054354450, c++, elite, mult, 1
6011315.exe , 16.96,  1.77,  1.40,  0.00,  0.59, 1004558827,  821677000,  182928000, 1055616111, c++, elite, mult, 1
6011315.exe , 17.26,  1.73,  1.36,  0.00,  0.58, 1003413737,  826360000,  177077000, 1054518931, c++, elite, mult, 1
6011315.exe , 17.44,  1.76,  1.39,  0.00,  0.59, 1006574209,  831487000,  175102000, 1058023339, c++, elite, mult, 1
6011315.exe , 17.55,  1.76,  1.40,  0.00,  0.59, 1006019072,  828039000,  178008000, 1056977916, c++, elite, mult, 1
6023674.exe , 11.43,  1.10,  0.85,  0.00,  0.44,  658666798,  365382000,  293307000,  709654356, c++, elite, mult, 1
6023674.exe , 11.41,  1.08,  0.83,  0.00,  0.44,  656985808,  355492000,  301569000,  708592540, c++, elite, mult, 1
6023674.exe , 11.47,  1.09,  0.84,  0.00,  0.44,  658729598,  371885000,  286911000,  710074663, c++, elite, mult, 1
6023674.exe , 11.59,  1.10,  0.85,  0.00,  0.44,  658976834,  368964000,  289972000,  710029424, c++, elite, mult, 1
6023674.exe , 11.46,  1.08,  0.83,  0.00,  0.44,  657632042,  354782000,  302814000,  708621378, c++, elite, mult, 1
6023674.exe , 11.48,  1.14,  0.89,  0.00,  0.44,  658772851,  369353000,  289493000,  709939243, c++, elite, mult, 1
6023674.exe , 11.21,  1.13,  0.88,  0.00,  0.44,  657900014,  365404000,  292523000,  709014644, c++, elite, mult, 1
6023674.exe , 11.27,  1.11,  0.86,  0.00,  0.44,  657755374,  372856000,  284890000,  709000095, c++, elite, mult, 1
6023674.exe , 11.28,  1.15,  0.90,  0.00,  0.44,  658269600,  370638000,  287719000,  709591789, c++, elite, mult, 1
6023674.exe , 11.34,  1.11,  0.86,  0.00,  0.44,  657922639,  363915000,  293932000,  708858136, c++, elite, mult, 1
6141629.exe ,  7.17,  0.73,  0.57,  0.00,  0.27,  418734024,  269514000,  149285000,  469997839, c++, elite, mult, 1
6141629.exe ,  7.24,  0.73,  0.57,  0.00,  0.27,  418249602,  273126000,  145066000,  469079263, c++, elite, mult, 1
6141629.exe ,  7.09,  0.70,  0.55,  0.00,  0.27,  418367668,  265639000,  152792000,  471431550, c++, elite, mult, 1
6141629.exe ,  7.06,  0.69,  0.54,  0.00,  0.27,  419666876,  265822000,  153897000,  470864887, c++, elite, mult, 1
6141629.exe ,  7.13,  0.71,  0.56,  0.00,  0.27,  418195182,  278146000,  140073000,  469228427, c++, elite, mult, 1
6141629.exe ,  7.07,  0.72,  0.56,  0.00,  0.27,  419222324,  282480000,  136748000,  470034674, c++, elite, mult, 1
6141629.exe ,  7.14,  0.72,  0.56,  0.00,  0.27,  419227271,  275548000,  143764000,  470558081, c++, elite, mult, 1
6141629.exe ,  7.21,  0.70,  0.55,  0.00,  0.27,  418858679,  267956000,  150975000,  470092246, c++, elite, mult, 1
6141629.exe ,  7.08,  0.65,  0.50,  0.00,  0.27,  419048914,  276051000,  143026000,  470407665, c++, elite, mult, 1
6141629.exe ,  7.12,  0.67,  0.52,  0.00,  0.27,  418456000,  271144000,  147078000,  469606709, c++, elite, mult, 1
6175498.exe ,  7.65,  0.73,  0.56,  0.00,  0.29,  442796621,  301892000,  140949000,  493963200, c++, elite, mult, 1
6175498.exe ,  7.70,  0.71,  0.55,  0.00,  0.29,  443871556,  301941000,  141972000,  495261762, c++, elite, mult, 1
6175498.exe ,  7.69,  0.70,  0.53,  0.00,  0.29,  443140852,  297180000,  146088000,  494091897, c++, elite, mult, 1
6175498.exe ,  7.45,  0.69,  0.53,  0.00,  0.29,  442779125,  302536000,  140248000,  493886482, c++, elite, mult, 1
6175498.exe ,  7.52,  0.73,  0.57,  0.00,  0.29,  442320450,  293595000,  148795000,  493475622, c++, elite, mult, 1
6175498.exe ,  7.60,  0.71,  0.54,  0.00,  0.29,  442028419,  297086000,  145042000,  493447253, c++, elite, mult, 1
6175498.exe ,  7.66,  0.69,  0.52,  0.00,  0.29,  442754593,  292644000,  149818000,  494070615, c++, elite, mult, 1
6175498.exe ,  7.59,  0.69,  0.53,  0.00,  0.29,  442782362,  301491000,  141230000,  493847723, c++, elite, mult, 1
6175498.exe ,  7.58,  0.70,  0.54,  0.00,  0.29,  442506703,  300367000,  142173000,  494328238, c++, elite, mult, 1
6175498.exe ,  7.75,  0.73,  0.56,  0.00,  0.29,  443395988,  299273000,  144131000,  494758956, c++, elite, mult, 1
6178102.exe ,  7.06,  0.68,  0.53,  0.00,  0.27,  412260216,  279216000,  133103000,  463299744, c++, elite, mult, 1
6178102.exe ,  6.96,  0.69,  0.54,  0.00,  0.27,  412463825,  269237000,  143126000,  463550369, c++, elite, mult, 1
6178102.exe ,  6.95,  0.66,  0.51,  0.00,  0.27,  413707358,  271850000,  141921000,  465111596, c++, elite, mult, 1
6178102.exe ,  6.99,  0.67,  0.52,  0.00,  0.27,  411938101,  262022000,  150012000,  462850283, c++, elite, mult, 1
6178102.exe ,  6.92,  0.66,  0.50,  0.00,  0.27,  413050439,  259057000,  154034000,  464275242, c++, elite, mult, 1
6178102.exe ,  6.93,  0.67,  0.52,  0.00,  0.27,  412326424,  259657000,  152798000,  463391870, c++, elite, mult, 1
6178102.exe ,  6.87,  0.65,  0.50,  0.00,  0.27,  413017646,  279036000,  134017000,  464069931, c++, elite, mult, 1
6178102.exe ,  7.01,  0.64,  0.49,  0.00,  0.27,  411659545,  259825000,  151898000,  462748605, c++, elite, mult, 1
6178102.exe ,  6.82,  0.62,  0.47,  0.00,  0.27,  412044806,  268083000,  144045000,  463267281, c++, elite, mult, 1
6178102.exe ,  6.97,  0.66,  0.50,  0.00,  0.27,  412228568,  255568000,  156735000,  463695193, c++, elite, mult, 1
6191001.exe , 27.90,  2.83,  2.24,  0.00,  0.93, 1657998115, 1502850000,  155087000, 1709077905, c++, elite, mult, 1
6191001.exe , 28.05,  2.84,  2.25,  0.00,  0.93, 1661902805, 1510923000,  150992000, 1713124991, c++, elite, mult, 1
6191001.exe , 28.37,  2.76,  2.17,  0.00,  0.93, 1654355593, 1511355000,  143033000, 1705513043, c++, elite, mult, 1
6191001.exe , 28.67,  2.85,  2.25,  0.00,  0.94, 1656730552, 1490830000,  165981000, 1707750082, c++, elite, mult, 1
6191001.exe , 28.56,  2.85,  2.25,  0.00,  0.93, 1652888935, 1494832000,  157982000, 1704124525, c++, elite, mult, 1
6191001.exe , 29.07,  2.92,  2.33,  0.00,  0.93, 1653773814, 1499696000,  153968000, 1705025692, c++, elite, mult, 1
6191001.exe , 28.64,  2.86,  2.27,  0.00,  0.93, 1652374883, 1507123000,  145011000, 1703558746, c++, elite, mult, 1
6191001.exe , 28.64,  2.84,  2.25,  0.00,  0.93, 1660516413, 1500480000,  160051000, 1711819170, c++, elite, mult, 1
6191001.exe , 28.74,  2.84,  2.25,  0.00,  0.93, 1662052470, 1506027000,  156002000, 1713161528, c++, elite, mult, 1
6191001.exe , 28.53,  2.86,  2.26,  0.00,  0.93, 1662992385, 1515883000,  146988000, 1714318757, c++, elite, mult, 1
6244325.exe , 11.33,  1.11,  0.86,  0.00,  0.44,  656957293,  359006000,  298005000,  708304517, c++, elite, mult, 1
6244325.exe , 11.20,  1.06,  0.81,  0.00,  0.44,  655272917,  358178000,  297147000,  706319983, c++, elite, mult, 1
6244325.exe , 11.19,  1.10,  0.85,  0.00,  0.44,  655292647,  353101000,  302086000,  706806837, c++, elite, mult, 1
6244325.exe , 11.04,  1.11,  0.86,  0.00,  0.44,  655713947,  374445000,  281334000,  706841368, c++, elite, mult, 1
6244325.exe , 11.17,  1.09,  0.84,  0.00,  0.44,  653908627,  369888000,  283914000,  705147498, c++, elite, mult, 1
6244325.exe , 11.54,  1.11,  0.86,  0.00,  0.44,  655889308,  364436000,  291548000,  707201507, c++, elite, mult, 1
6244325.exe , 11.24,  1.07,  0.82,  0.00,  0.44,  655968017,  366559000,  289442000,  707200391, c++, elite, mult, 1
6244325.exe , 11.12,  1.05,  0.81,  0.00,  0.44,  654161996,  361137000,  293111000,  705221062, c++, elite, mult, 1
6244325.exe , 11.10,  1.08,  0.83,  0.00,  0.44,  654150686,  358116000,  296096000,  705332598, c++, elite, mult, 1
6244325.exe , 11.25,  1.10,  0.85,  0.00,  0.44,  653710570,  349866000,  303883000,  704733826, c++, elite, mult, 1
6290371.exe ,  6.58,  0.61,  0.47,  0.00,  0.24,  368017157,  232941000,  134966000,  419050600, c++, elite, mult, 1
6290371.exe ,  6.50,  0.61,  0.47,  0.00,  0.24,  368330496,  226258000,  142162000,  419734016, c++, elite, mult, 1
6290371.exe ,  6.49,  0.61,  0.47,  0.00,  0.24,  367688375,  222376000,  145245000,  419001023, c++, elite, mult, 1
6290371.exe ,  6.49,  0.61,  0.47,  0.00,  0.24,  368829077,  231553000,  137327000,  419950947, c++, elite, mult, 1
6290371.exe ,  6.45,  0.59,  0.45,  0.00,  0.24,  367904289,  220990000,  146993000,  418954945, c++, elite, mult, 1
6290371.exe ,  6.37,  0.60,  0.47,  0.00,  0.24,  368528786,  224353000,  144227000,  419730356, c++, elite, mult, 1
6290371.exe ,  6.39,  0.61,  0.48,  0.00,  0.24,  368132823,  223344000,  144575000,  419156420, c++, elite, mult, 1
6290371.exe ,  6.35,  0.62,  0.48,  0.00,  0.24,  368695837,  220661000,  147773000,  419981454, c++, elite, mult, 1
6290371.exe ,  6.40,  0.63,  0.49,  0.00,  0.24,  368030331,  225068000,  143043000,  419024997, c++, elite, mult, 1
6290371.exe ,  6.27,  0.63,  0.49,  0.00,  0.24,  368691281,  226440000,  142276000,  420148032, c++, elite, mult, 1
630455.exe  ,  7.89,  0.78,  0.61,  0.00,  0.29,  465213502,  304185000,  161098000,  516199023, c++, elite, mult, 1
630455.exe  ,  7.86,  0.79,  0.62,  0.00,  0.29,  465032448,  297056000,  168031000,  516103137, c++, elite, mult, 1
630455.exe  ,  7.97,  0.75,  0.57,  0.00,  0.29,  465682118,  302838000,  162913000,  517022620, c++, elite, mult, 1
630455.exe  ,  7.92,  0.74,  0.57,  0.00,  0.29,  465657806,  294825000,  170898000,  516952448, c++, elite, mult, 1
630455.exe  ,  7.86,  0.78,  0.61,  0.00,  0.29,  466151281,  297153000,  169087000,  517188474, c++, elite, mult, 1
630455.exe  ,  8.07,  0.79,  0.62,  0.00,  0.29,  465170536,  305104000,  160054000,  516364396, c++, elite, mult, 1
630455.exe  ,  8.00,  0.78,  0.60,  0.00,  0.29,  463925786,  290005000,  174003000,  514909867, c++, elite, mult, 1
630455.exe  ,  7.90,  0.76,  0.58,  0.00,  0.29,  465332878,  294642000,  170793000,  516303054, c++, elite, mult, 1
630455.exe  ,  7.98,  0.78,  0.61,  0.00,  0.29,  466158747,  295119000,  171069000,  517189632, c++, elite, mult, 1
630455.exe  ,  7.94,  0.77,  0.60,  0.00,  0.29,  465946714,  297038000,  169021000,  517124546, c++, elite, mult, 1
635590.exe  ,  6.98,  0.69,  0.53,  0.00,  0.27,  401558156,  240798000,  160865000,  452731660, c++, elite, mult, 1
635590.exe  ,  6.68,  0.67,  0.52,  0.00,  0.26,  401028130,  254053000,  147031000,  452028735, c++, elite, mult, 1
635590.exe  ,  6.77,  0.65,  0.50,  0.00,  0.26,  400618737,  252413000,  148242000,  451842147, c++, elite, mult, 1
635590.exe  ,  6.84,  0.65,  0.51,  0.00,  0.26,  401115782,  256380000,  144650000,  452141633, c++, elite, mult, 1
635590.exe  ,  6.74,  0.67,  0.52,  0.00,  0.26,  400884282,  251579000,  149343000,  452116600, c++, elite, mult, 1
635590.exe  ,  6.68,  0.67,  0.52,  0.00,  0.26,  400658173,  249388000,  151235000,  451703689, c++, elite, mult, 1
635590.exe  ,  6.78,  0.68,  0.53,  0.00,  0.26,  401821428,  251931000,  149959000,  453089831, c++, elite, mult, 1
635590.exe  ,  6.90,  0.66,  0.51,  0.00,  0.26,  401575694,  248190000,  153499000,  452792912, c++, elite, mult, 1
635590.exe  ,  6.96,  0.65,  0.50,  0.00,  0.26,  401219321,  263547000,  137763000,  452257244, c++, elite, mult, 1
635590.exe  ,  6.83,  0.64,  0.49,  0.00,  0.26,  401591048,  254306000,  147177000,  452793805, c++, elite, mult, 1
6435330.exe , 10.99,  1.03,  0.79,  0.00,  0.43,  634318758,  344193000,  290163000,  685434514, c++, elite, mult, 1
6435330.exe , 11.01,  1.03,  0.79,  0.00,  0.43,  632183865,  332141000,  300128000,  683013182, c++, elite, mult, 1
6435330.exe , 11.10,  1.07,  0.83,  0.00,  0.43,  631952208,  334998000,  296998000,  683054077, c++, elite, mult, 1
6435330.exe , 10.97,  1.03,  0.79,  0.00,  0.43,  632224930,  342105000,  290089000,  683182885, c++, elite, mult, 1
6435330.exe , 10.89,  1.04,  0.80,  0.00,  0.43,  633909081,  331473000,  302519000,  684856932, c++, elite, mult, 1
6435330.exe , 10.96,  1.04,  0.80,  0.00,  0.43,  632388523,  344248000,  288207000,  683485505, c++, elite, mult, 1
6435330.exe , 11.07,  1.05,  0.81,  0.00,  0.43,  633195629,  339597000,  293651000,  684328102, c++, elite, mult, 1
6435330.exe , 10.89,  1.05,  0.81,  0.00,  0.43,  632331320,  346215000,  286178000,  683598228, c++, elite, mult, 1
6435330.exe , 11.00,  1.02,  0.78,  0.00,  0.43,  632546357,  354301000,  278236000,  683922213, c++, elite, mult, 1
6435330.exe , 10.95,  1.04,  0.80,  0.00,  0.43,  632890813,  332980000,  299982000,  683910509, c++, elite, mult, 1
6560247.exe ,  6.25,  0.61,  0.48,  0.00,  0.22,  372903001,  248992000,  123996000,  424214974, c++, elite, mult, 1
6560247.exe ,  6.16,  0.58,  0.44,  0.00,  0.22,  373630390,  247683000,  125839000,  424714563, c++, elite, mult, 1
6560247.exe ,  6.16,  0.60,  0.46,  0.00,  0.22,  373844032,  264922000,  108968000,  424971366, c++, elite, mult, 1
6560247.exe ,  6.28,  0.63,  0.49,  0.00,  0.22,  374080088,  250428000,  123717000,  425152018, c++, elite, mult, 1
6560247.exe ,  6.26,  0.60,  0.46,  0.00,  0.22,  372817705,  228500000,  144315000,  424439249, c++, elite, mult, 1
6560247.exe ,  6.39,  0.59,  0.46,  0.00,  0.22,  373992213,  249388000,  124694000,  424946310, c++, elite, mult, 1
6560247.exe ,  6.41,  0.60,  0.46,  0.00,  0.22,  373363102,  245280000,  128146000,  424751906, c++, elite, mult, 1
6560247.exe ,  6.49,  0.60,  0.46,  0.00,  0.22,  374779868,  251258000,  123126000,  425808905, c++, elite, mult, 1
6560247.exe ,  6.37,  0.62,  0.49,  0.00,  0.22,  373952471,  234997000,  138998000,  425068819, c++, elite, mult, 1
6560247.exe ,  6.38,  0.61,  0.47,  0.00,  0.22,  374561226,  259359000,  115159000,  426094650, c++, elite, mult, 1
6565508.exe , 22.55,  2.23,  1.74,  0.00,  0.81, 1323869830,  996896000,  326965000, 1375091470, c++, elite, mult, 1
6565508.exe , 22.48,  2.26,  1.77,  0.00,  0.81, 1328013510,  975003000,  353001000, 1379188696, c++, elite, mult, 1
6565508.exe , 22.60,  2.24,  1.75,  0.00,  0.81, 1327315227,  983791000,  343577000, 1378330993, c++, elite, mult, 1
6565508.exe , 22.65,  2.19,  1.71,  0.00,  0.81, 1322834026,  961796000,  360923000, 1373931389, c++, elite, mult, 1
6565508.exe , 22.49,  2.13,  1.64,  0.00,  0.81, 1324222876,  976192000,  348068000, 1375330890, c++, elite, mult, 1
6565508.exe , 22.34,  2.23,  1.75,  0.00,  0.81, 1323437090,  988325000,  335110000, 1374413792, c++, elite, mult, 1
6565508.exe , 22.95,  2.23,  1.74,  0.00,  0.81, 1321991328,  996261000,  325758000, 1372975925, c++, elite, mult, 1
6565508.exe , 22.79,  2.22,  1.73,  0.00,  0.81, 1324052465,  969083000,  355030000, 1374926787, c++, elite, mult, 1
6565508.exe , 22.66,  2.22,  1.74,  0.00,  0.81, 1322085664,  986312000,  335765000, 1373078763, c++, elite, mult, 1
6565508.exe , 22.95,  2.22,  1.73,  0.00,  0.81, 1327853944,  976177000,  351703000, 1378988407, c++, elite, mult, 1
6586380.exe ,  9.71,  1.00,  0.79,  0.00,  0.34,  584089773,  288049000,  296050000,  635388637, c++, elite, mult, 1
6586380.exe ,  9.92,  0.96,  0.74,  0.00,  0.34,  582414231,  283241000,  299255000,  633671476, c++, elite, mult, 1
6586380.exe ,  9.85,  0.94,  0.73,  0.00,  0.34,  580494492,  316302000,  264252000,  631333113, c++, elite, mult, 1
6586380.exe ,  9.98,  0.92,  0.71,  0.00,  0.34,  582055699,  282988000,  298987000,  633060712, c++, elite, mult, 1
6586380.exe ,  9.79,  0.93,  0.71,  0.00,  0.34,  581283478,  296179000,  285172000,  632388129, c++, elite, mult, 1
6586380.exe ,  9.77,  0.92,  0.70,  0.00,  0.34,  582312919,  289677000,  292673000,  633431291, c++, elite, mult, 1
6586380.exe ,  9.93,  0.92,  0.70,  0.00,  0.34,  581079871,  297787000,  282798000,  632724352, c++, elite, mult, 1
6586380.exe ,  9.69,  0.92,  0.70,  0.00,  0.34,  580701174,  302379000,  278349000,  631866559, c++, elite, mult, 1
6586380.exe ,  9.75,  0.94,  0.73,  0.00,  0.34,  582247079,  289121000,  293122000,  633530922, c++, elite, mult, 1
6586380.exe ,  9.89,  0.96,  0.74,  0.00,  0.34,  581985270,  292454000,  289449000,  633226891, c++, elite, mult, 1
6684177.exe , 28.57,  2.74,  2.15,  0.00,  1.02, 1637733423, 1340620000,  296916000, 1689203622, c++, elite, mult, 1
6684177.exe , 28.03,  2.77,  2.17,  0.00,  1.02, 1637312329, 1338950000,  297988000, 1688509332, c++, elite, mult, 1
6684177.exe , 28.22,  2.76,  2.17,  0.00,  1.02, 1637232800, 1347901000,  288978000, 1688444848, c++, elite, mult, 1
6684177.exe , 28.13,  2.78,  2.19,  0.00,  1.02, 1639259423, 1336077000,  302790000, 1690191180, c++, elite, mult, 1
6684177.exe , 28.16,  2.84,  2.25,  0.00,  1.02, 1642993720, 1339893000,  302975000, 1694143966, c++, elite, mult, 1
6684177.exe , 28.35,  2.81,  2.21,  0.00,  1.02, 1636381928, 1320368000,  316088000, 1688038616, c++, elite, mult, 1
6684177.exe , 28.14,  2.73,  2.14,  0.00,  1.02, 1636942214, 1351952000,  284990000, 1688026361, c++, elite, mult, 1
6684177.exe , 28.20,  2.74,  2.15,  0.00,  1.02, 1637341094, 1342228000,  294830000, 1688490066, c++, elite, mult, 1
6684177.exe , 28.15,  2.71,  2.12,  0.00,  1.02, 1643327787, 1340474000,  302881000, 1694303305, c++, elite, mult, 1
6684177.exe , 27.76,  2.73,  2.14,  0.00,  1.02, 1636958841, 1356819000,  279962000, 1688074527, c++, elite, mult, 1
6768052.exe , 14.95,  1.52,  1.20,  0.00,  0.52,  878665215,  716462000,  162104000,  929783409, c++, elite, mult, 1
6768052.exe , 14.85,  1.52,  1.20,  0.00,  0.52,  881920285,  718827000,  162960000,  932965017, c++, elite, mult, 1
6768052.exe , 15.01,  1.50,  1.18,  0.00,  0.52,  881129815,  723163000,  158035000,  932803971, c++, elite, mult, 1
6768052.exe , 15.00,  1.49,  1.17,  0.00,  0.52,  878658112,  722505000,  156109000,  929689972, c++, elite, mult, 1
6768052.exe , 14.95,  1.54,  1.22,  0.00,  0.52,  880475906,  718391000,  162088000,  931738139, c++, elite, mult, 1
6768052.exe , 14.94,  1.53,  1.21,  0.00,  0.52,  882094051,  722073000,  160016000,  933081680, c++, elite, mult, 1
6768052.exe , 15.20,  1.54,  1.22,  0.00,  0.52,  879110551,  710139000,  169033000,  930556805, c++, elite, mult, 1
6768052.exe , 15.11,  1.59,  1.27,  0.00,  0.52,  885765388,  721858000,  163967000,  936935533, c++, elite, mult, 1
6768052.exe , 14.96,  1.54,  1.22,  0.00,  0.52,  878738520,  704861000,  173965000,  929833187, c++, elite, mult, 1
6768052.exe , 15.02,  1.58,  1.26,  0.00,  0.52,  882575032,  714392000,  168092000,  933612304, c++, elite, mult, 1
7041402.exe ,  6.81,  0.62,  0.47,  0.00,  0.26,  399657350,  254372000,  145212000,  451162242, c++, elite, mult, 1
7041402.exe ,  6.63,  0.63,  0.48,  0.00,  0.26,  399576590,  261770000,  137879000,  450846230, c++, elite, mult, 1
7041402.exe ,  6.62,  0.61,  0.47,  0.00,  0.26,  398567509,  236350000,  162240000,  449911646, c++, elite, mult, 1
7041402.exe ,  6.61,  0.64,  0.49,  0.00,  0.26,  399295599,  255584000,  143766000,  450911408, c++, elite, mult, 1
7041402.exe ,  6.75,  0.65,  0.50,  0.00,  0.26,  399023940,  247989000,  150993000,  450028637, c++, elite, mult, 1
7041402.exe ,  6.66,  0.64,  0.49,  0.00,  0.26,  399716441,  254471000,  145269000,  450801051, c++, elite, mult, 1
7041402.exe ,  6.67,  0.67,  0.52,  0.00,  0.26,  399451477,  255344000,  144194000,  450575282, c++, elite, mult, 1
7041402.exe ,  6.81,  0.63,  0.48,  0.00,  0.26,  398732256,  261893000,  136944000,  450158401, c++, elite, mult, 1
7041402.exe ,  6.77,  0.65,  0.50,  0.00,  0.26,  398704942,  247262000,  151547000,  449612014, c++, elite, mult, 1
7041402.exe ,  6.90,  0.64,  0.50,  0.00,  0.26,  399218563,  252078000,  147045000,  450446022, c++, elite, mult, 1
7070629.exe ,  3.64,  0.35,  0.27,  0.00,  0.11,  208296192,  204250000,    4004000,  259512846, c++, elite, mult, 1
7070629.exe ,  3.47,  0.32,  0.24,  0.00,  0.11,  208059751,  204159000,    4003000,  259035554, c++, elite, mult, 1
7070629.exe ,  3.55,  0.35,  0.28,  0.00,  0.11,  208267497,  204286000,    3986000,  259299475, c++, elite, mult, 1
7070629.exe ,  3.54,  0.34,  0.26,  0.00,  0.11,  208020368,  205105000,    3001000,  259017056, c++, elite, mult, 1
7070629.exe ,  3.49,  0.34,  0.27,  0.00,  0.11,  208049033,  204176000,    3983000,  259290738, c++, elite, mult, 1
7070629.exe ,  3.65,  0.35,  0.28,  0.00,  0.11,  208246335,  204129000,    4002000,  259594801, c++, elite, mult, 1
7070629.exe ,  3.50,  0.34,  0.27,  0.00,  0.11,  208081396,  205130000,    3001000,  259335895, c++, elite, mult, 1
7070629.exe ,  3.43,  0.35,  0.27,  0.00,  0.11,  208017233,  204110000,    4002000,  258997978, c++, elite, mult, 1
7070629.exe ,  3.65,  0.32,  0.25,  0.00,  0.11,  208031661,  205127000,    3001000,  259120052, c++, elite, mult, 1
7070629.exe ,  3.51,  0.32,  0.25,  0.00,  0.11,  208017548,  204116000,    4002000,  259050676, c++, elite, mult, 1
7124868.exe ,  7.62,  0.74,  0.57,  0.00,  0.29,  439012791,  302067000,  137030000,  490245414, c++, elite, mult, 1
7124868.exe ,  7.34,  0.72,  0.56,  0.00,  0.29,  438967007,  280020000,  159011000,  490091533, c++, elite, mult, 1
7124868.exe ,  7.39,  0.74,  0.58,  0.00,  0.29,  438423257,  298317000,  140149000,  489545046, c++, elite, mult, 1
7124868.exe ,  7.41,  0.72,  0.56,  0.00,  0.29,  437720574,  289859000,  147928000,  488894260, c++, elite, mult, 1
7124868.exe ,  7.49,  0.73,  0.57,  0.00,  0.29,  438384165,  301953000,  136526000,  489506684, c++, elite, mult, 1
7124868.exe ,  7.59,  0.72,  0.56,  0.00,  0.29,  438406490,  296644000,  141830000,  489711809, c++, elite, mult, 1
7124868.exe ,  7.73,  0.74,  0.58,  0.00,  0.29,  439190147,  288515000,  150746000,  490443813, c++, elite, mult, 1
7124868.exe ,  7.78,  0.75,  0.59,  0.00,  0.29,  438788954,  293905000,  144953000,  489863665, c++, elite, mult, 1
7124868.exe ,  7.76,  0.75,  0.58,  0.00,  0.29,  438466928,  294546000,  144267000,  489925532, c++, elite, mult, 1
7124868.exe ,  7.65,  0.75,  0.58,  0.00,  0.29,  438580063,  297431000,  141204000,  489536402, c++, elite, mult, 1
7152042.exe , 27.70,  2.78,  2.20,  0.00,  0.97, 1612810129, 1327657000,  285141000, 1663976386, c++, elite, mult, 1
7152042.exe , 27.45,  2.72,  2.14,  0.00,  0.96, 1608048526, 1314263000,  293835000, 1658952654, c++, elite, mult, 1
7152042.exe , 27.73,  2.77,  2.19,  0.00,  0.97, 1611036503, 1307931000,  302984000, 1662327770, c++, elite, mult, 1
7152042.exe , 27.83,  2.67,  2.09,  0.00,  0.96, 1612573797, 1318863000,  293746000, 1663817386, c++, elite, mult, 1
7152042.exe , 27.10,  2.61,  2.03,  0.00,  0.96, 1607020575, 1304064000,  303015000, 1658133688, c++, elite, mult, 1
7152042.exe , 27.27,  2.69,  2.11,  0.00,  0.97, 1614575869, 1322475000,  292105000, 1665821916, c++, elite, mult, 1
7152042.exe , 27.25,  2.78,  2.20,  0.00,  0.96, 1607583351, 1324493000,  283105000, 1658886573, c++, elite, mult, 1
7152042.exe , 27.53,  2.75,  2.17,  0.00,  0.97, 1613407885, 1308283000,  305066000, 1664698028, c++, elite, mult, 1
7152042.exe , 27.33,  2.76,  2.18,  0.00,  0.97, 1615560989, 1310485000,  304648000, 1667063553, c++, elite, mult, 1
7152042.exe , 27.40,  2.73,  2.15,  0.00,  0.96, 1605286169, 1308190000,  297043000, 1656820503, c++, elite, mult, 1
725118.exe  ,  9.13,  0.93,  0.73,  0.00,  0.31,  545594116,  399448000,  146164000,  596679223, c++, elite, mult, 1
725118.exe  ,  9.13,  0.88,  0.68,  0.00,  0.31,  548221902,  407217000,  141075000,  599410917, c++, elite, mult, 1
725118.exe  ,  9.24,  0.90,  0.70,  0.00,  0.31,  545464075,  416281000,  129087000,  596612181, c++, elite, mult, 1
725118.exe  ,  9.08,  0.86,  0.67,  0.00,  0.31,  544992886,  388043000,  157017000,  596365987, c++, elite, mult, 1
725118.exe  ,  9.13,  0.93,  0.73,  0.00,  0.31,  546403410,  388633000,  157851000,  597808345, c++, elite, mult, 1
725118.exe  ,  9.32,  0.89,  0.69,  0.00,  0.31,  546495058,  405375000,  141130000,  597875621, c++, elite, mult, 1
725118.exe  ,  9.43,  0.89,  0.69,  0.00,  0.31,  545068755,  404047000,  141016000,  596304941, c++, elite, mult, 1
725118.exe  ,  9.28,  0.89,  0.69,  0.00,  0.31,  547500727,  417555000,  129861000,  598432569, c++, elite, mult, 1
725118.exe  ,  9.29,  0.90,  0.70,  0.00,  0.31,  546603181,  396734000,  149899000,  597942555, c++, elite, mult, 1
725118.exe  ,  9.23,  0.94,  0.74,  0.00,  0.31,  546452060,  382289000,  164124000,  597656697, c++, elite, mult, 1
7490618.exe ,  3.46,  0.29,  0.23,  0.00,  0.10,  198008614,  194092000,    4001000,  248821793, c++, elite, mult, 1
7490618.exe ,  3.35,  0.30,  0.23,  0.00,  0.10,  198151823,  194140000,    4002000,  249202948, c++, elite, mult, 1
7490618.exe ,  3.29,  0.29,  0.22,  0.00,  0.10,  197971061,  193103000,    5002000,  249174629, c++, elite, mult, 1
7490618.exe ,  3.27,  0.30,  0.23,  0.00,  0.10,  198029278,  196173000,    1991000,  248886518, c++, elite, mult, 1
7490618.exe ,  3.29,  0.30,  0.23,  0.00,  0.10,  198028100,  193109000,    5002000,  248847986, c++, elite, mult, 1
7490618.exe ,  3.39,  0.30,  0.23,  0.00,  0.10,  198074299,  192169000,    6005000,  249031605, c++, elite, mult, 1
7490618.exe ,  3.28,  0.29,  0.22,  0.00,  0.10,  198196387,  195291000,    3004000,  249159677, c++, elite, mult, 1
7490618.exe ,  3.21,  0.30,  0.23,  0.00,  0.10,  198186601,  194287000,    4005000,  249281090, c++, elite, mult, 1
7490618.exe ,  3.36,  0.30,  0.23,  0.00,  0.10,  198067879,  195170000,    3002000,  249108329, c++, elite, mult, 1
7490618.exe ,  3.30,  0.30,  0.23,  0.00,  0.10,  198170574,  195270000,    3004000,  249302073, c++, elite, mult, 1
7602362.exe ,  8.98,  0.85,  0.66,  0.00,  0.33,  529357060,  353273000,  176136000,  580482607, c++, elite, mult, 1
7602362.exe ,  8.98,  0.88,  0.68,  0.00,  0.33,  529008178,  361607000,  167281000,  580354761, c++, elite, mult, 1
7602362.exe ,  9.06,  0.87,  0.68,  0.00,  0.33,  529998768,  367057000,  163025000,  581318182, c++, elite, mult, 1
7602362.exe ,  9.00,  0.83,  0.64,  0.00,  0.33,  529423506,  371255000,  158108000,  580626727, c++, elite, mult, 1
7602362.exe ,  9.16,  0.82,  0.63,  0.00,  0.33,  530746310,  362902000,  167954000,  581983836, c++, elite, mult, 1
7602362.exe ,  9.07,  0.83,  0.63,  0.00,  0.33,  529374538,  363141000,  166064000,  580762067, c++, elite, mult, 1
7602362.exe ,  9.09,  0.84,  0.65,  0.00,  0.33,  529473551,  364678000,  164854000,  580657144, c++, elite, mult, 1
7602362.exe ,  8.90,  0.84,  0.65,  0.00,  0.33,  529988252,  358908000,  170956000,  581103106, c++, elite, mult, 1
7602362.exe ,  8.87,  0.82,  0.62,  0.00,  0.33,  528486773,  351335000,  177169000,  579695867, c++, elite, mult, 1
7602362.exe ,  9.06,  0.83,  0.64,  0.00,  0.33,  529238999,  361224000,  168104000,  580391845, c++, elite, mult, 1
775515.exe  , 11.20,  1.04,  0.80,  0.00,  0.43,  638745729,  330351000,  308328000,  689707401, c++, elite, mult, 1
775515.exe  , 10.99,  1.05,  0.81,  0.00,  0.44,  639612038,  355316000,  284252000,  690896366, c++, elite, mult, 1
775515.exe  , 10.93,  1.04,  0.79,  0.00,  0.43,  636913935,  339971000,  296975000,  688005644, c++, elite, mult, 1
775515.exe  , 10.97,  1.04,  0.79,  0.00,  0.43,  638301519,  345082000,  293069000,  689571848, c++, elite, mult, 1
775515.exe  , 10.92,  1.05,  0.80,  0.00,  0.43,  638108666,  336091000,  302082000,  689398909, c++, elite, mult, 1
775515.exe  , 11.06,  1.05,  0.81,  0.00,  0.43,  638208811,  357604000,  280689000,  689312703, c++, elite, mult, 1
775515.exe  , 10.97,  1.06,  0.82,  0.00,  0.43,  638033327,  351054000,  287044000,  689070272, c++, elite, mult, 1
775515.exe  , 10.97,  1.05,  0.80,  0.00,  0.43,  636640910,  337246000,  299218000,  687646121, c++, elite, mult, 1
775515.exe  , 11.06,  1.05,  0.80,  0.00,  0.43,  637453152,  334171000,  303247000,  688486276, c++, elite, mult, 1
775515.exe  , 10.88,  1.07,  0.82,  0.00,  0.43,  635552582,  351330000,  284267000,  686453299, c++, elite, mult, 1
7822027.exe , 10.22,  0.91,  0.69,  0.00,  0.40,  586268584,  299167000,  287160000,  637272178, c++, elite, mult, 1
7822027.exe , 10.01,  0.94,  0.71,  0.00,  0.40,  585009682,  295020000,  290020000,  636320413, c++, elite, mult, 1
7822027.exe , 10.11,  0.92,  0.69,  0.00,  0.40,  586351399,  283196000,  303210000,  637751662, c++, elite, mult, 1
7822027.exe , 10.22,  0.93,  0.71,  0.00,  0.40,  584361788,  293134000,  291133000,  635283971, c++, elite, mult, 1
7822027.exe , 10.16,  0.92,  0.69,  0.00,  0.40,  584762325,  303417000,  281386000,  635823484, c++, elite, mult, 1
7822027.exe , 10.04,  0.91,  0.68,  0.00,  0.40,  587760640,  288028000,  299029000,  638712990, c++, elite, mult, 1
7822027.exe ,  9.95,  0.90,  0.67,  0.00,  0.40,  586234728,  310109000,  276097000,  637471337, c++, elite, mult, 1
7822027.exe , 10.02,  0.92,  0.69,  0.00,  0.40,  585792303,  289914000,  295912000,  637002733, c++, elite, mult, 1
7822027.exe ,  9.98,  0.91,  0.69,  0.00,  0.40,  585300386,  288698000,  296690000,  636516256, c++, elite, mult, 1
7822027.exe , 10.04,  0.92,  0.69,  0.00,  0.40,  583654216,  301855000,  281864000,  634920473, c++, elite, mult, 1
7878524.exe , 19.69,  1.97,  1.55,  0.00,  0.66, 1162277961, 1010257000,  152038000, 1213257136, c++, elite, mult, 1
7878524.exe , 19.79,  1.98,  1.56,  0.00,  0.66, 1161101177, 1022995000,  137999000, 1212125718, c++, elite, mult, 1
7878524.exe , 19.56,  2.02,  1.60,  0.00,  0.66, 1158410620, 1007409000,  150911000, 1209670249, c++, elite, mult, 1
7878524.exe , 19.92,  1.97,  1.56,  0.00,  0.66, 1157898426, 1008850000,  148977000, 1209132031, c++, elite, mult, 1
7878524.exe , 20.06,  1.99,  1.57,  0.00,  0.66, 1164559600, 1005468000,  159074000, 1215553778, c++, elite, mult, 1
7878524.exe , 19.65,  2.01,  1.59,  0.00,  0.66, 1161720502, 1012786000,  148968000, 1213041363, c++, elite, mult, 1
7878524.exe , 19.81,  1.90,  1.49,  0.00,  0.66, 1158038803, 1002948000,  154992000, 1209392354, c++, elite, mult, 1
7878524.exe , 19.70,  1.96,  1.54,  0.00,  0.66, 1158429034, 1015270000,  143038000, 1209786685, c++, elite, mult, 1
7878524.exe , 19.58,  1.99,  1.57,  0.00,  0.66, 1162158274, 1016700000,  144957000, 1213686841, c++, elite, mult, 1
7878524.exe , 19.93,  1.98,  1.56,  0.00,  0.66, 1163514834, 1006740000,  156803000, 1214857584, c++, elite, mult, 1
8016630.exe ,  6.96,  0.66,  0.51,  0.00,  0.27,  418696039,  267234000,  151565000,  469998408, c++, elite, mult, 1
8016630.exe ,  7.22,  0.67,  0.51,  0.00,  0.27,  418548658,  275114000,  143537000,  470079205, c++, elite, mult, 1
8016630.exe ,  7.16,  0.66,  0.50,  0.00,  0.27,  418661232,  272823000,  145905000,  469758058, c++, elite, mult, 1
8016630.exe ,  7.10,  0.66,  0.51,  0.00,  0.27,  418233246,  272121000,  146065000,  469441197, c++, elite, mult, 1
8016630.exe ,  7.20,  0.65,  0.50,  0.00,  0.27,  417675362,  275829000,  141912000,  468902375, c++, elite, mult, 1
8016630.exe ,  7.13,  0.64,  0.48,  0.00,  0.27,  418560629,  280398000,  138196000,  469513093, c++, elite, mult, 1
8016630.exe ,  7.10,  0.67,  0.51,  0.00,  0.27,  419844520,  272929000,  146962000,  471258355, c++, elite, mult, 1
8016630.exe ,  7.08,  0.67,  0.51,  0.00,  0.27,  418214912,  283201000,  135096000,  469256680, c++, elite, mult, 1
8016630.exe ,  7.24,  0.66,  0.51,  0.00,  0.27,  418479536,  281347000,  137169000,  469565573, c++, elite, mult, 1
8016630.exe ,  7.27,  0.64,  0.49,  0.00,  0.27,  418080057,  282091000,  136044000,  469205576, c++, elite, mult, 1
8041280.exe ,  7.69,  0.79,  0.62,  0.00,  0.26,  459572981,  319082000,  140595000,  510522297, c++, elite, mult, 1
8041280.exe ,  7.61,  0.78,  0.61,  0.00,  0.26,  460378039,  293087000,  167049000,  511412883, c++, elite, mult, 1
8041280.exe ,  7.77,  0.79,  0.63,  0.00,  0.26,  459951592,  299650000,  160348000,  511019334, c++, elite, mult, 1
8041280.exe ,  7.71,  0.77,  0.61,  0.00,  0.26,  459966195,  324014000,  136006000,  511243567, c++, elite, mult, 1
8041280.exe ,  7.78,  0.73,  0.56,  0.00,  0.26,  460060512,  313059000,  147027000,  511448644, c++, elite, mult, 1
8041280.exe ,  7.91,  0.76,  0.60,  0.00,  0.26,  459386586,  306317000,  153158000,  510648176, c++, elite, mult, 1
8041280.exe ,  7.82,  0.74,  0.58,  0.00,  0.26,  460005957,  317058000,  143026000,  511702886, c++, elite, mult, 1
8041280.exe ,  7.84,  0.75,  0.58,  0.00,  0.26,  460482936,  312641000,  147830000,  511927871, c++, elite, mult, 1
8041280.exe ,  7.87,  0.78,  0.62,  0.00,  0.26,  459754629,  312856000,  146932000,  511044453, c++, elite, mult, 1
8041280.exe ,  7.85,  0.79,  0.62,  0.00,  0.26,  459215819,  307961000,  150981000,  510686828, c++, elite, mult, 1
806143.exe  , 11.49,  1.04,  0.78,  0.00,  0.46,  660816204,  329947000,  330947000,  712128479, c++, elite, mult, 1
806143.exe  , 11.44,  1.08,  0.82,  0.00,  0.45,  658090070,  318309000,  339264000,  709463819, c++, elite, mult, 1
806143.exe  , 11.38,  1.07,  0.81,  0.00,  0.46,  660363304,  307208000,  353090000,  711720509, c++, elite, mult, 1
806143.exe  , 11.19,  1.03,  0.77,  0.00,  0.45,  657827019,  321944000,  335942000,  711337591, c++, elite, mult, 1
806143.exe  , 11.30,  1.06,  0.80,  0.00,  0.45,  660591788,  325334000,  335344000,  711796812, c++, elite, mult, 1
806143.exe  , 11.35,  1.05,  0.79,  0.00,  0.45,  656442582,  319761000,  336748000,  707685398, c++, elite, mult, 1
806143.exe  , 11.19,  1.04,  0.78,  0.00,  0.45,  653537319,  299344000,  354223000,  704566250, c++, elite, mult, 1
806143.exe  , 11.40,  1.06,  0.80,  0.00,  0.45,  660575133,  313759000,  346734000,  711811878, c++, elite, mult, 1
806143.exe  , 11.14,  1.05,  0.79,  0.00,  0.45,  656767191,  319385000,  337407000,  708118018, c++, elite, mult, 1
806143.exe  , 11.34,  1.06,  0.80,  0.00,  0.45,  657441412,  321304000,  336271000,  708584278, c++, elite, mult, 1
8099008.exe , 25.35,  2.60,  2.06,  0.00,  0.85, 1508365696, 1360042000,  148004000, 1559555416, c++, elite, mult, 1
8099008.exe , 25.45,  2.59,  2.05,  0.00,  0.85, 1509246336, 1357913000,  150990000, 1560878577, c++, elite, mult, 1
8099008.exe , 25.61,  2.59,  2.05,  0.00,  0.85, 1513099188, 1362976000,  149997000, 1564354050, c++, elite, mult, 1
8099008.exe , 25.70,  2.58,  2.03,  0.00,  0.85, 1513000718, 1351998000,  160999000, 1564205318, c++, elite, mult, 1
8099008.exe , 25.88,  2.58,  2.04,  0.00,  0.85, 1512297026, 1370269000,  142027000, 1563306353, c++, elite, mult, 1
8099008.exe , 25.79,  2.55,  2.01,  0.00,  0.85, 1510340657, 1368308000,  142032000, 1563700326, c++, elite, mult, 1
8099008.exe , 25.65,  2.48,  1.94,  0.00,  0.85, 1509853607, 1361890000,  147988000, 1561135772, c++, elite, mult, 1
8099008.exe , 25.88,  2.58,  2.03,  0.00,  0.85, 1513321737, 1365421000,  147937000, 1565030334, c++, elite, mult, 1
8099008.exe , 26.48,  2.56,  2.01,  0.00,  0.85, 1512719713, 1368593000,  144062000, 1564903804, c++, elite, mult, 1
8099008.exe , 26.43,  2.59,  2.05,  0.00,  0.85, 1510352623, 1360920000,  148991000, 1561513260, c++, elite, mult, 1
8238269.exe , 10.33,  0.96,  0.73,  0.00,  0.41,  602331374,  311647000,  290671000,  653613797, c++, elite, mult, 1
8238269.exe , 10.16,  0.96,  0.73,  0.00,  0.41,  604158683,  307050000,  297048000,  655385999, c++, elite, mult, 1
8238269.exe , 10.09,  0.95,  0.71,  0.00,  0.41,  601154042,  306122000,  295117000,  652254424, c++, elite, mult, 1
8238269.exe , 10.34,  0.95,  0.71,  0.00,  0.41,  601069767,  303005000,  298005000,  652384282, c++, elite, mult, 1
8238269.exe , 10.23,  0.94,  0.70,  0.00,  0.41,  603263452,  317164000,  286148000,  654436368, c++, elite, mult, 1
8238269.exe , 10.26,  0.95,  0.72,  0.00,  0.41,  605210981,  311136000,  294128000,  656616529, c++, elite, mult, 1
8238269.exe , 10.22,  0.94,  0.71,  0.00,  0.41,  603505867,  319285000,  284253000,  654790764, c++, elite, mult, 1
8238269.exe , 10.28,  0.94,  0.70,  0.00,  0.41,  601853327,  311314000,  290360000,  652860153, c++, elite, mult, 1
8238269.exe , 10.23,  0.91,  0.67,  0.00,  0.41,  601726584,  328931000,  272772000,  652933036, c++, elite, mult, 1
8238269.exe , 10.15,  0.91,  0.67,  0.00,  0.41,  604136000,  294087000,  310092000,  655259904, c++, elite, mult, 1
845954.exe  , 21.88,  2.09,  1.61,  0.00,  0.74, 1320366504, 1135351000,  185057000, 1372093030, c++, elite, mult, 1
845954.exe  , 22.45,  2.15,  1.67,  0.00,  0.74, 1320300329, 1158295000,  162041000, 1371709669, c++, elite, mult, 1
845954.exe  , 22.52,  2.19,  1.71,  0.00,  0.74, 1320593993, 1145383000,  175058000, 1371814314, c++, elite, mult, 1
845954.exe  , 22.35,  2.08,  1.61,  0.00,  0.74, 1319644645, 1147352000,  172052000, 1370733120, c++, elite, mult, 1
845954.exe  , 22.09,  2.03,  1.56,  0.00,  0.74, 1319973141, 1142939000,  176990000, 1371141997, c++, elite, mult, 1
845954.exe  , 22.67,  2.22,  1.74,  0.00,  0.74, 1320641383, 1147570000,  173086000, 1371648412, c++, elite, mult, 1
845954.exe  , 22.52,  2.21,  1.74,  0.00,  0.74, 1320078376, 1151076000,  169011000, 1371133233, c++, elite, mult, 1
845954.exe  , 22.50,  2.22,  1.74,  0.00,  0.74, 1320336434, 1150296000,  170043000, 1371624321, c++, elite, mult, 1
845954.exe  , 22.06,  2.22,  1.74,  0.00,  0.74, 1320374236, 1143231000,  177035000, 1371841640, c++, elite, mult, 1
845954.exe  , 22.62,  2.21,  1.74,  0.00,  0.74, 1319525765, 1144298000,  175045000, 1370567956, c++, elite, mult, 1
8576790.exe , 30.93,  2.99,  2.35,  0.00,  1.07, 1794085413, 1443109000,  351026000, 1845167670, c++, elite, mult, 1
8576790.exe , 30.50,  3.01,  2.37,  0.00,  1.07, 1791514230, 1435408000,  356101000, 1842843502, c++, elite, mult, 1
8576790.exe , 30.77,  2.96,  2.31,  0.00,  1.07, 1794799301, 1464632000,  330142000, 1845818621, c++, elite, mult, 1
8576790.exe , 30.40,  2.98,  2.33,  0.00,  1.07, 1793955190, 1449563000,  343896000, 1845338415, c++, elite, mult, 1
8576790.exe , 30.95,  3.01,  2.36,  0.00,  1.06, 1793859898, 1450919000,  342981000, 1844731320, c++, elite, mult, 1
8576790.exe , 31.07,  3.07,  2.42,  0.00,  1.07, 1795727928, 1456600000,  339139000, 1847123284, c++, elite, mult, 1
8576790.exe , 30.86,  3.13,  2.48,  0.00,  1.07, 1795900197, 1435108000,  359776000, 1847575442, c++, elite, mult, 1
8576790.exe , 31.55,  3.02,  2.38,  0.00,  1.07, 1793317838, 1456432000,  336868000, 1844440788, c++, elite, mult, 1
8576790.exe , 31.07,  3.11,  2.47,  0.00,  1.07, 1792790592, 1446704000,  345929000, 1844177724, c++, elite, mult, 1
8576790.exe , 31.07,  3.06,  2.42,  0.00,  1.07, 1794680493, 1449419000,  345099000, 1845852036, c++, elite, mult, 1
8619941.exe , 12.32,  1.17,  0.89,  0.00,  0.50,  706841546,  372413000,  334473000,  758262019, c++, elite, mult, 1
8619941.exe , 12.34,  1.17,  0.89,  0.00,  0.50,  707416952,  369252000,  338230000,  758523788, c++, elite, mult, 1
8619941.exe , 12.08,  1.18,  0.90,  0.00,  0.50,  706120332,  379034000,  327030000,  757469795, c++, elite, mult, 1
8619941.exe , 12.31,  1.18,  0.90,  0.00,  0.50,  708122189,  366948000,  340951000,  759474399, c++, elite, mult, 1
8619941.exe , 12.04,  1.19,  0.91,  0.00,  0.50,  705659552,  363859000,  341867000,  757104470, c++, elite, mult, 1
8619941.exe , 12.15,  1.18,  0.90,  0.00,  0.50,  703857877,  372958000,  330963000,  755081641, c++, elite, mult, 1
8619941.exe , 12.04,  1.19,  0.92,  0.00,  0.50,  707776291,  379920000,  327931000,  758830846, c++, elite, mult, 1
8619941.exe , 12.39,  1.17,  0.89,  0.00,  0.50,  707871498,  368422000,  339389000,  759044643, c++, elite, mult, 1
8619941.exe , 12.31,  1.14,  0.86,  0.00,  0.50,  705272172,  372488000,  332543000,  756615762, c++, elite, mult, 1
8619941.exe , 12.50,  1.13,  0.86,  0.00,  0.50,  705705331,  375331000,  330411000,  756756017, c++, elite, mult, 1
916026.exe  ,  8.47,  0.81,  0.63,  0.00,  0.31,  486828536,  314530000,  172290000,  537836756, c++, elite, mult, 1
916026.exe  ,  8.39,  0.80,  0.62,  0.00,  0.30,  485645639,  320394000,  165203000,  537086390, c++, elite, mult, 1
916026.exe  ,  8.47,  0.80,  0.63,  0.00,  0.30,  485708253,  311478000,  174267000,  536876362, c++, elite, mult, 1
916026.exe  ,  8.82,  0.81,  0.63,  0.00,  0.31,  487939681,  315920000,  171956000,  539068709, c++, elite, mult, 1
916026.exe  ,  8.63,  0.82,  0.64,  0.00,  0.30,  484649016,  308464000,  176265000,  535616199, c++, elite, mult, 1
916026.exe  ,  8.46,  0.81,  0.63,  0.00,  0.31,  486155303,  323142000,  162568000,  538773499, c++, elite, mult, 1
916026.exe  ,  8.48,  0.79,  0.62,  0.00,  0.30,  485515629,  319067000,  166513000,  536328426, c++, elite, mult, 1
916026.exe  ,  8.56,  0.79,  0.61,  0.00,  0.30,  485689543,  307740000,  177850000,  537082810, c++, elite, mult, 1
916026.exe  ,  8.64,  0.76,  0.58,  0.00,  0.30,  487360974,  318269000,  169143000,  538693910, c++, elite, mult, 1
916026.exe  ,  8.56,  0.77,  0.59,  0.00,  0.31,  486720357,  321851000,  164924000,  537895942, c++, elite, mult, 1
