file,psys,pkg,cores,gpu,ram,duration_time,user_time,system_time,perf_time,lang,machine,cores,power_limit
1022576.exe ,  3.02,  0.27,  0.21,  0.00,  0.09,  168738974,  146515000,   21927000,  220461616, c++, elite, mult, 1
1022576.exe ,  2.79,  0.26,  0.20,  0.00,  0.09,  166117231,  145153000,   21022000,  216867768, c++, elite, mult, 1
1022576.exe ,  2.84,  0.27,  0.21,  0.00,  0.09,  166460104,  144454000,   22069000,  217253861, c++, elite, mult, 1
1022576.exe ,  2.81,  0.26,  0.20,  0.00,  0.09,  166289985,  146238000,   20032000,  217275733, c++, elite, mult, 1
1022576.exe ,  2.78,  0.27,  0.21,  0.00,  0.09,  165921033,  145007000,   21001000,  217046982, c++, elite, mult, 1
1022576.exe ,  2.87,  0.26,  0.20,  0.00,  0.09,  166141649,  147298000,   18909000,  217135541, c++, elite, mult, 1
1022576.exe ,  2.77,  0.27,  0.21,  0.00,  0.09,  166113515,  150152000,   16016000,  217181003, c++, elite, mult, 1
1022576.exe ,  2.82,  0.27,  0.21,  0.00,  0.09,  166154666,  145190000,   21027000,  217051738, c++, elite, mult, 1
1022576.exe ,  2.80,  0.28,  0.22,  0.00,  0.09,  166016791,  150075000,   16008000,  216976250, c++, elite, mult, 1
1022576.exe ,  2.78,  0.28,  0.22,  0.00,  0.09,  166202380,  144134000,   22020000,  217046477, c++, elite, mult, 1
1086870.exe ,  9.28,  0.92,  0.72,  0.00,  0.31,  543348148,  511345000,   32021000,  594388183, c++, elite, mult, 1
1086870.exe ,  9.07,  0.92,  0.73,  0.00,  0.30,  538133824,  505166000,   33010000,  589336767, c++, elite, mult, 1
1086870.exe ,  8.96,  0.91,  0.72,  0.00,  0.30,  533576478,  500531000,   33035000,  584362010, c++, elite, mult, 1
1086870.exe ,  9.05,  0.91,  0.72,  0.00,  0.30,  537669461,  512742000,   24987000,  588583388, c++, elite, mult, 1
1086870.exe ,  9.11,  0.89,  0.70,  0.00,  0.30,  539513034,  512041000,   27002000,  590430159, c++, elite, mult, 1
1086870.exe ,  9.09,  0.91,  0.72,  0.00,  0.30,  537496866,  504588000,   32907000,  588672023, c++, elite, mult, 1
1086870.exe ,  9.12,  0.91,  0.72,  0.00,  0.30,  537008750,  510047000,   27002000,  587770283, c++, elite, mult, 1
1086870.exe ,  9.00,  0.92,  0.73,  0.00,  0.30,  537528380,  504677000,   32913000,  590944895, c++, elite, mult, 1
1086870.exe ,  9.10,  0.92,  0.73,  0.00,  0.30,  537647260,  503791000,   33918000,  588550877, c++, elite, mult, 1
1086870.exe ,  9.06,  0.91,  0.72,  0.00,  0.30,  537449679,  508361000,   29020000,  588600821, c++, elite, mult, 1
1122546.exe ,  8.64,  0.86,  0.68,  0.00,  0.28,  513487758,  483483000,   30030000,  564409148, c++, elite, mult, 1
1122546.exe ,  8.57,  0.87,  0.69,  0.00,  0.28,  515142071,  496052000,   19002000,  566434974, c++, elite, mult, 1
1122546.exe ,  8.72,  0.87,  0.69,  0.00,  0.28,  519254227,  487231000,   32015000,  570439775, c++, elite, mult, 1
1122546.exe ,  8.87,  0.89,  0.71,  0.00,  0.28,  515455876,  485431000,   30026000,  566513546, c++, elite, mult, 1
1122546.exe ,  8.69,  0.89,  0.70,  0.00,  0.28,  514799195,  492726000,   21987000,  565928635, c++, elite, mult, 1
1122546.exe ,  8.70,  0.89,  0.70,  0.00,  0.28,  518022340,  495986000,   21999000,  569322788, c++, elite, mult, 1
1122546.exe ,  8.70,  0.89,  0.70,  0.00,  0.28,  514610555,  488722000,   25932000,  565872273, c++, elite, mult, 1
1122546.exe ,  8.78,  0.89,  0.70,  0.00,  0.28,  519307296,  489401000,   29963000,  570444401, c++, elite, mult, 1
1122546.exe ,  8.71,  0.87,  0.69,  0.00,  0.28,  512609950,  485730000,   26985000,  563641378, c++, elite, mult, 1
1122546.exe ,  8.64,  0.86,  0.68,  0.00,  0.28,  512898615,  487031000,   25948000,  563952048, c++, elite, mult, 1
1172403.exe ,  8.89,  0.91,  0.72,  0.00,  0.29,  528535408,  505499000,   23022000,  579510873, c++, elite, mult, 1
1172403.exe ,  8.55,  0.87,  0.69,  0.00,  0.28,  509767112,  485809000,   24040000,  560742207, c++, elite, mult, 1
1172403.exe ,  8.73,  0.87,  0.69,  0.00,  0.28,  513258551,  490338000,   22968000,  564304944, c++, elite, mult, 1
1172403.exe ,  8.73,  0.86,  0.68,  0.00,  0.28,  512255454,  486133000,   26007000,  563409916, c++, elite, mult, 1
1172403.exe ,  8.61,  0.82,  0.64,  0.00,  0.28,  511584163,  484603000,   27033000,  562661507, c++, elite, mult, 1
1172403.exe ,  8.65,  0.86,  0.68,  0.00,  0.28,  509056362,  479124000,   30007000,  560089149, c++, elite, mult, 1
1172403.exe ,  8.77,  0.81,  0.63,  0.00,  0.28,  511671166,  480698000,   30980000,  562817400, c++, elite, mult, 1
1172403.exe ,  8.64,  0.84,  0.66,  0.00,  0.28,  514173549,  490071000,   24003000,  565406481, c++, elite, mult, 1
1172403.exe ,  8.56,  0.87,  0.68,  0.00,  0.28,  511751179,  490807000,   20991000,  562848304, c++, elite, mult, 1
1172403.exe ,  8.67,  0.88,  0.70,  0.00,  0.28,  513652341,  485699000,   27982000,  564687226, c++, elite, mult, 1
1200646.exe ,  4.84,  0.45,  0.35,  0.00,  0.17,  282584580,  231525000,   51115000,  333624825, c++, elite, mult, 1
1200646.exe ,  4.80,  0.45,  0.35,  0.00,  0.17,  285769674,  236695000,   49144000,  336934604, c++, elite, mult, 1
1200646.exe ,  4.91,  0.44,  0.34,  0.00,  0.16,  283146075,  225165000,   58042000,  334186398, c++, elite, mult, 1
1200646.exe ,  4.78,  0.43,  0.33,  0.00,  0.16,  282793774,  234713000,   48146000,  333795569, c++, elite, mult, 1
1200646.exe ,  4.84,  0.42,  0.32,  0.00,  0.17,  283944959,  234927000,   48984000,  335022506, c++, elite, mult, 1
1200646.exe ,  4.76,  0.43,  0.33,  0.00,  0.17,  283480743,  231505000,   51889000,  334533640, c++, elite, mult, 1
1200646.exe ,  5.02,  0.47,  0.36,  0.00,  0.17,  284585718,  233531000,   51116000,  335862468, c++, elite, mult, 1
1200646.exe ,  4.83,  0.45,  0.35,  0.00,  0.17,  285253941,  232278000,   53063000,  336338001, c++, elite, mult, 1
1200646.exe ,  4.82,  0.44,  0.34,  0.00,  0.17,  286028381,  239067000,   47013000,  337424919, c++, elite, mult, 1
1200646.exe ,  4.81,  0.46,  0.36,  0.00,  0.17,  284899389,  232983000,   51996000,  336304043, c++, elite, mult, 1
1252190.exe ,  4.36,  0.42,  0.33,  0.00,  0.14,  253931570,  221982000,   31997000,  305008677, c++, elite, mult, 1
1252190.exe ,  4.25,  0.41,  0.32,  0.00,  0.14,  254050315,  224113000,   30015000,  304947380, c++, elite, mult, 1
1252190.exe ,  4.38,  0.42,  0.33,  0.00,  0.15,  254701364,  229390000,   25042000,  305973796, c++, elite, mult, 1
1252190.exe ,  4.31,  0.43,  0.34,  0.00,  0.15,  256959185,  225006000,   32000000,  308275911, c++, elite, mult, 1
1252190.exe ,  4.31,  0.42,  0.33,  0.00,  0.14,  254231751,  226337000,   27918000,  305394166, c++, elite, mult, 1
1252190.exe ,  4.27,  0.42,  0.33,  0.00,  0.14,  254663162,  223913000,   30850000,  306580861, c++, elite, mult, 1
1252190.exe ,  4.28,  0.43,  0.34,  0.00,  0.15,  255442609,  229469000,   26053000,  306295399, c++, elite, mult, 1
1252190.exe ,  4.39,  0.43,  0.34,  0.00,  0.15,  257038880,  234050000,   23004000,  308151444, c++, elite, mult, 1
1252190.exe ,  4.47,  0.44,  0.34,  0.00,  0.15,  255197456,  225034000,   30004000,  306583059, c++, elite, mult, 1
1252190.exe ,  4.36,  0.42,  0.33,  0.00,  0.15,  254961702,  223950000,   30993000,  306405178, c++, elite, mult, 1
1261343.exe ,  4.48,  0.46,  0.36,  0.00,  0.15,  268280923,  242419000,   25937000,  319385059, c++, elite, mult, 1
1261343.exe ,  4.46,  0.46,  0.36,  0.00,  0.15,  267696867,  241676000,   26073000,  318724680, c++, elite, mult, 1
1261343.exe ,  4.47,  0.44,  0.34,  0.00,  0.15,  267918639,  240983000,   26998000,  319076711, c++, elite, mult, 1
1261343.exe ,  4.48,  0.46,  0.36,  0.00,  0.15,  267975836,  243169000,   24914000,  318855086, c++, elite, mult, 1
1261343.exe ,  4.56,  0.46,  0.37,  0.00,  0.15,  268504642,  247489000,   21041000,  319830201, c++, elite, mult, 1
1261343.exe ,  4.49,  0.45,  0.35,  0.00,  0.15,  269083396,  249015000,   20001000,  320341495, c++, elite, mult, 1
1261343.exe ,  4.66,  0.46,  0.36,  0.00,  0.15,  270708488,  243679000,   27075000,  321674349, c++, elite, mult, 1
1261343.exe ,  4.67,  0.46,  0.37,  0.00,  0.16,  273150086,  256132000,   17008000,  324397525, c++, elite, mult, 1
1261343.exe ,  4.59,  0.46,  0.36,  0.00,  0.15,  269874590,  248936000,   20994000,  321019206, c++, elite, mult, 1
1261343.exe ,  4.57,  0.45,  0.36,  0.00,  0.15,  268444770,  245571000,   22959000,  319545385, c++, elite, mult, 1
1290574.exe ,  4.31,  0.40,  0.31,  0.00,  0.15,  249952067,  222027000,   28003000,  301057044, c++, elite, mult, 1
1290574.exe ,  4.44,  0.41,  0.32,  0.00,  0.15,  252061347,  224125000,   28015000,  303259225, c++, elite, mult, 1
1290574.exe ,  4.35,  0.40,  0.31,  0.00,  0.15,  250914580,  223975000,   26996000,  302058796, c++, elite, mult, 1
1290574.exe ,  4.30,  0.40,  0.31,  0.00,  0.15,  250875883,  227076000,   23902000,  301939005, c++, elite, mult, 1
1290574.exe ,  4.36,  0.41,  0.33,  0.00,  0.15,  249888451,  223697000,   26081000,  301203051, c++, elite, mult, 1
1290574.exe ,  4.29,  0.42,  0.34,  0.00,  0.15,  249315586,  223358000,   26041000,  300279177, c++, elite, mult, 1
1290574.exe ,  4.35,  0.42,  0.33,  0.00,  0.15,  251216999,  223236000,   28029000,  302220064, c++, elite, mult, 1
1290574.exe ,  4.31,  0.42,  0.33,  0.00,  0.15,  250109890,  235217000,   15013000,  301429598, c++, elite, mult, 1
1290574.exe ,  4.30,  0.42,  0.33,  0.00,  0.15,  249894723,  222875000,   26984000,  301189447, c++, elite, mult, 1
1290574.exe ,  4.47,  0.41,  0.32,  0.00,  0.15,  252387740,  228410000,   24043000,  303726578, c++, elite, mult, 1
1318039.exe , 26.57,  2.40,  1.85,  0.00,  1.02, 1588706161, 1533533000,   55019000, 1639668986, c++, elite, mult, 1
1318039.exe , 26.46,  2.36,  1.81,  0.00,  1.01, 1579971083, 1508009000,   72000000, 1630979033, c++, elite, mult, 1
1318039.exe , 26.68,  2.36,  1.81,  0.00,  1.02, 1582428128, 1515297000,   66968000, 1633612442, c++, elite, mult, 1
1318039.exe , 27.17,  2.36,  1.79,  0.00,  1.03, 1600115269, 1545074000,   55002000, 1651469859, c++, elite, mult, 1
1318039.exe , 26.67,  2.37,  1.81,  0.00,  1.02, 1593459896, 1528365000,   64973000, 1644662145, c++, elite, mult, 1
1318039.exe , 27.18,  2.40,  1.85,  0.00,  1.02, 1592411642, 1528335000,   64014000, 1643309727, c++, elite, mult, 1
1318039.exe , 26.35,  2.37,  1.82,  0.00,  1.01, 1573224498, 1500323000,   72967000, 1623998289, c++, elite, mult, 1
1318039.exe , 26.40,  2.41,  1.86,  0.00,  1.01, 1580883625, 1518716000,   62029000, 1632237799, c++, elite, mult, 1
1318039.exe , 26.56,  2.46,  1.90,  0.00,  1.02, 1580169554, 1513940000,   65953000, 1631282071, c++, elite, mult, 1
1318039.exe , 26.34,  2.39,  1.84,  0.00,  1.01, 1573854578, 1499688000,   73984000, 1625038469, c++, elite, mult, 1
1358987.exe ,  8.92,  0.85,  0.66,  0.00,  0.29,  525891885,  502822000,   22946000,  576828419, c++, elite, mult, 1
1358987.exe ,  8.92,  0.88,  0.69,  0.00,  0.29,  525207696,  490271000,   34948000,  576180615, c++, elite, mult, 1
1358987.exe ,  8.94,  0.88,  0.69,  0.00,  0.29,  525172273,  502100000,   23004000,  576229830, c++, elite, mult, 1
1358987.exe ,  8.91,  0.89,  0.71,  0.00,  0.29,  526601501,  508486000,   17981000,  577736757, c++, elite, mult, 1
1358987.exe ,  8.88,  0.82,  0.63,  0.00,  0.29,  525067700,  497097000,   28005000,  576000047, c++, elite, mult, 1
1358987.exe ,  8.98,  0.83,  0.65,  0.00,  0.29,  525012073,  504920000,   19996000,  576277078, c++, elite, mult, 1
1358987.exe ,  9.11,  0.83,  0.65,  0.00,  0.29,  524056892,  503119000,   21004000,  575219425, c++, elite, mult, 1
1358987.exe ,  9.03,  0.86,  0.67,  0.00,  0.30,  533552789,  503434000,   29966000,  584668379, c++, elite, mult, 1
1358987.exe ,  8.89,  0.84,  0.65,  0.00,  0.29,  523961162,  504082000,   19963000,  575104557, c++, elite, mult, 1
1358987.exe ,  8.85,  0.84,  0.65,  0.00,  0.29,  524051852,  503126000,   21005000,  575048434, c++, elite, mult, 1
1947067.exe ,  2.75,  0.26,  0.21,  0.00,  0.08,  162684208,  155747000,    6988000,  213626867, c++, elite, mult, 1
1947067.exe ,  2.71,  0.25,  0.20,  0.00,  0.08,  161862209,  154010000,    8000000,  212797517, c++, elite, mult, 1
1947067.exe ,  2.70,  0.26,  0.21,  0.00,  0.08,  161983056,  156000000,    6038000,  213120745, c++, elite, mult, 1
1947067.exe ,  2.69,  0.27,  0.21,  0.00,  0.08,  162090332,  157158000,    5005000,  213074027, c++, elite, mult, 1
1947067.exe ,  2.76,  0.26,  0.20,  0.00,  0.08,  162643799,  157668000,    5021000,  213919759, c++, elite, mult, 1
1947067.exe ,  2.74,  0.25,  0.20,  0.00,  0.08,  162697998,  158699000,    4017000,  213641738, c++, elite, mult, 1
1947067.exe ,  2.71,  0.25,  0.19,  0.00,  0.08,  162105427,  155260000,    6966000,  212852220, c++, elite, mult, 1
1947067.exe ,  2.70,  0.25,  0.20,  0.00,  0.08,  161939022,  155989000,    6038000,  213041789, c++, elite, mult, 1
1947067.exe ,  2.72,  0.26,  0.20,  0.00,  0.08,  162207153,  155318000,    6969000,  213414197, c++, elite, mult, 1
1947067.exe ,  2.72,  0.26,  0.20,  0.00,  0.08,  162129145,  156219000,    6008000,  212906068, c++, elite, mult, 1
2154023.exe ,  8.94,  0.88,  0.69,  0.00,  0.28,  520325201,  494311000,   26016000,  571443462, c++, elite, mult, 1
2154023.exe ,  8.94,  0.92,  0.73,  0.00,  0.28,  514175593,  491248000,   23011000,  565699337, c++, elite, mult, 1
2154023.exe ,  8.91,  0.88,  0.69,  0.00,  0.28,  514461531,  491223000,   23010000,  565567150, c++, elite, mult, 1
2154023.exe ,  8.72,  0.87,  0.69,  0.00,  0.28,  513164491,  489075000,   24003000,  564329595, c++, elite, mult, 1
2154023.exe ,  8.80,  0.88,  0.69,  0.00,  0.28,  512657014,  480842000,   31923000,  563850765, c++, elite, mult, 1
2154023.exe ,  8.83,  0.88,  0.70,  0.00,  0.28,  513020390,  492829000,   19993000,  564176711, c++, elite, mult, 1
2154023.exe ,  8.73,  0.86,  0.67,  0.00,  0.28,  511102190,  480160000,   31010000,  562343314, c++, elite, mult, 1
2154023.exe ,  8.94,  0.90,  0.71,  0.00,  0.28,  521727471,  495200000,   26063000,  572968210, c++, elite, mult, 1
2154023.exe ,  8.75,  0.88,  0.70,  0.00,  0.28,  511418442,  485516000,   25974000,  562525005, c++, elite, mult, 1
2154023.exe ,  8.75,  0.89,  0.71,  0.00,  0.28,  512941888,  487871000,   24993000,  564150615, c++, elite, mult, 1
2166257.exe ,  8.70,  0.88,  0.70,  0.00,  0.28,  508719010,  482892000,   25940000,  559727899, c++, elite, mult, 1
2166257.exe ,  8.80,  0.89,  0.70,  0.00,  0.28,  513007192,  494004000,   19000000,  563975127, c++, elite, mult, 1
2166257.exe ,  8.59,  0.88,  0.70,  0.00,  0.28,  511175892,  482159000,   29009000,  562693528, c++, elite, mult, 1
2166257.exe ,  8.55,  0.88,  0.70,  0.00,  0.28,  509635190,  486668000,   23031000,  560620083, c++, elite, mult, 1
2166257.exe ,  8.55,  0.88,  0.70,  0.00,  0.27,  508348392,  487436000,   21018000,  559713390, c++, elite, mult, 1
2166257.exe ,  8.53,  0.89,  0.71,  0.00,  0.28,  510938807,  491927000,   18997000,  562057143, c++, elite, mult, 1
2166257.exe ,  8.55,  0.87,  0.69,  0.00,  0.28,  509676959,  493718000,   16023000,  560877502, c++, elite, mult, 1
2166257.exe ,  8.65,  0.88,  0.70,  0.00,  0.28,  509946095,  484913000,   24995000,  561412774, c++, elite, mult, 1
2166257.exe ,  8.60,  0.87,  0.69,  0.00,  0.27,  508444300,  486421000,   22019000,  559884469, c++, elite, mult, 1
2166257.exe ,  8.70,  0.89,  0.71,  0.00,  0.28,  516036042,  484959000,   30997000,  567347597, c++, elite, mult, 1
2232334.exe ,  4.21,  0.40,  0.31,  0.00,  0.15,  250824138,  229904000,   20991000,  301711369, c++, elite, mult, 1
2232334.exe ,  4.32,  0.41,  0.32,  0.00,  0.15,  252461317,  226465000,   26053000,  303528158, c++, elite, mult, 1
2232334.exe ,  4.25,  0.42,  0.33,  0.00,  0.15,  251448742,  227579000,   23955000,  302847837, c++, elite, mult, 1
2232334.exe ,  4.28,  0.41,  0.33,  0.00,  0.15,  249982917,  229055000,   21005000,  301243991, c++, elite, mult, 1
2232334.exe ,  4.21,  0.42,  0.33,  0.00,  0.15,  251358255,  220633000,   30809000,  302509662, c++, elite, mult, 1
2232334.exe ,  4.23,  0.41,  0.32,  0.00,  0.15,  251508411,  226629000,   24959000,  302742270, c++, elite, mult, 1
2232334.exe ,  4.24,  0.42,  0.33,  0.00,  0.15,  252097984,  231193000,   20926000,  303242765, c++, elite, mult, 1
2232334.exe ,  4.24,  0.40,  0.32,  0.00,  0.15,  250409410,  229484000,   20952000,  301325552, c++, elite, mult, 1
2232334.exe ,  4.29,  0.39,  0.31,  0.00,  0.15,  250390486,  233483000,   17035000,  301417419, c++, elite, mult, 1
2232334.exe ,  4.23,  0.41,  0.32,  0.00,  0.15,  249610084,  231640000,   18049000,  300652482, c++, elite, mult, 1
2353484.exe ,  2.49,  0.25,  0.20,  0.00,  0.08,  148455758,  140573000,    7975000,  199141929, c++, elite, mult, 1
2353484.exe ,  2.49,  0.25,  0.20,  0.00,  0.08,  149161904,  143237000,    6009000,  200540507, c++, elite, mult, 1
2353484.exe ,  2.56,  0.25,  0.20,  0.00,  0.08,  149122235,  144176000,    5006000,  199966987, c++, elite, mult, 1
2353484.exe ,  2.49,  0.25,  0.20,  0.00,  0.08,  148826489,  140857000,    8049000,  199881085, c++, elite, mult, 1
2353484.exe ,  2.48,  0.24,  0.19,  0.00,  0.08,  149323552,  144384000,    5013000,  200806672, c++, elite, mult, 1
2353484.exe ,  2.57,  0.25,  0.20,  0.00,  0.08,  148938569,  144971000,    4026000,  200048966, c++, elite, mult, 1
2353484.exe ,  2.49,  0.23,  0.18,  0.00,  0.08,  149230966,  144377000,    4978000,  200243113, c++, elite, mult, 1
2353484.exe ,  2.51,  0.25,  0.19,  0.00,  0.08,  149222389,  142269000,    7013000,  200217231, c++, elite, mult, 1
2353484.exe ,  2.59,  0.25,  0.19,  0.00,  0.08,  149072486,  144142000,    5004000,  200268562, c++, elite, mult, 1
2353484.exe ,  2.49,  0.24,  0.19,  0.00,  0.08,  149295227,  142334000,    7016000,  200271979, c++, elite, mult, 1
2417935.exe ,  8.63,  0.89,  0.71,  0.00,  0.28,  504848377,  489334000,   15010000,  555871672, c++, elite, mult, 1
2417935.exe ,  8.76,  0.86,  0.68,  0.00,  0.28,  504105462,  489157000,   14974000,  555283316, c++, elite, mult, 1
2417935.exe ,  8.55,  0.84,  0.66,  0.00,  0.27,  502582379,  473620000,   29038000,  553972589, c++, elite, mult, 1
2417935.exe ,  8.48,  0.84,  0.66,  0.00,  0.28,  506021129,  490049000,   16001000,  557019385, c++, elite, mult, 1
2417935.exe ,  9.04,  1.08,  0.90,  0.00,  0.29,  509113358,  487095000,   22004000,  560419735, c++, elite, mult, 1
2417935.exe ,  8.50,  0.86,  0.68,  0.00,  0.27,  503455549,  486467000,   17016000,  554845674, c++, elite, mult, 1
2417935.exe ,  8.49,  0.87,  0.69,  0.00,  0.27,  502696934,  478755000,   23987000,  553711328, c++, elite, mult, 1
2417935.exe ,  8.49,  0.85,  0.68,  0.00,  0.28,  501960361,  482897000,   18995000,  553301312, c++, elite, mult, 1
2417935.exe ,  8.46,  0.83,  0.65,  0.00,  0.27,  500750444,  477740000,   23035000,  552214265, c++, elite, mult, 1
2417935.exe ,  8.45,  0.86,  0.68,  0.00,  0.27,  502569269,  482481000,   20019000,  553947892, c++, elite, mult, 1
2432135.exe ,  4.52,  0.45,  0.36,  0.00,  0.16,  262276098,  240144000,   22013000,  313414615, c++, elite, mult, 1
2432135.exe ,  4.42,  0.44,  0.35,  0.00,  0.16,  261745709,  239851000,   21986000,  312944100, c++, elite, mult, 1
2432135.exe ,  4.46,  0.46,  0.37,  0.00,  0.16,  263387073,  237371000,   26040000,  314699677, c++, elite, mult, 1
2432135.exe ,  4.41,  0.45,  0.36,  0.00,  0.16,  262306742,  235548000,   26834000,  313495574, c++, elite, mult, 1
2432135.exe ,  4.40,  0.44,  0.35,  0.00,  0.16,  262058782,  235088000,   27010000,  313420592, c++, elite, mult, 1
2432135.exe ,  4.41,  0.45,  0.35,  0.00,  0.16,  262112919,  234168000,   28020000,  312964072, c++, elite, mult, 1
2432135.exe ,  4.40,  0.45,  0.35,  0.00,  0.16,  261769029,  236837000,   24982000,  312905846, c++, elite, mult, 1
2432135.exe ,  4.48,  0.45,  0.36,  0.00,  0.16,  261863713,  238946000,   22994000,  312909108, c++, elite, mult, 1
2432135.exe ,  4.42,  0.45,  0.36,  0.00,  0.16,  262424620,  234449000,   28053000,  313477305, c++, elite, mult, 1
2432135.exe ,  4.58,  0.46,  0.36,  0.00,  0.16,  263493886,  235748000,   27852000,  314653713, c++, elite, mult, 1
2451239.exe ,  3.25,  0.33,  0.26,  0.00,  0.10,  188906734,  181782000,    7030000,  239912958, c++, elite, mult, 1
2451239.exe ,  3.15,  0.32,  0.26,  0.00,  0.10,  188759932,  183794000,    5021000,  240020916, c++, elite, mult, 1
2451239.exe ,  3.17,  0.32,  0.26,  0.00,  0.10,  188697610,  183761000,    5020000,  240058001, c++, elite, mult, 1
2451239.exe ,  3.18,  0.33,  0.26,  0.00,  0.10,  187780134,  180879000,    6995000,  238543829, c++, elite, mult, 1
2451239.exe ,  3.14,  0.33,  0.26,  0.00,  0.10,  188292378,  180469000,    7976000,  239092973, c++, elite, mult, 1
2451239.exe ,  3.17,  0.32,  0.26,  0.00,  0.10,  189917790,  182006000,    8000000,  241121409, c++, elite, mult, 1
2451239.exe ,  3.15,  0.32,  0.25,  0.00,  0.10,  188327488,  180390000,    8017000,  239082515, c++, elite, mult, 1
2451239.exe ,  3.13,  0.33,  0.26,  0.00,  0.10,  188949269,  180047000,    9002000,  239886594, c++, elite, mult, 1
2451239.exe ,  3.14,  0.33,  0.26,  0.00,  0.10,  187833972,  182870000,    5023000,  238774081, c++, elite, mult, 1
2451239.exe ,  3.18,  0.33,  0.26,  0.00,  0.10,  189366255,  181411000,    8018000,  240140639, c++, elite, mult, 1
2610422.exe ,  4.40,  0.44,  0.35,  0.00,  0.16,  255733109,  236832000,   18986000,  307087877, c++, elite, mult, 1
2610422.exe ,  4.25,  0.43,  0.34,  0.00,  0.15,  252433925,  231460000,   21041000,  303361986, c++, elite, mult, 1
2610422.exe ,  4.33,  0.43,  0.34,  0.00,  0.15,  253745216,  227850000,   25982000,  304833784, c++, elite, mult, 1
2610422.exe ,  4.32,  0.43,  0.34,  0.00,  0.15,  252939269,  227015000,   26001000,  303990787, c++, elite, mult, 1
2610422.exe ,  4.27,  0.44,  0.35,  0.00,  0.15,  253159153,  230177000,   23017000,  304369862, c++, elite, mult, 1
2610422.exe ,  4.28,  0.44,  0.35,  0.00,  0.15,  253559720,  232550000,   21049000,  304454914, c++, elite, mult, 1
2610422.exe ,  4.27,  0.44,  0.35,  0.00,  0.15,  254099040,  238970000,   14998000,  304939104, c++, elite, mult, 1
2610422.exe ,  4.45,  0.45,  0.36,  0.00,  0.16,  256706800,  236686000,   20058000,  307716248, c++, elite, mult, 1
2610422.exe ,  4.27,  0.43,  0.34,  0.00,  0.15,  253384242,  237437000,   16029000,  304469909, c++, elite, mult, 1
2610422.exe ,  4.32,  0.44,  0.35,  0.00,  0.15,  253974215,  236033000,   18002000,  305007283, c++, elite, mult, 1
2763834.exe ,  3.89,  0.40,  0.32,  0.00,  0.13,  234073446,  219151000,   15010000,  285298787, c++, elite, mult, 1
2763834.exe ,  3.87,  0.40,  0.32,  0.00,  0.13,  233089488,  212228000,   20923000,  284203924, c++, elite, mult, 1
2763834.exe ,  3.83,  0.41,  0.33,  0.00,  0.13,  232216582,  216264000,   16019000,  283691665, c++, elite, mult, 1
2763834.exe ,  3.99,  0.42,  0.33,  0.00,  0.13,  232307469,  215424000,   16954000,  283305004, c++, elite, mult, 1
2763834.exe ,  3.89,  0.41,  0.33,  0.00,  0.13,  232100087,  212138000,   20013000,  283776386, c++, elite, mult, 1
2763834.exe ,  3.88,  0.40,  0.32,  0.00,  0.13,  232627556,  215827000,   16908000,  283493292, c++, elite, mult, 1
2763834.exe ,  3.86,  0.40,  0.32,  0.00,  0.13,  231885653,  216867000,   15060000,  282786903, c++, elite, mult, 1
2763834.exe ,  3.84,  0.40,  0.32,  0.00,  0.13,  232187323,  215237000,   17018000,  283237989, c++, elite, mult, 1
2763834.exe ,  3.92,  0.40,  0.32,  0.00,  0.14,  233477818,  219417000,   14026000,  284522187, c++, elite, mult, 1
2763834.exe ,  3.85,  0.41,  0.32,  0.00,  0.13,  231772342,  212758000,   19067000,  282909454, c++, elite, mult, 1
2929444.exe ,  4.83,  0.50,  0.40,  0.00,  0.17,  286011412,  244064000,   42011000,  337152795, c++, elite, mult, 1
2929444.exe ,  4.72,  0.49,  0.39,  0.00,  0.17,  284577750,  233716000,   50938000,  335772257, c++, elite, mult, 1
2929444.exe ,  4.75,  0.49,  0.39,  0.00,  0.17,  286546482,  238522000,   48105000,  337968576, c++, elite, mult, 1
2929444.exe ,  4.84,  0.49,  0.38,  0.00,  0.17,  285434889,  243343000,   42059000,  336749580, c++, elite, mult, 1
2929444.exe ,  4.77,  0.48,  0.38,  0.00,  0.17,  286403506,  235340000,   51073000,  337373780, c++, elite, mult, 1
2929444.exe ,  4.73,  0.47,  0.37,  0.00,  0.17,  284343424,  229322000,   55077000,  335333355, c++, elite, mult, 1
2929444.exe ,  4.80,  0.48,  0.38,  0.00,  0.17,  284561267,  230482000,   54113000,  336092102, c++, elite, mult, 1
2929444.exe ,  4.73,  0.49,  0.39,  0.00,  0.17,  284138646,  240187000,   44034000,  335244868, c++, elite, mult, 1
2929444.exe ,  4.74,  0.49,  0.39,  0.00,  0.17,  285811198,  237694000,   48140000,  337132103, c++, elite, mult, 1
2929444.exe ,  4.78,  0.49,  0.38,  0.00,  0.17,  283929914,  240006000,   44001000,  335218525, c++, elite, mult, 1
295919.exe  ,  8.54,  0.90,  0.72,  0.00,  0.27,  502770185,  484792000,   18029000,  553932046, c++, elite, mult, 1
295919.exe  ,  8.62,  0.88,  0.70,  0.00,  0.27,  505113134,  483170000,   22007000,  556181962, c++, elite, mult, 1
295919.exe  ,  8.53,  0.90,  0.73,  0.00,  0.27,  503391380,  472412000,   31027000,  554330538, c++, elite, mult, 1
295919.exe  ,  8.52,  0.88,  0.70,  0.00,  0.27,  504138580,  481195000,   23009000,  555051365, c++, elite, mult, 1
295919.exe  ,  8.44,  0.89,  0.71,  0.00,  0.27,  503152954,  472198000,   31013000,  553935545, c++, elite, mult, 1
295919.exe  ,  9.04,  0.95,  0.76,  0.00,  0.29,  541315496,  519357000,   22015000,  592613309, c++, elite, mult, 1
295919.exe  ,  8.52,  0.91,  0.73,  0.00,  0.27,  504682441,  472752000,   31983000,  555911326, c++, elite, mult, 1
295919.exe  ,  8.44,  0.91,  0.73,  0.00,  0.27,  504465550,  479433000,   24970000,  555726708, c++, elite, mult, 1
295919.exe  ,  8.46,  0.90,  0.72,  0.00,  0.27,  505045509,  480944000,   24047000,  556176133, c++, elite, mult, 1
295919.exe  ,  8.50,  0.88,  0.70,  0.00,  0.27,  505659580,  480624000,   24980000,  556656529, c++, elite, mult, 1
3179338.exe ,  8.52,  0.89,  0.71,  0.00,  0.28,  505483307,  479629000,   25925000,  556447802, c++, elite, mult, 1
3179338.exe ,  8.75,  0.90,  0.71,  0.00,  0.28,  508514781,  482587000,   25977000,  559714108, c++, elite, mult, 1
3179338.exe ,  8.46,  0.90,  0.72,  0.00,  0.28,  508715795,  480733000,   27984000,  560146574, c++, elite, mult, 1
3179338.exe ,  8.52,  0.89,  0.70,  0.00,  0.28,  508412056,  484405000,   24020000,  559409728, c++, elite, mult, 1
3179338.exe ,  8.81,  0.89,  0.71,  0.00,  0.28,  513489853,  486621000,   26923000,  564441370, c++, elite, mult, 1
3179338.exe ,  8.48,  0.87,  0.69,  0.00,  0.28,  506901708,  481050000,   25948000,  558019323, c++, elite, mult, 1
3179338.exe ,  8.51,  0.88,  0.70,  0.00,  0.28,  511373982,  484384000,   27021000,  562317256, c++, elite, mult, 1
3179338.exe ,  8.64,  0.89,  0.71,  0.00,  0.28,  512213843,  490253000,   22011000,  563354195, c++, elite, mult, 1
3179338.exe ,  8.36,  0.87,  0.69,  0.00,  0.28,  506371245,  483431000,   23020000,  557644582, c++, elite, mult, 1
3179338.exe ,  8.44,  0.86,  0.68,  0.00,  0.27,  506403570,  483460000,   23021000,  557508909, c++, elite, mult, 1
3216981.exe ,  8.50,  0.89,  0.71,  0.00,  0.27,  509112427,  484199000,   25010000,  559964654, c++, elite, mult, 1
3216981.exe ,  8.63,  0.91,  0.73,  0.00,  0.27,  506986473,  480957000,   25997000,  557939297, c++, elite, mult, 1
3216981.exe ,  8.55,  0.91,  0.72,  0.00,  0.28,  515879902,  485614000,   29976000,  567157414, c++, elite, mult, 1
3216981.exe ,  8.42,  0.87,  0.69,  0.00,  0.27,  506493861,  486416000,   20017000,  557682572, c++, elite, mult, 1
3216981.exe ,  8.50,  0.88,  0.70,  0.00,  0.27,  506765085,  481671000,   25034000,  557786878, c++, elite, mult, 1
3216981.exe ,  8.51,  0.88,  0.70,  0.00,  0.28,  510926570,  486944000,   23948000,  561851676, c++, elite, mult, 1
3216981.exe ,  8.52,  0.88,  0.70,  0.00,  0.27,  508857759,  485933000,   22996000,  560162598, c++, elite, mult, 1
3216981.exe ,  8.66,  0.88,  0.70,  0.00,  0.27,  507798932,  480871000,   26992000,  558872690, c++, elite, mult, 1
3216981.exe ,  8.81,  0.88,  0.70,  0.00,  0.28,  511816779,  489803000,   22036000,  563100299, c++, elite, mult, 1
3216981.exe ,  8.66,  0.88,  0.70,  0.00,  0.27,  508062364,  481042000,   27002000,  559297996, c++, elite, mult, 1
3225102.exe ,  4.27,  0.44,  0.35,  0.00,  0.15,  253795644,  232880000,   20989000,  305008090, c++, elite, mult, 1
3225102.exe ,  4.19,  0.42,  0.34,  0.00,  0.15,  251284119,  224478000,   26937000,  302361641, c++, elite, mult, 1
3225102.exe ,  4.29,  0.43,  0.34,  0.00,  0.15,  251073115,  232114000,   19009000,  301889709, c++, elite, mult, 1
3225102.exe ,  4.36,  0.43,  0.34,  0.00,  0.16,  254074615,  234104000,   20008000,  305096701, c++, elite, mult, 1
3225102.exe ,  4.23,  0.43,  0.34,  0.00,  0.15,  252745432,  225689000,   27082000,  303933686, c++, elite, mult, 1
3225102.exe ,  4.29,  0.44,  0.35,  0.00,  0.15,  252119453,  234183000,   18014000,  303399312, c++, elite, mult, 1
3225102.exe ,  4.25,  0.43,  0.34,  0.00,  0.15,  253724916,  228832000,   24981000,  304662462, c++, elite, mult, 1
3225102.exe ,  4.36,  0.43,  0.34,  0.00,  0.15,  252193210,  224220000,   28027000,  303184748, c++, elite, mult, 1
3225102.exe ,  4.27,  0.44,  0.35,  0.00,  0.15,  255536178,  234444000,   21039000,  306990950, c++, elite, mult, 1
3225102.exe ,  4.24,  0.43,  0.34,  0.00,  0.15,  252511485,  231372000,   21033000,  303604962, c++, elite, mult, 1
3260092.exe ,  8.60,  0.87,  0.68,  0.00,  0.27,  507252127,  480277000,   27015000,  558017630, c++, elite, mult, 1
3260092.exe ,  8.42,  0.88,  0.69,  0.00,  0.27,  508095734,  481162000,   27009000,  559389833, c++, elite, mult, 1
3260092.exe ,  8.67,  0.88,  0.70,  0.00,  0.28,  507725376,  482784000,   24988000,  558898840, c++, elite, mult, 1
3260092.exe ,  8.39,  0.88,  0.70,  0.00,  0.27,  507386436,  484410000,   23019000,  558449625, c++, elite, mult, 1
3260092.exe ,  8.38,  0.87,  0.69,  0.00,  0.27,  506845581,  478925000,   27995000,  557892372, c++, elite, mult, 1
3260092.exe ,  8.82,  0.88,  0.70,  0.00,  0.28,  509916161,  484948000,   24997000,  561064360, c++, elite, mult, 1
3260092.exe ,  8.57,  0.88,  0.70,  0.00,  0.27,  506965883,  482097000,   24953000,  558004832, c++, elite, mult, 1
3260092.exe ,  8.73,  0.90,  0.71,  0.00,  0.28,  510210350,  488164000,   22007000,  561297389, c++, elite, mult, 1
3260092.exe ,  8.59,  0.85,  0.67,  0.00,  0.27,  506179088,  481200000,   25010000,  557308084, c++, elite, mult, 1
3260092.exe ,  8.89,  0.90,  0.71,  0.00,  0.28,  520608963,  494753000,   25934000,  571660603, c++, elite, mult, 1
3329733.exe ,  8.42,  0.88,  0.70,  0.00,  0.28,  510307143,  485329000,   25016000,  561396138, c++, elite, mult, 1
3329733.exe ,  8.42,  0.88,  0.69,  0.00,  0.28,  510688067,  489764000,   20989000,  561604960, c++, elite, mult, 1
3329733.exe ,  8.81,  0.86,  0.67,  0.00,  0.28,  517146742,  487184000,   30011000,  568442185, c++, elite, mult, 1
3329733.exe ,  8.58,  0.85,  0.67,  0.00,  0.28,  512821870,  492790000,   19991000,  563993856, c++, elite, mult, 1
3329733.exe ,  8.58,  0.86,  0.68,  0.00,  0.28,  509378722,  482532000,   26918000,  560429052, c++, elite, mult, 1
3329733.exe ,  8.64,  0.82,  0.64,  0.00,  0.28,  509237616,  477083000,   32072000,  562486082, c++, elite, mult, 1
3329733.exe ,  8.56,  0.83,  0.65,  0.00,  0.28,  512896773,  490928000,   22041000,  563924343, c++, elite, mult, 1
3329733.exe ,  8.59,  0.81,  0.63,  0.00,  0.28,  509446069,  489591000,   19942000,  560757824, c++, elite, mult, 1
3329733.exe ,  8.69,  0.79,  0.61,  0.00,  0.28,  509550298,  482622000,   26923000,  560573590, c++, elite, mult, 1
3329733.exe ,  8.51,  0.86,  0.68,  0.00,  0.27,  508666112,  484710000,   24035000,  559932361, c++, elite, mult, 1
3550778.exe ,  2.56,  0.26,  0.21,  0.00,  0.08,  153812559,  144919000,    8995000,  204693544, c++, elite, mult, 1
3550778.exe ,  2.58,  0.25,  0.20,  0.00,  0.08,  155344129,  149424000,    6017000,  206906154, c++, elite, mult, 1
3550778.exe ,  2.61,  0.26,  0.20,  0.00,  0.08,  154322635,  148466000,    5978000,  205409591, c++, elite, mult, 1
3550778.exe ,  2.60,  0.27,  0.21,  0.00,  0.08,  156920989,  147020000,   10001000,  207824868, c++, elite, mult, 1
3550778.exe ,  2.57,  0.27,  0.21,  0.00,  0.08,  153896723,  148978000,    4999000,  204861363, c++, elite, mult, 1
3550778.exe ,  2.57,  0.26,  0.21,  0.00,  0.08,  153774678,  144801000,    9050000,  204705539, c++, elite, mult, 1
3550778.exe ,  2.56,  0.26,  0.21,  0.00,  0.08,  154102863,  147201000,    7009000,  205048321, c++, elite, mult, 1
3550778.exe ,  2.57,  0.24,  0.19,  0.00,  0.08,  154025330,  147096000,    7004000,  205073393, c++, elite, mult, 1
3550778.exe ,  2.66,  0.25,  0.20,  0.00,  0.08,  154546485,  146576000,    8031000,  205441830, c++, elite, mult, 1
3550778.exe ,  2.65,  0.26,  0.21,  0.00,  0.08,  153774576,  147666000,    6027000,  204669825, c++, elite, mult, 1
3609782.exe ,  4.10,  0.40,  0.32,  0.00,  0.14,  239193965,  221253000,   18020000,  290139864, c++, elite, mult, 1
3609782.exe ,  4.01,  0.41,  0.32,  0.00,  0.14,  239047341,  222931000,   16067000,  290205089, c++, elite, mult, 1
3609782.exe ,  3.96,  0.41,  0.33,  0.00,  0.14,  238912417,  221900000,   17069000,  289844517, c++, elite, mult, 1
3609782.exe ,  3.97,  0.41,  0.33,  0.00,  0.14,  239620165,  224654000,   15043000,  290704171, c++, elite, mult, 1
3609782.exe ,  3.95,  0.41,  0.33,  0.00,  0.14,  239293213,  217317000,   22032000,  290247070, c++, elite, mult, 1
3609782.exe ,  3.99,  0.41,  0.33,  0.00,  0.14,  239144017,  214162000,   25018000,  289962475, c++, elite, mult, 1
3609782.exe ,  3.95,  0.41,  0.32,  0.00,  0.14,  238920262,  218993000,   19999000,  289724245, c++, elite, mult, 1
3609782.exe ,  3.98,  0.41,  0.33,  0.00,  0.14,  240779324,  223872000,   16990000,  291999546, c++, elite, mult, 1
3609782.exe ,  3.97,  0.41,  0.32,  0.00,  0.14,  240352703,  219349000,   20937000,  291325857, c++, elite, mult, 1
3609782.exe ,  3.98,  0.41,  0.33,  0.00,  0.14,  239812458,  224883000,   14992000,  291083332, c++, elite, mult, 1
3642247.exe ,  4.28,  0.44,  0.34,  0.00,  0.15,  258121285,  225904000,   31986000,  311159484, c++, elite, mult, 1
3642247.exe ,  4.26,  0.43,  0.34,  0.00,  0.15,  256157214,  234233000,   21928000,  307098442, c++, elite, mult, 1
3642247.exe ,  4.25,  0.43,  0.34,  0.00,  0.15,  255651046,  235535000,   20045000,  306782011, c++, elite, mult, 1
3642247.exe ,  4.21,  0.42,  0.33,  0.00,  0.15,  254945349,  227892000,   27106000,  306051378, c++, elite, mult, 1
3642247.exe ,  4.27,  0.42,  0.33,  0.00,  0.15,  257807164,  234708000,   23069000,  308695448, c++, elite, mult, 1
3642247.exe ,  4.26,  0.42,  0.33,  0.00,  0.15,  256477450,  229359000,   27042000,  307473026, c++, elite, mult, 1
3642247.exe ,  4.34,  0.42,  0.33,  0.00,  0.15,  255846373,  229913000,   25990000,  306869153, c++, elite, mult, 1
3642247.exe ,  4.34,  0.42,  0.33,  0.00,  0.15,  255336654,  226339000,   29043000,  306561152, c++, elite, mult, 1
3642247.exe ,  4.30,  0.40,  0.30,  0.00,  0.15,  254709809,  224461000,   30196000,  305735820, c++, elite, mult, 1
3642247.exe ,  4.29,  0.41,  0.32,  0.00,  0.15,  256516265,  228407000,   28050000,  307638774, c++, elite, mult, 1
3645649.exe ,  4.43,  0.44,  0.35,  0.00,  0.16,  267711447,  236800000,   30973000,  318615712, c++, elite, mult, 1
3645649.exe ,  4.40,  0.43,  0.34,  0.00,  0.16,  266103981,  238137000,   28016000,  316870158, c++, elite, mult, 1
3645649.exe ,  4.47,  0.43,  0.34,  0.00,  0.16,  266955080,  239994000,   26999000,  318458687, c++, elite, mult, 1
3645649.exe ,  4.51,  0.44,  0.35,  0.00,  0.16,  265820141,  243914000,   21992000,  316628875, c++, elite, mult, 1
3645649.exe ,  4.54,  0.44,  0.35,  0.00,  0.16,  265786733,  224845000,   40971000,  316896004, c++, elite, mult, 1
3645649.exe ,  4.48,  0.44,  0.34,  0.00,  0.16,  266060796,  226075000,   40013000,  317048386, c++, elite, mult, 1
3645649.exe ,  4.53,  0.44,  0.34,  0.00,  0.16,  266853265,  236910000,   29988000,  318060836, c++, elite, mult, 1
3645649.exe ,  4.51,  0.43,  0.33,  0.00,  0.16,  266755652,  236836000,   29979000,  317817519, c++, elite, mult, 1
3645649.exe ,  4.42,  0.43,  0.34,  0.00,  0.16,  265968108,  239050000,   27005000,  317115673, c++, elite, mult, 1
3645649.exe ,  4.43,  0.43,  0.34,  0.00,  0.16,  267401112,  239416000,   28048000,  318698469, c++, elite, mult, 1
367808.exe  ,  4.72,  0.48,  0.38,  0.00,  0.17,  286204145,  256240000,   30028000,  337342370, c++, elite, mult, 1
367808.exe  ,  4.83,  0.47,  0.37,  0.00,  0.17,  284864775,  251977000,   32997000,  336073580, c++, elite, mult, 1
367808.exe  ,  4.74,  0.47,  0.37,  0.00,  0.17,  285272108,  255228000,   30026000,  336263997, c++, elite, mult, 1
367808.exe  ,  4.70,  0.48,  0.38,  0.00,  0.17,  285412979,  253530000,   31940000,  336568041, c++, elite, mult, 1
367808.exe  ,  4.68,  0.46,  0.36,  0.00,  0.17,  282963140,  254079000,   29009000,  334122303, c++, elite, mult, 1
367808.exe  ,  4.75,  0.46,  0.36,  0.00,  0.17,  284328973,  255231000,   29026000,  335281056, c++, elite, mult, 1
367808.exe  ,  4.70,  0.46,  0.36,  0.00,  0.17,  285897532,  258880000,   26987000,  337015582, c++, elite, mult, 1
367808.exe  ,  4.66,  0.45,  0.35,  0.00,  0.17,  284382021,  258426000,   26043000,  335498727, c++, elite, mult, 1
367808.exe  ,  4.73,  0.45,  0.35,  0.00,  0.17,  287412436,  252433000,   35060000,  338546404, c++, elite, mult, 1
367808.exe  ,  4.76,  0.47,  0.37,  0.00,  0.17,  288542730,  267576000,   21045000,  339626967, c++, elite, mult, 1
3910390.exe ,  5.34,  0.52,  0.41,  0.00,  0.19,  320036114,  289059000,   31006000,  371063222, c++, elite, mult, 1
3910390.exe ,  5.31,  0.55,  0.43,  0.00,  0.19,  319433271,  296464000,   23036000,  370680247, c++, elite, mult, 1
3910390.exe ,  5.43,  0.55,  0.44,  0.00,  0.19,  320054462,  292120000,   28011000,  371402347, c++, elite, mult, 1
3910390.exe ,  5.37,  0.54,  0.43,  0.00,  0.20,  321765172,  304815000,   16989000,  372824709, c++, elite, mult, 1
3910390.exe ,  5.38,  0.54,  0.42,  0.00,  0.20,  321235023,  300380000,   20956000,  372230479, c++, elite, mult, 1
3910390.exe ,  5.38,  0.54,  0.42,  0.00,  0.19,  321597660,  300635000,   21044000,  372689926, c++, elite, mult, 1
3910390.exe ,  5.35,  0.52,  0.41,  0.00,  0.19,  319462356,  293683000,   25884000,  370515532, c++, elite, mult, 1
3910390.exe ,  5.39,  0.52,  0.41,  0.00,  0.20,  321226560,  301226000,   20015000,  372421096, c++, elite, mult, 1
3910390.exe ,  5.38,  0.54,  0.43,  0.00,  0.19,  320574505,  297604000,   23046000,  371768244, c++, elite, mult, 1
3910390.exe ,  5.52,  0.54,  0.42,  0.00,  0.20,  323028962,  302034000,   21002000,  374420212, c++, elite, mult, 1
3954995.exe ,  4.34,  0.43,  0.34,  0.00,  0.15,  253667315,  232468000,   21042000,  304739102, c++, elite, mult, 1
3954995.exe ,  4.25,  0.43,  0.34,  0.00,  0.15,  250955680,  229815000,   21074000,  302002138, c++, elite, mult, 1
3954995.exe ,  4.20,  0.43,  0.34,  0.00,  0.15,  251046515,  231982000,   18998000,  302230917, c++, elite, mult, 1
3954995.exe ,  4.22,  0.43,  0.34,  0.00,  0.15,  252502737,  236476000,   16032000,  303505062, c++, elite, mult, 1
3954995.exe ,  4.22,  0.43,  0.34,  0.00,  0.15,  251442126,  231436000,   20037000,  302349034, c++, elite, mult, 1
3954995.exe ,  4.26,  0.44,  0.35,  0.00,  0.15,  252308302,  229326000,   23032000,  303628234, c++, elite, mult, 1
3954995.exe ,  4.26,  0.43,  0.34,  0.00,  0.15,  250870291,  231950000,   18995000,  301978612, c++, elite, mult, 1
3954995.exe ,  4.23,  0.43,  0.34,  0.00,  0.15,  251947776,  234941000,   16995000,  303311902, c++, elite, mult, 1
3954995.exe ,  4.19,  0.43,  0.34,  0.00,  0.15,  251006835,  232160000,   18931000,  302047627, c++, elite, mult, 1
3954995.exe ,  4.20,  0.44,  0.35,  0.00,  0.15,  251809360,  230771000,   21070000,  302902236, c++, elite, mult, 1
406642.exe  ,  4.38,  0.45,  0.35,  0.00,  0.16,  265834758,  241807000,   24080000,  316842921, c++, elite, mult, 1
406642.exe  ,  4.46,  0.45,  0.35,  0.00,  0.16,  267383687,  238417000,   29050000,  318381008, c++, elite, mult, 1
406642.exe  ,  4.37,  0.45,  0.35,  0.00,  0.16,  264970150,  232029000,   33004000,  316473050, c++, elite, mult, 1
406642.exe  ,  4.48,  0.44,  0.34,  0.00,  0.16,  267183238,  237235000,   30029000,  318162383, c++, elite, mult, 1
406642.exe  ,  4.44,  0.44,  0.35,  0.00,  0.16,  268488764,  236478000,   32064000,  319400540, c++, elite, mult, 1
406642.exe  ,  4.48,  0.45,  0.35,  0.00,  0.16,  265838715,  234834000,   30978000,  317151403, c++, elite, mult, 1
406642.exe  ,  4.43,  0.45,  0.36,  0.00,  0.16,  267528050,  249521000,   18037000,  318985273, c++, elite, mult, 1
406642.exe  ,  4.42,  0.45,  0.36,  0.00,  0.16,  267922762,  249904000,   17993000,  319081952, c++, elite, mult, 1
406642.exe  ,  4.47,  0.44,  0.34,  0.00,  0.16,  265321465,  233333000,   32045000,  316793282, c++, elite, mult, 1
406642.exe  ,  4.51,  0.45,  0.36,  0.00,  0.16,  267407631,  232433000,   35065000,  318925976, c++, elite, mult, 1
4244053.exe ,  4.22,  0.43,  0.34,  0.00,  0.15,  247983590,  228996000,   18999000,  299112323, c++, elite, mult, 1
4244053.exe ,  4.27,  0.43,  0.34,  0.00,  0.15,  247821739,  228941000,   18995000,  298953560, c++, elite, mult, 1
4244053.exe ,  4.28,  0.43,  0.34,  0.00,  0.15,  249604840,  225501000,   24053000,  300661235, c++, elite, mult, 1
4244053.exe ,  4.23,  0.43,  0.34,  0.00,  0.15,  248143288,  228198000,   20017000,  299075984, c++, elite, mult, 1
4244053.exe ,  4.22,  0.43,  0.34,  0.00,  0.15,  248137771,  229066000,   18922000,  299496506, c++, elite, mult, 1
4244053.exe ,  4.25,  0.43,  0.34,  0.00,  0.15,  249230856,  225173000,   24018000,  300333987, c++, elite, mult, 1
4244053.exe ,  4.30,  0.43,  0.34,  0.00,  0.15,  249008941,  229077000,   20006000,  300005648, c++, elite, mult, 1
4244053.exe ,  4.25,  0.42,  0.33,  0.00,  0.15,  247449465,  229462000,   18036000,  298786780, c++, elite, mult, 1
4244053.exe ,  4.32,  0.43,  0.34,  0.00,  0.15,  250594435,  231490000,   19040000,  301487088, c++, elite, mult, 1
4244053.exe ,  4.14,  0.42,  0.33,  0.00,  0.15,  248540303,  227549000,   21050000,  299712852, c++, elite, mult, 1
4244951.exe ,  4.57,  0.46,  0.36,  0.00,  0.17,  272289565,  236300000,   36045000,  323510278, c++, elite, mult, 1
4244951.exe ,  4.59,  0.46,  0.36,  0.00,  0.17,  271657470,  244658000,   27072000,  322897935, c++, elite, mult, 1
4244951.exe ,  4.48,  0.46,  0.37,  0.00,  0.16,  271558589,  242543000,   29065000,  322939568, c++, elite, mult, 1
4244951.exe ,  4.46,  0.46,  0.36,  0.00,  0.16,  270745805,  247693000,   23064000,  321645784, c++, elite, mult, 1
4244951.exe ,  4.57,  0.46,  0.36,  0.00,  0.17,  271539877,  236450000,   35066000,  322465402, c++, elite, mult, 1
4244951.exe ,  4.46,  0.46,  0.36,  0.00,  0.16,  269685202,  230526000,   39089000,  320840879, c++, elite, mult, 1
4244951.exe ,  4.56,  0.46,  0.37,  0.00,  0.17,  272925943,  241007000,   32000000,  323982455, c++, elite, mult, 1
4244951.exe ,  4.50,  0.45,  0.36,  0.00,  0.16,  272665947,  238645000,   34092000,  323751469, c++, elite, mult, 1
4244951.exe ,  4.56,  0.46,  0.36,  0.00,  0.17,  273405127,  236415000,   37065000,  324713054, c++, elite, mult, 1
4244951.exe ,  4.47,  0.45,  0.35,  0.00,  0.16,  270075627,  245241000,   24922000,  321098227, c++, elite, mult, 1
4263023.exe ,  4.29,  0.44,  0.34,  0.00,  0.15,  256804850,  221901000,   34984000,  307799455, c++, elite, mult, 1
4263023.exe ,  4.24,  0.44,  0.35,  0.00,  0.15,  257313905,  232343000,   25037000,  308480180, c++, elite, mult, 1
4263023.exe ,  4.26,  0.44,  0.35,  0.00,  0.15,  258819020,  228020000,   30867000,  309999624, c++, elite, mult, 1
4263023.exe ,  4.34,  0.44,  0.35,  0.00,  0.15,  257983407,  229066000,   29008000,  309075305, c++, elite, mult, 1
4263023.exe ,  4.24,  0.44,  0.35,  0.00,  0.15,  256747049,  224871000,   31981000,  307701071, c++, elite, mult, 1
4263023.exe ,  4.31,  0.44,  0.35,  0.00,  0.15,  256796637,  229753000,   27088000,  308175688, c++, elite, mult, 1
4263023.exe ,  4.23,  0.44,  0.35,  0.00,  0.15,  256583881,  230724000,   25969000,  307950212, c++, elite, mult, 1
4263023.exe ,  4.21,  0.43,  0.34,  0.00,  0.15,  256177784,  226230000,   30030000,  307427077, c++, elite, mult, 1
4263023.exe ,  4.23,  0.43,  0.34,  0.00,  0.15,  256639654,  234738000,   21975000,  307591570, c++, elite, mult, 1
4263023.exe ,  4.23,  0.44,  0.34,  0.00,  0.15,  258230313,  223224000,   35035000,  309190425, c++, elite, mult, 1
4308214.exe ,  8.47,  0.89,  0.71,  0.00,  0.28,  509638638,  485652000,   23982000,  560802606, c++, elite, mult, 1
4308214.exe ,  8.50,  0.89,  0.71,  0.00,  0.27,  509634677,  474514000,   35038000,  560605134, c++, elite, mult, 1
4308214.exe ,  8.36,  0.91,  0.73,  0.00,  0.27,  508255673,  479353000,   28960000,  559544627, c++, elite, mult, 1
4308214.exe ,  8.41,  0.89,  0.71,  0.00,  0.28,  508672305,  483669000,   25034000,  560003508, c++, elite, mult, 1
4308214.exe ,  8.68,  0.91,  0.73,  0.00,  0.27,  507694751,  484689000,   22985000,  558578259, c++, elite, mult, 1
4308214.exe ,  8.44,  0.88,  0.70,  0.00,  0.27,  508150203,  490065000,   18002000,  559240276, c++, elite, mult, 1
4308214.exe ,  8.50,  0.89,  0.71,  0.00,  0.28,  510022027,  489123000,   20962000,  561401115, c++, elite, mult, 1
4308214.exe ,  8.63,  0.89,  0.71,  0.00,  0.27,  509063198,  490103000,   19004000,  560094340, c++, elite, mult, 1
4308214.exe ,  8.49,  0.89,  0.71,  0.00,  0.28,  509112962,  489236000,   19968000,  560316661, c++, elite, mult, 1
4308214.exe ,  8.56,  0.89,  0.70,  0.00,  0.28,  515100739,  494003000,   21000000,  566201349, c++, elite, mult, 1
437852.exe  ,  4.23,  0.43,  0.34,  0.00,  0.14,  251137084,  232205000,   19016000,  302144587, c++, elite, mult, 1
437852.exe  ,  4.28,  0.44,  0.36,  0.00,  0.15,  252851541,  225772000,   26972000,  304065731, c++, elite, mult, 1
437852.exe  ,  4.22,  0.44,  0.35,  0.00,  0.14,  252510712,  226656000,   25960000,  303680039, c++, elite, mult, 1
437852.exe  ,  4.27,  0.44,  0.35,  0.00,  0.15,  253068246,  212074000,   41014000,  304198109, c++, elite, mult, 1
437852.exe  ,  4.19,  0.43,  0.34,  0.00,  0.14,  251789114,  228769000,   23077000,  302732647, c++, elite, mult, 1
437852.exe  ,  4.38,  0.45,  0.36,  0.00,  0.15,  252754150,  234731000,   18056000,  304095010, c++, elite, mult, 1
437852.exe  ,  4.17,  0.45,  0.36,  0.00,  0.14,  251123830,  228191000,   23019000,  302353972, c++, elite, mult, 1
437852.exe  ,  4.19,  0.45,  0.36,  0.00,  0.14,  252434728,  229579000,   22957000,  303619266, c++, elite, mult, 1
437852.exe  ,  4.20,  0.46,  0.37,  0.00,  0.14,  251684544,  234662000,   16975000,  302833176, c++, elite, mult, 1
437852.exe  ,  4.17,  0.45,  0.36,  0.00,  0.14,  250093466,  227162000,   23016000,  301280335, c++, elite, mult, 1
444968.exe  ,  8.38,  0.88,  0.70,  0.00,  0.27,  501679037,  483712000,   18026000,  552741500, c++, elite, mult, 1
444968.exe  ,  8.41,  0.88,  0.70,  0.00,  0.27,  502718401,  481626000,   21027000,  553683935, c++, elite, mult, 1
444968.exe  ,  8.43,  0.87,  0.69,  0.00,  0.27,  507127937,  487150000,   20006000,  558190575, c++, elite, mult, 1
444968.exe  ,  8.42,  0.87,  0.69,  0.00,  0.28,  508564141,  490623000,   18022000,  559722536, c++, elite, mult, 1
444968.exe  ,  8.44,  0.89,  0.70,  0.00,  0.28,  509142482,  483159000,   26008000,  561078886, c++, elite, mult, 1
444968.exe  ,  8.31,  0.86,  0.68,  0.00,  0.27,  500483152,  485506000,   15015000,  551318343, c++, elite, mult, 1
444968.exe  ,  8.43,  0.88,  0.70,  0.00,  0.28,  511481137,  490525000,   21022000,  562574488, c++, elite, mult, 1
444968.exe  ,  9.02,  0.92,  0.73,  0.00,  0.29,  533477921,  514496000,   19018000,  584729093, c++, elite, mult, 1
444968.exe  ,  8.30,  0.87,  0.69,  0.00,  0.27,  501157536,  480198000,   21008000,  552203150, c++, elite, mult, 1
444968.exe  ,  8.27,  0.84,  0.66,  0.00,  0.27,  501821660,  477817000,   24041000,  552923393, c++, elite, mult, 1
4454227.exe ,  3.92,  0.39,  0.31,  0.00,  0.14,  236060418,  214106000,   22010000,  286840915, c++, elite, mult, 1
4454227.exe ,  3.92,  0.40,  0.32,  0.00,  0.14,  236361341,  220484000,   15962000,  287392951, c++, elite, mult, 1
4454227.exe ,  3.99,  0.41,  0.32,  0.00,  0.14,  238039171,  218600000,   18965000,  289236910, c++, elite, mult, 1
4454227.exe ,  3.95,  0.41,  0.33,  0.00,  0.14,  238885861,  219974000,   18997000,  290095350, c++, elite, mult, 1
4454227.exe ,  3.92,  0.42,  0.33,  0.00,  0.14,  236401020,  218490000,   17958000,  287348766, c++, elite, mult, 1
4454227.exe ,  3.88,  0.40,  0.32,  0.00,  0.14,  235630587,  221732000,   13983000,  286689504, c++, elite, mult, 1
4454227.exe ,  3.96,  0.41,  0.33,  0.00,  0.14,  236689649,  213821000,   22980000,  287873434, c++, elite, mult, 1
4454227.exe ,  3.97,  0.41,  0.33,  0.00,  0.14,  235561374,  210730000,   24968000,  286776031, c++, elite, mult, 1
4454227.exe ,  4.01,  0.42,  0.33,  0.00,  0.14,  237343750,  220259000,   17020000,  288377656, c++, elite, mult, 1
4454227.exe ,  4.04,  0.42,  0.34,  0.00,  0.14,  238459865,  217252000,   21024000,  289583549, c++, elite, mult, 1
4575538.exe ,  4.11,  0.43,  0.34,  0.00,  0.14,  241880914,  223963000,   17997000,  292848743, c++, elite, mult, 1
4575538.exe ,  4.02,  0.42,  0.33,  0.00,  0.14,  242668605,  226683000,   16048000,  293777037, c++, elite, mult, 1
4575538.exe ,  4.10,  0.43,  0.35,  0.00,  0.14,  242831004,  223924000,   18993000,  294012335, c++, elite, mult, 1
4575538.exe ,  4.08,  0.44,  0.35,  0.00,  0.14,  242163734,  223187000,   19015000,  293377515, c++, elite, mult, 1
4575538.exe ,  4.08,  0.42,  0.34,  0.00,  0.14,  241410654,  224546000,   16965000,  292457204, c++, elite, mult, 1
4575538.exe ,  4.15,  0.42,  0.34,  0.00,  0.14,  242465885,  227361000,   15023000,  293985722, c++, elite, mult, 1
4575538.exe ,  4.05,  0.43,  0.34,  0.00,  0.14,  241897291,  226918000,   15060000,  292884963, c++, elite, mult, 1
4575538.exe ,  4.05,  0.44,  0.35,  0.00,  0.14,  242272778,  227338000,   15022000,  293336640, c++, elite, mult, 1
4575538.exe ,  4.11,  0.42,  0.34,  0.00,  0.14,  242811024,  217879000,   24986000,  293809853, c++, elite, mult, 1
4575538.exe ,  4.10,  0.42,  0.33,  0.00,  0.14,  242040398,  229015000,   13057000,  293050608, c++, elite, mult, 1
4687122.exe ,  4.62,  0.47,  0.37,  0.00,  0.15,  269153242,  247182000,   22016000,  320328110, c++, elite, mult, 1
4687122.exe ,  4.58,  0.47,  0.37,  0.00,  0.16,  269859069,  247929000,   21993000,  321001465, c++, elite, mult, 1
4687122.exe ,  4.48,  0.47,  0.38,  0.00,  0.15,  268302840,  253366000,   15021000,  319490206, c++, elite, mult, 1
4687122.exe ,  4.50,  0.46,  0.37,  0.00,  0.15,  269785779,  244888000,   24988000,  321019680, c++, elite, mult, 1
4687122.exe ,  4.54,  0.46,  0.36,  0.00,  0.15,  271283311,  257349000,   14019000,  322383940, c++, elite, mult, 1
4687122.exe ,  4.59,  0.46,  0.37,  0.00,  0.16,  269817498,  251868000,   17990000,  320987505, c++, elite, mult, 1
4687122.exe ,  4.55,  0.47,  0.37,  0.00,  0.15,  271194991,  255235000,   16014000,  322247435, c++, elite, mult, 1
4687122.exe ,  4.60,  0.47,  0.37,  0.00,  0.16,  269397976,  247627000,   21878000,  320523525, c++, elite, mult, 1
4687122.exe ,  4.62,  0.47,  0.37,  0.00,  0.15,  269086855,  247131000,   22011000,  320383633, c++, elite, mult, 1
4687122.exe ,  4.71,  0.47,  0.37,  0.00,  0.16,  269634581,  244620000,   24961000,  320712957, c++, elite, mult, 1
4705332.exe ,  7.09,  0.70,  0.56,  0.00,  0.21,  409735832,  402670000,    7011000,  460613922, c++, elite, mult, 1
4705332.exe ,  6.91,  0.71,  0.56,  0.00,  0.21,  413038792,  405138000,    8002000,  464308123, c++, elite, mult, 1
4705332.exe ,  6.97,  0.71,  0.56,  0.00,  0.21,  410674129,  405689000,    5008000,  461589270, c++, elite, mult, 1
4705332.exe ,  7.03,  0.71,  0.56,  0.00,  0.21,  409519221,  401636000,    7972000,  460633998, c++, elite, mult, 1
4705332.exe ,  6.90,  0.71,  0.57,  0.00,  0.21,  410106205,  398915000,   10997000,  461355378, c++, elite, mult, 1
4705332.exe ,  6.93,  0.71,  0.56,  0.00,  0.21,  410474624,  403597000,    6975000,  461531190, c++, elite, mult, 1
4705332.exe ,  6.94,  0.71,  0.56,  0.00,  0.21,  409501828,  400579000,    9013000,  460749275, c++, elite, mult, 1
4705332.exe ,  7.05,  0.70,  0.56,  0.00,  0.21,  409290136,  405333000,    4003000,  460730286, c++, elite, mult, 1
4705332.exe ,  7.02,  0.71,  0.57,  0.00,  0.21,  409519075,  401646000,    7973000,  460502317, c++, elite, mult, 1
4705332.exe ,  7.06,  0.71,  0.56,  0.00,  0.21,  411413320,  401511000,    9987000,  462544549, c++, elite, mult, 1
4710171.exe , 11.30,  1.04,  0.81,  0.00,  0.38,  664393835,  637411000,   27017000,  715459189, c++, elite, mult, 1
4710171.exe , 10.89,  1.05,  0.82,  0.00,  0.37,  658336355,  624382000,   34020000,  709385529, c++, elite, mult, 1
4710171.exe , 11.08,  1.05,  0.81,  0.00,  0.37,  662915302,  638897000,   24033000,  714418336, c++, elite, mult, 1
4710171.exe , 11.13,  1.07,  0.84,  0.00,  0.37,  658939679,  621951000,   36997000,  710178035, c++, elite, mult, 1
4710171.exe , 10.92,  1.04,  0.80,  0.00,  0.37,  659221729,  628321000,   30966000,  710372597, c++, elite, mult, 1
4710171.exe , 11.14,  1.04,  0.80,  0.00,  0.38,  664699886,  630567000,   34030000,  716001373, c++, elite, mult, 1
4710171.exe , 10.92,  1.04,  0.81,  0.00,  0.37,  659685058,  627728000,   31986000,  710804713, c++, elite, mult, 1
4710171.exe , 11.27,  1.05,  0.81,  0.00,  0.38,  665055873,  629079000,   36004000,  715901753, c++, elite, mult, 1
4710171.exe , 11.12,  1.03,  0.80,  0.00,  0.37,  658437984,  629494000,   29022000,  709939365, c++, elite, mult, 1
4710171.exe , 11.15,  1.04,  0.80,  0.00,  0.37,  658947332,  632672000,   25986000,  710066175, c++, elite, mult, 1
4948840.exe ,  4.44,  0.43,  0.34,  0.00,  0.15,  249146856,  233969000,   14998000,  300182506, c++, elite, mult, 1
4948840.exe ,  4.27,  0.43,  0.34,  0.00,  0.15,  248733641,  233710000,   15045000,  300050527, c++, elite, mult, 1
4948840.exe ,  4.41,  0.43,  0.34,  0.00,  0.15,  249737552,  226761000,   22975000,  300886548, c++, elite, mult, 1
4948840.exe ,  4.26,  0.43,  0.34,  0.00,  0.15,  249165301,  224217000,   25024000,  300234727, c++, elite, mult, 1
4948840.exe ,  4.25,  0.42,  0.33,  0.00,  0.15,  248452048,  230545000,   17964000,  299706353, c++, elite, mult, 1
4948840.exe ,  4.34,  0.43,  0.35,  0.00,  0.15,  249237984,  233171000,   16011000,  300598742, c++, elite, mult, 1
4948840.exe ,  4.43,  0.43,  0.34,  0.00,  0.15,  249516577,  229704000,   19887000,  300561375, c++, elite, mult, 1
4948840.exe ,  4.28,  0.43,  0.34,  0.00,  0.15,  247335529,  219573000,   27819000,  298399767, c++, elite, mult, 1
4948840.exe ,  4.28,  0.43,  0.34,  0.00,  0.15,  247267698,  227191000,   20016000,  298492780, c++, elite, mult, 1
4948840.exe ,  4.25,  0.44,  0.35,  0.00,  0.15,  248705613,  228779000,   19980000,  300246399, c++, elite, mult, 1
4955519.exe ,  4.33,  0.42,  0.33,  0.00,  0.15,  248560759,  228537000,   20047000,  299599941, c++, elite, mult, 1
4955519.exe ,  4.27,  0.43,  0.34,  0.00,  0.15,  248477221,  221502000,   27061000,  299620230, c++, elite, mult, 1
4955519.exe ,  4.27,  0.43,  0.34,  0.00,  0.15,  249024859,  228058000,   20913000,  300024594, c++, elite, mult, 1
4955519.exe ,  4.17,  0.43,  0.34,  0.00,  0.15,  247751635,  227873000,   19988000,  299060976, c++, elite, mult, 1
4955519.exe ,  4.11,  0.43,  0.34,  0.00,  0.15,  246881019,  224054000,   22903000,  297707555, c++, elite, mult, 1
4955519.exe ,  4.39,  0.43,  0.34,  0.00,  0.15,  248604491,  230622000,   18048000,  299786549, c++, elite, mult, 1
4955519.exe ,  4.25,  0.42,  0.33,  0.00,  0.15,  246245620,  226298000,   20026000,  297189117, c++, elite, mult, 1
4955519.exe ,  4.22,  0.41,  0.32,  0.00,  0.15,  246611857,  219566000,   27069000,  297464044, c++, elite, mult, 1
4955519.exe ,  4.24,  0.42,  0.33,  0.00,  0.15,  247968947,  229995000,   17999000,  298919195, c++, elite, mult, 1
4955519.exe ,  4.21,  0.42,  0.34,  0.00,  0.15,  246412317,  227402000,   19033000,  297289729, c++, elite, mult, 1
4973929.exe ,  8.36,  0.89,  0.71,  0.00,  0.27,  499118208,  484182000,   15005000,  550149648, c++, elite, mult, 1
4973929.exe ,  8.43,  0.90,  0.73,  0.00,  0.27,  500419480,  475450000,   25023000,  551616338, c++, elite, mult, 1
4973929.exe ,  8.53,  0.86,  0.69,  0.00,  0.27,  498982564,  484002000,   15000000,  549870249, c++, elite, mult, 1
4973929.exe ,  8.40,  0.86,  0.68,  0.00,  0.27,  500067627,  483017000,   17000000,  550890081, c++, elite, mult, 1
4973929.exe ,  8.42,  0.85,  0.67,  0.00,  0.27,  502642402,  478640000,   23982000,  553541174, c++, elite, mult, 1
4973929.exe ,  8.54,  0.83,  0.66,  0.00,  0.27,  500830830,  483836000,   16994000,  551910900, c++, elite, mult, 1
4973929.exe ,  8.49,  0.86,  0.68,  0.00,  0.27,  498648453,  481700000,   17024000,  549712986, c++, elite, mult, 1
4973929.exe ,  8.49,  0.85,  0.67,  0.00,  0.27,  500114495,  486163000,   14004000,  551345505, c++, elite, mult, 1
4973929.exe ,  8.56,  0.82,  0.64,  0.00,  0.28,  507489960,  490517000,   17017000,  558364471, c++, elite, mult, 1
4973929.exe ,  8.36,  0.84,  0.66,  0.00,  0.27,  499020111,  483966000,   14998000,  552116890, c++, elite, mult, 1
5252064.exe ,  4.23,  0.42,  0.33,  0.00,  0.14,  252661288,  230754000,   21976000,  303828809, c++, elite, mult, 1
5252064.exe ,  4.18,  0.42,  0.33,  0.00,  0.14,  251432428,  227556000,   23953000,  302428532, c++, elite, mult, 1
5252064.exe ,  4.18,  0.43,  0.34,  0.00,  0.14,  252355433,  222358000,   30048000,  303312305, c++, elite, mult, 1
5252064.exe ,  4.30,  0.44,  0.35,  0.00,  0.14,  253252010,  229287000,   24030000,  304187435, c++, elite, mult, 1
5252064.exe ,  4.31,  0.43,  0.34,  0.00,  0.14,  250959083,  223024000,   28003000,  302102692, c++, elite, mult, 1
5252064.exe ,  4.31,  0.44,  0.35,  0.00,  0.14,  252976621,  228929000,   23992000,  304169790, c++, elite, mult, 1
5252064.exe ,  4.32,  0.45,  0.36,  0.00,  0.14,  253296737,  214392000,   38889000,  304622382, c++, elite, mult, 1
5252064.exe ,  4.36,  0.43,  0.34,  0.00,  0.14,  251582634,  225596000,   26068000,  302535346, c++, elite, mult, 1
5252064.exe ,  4.32,  0.46,  0.37,  0.00,  0.14,  253748651,  231588000,   22056000,  304994837, c++, elite, mult, 1
5252064.exe ,  4.33,  0.44,  0.35,  0.00,  0.14,  252698129,  231901000,   20900000,  303933599, c++, elite, mult, 1
5338988.exe ,  8.88,  0.90,  0.72,  0.00,  0.28,  520395699,  495491000,   24974000,  571506329, c++, elite, mult, 1
5338988.exe ,  8.68,  0.90,  0.71,  0.00,  0.28,  519247838,  488928000,   29995000,  570348879, c++, elite, mult, 1
5338988.exe ,  8.78,  0.89,  0.71,  0.00,  0.28,  517717179,  490761000,   26986000,  568650213, c++, elite, mult, 1
5338988.exe ,  8.77,  0.90,  0.71,  0.00,  0.28,  518685322,  483712000,   34979000,  570112442, c++, elite, mult, 1
5338988.exe ,  8.76,  0.90,  0.72,  0.00,  0.28,  517948113,  492931000,   25047000,  569265303, c++, elite, mult, 1
5338988.exe ,  8.99,  0.93,  0.74,  0.00,  0.28,  522172805,  491021000,   31001000,  573135018, c++, elite, mult, 1
5338988.exe ,  8.77,  0.90,  0.71,  0.00,  0.28,  520294486,  489304000,   31019000,  571162126, c++, elite, mult, 1
5338988.exe ,  8.82,  0.91,  0.72,  0.00,  0.28,  524767151,  501681000,   23031000,  575658078, c++, elite, mult, 1
5338988.exe ,  8.95,  0.90,  0.71,  0.00,  0.28,  519873242,  489812000,   30049000,  571013340, c++, elite, mult, 1
5338988.exe ,  8.72,  0.89,  0.71,  0.00,  0.28,  518682224,  492703000,   26037000,  569483789, c++, elite, mult, 1
5372036.exe ,  5.04,  0.50,  0.39,  0.00,  0.18,  300308945,  244270000,   56062000,  351474730, c++, elite, mult, 1
5372036.exe ,  5.02,  0.49,  0.39,  0.00,  0.17,  299716774,  247587000,   52123000,  350639426, c++, elite, mult, 1
5372036.exe ,  5.01,  0.49,  0.38,  0.00,  0.18,  298964424,  241031000,   58007000,  349877473, c++, elite, mult, 1
5372036.exe ,  5.11,  0.50,  0.39,  0.00,  0.18,  299794280,  246707000,   53152000,  350970748, c++, elite, mult, 1
5372036.exe ,  5.16,  0.49,  0.38,  0.00,  0.18,  298921579,  237901000,   60974000,  350086389, c++, elite, mult, 1
5372036.exe ,  4.96,  0.48,  0.38,  0.00,  0.17,  297468188,  236401000,   61103000,  348675998, c++, elite, mult, 1
5372036.exe ,  4.98,  0.47,  0.36,  0.00,  0.18,  298958841,  232258000,   66786000,  350047367, c++, elite, mult, 1
5372036.exe ,  5.07,  0.46,  0.36,  0.00,  0.17,  299180774,  237204000,   62053000,  350104912, c++, elite, mult, 1
5372036.exe ,  4.97,  0.49,  0.38,  0.00,  0.17,  298320734,  246485000,   51891000,  349362740, c++, elite, mult, 1
5372036.exe ,  4.98,  0.47,  0.37,  0.00,  0.18,  299475051,  248450000,   51092000,  350637402, c++, elite, mult, 1
5392190.exe ,  8.52,  0.86,  0.68,  0.00,  0.28,  510775093,  485756000,   25039000,  561801036, c++, elite, mult, 1
5392190.exe ,  8.59,  0.88,  0.70,  0.00,  0.28,  512655654,  484687000,   28039000,  563909091, c++, elite, mult, 1
5392190.exe ,  8.53,  0.88,  0.70,  0.00,  0.28,  511086845,  487161000,   24007000,  562143581, c++, elite, mult, 1
5392190.exe ,  8.61,  0.89,  0.70,  0.00,  0.28,  513509130,  480593000,   32903000,  564505493, c++, elite, mult, 1
5392190.exe ,  8.60,  0.90,  0.71,  0.00,  0.28,  515376013,  488346000,   27019000,  566498487, c++, elite, mult, 1
5392190.exe ,  8.57,  0.90,  0.71,  0.00,  0.28,  511380114,  492404000,   19015000,  562333384, c++, elite, mult, 1
5392190.exe ,  8.61,  0.90,  0.71,  0.00,  0.28,  512953871,  481980000,   30998000,  564137757, c++, elite, mult, 1
5392190.exe ,  8.77,  0.89,  0.71,  0.00,  0.28,  516506757,  488490000,   27970000,  567406835, c++, elite, mult, 1
5392190.exe ,  8.53,  0.88,  0.69,  0.00,  0.28,  511356598,  485466000,   25971000,  562466718, c++, elite, mult, 1
5392190.exe ,  8.54,  0.88,  0.70,  0.00,  0.28,  510384098,  486371000,   24018000,  561419104, c++, elite, mult, 1
5633224.exe , 10.60,  1.01,  0.79,  0.00,  0.35,  631368168,  606378000,   25015000,  682253296, c++, elite, mult, 1
5633224.exe , 10.66,  1.01,  0.78,  0.00,  0.35,  627453796,  590612000,   36913000,  678481782, c++, elite, mult, 1
5633224.exe , 10.49,  1.00,  0.78,  0.00,  0.35,  629008774,  604053000,   25002000,  680311994, c++, elite, mult, 1
5633224.exe , 10.54,  1.00,  0.77,  0.00,  0.35,  628089575,  601106000,   27004000,  679407374, c++, elite, mult, 1
5633224.exe , 10.51,  1.03,  0.80,  0.00,  0.35,  632120475,  605116000,   27005000,  683368802, c++, elite, mult, 1
5633224.exe , 10.52,  1.02,  0.80,  0.00,  0.35,  625896139,  607855000,   17995000,  677113700, c++, elite, mult, 1
5633224.exe , 10.55,  0.97,  0.75,  0.00,  0.35,  631355771,  605338000,   26014000,  682382372, c++, elite, mult, 1
5633224.exe , 10.46,  0.98,  0.76,  0.00,  0.35,  626581004,  598370000,   28017000,  677808768, c++, elite, mult, 1
5633224.exe , 10.49,  0.99,  0.77,  0.00,  0.35,  628147608,  605034000,   23039000,  679600171, c++, elite, mult, 1
5633224.exe , 10.65,  1.06,  0.84,  0.00,  0.35,  632086109,  603107000,   29005000,  683296933, c++, elite, mult, 1
5701716.exe ,  8.72,  0.89,  0.70,  0.00,  0.28,  515059782,  485942000,   29056000,  566220641, c++, elite, mult, 1
5701716.exe ,  8.77,  0.89,  0.70,  0.00,  0.28,  515911844,  483951000,   31996000,  567127738, c++, elite, mult, 1
5701716.exe ,  8.69,  0.88,  0.69,  0.00,  0.28,  516256723,  479280000,   37021000,  567294682, c++, elite, mult, 1
5701716.exe ,  8.66,  0.88,  0.70,  0.00,  0.28,  514129250,  492160000,   22007000,  565121685, c++, elite, mult, 1
5701716.exe ,  8.68,  0.89,  0.71,  0.00,  0.28,  514948256,  485033000,   30002000,  565944704, c++, elite, mult, 1
5701716.exe ,  8.62,  0.89,  0.71,  0.00,  0.28,  512935313,  491008000,   22000000,  563937283, c++, elite, mult, 1
5701716.exe ,  8.74,  0.91,  0.72,  0.00,  0.28,  515774663,  482698000,   33047000,  567010844, c++, elite, mult, 1
5701716.exe ,  8.89,  0.90,  0.71,  0.00,  0.28,  514481781,  490497000,   24024000,  565599122, c++, elite, mult, 1
5701716.exe ,  8.78,  0.90,  0.72,  0.00,  0.28,  514670982,  490606000,   24029000,  565712561, c++, elite, mult, 1
5701716.exe ,  8.63,  0.89,  0.70,  0.00,  0.28,  514101130,  487162000,   27008000,  565313583, c++, elite, mult, 1
5752353.exe ,  9.01,  0.93,  0.74,  0.00,  0.29,  529626986,  500615000,   29035000,  580661698, c++, elite, mult, 1
5752353.exe ,  9.18,  0.92,  0.73,  0.00,  0.29,  531217625,  507287000,   24013000,  582418474, c++, elite, mult, 1
5752353.exe ,  8.81,  0.90,  0.71,  0.00,  0.28,  524276101,  498322000,   26016000,  575322876, c++, elite, mult, 1
5752353.exe ,  8.83,  0.91,  0.72,  0.00,  0.28,  525312037,  500116000,   25005000,  576897457, c++, elite, mult, 1
5752353.exe ,  8.95,  0.90,  0.71,  0.00,  0.29,  527340185,  504477000,   22930000,  578353950, c++, elite, mult, 1
5752353.exe ,  8.98,  0.91,  0.72,  0.00,  0.29,  529194315,  507221000,   22009000,  580076990, c++, elite, mult, 1
5752353.exe ,  8.79,  0.89,  0.70,  0.00,  0.28,  524787671,  498873000,   25993000,  576482253, c++, elite, mult, 1
5752353.exe ,  8.93,  0.91,  0.72,  0.00,  0.29,  527488399,  499527000,   28029000,  578792488, c++, elite, mult, 1
5752353.exe ,  8.91,  0.91,  0.72,  0.00,  0.29,  527265927,  505381000,   21973000,  578163878, c++, elite, mult, 1
5752353.exe ,  8.80,  0.92,  0.73,  0.00,  0.28,  526308019,  509428000,   16947000,  577443870, c++, elite, mult, 1
5823587.exe ,  4.07,  0.42,  0.33,  0.00,  0.14,  244974680,  219055000,   26006000,  296053572, c++, elite, mult, 1
5823587.exe ,  4.26,  0.43,  0.34,  0.00,  0.14,  246760814,  227820000,   18985000,  297940566, c++, elite, mult, 1
5823587.exe ,  4.06,  0.42,  0.33,  0.00,  0.14,  243145842,  226194000,   17014000,  294029902, c++, elite, mult, 1
5823587.exe ,  4.14,  0.42,  0.34,  0.00,  0.14,  244445727,  229485000,   15031000,  295412796, c++, elite, mult, 1
5823587.exe ,  4.07,  0.42,  0.33,  0.00,  0.14,  243495184,  230532000,   13030000,  294630912, c++, elite, mult, 1
5823587.exe ,  4.08,  0.42,  0.33,  0.00,  0.14,  243321173,  227259000,   16018000,  294320774, c++, elite, mult, 1
5823587.exe ,  4.13,  0.41,  0.33,  0.00,  0.14,  242915359,  223851000,   19072000,  293857517, c++, elite, mult, 1
5823587.exe ,  4.06,  0.42,  0.33,  0.00,  0.14,  243405697,  220651000,   22860000,  294610672, c++, elite, mult, 1
5823587.exe ,  4.16,  0.42,  0.33,  0.00,  0.14,  244230308,  224158000,   20014000,  295424228, c++, elite, mult, 1
5823587.exe ,  4.09,  0.43,  0.34,  0.00,  0.14,  244149285,  223176000,   21016000,  295187866, c++, elite, mult, 1
5916430.exe ,  8.82,  0.93,  0.75,  0.00,  0.29,  522963056,  497944000,   24997000,  573916467, c++, elite, mult, 1
5916430.exe ,  8.95,  0.90,  0.71,  0.00,  0.29,  521242728,  496156000,   24957000,  572376954, c++, elite, mult, 1
5916430.exe ,  8.90,  0.89,  0.70,  0.00,  0.29,  527725935,  509703000,   18024000,  578913851, c++, elite, mult, 1
5916430.exe ,  8.72,  0.90,  0.72,  0.00,  0.29,  522673083,  506691000,   15990000,  573460638, c++, elite, mult, 1
5916430.exe ,  8.96,  0.92,  0.73,  0.00,  0.29,  522350451,  503385000,   19014000,  573314517, c++, elite, mult, 1
5916430.exe ,  8.98,  0.91,  0.72,  0.00,  0.29,  521905184,  500944000,   20997000,  573164616, c++, elite, mult, 1
5916430.exe ,  8.81,  0.92,  0.73,  0.00,  0.29,  526583759,  509597000,   17019000,  577791850, c++, elite, mult, 1
5916430.exe ,  8.89,  0.91,  0.72,  0.00,  0.29,  522014710,  499100000,   22958000,  572941083, c++, elite, mult, 1
5916430.exe ,  9.05,  0.90,  0.72,  0.00,  0.29,  522725017,  507756000,   14992000,  573877857, c++, elite, mult, 1
5916430.exe ,  8.75,  0.91,  0.72,  0.00,  0.29,  520382896,  498439000,   22019000,  571579009, c++, elite, mult, 1
5940692.exe ,  8.89,  0.94,  0.75,  0.00,  0.29,  525200989,  503255000,   22011000,  576532676, c++, elite, mult, 1
5940692.exe ,  8.36,  0.90,  0.72,  0.00,  0.27,  500286043,  478337000,   22015000,  551624062, c++, elite, mult, 1
5940692.exe ,  8.35,  0.86,  0.69,  0.00,  0.27,  500585002,  480588000,   20024000,  551614212, c++, elite, mult, 1
5940692.exe ,  8.49,  0.86,  0.68,  0.00,  0.28,  501975959,  482903000,   18996000,  553315531, c++, elite, mult, 1
5940692.exe ,  8.38,  0.87,  0.69,  0.00,  0.27,  501238814,  479257000,   22011000,  552268892, c++, elite, mult, 1
5940692.exe ,  8.35,  0.88,  0.70,  0.00,  0.27,  501021046,  480083000,   21003000,  552331711, c++, elite, mult, 1
5940692.exe ,  8.45,  0.88,  0.70,  0.00,  0.27,  500126509,  481076000,   19003000,  551505310, c++, elite, mult, 1
5940692.exe ,  8.36,  0.87,  0.69,  0.00,  0.27,  500318080,  483371000,   17013000,  551609995, c++, elite, mult, 1
5940692.exe ,  8.40,  0.88,  0.70,  0.00,  0.27,  501133914,  479179000,   22008000,  552181280, c++, elite, mult, 1
5940692.exe ,  8.52,  0.88,  0.70,  0.00,  0.27,  502520284,  490345000,   12008000,  553789443, c++, elite, mult, 1
5981794.exe ,  8.46,  0.87,  0.69,  0.00,  0.27,  501234146,  480179000,   21007000,  552407855, c++, elite, mult, 1
5981794.exe ,  8.38,  0.85,  0.67,  0.00,  0.27,  498131223,  483210000,   15006000,  549355997, c++, elite, mult, 1
5981794.exe ,  8.27,  0.86,  0.68,  0.00,  0.27,  497018637,  477088000,   20003000,  547959162, c++, elite, mult, 1
5981794.exe ,  8.34,  0.84,  0.67,  0.00,  0.27,  498678383,  479490000,   19019000,  549779846, c++, elite, mult, 1
5981794.exe ,  8.40,  0.86,  0.68,  0.00,  0.27,  499131121,  484194000,   15006000,  550574006, c++, elite, mult, 1
5981794.exe ,  8.24,  0.85,  0.67,  0.00,  0.27,  497273671,  483268000,   13978000,  548272022, c++, elite, mult, 1
5981794.exe ,  8.69,  0.87,  0.69,  0.00,  0.27,  500426149,  480497000,   19979000,  551844446, c++, elite, mult, 1
5981794.exe ,  8.58,  0.89,  0.71,  0.00,  0.27,  500516440,  480449000,   20018000,  551510812, c++, elite, mult, 1
5981794.exe ,  8.48,  0.86,  0.68,  0.00,  0.27,  503097350,  482153000,   21006000,  554292972, c++, elite, mult, 1
5981794.exe ,  8.50,  0.85,  0.67,  0.00,  0.27,  497600390,  480594000,   16950000,  548535889, c++, elite, mult, 1
6011085.exe ,  4.72,  0.47,  0.37,  0.00,  0.17,  276590828,  241846000,   34833000,  327807602, c++, elite, mult, 1
6011085.exe ,  4.60,  0.46,  0.36,  0.00,  0.16,  271431841,  241348000,   30043000,  322320313, c++, elite, mult, 1
6011085.exe ,  4.63,  0.46,  0.36,  0.00,  0.16,  272900016,  243915000,   28871000,  323846805, c++, elite, mult, 1
6011085.exe ,  4.65,  0.45,  0.36,  0.00,  0.16,  271186527,  247181000,   24017000,  322715161, c++, elite, mult, 1
6011085.exe ,  4.58,  0.46,  0.36,  0.00,  0.16,  270868757,  241824000,   29099000,  322084928, c++, elite, mult, 1
6011085.exe ,  4.57,  0.46,  0.36,  0.00,  0.16,  270976973,  241002000,   30000000,  322010423, c++, elite, mult, 1
6011085.exe ,  4.59,  0.46,  0.36,  0.00,  0.16,  271114436,  237312000,   33901000,  322060886, c++, elite, mult, 1
6011085.exe ,  4.66,  0.46,  0.36,  0.00,  0.16,  270350988,  250383000,   20030000,  321719775, c++, elite, mult, 1
6011085.exe ,  4.59,  0.46,  0.36,  0.00,  0.16,  270357390,  241370000,   29044000,  321546452, c++, elite, mult, 1
6011085.exe ,  4.65,  0.45,  0.35,  0.00,  0.16,  270869234,  245931000,   24993000,  322207988, c++, elite, mult, 1
6225030.exe ,  8.74,  0.89,  0.70,  0.00,  0.28,  511546076,  489534000,   22024000,  563014799, c++, elite, mult, 1
6225030.exe ,  8.59,  0.88,  0.70,  0.00,  0.28,  512447008,  489593000,   22980000,  563324400, c++, elite, mult, 1
6225030.exe ,  8.71,  0.89,  0.71,  0.00,  0.28,  516127086,  495165000,   21007000,  567561981, c++, elite, mult, 1
6225030.exe ,  8.64,  0.89,  0.71,  0.00,  0.28,  513696451,  488746000,   24987000,  564729471, c++, elite, mult, 1
6225030.exe ,  8.55,  0.89,  0.71,  0.00,  0.28,  513062330,  492048000,   21002000,  564451192, c++, elite, mult, 1
6225030.exe ,  8.57,  0.88,  0.70,  0.00,  0.28,  510557523,  483630000,   26979000,  561885188, c++, elite, mult, 1
6225030.exe ,  8.59,  0.88,  0.70,  0.00,  0.28,  511499370,  489530000,   22023000,  562496332, c++, elite, mult, 1
6225030.exe ,  8.68,  0.89,  0.71,  0.00,  0.28,  511901029,  486957000,   24997000,  563012398, c++, elite, mult, 1
6225030.exe ,  8.59,  0.88,  0.70,  0.00,  0.28,  513040696,  489062000,   24003000,  564135928, c++, elite, mult, 1
6225030.exe ,  8.71,  0.89,  0.71,  0.00,  0.28,  514159036,  490984000,   22999000,  565479487, c++, elite, mult, 1
6481163.exe ,  9.06,  0.93,  0.74,  0.00,  0.30,  539868923,  510800000,   28988000,  590900217, c++, elite, mult, 1
6481163.exe ,  9.06,  0.93,  0.74,  0.00,  0.30,  541070887,  516116000,   25005000,  592125423, c++, elite, mult, 1
6481163.exe ,  9.22,  0.94,  0.75,  0.00,  0.30,  546969118,  514896000,   32055000,  598000886, c++, elite, mult, 1
6481163.exe ,  9.11,  0.94,  0.74,  0.00,  0.30,  541212430,  512907000,   27994000,  592458594, c++, elite, mult, 1
6481163.exe ,  9.03,  0.94,  0.75,  0.00,  0.30,  538879372,  492753000,   46070000,  589930464, c++, elite, mult, 1
6481163.exe ,  8.98,  0.94,  0.75,  0.00,  0.30,  539585266,  506510000,   33033000,  590851161, c++, elite, mult, 1
6481163.exe ,  9.12,  0.95,  0.76,  0.00,  0.30,  540655979,  500698000,   39975000,  591618301, c++, elite, mult, 1
6481163.exe ,  9.12,  0.93,  0.74,  0.00,  0.30,  541648070,  512630000,   29035000,  592630519, c++, elite, mult, 1
6481163.exe ,  9.00,  0.93,  0.74,  0.00,  0.30,  540786365,  508901000,   31993000,  591691331, c++, elite, mult, 1
6481163.exe ,  9.01,  0.93,  0.74,  0.00,  0.30,  540169965,  507154000,   33010000,  591148678, c++, elite, mult, 1
6558725.exe ,  4.04,  0.39,  0.31,  0.00,  0.14,  240089392,  223149000,   17011000,  291482424, c++, elite, mult, 1
6558725.exe ,  4.06,  0.40,  0.32,  0.00,  0.14,  240333117,  220392000,   20035000,  291511528, c++, elite, mult, 1
6558725.exe ,  4.03,  0.39,  0.31,  0.00,  0.14,  241669301,  221405000,   20036000,  292672570, c++, elite, mult, 1
6558725.exe ,  4.04,  0.38,  0.30,  0.00,  0.14,  242101927,  225176000,   17013000,  293391995, c++, elite, mult, 1
6558725.exe ,  4.11,  0.38,  0.29,  0.00,  0.14,  242270032,  220365000,   21936000,  293306013, c++, elite, mult, 1
6558725.exe ,  4.03,  0.39,  0.30,  0.00,  0.14,  240816173,  218015000,   22896000,  291763894, c++, elite, mult, 1
6558725.exe ,  4.06,  0.38,  0.30,  0.00,  0.14,  243274732,  227339000,   16023000,  294443196, c++, elite, mult, 1
6558725.exe ,  4.03,  0.38,  0.29,  0.00,  0.14,  241524942,  220598000,   20961000,  292788587, c++, elite, mult, 1
6558725.exe ,  4.01,  0.41,  0.32,  0.00,  0.14,  239985440,  220875000,   18989000,  290856611, c++, elite, mult, 1
6558725.exe ,  4.06,  0.41,  0.33,  0.00,  0.14,  242261360,  222292000,   20026000,  293598421, c++, elite, mult, 1
656243.exe  ,  4.43,  0.43,  0.34,  0.00,  0.16,  253712729,  226581000,   27069000,  304585426, c++, elite, mult, 1
656243.exe  ,  4.35,  0.42,  0.33,  0.00,  0.15,  252211719,  236280000,   16019000,  303548285, c++, elite, mult, 1
656243.exe  ,  4.42,  0.41,  0.32,  0.00,  0.15,  253883315,  236876000,   17063000,  305033277, c++, elite, mult, 1
656243.exe  ,  4.35,  0.44,  0.35,  0.00,  0.15,  254613810,  231694000,   22969000,  305899217, c++, elite, mult, 1
656243.exe  ,  4.66,  0.46,  0.36,  0.00,  0.16,  270804605,  256547000,   14029000,  321695870, c++, elite, mult, 1
656243.exe  ,  4.35,  0.43,  0.34,  0.00,  0.15,  254255926,  227297000,   27035000,  305321874, c++, elite, mult, 1
656243.exe  ,  4.31,  0.41,  0.32,  0.00,  0.15,  253376869,  229590000,   23853000,  304302976, c++, elite, mult, 1
656243.exe  ,  4.36,  0.41,  0.32,  0.00,  0.15,  253362029,  230357000,   22936000,  304440918, c++, elite, mult, 1
656243.exe  ,  4.35,  0.41,  0.32,  0.00,  0.15,  253193382,  236219000,   17015000,  304118997, c++, elite, mult, 1
656243.exe  ,  4.56,  0.43,  0.33,  0.00,  0.16,  255393127,  235425000,   20036000,  306526061, c++, elite, mult, 1
6564607.exe ,  4.08,  0.41,  0.32,  0.00,  0.14,  238067109,  222170000,   15940000,  289071028, c++, elite, mult, 1
6564607.exe ,  4.02,  0.41,  0.32,  0.00,  0.14,  237210322,  218331000,   18941000,  288262761, c++, elite, mult, 1
6564607.exe ,  3.95,  0.40,  0.32,  0.00,  0.13,  235709840,  209782000,   25973000,  286550724, c++, elite, mult, 1
6564607.exe ,  4.09,  0.41,  0.32,  0.00,  0.14,  237170341,  222209000,   15014000,  288070144, c++, elite, mult, 1
6564607.exe ,  4.12,  0.41,  0.32,  0.00,  0.14,  238806111,  225901000,   12994000,  289991892, c++, elite, mult, 1
6564607.exe ,  4.01,  0.41,  0.32,  0.00,  0.14,  238204282,  221231000,   17017000,  289208182, c++, elite, mult, 1
6564607.exe ,  4.02,  0.41,  0.32,  0.00,  0.14,  238507981,  221605000,   16969000,  289634023, c++, elite, mult, 1
6564607.exe ,  4.01,  0.39,  0.31,  0.00,  0.14,  237893917,  225930000,   11996000,  289140623, c++, elite, mult, 1
6564607.exe ,  4.07,  0.39,  0.31,  0.00,  0.14,  236609672,  216531000,   20049000,  287557171, c++, elite, mult, 1
6564607.exe ,  3.97,  0.39,  0.31,  0.00,  0.14,  236936124,  219014000,   18001000,  288094637, c++, elite, mult, 1
6620990.exe ,  4.09,  0.41,  0.33,  0.00,  0.14,  240282137,  225336000,   15022000,  291352972, c++, elite, mult, 1
6620990.exe ,  4.13,  0.41,  0.33,  0.00,  0.14,  240917763,  218995000,   21999000,  291794197, c++, elite, mult, 1
6620990.exe ,  4.11,  0.41,  0.33,  0.00,  0.14,  241302762,  225275000,   16019000,  292261145, c++, elite, mult, 1
6620990.exe ,  4.19,  0.40,  0.32,  0.00,  0.14,  241721584,  219793000,   21979000,  292671686, c++, elite, mult, 1
6620990.exe ,  4.03,  0.42,  0.33,  0.00,  0.14,  240896927,  217966000,   22996000,  292014243, c++, elite, mult, 1
6620990.exe ,  4.03,  0.41,  0.33,  0.00,  0.14,  240569711,  213534000,   26941000,  291957725, c++, elite, mult, 1
6620990.exe ,  4.01,  0.41,  0.33,  0.00,  0.14,  239782394,  219774000,   20070000,  290843099, c++, elite, mult, 1
6620990.exe ,  4.07,  0.41,  0.33,  0.00,  0.14,  240026043,  224974000,   14998000,  291095128, c++, elite, mult, 1
6620990.exe ,  4.03,  0.41,  0.33,  0.00,  0.14,  241051803,  223058000,   18004000,  292073374, c++, elite, mult, 1
6620990.exe ,  4.01,  0.40,  0.32,  0.00,  0.14,  240047633,  218102000,   22010000,  291052875, c++, elite, mult, 1
669931.exe  ,  4.02,  0.39,  0.31,  0.00,  0.13,  237773931,  222720000,   14981000,  288843378, c++, elite, mult, 1
669931.exe  ,  4.00,  0.39,  0.31,  0.00,  0.13,  237750607,  229811000,    7993000,  288926552, c++, elite, mult, 1
669931.exe  ,  3.95,  0.39,  0.30,  0.00,  0.13,  235885643,  216089000,   19916000,  286676880, c++, elite, mult, 1
669931.exe  ,  3.98,  0.39,  0.30,  0.00,  0.13,  236765976,  221767000,   14984000,  287670933, c++, elite, mult, 1
669931.exe  ,  3.97,  0.41,  0.32,  0.00,  0.13,  236333011,  212326000,   24036000,  287396066, c++, elite, mult, 1
669931.exe  ,  3.95,  0.41,  0.32,  0.00,  0.13,  236538607,  215592000,   20863000,  287796330, c++, elite, mult, 1
669931.exe  ,  3.97,  0.40,  0.32,  0.00,  0.13,  236709457,  220714000,   16051000,  287629437, c++, elite, mult, 1
669931.exe  ,  4.04,  0.38,  0.30,  0.00,  0.13,  236682345,  218651000,   18053000,  287668436, c++, elite, mult, 1
669931.exe  ,  3.93,  0.40,  0.32,  0.00,  0.13,  235980127,  218029000,   18002000,  287102959, c++, elite, mult, 1
669931.exe  ,  3.96,  0.40,  0.32,  0.00,  0.13,  236741440,  217828000,   18985000,  287806092, c++, elite, mult, 1
6702597.exe ,  4.10,  0.42,  0.33,  0.00,  0.14,  244773185,  222879000,   21988000,  295815721, c++, elite, mult, 1
6702597.exe ,  4.09,  0.41,  0.33,  0.00,  0.14,  243596577,  224715000,   18975000,  294953985, c++, elite, mult, 1
6702597.exe ,  4.10,  0.41,  0.33,  0.00,  0.14,  244853504,  227810000,   16985000,  295989792, c++, elite, mult, 1
6702597.exe ,  4.07,  0.41,  0.33,  0.00,  0.14,  243665645,  232711000,   11033000,  294661708, c++, elite, mult, 1
6702597.exe ,  4.12,  0.42,  0.33,  0.00,  0.14,  246234947,  228242000,   18019000,  297200936, c++, elite, mult, 1
6702597.exe ,  4.11,  0.40,  0.32,  0.00,  0.14,  246082249,  221114000,   24900000,  297122375, c++, elite, mult, 1
6702597.exe ,  4.06,  0.40,  0.32,  0.00,  0.14,  243554464,  225541000,   18043000,  294535171, c++, elite, mult, 1
6702597.exe ,  4.11,  0.42,  0.33,  0.00,  0.14,  245467803,  226506000,   19042000,  296965801, c++, elite, mult, 1
6702597.exe ,  4.17,  0.40,  0.31,  0.00,  0.14,  246684734,  226571000,   20050000,  297652642, c++, elite, mult, 1
6702597.exe ,  4.32,  0.40,  0.32,  0.00,  0.14,  245286392,  221282000,   24030000,  296503932, c++, elite, mult, 1
6742873.exe ,  9.02,  0.93,  0.73,  0.00,  0.30,  540674569,  512678000,   28037000,  592016903, c++, elite, mult, 1
6742873.exe ,  8.99,  0.93,  0.74,  0.00,  0.30,  536266057,  504295000,   32018000,  587426422, c++, elite, mult, 1
6742873.exe ,  9.10,  0.92,  0.73,  0.00,  0.30,  533974448,  492947000,   40995000,  585498308, c++, elite, mult, 1
6742873.exe ,  9.20,  0.93,  0.74,  0.00,  0.30,  534415355,  495380000,   39030000,  585425050, c++, elite, mult, 1
6742873.exe ,  8.91,  0.93,  0.74,  0.00,  0.30,  533555733,  500578000,   32972000,  584810134, c++, elite, mult, 1
6742873.exe ,  8.98,  0.92,  0.73,  0.00,  0.30,  534862320,  508919000,   25995000,  586303453, c++, elite, mult, 1
6742873.exe ,  8.90,  0.91,  0.72,  0.00,  0.30,  533299971,  509334000,   24015000,  584459223, c++, elite, mult, 1
6742873.exe ,  8.95,  0.91,  0.72,  0.00,  0.30,  535764722,  501829000,   33988000,  586801907, c++, elite, mult, 1
6742873.exe ,  9.19,  0.93,  0.74,  0.00,  0.30,  540938219,  509979000,   30998000,  591868098, c++, elite, mult, 1
6742873.exe ,  9.17,  0.92,  0.73,  0.00,  0.30,  536824581,  507864000,   28992000,  590473079, c++, elite, mult, 1
6904514.exe ,  3.99,  0.41,  0.32,  0.00,  0.14,  237352067,  218373000,   19032000,  288624815, c++, elite, mult, 1
6904514.exe ,  4.02,  0.41,  0.33,  0.00,  0.14,  239834468,  222909000,   16993000,  290934307, c++, elite, mult, 1
6904514.exe ,  4.00,  0.41,  0.32,  0.00,  0.14,  239549549,  221673000,   17973000,  290584048, c++, elite, mult, 1
6904514.exe ,  4.00,  0.41,  0.32,  0.00,  0.14,  238702411,  226783000,   11988000,  290476607, c++, elite, mult, 1
6904514.exe ,  4.08,  0.41,  0.33,  0.00,  0.14,  239655280,  221681000,   18055000,  290710580, c++, elite, mult, 1
6904514.exe ,  4.12,  0.40,  0.32,  0.00,  0.14,  240971349,  219021000,   22002000,  291984715, c++, elite, mult, 1
6904514.exe ,  4.08,  0.38,  0.30,  0.00,  0.14,  239021821,  220096000,   19008000,  289993772, c++, elite, mult, 1
6904514.exe ,  4.04,  0.41,  0.33,  0.00,  0.14,  240281297,  217439000,   22940000,  291438230, c++, elite, mult, 1
6904514.exe ,  4.06,  0.41,  0.32,  0.00,  0.14,  240260319,  221279000,   19024000,  291219116, c++, elite, mult, 1
6904514.exe ,  4.08,  0.41,  0.32,  0.00,  0.14,  238578614,  223598000,   15040000,  289690876, c++, elite, mult, 1
6908878.exe ,  4.50,  0.45,  0.36,  0.00,  0.16,  260284106,  240342000,   20028000,  311438819, c++, elite, mult, 1
6908878.exe ,  4.58,  0.45,  0.36,  0.00,  0.16,  260942746,  239020000,   22001000,  312320269, c++, elite, mult, 1
6908878.exe ,  4.51,  0.45,  0.35,  0.00,  0.15,  259481075,  242495000,   17034000,  310417993, c++, elite, mult, 1
6908878.exe ,  4.37,  0.45,  0.36,  0.00,  0.16,  260534947,  239515000,   21045000,  311758411, c++, elite, mult, 1
6908878.exe ,  4.45,  0.43,  0.34,  0.00,  0.16,  259980661,  238083000,   22007000,  311041098, c++, elite, mult, 1
6908878.exe ,  4.44,  0.44,  0.34,  0.00,  0.16,  261026954,  236057000,   25006000,  312410610, c++, elite, mult, 1
6908878.exe ,  4.35,  0.43,  0.34,  0.00,  0.16,  260958421,  242040000,   19003000,  312273459, c++, elite, mult, 1
6908878.exe ,  4.35,  0.41,  0.32,  0.00,  0.16,  260813970,  237854000,   22985000,  311766335, c++, elite, mult, 1
6908878.exe ,  4.42,  0.44,  0.34,  0.00,  0.16,  259644694,  247686000,   12033000,  310703733, c++, elite, mult, 1
6908878.exe ,  4.44,  0.42,  0.32,  0.00,  0.16,  261083584,  241146000,   20012000,  311980948, c++, elite, mult, 1
6999479.exe ,  4.01,  0.40,  0.32,  0.00,  0.14,  239798478,  222932000,   16994000,  291511861, c++, elite, mult, 1
6999479.exe ,  4.00,  0.40,  0.31,  0.00,  0.14,  240230204,  218246000,   22024000,  291085160, c++, elite, mult, 1
6999479.exe ,  4.08,  0.40,  0.32,  0.00,  0.14,  240323500,  221372000,   19032000,  291366942, c++, elite, mult, 1
6999479.exe ,  4.00,  0.39,  0.30,  0.00,  0.14,  238843115,  215821000,   23087000,  290004213, c++, elite, mult, 1
6999479.exe ,  4.15,  0.40,  0.32,  0.00,  0.14,  239121806,  220262000,   18936000,  290152746, c++, elite, mult, 1
6999479.exe ,  4.09,  0.40,  0.32,  0.00,  0.14,  238576987,  220662000,   17972000,  289758752, c++, elite, mult, 1
6999479.exe ,  4.11,  0.40,  0.31,  0.00,  0.14,  240742215,  221660000,   18970000,  292151128, c++, elite, mult, 1
6999479.exe ,  4.07,  0.41,  0.32,  0.00,  0.14,  243326562,  224381000,   19032000,  294858879, c++, elite, mult, 1
6999479.exe ,  4.04,  0.41,  0.32,  0.00,  0.14,  240036010,  221171000,   18929000,  291169702, c++, elite, mult, 1
6999479.exe ,  4.06,  0.41,  0.32,  0.00,  0.14,  239244393,  220305000,   19026000,  290288605, c++, elite, mult, 1
7163186.exe ,  4.01,  0.40,  0.32,  0.00,  0.14,  241125170,  222171000,   19014000,  292649345, c++, elite, mult, 1
7163186.exe ,  4.04,  0.41,  0.32,  0.00,  0.14,  241790970,  222879000,   18989000,  292700958, c++, elite, mult, 1
7163186.exe ,  4.11,  0.41,  0.33,  0.00,  0.14,  241370403,  219390000,   22039000,  292495953, c++, elite, mult, 1
7163186.exe ,  4.06,  0.41,  0.33,  0.00,  0.14,  242542728,  225564000,   17042000,  293933107, c++, elite, mult, 1
7163186.exe ,  4.07,  0.41,  0.32,  0.00,  0.14,  242583643,  226579000,   16041000,  293740929, c++, elite, mult, 1
7163186.exe ,  4.04,  0.41,  0.33,  0.00,  0.14,  240891731,  217963000,   22996000,  292187927, c++, elite, mult, 1
7163186.exe ,  4.02,  0.41,  0.32,  0.00,  0.14,  240374314,  225404000,   15026000,  291484547, c++, elite, mult, 1
7163186.exe ,  4.03,  0.41,  0.33,  0.00,  0.14,  241492650,  224514000,   17039000,  292881979, c++, elite, mult, 1
7163186.exe ,  4.05,  0.42,  0.33,  0.00,  0.14,  242154235,  218319000,   23925000,  293335150, c++, elite, mult, 1
7163186.exe ,  4.12,  0.41,  0.33,  0.00,  0.14,  241156820,  228231000,   13013000,  292458449, c++, elite, mult, 1
7187002.exe ,  4.60,  0.47,  0.37,  0.00,  0.17,  274846834,  244781000,   30096000,  325854888, c++, elite, mult, 1
7187002.exe ,  4.66,  0.47,  0.37,  0.00,  0.17,  274155873,  246324000,   27923000,  325140912, c++, elite, mult, 1
7187002.exe ,  4.61,  0.47,  0.37,  0.00,  0.17,  274906340,  246962000,   27995000,  326161522, c++, elite, mult, 1
7187002.exe ,  4.69,  0.47,  0.37,  0.00,  0.17,  273849785,  248744000,   25075000,  324531400, c++, elite, mult, 1
7187002.exe ,  4.59,  0.47,  0.37,  0.00,  0.16,  272478899,  234760000,   37800000,  323669884, c++, elite, mult, 1
7187002.exe ,  4.56,  0.45,  0.36,  0.00,  0.17,  273291103,  238453000,   34920000,  324380189, c++, elite, mult, 1
7187002.exe ,  4.64,  0.46,  0.36,  0.00,  0.17,  275526933,  246307000,   29036000,  326595539, c++, elite, mult, 1
7187002.exe ,  4.62,  0.46,  0.37,  0.00,  0.16,  274239722,  236275000,   38044000,  325305238, c++, elite, mult, 1
7187002.exe ,  4.73,  0.47,  0.37,  0.00,  0.17,  276828900,  249854000,   26984000,  328233538, c++, elite, mult, 1
7187002.exe ,  4.60,  0.46,  0.37,  0.00,  0.17,  274790561,  246858000,   27983000,  326073294, c++, elite, mult, 1
725590.exe  ,  8.83,  0.93,  0.74,  0.00,  0.28,  520524438,  496660000,   23935000,  571757739, c++, elite, mult, 1
725590.exe  ,  8.49,  0.91,  0.73,  0.00,  0.28,  514926185,  484995000,   29999000,  566044625, c++, elite, mult, 1
725590.exe  ,  8.46,  0.91,  0.73,  0.00,  0.28,  513780872,  485828000,   27932000,  565061483, c++, elite, mult, 1
725590.exe  ,  8.77,  0.92,  0.74,  0.00,  0.28,  516028804,  485911000,   29994000,  567364311, c++, elite, mult, 1
725590.exe  ,  8.54,  0.92,  0.73,  0.00,  0.28,  516122394,  493183000,   23008000,  567718615, c++, elite, mult, 1
725590.exe  ,  8.47,  0.91,  0.73,  0.00,  0.28,  514240305,  488327000,   25964000,  565523131, c++, elite, mult, 1
725590.exe  ,  8.62,  0.90,  0.72,  0.00,  0.28,  516056471,  487047000,   29002000,  567334207, c++, elite, mult, 1
725590.exe  ,  8.72,  0.91,  0.73,  0.00,  0.29,  522726015,  493809000,   28988000,  573877790, c++, elite, mult, 1
725590.exe  ,  8.45,  0.89,  0.71,  0.00,  0.28,  514614697,  483719000,   30982000,  565504455, c++, elite, mult, 1
725590.exe  ,  8.55,  0.89,  0.71,  0.00,  0.28,  514013339,  488954000,   24997000,  565269382, c++, elite, mult, 1
7326110.exe ,  7.50,  0.74,  0.58,  0.00,  0.27,  453233089,  427277000,   26016000,  504288818, c++, elite, mult, 1
7326110.exe ,  7.55,  0.76,  0.60,  0.00,  0.27,  458207423,  432301000,   25958000,  509433069, c++, elite, mult, 1
7326110.exe ,  7.65,  0.74,  0.58,  0.00,  0.27,  454929798,  432895000,   21994000,  505957884, c++, elite, mult, 1
7326110.exe ,  7.55,  0.74,  0.58,  0.00,  0.27,  455622964,  431544000,   24030000,  506700881, c++, elite, mult, 1
7326110.exe ,  7.48,  0.74,  0.58,  0.00,  0.27,  453668149,  426490000,   27031000,  504914227, c++, elite, mult, 1
7326110.exe ,  7.53,  0.76,  0.60,  0.00,  0.27,  453288462,  430223000,   23011000,  504047157, c++, elite, mult, 1
7326110.exe ,  7.57,  0.77,  0.60,  0.00,  0.27,  453893693,  433990000,   19999000,  504790986, c++, elite, mult, 1
7326110.exe ,  7.60,  0.76,  0.60,  0.00,  0.27,  455930584,  431002000,   25000000,  506944635, c++, elite, mult, 1
7326110.exe ,  7.63,  0.75,  0.58,  0.00,  0.27,  454421387,  427604000,   26912000,  505532208, c++, elite, mult, 1
7326110.exe ,  7.50,  0.75,  0.59,  0.00,  0.27,  453374992,  430404000,   23021000,  504358721, c++, elite, mult, 1
7357193.exe ,  3.97,  0.42,  0.33,  0.00,  0.14,  239334942,  219497000,   19954000,  290338874, c++, elite, mult, 1
7357193.exe ,  4.09,  0.42,  0.33,  0.00,  0.14,  239674983,  224682000,   15045000,  290589516, c++, elite, mult, 1
7357193.exe ,  4.00,  0.42,  0.33,  0.00,  0.14,  239282843,  227330000,   12017000,  290227980, c++, elite, mult, 1
7357193.exe ,  4.02,  0.41,  0.32,  0.00,  0.14,  240789253,  216865000,   23985000,  291827898, c++, elite, mult, 1
7357193.exe ,  4.03,  0.42,  0.33,  0.00,  0.14,  238381592,  221497000,   16961000,  289417121, c++, elite, mult, 1
7357193.exe ,  3.96,  0.41,  0.32,  0.00,  0.14,  238504087,  225624000,   12978000,  289606656, c++, elite, mult, 1
7357193.exe ,  4.06,  0.41,  0.33,  0.00,  0.14,  239972763,  221027000,   19002000,  291266708, c++, elite, mult, 1
7357193.exe ,  4.02,  0.41,  0.33,  0.00,  0.14,  240316136,  219321000,   21030000,  291149274, c++, elite, mult, 1
7357193.exe ,  4.07,  0.42,  0.33,  0.00,  0.14,  240283309,  222277000,   18022000,  291232995, c++, elite, mult, 1
7357193.exe ,  4.02,  0.41,  0.32,  0.00,  0.14,  239642296,  220612000,   19052000,  290730685, c++, elite, mult, 1
7442336.exe ,  4.40,  0.44,  0.34,  0.00,  0.16,  266257666,  227288000,   39049000,  317191937, c++, elite, mult, 1
7442336.exe ,  4.48,  0.44,  0.34,  0.00,  0.16,  266120611,  233154000,   33021000,  317277296, c++, elite, mult, 1
7442336.exe ,  4.42,  0.44,  0.34,  0.00,  0.16,  266366508,  226281000,   40049000,  317520285, c++, elite, mult, 1
7442336.exe ,  4.48,  0.45,  0.36,  0.00,  0.16,  266359459,  234396000,   32054000,  317596376, c++, elite, mult, 1
7442336.exe ,  4.51,  0.45,  0.36,  0.00,  0.16,  268254432,  237405000,   30922000,  319435246, c++, elite, mult, 1
7442336.exe ,  4.46,  0.45,  0.35,  0.00,  0.16,  266327640,  237374000,   28923000,  317313418, c++, elite, mult, 1
7442336.exe ,  4.40,  0.45,  0.35,  0.00,  0.16,  266214104,  240240000,   26026000,  317400936, c++, elite, mult, 1
7442336.exe ,  4.36,  0.45,  0.35,  0.00,  0.16,  265381417,  236416000,   29051000,  316280505, c++, elite, mult, 1
7442336.exe ,  4.44,  0.45,  0.35,  0.00,  0.16,  268836721,  237814000,   30975000,  320228827, c++, elite, mult, 1
7442336.exe ,  4.43,  0.44,  0.35,  0.00,  0.16,  267397858,  238408000,   29049000,  318331451, c++, elite, mult, 1
7533897.exe ,  8.54,  0.89,  0.70,  0.00,  0.28,  517795986,  489850000,   27991000,  569079424, c++, elite, mult, 1
7533897.exe ,  8.61,  0.89,  0.70,  0.00,  0.28,  523593824,  491601000,   32039000,  574734131, c++, elite, mult, 1
7533897.exe ,  8.62,  0.88,  0.70,  0.00,  0.29,  521042269,  493873000,   26993000,  572266146, c++, elite, mult, 1
7533897.exe ,  8.77,  0.91,  0.72,  0.00,  0.29,  531820629,  500887000,   30993000,  583077074, c++, elite, mult, 1
7533897.exe ,  8.88,  0.92,  0.73,  0.00,  0.29,  538664015,  500843000,   37912000,  590606023, c++, elite, mult, 1
7533897.exe ,  8.63,  0.88,  0.70,  0.00,  0.28,  517398377,  493479000,   23974000,  568881223, c++, elite, mult, 1
7533897.exe ,  8.68,  0.88,  0.70,  0.00,  0.28,  518457421,  489470000,   29027000,  569803720, c++, elite, mult, 1
7533897.exe ,  8.53,  0.88,  0.70,  0.00,  0.28,  518129409,  490160000,   28009000,  569309541, c++, elite, mult, 1
7533897.exe ,  8.75,  0.89,  0.71,  0.00,  0.28,  522067954,  494202000,   27954000,  573150115, c++, elite, mult, 1
7533897.exe ,  8.61,  0.88,  0.70,  0.00,  0.28,  519056200,  490996000,   27999000,  570313924, c++, elite, mult, 1
7537272.exe ,  9.23,  0.96,  0.76,  0.00,  0.31,  559300551,  492413000,   66920000,  610557757, c++, elite, mult, 1
7537272.exe ,  9.30,  0.97,  0.77,  0.00,  0.31,  559335039,  508343000,   51034000,  610341525, c++, elite, mult, 1
7537272.exe ,  9.49,  0.96,  0.76,  0.00,  0.31,  558340800,  504386000,   54041000,  609386028, c++, elite, mult, 1
7537272.exe ,  9.44,  0.96,  0.76,  0.00,  0.31,  558253574,  509229000,   49022000,  609387019, c++, elite, mult, 1
7537272.exe ,  9.33,  1.01,  0.81,  0.00,  0.31,  560584925,  507534000,   53055000,  611558192, c++, elite, mult, 1
7537272.exe ,  9.41,  0.97,  0.77,  0.00,  0.31,  561646939,  499602000,   61950000,  612658297, c++, elite, mult, 1
7537272.exe ,  9.34,  0.95,  0.75,  0.00,  0.31,  560732495,  512933000,   47900000,  611829339, c++, elite, mult, 1
7537272.exe ,  9.30,  0.94,  0.74,  0.00,  0.31,  558578041,  512484000,   46043000,  609722644, c++, elite, mult, 1
7537272.exe ,  9.26,  0.96,  0.76,  0.00,  0.31,  557612737,  504590000,   53062000,  608792539, c++, elite, mult, 1
7537272.exe ,  9.30,  0.96,  0.76,  0.00,  0.31,  558787696,  503861000,   54984000,  609892702, c++, elite, mult, 1
7607489.exe ,  3.97,  0.41,  0.33,  0.00,  0.14,  238532365,  221512000,   17039000,  289631592, c++, elite, mult, 1
7607489.exe ,  4.02,  0.41,  0.33,  0.00,  0.14,  239866003,  223924000,   15994000,  290931017, c++, elite, mult, 1
7607489.exe ,  4.02,  0.41,  0.33,  0.00,  0.14,  239233186,  218277000,   21026000,  290250963, c++, elite, mult, 1
7607489.exe ,  3.99,  0.41,  0.32,  0.00,  0.14,  239173359,  218236000,   21022000,  290366417, c++, elite, mult, 1
7607489.exe ,  3.92,  0.41,  0.32,  0.00,  0.14,  237488135,  216598000,   20961000,  288806657, c++, elite, mult, 1
7607489.exe ,  3.95,  0.41,  0.32,  0.00,  0.14,  237549494,  219711000,   17976000,  288864819, c++, elite, mult, 1
7607489.exe ,  3.97,  0.41,  0.32,  0.00,  0.14,  239224598,  222271000,   17020000,  290646285, c++, elite, mult, 1
7607489.exe ,  4.06,  0.41,  0.32,  0.00,  0.14,  238966006,  216040000,   23004000,  290076358, c++, elite, mult, 1
7607489.exe ,  4.11,  0.41,  0.32,  0.00,  0.14,  239190803,  220246000,   19021000,  290413047, c++, elite, mult, 1
7607489.exe ,  4.04,  0.40,  0.31,  0.00,  0.13,  236908891,  219990000,   16999000,  288092773, c++, elite, mult, 1
7738068.exe ,  8.81,  0.92,  0.74,  0.00,  0.29,  528406389,  499229000,   28955000,  579141049, c++, elite, mult, 1
7738068.exe ,  8.74,  0.90,  0.72,  0.00,  0.29,  519809362,  487785000,   31985000,  570913878, c++, elite, mult, 1
7738068.exe ,  8.82,  0.93,  0.74,  0.00,  0.28,  523797588,  496715000,   27038000,  574725463, c++, elite, mult, 1
7738068.exe ,  8.76,  0.91,  0.72,  0.00,  0.28,  520998625,  492035000,   29002000,  571938367, c++, elite, mult, 1
7738068.exe ,  8.76,  0.91,  0.73,  0.00,  0.28,  519438673,  488397000,   31025000,  570455568, c++, elite, mult, 1
7738068.exe ,  8.72,  0.91,  0.72,  0.00,  0.28,  517430544,  488448000,   29026000,  568463080, c++, elite, mult, 1
7738068.exe ,  8.63,  0.92,  0.73,  0.00,  0.28,  517974919,  494978000,   23045000,  568904163, c++, elite, mult, 1
7738068.exe ,  8.66,  0.93,  0.74,  0.00,  0.28,  519161557,  494008000,   25000000,  570248668, c++, elite, mult, 1
7738068.exe ,  8.67,  0.90,  0.72,  0.00,  0.28,  517753753,  489821000,   27989000,  568912550, c++, elite, mult, 1
7738068.exe ,  8.64,  0.90,  0.71,  0.00,  0.28,  517884269,  488886000,   28934000,  569082834, c++, elite, mult, 1
7780176.exe ,  4.20,  0.43,  0.34,  0.00,  0.15,  249791661,  231884000,   17991000,  300785060, c++, elite, mult, 1
7780176.exe ,  4.19,  0.44,  0.35,  0.00,  0.15,  249892172,  228834000,   21076000,  301503628, c++, elite, mult, 1
7780176.exe ,  4.20,  0.44,  0.35,  0.00,  0.15,  249926859,  224983000,   24998000,  300912652, c++, elite, mult, 1
7780176.exe ,  4.20,  0.43,  0.34,  0.00,  0.15,  250105262,  227120000,   23012000,  301493827, c++, elite, mult, 1
7780176.exe ,  4.18,  0.43,  0.34,  0.00,  0.15,  249658672,  227671000,   22065000,  300735698, c++, elite, mult, 1
7780176.exe ,  4.43,  0.43,  0.34,  0.00,  0.16,  252487210,  231406000,   21036000,  303819696, c++, elite, mult, 1
7780176.exe ,  4.18,  0.43,  0.34,  0.00,  0.15,  248445916,  230455000,   18035000,  300129469, c++, elite, mult, 1
7780176.exe ,  4.17,  0.43,  0.34,  0.00,  0.15,  249893749,  222974000,   26996000,  301293850, c++, elite, mult, 1
7780176.exe ,  4.14,  0.42,  0.33,  0.00,  0.15,  248790050,  232883000,   15992000,  299771019, c++, elite, mult, 1
7780176.exe ,  4.16,  0.43,  0.34,  0.00,  0.15,  249683651,  233705000,   16048000,  300843420, c++, elite, mult, 1
7783737.exe ,  3.84,  0.40,  0.32,  0.00,  0.13,  226004281,  207069000,   19006000,  277308214, c++, elite, mult, 1
7783737.exe ,  3.77,  0.39,  0.31,  0.00,  0.13,  225787847,  208940000,   16995000,  276841715, c++, elite, mult, 1
7783737.exe ,  3.76,  0.40,  0.31,  0.00,  0.13,  225881403,  211858000,   14056000,  277029695, c++, elite, mult, 1
7783737.exe ,  3.76,  0.39,  0.31,  0.00,  0.13,  225328286,  201359000,   24042000,  276373198, c++, elite, mult, 1
7783737.exe ,  3.76,  0.40,  0.32,  0.00,  0.13,  227645497,  209581000,   18050000,  278969569, c++, elite, mult, 1
7783737.exe ,  3.86,  0.40,  0.31,  0.00,  0.13,  226617086,  205558000,   20954000,  277430517, c++, elite, mult, 1
7783737.exe ,  3.85,  0.39,  0.31,  0.00,  0.13,  226246028,  209246000,   17020000,  277643084, c++, elite, mult, 1
7783737.exe ,  3.82,  0.39,  0.31,  0.00,  0.13,  225439137,  211477000,   14031000,  276810738, c++, elite, mult, 1
7783737.exe ,  3.80,  0.38,  0.30,  0.00,  0.13,  225133915,  211066000,   14004000,  276320768, c++, elite, mult, 1
7783737.exe ,  3.81,  0.38,  0.30,  0.00,  0.13,  225524273,  206550000,   19050000,  276934607, c++, elite, mult, 1
7852178.exe ,  8.76,  0.88,  0.69,  0.00,  0.28,  517763703,  488835000,   28990000,  568887519, c++, elite, mult, 1
7852178.exe ,  8.62,  0.90,  0.72,  0.00,  0.28,  517286980,  493274000,   24013000,  568269969, c++, elite, mult, 1
7852178.exe ,  8.60,  0.90,  0.71,  0.00,  0.28,  517352007,  489390000,   28022000,  568635332, c++, elite, mult, 1
7852178.exe ,  8.69,  0.91,  0.72,  0.00,  0.28,  518645559,  489615000,   28918000,  569630136, c++, elite, mult, 1
7852178.exe ,  8.66,  0.90,  0.72,  0.00,  0.28,  522786669,  496834000,   25991000,  574246266, c++, elite, mult, 1
7852178.exe ,  8.69,  0.90,  0.71,  0.00,  0.28,  519205035,  492191000,   26955000,  570093325, c++, elite, mult, 1
7852178.exe ,  8.77,  0.91,  0.73,  0.00,  0.28,  520309864,  493353000,   27019000,  571451479, c++, elite, mult, 1
7852178.exe ,  8.71,  0.92,  0.73,  0.00,  0.29,  525002913,  497895000,   26994000,  576244903, c++, elite, mult, 1
7852178.exe ,  8.64,  0.90,  0.71,  0.00,  0.28,  518605118,  491588000,   27032000,  569874430, c++, elite, mult, 1
7852178.exe ,  8.56,  0.89,  0.70,  0.00,  0.28,  517677058,  491755000,   25987000,  568811465, c++, elite, mult, 1
7852586.exe ,  3.96,  0.41,  0.32,  0.00,  0.14,  239804525,  224983000,   14932000,  291127768, c++, elite, mult, 1
7852586.exe ,  3.97,  0.40,  0.32,  0.00,  0.14,  239437889,  222475000,   17036000,  290401217, c++, elite, mult, 1
7852586.exe ,  4.01,  0.40,  0.31,  0.00,  0.14,  239244356,  218296000,   21028000,  290364490, c++, elite, mult, 1
7852586.exe ,  4.07,  0.41,  0.32,  0.00,  0.14,  240975771,  225023000,   16001000,  291893094, c++, elite, mult, 1
7852586.exe ,  4.07,  0.40,  0.31,  0.00,  0.14,  239115258,  220164000,   19014000,  290207953, c++, elite, mult, 1
7852586.exe ,  4.11,  0.40,  0.31,  0.00,  0.14,  240666211,  223718000,   17054000,  292060407, c++, elite, mult, 1
7852586.exe ,  3.98,  0.40,  0.32,  0.00,  0.14,  239652233,  217660000,   21965000,  290974248, c++, elite, mult, 1
7852586.exe ,  4.06,  0.41,  0.32,  0.00,  0.14,  240418679,  225432000,   15028000,  291516825, c++, elite, mult, 1
7852586.exe ,  3.98,  0.40,  0.32,  0.00,  0.14,  239263242,  225324000,   14020000,  290417792, c++, elite, mult, 1
7852586.exe ,  4.00,  0.40,  0.32,  0.00,  0.14,  240258285,  224321000,   16022000,  291499547, c++, elite, mult, 1
7878917.exe ,  6.95,  0.71,  0.56,  0.00,  0.21,  411613280,  394714000,   16987000,  462448504, c++, elite, mult, 1
7878917.exe ,  6.94,  0.71,  0.56,  0.00,  0.21,  410305429,  396344000,   14012000,  461605216, c++, elite, mult, 1
7878917.exe ,  6.93,  0.70,  0.56,  0.00,  0.21,  409627989,  395641000,   14022000,  460962340, c++, elite, mult, 1
7878917.exe ,  6.75,  0.70,  0.56,  0.00,  0.21,  410204892,  393272000,   17011000,  461045289, c++, elite, mult, 1
7878917.exe ,  6.84,  0.71,  0.57,  0.00,  0.21,  409640549,  395531000,   14018000,  460709444, c++, elite, mult, 1
7878917.exe ,  6.72,  0.72,  0.57,  0.00,  0.21,  410133446,  397105000,   13003000,  461359209, c++, elite, mult, 1
7878917.exe ,  6.91,  0.71,  0.57,  0.00,  0.21,  410161886,  398230000,   12006000,  461370935, c++, elite, mult, 1
7878917.exe ,  6.91,  0.71,  0.57,  0.00,  0.21,  410427185,  392601000,   17936000,  461915138, c++, elite, mult, 1
7878917.exe ,  6.93,  0.71,  0.56,  0.00,  0.21,  410595473,  401664000,    9014000,  461566791, c++, elite, mult, 1
7878917.exe ,  6.95,  0.71,  0.56,  0.00,  0.21,  413730399,  401711000,   11991000,  464975884, c++, elite, mult, 1
7887387.exe ,  4.19,  0.42,  0.33,  0.00,  0.14,  249506907,  217484000,   32071000,  300365571, c++, elite, mult, 1
7887387.exe ,  4.18,  0.42,  0.33,  0.00,  0.14,  248798095,  224824000,   23981000,  299975629, c++, elite, mult, 1
7887387.exe ,  4.25,  0.42,  0.33,  0.00,  0.14,  249160518,  219042000,   30005000,  300349975, c++, elite, mult, 1
7887387.exe ,  4.14,  0.42,  0.34,  0.00,  0.14,  249421416,  223301000,   25918000,  300738460, c++, elite, mult, 1
7887387.exe ,  4.17,  0.41,  0.33,  0.00,  0.14,  251138811,  229144000,   22013000,  302353226, c++, elite, mult, 1
7887387.exe ,  4.15,  0.41,  0.32,  0.00,  0.14,  249851285,  221904000,   27987000,  300795541, c++, elite, mult, 1
7887387.exe ,  4.21,  0.41,  0.32,  0.00,  0.14,  249421323,  232459000,   17033000,  300513551, c++, elite, mult, 1
7887387.exe ,  4.15,  0.41,  0.32,  0.00,  0.14,  249211268,  225265000,   24028000,  300392182, c++, elite, mult, 1
7887387.exe ,  4.14,  0.42,  0.33,  0.00,  0.14,  249183053,  230143000,   19011000,  300347211, c++, elite, mult, 1
7887387.exe ,  4.18,  0.42,  0.33,  0.00,  0.14,  251116430,  233162000,   18012000,  302316274, c++, elite, mult, 1
7900572.exe ,  8.68,  0.89,  0.71,  0.00,  0.28,  512320712,  490160000,   22007000,  563424683, c++, elite, mult, 1
7900572.exe ,  8.35,  0.87,  0.69,  0.00,  0.27,  501791566,  486823000,   15025000,  552861069, c++, elite, mult, 1
7900572.exe ,  8.77,  0.89,  0.71,  0.00,  0.28,  514304838,  494425000,   19936000,  565502152, c++, elite, mult, 1
7900572.exe ,  8.46,  0.85,  0.68,  0.00,  0.27,  496261983,  479318000,   17011000,  547197280, c++, elite, mult, 1
7900572.exe ,  8.36,  0.85,  0.67,  0.00,  0.27,  497837208,  477837000,   20035000,  548797288, c++, elite, mult, 1
7900572.exe ,  8.25,  0.86,  0.69,  0.00,  0.27,  499403055,  477423000,   22019000,  550400120, c++, elite, mult, 1
7900572.exe ,  8.39,  0.87,  0.69,  0.00,  0.27,  504990034,  488967000,   16031000,  555932783, c++, elite, mult, 1
7900572.exe ,  8.36,  0.86,  0.68,  0.00,  0.27,  497873882,  471962000,   25997000,  548876062, c++, elite, mult, 1
7900572.exe ,  8.42,  0.88,  0.70,  0.00,  0.28,  506753094,  488856000,   17957000,  557848129, c++, elite, mult, 1
7900572.exe ,  8.24,  0.86,  0.68,  0.00,  0.27,  496975025,  471997000,   24999000,  548323868, c++, elite, mult, 1
8036932.exe ,  4.25,  0.43,  0.34,  0.00,  0.14,  253315191,  231363000,   22034000,  304462109, c++, elite, mult, 1
8036932.exe ,  4.32,  0.44,  0.35,  0.00,  0.15,  254153474,  231198000,   23019000,  305575902, c++, elite, mult, 1
8036932.exe ,  4.39,  0.44,  0.35,  0.00,  0.15,  254457882,  233477000,   21043000,  305437570, c++, elite, mult, 1
8036932.exe ,  4.28,  0.43,  0.34,  0.00,  0.14,  253245447,  238304000,   15019000,  304360546, c++, elite, mult, 1
8036932.exe ,  4.39,  0.43,  0.34,  0.00,  0.14,  252443232,  233447000,   19036000,  303469681, c++, elite, mult, 1
8036932.exe ,  4.30,  0.43,  0.34,  0.00,  0.15,  253166839,  220210000,   33031000,  304321744, c++, elite, mult, 1
8036932.exe ,  4.28,  0.43,  0.34,  0.00,  0.14,  253112870,  232186000,   21016000,  304355788, c++, elite, mult, 1
8036932.exe ,  4.40,  0.44,  0.35,  0.00,  0.15,  253656244,  228611000,   25067000,  305214185, c++, elite, mult, 1
8036932.exe ,  4.39,  0.43,  0.34,  0.00,  0.15,  253545897,  230672000,   22868000,  304605310, c++, elite, mult, 1
8036932.exe ,  4.32,  0.43,  0.34,  0.00,  0.15,  253588271,  226722000,   26966000,  304748801, c++, elite, mult, 1
8122852.exe ,  3.89,  0.40,  0.32,  0.00,  0.13,  235183736,  217243000,   18020000,  286332334, c++, elite, mult, 1
8122852.exe ,  3.99,  0.41,  0.33,  0.00,  0.13,  236250725,  220304000,   16022000,  287443026, c++, elite, mult, 1
8122852.exe ,  3.91,  0.40,  0.32,  0.00,  0.13,  235504063,  209404000,   26050000,  286583533, c++, elite, mult, 1
8122852.exe ,  4.06,  0.40,  0.32,  0.00,  0.14,  236599309,  219654000,   16973000,  287810154, c++, elite, mult, 1
8122852.exe ,  3.99,  0.40,  0.32,  0.00,  0.14,  235588219,  220451000,   14962000,  286703690, c++, elite, mult, 1
8122852.exe ,  3.94,  0.40,  0.31,  0.00,  0.14,  236086767,  219134000,   17010000,  287354350, c++, elite, mult, 1
8122852.exe ,  3.95,  0.40,  0.32,  0.00,  0.13,  236383695,  218380000,   18031000,  287683628, c++, elite, mult, 1
8122852.exe ,  3.96,  0.40,  0.31,  0.00,  0.13,  234305272,  215358000,   19031000,  285336351, c++, elite, mult, 1
8122852.exe ,  4.07,  0.40,  0.32,  0.00,  0.14,  235467606,  208740000,   26838000,  286537781, c++, elite, mult, 1
8122852.exe ,  3.89,  0.40,  0.31,  0.00,  0.13,  234681475,  221775000,   12986000,  286101774, c++, elite, mult, 1
8193334.exe ,  4.39,  0.44,  0.35,  0.00,  0.15,  256706714,  231689000,   25074000,  307891659, c++, elite, mult, 1
8193334.exe ,  4.39,  0.44,  0.35,  0.00,  0.15,  256986557,  232009000,   25001000,  308188450, c++, elite, mult, 1
8193334.exe ,  4.47,  0.44,  0.35,  0.00,  0.14,  254334955,  231342000,   23034000,  305511542, c++, elite, mult, 1
8193334.exe ,  4.43,  0.44,  0.35,  0.00,  0.14,  255966657,  229984000,   25998000,  307207786, c++, elite, mult, 1
8193334.exe ,  4.49,  0.44,  0.35,  0.00,  0.15,  254793269,  227890000,   26987000,  306015580, c++, elite, mult, 1
8193334.exe ,  4.45,  0.45,  0.36,  0.00,  0.15,  256410990,  235959000,   20081000,  307605591, c++, elite, mult, 1
8193334.exe ,  4.34,  0.44,  0.35,  0.00,  0.14,  254381503,  230612000,   23856000,  305518055, c++, elite, mult, 1
8193334.exe ,  4.32,  0.44,  0.35,  0.00,  0.14,  255506582,  229625000,   25957000,  306661991, c++, elite, mult, 1
8193334.exe ,  4.31,  0.44,  0.35,  0.00,  0.14,  255404105,  230542000,   24950000,  306520695, c++, elite, mult, 1
8193334.exe ,  4.35,  0.45,  0.36,  0.00,  0.15,  255729919,  233832000,   21984000,  307093845, c++, elite, mult, 1
8322422.exe ,  4.43,  0.44,  0.35,  0.00,  0.15,  255756567,  237948000,   17920000,  306853874, c++, elite, mult, 1
8322422.exe ,  4.36,  0.46,  0.37,  0.00,  0.15,  254264650,  230320000,   24033000,  305492196, c++, elite, mult, 1
8322422.exe ,  4.41,  0.47,  0.38,  0.00,  0.15,  255251439,  229281000,   26031000,  306647648, c++, elite, mult, 1
8322422.exe ,  4.35,  0.46,  0.37,  0.00,  0.15,  254670327,  235695000,   18975000,  306049672, c++, elite, mult, 1
8322422.exe ,  4.23,  0.44,  0.35,  0.00,  0.15,  253571708,  229563000,   24059000,  304865648, c++, elite, mult, 1
8322422.exe ,  4.36,  0.45,  0.36,  0.00,  0.15,  254808931,  234762000,   20065000,  306327934, c++, elite, mult, 1
8322422.exe ,  4.43,  0.44,  0.35,  0.00,  0.15,  255147127,  236176000,   19014000,  306268227, c++, elite, mult, 1
8322422.exe ,  4.33,  0.44,  0.35,  0.00,  0.15,  254025349,  231004000,   23000000,  305220569, c++, elite, mult, 1
8322422.exe ,  4.25,  0.45,  0.36,  0.00,  0.15,  254966946,  229920000,   24991000,  306270307, c++, elite, mult, 1
8322422.exe ,  4.33,  0.45,  0.35,  0.00,  0.15,  255316173,  233370000,   22034000,  306410187, c++, elite, mult, 1
8367374.exe ,  7.31,  0.75,  0.59,  0.00,  0.22,  437368228,  430439000,    7007000,  488445574, c++, elite, mult, 1
8367374.exe ,  7.33,  0.76,  0.60,  0.00,  0.22,  437483887,  430427000,    7023000,  488535419, c++, elite, mult, 1
8367374.exe ,  7.42,  0.77,  0.61,  0.00,  0.23,  444694515,  437782000,    6996000,  495719547, c++, elite, mult, 1
8367374.exe ,  7.27,  0.76,  0.60,  0.00,  0.22,  440577674,  432691000,    7994000,  491749354, c++, elite, mult, 1
8367374.exe ,  7.40,  0.77,  0.61,  0.00,  0.23,  440612323,  435692000,    4996000,  491797088, c++, elite, mult, 1
8367374.exe ,  7.31,  0.75,  0.60,  0.00,  0.22,  436677639,  429757000,    6996000,  487565066, c++, elite, mult, 1
8367374.exe ,  7.23,  0.77,  0.61,  0.00,  0.22,  437450524,  429506000,    8009000,  488333985, c++, elite, mult, 1
8367374.exe ,  7.57,  0.74,  0.58,  0.00,  0.23,  442784058,  435796000,    7012000,  493622025, c++, elite, mult, 1
8367374.exe ,  7.35,  0.74,  0.59,  0.00,  0.22,  437023280,  428113000,    9002000,  487810876, c++, elite, mult, 1
8367374.exe ,  7.30,  0.75,  0.59,  0.00,  0.22,  437003162,  429966000,    6999000,  487948247, c++, elite, mult, 1
8402034.exe ,  8.38,  0.87,  0.69,  0.00,  0.27,  504272810,  482360000,   21970000,  555483625, c++, elite, mult, 1
8402034.exe ,  8.50,  0.88,  0.70,  0.00,  0.28,  509853673,  483902000,   25994000,  561118699, c++, elite, mult, 1
8402034.exe ,  8.64,  0.91,  0.73,  0.00,  0.27,  504372214,  477399000,   27022000,  555661935, c++, elite, mult, 1
8402034.exe ,  8.51,  0.94,  0.76,  0.00,  0.27,  502850446,  478827000,   24041000,  553961540, c++, elite, mult, 1
8402034.exe ,  8.66,  0.93,  0.75,  0.00,  0.27,  503848809,  480860000,   23041000,  555044961, c++, elite, mult, 1
8402034.exe ,  8.53,  0.90,  0.72,  0.00,  0.27,  506795415,  481782000,   25040000,  557918640, c++, elite, mult, 1
8402034.exe ,  8.42,  0.91,  0.73,  0.00,  0.27,  505167456,  487163000,   18006000,  556355311, c++, elite, mult, 1
8402034.exe ,  8.52,  0.88,  0.70,  0.00,  0.27,  502994241,  483947000,   18997000,  554400987, c++, elite, mult, 1
8402034.exe ,  8.40,  0.91,  0.73,  0.00,  0.27,  502932158,  476996000,   25999000,  554348769, c++, elite, mult, 1
8402034.exe ,  8.33,  0.92,  0.74,  0.00,  0.27,  504734687,  478676000,   25982000,  555860247, c++, elite, mult, 1
8430040.exe ,  8.66,  0.89,  0.71,  0.00,  0.28,  516922317,  481000000,   36000000,  567871583, c++, elite, mult, 1
8430040.exe ,  8.72,  0.89,  0.71,  0.00,  0.28,  515453750,  482241000,   33016000,  566617288, c++, elite, mult, 1
8430040.exe ,  8.75,  0.89,  0.71,  0.00,  0.28,  516568157,  491583000,   25029000,  567740741, c++, elite, mult, 1
8430040.exe ,  8.78,  0.90,  0.71,  0.00,  0.28,  523171750,  488110000,   35007000,  574176472, c++, elite, mult, 1
8430040.exe ,  8.78,  0.89,  0.71,  0.00,  0.28,  516519201,  487460000,   29027000,  567603771, c++, elite, mult, 1
8430040.exe ,  8.74,  0.89,  0.70,  0.00,  0.28,  516530957,  493483000,   22975000,  567933110, c++, elite, mult, 1
8430040.exe ,  8.77,  0.90,  0.72,  0.00,  0.28,  516946980,  491026000,   26001000,  567741881, c++, elite, mult, 1
8430040.exe ,  8.81,  0.88,  0.69,  0.00,  0.28,  516103896,  486126000,   30007000,  567213210, c++, elite, mult, 1
8430040.exe ,  8.81,  0.87,  0.69,  0.00,  0.28,  518664834,  486615000,   32040000,  570122127, c++, elite, mult, 1
8430040.exe ,  8.68,  0.88,  0.69,  0.00,  0.28,  515891612,  489896000,   26047000,  566784330, c++, elite, mult, 1
8462887.exe ,  8.30,  0.85,  0.67,  0.00,  0.27,  493455759,  478340000,   14979000,  544427422, c++, elite, mult, 1
8462887.exe ,  8.27,  0.84,  0.66,  0.00,  0.26,  493206081,  476225000,   17008000,  544361685, c++, elite, mult, 1
8462887.exe ,  8.23,  0.86,  0.68,  0.00,  0.27,  493695669,  475756000,   17990000,  544756341, c++, elite, mult, 1
8462887.exe ,  8.51,  0.86,  0.68,  0.00,  0.27,  493390211,  472371000,   21016000,  544413027, c++, elite, mult, 1
8462887.exe ,  8.60,  0.87,  0.69,  0.00,  0.27,  500109889,  487150000,   13004000,  551340686, c++, elite, mult, 1
8462887.exe ,  8.29,  0.86,  0.68,  0.00,  0.27,  493089540,  476148000,   17005000,  544337439, c++, elite, mult, 1
8462887.exe ,  8.35,  0.86,  0.68,  0.00,  0.27,  493920529,  473035000,   20957000,  545186087, c++, elite, mult, 1
8462887.exe ,  8.27,  0.86,  0.68,  0.00,  0.26,  494115414,  474162000,   19964000,  544994096, c++, elite, mult, 1
8462887.exe ,  8.26,  0.86,  0.69,  0.00,  0.26,  492323398,  475361000,   17012000,  543400377, c++, elite, mult, 1
8462887.exe ,  8.48,  0.88,  0.70,  0.00,  0.27,  494279405,  476231000,   18008000,  545370948, c++, elite, mult, 1
885780.exe  ,  4.56,  0.45,  0.35,  0.00,  0.16,  261184907,  237271000,   23926000,  312492651, c++, elite, mult, 1
885780.exe  ,  4.35,  0.45,  0.35,  0.00,  0.16,  259001914,  240073000,   19005000,  310037752, c++, elite, mult, 1
885780.exe  ,  4.33,  0.44,  0.35,  0.00,  0.16,  258564814,  228817000,   29845000,  309597542, c++, elite, mult, 1
885780.exe  ,  4.34,  0.45,  0.35,  0.00,  0.16,  258227546,  232373000,   25930000,  309258372, c++, elite, mult, 1
885780.exe  ,  4.43,  0.44,  0.35,  0.00,  0.16,  259214603,  236358000,   22937000,  310538817, c++, elite, mult, 1
885780.exe  ,  4.53,  0.44,  0.35,  0.00,  0.16,  258993825,  233944000,   24994000,  310319253, c++, elite, mult, 1
885780.exe  ,  4.30,  0.43,  0.34,  0.00,  0.16,  257243636,  237288000,   20024000,  308278457, c++, elite, mult, 1
885780.exe  ,  4.40,  0.45,  0.35,  0.00,  0.16,  258835883,  231914000,   26990000,  310100165, c++, elite, mult, 1
885780.exe  ,  4.34,  0.44,  0.34,  0.00,  0.16,  258528036,  234356000,   24036000,  309401661, c++, elite, mult, 1
885780.exe  ,  4.47,  0.42,  0.33,  0.00,  0.16,  260032335,  236046000,   24004000,  313002599, c++, elite, mult, 1
954634.exe  ,  3.13,  0.30,  0.24,  0.00,  0.09,  184898692,  175008000,   10000000,  236145025, c++, elite, mult, 1
954634.exe  ,  2.75,  0.27,  0.21,  0.00,  0.08,  160048664,  152963000,    6998000,  211423496, c++, elite, mult, 1
954634.exe  ,  2.66,  0.26,  0.20,  0.00,  0.08,  160332300,  152411000,    8021000,  211200745, c++, elite, mult, 1
954634.exe  ,  2.65,  0.26,  0.20,  0.00,  0.08,  159988656,  147078000,   13006000,  211115814, c++, elite, mult, 1
954634.exe  ,  2.67,  0.25,  0.19,  0.00,  0.08,  159515402,  150573000,    9034000,  211043299, c++, elite, mult, 1
954634.exe  ,  2.65,  0.24,  0.18,  0.00,  0.08,  160022682,  152038000,    8002000,  210939234, c++, elite, mult, 1
954634.exe  ,  2.79,  0.27,  0.21,  0.00,  0.08,  160643028,  152680000,    7983000,  211813271, c++, elite, mult, 1
954634.exe  ,  2.68,  0.26,  0.21,  0.00,  0.08,  160159796,  149229000,   11016000,  211099519, c++, elite, mult, 1
954634.exe  ,  2.71,  0.26,  0.20,  0.00,  0.08,  160039014,  150185000,    9946000,  211308703, c++, elite, mult, 1
954634.exe  ,  2.69,  0.27,  0.21,  0.00,  0.08,  159955797,  156009000,    4026000,  210854537, c++, elite, mult, 1
