file,psys,pkg,cores,gpu,ram,duration_time,user_time,system_time,perf_time,lang,machine,cores,power_limit
1051415.exe ,  5.39,  1.67,  1.59,  0.00,  0.15,  216263693,  204683000,   10983000,  253903224, c++, elite, mult, 8
1051415.exe ,  5.28,  1.67,  1.59,  0.00,  0.14,  209337573,  202357000,    6977000,  223255076, c++, elite, mult, 8
1051415.exe ,  5.13,  1.66,  1.59,  0.00,  0.14,  209248341,  201215000,    8008000,  223244325, c++, elite, mult, 8
1051415.exe ,  5.15,  1.65,  1.57,  0.00,  0.14,  207218362,  202174000,    5004000,  221364185, c++, elite, mult, 8
1051415.exe ,  5.29,  1.66,  1.59,  0.00,  0.14,  209613673,  204608000,    4990000,  223988151, c++, elite, mult, 8
1051415.exe ,  5.09,  1.66,  1.58,  0.00,  0.14,  207443032,  199451000,    7978000,  220839375, c++, elite, mult, 8
1051415.exe ,  5.31,  1.66,  1.58,  0.00,  0.14,  207774453,  202741000,    5018000,  221292691, c++, elite, mult, 8
1051415.exe ,  5.09,  1.66,  1.58,  0.00,  0.14,  207862223,  197849000,    9992000,  221982424, c++, elite, mult, 8
1051415.exe ,  5.19,  1.66,  1.58,  0.00,  0.14,  207876645,  196855000,   10991000,  221825457, c++, elite, mult, 8
1051415.exe ,  5.09,  1.65,  1.58,  0.00,  0.14,  207471889,  203469000,    3989000,  222208500, c++, elite, mult, 8
1051839.exe ,  1.75,  0.53,  0.51,  0.00,  0.04,   67007893,   62996000,    3999000,   80712601, c++, elite, mult, 8
1051839.exe ,  1.68,  0.53,  0.51,  0.00,  0.04,   67577035,   62585000,    4967000,   81137510, c++, elite, mult, 8
1051839.exe ,  1.69,  0.54,  0.52,  0.00,  0.04,   67661672,   62664000,    4973000,   81432331, c++, elite, mult, 8
1051839.exe ,  1.71,  0.54,  0.52,  0.00,  0.04,   68312833,   63287000,    5022000,   82129105, c++, elite, mult, 8
1051839.exe ,  1.73,  0.53,  0.51,  0.00,  0.05,   70171805,   63141000,    7015000,   83690353, c++, elite, mult, 8
1051839.exe ,  1.87,  0.55,  0.52,  0.00,  0.05,   68550332,   64561000,    3973000,   82401558, c++, elite, mult, 8
1051839.exe ,  1.99,  0.61,  0.57,  0.00,  0.06,   76108427,   72072000,    4004000,   93716479, c++, elite, mult, 8
1051839.exe ,  1.71,  0.54,  0.52,  0.00,  0.04,   68211524,   64186000,    4011000,   81753992, c++, elite, mult, 8
1051839.exe ,  1.82,  0.56,  0.53,  0.00,  0.05,   69907194,   66860000,    2993000,   83748416, c++, elite, mult, 8
1051839.exe ,  1.77,  0.56,  0.52,  0.00,  0.05,   68140655,   66086000,    2002000,   82348523, c++, elite, mult, 8
1252905.exe ,  2.20,  0.67,  0.63,  0.00,  0.07,   82891962,   73795000,    8975000,   97442159, c++, elite, mult, 8
1252905.exe ,  2.09,  0.65,  0.62,  0.00,  0.06,   81682041,   74601000,    7056000,   95510655, c++, elite, mult, 8
1252905.exe ,  2.07,  0.65,  0.61,  0.00,  0.06,   81091280,   74163000,    6921000,   95172999, c++, elite, mult, 8
1252905.exe ,  2.19,  0.66,  0.63,  0.00,  0.07,   83405368,   74423000,    8930000,   97087864, c++, elite, mult, 8
1252905.exe ,  2.15,  0.65,  0.62,  0.00,  0.06,   81568041,   73500000,    8054000,   95614741, c++, elite, mult, 8
1252905.exe ,  2.10,  0.66,  0.63,  0.00,  0.07,   82654238,   76669000,    5974000,   96063926, c++, elite, mult, 8
1252905.exe ,  2.04,  0.64,  0.61,  0.00,  0.06,   81263808,   70204000,   11032000,   95035981, c++, elite, mult, 8
1252905.exe ,  2.12,  0.67,  0.64,  0.00,  0.07,   83935757,   72824000,   10973000,   97794910, c++, elite, mult, 8
1252905.exe ,  2.17,  0.65,  0.62,  0.00,  0.07,   82194045,   75095000,    7008000,   96324676, c++, elite, mult, 8
1252905.exe ,  2.08,  0.65,  0.61,  0.00,  0.07,   82605305,   75626000,    6965000,   96576886, c++, elite, mult, 8
1384707.exe ,  1.94,  0.59,  0.56,  0.00,  0.05,   77092711,   69078000,    8009000,   91960126, c++, elite, mult, 8
1384707.exe ,  2.04,  0.61,  0.59,  0.00,  0.05,   77379348,   64470000,   12894000,   91059064, c++, elite, mult, 8
1384707.exe ,  2.02,  0.62,  0.59,  0.00,  0.06,   78110794,   70195000,    7909000,   91874010, c++, elite, mult, 8
1384707.exe ,  1.94,  0.61,  0.58,  0.00,  0.05,   76076425,   66053000,   10008000,   89576112, c++, elite, mult, 8
1384707.exe ,  1.96,  0.61,  0.58,  0.00,  0.05,   76011207,   63955000,   11991000,   89953562, c++, elite, mult, 8
1384707.exe ,  1.96,  0.61,  0.58,  0.00,  0.05,   76117421,   68025000,    8003000,   89706532, c++, elite, mult, 8
1384707.exe ,  2.03,  0.61,  0.59,  0.00,  0.05,   77119638,   72101000,    5007000,   90883697, c++, elite, mult, 8
1384707.exe ,  2.01,  0.61,  0.58,  0.00,  0.06,   77042080,   71978000,    4998000,   90615329, c++, elite, mult, 8
1384707.exe ,  1.95,  0.62,  0.59,  0.00,  0.06,   77337227,   67289000,   10043000,   91995290, c++, elite, mult, 8
1384707.exe ,  2.04,  0.62,  0.59,  0.00,  0.06,   77627261,   68659000,    8955000,   91646510, c++, elite, mult, 8
1415787.exe ,  1.95,  0.62,  0.59,  0.00,  0.05,   77105122,   70083000,    7008000,   91481383, c++, elite, mult, 8
1415787.exe ,  1.83,  0.58,  0.55,  0.00,  0.05,   72448648,   67487000,    4962000,   86092287, c++, elite, mult, 8
1415787.exe ,  1.84,  0.58,  0.56,  0.00,  0.05,   72945614,   68939000,    3996000,   86402379, c++, elite, mult, 8
1415787.exe ,  1.91,  0.61,  0.58,  0.00,  0.05,   76096425,   73068000,    3002000,   89579805, c++, elite, mult, 8
1415787.exe ,  1.88,  0.57,  0.55,  0.00,  0.05,   72264272,   67234000,    5017000,   85925857, c++, elite, mult, 8
1415787.exe ,  1.89,  0.58,  0.56,  0.00,  0.05,   73292243,   66254000,    7026000,   87514678, c++, elite, mult, 8
1415787.exe ,  1.80,  0.57,  0.55,  0.00,  0.05,   72078936,   64061000,    8007000,   86210264, c++, elite, mult, 8
1415787.exe ,  1.83,  0.58,  0.56,  0.00,  0.05,   73371281,   69344000,    4019000,   86788388, c++, elite, mult, 8
1415787.exe ,  1.86,  0.58,  0.56,  0.00,  0.05,   72939719,   67936000,    4995000,   86471491, c++, elite, mult, 8
1415787.exe ,  1.88,  0.59,  0.55,  0.00,  0.05,   72388734,   66340000,    6030000,   86229355, c++, elite, mult, 8
1455001.exe ,  1.84,  0.57,  0.55,  0.00,  0.05,   72031206,   67014000,    5001000,   85734826, c++, elite, mult, 8
1455001.exe ,  1.80,  0.57,  0.54,  0.00,  0.05,   70522923,   65473000,    5036000,   84030295, c++, elite, mult, 8
1455001.exe ,  1.91,  0.56,  0.54,  0.00,  0.05,   71125034,   63097000,    8012000,   84590286, c++, elite, mult, 8
1455001.exe ,  1.80,  0.57,  0.54,  0.00,  0.05,   70978405,   61969000,    8995000,   84794118, c++, elite, mult, 8
1455001.exe ,  1.79,  0.56,  0.54,  0.00,  0.05,   70864648,   66836000,    3990000,   84900883, c++, elite, mult, 8
1455001.exe ,  1.80,  0.57,  0.54,  0.00,  0.05,   71415667,   65446000,    5949000,   84904964, c++, elite, mult, 8
1455001.exe ,  1.85,  0.58,  0.55,  0.00,  0.05,   72362769,   68289000,    3958000,   85790785, c++, elite, mult, 8
1455001.exe ,  1.90,  0.57,  0.54,  0.00,  0.05,   70850351,   63754000,    7083000,   84275188, c++, elite, mult, 8
1455001.exe ,  1.82,  0.57,  0.54,  0.00,  0.05,   71485445,   66519000,    4964000,   84792822, c++, elite, mult, 8
1455001.exe ,  1.82,  0.57,  0.55,  0.00,  0.05,   71508396,   67482000,    4028000,   86254646, c++, elite, mult, 8
1459579.exe ,  1.79,  0.55,  0.53,  0.00,  0.05,   70716804,   67686000,    3030000,   85560384, c++, elite, mult, 8
1459579.exe ,  1.79,  0.57,  0.54,  0.00,  0.05,   70597419,   68573000,    2016000,   84330349, c++, elite, mult, 8
1459579.exe ,  1.89,  0.60,  0.57,  0.00,  0.05,   74672565,   67679000,    6967000,   88366958, c++, elite, mult, 8
1459579.exe ,  1.83,  0.56,  0.54,  0.00,  0.05,   70290444,   65257000,    5019000,   83579458, c++, elite, mult, 8
1459579.exe ,  1.86,  0.57,  0.54,  0.00,  0.05,   70349514,   62423000,    7926000,   83586778, c++, elite, mult, 8
1459579.exe ,  1.78,  0.56,  0.53,  0.00,  0.05,   71105042,   67093000,    4005000,   85855575, c++, elite, mult, 8
1459579.exe ,  1.77,  0.56,  0.54,  0.00,  0.05,   70335259,   65288000,    5022000,   84328762, c++, elite, mult, 8
1459579.exe ,  1.80,  0.57,  0.54,  0.00,  0.05,   70786109,   68753000,    1992000,   84695024, c++, elite, mult, 8
1459579.exe ,  1.77,  0.55,  0.53,  0.00,  0.04,   69581683,   65526000,    3971000,   83530283, c++, elite, mult, 8
1459579.exe ,  1.83,  0.56,  0.54,  0.00,  0.05,   70640679,   66639000,    3978000,   85017813, c++, elite, mult, 8
1537646.exe ,  1.93,  0.61,  0.58,  0.00,  0.05,   75822627,   68778000,    6977000,   89810170, c++, elite, mult, 8
1537646.exe ,  1.94,  0.61,  0.58,  0.00,  0.06,   76685277,   69660000,    6966000,   90281648, c++, elite, mult, 8
1537646.exe ,  2.03,  0.61,  0.58,  0.00,  0.05,   76465286,   70505000,    5958000,   89963431, c++, elite, mult, 8
1537646.exe ,  1.95,  0.61,  0.58,  0.00,  0.06,   76530956,   67573000,    8943000,   90052247, c++, elite, mult, 8
1537646.exe ,  1.95,  0.61,  0.58,  0.00,  0.05,   76847226,   67859000,    8981000,   90369326, c++, elite, mult, 8
1537646.exe ,  1.91,  0.61,  0.58,  0.00,  0.05,   76229152,   70204000,    6017000,   89901192, c++, elite, mult, 8
1537646.exe ,  1.92,  0.60,  0.58,  0.00,  0.05,   76188418,   68152000,    8017000,   89744362, c++, elite, mult, 8
1537646.exe ,  2.08,  0.61,  0.58,  0.00,  0.06,   76812265,   70896000,    5908000,   90640676, c++, elite, mult, 8
1537646.exe ,  1.93,  0.61,  0.58,  0.00,  0.06,   76061446,   67051000,    9006000,   89880904, c++, elite, mult, 8
1537646.exe ,  1.93,  0.60,  0.57,  0.00,  0.05,   76329180,   69282000,    7028000,   90790532, c++, elite, mult, 8
1540819.exe ,  1.93,  0.56,  0.54,  0.00,  0.05,   74987420,   69989000,    4999000,   90056924, c++, elite, mult, 8
1540819.exe ,  1.82,  0.57,  0.55,  0.00,  0.05,   72788009,   67781000,    4983000,   86607526, c++, elite, mult, 8
1540819.exe ,  1.85,  0.58,  0.56,  0.00,  0.05,   72810163,   71787000,    1011000,   86492965, c++, elite, mult, 8
1540819.exe ,  1.84,  0.58,  0.56,  0.00,  0.05,   73175359,   69168000,    4009000,   86567042, c++, elite, mult, 8
1540819.exe ,  1.81,  0.57,  0.55,  0.00,  0.05,   72220970,   68206000,    4012000,   85717184, c++, elite, mult, 8
1540819.exe ,  1.89,  0.57,  0.55,  0.00,  0.05,   71887794,   69852000,    2024000,   85485625, c++, elite, mult, 8
1540819.exe ,  1.87,  0.58,  0.55,  0.00,  0.05,   72684308,   67690000,    4977000,   86127153, c++, elite, mult, 8
1540819.exe ,  1.81,  0.57,  0.54,  0.00,  0.05,   71752283,   66769000,    4982000,   85332039, c++, elite, mult, 8
1540819.exe ,  1.83,  0.57,  0.55,  0.00,  0.05,   71921330,   60909000,   10983000,   85503858, c++, elite, mult, 8
1540819.exe ,  1.80,  0.57,  0.54,  0.00,  0.05,   72106677,   68084000,    4004000,   86912447, c++, elite, mult, 8
1559825.exe ,  1.87,  0.59,  0.56,  0.00,  0.05,   74132607,   71120000,    3005000,   87891450, c++, elite, mult, 8
1559825.exe ,  1.91,  0.60,  0.57,  0.00,  0.05,   73607780,   65591000,    7950000,   87647176, c++, elite, mult, 8
1559825.exe ,  1.87,  0.59,  0.56,  0.00,  0.05,   73964355,   66965000,    6996000,   88396340, c++, elite, mult, 8
1559825.exe ,  1.89,  0.58,  0.55,  0.00,  0.05,   75840570,   70784000,    5056000,   90590959, c++, elite, mult, 8
1559825.exe ,  1.98,  0.58,  0.56,  0.00,  0.05,   74169934,   66111000,    8013000,   87614992, c++, elite, mult, 8
1559825.exe ,  1.84,  0.58,  0.55,  0.00,  0.05,   72921634,   66830000,    6075000,   86425811, c++, elite, mult, 8
1559825.exe ,  1.91,  0.60,  0.57,  0.00,  0.05,   74359835,   66258000,    8031000,   88893725, c++, elite, mult, 8
1559825.exe ,  1.86,  0.58,  0.56,  0.00,  0.05,   74424937,   64346000,   10054000,   88267102, c++, elite, mult, 8
1559825.exe ,  1.87,  0.59,  0.56,  0.00,  0.05,   74153132,   67953000,    5995000,   87432997, c++, elite, mult, 8
1559825.exe ,  1.99,  0.59,  0.56,  0.00,  0.05,   73901080,   66851000,    6984000,   87699877, c++, elite, mult, 8
1764918.exe ,  1.94,  0.61,  0.58,  0.00,  0.05,   76021773,   71001000,    5000000,   90044151, c++, elite, mult, 8
1764918.exe ,  1.94,  0.60,  0.58,  0.00,  0.05,   75920688,   68847000,    7087000,   89297133, c++, elite, mult, 8
1764918.exe ,  1.95,  0.61,  0.58,  0.00,  0.05,   76330318,   69240000,    7024000,   90029587, c++, elite, mult, 8
1764918.exe ,  2.05,  0.61,  0.58,  0.00,  0.05,   76145922,   74137000,    2003000,   89488486, c++, elite, mult, 8
1764918.exe ,  1.94,  0.60,  0.58,  0.00,  0.05,   76409703,   67419000,    8923000,   90069966, c++, elite, mult, 8
1764918.exe ,  1.96,  0.61,  0.57,  0.00,  0.05,   76260139,   69218000,    7022000,   90044950, c++, elite, mult, 8
1764918.exe ,  1.93,  0.61,  0.58,  0.00,  0.06,   76481299,   68431000,    7934000,   89890589, c++, elite, mult, 8
1764918.exe ,  1.93,  0.60,  0.58,  0.00,  0.05,   76166734,   67129000,    9017000,   89709979, c++, elite, mult, 8
1764918.exe ,  2.04,  0.61,  0.58,  0.00,  0.05,   76805276,   63764000,   12952000,   90563257, c++, elite, mult, 8
1764918.exe ,  1.96,  0.62,  0.59,  0.00,  0.06,   76410635,   67322000,    9043000,   90466887, c++, elite, mult, 8
1982367.exe , 12.26,  3.89,  3.70,  0.00,  0.39,  493405560,  482265000,   11006000,  508615402, c++, elite, mult, 8
1982367.exe , 12.37,  3.91,  3.73,  0.00,  0.39,  492043776,  473886000,   17995000,  505857807, c++, elite, mult, 8
1982367.exe , 12.38,  3.92,  3.74,  0.00,  0.39,  492796086,  480723000,   12018000,  506693663, c++, elite, mult, 8
1982367.exe , 12.47,  3.93,  3.75,  0.00,  0.39,  494297241,  487176000,    7002000,  508211012, c++, elite, mult, 8
1982367.exe , 12.42,  3.93,  3.75,  0.00,  0.39,  493623729,  483577000,   10011000,  507560451, c++, elite, mult, 8
1982367.exe , 12.55,  3.89,  3.71,  0.00,  0.39,  488109612,  476097000,   12002000,  502126101, c++, elite, mult, 8
1982367.exe , 12.37,  3.89,  3.71,  0.00,  0.39,  488969532,  478941000,    9998000,  503367147, c++, elite, mult, 8
1982367.exe , 12.42,  3.92,  3.74,  0.00,  0.39,  492715674,  475685000,   16988000,  506616472, c++, elite, mult, 8
1982367.exe , 12.33,  3.92,  3.74,  0.00,  0.39,  492046947,  483927000,    7998000,  505825576, c++, elite, mult, 8
1982367.exe , 12.32,  3.88,  3.71,  0.00,  0.39,  488222042,  476153000,   12003000,  502205866, c++, elite, mult, 8
2155531.exe ,  1.80,  0.57,  0.55,  0.00,  0.05,   71145354,   66127000,    5009000,   85831972, c++, elite, mult, 8
2155531.exe ,  1.86,  0.58,  0.55,  0.00,  0.05,   71856867,   65852000,    5986000,   86060468, c++, elite, mult, 8
2155531.exe ,  1.88,  0.58,  0.55,  0.00,  0.05,   72575617,   65506000,    7054000,   86567174, c++, elite, mult, 8
2155531.exe ,  1.85,  0.57,  0.55,  0.00,  0.05,   72110662,   63074000,    9010000,   85940621, c++, elite, mult, 8
2155531.exe ,  1.93,  0.57,  0.54,  0.00,  0.05,   71226657,   65177000,    6016000,   85105083, c++, elite, mult, 8
2155531.exe ,  1.83,  0.57,  0.55,  0.00,  0.05,   71519049,   67383000,    4022000,   85210794, c++, elite, mult, 8
2155531.exe ,  1.81,  0.57,  0.55,  0.00,  0.05,   72501147,   66530000,    5957000,   86433599, c++, elite, mult, 8
2155531.exe ,  1.79,  0.57,  0.54,  0.00,  0.05,   71034274,   62012000,    9001000,   84492209, c++, elite, mult, 8
2155531.exe ,  1.85,  0.57,  0.55,  0.00,  0.05,   71933608,   60883000,   10979000,   85921954, c++, elite, mult, 8
2155531.exe ,  1.91,  0.57,  0.54,  0.00,  0.05,   71264815,   63324000,    7915000,   85179931, c++, elite, mult, 8
2186654.exe ,  3.59,  1.16,  1.11,  0.00,  0.09,  144372210,  139341000,    5012000,  159192367, c++, elite, mult, 8
2186654.exe ,  3.58,  1.16,  1.10,  0.00,  0.09,  145040587,  140074000,    4967000,  158981402, c++, elite, mult, 8
2186654.exe ,  3.71,  1.15,  1.10,  0.00,  0.09,  145032540,  133012000,   12001000,  158619210, c++, elite, mult, 8
2186654.exe ,  3.64,  1.16,  1.11,  0.00,  0.09,  145314189,  133249000,   12022000,  158656178, c++, elite, mult, 8
2186654.exe ,  3.50,  1.14,  1.09,  0.00,  0.09,  143286846,  132156000,   11013000,  157212390, c++, elite, mult, 8
2186654.exe ,  3.69,  1.14,  1.09,  0.00,  0.08,  143482974,  135503000,    7970000,  157046610, c++, elite, mult, 8
2186654.exe ,  3.57,  1.15,  1.10,  0.00,  0.09,  143994285,  137033000,    6950000,  157930043, c++, elite, mult, 8
2186654.exe ,  3.64,  1.15,  1.10,  0.00,  0.09,  144577119,  138526000,    5979000,  157954522, c++, elite, mult, 8
2186654.exe ,  3.83,  1.15,  1.10,  0.00,  0.09,  144196495,  136035000,    8002000,  158020749, c++, elite, mult, 8
2186654.exe ,  3.59,  1.14,  1.09,  0.00,  0.09,  143427037,  139397000,    4011000,  157255106, c++, elite, mult, 8
2322404.exe ,  6.09,  1.88,  1.79,  0.00,  0.20,  237209215,  222141000,   15009000,  251025092, c++, elite, mult, 8
2322404.exe ,  5.92,  1.88,  1.79,  0.00,  0.20,  236983209,  225982000,   10999000,  251345239, c++, elite, mult, 8
2322404.exe ,  6.07,  1.87,  1.79,  0.00,  0.20,  235847949,  229842000,    5995000,  249610437, c++, elite, mult, 8
2322404.exe ,  5.96,  1.88,  1.79,  0.00,  0.20,  236498427,  230507000,    5987000,  250251630, c++, elite, mult, 8
2322404.exe ,  6.18,  1.90,  1.81,  0.00,  0.20,  238144015,  225098000,   13005000,  252136624, c++, elite, mult, 8
2322404.exe ,  6.01,  1.90,  1.81,  0.00,  0.20,  239689886,  230695000,    8988000,  253424658, c++, elite, mult, 8
2322404.exe ,  6.08,  1.86,  1.77,  0.00,  0.20,  237339520,  221379000,   15955000,  251105308, c++, elite, mult, 8
2322404.exe ,  6.03,  1.88,  1.79,  0.00,  0.20,  237020425,  229005000,    8000000,  250838581, c++, elite, mult, 8
2322404.exe ,  6.12,  1.88,  1.79,  0.00,  0.20,  235988563,  222972000,   12998000,  249784393, c++, elite, mult, 8
2322404.exe ,  5.96,  1.88,  1.78,  0.00,  0.20,  235181444,  226195000,    8968000,  248793862, c++, elite, mult, 8
2327051.exe ,  1.97,  0.58,  0.56,  0.00,  0.05,   72585473,   64495000,    8061000,   86552869, c++, elite, mult, 8
2327051.exe ,  1.91,  0.58,  0.55,  0.00,  0.05,   72641332,   68570000,    4033000,   86181115, c++, elite, mult, 8
2327051.exe ,  1.88,  0.58,  0.55,  0.00,  0.05,   72432971,   68363000,    3963000,   86392933, c++, elite, mult, 8
2327051.exe ,  1.86,  0.58,  0.55,  0.00,  0.06,   73332399,   68294000,    5021000,   86583890, c++, elite, mult, 8
2327051.exe ,  1.90,  0.58,  0.55,  0.00,  0.06,   73215446,   66183000,    7019000,   86810413, c++, elite, mult, 8
2327051.exe ,  2.05,  0.58,  0.55,  0.00,  0.06,   72753920,   64763000,    7970000,   86295303, c++, elite, mult, 8
2327051.exe ,  1.88,  0.58,  0.55,  0.00,  0.06,   73553127,   66487000,    7051000,   87188891, c++, elite, mult, 8
2327051.exe ,  1.93,  0.58,  0.55,  0.00,  0.06,   73042070,   63023000,   10003000,   86726782, c++, elite, mult, 8
2327051.exe ,  1.95,  0.59,  0.56,  0.00,  0.06,   73218201,   69233000,    3956000,   86725589, c++, elite, mult, 8
2327051.exe ,  1.88,  0.58,  0.55,  0.00,  0.05,   72110811,   64017000,    8002000,   86758871, c++, elite, mult, 8
2418910.exe ,  1.84,  0.57,  0.55,  0.00,  0.05,   72319287,   62201000,   10032000,   86009930, c++, elite, mult, 8
2418910.exe ,  1.90,  0.58,  0.55,  0.00,  0.05,   72463942,   68438000,    4025000,   85941339, c++, elite, mult, 8
2418910.exe ,  1.85,  0.57,  0.55,  0.00,  0.05,   72489670,   66526000,    5957000,   86012582, c++, elite, mult, 8
2418910.exe ,  1.91,  0.57,  0.55,  0.00,  0.05,   73839216,   65725000,    7966000,   87483999, c++, elite, mult, 8
2418910.exe ,  1.96,  0.57,  0.55,  0.00,  0.05,   72395863,   59486000,   12888000,   85790870, c++, elite, mult, 8
2418910.exe ,  1.84,  0.57,  0.54,  0.00,  0.05,   71851218,   68808000,    3035000,   85503389, c++, elite, mult, 8
2418910.exe ,  1.84,  0.57,  0.55,  0.00,  0.05,   71779099,   60801000,   10964000,   85366202, c++, elite, mult, 8
2418910.exe ,  1.84,  0.57,  0.55,  0.00,  0.05,   72794935,   65796000,    6978000,   86697556, c++, elite, mult, 8
2418910.exe ,  1.84,  0.57,  0.55,  0.00,  0.05,   71740856,   63752000,    7969000,   85676523, c++, elite, mult, 8
2418910.exe ,  2.00,  0.57,  0.54,  0.00,  0.05,   72962454,   67934000,    4995000,   87805266, c++, elite, mult, 8
2434389.exe ,  1.98,  0.62,  0.59,  0.00,  0.06,   77353059,   69399000,    7931000,   91228433, c++, elite, mult, 8
2434389.exe ,  1.99,  0.62,  0.59,  0.00,  0.06,   77498330,   73452000,    4024000,   90909856, c++, elite, mult, 8
2434389.exe ,  2.00,  0.62,  0.59,  0.00,  0.06,   77647494,   72593000,    5041000,   91246948, c++, elite, mult, 8
2434389.exe ,  2.08,  0.60,  0.58,  0.00,  0.06,   77376788,   73345000,    4018000,   91738088, c++, elite, mult, 8
2434389.exe ,  1.99,  0.61,  0.58,  0.00,  0.06,   77677658,   69684000,    7963000,   91508486, c++, elite, mult, 8
2434389.exe ,  1.97,  0.61,  0.58,  0.00,  0.06,   77287319,   70252000,    7025000,   90839102, c++, elite, mult, 8
2434389.exe ,  2.00,  0.62,  0.59,  0.00,  0.06,   77086963,   69980000,    6998000,   90980046, c++, elite, mult, 8
2434389.exe ,  1.96,  0.61,  0.58,  0.00,  0.06,   76724110,   68739000,    7969000,   90606268, c++, elite, mult, 8
2434389.exe ,  2.12,  0.62,  0.59,  0.00,  0.06,   77583117,   74532000,    3021000,   91923797, c++, elite, mult, 8
2434389.exe ,  1.97,  0.61,  0.58,  0.00,  0.06,   77044195,   68025000,    9003000,   90803077, c++, elite, mult, 8
2563628.exe ,  3.94,  1.22,  1.17,  0.00,  0.10,  153802504,  143770000,    9984000,  167874654, c++, elite, mult, 8
2563628.exe ,  4.05,  1.24,  1.18,  0.00,  0.10,  154509823,  144505000,    9965000,  168392945, c++, elite, mult, 8
2563628.exe ,  3.89,  1.24,  1.18,  0.00,  0.10,  154208617,  146152000,    8008000,  168071025, c++, elite, mult, 8
2563628.exe ,  3.83,  1.22,  1.16,  0.00,  0.10,  152160820,  144137000,    8007000,  166296689, c++, elite, mult, 8
2563628.exe ,  3.98,  1.21,  1.16,  0.00,  0.10,  152567221,  144434000,    8024000,  166361406, c++, elite, mult, 8
2563628.exe ,  4.05,  1.27,  1.20,  0.00,  0.10,  158129648,  146175000,   11932000,  172039845, c++, elite, mult, 8
2563628.exe ,  3.83,  1.23,  1.17,  0.00,  0.10,  152993980,  143985000,    8999000,  167559297, c++, elite, mult, 8
2563628.exe ,  3.98,  1.23,  1.17,  0.00,  0.10,  154070544,  147043000,    7002000,  168019437, c++, elite, mult, 8
2563628.exe ,  3.80,  1.22,  1.16,  0.00,  0.10,  152820937,  144817000,    7989000,  167067801, c++, elite, mult, 8
2563628.exe ,  3.84,  1.23,  1.17,  0.00,  0.10,  153385627,  143425000,    9960000,  167333833, c++, elite, mult, 8
2568363.exe ,  1.82,  0.57,  0.54,  0.00,  0.05,   70753843,   67681000,    3030000,   85150240, c++, elite, mult, 8
2568363.exe ,  1.81,  0.57,  0.54,  0.00,  0.05,   71248070,   67128000,    4007000,   85598231, c++, elite, mult, 8
2568363.exe ,  1.85,  0.58,  0.55,  0.00,  0.05,   71485103,   66372000,    5028000,   85195019, c++, elite, mult, 8
2568363.exe ,  1.84,  0.57,  0.54,  0.00,  0.05,   71534917,   68483000,    3021000,   84858584, c++, elite, mult, 8
2568363.exe ,  1.96,  0.57,  0.54,  0.00,  0.05,   72204554,   67147000,    5011000,   86965342, c++, elite, mult, 8
2568363.exe ,  1.84,  0.57,  0.54,  0.00,  0.05,   71692380,   66627000,    5047000,   85200782, c++, elite, mult, 8
2568363.exe ,  1.83,  0.58,  0.55,  0.00,  0.05,   71968293,   70864000,    1012000,   85771538, c++, elite, mult, 8
2568363.exe ,  1.82,  0.56,  0.53,  0.00,  0.05,   72348061,   68323000,    4019000,   87145993, c++, elite, mult, 8
2568363.exe ,  1.82,  0.57,  0.54,  0.00,  0.05,   71009017,   67002000,    4000000,   84950887, c++, elite, mult, 8
2568363.exe ,  1.96,  0.58,  0.55,  0.00,  0.05,   71330916,   66292000,    5022000,   85326232, c++, elite, mult, 8
269896.exe  ,  1.96,  0.59,  0.56,  0.00,  0.05,   73860618,   69850000,    3991000,   87642539, c++, elite, mult, 8
269896.exe  ,  1.90,  0.57,  0.55,  0.00,  0.05,   72244265,   62201000,   10032000,   86172269, c++, elite, mult, 8
269896.exe  ,  1.91,  0.58,  0.55,  0.00,  0.05,   72644879,   65540000,    7058000,   86497864, c++, elite, mult, 8
269896.exe  ,  1.85,  0.57,  0.55,  0.00,  0.05,   71997766,   64982000,    6998000,   85986402, c++, elite, mult, 8
269896.exe  ,  1.86,  0.58,  0.55,  0.00,  0.05,   72851002,   65968000,    6892000,   87027712, c++, elite, mult, 8
269896.exe  ,  1.95,  0.59,  0.56,  0.00,  0.05,   73766325,   65780000,    7973000,   87104606, c++, elite, mult, 8
269896.exe  ,  1.92,  0.57,  0.54,  0.00,  0.05,   74757292,   67776000,    6977000,   89421040, c++, elite, mult, 8
269896.exe  ,  1.86,  0.58,  0.55,  0.00,  0.05,   72662814,   67550000,    5041000,   86343932, c++, elite, mult, 8
269896.exe  ,  1.92,  0.59,  0.56,  0.00,  0.05,   73973216,   69962000,    3997000,   87483360, c++, elite, mult, 8
269896.exe  ,  1.82,  0.58,  0.55,  0.00,  0.05,   72314732,   62250000,   10040000,   86287461, c++, elite, mult, 8
2825005.exe ,  1.89,  0.58,  0.56,  0.00,  0.05,   73503831,   65435000,    8053000,   87397942, c++, elite, mult, 8
2825005.exe ,  1.90,  0.60,  0.57,  0.00,  0.05,   74511194,   64428000,   10067000,   88359185, c++, elite, mult, 8
2825005.exe ,  1.86,  0.58,  0.56,  0.00,  0.05,   73508834,   67543000,    5959000,   87679541, c++, elite, mult, 8
2825005.exe ,  1.92,  0.59,  0.56,  0.00,  0.05,   75393706,   69343000,    6029000,   89430715, c++, elite, mult, 8
2825005.exe ,  1.93,  0.59,  0.56,  0.00,  0.05,   74188360,   70174000,    4009000,   87475138, c++, elite, mult, 8
2825005.exe ,  1.91,  0.60,  0.57,  0.00,  0.05,   75353760,   71330000,    4018000,   90082061, c++, elite, mult, 8
2825005.exe ,  1.88,  0.59,  0.57,  0.00,  0.05,   74432209,   67366000,    7038000,   88332130, c++, elite, mult, 8
2825005.exe ,  1.90,  0.60,  0.57,  0.00,  0.05,   74944424,   71934000,    2997000,   88492874, c++, elite, mult, 8
2825005.exe ,  1.87,  0.59,  0.57,  0.00,  0.05,   74463990,   69360000,    5026000,   88207559, c++, elite, mult, 8
2825005.exe ,  1.95,  0.59,  0.56,  0.00,  0.05,   73889745,   66888000,    6988000,   87890434, c++, elite, mult, 8
2864602.exe ,  1.80,  0.57,  0.54,  0.00,  0.05,   71401563,   63267000,    8033000,   85921305, c++, elite, mult, 8
2864602.exe ,  1.83,  0.57,  0.55,  0.00,  0.05,   73243109,   69286000,    3959000,   88108066, c++, elite, mult, 8
2864602.exe ,  1.80,  0.57,  0.54,  0.00,  0.05,   71595563,   65621000,    5965000,   85530281, c++, elite, mult, 8
2864602.exe ,  1.94,  0.57,  0.55,  0.00,  0.05,   72282873,   65235000,    7025000,   85993623, c++, elite, mult, 8
2864602.exe ,  1.85,  0.58,  0.55,  0.00,  0.05,   73738789,   65754000,    7970000,   87590681, c++, elite, mult, 8
2864602.exe ,  1.82,  0.57,  0.55,  0.00,  0.05,   71667075,   64594000,    7065000,   85632069, c++, elite, mult, 8
2864602.exe ,  2.10,  0.66,  0.63,  0.00,  0.06,   83269027,   73186000,   10025000,   96816314, c++, elite, mult, 8
2864602.exe ,  1.81,  0.58,  0.55,  0.00,  0.05,   71756563,   65757000,    5977000,   85184432, c++, elite, mult, 8
2864602.exe ,  1.97,  0.58,  0.55,  0.00,  0.05,   72220072,   66158000,    6014000,   85505356, c++, elite, mult, 8
2864602.exe ,  1.83,  0.58,  0.56,  0.00,  0.05,   72035570,   61987000,    9998000,   86873077, c++, elite, mult, 8
286469.exe  ,  1.90,  0.60,  0.57,  0.00,  0.06,   75345338,   70365000,    4955000,   89350698, c++, elite, mult, 8
286469.exe  ,  2.04,  0.61,  0.58,  0.00,  0.06,   75966173,   72937000,    2997000,   90084869, c++, elite, mult, 8
286469.exe  ,  1.95,  0.60,  0.57,  0.00,  0.06,   76858797,   67866000,    8982000,   90506060, c++, elite, mult, 8
286469.exe  ,  1.92,  0.60,  0.57,  0.00,  0.06,   75941299,   68943000,    6994000,   89893537, c++, elite, mult, 8
286469.exe  ,  1.93,  0.60,  0.57,  0.00,  0.06,   75648790,   68675000,    6967000,   89447720, c++, elite, mult, 8
286469.exe  ,  1.91,  0.60,  0.57,  0.00,  0.06,   75224607,   71193000,    4010000,   88664978, c++, elite, mult, 8
286469.exe  ,  2.01,  0.60,  0.57,  0.00,  0.06,   75408948,   68399000,    6939000,   89168170, c++, elite, mult, 8
286469.exe  ,  1.91,  0.60,  0.57,  0.00,  0.06,   75199706,   71095000,    4005000,   89558173, c++, elite, mult, 8
286469.exe  ,  2.00,  0.61,  0.58,  0.00,  0.06,   76620340,   71497000,    5035000,   90328732, c++, elite, mult, 8
286469.exe  ,  1.91,  0.60,  0.58,  0.00,  0.06,   74987595,   69973000,    4998000,   89333526, c++, elite, mult, 8
3048276.exe ,  2.01,  0.61,  0.58,  0.00,  0.06,   75956684,   69939000,    5994000,   90321312, c++, elite, mult, 8
3048276.exe ,  1.99,  0.62,  0.58,  0.00,  0.06,   77246326,   67341000,    9903000,   91111777, c++, elite, mult, 8
3048276.exe ,  1.97,  0.61,  0.59,  0.00,  0.06,   77479715,   68526000,    8938000,   91157347, c++, elite, mult, 8
3048276.exe ,  2.03,  0.63,  0.59,  0.00,  0.06,   77513036,   70408000,    7040000,   91680361, c++, elite, mult, 8
3048276.exe ,  2.02,  0.61,  0.58,  0.00,  0.06,   76605209,   68645000,    7958000,   89989822, c++, elite, mult, 8
3048276.exe ,  1.98,  0.61,  0.59,  0.00,  0.06,   77287153,   72262000,    5018000,   90746115, c++, elite, mult, 8
3048276.exe ,  1.96,  0.61,  0.58,  0.00,  0.06,   76669846,   67711000,    8961000,   90564563, c++, elite, mult, 8
3048276.exe ,  1.98,  0.62,  0.59,  0.00,  0.06,   77505400,   69445000,    8051000,   91243643, c++, elite, mult, 8
3048276.exe ,  1.96,  0.61,  0.58,  0.00,  0.06,   76997746,   71990000,    4999000,   90949321, c++, elite, mult, 8
3048276.exe ,  2.07,  0.62,  0.59,  0.00,  0.06,   76979778,   66969000,    9995000,   91259355, c++, elite, mult, 8
3079156.exe ,  1.90,  0.58,  0.56,  0.00,  0.05,   73089655,   68052000,    5003000,   87090581, c++, elite, mult, 8
3079156.exe ,  1.89,  0.58,  0.56,  0.00,  0.05,   73249669,   66217000,    7023000,   87028851, c++, elite, mult, 8
3079156.exe ,  1.91,  0.59,  0.56,  0.00,  0.05,   73706744,   67594000,    6053000,   87572284, c++, elite, mult, 8
3079156.exe ,  1.99,  0.59,  0.56,  0.00,  0.05,   73648727,   69639000,    3979000,   87573484, c++, elite, mult, 8
3079156.exe ,  1.86,  0.58,  0.56,  0.00,  0.05,   73212792,   64168000,    9023000,   86604844, c++, elite, mult, 8
3079156.exe ,  1.88,  0.59,  0.56,  0.00,  0.05,   73515358,   66448000,    7047000,   86950425, c++, elite, mult, 8
3079156.exe ,  1.87,  0.58,  0.55,  0.00,  0.05,   75100512,   67016000,    8001000,   89862906, c++, elite, mult, 8
3079156.exe ,  1.89,  0.60,  0.57,  0.00,  0.05,   74369151,   64262000,   10040000,   88414050, c++, elite, mult, 8
3079156.exe ,  1.98,  0.59,  0.56,  0.00,  0.05,   74228277,   66194000,    8023000,   87937462, c++, elite, mult, 8
3079156.exe ,  1.89,  0.59,  0.56,  0.00,  0.05,   74646964,   62520000,   11908000,   88933459, c++, elite, mult, 8
3097002.exe ,  2.17,  0.63,  0.59,  0.00,  0.06,   78752597,   71675000,    7066000,   93860953, c++, elite, mult, 8
3097002.exe ,  1.99,  0.62,  0.60,  0.00,  0.06,   78423488,   70378000,    8043000,   91869166, c++, elite, mult, 8
3097002.exe ,  2.03,  0.62,  0.59,  0.00,  0.06,   78232869,   70200000,    8022000,   92524651, c++, elite, mult, 8
3097002.exe ,  2.04,  0.63,  0.60,  0.00,  0.06,   78857480,   67866000,   10978000,   92661813, c++, elite, mult, 8
3097002.exe ,  2.06,  0.63,  0.60,  0.00,  0.06,   79056021,   69978000,    8997000,   92914195, c++, elite, mult, 8
3097002.exe ,  2.12,  0.63,  0.60,  0.00,  0.06,   78908511,   67080000,   11837000,   92293769, c++, elite, mult, 8
3097002.exe ,  2.06,  0.63,  0.60,  0.00,  0.06,   78757343,   71640000,    7063000,   92863511, c++, elite, mult, 8
3097002.exe ,  2.02,  0.63,  0.60,  0.00,  0.06,   79194328,   72181000,    7017000,   92682103, c++, elite, mult, 8
3097002.exe ,  2.03,  0.64,  0.60,  0.00,  0.06,   79575784,   70470000,    9060000,   93179910, c++, elite, mult, 8
3097002.exe ,  2.00,  0.62,  0.59,  0.00,  0.06,   78530034,   73490000,    5033000,   92415656, c++, elite, mult, 8
3101111.exe ,  3.45,  1.11,  1.06,  0.00,  0.08,  139233307,  136223000,    2983000,  153789308, c++, elite, mult, 8
3101111.exe ,  3.42,  1.11,  1.06,  0.00,  0.08,  138966976,  134905000,    4027000,  152800052, c++, elite, mult, 8
3101111.exe ,  3.59,  1.11,  1.06,  0.00,  0.08,  139247751,  132287000,    6962000,  153705937, c++, elite, mult, 8
3101111.exe ,  3.46,  1.12,  1.06,  0.00,  0.08,  139707636,  132719000,    6985000,  153134506, c++, elite, mult, 8
3101111.exe ,  3.46,  1.11,  1.06,  0.00,  0.08,  139466053,  134356000,    5013000,  154470221, c++, elite, mult, 8
3101111.exe ,  3.57,  1.10,  1.06,  0.00,  0.08,  138636645,  134637000,    3989000,  152584274, c++, elite, mult, 8
3101111.exe ,  3.50,  1.11,  1.06,  0.00,  0.08,  138513598,  130526000,    7971000,  152294067, c++, elite, mult, 8
3101111.exe ,  3.49,  1.11,  1.06,  0.00,  0.08,  138482423,  131392000,    7020000,  152922728, c++, elite, mult, 8
3101111.exe ,  3.52,  1.11,  1.06,  0.00,  0.08,  138917714,  135896000,    2997000,  152682408, c++, elite, mult, 8
3101111.exe ,  3.53,  1.10,  1.05,  0.00,  0.08,  138146877,  131120000,    7006000,  152022284, c++, elite, mult, 8
3183555.exe ,  3.46,  1.10,  1.05,  0.00,  0.08,  138120187,  134071000,    4002000,  152417315, c++, elite, mult, 8
3183555.exe ,  3.55,  1.09,  1.04,  0.00,  0.08,  137332906,  132313000,    5011000,  151210006, c++, elite, mult, 8
3183555.exe ,  3.47,  1.11,  1.05,  0.00,  0.08,  138133435,  132149000,    5961000,  152980038, c++, elite, mult, 8
3183555.exe ,  3.53,  1.12,  1.08,  0.00,  0.08,  141314275,  138203000,    3004000,  154682100, c++, elite, mult, 8
3183555.exe ,  3.66,  1.10,  1.05,  0.00,  0.08,  138221885,  134203000,    4006000,  151871349, c++, elite, mult, 8
3183555.exe ,  3.54,  1.12,  1.06,  0.00,  0.08,  139235310,  133148000,    5961000,  152997970, c++, elite, mult, 8
3183555.exe ,  3.52,  1.11,  1.06,  0.00,  0.08,  139043829,  138036000,    1000000,  153087816, c++, elite, mult, 8
3183555.exe ,  3.71,  1.12,  1.07,  0.00,  0.08,  140121748,  137119000,    3002000,  153633505, c++, elite, mult, 8
3183555.exe ,  3.46,  1.10,  1.05,  0.00,  0.08,  139056594,  134052000,    5001000,  152487454, c++, elite, mult, 8
3183555.exe ,  3.57,  1.12,  1.06,  0.00,  0.08,  139221206,  136180000,    3003000,  153176368, c++, elite, mult, 8
3432335.exe ,  2.13,  0.64,  0.61,  0.00,  0.06,   80645428,   72658000,    7962000,   95083779, c++, elite, mult, 8
3432335.exe ,  2.19,  0.66,  0.62,  0.00,  0.07,   82440199,   74314000,    8034000,   96364436, c++, elite, mult, 8
3432335.exe ,  2.17,  0.65,  0.62,  0.00,  0.07,   82635748,   72574000,    9941000,   95900018, c++, elite, mult, 8
3432335.exe ,  2.07,  0.65,  0.62,  0.00,  0.06,   81062211,   70051000,   11008000,   94557773, c++, elite, mult, 8
3432335.exe ,  2.20,  0.64,  0.61,  0.00,  0.06,   82026258,   73097000,    8890000,   95488731, c++, elite, mult, 8
3432335.exe ,  2.11,  0.64,  0.61,  0.00,  0.06,   80824588,   71835000,    8979000,   94278497, c++, elite, mult, 8
3432335.exe ,  2.12,  0.65,  0.61,  0.00,  0.07,   81255797,   74323000,    6936000,   94961341, c++, elite, mult, 8
3432335.exe ,  2.09,  0.65,  0.61,  0.00,  0.06,   80882780,   67068000,   13808000,   94594886, c++, elite, mult, 8
3432335.exe ,  2.05,  0.64,  0.61,  0.00,  0.06,   81049240,   72035000,    9004000,   95391344, c++, elite, mult, 8
3432335.exe ,  2.18,  0.64,  0.61,  0.00,  0.06,   80884273,   71888000,    8986000,   94803296, c++, elite, mult, 8
3653114.exe ,  2.06,  0.65,  0.61,  0.00,  0.06,   80459994,   65361000,   15083000,   94225674, c++, elite, mult, 8
3653114.exe ,  2.02,  0.64,  0.61,  0.00,  0.06,   80649986,   75659000,    4977000,   94157152, c++, elite, mult, 8
3653114.exe ,  2.16,  0.64,  0.62,  0.00,  0.06,   81378077,   74340000,    7032000,   95020493, c++, elite, mult, 8
3653114.exe ,  2.05,  0.65,  0.61,  0.00,  0.06,   80463821,   72345000,    8038000,   94056341, c++, elite, mult, 8
3653114.exe ,  2.07,  0.65,  0.62,  0.00,  0.06,   81411617,   76382000,    5025000,   94712644, c++, elite, mult, 8
3653114.exe ,  2.02,  0.63,  0.61,  0.00,  0.06,   80541080,   73573000,    6959000,   94007403, c++, elite, mult, 8
3653114.exe ,  2.07,  0.65,  0.62,  0.00,  0.06,   81762834,   74786000,    6980000,   95223609, c++, elite, mult, 8
3653114.exe ,  2.18,  0.65,  0.61,  0.00,  0.06,   80791534,   73797000,    6980000,   94221379, c++, elite, mult, 8
3653114.exe ,  2.05,  0.64,  0.61,  0.00,  0.06,   80974932,   75972000,    4998000,   94727742, c++, elite, mult, 8
3653114.exe ,  2.07,  0.65,  0.62,  0.00,  0.06,   81373094,   73263000,    8028000,   95340954, c++, elite, mult, 8
384742.exe  ,  2.00,  0.62,  0.59,  0.00,  0.05,   77592026,   71605000,    5967000,   92591275, c++, elite, mult, 8
384742.exe  ,  2.01,  0.61,  0.59,  0.00,  0.05,   76693179,   72697000,    3983000,   90874928, c++, elite, mult, 8
384742.exe  ,  1.91,  0.61,  0.58,  0.00,  0.05,   76710095,   68731000,    7968000,   90181525, c++, elite, mult, 8
384742.exe  ,  1.94,  0.61,  0.59,  0.00,  0.05,   77077440,   71051000,    6004000,   90842603, c++, elite, mult, 8
384742.exe  ,  1.95,  0.62,  0.59,  0.00,  0.05,   77878203,   72870000,    4991000,   91740758, c++, elite, mult, 8
384742.exe  ,  2.00,  0.62,  0.59,  0.00,  0.05,   77374489,   71333000,    6028000,   91071509, c++, elite, mult, 8
384742.exe  ,  1.97,  0.61,  0.59,  0.00,  0.05,   77484892,   69449000,    7937000,   96944126, c++, elite, mult, 8
384742.exe  ,  2.04,  0.63,  0.60,  0.00,  0.05,   78211051,   72197000,    5934000,   92146084, c++, elite, mult, 8
384742.exe  ,  1.94,  0.62,  0.59,  0.00,  0.05,   77607452,   70620000,    6962000,   91519114, c++, elite, mult, 8
384742.exe  ,  2.00,  0.62,  0.60,  0.00,  0.05,   78552588,   74423000,    4022000,   92439116, c++, elite, mult, 8
3896913.exe ,  1.87,  0.57,  0.54,  0.00,  0.05,   72730157,   67741000,    4981000,   86901190, c++, elite, mult, 8
3896913.exe ,  1.84,  0.58,  0.56,  0.00,  0.05,   72976831,   64838000,    7980000,   87021857, c++, elite, mult, 8
3896913.exe ,  1.86,  0.58,  0.55,  0.00,  0.05,   71902304,   67800000,    4047000,   85630191, c++, elite, mult, 8
3896913.exe ,  1.88,  0.58,  0.56,  0.00,  0.05,   74210441,   69168000,    5012000,   87770302, c++, elite, mult, 8
3896913.exe ,  1.96,  0.58,  0.55,  0.00,  0.05,   73129860,   66218000,    6918000,   86740246, c++, elite, mult, 8
3896913.exe ,  1.87,  0.57,  0.55,  0.00,  0.05,   72732383,   66663000,    6060000,   87149508, c++, elite, mult, 8
3896913.exe ,  1.83,  0.58,  0.55,  0.00,  0.05,   72551023,   67502000,    5037000,   86182388, c++, elite, mult, 8
3896913.exe ,  1.88,  0.58,  0.55,  0.00,  0.05,   72280944,   65200000,    7021000,   86114548, c++, elite, mult, 8
3896913.exe ,  1.84,  0.57,  0.55,  0.00,  0.05,   72490374,   65524000,    6949000,   86881100, c++, elite, mult, 8
3896913.exe ,  1.96,  0.58,  0.55,  0.00,  0.05,   72058950,   66993000,    4999000,   86871916, c++, elite, mult, 8
3900160.exe ,  2.12,  0.66,  0.62,  0.00,  0.06,   82224296,   78206000,    4010000,   96091172, c++, elite, mult, 8
3900160.exe ,  2.13,  0.65,  0.62,  0.00,  0.06,   82191547,   76070000,    6005000,   96048552, c++, elite, mult, 8
3900160.exe ,  2.15,  0.65,  0.62,  0.00,  0.07,   82595144,   76605000,    5969000,   95957945, c++, elite, mult, 8
3900160.exe ,  2.19,  0.65,  0.62,  0.00,  0.06,   82215200,   77187000,    5012000,   95706908, c++, elite, mult, 8
3900160.exe ,  2.19,  0.66,  0.63,  0.00,  0.07,   82900418,   71906000,   10985000,   96442623, c++, elite, mult, 8
3900160.exe ,  2.08,  0.65,  0.62,  0.00,  0.06,   82251902,   78225000,    4011000,   96018064, c++, elite, mult, 8
3900160.exe ,  2.11,  0.65,  0.62,  0.00,  0.06,   82616315,   73644000,    8956000,   96363945, c++, elite, mult, 8
3900160.exe ,  2.21,  0.65,  0.62,  0.00,  0.07,   82105632,   73087000,    9010000,   96035178, c++, elite, mult, 8
3900160.exe ,  2.11,  0.65,  0.62,  0.00,  0.06,   81682653,   73701000,    7967000,   95440236, c++, elite, mult, 8
3900160.exe ,  2.07,  0.65,  0.62,  0.00,  0.06,   81881009,   72816000,    8977000,   95818817, c++, elite, mult, 8
3977915.exe ,  3.88,  1.15,  1.10,  0.00,  0.10,  149155901,  137232000,   11933000,  164317005, c++, elite, mult, 8
3977915.exe ,  3.70,  1.16,  1.11,  0.00,  0.09,  146135711,  140123000,    6005000,  159603757, c++, elite, mult, 8
3977915.exe ,  3.72,  1.17,  1.12,  0.00,  0.09,  146891777,  141887000,    4996000,  160135319, c++, elite, mult, 8
3977915.exe ,  3.89,  1.17,  1.12,  0.00,  0.10,  147905163,  140857000,    6992000,  161743112, c++, elite, mult, 8
3977915.exe ,  3.72,  1.18,  1.13,  0.00,  0.10,  148077255,  139987000,    7999000,  161751670, c++, elite, mult, 8
3977915.exe ,  3.70,  1.18,  1.13,  0.00,  0.09,  148497451,  142460000,    5977000,  163265919, c++, elite, mult, 8
3977915.exe ,  3.73,  1.18,  1.12,  0.00,  0.09,  146919725,  140910000,    5996000,  161244917, c++, elite, mult, 8
3977915.exe ,  3.66,  1.17,  1.12,  0.00,  0.09,  146513883,  138521000,    7972000,  160741480, c++, elite, mult, 8
3977915.exe ,  3.63,  1.17,  1.11,  0.00,  0.09,  146890517,  135886000,   10990000,  160834666, c++, elite, mult, 8
3977915.exe ,  3.68,  1.17,  1.12,  0.00,  0.09,  147532390,  143498000,    4013000,  161295089, c++, elite, mult, 8
4033232.exe ,  3.81,  1.21,  1.15,  0.00,  0.09,  150943046,  145879000,    4995000,  165167804, c++, elite, mult, 8
4033232.exe ,  3.81,  1.22,  1.16,  0.00,  0.10,  151969049,  145856000,    5994000,  165932369, c++, elite, mult, 8
4033232.exe ,  3.93,  1.20,  1.15,  0.00,  0.10,  151532035,  147526000,    3987000,  165517848, c++, elite, mult, 8
4033232.exe ,  3.79,  1.20,  1.14,  0.00,  0.09,  149800954,  144784000,    4992000,  164000726, c++, elite, mult, 8
4033232.exe ,  3.76,  1.20,  1.15,  0.00,  0.09,  151607384,  142535000,    8970000,  165378856, c++, elite, mult, 8
4033232.exe ,  4.03,  1.24,  1.19,  0.00,  0.10,  155643477,  151617000,    3989000,  169506558, c++, elite, mult, 8
4033232.exe ,  3.76,  1.21,  1.15,  0.00,  0.10,  151378554,  145358000,    5973000,  165316793, c++, elite, mult, 8
4033232.exe ,  3.78,  1.21,  1.15,  0.00,  0.10,  151714549,  141700000,    9978000,  165374263, c++, elite, mult, 8
4033232.exe ,  3.96,  1.21,  1.16,  0.00,  0.10,  152161038,  143145000,    9009000,  166094655, c++, elite, mult, 8
4033232.exe ,  3.74,  1.20,  1.14,  0.00,  0.09,  149928372,  143914000,    5996000,  164371250, c++, elite, mult, 8
4076739.exe ,  1.86,  0.56,  0.54,  0.00,  0.05,   70518174,   67528000,    2979000,   84290312, c++, elite, mult, 8
4076739.exe ,  1.85,  0.56,  0.54,  0.00,  0.05,   70535526,   63501000,    6945000,   84188978, c++, elite, mult, 8
4076739.exe ,  1.86,  0.57,  0.54,  0.00,  0.05,   70702699,   66525000,    4031000,   84029226, c++, elite, mult, 8
4076739.exe ,  1.83,  0.56,  0.54,  0.00,  0.05,   71603525,   68529000,    3023000,   85050227, c++, elite, mult, 8
4076739.exe ,  1.85,  0.57,  0.54,  0.00,  0.05,   71301040,   66205000,    5015000,   85029738, c++, elite, mult, 8
4076739.exe ,  1.85,  0.57,  0.54,  0.00,  0.05,   71083526,   64954000,    5995000,   84433343, c++, elite, mult, 8
4076739.exe ,  1.92,  0.57,  0.54,  0.00,  0.05,   71362480,   67407000,    3965000,   84752228, c++, elite, mult, 8
4076739.exe ,  1.84,  0.56,  0.54,  0.00,  0.05,   70862487,   58862000,   11972000,   84081261, c++, elite, mult, 8
4076739.exe ,  1.84,  0.57,  0.54,  0.00,  0.05,   71098047,   68079000,    3003000,   84819738, c++, elite, mult, 8
4076739.exe ,  1.84,  0.55,  0.52,  0.00,  0.05,   72242719,   67220000,    5016000,   87063698, c++, elite, mult, 8
4119306.exe ,  1.80,  0.55,  0.53,  0.00,  0.05,   71265977,   63343000,    7917000,   86175881, c++, elite, mult, 8
4119306.exe ,  1.86,  0.57,  0.54,  0.00,  0.05,   71105047,   67080000,    4004000,   84594615, c++, elite, mult, 8
4119306.exe ,  1.85,  0.56,  0.54,  0.00,  0.05,   70582909,   67544000,    3024000,   84082972, c++, elite, mult, 8
4119306.exe ,  1.86,  0.58,  0.55,  0.00,  0.05,   71933037,   65923000,    5993000,   85940710, c++, elite, mult, 8
4119306.exe ,  1.93,  0.57,  0.54,  0.00,  0.05,   71155877,   66078000,    5005000,   84961330, c++, elite, mult, 8
4119306.exe ,  1.85,  0.57,  0.54,  0.00,  0.05,   70823445,   66770000,    3986000,   84231491, c++, elite, mult, 8
4119306.exe ,  1.85,  0.57,  0.54,  0.00,  0.05,   71252466,   63220000,    8028000,   84888795, c++, elite, mult, 8
4119306.exe ,  1.84,  0.58,  0.54,  0.00,  0.05,   71420223,   66378000,    5028000,   85242962, c++, elite, mult, 8
4119306.exe ,  1.83,  0.56,  0.54,  0.00,  0.05,   71959346,   65855000,    5986000,   86233015, c++, elite, mult, 8
4119306.exe ,  1.89,  0.57,  0.55,  0.00,  0.05,   72030695,   66903000,    4992000,   85705976, c++, elite, mult, 8
4136921.exe ,  3.59,  1.10,  1.05,  0.00,  0.08,  137392682,  131305000,    6014000,  151325752, c++, elite, mult, 8
4136921.exe ,  3.43,  1.10,  1.05,  0.00,  0.08,  137240840,  133144000,    4004000,  151366080, c++, elite, mult, 8
4136921.exe ,  3.45,  1.11,  1.05,  0.00,  0.08,  138088439,  130050000,    8003000,  151860226, c++, elite, mult, 8
4136921.exe ,  3.51,  1.10,  1.05,  0.00,  0.08,  138075761,  133044000,    5001000,  151798576, c++, elite, mult, 8
4136921.exe ,  3.44,  1.09,  1.04,  0.00,  0.08,  137203619,  133183000,    4005000,  151312736, c++, elite, mult, 8
4136921.exe ,  3.86,  1.18,  1.12,  0.00,  0.10,  146955145,  139344000,    7068000,  160885763, c++, elite, mult, 8
4136921.exe ,  3.47,  1.10,  1.05,  0.00,  0.08,  138016084,  133002000,    5000000,  151958249, c++, elite, mult, 8
4136921.exe ,  3.58,  1.10,  1.05,  0.00,  0.08,  137728113,  134717000,    3016000,  152128507, c++, elite, mult, 8
4136921.exe ,  3.44,  1.09,  1.05,  0.00,  0.08,  137889445,  131877000,    5994000,  151481790, c++, elite, mult, 8
4136921.exe ,  3.49,  1.11,  1.06,  0.00,  0.08,  139080896,  135053000,    4001000,  153827502, c++, elite, mult, 8
4188908.exe ,  1.89,  0.58,  0.56,  0.00,  0.05,   73604385,   66542000,    6952000,   87956986, c++, elite, mult, 8
4188908.exe ,  1.89,  0.58,  0.55,  0.00,  0.06,   72788104,   64689000,    7961000,   86777439, c++, elite, mult, 8
4188908.exe ,  1.93,  0.58,  0.55,  0.00,  0.05,   73010181,   65002000,    8000000,   86404532, c++, elite, mult, 8
4188908.exe ,  1.97,  0.59,  0.56,  0.00,  0.06,   73841920,   69803000,    3988000,   87449023, c++, elite, mult, 8
4188908.exe ,  1.87,  0.57,  0.55,  0.00,  0.05,   72386461,   67338000,    5025000,   86279918, c++, elite, mult, 8
4188908.exe ,  1.89,  0.58,  0.56,  0.00,  0.05,   73382580,   67418000,    5948000,   87200836, c++, elite, mult, 8
4188908.exe ,  1.91,  0.59,  0.56,  0.00,  0.06,   73863100,   70858000,    2994000,   87507712, c++, elite, mult, 8
4188908.exe ,  1.91,  0.57,  0.54,  0.00,  0.05,   74122434,   69102000,    5007000,   87904253, c++, elite, mult, 8
4188908.exe ,  1.97,  0.58,  0.56,  0.00,  0.06,   73534320,   67563000,    5961000,   87395596, c++, elite, mult, 8
4188908.exe ,  1.89,  0.56,  0.53,  0.00,  0.06,   75656804,   68689000,    6968000,   90040296, c++, elite, mult, 8
420179.exe  ,  1.75,  0.55,  0.52,  0.00,  0.04,   68118625,   64057000,    4003000,   82333377, c++, elite, mult, 8
420179.exe  ,  1.85,  0.54,  0.52,  0.00,  0.04,   68921085,   60920000,    7989000,   82691287, c++, elite, mult, 8
420179.exe  ,  1.78,  0.56,  0.53,  0.00,  0.05,   69169770,   63211000,    5926000,   83735341, c++, elite, mult, 8
420179.exe  ,  1.78,  0.55,  0.53,  0.00,  0.05,   69472454,   64497000,    4961000,   83051785, c++, elite, mult, 8
420179.exe  ,  1.79,  0.55,  0.52,  0.00,  0.05,   69509984,   63452000,    6043000,   82989570, c++, elite, mult, 8
420179.exe  ,  1.79,  0.55,  0.52,  0.00,  0.05,   69220926,   63180000,    6017000,   82748441, c++, elite, mult, 8
420179.exe  ,  1.83,  0.55,  0.52,  0.00,  0.05,   68736671,   64656000,    4041000,   82751237, c++, elite, mult, 8
420179.exe  ,  1.83,  0.54,  0.52,  0.00,  0.05,   69381214,   64348000,    5027000,   82729036, c++, elite, mult, 8
420179.exe  ,  1.81,  0.56,  0.53,  0.00,  0.05,   69244862,   65162000,    4009000,   83131905, c++, elite, mult, 8
420179.exe  ,  1.80,  0.55,  0.53,  0.00,  0.05,   69282471,   67262000,    2007000,   83033654, c++, elite, mult, 8
4269635.exe ,  3.85,  1.15,  1.10,  0.00,  0.09,  148018050,  142017000,    6000000,  163206007, c++, elite, mult, 8
4269635.exe ,  3.68,  1.16,  1.11,  0.00,  0.09,  146643891,  138661000,    7980000,  160073219, c++, elite, mult, 8
4269635.exe ,  3.63,  1.16,  1.10,  0.00,  0.09,  145116319,  139105000,    6004000,  158639203, c++, elite, mult, 8
4269635.exe ,  3.74,  1.15,  1.10,  0.00,  0.09,  144599012,  139601000,    4985000,  158036342, c++, elite, mult, 8
4269635.exe ,  3.62,  1.15,  1.10,  0.00,  0.09,  144059234,  137099000,    6954000,  157940051, c++, elite, mult, 8
4269635.exe ,  3.61,  1.15,  1.10,  0.00,  0.09,  144033483,  135846000,    8050000,  158022776, c++, elite, mult, 8
4269635.exe ,  3.72,  1.16,  1.10,  0.00,  0.09,  144465952,  140369000,    4010000,  159018970, c++, elite, mult, 8
4269635.exe ,  3.68,  1.15,  1.10,  0.00,  0.09,  144657526,  133665000,   10972000,  158403187, c++, elite, mult, 8
4269635.exe ,  3.63,  1.14,  1.09,  0.00,  0.09,  144111341,  137090000,    7004000,  158048598, c++, elite, mult, 8
4269635.exe ,  3.65,  1.15,  1.10,  0.00,  0.09,  145006294,  135981000,    8998000,  158875406, c++, elite, mult, 8
4327808.exe ,  3.54,  1.12,  1.07,  0.00,  0.08,  140501543,  131449000,    9030000,  154287329, c++, elite, mult, 8
4327808.exe ,  3.74,  1.18,  1.12,  0.00,  0.09,  148038649,  143976000,    3999000,  161874108, c++, elite, mult, 8
4327808.exe ,  3.76,  1.13,  1.08,  0.00,  0.09,  142275428,  135236000,    7012000,  156057051, c++, elite, mult, 8
4327808.exe ,  3.59,  1.14,  1.08,  0.00,  0.08,  141598205,  133601000,    7976000,  155657327, c++, elite, mult, 8
4327808.exe ,  3.47,  1.12,  1.07,  0.00,  0.08,  140788732,  133786000,    6988000,  154893038, c++, elite, mult, 8
4327808.exe ,  3.64,  1.14,  1.09,  0.00,  0.08,  142870320,  137873000,    4995000,  157186958, c++, elite, mult, 8
4327808.exe ,  3.47,  1.12,  1.08,  0.00,  0.08,  141510797,  134526000,    6975000,  155511767, c++, elite, mult, 8
4327808.exe ,  3.47,  1.13,  1.08,  0.00,  0.08,  141642722,  135636000,    5983000,  155938944, c++, elite, mult, 8
4327808.exe ,  3.56,  1.13,  1.08,  0.00,  0.09,  141547950,  138525000,    3011000,  155390151, c++, elite, mult, 8
4327808.exe ,  3.60,  1.14,  1.08,  0.00,  0.09,  142405791,  134371000,    8022000,  156244036, c++, elite, mult, 8
4371782.exe ,  3.60,  1.16,  1.11,  0.00,  0.09,  146083931,  139076000,    6953000,  160358267, c++, elite, mult, 8
4371782.exe ,  3.78,  1.16,  1.11,  0.00,  0.09,  145859829,  138783000,    6989000,  159595073, c++, elite, mult, 8
4371782.exe ,  3.56,  1.15,  1.11,  0.00,  0.09,  145470097,  139465000,    6020000,  158917245, c++, elite, mult, 8
4371782.exe ,  3.66,  1.18,  1.13,  0.00,  0.09,  148311852,  143286000,    5010000,  161763868, c++, elite, mult, 8
4371782.exe ,  3.76,  1.16,  1.11,  0.00,  0.09,  145493897,  138360000,    7018000,  159689989, c++, elite, mult, 8
4371782.exe ,  3.61,  1.16,  1.11,  0.00,  0.09,  145392137,  139230000,    6009000,  159310173, c++, elite, mult, 8
4371782.exe ,  3.68,  1.17,  1.12,  0.00,  0.09,  145801163,  141694000,    4019000,  160588964, c++, elite, mult, 8
4371782.exe ,  3.68,  1.16,  1.10,  0.00,  0.09,  144959984,  130873000,   13986000,  159327883, c++, elite, mult, 8
4371782.exe ,  3.59,  1.16,  1.10,  0.00,  0.09,  144797261,  135789000,    8986000,  158147312, c++, elite, mult, 8
4371782.exe ,  3.67,  1.16,  1.11,  0.00,  0.09,  145674409,  133653000,   11968000,  159109940, c++, elite, mult, 8
4500686.exe ,  1.82,  0.54,  0.52,  0.00,  0.04,   68017985,   63993000,    3999000,   82064356, c++, elite, mult, 8
4500686.exe ,  1.75,  0.55,  0.52,  0.00,  0.05,   68425497,   65345000,    3015000,   82436495, c++, elite, mult, 8
4500686.exe ,  1.72,  0.54,  0.52,  0.00,  0.05,   67777493,   62698000,    5056000,   81763946, c++, elite, mult, 8
4500686.exe ,  1.72,  0.54,  0.51,  0.00,  0.05,   67660523,   67649000,          0,   81012687, c++, elite, mult, 8
4500686.exe ,  1.69,  0.54,  0.52,  0.00,  0.05,   67838055,   61755000,    5976000,   81690630, c++, elite, mult, 8
4500686.exe ,  1.82,  0.54,  0.52,  0.00,  0.05,   67933928,   61937000,    5898000,   81613484, c++, elite, mult, 8
4500686.exe ,  1.72,  0.54,  0.52,  0.00,  0.05,   68117732,   65107000,    3004000,   81925169, c++, elite, mult, 8
4500686.exe ,  1.70,  0.53,  0.51,  0.00,  0.04,   67081339,   63065000,    4004000,   80938739, c++, elite, mult, 8
4500686.exe ,  1.73,  0.54,  0.51,  0.00,  0.05,   68757759,   61712000,    6967000,   83064839, c++, elite, mult, 8
4500686.exe ,  1.71,  0.54,  0.51,  0.00,  0.05,   67593944,   64453000,    3021000,   81346384, c++, elite, mult, 8
4521775.exe ,  3.56,  1.14,  1.09,  0.00,  0.09,  142906936,  138900000,    3997000,  156423508, c++, elite, mult, 8
4521775.exe ,  3.49,  1.14,  1.09,  0.00,  0.09,  143238319,  137218000,    6009000,  157579340, c++, elite, mult, 8
4521775.exe ,  3.48,  1.13,  1.08,  0.00,  0.09,  142496813,  136480000,    5977000,  157280041, c++, elite, mult, 8
4521775.exe ,  3.67,  1.14,  1.09,  0.00,  0.09,  142878925,  140738000,    2010000,  156199773, c++, elite, mult, 8
4521775.exe ,  3.54,  1.14,  1.08,  0.00,  0.09,  142632625,  140584000,    2008000,  156430271, c++, elite, mult, 8
4521775.exe ,  3.56,  1.14,  1.09,  0.00,  0.09,  142588305,  137489000,    5017000,  156304885, c++, elite, mult, 8
4521775.exe ,  3.71,  1.14,  1.09,  0.00,  0.09,  143179318,  141165000,    2002000,  158150891, c++, elite, mult, 8
4521775.exe ,  3.58,  1.14,  1.09,  0.00,  0.09,  143514231,  137415000,    6018000,  157495326, c++, elite, mult, 8
4521775.exe ,  3.56,  1.14,  1.08,  0.00,  0.09,  142728607,  139703000,    3015000,  156469870, c++, elite, mult, 8
4521775.exe ,  3.67,  1.14,  1.09,  0.00,  0.09,  142639536,  135528000,    7027000,  156184530, c++, elite, mult, 8
4538105.exe ,  2.44,  0.76,  0.73,  0.00,  0.07,   95783589,   76819000,   18955000,  110662431, c++, elite, mult, 8
4538105.exe ,  2.28,  0.70,  0.66,  0.00,  0.07,   88209281,   73035000,   15007000,  101682929, c++, elite, mult, 8
4538105.exe ,  2.22,  0.69,  0.65,  0.00,  0.07,   88878545,   75743000,   13128000,  103560167, c++, elite, mult, 8
4538105.exe ,  2.35,  0.71,  0.66,  0.00,  0.07,   87415932,   68311000,   19087000,  101458540, c++, elite, mult, 8
4538105.exe ,  2.22,  0.70,  0.66,  0.00,  0.07,   87132679,   72275000,   14851000,  101076591, c++, elite, mult, 8
4538105.exe ,  2.20,  0.69,  0.66,  0.00,  0.07,   86890765,   70895000,   15976000,  100481713, c++, elite, mult, 8
4538105.exe ,  2.18,  0.69,  0.66,  0.00,  0.06,   86613188,   69680000,   16922000,  100489214, c++, elite, mult, 8
4538105.exe ,  2.29,  0.69,  0.66,  0.00,  0.07,   88348617,   75279000,   13048000,  102520894, c++, elite, mult, 8
4538105.exe ,  2.18,  0.69,  0.66,  0.00,  0.07,   86259784,   68396000,   17842000,  100935981, c++, elite, mult, 8
4538105.exe ,  2.21,  0.69,  0.66,  0.00,  0.06,   87353154,   72282000,   15058000,  101007050, c++, elite, mult, 8
4570249.exe ,  3.55,  1.12,  1.07,  0.00,  0.08,  140996598,  134994000,    5999000,  155449869, c++, elite, mult, 8
4570249.exe ,  3.62,  1.12,  1.08,  0.00,  0.09,  141321465,  136196000,    5007000,  155088032, c++, elite, mult, 8
4570249.exe ,  3.58,  1.13,  1.08,  0.00,  0.08,  141032796,  134955000,    5998000,  155051577, c++, elite, mult, 8
4570249.exe ,  3.58,  1.13,  1.07,  0.00,  0.09,  140241928,  135258000,    4972000,  154221172, c++, elite, mult, 8
4570249.exe ,  3.78,  1.13,  1.08,  0.00,  0.08,  141334859,  135321000,    6014000,  155389098, c++, elite, mult, 8
4570249.exe ,  3.59,  1.12,  1.07,  0.00,  0.08,  141275765,  133301000,    7958000,  154851676, c++, elite, mult, 8
4570249.exe ,  3.53,  1.12,  1.08,  0.00,  0.08,  141190476,  136142000,    5005000,  155450089, c++, elite, mult, 8
4570249.exe ,  3.89,  1.17,  1.12,  0.00,  0.09,  147122171,  144105000,    3002000,  161571775, c++, elite, mult, 8
4570249.exe ,  3.55,  1.13,  1.08,  0.00,  0.08,  141526589,  136535000,    4983000,  154961120, c++, elite, mult, 8
4570249.exe ,  3.66,  1.14,  1.08,  0.00,  0.09,  142593724,  135557000,    7028000,  155930868, c++, elite, mult, 8
4618768.exe ,  1.79,  0.54,  0.51,  0.00,  0.05,   67702939,   64702000,    2986000,   82084601, c++, elite, mult, 8
4618768.exe ,  1.75,  0.53,  0.51,  0.00,  0.04,   66725384,   64707000,    1991000,   80586987, c++, elite, mult, 8
4618768.exe ,  1.77,  0.54,  0.52,  0.00,  0.05,   67927522,   65924000,    1997000,   81708617, c++, elite, mult, 8
4618768.exe ,  1.72,  0.54,  0.51,  0.00,  0.05,   67650944,   63663000,    3978000,   81247972, c++, elite, mult, 8
4618768.exe ,  1.74,  0.53,  0.51,  0.00,  0.05,   67569429,   64556000,    2979000,   81450590, c++, elite, mult, 8
4618768.exe ,  1.80,  0.53,  0.51,  0.00,  0.04,   66829799,   60830000,    5983000,   80556117, c++, elite, mult, 8
4618768.exe ,  1.72,  0.53,  0.51,  0.00,  0.04,   67352015,   63400000,    3962000,   81128788, c++, elite, mult, 8
4618768.exe ,  1.72,  0.53,  0.51,  0.00,  0.04,   67168332,   64145000,    3006000,   80709087, c++, elite, mult, 8
4618768.exe ,  1.74,  0.54,  0.51,  0.00,  0.05,   67541503,   64503000,    3023000,   80993563, c++, elite, mult, 8
4618768.exe ,  1.73,  0.53,  0.51,  0.00,  0.05,   66927632,   59923000,    6991000,   81166981, c++, elite, mult, 8
4709658.exe ,  1.91,  0.57,  0.55,  0.00,  0.05,   73098987,   63077000,   10012000,   86891461, c++, elite, mult, 8
4709658.exe ,  1.82,  0.57,  0.54,  0.00,  0.05,   70981804,   63966000,    6996000,   84502798, c++, elite, mult, 8
4709658.exe ,  1.77,  0.56,  0.54,  0.00,  0.05,   70906862,   63899000,    6989000,   84677253, c++, elite, mult, 8
4709658.exe ,  1.86,  0.57,  0.55,  0.00,  0.05,   72374092,   68340000,    4020000,   86051617, c++, elite, mult, 8
4709658.exe ,  1.96,  0.58,  0.55,  0.00,  0.05,   71779503,   64797000,    6978000,   85502373, c++, elite, mult, 8
4709658.exe ,  1.82,  0.57,  0.54,  0.00,  0.05,   70855370,   63835000,    6981000,   84776531, c++, elite, mult, 8
4709658.exe ,  1.83,  0.56,  0.54,  0.00,  0.05,   70971516,   62962000,    7995000,   84645570, c++, elite, mult, 8
4709658.exe ,  1.82,  0.56,  0.54,  0.00,  0.05,   70667673,   63487000,    7054000,   84698545, c++, elite, mult, 8
4709658.exe ,  1.85,  0.58,  0.55,  0.00,  0.05,   72448042,   67414000,    4956000,   85869366, c++, elite, mult, 8
4709658.exe ,  1.97,  0.58,  0.55,  0.00,  0.05,   72612210,   67402000,    4956000,   86581405, c++, elite, mult, 8
4776111.exe ,  1.88,  0.58,  0.56,  0.00,  0.05,   73613396,   69621000,    3978000,   87887320, c++, elite, mult, 8
4776111.exe ,  1.90,  0.59,  0.56,  0.00,  0.05,   74216210,   66108000,    8013000,   87568322, c++, elite, mult, 8
4776111.exe ,  1.97,  0.58,  0.55,  0.00,  0.05,   72917803,   66782000,    6071000,   87288307, c++, elite, mult, 8
4776111.exe ,  1.93,  0.59,  0.55,  0.00,  0.05,   73556593,   68501000,    5036000,   87104606, c++, elite, mult, 8
4776111.exe ,  1.93,  0.59,  0.56,  0.00,  0.05,   73784704,   62807000,   10966000,   87282497, c++, elite, mult, 8
4776111.exe ,  1.88,  0.58,  0.56,  0.00,  0.05,   73297005,   68264000,    5019000,   86574007, c++, elite, mult, 8
4776111.exe ,  1.90,  0.59,  0.56,  0.00,  0.05,   73902707,   67905000,    5991000,   87811554, c++, elite, mult, 8
4776111.exe ,  2.01,  0.58,  0.56,  0.00,  0.05,   73492214,   68510000,    4964000,   86931533, c++, elite, mult, 8
4776111.exe ,  1.88,  0.59,  0.56,  0.00,  0.05,   73744066,   65761000,    7971000,   87404708, c++, elite, mult, 8
4776111.exe ,  1.88,  0.58,  0.56,  0.00,  0.05,   72755909,   63756000,    8965000,   87131298, c++, elite, mult, 8
4982865.exe ,  2.19,  0.64,  0.61,  0.00,  0.06,   80547647,   71481000,    9060000,   94288036, c++, elite, mult, 8
4982865.exe ,  2.11,  0.65,  0.61,  0.00,  0.06,   80978458,   66909000,   13981000,   94686936, c++, elite, mult, 8
4982865.exe ,  2.07,  0.65,  0.62,  0.00,  0.06,   81261393,   75232000,    6018000,   95682038, c++, elite, mult, 8
4982865.exe ,  2.08,  0.64,  0.61,  0.00,  0.06,   81262899,   74235000,    7022000,   95536772, c++, elite, mult, 8
4982865.exe ,  2.12,  0.64,  0.62,  0.00,  0.06,   81237113,   73203000,    8022000,   94643848, c++, elite, mult, 8
4982865.exe ,  2.11,  0.64,  0.61,  0.00,  0.06,   80660626,   70690000,    9956000,   94037230, c++, elite, mult, 8
4982865.exe ,  2.10,  0.65,  0.61,  0.00,  0.06,   81287355,   69232000,   12040000,   94745561, c++, elite, mult, 8
4982865.exe ,  2.08,  0.64,  0.61,  0.00,  0.06,   80981485,   73982000,    6998000,   94786440, c++, elite, mult, 8
4982865.exe ,  2.07,  0.64,  0.62,  0.00,  0.06,   81175313,   71140000,   10019000,   94997463, c++, elite, mult, 8
4982865.exe ,  2.18,  0.65,  0.62,  0.00,  0.06,   81476329,   73510000,    7947000,   95236941, c++, elite, mult, 8
5251261.exe ,  1.85,  0.57,  0.54,  0.00,  0.05,   71734503,   63754000,    7969000,   85703755, c++, elite, mult, 8
5251261.exe ,  1.83,  0.57,  0.55,  0.00,  0.05,   71922582,   66913000,    4993000,   85514934, c++, elite, mult, 8
5251261.exe ,  1.82,  0.57,  0.54,  0.00,  0.05,   71907566,   66897000,    4992000,   85361821, c++, elite, mult, 8
5251261.exe ,  1.95,  0.56,  0.53,  0.00,  0.05,   71980132,   65975000,    5997000,   85509477, c++, elite, mult, 8
5251261.exe ,  1.84,  0.57,  0.54,  0.00,  0.05,   71315620,   64373000,    6932000,   84746108, c++, elite, mult, 8
5251261.exe ,  1.80,  0.57,  0.55,  0.00,  0.05,   71641187,   63661000,    7957000,   85538818, c++, elite, mult, 8
5251261.exe ,  1.81,  0.57,  0.55,  0.00,  0.05,   71643564,   64659000,    6963000,   85280174, c++, elite, mult, 8
5251261.exe ,  1.82,  0.57,  0.54,  0.00,  0.05,   71755944,   64677000,    7074000,   85431109, c++, elite, mult, 8
5251261.exe ,  1.86,  0.57,  0.54,  0.00,  0.05,   72323216,   65237000,    7025000,   85956200, c++, elite, mult, 8
5251261.exe ,  1.92,  0.58,  0.55,  0.00,  0.05,   71515858,   66364000,    5027000,   85295941, c++, elite, mult, 8
5448259.exe ,  3.60,  1.14,  1.09,  0.00,  0.09,  142294664,  134262000,    8015000,  156897521, c++, elite, mult, 8
5448259.exe ,  3.69,  1.15,  1.09,  0.00,  0.09,  143086701,  136067000,    7003000,  156693174, c++, elite, mult, 8
5448259.exe ,  3.59,  1.13,  1.09,  0.00,  0.09,  142725231,  137717000,    4989000,  156233700, c++, elite, mult, 8
5448259.exe ,  3.63,  1.15,  1.09,  0.00,  0.09,  143545989,  137466000,    6020000,  157521244, c++, elite, mult, 8
5448259.exe ,  3.53,  1.14,  1.09,  0.00,  0.09,  143795715,  136705000,    6984000,  157523894, c++, elite, mult, 8
5448259.exe ,  3.62,  1.13,  1.08,  0.00,  0.08,  142358391,  131397000,   10949000,  156070942, c++, elite, mult, 8
5448259.exe ,  3.54,  1.15,  1.09,  0.00,  0.09,  143067300,  142031000,    1007000,  156962546, c++, elite, mult, 8
5448259.exe ,  3.64,  1.16,  1.10,  0.00,  0.09,  144972512,  139962000,    4998000,  158726864, c++, elite, mult, 8
5448259.exe ,  3.69,  1.14,  1.08,  0.00,  0.09,  142580560,  137546000,    5019000,  156199696, c++, elite, mult, 8
5448259.exe ,  3.51,  1.14,  1.08,  0.00,  0.09,  143018527,  138967000,    3999000,  157829597, c++, elite, mult, 8
5546172.exe ,  1.88,  0.59,  0.56,  0.00,  0.05,   73180873,   66056000,    7005000,   87451203, c++, elite, mult, 8
5546172.exe ,  1.98,  0.59,  0.56,  0.00,  0.05,   74067755,   68045000,    6003000,   87390219, c++, elite, mult, 8
5546172.exe ,  1.88,  0.59,  0.56,  0.00,  0.05,   75115529,   66207000,    8893000,   88861381, c++, elite, mult, 8
5546172.exe ,  1.87,  0.59,  0.56,  0.00,  0.05,   73640870,   69596000,    4034000,   87647895, c++, elite, mult, 8
5546172.exe ,  1.86,  0.58,  0.55,  0.00,  0.05,   74429792,   69380000,    5027000,   88242091, c++, elite, mult, 8
5546172.exe ,  1.87,  0.59,  0.56,  0.00,  0.05,   73778981,   69734000,    3984000,   87218282, c++, elite, mult, 8
5546172.exe ,  1.98,  0.59,  0.56,  0.00,  0.05,   73571005,   69534000,    4030000,   87115497, c++, elite, mult, 8
5546172.exe ,  1.87,  0.59,  0.56,  0.00,  0.05,   73973991,   64879000,    8983000,   87781608, c++, elite, mult, 8
5546172.exe ,  1.90,  0.60,  0.57,  0.00,  0.05,   74099642,   70077000,    4004000,   88036964, c++, elite, mult, 8
5546172.exe ,  1.90,  0.59,  0.56,  0.00,  0.05,   74168199,   71185000,    2966000,   88048349, c++, elite, mult, 8
5592117.exe ,  1.94,  0.57,  0.54,  0.00,  0.05,   73048078,   67033000,    6003000,   87051551, c++, elite, mult, 8
5592117.exe ,  1.85,  0.58,  0.56,  0.00,  0.05,   73069430,   64043000,    9006000,   86864044, c++, elite, mult, 8
5592117.exe ,  1.85,  0.57,  0.55,  0.00,  0.05,   73293004,   65356000,    7921000,   86638058, c++, elite, mult, 8
5592117.exe ,  1.82,  0.57,  0.55,  0.00,  0.05,   72274444,   68273000,    3957000,   85867704, c++, elite, mult, 8
5592117.exe ,  1.85,  0.58,  0.54,  0.00,  0.05,   73359288,   67416000,    5948000,   86744146, c++, elite, mult, 8
5592117.exe ,  1.90,  0.57,  0.55,  0.00,  0.05,   72098264,   65034000,    7003000,   85690140, c++, elite, mult, 8
5592117.exe ,  1.86,  0.57,  0.55,  0.00,  0.05,   72671773,   66675000,    5970000,   86433870, c++, elite, mult, 8
5592117.exe ,  1.82,  0.57,  0.55,  0.00,  0.05,   72204071,   66113000,    6010000,   86060731, c++, elite, mult, 8
5592117.exe ,  1.85,  0.58,  0.56,  0.00,  0.05,   73177207,   64276000,    8899000,   86650470, c++, elite, mult, 8
5592117.exe ,  1.84,  0.58,  0.55,  0.00,  0.05,   72456927,   65413000,    7044000,   86778674, c++, elite, mult, 8
5593417.exe ,  3.63,  1.16,  1.11,  0.00,  0.09,  144650494,  138565000,    5981000,  158752680, c++, elite, mult, 8
5593417.exe ,  3.62,  1.15,  1.11,  0.00,  0.09,  145483475,  137457000,    8026000,  159088057, c++, elite, mult, 8
5593417.exe ,  3.65,  1.16,  1.11,  0.00,  0.09,  144898545,  137839000,    7042000,  159360878, c++, elite, mult, 8
5593417.exe ,  3.81,  1.15,  1.10,  0.00,  0.09,  144486744,  137500000,    6974000,  159064769, c++, elite, mult, 8
5593417.exe ,  3.65,  1.15,  1.10,  0.00,  0.09,  144186403,  134080000,   10006000,  157582198, c++, elite, mult, 8
5593417.exe ,  3.60,  1.16,  1.10,  0.00,  0.09,  144585965,  142517000,    1993000,  158448174, c++, elite, mult, 8
5593417.exe ,  3.76,  1.16,  1.11,  0.00,  0.09,  146647791,  139561000,    6978000,  160602026, c++, elite, mult, 8
5593417.exe ,  3.55,  1.15,  1.10,  0.00,  0.09,  143992567,  137977000,    5999000,  158303250, c++, elite, mult, 8
5593417.exe ,  3.61,  1.16,  1.10,  0.00,  0.09,  145175677,  139073000,    6003000,  158916104, c++, elite, mult, 8
5593417.exe ,  3.79,  1.16,  1.11,  0.00,  0.09,  145910830,  140834000,    5029000,  159583265, c++, elite, mult, 8
5622940.exe ,  1.85,  0.58,  0.55,  0.00,  0.05,   72326780,   67279000,    5020000,   86613038, c++, elite, mult, 8
5622940.exe ,  1.84,  0.57,  0.54,  0.00,  0.05,   71130419,   63004000,    8000000,   84767909, c++, elite, mult, 8
5622940.exe ,  1.90,  0.57,  0.54,  0.00,  0.05,   71647336,   62644000,    8949000,   85564088, c++, elite, mult, 8
5622940.exe ,  1.93,  0.57,  0.55,  0.00,  0.05,   71872164,   64818000,    6980000,   85482423, c++, elite, mult, 8
5622940.exe ,  1.84,  0.57,  0.54,  0.00,  0.05,   71525409,   67491000,    4029000,   84846160, c++, elite, mult, 8
5622940.exe ,  1.86,  0.57,  0.55,  0.00,  0.05,   72290697,   63272000,    8897000,   85666646, c++, elite, mult, 8
5622940.exe ,  1.92,  0.57,  0.55,  0.00,  0.05,   72018575,   65007000,    7000000,   85677960, c++, elite, mult, 8
5622940.exe ,  1.97,  0.56,  0.54,  0.00,  0.05,   73011621,   64131000,    8879000,   87874353, c++, elite, mult, 8
5622940.exe ,  1.87,  0.57,  0.55,  0.00,  0.05,   72721381,   64651000,    7957000,   86168174, c++, elite, mult, 8
5622940.exe ,  1.82,  0.57,  0.55,  0.00,  0.05,   72284106,   67253000,    5018000,   86464439, c++, elite, mult, 8
5717238.exe ,  1.96,  0.58,  0.56,  0.00,  0.05,   73591152,   66621000,    6960000,   87916085, c++, elite, mult, 8
5717238.exe ,  1.91,  0.59,  0.56,  0.00,  0.05,   74018076,   69007000,    5000000,   87871458, c++, elite, mult, 8
5717238.exe ,  1.90,  0.59,  0.56,  0.00,  0.05,   74198368,   66159000,    8019000,   87916450, c++, elite, mult, 8
5717238.exe ,  1.94,  0.59,  0.56,  0.00,  0.05,   73769319,   64789000,    8970000,   87287946, c++, elite, mult, 8
5717238.exe ,  1.91,  0.59,  0.56,  0.00,  0.05,   74120399,   67207000,    6918000,   87731134, c++, elite, mult, 8
5717238.exe ,  2.02,  0.59,  0.56,  0.00,  0.05,   73764464,   69643000,    4037000,   87602925, c++, elite, mult, 8
5717238.exe ,  1.88,  0.58,  0.56,  0.00,  0.05,   73479069,   65419000,    7929000,   87278087, c++, elite, mult, 8
5717238.exe ,  1.89,  0.59,  0.56,  0.00,  0.05,   73717546,   66723000,    6971000,   87242489, c++, elite, mult, 8
5717238.exe ,  1.87,  0.58,  0.56,  0.00,  0.05,   73349172,   68247000,    5018000,   86883577, c++, elite, mult, 8
5717238.exe ,  1.92,  0.59,  0.56,  0.00,  0.05,   73989930,   70896000,    2995000,   88374603, c++, elite, mult, 8
5804700.exe ,  1.84,  0.57,  0.55,  0.00,  0.05,   72602742,   67615000,    4971000,   86850257, c++, elite, mult, 8
5804700.exe ,  1.87,  0.58,  0.55,  0.00,  0.06,   73369015,   63235000,   10037000,   86959363, c++, elite, mult, 8
5804700.exe ,  1.86,  0.58,  0.55,  0.00,  0.05,   73130032,   70029000,    3001000,   86671722, c++, elite, mult, 8
5804700.exe ,  1.96,  0.57,  0.55,  0.00,  0.05,   72651145,   67661000,    4975000,   85869364, c++, elite, mult, 8
5804700.exe ,  1.85,  0.57,  0.55,  0.00,  0.05,   72694636,   64716000,    7965000,   86114253, c++, elite, mult, 8
5804700.exe ,  1.85,  0.57,  0.55,  0.00,  0.05,   72515192,   63570000,    8939000,   86162843, c++, elite, mult, 8
5804700.exe ,  1.90,  0.58,  0.55,  0.00,  0.06,   73239358,   67208000,    6018000,   86828386, c++, elite, mult, 8
5804700.exe ,  1.88,  0.58,  0.55,  0.00,  0.05,   72779810,   67789000,    4984000,   86498139, c++, elite, mult, 8
5804700.exe ,  1.97,  0.57,  0.55,  0.00,  0.06,   72575758,   65557000,    6953000,   86118166, c++, elite, mult, 8
5804700.exe ,  1.88,  0.58,  0.55,  0.00,  0.06,   72684797,   66699000,    5973000,   86096051, c++, elite, mult, 8
5860218.exe ,  1.71,  0.54,  0.52,  0.00,  0.04,   67637190,   58657000,    8947000,   81849953, c++, elite, mult, 8
5860218.exe ,  1.79,  0.54,  0.52,  0.00,  0.05,   68462284,   63443000,    4956000,   82232969, c++, elite, mult, 8
5860218.exe ,  1.77,  0.54,  0.51,  0.00,  0.04,   68142110,   64129000,    4008000,   81749864, c++, elite, mult, 8
5860218.exe ,  1.74,  0.54,  0.52,  0.00,  0.05,   67782264,   59843000,    7848000,   81556729, c++, elite, mult, 8
5860218.exe ,  1.74,  0.54,  0.52,  0.00,  0.04,   67947272,   63907000,    3994000,   81396180, c++, elite, mult, 8
5860218.exe ,  1.79,  0.54,  0.52,  0.00,  0.05,   68427918,   66343000,    2010000,   81878050, c++, elite, mult, 8
5860218.exe ,  1.76,  0.54,  0.52,  0.00,  0.05,   68538101,   62581000,    5960000,   82059532, c++, elite, mult, 8
5860218.exe ,  1.87,  0.54,  0.52,  0.00,  0.05,   68064289,   62040000,    6003000,   81909993, c++, elite, mult, 8
5860218.exe ,  1.76,  0.55,  0.52,  0.00,  0.05,   68502822,   67479000,    1007000,   82238750, c++, elite, mult, 8
5860218.exe ,  1.81,  0.54,  0.52,  0.00,  0.05,   68478694,   61428000,    6935000,   82932289, c++, elite, mult, 8
6038973.exe ,  2.23,  0.68,  0.66,  0.00,  0.06,   85769074,   67561000,   18150000,  100393173, c++, elite, mult, 8
6038973.exe ,  2.26,  0.66,  0.63,  0.00,  0.06,   86309477,   72258000,   14050000,  100503265, c++, elite, mult, 8
6038973.exe ,  2.22,  0.68,  0.65,  0.00,  0.06,   85272625,   70208000,   15044000,   98890209, c++, elite, mult, 8
6038973.exe ,  2.20,  0.69,  0.64,  0.00,  0.06,   85030546,   71016000,   14003000,   98539550, c++, elite, mult, 8
6038973.exe ,  2.17,  0.67,  0.64,  0.00,  0.06,   85361035,   72394000,   12892000,   99292389, c++, elite, mult, 8
6038973.exe ,  2.32,  0.68,  0.64,  0.00,  0.06,   85031428,   68016000,   17004000,   98575462, c++, elite, mult, 8
6038973.exe ,  2.22,  0.69,  0.65,  0.00,  0.06,   86044600,   74024000,   12003000,   99726597, c++, elite, mult, 8
6038973.exe ,  2.22,  0.69,  0.65,  0.00,  0.06,   86040948,   74839000,   10976000,   99890361, c++, elite, mult, 8
6038973.exe ,  2.28,  0.70,  0.66,  0.00,  0.07,   87076867,   71738000,   15156000,  100878869, c++, elite, mult, 8
6038973.exe ,  2.18,  0.68,  0.65,  0.00,  0.06,   85182782,   68135000,   17033000,   98667568, c++, elite, mult, 8
6169948.exe ,  3.52,  1.13,  1.08,  0.00,  0.09,  142190810,  136092000,    6004000,  156534687, c++, elite, mult, 8
6169948.exe ,  3.55,  1.14,  1.09,  0.00,  0.09,  143248877,  138258000,    4973000,  156869919, c++, elite, mult, 8
6169948.exe ,  3.73,  1.14,  1.08,  0.00,  0.09,  142395760,  135364000,    7018000,  156214764, c++, elite, mult, 8
6169948.exe ,  3.57,  1.12,  1.07,  0.00,  0.09,  140957471,  136933000,    4027000,  154729471, c++, elite, mult, 8
6169948.exe ,  3.56,  1.15,  1.09,  0.00,  0.09,  143960580,  137896000,    6039000,  157547203, c++, elite, mult, 8
6169948.exe ,  3.66,  1.13,  1.08,  0.00,  0.09,  142492024,  134430000,    8025000,  156225651, c++, elite, mult, 8
6169948.exe ,  3.54,  1.15,  1.09,  0.00,  0.09,  143201408,  137054000,    6002000,  157471008, c++, elite, mult, 8
6169948.exe ,  4.06,  1.27,  1.21,  0.00,  0.10,  158170813,  153922000,    4024000,  172416306, c++, elite, mult, 8
6169948.exe ,  3.68,  1.13,  1.08,  0.00,  0.09,  142414525,  136321000,    6014000,  156476487, c++, elite, mult, 8
6169948.exe ,  3.58,  1.14,  1.09,  0.00,  0.09,  142991496,  135886000,    6994000,  156985046, c++, elite, mult, 8
6198446.exe ,  1.98,  0.61,  0.57,  0.00,  0.06,   76786334,   72733000,    3985000,   90978792, c++, elite, mult, 8
6198446.exe ,  1.99,  0.60,  0.57,  0.00,  0.06,   76023784,   72013000,    4000000,   90033015, c++, elite, mult, 8
6198446.exe ,  1.94,  0.60,  0.57,  0.00,  0.06,   75266242,   68220000,    7022000,   88809751, c++, elite, mult, 8
6198446.exe ,  1.95,  0.60,  0.57,  0.00,  0.06,   75927169,   71864000,    4048000,   89391355, c++, elite, mult, 8
6198446.exe ,  1.90,  0.60,  0.57,  0.00,  0.06,   75033039,   68023000,    7002000,   88272739, c++, elite, mult, 8
6198446.exe ,  1.90,  0.59,  0.57,  0.00,  0.06,   75494836,   69448000,    5952000,   89550761, c++, elite, mult, 8
6198446.exe ,  1.96,  0.60,  0.57,  0.00,  0.06,   75385814,   66407000,    8920000,   88957361, c++, elite, mult, 8
6198446.exe ,  1.95,  0.61,  0.57,  0.00,  0.06,   75189961,   65071000,   10011000,   89169031, c++, elite, mult, 8
6198446.exe ,  1.90,  0.60,  0.57,  0.00,  0.06,   75177178,   66259000,    8900000,   88707309, c++, elite, mult, 8
6198446.exe ,  1.90,  0.60,  0.57,  0.00,  0.06,   75835703,   70767000,    5054000,   89628221, c++, elite, mult, 8
6211188.exe ,  3.99,  1.23,  1.17,  0.00,  0.10,  154698720,  150422000,    4011000,  169315706, c++, elite, mult, 8
6211188.exe ,  3.92,  1.23,  1.18,  0.00,  0.10,  155223316,  147204000,    8011000,  169000595, c++, elite, mult, 8
6211188.exe ,  3.81,  1.21,  1.16,  0.00,  0.10,  151966165,  147943000,    3998000,  165946455, c++, elite, mult, 8
6211188.exe ,  4.00,  1.22,  1.16,  0.00,  0.10,  153152969,  144153000,    9009000,  166780125, c++, elite, mult, 8
6211188.exe ,  3.78,  1.22,  1.16,  0.00,  0.10,  152140173,  144071000,    8003000,  166074654, c++, elite, mult, 8
6211188.exe ,  3.79,  1.22,  1.17,  0.00,  0.10,  153107565,  149070000,    4001000,  167079752, c++, elite, mult, 8
6211188.exe ,  4.00,  1.23,  1.17,  0.00,  0.10,  153883187,  147851000,    5993000,  168171648, c++, elite, mult, 8
6211188.exe ,  3.89,  1.23,  1.17,  0.00,  0.10,  153180406,  146163000,    7007000,  167241624, c++, elite, mult, 8
6211188.exe ,  3.89,  1.22,  1.16,  0.00,  0.10,  153059031,  142040000,   11003000,  166979859, c++, elite, mult, 8
6211188.exe ,  3.94,  1.21,  1.16,  0.00,  0.10,  152228190,  149215000,    3004000,  165856981, c++, elite, mult, 8
6223618.exe ,  5.39,  1.66,  1.58,  0.00,  0.16,  207766512,  190770000,   16979000,  222248425, c++, elite, mult, 8
6223618.exe ,  5.24,  1.64,  1.55,  0.00,  0.16,  205476648,  188394000,   17035000,  219230541, c++, elite, mult, 8
6223618.exe ,  5.14,  1.64,  1.56,  0.00,  0.16,  206061485,  196038000,   10001000,  220080016, c++, elite, mult, 8
6223618.exe ,  5.31,  1.65,  1.57,  0.00,  0.16,  207236514,  195207000,   12012000,  221275889, c++, elite, mult, 8
6223618.exe ,  5.24,  1.66,  1.58,  0.00,  0.16,  208581752,  197486000,   11027000,  222695700, c++, elite, mult, 8
6223618.exe ,  5.26,  1.65,  1.57,  0.00,  0.16,  206553999,  196503000,   10025000,  220620759, c++, elite, mult, 8
6223618.exe ,  5.13,  1.65,  1.57,  0.00,  0.16,  207282623,  197231000,   10011000,  221415936, c++, elite, mult, 8
6223618.exe ,  5.20,  1.65,  1.57,  0.00,  0.16,  206300678,  197195000,    9008000,  220292015, c++, elite, mult, 8
6223618.exe ,  5.34,  1.65,  1.57,  0.00,  0.16,  206627931,  189569000,   16961000,  220872775, c++, elite, mult, 8
6223618.exe ,  5.09,  1.64,  1.57,  0.00,  0.16,  206441825,  198299000,    8012000,  219942369, c++, elite, mult, 8
6294589.exe ,  1.93,  0.58,  0.55,  0.00,  0.05,   71893679,   68838000,    3036000,   85885011, c++, elite, mult, 8
6294589.exe ,  1.79,  0.57,  0.54,  0.00,  0.05,   71131624,   65103000,    6009000,   85260627, c++, elite, mult, 8
6294589.exe ,  1.83,  0.58,  0.55,  0.00,  0.05,   71937114,   63998000,    7876000,   85648264, c++, elite, mult, 8
6294589.exe ,  1.79,  0.57,  0.55,  0.00,  0.05,   71386483,   67410000,    3965000,   85128268, c++, elite, mult, 8
6294589.exe ,  1.81,  0.57,  0.54,  0.00,  0.05,   71800528,   67779000,    3987000,   85286177, c++, elite, mult, 8
6294589.exe ,  1.93,  0.58,  0.55,  0.00,  0.05,   71777106,   67714000,    4042000,   85557433, c++, elite, mult, 8
6294589.exe ,  1.79,  0.57,  0.55,  0.00,  0.05,   71778068,   69778000,    1993000,   85282324, c++, elite, mult, 8
6294589.exe ,  1.84,  0.58,  0.55,  0.00,  0.05,   72537550,   65580000,    6955000,   86242458, c++, elite, mult, 8
6294589.exe ,  1.82,  0.57,  0.55,  0.00,  0.05,   71733672,   65735000,    5975000,   85438375, c++, elite, mult, 8
6294589.exe ,  1.82,  0.58,  0.55,  0.00,  0.05,   71538556,   63406000,    8051000,   86317729, c++, elite, mult, 8
6399800.exe ,  3.55,  1.15,  1.09,  0.00,  0.09,  144930039,  143776000,    1005000,  158894714, c++, elite, mult, 8
6399800.exe ,  3.53,  1.15,  1.09,  0.00,  0.09,  144661486,  137671000,    6983000,  158080149, c++, elite, mult, 8
6399800.exe ,  3.62,  1.15,  1.10,  0.00,  0.09,  144137206,  137118000,    7006000,  157562837, c++, elite, mult, 8
6399800.exe ,  3.61,  1.15,  1.10,  0.00,  0.09,  144398491,  137372000,    7019000,  158489418, c++, elite, mult, 8
6399800.exe ,  3.52,  1.14,  1.09,  0.00,  0.09,  143118507,  138073000,    5002000,  156753584, c++, elite, mult, 8
6399800.exe ,  3.55,  1.14,  1.09,  0.00,  0.09,  143313394,  137201000,    6008000,  157254869, c++, elite, mult, 8
6399800.exe ,  3.59,  1.14,  1.09,  0.00,  0.09,  143713924,  139708000,    3991000,  157652093, c++, elite, mult, 8
6399800.exe ,  3.59,  1.15,  1.10,  0.00,  0.09,  144272478,  138248000,    6010000,  157491527, c++, elite, mult, 8
6399800.exe ,  3.60,  1.15,  1.10,  0.00,  0.09,  144684779,  135608000,    8974000,  159480834, c++, elite, mult, 8
6399800.exe ,  3.68,  1.15,  1.10,  0.00,  0.09,  144131409,  137109000,    7005000,  158011703, c++, elite, mult, 8
6425267.exe ,  1.91,  0.61,  0.58,  0.00,  0.06,   75967591,   67011000,    8869000,   90021404, c++, elite, mult, 8
6425267.exe ,  1.91,  0.60,  0.57,  0.00,  0.06,   75303602,   69270000,    6023000,   88899825, c++, elite, mult, 8
6425267.exe ,  2.06,  0.60,  0.57,  0.00,  0.06,   77584988,   70566000,    6957000,   92484453, c++, elite, mult, 8
6425267.exe ,  1.92,  0.60,  0.57,  0.00,  0.06,   75763323,   69690000,    6060000,   89669765, c++, elite, mult, 8
6425267.exe ,  1.93,  0.61,  0.57,  0.00,  0.06,   75588144,   68619000,    6961000,   89016899, c++, elite, mult, 8
6425267.exe ,  1.92,  0.61,  0.58,  0.00,  0.06,   75269193,   71197000,    4011000,   89527401, c++, elite, mult, 8
6425267.exe ,  1.93,  0.60,  0.57,  0.00,  0.06,   75687895,   68709000,    6970000,   89210117, c++, elite, mult, 8
6425267.exe ,  1.99,  0.59,  0.57,  0.00,  0.06,   76240832,   70293000,    5940000,   90054560, c++, elite, mult, 8
6425267.exe ,  1.89,  0.59,  0.57,  0.00,  0.06,   75351839,   71293000,    4016000,   89000774, c++, elite, mult, 8
6425267.exe ,  1.92,  0.60,  0.57,  0.00,  0.06,   76928022,   69922000,    6992000,   90812020, c++, elite, mult, 8
6462267.exe ,  2.11,  0.64,  0.61,  0.00,  0.06,   80410916,   73351000,    7033000,   94248791, c++, elite, mult, 8
6462267.exe ,  2.06,  0.64,  0.61,  0.00,  0.06,   80949301,   70943000,    9992000,   94290389, c++, elite, mult, 8
6462267.exe ,  2.02,  0.63,  0.60,  0.00,  0.06,   80122041,   71101000,    9012000,   93643161, c++, elite, mult, 8
6462267.exe ,  2.02,  0.64,  0.61,  0.00,  0.06,   80045375,   72977000,    6997000,   93305835, c++, elite, mult, 8
6462267.exe ,  2.02,  0.64,  0.61,  0.00,  0.06,   79955673,   74908000,    4993000,   93450214, c++, elite, mult, 8
6462267.exe ,  2.12,  0.63,  0.60,  0.00,  0.06,   79393881,   74420000,    4961000,   93054138, c++, elite, mult, 8
6462267.exe ,  2.05,  0.64,  0.61,  0.00,  0.06,   80635380,   75655000,    4977000,   94615327, c++, elite, mult, 8
6462267.exe ,  2.03,  0.63,  0.60,  0.00,  0.06,   80425602,   69356000,   11056000,   93981042, c++, elite, mult, 8
6462267.exe ,  2.03,  0.64,  0.61,  0.00,  0.06,   80527186,   71472000,    8934000,   94117840, c++, elite, mult, 8
6462267.exe ,  2.06,  0.65,  0.61,  0.00,  0.06,   80034714,   73010000,    7000000,   94418373, c++, elite, mult, 8
6578480.exe ,  1.81,  0.58,  0.55,  0.00,  0.05,   72160768,   68141000,    4008000,   86617505, c++, elite, mult, 8
6578480.exe ,  1.74,  0.55,  0.53,  0.00,  0.05,   69435076,   62472000,    6941000,   82946945, c++, elite, mult, 8
6578480.exe ,  1.75,  0.55,  0.53,  0.00,  0.05,   69151570,   64127000,    5009000,   83326497, c++, elite, mult, 8
6578480.exe ,  1.81,  0.56,  0.53,  0.00,  0.05,   69162782,   60132000,    9019000,   83191674, c++, elite, mult, 8
6578480.exe ,  1.82,  0.56,  0.53,  0.00,  0.05,   69779092,   63882000,    5896000,   83419175, c++, elite, mult, 8
6578480.exe ,  1.77,  0.55,  0.53,  0.00,  0.05,   69858611,   66811000,    3036000,   83497866, c++, elite, mult, 8
6578480.exe ,  1.78,  0.56,  0.53,  0.00,  0.05,   69437720,   63354000,    6033000,   83177063, c++, elite, mult, 8
6578480.exe ,  1.79,  0.56,  0.54,  0.00,  0.05,   70374817,   61459000,    8921000,   84081414, c++, elite, mult, 8
6578480.exe ,  1.77,  0.55,  0.53,  0.00,  0.05,   70051596,   65991000,    3999000,   84037081, c++, elite, mult, 8
6578480.exe ,  1.83,  0.55,  0.53,  0.00,  0.05,   69991896,   62985000,    6998000,   84026529, c++, elite, mult, 8
6637745.exe ,  3.58,  1.17,  1.11,  0.00,  0.09,  146086641,  139076000,    7003000,  160016643, c++, elite, mult, 8
6637745.exe ,  3.78,  1.17,  1.11,  0.00,  0.09,  146301405,  135233000,   11019000,  160305947, c++, elite, mult, 8
6637745.exe ,  3.69,  1.20,  1.14,  0.00,  0.09,  149489084,  144509000,    4983000,  163470249, c++, elite, mult, 8
6637745.exe ,  3.58,  1.16,  1.11,  0.00,  0.09,  144755466,  135689000,    9045000,  158895141, c++, elite, mult, 8
6637745.exe ,  3.59,  1.15,  1.10,  0.00,  0.09,  145346868,  134313000,   10944000,  159234466, c++, elite, mult, 8
6637745.exe ,  3.63,  1.15,  1.11,  0.00,  0.09,  145449533,  140387000,    5013000,  159463993, c++, elite, mult, 8
6637745.exe ,  3.66,  1.17,  1.11,  0.00,  0.09,  145905426,  140838000,    5029000,  159941277, c++, elite, mult, 8
6637745.exe ,  3.57,  1.16,  1.11,  0.00,  0.09,  145347738,  143331000,    2004000,  159324773, c++, elite, mult, 8
6637745.exe ,  3.75,  1.16,  1.11,  0.00,  0.09,  146389091,  141398000,    4978000,  160347059, c++, elite, mult, 8
6637745.exe ,  3.59,  1.16,  1.11,  0.00,  0.09,  145604766,  138608000,    6980000,  159923939, c++, elite, mult, 8
6658316.exe ,  1.98,  0.59,  0.56,  0.00,  0.06,   73699250,   66732000,    6972000,   87579973, c++, elite, mult, 8
6658316.exe ,  1.88,  0.58,  0.56,  0.00,  0.06,   74158423,   67137000,    7014000,   87735932, c++, elite, mult, 8
6658316.exe ,  1.89,  0.58,  0.55,  0.00,  0.06,   74612067,   65638000,    8950000,   88468420, c++, elite, mult, 8
6658316.exe ,  1.86,  0.58,  0.55,  0.00,  0.05,   73111434,   71099000,    2002000,   86922172, c++, elite, mult, 8
6658316.exe ,  1.90,  0.59,  0.56,  0.00,  0.06,   74450668,   69481000,    4962000,   88220669, c++, elite, mult, 8
6658316.exe ,  1.97,  0.59,  0.57,  0.00,  0.06,   74401801,   69431000,    4959000,   88279683, c++, elite, mult, 8
6658316.exe ,  1.90,  0.59,  0.56,  0.00,  0.06,   73948151,   65830000,    8102000,   87898717, c++, elite, mult, 8
6658316.exe ,  1.93,  0.59,  0.56,  0.00,  0.06,   74006812,   63995000,    9999000,   87369406, c++, elite, mult, 8
6658316.exe ,  1.89,  0.59,  0.56,  0.00,  0.06,   74022307,   68012000,    6001000,   87715048, c++, elite, mult, 8
6658316.exe ,  1.90,  0.59,  0.56,  0.00,  0.06,   73707781,   67705000,    5974000,   87999432, c++, elite, mult, 8
6660710.exe ,  5.37,  1.73,  1.65,  0.00,  0.16,  216254020,  199131000,   17011000,  230890117, c++, elite, mult, 8
6660710.exe ,  5.35,  1.70,  1.63,  0.00,  0.16,  214352703,  204227000,   10011000,  227731619, c++, elite, mult, 8
6660710.exe ,  5.61,  1.79,  1.70,  0.00,  0.17,  223941164,  208854000,   14989000,  237838234, c++, elite, mult, 8
6660710.exe ,  5.58,  1.73,  1.64,  0.00,  0.17,  217492518,  207458000,   10022000,  231496990, c++, elite, mult, 8
6660710.exe ,  5.29,  1.71,  1.63,  0.00,  0.16,  214168755,  205156000,    9006000,  227957773, c++, elite, mult, 8
6660710.exe ,  5.45,  1.70,  1.63,  0.00,  0.16,  214764780,  199744000,   14980000,  228322517, c++, elite, mult, 8
6660710.exe ,  5.31,  1.71,  1.63,  0.00,  0.16,  214939818,  200930000,   13995000,  228345514, c++, elite, mult, 8
6660710.exe ,  5.43,  1.71,  1.63,  0.00,  0.16,  214805387,  205776000,    8990000,  228766894, c++, elite, mult, 8
6660710.exe ,  5.41,  1.72,  1.63,  0.00,  0.16,  215693769,  206695000,    8986000,  229580293, c++, elite, mult, 8
6660710.exe ,  5.31,  1.71,  1.63,  0.00,  0.16,  214945271,  200929000,   13995000,  228944604, c++, elite, mult, 8
6676911.exe ,  1.82,  0.58,  0.56,  0.00,  0.05,   73196044,   65151000,    8018000,   87251715, c++, elite, mult, 8
6676911.exe ,  1.85,  0.59,  0.56,  0.00,  0.05,   74048167,   69031000,    5002000,   87849091, c++, elite, mult, 8
6676911.exe ,  1.93,  0.58,  0.56,  0.00,  0.05,   73702269,   65617000,    7953000,   87459892, c++, elite, mult, 8
6676911.exe ,  1.81,  0.57,  0.55,  0.00,  0.05,   72433168,   62507000,    9921000,   86353598, c++, elite, mult, 8
6676911.exe ,  1.81,  0.58,  0.55,  0.00,  0.05,   72594014,   66613000,    5965000,   87058391, c++, elite, mult, 8
6676911.exe ,  1.83,  0.58,  0.56,  0.00,  0.05,   73131415,   68107000,    5007000,   87055514, c++, elite, mult, 8
6676911.exe ,  1.84,  0.58,  0.55,  0.00,  0.05,   72863182,   67890000,    4919000,   86507856, c++, elite, mult, 8
6676911.exe ,  1.98,  0.58,  0.55,  0.00,  0.05,   72748649,   64777000,    7972000,   86381676, c++, elite, mult, 8
6676911.exe ,  1.83,  0.57,  0.55,  0.00,  0.05,   72877685,   66879000,    5989000,   86774642, c++, elite, mult, 8
6676911.exe ,  1.83,  0.58,  0.55,  0.00,  0.05,   72479254,   68438000,    4025000,   86655820, c++, elite, mult, 8
6962765.exe ,  1.85,  0.59,  0.57,  0.00,  0.05,   73597439,   68613000,    4972000,   88346105, c++, elite, mult, 8
6962765.exe ,  1.95,  0.59,  0.55,  0.00,  0.05,   73300531,   61234000,   12046000,   86877923, c++, elite, mult, 8
6962765.exe ,  1.90,  0.59,  0.56,  0.00,  0.05,   73260612,   66224000,    7023000,   87245254, c++, elite, mult, 8
6962765.exe ,  1.84,  0.58,  0.56,  0.00,  0.05,   73355155,   67314000,    6028000,   86951534, c++, elite, mult, 8
6962765.exe ,  1.86,  0.58,  0.56,  0.00,  0.05,   73241133,   68207000,    5015000,   87527532, c++, elite, mult, 8
6962765.exe ,  1.84,  0.58,  0.56,  0.00,  0.05,   73342791,   67376000,    5944000,   86761847, c++, elite, mult, 8
6962765.exe ,  1.92,  0.57,  0.55,  0.00,  0.05,   72306826,   67268000,    5020000,   86353110, c++, elite, mult, 8
6962765.exe ,  1.83,  0.58,  0.55,  0.00,  0.05,   72767333,   64670000,    8083000,   87569712, c++, elite, mult, 8
6962765.exe ,  1.83,  0.58,  0.56,  0.00,  0.05,   72913402,   67907000,    4993000,   87008909, c++, elite, mult, 8
6962765.exe ,  1.81,  0.57,  0.54,  0.00,  0.05,   73496451,   63546000,    9929000,   87490022, c++, elite, mult, 8
7092173.exe ,  3.82,  1.19,  1.13,  0.00,  0.10,  158071952,  152063000,    6002000,  174953354, c++, elite, mult, 8
7092173.exe ,  3.71,  1.21,  1.16,  0.00,  0.09,  152652424,  143655000,    8978000,  166610400, c++, elite, mult, 8
7092173.exe ,  3.97,  1.21,  1.16,  0.00,  0.09,  152396089,  145424000,    6972000,  166175601, c++, elite, mult, 8
7092173.exe ,  3.72,  1.21,  1.16,  0.00,  0.09,  152054549,  140033000,   12002000,  165822952, c++, elite, mult, 8
7092173.exe ,  3.84,  1.25,  1.20,  0.00,  0.10,  157621534,  151566000,    5982000,  171502118, c++, elite, mult, 8
7092173.exe ,  4.06,  1.26,  1.21,  0.00,  0.10,  158243484,  149218000,    9013000,  172323582, c++, elite, mult, 8
7092173.exe ,  3.80,  1.23,  1.18,  0.00,  0.10,  154548775,  145559000,    8972000,  168774949, c++, elite, mult, 8
7092173.exe ,  3.87,  1.22,  1.16,  0.00,  0.10,  152680202,  147685000,    4989000,  166753240, c++, elite, mult, 8
7092173.exe ,  3.91,  1.20,  1.15,  0.00,  0.09,  150965755,  145935000,    5032000,  164962299, c++, elite, mult, 8
7092173.exe ,  3.82,  1.21,  1.15,  0.00,  0.09,  151931193,  140913000,   10993000,  165518310, c++, elite, mult, 8
7097465.exe ,  1.92,  0.59,  0.56,  0.00,  0.05,   73662141,   65677000,    7960000,   87463282, c++, elite, mult, 8
7097465.exe ,  1.87,  0.59,  0.56,  0.00,  0.05,   73905921,   68901000,    4992000,   87177111, c++, elite, mult, 8
7097465.exe ,  1.83,  0.57,  0.55,  0.00,  0.05,   73435647,   68408000,    5030000,   88198984, c++, elite, mult, 8
7097465.exe ,  1.83,  0.58,  0.56,  0.00,  0.05,   73310920,   66266000,    7028000,   87100819, c++, elite, mult, 8
7097465.exe ,  1.98,  0.60,  0.57,  0.00,  0.06,   74246796,   68168000,    6014000,   87733667, c++, elite, mult, 8
7097465.exe ,  1.89,  0.57,  0.55,  0.00,  0.05,   72589669,   67603000,    4970000,   86436000, c++, elite, mult, 8
7097465.exe ,  1.85,  0.58,  0.55,  0.00,  0.05,   72882411,   62842000,    9974000,   86763670, c++, elite, mult, 8
7097465.exe ,  1.87,  0.59,  0.55,  0.00,  0.05,   73098352,   66986000,    5998000,   86537652, c++, elite, mult, 8
7097465.exe ,  1.84,  0.58,  0.56,  0.00,  0.05,   73070569,   66047000,    7005000,   86753780, c++, elite, mult, 8
7097465.exe ,  1.85,  0.58,  0.55,  0.00,  0.05,   72600411,   63640000,    8949000,   86702184, c++, elite, mult, 8
740239.exe  ,  2.48,  0.78,  0.73,  0.00,  0.08,   96546096,   80428000,   16085000,  110959983, c++, elite, mult, 8
740239.exe  ,  2.48,  0.78,  0.73,  0.00,  0.08,   97407062,   81339000,   16066000,  111050378, c++, elite, mult, 8
740239.exe  ,  2.49,  0.77,  0.73,  0.00,  0.08,   98347969,   80472000,   17882000,  113034768, c++, elite, mult, 8
740239.exe  ,  2.60,  0.77,  0.73,  0.00,  0.08,   96636606,   80679000,   15936000,  110443301, c++, elite, mult, 8
740239.exe  ,  2.48,  0.78,  0.74,  0.00,  0.08,   97615449,   78684000,   18924000,  110906663, c++, elite, mult, 8
740239.exe  ,  2.47,  0.77,  0.73,  0.00,  0.08,   97100283,   82085000,   15015000,  110516957, c++, elite, mult, 8
740239.exe  ,  2.55,  0.78,  0.74,  0.00,  0.08,   98245954,   81186000,   17039000,  112475067, c++, elite, mult, 8
740239.exe  ,  2.58,  0.77,  0.73,  0.00,  0.08,   97083491,   78062000,   19015000,  110665674, c++, elite, mult, 8
740239.exe  ,  2.59,  0.82,  0.78,  0.00,  0.09,  102558155,   85431000,   17086000,  117127793, c++, elite, mult, 8
740239.exe  ,  2.48,  0.77,  0.73,  0.00,  0.08,   96907081,   85883000,   10985000,  110529643, c++, elite, mult, 8
7442426.exe ,  3.79,  1.16,  1.11,  0.00,  0.09,  145509439,  134516000,   10960000,  159759504, c++, elite, mult, 8
7442426.exe ,  3.62,  1.16,  1.11,  0.00,  0.09,  145845644,  137778000,    8045000,  159416560, c++, elite, mult, 8
7442426.exe ,  3.64,  1.17,  1.12,  0.00,  0.09,  147517500,  138497000,    8967000,  161180189, c++, elite, mult, 8
7442426.exe ,  3.74,  1.17,  1.11,  0.00,  0.09,  146122490,  139099000,    7005000,  160029650, c++, elite, mult, 8
7442426.exe ,  3.67,  1.17,  1.12,  0.00,  0.09,  146858597,  138788000,    8045000,  160606076, c++, elite, mult, 8
7442426.exe ,  3.73,  1.17,  1.12,  0.00,  0.09,  146654317,  137590000,    9038000,  160501158, c++, elite, mult, 8
7442426.exe ,  3.63,  1.16,  1.11,  0.00,  0.09,  145255475,  140275000,    4974000,  159659058, c++, elite, mult, 8
7442426.exe ,  3.70,  1.17,  1.12,  0.00,  0.09,  147085832,  138994000,    7999000,  160998823, c++, elite, mult, 8
7442426.exe ,  3.60,  1.15,  1.11,  0.00,  0.09,  145460846,  137436000,    8025000,  159397304, c++, elite, mult, 8
7442426.exe ,  3.61,  1.16,  1.11,  0.00,  0.09,  146231070,  139252000,    6962000,  160396686, c++, elite, mult, 8
7526546.exe ,  3.62,  1.17,  1.11,  0.00,  0.09,  145890279,  139848000,    5993000,  160033956, c++, elite, mult, 8
7526546.exe ,  3.62,  1.16,  1.11,  0.00,  0.09,  146524972,  138530000,    7972000,  159997728, c++, elite, mult, 8
7526546.exe ,  3.76,  1.17,  1.12,  0.00,  0.09,  146982276,  135961000,   10996000,  160843514, c++, elite, mult, 8
7526546.exe ,  3.66,  1.17,  1.11,  0.00,  0.09,  146753786,  138711000,    8041000,  160681246, c++, elite, mult, 8
7526546.exe ,  3.65,  1.18,  1.13,  0.00,  0.09,  148357392,  139320000,    9020000,  162624176, c++, elite, mult, 8
7526546.exe ,  3.73,  1.17,  1.12,  0.00,  0.09,  147279297,  135274000,   11935000,  160965722, c++, elite, mult, 8
7526546.exe ,  3.66,  1.17,  1.11,  0.00,  0.09,  146198690,  139156000,    7007000,  160996773, c++, elite, mult, 8
7526546.exe ,  3.63,  1.16,  1.11,  0.00,  0.09,  146961247,  136956000,    9996000,  161807092, c++, elite, mult, 8
7526546.exe ,  3.68,  1.17,  1.12,  0.00,  0.09,  147372432,  138399000,    8961000,  161401192, c++, elite, mult, 8
7526546.exe ,  3.69,  1.16,  1.11,  0.00,  0.09,  145861854,  136822000,    8988000,  159438554, c++, elite, mult, 8
755912.exe  ,  1.98,  0.59,  0.55,  0.00,  0.05,   72025802,   66004000,    6000000,   86053785, c++, elite, mult, 8
755912.exe  ,  1.84,  0.58,  0.55,  0.00,  0.05,   72848046,   65759000,    7081000,   86596995, c++, elite, mult, 8
755912.exe  ,  1.83,  0.58,  0.55,  0.00,  0.05,   72232607,   65175000,    7018000,   85831057, c++, elite, mult, 8
755912.exe  ,  1.82,  0.58,  0.55,  0.00,  0.05,   72372976,   67402000,    4956000,   86284611, c++, elite, mult, 8
755912.exe  ,  1.87,  0.58,  0.55,  0.00,  0.05,   72921374,   64910000,    7988000,   86746697, c++, elite, mult, 8
755912.exe  ,  1.93,  0.57,  0.55,  0.00,  0.05,   71821987,   61977000,    9837000,   85423395, c++, elite, mult, 8
755912.exe  ,  1.82,  0.58,  0.55,  0.00,  0.05,   71936501,   61909000,    9985000,   85838617, c++, elite, mult, 8
755912.exe  ,  1.82,  0.57,  0.55,  0.00,  0.05,   72406892,   61477000,   10907000,   86026313, c++, elite, mult, 8
755912.exe  ,  1.82,  0.57,  0.55,  0.00,  0.05,   71961324,   68890000,    2995000,   86376441, c++, elite, mult, 8
755912.exe  ,  1.81,  0.57,  0.55,  0.00,  0.05,   71184471,   65147000,    6013000,   85567235, c++, elite, mult, 8
761661.exe  ,  3.59,  1.15,  1.10,  0.00,  0.09,  144733534,  139701000,    5025000,  159110656, c++, elite, mult, 8
761661.exe  ,  3.53,  1.14,  1.09,  0.00,  0.09,  143006193,  141003000,    2014000,  157733297, c++, elite, mult, 8
761661.exe  ,  3.60,  1.14,  1.09,  0.00,  0.08,  143566131,  138569000,    4984000,  157159085, c++, elite, mult, 8
761661.exe  ,  3.55,  1.14,  1.08,  0.00,  0.08,  141878953,  137853000,    3995000,  156470345, c++, elite, mult, 8
761661.exe  ,  3.56,  1.13,  1.08,  0.00,  0.08,  141958994,  137934000,    3998000,  155381928, c++, elite, mult, 8
761661.exe  ,  3.53,  1.14,  1.09,  0.00,  0.08,  143405291,  136421000,    6970000,  157076161, c++, elite, mult, 8
761661.exe  ,  3.59,  1.13,  1.08,  0.00,  0.08,  142179712,  137198000,    4970000,  156535964, c++, elite, mult, 8
761661.exe  ,  3.54,  1.14,  1.09,  0.00,  0.09,  142941325,  135994000,    6948000,  156908906, c++, elite, mult, 8
761661.exe  ,  3.50,  1.13,  1.08,  0.00,  0.09,  142110454,  135088000,    7004000,  156057688, c++, elite, mult, 8
761661.exe  ,  3.68,  1.13,  1.08,  0.00,  0.08,  142426698,  136444000,    5975000,  155975388, c++, elite, mult, 8
7661183.exe ,  4.26,  1.37,  1.31,  0.00,  0.11,  172199398,  148144000,   24023000,  186236142, c++, elite, mult, 8
7661183.exe ,  4.40,  1.37,  1.31,  0.00,  0.11,  172114803,  148084000,   24013000,  186238550, c++, elite, mult, 8
7661183.exe ,  4.29,  1.38,  1.31,  0.00,  0.12,  172671095,  151700000,   20958000,  186717505, c++, elite, mult, 8
7661183.exe ,  4.22,  1.36,  1.30,  0.00,  0.11,  171144355,  145268000,   25869000,  185108148, c++, elite, mult, 8
7661183.exe ,  4.47,  1.38,  1.31,  0.00,  0.12,  172367804,  150297000,   22043000,  186564592, c++, elite, mult, 8
7661183.exe ,  4.25,  1.36,  1.30,  0.00,  0.11,  171815203,  143999000,   27806000,  186174803, c++, elite, mult, 8
7661183.exe ,  4.25,  1.36,  1.30,  0.00,  0.11,  172050752,  144165000,   27838000,  186190096, c++, elite, mult, 8
7661183.exe ,  4.46,  1.37,  1.30,  0.00,  0.11,  171244452,  151312000,   19909000,  185335623, c++, elite, mult, 8
7661183.exe ,  4.32,  1.37,  1.30,  0.00,  0.11,  171929796,  146923000,   24986000,  185390791, c++, elite, mult, 8
7661183.exe ,  4.33,  1.38,  1.31,  0.00,  0.11,  172332425,  146179000,   26031000,  186352241, c++, elite, mult, 8
7685269.exe ,  3.44,  1.11,  1.07,  0.00,  0.08,  139020535,  135005000,    4000000,  153702973, c++, elite, mult, 8
7685269.exe ,  3.44,  1.11,  1.06,  0.00,  0.08,  138758236,  132748000,    5988000,  152559547, c++, elite, mult, 8
7685269.exe ,  3.52,  1.10,  1.05,  0.00,  0.08,  138713050,  131718000,    6985000,  152636887, c++, elite, mult, 8
7685269.exe ,  3.44,  1.11,  1.06,  0.00,  0.08,  139751875,  133749000,    5988000,  153431154, c++, elite, mult, 8
7685269.exe ,  3.41,  1.10,  1.05,  0.00,  0.08,  138612311,  132568000,    5980000,  152163281, c++, elite, mult, 8
7685269.exe ,  3.61,  1.11,  1.06,  0.00,  0.08,  139161129,  134080000,    5002000,  153148284, c++, elite, mult, 8
7685269.exe ,  3.46,  1.12,  1.07,  0.00,  0.08,  139992215,  133907000,    5995000,  154347865, c++, elite, mult, 8
7685269.exe ,  3.44,  1.12,  1.06,  0.00,  0.08,  139130580,  136108000,    3002000,  153051841, c++, elite, mult, 8
7685269.exe ,  3.55,  1.12,  1.07,  0.00,  0.08,  140240264,  137128000,    3002000,  153992727, c++, elite, mult, 8
7685269.exe ,  3.45,  1.11,  1.06,  0.00,  0.08,  139657572,  133554000,    6025000,  153252794, c++, elite, mult, 8
778856.exe  ,  1.82,  0.58,  0.55,  0.00,  0.05,   72136635,   65216000,    6916000,   85882198, c++, elite, mult, 8
778856.exe  ,  1.81,  0.57,  0.54,  0.00,  0.05,   71606602,   66551000,    5041000,   86098129, c++, elite, mult, 8
778856.exe  ,  1.89,  0.57,  0.54,  0.00,  0.05,   71289171,   62203000,    9029000,   84857065, c++, elite, mult, 8
778856.exe  ,  1.79,  0.57,  0.54,  0.00,  0.05,   71290968,   66344000,    4951000,   84866959, c++, elite, mult, 8
778856.exe  ,  1.84,  0.58,  0.55,  0.00,  0.05,   72177826,   59091000,   13020000,   85805792, c++, elite, mult, 8
778856.exe  ,  1.82,  0.58,  0.55,  0.00,  0.05,   71851419,   63774000,    7971000,   85727366, c++, elite, mult, 8
778856.exe  ,  1.77,  0.57,  0.55,  0.00,  0.05,   71584012,   65603000,    5963000,   85268331, c++, elite, mult, 8
778856.exe  ,  1.91,  0.57,  0.54,  0.00,  0.05,   71027018,   62020000,    9002000,   84994785, c++, elite, mult, 8
778856.exe  ,  1.86,  0.57,  0.55,  0.00,  0.05,   71723112,   69685000,    2019000,   85411253, c++, elite, mult, 8
778856.exe  ,  1.83,  0.57,  0.54,  0.00,  0.05,   72735373,   70595000,    2017000,   86629361, c++, elite, mult, 8
7873464.exe ,  3.92,  1.20,  1.14,  0.00,  0.09,  150081574,  141978000,    7998000,  164445314, c++, elite, mult, 8
7873464.exe ,  3.76,  1.19,  1.13,  0.00,  0.09,  150660183,  146633000,    4017000,  165121881, c++, elite, mult, 8
7873464.exe ,  3.67,  1.19,  1.14,  0.00,  0.09,  149481634,  135513000,   13949000,  162975760, c++, elite, mult, 8
7873464.exe ,  3.83,  1.18,  1.13,  0.00,  0.09,  148268898,  142253000,    6010000,  161865602, c++, elite, mult, 8
7873464.exe ,  3.71,  1.20,  1.14,  0.00,  0.09,  149873550,  141882000,    7937000,  163586828, c++, elite, mult, 8
7873464.exe ,  3.75,  1.19,  1.14,  0.00,  0.09,  149545223,  138486000,   10959000,  163545147, c++, elite, mult, 8
7873464.exe ,  3.88,  1.20,  1.15,  0.00,  0.09,  150932855,  143925000,    6996000,  164630822, c++, elite, mult, 8
7873464.exe ,  3.87,  1.25,  1.20,  0.00,  0.10,  156938533,  151795000,    4993000,  170976455, c++, elite, mult, 8
7873464.exe ,  3.68,  1.19,  1.14,  0.00,  0.09,  149438868,  139441000,    9960000,  163624479, c++, elite, mult, 8
7873464.exe ,  3.80,  1.19,  1.13,  0.00,  0.09,  148755313,  139710000,    9046000,  162333560, c++, elite, mult, 8
8005718.exe ,  3.77,  1.22,  1.17,  0.00,  0.10,  152723730,  142685000,    9978000,  167051888, c++, elite, mult, 8
8005718.exe ,  3.83,  1.23,  1.17,  0.00,  0.10,  154246511,  144203000,   10014000,  167701109, c++, elite, mult, 8
8005718.exe ,  3.89,  1.21,  1.16,  0.00,  0.10,  152591685,  145588000,    6980000,  166068000, c++, elite, mult, 8
8005718.exe ,  3.88,  1.23,  1.17,  0.00,  0.10,  153499230,  146450000,    7021000,  166917213, c++, elite, mult, 8
8005718.exe ,  3.80,  1.23,  1.17,  0.00,  0.10,  154299705,  143259000,   11019000,  168109856, c++, elite, mult, 8
8005718.exe ,  3.95,  1.22,  1.17,  0.00,  0.10,  153487775,  143338000,   10023000,  167402473, c++, elite, mult, 8
8005718.exe ,  3.81,  1.22,  1.17,  0.00,  0.10,  153072066,  143054000,   10003000,  167353994, c++, elite, mult, 8
8005718.exe ,  3.80,  1.22,  1.16,  0.00,  0.10,  152894182,  148881000,    3996000,  166563892, c++, elite, mult, 8
8005718.exe ,  3.95,  1.23,  1.17,  0.00,  0.10,  154190382,  148143000,    5965000,  168094725, c++, elite, mult, 8
8005718.exe ,  3.81,  1.23,  1.17,  0.00,  0.10,  153670987,  143680000,    9977000,  167623507, c++, elite, mult, 8
8008800.exe ,  1.98,  0.61,  0.58,  0.00,  0.05,   76305844,   70262000,    6022000,   90880806, c++, elite, mult, 8
8008800.exe ,  1.98,  0.60,  0.57,  0.00,  0.05,   75317977,   65265000,   10040000,   89761938, c++, elite, mult, 8
8008800.exe ,  1.90,  0.60,  0.57,  0.00,  0.05,   75628178,   68582000,    6957000,   90426914, c++, elite, mult, 8
8008800.exe ,  1.90,  0.60,  0.58,  0.00,  0.05,   75550121,   69524000,    5959000,   89085868, c++, elite, mult, 8
8008800.exe ,  1.92,  0.61,  0.57,  0.00,  0.05,   75362759,   64296000,   11051000,   88730807, c++, elite, mult, 8
8008800.exe ,  1.91,  0.60,  0.57,  0.00,  0.05,   75462777,   68424000,    6941000,   89239292, c++, elite, mult, 8
8008800.exe ,  1.98,  0.60,  0.57,  0.00,  0.05,   75192767,   68097000,    7010000,   88738971, c++, elite, mult, 8
8008800.exe ,  1.89,  0.60,  0.57,  0.00,  0.05,   75591878,   66642000,    8951000,   89650286, c++, elite, mult, 8
8008800.exe ,  1.92,  0.60,  0.57,  0.00,  0.05,   75198845,   71064000,    4003000,   89224774, c++, elite, mult, 8
8008800.exe ,  1.90,  0.59,  0.57,  0.00,  0.05,   75176858,   68157000,    7016000,   89485051, c++, elite, mult, 8
8098247.exe ,  6.12,  1.91,  1.82,  0.00,  0.20,  239562254,  226499000,   13028000,  253484439, c++, elite, mult, 8
8098247.exe ,  5.93,  1.90,  1.81,  0.00,  0.20,  239367245,  230381000,    8975000,  253299865, c++, elite, mult, 8
8098247.exe ,  6.11,  1.92,  1.83,  0.00,  0.20,  241479028,  233302000,    8010000,  255879697, c++, elite, mult, 8
8098247.exe ,  6.02,  1.90,  1.81,  0.00,  0.20,  239162467,  231141000,    8004000,  252773183, c++, elite, mult, 8
8098247.exe ,  6.13,  1.93,  1.84,  0.00,  0.20,  243089372,  236068000,    7002000,  256797771, c++, elite, mult, 8
8098247.exe ,  6.11,  1.93,  1.84,  0.00,  0.20,  242733478,  232699000,    9987000,  256643572, c++, elite, mult, 8
8098247.exe ,  5.94,  1.90,  1.81,  0.00,  0.20,  238887878,  228875000,    9994000,  252849036, c++, elite, mult, 8
8098247.exe ,  6.18,  1.91,  1.82,  0.00,  0.20,  240000578,  233935000,    5998000,  253962007, c++, elite, mult, 8
8098247.exe ,  5.99,  1.92,  1.84,  0.00,  0.20,  241391275,  227372000,   13961000,  256046514, c++, elite, mult, 8
8098247.exe ,  6.15,  1.90,  1.81,  0.00,  0.20,  238992547,  229940000,    8997000,  253008554, c++, elite, mult, 8
8181773.exe ,  2.13,  0.67,  0.64,  0.00,  0.07,   83744248,   67683000,   15925000,   97887757, c++, elite, mult, 8
8181773.exe ,  2.19,  0.67,  0.64,  0.00,  0.07,   84302387,   75175000,    9021000,   98131994, c++, elite, mult, 8
8181773.exe ,  2.21,  0.67,  0.64,  0.00,  0.07,   84459095,   78417000,    6032000,   98143575, c++, elite, mult, 8
8181773.exe ,  2.11,  0.65,  0.63,  0.00,  0.07,   84719339,   76734000,    7972000,   98399412, c++, elite, mult, 8
8181773.exe ,  2.10,  0.66,  0.63,  0.00,  0.07,   83581467,   74621000,    8954000,   97257349, c++, elite, mult, 8
8181773.exe ,  2.13,  0.67,  0.63,  0.00,  0.07,   83747097,   73765000,    9968000,   97498757, c++, elite, mult, 8
8181773.exe ,  2.25,  0.67,  0.63,  0.00,  0.07,   83842259,   74840000,    8980000,   97432374, c++, elite, mult, 8
8181773.exe ,  2.17,  0.67,  0.63,  0.00,  0.07,   84058140,   72935000,   10990000,   97443613, c++, elite, mult, 8
8181773.exe ,  2.14,  0.68,  0.64,  0.00,  0.07,   83625071,   71660000,   11943000,   97814369, c++, elite, mult, 8
8181773.exe ,  2.14,  0.67,  0.64,  0.00,  0.07,   83975222,   75861000,    8091000,   97707414, c++, elite, mult, 8
8420004.exe ,  3.65,  1.14,  1.09,  0.00,  0.09,  142437379,  135456000,    6972000,  156232088, c++, elite, mult, 8
8420004.exe ,  3.55,  1.14,  1.08,  0.00,  0.09,  142416976,  131376000,   11031000,  156079737, c++, elite, mult, 8
8420004.exe ,  3.53,  1.14,  1.09,  0.00,  0.09,  143111220,  135014000,    8000000,  156941849, c++, elite, mult, 8
8420004.exe ,  3.73,  1.15,  1.10,  0.00,  0.09,  144364313,  138327000,    6014000,  158341442, c++, elite, mult, 8
8420004.exe ,  3.52,  1.14,  1.10,  0.00,  0.08,  143531556,  135459000,    7968000,  157604651, c++, elite, mult, 8
8420004.exe ,  3.55,  1.14,  1.09,  0.00,  0.08,  143111348,  133065000,   10004000,  156477580, c++, elite, mult, 8
8420004.exe ,  3.77,  1.15,  1.10,  0.00,  0.09,  144313874,  138329000,    5971000,  158158387, c++, elite, mult, 8
8420004.exe ,  3.57,  1.15,  1.09,  0.00,  0.09,  143556545,  139522000,    4015000,  157342259, c++, elite, mult, 8
8420004.exe ,  3.74,  1.18,  1.13,  0.00,  0.09,  147771419,  141762000,    5989000,  161795440, c++, elite, mult, 8
8420004.exe ,  3.67,  1.15,  1.09,  0.00,  0.09,  143932975,  136921000,    6995000,  157548789, c++, elite, mult, 8
8452540.exe ,  2.16,  0.65,  0.63,  0.00,  0.07,   83554221,   77507000,    5962000,   97844445, c++, elite, mult, 8
8452540.exe ,  2.14,  0.65,  0.62,  0.00,  0.07,   83580737,   70637000,   12933000,   97260872, c++, elite, mult, 8
8452540.exe ,  2.25,  0.67,  0.63,  0.00,  0.07,   83332783,   73251000,   10034000,   96695083, c++, elite, mult, 8
8452540.exe ,  2.16,  0.65,  0.62,  0.00,  0.07,   83012251,   69179000,   13835000,   97361317, c++, elite, mult, 8
8452540.exe ,  2.11,  0.65,  0.63,  0.00,  0.06,   82757651,   70778000,   11962000,   96658958, c++, elite, mult, 8
8452540.exe ,  2.16,  0.66,  0.63,  0.00,  0.07,   83214006,   76159000,    7014000,   96918537, c++, elite, mult, 8
8452540.exe ,  2.14,  0.67,  0.63,  0.00,  0.07,   84839056,   75841000,    8981000,   98793970, c++, elite, mult, 8
8452540.exe ,  2.28,  0.66,  0.63,  0.00,  0.07,   83423487,   72486000,   10922000,   97062991, c++, elite, mult, 8
8452540.exe ,  2.16,  0.65,  0.62,  0.00,  0.07,   85089658,   76066000,    9007000,   99913045, c++, elite, mult, 8
8452540.exe ,  2.13,  0.67,  0.63,  0.00,  0.07,   83921796,   75037000,    8885000,   97804758, c++, elite, mult, 8
8535938.exe ,  1.96,  0.57,  0.55,  0.00,  0.05,   72648435,   68490000,    4028000,   86722849, c++, elite, mult, 8
8535938.exe ,  1.86,  0.57,  0.55,  0.00,  0.06,   72617931,   67616000,    4971000,   86213223, c++, elite, mult, 8
8535938.exe ,  1.90,  0.58,  0.55,  0.00,  0.05,   72764559,   67754000,    4981000,   86498005, c++, elite, mult, 8
8535938.exe ,  1.84,  0.57,  0.55,  0.00,  0.05,   73619348,   68637000,    4973000,   87339015, c++, elite, mult, 8
8535938.exe ,  1.90,  0.58,  0.55,  0.00,  0.06,   73280963,   66263000,    7027000,   87142464, c++, elite, mult, 8
8535938.exe ,  2.00,  0.58,  0.56,  0.00,  0.06,   73237553,   71217000,    2006000,   87158912, c++, elite, mult, 8
8535938.exe ,  1.87,  0.58,  0.55,  0.00,  0.06,   72940523,   66942000,    5994000,   86354275, c++, elite, mult, 8
8535938.exe ,  1.88,  0.58,  0.55,  0.00,  0.05,   73181062,   62144000,   11025000,   86656542, c++, elite, mult, 8
8535938.exe ,  1.90,  0.59,  0.56,  0.00,  0.06,   73674280,   66526000,    7055000,   87590865, c++, elite, mult, 8
8535938.exe ,  1.86,  0.58,  0.55,  0.00,  0.06,   73602402,   67624000,    5966000,   87564957, c++, elite, mult, 8
8565107.exe ,  4.43,  1.41,  1.34,  0.00,  0.12,  176601903,  164474000,   12034000,  190711053, c++, elite, mult, 8
8565107.exe ,  4.45,  1.40,  1.33,  0.00,  0.12,  177851389,  169848000,    7992000,  192610119, c++, elite, mult, 8
8565107.exe ,  4.63,  1.42,  1.35,  0.00,  0.12,  178013694,  167889000,    9993000,  191986351, c++, elite, mult, 8
8565107.exe ,  4.46,  1.41,  1.34,  0.00,  0.12,  176588278,  168553000,    8026000,  190004062, c++, elite, mult, 8
8565107.exe ,  4.45,  1.43,  1.36,  0.00,  0.12,  178859368,  166730000,   11980000,  192647706, c++, elite, mult, 8
8565107.exe ,  4.65,  1.42,  1.35,  0.00,  0.12,  177474557,  166420000,   11027000,  190954248, c++, elite, mult, 8
8565107.exe ,  4.47,  1.41,  1.34,  0.00,  0.12,  175751630,  168747000,    6989000,  190065955, c++, elite, mult, 8
8565107.exe ,  4.52,  1.42,  1.35,  0.00,  0.12,  177190578,  166160000,   11010000,  190927099, c++, elite, mult, 8
8565107.exe ,  4.56,  1.41,  1.35,  0.00,  0.12,  178248119,  168234000,   10013000,  193001862, c++, elite, mult, 8
8565107.exe ,  4.59,  1.44,  1.37,  0.00,  0.12,  182068250,  174013000,    8000000,  195942098, c++, elite, mult, 8
8626944.exe ,  1.74,  0.54,  0.51,  0.00,  0.05,   67454432,   63427000,    3964000,   81063934, c++, elite, mult, 8
8626944.exe ,  1.83,  0.54,  0.51,  0.00,  0.05,   68793754,   63642000,    5051000,   82841283, c++, elite, mult, 8
8626944.exe ,  1.73,  0.54,  0.52,  0.00,  0.05,   67973868,   66873000,    1013000,   81584648, c++, elite, mult, 8
8626944.exe ,  1.90,  0.59,  0.56,  0.00,  0.05,   75647997,   72584000,    2982000,   89941134, c++, elite, mult, 8
8626944.exe ,  1.69,  0.53,  0.52,  0.00,  0.04,   67792708,   63795000,    3987000,   82248778, c++, elite, mult, 8
8626944.exe ,  1.71,  0.54,  0.52,  0.00,  0.05,   68620093,   63586000,    4967000,   82242655, c++, elite, mult, 8
8626944.exe ,  1.84,  0.54,  0.52,  0.00,  0.05,   68649801,   62592000,    5961000,   82020110, c++, elite, mult, 8
8626944.exe ,  1.74,  0.55,  0.52,  0.00,  0.05,   68811732,   61816000,    6979000,   82503432, c++, elite, mult, 8
8626944.exe ,  1.72,  0.54,  0.52,  0.00,  0.05,   68113973,   64103000,    4006000,   81614805, c++, elite, mult, 8
8626944.exe ,  1.72,  0.54,  0.51,  0.00,  0.05,   68497554,   64446000,    4027000,   82100370, c++, elite, mult, 8
8637113.exe ,  2.22,  0.69,  0.65,  0.00,  0.06,   85142477,   79124000,    6009000,   99488647, c++, elite, mult, 8
8637113.exe ,  2.23,  0.68,  0.65,  0.00,  0.06,   85946062,   73943000,   11990000,   99712728, c++, elite, mult, 8
8637113.exe ,  2.19,  0.69,  0.65,  0.00,  0.07,   85499002,   76417000,    9049000,   99157082, c++, elite, mult, 8
8637113.exe ,  2.31,  0.70,  0.67,  0.00,  0.07,   88408033,   81372000,    6946000,  102159863, c++, elite, mult, 8
8637113.exe ,  2.33,  0.69,  0.65,  0.00,  0.06,   85579985,   80498000,    5031000,   99540564, c++, elite, mult, 8
8637113.exe ,  2.34,  0.70,  0.66,  0.00,  0.07,   87608500,   81512000,    6037000,  101547709, c++, elite, mult, 8
8637113.exe ,  2.17,  0.68,  0.66,  0.00,  0.06,   86622130,   78568000,    7956000,  100482196, c++, elite, mult, 8
8637113.exe ,  2.20,  0.68,  0.65,  0.00,  0.06,   85418446,   80296000,    4956000,   99225417, c++, elite, mult, 8
8637113.exe ,  2.23,  0.68,  0.65,  0.00,  0.06,   85145287,   78092000,    7008000,   99917782, c++, elite, mult, 8
8637113.exe ,  2.20,  0.68,  0.65,  0.00,  0.06,   85282216,   79235000,    6017000,   98875547, c++, elite, mult, 8
885892.exe  ,  2.20,  0.67,  0.64,  0.00,  0.07,   83941491,   75930000,    7992000,   98261996, c++, elite, mult, 8
885892.exe  ,  2.12,  0.67,  0.64,  0.00,  0.07,   84275029,   75237000,    9028000,   97797920, c++, elite, mult, 8
885892.exe  ,  2.47,  0.68,  0.65,  0.00,  0.07,   85628266,   70604000,   14916000,   99475360, c++, elite, mult, 8
885892.exe  ,  2.17,  0.67,  0.63,  0.00,  0.07,   84394698,   78363000,    6027000,   98094183, c++, elite, mult, 8
885892.exe  ,  2.20,  0.67,  0.64,  0.00,  0.07,   84356382,   67475000,   16868000,   98078081, c++, elite, mult, 8
885892.exe  ,  2.18,  0.68,  0.65,  0.00,  0.07,   85438329,   75410000,    9922000,   99069147, c++, elite, mult, 8
885892.exe  ,  2.15,  0.67,  0.64,  0.00,  0.07,   84715824,   76734000,    7972000,   98401955, c++, elite, mult, 8
885892.exe  ,  2.35,  0.68,  0.64,  0.00,  0.07,   84834037,   77708000,    7064000,   98683200, c++, elite, mult, 8
885892.exe  ,  2.19,  0.68,  0.65,  0.00,  0.07,   85267556,   78231000,    7020000,   99352859, c++, elite, mult, 8
885892.exe  ,  2.15,  0.67,  0.64,  0.00,  0.07,   84310039,   77340000,    6940000,   98589395, c++, elite, mult, 8
900157.exe  ,  6.74,  2.14,  2.04,  0.00,  0.17,  271485629,  259417000,   12019000,  286821344, c++, elite, mult, 8
900157.exe  ,  6.70,  2.13,  2.04,  0.00,  0.17,  267913696,  257913000,    9996000,  281653576, c++, elite, mult, 8
900157.exe  ,  6.73,  2.13,  2.03,  0.00,  0.17,  267781747,  256823000,   10949000,  282032634, c++, elite, mult, 8
900157.exe  ,  6.80,  2.13,  2.03,  0.00,  0.17,  267850908,  253792000,   14043000,  282711228, c++, elite, mult, 8
900157.exe  ,  6.67,  2.12,  2.02,  0.00,  0.17,  265603968,  249556000,   16035000,  279442609, c++, elite, mult, 8
900157.exe  ,  6.78,  2.14,  2.03,  0.00,  0.17,  267127721,  255109000,   12005000,  281379432, c++, elite, mult, 8
900157.exe  ,  6.57,  2.10,  2.01,  0.00,  0.16,  264278543,  255248000,    9008000,  278080971, c++, elite, mult, 8
900157.exe  ,  6.68,  2.10,  2.01,  0.00,  0.17,  265184092,  255177000,   10006000,  279433411, c++, elite, mult, 8
900157.exe  ,  6.57,  2.11,  2.01,  0.00,  0.17,  264279812,  256222000,    8006000,  278636869, c++, elite, mult, 8
900157.exe  ,  6.75,  2.11,  2.02,  0.00,  0.17,  264663033,  255567000,    9020000,  278582285, c++, elite, mult, 8
972261.exe  ,  3.08,  0.97,  0.92,  0.00,  0.09,  121221305,  116200000,    5008000,  134821838, c++, elite, mult, 8
972261.exe  ,  3.02,  0.95,  0.91,  0.00,  0.08,  120352451,  116374000,    3978000,  133776778, c++, elite, mult, 8
972261.exe  ,  3.13,  0.96,  0.92,  0.00,  0.08,  119998886,  110963000,    8997000,  133649365, c++, elite, mult, 8
972261.exe  ,  3.13,  0.96,  0.91,  0.00,  0.08,  121890951,  115851000,    6044000,  135409388, c++, elite, mult, 8
972261.exe  ,  3.09,  0.96,  0.92,  0.00,  0.09,  120983826,  113977000,    6998000,  134376498, c++, elite, mult, 8
972261.exe  ,  3.14,  0.97,  0.92,  0.00,  0.09,  120729668,  115662000,    5028000,  134675552, c++, elite, mult, 8
972261.exe  ,  3.07,  0.96,  0.92,  0.00,  0.09,  121072812,  117060000,    4002000,  134551156, c++, elite, mult, 8
972261.exe  ,  3.05,  0.96,  0.92,  0.00,  0.08,  121141236,  113104000,    8007000,  135291741, c++, elite, mult, 8
972261.exe  ,  3.09,  0.96,  0.92,  0.00,  0.09,  123167354,  119064000,    4002000,  138049169, c++, elite, mult, 8
972261.exe  ,  3.23,  0.97,  0.92,  0.00,  0.09,  120966513,  116858000,    3995000,  134920393, c++, elite, mult, 8
