file,psys,pkg,cores,gpu,ram,duration_time,user_time,system_time,perf_time,lang,machine,cores,power_limit
1097695.exe , 14.58,  1.39,  1.08,  0.00,  0.44,  865685997,  732450000,  132900000,  917503094, c++, elite, mult, 1
1097695.exe , 14.15,  1.41,  1.10,  0.00,  0.44,  864387693,  724256000,  140049000,  915564673, c++, elite, mult, 1
1097695.exe , 14.11,  1.40,  1.10,  0.00,  0.44,  866309995,  714211000,  152044000,  917228031, c++, elite, mult, 1
1097695.exe , 14.07,  1.41,  1.11,  0.00,  0.44,  863939076,  735750000,  128130000,  915016757, c++, elite, mult, 1
1097695.exe , 14.23,  1.41,  1.11,  0.00,  0.44,  865396890,  722044000,  142613000,  916564754, c++, elite, mult, 1
1097695.exe , 14.14,  1.42,  1.11,  0.00,  0.44,  866741027,  737744000,  128955000,  917935219, c++, elite, mult, 1
1097695.exe , 14.17,  1.43,  1.12,  0.00,  0.44,  867164392,  727254000,  139856000,  918351790, c++, elite, mult, 1
1097695.exe , 14.11,  1.42,  1.11,  0.00,  0.44,  868519304,  736462000,  132082000,  919468303, c++, elite, mult, 1
1097695.exe , 14.17,  1.41,  1.09,  0.00,  0.44,  867089050,  715076000,  152016000,  918069371, c++, elite, mult, 1
1097695.exe , 14.46,  1.39,  1.07,  0.00,  0.45,  871541015,  712179000,  159040000,  922631947, c++, elite, mult, 1
1316078.exe ,  8.33,  0.85,  0.67,  0.00,  0.26,  503401755,  494405000,    9007000,  554403974, c++, elite, mult, 1
1316078.exe ,  8.18,  0.82,  0.64,  0.00,  0.25,  499117419,  493178000,    6002000,  550042102, c++, elite, mult, 1
1316078.exe ,  8.23,  0.84,  0.66,  0.00,  0.26,  500054539,  492131000,    7985000,  551056597, c++, elite, mult, 1
1316078.exe ,  8.31,  0.85,  0.67,  0.00,  0.26,  500326162,  491238000,    9004000,  551285513, c++, elite, mult, 1
1316078.exe ,  8.21,  0.84,  0.66,  0.00,  0.26,  501221819,  492264000,    9004000,  552099536, c++, elite, mult, 1
1316078.exe ,  8.28,  0.82,  0.64,  0.00,  0.26,  501302270,  491287000,   10005000,  552440672, c++, elite, mult, 1
1316078.exe ,  8.34,  0.84,  0.66,  0.00,  0.26,  500968725,  493520000,    6993000,  551963162, c++, elite, mult, 1
1316078.exe ,  8.26,  0.86,  0.68,  0.00,  0.26,  499384662,  490357000,    8988000,  553094110, c++, elite, mult, 1
1316078.exe ,  8.21,  0.85,  0.67,  0.00,  0.26,  500121322,  492165000,    8002000,  551282955, c++, elite, mult, 1
1316078.exe ,  8.32,  0.86,  0.68,  0.00,  0.26,  500531506,  490435000,    9988000,  551611687, c++, elite, mult, 1
1359491.exe ,  9.12,  0.89,  0.70,  0.00,  0.28,  548747654,  538584000,    9992000,  599787423, c++, elite, mult, 1
1359491.exe ,  9.09,  0.89,  0.70,  0.00,  0.28,  549761716,  542536000,    6994000,  600872983, c++, elite, mult, 1
1359491.exe ,  9.06,  0.88,  0.68,  0.00,  0.28,  549466407,  544480000,    4995000,  600570455, c++, elite, mult, 1
1359491.exe ,  9.01,  0.91,  0.72,  0.00,  0.28,  548188156,  541273000,    7003000,  599407627, c++, elite, mult, 1
1359491.exe ,  9.06,  0.90,  0.70,  0.00,  0.28,  548537016,  542399000,    5993000,  599601283, c++, elite, mult, 1
1359491.exe ,  9.04,  0.90,  0.70,  0.00,  0.28,  549790747,  542818000,    6997000,  600809810, c++, elite, mult, 1
1359491.exe ,  9.02,  0.87,  0.68,  0.00,  0.28,  547235942,  537325000,   10006000,  598451764, c++, elite, mult, 1
1359491.exe ,  9.08,  0.85,  0.65,  0.00,  0.28,  548188495,  539130000,    9002000,  599338140, c++, elite, mult, 1
1359491.exe ,  9.05,  0.82,  0.63,  0.00,  0.28,  548838626,  539654000,    8994000,  599760080, c++, elite, mult, 1
1359491.exe ,  8.98,  0.84,  0.64,  0.00,  0.28,  549225718,  542292000,    7003000,  600531423, c++, elite, mult, 1
1375143.exe , 18.76,  1.75,  1.35,  0.00,  0.58, 1138203130,  874067000,  264020000, 1189159953, c++, elite, mult, 1
1375143.exe , 18.82,  1.81,  1.40,  0.00,  0.58, 1146747532,  820550000,  326219000, 1197835281, c++, elite, mult, 1
1375143.exe , 18.72,  1.80,  1.39,  0.00,  0.58, 1139414316,  867534000,  271853000, 1190601683, c++, elite, mult, 1
1375143.exe , 18.87,  1.81,  1.41,  0.00,  0.58, 1144018845,  832023000,  312008000, 1195052003, c++, elite, mult, 1
1375143.exe , 18.53,  1.82,  1.42,  0.00,  0.58, 1140510746,  912607000,  227902000, 1191577830, c++, elite, mult, 1
1375143.exe , 18.62,  1.84,  1.43,  0.00,  0.58, 1141952078,  901799000,  239946000, 1192929882, c++, elite, mult, 1
1375143.exe , 18.71,  1.85,  1.44,  0.00,  0.59, 1144655564,  868472000,  276150000, 1195568087, c++, elite, mult, 1
1375143.exe , 18.61,  1.82,  1.41,  0.00,  0.59, 1145483308,  850395000,  295137000, 1196707325, c++, elite, mult, 1
1375143.exe , 18.60,  1.80,  1.40,  0.00,  0.58, 1143124608,  825410000,  317772000, 1194176335, c++, elite, mult, 1
1375143.exe , 18.58,  1.80,  1.40,  0.00,  0.58, 1144281665,  893217000,  251061000, 1195236809, c++, elite, mult, 1
1403565.exe ,  8.53,  0.89,  0.71,  0.00,  0.26,  512860823,  504780000,    7996000,  564052697, c++, elite, mult, 1
1403565.exe ,  8.40,  0.87,  0.69,  0.00,  0.26,  512548105,  504504000,    7992000,  563638566, c++, elite, mult, 1
1403565.exe ,  8.44,  0.90,  0.71,  0.00,  0.26,  512831505,  504822000,    8013000,  563766009, c++, elite, mult, 1
1403565.exe ,  8.47,  0.88,  0.69,  0.00,  0.26,  512346345,  505372000,    7005000,  563510532, c++, elite, mult, 1
1403565.exe ,  8.52,  0.87,  0.69,  0.00,  0.26,  512359951,  503416000,    8989000,  564217640, c++, elite, mult, 1
1403565.exe ,  8.47,  0.88,  0.70,  0.00,  0.26,  512738700,  503749000,    8995000,  563891159, c++, elite, mult, 1
1403565.exe ,  8.54,  0.91,  0.73,  0.00,  0.26,  512555757,  504596000,    8009000,  563517787, c++, elite, mult, 1
1403565.exe ,  8.51,  0.88,  0.70,  0.00,  0.26,  512688408,  505706000,    7009000,  563941307, c++, elite, mult, 1
1403565.exe ,  8.50,  0.88,  0.70,  0.00,  0.26,  513611201,  503712000,    9974000,  564764651, c++, elite, mult, 1
1403565.exe ,  8.49,  0.88,  0.70,  0.00,  0.26,  513730244,  504839000,    8979000,  564822199, c++, elite, mult, 1
1511347.exe , 13.99,  1.40,  1.09,  0.00,  0.44,  861345649,  702294000,  159066000,  912510768, c++, elite, mult, 1
1511347.exe , 14.09,  1.39,  1.08,  0.00,  0.44,  863539372,  705606000,  157912000,  914531927, c++, elite, mult, 1
1511347.exe , 14.01,  1.37,  1.07,  0.00,  0.44,  860043651,  688090000,  172022000,  911370899, c++, elite, mult, 1
1511347.exe , 14.11,  1.40,  1.10,  0.00,  0.44,  860213964,  725211000,  135039000,  911332876, c++, elite, mult, 1
1511347.exe , 14.21,  1.39,  1.08,  0.00,  0.44,  863697126,  724769000,  138955000,  914630091, c++, elite, mult, 1
1511347.exe , 14.14,  1.39,  1.09,  0.00,  0.44,  860801089,  715597000,  145121000,  911655959, c++, elite, mult, 1
1511347.exe , 14.05,  1.40,  1.09,  0.00,  0.44,  860108796,  696933000,  163218000,  910993563, c++, elite, mult, 1
1511347.exe , 14.41,  1.40,  1.09,  0.00,  0.44,  864892274,  715554000,  149115000,  915872545, c++, elite, mult, 1
1511347.exe , 13.99,  1.38,  1.07,  0.00,  0.44,  859611624,  697545000,  162126000,  910462990, c++, elite, mult, 1
1511347.exe , 14.07,  1.38,  1.07,  0.00,  0.44,  862985271,  687010000,  176002000,  913927194, c++, elite, mult, 1
1663963.exe ,  8.02,  0.85,  0.67,  0.00,  0.25,  487553920,  476513000,   10988000,  538767513, c++, elite, mult, 1
1663963.exe ,  8.02,  0.84,  0.66,  0.00,  0.25,  489208157,  476352000,   12982000,  540312032, c++, elite, mult, 1
1663963.exe ,  8.12,  0.84,  0.67,  0.00,  0.25,  487523784,  473582000,   13987000,  538568953, c++, elite, mult, 1
1663963.exe ,  8.08,  0.89,  0.72,  0.00,  0.25,  487837526,  475912000,   11997000,  538872074, c++, elite, mult, 1
1663963.exe ,  8.13,  0.87,  0.69,  0.00,  0.25,  487720215,  475850000,   11971000,  538827633, c++, elite, mult, 1
1663963.exe ,  8.11,  0.87,  0.70,  0.00,  0.25,  489027204,  478036000,   10977000,  540587234, c++, elite, mult, 1
1663963.exe ,  8.13,  0.87,  0.70,  0.00,  0.25,  487628775,  476648000,   10991000,  538825142, c++, elite, mult, 1
1663963.exe ,  8.12,  0.85,  0.67,  0.00,  0.25,  487939910,  478970000,    8980000,  538887549, c++, elite, mult, 1
1663963.exe ,  8.12,  0.85,  0.67,  0.00,  0.25,  487562767,  478602000,    9011000,  538692717, c++, elite, mult, 1
1663963.exe ,  8.18,  0.84,  0.67,  0.00,  0.25,  487939076,  476918000,   10998000,  538944728, c++, elite, mult, 1
1765531.exe ,  8.50,  0.88,  0.69,  0.00,  0.26,  511920170,  504997000,    6986000,  563407310, c++, elite, mult, 1
1765531.exe ,  8.45,  0.87,  0.69,  0.00,  0.26,  511576869,  501534000,    9970000,  562431043, c++, elite, mult, 1
1765531.exe ,  8.46,  0.88,  0.69,  0.00,  0.26,  511737954,  504827000,    6997000,  563081944, c++, elite, mult, 1
1765531.exe ,  8.49,  0.88,  0.70,  0.00,  0.26,  512592571,  505411000,    7005000,  563629254, c++, elite, mult, 1
1765531.exe ,  8.51,  0.86,  0.68,  0.00,  0.26,  511927153,  503970000,    7983000,  562986953, c++, elite, mult, 1
1765531.exe ,  8.49,  0.88,  0.70,  0.00,  0.26,  512272551,  505334000,    7004000,  563506413, c++, elite, mult, 1
1765531.exe ,  8.51,  0.88,  0.70,  0.00,  0.26,  511230076,  502117000,    8984000,  562199303, c++, elite, mult, 1
1765531.exe ,  8.49,  0.89,  0.70,  0.00,  0.26,  512278618,  503370000,    8988000,  563409439, c++, elite, mult, 1
1765531.exe ,  8.47,  0.87,  0.69,  0.00,  0.26,  512301695,  507363000,    5003000,  563404706, c++, elite, mult, 1
1765531.exe ,  8.49,  0.88,  0.70,  0.00,  0.26,  511455039,  502346000,    8988000,  562514932, c++, elite, mult, 1
1820307.exe , 10.25,  1.00,  0.78,  0.00,  0.32,  629547429,  619448000,   10007000,  680724795, c++, elite, mult, 1
1820307.exe ,  9.96,  0.99,  0.77,  0.00,  0.31,  614590229,  602548000,   11991000,  665875499, c++, elite, mult, 1
1820307.exe , 10.23,  0.97,  0.75,  0.00,  0.32,  629011376,  620074000,    8986000,  680147090, c++, elite, mult, 1
1820307.exe , 10.02,  0.97,  0.75,  0.00,  0.31,  613153980,  605079000,    7987000,  664533066, c++, elite, mult, 1
1820307.exe , 10.08,  0.97,  0.75,  0.00,  0.32,  621506074,  614505000,    7005000,  672665307, c++, elite, mult, 1
1820307.exe , 10.11,  0.98,  0.77,  0.00,  0.32,  618539775,  610595000,    8007000,  669830945, c++, elite, mult, 1
1820307.exe , 10.10,  0.98,  0.76,  0.00,  0.32,  621504063,  613529000,    8006000,  672658618, c++, elite, mult, 1
1820307.exe , 10.16,  0.97,  0.75,  0.00,  0.32,  624906136,  614958000,    9999000,  675956407, c++, elite, mult, 1
1820307.exe , 10.17,  1.02,  0.80,  0.00,  0.32,  625347759,  620380000,    4995000,  676690147, c++, elite, mult, 1
1820307.exe , 10.15,  0.98,  0.76,  0.00,  0.32,  625464770,  619493000,    6004000,  676655023, c++, elite, mult, 1
1863351.exe ,  8.02,  0.84,  0.66,  0.00,  0.25,  484133246,  476198000,    8003000,  535276677, c++, elite, mult, 1
1863351.exe ,  7.97,  0.84,  0.67,  0.00,  0.25,  484171501,  477185000,    7002000,  535188115, c++, elite, mult, 1
1863351.exe ,  7.96,  0.84,  0.67,  0.00,  0.25,  483352129,  477438000,    6005000,  534297092, c++, elite, mult, 1
1863351.exe ,  7.98,  0.84,  0.67,  0.00,  0.25,  485164529,  476261000,    8986000,  536137720, c++, elite, mult, 1
1863351.exe ,  7.99,  0.83,  0.66,  0.00,  0.25,  484112000,  479137000,    5001000,  535444723, c++, elite, mult, 1
1863351.exe ,  7.98,  0.85,  0.68,  0.00,  0.25,  485462550,  479396000,    6004000,  536538611, c++, elite, mult, 1
1863351.exe ,  7.98,  0.86,  0.68,  0.00,  0.25,  485172547,  479256000,    6003000,  536265219, c++, elite, mult, 1
1863351.exe ,  7.97,  0.84,  0.66,  0.00,  0.25,  485359588,  475274000,    9963000,  536490865, c++, elite, mult, 1
1863351.exe ,  8.00,  0.84,  0.67,  0.00,  0.25,  484942765,  479024000,    6000000,  536089560, c++, elite, mult, 1
1863351.exe ,  7.95,  0.83,  0.66,  0.00,  0.25,  484305729,  476168000,    8002000,  535339588, c++, elite, mult, 1
1908480.exe , 11.46,  1.24,  0.99,  0.00,  0.36,  692860298,  683829000,    8997000,  746167405, c++, elite, mult, 1
1908480.exe , 11.39,  1.23,  0.98,  0.00,  0.36,  692740080,  684805000,    7997000,  743722776, c++, elite, mult, 1
1908480.exe , 11.44,  1.22,  0.98,  0.00,  0.36,  693241599,  680273000,   13005000,  744277764, c++, elite, mult, 1
1908480.exe , 11.42,  1.20,  0.95,  0.00,  0.36,  693160678,  684211000,    9002000,  744574616, c++, elite, mult, 1
1908480.exe , 11.39,  1.22,  0.97,  0.00,  0.36,  693215304,  680262000,   12985000,  744389500, c++, elite, mult, 1
1908480.exe , 11.59,  1.24,  0.99,  0.00,  0.37,  693862428,  682942000,   10999000,  745257730, c++, elite, mult, 1
1908480.exe , 11.38,  1.22,  0.98,  0.00,  0.36,  693704209,  682762000,   10996000,  747211473, c++, elite, mult, 1
1908480.exe , 11.49,  1.24,  1.00,  0.00,  0.36,  692936765,  681019000,   12000000,  744088300, c++, elite, mult, 1
1908480.exe , 11.42,  1.23,  0.98,  0.00,  0.36,  692960426,  683010000,   10000000,  743974360, c++, elite, mult, 1
1908480.exe , 11.43,  1.26,  1.02,  0.00,  0.36,  693006946,  680045000,   13000000,  744169407, c++, elite, mult, 1
2021894.exe , 10.44,  1.01,  0.78,  0.00,  0.33,  643464137,  635268000,    8003000,  694433831, c++, elite, mult, 1
2021894.exe , 11.32,  1.06,  0.83,  0.00,  0.33,  644759388,  634829000,    9997000,  695894121, c++, elite, mult, 1
2021894.exe , 10.99,  1.02,  0.79,  0.00,  0.33,  639931728,  626790000,   12995000,  690987210, c++, elite, mult, 1
2021894.exe , 10.54,  1.05,  0.82,  0.00,  0.33,  648271120,  635344000,   13007000,  702065538, c++, elite, mult, 1
2021894.exe , 10.57,  1.04,  0.81,  0.00,  0.33,  647280817,  635283000,   12005000,  698376156, c++, elite, mult, 1
2021894.exe , 10.41,  1.02,  0.78,  0.00,  0.33,  642816147,  629717000,   12994000,  693872494, c++, elite, mult, 1
2021894.exe , 10.72,  1.01,  0.78,  0.00,  0.33,  647801936,  635861000,   11997000,  698985230, c++, elite, mult, 1
2021894.exe , 10.66,  1.02,  0.79,  0.00,  0.33,  647614918,  638537000,    9007000,  698563916, c++, elite, mult, 1
2021894.exe , 10.58,  0.98,  0.75,  0.00,  0.33,  639507681,  627454000,   12008000,  690476490, c++, elite, mult, 1
2021894.exe , 10.66,  1.01,  0.78,  0.00,  0.33,  646066188,  634108000,   12002000,  697107757, c++, elite, mult, 1
2377312.exe , 12.89,  1.32,  1.05,  0.00,  0.40,  777956227,  769940000,    8009000,  829001341, c++, elite, mult, 1
2377312.exe , 12.97,  1.34,  1.06,  0.00,  0.40,  776773209,  768771000,    8008000,  827693255, c++, elite, mult, 1
2377312.exe , 12.89,  1.30,  1.02,  0.00,  0.40,  774286023,  767750000,    5998000,  825105371, c++, elite, mult, 1
2377312.exe , 12.89,  1.29,  1.01,  0.00,  0.40,  776969971,  767029000,   10000000,  828146437, c++, elite, mult, 1
2377312.exe , 12.91,  1.32,  1.05,  0.00,  0.40,  777627800,  770686000,    6997000,  828631981, c++, elite, mult, 1
2377312.exe , 12.93,  1.35,  1.07,  0.00,  0.40,  777207620,  768126000,    9001000,  828141981, c++, elite, mult, 1
2377312.exe , 13.10,  1.34,  1.07,  0.00,  0.40,  773751470,  766810000,    6998000,  824991297, c++, elite, mult, 1
2377312.exe , 12.97,  1.37,  1.09,  0.00,  0.40,  777183753,  767221000,   10002000,  828226344, c++, elite, mult, 1
2377312.exe , 12.82,  1.37,  1.09,  0.00,  0.40,  777703551,  769771000,    7997000,  828830538, c++, elite, mult, 1
2377312.exe , 12.78,  1.40,  1.13,  0.00,  0.40,  776647984,  767712000,    8996000,  827889948, c++, elite, mult, 1
2470367.exe ,  6.17,  0.63,  0.50,  0.00,  0.19,  370014137,  362973000,    6999000,  421305877, c++, elite, mult, 1
2470367.exe ,  6.15,  0.64,  0.51,  0.00,  0.19,  369716552,  357630000,   12021000,  420686742, c++, elite, mult, 1
2470367.exe ,  6.15,  0.64,  0.51,  0.00,  0.19,  370162841,  361220000,    9005000,  421170072, c++, elite, mult, 1
2470367.exe ,  6.04,  0.62,  0.49,  0.00,  0.19,  369296849,  351372000,   17917000,  420103835, c++, elite, mult, 1
2470367.exe ,  6.19,  0.64,  0.51,  0.00,  0.19,  370527283,  357606000,   12985000,  421822994, c++, elite, mult, 1
2470367.exe ,  6.09,  0.63,  0.50,  0.00,  0.19,  370489224,  360554000,   10015000,  421438584, c++, elite, mult, 1
2470367.exe ,  6.04,  0.61,  0.48,  0.00,  0.19,  369689852,  358780000,   10993000,  420591684, c++, elite, mult, 1
2470367.exe ,  6.05,  0.61,  0.48,  0.00,  0.19,  369437321,  360503000,    9012000,  423904867, c++, elite, mult, 1
2470367.exe ,  6.05,  0.60,  0.47,  0.00,  0.19,  370006152,  352099000,   18005000,  421305998, c++, elite, mult, 1
2470367.exe ,  6.83,  0.82,  0.68,  0.00,  0.21,  374259432,  364182000,    8979000,  425255035, c++, elite, mult, 1
248468.exe  , 11.99,  1.15,  0.89,  0.00,  0.37,  730202101,  581416000,  148850000,  781298312, c++, elite, mult, 1
248468.exe  , 12.22,  1.16,  0.90,  0.00,  0.37,  730999233,  579943000,  150985000,  782477138, c++, elite, mult, 1
248468.exe  , 12.49,  1.43,  1.17,  0.00,  0.38,  734399624,  602528000,  131678000,  785633928, c++, elite, mult, 1
248468.exe  , 12.13,  1.18,  0.92,  0.00,  0.38,  732430297,  600393000,  132086000,  783624389, c++, elite, mult, 1
248468.exe  , 12.04,  1.14,  0.88,  0.00,  0.37,  733117786,  562131000,  171039000,  784502408, c++, elite, mult, 1
248468.exe  , 12.11,  1.16,  0.90,  0.00,  0.37,  729354862,  604233000,  125048000,  780533437, c++, elite, mult, 1
248468.exe  , 12.03,  1.18,  0.92,  0.00,  0.37,  731017595,  545050000,  186017000,  782426596, c++, elite, mult, 1
248468.exe  , 12.12,  1.13,  0.88,  0.00,  0.37,  731389683,  576223000,  155060000,  782753285, c++, elite, mult, 1
248468.exe  , 12.26,  1.16,  0.90,  0.00,  0.38,  742601086,  591656000,  150912000,  794028117, c++, elite, mult, 1
248468.exe  , 11.96,  1.13,  0.88,  0.00,  0.37,  730658699,  574773000,  155938000,  781704956, c++, elite, mult, 1
248562.exe  , 15.93,  1.56,  1.22,  0.00,  0.49,  956770039,  823557000,  133090000, 1007805199, c++, elite, mult, 1
248562.exe  , 15.93,  1.57,  1.23,  0.00,  0.49,  962098915,  781296000,  180837000, 1013281853, c++, elite, mult, 1
248562.exe  , 15.79,  1.57,  1.23,  0.00,  0.49,  953614775,  827513000,  126078000, 1004640097, c++, elite, mult, 1
248562.exe  , 15.98,  1.58,  1.24,  0.00,  0.49,  959719864,  801700000,  157940000, 1010532483, c++, elite, mult, 1
248562.exe  , 15.87,  1.55,  1.21,  0.00,  0.49,  960640903,  833667000,  126949000, 1011759825, c++, elite, mult, 1
248562.exe  , 15.91,  1.53,  1.19,  0.00,  0.49,  954881521,  822829000,  131972000, 1005945748, c++, elite, mult, 1
248562.exe  , 15.94,  1.55,  1.21,  0.00,  0.49,  961737315,  802726000,  158945000, 1012736204, c++, elite, mult, 1
248562.exe  , 16.10,  1.56,  1.22,  0.00,  0.50,  968033529,  817058000,  151010000, 1019092211, c++, elite, mult, 1
248562.exe  , 15.93,  1.58,  1.24,  0.00,  0.49,  964009126,  796030000,  168006000, 1014874630, c++, elite, mult, 1
248562.exe  , 15.81,  1.59,  1.25,  0.00,  0.49,  954331367,  837264000,  117037000, 1005434764, c++, elite, mult, 1
250468.exe  ,  8.14,  0.85,  0.68,  0.00,  0.25,  483853193,  476811000,    6997000,  534753740, c++, elite, mult, 1
250468.exe  ,  8.08,  0.84,  0.67,  0.00,  0.25,  483836243,  473928000,    9998000,  534858330, c++, elite, mult, 1
250468.exe  ,  8.06,  0.83,  0.66,  0.00,  0.25,  482909987,  476867000,    5998000,  534256695, c++, elite, mult, 1
250468.exe  ,  8.09,  0.84,  0.67,  0.00,  0.25,  482924570,  474757000,    7979000,  533951688, c++, elite, mult, 1
250468.exe  ,  8.05,  0.84,  0.67,  0.00,  0.25,  483413070,  477503000,    6006000,  534626350, c++, elite, mult, 1
250468.exe  ,  8.09,  0.84,  0.66,  0.00,  0.25,  484509832,  477480000,    6992000,  535714568, c++, elite, mult, 1
250468.exe  ,  8.10,  0.83,  0.65,  0.00,  0.25,  482353287,  472407000,    9987000,  533335259, c++, elite, mult, 1
250468.exe  ,  8.18,  0.85,  0.67,  0.00,  0.25,  484034387,  477091000,    7001000,  535283914, c++, elite, mult, 1
250468.exe  ,  8.21,  0.85,  0.67,  0.00,  0.25,  483440005,  475554000,    7975000,  534520273, c++, elite, mult, 1
250468.exe  ,  8.23,  0.84,  0.67,  0.00,  0.25,  484456322,  478488000,    6006000,  535637271, c++, elite, mult, 1
2552614.exe ,  7.98,  0.82,  0.65,  0.00,  0.24,  473229959,  465303000,    8005000,  524474146, c++, elite, mult, 1
2552614.exe ,  7.95,  0.83,  0.66,  0.00,  0.25,  473289534,  465366000,    8006000,  524390717, c++, elite, mult, 1
2552614.exe ,  8.00,  0.81,  0.64,  0.00,  0.24,  471187074,  464127000,    7001000,  522339059, c++, elite, mult, 1
2552614.exe ,  8.05,  0.83,  0.66,  0.00,  0.24,  472446750,  466455000,    6005000,  523710508, c++, elite, mult, 1
2552614.exe ,  7.95,  0.83,  0.66,  0.00,  0.24,  473631650,  466710000,    6995000,  524935315, c++, elite, mult, 1
2552614.exe ,  8.04,  0.84,  0.67,  0.00,  0.25,  475174603,  464242000,   10982000,  526345695, c++, elite, mult, 1
2552614.exe ,  8.02,  0.82,  0.65,  0.00,  0.24,  471976284,  463750000,    7995000,  522980778, c++, elite, mult, 1
2552614.exe ,  7.87,  0.82,  0.65,  0.00,  0.24,  470156724,  461278000,    8985000,  521019116, c++, elite, mult, 1
2552614.exe ,  7.98,  0.82,  0.66,  0.00,  0.24,  473371061,  467481000,    5993000,  524551646, c++, elite, mult, 1
2552614.exe ,  7.96,  0.80,  0.64,  0.00,  0.24,  472248056,  463378000,    8987000,  523273164, c++, elite, mult, 1
2681777.exe ,  8.09,  0.85,  0.68,  0.00,  0.25,  480761661,  468843000,   11970000,  531937153, c++, elite, mult, 1
2681777.exe ,  8.01,  0.84,  0.67,  0.00,  0.25,  482242712,  472238000,    9983000,  533564326, c++, elite, mult, 1
2681777.exe ,  8.13,  0.85,  0.68,  0.00,  0.25,  482494678,  472292000,   10006000,  533575483, c++, elite, mult, 1
2681777.exe ,  8.09,  0.87,  0.69,  0.00,  0.25,  480845965,  469903000,   10997000,  531944272, c++, elite, mult, 1
2681777.exe ,  7.97,  0.85,  0.68,  0.00,  0.25,  480483024,  470550000,    9990000,  531596134, c++, elite, mult, 1
2681777.exe ,  8.07,  0.83,  0.65,  0.00,  0.25,  480586099,  471595000,    9011000,  531670478, c++, elite, mult, 1
2681777.exe ,  8.08,  0.81,  0.64,  0.00,  0.25,  480639712,  473736000,    6996000,  531703155, c++, elite, mult, 1
2681777.exe ,  8.01,  0.82,  0.65,  0.00,  0.25,  481445017,  474383000,    7005000,  532592385, c++, elite, mult, 1
2681777.exe ,  8.06,  0.80,  0.63,  0.00,  0.25,  480697198,  469738000,   10993000,  531733816, c++, elite, mult, 1
2681777.exe ,  8.06,  0.83,  0.65,  0.00,  0.25,  481656755,  471702000,   10014000,  532965087, c++, elite, mult, 1
2757092.exe , 16.05,  1.56,  1.22,  0.00,  0.49,  970073366,  868930000,  100991000, 1020983119, c++, elite, mult, 1
2757092.exe , 16.03,  1.58,  1.24,  0.00,  0.50,  971684339,  817707000,  153756000, 1022657863, c++, elite, mult, 1
2757092.exe , 15.96,  1.57,  1.22,  0.00,  0.50,  970916795,  838520000,  132081000, 1022081013, c++, elite, mult, 1
2757092.exe , 15.92,  1.60,  1.26,  0.00,  0.50,  970970749,  809170000,  161834000, 1021915085, c++, elite, mult, 1
2757092.exe , 16.04,  1.58,  1.24,  0.00,  0.50,  971724302,  806430000,  164883000, 1022733963, c++, elite, mult, 1
2757092.exe , 16.12,  1.56,  1.21,  0.00,  0.50,  971201148,  795338000,  175853000, 1022483497, c++, elite, mult, 1
2757092.exe , 16.03,  1.58,  1.23,  0.00,  0.50,  970366499,  854121000,  116016000, 1021576908, c++, elite, mult, 1
2757092.exe , 16.07,  1.57,  1.23,  0.00,  0.50,  971440022,  791612000,  179912000, 1022449161, c++, elite, mult, 1
2757092.exe , 16.04,  1.58,  1.24,  0.00,  0.50,  971469024,  828346000,  143059000, 1022459849, c++, elite, mult, 1
2757092.exe , 16.07,  1.62,  1.28,  0.00,  0.50,  973361117,  801432000,  171878000, 1024354182, c++, elite, mult, 1
2796766.exe ,  8.11,  0.85,  0.67,  0.00,  0.25,  484572108,  476689000,    7994000,  535672820, c++, elite, mult, 1
2796766.exe ,  8.11,  0.84,  0.66,  0.00,  0.25,  483854448,  475951000,    7982000,  534926855, c++, elite, mult, 1
2796766.exe ,  8.13,  0.85,  0.68,  0.00,  0.25,  484735119,  480415000,    4003000,  535608731, c++, elite, mult, 1
2796766.exe ,  8.04,  0.86,  0.68,  0.00,  0.25,  484493119,  475432000,    9008000,  535710054, c++, elite, mult, 1
2796766.exe ,  8.09,  0.83,  0.66,  0.00,  0.25,  483739206,  475562000,    7992000,  534921137, c++, elite, mult, 1
2796766.exe ,  8.13,  0.83,  0.66,  0.00,  0.25,  484703908,  475723000,    9013000,  535549490, c++, elite, mult, 1
2796766.exe ,  7.98,  0.83,  0.66,  0.00,  0.25,  484299658,  476382000,    8006000,  535485250, c++, elite, mult, 1
2796766.exe ,  8.09,  0.84,  0.67,  0.00,  0.25,  482612811,  475493000,    7007000,  533723008, c++, elite, mult, 1
2796766.exe ,  8.11,  0.84,  0.67,  0.00,  0.25,  484361291,  474048000,   10001000,  535679354, c++, elite, mult, 1
2796766.exe ,  8.05,  0.85,  0.67,  0.00,  0.25,  483721636,  475817000,    7996000,  534876951, c++, elite, mult, 1
2799712.exe , 13.42,  1.32,  1.03,  0.00,  0.42,  814842856,  700906000,  113984000,  866171270, c++, elite, mult, 1
2799712.exe , 13.58,  1.33,  1.04,  0.00,  0.42,  819150112,  635082000,  184023000,  870320338, c++, elite, mult, 1
2799712.exe , 13.50,  1.31,  1.03,  0.00,  0.42,  812038627,  668056000,  144012000,  863468410, c++, elite, mult, 1
2799712.exe , 13.53,  1.36,  1.07,  0.00,  0.42,  813230097,  695208000,  118035000,  864034088, c++, elite, mult, 1
2799712.exe , 13.54,  1.33,  1.04,  0.00,  0.41,  811185476,  658397000,  152860000,  862442141, c++, elite, mult, 1
2799712.exe , 13.82,  1.33,  1.04,  0.00,  0.42,  810597961,  679700000,  130942000,  861699064, c++, elite, mult, 1
2799712.exe , 13.67,  1.31,  1.02,  0.00,  0.42,  823527443,  673661000,  149924000,  874986861, c++, elite, mult, 1
2799712.exe , 13.50,  1.29,  1.01,  0.00,  0.42,  813459730,  628843000,  184660000,  864356905, c++, elite, mult, 1
2799712.exe , 13.47,  1.34,  1.05,  0.00,  0.42,  812882927,  723698000,   89085000,  864024448, c++, elite, mult, 1
2799712.exe , 13.45,  1.34,  1.05,  0.00,  0.41,  813609909,  645707000,  167923000,  864987674, c++, elite, mult, 1
2982528.exe , 13.46,  1.33,  1.04,  0.00,  0.42,  816205220,  665976000,  149994000,  867481344, c++, elite, mult, 1
2982528.exe , 13.37,  1.33,  1.04,  0.00,  0.42,  816929626,  665783000,  150950000,  868193763, c++, elite, mult, 1
2982528.exe , 13.39,  1.37,  1.08,  0.00,  0.42,  817221611,  679822000,  136964000,  868368458, c++, elite, mult, 1
2982528.exe , 13.44,  1.36,  1.07,  0.00,  0.42,  817046197,  684990000,  131998000,  868194870, c++, elite, mult, 1
2982528.exe , 13.45,  1.40,  1.11,  0.00,  0.42,  814275620,  654341000,  159839000,  865192587, c++, elite, mult, 1
2982528.exe , 13.37,  1.42,  1.13,  0.00,  0.42,  816777734,  695819000,  120968000,  867976597, c++, elite, mult, 1
2982528.exe , 13.35,  1.40,  1.11,  0.00,  0.42,  813123479,  682018000,  131003000,  864156696, c++, elite, mult, 1
2982528.exe , 13.34,  1.33,  1.04,  0.00,  0.42,  812391784,  701372000,  111059000,  863415994, c++, elite, mult, 1
2982528.exe , 13.35,  1.34,  1.05,  0.00,  0.42,  815503386,  672622000,  142919000,  866855948, c++, elite, mult, 1
2982528.exe , 13.30,  1.38,  1.09,  0.00,  0.42,  814802259,  667659000,  147145000,  866031462, c++, elite, mult, 1
3051090.exe , 22.39,  2.36,  1.87,  0.00,  0.70, 1367830566, 1189740000,  177961000, 1418961544, c++, elite, mult, 1
3051090.exe , 22.35,  2.36,  1.88,  0.00,  0.70, 1365384128, 1224191000,  140906000, 1416562043, c++, elite, mult, 1
3051090.exe , 22.58,  2.30,  1.81,  0.00,  0.70, 1376173969, 1188158000,  188025000, 1427502413, c++, elite, mult, 1
3051090.exe , 22.53,  2.29,  1.80,  0.00,  0.70, 1370856042, 1257820000,  112983000, 1421899096, c++, elite, mult, 1
3051090.exe , 22.65,  2.26,  1.77,  0.00,  0.70, 1376172758, 1182145000,  194023000, 1427264016, c++, elite, mult, 1
3051090.exe , 22.37,  2.32,  1.83,  0.00,  0.70, 1365275102, 1197210000,  168029000, 1419030074, c++, elite, mult, 1
3051090.exe , 22.47,  2.26,  1.78,  0.00,  0.70, 1366867150, 1224933000,  141992000, 1417848188, c++, elite, mult, 1
3051090.exe , 22.47,  2.27,  1.78,  0.00,  0.70, 1363734626, 1203623000,  160082000, 1414856924, c++, elite, mult, 1
3051090.exe , 22.48,  2.26,  1.78,  0.00,  0.70, 1364977650, 1181995000,  182999000, 1416092825, c++, elite, mult, 1
3051090.exe , 22.49,  2.25,  1.77,  0.00,  0.69, 1363839469, 1251871000,  111988000, 1414876315, c++, elite, mult, 1
3162850.exe , 10.06,  1.04,  0.82,  0.00,  0.31,  602956756,  593001000,   10000000,  654295942, c++, elite, mult, 1
3162850.exe , 10.00,  1.01,  0.79,  0.00,  0.31,  601538041,  591616000,    9993000,  652839351, c++, elite, mult, 1
3162850.exe ,  9.92,  1.01,  0.80,  0.00,  0.31,  603369509,  594477000,    8992000,  654671392, c++, elite, mult, 1
3162850.exe , 10.07,  1.03,  0.82,  0.00,  0.31,  602815960,  594850000,    7997000,  654075929, c++, elite, mult, 1
3162850.exe ,  9.93,  1.02,  0.80,  0.00,  0.31,  603219529,  597176000,    6001000,  654514171, c++, elite, mult, 1
3162850.exe ,  9.92,  1.01,  0.80,  0.00,  0.31,  602478080,  590538000,   11990000,  653401178, c++, elite, mult, 1
3162850.exe ,  9.96,  1.02,  0.81,  0.00,  0.31,  602124479,  596200000,    6002000,  656084660, c++, elite, mult, 1
3162850.exe ,  9.99,  1.01,  0.80,  0.00,  0.31,  601917829,  593040000,    8985000,  652874530, c++, elite, mult, 1
3162850.exe , 10.01,  1.00,  0.79,  0.00,  0.31,  602967866,  596035000,    7000000,  654057579, c++, elite, mult, 1
3162850.exe , 10.02,  1.00,  0.79,  0.00,  0.31,  604169814,  596117000,    8001000,  655428467, c++, elite, mult, 1
3371941.exe , 15.23,  1.56,  1.24,  0.00,  0.49,  906052123,  786215000,  119880000,  957185069, c++, elite, mult, 1
3371941.exe , 15.19,  1.55,  1.23,  0.00,  0.47,  905529426,  762482000,  143090000,  956740203, c++, elite, mult, 1
3371941.exe , 15.17,  1.58,  1.26,  0.00,  0.47,  902642425,  760694000,  141942000,  956379318, c++, elite, mult, 1
3371941.exe , 15.23,  1.54,  1.22,  0.00,  0.48,  904203557,  795149000,  109020000,  955392908, c++, elite, mult, 1
3371941.exe , 15.10,  1.52,  1.20,  0.00,  0.46,  902313214,  736433000,  165872000,  953699849, c++, elite, mult, 1
3371941.exe , 15.12,  1.54,  1.22,  0.00,  0.47,  898600990,  753689000,  144940000,  949929684, c++, elite, mult, 1
3371941.exe , 15.13,  1.59,  1.27,  0.00,  0.47,  903708626,  744785000,  158954000,  954890597, c++, elite, mult, 1
3371941.exe , 15.24,  1.53,  1.21,  0.00,  0.47,  901389338,  796367000,  105048000,  952710237, c++, elite, mult, 1
3371941.exe , 15.05,  1.59,  1.27,  0.00,  0.47,  898712561,  745602000,  153123000,  950104780, c++, elite, mult, 1
3371941.exe , 15.08,  1.56,  1.24,  0.00,  0.47,  901854792,  787891000,  113984000,  953180927, c++, elite, mult, 1
3536231.exe , 24.51,  2.53,  2.00,  0.00,  0.76, 1487714216, 1479323000,    7996000, 1538982994, c++, elite, mult, 1
3536231.exe , 24.46,  2.53,  2.01,  0.00,  0.76, 1484383026, 1477362000,    7001000, 1535418707, c++, elite, mult, 1
3536231.exe , 24.60,  2.53,  2.00,  0.00,  0.76, 1488638021, 1479403000,    8996000, 1539663454, c++, elite, mult, 1
3536231.exe , 24.49,  2.52,  1.99,  0.00,  0.76, 1481639192, 1478648000,    2999000, 1532633894, c++, elite, mult, 1
3536231.exe , 24.73,  2.58,  2.04,  0.00,  0.76, 1494504300, 1488356000,    5997000, 1545607857, c++, elite, mult, 1
3536231.exe , 24.49,  2.55,  2.02,  0.00,  0.76, 1488549996, 1477494000,   10988000, 1539573589, c++, elite, mult, 1
3536231.exe , 24.54,  2.54,  2.01,  0.00,  0.76, 1487971733, 1483825000,    4002000, 1538974343, c++, elite, mult, 1
3536231.exe , 24.57,  2.37,  1.84,  0.00,  0.76, 1486675383, 1480556000,    6002000, 1537646976, c++, elite, mult, 1
3536231.exe , 24.58,  2.44,  1.91,  0.00,  0.76, 1485567560, 1480538000,    5001000, 1536524516, c++, elite, mult, 1
3536231.exe , 24.53,  2.42,  1.89,  0.00,  0.76, 1483428625, 1477410000,    6001000, 1534493102, c++, elite, mult, 1
3564636.exe ,  8.51,  0.90,  0.72,  0.00,  0.26,  509746279,  503798000,    5997000,  560967361, c++, elite, mult, 1
3564636.exe ,  8.64,  0.89,  0.70,  0.00,  0.26,  510656183,  503771000,    6996000,  561845969, c++, elite, mult, 1
3564636.exe ,  8.50,  0.89,  0.71,  0.00,  0.26,  510789356,  500880000,    9977000,  562295608, c++, elite, mult, 1
3564636.exe ,  8.51,  0.88,  0.70,  0.00,  0.26,  511119654,  503990000,    6999000,  562041005, c++, elite, mult, 1
3564636.exe ,  8.58,  0.91,  0.72,  0.00,  0.26,  510014477,  503100000,    7001000,  561080909, c++, elite, mult, 1
3564636.exe ,  8.63,  0.92,  0.74,  0.00,  0.26,  511269295,  502301000,    9005000,  562359152, c++, elite, mult, 1
3564636.exe ,  8.51,  0.90,  0.72,  0.00,  0.26,  509727703,  503805000,    5985000,  560901817, c++, elite, mult, 1
3564636.exe ,  8.63,  0.88,  0.70,  0.00,  0.26,  509272161,  500351000,    9006000,  560240168, c++, elite, mult, 1
3564636.exe ,  8.63,  0.90,  0.72,  0.00,  0.26,  510511582,  502598000,    7993000,  561877014, c++, elite, mult, 1
3564636.exe ,  8.60,  0.92,  0.74,  0.00,  0.26,  510581640,  501600000,    9010000,  562081955, c++, elite, mult, 1
3574537.exe , 14.36,  1.41,  1.10,  0.00,  0.44,  866190625,  702026000,  164006000,  917846230, c++, elite, mult, 1
3574537.exe , 14.35,  1.41,  1.10,  0.00,  0.44,  866296401,  757195000,  109028000,  917347956, c++, elite, mult, 1
3574537.exe , 14.40,  1.40,  1.09,  0.00,  0.45,  868816234,  677903000,  190691000,  920267017, c++, elite, mult, 1
3574537.exe , 14.40,  1.45,  1.14,  0.00,  0.44,  869076285,  744069000,  125011000,  920295943, c++, elite, mult, 1
3574537.exe , 14.33,  1.39,  1.09,  0.00,  0.44,  865571700,  724714000,  140944000,  916868680, c++, elite, mult, 1
3574537.exe , 14.22,  1.43,  1.12,  0.00,  0.44,  865647820,  724931000,  140792000,  916828056, c++, elite, mult, 1
3574537.exe , 14.41,  1.44,  1.13,  0.00,  0.45,  875060439,  740073000,  135013000,  926347412, c++, elite, mult, 1
3574537.exe , 14.32,  1.43,  1.12,  0.00,  0.45,  866287432,  762251000,  104034000,  917519304, c++, elite, mult, 1
3574537.exe , 14.32,  1.41,  1.10,  0.00,  0.44,  867617417,  705706000,  161932000,  918779623, c++, elite, mult, 1
3574537.exe , 14.35,  1.41,  1.10,  0.00,  0.45,  869724665,  727783000,  141957000,  920940290, c++, elite, mult, 1
3598512.exe ,  9.92,  0.98,  0.77,  0.00,  0.31,  594211217,  582269000,   12005000,  645684393, c++, elite, mult, 1
3598512.exe ,  9.92,  1.00,  0.79,  0.00,  0.30,  592803026,  578794000,   14019000,  643731278, c++, elite, mult, 1
3598512.exe ,  9.92,  1.01,  0.80,  0.00,  0.30,  593607966,  578719000,   14992000,  644624175, c++, elite, mult, 1
3598512.exe ,  9.94,  0.99,  0.78,  0.00,  0.31,  593332009,  575174000,   18005000,  644783277, c++, elite, mult, 1
3598512.exe ,  9.98,  1.00,  0.78,  0.00,  0.31,  594899314,  576965000,   17998000,  645717439, c++, elite, mult, 1
3598512.exe ,  9.90,  0.99,  0.77,  0.00,  0.31,  594763054,  578639000,   15990000,  646283518, c++, elite, mult, 1
3598512.exe ,  9.98,  0.96,  0.74,  0.00,  0.31,  594722883,  584742000,   10012000,  645896489, c++, elite, mult, 1
3598512.exe ,  9.98,  0.98,  0.76,  0.00,  0.31,  593901067,  579002000,   14974000,  644942647, c++, elite, mult, 1
3598512.exe , 10.08,  0.99,  0.78,  0.00,  0.31,  595621892,  582649000,   12992000,  646825113, c++, elite, mult, 1
3598512.exe ,  9.83,  1.00,  0.79,  0.00,  0.30,  593574905,  580503000,   12988000,  644968777, c++, elite, mult, 1
3634806.exe , 11.31,  1.10,  0.86,  0.00,  0.35,  675885345,  666900000,    8998000,  727059694, c++, elite, mult, 1
3634806.exe , 11.38,  1.15,  0.91,  0.00,  0.35,  676566151,  666589000,   10008000,  727558917, c++, elite, mult, 1
3634806.exe , 11.26,  1.12,  0.88,  0.00,  0.35,  676040001,  666036000,   10000000,  727326442, c++, elite, mult, 1
3634806.exe , 11.22,  1.10,  0.86,  0.00,  0.35,  676240201,  668370000,    7992000,  727739517, c++, elite, mult, 1
3634806.exe , 11.22,  1.15,  0.91,  0.00,  0.35,  676051882,  667086000,    9001000,  726914210, c++, elite, mult, 1
3634806.exe , 11.21,  1.16,  0.92,  0.00,  0.35,  675747412,  666819000,    8997000,  726621822, c++, elite, mult, 1
3634806.exe , 11.20,  1.16,  0.92,  0.00,  0.35,  676592967,  667672000,    8982000,  727696810, c++, elite, mult, 1
3634806.exe , 11.27,  1.17,  0.92,  0.00,  0.35,  676424505,  666443000,    9991000,  728011176, c++, elite, mult, 1
3634806.exe , 11.20,  1.17,  0.92,  0.00,  0.35,  675741491,  668745000,    6986000,  726867460, c++, elite, mult, 1
3634806.exe , 11.10,  1.16,  0.92,  0.00,  0.35,  675617421,  665725000,    9980000,  726671080, c++, elite, mult, 1
3648026.exe ,  8.30,  0.86,  0.69,  0.00,  0.26,  500334374,  489177000,   10959000,  551404282, c++, elite, mult, 1
3648026.exe ,  8.38,  0.86,  0.68,  0.00,  0.26,  501107743,  493193000,    8003000,  552146866, c++, elite, mult, 1
3648026.exe ,  8.32,  0.90,  0.73,  0.00,  0.26,  500379903,  493241000,    6989000,  551211556, c++, elite, mult, 1
3648026.exe ,  8.35,  0.89,  0.71,  0.00,  0.26,  500195761,  492246000,    8004000,  551179241, c++, elite, mult, 1
3648026.exe ,  8.39,  0.90,  0.72,  0.00,  0.26,  500087351,  490169000,   10003000,  551088523, c++, elite, mult, 1
3648026.exe ,  8.38,  0.88,  0.71,  0.00,  0.26,  500990299,  491947000,    8980000,  552076625, c++, elite, mult, 1
3648026.exe ,  8.32,  0.89,  0.71,  0.00,  0.26,  500065926,  492060000,    8000000,  551179983, c++, elite, mult, 1
3648026.exe ,  8.37,  0.87,  0.69,  0.00,  0.26,  501181578,  493179000,    7986000,  552126399, c++, elite, mult, 1
3648026.exe ,  8.43,  0.87,  0.69,  0.00,  0.26,  501412847,  491450000,   10009000,  552479932, c++, elite, mult, 1
3648026.exe ,  8.35,  0.87,  0.69,  0.00,  0.26,  501654890,  493566000,    8009000,  552671035, c++, elite, mult, 1
3660670.exe , 12.51,  1.24,  0.98,  0.00,  0.39,  758709398,  618788000,  139952000,  809717925, c++, elite, mult, 1
3660670.exe , 12.58,  1.25,  0.98,  0.00,  0.39,  760159356,  620169000,  140038000,  811085593, c++, elite, mult, 1
3660670.exe , 12.53,  1.27,  1.01,  0.00,  0.39,  760710630,  623807000,  136957000,  811571021, c++, elite, mult, 1
3660670.exe , 12.52,  1.23,  0.96,  0.00,  0.39,  760145196,  618351000,  141851000,  811243252, c++, elite, mult, 1
3660670.exe , 12.55,  1.26,  0.99,  0.00,  0.39,  759669987,  628929000,  130777000,  810904937, c++, elite, mult, 1
3660670.exe , 12.60,  1.26,  0.99,  0.00,  0.39,  761386764,  633351000,  128071000,  812558913, c++, elite, mult, 1
3660670.exe , 12.85,  1.27,  1.00,  0.00,  0.39,  767610254,  616548000,  150889000,  818847232, c++, elite, mult, 1
3660670.exe , 12.69,  1.25,  0.99,  0.00,  0.39,  759711620,  611827000,  147958000,  811026794, c++, elite, mult, 1
3660670.exe , 12.76,  1.28,  1.01,  0.00,  0.39,  763627596,  628544000,  134902000,  814982455, c++, elite, mult, 1
3660670.exe , 12.62,  1.28,  1.01,  0.00,  0.39,  762137810,  601390000,  160836000,  813258716, c++, elite, mult, 1
367930.exe  , 13.54,  1.35,  1.06,  0.00,  0.42,  821415195,  647353000,  174094000,  872374903, c++, elite, mult, 1
367930.exe  , 13.53,  1.33,  1.04,  0.00,  0.42,  816007505,  679007000,  137001000,  867131224, c++, elite, mult, 1
367930.exe  , 13.51,  1.34,  1.05,  0.00,  0.42,  818843266,  667890000,  150975000,  870034277, c++, elite, mult, 1
367930.exe  , 13.45,  1.35,  1.06,  0.00,  0.42,  815451583,  680619000,  134924000,  866452909, c++, elite, mult, 1
367930.exe  , 13.52,  1.36,  1.07,  0.00,  0.42,  821322217,  676308000,  145066000,  872525145, c++, elite, mult, 1
367930.exe  , 13.58,  1.34,  1.05,  0.00,  0.42,  822188253,  720189000,  102026000,  873321411, c++, elite, mult, 1
367930.exe  , 13.47,  1.33,  1.05,  0.00,  0.42,  813969836,  680033000,  134006000,  864905246, c++, elite, mult, 1
367930.exe  , 13.63,  1.36,  1.07,  0.00,  0.42,  815727718,  673529000,  142111000,  866904197, c++, elite, mult, 1
367930.exe  , 13.71,  1.37,  1.08,  0.00,  0.42,  823628887,  704711000,  118951000,  874594289, c++, elite, mult, 1
367930.exe  , 13.51,  1.32,  1.04,  0.00,  0.41,  812455688,  653315000,  159076000,  863430938, c++, elite, mult, 1
3770539.exe , 16.16,  1.58,  1.24,  0.00,  0.50,  971602162,  850430000,  121061000, 1022595077, c++, elite, mult, 1
3770539.exe , 16.44,  1.62,  1.27,  0.00,  0.50,  977729039,  850816000,  126972000, 1028738921, c++, elite, mult, 1
3770539.exe , 16.14,  1.57,  1.23,  0.00,  0.50,  968941202,  836931000,  131989000, 1019913611, c++, elite, mult, 1
3770539.exe , 16.14,  1.59,  1.25,  0.00,  0.49,  969772767,  802636000,  167132000, 1020580645, c++, elite, mult, 1
3770539.exe , 16.14,  1.58,  1.24,  0.00,  0.50,  969444811,  801292000,  168061000, 1020398425, c++, elite, mult, 1
3770539.exe , 16.03,  1.57,  1.23,  0.00,  0.50,  969379675,  802341000,  167071000, 1020377519, c++, elite, mult, 1
3770539.exe , 16.12,  1.62,  1.28,  0.00,  0.50,  971108266,  789028000,  182006000, 1022221442, c++, elite, mult, 1
3770539.exe , 16.28,  1.64,  1.29,  0.00,  0.50,  979176054,  829089000,  150016000, 1030532909, c++, elite, mult, 1
3770539.exe , 16.19,  1.64,  1.29,  0.00,  0.50,  971519872,  832631000,  138938000, 1023087853, c++, elite, mult, 1
3770539.exe , 15.94,  1.63,  1.28,  0.00,  0.50,  971504317,  806417000,  165085000, 1022334931, c++, elite, mult, 1
3801417.exe , 15.75,  1.71,  1.37,  0.00,  0.49,  951688086,  844394000,  107050000, 1002534646, c++, elite, mult, 1
3801417.exe , 15.72,  1.71,  1.37,  0.00,  0.49,  950515507,  809471000,  141082000, 1001239046, c++, elite, mult, 1
3801417.exe , 15.78,  1.73,  1.38,  0.00,  0.49,  954588186,  807561000,  146920000, 1005758005, c++, elite, mult, 1
3801417.exe , 15.91,  1.70,  1.36,  0.00,  0.49,  952296824,  850043000,  102005000, 1003349824, c++, elite, mult, 1
3801417.exe , 15.88,  1.68,  1.34,  0.00,  0.49,  952165543,  798952000,  152990000, 1003428845, c++, elite, mult, 1
3801417.exe , 15.88,  1.68,  1.34,  0.00,  0.49,  951137629,  853164000,   98018000, 1002223527, c++, elite, mult, 1
3801417.exe , 15.71,  1.61,  1.27,  0.00,  0.49,  952127378,  809204000,  143036000, 1003278946, c++, elite, mult, 1
3801417.exe , 15.85,  1.61,  1.27,  0.00,  0.49,  955646242,  860509000,   95056000, 1006634153, c++, elite, mult, 1
3801417.exe , 15.77,  1.64,  1.30,  0.00,  0.49,  950433416,  776401000,  174090000, 1001503577, c++, elite, mult, 1
3801417.exe , 15.85,  1.68,  1.35,  0.00,  0.49,  952762291,  765064000,  187770000, 1004013050, c++, elite, mult, 1
3823863.exe , 14.55,  1.54,  1.22,  0.00,  0.45,  887716054,  729998000,  157783000,  938975920, c++, elite, mult, 1
3823863.exe , 14.49,  1.50,  1.18,  0.00,  0.45,  887608491,  725678000,  161928000,  938729306, c++, elite, mult, 1
3823863.exe , 14.48,  1.48,  1.17,  0.00,  0.45,  885632476,  780867000,  104847000,  936812454, c++, elite, mult, 1
3823863.exe , 14.35,  1.49,  1.17,  0.00,  0.45,  883387933,  729506000,  153895000,  934333729, c++, elite, mult, 1
3823863.exe , 14.59,  1.49,  1.17,  0.00,  0.45,  884177791,  781195000,  103025000,  935782190, c++, elite, mult, 1
3823863.exe , 14.44,  1.46,  1.15,  0.00,  0.45,  882796566,  746859000,  135974000,  934038182, c++, elite, mult, 1
3823863.exe , 14.45,  1.46,  1.15,  0.00,  0.45,  886160798,  710159000,  176039000,  937453110, c++, elite, mult, 1
3823863.exe , 14.46,  1.48,  1.17,  0.00,  0.45,  885268170,  769199000,  116030000,  936556379, c++, elite, mult, 1
3823863.exe , 14.50,  1.45,  1.14,  0.00,  0.45,  884711100,  734601000,  150122000,  936062406, c++, elite, mult, 1
3823863.exe , 14.41,  1.49,  1.17,  0.00,  0.46,  885101096,  718083000,  167019000,  936167721, c++, elite, mult, 1
387622.exe  , 13.49,  1.35,  1.06,  0.00,  0.43,  833020387,  671042000,  162010000,  884110747, c++, elite, mult, 1
387622.exe  , 13.60,  1.32,  1.03,  0.00,  0.43,  830149734,  677304000,  152843000,  881219529, c++, elite, mult, 1
387622.exe  , 13.55,  1.32,  1.03,  0.00,  0.43,  832770374,  675821000,  156958000,  884443790, c++, elite, mult, 1
387622.exe  , 13.65,  1.31,  1.02,  0.00,  0.43,  832367637,  677307000,  155070000,  883485317, c++, elite, mult, 1
387622.exe  , 13.64,  1.31,  1.01,  0.00,  0.43,  833397878,  685567000,  147906000,  884529238, c++, elite, mult, 1
387622.exe  , 13.65,  1.35,  1.06,  0.00,  0.43,  830931518,  678994000,  151998000,  882215983, c++, elite, mult, 1
387622.exe  , 13.61,  1.32,  1.03,  0.00,  0.43,  829905367,  680765000,  149167000,  881301120, c++, elite, mult, 1
387622.exe  , 13.70,  1.32,  1.02,  0.00,  0.43,  830944396,  658675000,  172176000,  882290311, c++, elite, mult, 1
387622.exe  , 13.60,  1.35,  1.05,  0.00,  0.43,  829933773,  676007000,  154001000,  881331263, c++, elite, mult, 1
387622.exe  , 13.77,  1.33,  1.03,  0.00,  0.43,  835331717,  687313000,  148067000,  886447144, c++, elite, mult, 1
3886650.exe , 16.51,  1.59,  1.24,  0.00,  0.51, 1001670273,  855775000,  145961000, 1052688075, c++, elite, mult, 1
3886650.exe , 16.38,  1.59,  1.23,  0.00,  0.51, 1003183837,  855198000,  148034000, 1054221080, c++, elite, mult, 1
3886650.exe , 16.37,  1.59,  1.24,  0.00,  0.51, 1004554387,  850821000,  153786000, 1055571256, c++, elite, mult, 1
3886650.exe , 16.41,  1.57,  1.22,  0.00,  0.51,  999697541,  852598000,  147103000, 1050860640, c++, elite, mult, 1
3886650.exe , 16.20,  1.54,  1.19,  0.00,  0.51, 1000248514,  872361000,  127906000, 1051991925, c++, elite, mult, 1
3886650.exe , 16.30,  1.55,  1.20,  0.00,  0.51, 1005310764,  829272000,  176057000, 1056619655, c++, elite, mult, 1
3886650.exe , 16.22,  1.58,  1.23,  0.00,  0.51,  999409084,  879376000,  120051000, 1050396902, c++, elite, mult, 1
3886650.exe , 16.42,  1.57,  1.21,  0.00,  0.51, 1003204613,  860169000,  143028000, 1054542031, c++, elite, mult, 1
3886650.exe , 16.46,  1.59,  1.24,  0.00,  0.51, 1002931504,  860909000,  141985000, 1054107054, c++, elite, mult, 1
3886650.exe , 16.33,  1.59,  1.23,  0.00,  0.51, 1000652071,  872535000,  128078000, 1051787660, c++, elite, mult, 1
3963524.exe , 15.93,  1.61,  1.26,  0.00,  0.49,  966684061,  865791000,  100975000, 1018171459, c++, elite, mult, 1
3963524.exe , 15.98,  1.63,  1.29,  0.00,  0.50,  969438477,  805361000,  164073000, 1020545826, c++, elite, mult, 1
3963524.exe , 15.85,  1.67,  1.33,  0.00,  0.49,  966649540,  848605000,  118084000, 1017738414, c++, elite, mult, 1
3963524.exe , 15.83,  1.68,  1.34,  0.00,  0.49,  965968407,  819793000,  145963000, 1017380949, c++, elite, mult, 1
3963524.exe , 15.81,  1.69,  1.35,  0.00,  0.49,  965919948,  859979000,  105997000, 1016898386, c++, elite, mult, 1
3963524.exe , 15.84,  1.65,  1.30,  0.00,  0.49,  967577184,  816662000,  150937000, 1018830385, c++, elite, mult, 1
3963524.exe , 15.84,  1.63,  1.28,  0.00,  0.49,  966627409,  830556000,  136091000, 1017637062, c++, elite, mult, 1
3963524.exe , 15.94,  1.67,  1.32,  0.00,  0.50,  966396069,  861359000,  105043000, 1017261914, c++, elite, mult, 1
3963524.exe , 16.00,  1.71,  1.37,  0.00,  0.49,  968105392,  858094000,  110012000, 1018993239, c++, elite, mult, 1
3963524.exe , 15.79,  1.71,  1.37,  0.00,  0.49,  964371649,  850311000,  114041000, 1015566070, c++, elite, mult, 1
4025112.exe , 13.61,  1.37,  1.08,  0.00,  0.42,  831117528,  698104000,  133020000,  882613986, c++, elite, mult, 1
4025112.exe , 13.58,  1.43,  1.13,  0.00,  0.42,  828796263,  652599000,  176161000,  879690636, c++, elite, mult, 1
4025112.exe , 13.61,  1.44,  1.14,  0.00,  0.42,  828497098,  623946000,  204654000,  879740874, c++, elite, mult, 1
4025112.exe , 13.58,  1.35,  1.06,  0.00,  0.42,  828223516,  655218000,  173057000,  879863398, c++, elite, mult, 1
4025112.exe , 13.62,  1.32,  1.03,  0.00,  0.42,  828570141,  648463000,  180128000,  879785721, c++, elite, mult, 1
4025112.exe , 13.60,  1.38,  1.09,  0.00,  0.42,  829723465,  655822000,  173952000,  880913867, c++, elite, mult, 1
4025112.exe , 13.64,  1.39,  1.09,  0.00,  0.43,  831837138,  675938000,  155985000,  883062361, c++, elite, mult, 1
4025112.exe , 13.64,  1.44,  1.14,  0.00,  0.43,  830395754,  639817000,  190647000,  881560063, c++, elite, mult, 1
4025112.exe , 13.63,  1.39,  1.10,  0.00,  0.42,  829858433,  677113000,  152799000,  880916106, c++, elite, mult, 1
4025112.exe , 13.62,  1.44,  1.14,  0.00,  0.43,  833282324,  674449000,  158870000,  884557036, c++, elite, mult, 1
4031241.exe , 20.45,  1.95,  1.51,  0.00,  0.63, 1236266631, 1228095000,    7994000, 1287229359, c++, elite, mult, 1
4031241.exe , 20.46,  2.03,  1.59,  0.00,  0.63, 1237457341, 1229413000,    8002000, 1288466440, c++, elite, mult, 1
4031241.exe , 20.41,  2.00,  1.56,  0.00,  0.63, 1236301763, 1227376000,    9002000, 1287153296, c++, elite, mult, 1
4031241.exe , 20.50,  1.96,  1.52,  0.00,  0.63, 1237594489, 1230514000,    6991000, 1288896384, c++, elite, mult, 1
4031241.exe , 20.39,  2.06,  1.62,  0.00,  0.63, 1238798623, 1231720000,    7004000, 1289858739, c++, elite, mult, 1
4031241.exe , 20.37,  2.10,  1.67,  0.00,  0.63, 1236755135, 1229770000,    6998000, 1288165127, c++, elite, mult, 1
4031241.exe , 20.33,  2.04,  1.60,  0.00,  0.63, 1238281473, 1229231000,    9001000, 1289284375, c++, elite, mult, 1
4031241.exe , 20.49,  2.08,  1.64,  0.00,  0.63, 1238643101, 1229706000,    8990000, 1289816820, c++, elite, mult, 1
4031241.exe , 20.36,  2.07,  1.63,  0.00,  0.63, 1237204316, 1228128000,    9000000, 1288468575, c++, elite, mult, 1
4031241.exe , 20.37,  2.04,  1.60,  0.00,  0.63, 1238225342, 1231224000,    7001000, 1289420051, c++, elite, mult, 1
4082343.exe , 18.58,  1.80,  1.40,  0.00,  0.58, 1131070588, 1045067000,   86005000, 1182315494, c++, elite, mult, 1
4082343.exe , 18.52,  1.81,  1.41,  0.00,  0.58, 1132555151,  979557000,  152930000, 1183853555, c++, elite, mult, 1
4082343.exe , 18.57,  1.87,  1.47,  0.00,  0.58, 1130574030,  965629000,  164766000, 1181961868, c++, elite, mult, 1
4082343.exe , 18.52,  1.90,  1.49,  0.00,  0.58, 1130347067,  960385000,  169891000, 1181433079, c++, elite, mult, 1
4082343.exe , 18.53,  1.88,  1.48,  0.00,  0.58, 1134144557, 1004162000,  130021000, 1185273174, c++, elite, mult, 1
4082343.exe , 18.49,  1.86,  1.46,  0.00,  0.58, 1131599383,  963669000,  167942000, 1182979224, c++, elite, mult, 1
4082343.exe , 18.52,  1.90,  1.50,  0.00,  0.58, 1131318186,  976410000,  154906000, 1182305716, c++, elite, mult, 1
4082343.exe , 18.45,  1.85,  1.45,  0.00,  0.58, 1131496547, 1028605000,  102960000, 1182706265, c++, elite, mult, 1
4082343.exe , 18.51,  1.85,  1.45,  0.00,  0.58, 1132769631,  969645000,  163108000, 1184154466, c++, elite, mult, 1
4082343.exe , 18.45,  1.83,  1.44,  0.00,  0.58, 1131866776,  977928000,  153988000, 1183162189, c++, elite, mult, 1
4096689.exe , 13.22,  1.38,  1.09,  0.00,  0.41,  810914148,  624968000,  185990000,  861966106, c++, elite, mult, 1
4096689.exe , 13.17,  1.38,  1.09,  0.00,  0.41,  808463548,  614635000,  193885000,  859432803, c++, elite, mult, 1
4096689.exe , 13.35,  1.41,  1.12,  0.00,  0.42,  814843714,  655829000,  158958000,  865908444, c++, elite, mult, 1
4096689.exe , 13.26,  1.40,  1.11,  0.00,  0.42,  811859062,  657896000,  153975000,  862955794, c++, elite, mult, 1
4096689.exe , 13.32,  1.41,  1.12,  0.00,  0.41,  810491977,  613387000,  197124000,  861488869, c++, elite, mult, 1
4096689.exe , 13.26,  1.38,  1.10,  0.00,  0.41,  809426172,  656391000,  153091000,  860622061, c++, elite, mult, 1
4096689.exe , 13.24,  1.39,  1.10,  0.00,  0.41,  808866249,  636862000,  171962000,  859943006, c++, elite, mult, 1
4096689.exe , 13.22,  1.39,  1.10,  0.00,  0.41,  809281374,  699278000,  110043000,  860288151, c++, elite, mult, 1
4096689.exe , 13.27,  1.41,  1.12,  0.00,  0.42,  812567413,  638461000,  174125000,  863718382, c++, elite, mult, 1
4096689.exe , 13.22,  1.36,  1.07,  0.00,  0.41,  811410426,  632356000,  179100000,  862603000, c++, elite, mult, 1
4174493.exe , 11.07,  1.14,  0.90,  0.00,  0.35,  675878445,  668980000,    6999000,  727094139, c++, elite, mult, 1
4174493.exe , 11.10,  1.16,  0.91,  0.00,  0.35,  675558825,  665660000,    9994000,  727005286, c++, elite, mult, 1
4174493.exe , 11.18,  1.14,  0.90,  0.00,  0.35,  675950002,  669848000,    6007000,  727066962, c++, elite, mult, 1
4174493.exe , 11.14,  1.11,  0.87,  0.00,  0.35,  675297497,  668318000,    7003000,  726432295, c++, elite, mult, 1
4174493.exe , 11.23,  1.11,  0.87,  0.00,  0.35,  677212972,  668169000,    9002000,  728237345, c++, elite, mult, 1
4174493.exe , 11.16,  1.14,  0.90,  0.00,  0.35,  675329575,  671374000,    4002000,  726909392, c++, elite, mult, 1
4174493.exe , 11.07,  1.15,  0.91,  0.00,  0.35,  676111625,  668185000,    7990000,  727115859, c++, elite, mult, 1
4174493.exe , 11.19,  1.16,  0.92,  0.00,  0.35,  676565573,  668615000,    7983000,  727597317, c++, elite, mult, 1
4174493.exe , 11.24,  1.10,  0.86,  0.00,  0.35,  677413442,  668434000,    9005000,  728486830, c++, elite, mult, 1
4174493.exe , 11.28,  1.15,  0.91,  0.00,  0.35,  676486344,  669532000,    6995000,  727731642, c++, elite, mult, 1
4333897.exe , 15.77,  1.53,  1.19,  0.00,  0.49,  957707731,  826663000,  131105000, 1008545003, c++, elite, mult, 1
4333897.exe , 15.70,  1.52,  1.18,  0.00,  0.49,  949297177,  812234000,  137039000, 1000415234, c++, elite, mult, 1
4333897.exe , 15.64,  1.54,  1.20,  0.00,  0.48,  949136062,  805926000,  142986000, 1000252269, c++, elite, mult, 1
4333897.exe , 15.66,  1.53,  1.20,  0.00,  0.49,  949204622,  783979000,  164995000, 1000506399, c++, elite, mult, 1
4333897.exe , 15.64,  1.51,  1.18,  0.00,  0.48,  949263769,  808468000,  140907000, 1000478625, c++, elite, mult, 1
4333897.exe , 15.63,  1.54,  1.21,  0.00,  0.49,  950306960,  809162000,  141028000, 1001560558, c++, elite, mult, 1
4333897.exe , 15.60,  1.55,  1.22,  0.00,  0.49,  953632082,  817712000,  135952000, 1004860936, c++, elite, mult, 1
4333897.exe , 15.43,  1.56,  1.23,  0.00,  0.49,  948916376,  834794000,  113971000,  999951598, c++, elite, mult, 1
4333897.exe , 15.56,  1.59,  1.25,  0.00,  0.49,  950312831,  814393000,  135898000, 1001417147, c++, elite, mult, 1
4333897.exe , 15.58,  1.56,  1.23,  0.00,  0.49,  952361542,  807348000,  145062000, 1003547033, c++, elite, mult, 1
4409555.exe , 12.74,  1.37,  1.10,  0.00,  0.39,  769432675,  628410000,  141092000,  820706603, c++, elite, mult, 1
4409555.exe , 12.64,  1.33,  1.06,  0.00,  0.39,  763813187,  609874000,  153968000,  815113291, c++, elite, mult, 1
4409555.exe , 12.65,  1.34,  1.07,  0.00,  0.39,  763989306,  626031000,  138006000,  815268550, c++, elite, mult, 1
4409555.exe , 12.57,  1.36,  1.09,  0.00,  0.39,  761261893,  626973000,  133994000,  812117318, c++, elite, mult, 1
4409555.exe , 12.48,  1.34,  1.07,  0.00,  0.39,  760686914,  617428000,  143099000,  811796063, c++, elite, mult, 1
4409555.exe , 12.59,  1.34,  1.07,  0.00,  0.39,  763826950,  627116000,  136807000,  815134503, c++, elite, mult, 1
4409555.exe , 12.66,  1.36,  1.09,  0.00,  0.39,  764058148,  627110000,  137024000,  814921946, c++, elite, mult, 1
4409555.exe , 12.55,  1.32,  1.05,  0.00,  0.39,  763301425,  624284000,  139063000,  814599969, c++, elite, mult, 1
4409555.exe , 12.58,  1.34,  1.07,  0.00,  0.39,  763553502,  608713000,  154927000,  814689729, c++, elite, mult, 1
4409555.exe , 12.59,  1.31,  1.04,  0.00,  0.39,  761316265,  629472000,  131889000,  812349035, c++, elite, mult, 1
4542735.exe , 14.41,  1.41,  1.10,  0.00,  0.45,  878482333,  770364000,  108051000,  929689255, c++, elite, mult, 1
4542735.exe , 14.40,  1.40,  1.09,  0.00,  0.45,  878369933,  752354000,  126059000,  929440381, c++, elite, mult, 1
4542735.exe , 14.36,  1.42,  1.10,  0.00,  0.45,  878729181,  775381000,  103050000,  929719176, c++, elite, mult, 1
4542735.exe , 14.41,  1.47,  1.16,  0.00,  0.45,  880704417,  770916000,  109845000,  931695433, c++, elite, mult, 1
4542735.exe , 14.50,  1.46,  1.15,  0.00,  0.45,  879015081,  780941000,   97992000,  929788197, c++, elite, mult, 1
4542735.exe , 14.48,  1.39,  1.08,  0.00,  0.45,  883525069,  686221000,  197063000,  934598524, c++, elite, mult, 1
4542735.exe , 14.45,  1.45,  1.13,  0.00,  0.45,  879879670,  714932000,  164984000,  931027875, c++, elite, mult, 1
4542735.exe , 14.34,  1.39,  1.08,  0.00,  0.45,  877974651,  772889000,  105121000,  928966617, c++, elite, mult, 1
4542735.exe , 14.79,  1.41,  1.09,  0.00,  0.47,  909545012,  722303000,  187078000,  960467738, c++, elite, mult, 1
4542735.exe , 14.39,  1.38,  1.07,  0.00,  0.45,  880363731,  789585000,   90837000,  931152698, c++, elite, mult, 1
4573853.exe , 16.73,  1.72,  1.35,  0.00,  0.52, 1022131065,  892311000,  129899000, 1073010349, c++, elite, mult, 1
4573853.exe , 16.67,  1.66,  1.29,  0.00,  0.52, 1022197320,  856218000,  166042000, 1073173182, c++, elite, mult, 1
4573853.exe , 16.59,  1.64,  1.28,  0.00,  0.52, 1016436015,  875258000,  140880000, 1067604345, c++, elite, mult, 1
4573853.exe , 16.67,  1.69,  1.33,  0.00,  0.52, 1020870304,  878900000,  141983000, 1072099479, c++, elite, mult, 1
4573853.exe , 16.88,  1.67,  1.30,  0.00,  0.52, 1022030565,  865056000,  157010000, 1073266682, c++, elite, mult, 1
4573853.exe , 16.85,  1.68,  1.32,  0.00,  0.52, 1019112588,  884106000,  135016000, 1070172381, c++, elite, mult, 1
4573853.exe , 16.82,  1.67,  1.31,  0.00,  0.52, 1015608914,  878814000,  136815000, 1066683980, c++, elite, mult, 1
4573853.exe , 16.86,  1.62,  1.26,  0.00,  0.52, 1019090738,  897105000,  122014000, 1070225922, c++, elite, mult, 1
4573853.exe , 16.83,  1.65,  1.29,  0.00,  0.52, 1016522622,  873378000,  143061000, 1067801986, c++, elite, mult, 1
4573853.exe , 16.81,  1.63,  1.27,  0.00,  0.52, 1017697847,  884622000,  132943000, 1068648953, c++, elite, mult, 1
4655984.exe , 19.40,  1.96,  1.55,  0.00,  0.61, 1173741899, 1038470000,  135061000, 1224832398, c++, elite, mult, 1
4655984.exe , 19.38,  1.95,  1.53,  0.00,  0.60, 1174143816, 1045062000,  129007000, 1225226068, c++, elite, mult, 1
4655984.exe , 19.30,  1.93,  1.52,  0.00,  0.60, 1168922742, 1029756000,  139102000, 1219876118, c++, elite, mult, 1
4655984.exe , 19.34,  1.94,  1.52,  0.00,  0.60, 1170483534, 1027428000,  143059000, 1221558630, c++, elite, mult, 1
4655984.exe , 19.18,  1.93,  1.51,  0.00,  0.60, 1167988908, 1039785000,  127973000, 1218990106, c++, elite, mult, 1
4655984.exe , 19.26,  1.93,  1.51,  0.00,  0.60, 1173549491, 1029257000,  144036000, 1224652832, c++, elite, mult, 1
4655984.exe , 19.17,  1.92,  1.51,  0.00,  0.60, 1171046710, 1038956000,  131994000, 1222005429, c++, elite, mult, 1
4655984.exe , 19.17,  1.92,  1.51,  0.00,  0.59, 1167015049, 1023002000,  143859000, 1218144712, c++, elite, mult, 1
4655984.exe , 19.30,  1.92,  1.50,  0.00,  0.60, 1173473945, 1034439000,  139059000, 1224523915, c++, elite, mult, 1
4655984.exe , 19.17,  1.89,  1.48,  0.00,  0.60, 1169038643, 1034070000,  135009000, 1220263914, c++, elite, mult, 1
4657742.exe , 18.69,  1.79,  1.38,  0.00,  0.59, 1150392945, 1046353000,  104035000, 1201500502, c++, elite, mult, 1
4657742.exe , 18.85,  1.81,  1.40,  0.00,  0.59, 1155347926, 1005123000,  150018000, 1206364624, c++, elite, mult, 1
4657742.exe , 18.79,  1.83,  1.42,  0.00,  0.59, 1153984955, 1008987000,  144998000, 1204995167, c++, elite, mult, 1
4657742.exe , 18.84,  1.84,  1.43,  0.00,  0.59, 1150176882,  992184000,  158029000, 1201361670, c++, elite, mult, 1
4657742.exe , 18.78,  1.81,  1.40,  0.00,  0.59, 1154708252, 1003578000,  151087000, 1206070277, c++, elite, mult, 1
4657742.exe , 18.85,  1.77,  1.36,  0.00,  0.59, 1152766867, 1055682000,   96970000, 1206290963, c++, elite, mult, 1
4657742.exe , 18.85,  1.81,  1.40,  0.00,  0.59, 1153738165, 1012661000,  141092000, 1204933620, c++, elite, mult, 1
4657742.exe , 18.80,  1.82,  1.42,  0.00,  0.59, 1155157281, 1064269000,   90937000, 1206462202, c++, elite, mult, 1
4657742.exe , 18.76,  1.78,  1.38,  0.00,  0.59, 1152581982, 1050728000,  101876000, 1203450970, c++, elite, mult, 1
4657742.exe , 18.99,  1.82,  1.41,  0.00,  0.59, 1154436475, 1015095000,  139150000, 1205937145, c++, elite, mult, 1
4727569.exe , 19.00,  1.89,  1.48,  0.00,  0.58, 1144635697, 1004511000,  139792000, 1195871462, c++, elite, mult, 1
4727569.exe , 18.96,  1.92,  1.52,  0.00,  0.58, 1138191090, 1019133000,  119015000, 1189191404, c++, elite, mult, 1
4727569.exe , 18.85,  1.88,  1.48,  0.00,  0.58, 1137481494,  990402000,  147059000, 1188328850, c++, elite, mult, 1
4727569.exe , 18.90,  1.87,  1.46,  0.00,  0.58, 1136483588,  983136000,  153021000, 1187380197, c++, elite, mult, 1
4727569.exe , 18.97,  1.89,  1.48,  0.00,  0.59, 1145169767,  995723000,  148958000, 1196274149, c++, elite, mult, 1
4727569.exe , 19.03,  1.91,  1.51,  0.00,  0.58, 1147419062,  987365000,  160059000, 1198355615, c++, elite, mult, 1
4727569.exe , 18.85,  1.89,  1.49,  0.00,  0.58, 1141484935,  997342000,  144049000, 1192613096, c++, elite, mult, 1
4727569.exe , 18.87,  1.88,  1.48,  0.00,  0.58, 1138768207, 1013567000,  125069000, 1189629098, c++, elite, mult, 1
4727569.exe , 18.98,  1.85,  1.45,  0.00,  0.58, 1137026747,  980041000,  157006000, 1188364888, c++, elite, mult, 1
4727569.exe , 19.03,  1.90,  1.49,  0.00,  0.58, 1140991657,  987977000,  152996000, 1192419779, c++, elite, mult, 1
4753684.exe ,  7.30,  0.77,  0.62,  0.00,  0.22,  428523616,  421584000,    7009000,  479511342, c++, elite, mult, 1
4753684.exe ,  7.23,  0.78,  0.62,  0.00,  0.22,  428549377,  420661000,    7993000,  479569033, c++, elite, mult, 1
4753684.exe ,  7.20,  0.76,  0.61,  0.00,  0.22,  429812550,  422912000,    6982000,  480875207, c++, elite, mult, 1
4753684.exe ,  7.28,  0.75,  0.60,  0.00,  0.22,  428553453,  421631000,    6977000,  479597534, c++, elite, mult, 1
4753684.exe ,  7.19,  0.75,  0.60,  0.00,  0.22,  428447095,  418595000,    9966000,  479493617, c++, elite, mult, 1
4753684.exe ,  7.31,  0.74,  0.58,  0.00,  0.22,  429541782,  422576000,    7009000,  480534116, c++, elite, mult, 1
4753684.exe ,  7.21,  0.76,  0.60,  0.00,  0.22,  429429682,  420507000,    9010000,  480529853, c++, elite, mult, 1
4753684.exe ,  7.29,  0.75,  0.59,  0.00,  0.22,  429454971,  423486000,    6006000,  480684998, c++, elite, mult, 1
4753684.exe ,  7.28,  0.75,  0.59,  0.00,  0.22,  429485580,  424609000,    4995000,  481247265, c++, elite, mult, 1
4753684.exe ,  7.19,  0.74,  0.59,  0.00,  0.22,  428303575,  421398000,    6990000,  479352644, c++, elite, mult, 1
477328.exe  ,  8.40,  0.89,  0.71,  0.00,  0.26,  501121754,  497083000,    4000000,  552044399, c++, elite, mult, 1
477328.exe  ,  8.45,  0.89,  0.71,  0.00,  0.26,  501161807,  491947000,    8999000,  552314236, c++, elite, mult, 1
477328.exe  ,  8.35,  0.92,  0.74,  0.00,  0.26,  501399399,  492484000,    9008000,  552639816, c++, elite, mult, 1
477328.exe  ,  8.39,  0.89,  0.71,  0.00,  0.26,  500355267,  493161000,    6988000,  551172059, c++, elite, mult, 1
477328.exe  ,  8.42,  0.89,  0.71,  0.00,  0.26,  501025591,  492030000,    9000000,  552070598, c++, elite, mult, 1
477328.exe  ,  8.39,  0.88,  0.70,  0.00,  0.26,  502840591,  492859000,   10017000,  553895171, c++, elite, mult, 1
477328.exe  ,  8.67,  0.91,  0.73,  0.00,  0.26,  502129783,  492198000,   10004000,  553177557, c++, elite, mult, 1
477328.exe  ,  8.46,  0.87,  0.69,  0.00,  0.26,  501880862,  494933000,    6999000,  552988845, c++, elite, mult, 1
477328.exe  ,  8.34,  0.89,  0.71,  0.00,  0.26,  500628581,  495756000,    4987000,  551740669, c++, elite, mult, 1
477328.exe  ,  8.37,  0.88,  0.70,  0.00,  0.26,  501980061,  493940000,    7999000,  552918030, c++, elite, mult, 1
4847851.exe ,  8.63,  0.92,  0.73,  0.00,  0.26,  516062046,  506168000,    9983000,  566998092, c++, elite, mult, 1
4847851.exe ,  8.80,  0.94,  0.76,  0.00,  0.26,  518509279,  510265000,    8004000,  569747251, c++, elite, mult, 1
4847851.exe ,  8.73,  0.91,  0.72,  0.00,  0.27,  516928461,  505756000,   10973000,  567879134, c++, elite, mult, 1
4847851.exe ,  8.72,  0.92,  0.74,  0.00,  0.27,  519293536,  512381000,    7005000,  570555823, c++, elite, mult, 1
4847851.exe ,  8.68,  0.93,  0.75,  0.00,  0.26,  516596446,  509520000,    7007000,  567550627, c++, elite, mult, 1
4847851.exe ,  8.79,  0.92,  0.73,  0.00,  0.27,  517678980,  510386000,    6991000,  568858531, c++, elite, mult, 1
4847851.exe ,  8.66,  0.97,  0.79,  0.00,  0.26,  516962053,  510049000,    7000000,  567900335, c++, elite, mult, 1
4847851.exe ,  8.68,  0.92,  0.73,  0.00,  0.26,  515752039,  510732000,    5007000,  566777436, c++, elite, mult, 1
4847851.exe ,  8.71,  0.93,  0.75,  0.00,  0.27,  517766374,  510870000,    6998000,  568699823, c++, elite, mult, 1
4847851.exe ,  8.72,  0.95,  0.76,  0.00,  0.27,  519547201,  512641000,    6995000,  570795161, c++, elite, mult, 1
4886272.exe , 19.06,  1.80,  1.39,  0.00,  0.59, 1151991699, 1036034000,  116003000, 1203305711, c++, elite, mult, 1
4886272.exe , 19.01,  1.86,  1.45,  0.00,  0.60, 1154746558, 1029754000,  124970000, 1206006000, c++, elite, mult, 1
4886272.exe , 19.04,  1.87,  1.46,  0.00,  0.59, 1152147249, 1006081000,  146011000, 1203223102, c++, elite, mult, 1
4886272.exe , 19.31,  1.81,  1.39,  0.00,  0.60, 1165149237, 1004172000,  161027000, 1216352615, c++, elite, mult, 1
4886272.exe , 19.01,  1.77,  1.37,  0.00,  0.59, 1153679664, 1022755000,  130968000, 1205564147, c++, elite, mult, 1
4886272.exe , 19.11,  1.82,  1.41,  0.00,  0.59, 1150414314, 1012228000,  138031000, 1201702521, c++, elite, mult, 1
4886272.exe , 18.99,  1.80,  1.40,  0.00,  0.59, 1149464825, 1024373000,  125045000, 1201213124, c++, elite, mult, 1
4886272.exe , 18.99,  1.79,  1.39,  0.00,  0.59, 1150465734, 1002413000,  148061000, 1201645310, c++, elite, mult, 1
4886272.exe , 19.14,  1.80,  1.39,  0.00,  0.59, 1155677939, 1007645000,  147947000, 1206860517, c++, elite, mult, 1
4886272.exe , 19.08,  1.77,  1.36,  0.00,  0.60, 1153691615, 1004609000,  149090000, 1204763221, c++, elite, mult, 1
4947084.exe ,  9.70,  1.04,  0.84,  0.00,  0.29,  571241873,  565202000,    6002000,  622161554, c++, elite, mult, 1
4947084.exe ,  9.66,  1.05,  0.85,  0.00,  0.29,  571120761,  564149000,    7001000,  622307069, c++, elite, mult, 1
4947084.exe ,  9.71,  1.07,  0.87,  0.00,  0.29,  571397223,  565362000,    6003000,  622453064, c++, elite, mult, 1
4947084.exe ,  9.72,  1.07,  0.87,  0.00,  0.29,  571195780,  563223000,    8003000,  622310282, c++, elite, mult, 1
4947084.exe ,  9.65,  1.01,  0.80,  0.00,  0.29,  570866463,  561915000,    9014000,  621825471, c++, elite, mult, 1
4947084.exe ,  9.71,  1.02,  0.82,  0.00,  0.29,  571652330,  562650000,    8978000,  622884853, c++, elite, mult, 1
4947084.exe ,  9.80,  1.03,  0.82,  0.00,  0.29,  572820285,  562845000,    9997000,  623980672, c++, elite, mult, 1
4947084.exe ,  9.71,  1.04,  0.83,  0.00,  0.29,  570746237,  561759000,    8996000,  621792320, c++, elite, mult, 1
4947084.exe ,  9.70,  1.00,  0.79,  0.00,  0.29,  571445710,  565533000,    5995000,  622804976, c++, elite, mult, 1
4947084.exe ,  9.65,  0.98,  0.78,  0.00,  0.29,  570879325,  563938000,    6999000,  622139479, c++, elite, mult, 1
5188861.exe ,  8.18,  0.86,  0.69,  0.00,  0.25,  486865064,  478921000,    7998000,  537928547, c++, elite, mult, 1
5188861.exe ,  8.17,  0.85,  0.68,  0.00,  0.25,  488036294,  479827000,    7997000,  539379312, c++, elite, mult, 1
5188861.exe ,  8.21,  0.87,  0.70,  0.00,  0.25,  487107239,  480114000,    7001000,  538125016, c++, elite, mult, 1
5188861.exe ,  8.19,  0.84,  0.67,  0.00,  0.25,  487134628,  476195000,   10981000,  538212420, c++, elite, mult, 1
5188861.exe ,  8.20,  0.83,  0.65,  0.00,  0.25,  487266102,  479326000,    8005000,  538293676, c++, elite, mult, 1
5188861.exe ,  8.10,  0.83,  0.66,  0.00,  0.25,  487181499,  476215000,   11004000,  538054267, c++, elite, mult, 1
5188861.exe ,  8.18,  0.88,  0.70,  0.00,  0.25,  487000703,  479047000,    8000000,  538178970, c++, elite, mult, 1
5188861.exe ,  8.24,  0.91,  0.74,  0.00,  0.25,  487371677,  477156000,   10003000,  538355024, c++, elite, mult, 1
5188861.exe ,  8.14,  0.90,  0.73,  0.00,  0.25,  487217005,  477224000,    9983000,  537973913, c++, elite, mult, 1
5188861.exe ,  8.17,  0.90,  0.73,  0.00,  0.25,  487754401,  479452000,    8007000,  538790599, c++, elite, mult, 1
5299880.exe , 13.46,  1.28,  1.00,  0.00,  0.42,  813528270,  650127000,  163032000,  864494138, c++, elite, mult, 1
5299880.exe , 13.36,  1.26,  0.97,  0.00,  0.41,  810122657,  675334000,  134867000,  861172360, c++, elite, mult, 1
5299880.exe , 13.42,  1.29,  1.00,  0.00,  0.41,  810343366,  682213000,  128040000,  861549911, c++, elite, mult, 1
5299880.exe , 13.42,  1.29,  1.01,  0.00,  0.41,  813291062,  680277000,  133054000,  864725041, c++, elite, mult, 1
5299880.exe , 13.45,  1.28,  1.00,  0.00,  0.41,  810517554,  695495000,  115082000,  861640393, c++, elite, mult, 1
5299880.exe , 13.49,  1.29,  1.00,  0.00,  0.42,  817475533,  682346000,  135068000,  868743099, c++, elite, mult, 1
5299880.exe , 13.53,  1.27,  0.99,  0.00,  0.42,  811158799,  687542000,  122918000,  862276624, c++, elite, mult, 1
5299880.exe , 13.35,  1.25,  0.97,  0.00,  0.41,  810039968,  669944000,  139988000,  860938762, c++, elite, mult, 1
5299880.exe , 13.55,  1.29,  1.00,  0.00,  0.42,  819233387,  683236000,  136047000,  870183163, c++, elite, mult, 1
5299880.exe , 13.46,  1.29,  1.00,  0.00,  0.42,  815688743,  671860000,  143756000,  866689431, c++, elite, mult, 1
5510670.exe , 16.04,  1.59,  1.25,  0.00,  0.49,  969220072,  829369000,  139893000, 1020435169, c++, elite, mult, 1
5510670.exe , 16.08,  1.59,  1.25,  0.00,  0.50,  971444429,  772261000,  199067000, 1022864611, c++, elite, mult, 1
5510670.exe , 16.18,  1.59,  1.24,  0.00,  0.50,  975363708,  798213000,  177047000, 1026489412, c++, elite, mult, 1
5510670.exe , 16.02,  1.57,  1.23,  0.00,  0.50,  972386228,  873330000,   99037000, 1023681691, c++, elite, mult, 1
5510670.exe , 16.15,  1.55,  1.20,  0.00,  0.50,  976193453,  816099000,  160019000, 1027291832, c++, elite, mult, 1
5510670.exe , 15.99,  1.54,  1.19,  0.00,  0.49,  969648514,  872617000,   97068000, 1021068152, c++, elite, mult, 1
5510670.exe , 16.04,  1.56,  1.21,  0.00,  0.50,  969375626,  811096000,  158213000, 1020958903, c++, elite, mult, 1
5510670.exe , 16.10,  1.53,  1.19,  0.00,  0.50,  973479404,  791576000,  181902000, 1024435110, c++, elite, mult, 1
5510670.exe , 16.06,  1.57,  1.22,  0.00,  0.50,  975467753,  802490000,  172890000, 1026502308, c++, elite, mult, 1
5510670.exe , 16.02,  1.56,  1.21,  0.00,  0.50,  972145548,  873056000,   99006000, 1023358317, c++, elite, mult, 1
5530660.exe ,  8.16,  0.85,  0.67,  0.00,  0.25,  487980183,  478014000,   10021000,  539201547, c++, elite, mult, 1
5530660.exe ,  8.17,  0.84,  0.66,  0.00,  0.25,  488106603,  479147000,    9002000,  539533215, c++, elite, mult, 1
5530660.exe ,  8.08,  0.84,  0.67,  0.00,  0.25,  486633817,  480742000,    5996000,  537407965, c++, elite, mult, 1
5530660.exe ,  8.29,  0.82,  0.65,  0.00,  0.25,  486863826,  480907000,    5998000,  537951073, c++, elite, mult, 1
5530660.exe ,  8.21,  0.79,  0.62,  0.00,  0.25,  487538650,  480560000,    7008000,  538849259, c++, elite, mult, 1
5530660.exe ,  8.15,  0.81,  0.64,  0.00,  0.25,  486653272,  480778000,    5997000,  538118086, c++, elite, mult, 1
5530660.exe ,  8.16,  0.80,  0.63,  0.00,  0.25,  485710163,  477809000,    7996000,  536859990, c++, elite, mult, 1
5530660.exe ,  8.23,  0.82,  0.64,  0.00,  0.25,  487099169,  479112000,    8001000,  538121753, c++, elite, mult, 1
5530660.exe ,  8.14,  0.80,  0.63,  0.00,  0.25,  487633410,  481676000,    6008000,  538604561, c++, elite, mult, 1
5530660.exe ,  8.29,  0.83,  0.65,  0.00,  0.25,  488446659,  480543000,    7992000,  539634339, c++, elite, mult, 1
5568655.exe ,  7.52,  0.78,  0.62,  0.00,  0.23,  443875690,  436546000,    7008000,  495234621, c++, elite, mult, 1
5568655.exe ,  7.47,  0.80,  0.64,  0.00,  0.23,  442393994,  432562000,    9966000,  493273094, c++, elite, mult, 1
5568655.exe ,  7.49,  0.77,  0.61,  0.00,  0.23,  444400572,  437468000,    7007000,  495256914, c++, elite, mult, 1
5568655.exe ,  7.48,  0.78,  0.62,  0.00,  0.23,  444885933,  437850000,    6997000,  495986309, c++, elite, mult, 1
5568655.exe ,  7.51,  0.77,  0.61,  0.00,  0.23,  444374015,  437296000,    7004000,  495563338, c++, elite, mult, 1
5568655.exe ,  7.49,  0.78,  0.62,  0.00,  0.23,  444155142,  433978000,    9999000,  495179592, c++, elite, mult, 1
5568655.exe ,  7.44,  0.78,  0.63,  0.00,  0.23,  443066245,  435140000,    7984000,  494040220, c++, elite, mult, 1
5568655.exe ,  7.49,  0.76,  0.61,  0.00,  0.23,  443897127,  438727000,    5008000,  495047648, c++, elite, mult, 1
5568655.exe ,  7.48,  0.76,  0.60,  0.00,  0.23,  442861916,  436720000,    5996000,  493904216, c++, elite, mult, 1
5568655.exe ,  7.43,  0.75,  0.59,  0.00,  0.23,  443618589,  435634000,    8011000,  494613416, c++, elite, mult, 1
5735007.exe , 14.55,  1.38,  1.06,  0.00,  0.45,  888748242,  762402000,  126066000,  939815832, c++, elite, mult, 1
5735007.exe , 14.67,  1.38,  1.06,  0.00,  0.46,  895796394,  743651000,  152133000,  946909537, c++, elite, mult, 1
5735007.exe , 14.63,  1.39,  1.08,  0.00,  0.46,  891649536,  787149000,  103887000,  942738968, c++, elite, mult, 1
5735007.exe , 14.65,  1.40,  1.09,  0.00,  0.46,  895891725,  783685000,  111955000,  946927188, c++, elite, mult, 1
5735007.exe , 15.03,  1.41,  1.09,  0.00,  0.47,  910992990,  835881000,   75079000,  962180275, c++, elite, mult, 1
5735007.exe , 14.66,  1.39,  1.08,  0.00,  0.46,  892076267,  739002000,  153000000,  943181142, c++, elite, mult, 1
5735007.exe , 14.67,  1.40,  1.08,  0.00,  0.46,  892615250,  784731000,  107963000,  943776436, c++, elite, mult, 1
5735007.exe , 14.79,  1.39,  1.07,  0.00,  0.46,  900033504,  760070000,  140013000,  951426975, c++, elite, mult, 1
5735007.exe , 14.64,  1.37,  1.06,  0.00,  0.46,  893575788,  748492000,  145095000,  944638028, c++, elite, mult, 1
5735007.exe , 14.68,  1.40,  1.08,  0.00,  0.46,  898500696,  782484000,  116071000,  949776974, c++, elite, mult, 1
5752102.exe , 22.19,  2.08,  1.61,  0.00,  0.68, 1344316234, 1202146000,  142017000, 1395379660, c++, elite, mult, 1
5752102.exe , 22.24,  2.09,  1.62,  0.00,  0.69, 1345778405, 1192686000,  153088000, 1396720192, c++, elite, mult, 1
5752102.exe , 22.26,  2.16,  1.68,  0.00,  0.69, 1345637606, 1206594000,  138953000, 1396975193, c++, elite, mult, 1
5752102.exe , 22.20,  2.06,  1.59,  0.00,  0.69, 1347616545, 1207569000,  139950000, 1399228063, c++, elite, mult, 1
5752102.exe , 22.29,  2.21,  1.73,  0.00,  0.69, 1348510750, 1222417000,  126043000, 1399704571, c++, elite, mult, 1
5752102.exe , 22.23,  2.25,  1.78,  0.00,  0.68, 1343609187, 1227549000,  116051000, 1394470191, c++, elite, mult, 1
5752102.exe , 22.38,  2.23,  1.75,  0.00,  0.69, 1346915735, 1213942000,  132993000, 1398406655, c++, elite, mult, 1
5752102.exe , 22.20,  2.24,  1.76,  0.00,  0.69, 1345790041, 1201831000,  143979000, 1396749583, c++, elite, mult, 1
5752102.exe , 22.13,  2.21,  1.73,  0.00,  0.69, 1344364279, 1189266000,  154904000, 1395508906, c++, elite, mult, 1
5752102.exe , 22.15,  2.24,  1.76,  0.00,  0.69, 1345200796, 1196884000,  148109000, 1396298553, c++, elite, mult, 1
5766238.exe ,  8.11,  0.86,  0.69,  0.00,  0.25,  483800521,  477776000,    6009000,  534810412, c++, elite, mult, 1
5766238.exe ,  8.06,  0.86,  0.69,  0.00,  0.25,  483163878,  473203000,   10004000,  534156035, c++, elite, mult, 1
5766238.exe ,  8.25,  0.88,  0.71,  0.00,  0.25,  483524909,  478517000,    5005000,  534553486, c++, elite, mult, 1
5766238.exe ,  8.13,  0.87,  0.70,  0.00,  0.25,  483763202,  474751000,    8995000,  535069844, c++, elite, mult, 1
5766238.exe ,  8.22,  0.92,  0.75,  0.00,  0.25,  484666055,  475761000,    8995000,  536079029, c++, elite, mult, 1
5766238.exe ,  8.12,  0.88,  0.71,  0.00,  0.25,  483296971,  474341000,    9006000,  534181378, c++, elite, mult, 1
5766238.exe ,  8.13,  0.85,  0.68,  0.00,  0.25,  483075924,  474166000,    9003000,  533953299, c++, elite, mult, 1
5766238.exe ,  8.15,  0.88,  0.71,  0.00,  0.25,  483074949,  476150000,    7002000,  534103927, c++, elite, mult, 1
5766238.exe ,  8.14,  0.85,  0.68,  0.00,  0.25,  483420326,  476442000,    7006000,  534408849, c++, elite, mult, 1
5766238.exe ,  8.21,  0.86,  0.69,  0.00,  0.25,  484444411,  478542000,    6006000,  535494064, c++, elite, mult, 1
5897531.exe ,  8.26,  0.91,  0.73,  0.00,  0.25,  487625301,  480719000,    6995000,  538617837, c++, elite, mult, 1
5897531.exe ,  8.22,  0.86,  0.68,  0.00,  0.25,  488238052,  481271000,    7003000,  539339304, c++, elite, mult, 1
5897531.exe ,  8.23,  0.87,  0.70,  0.00,  0.25,  489181221,  482170000,    6987000,  540740625, c++, elite, mult, 1
5897531.exe ,  8.25,  0.89,  0.71,  0.00,  0.25,  489001314,  481071000,    8001000,  540231875, c++, elite, mult, 1
5897531.exe ,  8.24,  0.86,  0.69,  0.00,  0.25,  488038462,  479057000,    8982000,  539143509, c++, elite, mult, 1
5897531.exe ,  8.25,  0.87,  0.70,  0.00,  0.25,  489097658,  484054000,    5000000,  540296223, c++, elite, mult, 1
5897531.exe ,  8.23,  0.85,  0.68,  0.00,  0.25,  487401386,  482494000,    5005000,  538232776, c++, elite, mult, 1
5897531.exe ,  8.30,  0.87,  0.69,  0.00,  0.25,  486788964,  479826000,    6997000,  537845404, c++, elite, mult, 1
5897531.exe ,  8.19,  0.84,  0.67,  0.00,  0.25,  487925370,  480938000,    6999000,  539023698, c++, elite, mult, 1
5897531.exe ,  8.29,  0.87,  0.70,  0.00,  0.25,  487870588,  480994000,    6999000,  540206638, c++, elite, mult, 1
5901057.exe ,  4.68,  0.48,  0.38,  0.00,  0.14,  280198491,  267342000,   12968000,  331279006, c++, elite, mult, 1
5901057.exe ,  4.74,  0.49,  0.39,  0.00,  0.15,  280655039,  273458000,    6986000,  332064685, c++, elite, mult, 1
5901057.exe ,  4.70,  0.48,  0.38,  0.00,  0.15,  280058473,  273134000,    7003000,  331251188, c++, elite, mult, 1
5901057.exe ,  4.63,  0.47,  0.37,  0.00,  0.14,  277390576,  269228000,    7977000,  328869350, c++, elite, mult, 1
5901057.exe ,  4.70,  0.47,  0.37,  0.00,  0.14,  281284117,  274367000,    7009000,  332308291, c++, elite, mult, 1
5901057.exe ,  4.79,  0.47,  0.37,  0.00,  0.14,  281182457,  272272000,    9009000,  332237976, c++, elite, mult, 1
5901057.exe ,  4.65,  0.49,  0.39,  0.00,  0.14,  278505266,  271594000,    6989000,  329672762, c++, elite, mult, 1
5901057.exe ,  4.70,  0.48,  0.38,  0.00,  0.14,  277121166,  271215000,    6004000,  328254500, c++, elite, mult, 1
5901057.exe ,  4.66,  0.48,  0.38,  0.00,  0.14,  278482477,  272570000,    6012000,  329953717, c++, elite, mult, 1
5901057.exe ,  4.71,  0.49,  0.39,  0.00,  0.14,  277764159,  268850000,    8995000,  328815403, c++, elite, mult, 1
6074729.exe , 14.73,  1.44,  1.13,  0.00,  0.46,  890466902,  763380000,  127063000,  941583465, c++, elite, mult, 1
6074729.exe , 14.75,  1.43,  1.12,  0.00,  0.46,  890649442,  702654000,  187907000,  941862535, c++, elite, mult, 1
6074729.exe , 14.74,  1.41,  1.10,  0.00,  0.46,  891646201,  715435000,  176107000,  942581419, c++, elite, mult, 1
6074729.exe , 14.78,  1.44,  1.12,  0.00,  0.46,  893685378,  733522000,  160113000,  944722216, c++, elite, mult, 1
6074729.exe , 14.69,  1.38,  1.07,  0.00,  0.46,  891330597,  768315000,  123050000,  942475383, c++, elite, mult, 1
6074729.exe , 14.70,  1.39,  1.08,  0.00,  0.46,  889504084,  697340000,  192093000,  940626034, c++, elite, mult, 1
6074729.exe , 14.75,  1.38,  1.07,  0.00,  0.46,  890707719,  688769000,  201932000,  941861073, c++, elite, mult, 1
6074729.exe , 14.78,  1.36,  1.04,  0.00,  0.46,  892616569,  708466000,  184121000,  943709087, c++, elite, mult, 1
6074729.exe , 14.71,  1.40,  1.08,  0.00,  0.46,  893304368,  718269000,  175065000,  944303021, c++, elite, mult, 1
6074729.exe , 14.79,  1.33,  1.02,  0.00,  0.46,  890865938,  709658000,  181168000,  941988014, c++, elite, mult, 1
6121337.exe ,  7.90,  0.85,  0.68,  0.00,  0.24,  472385383,  463424000,    9008000,  523301888, c++, elite, mult, 1
6121337.exe ,  7.90,  0.84,  0.67,  0.00,  0.24,  472561728,  466366000,    6004000,  523635132, c++, elite, mult, 1
6121337.exe ,  7.96,  0.86,  0.70,  0.00,  0.24,  473035253,  465710000,    7010000,  523907855, c++, elite, mult, 1
6121337.exe ,  7.98,  0.85,  0.68,  0.00,  0.24,  472398956,  464449000,    8007000,  523547361, c++, elite, mult, 1
6121337.exe ,  7.90,  0.85,  0.69,  0.00,  0.24,  471746903,  464584000,    6978000,  522827466, c++, elite, mult, 1
6121337.exe ,  7.95,  0.87,  0.71,  0.00,  0.24,  473068419,  463846000,    8997000,  524073908, c++, elite, mult, 1
6121337.exe ,  7.89,  0.85,  0.68,  0.00,  0.24,  472034342,  463098000,    9001000,  523025848, c++, elite, mult, 1
6121337.exe ,  7.94,  0.84,  0.67,  0.00,  0.24,  472974624,  467692000,    5007000,  523924468, c++, elite, mult, 1
6121337.exe ,  7.93,  0.86,  0.69,  0.00,  0.24,  472268462,  462330000,   10007000,  523043929, c++, elite, mult, 1
6121337.exe ,  7.90,  0.83,  0.67,  0.00,  0.24,  473824939,  463793000,    9995000,  525042587, c++, elite, mult, 1
6190417.exe ,  6.61,  0.69,  0.55,  0.00,  0.20,  394200674,  386319000,    7985000,  445284705, c++, elite, mult, 1
6190417.exe ,  6.71,  0.71,  0.56,  0.00,  0.20,  393663629,  388736000,    5009000,  444907909, c++, elite, mult, 1
6190417.exe ,  6.60,  0.71,  0.57,  0.00,  0.20,  392873047,  384917000,    8019000,  443926013, c++, elite, mult, 1
6190417.exe ,  6.68,  0.69,  0.55,  0.00,  0.20,  393159510,  383990000,    8999000,  444174591, c++, elite, mult, 1
6190417.exe ,  6.57,  0.70,  0.57,  0.00,  0.20,  390074585,  383173000,    7003000,  441118925, c++, elite, mult, 1
6190417.exe ,  6.61,  0.68,  0.54,  0.00,  0.20,  393846532,  386774000,    7014000,  444906460, c++, elite, mult, 1
6190417.exe ,  6.61,  0.70,  0.56,  0.00,  0.20,  392618255,  385752000,    6977000,  444012942, c++, elite, mult, 1
6190417.exe ,  6.61,  0.69,  0.55,  0.00,  0.20,  392547195,  385678000,    6994000,  443512852, c++, elite, mult, 1
6190417.exe ,  6.67,  0.70,  0.56,  0.00,  0.21,  395255395,  388325000,    7005000,  446394793, c++, elite, mult, 1
6190417.exe ,  6.59,  0.71,  0.57,  0.00,  0.20,  393991904,  384076000,   10001000,  445369512, c++, elite, mult, 1
6386527.exe ,  8.97,  1.02,  0.83,  0.00,  0.29,  525991269,  515724000,    9994000,  577414792, c++, elite, mult, 1
6386527.exe ,  9.06,  1.01,  0.82,  0.00,  0.31,  527196334,  519003000,    8000000,  578261992, c++, elite, mult, 1
6386527.exe ,  9.07,  1.01,  0.82,  0.00,  0.30,  526065165,  518081000,    8001000,  577016690, c++, elite, mult, 1
6386527.exe ,  8.92,  1.01,  0.82,  0.00,  0.29,  524205146,  513250000,   11005000,  575119925, c++, elite, mult, 1
6386527.exe ,  8.99,  1.02,  0.83,  0.00,  0.30,  525227252,  512236000,   13006000,  576474698, c++, elite, mult, 1
6386527.exe ,  8.85,  1.01,  0.82,  0.00,  0.28,  521599103,  507531000,   14014000,  572651390, c++, elite, mult, 1
6386527.exe ,  8.91,  0.99,  0.80,  0.00,  0.31,  526395690,  516477000,    9989000,  577558870, c++, elite, mult, 1
6386527.exe ,  8.85,  1.01,  0.81,  0.00,  0.30,  525780050,  516827000,    8997000,  576983050, c++, elite, mult, 1
6386527.exe ,  8.98,  1.01,  0.82,  0.00,  0.30,  528044770,  518070000,   10001000,  579162053, c++, elite, mult, 1
6386527.exe ,  8.95,  1.00,  0.81,  0.00,  0.30,  525139417,  514220000,   11004000,  576299234, c++, elite, mult, 1
6466356.exe ,  8.12,  0.90,  0.73,  0.00,  0.25,  485363949,  480417000,    5004000,  536616692, c++, elite, mult, 1
6466356.exe ,  8.12,  0.88,  0.71,  0.00,  0.25,  485988055,  477773000,    7996000,  536982236, c++, elite, mult, 1
6466356.exe ,  8.19,  0.88,  0.71,  0.00,  0.25,  485455074,  479454000,    6005000,  536491260, c++, elite, mult, 1
6466356.exe ,  8.16,  0.87,  0.69,  0.00,  0.25,  486571885,  480694000,    5983000,  537717146, c++, elite, mult, 1
6466356.exe ,  8.13,  0.87,  0.70,  0.00,  0.25,  485558647,  478587000,    7008000,  536498831, c++, elite, mult, 1
6466356.exe ,  8.26,  0.87,  0.70,  0.00,  0.25,  485178752,  479234000,    6002000,  536369526, c++, elite, mult, 1
6466356.exe ,  8.20,  0.84,  0.67,  0.00,  0.25,  485606663,  478667000,    7009000,  536675460, c++, elite, mult, 1
6466356.exe ,  8.16,  0.84,  0.67,  0.00,  0.25,  485363422,  480410000,    5004000,  536486607, c++, elite, mult, 1
6466356.exe ,  8.29,  0.83,  0.66,  0.00,  0.25,  486976514,  481982000,    5010000,  537965098, c++, elite, mult, 1
6466356.exe ,  8.14,  0.85,  0.67,  0.00,  0.25,  486859365,  476951000,    9998000,  538030590, c++, elite, mult, 1
648321.exe  ,  7.94,  0.81,  0.64,  0.00,  0.25,  484582327,  475662000,    9012000,  535530672, c++, elite, mult, 1
648321.exe  ,  7.94,  0.82,  0.64,  0.00,  0.25,  485149674,  476018000,    8981000,  536147663, c++, elite, mult, 1
648321.exe  ,  8.14,  0.82,  0.65,  0.00,  0.25,  485379357,  481408000,    4003000,  536447653, c++, elite, mult, 1
648321.exe  ,  7.90,  0.82,  0.65,  0.00,  0.25,  484716949,  478784000,    5997000,  535811415, c++, elite, mult, 1
648321.exe  ,  7.96,  0.83,  0.66,  0.00,  0.25,  484249472,  477209000,    7003000,  535200989, c++, elite, mult, 1
648321.exe  ,  8.08,  0.81,  0.64,  0.00,  0.25,  485136945,  477182000,    8003000,  536137040, c++, elite, mult, 1
648321.exe  ,  7.95,  0.80,  0.63,  0.00,  0.25,  484467377,  477535000,    7007000,  535528593, c++, elite, mult, 1
648321.exe  ,  7.94,  0.80,  0.63,  0.00,  0.25,  484743474,  478660000,    5995000,  535722528, c++, elite, mult, 1
648321.exe  ,  8.05,  0.83,  0.66,  0.00,  0.25,  485126246,  477192000,    8003000,  536250196, c++, elite, mult, 1
648321.exe  ,  7.92,  0.85,  0.68,  0.00,  0.25,  484816845,  474959000,    9978000,  535805392, c++, elite, mult, 1
657396.exe  ,  8.08,  0.92,  0.74,  0.00,  0.25,  486587157,  481626000,    5006000,  537563728, c++, elite, mult, 1
657396.exe  ,  8.16,  0.92,  0.74,  0.00,  0.25,  487412534,  482475000,    5004000,  538401359, c++, elite, mult, 1
657396.exe  ,  8.05,  0.90,  0.73,  0.00,  0.25,  485051811,  476145000,    9002000,  536411344, c++, elite, mult, 1
657396.exe  ,  8.08,  0.90,  0.73,  0.00,  0.25,  486318657,  477410000,    8988000,  537254530, c++, elite, mult, 1
657396.exe  ,  8.16,  0.89,  0.72,  0.00,  0.25,  487424569,  479504000,    8008000,  538410747, c++, elite, mult, 1
657396.exe  ,  8.10,  0.90,  0.73,  0.00,  0.25,  486706838,  480764000,    5997000,  537814879, c++, elite, mult, 1
657396.exe  ,  8.11,  0.90,  0.73,  0.00,  0.25,  486473485,  480545000,    5981000,  537651207, c++, elite, mult, 1
657396.exe  ,  8.17,  0.91,  0.74,  0.00,  0.25,  486767080,  479808000,    7011000,  537880577, c++, elite, mult, 1
657396.exe  ,  8.14,  0.93,  0.75,  0.00,  0.25,  487369814,  476494000,   10988000,  538646826, c++, elite, mult, 1
657396.exe  ,  8.09,  0.92,  0.75,  0.00,  0.25,  485204920,  480246000,    5002000,  536469943, c++, elite, mult, 1
6595850.exe ,  8.19,  0.82,  0.64,  0.00,  0.25,  491178338,  483272000,    7987000,  542706929, c++, elite, mult, 1
6595850.exe ,  8.20,  0.83,  0.66,  0.00,  0.25,  488187695,  483252000,    5002000,  539331355, c++, elite, mult, 1
6595850.exe ,  8.09,  0.82,  0.65,  0.00,  0.25,  486136637,  478220000,    8003000,  536980154, c++, elite, mult, 1
6595850.exe ,  8.09,  0.84,  0.66,  0.00,  0.25,  486683094,  477762000,    8995000,  537893835, c++, elite, mult, 1
6595850.exe ,  8.23,  0.83,  0.65,  0.00,  0.25,  488722012,  481770000,    6996000,  539557460, c++, elite, mult, 1
6595850.exe ,  8.31,  0.85,  0.68,  0.00,  0.25,  493932674,  485021000,    9000000,  544886642, c++, elite, mult, 1
6595850.exe ,  8.25,  0.88,  0.70,  0.00,  0.25,  495104647,  487200000,    7986000,  546260456, c++, elite, mult, 1
6595850.exe ,  8.23,  0.83,  0.66,  0.00,  0.25,  496395401,  490459000,    6005000,  547724576, c++, elite, mult, 1
6595850.exe ,  8.26,  0.86,  0.69,  0.00,  0.25,  496575627,  491628000,    5006000,  547538094, c++, elite, mult, 1
6595850.exe ,  8.36,  0.85,  0.67,  0.00,  0.26,  502032634,  495062000,    7000000,  552900780, c++, elite, mult, 1
6596819.exe , 13.58,  1.40,  1.11,  0.00,  0.42,  815342328,  661562000,  153898000,  866324773, c++, elite, mult, 1
6596819.exe , 13.63,  1.41,  1.12,  0.00,  0.42,  810164918,  662138000,  148030000,  861501397, c++, elite, mult, 1
6596819.exe , 13.60,  1.36,  1.07,  0.00,  0.41,  811373953,  661748000,  149716000,  862489299, c++, elite, mult, 1
6596819.exe , 13.48,  1.34,  1.05,  0.00,  0.41,  810413684,  693431000,  117072000,  865278646, c++, elite, mult, 1
6596819.exe , 13.42,  1.36,  1.07,  0.00,  0.41,  810084001,  650997000,  158999000,  861213819, c++, elite, mult, 1
6596819.exe , 13.39,  1.33,  1.05,  0.00,  0.41,  809852584,  673857000,  135971000,  860943873, c++, elite, mult, 1
6596819.exe , 13.47,  1.34,  1.05,  0.00,  0.42,  812795227,  665696000,  147153000,  863866576, c++, elite, mult, 1
6596819.exe , 13.37,  1.33,  1.04,  0.00,  0.42,  814273659,  662455000,  151875000,  865401109, c++, elite, mult, 1
6596819.exe , 13.50,  1.34,  1.06,  0.00,  0.41,  812464112,  686435000,  126080000,  863584807, c++, elite, mult, 1
6596819.exe , 13.52,  1.34,  1.05,  0.00,  0.42,  822365558,  642342000,  180096000,  873473458, c++, elite, mult, 1
6632440.exe , 14.51,  1.51,  1.20,  0.00,  0.45,  880145837,  766171000,  114025000,  931182770, c++, elite, mult, 1
6632440.exe , 14.88,  1.56,  1.25,  0.00,  0.45,  888416884,  764169000,  124027000,  939692746, c++, elite, mult, 1
6632440.exe , 14.48,  1.55,  1.23,  0.00,  0.45,  878380382,  699534000,  178881000,  929287684, c++, elite, mult, 1
6632440.exe , 14.55,  1.45,  1.14,  0.00,  0.45,  878843492,  734935000,  143987000,  929961576, c++, elite, mult, 1
6632440.exe , 14.56,  1.43,  1.12,  0.00,  0.45,  880998690,  692032000,  189008000,  932181201, c++, elite, mult, 1
6632440.exe , 14.56,  1.45,  1.14,  0.00,  0.45,  881581821,  736613000,  144923000,  932809210, c++, elite, mult, 1
6632440.exe , 14.63,  1.47,  1.16,  0.00,  0.45,  878603910,  701451000,  177113000,  929636311, c++, elite, mult, 1
6632440.exe , 14.41,  1.50,  1.19,  0.00,  0.45,  883720621,  754665000,  129113000,  934612830, c++, elite, mult, 1
6632440.exe , 14.43,  1.56,  1.25,  0.00,  0.45,  881250658,  774267000,  107036000,  932311703, c++, elite, mult, 1
6632440.exe , 14.34,  1.54,  1.22,  0.00,  0.45,  879753797,  762818000,  116972000,  930748950, c++, elite, mult, 1
6698648.exe , 10.82,  1.10,  0.86,  0.00,  0.34,  667244340,  473516000,  193802000,  718382804, c++, elite, mult, 1
6698648.exe , 10.75,  1.08,  0.85,  0.00,  0.34,  666898233,  521696000,  145193000,  717942388, c++, elite, mult, 1
6698648.exe , 10.90,  1.11,  0.87,  0.00,  0.35,  676965539,  529029000,  148008000,  728012540, c++, elite, mult, 1
6698648.exe , 11.18,  1.20,  0.96,  0.00,  0.35,  690028740,  576103000,  114020000,  741347959, c++, elite, mult, 1
6698648.exe , 10.95,  1.11,  0.87,  0.00,  0.35,  676413116,  513632000,  162883000,  727563729, c++, elite, mult, 1
6698648.exe , 10.97,  1.11,  0.87,  0.00,  0.35,  677597130,  589570000,   88085000,  728656762, c++, elite, mult, 1
6698648.exe , 10.96,  1.09,  0.85,  0.00,  0.35,  677719838,  534825000,  142953000,  729015145, c++, elite, mult, 1
6698648.exe , 10.85,  1.08,  0.85,  0.00,  0.34,  667060062,  487079000,  180029000,  718163053, c++, elite, mult, 1
6698648.exe , 10.98,  1.07,  0.83,  0.00,  0.35,  678485795,  502950000,  175633000,  729496693, c++, elite, mult, 1
6698648.exe , 10.97,  1.09,  0.85,  0.00,  0.35,  678481053,  498933000,  179616000,  730759724, c++, elite, mult, 1
6708862.exe ,  8.26,  0.91,  0.73,  0.00,  0.26,  501642788,  490701000,   10993000,  552705953, c++, elite, mult, 1
6708862.exe ,  8.22,  0.92,  0.74,  0.00,  0.26,  501043081,  491118000,   10002000,  552096348, c++, elite, mult, 1
6708862.exe ,  8.26,  0.90,  0.72,  0.00,  0.26,  501911597,  492797000,    9014000,  552965946, c++, elite, mult, 1
6708862.exe ,  8.25,  0.91,  0.73,  0.00,  0.26,  501710049,  492715000,    9013000,  552756845, c++, elite, mult, 1
6708862.exe ,  8.24,  0.90,  0.72,  0.00,  0.26,  501756218,  493818000,    7997000,  552838380, c++, elite, mult, 1
6708862.exe ,  8.26,  0.88,  0.70,  0.00,  0.26,  501017033,  492880000,    7998000,  551945987, c++, elite, mult, 1
6708862.exe ,  8.23,  0.90,  0.73,  0.00,  0.26,  500347907,  490365000,   10007000,  551524382, c++, elite, mult, 1
6708862.exe ,  8.30,  0.93,  0.75,  0.00,  0.26,  504667757,  488707000,   16023000,  555770525, c++, elite, mult, 1
6708862.exe ,  8.27,  0.94,  0.76,  0.00,  0.26,  501816715,  492853000,    9015000,  552844159, c++, elite, mult, 1
6708862.exe ,  8.26,  0.91,  0.73,  0.00,  0.26,  502145766,  491989000,    9999000,  553376899, c++, elite, mult, 1
6714442.exe ,  9.56,  1.08,  0.88,  0.00,  0.29,  572861756,  564943000,    7999000,  623668204, c++, elite, mult, 1
6714442.exe ,  9.54,  1.09,  0.88,  0.00,  0.29,  572834065,  564944000,    7985000,  623997713, c++, elite, mult, 1
6714442.exe ,  9.63,  1.10,  0.90,  0.00,  0.29,  573028458,  565958000,    6999000,  624198602, c++, elite, mult, 1
6714442.exe ,  9.56,  1.08,  0.88,  0.00,  0.29,  572733402,  565761000,    7009000,  623722345, c++, elite, mult, 1
6714442.exe ,  9.56,  1.09,  0.89,  0.00,  0.29,  572794603,  566836000,    5998000,  626470572, c++, elite, mult, 1
6714442.exe ,  9.59,  1.10,  0.90,  0.00,  0.29,  572934102,  561917000,   10998000,  623911039, c++, elite, mult, 1
6714442.exe ,  9.61,  1.10,  0.89,  0.00,  0.29,  572999744,  567082000,    6000000,  623962311, c++, elite, mult, 1
6714442.exe ,  9.54,  1.10,  0.89,  0.00,  0.29,  572691684,  566721000,    5997000,  623751548, c++, elite, mult, 1
6714442.exe ,  9.61,  1.10,  0.89,  0.00,  0.29,  573526543,  563396000,   10007000,  624636876, c++, elite, mult, 1
6714442.exe ,  9.58,  1.10,  0.90,  0.00,  0.29,  572686772,  564760000,    7996000,  623696916, c++, elite, mult, 1
6754640.exe , 16.80,  1.64,  1.28,  0.00,  0.52, 1026030863,  895055000,  131008000, 1076870476, c++, elite, mult, 1
6754640.exe , 16.73,  1.71,  1.35,  0.00,  0.52, 1026254040,  902406000,  123781000, 1077421026, c++, elite, mult, 1
6754640.exe , 16.74,  1.67,  1.30,  0.00,  0.52, 1025777019,  909774000,  115971000, 1076987270, c++, elite, mult, 1
6754640.exe , 16.72,  1.68,  1.31,  0.00,  0.52, 1027213321,  921121000,  105898000, 1078157268, c++, elite, mult, 1
6754640.exe , 16.85,  1.68,  1.31,  0.00,  0.53, 1033455804,  910432000,  122923000, 1084658180, c++, elite, mult, 1
6754640.exe , 16.67,  1.71,  1.35,  0.00,  0.52, 1026866049,  925783000,  100976000, 1077834012, c++, elite, mult, 1
6754640.exe , 16.70,  1.62,  1.26,  0.00,  0.52, 1023306111,  871218000,  152038000, 1074283229, c++, elite, mult, 1
6754640.exe , 16.72,  1.66,  1.29,  0.00,  0.52, 1027059522,  885920000,  140987000, 1077857528, c++, elite, mult, 1
6754640.exe , 16.65,  1.66,  1.30,  0.00,  0.52, 1025732254,  843793000,  181955000, 1076558425, c++, elite, mult, 1
6754640.exe , 16.67,  1.64,  1.28,  0.00,  0.52, 1024058643,  871067000,  153011000, 1075103849, c++, elite, mult, 1
6966964.exe , 11.81,  1.17,  0.91,  0.00,  0.37,  723765258,  564887000,  158968000,  774907031, c++, elite, mult, 1
6966964.exe , 11.89,  1.20,  0.94,  0.00,  0.37,  726053954,  591078000,  135018000,  777262085, c++, elite, mult, 1
6966964.exe , 11.79,  1.18,  0.92,  0.00,  0.37,  724868842,  593904000,  130978000,  775938396, c++, elite, mult, 1
6966964.exe , 11.90,  1.17,  0.91,  0.00,  0.37,  725476311,  572531000,  152874000,  776445286, c++, elite, mult, 1
6966964.exe , 11.83,  1.19,  0.94,  0.00,  0.37,  727274799,  583475000,  143870000,  778828114, c++, elite, mult, 1
6966964.exe , 11.83,  1.19,  0.93,  0.00,  0.37,  724957681,  593773000,  131170000,  776027128, c++, elite, mult, 1
6966964.exe , 11.81,  1.18,  0.93,  0.00,  0.37,  727245741,  586472000,  140873000,  778511026, c++, elite, mult, 1
6966964.exe , 11.83,  1.16,  0.91,  0.00,  0.37,  724319177,  569516000,  154868000,  775571977, c++, elite, mult, 1
6966964.exe , 11.79,  1.18,  0.92,  0.00,  0.37,  724234646,  559176000,  165052000,  775311942, c++, elite, mult, 1
6966964.exe , 11.73,  1.19,  0.94,  0.00,  0.37,  725035640,  605926000,  118985000,  776066192, c++, elite, mult, 1
7044970.exe , 11.99,  1.27,  1.01,  0.00,  0.38,  735633450,  590514000,  145126000,  786933061, c++, elite, mult, 1
7044970.exe , 11.94,  1.29,  1.03,  0.00,  0.38,  735391853,  570286000,  165083000,  786573445, c++, elite, mult, 1
7044970.exe , 13.24,  1.31,  1.04,  0.00,  0.38,  744158743,  602614000,  141143000,  795410402, c++, elite, mult, 1
7044970.exe , 12.70,  1.26,  1.00,  0.00,  0.38,  733711085,  605994000,  127788000,  784959067, c++, elite, mult, 1
7044970.exe , 12.70,  1.29,  1.03,  0.00,  0.37,  734065360,  597110000,  137025000,  785163258, c++, elite, mult, 1
7044970.exe , 12.77,  1.30,  1.03,  0.00,  0.38,  738828657,  592892000,  145973000,  790009490, c++, elite, mult, 1
7044970.exe , 12.75,  1.26,  1.00,  0.00,  0.38,  739038757,  608087000,  131018000,  790522667, c++, elite, mult, 1
7044970.exe , 12.72,  1.22,  0.96,  0.00,  0.38,  735298077,  586708000,  148672000,  786428433, c++, elite, mult, 1
7044970.exe , 12.86,  1.21,  0.95,  0.00,  0.38,  739602817,  622737000,  116950000,  790700791, c++, elite, mult, 1
7044970.exe , 12.83,  1.23,  0.97,  0.00,  0.38,  737176502,  614211000,  123042000,  788293399, c++, elite, mult, 1
709259.exe  ,  9.36,  0.90,  0.70,  0.00,  0.29,  564724679,  393149000,  171628000,  615920018, c++, elite, mult, 1
709259.exe  ,  9.22,  0.90,  0.70,  0.00,  0.29,  566038374,  443836000,  121955000,  617195495, c++, elite, mult, 1
709259.exe  ,  9.25,  0.90,  0.70,  0.00,  0.29,  565219900,  429813000,  134941000,  616403630, c++, elite, mult, 1
709259.exe  ,  9.43,  0.91,  0.71,  0.00,  0.29,  571437310,  427252000,  144085000,  622327213, c++, elite, mult, 1
709259.exe  ,  9.33,  0.90,  0.70,  0.00,  0.29,  566662869,  413544000,  153201000,  617856735, c++, elite, mult, 1
709259.exe  ,  9.30,  0.90,  0.70,  0.00,  0.29,  564608733,  446625000,  117901000,  615794947, c++, elite, mult, 1
709259.exe  ,  9.26,  0.93,  0.73,  0.00,  0.29,  564555997,  433469000,  131141000,  615427330, c++, elite, mult, 1
709259.exe  ,  9.24,  0.93,  0.73,  0.00,  0.29,  563756020,  428129000,  135723000,  614722629, c++, elite, mult, 1
709259.exe  ,  9.38,  0.91,  0.71,  0.00,  0.29,  564978601,  395902000,  168958000,  616041393, c++, elite, mult, 1
709259.exe  ,  9.23,  0.91,  0.71,  0.00,  0.29,  566930079,  439962000,  126989000,  618154125, c++, elite, mult, 1
7100116.exe , 14.38,  1.51,  1.19,  0.00,  0.45,  881679322,  720800000,  160955000,  932624273, c++, elite, mult, 1
7100116.exe , 14.47,  1.53,  1.22,  0.00,  0.45,  886030201,  769788000,  115968000,  936936481, c++, elite, mult, 1
7100116.exe , 14.34,  1.55,  1.23,  0.00,  0.45,  884653330,  714581000,  170138000,  935844872, c++, elite, mult, 1
7100116.exe , 14.39,  1.50,  1.18,  0.00,  0.45,  882204819,  747035000,  135006000,  933385882, c++, elite, mult, 1
7100116.exe , 14.48,  1.52,  1.21,  0.00,  0.45,  883944266,  715216000,  168815000,  934895327, c++, elite, mult, 1
7100116.exe , 14.37,  1.56,  1.25,  0.00,  0.45,  881240829,  761971000,  118995000,  932515781, c++, elite, mult, 1
7100116.exe , 14.33,  1.55,  1.24,  0.00,  0.45,  879260345,  707266000,  172064000,  930529374, c++, elite, mult, 1
7100116.exe , 14.24,  1.50,  1.19,  0.00,  0.45,  879466651,  727387000,  152081000,  930340234, c++, elite, mult, 1
7100116.exe , 14.41,  1.49,  1.18,  0.00,  0.45,  883433326,  761425000,  122068000,  934623058, c++, elite, mult, 1
7100116.exe , 14.43,  1.52,  1.20,  0.00,  0.45,  881295949,  695271000,  186072000,  932265080, c++, elite, mult, 1
728955.exe  , 12.00,  1.26,  1.00,  0.00,  0.37,  724641765,  715715000,    9009000,  775585975, c++, elite, mult, 1
728955.exe  , 12.25,  1.25,  0.99,  0.00,  0.38,  738560894,  732606000,    6004000,  789544817, c++, elite, mult, 1
728955.exe  , 12.05,  1.23,  0.98,  0.00,  0.37,  729423187,  720524000,    8981000,  780707818, c++, elite, mult, 1
728955.exe  , 11.86,  1.22,  0.97,  0.00,  0.37,  722205842,  712175000,   10002000,  773468029, c++, elite, mult, 1
728955.exe  , 11.76,  1.15,  0.90,  0.00,  0.36,  713967649,  706037000,    8000000,  765029344, c++, elite, mult, 1
728955.exe  , 11.69,  1.19,  0.94,  0.00,  0.36,  709781642,  703788000,    6006000,  760683525, c++, elite, mult, 1
728955.exe  , 12.02,  1.23,  0.97,  0.00,  0.37,  724159537,  715112000,    8988000,  775358388, c++, elite, mult, 1
728955.exe  , 12.04,  1.24,  0.98,  0.00,  0.37,  732117378,  722986000,    8987000,  783140463, c++, elite, mult, 1
728955.exe  , 11.63,  1.13,  0.88,  0.00,  0.36,  702070368,  696011000,    6000000,  753084421, c++, elite, mult, 1
728955.exe  , 11.87,  1.17,  0.91,  0.00,  0.37,  720298957,  715332000,    5002000,  771398718, c++, elite, mult, 1
7298421.exe ,  8.21,  0.93,  0.76,  0.00,  0.26,  494443407,  485518000,    9009000,  545533982, c++, elite, mult, 1
7298421.exe ,  8.19,  0.92,  0.75,  0.00,  0.25,  496580457,  480402000,   15980000,  547512611, c++, elite, mult, 1
7298421.exe ,  8.26,  0.88,  0.71,  0.00,  0.25,  494920453,  482021000,   12973000,  546040353, c++, elite, mult, 1
7298421.exe ,  8.24,  0.89,  0.71,  0.00,  0.26,  495344829,  482416000,   13011000,  546358345, c++, elite, mult, 1
7298421.exe ,  8.17,  0.89,  0.72,  0.00,  0.25,  496203557,  485048000,   11001000,  547275306, c++, elite, mult, 1
7298421.exe ,  8.24,  0.88,  0.71,  0.00,  0.25,  495660155,  478540000,   16983000,  546964678, c++, elite, mult, 1
7298421.exe ,  8.22,  0.87,  0.69,  0.00,  0.25,  496022391,  485005000,   11000000,  546978582, c++, elite, mult, 1
7298421.exe ,  8.19,  0.87,  0.69,  0.00,  0.26,  495939795,  479930000,   15997000,  547119731, c++, elite, mult, 1
7298421.exe ,  8.25,  0.87,  0.69,  0.00,  0.25,  495750442,  482731000,   12992000,  546905721, c++, elite, mult, 1
7298421.exe ,  8.22,  0.88,  0.70,  0.00,  0.25,  494567591,  478708000,   15990000,  545765069, c++, elite, mult, 1
7327846.exe , 13.56,  1.49,  1.20,  0.00,  0.42,  819223459,  669460000,  149879000,  870291428, c++, elite, mult, 1
7327846.exe , 13.43,  1.47,  1.18,  0.00,  0.42,  817858553,  697954000,  119992000,  869060442, c++, elite, mult, 1
7327846.exe , 13.50,  1.47,  1.18,  0.00,  0.42,  815242128,  667194000,  148043000,  866038592, c++, elite, mult, 1
7327846.exe , 13.52,  1.48,  1.19,  0.00,  0.42,  817895326,  684959000,  132992000,  868886887, c++, elite, mult, 1
7327846.exe , 13.61,  1.49,  1.20,  0.00,  0.42,  820431388,  690380000,  130071000,  871314164, c++, elite, mult, 1
7327846.exe , 13.50,  1.48,  1.19,  0.00,  0.42,  816677087,  679737000,  136947000,  867743617, c++, elite, mult, 1
7327846.exe , 13.56,  1.48,  1.19,  0.00,  0.42,  817449567,  678445000,  139091000,  868414696, c++, elite, mult, 1
7327846.exe , 13.54,  1.42,  1.13,  0.00,  0.42,  817211624,  685232000,  132044000,  868165105, c++, elite, mult, 1
7327846.exe , 13.55,  1.44,  1.15,  0.00,  0.42,  816088195,  654088000,  162021000,  866960163, c++, elite, mult, 1
7327846.exe , 13.53,  1.49,  1.20,  0.00,  0.42,  818928336,  655781000,  163194000,  869993462, c++, elite, mult, 1
771691.exe  , 11.73,  1.24,  0.99,  0.00,  0.36,  708044831,  700094000,    8001000,  759113820, c++, elite, mult, 1
771691.exe  , 11.76,  1.23,  0.97,  0.00,  0.36,  708123152,  701211000,    7002000,  759623466, c++, elite, mult, 1
771691.exe  , 11.70,  1.24,  0.99,  0.00,  0.36,  707703249,  700814000,    6998000,  758801005, c++, elite, mult, 1
771691.exe  , 11.57,  1.25,  0.99,  0.00,  0.36,  708090053,  698799000,    8997000,  759389172, c++, elite, mult, 1
771691.exe  , 11.58,  1.23,  0.98,  0.00,  0.36,  707830613,  701893000,    5999000,  758731949, c++, elite, mult, 1
771691.exe  , 11.76,  1.23,  0.98,  0.00,  0.36,  707808751,  700725000,    7007000,  759067339, c++, elite, mult, 1
771691.exe  , 11.66,  1.24,  0.99,  0.00,  0.36,  707929708,  701981000,    5999000,  759111122, c++, elite, mult, 1
771691.exe  , 11.62,  1.22,  0.97,  0.00,  0.36,  707718552,  698817000,    8997000,  758981160, c++, elite, mult, 1
771691.exe  , 11.62,  1.24,  1.00,  0.00,  0.36,  707592159,  698679000,    8983000,  758956496, c++, elite, mult, 1
771691.exe  , 11.59,  1.25,  1.00,  0.00,  0.36,  708777117,  702876000,    5998000,  760207066, c++, elite, mult, 1
776425.exe  , 13.42,  1.38,  1.08,  0.00,  0.42,  827711690,  673807000,  153956000,  878894764, c++, elite, mult, 1
776425.exe  , 13.47,  1.36,  1.06,  0.00,  0.42,  825756741,  686869000,  138973000,  876910360, c++, elite, mult, 1
776425.exe  , 13.54,  1.38,  1.08,  0.00,  0.42,  825078370,  646119000,  179033000,  876081687, c++, elite, mult, 1
776425.exe  , 13.41,  1.36,  1.07,  0.00,  0.42,  824389850,  656306000,  167822000,  875359175, c++, elite, mult, 1
776425.exe  , 13.55,  1.38,  1.09,  0.00,  0.42,  826457771,  648387000,  178106000,  877676243, c++, elite, mult, 1
776425.exe  , 13.40,  1.34,  1.04,  0.00,  0.42,  825194872,  651188000,  174050000,  876254451, c++, elite, mult, 1
776425.exe  , 13.40,  1.33,  1.04,  0.00,  0.42,  823841389,  620154000,  203722000,  880239551, c++, elite, mult, 1
776425.exe  , 13.58,  1.44,  1.15,  0.00,  0.42,  828485674,  702633000,  125934000,  879624704, c++, elite, mult, 1
776425.exe  , 13.43,  1.40,  1.11,  0.00,  0.42,  824426740,  675294000,  149065000,  875467272, c++, elite, mult, 1
776425.exe  , 13.41,  1.41,  1.11,  0.00,  0.42,  824691810,  663709000,  160929000,  875707192, c++, elite, mult, 1
776644.exe  , 15.87,  1.64,  1.29,  0.00,  0.50,  971966742,  845933000,  125990000, 1023035797, c++, elite, mult, 1
776644.exe  , 15.96,  1.62,  1.27,  0.00,  0.50,  974921860,  803771000,  170951000, 1026173081, c++, elite, mult, 1
776644.exe  , 15.92,  1.63,  1.29,  0.00,  0.50,  972045502,  818034000,  154006000, 1023331383, c++, elite, mult, 1
776644.exe  , 15.90,  1.59,  1.24,  0.00,  0.50,  971494383,  837469000,  134075000, 1022531354, c++, elite, mult, 1
776644.exe  , 16.01,  1.62,  1.28,  0.00,  0.50,  973782914,  829589000,  144102000, 1024691065, c++, elite, mult, 1
776644.exe  , 15.89,  1.57,  1.23,  0.00,  0.50,  971400477,  839347000,  132054000, 1022512960, c++, elite, mult, 1
776644.exe  , 15.93,  1.58,  1.23,  0.00,  0.50,  975204803,  805855000,  168969000, 1026150425, c++, elite, mult, 1
776644.exe  , 15.94,  1.60,  1.26,  0.00,  0.50,  974044318,  803072000,  171015000, 1025127311, c++, elite, mult, 1
776644.exe  , 16.01,  1.65,  1.30,  0.00,  0.50,  972485998,  794349000,  178078000, 1023310052, c++, elite, mult, 1
776644.exe  , 16.09,  1.70,  1.35,  0.00,  0.50,  974091142,  831982000,  141996000, 1025010936, c++, elite, mult, 1
7914657.exe ,  8.00,  0.82,  0.64,  0.00,  0.25,  488307340,  481776000,    5997000,  539262575, c++, elite, mult, 1
7914657.exe ,  8.17,  0.83,  0.65,  0.00,  0.25,  486918140,  478910000,    7998000,  537971132, c++, elite, mult, 1
7914657.exe ,  8.01,  0.81,  0.64,  0.00,  0.25,  487169765,  479230000,    8003000,  538242846, c++, elite, mult, 1
7914657.exe ,  8.03,  0.82,  0.64,  0.00,  0.25,  487439911,  479526000,    7975000,  538549902, c++, elite, mult, 1
7914657.exe ,  8.08,  0.83,  0.66,  0.00,  0.25,  488212660,  480271000,    8004000,  539240121, c++, elite, mult, 1
7914657.exe ,  8.03,  0.85,  0.68,  0.00,  0.25,  487259715,  480324000,    7004000,  538410031, c++, elite, mult, 1
7914657.exe ,  8.04,  0.84,  0.66,  0.00,  0.25,  487314628,  477093000,   10001000,  538422590, c++, elite, mult, 1
7914657.exe ,  8.14,  0.86,  0.68,  0.00,  0.25,  488302611,  480062000,    7984000,  539788262, c++, elite, mult, 1
7914657.exe ,  8.04,  0.81,  0.63,  0.00,  0.25,  487105896,  479185000,    8003000,  538111940, c++, elite, mult, 1
7914657.exe ,  8.14,  0.81,  0.64,  0.00,  0.25,  487971575,  482005000,    6000000,  539106605, c++, elite, mult, 1
8106119.exe , 23.41,  2.43,  1.92,  0.00,  0.72, 1417904274, 1251968000,  165995000, 1468753908, c++, elite, mult, 1
8106119.exe , 23.32,  2.41,  1.91,  0.00,  0.72, 1407320053, 1255153000,  152018000, 1458463317, c++, elite, mult, 1
8106119.exe , 23.48,  2.48,  1.99,  0.00,  0.72, 1408585128, 1270520000,  138056000, 1459788220, c++, elite, mult, 1
8106119.exe , 23.60,  2.46,  1.95,  0.00,  0.73, 1435273979, 1307679000,  126968000, 1486304173, c++, elite, mult, 1
8106119.exe , 23.61,  2.41,  1.90,  0.00,  0.73, 1434054800, 1279944000,  153873000, 1484959490, c++, elite, mult, 1
8106119.exe , 23.79,  2.46,  1.94,  0.00,  0.74, 1443586336, 1334536000,  109043000, 1494579745, c++, elite, mult, 1
8106119.exe , 23.07,  2.38,  1.88,  0.00,  0.72, 1406872129, 1263809000,  142978000, 1458016725, c++, elite, mult, 1
8106119.exe , 23.53,  2.42,  1.92,  0.00,  0.73, 1432034277, 1279016000,  153001000, 1482919613, c++, elite, mult, 1
8106119.exe , 23.82,  2.42,  1.91,  0.00,  0.73, 1433350356, 1271407000,  161924000, 1484204740, c++, elite, mult, 1
8106119.exe , 23.72,  2.41,  1.91,  0.00,  0.73, 1419967362, 1249961000,  169994000, 1470900856, c++, elite, mult, 1
8319654.exe , 23.19,  2.18,  1.68,  0.00,  0.73, 1416551957, 1397226000,   19003000, 1467601524, c++, elite, mult, 1
8319654.exe , 23.42,  2.16,  1.66,  0.00,  0.73, 1419485310, 1404036000,   15000000, 1470482468, c++, elite, mult, 1
8319654.exe , 23.38,  2.13,  1.63,  0.00,  0.73, 1414914863, 1394917000,   19998000, 1465958821, c++, elite, mult, 1
8319654.exe , 23.40,  2.13,  1.63,  0.00,  0.73, 1418433309, 1399096000,   18987000, 1470249264, c++, elite, mult, 1
8319654.exe , 23.58,  2.14,  1.63,  0.00,  0.73, 1421500082, 1399441000,   21975000, 1472579792, c++, elite, mult, 1
8319654.exe , 23.33,  2.13,  1.63,  0.00,  0.73, 1412761260, 1393767000,   18983000, 1463887178, c++, elite, mult, 1
8319654.exe , 23.32,  2.13,  1.62,  0.00,  0.73, 1414087562, 1398083000,   16000000, 1464957691, c++, elite, mult, 1
8319654.exe , 23.27,  2.22,  1.71,  0.00,  0.73, 1414337632, 1397295000,   16991000, 1465500301, c++, elite, mult, 1
8319654.exe , 23.47,  2.16,  1.65,  0.00,  0.73, 1416977803, 1398004000,   18986000, 1467815868, c++, elite, mult, 1
8319654.exe , 23.37,  2.15,  1.64,  0.00,  0.73, 1419832102, 1395833000,   23997000, 1471053172, c++, elite, mult, 1
8377831.exe ,  8.07,  0.90,  0.73,  0.00,  0.25,  484121859,  478188000,    6002000,  535077072, c++, elite, mult, 1
8377831.exe ,  8.11,  0.91,  0.74,  0.00,  0.25,  484128825,  477184000,    7002000,  535021229, c++, elite, mult, 1
8377831.exe ,  8.13,  0.87,  0.70,  0.00,  0.25,  482998630,  475049000,    8000000,  533937231, c++, elite, mult, 1
8377831.exe ,  8.05,  0.90,  0.73,  0.00,  0.25,  483136374,  475207000,    8003000,  533805793, c++, elite, mult, 1
8377831.exe ,  8.13,  0.88,  0.71,  0.00,  0.25,  483265393,  473315000,   10006000,  534262742, c++, elite, mult, 1
8377831.exe ,  8.18,  0.90,  0.73,  0.00,  0.25,  483033880,  476011000,    7000000,  534230440, c++, elite, mult, 1
8377831.exe ,  8.16,  0.86,  0.69,  0.00,  0.25,  483252921,  473298000,   10006000,  534535604, c++, elite, mult, 1
8377831.exe ,  8.19,  0.91,  0.74,  0.00,  0.25,  483677255,  475371000,    7989000,  534803416, c++, elite, mult, 1
8377831.exe ,  8.14,  0.88,  0.71,  0.00,  0.25,  483006450,  476055000,    7000000,  533967248, c++, elite, mult, 1
8377831.exe ,  8.12,  0.90,  0.73,  0.00,  0.25,  483142100,  478137000,    5001000,  534232414, c++, elite, mult, 1
8485745.exe ,  9.61,  1.00,  0.79,  0.00,  0.29,  572978628,  565776000,    6997000,  623942504, c++, elite, mult, 1
8485745.exe ,  9.64,  1.02,  0.81,  0.00,  0.29,  572313134,  563428000,    8990000,  623452475, c++, elite, mult, 1
8485745.exe ,  9.60,  1.01,  0.81,  0.00,  0.29,  572249461,  563322000,    8989000,  623019228, c++, elite, mult, 1
8485745.exe ,  9.54,  1.00,  0.79,  0.00,  0.29,  572963738,  568887000,    3999000,  624000321, c++, elite, mult, 1
8485745.exe ,  9.53,  1.00,  0.79,  0.00,  0.29,  572212632,  564281000,    8003000,  623282825, c++, elite, mult, 1
8485745.exe ,  9.67,  0.99,  0.78,  0.00,  0.29,  573256771,  567026000,    5989000,  624217628, c++, elite, mult, 1
8485745.exe ,  9.78,  0.98,  0.77,  0.00,  0.29,  572291776,  562373000,    9988000,  623455304, c++, elite, mult, 1
8485745.exe ,  9.60,  0.99,  0.78,  0.00,  0.29,  572669999,  565699000,    7008000,  623578175, c++, elite, mult, 1
8485745.exe ,  9.60,  0.97,  0.77,  0.00,  0.29,  572071257,  565122000,    7001000,  623076627, c++, elite, mult, 1
8485745.exe ,  9.62,  0.98,  0.77,  0.00,  0.29,  572502564,  565574000,    7007000,  623344047, c++, elite, mult, 1
8601270.exe , 14.59,  1.50,  1.18,  0.00,  0.45,  881296086,  745058000,  136010000,  932202510, c++, elite, mult, 1
8601270.exe , 14.55,  1.47,  1.16,  0.00,  0.45,  880218250,  757999000,  121999000,  931352380, c++, elite, mult, 1
8601270.exe , 14.60,  1.47,  1.16,  0.00,  0.45,  882222393,  701972000,  179992000,  933350654, c++, elite, mult, 1
8601270.exe , 14.62,  1.51,  1.20,  0.00,  0.45,  880238505,  767143000,  113021000,  931392874, c++, elite, mult, 1
8601270.exe , 14.65,  1.48,  1.17,  0.00,  0.45,  882159740,  765171000,  116873000,  933621782, c++, elite, mult, 1
8601270.exe , 14.56,  1.55,  1.24,  0.00,  0.45,  877356696,  758236000,  119037000,  928599394, c++, elite, mult, 1
8601270.exe , 14.64,  1.58,  1.27,  0.00,  0.45,  881112513,  758128000,  123020000,  932405991, c++, elite, mult, 1
8601270.exe , 14.76,  1.50,  1.18,  0.00,  0.45,  881604056,  739475000,  142091000,  932461245, c++, elite, mult, 1
8601270.exe , 14.67,  1.50,  1.19,  0.00,  0.45,  881000112,  802050000,   79004000,  932216935, c++, elite, mult, 1
8601270.exe , 14.79,  1.48,  1.16,  0.00,  0.45,  884587677,  744453000,  140085000,  935617473, c++, elite, mult, 1
8645057.exe ,  8.13,  0.87,  0.70,  0.00,  0.25,  486646735,  480658000,    5995000,  537575678, c++, elite, mult, 1
8645057.exe ,  8.07,  0.86,  0.69,  0.00,  0.25,  486919380,  478673000,    7994000,  538007333, c++, elite, mult, 1
8645057.exe ,  8.19,  0.87,  0.69,  0.00,  0.25,  486466299,  477556000,    8991000,  537602778, c++, elite, mult, 1
8645057.exe ,  8.23,  0.89,  0.72,  0.00,  0.25,  486422155,  477476000,    9008000,  537519193, c++, elite, mult, 1
8645057.exe ,  8.12,  0.88,  0.71,  0.00,  0.25,  486980566,  481790000,    4987000,  538123649, c++, elite, mult, 1
8645057.exe ,  8.13,  0.88,  0.71,  0.00,  0.25,  485563295,  478492000,    7007000,  536771897, c++, elite, mult, 1
8645057.exe ,  8.12,  0.89,  0.72,  0.00,  0.25,  485954314,  479942000,    5999000,  537246724, c++, elite, mult, 1
8645057.exe ,  8.11,  0.89,  0.71,  0.00,  0.25,  486761711,  478536000,    7992000,  537965970, c++, elite, mult, 1
8645057.exe ,  8.18,  0.88,  0.71,  0.00,  0.25,  487872278,  479928000,    7998000,  538901978, c++, elite, mult, 1
8645057.exe ,  8.15,  0.83,  0.66,  0.00,  0.25,  487679963,  481600000,    6007000,  538744674, c++, elite, mult, 1
8668510.exe ,  8.09,  0.86,  0.69,  0.00,  0.25,  484290889,  474342000,   10007000,  535465142, c++, elite, mult, 1
8668510.exe ,  8.09,  0.87,  0.69,  0.00,  0.25,  479377672,  467337000,   12008000,  530581849, c++, elite, mult, 1
8668510.exe ,  7.99,  0.86,  0.68,  0.00,  0.25,  480814465,  467874000,   12996000,  532041547, c++, elite, mult, 1
8668510.exe ,  8.09,  0.89,  0.72,  0.00,  0.25,  482736417,  470679000,   11991000,  534318535, c++, elite, mult, 1
8668510.exe ,  8.06,  0.90,  0.73,  0.00,  0.25,  477744715,  467804000,    9995000,  528973395, c++, elite, mult, 1
8668510.exe ,  8.18,  0.90,  0.73,  0.00,  0.25,  488920572,  475945000,   13025000,  539821896, c++, elite, mult, 1
8668510.exe ,  8.15,  0.91,  0.73,  0.00,  0.25,  485700703,  475799000,    9995000,  536947163, c++, elite, mult, 1
8668510.exe ,  8.12,  0.90,  0.73,  0.00,  0.25,  481944045,  471798000,    9995000,  533072504, c++, elite, mult, 1
8668510.exe ,  8.04,  0.90,  0.73,  0.00,  0.25,  485683081,  474707000,   11016000,  536934435, c++, elite, mult, 1
8668510.exe ,  8.07,  0.87,  0.70,  0.00,  0.25,  483274889,  471220000,   12005000,  534641273, c++, elite, mult, 1
971881.exe  , 14.80,  1.43,  1.12,  0.00,  0.45,  880187153,  730074000,  150015000,  931347296, c++, elite, mult, 1
971881.exe  , 14.58,  1.45,  1.14,  0.00,  0.44,  869957436,  728989000,  140997000,  921125746, c++, elite, mult, 1
971881.exe  , 14.53,  1.46,  1.15,  0.00,  0.45,  871984336,  750989000,  120998000,  923085845, c++, elite, mult, 1
971881.exe  , 14.72,  1.51,  1.20,  0.00,  0.45,  874853872,  748770000,  126129000,  925981399, c++, elite, mult, 1
971881.exe  , 14.76,  1.48,  1.17,  0.00,  0.45,  873517995,  747507000,  126085000,  924509309, c++, elite, mult, 1
971881.exe  , 14.60,  1.47,  1.16,  0.00,  0.45,  872393142,  732545000,  139913000,  923741504, c++, elite, mult, 1
971881.exe  , 14.69,  1.46,  1.16,  0.00,  0.45,  871167758,  705092000,  166021000,  922632107, c++, elite, mult, 1
971881.exe  , 14.73,  1.49,  1.18,  0.00,  0.45,  872809011,  703653000,  169157000,  923779124, c++, elite, mult, 1
971881.exe  , 14.68,  1.44,  1.14,  0.00,  0.44,  870455264,  728708000,  141748000,  921767551, c++, elite, mult, 1
971881.exe  , 14.73,  1.47,  1.16,  0.00,  0.45,  874059644,  760258000,  113888000,  925248013, c++, elite, mult, 1
