file,psys,pkg,cores,gpu,ram,duration_time,user_time,system_time,perf_time,lang,machine,cores,power_limit
1489349.exe , 10.28,  0.97,  0.75,  0.00,  0.31,  601010306,  596724000,    3998000,  653857403, c++, elite, mult, 1
1489349.exe , 10.05,  0.89,  0.67,  0.00,  0.31,  600833039,  596835000,    3998000,  651892408, c++, elite, mult, 1
1489349.exe ,  9.94,  0.90,  0.69,  0.00,  0.31,  601635954,  595671000,    5986000,  652550739, c++, elite, mult, 1
1489349.exe , 10.02,  0.90,  0.69,  0.00,  0.31,  601160637,  597225000,    3994000,  652220683, c++, elite, mult, 1
1489349.exe ,  9.85,  0.90,  0.69,  0.00,  0.31,  600886192,  596966000,    3999000,  652090489, c++, elite, mult, 1
1489349.exe ,  9.91,  0.89,  0.67,  0.00,  0.31,  600645455,  597675000,    2998000,  651723188, c++, elite, mult, 1
1489349.exe , 10.08,  0.89,  0.67,  0.00,  0.31,  600935089,  597956000,    3004000,  651956858, c++, elite, mult, 1
1489349.exe , 10.09,  0.87,  0.66,  0.00,  0.31,  601159673,  598194000,    3000000,  652026470, c++, elite, mult, 1
1489349.exe , 10.13,  0.87,  0.66,  0.00,  0.31,  601108380,  598123000,    3000000,  652257159, c++, elite, mult, 1
1489349.exe , 10.19,  0.88,  0.67,  0.00,  0.31,  600957617,  595858000,    4998000,  652036979, c++, elite, mult, 1
1519241.exe , 17.65,  1.55,  1.19,  0.00,  0.52, 1025164522, 1021934000,    2996000, 1076201682, c++, elite, mult, 1
1519241.exe , 17.66,  1.55,  1.18,  0.00,  0.52, 1023982903, 1018734000,    4993000, 1075120149, c++, elite, mult, 1
1519241.exe , 17.50,  1.55,  1.18,  0.00,  0.52, 1024096664, 1019607000,    3998000, 1075153667, c++, elite, mult, 1
1519241.exe , 17.45,  1.54,  1.17,  0.00,  0.52, 1024111478, 1020676000,    2999000, 1075251719, c++, elite, mult, 1
1519241.exe , 17.32,  1.53,  1.16,  0.00,  0.52, 1023951288, 1018554000,    4992000, 1075162571, c++, elite, mult, 1
1519241.exe , 17.07,  1.53,  1.17,  0.00,  0.52, 1022286060, 1018294000,    4001000, 1073884674, c++, elite, mult, 1
1519241.exe , 17.33,  1.54,  1.17,  0.00,  0.52, 1025192021, 1021210000,    3996000, 1076551494, c++, elite, mult, 1
1519241.exe , 16.86,  1.54,  1.17,  0.00,  0.52, 1024055428, 1021083000,    3000000, 1075172610, c++, elite, mult, 1
1519241.exe , 17.28,  1.54,  1.18,  0.00,  0.52, 1023492070, 1019326000,    3997000, 1074767142, c++, elite, mult, 1
1519241.exe , 17.02,  1.54,  1.17,  0.00,  0.52, 1023769270, 1020796000,    2999000, 1075049701, c++, elite, mult, 1
1520788.exe , 10.62,  0.94,  0.71,  0.00,  0.33,  639619418,  634661000,    4997000,  690606750, c++, elite, mult, 1
1520788.exe , 10.62,  0.94,  0.71,  0.00,  0.33,  639299415,  635334000,    4002000,  690448305, c++, elite, mult, 1
1520788.exe , 10.55,  0.92,  0.70,  0.00,  0.33,  639725565,  636723000,    3003000,  690719485, c++, elite, mult, 1
1520788.exe , 10.61,  0.95,  0.72,  0.00,  0.33,  639957059,  636696000,    3003000,  690912954, c++, elite, mult, 1
1520788.exe , 10.49,  0.91,  0.68,  0.00,  0.33,  639671710,  634692000,    4997000,  690770445, c++, elite, mult, 1
1520788.exe , 10.51,  0.92,  0.70,  0.00,  0.33,  639664144,  633766000,    5988000,  690571796, c++, elite, mult, 1
1520788.exe , 10.45,  0.89,  0.66,  0.00,  0.33,  639706397,  633814000,    5988000,  690830382, c++, elite, mult, 1
1520788.exe , 10.52,  0.90,  0.67,  0.00,  0.33,  639400722,  637421000,    2001000,  690595306, c++, elite, mult, 1
1520788.exe , 10.81,  0.90,  0.67,  0.00,  0.33,  639703454,  635668000,    3991000,  690907572, c++, elite, mult, 1
1520788.exe , 10.62,  0.93,  0.70,  0.00,  0.33,  639608276,  636628000,    3002000,  690677020, c++, elite, mult, 1
1599310.exe ,  6.13,  0.50,  0.38,  0.00,  0.18,  360965507,  357011000,    4011000,  411915548, c++, elite, mult, 1
1599310.exe ,  6.09,  0.52,  0.39,  0.00,  0.19,  363415542,  357507000,    5975000,  414314464, c++, elite, mult, 1
1599310.exe ,  5.90,  0.51,  0.38,  0.00,  0.18,  360917164,  357009000,    4000000,  412041801, c++, elite, mult, 1
1599310.exe ,  5.94,  0.51,  0.38,  0.00,  0.18,  359237858,  356303000,    3002000,  410390073, c++, elite, mult, 1
1599310.exe ,  5.90,  0.52,  0.39,  0.00,  0.19,  361799764,  358752000,    2997000,  412970037, c++, elite, mult, 1
1599310.exe ,  5.97,  0.51,  0.39,  0.00,  0.18,  361100211,  356053000,    5000000,  412114564, c++, elite, mult, 1
1599310.exe ,  6.15,  0.51,  0.39,  0.00,  0.18,  359352849,  356408000,    3003000,  410627244, c++, elite, mult, 1
1599310.exe ,  6.16,  0.52,  0.39,  0.00,  0.18,  360628276,  357689000,    3005000,  411467785, c++, elite, mult, 1
1599310.exe ,  6.08,  0.51,  0.39,  0.00,  0.18,  359943561,  357998000,    2005000,  410994468, c++, elite, mult, 1
1599310.exe ,  6.08,  0.52,  0.39,  0.00,  0.18,  360293463,  358256000,    2001000,  411377503, c++, elite, mult, 1
1606221.exe , 11.97,  1.03,  0.78,  0.00,  0.37,  720761538,  716810000,    3998000,  772026637, c++, elite, mult, 1
1606221.exe , 12.09,  1.05,  0.79,  0.00,  0.37,  721127942,  716150000,    5001000,  772631597, c++, elite, mult, 1
1606221.exe , 11.87,  1.06,  0.80,  0.00,  0.37,  720903300,  716858000,    3999000,  772064049, c++, elite, mult, 1
1606221.exe , 12.17,  1.06,  0.81,  0.00,  0.37,  720851761,  716920000,    3999000,  772163446, c++, elite, mult, 1
1606221.exe , 12.12,  1.08,  0.82,  0.00,  0.37,  721023489,  718068000,    3000000,  772258491, c++, elite, mult, 1
1606221.exe , 12.28,  1.08,  0.82,  0.00,  0.37,  721266700,  717049000,    3994000,  772247563, c++, elite, mult, 1
1606221.exe , 12.08,  1.08,  0.82,  0.00,  0.37,  721160417,  714839000,    5990000,  772543266, c++, elite, mult, 1
1606221.exe , 12.14,  1.07,  0.82,  0.00,  0.37,  721218032,  717256000,    3995000,  772460515, c++, elite, mult, 1
1606221.exe , 11.88,  1.07,  0.81,  0.00,  0.37,  720983018,  719010000,    2000000,  772217399, c++, elite, mult, 1
1606221.exe , 11.97,  1.07,  0.81,  0.00,  0.37,  720780680,  717799000,    3003000,  771953829, c++, elite, mult, 1
1643497.exe , 12.31,  1.23,  0.97,  0.00,  0.37,  731754069,  727749000,    4004000,  783203683, c++, elite, mult, 1
1643497.exe , 12.25,  1.22,  0.96,  0.00,  0.38,  741903719,  738925000,    3003000,  792907188, c++, elite, mult, 1
1643497.exe , 12.21,  1.24,  0.98,  0.00,  0.37,  732089835,  728137000,    4000000,  783474625, c++, elite, mult, 1
1643497.exe , 12.20,  1.25,  0.99,  0.00,  0.37,  732298749,  729341000,    3001000,  783635373, c++, elite, mult, 1
1643497.exe , 12.40,  1.27,  1.01,  0.00,  0.38,  737216194,  732252000,    4994000,  788409888, c++, elite, mult, 1
1643497.exe , 12.40,  1.29,  1.02,  0.00,  0.38,  732446137,  727488000,    4989000,  783607189, c++, elite, mult, 1
1643497.exe , 12.42,  1.29,  1.02,  0.00,  0.38,  741272383,  739296000,    2000000,  792472708, c++, elite, mult, 1
1643497.exe , 12.24,  1.26,  1.00,  0.00,  0.37,  733449128,  730480000,    3001000,  784794444, c++, elite, mult, 1
1643497.exe , 12.52,  1.25,  0.99,  0.00,  0.37,  733323506,  729328000,    4001000,  784698840, c++, elite, mult, 1
1643497.exe , 12.26,  1.25,  0.99,  0.00,  0.37,  733912254,  729957000,    3999000,  785003489, c++, elite, mult, 1
1648142.exe ,  8.85,  0.89,  0.70,  0.00,  0.27,  522894709,  519866000,    2993000,  574204260, c++, elite, mult, 1
1648142.exe ,  9.36,  0.93,  0.73,  0.00,  0.28,  540278804,  537254000,    3001000,  591710673, c++, elite, mult, 1
1648142.exe ,  8.43,  0.84,  0.66,  0.00,  0.26,  502694345,  499698000,    3004000,  553819476, c++, elite, mult, 1
1648142.exe ,  9.83,  0.94,  0.73,  0.00,  0.30,  580161066,  577196000,    3001000,  631233537, c++, elite, mult, 1
1648142.exe , 10.17,  0.96,  0.75,  0.00,  0.31,  602707790,  599791000,    2998000,  653877452, c++, elite, mult, 1
1648142.exe ,  8.58,  0.83,  0.65,  0.00,  0.26,  502875159,  500816000,    1999000,  553945877, c++, elite, mult, 1
1648142.exe ,  8.48,  0.83,  0.65,  0.00,  0.25,  497890262,  494956000,    2999000,  549009510, c++, elite, mult, 1
1648142.exe ,  9.14,  0.89,  0.70,  0.00,  0.27,  525778983,  521261000,    3994000,  576888081, c++, elite, mult, 1
1648142.exe ,  9.21,  0.92,  0.73,  0.00,  0.28,  551695910,  548779000,    2993000,  603073459, c++, elite, mult, 1
1648142.exe ,  8.64,  0.86,  0.68,  0.00,  0.26,  509479857,  507559000,    2002000,  560565731, c++, elite, mult, 1
1691152.exe ,  7.17,  0.64,  0.49,  0.00,  0.24,  443083798,  415149000,   28010000,  494163958, c++, elite, mult, 1
1691152.exe ,  7.16,  0.63,  0.48,  0.00,  0.24,  443400595,  421299000,   22015000,  494576880, c++, elite, mult, 1
1691152.exe ,  7.30,  0.66,  0.50,  0.00,  0.24,  443140387,  419170000,   24009000,  494712967, c++, elite, mult, 1
1691152.exe ,  7.30,  0.65,  0.50,  0.00,  0.24,  442923250,  417956000,   24997000,  494249402, c++, elite, mult, 1
1691152.exe ,  7.31,  0.66,  0.50,  0.00,  0.24,  443953081,  420929000,   22996000,  495245256, c++, elite, mult, 1
1691152.exe ,  7.28,  0.65,  0.50,  0.00,  0.24,  443153460,  418208000,   25012000,  494491696, c++, elite, mult, 1
1691152.exe ,  7.36,  0.65,  0.49,  0.00,  0.24,  443639587,  415638000,   27975000,  495236122, c++, elite, mult, 1
1691152.exe ,  7.56,  0.67,  0.51,  0.00,  0.24,  443724018,  416649000,   26977000,  495010648, c++, elite, mult, 1
1691152.exe ,  7.53,  0.66,  0.51,  0.00,  0.24,  443056222,  420079000,   23004000,  493904494, c++, elite, mult, 1
1691152.exe ,  7.62,  0.64,  0.49,  0.00,  0.24,  443623721,  417720000,   25982000,  494927092, c++, elite, mult, 1
1710633.exe ,  5.08,  0.45,  0.35,  0.00,  0.15,  295384862,  293325000,    2002000,  346868737, c++, elite, mult, 1
1710633.exe ,  5.13,  0.45,  0.34,  0.00,  0.15,  294928995,  291916000,    3009000,  346202076, c++, elite, mult, 1
1710633.exe ,  5.00,  0.45,  0.34,  0.00,  0.15,  295425294,  291446000,    4006000,  346501663, c++, elite, mult, 1
1710633.exe ,  4.96,  0.45,  0.34,  0.00,  0.15,  295785000,  291819000,    3997000,  347367997, c++, elite, mult, 1
1710633.exe ,  5.07,  0.46,  0.35,  0.00,  0.15,  295273683,  291424000,    3978000,  346454890, c++, elite, mult, 1
1710633.exe ,  5.17,  0.46,  0.35,  0.00,  0.15,  294810757,  289895000,    4998000,  345747698, c++, elite, mult, 1
1710633.exe ,  5.24,  0.47,  0.36,  0.00,  0.15,  295535447,  290627000,    4993000,  346905959, c++, elite, mult, 1
1710633.exe ,  4.84,  0.47,  0.36,  0.00,  0.15,  295247566,  291333000,    4004000,  346345100, c++, elite, mult, 1
1710633.exe ,  4.92,  0.45,  0.35,  0.00,  0.15,  294797892,  290909000,    3998000,  345746510, c++, elite, mult, 1
1710633.exe ,  4.93,  0.45,  0.34,  0.00,  0.15,  295426829,  292494000,    3005000,  346769565, c++, elite, mult, 1
1831963.exe , 10.50,  0.93,  0.70,  0.00,  0.32,  624536476,  620514000,    3996000,  675733978, c++, elite, mult, 1
1831963.exe , 10.28,  0.93,  0.71,  0.00,  0.32,  625440740,  619271000,    5983000,  676595775, c++, elite, mult, 1
1831963.exe , 10.36,  0.92,  0.70,  0.00,  0.32,  624698089,  620749000,    3998000,  675676388, c++, elite, mult, 1
1831963.exe , 10.27,  0.90,  0.68,  0.00,  0.32,  624602020,  619601000,    4996000,  675869849, c++, elite, mult, 1
1831963.exe , 10.22,  0.94,  0.71,  0.00,  0.32,  624988598,  619749000,    4997000,  676155254, c++, elite, mult, 1
1831963.exe , 10.37,  0.94,  0.72,  0.00,  0.32,  625025897,  619980000,    4999000,  677671361, c++, elite, mult, 1
1831963.exe , 10.24,  0.94,  0.71,  0.00,  0.32,  624450223,  621491000,    3002000,  675458061, c++, elite, mult, 1
1831963.exe , 10.26,  0.92,  0.70,  0.00,  0.32,  624659543,  621612000,    2998000,  675661424, c++, elite, mult, 1
1831963.exe , 10.38,  0.92,  0.70,  0.00,  0.32,  624578414,  621598000,    3002000,  675815351, c++, elite, mult, 1
1831963.exe , 10.34,  0.91,  0.69,  0.00,  0.32,  625499191,  618372000,    6981000,  676509413, c++, elite, mult, 1
1939404.exe , 20.57,  2.07,  1.63,  0.00,  0.70, 1191899886,  994928000,  196985000, 1243334874, c++, elite, mult, 1
1939404.exe , 20.19,  2.10,  1.67,  0.00,  0.70, 1190034126,  974911000,  214980000, 1241323085, c++, elite, mult, 1
1939404.exe , 20.16,  2.11,  1.67,  0.00,  0.70, 1195679388,  969459000,  226107000, 1247407095, c++, elite, mult, 1
1939404.exe , 20.20,  2.09,  1.65,  0.00,  0.70, 1195920843,  972922000,  222982000, 1247002609, c++, elite, mult, 1
1939404.exe , 20.06,  2.09,  1.65,  0.00,  0.70, 1190091683,  981695000,  207935000, 1241784245, c++, elite, mult, 1
1939404.exe , 19.99,  2.10,  1.66,  0.00,  0.70, 1188688419,  949898000,  238723000, 1240049151, c++, elite, mult, 1
1939404.exe , 20.36,  2.11,  1.67,  0.00,  0.70, 1200242859,  984402000,  215868000, 1251536806, c++, elite, mult, 1
1939404.exe , 20.47,  2.15,  1.71,  0.00,  0.70, 1191124337,  967648000,  223149000, 1242434840, c++, elite, mult, 1
1939404.exe , 20.50,  2.13,  1.69,  0.00,  0.70, 1190579973,  957431000,  233105000, 1241754199, c++, elite, mult, 1
1939404.exe , 20.57,  2.14,  1.71,  0.00,  0.70, 1194452746,  956116000,  238029000, 1248488913, c++, elite, mult, 1
2050326.exe ,  9.68,  0.89,  0.68,  0.00,  0.30,  589859243,  584689000,    4997000,  640914630, c++, elite, mult, 1
2050326.exe ,  9.80,  0.89,  0.68,  0.00,  0.30,  589921611,  587748000,    1999000,  641034269, c++, elite, mult, 1
2050326.exe ,  9.81,  0.88,  0.68,  0.00,  0.30,  589580553,  586524000,    3002000,  640733823, c++, elite, mult, 1
2050326.exe ,  9.82,  0.88,  0.67,  0.00,  0.30,  589806008,  587623000,    2002000,  641230196, c++, elite, mult, 1
2050326.exe ,  9.84,  0.87,  0.66,  0.00,  0.30,  589591404,  585692000,    3997000,  640961758, c++, elite, mult, 1
2050326.exe , 10.11,  0.90,  0.68,  0.00,  0.30,  589926401,  583776000,    5997000,  641145387, c++, elite, mult, 1
2050326.exe , 10.07,  0.85,  0.64,  0.00,  0.30,  590654320,  586868000,    2994000,  641975454, c++, elite, mult, 1
2050326.exe , 10.06,  0.81,  0.60,  0.00,  0.30,  589654330,  586733000,    3003000,  640710954, c++, elite, mult, 1
2050326.exe , 10.12,  0.86,  0.65,  0.00,  0.30,  589722733,  585721000,    4004000,  640824542, c++, elite, mult, 1
2050326.exe , 10.11,  0.87,  0.67,  0.00,  0.30,  590037276,  584834000,    4998000,  641060157, c++, elite, mult, 1
2084584.exe , 10.82,  0.90,  0.67,  0.00,  0.32,  634831419,  629881000,    4999000,  685823054, c++, elite, mult, 1
2084584.exe , 10.57,  0.94,  0.71,  0.00,  0.32,  634570077,  632338000,    2001000,  685528752, c++, elite, mult, 1
2084584.exe , 10.65,  0.89,  0.67,  0.00,  0.32,  634919593,  631679000,    2998000,  686051808, c++, elite, mult, 1
2084584.exe , 10.75,  0.89,  0.67,  0.00,  0.32,  634741127,  629795000,    4998000,  685903897, c++, elite, mult, 1
2084584.exe , 10.60,  0.94,  0.71,  0.00,  0.32,  634575648,  632618000,    2001000,  685482493, c++, elite, mult, 1
2084584.exe , 10.69,  0.89,  0.67,  0.00,  0.32,  635266500,  631979000,    2999000,  686439038, c++, elite, mult, 1
2084584.exe , 10.67,  0.91,  0.68,  0.00,  0.32,  634830148,  630892000,    3999000,  685969622, c++, elite, mult, 1
2084584.exe , 10.74,  0.88,  0.65,  0.00,  0.32,  634808986,  629726000,    4997000,  685789827, c++, elite, mult, 1
2084584.exe , 10.63,  0.87,  0.64,  0.00,  0.32,  634924137,  632045000,    3000000,  685891437, c++, elite, mult, 1
2084584.exe , 10.72,  0.88,  0.65,  0.00,  0.32,  635155870,  631227000,    4001000,  686092407, c++, elite, mult, 1
2167115.exe , 10.09,  0.92,  0.71,  0.00,  0.31,  610822025,  607613000,    2998000,  662043732, c++, elite, mult, 1
2167115.exe , 10.04,  0.92,  0.70,  0.00,  0.31,  609396283,  606435000,    3002000,  660560593, c++, elite, mult, 1
2167115.exe , 10.24,  0.93,  0.71,  0.00,  0.31,  610746877,  607279000,    2996000,  661874743, c++, elite, mult, 1
2167115.exe , 10.65,  1.06,  0.84,  0.00,  0.32,  612344079,  604637000,    4997000,  663618879, c++, elite, mult, 1
2167115.exe , 10.41,  0.92,  0.71,  0.00,  0.31,  610288887,  607044000,    3000000,  662029685, c++, elite, mult, 1
2167115.exe ,  9.96,  0.92,  0.71,  0.00,  0.31,  610687560,  606135000,    3994000,  662134319, c++, elite, mult, 1
2167115.exe , 10.29,  0.97,  0.75,  0.00,  0.32,  611212154,  606927000,    3992000,  662183484, c++, elite, mult, 1
2167115.exe ,  9.95,  0.92,  0.71,  0.00,  0.31,  611529768,  606248000,    4993000,  662749919, c++, elite, mult, 1
2167115.exe , 10.05,  0.92,  0.70,  0.00,  0.31,  610008445,  606058000,    4000000,  661531861, c++, elite, mult, 1
2167115.exe , 10.48,  1.14,  0.93,  0.00,  0.32,  609998398,  606929000,    2999000,  661483289, c++, elite, mult, 1
2173464.exe , 10.91,  0.99,  0.76,  0.00,  0.34,  663002411,  659062000,    4000000,  714777804, c++, elite, mult, 1
2173464.exe , 10.97,  0.98,  0.74,  0.00,  0.34,  663134757,  659098000,    4000000,  716299978, c++, elite, mult, 1
2173464.exe , 10.82,  1.00,  0.76,  0.00,  0.34,  662816199,  657874000,    4999000,  713922812, c++, elite, mult, 1
2173464.exe , 10.95,  0.99,  0.76,  0.00,  0.34,  662961364,  658705000,    3998000,  714062112, c++, elite, mult, 1
2173464.exe , 11.09,  0.99,  0.75,  0.00,  0.34,  663283874,  659058000,    3994000,  714283969, c++, elite, mult, 1
2173464.exe , 10.96,  0.99,  0.75,  0.00,  0.34,  662918881,  659858000,    2999000,  714392916, c++, elite, mult, 1
2173464.exe , 10.94,  1.00,  0.76,  0.00,  0.34,  663812392,  660758000,    2998000,  715254897, c++, elite, mult, 1
2173464.exe , 10.89,  1.03,  0.79,  0.00,  0.34,  663019905,  659080000,    4000000,  714630396, c++, elite, mult, 1
2173464.exe , 11.04,  1.03,  0.79,  0.00,  0.34,  662817945,  657847000,    4998000,  714117371, c++, elite, mult, 1
2173464.exe , 10.97,  1.00,  0.76,  0.00,  0.34,  662913744,  658839000,    3999000,  714270705, c++, elite, mult, 1
2266185.exe , 10.93,  1.00,  0.77,  0.00,  0.33,  649920276,  646985000,    2999000,  701078334, c++, elite, mult, 1
2266185.exe , 10.68,  1.05,  0.82,  0.00,  0.33,  649070247,  643843000,    4998000,  700225592, c++, elite, mult, 1
2266185.exe , 10.64,  1.00,  0.77,  0.00,  0.33,  649810011,  646794000,    3003000,  700753467, c++, elite, mult, 1
2266185.exe , 10.86,  1.05,  0.82,  0.00,  0.33,  650087277,  647886000,    1999000,  701488860, c++, elite, mult, 1
2266185.exe , 10.74,  1.01,  0.78,  0.00,  0.33,  649997961,  647017000,    3000000,  701300171, c++, elite, mult, 1
2266185.exe , 10.91,  0.99,  0.76,  0.00,  0.33,  649858095,  646801000,    2999000,  700927203, c++, elite, mult, 1
2266185.exe , 10.74,  1.01,  0.78,  0.00,  0.33,  649560251,  644655000,    4997000,  700947082, c++, elite, mult, 1
2266185.exe , 10.81,  1.07,  0.84,  0.00,  0.33,  650132393,  647144000,    3000000,  701590967, c++, elite, mult, 1
2266185.exe , 10.68,  1.10,  0.87,  0.00,  0.33,  649976643,  644893000,    4991000,  701040237, c++, elite, mult, 1
2266185.exe , 10.73,  1.08,  0.85,  0.00,  0.33,  650019528,  645861000,    3992000,  701226300, c++, elite, mult, 1
2278847.exe ,  5.27,  0.50,  0.39,  0.00,  0.16,  299558663,  268638000,   30958000,  350798361, c++, elite, mult, 1
2278847.exe ,  5.16,  0.50,  0.39,  0.00,  0.16,  299553634,  272519000,   27051000,  351031710, c++, elite, mult, 1
2278847.exe ,  5.08,  0.48,  0.37,  0.00,  0.17,  299555022,  268682000,   30963000,  350911347, c++, elite, mult, 1
2278847.exe ,  5.00,  0.48,  0.37,  0.00,  0.16,  299688282,  268737000,   30969000,  351094784, c++, elite, mult, 1
2278847.exe ,  5.17,  0.48,  0.37,  0.00,  0.17,  300846111,  270054000,   30891000,  352288848, c++, elite, mult, 1
2278847.exe ,  5.10,  0.49,  0.38,  0.00,  0.16,  299680881,  271668000,   28069000,  350769235, c++, elite, mult, 1
2278847.exe ,  5.09,  0.48,  0.37,  0.00,  0.16,  299391776,  270419000,   29045000,  350475537, c++, elite, mult, 1
2278847.exe ,  4.88,  0.49,  0.39,  0.00,  0.16,  299764695,  267852000,   31982000,  350994336, c++, elite, mult, 1
2278847.exe ,  4.97,  0.49,  0.39,  0.00,  0.17,  299697598,  267884000,   31867000,  350805422, c++, elite, mult, 1
2278847.exe ,  5.03,  0.50,  0.39,  0.00,  0.16,  299523848,  268749000,   30856000,  350569117, c++, elite, mult, 1
2350693.exe , 12.03,  1.12,  0.86,  0.00,  0.37,  725912405,  720421000,    4989000,  776993025, c++, elite, mult, 1
2350693.exe , 11.95,  1.12,  0.86,  0.00,  0.37,  727218559,  724250000,    3001000,  778156627, c++, elite, mult, 1
2350693.exe , 12.02,  1.13,  0.87,  0.00,  0.37,  725197426,  722232000,    3000000,  776248451, c++, elite, mult, 1
2350693.exe , 12.30,  1.15,  0.89,  0.00,  0.37,  726499885,  722536000,    4002000,  778440636, c++, elite, mult, 1
2350693.exe , 12.30,  1.18,  0.92,  0.00,  0.37,  726301459,  722123000,    4000000,  777324130, c++, elite, mult, 1
2350693.exe , 12.08,  1.17,  0.91,  0.00,  0.37,  725725752,  723346000,    2000000,  777025667, c++, elite, mult, 1
2350693.exe , 12.00,  1.14,  0.88,  0.00,  0.37,  726431498,  723197000,    3000000,  777669828, c++, elite, mult, 1
2350693.exe , 11.99,  1.15,  0.89,  0.00,  0.37,  727053529,  721991000,    4999000,  778030772, c++, elite, mult, 1
2350693.exe , 11.96,  1.16,  0.90,  0.00,  0.37,  725986625,  720034000,    6000000,  777131746, c++, elite, mult, 1
2350693.exe , 12.12,  1.15,  0.89,  0.00,  0.37,  725532049,  720587000,    4997000,  776647009, c++, elite, mult, 1
2436721.exe , 10.28,  0.93,  0.71,  0.00,  0.31,  611934931,  608909000,    2999000,  663408126, c++, elite, mult, 1
2436721.exe , 10.11,  0.92,  0.71,  0.00,  0.31,  611811734,  608905000,    2999000,  662924026, c++, elite, mult, 1
2436721.exe , 10.16,  0.95,  0.73,  0.00,  0.31,  611668885,  607682000,    4004000,  662968331, c++, elite, mult, 1
2436721.exe , 10.32,  0.93,  0.72,  0.00,  0.31,  611912392,  607937000,    3999000,  663337884, c++, elite, mult, 1
2436721.exe , 10.05,  0.92,  0.70,  0.00,  0.31,  611810399,  606858000,    4998000,  662939693, c++, elite, mult, 1
2436721.exe , 10.16,  0.92,  0.70,  0.00,  0.31,  612067566,  609111000,    3005000,  663501596, c++, elite, mult, 1
2436721.exe , 10.12,  0.92,  0.71,  0.00,  0.31,  611898159,  607910000,    3992000,  662972291, c++, elite, mult, 1
2436721.exe , 10.10,  0.92,  0.70,  0.00,  0.31,  612040834,  609888000,    2002000,  663084694, c++, elite, mult, 1
2436721.exe , 10.28,  0.93,  0.72,  0.00,  0.31,  611873947,  607938000,    3999000,  663289397, c++, elite, mult, 1
2436721.exe , 10.08,  0.92,  0.70,  0.00,  0.31,  611940975,  606989000,    4999000,  663483359, c++, elite, mult, 1
2490708.exe , 10.10,  0.92,  0.70,  0.00,  0.32,  616879613,  613822000,    3004000,  667941978, c++, elite, mult, 1
2490708.exe , 10.24,  0.93,  0.71,  0.00,  0.31,  615821026,  610641000,    4997000,  667135021, c++, elite, mult, 1
2490708.exe , 10.05,  0.93,  0.71,  0.00,  0.32,  617283854,  614056000,    2995000,  668679386, c++, elite, mult, 1
2490708.exe , 10.15,  0.92,  0.70,  0.00,  0.32,  616512783,  612334000,    4002000,  667961489, c++, elite, mult, 1
2490708.exe , 10.20,  0.92,  0.70,  0.00,  0.31,  615086426,  613120000,    2000000,  666250963, c++, elite, mult, 1
2490708.exe , 10.24,  0.91,  0.69,  0.00,  0.31,  616227386,  612944000,    2999000,  667736452, c++, elite, mult, 1
2490708.exe , 10.18,  0.92,  0.70,  0.00,  0.31,  616386221,  615409000,    1000000,  667651394, c++, elite, mult, 1
2490708.exe , 10.25,  0.91,  0.69,  0.00,  0.31,  615963483,  611992000,    3999000,  666881021, c++, elite, mult, 1
2490708.exe , 10.09,  0.93,  0.71,  0.00,  0.31,  615864812,  612931000,    2999000,  666949429, c++, elite, mult, 1
2490708.exe , 10.22,  0.92,  0.70,  0.00,  0.31,  615752186,  614851000,     999000,  666882019, c++, elite, mult, 1
2512213.exe ,  1.58,  0.14,  0.11,  0.00,  0.05,   94300439,   79318000,   15060000,  145476110, c++, elite, mult, 1
2512213.exe ,  1.60,  0.15,  0.11,  0.00,  0.05,   94401126,   74380000,   20102000,  145618590, c++, elite, mult, 1
2512213.exe ,  1.70,  0.14,  0.11,  0.00,  0.05,   94734373,   77834000,   16963000,  146067020, c++, elite, mult, 1
2512213.exe ,  1.56,  0.14,  0.11,  0.00,  0.05,   94474420,   76426000,   18100000,  146000264, c++, elite, mult, 1
2512213.exe ,  1.69,  0.15,  0.12,  0.00,  0.05,   94204135,   77239000,   17052000,  145525274, c++, elite, mult, 1
2512213.exe ,  1.55,  0.15,  0.11,  0.00,  0.05,   94437858,   76408000,   18096000,  145559476, c++, elite, mult, 1
2512213.exe ,  1.58,  0.14,  0.11,  0.00,  0.05,   94369391,   73582000,   20881000,  145640835, c++, elite, mult, 1
2512213.exe ,  1.59,  0.14,  0.11,  0.00,  0.05,   94836043,   72670000,   22205000,  146071377, c++, elite, mult, 1
2512213.exe ,  1.53,  0.14,  0.11,  0.00,  0.05,   94415353,   73368000,   21105000,  146052662, c++, elite, mult, 1
2512213.exe ,  1.58,  0.15,  0.11,  0.00,  0.05,   94339419,   72310000,   22094000,  145616246, c++, elite, mult, 1
2589378.exe ,  1.43,  0.14,  0.11,  0.00,  0.04,   86442674,   82502000,    4024000,  137637858, c++, elite, mult, 1
2589378.exe ,  1.41,  0.13,  0.10,  0.00,  0.04,   86511794,   83573000,    3020000,  137670256, c++, elite, mult, 1
2589378.exe ,  1.45,  0.13,  0.10,  0.00,  0.04,   86379759,   81459000,    5028000,  137504705, c++, elite, mult, 1
2589378.exe ,  1.40,  0.13,  0.10,  0.00,  0.05,   86458349,   82601000,    3980000,  137360677, c++, elite, mult, 1
2589378.exe ,  1.41,  0.14,  0.10,  0.00,  0.04,   86566800,   83641000,    3023000,  137763000, c++, elite, mult, 1
2589378.exe ,  1.50,  0.14,  0.11,  0.00,  0.04,   86443457,   82629000,    3934000,  137486949, c++, elite, mult, 1
2589378.exe ,  1.41,  0.14,  0.11,  0.00,  0.05,   86415988,   82489000,    4023000,  137542866, c++, elite, mult, 1
2589378.exe ,  1.50,  0.14,  0.11,  0.00,  0.05,   86500570,   81704000,    4921000,  137527772, c++, elite, mult, 1
2589378.exe ,  1.40,  0.14,  0.11,  0.00,  0.04,   86354306,   83438000,    3015000,  137400740, c++, elite, mult, 1
2589378.exe ,  1.43,  0.14,  0.10,  0.00,  0.04,   86388915,   82466000,    4022000,  137330699, c++, elite, mult, 1
2707323.exe , 10.59,  0.98,  0.75,  0.00,  0.33,  642003010,  637045000,    5000000,  693330089, c++, elite, mult, 1
2707323.exe , 10.75,  1.02,  0.79,  0.00,  0.33,  642319557,  639269000,    3001000,  693347187, c++, elite, mult, 1
2707323.exe , 10.65,  1.04,  0.81,  0.00,  0.33,  642102634,  639161000,    3000000,  693453532, c++, elite, mult, 1
2707323.exe , 10.81,  0.98,  0.75,  0.00,  0.33,  641748577,  638773000,    3003000,  692907597, c++, elite, mult, 1
2707323.exe , 10.89,  0.99,  0.76,  0.00,  0.33,  642110213,  639212000,    3000000,  693010461, c++, elite, mult, 1
2707323.exe , 10.84,  0.98,  0.75,  0.00,  0.33,  642349539,  638241000,    4001000,  693715907, c++, elite, mult, 1
2707323.exe , 10.62,  1.02,  0.79,  0.00,  0.33,  641992545,  639987000,    2003000,  693029500, c++, elite, mult, 1
2707323.exe , 10.54,  0.98,  0.75,  0.00,  0.33,  642174900,  638229000,    4001000,  693322477, c++, elite, mult, 1
2707323.exe , 10.71,  0.97,  0.74,  0.00,  0.33,  642296925,  639368000,    3001000,  693514623, c++, elite, mult, 1
2707323.exe , 10.59,  0.98,  0.75,  0.00,  0.33,  642271085,  638314000,    4001000,  693296473, c++, elite, mult, 1
2765293.exe ,  9.09,  0.82,  0.63,  0.00,  0.28,  550534571,  547585000,    3003000,  601739673, c++, elite, mult, 1
2765293.exe ,  9.11,  0.81,  0.62,  0.00,  0.28,  550410393,  547468000,    3002000,  601695050, c++, elite, mult, 1
2765293.exe ,  9.18,  0.80,  0.61,  0.00,  0.28,  550541320,  548601000,    2002000,  602026862, c++, elite, mult, 1
2765293.exe ,  9.34,  0.82,  0.62,  0.00,  0.28,  550520716,  545646000,    4987000,  601576419, c++, elite, mult, 1
2765293.exe ,  9.21,  0.83,  0.63,  0.00,  0.28,  550604691,  546667000,    3997000,  601890008, c++, elite, mult, 1
2765293.exe ,  9.05,  0.82,  0.62,  0.00,  0.28,  550539438,  545611000,    4987000,  601669000, c++, elite, mult, 1
2765293.exe ,  9.07,  0.81,  0.61,  0.00,  0.28,  550534902,  547309000,    3001000,  601794062, c++, elite, mult, 1
2765293.exe ,  9.19,  0.82,  0.63,  0.00,  0.28,  550366018,  544468000,    5983000,  601642160, c++, elite, mult, 1
2765293.exe ,  9.13,  0.81,  0.61,  0.00,  0.28,  550374524,  546405000,    4002000,  601424590, c++, elite, mult, 1
2765293.exe ,  9.05,  0.82,  0.62,  0.00,  0.28,  550497454,  547535000,    3002000,  601822062, c++, elite, mult, 1
2821116.exe , 30.42,  3.01,  2.35,  0.00,  1.04, 1820742904, 1531673000,  288938000, 1872122748, c++, elite, mult, 1
2821116.exe , 30.56,  3.02,  2.36,  0.00,  1.04, 1816369166, 1565065000,  251010000, 1867526644, c++, elite, mult, 1
2821116.exe , 30.23,  2.98,  2.32,  0.00,  1.04, 1812703089, 1527466000,  285087000, 1863622783, c++, elite, mult, 1
2821116.exe , 30.30,  3.03,  2.37,  0.00,  1.04, 1812445423, 1539405000,  272894000, 1863705923, c++, elite, mult, 1
2821116.exe , 30.36,  3.04,  2.38,  0.00,  1.04, 1814871327, 1537664000,  276939000, 1866357976, c++, elite, mult, 1
2821116.exe , 31.05,  3.06,  2.40,  0.00,  1.04, 1813841904, 1539096000,  274017000, 1865277649, c++, elite, mult, 1
2821116.exe , 31.26,  3.04,  2.38,  0.00,  1.04, 1816400178, 1565215000,  251034000, 1867550322, c++, elite, mult, 1
2821116.exe , 30.93,  3.06,  2.40,  0.00,  1.04, 1814183808, 1547423000,  266072000, 1865331142, c++, elite, mult, 1
2821116.exe , 30.92,  3.03,  2.37,  0.00,  1.04, 1817557472, 1545383000,  272067000, 1868767172, c++, elite, mult, 1
2821116.exe , 31.03,  3.05,  2.39,  0.00,  1.04, 1815294198, 1532536000,  282730000, 1866413150, c++, elite, mult, 1
2825745.exe , 30.56,  3.02,  2.36,  0.00,  1.03, 1805554928, 1586693000,  217957000, 1856777397, c++, elite, mult, 1
2825745.exe , 30.72,  3.04,  2.38,  0.00,  1.03, 1809497036, 1600506000,  208935000, 1861090723, c++, elite, mult, 1
2825745.exe , 30.15,  3.04,  2.39,  0.00,  1.02, 1806481902, 1577937000,  227990000, 1857628372, c++, elite, mult, 1
2825745.exe , 30.20,  3.02,  2.36,  0.00,  1.03, 1807005923, 1565952000,  240992000, 1858763382, c++, elite, mult, 1
2825745.exe , 30.17,  2.93,  2.28,  0.00,  1.02, 1804987936, 1579596000,  224942000, 1855837414, c++, elite, mult, 1
2825745.exe , 30.44,  2.84,  2.19,  0.00,  1.03, 1811209452, 1570884000,  239982000, 1862460617, c++, elite, mult, 1
2825745.exe , 30.30,  2.87,  2.22,  0.00,  1.02, 1805071381, 1568723000,  235958000, 1856394505, c++, elite, mult, 1
2825745.exe , 30.33,  3.02,  2.37,  0.00,  1.02, 1805028998, 1564954000,  239993000, 1856853364, c++, elite, mult, 1
2825745.exe , 30.59,  2.99,  2.33,  0.00,  1.02, 1808001234, 1577690000,  229954000, 1859188939, c++, elite, mult, 1
2825745.exe , 30.52,  2.89,  2.24,  0.00,  1.03, 1805367506, 1566748000,  238113000, 1856629886, c++, elite, mult, 1
2827190.exe ,  9.90,  0.87,  0.66,  0.00,  0.30,  587114096,  584173000,    3000000,  638298078, c++, elite, mult, 1
2827190.exe ,  9.91,  0.87,  0.66,  0.00,  0.30,  587536581,  582356000,    4994000,  638743922, c++, elite, mult, 1
2827190.exe ,  9.78,  0.84,  0.63,  0.00,  0.30,  587388921,  584231000,    3001000,  638697428, c++, elite, mult, 1
2827190.exe ,  9.65,  0.83,  0.62,  0.00,  0.30,  587337886,  582339000,    5002000,  638480162, c++, elite, mult, 1
2827190.exe ,  9.63,  0.84,  0.64,  0.00,  0.30,  587277284,  582388000,    4986000,  638196588, c++, elite, mult, 1
2827190.exe ,  9.84,  0.87,  0.66,  0.00,  0.30,  587428098,  584313000,    3001000,  638900696, c++, elite, mult, 1
2827190.exe ,  9.87,  0.87,  0.66,  0.00,  0.30,  587334214,  583384000,    3995000,  638764614, c++, elite, mult, 1
2827190.exe ,  9.69,  0.84,  0.63,  0.00,  0.30,  587514483,  584201000,    3001000,  639305577, c++, elite, mult, 1
2827190.exe ,  9.82,  0.81,  0.61,  0.00,  0.30,  587512647,  582536000,    4987000,  638688307, c++, elite, mult, 1
2827190.exe ,  9.85,  0.87,  0.66,  0.00,  0.30,  587523862,  581461000,    5994000,  639199678, c++, elite, mult, 1
2919323.exe ,  9.50,  0.86,  0.65,  0.00,  0.30,  581439362,  578496000,    3002000,  632495713, c++, elite, mult, 1
2919323.exe ,  9.66,  0.84,  0.64,  0.00,  0.30,  581670624,  580598000,    1001000,  632993366, c++, elite, mult, 1
2919323.exe ,  9.44,  0.84,  0.63,  0.00,  0.30,  581260464,  578280000,    3001000,  635023321, c++, elite, mult, 1
2919323.exe ,  9.53,  0.85,  0.64,  0.00,  0.30,  581980145,  577692000,    3997000,  633337686, c++, elite, mult, 1
2919323.exe ,  9.68,  0.82,  0.62,  0.00,  0.30,  581800823,  578879000,    2994000,  633451092, c++, elite, mult, 1
2919323.exe ,  9.58,  0.83,  0.63,  0.00,  0.30,  581659113,  578746000,    2998000,  632904198, c++, elite, mult, 1
2919323.exe ,  9.56,  0.86,  0.65,  0.00,  0.30,  581865640,  576589000,    4996000,  633108847, c++, elite, mult, 1
2919323.exe ,  9.49,  0.85,  0.64,  0.00,  0.30,  581410823,  578482000,    3002000,  633256035, c++, elite, mult, 1
2919323.exe ,  9.49,  0.79,  0.59,  0.00,  0.30,  581433701,  577493000,    3996000,  632587967, c++, elite, mult, 1
2919323.exe ,  9.63,  0.85,  0.65,  0.00,  0.30,  581700223,  577677000,    3997000,  634463451, c++, elite, mult, 1
3053175.exe , 10.43,  0.96,  0.73,  0.00,  0.32,  635210616,  631265000,    4001000,  686286753, c++, elite, mult, 1
3053175.exe , 10.64,  0.96,  0.73,  0.00,  0.32,  635003193,  630927000,    3999000,  686041982, c++, elite, mult, 1
3053175.exe , 10.60,  0.93,  0.71,  0.00,  0.32,  635062695,  632014000,    3004000,  686215646, c++, elite, mult, 1
3053175.exe , 10.68,  0.94,  0.71,  0.00,  0.33,  635804782,  631612000,    3991000,  686846879, c++, elite, mult, 1
3053175.exe , 10.67,  0.91,  0.68,  0.00,  0.32,  635058353,  630879000,    3999000,  686170818, c++, elite, mult, 1
3053175.exe , 10.66,  0.95,  0.73,  0.00,  0.33,  635220101,  631253000,    4001000,  686417504, c++, elite, mult, 1
3053175.exe , 10.70,  0.94,  0.71,  0.00,  0.32,  634883482,  631951000,    2999000,  686026869, c++, elite, mult, 1
3053175.exe , 10.42,  0.95,  0.72,  0.00,  0.32,  635132670,  633171000,    2000000,  686166018, c++, elite, mult, 1
3053175.exe , 10.63,  0.97,  0.74,  0.00,  0.32,  635026073,  632086000,    2995000,  686208279, c++, elite, mult, 1
3053175.exe , 10.51,  0.96,  0.73,  0.00,  0.32,  635991147,  632841000,    3003000,  687082063, c++, elite, mult, 1
3076621.exe , 10.75,  0.97,  0.74,  0.00,  0.33,  646167686,  642114000,    4000000,  697128921, c++, elite, mult, 1
3076621.exe , 10.66,  0.97,  0.74,  0.00,  0.33,  646273788,  643310000,    3001000,  697402753, c++, elite, mult, 1
3076621.exe , 10.65,  0.99,  0.76,  0.00,  0.33,  646199413,  642230000,    4001000,  697857533, c++, elite, mult, 1
3076621.exe , 10.59,  0.97,  0.74,  0.00,  0.33,  645747033,  642829000,    2999000,  696864668, c++, elite, mult, 1
3076621.exe , 10.76,  0.97,  0.74,  0.00,  0.33,  645537089,  642591000,    2998000,  696944320, c++, elite, mult, 1
3076621.exe , 10.82,  0.97,  0.74,  0.00,  0.33,  646193463,  644150000,    1997000,  697538922, c++, elite, mult, 1
3076621.exe , 10.88,  0.97,  0.74,  0.00,  0.33,  646442073,  642290000,    3995000,  697567537, c++, elite, mult, 1
3076621.exe , 10.66,  0.97,  0.74,  0.00,  0.33,  646460734,  642352000,    4002000,  698117432, c++, elite, mult, 1
3076621.exe , 10.61,  0.97,  0.74,  0.00,  0.33,  645880293,  642924000,    2999000,  697201650, c++, elite, mult, 1
3076621.exe , 10.78,  0.97,  0.74,  0.00,  0.33,  645653359,  641522000,    3997000,  697139196, c++, elite, mult, 1
3221292.exe ,  1.92,  0.16,  0.12,  0.00,  0.06,  103257888,   87289000,   16053000,  154466190, c++, elite, mult, 1
3221292.exe ,  1.69,  0.16,  0.12,  0.00,  0.06,  103054398,   92134000,   11016000,  154344954, c++, elite, mult, 1
3221292.exe ,  1.84,  0.16,  0.12,  0.00,  0.06,  103258665,   87282000,   16051000,  154519017, c++, elite, mult, 1
3221292.exe ,  1.69,  0.15,  0.12,  0.00,  0.06,  103076926,   93187000,   10020000,  154480679, c++, elite, mult, 1
3221292.exe ,  1.81,  0.15,  0.12,  0.00,  0.06,  103087228,   81160000,   22043000,  154134058, c++, elite, mult, 1
3221292.exe ,  1.76,  0.16,  0.12,  0.00,  0.05,  103533324,   79435000,   24132000,  154683201, c++, elite, mult, 1
3221292.exe ,  1.70,  0.16,  0.12,  0.00,  0.06,  103181102,   90373000,   12910000,  154192684, c++, elite, mult, 1
3221292.exe ,  1.78,  0.16,  0.12,  0.00,  0.06,  103112425,   85348000,   17863000,  154475398, c++, elite, mult, 1
3221292.exe ,  1.72,  0.16,  0.12,  0.00,  0.06,  103237792,   85235000,   18049000,  154445375, c++, elite, mult, 1
3221292.exe ,  1.69,  0.16,  0.12,  0.00,  0.06,  103246042,   82447000,   20860000,  154604802, c++, elite, mult, 1
3226189.exe ,  6.81,  0.65,  0.51,  0.00,  0.21,  404748935,  401812000,    2998000,  455886879, c++, elite, mult, 1
3226189.exe ,  6.77,  0.65,  0.50,  0.00,  0.21,  404311092,  400239000,    4002000,  455678213, c++, elite, mult, 1
3226189.exe ,  6.87,  0.62,  0.48,  0.00,  0.21,  404189227,  401241000,    3001000,  455548748, c++, elite, mult, 1
3226189.exe ,  6.76,  0.63,  0.49,  0.00,  0.21,  405279717,  402248000,    2994000,  456383894, c++, elite, mult, 1
3226189.exe ,  6.63,  0.63,  0.49,  0.00,  0.21,  404943072,  402945000,    2004000,  456140693, c++, elite, mult, 1
3226189.exe ,  6.74,  0.63,  0.49,  0.00,  0.21,  404999556,  400078000,    5000000,  456393741, c++, elite, mult, 1
3226189.exe ,  6.58,  0.64,  0.49,  0.00,  0.21,  404063772,  400188000,    3991000,  455178146, c++, elite, mult, 1
3226189.exe ,  6.75,  0.64,  0.50,  0.00,  0.21,  405457000,  400444000,    4993000,  456807183, c++, elite, mult, 1
3226189.exe ,  6.64,  0.63,  0.48,  0.00,  0.21,  405329716,  401333000,    4003000,  456873937, c++, elite, mult, 1
3226189.exe ,  6.74,  0.65,  0.51,  0.00,  0.21,  404769435,  402845000,    1999000,  456264444, c++, elite, mult, 1
3316605.exe , 17.13,  1.49,  1.13,  0.00,  0.51, 1003868574,  999884000,    3999000, 1055105817, c++, elite, mult, 1
3316605.exe , 17.02,  1.48,  1.13,  0.00,  0.51, 1004563212, 1000311000,    3997000, 1055819894, c++, elite, mult, 1
3316605.exe , 16.69,  1.51,  1.15,  0.00,  0.51, 1004945444, 1002651000,    1999000, 1056341856, c++, elite, mult, 1
3316605.exe , 16.68,  1.49,  1.14,  0.00,  0.51, 1004526116, 1001275000,    3000000, 1055708531, c++, elite, mult, 1
3316605.exe , 16.74,  1.50,  1.14,  0.00,  0.51, 1004533168, 1000067000,    3996000, 1055744335, c++, elite, mult, 1
3316605.exe , 16.75,  1.49,  1.14,  0.00,  0.51, 1004570605,  999382000,    4996000, 1055966829, c++, elite, mult, 1
3316605.exe , 16.85,  1.50,  1.14,  0.00,  0.51, 1004729229,  999793000,    4993000, 1055536774, c++, elite, mult, 1
3316605.exe , 16.80,  1.50,  1.14,  0.00,  0.51, 1004594067, 1000355000,    3993000, 1055610589, c++, elite, mult, 1
3316605.exe , 16.93,  1.52,  1.16,  0.00,  0.51, 1004789376, 1001582000,    2998000, 1055690950, c++, elite, mult, 1
3316605.exe , 16.67,  1.51,  1.15,  0.00,  0.51, 1004618180, 1001459000,    3001000, 1055877231, c++, elite, mult, 1
3341392.exe , 10.29,  0.85,  0.64,  0.00,  0.31,  611435549,  607513000,    3990000,  662661238, c++, elite, mult, 1
3341392.exe , 10.21,  0.86,  0.64,  0.00,  0.31,  611620934,  608575000,    2997000,  662919949, c++, elite, mult, 1
3341392.exe , 10.28,  0.90,  0.68,  0.00,  0.31,  611687913,  606732000,    4989000,  662915870, c++, elite, mult, 1
3341392.exe , 10.38,  0.92,  0.70,  0.00,  0.31,  611868872,  606903000,    4999000,  663045906, c++, elite, mult, 1
3341392.exe , 10.16,  0.92,  0.70,  0.00,  0.31,  611386593,  607424000,    4002000,  662636677, c++, elite, mult, 1
3341392.exe ,  9.99,  0.88,  0.66,  0.00,  0.31,  611572442,  608644000,    3003000,  662632053, c++, elite, mult, 1
3341392.exe , 10.25,  0.91,  0.69,  0.00,  0.31,  611295186,  609306000,    2001000,  662805790, c++, elite, mult, 1
3341392.exe , 10.17,  0.91,  0.70,  0.00,  0.31,  611375506,  608378000,    3001000,  662557635, c++, elite, mult, 1
3341392.exe , 10.33,  0.91,  0.69,  0.00,  0.31,  611249713,  608265000,    3001000,  662595477, c++, elite, mult, 1
3341392.exe , 10.29,  0.90,  0.68,  0.00,  0.31,  611954966,  609022000,    3000000,  662832887, c++, elite, mult, 1
3436685.exe , 15.88,  1.44,  1.10,  0.00,  0.49,  965339720,  960359000,    5001000, 1016846308, c++, elite, mult, 1
3436685.exe , 16.41,  1.48,  1.14,  0.00,  0.50,  979244952,  974842000,    3999000, 1030692932, c++, elite, mult, 1
3436685.exe , 16.08,  1.48,  1.14,  0.00,  0.49,  966178093,  963128000,    2997000, 1017725137, c++, elite, mult, 1
3436685.exe , 16.12,  1.45,  1.11,  0.00,  0.49,  965811648,  962838000,    3002000, 1016978146, c++, elite, mult, 1
3436685.exe , 16.52,  1.46,  1.11,  0.00,  0.49,  968306702,  964033000,    4000000, 1019894826, c++, elite, mult, 1
3436685.exe , 16.43,  1.49,  1.15,  0.00,  0.49,  967639089,  962658000,    4998000, 1018772680, c++, elite, mult, 1
3436685.exe , 16.69,  1.52,  1.17,  0.00,  0.49,  967031423,  962063000,    5000000, 1018293646, c++, elite, mult, 1
3436685.exe , 16.23,  1.51,  1.17,  0.00,  0.49,  967161154,  963179000,    4000000, 1018435815, c++, elite, mult, 1
3436685.exe , 16.34,  1.50,  1.16,  0.00,  0.49,  969298440,  965261000,    4001000, 1020393610, c++, elite, mult, 1
3436685.exe , 16.54,  1.49,  1.14,  0.00,  0.50,  977666063,  974634000,    3001000, 1028834794, c++, elite, mult, 1
3562925.exe , 10.60,  0.85,  0.63,  0.00,  0.32,  624804910,  622406000,    2001000,  675837115, c++, elite, mult, 1
3562925.exe , 10.51,  0.86,  0.65,  0.00,  0.32,  623732864,  621785000,    1999000,  675036191, c++, elite, mult, 1
3562925.exe , 10.51,  0.92,  0.70,  0.00,  0.32,  623375751,  619472000,    3990000,  674503080, c++, elite, mult, 1
3562925.exe , 10.55,  0.90,  0.68,  0.00,  0.32,  624768596,  619867000,    4990000,  675675417, c++, elite, mult, 1
3562925.exe , 10.56,  0.91,  0.69,  0.00,  0.32,  624077335,  621137000,    3000000,  675096588, c++, elite, mult, 1
3562925.exe , 10.67,  0.92,  0.70,  0.00,  0.32,  624337309,  619401000,    4987000,  675345357, c++, elite, mult, 1
3562925.exe , 10.59,  0.90,  0.68,  0.00,  0.32,  624610021,  620722000,    3991000,  675683096, c++, elite, mult, 1
3562925.exe , 10.43,  0.91,  0.69,  0.00,  0.32,  624319060,  621272000,    3001000,  675554513, c++, elite, mult, 1
3562925.exe , 10.46,  0.93,  0.71,  0.00,  0.32,  624417780,  620434000,    4002000,  675618363, c++, elite, mult, 1
3562925.exe , 10.54,  0.90,  0.68,  0.00,  0.32,  624611747,  619329000,    4994000,  675868382, c++, elite, mult, 1
3660935.exe , 10.15,  0.90,  0.69,  0.00,  0.31,  600076301,  598096000,    2000000,  651358230, c++, elite, mult, 1
3660935.exe , 10.03,  0.90,  0.69,  0.00,  0.31,  600241162,  595174000,    4993000,  651493814, c++, elite, mult, 1
3660935.exe ,  9.86,  0.89,  0.68,  0.00,  0.31,  600194709,  597268000,    3001000,  651597498, c++, elite, mult, 1
3660935.exe , 10.01,  0.89,  0.68,  0.00,  0.31,  600334627,  596313000,    3995000,  651629077, c++, elite, mult, 1
3660935.exe , 10.06,  0.90,  0.69,  0.00,  0.31,  600242137,  599255000,    1000000,  651475178, c++, elite, mult, 1
3660935.exe ,  9.90,  0.88,  0.66,  0.00,  0.31,  600224589,  598177000,    2000000,  651437242, c++, elite, mult, 1
3660935.exe ,  9.99,  0.89,  0.67,  0.00,  0.31,  600271406,  594325000,    6003000,  651365205, c++, elite, mult, 1
3660935.exe ,  9.84,  0.90,  0.68,  0.00,  0.31,  600365145,  596275000,    4001000,  651490857, c++, elite, mult, 1
3660935.exe , 10.02,  0.89,  0.68,  0.00,  0.31,  600429710,  597488000,    2997000,  651700018, c++, elite, mult, 1
3660935.exe , 10.15,  0.91,  0.70,  0.00,  0.31,  600599963,  597554000,    2997000,  651950374, c++, elite, mult, 1
3705119.exe ,  6.04,  0.55,  0.42,  0.00,  0.19,  364603734,  362630000,    2003000,  415848141, c++, elite, mult, 1
3705119.exe ,  6.18,  0.55,  0.42,  0.00,  0.19,  365472380,  363466000,    2002000,  416699457, c++, elite, mult, 1
3705119.exe ,  6.29,  0.55,  0.42,  0.00,  0.19,  364847730,  361843000,    2998000,  415866500, c++, elite, mult, 1
3705119.exe ,  6.30,  0.55,  0.42,  0.00,  0.19,  365063908,  362002000,    3000000,  416618149, c++, elite, mult, 1
3705119.exe ,  6.16,  0.55,  0.42,  0.00,  0.19,  364976176,  362962000,    2005000,  415976659, c++, elite, mult, 1
3705119.exe ,  6.26,  0.55,  0.42,  0.00,  0.19,  365151833,  360934000,    3999000,  416377128, c++, elite, mult, 1
3705119.exe ,  6.32,  0.55,  0.42,  0.00,  0.19,  364827108,  361893000,    3007000,  416100534, c++, elite, mult, 1
3705119.exe ,  6.11,  0.53,  0.40,  0.00,  0.19,  364812893,  358896000,    5981000,  416013490, c++, elite, mult, 1
3705119.exe ,  6.01,  0.54,  0.41,  0.00,  0.19,  364720340,  361800000,    3006000,  415826943, c++, elite, mult, 1
3705119.exe ,  6.05,  0.54,  0.41,  0.00,  0.19,  365272430,  363329000,    2001000,  416303549, c++, elite, mult, 1
3744664.exe , 10.10,  0.90,  0.68,  0.00,  0.31,  610711973,  605776000,    4998000,  661983676, c++, elite, mult, 1
3744664.exe , 10.41,  0.91,  0.69,  0.00,  0.31,  610731598,  606683000,    3997000,  661799837, c++, elite, mult, 1
3744664.exe , 10.09,  0.90,  0.68,  0.00,  0.31,  610735227,  605759000,    4998000,  662031041, c++, elite, mult, 1
3744664.exe , 10.04,  0.92,  0.70,  0.00,  0.31,  610734395,  605721000,    4989000,  661932352, c++, elite, mult, 1
3744664.exe , 10.20,  0.90,  0.68,  0.00,  0.31,  610602086,  608672000,    1998000,  661935565, c++, elite, mult, 1
3744664.exe , 10.09,  0.91,  0.69,  0.00,  0.31,  610606776,  606556000,    3997000,  661513928, c++, elite, mult, 1
3744664.exe , 10.36,  0.92,  0.71,  0.00,  0.31,  610762027,  605853000,    4990000,  662149715, c++, elite, mult, 1
3744664.exe , 10.29,  0.92,  0.70,  0.00,  0.31,  610464781,  606494000,    3996000,  661913377, c++, elite, mult, 1
3744664.exe , 10.27,  0.91,  0.69,  0.00,  0.31,  610502779,  607563000,    3002000,  661911673, c++, elite, mult, 1
3744664.exe , 10.28,  0.90,  0.69,  0.00,  0.31,  610763839,  606508000,    3996000,  662128293, c++, elite, mult, 1
3822869.exe ,  6.35,  0.54,  0.41,  0.00,  0.18,  360622593,  356660000,    4007000,  411770476, c++, elite, mult, 1
3822869.exe ,  6.29,  0.54,  0.41,  0.00,  0.18,  360642965,  355755000,    4982000,  411635897, c++, elite, mult, 1
3822869.exe ,  6.37,  0.53,  0.40,  0.00,  0.19,  360540271,  358583000,    2003000,  412136909, c++, elite, mult, 1
3822869.exe ,  6.22,  0.54,  0.41,  0.00,  0.18,  360327513,  358411000,    2002000,  411682486, c++, elite, mult, 1
3822869.exe ,  6.22,  0.56,  0.43,  0.00,  0.19,  360538386,  357493000,    3004000,  411953202, c++, elite, mult, 1
3822869.exe ,  6.04,  0.54,  0.42,  0.00,  0.18,  360358033,  357434000,    3003000,  411363546, c++, elite, mult, 1
3822869.exe ,  5.97,  0.54,  0.41,  0.00,  0.18,  360448523,  358480000,    2002000,  411820168, c++, elite, mult, 1
3822869.exe ,  6.06,  0.54,  0.42,  0.00,  0.18,  361075755,  358160000,    3001000,  411972011, c++, elite, mult, 1
3822869.exe ,  6.08,  0.55,  0.42,  0.00,  0.18,  360774008,  355839000,    4997000,  412050641, c++, elite, mult, 1
3822869.exe ,  6.19,  0.55,  0.42,  0.00,  0.19,  360254187,  356323000,    4003000,  411690827, c++, elite, mult, 1
3933685.exe ,  1.12,  0.10,  0.07,  0.00,  0.03,   63565621,   60558000,    3027000,  114658398, c++, elite, mult, 1
3933685.exe ,  1.09,  0.09,  0.07,  0.00,  0.03,   63433189,   59492000,    4033000,  114730112, c++, elite, mult, 1
3933685.exe ,  1.10,  0.10,  0.07,  0.00,  0.03,   63410455,   61492000,    2016000,  114604232, c++, elite, mult, 1
3933685.exe ,  1.14,  0.09,  0.07,  0.00,  0.03,   63405486,   59568000,    3971000,  114421833, c++, elite, mult, 1
3933685.exe ,  1.12,  0.10,  0.07,  0.00,  0.03,   63430236,   59482000,    4032000,  114491986, c++, elite, mult, 1
3933685.exe ,  1.12,  0.10,  0.07,  0.00,  0.03,   63474715,   59521000,    4035000,  114841236, c++, elite, mult, 1
3933685.exe ,  1.07,  0.09,  0.07,  0.00,  0.03,   63440148,   60514000,    3025000,  115113965, c++, elite, mult, 1
3933685.exe ,  1.07,  0.10,  0.07,  0.00,  0.03,   63488237,   60518000,    3025000,  114767673, c++, elite, mult, 1
3933685.exe ,  1.12,  0.10,  0.07,  0.00,  0.03,   63411286,   60489000,    3024000,  114510057, c++, elite, mult, 1
3933685.exe ,  1.07,  0.10,  0.07,  0.00,  0.03,   63447301,   60527000,    3026000,  114757375, c++, elite, mult, 1
3933710.exe ,  1.11,  0.10,  0.08,  0.00,  0.03,   63637870,   59732000,    3982000,  114772941, c++, elite, mult, 1
3933710.exe ,  1.03,  0.10,  0.07,  0.00,  0.03,   63511793,   59582000,    4039000,  114510729, c++, elite, mult, 1
3933710.exe ,  1.12,  0.10,  0.07,  0.00,  0.03,   63511448,   59552000,    4037000,  114459380, c++, elite, mult, 1
3933710.exe ,  1.08,  0.10,  0.08,  0.00,  0.03,   63554418,   58674000,    4972000,  114572658, c++, elite, mult, 1
3933710.exe ,  1.07,  0.10,  0.08,  0.00,  0.03,   63515003,   60543000,    3027000,  114590584, c++, elite, mult, 1
3933710.exe ,  1.07,  0.10,  0.07,  0.00,  0.03,   63587717,   60696000,    2985000,  114795243, c++, elite, mult, 1
3933710.exe ,  1.06,  0.10,  0.07,  0.00,  0.03,   63545360,   59749000,    3917000,  114369919, c++, elite, mult, 1
3933710.exe ,  1.11,  0.09,  0.07,  0.00,  0.03,   63586248,   59592000,    4040000,  114579544, c++, elite, mult, 1
3933710.exe ,  1.10,  0.10,  0.07,  0.00,  0.03,   63525674,   59736000,    3917000,  114523604, c++, elite, mult, 1
3933710.exe ,  1.09,  0.10,  0.08,  0.00,  0.03,   63564726,   58788000,    4899000,  114722368, c++, elite, mult, 1
4087209.exe , 10.40,  0.93,  0.71,  0.00,  0.31,  619118012,  615149000,    4000000,  670312099, c++, elite, mult, 1
4087209.exe , 10.41,  0.93,  0.71,  0.00,  0.32,  618678624,  614736000,    3998000,  669828427, c++, elite, mult, 1
4087209.exe , 10.43,  0.93,  0.71,  0.00,  0.32,  619066096,  617133000,    2000000,  670209031, c++, elite, mult, 1
4087209.exe , 10.44,  0.94,  0.72,  0.00,  0.32,  619344778,  614260000,    5002000,  670335635, c++, elite, mult, 1
4087209.exe , 10.37,  0.96,  0.74,  0.00,  0.32,  618822280,  615857000,    2999000,  669995685, c++, elite, mult, 1
4087209.exe , 10.46,  0.93,  0.71,  0.00,  0.32,  618772749,  614843000,    3998000,  669687396, c++, elite, mult, 1
4087209.exe , 10.31,  0.92,  0.70,  0.00,  0.32,  618573475,  615621000,    3003000,  669836187, c++, elite, mult, 1
4087209.exe , 10.44,  0.93,  0.71,  0.00,  0.32,  618842475,  614846000,    3999000,  670350983, c++, elite, mult, 1
4087209.exe , 11.00,  0.92,  0.70,  0.00,  0.32,  618952064,  613023000,    6000000,  670034161, c++, elite, mult, 1
4087209.exe , 10.95,  0.94,  0.72,  0.00,  0.32,  618816772,  615772000,    3003000,  670376079, c++, elite, mult, 1
4153746.exe ,  9.66,  0.88,  0.67,  0.00,  0.30,  591131860,  586188000,    5001000,  642463154, c++, elite, mult, 1
4153746.exe ,  9.61,  0.88,  0.67,  0.00,  0.30,  589507390,  585487000,    3996000,  640685861, c++, elite, mult, 1
4153746.exe ,  9.81,  0.88,  0.67,  0.00,  0.30,  589622642,  586548000,    2997000,  640852038, c++, elite, mult, 1
4153746.exe ,  9.85,  0.89,  0.68,  0.00,  0.30,  589845125,  587890000,    1999000,  641222330, c++, elite, mult, 1
4153746.exe ,  9.72,  0.92,  0.71,  0.00,  0.30,  589714378,  586806000,    2999000,  641116092, c++, elite, mult, 1
4153746.exe ,  9.82,  0.87,  0.66,  0.00,  0.30,  589465766,  584519000,    5004000,  643682320, c++, elite, mult, 1
4153746.exe ,  9.93,  0.90,  0.69,  0.00,  0.30,  589366199,  586393000,    3002000,  640762265, c++, elite, mult, 1
4153746.exe ,  9.95,  0.90,  0.69,  0.00,  0.30,  589553646,  584520000,    4987000,  640800807, c++, elite, mult, 1
4153746.exe ,  9.79,  0.89,  0.68,  0.00,  0.30,  589780831,  586842000,    2999000,  641255540, c++, elite, mult, 1
4153746.exe ,  9.64,  0.89,  0.68,  0.00,  0.30,  589869902,  585864000,    3992000,  640841843, c++, elite, mult, 1
4253487.exe ,  6.68,  0.62,  0.48,  0.00,  0.21,  408901524,  391874000,   17038000,  460177168, c++, elite, mult, 1
4253487.exe ,  6.80,  0.62,  0.48,  0.00,  0.21,  408632862,  397731000,   10992000,  459947712, c++, elite, mult, 1
4253487.exe ,  6.93,  0.65,  0.50,  0.00,  0.21,  409251450,  397287000,   12008000,  460473445, c++, elite, mult, 1
4253487.exe ,  6.88,  0.64,  0.50,  0.00,  0.21,  409146889,  390064000,   18954000,  460360762, c++, elite, mult, 1
4253487.exe ,  6.82,  0.63,  0.49,  0.00,  0.21,  408984102,  390962000,   17952000,  460171373, c++, elite, mult, 1
4253487.exe ,  6.94,  0.64,  0.50,  0.00,  0.21,  411944295,  391988000,   19999000,  463193976, c++, elite, mult, 1
4253487.exe ,  6.71,  0.66,  0.51,  0.00,  0.21,  402846993,  387862000,   14994000,  454120817, c++, elite, mult, 1
4253487.exe ,  6.78,  0.64,  0.49,  0.00,  0.21,  409393777,  399324000,   10008000,  460678856, c++, elite, mult, 1
4253487.exe ,  6.83,  0.62,  0.48,  0.00,  0.21,  408509053,  391547000,   16980000,  459706842, c++, elite, mult, 1
4253487.exe ,  6.76,  0.61,  0.47,  0.00,  0.21,  407924261,  396932000,   11025000,  459049688, c++, elite, mult, 1
4443566.exe , 11.30,  0.97,  0.73,  0.00,  0.34,  662769454,  628782000,   34042000,  714066134, c++, elite, mult, 1
4443566.exe , 11.28,  0.98,  0.75,  0.00,  0.34,  662637058,  631702000,   30985000,  714035801, c++, elite, mult, 1
4443566.exe , 11.38,  0.99,  0.75,  0.00,  0.34,  662904308,  631908000,   30995000,  714305018, c++, elite, mult, 1
4443566.exe , 11.34,  0.97,  0.73,  0.00,  0.34,  663528888,  634477000,   28976000,  714945742, c++, elite, mult, 1
4443566.exe , 11.33,  0.96,  0.72,  0.00,  0.34,  662848618,  629914000,   32943000,  714132295, c++, elite, mult, 1
4443566.exe , 11.21,  1.01,  0.77,  0.00,  0.34,  661908220,  628848000,   33044000,  713019500, c++, elite, mult, 1
4443566.exe , 10.98,  0.90,  0.67,  0.00,  0.34,  662416978,  633434000,   29019000,  713543952, c++, elite, mult, 1
4443566.exe , 11.25,  0.99,  0.75,  0.00,  0.34,  663094058,  628820000,   33990000,  714180650, c++, elite, mult, 1
4443566.exe , 11.05,  0.97,  0.73,  0.00,  0.34,  662921809,  633975000,   28998000,  714568286, c++, elite, mult, 1
4443566.exe , 11.02,  0.99,  0.76,  0.00,  0.34,  663099329,  635008000,   28000000,  714264985, c++, elite, mult, 1
4458753.exe , 11.06,  0.98,  0.75,  0.00,  0.33,  653986966,  650931000,    2999000,  705177698, c++, elite, mult, 1
4458753.exe , 10.98,  0.99,  0.75,  0.00,  0.34,  653840611,  651926000,    1999000,  705403803, c++, elite, mult, 1
4458753.exe , 10.87,  0.98,  0.75,  0.00,  0.33,  653958476,  651014000,    3000000,  705362520, c++, elite, mult, 1
4458753.exe , 11.04,  0.96,  0.73,  0.00,  0.33,  653721110,  652727000,     999000,  704972350, c++, elite, mult, 1
4458753.exe , 11.02,  0.96,  0.72,  0.00,  0.33,  653515423,  648539000,    5004000,  704728734, c++, elite, mult, 1
4458753.exe , 11.09,  0.98,  0.75,  0.00,  0.33,  653861367,  650786000,    3003000,  705093278, c++, elite, mult, 1
4458753.exe , 11.05,  0.98,  0.74,  0.00,  0.33,  653560862,  651573000,    2001000,  704844428, c++, elite, mult, 1
4458753.exe , 11.03,  0.94,  0.71,  0.00,  0.33,  654246867,  651164000,    3000000,  705388557, c++, elite, mult, 1
4458753.exe , 11.03,  0.96,  0.73,  0.00,  0.33,  654167892,  648019000,    5990000,  705765468, c++, elite, mult, 1
4458753.exe , 11.05,  0.92,  0.69,  0.00,  0.33,  653789431,  649762000,    3998000,  705000745, c++, elite, mult, 1
4537272.exe , 10.90,  0.92,  0.69,  0.00,  0.33,  638846899,  634918000,    3999000,  690173953, c++, elite, mult, 1
4537272.exe , 10.89,  0.93,  0.71,  0.00,  0.33,  639082681,  635090000,    4000000,  690373473, c++, elite, mult, 1
4537272.exe , 11.09,  0.94,  0.71,  0.00,  0.33,  638980629,  635003000,    4000000,  690137165, c++, elite, mult, 1
4537272.exe , 11.08,  0.93,  0.70,  0.00,  0.33,  638679057,  632642000,    5987000,  690043177, c++, elite, mult, 1
4537272.exe , 10.92,  0.95,  0.72,  0.00,  0.33,  639074926,  634131000,    5001000,  690452317, c++, elite, mult, 1
4537272.exe , 10.73,  0.95,  0.72,  0.00,  0.33,  638956173,  634897000,    3999000,  690218288, c++, elite, mult, 1
4537272.exe , 10.73,  0.96,  0.73,  0.00,  0.33,  638952932,  633986000,    4999000,  690166871, c++, elite, mult, 1
4537272.exe , 10.85,  0.96,  0.73,  0.00,  0.33,  639087507,  633866000,    4998000,  690636125, c++, elite, mult, 1
4537272.exe , 10.75,  0.99,  0.77,  0.00,  0.33,  639134012,  634873000,    3999000,  690229918, c++, elite, mult, 1
4537272.exe , 10.76,  0.97,  0.74,  0.00,  0.33,  638970419,  635909000,    2999000,  690349661, c++, elite, mult, 1
4591581.exe , 10.68,  0.97,  0.74,  0.00,  0.33,  645762876,  640530000,    4996000,  696880642, c++, elite, mult, 1
4591581.exe , 10.78,  0.97,  0.75,  0.00,  0.33,  645566124,  642657000,    2998000,  696923683, c++, elite, mult, 1
4591581.exe , 10.58,  0.98,  0.75,  0.00,  0.33,  645086127,  641158000,    4000000,  696225625, c++, elite, mult, 1
4591581.exe , 10.63,  0.99,  0.76,  0.00,  0.33,  645425379,  640186000,    4993000,  696621046, c++, elite, mult, 1
4591581.exe , 10.98,  0.99,  0.76,  0.00,  0.33,  645910572,  642523000,    2997000,  697117973, c++, elite, mult, 1
4591581.exe , 10.92,  0.98,  0.75,  0.00,  0.33,  645544079,  639486000,    5995000,  696643962, c++, elite, mult, 1
4591581.exe , 11.01,  0.98,  0.75,  0.00,  0.33,  645089074,  641159000,    4000000,  696185627, c++, elite, mult, 1
4591581.exe , 10.98,  0.97,  0.74,  0.00,  0.33,  645320863,  642400000,    3001000,  696454367, c++, elite, mult, 1
4591581.exe , 10.94,  0.97,  0.74,  0.00,  0.33,  645767475,  640803000,    4998000,  696754152, c++, elite, mult, 1
4591581.exe , 10.93,  0.96,  0.73,  0.00,  0.33,  645244353,  641260000,    3995000,  696173157, c++, elite, mult, 1
4636307.exe , 10.23,  0.89,  0.67,  0.00,  0.31,  613236306,  610313000,    2996000,  664581755, c++, elite, mult, 1
4636307.exe , 10.15,  0.87,  0.65,  0.00,  0.31,  613061899,  610125000,    3000000,  664377516, c++, elite, mult, 1
4636307.exe , 10.17,  0.88,  0.66,  0.00,  0.31,  613491137,  611525000,    2001000,  664649317, c++, elite, mult, 1
4636307.exe , 10.10,  0.89,  0.67,  0.00,  0.31,  613252223,  608311000,    5002000,  664402211, c++, elite, mult, 1
4636307.exe , 10.08,  0.91,  0.69,  0.00,  0.31,  613384232,  610455000,    2997000,  664666191, c++, elite, mult, 1
4636307.exe , 10.19,  0.92,  0.70,  0.00,  0.31,  613607609,  608489000,    4995000,  664961058, c++, elite, mult, 1
4636307.exe , 10.13,  0.91,  0.69,  0.00,  0.31,  613270047,  610320000,    3001000,  664504657, c++, elite, mult, 1
4636307.exe , 10.15,  0.91,  0.69,  0.00,  0.31,  612927251,  609969000,    2999000,  664222047, c++, elite, mult, 1
4636307.exe , 10.11,  0.91,  0.69,  0.00,  0.31,  613114525,  610173000,    3000000,  664185049, c++, elite, mult, 1
4636307.exe , 10.19,  0.92,  0.70,  0.00,  0.31,  613279275,  609355000,    3989000,  664421555, c++, elite, mult, 1
4844341.exe ,  9.87,  0.89,  0.68,  0.00,  0.31,  597846180,  593900000,    3999000,  649353985, c++, elite, mult, 1
4844341.exe ,  9.92,  0.88,  0.67,  0.00,  0.31,  597917788,  593872000,    3999000,  649075817, c++, elite, mult, 1
4844341.exe ,  9.93,  0.90,  0.68,  0.00,  0.31,  597693146,  594732000,    3003000,  649001118, c++, elite, mult, 1
4844341.exe ,  9.80,  0.90,  0.69,  0.00,  0.30,  597421349,  594510000,    2997000,  648550980, c++, elite, mult, 1
4844341.exe ,  9.87,  0.89,  0.68,  0.00,  0.31,  597877938,  592893000,    4999000,  649273614, c++, elite, mult, 1
4844341.exe ,  9.91,  0.90,  0.68,  0.00,  0.31,  597579759,  595578000,    2001000,  649326203, c++, elite, mult, 1
4844341.exe ,  9.93,  0.89,  0.68,  0.00,  0.31,  597649788,  595718000,    2002000,  648498297, c++, elite, mult, 1
4844341.exe ,  9.82,  0.90,  0.68,  0.00,  0.31,  597599683,  593636000,    4004000,  649027149, c++, elite, mult, 1
4844341.exe ,  9.81,  0.91,  0.70,  0.00,  0.30,  597880532,  593905000,    4006000,  649186080, c++, elite, mult, 1
4844341.exe ,  9.93,  0.90,  0.69,  0.00,  0.31,  598137000,  594993000,    2999000,  649067132, c++, elite, mult, 1
4977530.exe , 10.52,  0.90,  0.67,  0.00,  0.32,  630933422,  628963000,    1999000,  682323606, c++, elite, mult, 1
4977530.exe , 10.50,  0.87,  0.65,  0.00,  0.32,  631236135,  625922000,    4991000,  682433485, c++, elite, mult, 1
4977530.exe , 10.48,  0.86,  0.64,  0.00,  0.32,  631004251,  627070000,    4000000,  682186070, c++, elite, mult, 1
4977530.exe , 10.45,  0.89,  0.67,  0.00,  0.32,  630764622,  625810000,    4998000,  682174513, c++, elite, mult, 1
4977530.exe , 10.46,  0.90,  0.68,  0.00,  0.32,  631207805,  626695000,    3998000,  682857816, c++, elite, mult, 1
4977530.exe , 10.51,  0.92,  0.70,  0.00,  0.32,  631508743,  627230000,    4001000,  682776352, c++, elite, mult, 1
4977530.exe , 10.43,  0.93,  0.70,  0.00,  0.32,  631161379,  626944000,    3999000,  682529176, c++, elite, mult, 1
4977530.exe , 10.46,  0.90,  0.67,  0.00,  0.32,  630765276,  625800000,    4998000,  682164377, c++, elite, mult, 1
4977530.exe , 10.48,  0.85,  0.63,  0.00,  0.32,  631401254,  629482000,    1995000,  682508000, c++, elite, mult, 1
4977530.exe , 10.37,  0.86,  0.64,  0.00,  0.32,  631325730,  626951000,    3986000,  682492128, c++, elite, mult, 1
5009868.exe ,  7.11,  0.62,  0.47,  0.00,  0.22,  430087159,  427156000,    3001000,  481120159, c++, elite, mult, 1
5009868.exe ,  7.18,  0.60,  0.44,  0.00,  0.22,  430315484,  427305000,    2995000,  481300748, c++, elite, mult, 1
5009868.exe ,  7.08,  0.59,  0.44,  0.00,  0.22,  430107775,  427228000,    3001000,  480985269, c++, elite, mult, 1
5009868.exe ,  7.13,  0.62,  0.46,  0.00,  0.22,  430527160,  426616000,    3996000,  481985397, c++, elite, mult, 1
5009868.exe ,  7.05,  0.62,  0.47,  0.00,  0.22,  430078398,  425145000,    5001000,  481337299, c++, elite, mult, 1
5009868.exe ,  7.07,  0.61,  0.46,  0.00,  0.22,  430333299,  425352000,    4992000,  481321902, c++, elite, mult, 1
5009868.exe ,  7.14,  0.64,  0.48,  0.00,  0.22,  430147933,  426222000,    4002000,  481336591, c++, elite, mult, 1
5009868.exe ,  7.09,  0.65,  0.50,  0.00,  0.22,  430343373,  428236000,    2001000,  481249134, c++, elite, mult, 1
5009868.exe ,  7.14,  0.65,  0.50,  0.00,  0.22,  430332631,  427324000,    3002000,  481970025, c++, elite, mult, 1
5009868.exe ,  7.07,  0.64,  0.48,  0.00,  0.22,  430176767,  424270000,    5989000,  481439279, c++, elite, mult, 1
5172341.exe , 11.23,  1.03,  0.79,  0.00,  0.35,  681611719,  677589000,    4003000,  732866461, c++, elite, mult, 1
5172341.exe , 11.19,  1.01,  0.77,  0.00,  0.35,  681050385,  677123000,    4000000,  732070990, c++, elite, mult, 1
5172341.exe , 11.35,  1.02,  0.78,  0.00,  0.35,  681649099,  677666000,    4003000,  732945249, c++, elite, mult, 1
5172341.exe , 11.26,  1.02,  0.78,  0.00,  0.35,  681769916,  678791000,    2999000,  733236650, c++, elite, mult, 1
5172341.exe , 11.31,  1.03,  0.79,  0.00,  0.35,  681714562,  677700000,    4004000,  733088850, c++, elite, mult, 1
5172341.exe , 11.32,  1.02,  0.78,  0.00,  0.35,  681951205,  678895000,    2999000,  733107747, c++, elite, mult, 1
5172341.exe , 11.27,  1.02,  0.78,  0.00,  0.35,  681890394,  677963000,    3999000,  733054274, c++, elite, mult, 1
5172341.exe , 11.22,  1.02,  0.78,  0.00,  0.35,  681745021,  675790000,    5989000,  733003834, c++, elite, mult, 1
5172341.exe , 11.22,  1.02,  0.78,  0.00,  0.35,  681903564,  678937000,    2999000,  733103160, c++, elite, mult, 1
5172341.exe , 11.61,  1.04,  0.80,  0.00,  0.35,  681866427,  676561000,    5004000,  733286223, c++, elite, mult, 1
5184148.exe , 10.76,  0.96,  0.74,  0.00,  0.33,  639287786,  635097000,    4000000,  690492889, c++, elite, mult, 1
5184148.exe , 10.79,  0.96,  0.73,  0.00,  0.33,  638901003,  635638000,    3003000,  689953720, c++, elite, mult, 1
5184148.exe , 10.73,  0.96,  0.73,  0.00,  0.33,  639098808,  636127000,    3000000,  690252415, c++, elite, mult, 1
5184148.exe , 10.69,  0.96,  0.73,  0.00,  0.33,  639285556,  636383000,    2997000,  690465273, c++, elite, mult, 1
5184148.exe , 10.79,  0.97,  0.74,  0.00,  0.33,  639410563,  635841000,    2999000,  690782934, c++, elite, mult, 1
5184148.exe , 10.78,  0.96,  0.73,  0.00,  0.33,  639071408,  636135000,    2995000,  690086192, c++, elite, mult, 1
5184148.exe , 10.58,  0.96,  0.74,  0.00,  0.33,  639222709,  635874000,    2999000,  690360768, c++, elite, mult, 1
5184148.exe , 10.85,  0.94,  0.72,  0.00,  0.33,  639151185,  633237000,    5992000,  690405446, c++, elite, mult, 1
5184148.exe , 10.79,  0.97,  0.74,  0.00,  0.33,  639007480,  636056000,    3000000,  689978887, c++, elite, mult, 1
5184148.exe , 10.73,  0.96,  0.73,  0.00,  0.33,  639132972,  637074000,    2000000,  690574629, c++, elite, mult, 1
5207650.exe , 11.20,  0.95,  0.72,  0.00,  0.34,  661209204,  657139000,    4000000,  712748834, c++, elite, mult, 1
5207650.exe , 11.18,  0.96,  0.73,  0.00,  0.34,  661623384,  656532000,    4996000,  713094194, c++, elite, mult, 1
5207650.exe , 11.18,  0.96,  0.73,  0.00,  0.34,  661073233,  659850000,     999000,  712643822, c++, elite, mult, 1
5207650.exe , 11.12,  0.92,  0.68,  0.00,  0.34,  661186455,  657995000,    2999000,  712346669, c++, elite, mult, 1
5207650.exe , 11.11,  0.94,  0.71,  0.00,  0.34,  660224617,  656246000,    4001000,  711733047, c++, elite, mult, 1
5207650.exe , 10.98,  0.91,  0.68,  0.00,  0.34,  660491972,  657397000,    3001000,  711826137, c++, elite, mult, 1
5207650.exe , 11.05,  0.98,  0.75,  0.00,  0.34,  661110806,  658131000,    3000000,  712547928, c++, elite, mult, 1
5207650.exe , 11.09,  0.98,  0.75,  0.00,  0.34,  659992520,  656015000,    4000000,  711374951, c++, elite, mult, 1
5207650.exe , 11.19,  0.97,  0.73,  0.00,  0.34,  661279353,  657271000,    4001000,  712625392, c++, elite, mult, 1
5207650.exe , 11.21,  0.99,  0.76,  0.00,  0.34,  661058760,  659141000,    2000000,  712150972, c++, elite, mult, 1
5281743.exe , 21.37,  1.94,  1.50,  0.00,  0.64, 1257439424, 1256420000,    1000000, 1308301859, c++, elite, mult, 1
5281743.exe , 21.62,  2.08,  1.63,  0.00,  0.65, 1259705110, 1255654000,    3998000, 1311029254, c++, elite, mult, 1
5281743.exe , 21.44,  2.04,  1.60,  0.00,  0.64, 1258195092, 1255176000,    3000000, 1309212980, c++, elite, mult, 1
5281743.exe , 21.61,  2.00,  1.55,  0.00,  0.64, 1258547240, 1254549000,    3998000, 1309721474, c++, elite, mult, 1
5281743.exe , 21.37,  1.96,  1.51,  0.00,  0.64, 1258352873, 1254072000,    4000000, 1309316773, c++, elite, mult, 1
5281743.exe , 21.40,  1.95,  1.51,  0.00,  0.64, 1258441749, 1255402000,    3000000, 1309438836, c++, elite, mult, 1
5281743.exe , 21.14,  1.99,  1.55,  0.00,  0.64, 1258022480, 1254371000,    2998000, 1309083448, c++, elite, mult, 1
5281743.exe , 21.28,  2.01,  1.56,  0.00,  0.64, 1261114371, 1259143000,    2000000, 1312280808, c++, elite, mult, 1
5281743.exe , 21.14,  1.93,  1.48,  0.00,  0.64, 1258909232, 1253872000,    4999000, 1310271656, c++, elite, mult, 1
5281743.exe , 21.03,  1.97,  1.52,  0.00,  0.64, 1259450087, 1256428000,    3001000, 1310964448, c++, elite, mult, 1
5312206.exe , 10.56,  0.96,  0.73,  0.00,  0.33,  636083728,  634096000,    2000000,  687203351, c++, elite, mult, 1
5312206.exe , 10.66,  0.93,  0.71,  0.00,  0.32,  636000373,  632043000,    4000000,  687125258, c++, elite, mult, 1
5312206.exe , 10.72,  0.93,  0.70,  0.00,  0.32,  635989911,  631041000,    5000000,  686905843, c++, elite, mult, 1
5312206.exe , 10.81,  0.96,  0.73,  0.00,  0.33,  638281420,  632055000,    4992000,  689517312, c++, elite, mult, 1
5312206.exe , 10.61,  0.95,  0.73,  0.00,  0.32,  635977331,  630900000,    4999000,  687003736, c++, elite, mult, 1
5312206.exe , 10.84,  0.92,  0.70,  0.00,  0.32,  635900600,  632969000,    2995000,  687399464, c++, elite, mult, 1
5312206.exe , 10.73,  0.94,  0.71,  0.00,  0.32,  636103327,  631042000,    5000000,  687616126, c++, elite, mult, 1
5312206.exe , 10.78,  0.97,  0.74,  0.00,  0.33,  636051865,  632066000,    4006000,  687125081, c++, elite, mult, 1
5312206.exe , 10.80,  0.96,  0.74,  0.00,  0.32,  635913705,  633965000,    2003000,  687299084, c++, elite, mult, 1
5312206.exe , 10.88,  0.96,  0.73,  0.00,  0.32,  636101705,  632195000,    3994000,  687325582, c++, elite, mult, 1
5453782.exe , 19.44,  1.97,  1.56,  0.00,  0.58, 1143447333, 1139215000,    3997000, 1194503358, c++, elite, mult, 1
5453782.exe , 19.42,  1.98,  1.56,  0.00,  0.58, 1144944433, 1140303000,    3997000, 1196125469, c++, elite, mult, 1
5453782.exe , 19.25,  1.88,  1.48,  0.00,  0.58, 1145226650, 1142230000,    3000000, 1196521910, c++, elite, mult, 1
5453782.exe , 19.42,  1.88,  1.47,  0.00,  0.59, 1148444875, 1144343000,    4001000, 1199798381, c++, elite, mult, 1
5453782.exe , 19.71,  1.96,  1.56,  0.00,  0.58, 1146313147, 1144028000,    2000000, 1197965637, c++, elite, mult, 1
5453782.exe , 19.80,  1.96,  1.55,  0.00,  0.59, 1146138915, 1143124000,    3000000, 1197260761, c++, elite, mult, 1
5453782.exe , 19.78,  1.97,  1.56,  0.00,  0.59, 1147423592, 1144102000,    3000000, 1199076324, c++, elite, mult, 1
5453782.exe , 19.61,  1.99,  1.58,  0.00,  0.59, 1147600003, 1144318000,    2995000, 1199079235, c++, elite, mult, 1
5453782.exe , 19.42,  1.88,  1.48,  0.00,  0.58, 1144839982, 1142682000,    1999000, 1196135150, c++, elite, mult, 1
5453782.exe , 19.36,  1.79,  1.39,  0.00,  0.59, 1144778176, 1141502000,    2998000, 1195828121, c++, elite, mult, 1
5517783.exe , 11.06,  1.02,  0.78,  0.00,  0.34,  659714553,  654666000,    4997000,  710809261, c++, elite, mult, 1
5517783.exe , 10.83,  1.00,  0.77,  0.00,  0.34,  658718176,  655587000,    2993000,  710066819, c++, elite, mult, 1
5517783.exe , 10.91,  1.00,  0.76,  0.00,  0.34,  659194349,  655092000,    4000000,  710500749, c++, elite, mult, 1
5517783.exe , 11.13,  1.00,  0.76,  0.00,  0.34,  659110227,  656067000,    3000000,  710331189, c++, elite, mult, 1
5517783.exe , 10.87,  1.03,  0.79,  0.00,  0.34,  658874468,  653828000,    4998000,  710189034, c++, elite, mult, 1
5517783.exe , 10.94,  1.00,  0.76,  0.00,  0.34,  658921103,  653943000,    4999000,  710144000, c++, elite, mult, 1
5517783.exe , 10.79,  1.01,  0.78,  0.00,  0.34,  658870729,  653949000,    4991000,  712069871, c++, elite, mult, 1
5517783.exe , 11.09,  1.01,  0.77,  0.00,  0.34,  659621108,  655364000,    3996000,  710824782, c++, elite, mult, 1
5517783.exe , 10.98,  1.00,  0.76,  0.00,  0.34,  659076335,  656125000,    3000000,  710384391, c++, elite, mult, 1
5517783.exe , 11.02,  0.99,  0.76,  0.00,  0.34,  659038271,  655080000,    4000000,  710101823, c++, elite, mult, 1
5549469.exe , 10.15,  0.92,  0.70,  0.00,  0.32,  619608198,  616663000,    3003000,  671190163, c++, elite, mult, 1
5549469.exe , 10.34,  0.93,  0.71,  0.00,  0.32,  619345584,  615090000,    4000000,  670348655, c++, elite, mult, 1
5549469.exe , 10.14,  0.93,  0.71,  0.00,  0.32,  619273785,  617334000,    2001000,  670683104, c++, elite, mult, 1
5549469.exe , 10.26,  0.93,  0.71,  0.00,  0.32,  619650588,  614340000,    4994000,  670606958, c++, elite, mult, 1
5549469.exe , 10.19,  0.93,  0.71,  0.00,  0.32,  619329994,  615402000,    3996000,  670407083, c++, elite, mult, 1
5549469.exe , 10.18,  0.92,  0.70,  0.00,  0.32,  619425322,  616485000,    3002000,  670709698, c++, elite, mult, 1
5549469.exe , 10.44,  0.90,  0.68,  0.00,  0.32,  619390366,  616424000,    3002000,  670632206, c++, elite, mult, 1
5549469.exe , 10.36,  0.90,  0.68,  0.00,  0.32,  619587337,  618673000,    1001000,  670913504, c++, elite, mult, 1
5549469.exe , 10.26,  0.92,  0.70,  0.00,  0.32,  618814765,  615893000,    2994000,  669978914, c++, elite, mult, 1
5549469.exe , 10.32,  0.92,  0.70,  0.00,  0.32,  619347724,  616197000,    3000000,  670553740, c++, elite, mult, 1
5569369.exe , 10.61,  0.92,  0.70,  0.00,  0.32,  634567375,  631606000,    3002000,  686077559, c++, elite, mult, 1
5569369.exe , 10.74,  0.94,  0.71,  0.00,  0.32,  634177441,  630238000,    4001000,  685438195, c++, elite, mult, 1
5569369.exe , 10.96,  0.94,  0.71,  0.00,  0.33,  634980424,  631042000,    4000000,  686094643, c++, elite, mult, 1
5569369.exe , 10.57,  0.94,  0.72,  0.00,  0.32,  634421284,  630463000,    4002000,  685566663, c++, elite, mult, 1
5569369.exe , 10.51,  0.91,  0.69,  0.00,  0.32,  634318964,  631385000,    2997000,  685645726, c++, elite, mult, 1
5569369.exe , 10.55,  0.88,  0.65,  0.00,  0.32,  634561740,  631486000,    3002000,  685701517, c++, elite, mult, 1
5569369.exe , 10.44,  0.91,  0.69,  0.00,  0.32,  634333122,  631384000,    3001000,  685605293, c++, elite, mult, 1
5569369.exe , 10.42,  0.94,  0.71,  0.00,  0.32,  634385340,  630430000,    4002000,  685637797, c++, elite, mult, 1
5569369.exe , 10.31,  0.95,  0.72,  0.00,  0.32,  634332584,  631378000,    3001000,  685465365, c++, elite, mult, 1
5569369.exe , 10.42,  0.94,  0.71,  0.00,  0.32,  634496196,  629453000,    4995000,  685782881, c++, elite, mult, 1
5606862.exe ,  9.63,  0.97,  0.77,  0.00,  0.29,  570825819,  567939000,    2999000,  621915162, c++, elite, mult, 1
5606862.exe ,  9.62,  0.95,  0.75,  0.00,  0.29,  569741905,  566828000,    2999000,  620961915, c++, elite, mult, 1
5606862.exe ,  9.60,  0.98,  0.78,  0.00,  0.29,  571227191,  568306000,    2996000,  622254492, c++, elite, mult, 1
5606862.exe ,  9.72,  0.95,  0.75,  0.00,  0.29,  572008979,  568059000,    4000000,  623539656, c++, elite, mult, 1
5606862.exe ,  9.64,  0.91,  0.71,  0.00,  0.29,  570435190,  564482000,    5994000,  621669343, c++, elite, mult, 1
5606862.exe ,  9.60,  0.89,  0.69,  0.00,  0.29,  569344207,  567348000,    1997000,  620721294, c++, elite, mult, 1
5606862.exe ,  9.69,  0.93,  0.73,  0.00,  0.29,  570149438,  565143000,    4992000,  621540191, c++, elite, mult, 1
5606862.exe ,  9.59,  0.95,  0.75,  0.00,  0.29,  570381419,  568445000,    2001000,  621501037, c++, elite, mult, 1
5606862.exe ,  9.65,  0.96,  0.76,  0.00,  0.29,  570291356,  566345000,    4002000,  621417174, c++, elite, mult, 1
5606862.exe ,  9.67,  0.95,  0.75,  0.00,  0.29,  571949472,  568018000,    4000000,  623316558, c++, elite, mult, 1
5610334.exe ,  9.57,  0.94,  0.74,  0.00,  0.29,  567872497,  563944000,    3999000,  618865350, c++, elite, mult, 1
5610334.exe ,  9.70,  0.95,  0.75,  0.00,  0.29,  569174541,  566230000,    3001000,  620174275, c++, elite, mult, 1
5610334.exe ,  9.79,  0.89,  0.69,  0.00,  0.29,  568728180,  564478000,    3996000,  619767525, c++, elite, mult, 1
5610334.exe ,  9.63,  0.90,  0.70,  0.00,  0.29,  565237665,  559076000,    5979000,  616509161, c++, elite, mult, 1
5610334.exe ,  9.64,  0.95,  0.75,  0.00,  0.29,  567948527,  566029000,    2000000,  618872464, c++, elite, mult, 1
5610334.exe ,  9.68,  0.97,  0.77,  0.00,  0.29,  568671650,  564677000,    4004000,  619926724, c++, elite, mult, 1
5610334.exe ,  9.91,  0.94,  0.74,  0.00,  0.29,  567742664,  562789000,    4998000,  618763312, c++, elite, mult, 1
5610334.exe ,  9.82,  0.96,  0.76,  0.00,  0.29,  567951165,  563872000,    3999000,  619043438, c++, elite, mult, 1
5610334.exe ,  9.92,  0.98,  0.77,  0.00,  0.29,  568752961,  564751000,    4005000,  620012617, c++, elite, mult, 1
5610334.exe ,  9.72,  0.96,  0.75,  0.00,  0.29,  571343465,  566165000,    5001000,  622354304, c++, elite, mult, 1
5634998.exe , 11.34,  1.01,  0.77,  0.00,  0.34,  670107291,  666856000,    2999000,  721113654, c++, elite, mult, 1
5634998.exe , 11.30,  1.01,  0.77,  0.00,  0.34,  669999133,  666932000,    2999000,  720919832, c++, elite, mult, 1
5634998.exe , 11.25,  0.98,  0.74,  0.00,  0.34,  669700787,  665755000,    3998000,  721073156, c++, elite, mult, 1
5634998.exe , 11.26,  0.97,  0.73,  0.00,  0.34,  669836363,  664882000,    4999000,  720778088, c++, elite, mult, 1
5634998.exe , 11.30,  0.96,  0.73,  0.00,  0.34,  669931713,  665964000,    3999000,  721020096, c++, elite, mult, 1
5634998.exe , 11.43,  1.00,  0.76,  0.00,  0.34,  669800802,  664882000,    4999000,  721054828, c++, elite, mult, 1
5634998.exe , 11.24,  0.99,  0.75,  0.00,  0.34,  669536941,  665593000,    4003000,  720652836, c++, elite, mult, 1
5634998.exe , 11.35,  1.02,  0.78,  0.00,  0.34,  670204571,  668229000,    1997000,  721252613, c++, elite, mult, 1
5634998.exe , 11.29,  1.01,  0.77,  0.00,  0.34,  669952179,  665970000,    3993000,  721214538, c++, elite, mult, 1
5634998.exe , 11.25,  1.01,  0.77,  0.00,  0.34,  669938962,  667042000,    2995000,  720897540, c++, elite, mult, 1
5651176.exe , 10.33,  0.99,  0.78,  0.00,  0.31,  601541787,  596598000,    4996000,  652724795, c++, elite, mult, 1
5651176.exe , 10.30,  1.02,  0.81,  0.00,  0.31,  601342083,  597387000,    4002000,  652397214, c++, elite, mult, 1
5651176.exe , 10.13,  0.98,  0.77,  0.00,  0.31,  601675085,  598734000,    2998000,  652799942, c++, elite, mult, 1
5651176.exe , 10.35,  0.99,  0.77,  0.00,  0.31,  599964927,  594635000,    4996000,  651222294, c++, elite, mult, 1
5651176.exe , 10.19,  0.93,  0.72,  0.00,  0.31,  602072252,  595815000,    5998000,  653161068, c++, elite, mult, 1
5651176.exe , 10.21,  1.00,  0.79,  0.00,  0.31,  602099438,  598132000,    4000000,  652907985, c++, elite, mult, 1
5651176.exe , 10.22,  0.96,  0.75,  0.00,  0.31,  600957062,  596997000,    3999000,  652247985, c++, elite, mult, 1
5651176.exe ,  9.98,  0.97,  0.76,  0.00,  0.31,  598726544,  594780000,    3998000,  649761529, c++, elite, mult, 1
5651176.exe , 10.18,  1.01,  0.79,  0.00,  0.31,  601531593,  597557000,    4003000,  652820969, c++, elite, mult, 1
5651176.exe , 10.17,  1.00,  0.79,  0.00,  0.31,  601110626,  597160000,    4001000,  652109109, c++, elite, mult, 1
5654000.exe ,  9.67,  0.96,  0.76,  0.00,  0.29,  571246893,  566055000,    5000000,  622469558, c++, elite, mult, 1
5654000.exe ,  9.76,  0.91,  0.71,  0.00,  0.29,  573741623,  568772000,    4998000,  624905251, c++, elite, mult, 1
5654000.exe ,  9.72,  0.89,  0.69,  0.00,  0.29,  571950119,  568915000,    2994000,  623068649, c++, elite, mult, 1
5654000.exe ,  9.60,  0.92,  0.72,  0.00,  0.29,  572341170,  570284000,    2000000,  623607945, c++, elite, mult, 1
5654000.exe ,  9.67,  0.98,  0.78,  0.00,  0.29,  571348708,  568406000,    3002000,  622344626, c++, elite, mult, 1
5654000.exe ,  9.69,  0.93,  0.73,  0.00,  0.29,  571386485,  567456000,    4003000,  622527116, c++, elite, mult, 1
5654000.exe ,  9.67,  0.89,  0.68,  0.00,  0.29,  570523391,  565320000,    4993000,  621797900, c++, elite, mult, 1
5654000.exe ,  9.63,  0.92,  0.72,  0.00,  0.29,  570731843,  566825000,    3998000,  621810026, c++, elite, mult, 1
5654000.exe ,  9.59,  0.94,  0.74,  0.00,  0.29,  571656815,  567430000,    4003000,  622777073, c++, elite, mult, 1
5654000.exe ,  9.67,  0.93,  0.72,  0.00,  0.29,  572697263,  569762000,    3004000,  623812826, c++, elite, mult, 1
5796831.exe ,  9.65,  0.94,  0.74,  0.00,  0.29,  568566075,  564637000,    3997000,  619956383, c++, elite, mult, 1
5796831.exe ,  9.56,  0.94,  0.74,  0.00,  0.29,  568576656,  564351000,    4002000,  619933037, c++, elite, mult, 1
5796831.exe ,  9.59,  0.95,  0.75,  0.00,  0.29,  567714971,  562738000,    4997000,  618948314, c++, elite, mult, 1
5796831.exe ,  9.63,  0.96,  0.76,  0.00,  0.29,  569156335,  565107000,    4000000,  620324360, c++, elite, mult, 1
5796831.exe ,  9.65,  0.97,  0.77,  0.00,  0.29,  568214376,  565175000,    3000000,  619287794, c++, elite, mult, 1
5796831.exe ,  9.63,  0.98,  0.78,  0.00,  0.29,  569909662,  565450000,    3996000,  621017623, c++, elite, mult, 1
5796831.exe ,  9.58,  0.97,  0.77,  0.00,  0.29,  570914124,  567860000,    2999000,  622177929, c++, elite, mult, 1
5796831.exe ,  9.79,  0.90,  0.70,  0.00,  0.29,  567816293,  563835000,    3998000,  618955439, c++, elite, mult, 1
5796831.exe ,  9.69,  0.96,  0.76,  0.00,  0.29,  569156166,  566175000,    3000000,  620373364, c++, elite, mult, 1
5796831.exe ,  9.63,  0.94,  0.74,  0.00,  0.29,  569550890,  564479000,    5004000,  620856293, c++, elite, mult, 1
5866266.exe ,  9.30,  0.95,  0.75,  0.00,  0.29,  566695791,  561689000,    4988000,  617989498, c++, elite, mult, 1
5866266.exe ,  9.53,  0.98,  0.78,  0.00,  0.29,  568279997,  564107000,    4000000,  619465498, c++, elite, mult, 1
5866266.exe ,  9.46,  0.97,  0.77,  0.00,  0.29,  567530413,  564623000,    2998000,  618853860, c++, elite, mult, 1
5866266.exe ,  9.42,  0.98,  0.77,  0.00,  0.29,  567600403,  563566000,    3989000,  618780477, c++, elite, mult, 1
5866266.exe ,  9.37,  0.97,  0.77,  0.00,  0.29,  567993637,  563945000,    3999000,  619080593, c++, elite, mult, 1
5866266.exe ,  9.45,  0.98,  0.78,  0.00,  0.29,  567743374,  565789000,    2002000,  618780227, c++, elite, mult, 1
5866266.exe ,  9.50,  0.95,  0.75,  0.00,  0.29,  569391587,  567418000,    2001000,  620767090, c++, elite, mult, 1
5866266.exe ,  9.42,  0.92,  0.71,  0.00,  0.29,  567695753,  563744000,    4005000,  619024600, c++, elite, mult, 1
5866266.exe ,  9.44,  0.92,  0.72,  0.00,  0.29,  569150422,  565203000,    4001000,  620387571, c++, elite, mult, 1
5866266.exe ,  9.41,  0.97,  0.77,  0.00,  0.29,  567690047,  563601000,    3997000,  618667153, c++, elite, mult, 1
5899769.exe , 10.28,  0.84,  0.62,  0.00,  0.32,  624249277,  622308000,    2000000,  675348116, c++, elite, mult, 1
5899769.exe , 10.49,  0.82,  0.60,  0.00,  0.32,  623966469,  619981000,    3999000,  675490974, c++, elite, mult, 1
5899769.exe , 10.50,  0.87,  0.65,  0.00,  0.32,  623988884,  618762000,    4998000,  675034223, c++, elite, mult, 1
5899769.exe , 10.39,  0.88,  0.66,  0.00,  0.32,  624487809,  617309000,    6980000,  675617308, c++, elite, mult, 1
5899769.exe , 10.46,  0.86,  0.64,  0.00,  0.32,  624533092,  621286000,    2996000,  675529291, c++, elite, mult, 1
5899769.exe , 10.52,  0.90,  0.68,  0.00,  0.32,  624257564,  619289000,    4994000,  674925336, c++, elite, mult, 1
5899769.exe , 10.55,  0.91,  0.69,  0.00,  0.32,  624375201,  618419000,    5994000,  675716950, c++, elite, mult, 1
5899769.exe , 10.44,  0.83,  0.62,  0.00,  0.32,  624426339,  620418000,    4002000,  675406962, c++, elite, mult, 1
5899769.exe , 10.31,  0.89,  0.67,  0.00,  0.32,  624436843,  620191000,    3994000,  675559503, c++, elite, mult, 1
5899769.exe , 10.25,  0.90,  0.68,  0.00,  0.32,  624349302,  622384000,    2001000,  675571541, c++, elite, mult, 1
5913099.exe ,  5.33,  0.47,  0.36,  0.00,  0.16,  316313409,  313389000,    3003000,  367349294, c++, elite, mult, 1
5913099.exe ,  5.27,  0.45,  0.34,  0.00,  0.16,  316454861,  313494000,    3004000,  367471984, c++, elite, mult, 1
5913099.exe ,  5.31,  0.47,  0.36,  0.00,  0.16,  316188870,  312255000,    4003000,  367195143, c++, elite, mult, 1
5913099.exe ,  5.21,  0.49,  0.37,  0.00,  0.17,  325931700,  321756000,    3984000,  376995247, c++, elite, mult, 1
5913099.exe ,  5.20,  0.47,  0.36,  0.00,  0.16,  319065687,  315135000,    4001000,  370220772, c++, elite, mult, 1
5913099.exe ,  5.27,  0.47,  0.36,  0.00,  0.16,  318456955,  315523000,    3004000,  369640889, c++, elite, mult, 1
5913099.exe ,  5.34,  0.45,  0.34,  0.00,  0.16,  316062587,  313115000,    3001000,  367230311, c++, elite, mult, 1
5913099.exe ,  5.31,  0.46,  0.34,  0.00,  0.16,  318698222,  312758000,    5995000,  370008117, c++, elite, mult, 1
5913099.exe ,  5.27,  0.43,  0.32,  0.00,  0.16,  319404803,  316464000,    3004000,  370469410, c++, elite, mult, 1
5913099.exe ,  5.28,  0.50,  0.38,  0.00,  0.17,  316803666,  312841000,    3997000,  367801246, c++, elite, mult, 1
5943722.exe , 10.28,  0.90,  0.68,  0.00,  0.31,  615736311,  610797000,    4998000,  667210534, c++, elite, mult, 1
5943722.exe , 10.36,  0.91,  0.69,  0.00,  0.31,  615535854,  611462000,    4003000,  666467879, c++, elite, mult, 1
5943722.exe , 10.34,  0.91,  0.69,  0.00,  0.31,  615982725,  612007000,    4000000,  667186127, c++, elite, mult, 1
5943722.exe , 10.39,  0.90,  0.68,  0.00,  0.31,  615783572,  611832000,    3998000,  666911613, c++, elite, mult, 1
5943722.exe , 10.47,  0.87,  0.65,  0.00,  0.31,  616108321,  612117000,    4000000,  667251849, c++, elite, mult, 1
5943722.exe , 10.38,  0.86,  0.65,  0.00,  0.31,  615953362,  611999000,    3999000,  667094401, c++, elite, mult, 1
5943722.exe , 10.30,  0.87,  0.65,  0.00,  0.31,  615781551,  611827000,    3998000,  666740950, c++, elite, mult, 1
5943722.exe , 10.32,  0.88,  0.66,  0.00,  0.31,  615702601,  613779000,    1999000,  666662744, c++, elite, mult, 1
5943722.exe , 10.21,  0.86,  0.64,  0.00,  0.31,  615671729,  612696000,    3003000,  666866970, c++, elite, mult, 1
5943722.exe , 10.18,  0.86,  0.65,  0.00,  0.31,  615759006,  610787000,    4998000,  667026086, c++, elite, mult, 1
5979210.exe ,  5.78,  0.51,  0.39,  0.00,  0.17,  338377727,  334465000,    3993000,  389454188, c++, elite, mult, 1
5979210.exe ,  5.69,  0.49,  0.37,  0.00,  0.17,  338701910,  334568000,    3994000,  389906214, c++, elite, mult, 1
5979210.exe ,  5.79,  0.51,  0.39,  0.00,  0.17,  338649463,  336716000,    2004000,  389892888, c++, elite, mult, 1
5979210.exe ,  5.68,  0.51,  0.39,  0.00,  0.17,  338442302,  334535000,    3994000,  389780590, c++, elite, mult, 1
5979210.exe ,  5.58,  0.51,  0.39,  0.00,  0.17,  338548739,  334623000,    3995000,  389547547, c++, elite, mult, 1
5979210.exe ,  5.56,  0.51,  0.39,  0.00,  0.17,  338592369,  334641000,    4007000,  389530251, c++, elite, mult, 1
5979210.exe ,  5.64,  0.50,  0.38,  0.00,  0.17,  338498963,  336576000,    2003000,  389290893, c++, elite, mult, 1
5979210.exe ,  5.74,  0.51,  0.39,  0.00,  0.17,  338274797,  334355000,    4004000,  389691314, c++, elite, mult, 1
5979210.exe ,  5.80,  0.50,  0.38,  0.00,  0.17,  338626350,  336749000,    1998000,  389818845, c++, elite, mult, 1
5979210.exe ,  5.75,  0.51,  0.39,  0.00,  0.17,  338556572,  335619000,    3005000,  389710524, c++, elite, mult, 1
6020438.exe , 39.77,  3.58,  2.72,  0.00,  1.22, 2401869056, 2394954000,    5997000, 2452980250, c++, elite, mult, 1
6020438.exe , 40.41,  3.55,  2.69,  0.00,  1.22, 2400928248, 2397849000,    2999000, 2452250721, c++, elite, mult, 1
6020438.exe , 40.67,  3.62,  2.76,  0.00,  1.23, 2401555757, 2398383000,    3000000, 2452760131, c++, elite, mult, 1
6020438.exe , 40.39,  3.59,  2.73,  0.00,  1.22, 2401470123, 2399002000,    2000000, 2453003222, c++, elite, mult, 1
6020438.exe , 40.98,  3.60,  2.75,  0.00,  1.22, 2400217154, 2398038000,    2000000, 2451218239, c++, elite, mult, 1
6020438.exe , 40.45,  3.57,  2.71,  0.00,  1.22, 2400590496, 2396462000,    4000000, 2451831747, c++, elite, mult, 1
6020438.exe , 40.69,  3.37,  2.52,  0.00,  1.22, 2402021245, 2398791000,    2999000, 2453233195, c++, elite, mult, 1
6020438.exe , 40.88,  3.50,  2.64,  0.00,  1.23, 2401170418, 2395665000,    4001000, 2452414723, c++, elite, mult, 1
6020438.exe , 41.30,  3.44,  2.59,  0.00,  1.22, 2401527537, 2399286000,    2000000, 2452783969, c++, elite, mult, 1
6020438.exe , 40.81,  3.58,  2.73,  0.00,  1.22, 2401542739, 2394758000,    6001000, 2452567035, c++, elite, mult, 1
6084326.exe ,  4.54,  0.42,  0.32,  0.00,  0.14,  276858207,  272672000,    3995000,  328018749, c++, elite, mult, 1
6084326.exe ,  4.71,  0.42,  0.32,  0.00,  0.14,  276199776,  274282000,    2002000,  327194339, c++, elite, mult, 1
6084326.exe ,  4.60,  0.42,  0.32,  0.00,  0.14,  276394123,  272539000,    3978000,  327241460, c++, elite, mult, 1
6084326.exe ,  4.52,  0.40,  0.30,  0.00,  0.14,  276157016,  273268000,    2991000,  327219829, c++, elite, mult, 1
6084326.exe ,  4.57,  0.41,  0.31,  0.00,  0.14,  276263433,  271365000,    4988000,  327165063, c++, elite, mult, 1
6084326.exe ,  4.71,  0.39,  0.29,  0.00,  0.14,  276672865,  272764000,    3996000,  327583533, c++, elite, mult, 1
6084326.exe ,  4.74,  0.43,  0.33,  0.00,  0.15,  278664344,  272672000,    4975000,  330058026, c++, elite, mult, 1
6084326.exe ,  4.50,  0.41,  0.31,  0.00,  0.14,  276195064,  272233000,    4003000,  327374319, c++, elite, mult, 1
6084326.exe ,  4.55,  0.40,  0.30,  0.00,  0.14,  276322785,  271438000,    4989000,  327656739, c++, elite, mult, 1
6084326.exe ,  4.70,  0.40,  0.30,  0.00,  0.14,  276431349,  271528000,    4991000,  327895995, c++, elite, mult, 1
6121982.exe , 11.48,  1.02,  0.78,  0.00,  0.35,  682633806,  679597000,    3002000,  733962085, c++, elite, mult, 1
6121982.exe , 11.38,  1.03,  0.79,  0.00,  0.35,  683602967,  679518000,    4003000,  735200850, c++, elite, mult, 1
6121982.exe , 11.32,  1.03,  0.79,  0.00,  0.35,  682703693,  679789000,    2999000,  734006727, c++, elite, mult, 1
6121982.exe , 11.40,  1.03,  0.78,  0.00,  0.35,  683181874,  679229000,    3995000,  734267627, c++, elite, mult, 1
6121982.exe , 11.10,  1.02,  0.78,  0.00,  0.35,  682807679,  677849000,    4998000,  734141350, c++, elite, mult, 1
6121982.exe , 11.43,  1.02,  0.78,  0.00,  0.35,  683584507,  680430000,    3001000,  734836343, c++, elite, mult, 1
6121982.exe , 11.38,  1.02,  0.78,  0.00,  0.35,  682388023,  680491000,    1998000,  736314538, c++, elite, mult, 1
6121982.exe , 11.36,  1.04,  0.80,  0.00,  0.35,  682621899,  679597000,    3002000,  733970506, c++, elite, mult, 1
6121982.exe , 11.37,  1.03,  0.79,  0.00,  0.35,  683550298,  678584000,    4996000,  734924458, c++, elite, mult, 1
6121982.exe , 11.40,  1.08,  0.83,  0.00,  0.35,  683611035,  679696000,    3998000,  734850313, c++, elite, mult, 1
6123695.exe , 10.30,  0.91,  0.69,  0.00,  0.32,  620939595,  616994000,    3999000,  672074313, c++, elite, mult, 1
6123695.exe , 10.50,  0.93,  0.70,  0.00,  0.32,  620653379,  616716000,    3998000,  671692669, c++, elite, mult, 1
6123695.exe , 10.36,  0.91,  0.69,  0.00,  0.32,  621880237,  618626000,    2998000,  673084217, c++, elite, mult, 1
6123695.exe , 10.38,  0.91,  0.69,  0.00,  0.32,  622250169,  619154000,    3000000,  673479554, c++, elite, mult, 1
6123695.exe , 10.28,  0.90,  0.68,  0.00,  0.32,  620595832,  616655000,    3991000,  671913839, c++, elite, mult, 1
6123695.exe , 10.36,  0.90,  0.68,  0.00,  0.32,  621096957,  617136000,    4000000,  672102724, c++, elite, mult, 1
6123695.exe , 10.24,  0.89,  0.67,  0.00,  0.32,  619865275,  616905000,    2999000,  671157835, c++, elite, mult, 1
6123695.exe , 10.13,  0.88,  0.66,  0.00,  0.32,  621100300,  615810000,    4998000,  672447630, c++, elite, mult, 1
6123695.exe , 10.32,  0.92,  0.70,  0.00,  0.32,  620570169,  615608000,    4996000,  671846622, c++, elite, mult, 1
6123695.exe , 10.39,  0.93,  0.71,  0.00,  0.32,  621238952,  617142000,    4000000,  672474078, c++, elite, mult, 1
6130154.exe , 10.93,  0.96,  0.73,  0.00,  0.33,  654687594,  649783000,    4990000,  706274431, c++, elite, mult, 1
6130154.exe , 11.05,  0.93,  0.69,  0.00,  0.33,  655107126,  651177000,    4001000,  706508878, c++, elite, mult, 1
6130154.exe , 10.88,  0.95,  0.71,  0.00,  0.33,  654810319,  651891000,    2994000,  706392253, c++, elite, mult, 1
6130154.exe , 10.78,  0.96,  0.72,  0.00,  0.33,  655104728,  651162000,    4000000,  706214814, c++, elite, mult, 1
6130154.exe , 10.90,  0.94,  0.71,  0.00,  0.33,  655182827,  650975000,    3999000,  706625851, c++, elite, mult, 1
6130154.exe , 11.08,  0.93,  0.69,  0.00,  0.33,  653682129,  650712000,    2998000,  705084229, c++, elite, mult, 1
6130154.exe , 10.99,  0.96,  0.73,  0.00,  0.34,  655333583,  652124000,    3000000,  706533158, c++, elite, mult, 1
6130154.exe , 10.96,  0.89,  0.66,  0.00,  0.33,  654352700,  650400000,    4002000,  705361323, c++, elite, mult, 1
6130154.exe , 11.18,  0.97,  0.74,  0.00,  0.34,  654424343,  652464000,    2001000,  705945578, c++, elite, mult, 1
6130154.exe , 11.26,  0.95,  0.72,  0.00,  0.34,  655081698,  652020000,    3000000,  706367632, c++, elite, mult, 1
6277159.exe ,  9.79,  0.91,  0.71,  0.00,  0.29,  564603575,  561527000,    3002000,  615686824, c++, elite, mult, 1
6277159.exe ,  9.89,  0.88,  0.68,  0.00,  0.29,  569733351,  565533000,    3996000,  620874905, c++, elite, mult, 1
6277159.exe ,  9.90,  0.93,  0.73,  0.00,  0.29,  566647890,  561698000,    4997000,  617990342, c++, elite, mult, 1
6277159.exe ,  9.95,  0.96,  0.75,  0.00,  0.29,  568339225,  562419000,    5993000,  619895130, c++, elite, mult, 1
6277159.exe ,  9.74,  0.94,  0.74,  0.00,  0.29,  568589764,  565375000,    3001000,  619748095, c++, elite, mult, 1
6277159.exe ,  9.60,  0.94,  0.73,  0.00,  0.29,  569028146,  564814000,    3998000,  620296697, c++, elite, mult, 1
6277159.exe ,  9.72,  0.93,  0.73,  0.00,  0.29,  569746865,  566858000,    2999000,  621198174, c++, elite, mult, 1
6277159.exe ,  9.63,  0.96,  0.76,  0.00,  0.29,  567780070,  564777000,    3004000,  618893401, c++, elite, mult, 1
6277159.exe ,  9.60,  0.95,  0.75,  0.00,  0.29,  567915496,  563948000,    3999000,  619375401, c++, elite, mult, 1
6277159.exe ,  9.65,  0.91,  0.70,  0.00,  0.29,  568522690,  565281000,    3001000,  619668421, c++, elite, mult, 1
6366782.exe ,  0.76,  0.06,  0.04,  0.00,  0.02,   43465487,   40520000,    3039000,   94527157, c++, elite, mult, 1
6366782.exe ,  0.74,  0.07,  0.05,  0.00,  0.02,   43416353,   40443000,    3033000,   94469020, c++, elite, mult, 1
6366782.exe ,  0.73,  0.06,  0.05,  0.00,  0.02,   43396337,   38704000,    4838000,   94494239, c++, elite, mult, 1
6366782.exe ,  0.82,  0.06,  0.04,  0.00,  0.02,   43461422,   40497000,    3037000,   94486415, c++, elite, mult, 1
6366782.exe ,  0.75,  0.06,  0.05,  0.00,  0.02,   43549323,   42514000,    1012000,   94518255, c++, elite, mult, 1
6366782.exe ,  0.74,  0.06,  0.04,  0.00,  0.02,   43401749,   41481000,    2023000,   94362717, c++, elite, mult, 1
6366782.exe ,  0.80,  0.06,  0.05,  0.00,  0.02,   43432972,   40567000,    2968000,   94383789, c++, elite, mult, 1
6366782.exe ,  0.77,  0.07,  0.06,  0.00,  0.02,   43639203,   42565000,    1013000,   94800530, c++, elite, mult, 1
6366782.exe ,  0.72,  0.06,  0.05,  0.00,  0.02,   43473891,   41507000,    2024000,   94524602, c++, elite, mult, 1
6366782.exe ,  0.72,  0.06,  0.05,  0.00,  0.02,   43412269,   41499000,    2024000,   94482632, c++, elite, mult, 1
6583952.exe ,  9.57,  0.85,  0.65,  0.00,  0.30,  580629439,  576701000,    4004000,  631595785, c++, elite, mult, 1
6583952.exe ,  9.53,  0.81,  0.61,  0.00,  0.30,  580835350,  575514000,    4995000,  631974764, c++, elite, mult, 1
6583952.exe ,  9.49,  0.81,  0.60,  0.00,  0.30,  580797888,  576888000,    3992000,  631984907, c++, elite, mult, 1
6583952.exe ,  9.49,  0.77,  0.57,  0.00,  0.30,  580554559,  576239000,    3994000,  631870473, c++, elite, mult, 1
6583952.exe ,  9.61,  0.77,  0.57,  0.00,  0.30,  580369366,  577355000,    2991000,  631479751, c++, elite, mult, 1
6583952.exe ,  9.45,  0.79,  0.59,  0.00,  0.30,  580475945,  576482000,    4003000,  631622587, c++, elite, mult, 1
6583952.exe ,  9.57,  0.79,  0.58,  0.00,  0.30,  580847307,  577665000,    2998000,  632022444, c++, elite, mult, 1
6583952.exe ,  9.69,  0.81,  0.61,  0.00,  0.30,  580524207,  578574000,    2001000,  631790974, c++, elite, mult, 1
6583952.exe ,  9.70,  0.80,  0.59,  0.00,  0.30,  580538867,  577618000,    3003000,  632038578, c++, elite, mult, 1
6583952.exe ,  9.73,  0.79,  0.59,  0.00,  0.30,  580421746,  575511000,    4987000,  631563776, c++, elite, mult, 1
6606177.exe ,  2.34,  0.18,  0.13,  0.00,  0.07,  134993482,  131098000,    3972000,  186233585, c++, elite, mult, 1
6606177.exe ,  2.19,  0.18,  0.14,  0.00,  0.07,  135026577,  132083000,    3001000,  186058340, c++, elite, mult, 1
6606177.exe ,  2.32,  0.19,  0.14,  0.00,  0.07,  135006757,  130112000,    5004000,  186520002, c++, elite, mult, 1
6606177.exe ,  2.19,  0.18,  0.14,  0.00,  0.07,  134890764,  130986000,    3999000,  186106568, c++, elite, mult, 1
6606177.exe ,  2.38,  0.19,  0.14,  0.00,  0.07,  134895636,  130949000,    3998000,  186316779, c++, elite, mult, 1
6606177.exe ,  2.19,  0.18,  0.13,  0.00,  0.07,  135067696,  131156000,    4004000,  186373178, c++, elite, mult, 1
6606177.exe ,  2.35,  0.18,  0.13,  0.00,  0.07,  134841933,  131949000,    2998000,  186117752, c++, elite, mult, 1
6606177.exe ,  2.18,  0.18,  0.13,  0.00,  0.07,  134924489,  133003000,    2015000,  186074903, c++, elite, mult, 1
6606177.exe ,  2.36,  0.18,  0.13,  0.00,  0.07,  135008794,  131105000,    4003000,  186246147, c++, elite, mult, 1
6606177.exe ,  2.20,  0.18,  0.13,  0.00,  0.07,  134919432,  131998000,    2999000,  186157731, c++, elite, mult, 1
6617819.exe , 19.98,  2.05,  1.63,  0.00,  0.61, 1186917534, 1182838000,    4002000, 1238253236, c++, elite, mult, 1
6617819.exe , 19.97,  2.02,  1.60,  0.00,  0.60, 1187072991, 1182019000,    5000000, 1238569689, c++, elite, mult, 1
6617819.exe , 19.85,  2.00,  1.57,  0.00,  0.61, 1186020774, 1182043000,    4000000, 1237129045, c++, elite, mult, 1
6617819.exe , 19.95,  2.03,  1.60,  0.00,  0.61, 1187396321, 1184365000,    3000000, 1238482751, c++, elite, mult, 1
6617819.exe , 19.75,  2.04,  1.62,  0.00,  0.60, 1183904948, 1178893000,    4999000, 1235373896, c++, elite, mult, 1
6617819.exe , 19.94,  2.05,  1.63,  0.00,  0.61, 1187412415, 1182460000,    4993000, 1238354117, c++, elite, mult, 1
6617819.exe , 19.82,  2.05,  1.63,  0.00,  0.60, 1186261025, 1183239000,    3000000, 1237618444, c++, elite, mult, 1
6617819.exe , 19.93,  2.05,  1.63,  0.00,  0.61, 1186473608, 1183478000,    3001000, 1237830541, c++, elite, mult, 1
6617819.exe , 19.83,  2.04,  1.61,  0.00,  0.61, 1186301350, 1184311000,    2000000, 1237582658, c++, elite, mult, 1
6617819.exe , 19.87,  2.03,  1.61,  0.00,  0.61, 1188900805, 1183909000,    4999000, 1240134414, c++, elite, mult, 1
6694019.exe , 10.00,  0.85,  0.64,  0.00,  0.31,  600840858,  596912000,    3999000,  652075189, c++, elite, mult, 1
6694019.exe ,  9.91,  0.82,  0.61,  0.00,  0.31,  600830585,  595847000,    4998000,  652122190, c++, elite, mult, 1
6694019.exe ,  9.91,  0.82,  0.60,  0.00,  0.31,  600884299,  596935000,    3999000,  652255520, c++, elite, mult, 1
6694019.exe ,  9.99,  0.80,  0.59,  0.00,  0.31,  600895627,  599846000,     999000,  652076319, c++, elite, mult, 1
6694019.exe ,  9.92,  0.81,  0.60,  0.00,  0.31,  600837346,  598901000,    1999000,  652174366, c++, elite, mult, 1
6694019.exe , 10.05,  0.88,  0.66,  0.00,  0.31,  600960193,  597032000,    3993000,  652026382, c++, elite, mult, 1
6694019.exe ,  9.86,  0.84,  0.63,  0.00,  0.31,  600757632,  596816000,    3998000,  652002844, c++, elite, mult, 1
6694019.exe ,  9.86,  0.84,  0.63,  0.00,  0.31,  600720384,  598762000,    2002000,  652050022, c++, elite, mult, 1
6694019.exe ,  9.92,  0.82,  0.61,  0.00,  0.31,  600744161,  597787000,    3003000,  651845550, c++, elite, mult, 1
6694019.exe ,  9.94,  0.87,  0.66,  0.00,  0.31,  600844783,  595863000,    4998000,  652201704, c++, elite, mult, 1
6902322.exe ,  9.50,  0.84,  0.63,  0.00,  0.29,  577286622,  565269000,   12005000,  628545069, c++, elite, mult, 1
6902322.exe ,  9.46,  0.75,  0.55,  0.00,  0.30,  577516576,  566325000,   10967000,  628657563, c++, elite, mult, 1
6902322.exe ,  9.50,  0.75,  0.55,  0.00,  0.30,  577679076,  569670000,    8009000,  628481049, c++, elite, mult, 1
6902322.exe ,  9.59,  0.76,  0.56,  0.00,  0.30,  577863390,  565789000,   11995000,  629166865, c++, elite, mult, 1
6902322.exe ,  9.58,  0.79,  0.59,  0.00,  0.30,  577161966,  568219000,    9003000,  628522000, c++, elite, mult, 1
6902322.exe ,  9.49,  0.79,  0.59,  0.00,  0.30,  577085663,  566099000,   11001000,  628278606, c++, elite, mult, 1
6902322.exe ,  9.50,  0.83,  0.63,  0.00,  0.29,  577042043,  568055000,    9000000,  628413479, c++, elite, mult, 1
6902322.exe ,  9.58,  0.78,  0.57,  0.00,  0.30,  577064059,  564143000,   13003000,  628219639, c++, elite, mult, 1
6902322.exe ,  9.56,  0.80,  0.60,  0.00,  0.30,  577299252,  567366000,    9988000,  628356634, c++, elite, mult, 1
6902322.exe ,  9.50,  0.81,  0.61,  0.00,  0.30,  577090530,  567148000,    9985000,  628385775, c++, elite, mult, 1
7056608.exe , 10.25,  0.92,  0.70,  0.00,  0.32,  622263162,  618176000,    4001000,  673576414, c++, elite, mult, 1
7056608.exe , 10.27,  0.86,  0.64,  0.00,  0.32,  621796626,  616815000,    4998000,  672971342, c++, elite, mult, 1
7056608.exe , 10.34,  0.90,  0.68,  0.00,  0.32,  622034195,  617970000,    3999000,  673225446, c++, elite, mult, 1
7056608.exe , 10.35,  0.89,  0.67,  0.00,  0.32,  621782675,  616848000,    4998000,  672990801, c++, elite, mult, 1
7056608.exe , 10.28,  0.91,  0.69,  0.00,  0.32,  622237183,  618245000,    4001000,  673770427, c++, elite, mult, 1
7056608.exe , 10.27,  0.90,  0.68,  0.00,  0.32,  621928194,  618958000,    2999000,  673265168, c++, elite, mult, 1
7056608.exe , 10.16,  0.89,  0.67,  0.00,  0.32,  621870295,  617852000,    4005000,  672966422, c++, elite, mult, 1
7056608.exe , 10.21,  0.93,  0.71,  0.00,  0.32,  622116498,  620201000,    2000000,  673314179, c++, elite, mult, 1
7056608.exe , 10.21,  0.90,  0.68,  0.00,  0.32,  621847024,  618905000,    2999000,  672926503, c++, elite, mult, 1
7056608.exe , 10.28,  0.91,  0.69,  0.00,  0.32,  621896155,  616965000,    4999000,  672983249, c++, elite, mult, 1
7079101.exe , 10.03,  0.91,  0.69,  0.00,  0.31,  610462992,  607502000,    3002000,  661674004, c++, elite, mult, 1
7079101.exe , 10.06,  0.87,  0.65,  0.00,  0.31,  610656027,  605750000,    4989000,  661722518, c++, elite, mult, 1
7079101.exe , 10.00,  0.90,  0.69,  0.00,  0.31,  610913590,  607937000,    2999000,  662327091, c++, elite, mult, 1
7079101.exe , 10.06,  0.88,  0.66,  0.00,  0.31,  610294575,  605315000,    5002000,  661732246, c++, elite, mult, 1
7079101.exe , 10.05,  0.87,  0.65,  0.00,  0.31,  609732694,  606814000,    2999000,  660816091, c++, elite, mult, 1
7079101.exe , 10.13,  0.89,  0.68,  0.00,  0.31,  610686834,  607749000,    2998000,  661783843, c++, elite, mult, 1
7079101.exe , 10.01,  0.91,  0.69,  0.00,  0.31,  610504170,  605558000,    4996000,  662296510, c++, elite, mult, 1
7079101.exe ,  9.98,  0.88,  0.66,  0.00,  0.31,  610488788,  606524000,    4003000,  662288249, c++, elite, mult, 1
7079101.exe , 10.00,  0.90,  0.68,  0.00,  0.31,  610574066,  607632000,    3003000,  662228810, c++, elite, mult, 1
7079101.exe , 10.03,  0.90,  0.68,  0.00,  0.31,  610739463,  605666000,    4997000,  662063478, c++, elite, mult, 1
7124615.exe ,  9.77,  0.89,  0.68,  0.00,  0.30,  592633036,  588702000,    3991000,  643790272, c++, elite, mult, 1
7124615.exe ,  9.80,  0.88,  0.67,  0.00,  0.30,  592173397,  587246000,    5002000,  643205497, c++, elite, mult, 1
7124615.exe ,  9.78,  0.89,  0.68,  0.00,  0.30,  592377968,  590423000,    2001000,  643442451, c++, elite, mult, 1
7124615.exe ,  9.72,  0.88,  0.67,  0.00,  0.30,  592661952,  589697000,    3003000,  643769190, c++, elite, mult, 1
7124615.exe ,  9.70,  0.87,  0.66,  0.00,  0.30,  592487765,  587562000,    4987000,  643684947, c++, elite, mult, 1
7124615.exe ,  9.79,  0.86,  0.65,  0.00,  0.30,  592612315,  589488000,    3002000,  643871424, c++, elite, mult, 1
7124615.exe ,  9.76,  0.82,  0.62,  0.00,  0.30,  592488352,  586567000,    5995000,  643754275, c++, elite, mult, 1
7124615.exe ,  9.73,  0.87,  0.66,  0.00,  0.30,  593009611,  587870000,    5007000,  644349462, c++, elite, mult, 1
7124615.exe ,  9.68,  0.88,  0.67,  0.00,  0.30,  592487477,  591552000,    1000000,  643885970, c++, elite, mult, 1
7124615.exe ,  9.82,  0.86,  0.65,  0.00,  0.30,  592693579,  586793000,    5987000,  643906679, c++, elite, mult, 1
7167926.exe , 11.06,  0.90,  0.67,  0.00,  0.34,  659826256,  654867000,    4998000,  711022993, c++, elite, mult, 1
7167926.exe , 10.97,  0.90,  0.67,  0.00,  0.34,  661475229,  656454000,    4988000,  712948539, c++, elite, mult, 1
7167926.exe , 10.96,  0.89,  0.66,  0.00,  0.34,  660695581,  658796000,    1999000,  712049727, c++, elite, mult, 1
7167926.exe , 11.03,  0.88,  0.65,  0.00,  0.34,  660730772,  656574000,    4003000,  712114958, c++, elite, mult, 1
7167926.exe , 10.96,  0.94,  0.71,  0.00,  0.34,  660683420,  657714000,    2998000,  712406947, c++, elite, mult, 1
7167926.exe , 10.91,  0.96,  0.73,  0.00,  0.34,  660800747,  657725000,    2998000,  712095312, c++, elite, mult, 1
7167926.exe , 10.96,  0.93,  0.70,  0.00,  0.34,  661279860,  657293000,    4001000,  712484423, c++, elite, mult, 1
7167926.exe , 11.03,  0.91,  0.68,  0.00,  0.34,  660634830,  656666000,    4004000,  712184197, c++, elite, mult, 1
7167926.exe , 10.87,  0.90,  0.67,  0.00,  0.34,  661074241,  657094000,    4000000,  712152109, c++, elite, mult, 1
7167926.exe , 10.90,  0.92,  0.69,  0.00,  0.34,  660708308,  655793000,    4990000,  711656868, c++, elite, mult, 1
7283440.exe , 10.78,  0.93,  0.70,  0.00,  0.33,  647620436,  642659000,    4997000,  699117488, c++, elite, mult, 1
7283440.exe , 10.92,  0.96,  0.73,  0.00,  0.33,  648119015,  645148000,    3000000,  699256274, c++, elite, mult, 1
7283440.exe , 10.93,  0.89,  0.66,  0.00,  0.33,  647650092,  642699000,    4997000,  699057492, c++, elite, mult, 1
7283440.exe , 10.86,  0.96,  0.73,  0.00,  0.33,  648100532,  643081000,    4992000,  699188805, c++, elite, mult, 1
7283440.exe , 10.88,  0.96,  0.73,  0.00,  0.33,  647533761,  646585000,    1000000,  698677621, c++, elite, mult, 1
7283440.exe , 10.92,  0.99,  0.76,  0.00,  0.33,  647089716,  644122000,    3000000,  698498501, c++, elite, mult, 1
7283440.exe , 10.95,  0.98,  0.75,  0.00,  0.33,  648200469,  643146000,    5001000,  699531148, c++, elite, mult, 1
7283440.exe , 10.87,  1.00,  0.77,  0.00,  0.33,  647818267,  642889000,    4999000,  699344438, c++, elite, mult, 1
7283440.exe , 11.11,  0.98,  0.75,  0.00,  0.33,  647906964,  642958000,    4999000,  699573785, c++, elite, mult, 1
7283440.exe , 11.11,  0.96,  0.73,  0.00,  0.33,  647436726,  643563000,    3997000,  698775532, c++, elite, mult, 1
7568135.exe ,  2.72,  0.24,  0.19,  0.00,  0.08,  160413957,  156491000,    4012000,  211595416, c++, elite, mult, 1
7568135.exe ,  2.76,  0.24,  0.18,  0.00,  0.08,  160555436,  156678000,    3966000,  211740500, c++, elite, mult, 1
7568135.exe ,  2.68,  0.24,  0.18,  0.00,  0.08,  160377535,  157426000,    3008000,  211466126, c++, elite, mult, 1
7568135.exe ,  2.72,  0.24,  0.18,  0.00,  0.08,  160320705,  157408000,    3007000,  211125301, c++, elite, mult, 1
7568135.exe ,  2.69,  0.24,  0.18,  0.00,  0.08,  160447751,  154619000,    5946000,  211736914, c++, elite, mult, 1
7568135.exe ,  2.66,  0.24,  0.18,  0.00,  0.08,  160377093,  158458000,    2005000,  211292521, c++, elite, mult, 1
7568135.exe ,  2.84,  0.24,  0.18,  0.00,  0.08,  160455057,  156615000,    3990000,  211978180, c++, elite, mult, 1
7568135.exe ,  2.72,  0.23,  0.17,  0.00,  0.08,  160610308,  159472000,    1002000,  211693338, c++, elite, mult, 1
7568135.exe ,  2.78,  0.24,  0.18,  0.00,  0.08,  160345814,  156475000,    3986000,  211180261, c++, elite, mult, 1
7568135.exe ,  2.69,  0.24,  0.18,  0.00,  0.08,  160397355,  155442000,    5014000,  211523416, c++, elite, mult, 1
7584647.exe , 11.12,  1.00,  0.76,  0.00,  0.34,  659466005,  655472000,    3996000,  710551311, c++, elite, mult, 1
7584647.exe , 11.17,  0.98,  0.75,  0.00,  0.34,  659778671,  654829000,    4998000,  710973886, c++, elite, mult, 1
7584647.exe , 11.12,  0.98,  0.75,  0.00,  0.34,  659501660,  656585000,    2998000,  710985461, c++, elite, mult, 1
7584647.exe , 11.26,  0.99,  0.75,  0.00,  0.34,  659885698,  655811000,    3998000,  711023969, c++, elite, mult, 1
7584647.exe , 11.07,  0.99,  0.75,  0.00,  0.34,  659717869,  656623000,    3002000,  710779559, c++, elite, mult, 1
7584647.exe , 11.29,  1.00,  0.77,  0.00,  0.34,  659834578,  656887000,    2999000,  710831424, c++, elite, mult, 1
7584647.exe , 11.20,  1.00,  0.76,  0.00,  0.34,  659589908,  655566000,    3997000,  710779609, c++, elite, mult, 1
7584647.exe , 11.07,  0.99,  0.75,  0.00,  0.34,  659797220,  657558000,    2001000,  710836307, c++, elite, mult, 1
7584647.exe , 11.26,  0.98,  0.74,  0.00,  0.34,  659962502,  656742000,    2998000,  711212841, c++, elite, mult, 1
7584647.exe , 11.29,  0.97,  0.74,  0.00,  0.34,  659735530,  657588000,    1998000,  710975654, c++, elite, mult, 1
7645678.exe , 10.40,  0.89,  0.67,  0.00,  0.32,  619186595,  615233000,    4001000,  670288686, c++, elite, mult, 1
7645678.exe , 10.41,  0.92,  0.70,  0.00,  0.32,  619096372,  616140000,    3000000,  670150033, c++, elite, mult, 1
7645678.exe , 10.37,  0.92,  0.70,  0.00,  0.32,  619093149,  615153000,    4000000,  670276474, c++, elite, mult, 1
7645678.exe , 10.33,  0.92,  0.70,  0.00,  0.31,  618991895,  615025000,    4000000,  670220317, c++, elite, mult, 1
7645678.exe , 10.62,  0.93,  0.71,  0.00,  0.32,  619244442,  615053000,    3993000,  670614946, c++, elite, mult, 1
7645678.exe , 10.43,  0.92,  0.70,  0.00,  0.32,  619745881,  614688000,    4997000,  670699440, c++, elite, mult, 1
7645678.exe , 10.51,  0.93,  0.71,  0.00,  0.32,  619015059,  616037000,    3000000,  670089976, c++, elite, mult, 1
7645678.exe , 10.64,  0.92,  0.71,  0.00,  0.32,  619094130,  616136000,    3000000,  670314822, c++, elite, mult, 1
7645678.exe , 10.25,  0.93,  0.71,  0.00,  0.32,  619056186,  615776000,    2998000,  670274544, c++, elite, mult, 1
7645678.exe , 10.39,  0.93,  0.71,  0.00,  0.32,  619618572,  614693000,    4989000,  670753662, c++, elite, mult, 1
7854578.exe ,  2.08,  0.19,  0.15,  0.00,  0.07,  120651294,   72844000,   47897000,  171934559, c++, elite, mult, 1
7854578.exe ,  2.04,  0.20,  0.15,  0.00,  0.07,  120968682,   70037000,   51027000,  172134979, c++, elite, mult, 1
7854578.exe ,  2.08,  0.20,  0.16,  0.00,  0.07,  120679153,   70893000,   49925000,  171899494, c++, elite, mult, 1
7854578.exe ,  2.04,  0.20,  0.15,  0.00,  0.07,  120795778,   72905000,   47937000,  172167906, c++, elite, mult, 1
7854578.exe ,  2.06,  0.19,  0.15,  0.00,  0.07,  120810621,   69919000,   50941000,  172461993, c++, elite, mult, 1
7854578.exe ,  2.09,  0.19,  0.15,  0.00,  0.07,  120616415,   81473000,   39227000,  172089440, c++, elite, mult, 1
7854578.exe ,  2.06,  0.20,  0.16,  0.00,  0.07,  120663800,   76442000,   44256000,  171918035, c++, elite, mult, 1
7854578.exe ,  2.09,  0.20,  0.15,  0.00,  0.07,  120484492,   68754000,   51815000,  171784416, c++, elite, mult, 1
7854578.exe ,  2.07,  0.20,  0.15,  0.00,  0.07,  120879906,   77959000,   42977000,  172112076, c++, elite, mult, 1
7854578.exe ,  2.10,  0.19,  0.14,  0.00,  0.07,  120766239,   74908000,   45943000,  171994417, c++, elite, mult, 1
8028684.exe ,  1.02,  0.08,  0.06,  0.00,  0.03,   53183888,   50260000,    3015000,  104311151, c++, elite, mult, 1
8028684.exe ,  0.90,  0.08,  0.06,  0.00,  0.03,   53206462,   50281000,    3016000,  104216630, c++, elite, mult, 1
8028684.exe ,  0.91,  0.08,  0.06,  0.00,  0.03,   53169770,   49249000,    4020000,  104366626, c++, elite, mult, 1
8028684.exe ,  0.96,  0.08,  0.06,  0.00,  0.03,   53215190,   49283000,    4023000,  104825124, c++, elite, mult, 1
8028684.exe ,  0.91,  0.08,  0.06,  0.00,  0.03,   53065861,   49162000,    4013000,  104268202, c++, elite, mult, 1
8028684.exe ,  0.91,  0.08,  0.06,  0.00,  0.03,   53176611,   48256000,    5026000,  104071758, c++, elite, mult, 1
8028684.exe ,  0.90,  0.08,  0.06,  0.00,  0.03,   53166109,   50253000,    3015000,  104030675, c++, elite, mult, 1
8028684.exe ,  0.90,  0.08,  0.06,  0.00,  0.03,   53171804,   48253000,    5026000,  104313079, c++, elite, mult, 1
8028684.exe ,  1.00,  0.08,  0.06,  0.00,  0.03,   53122841,   50233000,    3013000,  104391479, c++, elite, mult, 1
8028684.exe ,  0.91,  0.08,  0.06,  0.00,  0.03,   53153174,   49243000,    4019000,  104319349, c++, elite, mult, 1
8117907.exe , 11.33,  0.98,  0.74,  0.00,  0.34,  664791275,  659632000,    4997000,  716169467, c++, elite, mult, 1
8117907.exe , 11.33,  0.99,  0.75,  0.00,  0.34,  664736729,  661379000,    3001000,  715945781, c++, elite, mult, 1
8117907.exe , 11.16,  1.00,  0.76,  0.00,  0.34,  664417416,  662245000,    2000000,  715592578, c++, elite, mult, 1
8117907.exe , 11.13,  0.98,  0.75,  0.00,  0.34,  663071610,  661163000,    1997000,  714075552, c++, elite, mult, 1
8117907.exe , 11.26,  0.98,  0.74,  0.00,  0.34,  664129857,  659198000,    4993000,  715554229, c++, elite, mult, 1
8117907.exe , 11.23,  0.98,  0.74,  0.00,  0.34,  663821532,  658873000,    4999000,  717863321, c++, elite, mult, 1
8117907.exe , 11.09,  0.98,  0.75,  0.00,  0.34,  663474048,  659506000,    4003000,  714872049, c++, elite, mult, 1
8117907.exe , 11.22,  0.99,  0.75,  0.00,  0.34,  664495847,  661417000,    3001000,  715896554, c++, elite, mult, 1
8117907.exe , 11.08,  0.98,  0.74,  0.00,  0.34,  663438407,  659486000,    4002000,  714982407, c++, elite, mult, 1
8117907.exe , 11.11,  0.99,  0.76,  0.00,  0.34,  663937223,  659947000,    3999000,  715178157, c++, elite, mult, 1
8185719.exe , 10.45,  0.95,  0.72,  0.00,  0.33,  641413384,  636518000,    4988000,  692597665, c++, elite, mult, 1
8185719.exe , 10.55,  0.96,  0.73,  0.00,  0.33,  641314703,  637355000,    4002000,  692410098, c++, elite, mult, 1
8185719.exe , 10.52,  0.96,  0.73,  0.00,  0.33,  641447927,  637452000,    4002000,  692303991, c++, elite, mult, 1
8185719.exe , 10.46,  0.96,  0.73,  0.00,  0.33,  641977440,  636492000,    4996000,  692970575, c++, elite, mult, 1
8185719.exe , 10.68,  0.95,  0.72,  0.00,  0.33,  640873571,  636975000,    3993000,  691993525, c++, elite, mult, 1
8185719.exe , 10.70,  0.92,  0.70,  0.00,  0.33,  640788458,  634871000,    5989000,  691767206, c++, elite, mult, 1
8185719.exe , 10.80,  0.95,  0.72,  0.00,  0.33,  642092302,  638698000,    2998000,  693333031, c++, elite, mult, 1
8185719.exe , 10.79,  0.96,  0.73,  0.00,  0.33,  641556176,  638301000,    3001000,  693037923, c++, elite, mult, 1
8185719.exe , 10.73,  0.95,  0.72,  0.00,  0.33,  641240724,  639270000,    2000000,  693071460, c++, elite, mult, 1
8185719.exe , 10.46,  0.96,  0.73,  0.00,  0.33,  642092556,  639129000,    3000000,  693113375, c++, elite, mult, 1
8249056.exe , 10.50,  0.96,  0.74,  0.00,  0.32,  634365652,  630421000,    3996000,  685615966, c++, elite, mult, 1
8249056.exe , 10.38,  0.95,  0.73,  0.00,  0.32,  634579852,  629442000,    4995000,  685963488, c++, elite, mult, 1
8249056.exe , 10.41,  0.96,  0.73,  0.00,  0.32,  634295455,  631209000,    3000000,  685692807, c++, elite, mult, 1
8249056.exe , 10.35,  0.96,  0.73,  0.00,  0.32,  634298294,  632354000,    2001000,  685753396, c++, elite, mult, 1
8249056.exe , 10.37,  0.96,  0.73,  0.00,  0.32,  634311769,  632345000,    2001000,  685574838, c++, elite, mult, 1
8249056.exe , 10.41,  0.95,  0.72,  0.00,  0.32,  633480046,  629524000,    4003000,  684552602, c++, elite, mult, 1
8249056.exe , 10.33,  0.94,  0.71,  0.00,  0.32,  634253403,  629302000,    5002000,  685472288, c++, elite, mult, 1
8249056.exe , 10.36,  0.95,  0.72,  0.00,  0.32,  634473826,  631518000,    3002000,  685862464, c++, elite, mult, 1
8249056.exe , 10.34,  0.94,  0.72,  0.00,  0.32,  634436648,  632473000,    2001000,  685723336, c++, elite, mult, 1
8249056.exe , 10.35,  0.92,  0.70,  0.00,  0.32,  634016988,  629952000,    3999000,  685324960, c++, elite, mult, 1
8349543.exe , 10.77,  0.87,  0.65,  0.00,  0.33,  646842933,  641519000,    4996000,  698034117, c++, elite, mult, 1
8349543.exe , 10.78,  0.90,  0.67,  0.00,  0.33,  646666297,  643706000,    3003000,  697921285, c++, elite, mult, 1
8349543.exe , 10.82,  0.94,  0.71,  0.00,  0.33,  646148177,  643175000,    3000000,  697140543, c++, elite, mult, 1
8349543.exe , 10.99,  0.95,  0.72,  0.00,  0.33,  646352596,  643136000,    3000000,  697809591, c++, elite, mult, 1
8349543.exe , 10.84,  0.93,  0.70,  0.00,  0.33,  646629155,  641676000,    4997000,  697733290, c++, elite, mult, 1
8349543.exe , 10.71,  0.92,  0.69,  0.00,  0.33,  646239116,  642033000,    4000000,  697282052, c++, elite, mult, 1
8349543.exe , 10.91,  0.93,  0.70,  0.00,  0.33,  646545571,  642291000,    4001000,  697556665, c++, elite, mult, 1
8349543.exe , 10.91,  0.90,  0.67,  0.00,  0.33,  646380384,  642397000,    4002000,  697383599, c++, elite, mult, 1
8349543.exe , 10.68,  0.93,  0.70,  0.00,  0.33,  646197477,  643272000,    3001000,  697248225, c++, elite, mult, 1
8349543.exe , 10.94,  0.94,  0.71,  0.00,  0.33,  646591267,  643260000,    3001000,  697571598, c++, elite, mult, 1
8516128.exe ,  0.97,  0.08,  0.06,  0.00,  0.03,   56914038,   52004000,    5000000,  108304143, c++, elite, mult, 1
8516128.exe ,  0.99,  0.09,  0.07,  0.00,  0.03,   56875776,   51985000,    4998000,  108140919, c++, elite, mult, 1
8516128.exe ,  0.96,  0.09,  0.07,  0.00,  0.03,   57069682,   52080000,    5007000,  108201701, c++, elite, mult, 1
8516128.exe ,  0.97,  0.09,  0.07,  0.00,  0.03,   57017711,   53109000,    4008000,  108550303, c++, elite, mult, 1
8516128.exe ,  1.03,  0.08,  0.06,  0.00,  0.03,   56881093,   52987000,    3999000,  107928937, c++, elite, mult, 1
8516128.exe ,  0.95,  0.08,  0.06,  0.00,  0.03,   56919121,   54963000,    2035000,  107756115, c++, elite, mult, 1
8516128.exe ,  0.94,  0.09,  0.07,  0.00,  0.03,   56794908,   52905000,    3992000,  107688472, c++, elite, mult, 1
8516128.exe ,  0.95,  0.09,  0.07,  0.00,  0.03,   56862608,   51969000,    4997000,  107925588, c++, elite, mult, 1
8516128.exe ,  0.95,  0.08,  0.06,  0.00,  0.03,   56781338,   51894000,    4989000,  107871902, c++, elite, mult, 1
8516128.exe ,  1.04,  0.08,  0.07,  0.00,  0.03,   56913221,   53007000,    4000000,  108049794, c++, elite, mult, 1
