file,psys,pkg,cores,ram,gpu,duration_time,user_time,system_time,perf_time,lang,machine,cores,power_limit
10068806    ,  8.54,  4.16,  4.04,  0.20,  0.00,  389736515,  306556000,   52094000,  427762400, python, iotlab1, mult, 25
10068806    ,  8.00,  4.22,  4.12,  0.17,  0.00,  332874146,  283886000,   48980000,  345271408, python, iotlab1, mult, 25
10068806    ,  7.94,  4.20,  4.10,  0.17,  0.00,  331981649,  275663000,   56135000,  344345805, python, iotlab1, mult, 25
10068806    ,  8.24,  4.36,  4.26,  0.18,  0.00,  343052420,  284020000,   59004000,  355395937, python, iotlab1, mult, 25
10068806    ,  8.09,  4.28,  4.18,  0.17,  0.00,  338251851,  282182000,   56036000,  350770209, python, iotlab1, mult, 25
10068806    ,  8.27,  4.33,  4.22,  0.18,  0.00,  347829776,  288818000,   58962000,  360202897, python, iotlab1, mult, 25
10068806    ,  8.09,  4.23,  4.12,  0.17,  0.00,  338133914,  278088000,   60019000,  350419863, python, iotlab1, mult, 25
10068806    ,  8.25,  4.31,  4.21,  0.18,  0.00,  346818204,  306698000,   40091000,  359260753, python, iotlab1, mult, 25
10068806    ,  8.04,  4.23,  4.13,  0.17,  0.00,  337980194,  275970000,   61993000,  350529510, python, iotlab1, mult, 25
10068806    ,  8.05,  4.21,  4.11,  0.17,  0.00,  333228778,  269174000,   64041000,  345614603, python, iotlab1, mult, 25
10182702    ,  4.43,  2.33,  2.28,  0.12,  0.00,  178610454,  162423000,   15943000,  190911928, python, iotlab1, mult, 25
10182702    ,  4.53,  2.35,  2.30,  0.12,  0.00,  179565147,  163523000,   15953000,  192012960, python, iotlab1, mult, 25
10182702    ,  4.65,  2.36,  2.30,  0.12,  0.00,  183069855,  172982000,    9998000,  195577397, python, iotlab1, mult, 25
10182702    ,  4.49,  2.34,  2.28,  0.12,  0.00,  178907215,  162797000,   16078000,  191355565, python, iotlab1, mult, 25
10182702    ,  4.66,  2.38,  2.32,  0.12,  0.00,  183047793,  169004000,   14000000,  195349966, python, iotlab1, mult, 25
10182702    ,  4.56,  2.39,  2.33,  0.12,  0.00,  182656079,  175609000,    7024000,  195181223, python, iotlab1, mult, 25
10182702    ,  4.48,  2.34,  2.29,  0.12,  0.00,  178963351,  166890000,   12064000,  191545096, python, iotlab1, mult, 25
10182702    ,  4.51,  2.33,  2.28,  0.12,  0.00,  179428108,  163307000,   16030000,  191998037, python, iotlab1, mult, 25
10182702    ,  4.48,  2.34,  2.29,  0.12,  0.00,  179589409,  164607000,   14964000,  191926584, python, iotlab1, mult, 25
10182702    ,  4.50,  2.35,  2.30,  0.12,  0.00,  180410694,  165413000,   14946000,  192781916, python, iotlab1, mult, 25
10296965    ,  8.59,  4.47,  4.36,  0.19,  0.00,  363837167,  304735000,   50955000,  376259115, python, iotlab1, mult, 25
10296965    ,  8.47,  4.38,  4.27,  0.18,  0.00,  353696313,  296569000,   57109000,  366019945, python, iotlab1, mult, 25
10296965    ,  8.32,  4.36,  4.25,  0.18,  0.00,  346669871,  289513000,   57101000,  358988996, python, iotlab1, mult, 25
10296965    ,  8.53,  4.43,  4.33,  0.18,  0.00,  358463821,  294537000,   63899000,  370844669, python, iotlab1, mult, 25
10296965    ,  8.56,  4.46,  4.35,  0.18,  0.00,  359615211,  286665000,   72914000,  372067702, python, iotlab1, mult, 25
10296965    ,  8.60,  4.48,  4.36,  0.18,  0.00,  360238635,  297176000,   63037000,  372667229, python, iotlab1, mult, 25
10296965    ,  8.52,  4.45,  4.34,  0.18,  0.00,  355950776,  315948000,   39993000,  368558917, python, iotlab1, mult, 25
10296965    ,  8.52,  4.42,  4.32,  0.18,  0.00,  355105298,  302983000,   51997000,  367548423, python, iotlab1, mult, 25
10296965    ,  8.43,  4.39,  4.28,  0.18,  0.00,  353715717,  308587000,   45085000,  366136772, python, iotlab1, mult, 25
10296965    ,  8.84,  4.58,  4.47,  0.19,  0.00,  371110498,  312070000,   59013000,  383493505, python, iotlab1, mult, 25
10446382    ,  7.67,  3.97,  3.88,  0.17,  0.00,  324467714,  253164000,   71046000,  336728977, python, iotlab1, mult, 25
10446382    ,  7.73,  3.98,  3.88,  0.17,  0.00,  326475397,  277530000,   48917000,  338728534, python, iotlab1, mult, 25
10446382    ,  7.71,  3.99,  3.89,  0.16,  0.00,  322204381,  270146000,   52028000,  334700603, python, iotlab1, mult, 25
10446382    ,  7.70,  3.98,  3.89,  0.16,  0.00,  325635067,  275667000,   49939000,  338033510, python, iotlab1, mult, 25
10446382    ,  7.67,  3.98,  3.88,  0.16,  0.00,  322024646,  260805000,   61188000,  334408837, python, iotlab1, mult, 25
10446382    ,  7.76,  4.03,  3.94,  0.17,  0.00,  328349278,  264278000,   64067000,  340798253, python, iotlab1, mult, 25
10446382    ,  7.70,  4.00,  3.90,  0.17,  0.00,  326887236,  272864000,   53973000,  339197039, python, iotlab1, mult, 25
10446382    ,  7.96,  4.07,  3.96,  0.17,  0.00,  333634174,  288521000,   45081000,  346119231, python, iotlab1, mult, 25
10446382    ,  7.79,  4.00,  3.91,  0.17,  0.00,  326006476,  261984000,   63996000,  338420219, python, iotlab1, mult, 25
10446382    ,  7.78,  4.01,  3.91,  0.17,  0.00,  326297973,  271181000,   55036000,  338636572, python, iotlab1, mult, 25
10524408    ,  8.79,  4.51,  4.40,  0.19,  0.00,  367633963,  311338000,   56061000,  379917123, python, iotlab1, mult, 25
10524408    ,  8.62,  4.47,  4.36,  0.18,  0.00,  360795497,  305647000,   55116000,  373303637, python, iotlab1, mult, 25
10524408    ,  8.63,  4.46,  4.35,  0.18,  0.00,  359721736,  294762000,   64947000,  372149820, python, iotlab1, mult, 25
10524408    ,  8.55,  4.41,  4.30,  0.18,  0.00,  355165102,  295288000,   59855000,  367500693, python, iotlab1, mult, 25
10524408    ,  8.53,  4.39,  4.29,  0.18,  0.00,  355145493,  298108000,   57020000,  367522625, python, iotlab1, mult, 25
10524408    ,  8.43,  4.38,  4.28,  0.18,  0.00,  350140547,  298053000,   52009000,  362695855, python, iotlab1, mult, 25
10524408    ,  8.66,  4.47,  4.36,  0.18,  0.00,  359574604,  296361000,   63077000,  372047939, python, iotlab1, mult, 25
10524408    ,  8.27,  4.27,  4.17,  0.17,  0.00,  344996523,  296467000,   47913000,  357322850, python, iotlab1, mult, 25
10524408    ,  8.46,  4.40,  4.30,  0.18,  0.00,  354671273,  305646000,   48943000,  367026668, python, iotlab1, mult, 25
10524408    ,  8.64,  4.48,  4.38,  0.18,  0.00,  359110234,  298990000,   59998000,  371621172, python, iotlab1, mult, 25
10536363    ,  2.94,  1.54,  1.50,  0.07,  0.00,  116170301,  107002000,    8916000,  128482277, python, iotlab1, mult, 25
10536363    ,  2.91,  1.53,  1.51,  0.07,  0.00,  115651951,  109586000,    6032000,  128138892, python, iotlab1, mult, 25
10536363    ,  3.05,  1.53,  1.49,  0.07,  0.00,  116987298,  106976000,    9997000,  129438139, python, iotlab1, mult, 25
10536363    ,  3.01,  1.47,  1.44,  0.07,  0.00,  115225513,  107147000,    8011000,  127779056, python, iotlab1, mult, 25
10536363    ,  3.02,  1.48,  1.44,  0.07,  0.00,  115192310,  108161000,    7010000,  127472292, python, iotlab1, mult, 25
10536363    ,  2.95,  1.53,  1.51,  0.07,  0.00,  116905063,  109890000,    6993000,  129211442, python, iotlab1, mult, 25
10536363    ,  2.98,  1.55,  1.51,  0.07,  0.00,  116763730,  107729000,    8977000,  129129756, python, iotlab1, mult, 25
10536363    ,  3.05,  1.52,  1.48,  0.07,  0.00,  117014054,  108997000,    7999000,  129645459, python, iotlab1, mult, 25
10536363    ,  3.06,  1.50,  1.46,  0.07,  0.00,  116254010,  105206000,   11021000,  128687180, python, iotlab1, mult, 25
10536363    ,  3.05,  1.49,  1.46,  0.07,  0.00,  116039289,  106016000,   10001000,  128665550, python, iotlab1, mult, 25
10568853    ,  7.29,  3.61,  3.52,  0.18,  0.00,  290549750,  264444000,   25945000,  303011667, python, iotlab1, mult, 25
10568853    ,  7.16,  3.66,  3.56,  0.18,  0.00,  290493574,  260418000,   29933000,  302765855, python, iotlab1, mult, 25
10568853    ,  7.25,  3.71,  3.61,  0.18,  0.00,  295807575,  262808000,   32975000,  308389044, python, iotlab1, mult, 25
10568853    ,  7.17,  3.58,  3.49,  0.18,  0.00,  287672727,  255696000,   31962000,  300100674, python, iotlab1, mult, 25
10568853    ,  7.11,  3.62,  3.53,  0.18,  0.00,  289977083,  257876000,   31984000,  302371812, python, iotlab1, mult, 25
10568853    ,  7.22,  3.70,  3.61,  0.18,  0.00,  294606989,  262598000,   31951000,  307146207, python, iotlab1, mult, 25
10568853    ,  7.34,  3.67,  3.58,  0.18,  0.00,  295150578,  269125000,   26012000,  307657048, python, iotlab1, mult, 25
10568853    ,  7.20,  3.71,  3.62,  0.18,  0.00,  295213534,  264148000,   31017000,  307714987, python, iotlab1, mult, 25
10568853    ,  7.12,  3.64,  3.54,  0.18,  0.00,  288596447,  255507000,   32936000,  300906810, python, iotlab1, mult, 25
10568853    ,  7.31,  3.66,  3.56,  0.18,  0.00,  293267827,  250153000,   43026000,  305698445, python, iotlab1, mult, 25
11197921    ,  7.29,  3.72,  3.64,  0.16,  0.00,  304649374,  251508000,   52896000,  317071294, python, iotlab1, mult, 25
11197921    ,  7.47,  3.81,  3.72,  0.16,  0.00,  313800995,  246833000,   66954000,  326323791, python, iotlab1, mult, 25
11197921    ,  7.28,  3.74,  3.66,  0.16,  0.00,  308553892,  248430000,   60104000,  320881879, python, iotlab1, mult, 25
11197921    ,  7.21,  3.76,  3.67,  0.15,  0.00,  303092920,  255235000,   47856000,  315496488, python, iotlab1, mult, 25
11197921    ,  7.20,  3.72,  3.62,  0.15,  0.00,  298664279,  247627000,   50923000,  311271950, python, iotlab1, mult, 25
11197921    ,  7.26,  3.77,  3.69,  0.15,  0.00,  301370941,  250453000,   50888000,  313649151, python, iotlab1, mult, 25
11197921    ,  7.25,  3.74,  3.65,  0.15,  0.00,  302121426,  251073000,   51014000,  314552899, python, iotlab1, mult, 25
11197921    ,  7.39,  3.74,  3.65,  0.16,  0.00,  306319809,  244242000,   62061000,  318709536, python, iotlab1, mult, 25
11197921    ,  7.09,  3.64,  3.54,  0.15,  0.00,  295736824,  240798000,   54953000,  308351460, python, iotlab1, mult, 25
11197921    ,  7.24,  3.69,  3.61,  0.15,  0.00,  302737948,  251595000,   51121000,  315303809, python, iotlab1, mult, 25
11253861    ,  4.56,  2.28,  2.22,  0.10,  0.00,  193238203,  168759000,    5991000,  205659973, python, iotlab1, mult, 25
11253861    ,  4.44,  2.34,  2.28,  0.09,  0.00,  173519765,  168497000,    4985000,  185974312, python, iotlab1, mult, 25
11253861    ,  4.52,  2.29,  2.23,  0.09,  0.00,  172335826,  165782000,    5992000,  185145149, python, iotlab1, mult, 25
11253861    ,  4.27,  2.25,  2.21,  0.09,  0.00,  167538421,  165531000,    1994000,  180259571, python, iotlab1, mult, 25
11253861    ,  4.25,  2.26,  2.21,  0.09,  0.00,  170245713,  169222000,    1001000,  182730200, python, iotlab1, mult, 25
11253861    ,  4.25,  2.27,  2.23,  0.09,  0.00,  170447916,  167419000,    3007000,  182983828, python, iotlab1, mult, 25
11253861    ,  4.30,  2.29,  2.24,  0.09,  0.00,  169757709,  164727000,    4991000,  182238535, python, iotlab1, mult, 25
11253861    ,  4.38,  2.31,  2.25,  0.09,  0.00,  171904230,  168868000,    2997000,  184465779, python, iotlab1, mult, 25
11253861    ,  4.29,  2.23,  2.18,  0.09,  0.00,  172022452,  168987000,    2999000,  184462868, python, iotlab1, mult, 25
11253861    ,  4.31,  2.28,  2.24,  0.09,  0.00,  171894912,  169848000,    2010000,  184172420, python, iotlab1, mult, 25
11277264    ,  7.71,  3.97,  3.88,  0.16,  0.00,  321698923,  270573000,   50919000,  333988862, python, iotlab1, mult, 25
11277264    ,  7.88,  4.03,  3.94,  0.17,  0.00,  329321836,  278237000,   51043000,  341704503, python, iotlab1, mult, 25
11277264    ,  7.74,  3.98,  3.88,  0.16,  0.00,  321733736,  268769000,   52954000,  334160075, python, iotlab1, mult, 25
11277264    ,  7.98,  4.08,  3.98,  0.17,  0.00,  330246861,  278117000,   52021000,  342683355, python, iotlab1, mult, 25
11277264    ,  7.64,  3.94,  3.84,  0.16,  0.00,  317582428,  265560000,   51914000,  329981857, python, iotlab1, mult, 25
11277264    ,  7.71,  3.96,  3.86,  0.16,  0.00,  318643054,  249707000,   68919000,  330928078, python, iotlab1, mult, 25
11277264    ,  7.79,  4.02,  3.92,  0.17,  0.00,  323085264,  268962000,   53992000,  335588229, python, iotlab1, mult, 25
11277264    ,  7.71,  3.98,  3.87,  0.16,  0.00,  319094466,  268076000,   51014000,  331654779, python, iotlab1, mult, 25
11277264    ,  7.91,  4.04,  3.93,  0.17,  0.00,  329201482,  275051000,   54010000,  341700427, python, iotlab1, mult, 25
11277264    ,  7.86,  3.96,  3.87,  0.16,  0.00,  320180016,  262110000,   58024000,  332642554, python, iotlab1, mult, 25
11277952    ,  8.03,  4.08,  3.98,  0.17,  0.00,  330940315,  266727000,   63934000,  343489332, python, iotlab1, mult, 25
11277952    ,  7.83,  4.01,  3.91,  0.17,  0.00,  323681842,  260719000,   62932000,  336023794, python, iotlab1, mult, 25
11277952    ,  8.16,  4.15,  4.05,  0.17,  0.00,  338388855,  290270000,   48044000,  350841755, python, iotlab1, mult, 25
11277952    ,  7.89,  4.07,  3.97,  0.17,  0.00,  327137592,  281099000,   46016000,  339580954, python, iotlab1, mult, 25
11277952    ,  7.81,  4.01,  3.91,  0.16,  0.00,  325036220,  270913000,   53982000,  337597863, python, iotlab1, mult, 25
11277952    ,  8.03,  4.12,  4.02,  0.17,  0.00,  334159246,  280115000,   54022000,  346749247, python, iotlab1, mult, 25
11277952    ,  7.83,  4.04,  3.94,  0.17,  0.00,  325645416,  274664000,   50937000,  338264964, python, iotlab1, mult, 25
11277952    ,  8.33,  4.25,  4.06,  0.17,  0.00,  336733824,  279350000,   56867000,  349130784, python, iotlab1, mult, 25
11277952    ,  7.71,  3.98,  3.88,  0.16,  0.00,  320791093,  267801000,   52960000,  333037027, python, iotlab1, mult, 25
11277952    ,  7.99,  4.13,  4.04,  0.17,  0.00,  330841060,  271655000,   59142000,  343136856, python, iotlab1, mult, 25
11336027    ,  3.97,  2.00,  1.95,  0.11,  0.00,  156329655,  143082000,   13007000,  168796918, python, iotlab1, mult, 25
11336027    ,  3.83,  1.98,  1.94,  0.11,  0.00,  154603140,  142528000,   12044000,  166917752, python, iotlab1, mult, 25
11336027    ,  3.83,  1.99,  1.94,  0.11,  0.00,  153860549,  139806000,   13980000,  166389901, python, iotlab1, mult, 25
11336027    ,  3.91,  2.00,  1.95,  0.11,  0.00,  155217567,  144089000,   11006000,  167658002, python, iotlab1, mult, 25
11336027    ,  3.96,  1.99,  1.93,  0.11,  0.00,  153828083,  138724000,   14970000,  166413855, python, iotlab1, mult, 25
11336027    ,  3.90,  1.96,  1.92,  0.11,  0.00,  154489038,  142420000,   12035000,  166900549, python, iotlab1, mult, 25
11336027    ,  3.96,  1.96,  1.90,  0.11,  0.00,  154499464,  138528000,   15945000,  166888454, python, iotlab1, mult, 25
11336027    ,  3.95,  1.95,  1.90,  0.11,  0.00,  154252535,  141231000,   12929000,  166614686, python, iotlab1, mult, 25
11336027    ,  3.95,  2.00,  1.95,  0.11,  0.00,  155930321,  137874000,   17983000,  168318721, python, iotlab1, mult, 25
11336027    ,  4.02,  2.00,  1.94,  0.11,  0.00,  156023943,  141104000,   14905000,  168385938, python, iotlab1, mult, 25
11383036    ,  8.14,  4.24,  4.13,  0.17,  0.00,  335174400,  274933000,   59985000,  347623505, python, iotlab1, mult, 25
11383036    ,  8.53,  4.38,  4.26,  0.18,  0.00,  354754973,  296715000,   57944000,  367162537, python, iotlab1, mult, 25
11383036    ,  8.22,  4.26,  4.13,  0.17,  0.00,  340149171,  278926000,   60983000,  352505356, python, iotlab1, mult, 25
11383036    ,  8.18,  4.27,  4.18,  0.17,  0.00,  343790866,  300683000,   43097000,  356137471, python, iotlab1, mult, 25
11383036    ,  8.09,  4.21,  4.11,  0.17,  0.00,  336823243,  296819000,   39975000,  349277878, python, iotlab1, mult, 25
11383036    ,  8.10,  4.22,  4.11,  0.17,  0.00,  338557976,  288606000,   49931000,  350976494, python, iotlab1, mult, 25
11383036    ,  8.18,  4.23,  4.12,  0.18,  0.00,  343532067,  277587000,   65901000,  355794388, python, iotlab1, mult, 25
11383036    ,  8.22,  4.25,  4.15,  0.18,  0.00,  346221377,  290164000,   56031000,  358689744, python, iotlab1, mult, 25
11383036    ,  8.12,  4.18,  4.07,  0.17,  0.00,  337688278,  286591000,   51105000,  349946565, python, iotlab1, mult, 25
11383036    ,  8.40,  4.32,  4.21,  0.18,  0.00,  350564473,  307603000,   42944000,  362894439, python, iotlab1, mult, 25
11503317    ,  7.90,  4.04,  3.94,  0.17,  0.00,  329881852,  274658000,   54931000,  342251945, python, iotlab1, mult, 25
11503317    ,  8.15,  4.18,  4.07,  0.17,  0.00,  341495590,  276581000,   64901000,  353753119, python, iotlab1, mult, 25
11503317    ,  7.88,  4.07,  3.98,  0.17,  0.00,  333459236,  280967000,   51994000,  345939653, python, iotlab1, mult, 25
11503317    ,  7.87,  4.05,  3.94,  0.17,  0.00,  332607791,  286637000,   45941000,  345066322, python, iotlab1, mult, 25
11503317    ,  7.97,  4.12,  4.03,  0.17,  0.00,  337250978,  285060000,   52011000,  349609270, python, iotlab1, mult, 25
11503317    ,  7.76,  4.01,  3.91,  0.17,  0.00,  324669038,  250725000,   73919000,  337042818, python, iotlab1, mult, 25
11503317    ,  8.01,  4.15,  4.05,  0.17,  0.00,  340462615,  277548000,   62897000,  352806994, python, iotlab1, mult, 25
11503317    ,  7.86,  4.09,  3.99,  0.17,  0.00,  329166065,  268077000,   61017000,  341650639, python, iotlab1, mult, 25
11503317    ,  7.79,  4.00,  3.90,  0.16,  0.00,  322885080,  275891000,   46981000,  335497666, python, iotlab1, mult, 25
11503317    ,  7.76,  3.98,  3.88,  0.16,  0.00,  323912207,  270905000,   52981000,  336375671, python, iotlab1, mult, 25
11701860    ,  8.58,  4.44,  4.34,  0.18,  0.00,  356224655,  295999000,   59999000,  368460913, python, iotlab1, mult, 25
11701860    ,  8.84,  4.61,  4.50,  0.19,  0.00,  365291298,  306377000,   58880000,  377656360, python, iotlab1, mult, 25
11701860    ,  8.87,  4.59,  4.48,  0.19,  0.00,  366513366,  304388000,   62079000,  378797648, python, iotlab1, mult, 25
11701860    ,  8.78,  4.54,  4.42,  0.18,  0.00,  363940851,  310533000,   52920000,  376390011, python, iotlab1, mult, 25
11701860    ,  8.82,  4.53,  4.42,  0.19,  0.00,  363300566,  311375000,   51895000,  375637389, python, iotlab1, mult, 25
11701860    ,  8.71,  4.50,  4.39,  0.18,  0.00,  361793451,  300792000,   60957000,  374130390, python, iotlab1, mult, 25
11701860    ,  8.86,  4.57,  4.46,  0.19,  0.00,  368724284,  301591000,   67131000,  381201776, python, iotlab1, mult, 25
11701860    ,  8.68,  4.52,  4.41,  0.18,  0.00,  362228190,  314318000,   47896000,  374641760, python, iotlab1, mult, 25
11701860    ,  8.80,  4.57,  4.47,  0.19,  0.00,  367144861,  311078000,   56014000,  379525875, python, iotlab1, mult, 25
11701860    ,  8.89,  4.59,  4.47,  0.19,  0.00,  371375317,  309461000,   61892000,  383712141, python, iotlab1, mult, 25
11705826    ,  6.12,  3.15,  3.07,  0.15,  0.00,  249884830,  214702000,   34951000,  263036836, python, iotlab1, mult, 25
11705826    ,  6.33,  3.17,  3.09,  0.15,  0.00,  253901916,  219752000,   34116000,  266224720, python, iotlab1, mult, 25
11705826    ,  6.28,  3.16,  3.08,  0.15,  0.00,  250497002,  223413000,   27050000,  262993971, python, iotlab1, mult, 25
11705826    ,  6.29,  3.17,  3.10,  0.15,  0.00,  253481448,  217385000,   36063000,  265884030, python, iotlab1, mult, 25
11705826    ,  6.21,  3.17,  3.09,  0.15,  0.00,  253306333,  218238000,   35038000,  265748755, python, iotlab1, mult, 25
11705826    ,  6.27,  3.17,  3.09,  0.15,  0.00,  249937129,  221893000,   27986000,  262395653, python, iotlab1, mult, 25
11705826    ,  6.30,  3.20,  3.13,  0.15,  0.00,  253624318,  227639000,   25958000,  266089559, python, iotlab1, mult, 25
11705826    ,  6.30,  3.19,  3.11,  0.15,  0.00,  251045669,  215017000,   36002000,  263455385, python, iotlab1, mult, 25
11705826    ,  6.24,  3.18,  3.10,  0.15,  0.00,  251171232,  220257000,   30895000,  263616526, python, iotlab1, mult, 25
11705826    ,  6.22,  3.19,  3.12,  0.15,  0.00,  250560350,  219446000,   31063000,  263185754, python, iotlab1, mult, 25
11715891    ,  7.93,  4.11,  4.01,  0.17,  0.00,  329161060,  275919000,   52984000,  341531728, python, iotlab1, mult, 25
11715891    ,  8.02,  4.16,  4.05,  0.17,  0.00,  331169617,  287128000,   44019000,  343476545, python, iotlab1, mult, 25
11715891    ,  7.81,  4.09,  3.99,  0.16,  0.00,  324052127,  267983000,   55996000,  336472425, python, iotlab1, mult, 25
11715891    ,  7.80,  4.05,  3.96,  0.16,  0.00,  323038472,  279022000,   44003000,  335411276, python, iotlab1, mult, 25
11715891    ,  7.83,  4.09,  3.99,  0.17,  0.00,  324761758,  272766000,   51955000,  337168277, python, iotlab1, mult, 25
11715891    ,  7.86,  4.10,  3.99,  0.17,  0.00,  323197964,  270058000,   53011000,  335545548, python, iotlab1, mult, 25
11715891    ,  7.88,  4.12,  4.03,  0.17,  0.00,  326971507,  271952000,   54990000,  339389122, python, iotlab1, mult, 25
11715891    ,  7.85,  4.06,  3.96,  0.17,  0.00,  325784160,  270676000,   54934000,  338198196, python, iotlab1, mult, 25
11715891    ,  7.90,  4.11,  4.01,  0.17,  0.00,  327172307,  275126000,   52023000,  339471345, python, iotlab1, mult, 25
11715891    ,  8.02,  4.15,  4.05,  0.17,  0.00,  334038589,  275009000,   59002000,  346428784, python, iotlab1, mult, 25
11776468    ,  9.04,  4.69,  4.58,  0.19,  0.00,  378154503,  326793000,   51124000,  390450049, python, iotlab1, mult, 25
11776468    ,  8.79,  4.57,  4.46,  0.19,  0.00,  367053451,  308610000,   57926000,  379528152, python, iotlab1, mult, 25
11776468    ,  8.67,  4.53,  4.41,  0.18,  0.00,  361308405,  306271000,   54869000,  373692392, python, iotlab1, mult, 25
11776468    ,  9.30,  4.92,  4.81,  0.19,  0.00,  365908494,  313201000,   52200000,  378360759, python, iotlab1, mult, 25
11776468    ,  9.22,  4.84,  4.73,  0.19,  0.00,  366179485,  297053000,   69012000,  378887211, python, iotlab1, mult, 25
11776468    ,  8.87,  4.57,  4.46,  0.19,  0.00,  368726091,  315756000,   52959000,  381147006, python, iotlab1, mult, 25
11776468    ,  8.93,  4.60,  4.49,  0.19,  0.00,  370921671,  323925000,   46989000,  383262425, python, iotlab1, mult, 25
11776468    , 10.16,  5.36,  5.25,  0.21,  0.00,  370403016,  309181000,   60230000,  382944504, python, iotlab1, mult, 25
11776468    ,  9.07,  4.55,  4.45,  0.18,  0.00,  363480535,  310376000,   53064000,  376573823, python, iotlab1, mult, 25
11776468    ,  8.81,  4.52,  4.41,  0.19,  0.00,  365138585,  298243000,   66830000,  377500894, python, iotlab1, mult, 25
1181327     ,  6.06,  3.07,  3.00,  0.15,  0.00,  245313049,  215217000,   29891000,  257759161, python, iotlab1, mult, 25
1181327     ,  6.14,  3.14,  3.07,  0.15,  0.00,  249154407,  213120000,   36020000,  261574308, python, iotlab1, mult, 25
1181327     ,  6.04,  3.03,  2.95,  0.15,  0.00,  241266752,  207233000,   34038000,  253765452, python, iotlab1, mult, 25
1181327     ,  6.12,  3.07,  2.99,  0.15,  0.00,  246002690,  212113000,   33858000,  258399466, python, iotlab1, mult, 25
1181327     ,  6.16,  3.11,  3.04,  0.15,  0.00,  247876324,  216742000,   31106000,  260429808, python, iotlab1, mult, 25
1181327     ,  6.10,  3.08,  3.00,  0.15,  0.00,  246731315,  213618000,   33095000,  259151756, python, iotlab1, mult, 25
1181327     ,  6.03,  3.07,  2.98,  0.15,  0.00,  244332375,  207379000,   36889000,  256692133, python, iotlab1, mult, 25
1181327     ,  6.09,  3.05,  2.97,  0.15,  0.00,  244147041,  208275000,   35875000,  256582975, python, iotlab1, mult, 25
1181327     ,  5.97,  3.04,  2.96,  0.15,  0.00,  241213552,  209171000,   32026000,  253737350, python, iotlab1, mult, 25
1181327     ,  6.08,  3.08,  3.00,  0.15,  0.00,  244937720,  209917000,   34986000,  257333999, python, iotlab1, mult, 25
11905715    ,  7.96,  4.08,  3.97,  0.17,  0.00,  328341816,  275283000,   52862000,  340637660, python, iotlab1, mult, 25
11905715    ,  7.81,  4.06,  3.96,  0.17,  0.00,  326123872,  264041000,   62009000,  338613147, python, iotlab1, mult, 25
11905715    ,  7.64,  3.97,  3.88,  0.16,  0.00,  319196391,  268144000,   51027000,  331587241, python, iotlab1, mult, 25
11905715    ,  7.86,  4.03,  3.94,  0.17,  0.00,  325883761,  287783000,   37971000,  338345855, python, iotlab1, mult, 25
11905715    ,  7.95,  4.10,  4.01,  0.17,  0.00,  333946399,  275041000,   58795000,  346424079, python, iotlab1, mult, 25
11905715    ,  7.98,  4.16,  4.05,  0.17,  0.00,  331193046,  277282000,   53860000,  343808278, python, iotlab1, mult, 25
11905715    ,  7.80,  4.04,  3.94,  0.16,  0.00,  324834106,  274840000,   49971000,  337354148, python, iotlab1, mult, 25
11905715    ,  7.92,  4.08,  3.99,  0.17,  0.00,  330306138,  273242000,   57050000,  342803890, python, iotlab1, mult, 25
11905715    ,  7.79,  4.00,  3.91,  0.16,  0.00,  322432155,  270333000,   52064000,  335094130, python, iotlab1, mult, 25
11905715    ,  8.05,  4.15,  4.05,  0.17,  0.00,  336862687,  274478000,   61882000,  349386685, python, iotlab1, mult, 25
11976460    ,  7.37,  3.77,  3.68,  0.16,  0.00,  308361494,  252134000,   55808000,  320772182, python, iotlab1, mult, 25
11976460    ,  7.62,  3.83,  3.73,  0.16,  0.00,  309651465,  253517000,   56114000,  322084160, python, iotlab1, mult, 25
11976460    ,  7.42,  3.84,  3.74,  0.16,  0.00,  309845470,  256861000,   52971000,  322395804, python, iotlab1, mult, 25
11976460    ,  7.39,  3.77,  3.68,  0.16,  0.00,  307093495,  252048000,   55010000,  319414030, python, iotlab1, mult, 25
11976460    ,  7.34,  3.78,  3.68,  0.16,  0.00,  305465812,  243353000,   62090000,  317874172, python, iotlab1, mult, 25
11976460    ,  7.33,  3.75,  3.65,  0.16,  0.00,  303810051,  252816000,   50963000,  316367719, python, iotlab1, mult, 25
11976460    ,  7.18,  3.71,  3.61,  0.15,  0.00,  298785619,  231747000,   66926000,  311282355, python, iotlab1, mult, 25
11976460    ,  7.10,  3.64,  3.54,  0.15,  0.00,  293439231,  228322000,   65091000,  305847161, python, iotlab1, mult, 25
11976460    ,  7.35,  3.78,  3.69,  0.16,  0.00,  305958817,  242943000,   62985000,  318370366, python, iotlab1, mult, 25
11976460    ,  7.30,  3.76,  3.67,  0.16,  0.00,  307326345,  249427000,   57867000,  319652046, python, iotlab1, mult, 25
12163975    ,  3.46,  1.70,  1.66,  0.08,  0.00,  136236224,  124979000,   11086000,  148563168, python, iotlab1, mult, 25
12163975    ,  3.53,  1.73,  1.69,  0.08,  0.00,  135196968,  125151000,   10012000,  147672083, python, iotlab1, mult, 25
12163975    ,  3.48,  1.79,  1.75,  0.08,  0.00,  135905334,  130783000,    4991000,  148416448, python, iotlab1, mult, 25
12163975    ,  3.38,  1.76,  1.72,  0.08,  0.00,  133680312,  122610000,   10965000,  146201928, python, iotlab1, mult, 25
12163975    ,  3.54,  1.74,  1.69,  0.08,  0.00,  134295596,  124172000,   10013000,  146780617, python, iotlab1, mult, 25
12163975    ,  3.46,  1.81,  1.77,  0.08,  0.00,  137257956,  130150000,    7008000,  149651678, python, iotlab1, mult, 25
12163975    ,  3.43,  1.80,  1.76,  0.08,  0.00,  136121417,  127994000,    7999000,  148519923, python, iotlab1, mult, 25
12163975    ,  3.40,  1.78,  1.74,  0.08,  0.00,  135382827,  128374000,    6966000,  147636735, python, iotlab1, mult, 25
12163975    ,  3.43,  1.76,  1.72,  0.08,  0.00,  135112852,  125069000,   10005000,  147606007, python, iotlab1, mult, 25
12163975    ,  3.44,  1.77,  1.73,  0.08,  0.00,  135332594,  129283000,    6013000,  147656356, python, iotlab1, mult, 25
1273345     ,  8.84,  4.55,  4.45,  0.19,  0.00,  367460221,  312023000,   54828000,  379987048, python, iotlab1, mult, 25
1273345     ,  9.10,  4.73,  4.61,  0.19,  0.00,  376509388,  323325000,   53053000,  388938094, python, iotlab1, mult, 25
1273345     ,  8.90,  4.65,  4.54,  0.19,  0.00,  369020120,  325887000,   43117000,  381378086, python, iotlab1, mult, 25
1273345     ,  8.81,  4.59,  4.48,  0.19,  0.00,  363992307,  307903000,   55982000,  376578392, python, iotlab1, mult, 25
1273345     ,  9.13,  4.72,  4.61,  0.19,  0.00,  379808960,  313846000,   65967000,  392165256, python, iotlab1, mult, 25
1273345     ,  9.03,  4.70,  4.58,  0.19,  0.00,  371161473,  314117000,   57021000,  383431939, python, iotlab1, mult, 25
1273345     ,  8.97,  4.66,  4.55,  0.19,  0.00,  371521261,  327585000,   43944000,  383948048, python, iotlab1, mult, 25
1273345     ,  8.73,  4.57,  4.46,  0.18,  0.00,  362308124,  317384000,   44912000,  374607849, python, iotlab1, mult, 25
1273345     ,  9.02,  4.67,  4.56,  0.19,  0.00,  376285146,  327135000,   49020000,  388779762, python, iotlab1, mult, 25
1273345     ,  9.04,  4.71,  4.59,  0.19,  0.00,  376004662,  328981000,   46997000,  388395431, python, iotlab1, mult, 25
12752118    ,  8.90,  4.64,  4.54,  0.19,  0.00,  369469641,  310395000,   58885000,  381753704, python, iotlab1, mult, 25
12752118    ,  8.84,  4.60,  4.50,  0.19,  0.00,  368378868,  303467000,   64886000,  380773372, python, iotlab1, mult, 25
12752118    ,  8.85,  4.61,  4.50,  0.19,  0.00,  368076458,  308041000,   60008000,  380829347, python, iotlab1, mult, 25
12752118    ,  8.89,  4.65,  4.54,  0.19,  0.00,  368863169,  309868000,   58974000,  381296114, python, iotlab1, mult, 25
12752118    ,  8.79,  4.59,  4.48,  0.18,  0.00,  362849020,  298780000,   63953000,  375294957, python, iotlab1, mult, 25
12752118    ,  8.81,  4.56,  4.45,  0.19,  0.00,  363356535,  321810000,   40975000,  375753036, python, iotlab1, mult, 25
12752118    ,  8.85,  4.61,  4.49,  0.19,  0.00,  366634021,  312670000,   53943000,  378970455, python, iotlab1, mult, 25
12752118    ,  8.97,  4.64,  4.53,  0.19,  0.00,  372715557,  322577000,   50089000,  385018620, python, iotlab1, mult, 25
12752118    ,  8.68,  4.52,  4.41,  0.18,  0.00,  359292169,  303385000,   55886000,  371745297, python, iotlab1, mult, 25
12752118    ,  9.10,  4.69,  4.58,  0.19,  0.00,  379006274,  328984000,   49997000,  391293768, python, iotlab1, mult, 25
12757971    ,  7.70,  3.97,  3.88,  0.16,  0.00,  322591721,  255465000,   66860000,  335886690, python, iotlab1, mult, 25
12757971    ,  7.81,  4.09,  3.99,  0.17,  0.00,  324801918,  263833000,   60961000,  337167551, python, iotlab1, mult, 25
12757971    ,  7.82,  4.08,  3.99,  0.16,  0.00,  323656228,  274656000,   48938000,  336208901, python, iotlab1, mult, 25
12757971    ,  7.90,  4.12,  4.02,  0.17,  0.00,  327887867,  276882000,   50978000,  340236703, python, iotlab1, mult, 25
12757971    ,  7.80,  4.05,  3.96,  0.16,  0.00,  322097329,  261058000,   61013000,  334351301, python, iotlab1, mult, 25
12757971    ,  7.71,  4.00,  3.90,  0.16,  0.00,  316789487,  254669000,   61919000,  329400587, python, iotlab1, mult, 25
12757971    ,  7.84,  4.05,  3.95,  0.16,  0.00,  323803715,  269548000,   54110000,  336304037, python, iotlab1, mult, 25
12757971    ,  7.76,  4.05,  3.95,  0.16,  0.00,  319964713,  262851000,   56967000,  332541481, python, iotlab1, mult, 25
12757971    ,  7.85,  4.03,  3.94,  0.17,  0.00,  326260363,  280201000,   46033000,  338596254, python, iotlab1, mult, 25
12757971    ,  7.62,  3.97,  3.88,  0.16,  0.00,  315364118,  271416000,   43905000,  327726174, python, iotlab1, mult, 25
12788084    ,  7.48,  3.83,  3.74,  0.16,  0.00,  312485531,  265218000,   47038000,  324900029, python, iotlab1, mult, 25
12788084    ,  7.61,  3.90,  3.81,  0.16,  0.00,  314544849,  263549000,   50912000,  326892685, python, iotlab1, mult, 25
12788084    ,  7.44,  3.83,  3.74,  0.16,  0.00,  310139969,  251118000,   59027000,  322684901, python, iotlab1, mult, 25
12788084    ,  7.52,  3.86,  3.76,  0.16,  0.00,  310526273,  266435000,   44072000,  323098244, python, iotlab1, mult, 25
12788084    ,  7.66,  3.95,  3.87,  0.16,  0.00,  318656489,  268671000,   49938000,  330986439, python, iotlab1, mult, 25
12788084    ,  7.59,  3.87,  3.77,  0.16,  0.00,  317489255,  270397000,   47069000,  329904605, python, iotlab1, mult, 25
12788084    ,  7.56,  3.88,  3.78,  0.16,  0.00,  314122246,  251622000,   61907000,  326608329, python, iotlab1, mult, 25
12788084    ,  7.59,  3.91,  3.82,  0.16,  0.00,  318426445,  255308000,   63076000,  330802657, python, iotlab1, mult, 25
12788084    ,  7.46,  3.84,  3.75,  0.16,  0.00,  309191794,  263039000,   46006000,  321517778, python, iotlab1, mult, 25
12788084    ,  7.34,  3.78,  3.69,  0.16,  0.00,  305243576,  253173000,   52035000,  318168886, python, iotlab1, mult, 25
12967770    ,  8.55,  4.41,  4.31,  0.18,  0.00,  352121659,  288811000,   62958000,  364420468, python, iotlab1, mult, 25
12967770    ,  8.60,  4.43,  4.32,  0.18,  0.00,  355570883,  298382000,   57073000,  368052172, python, iotlab1, mult, 25
12967770    ,  8.41,  4.36,  4.25,  0.18,  0.00,  349116414,  287046000,   62010000,  361543859, python, iotlab1, mult, 25
12967770    ,  8.44,  4.34,  4.24,  0.18,  0.00,  346804752,  286814000,   59961000,  359274968, python, iotlab1, mult, 25
12967770    ,  8.27,  4.27,  4.17,  0.17,  0.00,  342359451,  277455000,   64872000,  354748577, python, iotlab1, mult, 25
12967770    ,  8.36,  4.35,  4.25,  0.18,  0.00,  346511975,  295554000,   50923000,  358777984, python, iotlab1, mult, 25
12967770    ,  8.41,  4.34,  4.24,  0.18,  0.00,  345905168,  285686000,   60144000,  358367935, python, iotlab1, mult, 25
12967770    ,  8.57,  4.40,  4.29,  0.18,  0.00,  348807332,  295708000,   52947000,  361454632, python, iotlab1, mult, 25
12967770    ,  8.66,  4.49,  4.38,  0.18,  0.00,  360765523,  306783000,   53961000,  373165458, python, iotlab1, mult, 25
12967770    ,  8.36,  4.32,  4.22,  0.18,  0.00,  348025645,  291194000,   56842000,  360506056, python, iotlab1, mult, 25
13024990    ,  9.12,  4.67,  4.55,  0.19,  0.00,  375762370,  334316000,   41038000,  388166073, python, iotlab1, mult, 25
13024990    ,  8.83,  4.57,  4.46,  0.18,  0.00,  363362942,  313295000,   50047000,  375721085, python, iotlab1, mult, 25
13024990    ,  9.03,  4.67,  4.55,  0.19,  0.00,  374596269,  309585000,   64913000,  386996432, python, iotlab1, mult, 25
13024990    ,  8.77,  4.53,  4.42,  0.18,  0.00,  362838314,  308678000,   54118000,  375144098, python, iotlab1, mult, 25
13024990    ,  8.76,  4.54,  4.44,  0.18,  0.00,  363271693,  309207000,   54036000,  375680701, python, iotlab1, mult, 25
13024990    ,  8.85,  4.57,  4.46,  0.19,  0.00,  364261677,  308200000,   56036000,  376665735, python, iotlab1, mult, 25
13024990    ,  8.92,  4.66,  4.54,  0.19,  0.00,  371254917,  315747000,   54956000,  383621405, python, iotlab1, mult, 25
13024990    ,  8.91,  4.60,  4.43,  0.18,  0.00,  360862054,  300867000,   59973000,  373316403, python, iotlab1, mult, 25
13024990    ,  8.80,  4.60,  4.49,  0.19,  0.00,  363904410,  308736000,   55131000,  376197940, python, iotlab1, mult, 25
13024990    ,  8.69,  4.54,  4.42,  0.18,  0.00,  360039936,  304012000,   56002000,  372359305, python, iotlab1, mult, 25
13280240    ,  8.31,  4.34,  4.23,  0.18,  0.00,  344095986,  278776000,   64947000,  356575187, python, iotlab1, mult, 25
13280240    ,  8.25,  4.26,  4.16,  0.17,  0.00,  341814015,  285830000,   55966000,  354164697, python, iotlab1, mult, 25
13280240    ,  8.53,  4.39,  4.28,  0.18,  0.00,  353823212,  296977000,   56804000,  366206261, python, iotlab1, mult, 25
13280240    ,  8.58,  4.41,  4.30,  0.18,  0.00,  357758173,  302593000,   55108000,  370265833, python, iotlab1, mult, 25
13280240    ,  8.38,  4.32,  4.21,  0.18,  0.00,  347816748,  290768000,   56954000,  360303441, python, iotlab1, mult, 25
13280240    ,  8.44,  4.34,  4.23,  0.18,  0.00,  347647942,  291530000,   56102000,  360169069, python, iotlab1, mult, 25
13280240    ,  8.41,  4.34,  4.23,  0.18,  0.00,  347882188,  288753000,   59154000,  360332471, python, iotlab1, mult, 25
13280240    ,  8.31,  4.29,  4.18,  0.18,  0.00,  343153770,  288065000,   55012000,  355493220, python, iotlab1, mult, 25
13280240    ,  8.32,  4.32,  4.22,  0.18,  0.00,  344617259,  289507000,   55096000,  356954593, python, iotlab1, mult, 25
13280240    ,  8.53,  4.42,  4.32,  0.18,  0.00,  355514604,  298568000,   56917000,  367976210, python, iotlab1, mult, 25
13304889    ,  8.05,  4.15,  4.05,  0.17,  0.00,  331857236,  275579000,   55914000,  344244879, python, iotlab1, mult, 25
13304889    ,  8.14,  4.20,  4.09,  0.17,  0.00,  336893820,  289860000,   46977000,  349278178, python, iotlab1, mult, 25
13304889    ,  8.05,  4.13,  4.04,  0.17,  0.00,  332785620,  281793000,   50962000,  345196257, python, iotlab1, mult, 25
13304889    ,  8.18,  4.20,  4.11,  0.17,  0.00,  338056840,  281043000,   57008000,  350507376, python, iotlab1, mult, 25
13304889    ,  8.10,  4.17,  4.07,  0.17,  0.00,  337112614,  295065000,   42009000,  349549919, python, iotlab1, mult, 25
13304889    ,  8.08,  4.18,  4.08,  0.17,  0.00,  336392020,  290456000,   45914000,  348823863, python, iotlab1, mult, 25
13304889    ,  8.11,  4.20,  4.10,  0.17,  0.00,  337098570,  286237000,   50864000,  349473659, python, iotlab1, mult, 25
13304889    ,  8.07,  4.16,  4.06,  0.17,  0.00,  336608662,  293095000,   43013000,  348969727, python, iotlab1, mult, 25
13304889    ,  8.33,  4.30,  4.20,  0.17,  0.00,  344977951,  291959000,   52992000,  357542352, python, iotlab1, mult, 25
13304889    ,  8.23,  4.24,  4.14,  0.17,  0.00,  338142765,  289102000,   49017000,  350816715, python, iotlab1, mult, 25
13541112    ,  8.15,  4.23,  4.12,  0.17,  0.00,  339560851,  293275000,   46043000,  352578019, python, iotlab1, mult, 25
13541112    ,  8.00,  4.16,  4.06,  0.17,  0.00,  333246009,  268102000,   65024000,  345658524, python, iotlab1, mult, 25
13541112    ,  8.09,  4.17,  4.06,  0.17,  0.00,  337268911,  271774000,   64946000,  349703511, python, iotlab1, mult, 25
13541112    ,  7.99,  4.11,  4.01,  0.17,  0.00,  327581556,  264660000,   62919000,  339929971, python, iotlab1, mult, 25
13541112    ,  8.02,  4.14,  4.04,  0.17,  0.00,  333906933,  282755000,   51136000,  346269975, python, iotlab1, mult, 25
13541112    ,  7.86,  4.07,  3.97,  0.17,  0.00,  325885753,  266892000,   58976000,  338469372, python, iotlab1, mult, 25
13541112    ,  8.21,  4.20,  4.09,  0.17,  0.00,  339628150,  291520000,   48085000,  351882956, python, iotlab1, mult, 25
13541112    ,  7.93,  4.09,  3.98,  0.17,  0.00,  330572164,  275074000,   55014000,  342877670, python, iotlab1, mult, 25
13541112    ,  8.16,  4.19,  4.10,  0.17,  0.00,  338227386,  277165000,   61036000,  350652422, python, iotlab1, mult, 25
13541112    ,  8.02,  4.15,  4.04,  0.17,  0.00,  332464975,  285384000,   47063000,  344840773, python, iotlab1, mult, 25
13584302    ,  5.78,  3.02,  2.95,  0.14,  0.00,  230634818,  217404000,   12964000,  242901806, python, iotlab1, mult, 25
13584302    ,  5.89,  3.10,  3.03,  0.14,  0.00,  235088937,  221991000,   12999000,  247453608, python, iotlab1, mult, 25
13584302    ,  5.92,  3.12,  3.03,  0.14,  0.00,  235286680,  223237000,   12012000,  248128977, python, iotlab1, mult, 25
13584302    ,  5.93,  3.04,  2.98,  0.14,  0.00,  232358221,  223350000,    8973000,  244769271, python, iotlab1, mult, 25
13584302    ,  5.90,  3.08,  3.00,  0.14,  0.00,  233297365,  225250000,    8008000,  245738581, python, iotlab1, mult, 25
13584302    ,  6.09,  2.99,  2.92,  0.14,  0.00,  232181502,  224145000,    8005000,  244530630, python, iotlab1, mult, 25
13584302    ,  5.84,  3.03,  2.96,  0.14,  0.00,  231845584,  221829000,    9992000,  244278126, python, iotlab1, mult, 25
13584302    ,  5.91,  3.06,  2.98,  0.14,  0.00,  233719430,  222694000,   10984000,  246078863, python, iotlab1, mult, 25
13584302    ,  5.89,  3.05,  2.98,  0.14,  0.00,  232245450,  221199000,   11009000,  244642166, python, iotlab1, mult, 25
13584302    ,  5.82,  3.02,  2.94,  0.14,  0.00,  229159565,  219091000,   10004000,  241472917, python, iotlab1, mult, 25
13600192    ,  7.29,  3.77,  3.68,  0.15,  0.00,  290183780,  270893000,   19062000,  302602503, python, iotlab1, mult, 25
13600192    ,  7.28,  3.61,  3.53,  0.15,  0.00,  286414963,  260343000,   26034000,  298824904, python, iotlab1, mult, 25
13600192    ,  7.36,  3.62,  3.53,  0.15,  0.00,  287729197,  259652000,   27962000,  300002606, python, iotlab1, mult, 25
13600192    ,  7.36,  3.66,  3.58,  0.15,  0.00,  289496944,  260368000,   29041000,  301790939, python, iotlab1, mult, 25
13600192    ,  7.27,  3.57,  3.48,  0.15,  0.00,  283048597,  263024000,   20001000,  295481327, python, iotlab1, mult, 25
13600192    ,  7.19,  3.51,  3.43,  0.15,  0.00,  281058890,  258969000,   21997000,  293465779, python, iotlab1, mult, 25
13600192    ,  7.48,  3.63,  3.53,  0.15,  0.00,  290800451,  262685000,   27966000,  303194270, python, iotlab1, mult, 25
13600192    ,  7.36,  3.59,  3.50,  0.15,  0.00,  286571668,  260505000,   25950000,  299012489, python, iotlab1, mult, 25
13600192    ,  7.43,  3.61,  3.52,  0.15,  0.00,  290040997,  267016000,   23001000,  302441713, python, iotlab1, mult, 25
13600192    ,  6.95,  3.65,  3.57,  0.15,  0.00,  283611592,  255623000,   27958000,  296055457, python, iotlab1, mult, 25
13614768    ,  7.82,  4.05,  3.97,  0.17,  0.00,  325798746,  262494000,   63118000,  338298761, python, iotlab1, mult, 25
13614768    ,  8.02,  4.14,  4.03,  0.17,  0.00,  335691765,  279732000,   55946000,  348154423, python, iotlab1, mult, 25
13614768    ,  7.90,  4.09,  3.99,  0.17,  0.00,  326597323,  277506000,   48913000,  339129006, python, iotlab1, mult, 25
13614768    ,  7.78,  4.03,  3.93,  0.16,  0.00,  323014749,  279857000,   43132000,  335341489, python, iotlab1, mult, 25
13614768    ,  8.12,  4.18,  4.09,  0.17,  0.00,  337481014,  281378000,   56075000,  349771992, python, iotlab1, mult, 25
13614768    ,  8.10,  4.15,  4.05,  0.17,  0.00,  335293350,  284378000,   50888000,  347688108, python, iotlab1, mult, 25
13614768    ,  7.77,  4.04,  3.94,  0.16,  0.00,  321823522,  270760000,   50954000,  334213860, python, iotlab1, mult, 25
13614768    ,  7.98,  4.11,  4.01,  0.17,  0.00,  330835656,  290752000,   39965000,  343372943, python, iotlab1, mult, 25
13614768    ,  7.97,  4.10,  4.00,  0.17,  0.00,  332319767,  285135000,   47022000,  344751135, python, iotlab1, mult, 25
13614768    ,  8.00,  4.11,  4.01,  0.17,  0.00,  333679661,  282711000,   50948000,  346138535, python, iotlab1, mult, 25
13690526    ,  6.09,  3.08,  3.01,  0.13,  0.00,  246278040,  221013000,   25001000,  258727640, python, iotlab1, mult, 25
13690526    ,  6.03,  2.99,  2.92,  0.13,  0.00,  241136246,  208091000,   33014000,  253687403, python, iotlab1, mult, 25
13690526    ,  6.29,  3.21,  3.13,  0.13,  0.00,  257847453,  233842000,   23983000,  270250269, python, iotlab1, mult, 25
13690526    ,  6.00,  3.08,  3.00,  0.13,  0.00,  242755477,  215758000,   26969000,  255062952, python, iotlab1, mult, 25
13690526    ,  6.01,  3.09,  3.01,  0.13,  0.00,  243922015,  217901000,   25988000,  256296499, python, iotlab1, mult, 25
13690526    ,  5.90,  3.03,  2.95,  0.13,  0.00,  239215466,  218158000,   21015000,  251651304, python, iotlab1, mult, 25
13690526    ,  6.15,  3.07,  2.99,  0.13,  0.00,  245030968,  214898000,   29985000,  257523248, python, iotlab1, mult, 25
13690526    ,  5.93,  3.05,  2.99,  0.13,  0.00,  242828435,  217815000,   24978000,  255092081, python, iotlab1, mult, 25
13690526    ,  7.32,  3.94,  3.86,  0.15,  0.00,  247746992,  221771000,   25973000,  260064377, python, iotlab1, mult, 25
13690526    ,  5.96,  3.02,  2.95,  0.12,  0.00,  240074658,  217001000,   23000000,  252429232, python, iotlab1, mult, 25
13774786    ,  8.06,  4.13,  4.02,  0.17,  0.00,  333571136,  282388000,   50889000,  345902515, python, iotlab1, mult, 25
13774786    ,  7.82,  4.07,  3.98,  0.16,  0.00,  324397539,  281460000,   42917000,  336843087, python, iotlab1, mult, 25
13774786    ,  7.97,  4.11,  4.01,  0.17,  0.00,  328487436,  276083000,   51828000,  341056964, python, iotlab1, mult, 25
13774786    ,  9.19,  4.90,  4.80,  0.19,  0.00,  338018273,  284024000,   54004000,  350912423, python, iotlab1, mult, 25
13774786    ,  7.89,  4.08,  3.98,  0.17,  0.00,  324584329,  268614000,   55919000,  336994157, python, iotlab1, mult, 25
13774786    ,  7.98,  4.12,  4.02,  0.17,  0.00,  335455719,  280371000,   55073000,  347960190, python, iotlab1, mult, 25
13774786    ,  8.14,  4.13,  4.02,  0.17,  0.00,  330405837,  282442000,   47905000,  342751358, python, iotlab1, mult, 25
13774786    ,  8.10,  4.09,  3.99,  0.17,  0.00,  328946986,  275925000,   52985000,  341434510, python, iotlab1, mult, 25
13774786    ,  7.99,  4.13,  4.03,  0.17,  0.00,  328428202,  270537000,   57900000,  341008995, python, iotlab1, mult, 25
13774786    ,  7.89,  4.09,  3.99,  0.17,  0.00,  325733838,  267733000,   57942000,  338206370, python, iotlab1, mult, 25
13851556    ,  7.50,  3.87,  3.78,  0.16,  0.00,  312044864,  263855000,   47973000,  324508661, python, iotlab1, mult, 25
13851556    ,  7.30,  3.79,  3.71,  0.15,  0.00,  303695585,  251558000,   52115000,  316179844, python, iotlab1, mult, 25
13851556    ,  7.47,  3.86,  3.78,  0.16,  0.00,  308617294,  262501000,   46088000,  321051652, python, iotlab1, mult, 25
13851556    ,  7.49,  3.87,  3.79,  0.16,  0.00,  312867524,  249661000,   63167000,  325164463, python, iotlab1, mult, 25
13851556    ,  7.39,  3.84,  3.76,  0.16,  0.00,  308655344,  247506000,   61125000,  321052134, python, iotlab1, mult, 25
13851556    ,  7.45,  3.86,  3.77,  0.16,  0.00,  309864215,  250874000,   58970000,  322288740, python, iotlab1, mult, 25
13851556    ,  7.61,  3.91,  3.81,  0.16,  0.00,  313640272,  257664000,   55927000,  326156061, python, iotlab1, mult, 25
13851556    ,  7.68,  3.99,  3.89,  0.16,  0.00,  321015859,  269987000,   50997000,  333418716, python, iotlab1, mult, 25
13851556    ,  7.45,  3.85,  3.75,  0.16,  0.00,  309568604,  257632000,   51925000,  322035366, python, iotlab1, mult, 25
13851556    ,  7.46,  3.85,  3.75,  0.16,  0.00,  310669157,  248710000,   61927000,  323031943, python, iotlab1, mult, 25
1411660     ,  9.00,  4.60,  4.48,  0.20,  0.00,  384786748,  322642000,   61931000,  399460445, python, iotlab1, mult, 25
1411660     ,  8.99,  4.69,  4.58,  0.19,  0.00,  372764819,  311783000,   60957000,  385306273, python, iotlab1, mult, 25
1411660     ,  8.88,  4.63,  4.53,  0.19,  0.00,  366286610,  311183000,   55032000,  378648796, python, iotlab1, mult, 25
1411660     ,  8.86,  4.60,  4.49,  0.18,  0.00,  363369561,  319252000,   44034000,  375826796, python, iotlab1, mult, 25
1411660     ,  8.85,  4.59,  4.48,  0.18,  0.00,  362379849,  307221000,   55039000,  374856374, python, iotlab1, mult, 25
1411660     ,  8.96,  4.60,  4.49,  0.19,  0.00,  366272273,  319221000,   47032000,  378595900, python, iotlab1, mult, 25
1411660     ,  8.93,  4.55,  4.44,  0.18,  0.00,  364413310,  315473000,   48918000,  376781185, python, iotlab1, mult, 25
1411660     ,  9.03,  4.71,  4.59,  0.19,  0.00,  370512443,  324497000,   45928000,  382954672, python, iotlab1, mult, 25
1411660     ,  8.96,  4.68,  4.56,  0.19,  0.00,  368779345,  318799000,   49968000,  381116905, python, iotlab1, mult, 25
1411660     ,  9.02,  4.59,  4.47,  0.19,  0.00,  364324455,  309394000,   54892000,  376678495, python, iotlab1, mult, 25
14149491    ,  7.97,  4.17,  4.07,  0.17,  0.00,  330094381,  284879000,   44980000,  342554125, python, iotlab1, mult, 25
14149491    ,  8.06,  4.20,  4.11,  0.17,  0.00,  336378613,  284250000,   52045000,  348808797, python, iotlab1, mult, 25
14149491    ,  8.11,  4.18,  4.08,  0.17,  0.00,  337689098,  276524000,   61115000,  350163733, python, iotlab1, mult, 25
14149491    ,  8.25,  4.22,  4.11,  0.17,  0.00,  342466459,  282537000,   59902000,  354723858, python, iotlab1, mult, 25
14149491    ,  8.16,  4.14,  4.04,  0.17,  0.00,  332940317,  270888000,   61974000,  345378834, python, iotlab1, mult, 25
14149491    ,  7.93,  4.15,  4.05,  0.17,  0.00,  329687789,  281717000,   47951000,  342318688, python, iotlab1, mult, 25
14149491    ,  8.08,  4.20,  4.11,  0.17,  0.00,  338469814,  284368000,   54070000,  350921735, python, iotlab1, mult, 25
14149491    ,  7.98,  4.17,  4.06,  0.17,  0.00,  329672959,  268713000,   60934000,  342057418, python, iotlab1, mult, 25
14149491    ,  7.93,  4.14,  4.04,  0.17,  0.00,  330368053,  280281000,   50050000,  342827134, python, iotlab1, mult, 25
14149491    ,  8.05,  4.16,  4.05,  0.17,  0.00,  334412844,  277499000,   56897000,  346867145, python, iotlab1, mult, 25
14218342    ,  8.42,  4.36,  4.25,  0.18,  0.00,  348013360,  290804000,   56961000,  360470491, python, iotlab1, mult, 25
14218342    ,  8.53,  4.45,  4.35,  0.18,  0.00,  355142059,  293279000,   61848000,  367702287, python, iotlab1, mult, 25
14218342    ,  8.36,  4.37,  4.28,  0.18,  0.00,  349801554,  294810000,   54964000,  362126479, python, iotlab1, mult, 25
14218342    ,  8.34,  4.36,  4.24,  0.18,  0.00,  344309331,  279420000,   64865000,  356724031, python, iotlab1, mult, 25
14218342    ,  8.55,  4.44,  4.32,  0.18,  0.00,  351348274,  302277000,   49044000,  363770986, python, iotlab1, mult, 25
14218342    ,  8.33,  4.35,  4.24,  0.18,  0.00,  345831150,  294021000,   51827000,  358270819, python, iotlab1, mult, 25
14218342    ,  8.30,  4.35,  4.25,  0.18,  0.00,  346251931,  298200000,   48032000,  358598649, python, iotlab1, mult, 25
14218342    ,  8.67,  4.47,  4.36,  0.18,  0.00,  355906081,  292918000,   62982000,  368287818, python, iotlab1, mult, 25
14218342    ,  8.32,  4.37,  4.26,  0.17,  0.00,  343721341,  280753000,   62944000,  356105482, python, iotlab1, mult, 25
14218342    ,  8.40,  4.35,  4.25,  0.17,  0.00,  343104621,  284079000,   59016000,  355482821, python, iotlab1, mult, 25
1440417     ,  5.15,  2.53,  2.47,  0.14,  0.00,  202171898,  190935000,   10996000,  215024884, python, iotlab1, mult, 25
1440417     ,  5.12,  2.65,  2.59,  0.14,  0.00,  202237378,  192200000,   10010000,  214530293, python, iotlab1, mult, 25
1440417     ,  4.96,  2.57,  2.51,  0.14,  0.00,  197374836,  183393000,   13953000,  209738467, python, iotlab1, mult, 25
1440417     ,  5.04,  2.60,  2.54,  0.14,  0.00,  198467742,  190422000,    8017000,  210951747, python, iotlab1, mult, 25
1440417     ,  5.02,  2.57,  2.50,  0.14,  0.00,  198425378,  183934000,   13919000,  210882597, python, iotlab1, mult, 25
1440417     ,  4.97,  2.57,  2.51,  0.14,  0.00,  198252378,  183205000,   15016000,  210461511, python, iotlab1, mult, 25
1440417     ,  5.01,  2.61,  2.54,  0.14,  0.00,  198595952,  185568000,   12969000,  210954700, python, iotlab1, mult, 25
1440417     ,  5.01,  2.59,  2.51,  0.14,  0.00,  197396167,  185412000,   11962000,  209876981, python, iotlab1, mult, 25
1440417     ,  5.13,  2.55,  2.48,  0.14,  0.00,  197767971,  180754000,   16976000,  210092771, python, iotlab1, mult, 25
1440417     ,  5.24,  2.57,  2.51,  0.14,  0.00,  200658972,  191534000,    8978000,  213038302, python, iotlab1, mult, 25
14582976    ,  5.26,  2.71,  2.64,  0.11,  0.00,  203718194,  198467000,    5011000,  216045750, python, iotlab1, mult, 25
14582976    ,  5.22,  2.63,  2.57,  0.10,  0.00,  198602439,  193588000,    4989000,  211235984, python, iotlab1, mult, 25
14582976    ,  5.35,  2.65,  2.59,  0.11,  0.00,  203012537,  197990000,    4999000,  215505171, python, iotlab1, mult, 25
14582976    ,  5.42,  2.66,  2.60,  0.11,  0.00,  201381605,  195363000,    6011000,  213728649, python, iotlab1, mult, 25
14582976    ,  5.37,  2.63,  2.57,  0.11,  0.00,  201846936,  194798000,    6992000,  214214834, python, iotlab1, mult, 25
14582976    ,  5.37,  2.65,  2.59,  0.11,  0.00,  200999823,  196965000,    3999000,  213452866, python, iotlab1, mult, 25
14582976    ,  5.46,  2.70,  2.64,  0.11,  0.00,  207023073,  200992000,    5999000,  219425496, python, iotlab1, mult, 25
14582976    ,  5.26,  2.60,  2.54,  0.10,  0.00,  198835834,  191817000,    6993000,  211506899, python, iotlab1, mult, 25
14582976    ,  5.29,  2.72,  2.64,  0.11,  0.00,  201591914,  196585000,    4989000,  214030780, python, iotlab1, mult, 25
14582976    ,  5.30,  2.60,  2.54,  0.10,  0.00,  200108036,  196038000,    4000000,  212529651, python, iotlab1, mult, 25
14716310    ,  7.67,  3.87,  3.77,  0.16,  0.00,  311261169,  257887000,   53183000,  323639068, python, iotlab1, mult, 25
14716310    ,  7.66,  3.97,  3.88,  0.16,  0.00,  317502140,  256529000,   60888000,  329917886, python, iotlab1, mult, 25
14716310    ,  7.40,  3.85,  3.76,  0.15,  0.00,  304261478,  243115000,   61028000,  316681418, python, iotlab1, mult, 25
14716310    ,  7.71,  4.01,  3.92,  0.16,  0.00,  320561264,  261437000,   59098000,  333014654, python, iotlab1, mult, 25
14716310    ,  7.43,  3.80,  3.70,  0.16,  0.00,  304774091,  243699000,   60924000,  317183990, python, iotlab1, mult, 25
14716310    ,  7.49,  3.87,  3.78,  0.16,  0.00,  311365550,  262474000,   48902000,  323782540, python, iotlab1, mult, 25
14716310    ,  7.39,  3.85,  3.76,  0.16,  0.00,  305050111,  240924000,   63979000,  317414333, python, iotlab1, mult, 25
14716310    ,  7.49,  3.88,  3.79,  0.16,  0.00,  311955665,  258945000,   52988000,  324315049, python, iotlab1, mult, 25
14716310    ,  7.46,  3.86,  3.76,  0.16,  0.00,  307669461,  253553000,   54118000,  320141897, python, iotlab1, mult, 25
14716310    ,  7.51,  3.91,  3.80,  0.16,  0.00,  310099809,  251020000,   59004000,  322525509, python, iotlab1, mult, 25
14894931    ,  9.34,  4.85,  4.73,  0.20,  0.00,  384511613,  333285000,   50890000,  396890437, python, iotlab1, mult, 25
14894931    ,  9.21,  4.79,  4.69,  0.19,  0.00,  380714009,  330741000,   49960000,  393130158, python, iotlab1, mult, 25
14894931    ,  9.30,  4.82,  4.70,  0.20,  0.00,  385868287,  329719000,   56122000,  398110448, python, iotlab1, mult, 25
14894931    ,  9.22,  4.80,  4.68,  0.19,  0.00,  382143541,  322094000,   60017000,  394413071, python, iotlab1, mult, 25
14894931    ,  9.23,  4.79,  4.68,  0.19,  0.00,  380876736,  327725000,   53117000,  393384827, python, iotlab1, mult, 25
14894931    ,  9.47,  4.80,  4.69,  0.20,  0.00,  386164538,  329098000,   57017000,  398752818, python, iotlab1, mult, 25
14894931    ,  9.47,  4.64,  4.52,  0.19,  0.00,  377393979,  336431000,   40930000,  389830461, python, iotlab1, mult, 25
14894931    ,  9.17,  4.77,  4.67,  0.19,  0.00,  378493005,  332421000,   46058000,  390909751, python, iotlab1, mult, 25
14894931    ,  9.65,  4.94,  4.82,  0.20,  0.00,  380561979,  313625000,   66920000,  392849968, python, iotlab1, mult, 25
14894931    , 10.22,  5.16,  5.04,  0.21,  0.00,  390646894,  333662000,   56942000,  402956980, python, iotlab1, mult, 25
15012422    ,  8.65,  4.27,  4.16,  0.19,  0.00,  380751012,  290980000,   58996000,  393115753, python, iotlab1, mult, 25
15012422    ,  8.61,  4.43,  4.32,  0.18,  0.00,  356215732,  291372000,   64860000,  368696880, python, iotlab1, mult, 25
15012422    ,  8.17,  4.28,  4.18,  0.17,  0.00,  337952837,  275953000,   61989000,  350233784, python, iotlab1, mult, 25
15012422    ,  8.31,  4.28,  4.18,  0.17,  0.00,  341758594,  276770000,   64946000,  354134695, python, iotlab1, mult, 25
15012422    ,  8.34,  4.34,  4.24,  0.18,  0.00,  346369550,  297294000,   49048000,  358659100, python, iotlab1, mult, 25
15012422    ,  8.28,  4.33,  4.23,  0.18,  0.00,  344139162,  290109000,   54020000,  356436744, python, iotlab1, mult, 25
15012422    ,  8.40,  4.33,  4.22,  0.18,  0.00,  345498768,  286508000,   58899000,  357936106, python, iotlab1, mult, 25
15012422    ,  8.56,  4.29,  4.18,  0.17,  0.00,  341103488,  288080000,   53014000,  353648092, python, iotlab1, mult, 25
15012422    ,  8.41,  4.28,  4.18,  0.17,  0.00,  342235226,  295107000,   47017000,  354479258, python, iotlab1, mult, 25
15012422    ,  8.41,  4.24,  4.13,  0.17,  0.00,  339772493,  286628000,   53116000,  352303710, python, iotlab1, mult, 25
15056450    ,  8.40,  4.14,  4.04,  0.17,  0.00,  334153321,  281914000,   51984000,  346937857, python, iotlab1, mult, 25
15056450    ,  8.47,  4.22,  4.12,  0.17,  0.00,  337990118,  285961000,   51992000,  350294674, python, iotlab1, mult, 25
15056450    ,  8.25,  4.33,  4.22,  0.17,  0.00,  339992667,  287747000,   52135000,  352472113, python, iotlab1, mult, 25
15056450    ,  8.35,  4.37,  4.27,  0.18,  0.00,  345773334,  283616000,   62135000,  358157645, python, iotlab1, mult, 25
15056450    ,  8.54,  4.40,  4.28,  0.18,  0.00,  349466664,  286540000,   62899000,  361859443, python, iotlab1, mult, 25
15056450    ,  8.23,  4.34,  4.23,  0.17,  0.00,  339319187,  286249000,   53046000,  351815360, python, iotlab1, mult, 25
15056450    ,  8.43,  4.26,  4.15,  0.17,  0.00,  340563520,  284612000,   55923000,  352913259, python, iotlab1, mult, 25
15056450    ,  8.24,  4.33,  4.22,  0.17,  0.00,  340794926,  285819000,   54965000,  353328853, python, iotlab1, mult, 25
15056450    ,  8.35,  4.40,  4.28,  0.18,  0.00,  345243128,  282172000,   63038000,  357622590, python, iotlab1, mult, 25
15056450    ,  8.50,  4.43,  4.33,  0.18,  0.00,  350037812,  302024000,   48003000,  362557705, python, iotlab1, mult, 25
15333864    ,  8.31,  4.28,  4.18,  0.18,  0.00,  343966347,  288774000,   54957000,  356357339, python, iotlab1, mult, 25
15333864    ,  8.50,  4.42,  4.31,  0.18,  0.00,  350577844,  304561000,   45933000,  363053554, python, iotlab1, mult, 25
15333864    ,  8.26,  4.30,  4.21,  0.17,  0.00,  340436753,  297356000,   43051000,  352862162, python, iotlab1, mult, 25
15333864    ,  8.36,  4.35,  4.25,  0.18,  0.00,  345424724,  281527000,   63892000,  357671818, python, iotlab1, mult, 25
15333864    ,  8.27,  4.31,  4.21,  0.17,  0.00,  343202919,  284146000,   59030000,  355635706, python, iotlab1, mult, 25
15333864    ,  8.69,  4.49,  4.37,  0.18,  0.00,  359478531,  297463000,   61888000,  371911546, python, iotlab1, mult, 25
15333864    ,  8.37,  4.36,  4.25,  0.18,  0.00,  345522134,  294199000,   50861000,  358010429, python, iotlab1, mult, 25
15333864    ,  8.45,  4.36,  4.25,  0.18,  0.00,  349193646,  300132000,   48858000,  361635314, python, iotlab1, mult, 25
15333864    ,  8.30,  4.32,  4.22,  0.17,  0.00,  342444953,  296532000,   45927000,  355046832, python, iotlab1, mult, 25
15333864    ,  8.76,  4.47,  4.35,  0.18,  0.00,  360329858,  312256000,   48039000,  372834010, python, iotlab1, mult, 25
15454655    ,  8.19,  4.26,  4.16,  0.17,  0.00,  340201480,  290080000,   49842000,  352486981, python, iotlab1, mult, 25
15454655    ,  8.23,  4.13,  4.02,  0.17,  0.00,  332369433,  292429000,   39922000,  344780123, python, iotlab1, mult, 25
15454655    ,  8.45,  4.21,  4.11,  0.17,  0.00,  339654811,  279691000,   59933000,  352161808, python, iotlab1, mult, 25
15454655    ,  8.04,  4.22,  4.13,  0.17,  0.00,  335376443,  273247000,   62056000,  347767094, python, iotlab1, mult, 25
15454655    ,  7.91,  4.13,  4.03,  0.17,  0.00,  327990134,  267791000,   60177000,  340289995, python, iotlab1, mult, 25
15454655    ,  7.87,  4.10,  4.01,  0.17,  0.00,  326325358,  266457000,   59878000,  338930242, python, iotlab1, mult, 25
15454655    ,  8.33,  4.08,  3.98,  0.17,  0.00,  332747535,  278731000,   53947000,  345265395, python, iotlab1, mult, 25
15454655    ,  8.21,  4.03,  3.93,  0.17,  0.00,  328194065,  258139000,   70037000,  340591192, python, iotlab1, mult, 25
15454655    ,  8.26,  4.26,  4.15,  0.17,  0.00,  343147475,  278101000,   65023000,  355684977, python, iotlab1, mult, 25
15454655    ,  7.96,  4.11,  4.02,  0.17,  0.00,  327763712,  268786000,   58953000,  340186859, python, iotlab1, mult, 25
15476779    ,  3.58,  1.75,  1.72,  0.07,  0.00,  134266965,  131980000,    1999000,  146578493, python, iotlab1, mult, 25
15476779    ,  3.63,  1.78,  1.75,  0.07,  0.00,  136526335,  133513000,    2989000,  149193381, python, iotlab1, mult, 25
15476779    ,  3.70,  1.81,  1.77,  0.07,  0.00,  138827771,  137805000,    1005000,  151222169, python, iotlab1, mult, 25
15476779    ,  3.65,  1.83,  1.79,  0.07,  0.00,  138121961,  133113000,    5004000,  150497422, python, iotlab1, mult, 25
15476779    ,  3.65,  1.80,  1.76,  0.07,  0.00,  138621048,  134599000,    3988000,  151047655, python, iotlab1, mult, 25
15476779    ,  3.69,  1.81,  1.77,  0.07,  0.00,  138370931,  135204000,    3004000,  150801633, python, iotlab1, mult, 25
15476779    ,  3.51,  1.82,  1.77,  0.07,  0.00,  134320812,  131292000,    3006000,  146657653, python, iotlab1, mult, 25
15476779    ,  3.52,  1.80,  1.75,  0.07,  0.00,  133518280,  128527000,    4981000,  146000819, python, iotlab1, mult, 25
15476779    ,  3.58,  1.77,  1.73,  0.07,  0.00,  134063590,  133027000,    1000000,  146526288, python, iotlab1, mult, 25
15476779    ,  3.69,  1.81,  1.77,  0.07,  0.00,  139348220,  134352000,    4976000,  151580665, python, iotlab1, mult, 25
15598259    ,  7.17,  3.72,  3.63,  0.15,  0.00,  298618064,  259324000,   39048000,  311012424, python, iotlab1, mult, 25
15598259    ,  7.16,  3.59,  3.49,  0.15,  0.00,  288624390,  241505000,   47098000,  301010177, python, iotlab1, mult, 25
15598259    ,  7.14,  3.69,  3.61,  0.15,  0.00,  296477205,  237565000,   58892000,  308788597, python, iotlab1, mult, 25
15598259    ,  7.27,  3.76,  3.67,  0.15,  0.00,  303577282,  251630000,   51923000,  316024705, python, iotlab1, mult, 25
15598259    ,  7.21,  3.73,  3.65,  0.15,  0.00,  299346898,  249399000,   49879000,  311819579, python, iotlab1, mult, 25
15598259    ,  7.23,  3.69,  3.60,  0.15,  0.00,  297872097,  237885000,   59971000,  310311315, python, iotlab1, mult, 25
15598259    ,  7.22,  3.72,  3.63,  0.15,  0.00,  299424214,  233538000,   65869000,  311780839, python, iotlab1, mult, 25
15598259    ,  7.12,  3.70,  3.60,  0.15,  0.00,  295192132,  239134000,   56031000,  307638041, python, iotlab1, mult, 25
15598259    ,  6.98,  3.65,  3.56,  0.15,  0.00,  290047424,  228020000,   62005000,  302663433, python, iotlab1, mult, 25
15598259    ,  7.16,  3.70,  3.62,  0.15,  0.00,  297477457,  238335000,   59083000,  310026021, python, iotlab1, mult, 25
1685976     ,  8.30,  4.33,  4.23,  0.18,  0.00,  344078328,  289772000,   53957000,  356462789, python, iotlab1, mult, 25
1685976     ,  8.68,  4.48,  4.37,  0.18,  0.00,  350058680,  295022000,   55004000,  362472457, python, iotlab1, mult, 25
1685976     ,  8.59,  4.34,  4.24,  0.18,  0.00,  349228927,  298171000,   51029000,  361529364, python, iotlab1, mult, 25
1685976     ,  8.22,  4.28,  4.18,  0.17,  0.00,  336873410,  272886000,   63973000,  349247431, python, iotlab1, mult, 25
1685976     ,  8.08,  4.21,  4.12,  0.17,  0.00,  333844839,  277726000,   55944000,  346251462, python, iotlab1, mult, 25
1685976     ,  8.37,  4.12,  4.02,  0.17,  0.00,  331189388,  275050000,   56010000,  343418788, python, iotlab1, mult, 25
1685976     ,  8.15,  4.27,  4.17,  0.17,  0.00,  333955520,  274939000,   58986000,  346368413, python, iotlab1, mult, 25
1685976     ,  8.34,  4.36,  4.26,  0.18,  0.00,  347321317,  294252000,   53045000,  359765198, python, iotlab1, mult, 25
1685976     ,  8.11,  4.30,  4.20,  0.17,  0.00,  334511609,  288418000,   46066000,  346882105, python, iotlab1, mult, 25
1685976     ,  8.20,  4.32,  4.21,  0.17,  0.00,  337839330,  289439000,   47907000,  350561575, python, iotlab1, mult, 25
1782825     ,  8.53,  4.45,  4.34,  0.18,  0.00,  353855695,  293855000,   59767000,  366181760, python, iotlab1, mult, 25
1782825     ,  8.31,  4.38,  4.28,  0.17,  0.00,  342551111,  285602000,   56920000,  354815948, python, iotlab1, mult, 25
1782825     ,  8.74,  4.44,  4.33,  0.18,  0.00,  355458677,  307287000,   48044000,  367837170, python, iotlab1, mult, 25
1782825     ,  8.25,  4.32,  4.21,  0.17,  0.00,  339486936,  288363000,   51064000,  351819051, python, iotlab1, mult, 25
1782825     ,  8.57,  4.48,  4.37,  0.18,  0.00,  357175188,  299721000,   56947000,  369523823, python, iotlab1, mult, 25
1782825     ,  8.57,  4.47,  4.36,  0.18,  0.00,  352814116,  292762000,   59951000,  365259537, python, iotlab1, mult, 25
1782825     ,  8.60,  4.47,  4.36,  0.18,  0.00,  355481521,  292452000,   62882000,  367808294, python, iotlab1, mult, 25
1782825     ,  8.56,  4.44,  4.33,  0.18,  0.00,  356117858,  307068000,   49010000,  368643383, python, iotlab1, mult, 25
1782825     ,  8.49,  4.42,  4.31,  0.18,  0.00,  352093507,  302230000,   49873000,  364467797, python, iotlab1, mult, 25
1782825     ,  8.33,  4.35,  4.24,  0.17,  0.00,  342581063,  283473000,   59098000,  355008257, python, iotlab1, mult, 25
2246416     ,  9.24,  4.81,  4.70,  0.19,  0.00,  381764111,  330584000,   50935000,  394263287, python, iotlab1, mult, 25
2246416     ,  9.52,  4.98,  4.87,  0.20,  0.00,  383496038,  323517000,   59910000,  396140626, python, iotlab1, mult, 25
2246416     , 10.39,  5.21,  5.09,  0.21,  0.00,  391048288,  329995000,   60999000,  403839742, python, iotlab1, mult, 25
2246416     ,  9.32,  4.82,  4.70,  0.20,  0.00,  383740144,  331619000,   52097000,  396051484, python, iotlab1, mult, 25
2246416     ,  9.13,  4.78,  4.67,  0.19,  0.00,  376815705,  327821000,   48973000,  389160314, python, iotlab1, mult, 25
2246416     , 10.87,  5.79,  5.68,  0.22,  0.00,  396382188,  344176000,   50878000,  408925262, python, iotlab1, mult, 25
2246416     ,  9.22,  4.75,  4.65,  0.19,  0.00,  376478276,  323440000,   52908000,  388800282, python, iotlab1, mult, 25
2246416     ,  9.34,  4.86,  4.74,  0.20,  0.00,  384152735,  328114000,   56019000,  396586769, python, iotlab1, mult, 25
2246416     ,  9.76,  4.82,  4.70,  0.20,  0.00,  390854569,  349752000,   41088000,  403300746, python, iotlab1, mult, 25
2246416     ,  9.55,  4.67,  4.54,  0.19,  0.00,  380373146,  319268000,   61051000,  392688471, python, iotlab1, mult, 25
2335154     ,  7.67,  3.96,  3.86,  0.16,  0.00,  319236547,  264174000,   54828000,  331715159, python, iotlab1, mult, 25
2335154     ,  7.70,  3.96,  3.87,  0.16,  0.00,  319469297,  267339000,   52066000,  331869605, python, iotlab1, mult, 25
2335154     ,  7.70,  4.02,  3.93,  0.16,  0.00,  321383610,  267295000,   54059000,  333737557, python, iotlab1, mult, 25
2335154     ,  8.08,  3.99,  3.89,  0.17,  0.00,  335711991,  279628000,   56126000,  362237889, python, iotlab1, mult, 25
2335154     ,  8.08,  4.07,  3.98,  0.17,  0.00,  329419469,  279212000,   50038000,  341939760, python, iotlab1, mult, 25
2335154     ,  7.71,  4.01,  3.91,  0.16,  0.00,  321149988,  264090000,   57019000,  333604973, python, iotlab1, mult, 25
2335154     ,  7.96,  4.00,  3.91,  0.16,  0.00,  323591435,  270645000,   52930000,  336053202, python, iotlab1, mult, 25
2335154     ,  7.86,  4.11,  4.02,  0.17,  0.00,  328668045,  275632000,   52929000,  340973349, python, iotlab1, mult, 25
2335154     ,  7.86,  3.92,  3.82,  0.16,  0.00,  318978752,  255799000,   63197000,  331470026, python, iotlab1, mult, 25
2335154     ,  7.85,  4.03,  3.93,  0.17,  0.00,  324449321,  274090000,   49834000,  336923402, python, iotlab1, mult, 25
2544543     ,  4.85,  2.40,  2.35,  0.09,  0.00,  183613789,  180421000,    3007000,  195977280, python, iotlab1, mult, 25
2544543     ,  4.90,  2.41,  2.35,  0.10,  0.00,  185196341,  182186000,    3003000,  197630916, python, iotlab1, mult, 25
2544543     ,  4.80,  2.37,  2.31,  0.09,  0.00,  183021899,  177008000,    6000000,  195508331, python, iotlab1, mult, 25
2544543     ,  4.80,  2.42,  2.36,  0.09,  0.00,  183813855,  180781000,    2996000,  196285149, python, iotlab1, mult, 25
2544543     ,  4.83,  2.37,  2.32,  0.09,  0.00,  183038193,  180909000,    1998000,  195394970, python, iotlab1, mult, 25
2544543     ,  4.84,  2.39,  2.34,  0.09,  0.00,  182609123,  179556000,    2992000,  194922403, python, iotlab1, mult, 25
2544543     ,  4.76,  2.43,  2.36,  0.09,  0.00,  182205632,  180169000,    2001000,  194585396, python, iotlab1, mult, 25
2544543     ,  4.90,  2.43,  2.37,  0.10,  0.00,  184641517,  180486000,    3988000,  197006798, python, iotlab1, mult, 25
2544543     ,  4.80,  2.40,  2.33,  0.10,  0.00,  184334790,  182312000,    2003000,  196682457, python, iotlab1, mult, 25
2544543     ,  4.80,  2.37,  2.30,  0.09,  0.00,  180969698,  179948000,     999000,  193381812, python, iotlab1, mult, 25
2846170     ,  6.28,  3.16,  3.08,  0.16,  0.00,  249820718,  211393000,   38070000,  262245577, python, iotlab1, mult, 25
2846170     ,  6.24,  3.16,  3.09,  0.15,  0.00,  249115762,  212069000,   37012000,  261906036, python, iotlab1, mult, 25
2846170     ,  6.18,  3.12,  3.04,  0.15,  0.00,  246890691,  215801000,   30971000,  259289015, python, iotlab1, mult, 25
2846170     ,  6.34,  3.13,  3.05,  0.15,  0.00,  248771082,  220627000,   28079000,  261301642, python, iotlab1, mult, 25
2846170     ,  6.31,  3.07,  2.99,  0.15,  0.00,  246382477,  224311000,   22030000,  258801358, python, iotlab1, mult, 25
2846170     ,  6.20,  3.10,  3.02,  0.15,  0.00,  245906143,  204892000,   40978000,  258235871, python, iotlab1, mult, 25
2846170     ,  6.23,  3.13,  3.06,  0.15,  0.00,  248149218,  206110000,   42022000,  260592765, python, iotlab1, mult, 25
2846170     ,  6.23,  3.07,  3.01,  0.15,  0.00,  246568877,  214596000,   31939000,  258856896, python, iotlab1, mult, 25
2846170     ,  6.30,  3.08,  3.00,  0.15,  0.00,  246833550,  216818000,   29974000,  259393597, python, iotlab1, mult, 25
2846170     ,  6.34,  3.08,  3.00,  0.15,  0.00,  248081017,  215193000,   32876000,  260606283, python, iotlab1, mult, 25
2881497     ,  8.92,  4.27,  4.16,  0.18,  0.00,  350841187,  302559000,   47930000,  363325001, python, iotlab1, mult, 25
2881497     ,  8.87,  4.27,  4.16,  0.18,  0.00,  349409246,  297474000,   51908000,  361781844, python, iotlab1, mult, 25
2881497     ,  8.70,  4.53,  4.43,  0.18,  0.00,  361415392,  301329000,   60065000,  373894758, python, iotlab1, mult, 25
2881497     ,  8.41,  4.40,  4.29,  0.18,  0.00,  347461517,  299379000,   48060000,  359836649, python, iotlab1, mult, 25
2881497     ,  8.46,  4.41,  4.31,  0.18,  0.00,  348219126,  285157000,   63034000,  360660840, python, iotlab1, mult, 25
2881497     ,  8.36,  4.38,  4.29,  0.18,  0.00,  346715523,  285748000,   60946000,  359035671, python, iotlab1, mult, 25
2881497     ,  8.97,  4.34,  4.24,  0.18,  0.00,  353658750,  290619000,   62917000,  366084710, python, iotlab1, mult, 25
2881497     ,  8.43,  4.35,  4.26,  0.17,  0.00,  343555090,  287456000,   56088000,  356002700, python, iotlab1, mult, 25
2881497     ,  8.89,  4.60,  4.49,  0.19,  0.00,  367858017,  311862000,   55975000,  380281544, python, iotlab1, mult, 25
2881497     ,  8.89,  4.42,  4.31,  0.18,  0.00,  355793867,  295637000,   60129000,  368319071, python, iotlab1, mult, 25
3014091     ,  6.70,  3.50,  3.41,  0.15,  0.00,  271553684,  246296000,   25030000,  283977539, python, iotlab1, mult, 25
3014091     ,  6.70,  3.50,  3.42,  0.15,  0.00,  272055767,  239693000,   31826000,  284549767, python, iotlab1, mult, 25
3014091     ,  6.54,  3.41,  3.32,  0.14,  0.00,  263831679,  232656000,   31087000,  276140853, python, iotlab1, mult, 25
3014091     ,  6.68,  3.44,  3.36,  0.14,  0.00,  266559893,  232588000,   33939000,  278984370, python, iotlab1, mult, 25
3014091     ,  6.94,  3.30,  3.22,  0.14,  0.00,  266106047,  230979000,   34996000,  278592801, python, iotlab1, mult, 25
3014091     ,  7.02,  3.35,  3.25,  0.15,  0.00,  269131173,  233038000,   36005000,  281549221, python, iotlab1, mult, 25
3014091     ,  6.66,  3.45,  3.37,  0.14,  0.00,  266809562,  241809000,   24980000,  279292152, python, iotlab1, mult, 25
3014091     ,  7.05,  3.36,  3.28,  0.15,  0.00,  273277868,  251192000,   22016000,  285623627, python, iotlab1, mult, 25
3014091     ,  6.66,  3.41,  3.34,  0.15,  0.00,  270737600,  233738000,   36958000,  283096741, python, iotlab1, mult, 25
3014091     ,  6.83,  3.29,  3.21,  0.14,  0.00,  265272769,  235161000,   30020000,  277717911, python, iotlab1, mult, 25
3055066     ,  7.85,  4.01,  3.92,  0.16,  0.00,  324617578,  271555000,   52913000,  337485523, python, iotlab1, mult, 25
3055066     ,  8.28,  4.14,  4.04,  0.17,  0.00,  336889103,  285889000,   50980000,  349405502, python, iotlab1, mult, 25
3055066     ,  7.75,  3.98,  3.89,  0.16,  0.00,  315738746,  254772000,   60945000,  328092579, python, iotlab1, mult, 25
3055066     ,  7.92,  3.96,  3.87,  0.16,  0.00,  322055048,  259020000,   63005000,  334362021, python, iotlab1, mult, 25
3055066     ,  7.91,  3.88,  3.78,  0.16,  0.00,  317260823,  256186000,   61044000,  329566359, python, iotlab1, mult, 25
3055066     ,  8.13,  3.96,  3.85,  0.16,  0.00,  323183311,  271144000,   52027000,  335802416, python, iotlab1, mult, 25
3055066     ,  7.78,  4.04,  3.95,  0.17,  0.00,  323820453,  282683000,   41099000,  336279808, python, iotlab1, mult, 25
3055066     ,  7.57,  3.97,  3.88,  0.16,  0.00,  315402335,  267435000,   47898000,  327706145, python, iotlab1, mult, 25
3055066     ,  7.88,  4.08,  3.98,  0.17,  0.00,  330005531,  264988000,   64997000,  342400234, python, iotlab1, mult, 25
3055066     ,  7.88,  4.05,  3.96,  0.17,  0.00,  326619656,  255477000,   71132000,  338998832, python, iotlab1, mult, 25
3281348     ,  7.70,  4.01,  3.90,  0.16,  0.00,  319060509,  271683000,   47118000,  331651663, python, iotlab1, mult, 25
3281348     ,  8.02,  4.15,  4.05,  0.17,  0.00,  332559110,  281360000,   51065000,  344981223, python, iotlab1, mult, 25
3281348     ,  8.19,  4.07,  3.98,  0.17,  0.00,  329725100,  265710000,   63930000,  342136695, python, iotlab1, mult, 25
3281348     ,  8.03,  3.88,  3.78,  0.16,  0.00,  316826420,  279730000,   36964000,  329243314, python, iotlab1, mult, 25
3281348     ,  8.07,  3.90,  3.80,  0.16,  0.00,  321061780,  259946000,   60987000,  333514976, python, iotlab1, mult, 25
3281348     ,  7.87,  4.11,  4.00,  0.17,  0.00,  325662756,  264515000,   61119000,  338101045, python, iotlab1, mult, 25
3281348     ,  7.76,  4.04,  3.94,  0.16,  0.00,  321065220,  260030000,   61007000,  333482557, python, iotlab1, mult, 25
3281348     ,  7.86,  4.08,  3.99,  0.16,  0.00,  322673419,  254636000,   67903000,  335022644, python, iotlab1, mult, 25
3281348     ,  8.18,  4.00,  3.90,  0.16,  0.00,  324924452,  268927000,   55984000,  337275183, python, iotlab1, mult, 25
3281348     ,  7.86,  4.11,  4.02,  0.17,  0.00,  325243807,  266190000,   59042000,  337598232, python, iotlab1, mult, 25
3323979     ,  7.62,  3.97,  3.87,  0.16,  0.00,  317608600,  262483000,   54891000,  329942459, python, iotlab1, mult, 25
3323979     ,  8.03,  3.89,  3.81,  0.16,  0.00,  320603530,  267431000,   53085000,  333024261, python, iotlab1, mult, 25
3323979     ,  8.00,  3.89,  3.79,  0.16,  0.00,  319079553,  251963000,   66990000,  331387641, python, iotlab1, mult, 25
3323979     ,  8.04,  3.89,  3.80,  0.16,  0.00,  319472772,  263527000,   55899000,  332115743, python, iotlab1, mult, 25
3323979     ,  8.09,  3.94,  3.85,  0.17,  0.00,  325332095,  253463000,   71847000,  337668821, python, iotlab1, mult, 25
3323979     ,  7.76,  4.04,  3.95,  0.16,  0.00,  322151452,  267097000,   55020000,  334496482, python, iotlab1, mult, 25
3323979     ,  8.03,  3.93,  3.83,  0.16,  0.00,  321474396,  262556000,   58900000,  333871133, python, iotlab1, mult, 25
3323979     ,  7.86,  4.08,  3.98,  0.16,  0.00,  323923688,  266858000,   56969000,  336470863, python, iotlab1, mult, 25
3323979     ,  7.82,  4.02,  3.93,  0.16,  0.00,  324656765,  267700000,   56936000,  337172296, python, iotlab1, mult, 25
3323979     ,  7.99,  3.86,  3.75,  0.16,  0.00,  317087529,  255069000,   62016000,  329623086, python, iotlab1, mult, 25
3450628     ,  8.46,  4.40,  4.29,  0.18,  0.00,  350929026,  293606000,   57118000,  364159885, python, iotlab1, mult, 25
3450628     ,  8.55,  4.13,  4.03,  0.17,  0.00,  337152479,  287096000,   50016000,  349606733, python, iotlab1, mult, 25
3450628     ,  8.09,  4.27,  4.17,  0.17,  0.00,  334048297,  273025000,   61005000,  346453880, python, iotlab1, mult, 25
3450628     ,  8.39,  4.40,  4.29,  0.18,  0.00,  344712596,  295489000,   49081000,  357219325, python, iotlab1, mult, 25
3450628     ,  8.30,  4.35,  4.25,  0.17,  0.00,  342421522,  296413000,   45909000,  354809674, python, iotlab1, mult, 25
3450628     ,  8.49,  4.19,  4.09,  0.17,  0.00,  338183382,  288137000,   50023000,  350643819, python, iotlab1, mult, 25
3450628     ,  8.65,  4.17,  4.01,  0.17,  0.00,  334278559,  288242000,   45879000,  346594955, python, iotlab1, mult, 25
3450628     ,  8.36,  4.35,  4.25,  0.18,  0.00,  347216532,  287168000,   60035000,  359633474, python, iotlab1, mult, 25
3450628     ,  8.28,  4.29,  4.19,  0.17,  0.00,  338113973,  287976000,   49995000,  350527381, python, iotlab1, mult, 25
3450628     ,  8.31,  4.31,  4.20,  0.17,  0.00,  338793494,  285711000,   52946000,  351266139, python, iotlab1, mult, 25
3470468     ,  9.39,  4.87,  4.74,  0.20,  0.00,  384151366,  337454000,   45925000,  396602877, python, iotlab1, mult, 25
3470468     ,  9.56,  4.97,  4.85,  0.20,  0.00,  393297478,  342195000,   51029000,  405685013, python, iotlab1, mult, 25
3470468     ,  9.63,  5.03,  4.92,  0.20,  0.00,  398493156,  344421000,   54066000,  411075960, python, iotlab1, mult, 25
3470468     ,  9.54,  5.00,  4.87,  0.20,  0.00,  393890274,  325712000,   68149000,  406328480, python, iotlab1, mult, 25
3470468     ,  9.58,  4.71,  4.59,  0.19,  0.00,  378918736,  328777000,   50118000,  391265803, python, iotlab1, mult, 25
3470468     ,  9.91,  4.84,  4.67,  0.20,  0.00,  389740998,  318590000,   71131000,  402017141, python, iotlab1, mult, 25
3470468     ,  9.37,  4.90,  4.76,  0.20,  0.00,  384733504,  328762000,   55959000,  397158897, python, iotlab1, mult, 25
3470468     , 10.00,  4.84,  4.72,  0.20,  0.00,  394614187,  345434000,   49061000,  406935549, python, iotlab1, mult, 25
3470468     ,  9.77,  4.63,  4.51,  0.19,  0.00,  378887111,  325867000,   52978000,  391238411, python, iotlab1, mult, 25
3470468     ,  9.66,  5.01,  4.90,  0.20,  0.00,  396098713,  342007000,   54001000,  408577991, python, iotlab1, mult, 25
3471953     ,  8.14,  4.22,  4.12,  0.17,  0.00,  338993512,  285740000,   52951000,  351327688, python, iotlab1, mult, 25
3471953     ,  8.05,  4.15,  4.05,  0.17,  0.00,  331711146,  285491000,   46079000,  344167357, python, iotlab1, mult, 25
3471953     ,  8.17,  4.05,  3.95,  0.17,  0.00,  329039350,  282957000,   45993000,  341319861, python, iotlab1, mult, 25
3471953     ,  8.18,  4.28,  4.17,  0.17,  0.00,  339816729,  294765000,   44964000,  352145166, python, iotlab1, mult, 25
3471953     ,  8.13,  4.20,  4.09,  0.17,  0.00,  336839900,  282628000,   54120000,  349338722, python, iotlab1, mult, 25
3471953     ,  8.50,  4.44,  4.33,  0.17,  0.00,  335458375,  279342000,   56068000,  347857147, python, iotlab1, mult, 25
3471953     ,  7.90,  4.09,  3.99,  0.17,  0.00,  327035747,  285935000,   40990000,  339772669, python, iotlab1, mult, 25
3471953     ,  8.32,  3.99,  3.89,  0.17,  0.00,  330572940,  270629000,   59917000,  342966909, python, iotlab1, mult, 25
3471953     ,  7.97,  4.13,  4.04,  0.17,  0.00,  330155024,  268096000,   62022000,  342557709, python, iotlab1, mult, 25
3471953     ,  8.02,  4.16,  4.05,  0.17,  0.00,  331574247,  274608000,   56918000,  343986753, python, iotlab1, mult, 25
3615047     ,  8.51,  4.44,  4.34,  0.18,  0.00,  353574723,  295010000,   57806000,  366034695, python, iotlab1, mult, 25
3615047     ,  8.60,  4.48,  4.38,  0.18,  0.00,  357312588,  299213000,   58041000,  369699337, python, iotlab1, mult, 25
3615047     ,  8.72,  4.51,  4.40,  0.18,  0.00,  364407982,  313337000,   51055000,  376955269, python, iotlab1, mult, 25
3615047     ,  8.73,  4.53,  4.43,  0.18,  0.00,  360402980,  308327000,   52055000,  372834238, python, iotlab1, mult, 25
3615047     ,  8.68,  4.47,  4.36,  0.18,  0.00,  358613742,  313647000,   44949000,  370924418, python, iotlab1, mult, 25
3615047     ,  9.12,  4.40,  4.28,  0.18,  0.00,  359655752,  301495000,   58095000,  372114902, python, iotlab1, mult, 25
3615047     ,  8.68,  4.51,  4.40,  0.18,  0.00,  356572400,  309476000,   47072000,  369018252, python, iotlab1, mult, 25
3615047     ,  8.45,  4.40,  4.30,  0.18,  0.00,  349433682,  301512000,   47922000,  361852664, python, iotlab1, mult, 25
3615047     ,  8.73,  4.48,  4.37,  0.18,  0.00,  357993056,  300776000,   56957000,  370423995, python, iotlab1, mult, 25
3615047     ,  8.65,  4.48,  4.37,  0.18,  0.00,  355555419,  299613000,   55927000,  367884266, python, iotlab1, mult, 25
3747725     ,  8.30,  4.05,  3.95,  0.17,  0.00,  328817955,  281554000,   46925000,  341151715, python, iotlab1, mult, 25
3747725     ,  8.37,  4.03,  3.94,  0.17,  0.00,  332609690,  269374000,   63087000,  344956603, python, iotlab1, mult, 25
3747725     ,  8.02,  4.19,  4.10,  0.17,  0.00,  332450015,  287369000,   45057000,  344834462, python, iotlab1, mult, 25
3747725     ,  8.35,  4.05,  3.94,  0.17,  0.00,  328361441,  269456000,   58881000,  340713114, python, iotlab1, mult, 25
3747725     ,  8.33,  3.97,  3.87,  0.17,  0.00,  325584668,  268448000,   57095000,  337938645, python, iotlab1, mult, 25
3747725     ,  7.92,  4.14,  4.05,  0.17,  0.00,  327424853,  266321000,   61073000,  339789182, python, iotlab1, mult, 25
3747725     ,  8.44,  4.06,  3.95,  0.17,  0.00,  330249606,  272380000,   57868000,  342591919, python, iotlab1, mult, 25
3747725     ,  7.93,  4.13,  4.03,  0.17,  0.00,  327910848,  263915000,   63979000,  340373854, python, iotlab1, mult, 25
3747725     ,  8.22,  4.00,  3.91,  0.17,  0.00,  328812137,  286690000,   42101000,  341246154, python, iotlab1, mult, 25
3747725     ,  8.20,  4.23,  4.13,  0.17,  0.00,  334770493,  279786000,   54957000,  347179587, python, iotlab1, mult, 25
3853678     ,  8.20,  3.97,  3.88,  0.17,  0.00,  329472284,  275135000,   54026000,  341897593, python, iotlab1, mult, 25
3853678     ,  8.39,  4.04,  3.94,  0.17,  0.00,  334305821,  271339000,   62846000,  346658174, python, iotlab1, mult, 25
3853678     ,  8.02,  4.19,  4.08,  0.17,  0.00,  333616326,  289651000,   43947000,  346053094, python, iotlab1, mult, 25
3853678     ,  8.02,  4.18,  4.07,  0.17,  0.00,  329474974,  271546000,   57903000,  342001928, python, iotlab1, mult, 25
3853678     ,  8.02,  4.16,  4.05,  0.17,  0.00,  333904138,  285993000,   47831000,  346510581, python, iotlab1, mult, 25
3853678     ,  7.91,  4.10,  4.00,  0.17,  0.00,  327670101,  273645000,   53930000,  339995846, python, iotlab1, mult, 25
3853678     ,  7.90,  4.09,  3.99,  0.17,  0.00,  328077639,  285981000,   41997000,  340430117, python, iotlab1, mult, 25
3853678     ,  7.68,  4.02,  3.92,  0.16,  0.00,  318774021,  265791000,   52958000,  331186219, python, iotlab1, mult, 25
3853678     ,  7.76,  4.05,  3.96,  0.16,  0.00,  323169997,  269056000,   54011000,  335646073, python, iotlab1, mult, 25
3853678     ,  7.97,  3.89,  3.79,  0.16,  0.00,  319677962,  270471000,   49085000,  332045354, python, iotlab1, mult, 25
438182      ,  8.57,  4.40,  4.30,  0.18,  0.00,  350909518,  285591000,   65134000,  363796432, python, iotlab1, mult, 25
438182      ,  8.36,  4.35,  4.24,  0.18,  0.00,  342416350,  281312000,   61067000,  354784962, python, iotlab1, mult, 25
438182      ,  8.64,  4.47,  4.37,  0.18,  0.00,  356245274,  296200000,   60040000,  368701178, python, iotlab1, mult, 25
438182      ,  8.43,  4.43,  4.33,  0.18,  0.00,  349424219,  297343000,   52060000,  361904166, python, iotlab1, mult, 25
438182      ,  8.44,  4.45,  4.34,  0.18,  0.00,  350641362,  296666000,   53939000,  363033636, python, iotlab1, mult, 25
438182      ,  8.77,  4.15,  4.04,  0.17,  0.00,  340611094,  273318000,   67078000,  353065695, python, iotlab1, mult, 25
438182      ,  8.48,  4.42,  4.31,  0.18,  0.00,  347724551,  288757000,   58950000,  360203399, python, iotlab1, mult, 25
438182      ,  8.40,  4.37,  4.27,  0.18,  0.00,  343669431,  284717000,   58941000,  356081358, python, iotlab1, mult, 25
438182      ,  8.31,  4.36,  4.26,  0.18,  0.00,  343771466,  290785000,   52960000,  356324902, python, iotlab1, mult, 25
438182      ,  8.81,  4.27,  4.16,  0.18,  0.00,  344676938,  280722000,   63936000,  357119045, python, iotlab1, mult, 25
4408156     ,  7.71,  4.03,  3.94,  0.16,  0.00,  319926093,  276656000,   42946000,  332440082, python, iotlab1, mult, 25
4408156     ,  8.02,  4.19,  4.09,  0.17,  0.00,  335053589,  284124000,   50843000,  347327084, python, iotlab1, mult, 25
4408156     ,  7.85,  4.11,  4.01,  0.16,  0.00,  325315022,  258232000,   67060000,  337807932, python, iotlab1, mult, 25
4408156     ,  8.11,  3.98,  3.89,  0.17,  0.00,  324816450,  279009000,   45837000,  337203367, python, iotlab1, mult, 25
4408156     ,  8.24,  3.99,  3.89,  0.17,  0.00,  326790725,  272699000,   53940000,  339262263, python, iotlab1, mult, 25
4408156     ,  7.80,  4.07,  3.97,  0.16,  0.00,  323570194,  263581000,   59904000,  336039295, python, iotlab1, mult, 25
4408156     ,  8.04,  4.20,  4.10,  0.17,  0.00,  334938898,  280920000,   53984000,  347400452, python, iotlab1, mult, 25
4408156     ,  7.95,  3.89,  3.79,  0.16,  0.00,  316590082,  255649000,   60916000,  328939650, python, iotlab1, mult, 25
4408156     ,  7.83,  4.05,  3.95,  0.17,  0.00,  323447538,  272503000,   50907000,  335837012, python, iotlab1, mult, 25
4408156     ,  8.16,  3.93,  3.83,  0.16,  0.00,  323165326,  276993000,   45998000,  335627783, python, iotlab1, mult, 25
4616493     , 11.11,  5.82,  5.70,  0.22,  0.00,  400856983,  341670000,   58943000,  413300205, python, iotlab1, mult, 25
4616493     ,  9.23,  4.80,  4.69,  0.19,  0.00,  376137808,  312999000,   62999000,  388490942, python, iotlab1, mult, 25
4616493     ,  9.42,  4.93,  4.81,  0.19,  0.00,  384149842,  327014000,   57002000,  396646289, python, iotlab1, mult, 25
4616493     ,  9.52,  4.99,  4.88,  0.20,  0.00,  394430545,  345343000,   49048000,  406748248, python, iotlab1, mult, 25
4616493     , 11.13,  5.89,  5.76,  0.22,  0.00,  389666677,  340643000,   48948000,  401994019, python, iotlab1, mult, 25
4616493     ,  9.52,  4.93,  4.82,  0.20,  0.00,  388100184,  336056000,   52008000,  400331067, python, iotlab1, mult, 25
4616493     ,  9.33,  4.88,  4.76,  0.20,  0.00,  383414124,  323498000,   59907000,  395736628, python, iotlab1, mult, 25
4616493     ,  9.62,  4.99,  4.86,  0.20,  0.00,  398446456,  338980000,   58823000,  410788798, python, iotlab1, mult, 25
4616493     ,  9.69,  4.70,  4.58,  0.19,  0.00,  380838416,  329707000,   51109000,  393339053, python, iotlab1, mult, 25
4616493     ,  9.36,  4.87,  4.75,  0.19,  0.00,  382379024,  332324000,   49898000,  394758301, python, iotlab1, mult, 25
4717618     ,  8.56,  4.49,  4.37,  0.18,  0.00,  353487008,  302221000,   51037000,  365840785, python, iotlab1, mult, 25
4717618     ,  8.54,  4.48,  4.37,  0.18,  0.00,  351757431,  300739000,   50955000,  364302525, python, iotlab1, mult, 25
4717618     ,  8.83,  4.62,  4.50,  0.19,  0.00,  363339257,  314290000,   49045000,  375769160, python, iotlab1, mult, 25
4717618     ,  8.66,  4.52,  4.41,  0.18,  0.00,  355813529,  286834000,   68960000,  368305447, python, iotlab1, mult, 25
4717618     ,  8.58,  4.49,  4.38,  0.18,  0.00,  352519333,  299423000,   53075000,  365011734, python, iotlab1, mult, 25
4717618     ,  8.61,  4.52,  4.41,  0.18,  0.00,  355955201,  303813000,   51968000,  368444718, python, iotlab1, mult, 25
4717618     ,  8.72,  4.56,  4.44,  0.18,  0.00,  359665655,  306541000,   53093000,  371985174, python, iotlab1, mult, 25
4717618     ,  8.74,  4.53,  4.42,  0.18,  0.00,  360104871,  306996000,   52999000,  372475303, python, iotlab1, mult, 25
4717618     ,  8.86,  4.51,  4.40,  0.18,  0.00,  354789245,  296736000,   57948000,  367127007, python, iotlab1, mult, 25
4717618     ,  8.68,  4.46,  4.35,  0.18,  0.00,  351242676,  297180000,   54032000,  363627610, python, iotlab1, mult, 25
478454      ,  8.47,  4.14,  4.04,  0.23,  0.00,  333366751,  296110000,   37013000,  345656512, python, iotlab1, mult, 25
478454      ,  8.69,  4.24,  4.12,  0.23,  0.00,  337347805,  299201000,   38025000,  349763066, python, iotlab1, mult, 25
478454      ,  8.90,  4.30,  4.19,  0.23,  0.00,  340532806,  299371000,   41051000,  352984333, python, iotlab1, mult, 25
478454      ,  8.61,  4.16,  4.05,  0.23,  0.00,  334995882,  304975000,   29997000,  347379960, python, iotlab1, mult, 25
478454      ,  8.58,  4.16,  4.05,  0.23,  0.00,  334087074,  305024000,   29002000,  346632740, python, iotlab1, mult, 25
478454      ,  8.67,  4.23,  4.12,  0.23,  0.00,  335552444,  300574000,   34950000,  348035200, python, iotlab1, mult, 25
478454      ,  8.64,  4.23,  4.12,  0.23,  0.00,  337068007,  299953000,   36994000,  349451622, python, iotlab1, mult, 25
478454      ,  8.54,  4.21,  4.09,  0.23,  0.00,  333556318,  287970000,   44995000,  345885736, python, iotlab1, mult, 25
478454      ,  8.49,  4.16,  4.05,  0.23,  0.00,  333106222,  304017000,   29001000,  345511400, python, iotlab1, mult, 25
478454      ,  8.47,  4.18,  4.08,  0.23,  0.00,  332980396,  299947000,   32994000,  345573207, python, iotlab1, mult, 25
498672      ,  7.89,  3.94,  3.85,  0.21,  0.00,  314409467,  275147000,   39020000,  326696950, python, iotlab1, mult, 25
498672      ,  7.84,  3.93,  3.82,  0.21,  0.00,  312742389,  272624000,   40091000,  325007393, python, iotlab1, mult, 25
498672      ,  7.76,  3.99,  3.89,  0.21,  0.00,  313428543,  272045000,   40856000,  325907989, python, iotlab1, mult, 25
498672      ,  7.77,  3.97,  3.87,  0.21,  0.00,  313094229,  282051000,   31005000,  325671147, python, iotlab1, mult, 25
498672      ,  8.02,  3.90,  3.80,  0.21,  0.00,  312285692,  272233000,   40034000,  324632267, python, iotlab1, mult, 25
498672      ,  7.73,  3.98,  3.88,  0.21,  0.00,  314489811,  275497000,   38929000,  327004882, python, iotlab1, mult, 25
498672      ,  8.16,  3.94,  3.83,  0.21,  0.00,  313422283,  262452000,   50893000,  325796380, python, iotlab1, mult, 25
498672      ,  8.03,  3.85,  3.76,  0.21,  0.00,  312180862,  277126000,   35016000,  324722357, python, iotlab1, mult, 25
498672      ,  8.18,  3.88,  3.77,  0.21,  0.00,  313623361,  269639000,   43941000,  326217502, python, iotlab1, mult, 25
498672      ,  8.13,  3.91,  3.81,  0.21,  0.00,  315073917,  279033000,   36004000,  327540976, python, iotlab1, mult, 25
5114228     ,  6.94,  3.33,  3.23,  0.25,  0.00,  268706607,  245559000,   22958000,  281453806, python, iotlab1, mult, 25
5114228     ,  6.99,  3.36,  3.26,  0.25,  0.00,  270477786,  245362000,   25036000,  282912463, python, iotlab1, mult, 25
5114228     ,  6.95,  3.37,  3.27,  0.25,  0.00,  269820885,  252709000,   16980000,  282254106, python, iotlab1, mult, 25
5114228     ,  6.94,  3.36,  3.26,  0.25,  0.00,  270699249,  257552000,   12977000,  283070710, python, iotlab1, mult, 25
5114228     ,  7.00,  3.39,  3.29,  0.25,  0.00,  271920229,  245911000,   25990000,  284435041, python, iotlab1, mult, 25
5114228     ,  6.88,  3.33,  3.23,  0.25,  0.00,  267964972,  244856000,   22986000,  280432280, python, iotlab1, mult, 25
5114228     ,  6.89,  3.32,  3.22,  0.25,  0.00,  269377676,  247394000,   21946000,  281704811, python, iotlab1, mult, 25
5114228     ,  6.93,  3.34,  3.24,  0.25,  0.00,  270933033,  254831000,   16052000,  283355841, python, iotlab1, mult, 25
5114228     ,  6.97,  3.33,  3.24,  0.25,  0.00,  271895635,  259743000,   12034000,  284190394, python, iotlab1, mult, 25
5114228     ,  6.92,  3.29,  3.19,  0.25,  0.00,  268625249,  253568000,   15033000,  281007555, python, iotlab1, mult, 25
5116514     ,  7.67,  3.68,  3.59,  0.15,  0.00,  295040364,  274794000,   19985000,  307352807, python, iotlab1, mult, 25
5116514     ,  7.79,  3.79,  3.69,  0.16,  0.00,  300010597,  273082000,   26909000,  312613586, python, iotlab1, mult, 25
5116514     ,  7.64,  3.67,  3.58,  0.15,  0.00,  292405932,  269368000,   23031000,  304831618, python, iotlab1, mult, 25
5116514     ,  7.72,  3.85,  3.76,  0.16,  0.00,  302330812,  264379000,   37911000,  314754861, python, iotlab1, mult, 25
5116514     ,  7.90,  3.77,  3.68,  0.16,  0.00,  301077916,  275110000,   25916000,  313634255, python, iotlab1, mult, 25
5116514     ,  7.75,  3.74,  3.65,  0.16,  0.00,  298351603,  272399000,   25942000,  310794960, python, iotlab1, mult, 25
5116514     ,  7.51,  3.81,  3.73,  0.15,  0.00,  296357751,  262855000,   32981000,  308743797, python, iotlab1, mult, 25
5116514     ,  7.68,  3.69,  3.60,  0.15,  0.00,  294463874,  264495000,   29942000,  306812583, python, iotlab1, mult, 25
5116514     ,  7.71,  3.70,  3.61,  0.15,  0.00,  296244645,  268183000,   28019000,  308637738, python, iotlab1, mult, 25
5116514     ,  7.72,  3.70,  3.61,  0.15,  0.00,  298401002,  270422000,   27940000,  310759904, python, iotlab1, mult, 25
524916      ,  9.11,  4.65,  4.53,  0.19,  0.00,  370935524,  314593000,   56105000,  383272616, python, iotlab1, mult, 25
524916      ,  8.96,  4.68,  4.57,  0.19,  0.00,  368033764,  316600000,   50935000,  380445098, python, iotlab1, mult, 25
524916      ,  9.53,  4.57,  4.45,  0.19,  0.00,  372643861,  308510000,   64105000,  385157382, python, iotlab1, mult, 25
524916      ,  9.19,  4.80,  4.69,  0.19,  0.00,  379005612,  327985000,   50997000,  391434747, python, iotlab1, mult, 25
524916      ,  8.95,  4.67,  4.57,  0.19,  0.00,  366733295,  314738000,   51956000,  379062624, python, iotlab1, mult, 25
524916      ,  9.03,  4.73,  4.61,  0.19,  0.00,  371862581,  315861000,   55975000,  384299282, python, iotlab1, mult, 25
524916      ,  8.90,  4.62,  4.51,  0.19,  0.00,  365704189,  314579000,   51094000,  378169689, python, iotlab1, mult, 25
524916      ,  9.01,  4.68,  4.57,  0.19,  0.00,  370897453,  312893000,   57980000,  383233458, python, iotlab1, mult, 25
524916      ,  9.39,  4.51,  4.39,  0.19,  0.00,  367753569,  319763000,   47964000,  380108369, python, iotlab1, mult, 25
524916      ,  8.93,  4.66,  4.56,  0.19,  0.00,  369298046,  305221000,   64046000,  381728657, python, iotlab1, mult, 25
5279591     ,  9.70,  4.69,  4.57,  0.19,  0.00,  382572934,  333346000,   49051000,  394982330, python, iotlab1, mult, 25
5279591     ,  9.27,  4.76,  4.64,  0.19,  0.00,  374404442,  333337000,   41041000,  386862422, python, iotlab1, mult, 25
5279591     ,  9.14,  4.65,  4.54,  0.19,  0.00,  368733383,  313752000,   54956000,  381266489, python, iotlab1, mult, 25
5279591     ,  9.18,  4.75,  4.63,  0.19,  0.00,  374677734,  310712000,   63940000,  387080193, python, iotlab1, mult, 25
5279591     ,  9.40,  4.65,  4.54,  0.19,  0.00,  374404361,  316471000,   57903000,  386917541, python, iotlab1, mult, 25
5279591     ,  9.59,  4.58,  4.47,  0.19,  0.00,  374186078,  330165000,   43889000,  386579238, python, iotlab1, mult, 25
5279591     ,  9.34,  4.49,  4.37,  0.18,  0.00,  364209549,  318145000,   46021000,  376700432, python, iotlab1, mult, 25
5279591     ,  9.52,  4.58,  4.47,  0.19,  0.00,  374260478,  312338000,   61868000,  386783422, python, iotlab1, mult, 25
5279591     ,  9.15,  4.80,  4.68,  0.19,  0.00,  378449657,  329469000,   48921000,  391044878, python, iotlab1, mult, 25
5279591     ,  9.79,  4.72,  4.60,  0.19,  0.00,  384029765,  336001000,   48000000,  396626159, python, iotlab1, mult, 25
5285289     ,  7.69,  3.94,  3.85,  0.16,  0.00,  317123299,  276471000,   39923000,  329711887, python, iotlab1, mult, 25
5285289     ,  7.37,  3.81,  3.71,  0.16,  0.00,  301737035,  247791000,   53954000,  314203625, python, iotlab1, mult, 25
5285289     ,  7.70,  3.78,  3.69,  0.16,  0.00,  307848567,  245833000,   61957000,  320235842, python, iotlab1, mult, 25
5285289     ,  7.64,  3.96,  3.87,  0.16,  0.00,  315468588,  256549000,   58896000,  327839644, python, iotlab1, mult, 25
5285289     ,  7.45,  3.88,  3.78,  0.16,  0.00,  306672370,  245753000,   60938000,  319362185, python, iotlab1, mult, 25
5285289     ,  7.54,  3.92,  3.83,  0.16,  0.00,  310997152,  241985000,   68995000,  323393458, python, iotlab1, mult, 25
5285289     ,  7.37,  3.81,  3.72,  0.15,  0.00,  303581802,  259072000,   44012000,  316002505, python, iotlab1, mult, 25
5285289     ,  7.59,  3.92,  3.83,  0.16,  0.00,  313390111,  260314000,   53064000,  325940125, python, iotlab1, mult, 25
5285289     ,  7.56,  3.68,  3.59,  0.15,  0.00,  299827977,  244643000,   55144000,  312218326, python, iotlab1, mult, 25
5285289     ,  7.62,  3.96,  3.87,  0.16,  0.00,  316640839,  262690000,   53936000,  329050325, python, iotlab1, mult, 25
5561834     ,  7.69,  3.98,  3.83,  0.16,  0.00,  311833642,  255621000,   55917000,  324152281, python, iotlab1, mult, 25
5561834     ,  7.38,  3.82,  3.71,  0.16,  0.00,  303430126,  253348000,   50068000,  315931921, python, iotlab1, mult, 25
5561834     ,  7.81,  3.78,  3.69,  0.16,  0.00,  313543899,  268542000,   44923000,  325994773, python, iotlab1, mult, 25
5561834     ,  7.51,  3.86,  3.76,  0.16,  0.00,  309864259,  257731000,   52148000,  322281235, python, iotlab1, mult, 25
5561834     ,  7.72,  3.89,  3.79,  0.16,  0.00,  311709552,  259577000,   52116000,  324095859, python, iotlab1, mult, 25
5561834     ,  7.74,  3.96,  3.85,  0.16,  0.00,  319472223,  258281000,   61066000,  332026529, python, iotlab1, mult, 25
5561834     ,  7.34,  3.83,  3.74,  0.15,  0.00,  303419453,  255346000,   48065000,  315845557, python, iotlab1, mult, 25
5561834     ,  7.35,  3.84,  3.75,  0.15,  0.00,  304788834,  261612000,   43100000,  317169813, python, iotlab1, mult, 25
5561834     ,  7.60,  3.95,  3.85,  0.16,  0.00,  315789700,  269786000,   45963000,  328203222, python, iotlab1, mult, 25
5561834     ,  7.78,  3.84,  3.74,  0.16,  0.00,  314311840,  263403000,   50884000,  326752287, python, iotlab1, mult, 25
5564823     ,  6.79,  3.48,  3.40,  0.14,  0.00,  271912036,  239704000,   31960000,  284294293, python, iotlab1, mult, 25
5564823     ,  6.85,  3.30,  3.22,  0.14,  0.00,  264672911,  243660000,   20970000,  277286960, python, iotlab1, mult, 25
5564823     ,  6.82,  3.35,  3.28,  0.14,  0.00,  265182491,  241145000,   24014000,  277511970, python, iotlab1, mult, 25
5564823     ,  7.02,  3.40,  3.31,  0.14,  0.00,  268664585,  241655000,   26961000,  281051794, python, iotlab1, mult, 25
5564823     ,  7.06,  3.37,  3.28,  0.14,  0.00,  268476488,  252328000,   16020000,  280948167, python, iotlab1, mult, 25
5564823     ,  7.02,  3.37,  3.29,  0.14,  0.00,  271116006,  245001000,   26000000,  283498843, python, iotlab1, mult, 25
5564823     ,  6.71,  3.47,  3.39,  0.14,  0.00,  269292366,  235224000,   34032000,  281636279, python, iotlab1, mult, 25
5564823     ,  6.99,  3.38,  3.31,  0.14,  0.00,  270426773,  241453000,   28934000,  282882951, python, iotlab1, mult, 25
5564823     ,  6.99,  3.36,  3.28,  0.14,  0.00,  269173836,  243115000,   26012000,  281581177, python, iotlab1, mult, 25
5564823     ,  6.88,  3.37,  3.29,  0.14,  0.00,  268954237,  240932000,   27992000,  281873770, python, iotlab1, mult, 25
5827328     ,  8.59,  4.17,  4.07,  0.17,  0.00,  342846052,  297540000,   45081000,  355240126, python, iotlab1, mult, 25
5827328     ,  8.59,  4.11,  4.01,  0.17,  0.00,  340597642,  285563000,   54915000,  353090662, python, iotlab1, mult, 25
5827328     ,  8.06,  4.19,  4.09,  0.17,  0.00,  333801313,  273819000,   59960000,  346243155, python, iotlab1, mult, 25
5827328     ,  8.50,  4.15,  4.06,  0.17,  0.00,  340298506,  283236000,   57047000,  352621889, python, iotlab1, mult, 25
5827328     ,  8.23,  4.24,  4.14,  0.17,  0.00,  342481305,  280559000,   61902000,  354960241, python, iotlab1, mult, 25
5827328     ,  8.52,  4.08,  3.98,  0.17,  0.00,  338014028,  287983000,   49997000,  350413409, python, iotlab1, mult, 25
5827328     ,  8.14,  4.19,  4.08,  0.17,  0.00,  336921665,  272729000,   64171000,  349288180, python, iotlab1, mult, 25
5827328     ,  8.11,  4.18,  4.08,  0.17,  0.00,  333146089,  285157000,   47858000,  345579016, python, iotlab1, mult, 25
5827328     ,  8.21,  4.26,  4.17,  0.17,  0.00,  340519260,  279584000,   60909000,  352872591, python, iotlab1, mult, 25
5827328     ,  8.27,  4.22,  4.12,  0.17,  0.00,  338419871,  285342000,   53063000,  350776343, python, iotlab1, mult, 25
6003299     ,  9.43,  4.63,  4.52,  0.19,  0.00,  372283756,  332136000,   39896000,  384736468, python, iotlab1, mult, 25
6003299     ,  9.47,  4.69,  4.58,  0.19,  0.00,  377073632,  309207000,   67826000,  389643023, python, iotlab1, mult, 25
6003299     , 10.00,  4.79,  4.68,  0.20,  0.00,  393461362,  327348000,   66070000,  406128370, python, iotlab1, mult, 25
6003299     ,  9.93,  4.67,  4.55,  0.20,  0.00,  385222406,  348183000,   37019000,  397688809, python, iotlab1, mult, 25
6003299     ,  9.44,  4.90,  4.78,  0.20,  0.00,  386058272,  329040000,   57007000,  398423244, python, iotlab1, mult, 25
6003299     ,  9.54,  4.68,  4.57,  0.19,  0.00,  375430606,  310443000,   64883000,  387907821, python, iotlab1, mult, 25
6003299     ,  9.75,  4.65,  4.54,  0.19,  0.00,  380133070,  323972000,   55995000,  392487708, python, iotlab1, mult, 25
6003299     ,  9.80,  4.68,  4.57,  0.19,  0.00,  380534210,  324566000,   55925000,  392885837, python, iotlab1, mult, 25
6003299     ,  9.44,  4.84,  4.73,  0.19,  0.00,  382504042,  323277000,   59050000,  395019596, python, iotlab1, mult, 25
6003299     ,  9.59,  4.62,  4.50,  0.19,  0.00,  372555972,  323589000,   48937000,  384851305, python, iotlab1, mult, 25
6013353     ,  8.01,  3.92,  3.81,  0.26,  0.00,  319067740,  265847000,   52969000,  331952151, python, iotlab1, mult, 25
6013353     ,  8.09,  3.88,  3.76,  0.26,  0.00,  318324231,  272252000,   46042000,  330742277, python, iotlab1, mult, 25
6013353     ,  8.01,  3.86,  3.76,  0.26,  0.00,  317530357,  270535000,   46919000,  330022058, python, iotlab1, mult, 25
6013353     ,  7.94,  3.89,  3.77,  0.26,  0.00,  315493401,  272529000,   42925000,  327931614, python, iotlab1, mult, 25
6013353     ,  7.90,  3.85,  3.74,  0.26,  0.00,  315693462,  269717000,   45951000,  327941675, python, iotlab1, mult, 25
6013353     ,  7.93,  3.87,  3.76,  0.26,  0.00,  319065140,  282528000,   35939000,  331430551, python, iotlab1, mult, 25
6013353     ,  8.00,  3.91,  3.80,  0.26,  0.00,  317925289,  270911000,   46984000,  330548340, python, iotlab1, mult, 25
6013353     ,  8.00,  3.90,  3.79,  0.26,  0.00,  317799054,  275805000,   41970000,  330288880, python, iotlab1, mult, 25
6013353     ,  8.02,  3.91,  3.80,  0.26,  0.00,  319962760,  277932000,   41989000,  332600045, python, iotlab1, mult, 25
6013353     ,  7.98,  3.90,  3.80,  0.26,  0.00,  318603765,  274637000,   43942000,  330996606, python, iotlab1, mult, 25
6240025     ,  7.38,  3.52,  3.43,  0.15,  0.00,  284998557,  256790000,   27977000,  297425608, python, iotlab1, mult, 25
6240025     ,  7.33,  3.50,  3.41,  0.15,  0.00,  282835600,  244829000,   37973000,  295194159, python, iotlab1, mult, 25
6240025     ,  7.28,  3.47,  3.39,  0.15,  0.00,  280353870,  246276000,   34038000,  292909074, python, iotlab1, mult, 25
6240025     ,  7.63,  3.63,  3.54,  0.15,  0.00,  295315353,  262251000,   33031000,  307688280, python, iotlab1, mult, 25
6240025     ,  7.38,  3.54,  3.46,  0.15,  0.00,  286849123,  261826000,   24983000,  299259371, python, iotlab1, mult, 25
6240025     ,  7.50,  3.62,  3.53,  0.15,  0.00,  289166398,  263126000,   26012000,  301584431, python, iotlab1, mult, 25
6240025     ,  7.37,  3.56,  3.47,  0.15,  0.00,  283704053,  248713000,   34959000,  296184070, python, iotlab1, mult, 25
6240025     ,  7.35,  3.54,  3.45,  0.15,  0.00,  283976437,  252808000,   31099000,  296462051, python, iotlab1, mult, 25
6240025     ,  7.58,  3.63,  3.55,  0.15,  0.00,  291649177,  261650000,   29960000,  303996574, python, iotlab1, mult, 25
6240025     ,  7.36,  3.57,  3.49,  0.15,  0.00,  285570432,  251605000,   33946000,  297948521, python, iotlab1, mult, 25
6264225     ,  8.08,  4.13,  4.03,  0.17,  0.00,  329167850,  280868000,   48148000,  341788173, python, iotlab1, mult, 25
6264225     ,  8.54,  4.09,  3.99,  0.17,  0.00,  340445552,  292500000,   47918000,  352861488, python, iotlab1, mult, 25
6264225     ,  8.07,  4.16,  4.06,  0.17,  0.00,  330754085,  280606000,   50108000,  343184283, python, iotlab1, mult, 25
6264225     ,  7.98,  4.13,  4.03,  0.17,  0.00,  330111882,  273277000,   56849000,  342513049, python, iotlab1, mult, 25
6264225     ,  8.05,  4.00,  3.91,  0.16,  0.00,  322360065,  272440000,   49897000,  334857269, python, iotlab1, mult, 25
6264225     ,  8.22,  4.22,  4.12,  0.17,  0.00,  339160162,  284999000,   53999000,  351776941, python, iotlab1, mult, 25
6264225     ,  8.03,  4.13,  4.03,  0.17,  0.00,  330213658,  282171000,   48029000,  342590663, python, iotlab1, mult, 25
6264225     ,  7.99,  4.15,  4.05,  0.17,  0.00,  329873095,  278874000,   50977000,  342195325, python, iotlab1, mult, 25
6264225     ,  8.39,  4.06,  3.97,  0.17,  0.00,  334641679,  267600000,   66900000,  347018041, python, iotlab1, mult, 25
6264225     ,  8.26,  4.24,  4.14,  0.17,  0.00,  341292054,  281174000,   60037000,  353843076, python, iotlab1, mult, 25
645547      ,  8.53,  4.44,  4.34,  0.18,  0.00,  353068985,  297844000,   54971000,  365338595, python, iotlab1, mult, 25
645547      ,  8.51,  4.38,  4.28,  0.18,  0.00,  345708076,  287742000,   57948000,  358049996, python, iotlab1, mult, 25
645547      ,  8.55,  4.41,  4.31,  0.18,  0.00,  349405366,  289474000,   59891000,  362004837, python, iotlab1, mult, 25
645547      ,  8.85,  4.26,  4.15,  0.18,  0.00,  347749444,  295594000,   52104000,  360545528, python, iotlab1, mult, 25
645547      ,  8.88,  4.18,  4.07,  0.18,  0.00,  345442341,  295277000,   50047000,  357837841, python, iotlab1, mult, 25
645547      ,  9.32,  4.87,  4.75,  0.19,  0.00,  349367716,  294376000,   54883000,  361725723, python, iotlab1, mult, 25
645547      ,  8.71,  4.55,  4.45,  0.18,  0.00,  349402946,  291281000,   58056000,  362492621, python, iotlab1, mult, 25
645547      ,  9.13,  4.32,  4.22,  0.18,  0.00,  357505644,  311560000,   45935000,  369776030, python, iotlab1, mult, 25
645547      ,  8.55,  4.42,  4.32,  0.18,  0.00,  351423240,  293458000,   57893000,  363808142, python, iotlab1, mult, 25
645547      ,  9.31,  4.82,  4.71,  0.20,  0.00,  365929214,  304811000,   60962000,  378398961, python, iotlab1, mult, 25
694972      ,  8.91,  4.40,  4.29,  0.18,  0.00,  326931011,  266940000,   56774000,  339649849, python, iotlab1, mult, 25
694972      ,  8.37,  3.98,  3.89,  0.17,  0.00,  330566622,  283446000,   47074000,  343054922, python, iotlab1, mult, 25
694972      ,  7.88,  4.13,  4.03,  0.17,  0.00,  325760668,  274791000,   50961000,  338340610, python, iotlab1, mult, 25
694972      ,  7.86,  4.09,  4.00,  0.16,  0.00,  323485405,  268204000,   54837000,  335821607, python, iotlab1, mult, 25
694972      ,  8.28,  3.96,  3.86,  0.16,  0.00,  323895231,  273728000,   49950000,  336415692, python, iotlab1, mult, 25
694972      ,  7.99,  4.09,  3.98,  0.17,  0.00,  328578461,  277468000,   51086000,  340935500, python, iotlab1, mult, 25
694972      ,  7.90,  4.06,  3.97,  0.17,  0.00,  327522660,  282422000,   45067000,  339996527, python, iotlab1, mult, 25
694972      ,  8.28,  3.88,  3.79,  0.16,  0.00,  320322019,  264306000,   55853000,  332577558, python, iotlab1, mult, 25
694972      ,  8.30,  3.94,  3.85,  0.17,  0.00,  325562470,  275452000,   50082000,  337965921, python, iotlab1, mult, 25
694972      ,  7.99,  4.13,  4.02,  0.17,  0.00,  327208467,  285281000,   41894000,  339651402, python, iotlab1, mult, 25
7118232     ,  8.99,  4.62,  4.51,  0.19,  0.00,  372687080,  305314000,   67069000,  384937202, python, iotlab1, mult, 25
7118232     ,  9.36,  4.47,  4.36,  0.19,  0.00,  369760929,  315771000,   53960000,  381976443, python, iotlab1, mult, 25
7118232     ,  8.93,  4.61,  4.49,  0.19,  0.00,  370056356,  311024000,   59004000,  382507841, python, iotlab1, mult, 25
7118232     ,  9.02,  4.66,  4.54,  0.19,  0.00,  374542094,  332153000,   41893000,  386889876, python, iotlab1, mult, 25
7118232     ,  9.39,  4.51,  4.40,  0.19,  0.00,  369961870,  315919000,   53986000,  382404049, python, iotlab1, mult, 25
7118232     ,  8.89,  4.65,  4.55,  0.19,  0.00,  368810767,  309831000,   58967000,  381222803, python, iotlab1, mult, 25
7118232     ,  8.88,  4.56,  4.45,  0.18,  0.00,  363444197,  301302000,   62062000,  375791392, python, iotlab1, mult, 25
7118232     ,  9.10,  4.69,  4.58,  0.19,  0.00,  376056557,  325155000,   50867000,  388357002, python, iotlab1, mult, 25
7118232     ,  9.46,  4.52,  4.41,  0.19,  0.00,  373124874,  320086000,   53014000,  385516570, python, iotlab1, mult, 25
7118232     ,  9.69,  4.62,  4.49,  0.19,  0.00,  381820297,  326745000,   54957000,  394255380, python, iotlab1, mult, 25
7383943     ,  6.24,  2.92,  2.83,  0.15,  0.00,  266874276,  205360000,   33058000,  279368918, python, iotlab1, mult, 25
7383943     ,  6.02,  2.89,  2.82,  0.13,  0.00,  234030751,  205891000,   27985000,  246524038, python, iotlab1, mult, 25
7383943     ,  5.72,  2.95,  2.88,  0.13,  0.00,  233187087,  196064000,   37012000,  245605295, python, iotlab1, mult, 25
7383943     ,  5.95,  2.82,  2.75,  0.13,  0.00,  228462117,  192205000,   36038000,  240818314, python, iotlab1, mult, 25
7383943     ,  5.92,  2.77,  2.70,  0.13,  0.00,  228278822,  187095000,   41020000,  240802366, python, iotlab1, mult, 25
7383943     ,  5.67,  2.91,  2.83,  0.13,  0.00,  230654065,  205658000,   24958000,  243162835, python, iotlab1, mult, 25
7383943     ,  5.74,  2.93,  2.85,  0.13,  0.00,  231984397,  197957000,   33992000,  244300414, python, iotlab1, mult, 25
7383943     ,  5.73,  2.92,  2.85,  0.13,  0.00,  232039215,  202005000,   30000000,  244499925, python, iotlab1, mult, 25
7383943     ,  5.71,  2.93,  2.85,  0.13,  0.00,  231311121,  196385000,   34890000,  243656412, python, iotlab1, mult, 25
7383943     ,  5.93,  2.83,  2.76,  0.13,  0.00,  230808478,  193809000,   36963000,  243091600, python, iotlab1, mult, 25
747773      ,  7.13,  3.39,  3.29,  0.17,  0.00,  274328053,  237283000,   36888000,  286733051, python, iotlab1, mult, 25
747773      ,  7.05,  3.36,  3.28,  0.17,  0.00,  273194033,  236210000,   36876000,  285601759, python, iotlab1, mult, 25
747773      ,  7.11,  3.39,  3.29,  0.17,  0.00,  274867267,  247853000,   26984000,  287287615, python, iotlab1, mult, 25
747773      ,  7.03,  3.34,  3.26,  0.17,  0.00,  272264014,  242176000,   30021000,  284742274, python, iotlab1, mult, 25
747773      ,  7.11,  3.37,  3.29,  0.17,  0.00,  273014971,  245993000,   26999000,  285418926, python, iotlab1, mult, 25
747773      ,  6.89,  3.43,  3.34,  0.16,  0.00,  272910106,  246853000,   25984000,  285272740, python, iotlab1, mult, 25
747773      ,  7.12,  3.43,  3.33,  0.17,  0.00,  275356882,  233269000,   42048000,  287890376, python, iotlab1, mult, 25
747773      ,  7.00,  3.43,  3.34,  0.17,  0.00,  273468682,  235097000,   37854000,  285881613, python, iotlab1, mult, 25
747773      ,  6.92,  3.44,  3.36,  0.17,  0.00,  273363292,  242304000,   31038000,  285773518, python, iotlab1, mult, 25
747773      ,  7.08,  3.42,  3.32,  0.17,  0.00,  273143323,  242173000,   30894000,  285582311, python, iotlab1, mult, 25
7892510     ,  8.68,  4.41,  4.30,  0.18,  0.00,  352124489,  301863000,   49977000,  364464414, python, iotlab1, mult, 25
7892510     ,  8.67,  4.32,  4.22,  0.18,  0.00,  345660148,  288634000,   56927000,  358174109, python, iotlab1, mult, 25
7892510     ,  8.61,  4.34,  4.23,  0.18,  0.00,  346556632,  283559000,   62902000,  358937891, python, iotlab1, mult, 25
7892510     ,  8.76,  4.41,  4.31,  0.18,  0.00,  351194014,  298146000,   53025000,  363500322, python, iotlab1, mult, 25
7892510     ,  8.85,  4.48,  4.36,  0.18,  0.00,  356749502,  297775000,   58955000,  369137569, python, iotlab1, mult, 25
7892510     ,  9.02,  4.37,  4.26,  0.18,  0.00,  354678164,  310549000,   43936000,  367118874, python, iotlab1, mult, 25
7892510     ,  9.01,  4.33,  4.23,  0.18,  0.00,  354554958,  302434000,   52074000,  366853997, python, iotlab1, mult, 25
7892510     ,  8.73,  4.42,  4.32,  0.18,  0.00,  351034176,  294016000,   57003000,  363481455, python, iotlab1, mult, 25
7892510     ,  8.76,  4.54,  4.44,  0.18,  0.00,  358060319,  308610000,   48938000,  370415338, python, iotlab1, mult, 25
7892510     ,  8.74,  4.40,  4.29,  0.18,  0.00,  352060292,  306025000,   46003000,  364471021, python, iotlab1, mult, 25
794688      ,  7.42,  3.81,  3.72,  0.16,  0.00,  307295966,  254237000,   52841000,  319692146, python, iotlab1, mult, 25
794688      ,  7.38,  3.84,  3.74,  0.16,  0.00,  305895315,  252896000,   52978000,  318291056, python, iotlab1, mult, 25
794688      ,  7.53,  3.89,  3.79,  0.16,  0.00,  310803534,  257823000,   52963000,  323125656, python, iotlab1, mult, 25
794688      ,  7.46,  3.88,  3.78,  0.16,  0.00,  308644589,  246514000,   62129000,  321134903, python, iotlab1, mult, 25
794688      ,  7.63,  3.93,  3.83,  0.16,  0.00,  311385228,  257480000,   53891000,  324015510, python, iotlab1, mult, 25
794688      ,  7.68,  3.72,  3.63,  0.16,  0.00,  305081397,  260062000,   45010000,  317550829, python, iotlab1, mult, 25
794688      ,  7.58,  3.92,  3.82,  0.16,  0.00,  314919314,  251915000,   62978000,  327355333, python, iotlab1, mult, 25
794688      ,  7.65,  3.99,  3.89,  0.16,  0.00,  317677013,  262513000,   55107000,  330117588, python, iotlab1, mult, 25
794688      ,  7.36,  3.85,  3.75,  0.16,  0.00,  305353278,  263297000,   42047000,  317783752, python, iotlab1, mult, 25
794688      ,  7.34,  3.83,  3.74,  0.15,  0.00,  303314002,  248852000,   53968000,  315695011, python, iotlab1, mult, 25
8506069     ,  9.19,  4.75,  4.64,  0.19,  0.00,  374216435,  317990000,   55998000,  386588228, python, iotlab1, mult, 25
8506069     ,  9.17,  4.57,  4.45,  0.19,  0.00,  364783286,  306805000,   57963000,  377048932, python, iotlab1, mult, 25
8506069     ,  9.33,  4.84,  4.72,  0.20,  0.00,  387190326,  339141000,   48019000,  399543860, python, iotlab1, mult, 25
8506069     ,  9.16,  4.74,  4.63,  0.19,  0.00,  376077486,  322018000,   54003000,  388523497, python, iotlab1, mult, 25
8506069     ,  9.10,  4.57,  4.47,  0.19,  0.00,  364628204,  310420000,   54073000,  377196294, python, iotlab1, mult, 25
8506069     ,  9.26,  4.60,  4.40,  0.18,  0.00,  360035177,  310981000,   48997000,  372339459, python, iotlab1, mult, 25
8506069     ,  9.10,  4.55,  4.43,  0.19,  0.00,  363519840,  305560000,   57916000,  375843620, python, iotlab1, mult, 25
8506069     ,  8.91,  4.60,  4.49,  0.19,  0.00,  364938895,  309927000,   54987000,  377280212, python, iotlab1, mult, 25
8506069     ,  9.28,  4.46,  4.35,  0.19,  0.00,  366416640,  307320000,   59061000,  378758721, python, iotlab1, mult, 25
8506069     ,  9.09,  4.65,  4.54,  0.19,  0.00,  370209681,  324154000,   46021000,  382646279, python, iotlab1, mult, 25
8583205     ,  8.57,  4.14,  4.04,  0.17,  0.00,  341942507,  292664000,   49111000,  355265581, python, iotlab1, mult, 25
8583205     ,  8.66,  4.16,  4.06,  0.17,  0.00,  344445136,  288321000,   56062000,  356830673, python, iotlab1, mult, 25
8583205     ,  8.35,  4.35,  4.25,  0.17,  0.00,  345252529,  303162000,   42022000,  357528021, python, iotlab1, mult, 25
8583205     ,  8.30,  4.30,  4.19,  0.17,  0.00,  341299614,  286237000,   55045000,  353783695, python, iotlab1, mult, 25
8583205     ,  8.70,  4.19,  4.08,  0.18,  0.00,  345600168,  288609000,   56923000,  358052490, python, iotlab1, mult, 25
8583205     ,  8.61,  4.11,  4.00,  0.17,  0.00,  339600276,  299446000,   40059000,  352007994, python, iotlab1, mult, 25
8583205     ,  8.62,  4.12,  4.02,  0.17,  0.00,  340630596,  302520000,   38065000,  353206543, python, iotlab1, mult, 25
8583205     ,  8.57,  4.34,  4.22,  0.18,  0.00,  346487643,  286548000,   59905000,  358745761, python, iotlab1, mult, 25
8583205     ,  8.30,  4.29,  4.18,  0.17,  0.00,  342095948,  284219000,   57841000,  354604331, python, iotlab1, mult, 25
8583205     ,  8.27,  4.25,  4.15,  0.17,  0.00,  340064440,  285013000,   55002000,  352447834, python, iotlab1, mult, 25
8606374     ,  7.44,  3.82,  3.71,  0.16,  0.00,  307781034,  249701000,   57930000,  320194912, python, iotlab1, mult, 25
8606374     ,  7.24,  3.75,  3.67,  0.15,  0.00,  297280408,  240227000,   57053000,  309643284, python, iotlab1, mult, 25
8606374     ,  7.27,  3.75,  3.65,  0.15,  0.00,  300866195,  252861000,   47973000,  313238081, python, iotlab1, mult, 25
8606374     ,  7.43,  3.83,  3.72,  0.16,  0.00,  303537816,  250597000,   52914000,  315950735, python, iotlab1, mult, 25
8606374     ,  7.88,  3.74,  3.63,  0.16,  0.00,  309318036,  244235000,   65062000,  321664026, python, iotlab1, mult, 25
8606374     ,  7.66,  3.97,  3.88,  0.16,  0.00,  316557970,  276479000,   40069000,  329037248, python, iotlab1, mult, 25
8606374     ,  7.42,  3.82,  3.71,  0.16,  0.00,  303851856,  240867000,   62965000,  316261423, python, iotlab1, mult, 25
8606374     ,  7.49,  3.87,  3.77,  0.16,  0.00,  309179102,  256121000,   53025000,  321578705, python, iotlab1, mult, 25
8606374     ,  7.39,  3.81,  3.71,  0.15,  0.00,  302334686,  253258000,   49050000,  314795778, python, iotlab1, mult, 25
8606374     ,  7.38,  3.80,  3.71,  0.15,  0.00,  304013834,  247218000,   56820000,  316375001, python, iotlab1, mult, 25
8611800     ,  8.80,  4.54,  4.43,  0.18,  0.00,  361301475,  303520000,   56910000,  373845678, python, iotlab1, mult, 25
8611800     ,  8.67,  4.51,  4.41,  0.18,  0.00,  358891491,  309056000,   49847000,  371319843, python, iotlab1, mult, 25
8611800     ,  8.86,  4.56,  4.44,  0.19,  0.00,  363163921,  303126000,   60025000,  375673612, python, iotlab1, mult, 25
8611800     ,  8.76,  4.55,  4.44,  0.18,  0.00,  361976667,  303952000,   57990000,  374278627, python, iotlab1, mult, 25
8611800     ,  8.65,  4.48,  4.37,  0.18,  0.00,  356790880,  308780000,   47965000,  369083470, python, iotlab1, mult, 25
8611800     ,  8.90,  4.59,  4.49,  0.19,  0.00,  368127657,  309683000,   57940000,  380586796, python, iotlab1, mult, 25
8611800     ,  8.73,  4.48,  4.38,  0.18,  0.00,  356699053,  299734000,   56949000,  369043400, python, iotlab1, mult, 25
8611800     ,  8.76,  4.55,  4.44,  0.18,  0.00,  362957316,  310823000,   52138000,  375341750, python, iotlab1, mult, 25
8611800     ,  8.72,  4.44,  4.33,  0.18,  0.00,  353963840,  291782000,   62166000,  366333632, python, iotlab1, mult, 25
8611800     ,  8.79,  4.54,  4.43,  0.18,  0.00,  363105919,  305065000,   58012000,  375495341, python, iotlab1, mult, 25
8766009     ,  9.05,  4.29,  4.17,  0.18,  0.00,  352467399,  297251000,   55046000,  364867283, python, iotlab1, mult, 25
8766009     ,  8.58,  4.46,  4.36,  0.18,  0.00,  351043147,  302108000,   48855000,  363481025, python, iotlab1, mult, 25
8766009     ,  8.66,  4.47,  4.37,  0.18,  0.00,  352154669,  294977000,   56995000,  364530482, python, iotlab1, mult, 25
8766009     ,  9.11,  4.38,  4.28,  0.18,  0.00,  355309362,  295209000,   60042000,  367753886, python, iotlab1, mult, 25
8766009     ,  8.56,  4.47,  4.36,  0.18,  0.00,  349390606,  293300000,   55866000,  361886336, python, iotlab1, mult, 25
8766009     ,  8.91,  4.53,  4.42,  0.18,  0.00,  352738486,  298202000,   54036000,  365292930, python, iotlab1, mult, 25
8766009     ,  8.78,  4.53,  4.42,  0.18,  0.00,  356708786,  302512000,   54091000,  369273253, python, iotlab1, mult, 25
8766009     ,  8.64,  4.51,  4.40,  0.18,  0.00,  356742685,  312756000,   43965000,  369243418, python, iotlab1, mult, 25
8766009     ,  8.89,  4.62,  4.53,  0.19,  0.00,  365752763,  308752000,   56954000,  378158282, python, iotlab1, mult, 25
8766009     ,  8.98,  4.68,  4.56,  0.19,  0.00,  370620140,  309666000,   60934000,  382920001, python, iotlab1, mult, 25
8925185     ,  8.87,  4.63,  4.52,  0.19,  0.00,  365946617,  304197000,   61039000,  378371386, python, iotlab1, mult, 25
8925185     ,  9.47,  4.55,  4.44,  0.19,  0.00,  373092701,  306926000,   65984000,  385502440, python, iotlab1, mult, 25
8925185     ,  9.22,  4.78,  4.67,  0.19,  0.00,  379890249,  322896000,   56981000,  392289395, python, iotlab1, mult, 25
8925185     ,  9.63,  4.54,  4.43,  0.19,  0.00,  374152044,  317952000,   55991000,  386614749, python, iotlab1, mult, 25
8925185     ,  9.28,  4.72,  4.60,  0.19,  0.00,  373029093,  310010000,   63002000,  385341870, python, iotlab1, mult, 25
8925185     ,  9.03,  4.70,  4.60,  0.19,  0.00,  370807068,  318300000,   51885000,  383375628, python, iotlab1, mult, 25
8925185     ,  8.99,  4.66,  4.55,  0.19,  0.00,  368710964,  316744000,   51958000,  381162229, python, iotlab1, mult, 25
8925185     ,  9.46,  4.55,  4.44,  0.19,  0.00,  372416562,  318329000,   54055000,  384942875, python, iotlab1, mult, 25
8925185     ,  9.30,  4.66,  4.55,  0.19,  0.00,  372496759,  312391000,   60075000,  384877042, python, iotlab1, mult, 25
8925185     ,  9.44,  4.48,  4.37,  0.19,  0.00,  367479284,  311462000,   55903000,  379914042, python, iotlab1, mult, 25
9168482     ,  8.81,  4.14,  4.04,  0.18,  0.00,  346717424,  292543000,   53915000,  359249825, python, iotlab1, mult, 25
9168482     ,  8.27,  4.15,  4.06,  0.17,  0.00,  332334801,  265381000,   66844000,  344710776, python, iotlab1, mult, 25
9168482     ,  8.32,  4.25,  4.14,  0.17,  0.00,  337704007,  288717000,   48952000,  350101803, python, iotlab1, mult, 25
9168482     ,  8.31,  4.23,  4.14,  0.17,  0.00,  338637111,  285618000,   52929000,  350938791, python, iotlab1, mult, 25
9168482     ,  8.53,  4.09,  3.99,  0.17,  0.00,  331421804,  290387000,   40913000,  343834776, python, iotlab1, mult, 25
9168482     ,  8.88,  4.22,  4.11,  0.18,  0.00,  348143888,  305103000,   43014000,  360619001, python, iotlab1, mult, 25
9168482     ,  8.50,  4.36,  4.26,  0.18,  0.00,  346788597,  300673000,   45950000,  359330490, python, iotlab1, mult, 25
9168482     ,  8.70,  4.13,  4.03,  0.17,  0.00,  340294794,  280320000,   59854000,  352742298, python, iotlab1, mult, 25
9168482     ,  8.18,  4.25,  4.15,  0.17,  0.00,  335562396,  276583000,   58911000,  347970303, python, iotlab1, mult, 25
9168482     ,  8.64,  4.12,  4.03,  0.17,  0.00,  339255322,  283194000,   56038000,  351747530, python, iotlab1, mult, 25
9268743     ,  8.14,  3.83,  3.72,  0.16,  0.00,  315330307,  263075000,   52014000,  328412901, python, iotlab1, mult, 25
9268743     ,  7.68,  3.93,  3.84,  0.16,  0.00,  313166553,  260130000,   53026000,  325673526, python, iotlab1, mult, 25
9268743     ,  7.68,  3.93,  3.83,  0.16,  0.00,  313654157,  256702000,   56934000,  325972421, python, iotlab1, mult, 25
9268743     ,  7.74,  3.97,  3.87,  0.16,  0.00,  314421438,  253460000,   60870000,  326713590, python, iotlab1, mult, 25
9268743     ,  7.69,  3.89,  3.79,  0.16,  0.00,  310349485,  252271000,   58062000,  322626468, python, iotlab1, mult, 25
9268743     ,  7.74,  3.98,  3.88,  0.16,  0.00,  317640124,  265520000,   52102000,  330117967, python, iotlab1, mult, 25
9268743     ,  7.61,  3.93,  3.83,  0.16,  0.00,  311954666,  250173000,   61795000,  324361629, python, iotlab1, mult, 25
9268743     ,  7.70,  3.96,  3.87,  0.16,  0.00,  317962430,  258945000,   58987000,  330301668, python, iotlab1, mult, 25
9268743     ,  7.85,  4.00,  3.91,  0.16,  0.00,  322158868,  277015000,   45002000,  334647366, python, iotlab1, mult, 25
9268743     ,  7.79,  3.72,  3.63,  0.15,  0.00,  305814593,  243812000,   61952000,  318290609, python, iotlab1, mult, 25
927928      ,  9.10,  4.31,  4.19,  0.18,  0.00,  356092175,  304820000,   50970000,  368470706, python, iotlab1, mult, 25
927928      ,  8.79,  4.59,  4.48,  0.19,  0.00,  363389613,  320021000,   42868000,  375823913, python, iotlab1, mult, 25
927928      ,  8.96,  4.62,  4.51,  0.19,  0.00,  365908822,  315809000,   49969000,  378304808, python, iotlab1, mult, 25
927928      ,  8.74,  4.45,  4.34,  0.18,  0.00,  355807855,  304811000,   50968000,  368210178, python, iotlab1, mult, 25
927928      ,  8.49,  4.41,  4.30,  0.18,  0.00,  347908239,  291742000,   56142000,  360337686, python, iotlab1, mult, 25
927928      ,  8.72,  4.50,  4.39,  0.18,  0.00,  359865437,  310730000,   49115000,  372271087, python, iotlab1, mult, 25
927928      ,  8.81,  4.55,  4.45,  0.18,  0.00,  363606785,  315644000,   47946000,  376127732, python, iotlab1, mult, 25
927928      ,  8.64,  4.49,  4.38,  0.18,  0.00,  356836054,  293846000,   62967000,  369208646, python, iotlab1, mult, 25
927928      ,  8.94,  4.47,  4.36,  0.18,  0.00,  358578615,  300438000,   58084000,  371004721, python, iotlab1, mult, 25
927928      ,  9.07,  4.49,  4.37,  0.18,  0.00,  360559937,  304461000,   56085000,  372910943, python, iotlab1, mult, 25
9280152     ,  8.23,  4.01,  3.91,  0.17,  0.00,  328778684,  276427000,   52080000,  341189906, python, iotlab1, mult, 25
9280152     ,  8.25,  3.95,  3.86,  0.16,  0.00,  325550576,  269506000,   55897000,  338053351, python, iotlab1, mult, 25
9280152     ,  7.74,  4.02,  3.92,  0.16,  0.00,  320404606,  258262000,   62063000,  332754847, python, iotlab1, mult, 25
9280152     ,  8.09,  4.14,  4.05,  0.17,  0.00,  333763025,  278779000,   54956000,  346182857, python, iotlab1, mult, 25
9280152     ,  7.97,  3.80,  3.71,  0.16,  0.00,  312755779,  254527000,   58120000,  325096048, python, iotlab1, mult, 25
9280152     ,  7.94,  4.11,  4.01,  0.17,  0.00,  325800247,  270811000,   54961000,  338112745, python, iotlab1, mult, 25
9280152     ,  8.28,  3.98,  3.88,  0.17,  0.00,  330098345,  271016000,   59003000,  342539091, python, iotlab1, mult, 25
9280152     ,  8.04,  4.09,  4.00,  0.17,  0.00,  326653992,  275689000,   50942000,  339204375, python, iotlab1, mult, 25
9280152     ,  7.98,  4.07,  3.97,  0.17,  0.00,  324521764,  282436000,   42065000,  336905118, python, iotlab1, mult, 25
9280152     ,  9.32,  4.98,  4.87,  0.19,  0.00,  336370544,  273274000,   63063000,  348994493, python, iotlab1, mult, 25
9396164     ,  9.74,  4.61,  4.49,  0.20,  0.00,  385766672,  335597000,   49940000,  398748345, python, iotlab1, mult, 25
9396164     ,  9.36,  4.75,  4.64,  0.19,  0.00,  380296378,  332239000,   48034000,  392758341, python, iotlab1, mult, 25
9396164     ,  9.11,  4.73,  4.61,  0.19,  0.00,  372643425,  308254000,   64052000,  385079892, python, iotlab1, mult, 25
9396164     , 11.60,  6.01,  5.88,  0.23,  0.00,  406331145,  347362000,   58891000,  418655913, python, iotlab1, mult, 25
9396164     ,  9.42,  4.82,  4.71,  0.20,  0.00,  384300374,  323300000,   60868000,  396732799, python, iotlab1, mult, 25
9396164     ,  9.41,  4.80,  4.68,  0.19,  0.00,  382271639,  330172000,   52027000,  394760949, python, iotlab1, mult, 25
9396164     ,  9.19,  4.83,  4.71,  0.19,  0.00,  379913074,  320657000,   58753000,  392259215, python, iotlab1, mult, 25
9396164     ,  9.97,  4.71,  4.51,  0.19,  0.00,  377921541,  310910000,   66980000,  390357863, python, iotlab1, mult, 25
9396164     ,  9.08,  4.69,  4.58,  0.19,  0.00,  371154658,  308107000,   63021000,  383617749, python, iotlab1, mult, 25
9396164     ,  9.40,  4.81,  4.69,  0.20,  0.00,  383877268,  337862000,   45981000,  396322831, python, iotlab1, mult, 25
9484409     ,  8.79,  4.24,  4.15,  0.18,  0.00,  348822314,  286541000,   61900000,  361253194, python, iotlab1, mult, 25
9484409     ,  8.53,  4.42,  4.31,  0.18,  0.00,  349880131,  290095000,   59813000,  362481468, python, iotlab1, mult, 25
9484409     ,  8.37,  4.35,  4.25,  0.18,  0.00,  345213852,  292316000,   52876000,  357698199, python, iotlab1, mult, 25
9484409     ,  8.62,  4.17,  4.05,  0.17,  0.00,  342156274,  287106000,   55020000,  354751128, python, iotlab1, mult, 25
9484409     ,  8.34,  4.30,  4.20,  0.18,  0.00,  345091279,  286051000,   59010000,  357425617, python, iotlab1, mult, 25
9484409     ,  8.24,  4.31,  4.21,  0.17,  0.00,  341020506,  283989000,   56997000,  353462972, python, iotlab1, mult, 25
9484409     ,  8.54,  4.36,  4.25,  0.18,  0.00,  347596858,  291469000,   56090000,  359970458, python, iotlab1, mult, 25
9484409     ,  8.65,  4.46,  4.33,  0.18,  0.00,  354343684,  298266000,   56050000,  366885552, python, iotlab1, mult, 25
9484409     ,  8.17,  4.22,  4.11,  0.17,  0.00,  339556113,  275432000,   64100000,  351884379, python, iotlab1, mult, 25
9484409     ,  8.41,  4.24,  4.15,  0.17,  0.00,  342470995,  291524000,   50917000,  354829559, python, iotlab1, mult, 25
9848598     ,  8.17,  4.19,  4.09,  0.17,  0.00,  338902929,  281720000,   56943000,  351304498, python, iotlab1, mult, 25
9848598     ,  8.05,  4.17,  4.06,  0.17,  0.00,  333486941,  273963000,   58992000,  345880731, python, iotlab1, mult, 25
9848598     ,  7.90,  4.10,  4.01,  0.17,  0.00,  328323646,  268422000,   59871000,  340682413, python, iotlab1, mult, 25
9848598     ,  8.44,  4.03,  3.92,  0.17,  0.00,  332789115,  273582000,   59125000,  345346923, python, iotlab1, mult, 25
9848598     ,  7.92,  4.11,  4.01,  0.17,  0.00,  324974792,  285957000,   38994000,  337399753, python, iotlab1, mult, 25
9848598     ,  8.11,  4.18,  4.09,  0.17,  0.00,  334785343,  280805000,   53962000,  347314642, python, iotlab1, mult, 25
9848598     ,  8.34,  4.00,  3.89,  0.17,  0.00,  329594210,  292428000,   37054000,  341952747, python, iotlab1, mult, 25
9848598     ,  8.22,  4.22,  4.12,  0.17,  0.00,  336236618,  282179000,   54034000,  348658686, python, iotlab1, mult, 25
9848598     ,  8.60,  4.32,  4.22,  0.18,  0.00,  347212622,  295174000,   52030000,  359617875, python, iotlab1, mult, 25
9848598     ,  8.57,  4.07,  3.97,  0.17,  0.00,  336507829,  287401000,   49068000,  349032762, python, iotlab1, mult, 25
