file,psys,pkg,cores,ram,gpu,duration_time,user_time,system_time,perf_time,lang,machine,cores,power_limit
10178028.exe,  4.24,  1.27,  1.17,  0.15,  0.00,  290048425,  128299000,   22051000,  335985699, c++, iotlab1, mult, 8
10178028.exe,  2.69,  1.13,  1.09,  0.07,  0.00,  142286580,  131324000,   11027000,  155091755, c++, iotlab1, mult, 8
10178028.exe,  2.66,  1.12,  1.08,  0.07,  0.00,  142543266,  128494000,   14054000,  156085930, c++, iotlab1, mult, 8
10178028.exe,  2.65,  1.13,  1.09,  0.07,  0.00,  142935375,  134944000,    8056000,  156340989, c++, iotlab1, mult, 8
10178028.exe,  2.66,  1.14,  1.10,  0.07,  0.00,  143487188,  128589000,   14952000,  156189393, c++, iotlab1, mult, 8
10178028.exe,  2.63,  1.13,  1.09,  0.07,  0.00,  141102314,  127137000,   14015000,  154709557, c++, iotlab1, mult, 8
10178028.exe,  2.65,  1.13,  1.09,  0.07,  0.00,  141935869,  124997000,   16999000,  155020173, c++, iotlab1, mult, 8
10178028.exe,  2.64,  1.13,  1.09,  0.07,  0.00,  141158199,  127197000,   14021000,  154492770, c++, iotlab1, mult, 8
10178028.exe,  2.62,  1.11,  1.07,  0.07,  0.00,  141360060,  126469000,   14937000,  154328473, c++, iotlab1, mult, 8
10178028.exe,  2.73,  1.15,  1.11,  0.07,  0.00,  144732231,  118771000,   25950000,  157553214, c++, iotlab1, mult, 8
1095744.exe ,  2.68,  1.15,  1.11,  0.07,  0.00,  143998949,  124944000,   19144000,  157516044, c++, iotlab1, mult, 8
1095744.exe ,  2.64,  1.12,  1.07,  0.07,  0.00,  144368197,  119365000,   25076000,  158541831, c++, iotlab1, mult, 8
1095744.exe ,  2.63,  1.13,  1.09,  0.07,  0.00,  141969211,  119861000,   22159000,  155510697, c++, iotlab1, mult, 8
1095744.exe ,  2.63,  1.13,  1.09,  0.07,  0.00,  142076064,  114052000,   28012000,  154850721, c++, iotlab1, mult, 8
1095744.exe ,  2.65,  1.13,  1.09,  0.07,  0.00,  141787033,  120841000,   20972000,  155383602, c++, iotlab1, mult, 8
1095744.exe ,  2.64,  1.12,  1.07,  0.07,  0.00,  142517360,  111343000,   31095000,  156137981, c++, iotlab1, mult, 8
1095744.exe ,  2.63,  1.11,  1.07,  0.07,  0.00,  140034828,  111287000,   28815000,  153461835, c++, iotlab1, mult, 8
1095744.exe ,  2.64,  1.13,  1.08,  0.07,  0.00,  141438835,  123431000,   18063000,  154272939, c++, iotlab1, mult, 8
1095744.exe ,  2.62,  1.13,  1.08,  0.07,  0.00,  140957159,  114011000,   27002000,  154240047, c++, iotlab1, mult, 8
1095744.exe ,  2.61,  1.12,  1.08,  0.07,  0.00,  142174223,  108113000,   34035000,  155895396, c++, iotlab1, mult, 8
1201761.exe ,  2.65,  1.13,  1.09,  0.07,  0.00,  141231271,  112184000,   29047000,  155473833, c++, iotlab1, mult, 8
1201761.exe ,  2.67,  1.13,  1.08,  0.07,  0.00,  141066167,  119097000,   22018000,  154659247, c++, iotlab1, mult, 8
1201761.exe ,  2.66,  1.13,  1.09,  0.07,  0.00,  141655548,  116751000,   24946000,  154467558, c++, iotlab1, mult, 8
1201761.exe ,  2.69,  1.14,  1.10,  0.07,  0.00,  143952694,  119931000,   23986000,  156771358, c++, iotlab1, mult, 8
1201761.exe ,  2.67,  1.14,  1.09,  0.07,  0.00,  143005154,  121028000,   22005000,  155680222, c++, iotlab1, mult, 8
1201761.exe ,  2.65,  1.12,  1.08,  0.07,  0.00,  141164047,  112063000,   29016000,  153971325, c++, iotlab1, mult, 8
1201761.exe ,  2.64,  1.12,  1.08,  0.07,  0.00,  141175507,  109108000,   32031000,  154115949, c++, iotlab1, mult, 8
1201761.exe ,  2.64,  1.12,  1.08,  0.07,  0.00,  141665608,  118751000,   22951000,  155352728, c++, iotlab1, mult, 8
1201761.exe ,  2.65,  1.12,  1.08,  0.07,  0.00,  140594171,  119537000,   21094000,  153659277, c++, iotlab1, mult, 8
1201761.exe ,  2.65,  1.13,  1.09,  0.07,  0.00,  142449881,  115389000,   27091000,  155147393, c++, iotlab1, mult, 8
1289148.exe ,  2.62,  1.11,  1.07,  0.07,  0.00,  139796974,  106584000,   33182000,  153691705, c++, iotlab1, mult, 8
1289148.exe ,  2.60,  1.12,  1.07,  0.07,  0.00,  139702340,  104750000,   34916000,  152578853, c++, iotlab1, mult, 8
1289148.exe ,  2.61,  1.11,  1.06,  0.07,  0.00,  138897621,  114951000,   23989000,  152604930, c++, iotlab1, mult, 8
1289148.exe ,  2.62,  1.11,  1.07,  0.07,  0.00,  139402282,  102553000,   36839000,  152367534, c++, iotlab1, mult, 8
1289148.exe ,  2.65,  1.11,  1.07,  0.07,  0.00,  141188452,  108177000,   33054000,  154019858, c++, iotlab1, mult, 8
1289148.exe ,  2.66,  1.13,  1.09,  0.07,  0.00,  141201329,  109130000,   32038000,  154729717, c++, iotlab1, mult, 8
1289148.exe ,  2.62,  1.12,  1.07,  0.07,  0.00,  139561161,  112618000,   26908000,  152247384, c++, iotlab1, mult, 8
1289148.exe ,  2.63,  1.12,  1.07,  0.07,  0.00,  139921819,  109888000,   29969000,  153116761, c++, iotlab1, mult, 8
1289148.exe ,  2.62,  1.11,  1.06,  0.07,  0.00,  140751723,  107595000,   33183000,  153788893, c++, iotlab1, mult, 8
1289148.exe ,  2.62,  1.12,  1.08,  0.07,  0.00,  141119694,  110045000,   31012000,  153931633, c++, iotlab1, mult, 8
1322833.exe ,  2.66,  1.12,  1.08,  0.07,  0.00,  140756234,  111654000,   29171000,  154068599, c++, iotlab1, mult, 8
1322833.exe ,  2.66,  1.13,  1.08,  0.07,  0.00,  140845493,  107158000,   33735000,  154510332, c++, iotlab1, mult, 8
1322833.exe ,  2.65,  1.13,  1.09,  0.07,  0.00,  141148336,  115077000,   26017000,  154808510, c++, iotlab1, mult, 8
1322833.exe ,  2.66,  1.12,  1.08,  0.07,  0.00,  140885314,  110690000,   30188000,  153752950, c++, iotlab1, mult, 8
1322833.exe ,  2.65,  1.12,  1.08,  0.07,  0.00,  140494342,  107606000,   32879000,  153313859, c++, iotlab1, mult, 8
1322833.exe ,  2.67,  1.13,  1.09,  0.07,  0.00,  141250454,  106390000,   34800000,  154495180, c++, iotlab1, mult, 8
1322833.exe ,  2.66,  1.12,  1.08,  0.07,  0.00,  141887035,  112734000,   29190000,  155055010, c++, iotlab1, mult, 8
1322833.exe ,  2.66,  1.13,  1.10,  0.07,  0.00,  142402616,  111518000,   30866000,  155823280, c++, iotlab1, mult, 8
1322833.exe ,  2.73,  1.11,  1.07,  0.07,  0.00,  143345684,  112520000,   30868000,  157259653, c++, iotlab1, mult, 8
1322833.exe ,  2.65,  1.12,  1.07,  0.07,  0.00,  140763992,  112822000,   27956000,  153402550, c++, iotlab1, mult, 8
1343819.exe ,  2.63,  1.09,  1.05,  0.07,  0.00,  140659730,  108761000,   31929000,  154011219, c++, iotlab1, mult, 8
1343819.exe ,  2.62,  1.10,  1.05,  0.07,  0.00,  141278612,  101213000,   40084000,  155112197, c++, iotlab1, mult, 8
1343819.exe ,  2.69,  1.12,  1.08,  0.07,  0.00,  143063010,  107284000,   35761000,  156296782, c++, iotlab1, mult, 8
1343819.exe ,  2.64,  1.13,  1.09,  0.07,  0.00,  140959300,  107646000,   33199000,  154587874, c++, iotlab1, mult, 8
1343819.exe ,  2.65,  1.12,  1.08,  0.07,  0.00,  141001315,  104946000,   35981000,  153821535, c++, iotlab1, mult, 8
1343819.exe ,  2.66,  1.15,  1.10,  0.07,  0.00,  143370566,  107281000,   36094000,  156177171, c++, iotlab1, mult, 8
1343819.exe ,  2.63,  1.11,  1.07,  0.07,  0.00,  144433995,  113576000,   30884000,  158196221, c++, iotlab1, mult, 8
1343819.exe ,  2.63,  1.11,  1.07,  0.07,  0.00,  141759600,  100847000,   40938000,  155162194, c++, iotlab1, mult, 8
1343819.exe ,  2.65,  1.13,  1.09,  0.07,  0.00,  141884067,  109867000,   31961000,  154694012, c++, iotlab1, mult, 8
1343819.exe ,  2.64,  1.12,  1.08,  0.07,  0.00,  142337290,  112259000,   30069000,  155466637, c++, iotlab1, mult, 8
1349457.exe ,  2.68,  1.11,  1.07,  0.07,  0.00,  142640415,  114540000,   28132000,  156654243, c++, iotlab1, mult, 8
1349457.exe ,  2.65,  1.10,  1.05,  0.07,  0.00,  141914476,  114965000,   26991000,  155600826, c++, iotlab1, mult, 8
1349457.exe ,  2.65,  1.12,  1.08,  0.07,  0.00,  140632344,  112519000,   28129000,  154072456, c++, iotlab1, mult, 8
1349457.exe ,  2.67,  1.14,  1.09,  0.07,  0.00,  141813606,  100591000,   41242000,  154909220, c++, iotlab1, mult, 8
1349457.exe ,  2.66,  1.13,  1.09,  0.07,  0.00,  142239524,  107206000,   35067000,  155256065, c++, iotlab1, mult, 8
1349457.exe ,  2.65,  1.13,  1.08,  0.07,  0.00,  140922766,  115851000,   24968000,  154476381, c++, iotlab1, mult, 8
1349457.exe ,  2.65,  1.10,  1.06,  0.07,  0.00,  142366764,  108292000,   34092000,  155829691, c++, iotlab1, mult, 8
1349457.exe ,  2.65,  1.12,  1.09,  0.07,  0.00,  141546123,  104414000,   37147000,  154353571, c++, iotlab1, mult, 8
1349457.exe ,  2.64,  1.08,  1.05,  0.07,  0.00,  143562966,  110393000,   33118000,  158254759, c++, iotlab1, mult, 8
1349457.exe ,  2.66,  1.12,  1.08,  0.07,  0.00,  140552664,  119636000,   20936000,  153237432, c++, iotlab1, mult, 8
1368556.exe ,  2.67,  1.12,  1.08,  0.07,  0.00,  139886542,  106932000,   32979000,  153200422, c++, iotlab1, mult, 8
1368556.exe ,  2.66,  1.12,  1.08,  0.07,  0.00,  140665432,  107530000,   33163000,  154385246, c++, iotlab1, mult, 8
1368556.exe ,  2.65,  1.11,  1.07,  0.07,  0.00,  141102610,  110100000,   31028000,  154067386, c++, iotlab1, mult, 8
1368556.exe ,  2.67,  1.12,  1.08,  0.07,  0.00,  140851369,  106155000,   34723000,  153520371, c++, iotlab1, mult, 8
1368556.exe ,  2.67,  1.10,  1.06,  0.07,  0.00,  141883051,  115929000,   25984000,  154684978, c++, iotlab1, mult, 8
1368556.exe ,  2.68,  1.12,  1.08,  0.07,  0.00,  140702813,  104696000,   35895000,  153512781, c++, iotlab1, mult, 8
1368556.exe ,  2.67,  1.11,  1.07,  0.07,  0.00,  142644723,  121573000,   21099000,  156109329, c++, iotlab1, mult, 8
1368556.exe ,  2.69,  1.13,  1.08,  0.07,  0.00,  142570315,  114478000,   28117000,  155383098, c++, iotlab1, mult, 8
1368556.exe ,  2.67,  1.13,  1.09,  0.07,  0.00,  142030276,  106992000,   34997000,  155333565, c++, iotlab1, mult, 8
1368556.exe ,  2.75,  1.14,  1.10,  0.07,  0.00,  142975653,  114986000,   27996000,  155804477, c++, iotlab1, mult, 8
1417617.exe ,  0.54,  0.23,  0.22,  0.02,  0.00,   27890930,   25907000,    1992000,   41935334, c++, iotlab1, mult, 8
1417617.exe ,  0.53,  0.22,  0.21,  0.01,  0.00,   28147892,   26131000,    2010000,   41169807, c++, iotlab1, mult, 8
1417617.exe ,  0.52,  0.21,  0.21,  0.01,  0.00,   27615894,   25475000,    2038000,   40359125, c++, iotlab1, mult, 8
1417617.exe ,  0.53,  0.20,  0.19,  0.02,  0.00,   29871562,   28860000,    1030000,   43931498, c++, iotlab1, mult, 8
1417617.exe ,  0.52,  0.22,  0.22,  0.01,  0.00,   27826472,   25638000,    1972000,   40827190, c++, iotlab1, mult, 8
1417617.exe ,  0.53,  0.22,  0.21,  0.02,  0.00,   27990346,   25000000,    3000000,   41361347, c++, iotlab1, mult, 8
1417617.exe ,  0.52,  0.21,  0.21,  0.02,  0.00,   28103618,   27100000,    1003000,   40891859, c++, iotlab1, mult, 8
1417617.exe ,  0.53,  0.22,  0.21,  0.02,  0.00,   27912341,   24919000,    2990000,   40810043, c++, iotlab1, mult, 8
1417617.exe ,  0.53,  0.21,  0.20,  0.02,  0.00,   28639690,   27651000,     987000,   41385435, c++, iotlab1, mult, 8
1417617.exe ,  0.53,  0.22,  0.21,  0.02,  0.00,   27593913,   26620000,     985000,   40094990, c++, iotlab1, mult, 8
1449665.exe ,  1.73,  0.71,  0.68,  0.05,  0.00,   94245282,   63470000,   30743000,  107982073, c++, iotlab1, mult, 8
1449665.exe ,  1.71,  0.73,  0.70,  0.05,  0.00,   91820452,   63502000,   28223000,  105448786, c++, iotlab1, mult, 8
1449665.exe ,  1.72,  0.70,  0.67,  0.05,  0.00,   96034111,   55607000,   40441000,  109800583, c++, iotlab1, mult, 8
1449665.exe ,  1.70,  0.72,  0.70,  0.05,  0.00,   91536076,   56328000,   35205000,  104882412, c++, iotlab1, mult, 8
1449665.exe ,  1.73,  0.73,  0.71,  0.05,  0.00,   92442288,   64308000,   28135000,  105090670, c++, iotlab1, mult, 8
1449665.exe ,  1.72,  0.73,  0.70,  0.05,  0.00,   92891211,   59571000,   33319000,  105780513, c++, iotlab1, mult, 8
1449665.exe ,  1.76,  0.74,  0.71,  0.05,  0.00,   93387741,   58626000,   34778000,  106960882, c++, iotlab1, mult, 8
1449665.exe ,  1.73,  0.73,  0.70,  0.05,  0.00,   91835298,   64889000,   26954000,  105266995, c++, iotlab1, mult, 8
1449665.exe ,  1.72,  0.73,  0.70,  0.05,  0.00,   91980404,   60017000,   32009000,  105717595, c++, iotlab1, mult, 8
1449665.exe ,  1.74,  0.72,  0.69,  0.05,  0.00,   93238230,   59152000,   34088000,  105937958, c++, iotlab1, mult, 8
1563740.exe ,  2.70,  1.14,  1.09,  0.07,  0.00,  143197404,  112154000,   31042000,  156625659, c++, iotlab1, mult, 8
1563740.exe ,  2.67,  1.13,  1.08,  0.07,  0.00,  141177057,  110138000,   31039000,  154347744, c++, iotlab1, mult, 8
1563740.exe ,  2.66,  1.13,  1.09,  0.07,  0.00,  141997126,  105971000,   35990000,  154680334, c++, iotlab1, mult, 8
1563740.exe ,  2.67,  1.12,  1.08,  0.07,  0.00,  141166858,  115122000,   26027000,  154232401, c++, iotlab1, mult, 8
1563740.exe ,  2.67,  1.12,  1.08,  0.07,  0.00,  141132151,  109120000,   32035000,  154539201, c++, iotlab1, mult, 8
1563740.exe ,  2.65,  1.11,  1.07,  0.07,  0.00,  140978019,  108993000,   31998000,  153676196, c++, iotlab1, mult, 8
1563740.exe ,  2.65,  1.11,  1.07,  0.07,  0.00,  141539280,  123507000,   18074000,  154720341, c++, iotlab1, mult, 8
1563740.exe ,  2.65,  1.09,  1.06,  0.07,  0.00,  142578697,  115488000,   27114000,  156434076, c++, iotlab1, mult, 8
1563740.exe ,  2.65,  1.12,  1.08,  0.07,  0.00,  140607124,  114499000,   26113000,  153239684, c++, iotlab1, mult, 8
1563740.exe ,  2.67,  1.11,  1.08,  0.07,  0.00,  142890722,  110865000,   31961000,  155984627, c++, iotlab1, mult, 8
1568383.exe ,  2.66,  1.11,  1.07,  0.07,  0.00,  142673426,  106509000,   36172000,  156837954, c++, iotlab1, mult, 8
1568383.exe ,  2.72,  1.15,  1.11,  0.08,  0.00,  144175439,  113137000,   31037000,  157149979, c++, iotlab1, mult, 8
1568383.exe ,  2.65,  1.12,  1.08,  0.07,  0.00,  141176274,  107374000,   33803000,  153916030, c++, iotlab1, mult, 8
1568383.exe ,  2.64,  1.12,  1.08,  0.07,  0.00,  140826697,  106821000,   33943000,  153694057, c++, iotlab1, mult, 8
1568383.exe ,  2.63,  1.10,  1.06,  0.07,  0.00,  141455676,  114374000,   27088000,  155067684, c++, iotlab1, mult, 8
1568383.exe ,  2.65,  1.12,  1.08,  0.07,  0.00,  140837042,  111830000,   28956000,  153694911, c++, iotlab1, mult, 8
1568383.exe ,  2.71,  1.12,  1.07,  0.07,  0.00,  144560064,  120476000,   24095000,  158217109, c++, iotlab1, mult, 8
1568383.exe ,  2.75,  1.13,  1.08,  0.07,  0.00,  143214078,  108425000,   34815000,  156696794, c++, iotlab1, mult, 8
1568383.exe ,  2.65,  1.12,  1.08,  0.07,  0.00,  141248803,  111409000,   29841000,  153969624, c++, iotlab1, mult, 8
1568383.exe ,  2.73,  1.15,  1.11,  0.08,  0.00,  144133275,  108986000,   34995000,  157061232, c++, iotlab1, mult, 8
1600646.exe ,  2.69,  1.13,  1.09,  0.07,  0.00,  141470306,  103351000,   38129000,  156247324, c++, iotlab1, mult, 8
1600646.exe ,  2.70,  1.15,  1.10,  0.07,  0.00,  143458828,  115555000,   27892000,  157149084, c++, iotlab1, mult, 8
1600646.exe ,  2.66,  1.12,  1.08,  0.07,  0.00,  140267595,  117087000,   23017000,  153277843, c++, iotlab1, mult, 8
1600646.exe ,  2.66,  1.12,  1.08,  0.07,  0.00,  143698695,  106778000,   36923000,  156427262, c++, iotlab1, mult, 8
1600646.exe ,  2.67,  1.12,  1.08,  0.07,  0.00,  140338554,   98493000,   41784000,  153312688, c++, iotlab1, mult, 8
1600646.exe ,  2.68,  1.12,  1.08,  0.07,  0.00,  140571567,  106370000,   34118000,  153252699, c++, iotlab1, mult, 8
1600646.exe ,  2.68,  1.12,  1.07,  0.07,  0.00,  140612338,  112693000,   27924000,  153522727, c++, iotlab1, mult, 8
1600646.exe ,  2.68,  1.13,  1.09,  0.07,  0.00,  141270960,  109431000,   31834000,  154881579, c++, iotlab1, mult, 8
1600646.exe ,  2.66,  1.12,  1.08,  0.07,  0.00,  140946542,  106946000,   33982000,  153771816, c++, iotlab1, mult, 8
1600646.exe ,  2.66,  1.12,  1.08,  0.07,  0.00,  141098593,  108079000,   33024000,  154357783, c++, iotlab1, mult, 8
1607191.exe ,  0.16,  0.07,  0.06,  0.01,  0.00,    7600644,    7602000,          0,   21087123, c++, iotlab1, mult, 8
1607191.exe ,  0.15,  0.06,  0.06,  0.01,  0.00,    7964992,    3524000,    4405000,   21230839, c++, iotlab1, mult, 8
1607191.exe ,  0.14,  0.06,  0.06,  0.00,  0.00,    7765852,    2907000,    4846000,   20566681, c++, iotlab1, mult, 8
1607191.exe ,  0.14,  0.06,  0.06,  0.00,  0.00,    7581864,    2841000,    4735000,   20283234, c++, iotlab1, mult, 8
1607191.exe ,  0.16,  0.06,  0.06,  0.01,  0.00,    7641205,    4362000,    3272000,   20631745, c++, iotlab1, mult, 8
1607191.exe ,  0.16,  0.07,  0.06,  0.01,  0.00,    7805585,    4876000,    2926000,   20382551, c++, iotlab1, mult, 8
1607191.exe ,  0.16,  0.05,  0.05,  0.01,  0.00,    8777903,    5790000,    2895000,   23196245, c++, iotlab1, mult, 8
1607191.exe ,  0.16,  0.07,  0.06,  0.01,  0.00,    7628793,    6672000,     953000,   20728694, c++, iotlab1, mult, 8
1607191.exe ,  0.15,  0.06,  0.06,  0.01,  0.00,    7979454,    6769000,    1128000,   20684440, c++, iotlab1, mult, 8
1607191.exe ,  0.16,  0.07,  0.06,  0.01,  0.00,    7812979,    5557000,    2222000,   20606695, c++, iotlab1, mult, 8
1623932.exe ,  0.52,  0.19,  0.18,  0.02,  0.00,   30356662,   28330000,    2023000,   44002341, c++, iotlab1, mult, 8
1623932.exe ,  0.52,  0.21,  0.20,  0.02,  0.00,   27702048,   25734000,    1979000,   40608362, c++, iotlab1, mult, 8
1623932.exe ,  0.53,  0.21,  0.20,  0.02,  0.00,   27670923,   27675000,          0,   40383702, c++, iotlab1, mult, 8
1623932.exe ,  0.51,  0.21,  0.20,  0.01,  0.00,   27153322,   26146000,    1005000,   39836440, c++, iotlab1, mult, 8
1623932.exe ,  0.50,  0.20,  0.20,  0.01,  0.00,   27678694,   24711000,    2965000,   40502894, c++, iotlab1, mult, 8
1623932.exe ,  0.54,  0.22,  0.21,  0.02,  0.00,   27347682,   24434000,    2932000,   40173198, c++, iotlab1, mult, 8
1623932.exe ,  0.51,  0.21,  0.21,  0.01,  0.00,   27201799,   26197000,    1007000,   39879431, c++, iotlab1, mult, 8
1623932.exe ,  0.53,  0.22,  0.21,  0.02,  0.00,   27470359,   26496000,     981000,   40378118, c++, iotlab1, mult, 8
1623932.exe ,  0.53,  0.22,  0.21,  0.02,  0.00,   27910602,   27904000,          0,   40888849, c++, iotlab1, mult, 8
1623932.exe ,  0.52,  0.21,  0.20,  0.02,  0.00,   27858395,   26855000,     994000,   40624400, c++, iotlab1, mult, 8
163578.exe  ,  0.53,  0.21,  0.20,  0.02,  0.00,   28217966,   27207000,    1007000,   41967409, c++, iotlab1, mult, 8
163578.exe  ,  0.54,  0.22,  0.20,  0.02,  0.00,   28707737,   27666000,    1024000,   41210693, c++, iotlab1, mult, 8
163578.exe  ,  0.53,  0.22,  0.21,  0.01,  0.00,   27580246,   25601000,    1969000,   40385235, c++, iotlab1, mult, 8
163578.exe  ,  0.54,  0.22,  0.21,  0.02,  0.00,   27468555,   27387000,          0,   40103804, c++, iotlab1, mult, 8
163578.exe  ,  0.53,  0.21,  0.21,  0.01,  0.00,   28580876,   26555000,    1967000,   42031540, c++, iotlab1, mult, 8
163578.exe  ,  0.51,  0.22,  0.21,  0.01,  0.00,   27368549,   24318000,    3039000,   40737218, c++, iotlab1, mult, 8
163578.exe  ,  0.52,  0.22,  0.21,  0.01,  0.00,   27477965,   26420000,     978000,   40620557, c++, iotlab1, mult, 8
163578.exe  ,  0.53,  0.22,  0.21,  0.01,  0.00,   27940605,   26936000,     997000,   41214113, c++, iotlab1, mult, 8
163578.exe  ,  0.52,  0.21,  0.20,  0.01,  0.00,   28140673,   22113000,    6030000,   41476673, c++, iotlab1, mult, 8
163578.exe  ,  0.53,  0.21,  0.21,  0.02,  0.00,   28014470,   26013000,    2001000,   41009059, c++, iotlab1, mult, 8
1658193.exe ,  0.55,  0.23,  0.21,  0.02,  0.00,   28095197,   27059000,    1002000,   41067381, c++, iotlab1, mult, 8
1658193.exe ,  0.53,  0.22,  0.21,  0.02,  0.00,   28138170,   27130000,    1004000,   41190155, c++, iotlab1, mult, 8
1658193.exe ,  0.52,  0.21,  0.21,  0.01,  0.00,   27254307,   26189000,    1007000,   40058053, c++, iotlab1, mult, 8
1658193.exe ,  0.54,  0.22,  0.21,  0.02,  0.00,   27496253,   27415000,          0,   40770687, c++, iotlab1, mult, 8
1658193.exe ,  0.53,  0.22,  0.21,  0.02,  0.00,   27774263,   25810000,    1985000,   40713012, c++, iotlab1, mult, 8
1658193.exe ,  0.52,  0.21,  0.21,  0.01,  0.00,   27431885,   23511000,    3918000,   39932163, c++, iotlab1, mult, 8
1658193.exe ,  0.52,  0.21,  0.20,  0.02,  0.00,   28046988,   27048000,    1001000,   41836988, c++, iotlab1, mult, 8
1658193.exe ,  0.53,  0.22,  0.21,  0.01,  0.00,   27621986,   26598000,    1023000,   40138619, c++, iotlab1, mult, 8
1658193.exe ,  0.53,  0.21,  0.20,  0.02,  0.00,   28861182,   28850000,          0,   41255281, c++, iotlab1, mult, 8
1658193.exe ,  0.54,  0.22,  0.20,  0.02,  0.00,   28203828,   26168000,    2012000,   40906958, c++, iotlab1, mult, 8
1751629.exe ,  0.53,  0.22,  0.21,  0.02,  0.00,   27915865,   27914000,          0,   41878435, c++, iotlab1, mult, 8
1751629.exe ,  0.53,  0.22,  0.21,  0.02,  0.00,   28314114,   27294000,    1010000,   40890545, c++, iotlab1, mult, 8
1751629.exe ,  0.54,  0.22,  0.21,  0.01,  0.00,   27683868,   25602000,    2048000,   40381906, c++, iotlab1, mult, 8
1751629.exe ,  0.54,  0.22,  0.21,  0.02,  0.00,   27575647,   27490000,          0,   40167034, c++, iotlab1, mult, 8
1751629.exe ,  0.54,  0.22,  0.21,  0.02,  0.00,   27591741,   27517000,          0,   40210343, c++, iotlab1, mult, 8
1751629.exe ,  0.53,  0.22,  0.20,  0.02,  0.00,   28282226,   24170000,    4028000,   41767521, c++, iotlab1, mult, 8
1751629.exe ,  0.53,  0.22,  0.21,  0.02,  0.00,   28105631,   26177000,    1939000,   40703486, c++, iotlab1, mult, 8
1751629.exe ,  0.52,  0.22,  0.22,  0.01,  0.00,   27450400,   26467000,     980000,   41080243, c++, iotlab1, mult, 8
1751629.exe ,  0.54,  0.22,  0.21,  0.02,  0.00,   27482262,   26460000,    1017000,   40495181, c++, iotlab1, mult, 8
1751629.exe ,  0.54,  0.22,  0.21,  0.02,  0.00,   27742585,   27740000,          0,   40608406, c++, iotlab1, mult, 8
1799592.exe ,  2.78,  1.15,  1.11,  0.07,  0.00,  145269414,  115219000,   30057000,  159296798, c++, iotlab1, mult, 8
1799592.exe ,  2.64,  1.13,  1.09,  0.07,  0.00,  141857032,  106889000,   34963000,  155507652, c++, iotlab1, mult, 8
1799592.exe ,  2.66,  1.13,  1.09,  0.07,  0.00,  141096326,  108064000,   33019000,  154515389, c++, iotlab1, mult, 8
1799592.exe ,  2.62,  1.11,  1.07,  0.07,  0.00,  139698116,  117713000,   21946000,  153197437, c++, iotlab1, mult, 8
1799592.exe ,  2.67,  1.12,  1.08,  0.07,  0.00,  140910648,  105925000,   34975000,  153673032, c++, iotlab1, mult, 8
1799592.exe ,  2.65,  1.12,  1.09,  0.07,  0.00,  141480289,  105547000,   35846000,  154208649, c++, iotlab1, mult, 8
1799592.exe ,  2.71,  1.13,  1.08,  0.07,  0.00,  143710126,  113759000,   29936000,  156725136, c++, iotlab1, mult, 8
1799592.exe ,  2.69,  1.13,  1.09,  0.07,  0.00,  141520740,  104600000,   36859000,  155176078, c++, iotlab1, mult, 8
1799592.exe ,  2.66,  1.13,  1.09,  0.07,  0.00,  141482229,  103618000,   37860000,  154496356, c++, iotlab1, mult, 8
1799592.exe ,  2.67,  1.13,  1.08,  0.07,  0.00,  140686253,  109507000,   31144000,  154064430, c++, iotlab1, mult, 8
180566.exe  ,  0.57,  0.24,  0.23,  0.02,  0.00,   30211733,   30209000,          0,   42806903, c++, iotlab1, mult, 8
180566.exe  ,  0.58,  0.24,  0.23,  0.02,  0.00,   30147084,   28137000,    2009000,   42901505, c++, iotlab1, mult, 8
180566.exe  ,  0.57,  0.24,  0.23,  0.02,  0.00,   30267428,   29264000,    1009000,   43459976, c++, iotlab1, mult, 8
180566.exe  ,  0.59,  0.24,  0.23,  0.02,  0.00,   30430816,   30421000,          0,   43592435, c++, iotlab1, mult, 8
180566.exe  ,  0.57,  0.24,  0.23,  0.02,  0.00,   30047024,   29050000,    1001000,   42826478, c++, iotlab1, mult, 8
180566.exe  ,  0.57,  0.24,  0.23,  0.02,  0.00,   30111504,   29100000,    1003000,   42605776, c++, iotlab1, mult, 8
180566.exe  ,  0.59,  0.24,  0.23,  0.02,  0.00,   29994047,   27986000,    1999000,   42671751, c++, iotlab1, mult, 8
180566.exe  ,  0.58,  0.24,  0.23,  0.02,  0.00,   30053379,   29944000,          0,   42983385, c++, iotlab1, mult, 8
180566.exe  ,  0.57,  0.24,  0.23,  0.02,  0.00,   29664787,   26685000,    2965000,   43002579, c++, iotlab1, mult, 8
180566.exe  ,  0.56,  0.23,  0.23,  0.02,  0.00,   29517411,   28488000,     982000,   43225833, c++, iotlab1, mult, 8
182761.exe  ,  2.66,  1.12,  1.08,  0.07,  0.00,  140603823,   99716000,   40883000,  154292996, c++, iotlab1, mult, 8
182761.exe  ,  2.66,  1.12,  1.08,  0.07,  0.00,  143043854,  109007000,   34002000,  156415382, c++, iotlab1, mult, 8
182761.exe  ,  2.66,  1.12,  1.08,  0.07,  0.00,  142402166,  118266000,   24054000,  155185783, c++, iotlab1, mult, 8
182761.exe  ,  2.64,  1.11,  1.07,  0.07,  0.00,  142599389,  111623000,   30895000,  156153442, c++, iotlab1, mult, 8
182761.exe  ,  2.65,  1.11,  1.07,  0.07,  0.00,  141246556,  100133000,   41054000,  155089991, c++, iotlab1, mult, 8
182761.exe  ,  2.66,  1.13,  1.09,  0.07,  0.00,  142059761,  103882000,   37957000,  155303030, c++, iotlab1, mult, 8
182761.exe  ,  2.62,  1.10,  1.06,  0.07,  0.00,  141262641,  109176000,   32051000,  154401913, c++, iotlab1, mult, 8
182761.exe  ,  2.66,  1.13,  1.09,  0.07,  0.00,  141478023,  108556000,   32865000,  155054203, c++, iotlab1, mult, 8
182761.exe  ,  2.64,  1.12,  1.07,  0.07,  0.00,  139574419,  105608000,   33874000,  152795113, c++, iotlab1, mult, 8
182761.exe  ,  2.67,  1.13,  1.08,  0.07,  0.00,  141375838,  110502000,   30861000,  153926824, c++, iotlab1, mult, 8
1873684.exe ,  1.68,  0.69,  0.67,  0.05,  0.00,   92671490,   66766000,   25909000,  106027837, c++, iotlab1, mult, 8
1873684.exe ,  1.69,  0.71,  0.69,  0.05,  0.00,   90169318,   60461000,   29735000,  103099391, c++, iotlab1, mult, 8
1873684.exe ,  1.69,  0.71,  0.69,  0.05,  0.00,   90221409,   54121000,   36080000,  103730318, c++, iotlab1, mult, 8
1873684.exe ,  1.73,  0.72,  0.69,  0.05,  0.00,   90798823,   55800000,   34875000,  103436735, c++, iotlab1, mult, 8
1873684.exe ,  1.71,  0.71,  0.68,  0.05,  0.00,   90492095,   59664000,   30826000,  103570963, c++, iotlab1, mult, 8
1873684.exe ,  1.74,  0.72,  0.70,  0.05,  0.00,   91009392,   61803000,   28908000,  104497233, c++, iotlab1, mult, 8
1873684.exe ,  1.72,  0.68,  0.66,  0.05,  0.00,   93540134,   65384000,   28165000,  106815883, c++, iotlab1, mult, 8
1873684.exe ,  1.74,  0.71,  0.68,  0.05,  0.00,   92060431,   63047000,   29021000,  105467983, c++, iotlab1, mult, 8
1873684.exe ,  1.69,  0.66,  0.64,  0.05,  0.00,   95499943,   71379000,   24128000,  108929780, c++, iotlab1, mult, 8
1873684.exe ,  1.70,  0.71,  0.69,  0.05,  0.00,   89933486,   64926000,   24971000,  102880926, c++, iotlab1, mult, 8
1931123.exe ,  2.65,  1.13,  1.08,  0.07,  0.00,  140612577,  110695000,   29917000,  154618770, c++, iotlab1, mult, 8
1931123.exe ,  2.64,  1.11,  1.07,  0.07,  0.00,  142598606,  103411000,   39155000,  156115134, c++, iotlab1, mult, 8
1931123.exe ,  2.63,  1.12,  1.08,  0.07,  0.00,  140921173,  108929000,   31979000,  153759754, c++, iotlab1, mult, 8
1931123.exe ,  2.66,  1.12,  1.08,  0.07,  0.00,  141131875,  103362000,   37767000,  153766823, c++, iotlab1, mult, 8
1931123.exe ,  2.63,  1.11,  1.07,  0.07,  0.00,  139727694,  109780000,   29940000,  152542169, c++, iotlab1, mult, 8
1931123.exe ,  2.65,  1.13,  1.08,  0.07,  0.00,  142046862,  112025000,   30006000,  155273619, c++, iotlab1, mult, 8
1931123.exe ,  2.64,  1.12,  1.08,  0.07,  0.00,  142713620,  101683000,   40872000,  156507427, c++, iotlab1, mult, 8
1931123.exe ,  2.63,  1.12,  1.08,  0.07,  0.00,  141226580,  105129000,   36044000,  154089860, c++, iotlab1, mult, 8
1931123.exe ,  2.64,  1.10,  1.06,  0.07,  0.00,  142993912,  111765000,   31213000,  155501934, c++, iotlab1, mult, 8
1931123.exe ,  2.65,  1.13,  1.08,  0.07,  0.00,  141094396,  124038000,   17005000,  154761564, c++, iotlab1, mult, 8
1950101.exe ,  2.68,  1.12,  1.08,  0.07,  0.00,  140379227,  116309000,   24063000,  153535561, c++, iotlab1, mult, 8
1950101.exe ,  2.66,  1.13,  1.09,  0.07,  0.00,  141328359,  111164000,   30044000,  154520841, c++, iotlab1, mult, 8
1950101.exe ,  2.66,  1.12,  1.08,  0.07,  0.00,  140793155,  113636000,   27152000,  153578588, c++, iotlab1, mult, 8
1950101.exe ,  2.66,  1.12,  1.08,  0.07,  0.00,  142020529,  104283000,   37740000,  154881795, c++, iotlab1, mult, 8
1950101.exe ,  2.65,  1.13,  1.09,  0.07,  0.00,  141714743,  118698000,   22941000,  155128434, c++, iotlab1, mult, 8
1950101.exe ,  2.63,  1.12,  1.08,  0.07,  0.00,  140911894,  109921000,   30977000,  154411985, c++, iotlab1, mult, 8
1950101.exe ,  2.65,  1.10,  1.06,  0.07,  0.00,  142743994,  106743000,   35913000,  156332474, c++, iotlab1, mult, 8
1950101.exe ,  2.67,  1.13,  1.09,  0.07,  0.00,  142863331,  111665000,   31185000,  155666766, c++, iotlab1, mult, 8
1950101.exe ,  2.66,  1.13,  1.09,  0.07,  0.00,  141846729,  103874000,   37954000,  154545572, c++, iotlab1, mult, 8
1950101.exe ,  2.64,  1.12,  1.08,  0.07,  0.00,  140835095,  102863000,   37949000,  153886679, c++, iotlab1, mult, 8
2102452.exe ,  2.68,  1.14,  1.09,  0.07,  0.00,  141973415,  114719000,   26934000,  155310767, c++, iotlab1, mult, 8
2102452.exe ,  2.68,  1.12,  1.08,  0.07,  0.00,  141081194,  108036000,   33011000,  154632362, c++, iotlab1, mult, 8
2102452.exe ,  2.63,  1.10,  1.07,  0.07,  0.00,  139924317,  108936000,   30981000,  153280302, c++, iotlab1, mult, 8
2102452.exe ,  2.65,  1.12,  1.08,  0.07,  0.00,  140413039,  112324000,   28081000,  153829121, c++, iotlab1, mult, 8
2102452.exe ,  2.62,  1.11,  1.08,  0.07,  0.00,  140473419,   97620000,   42833000,  153648055, c++, iotlab1, mult, 8
2102452.exe ,  2.65,  1.12,  1.08,  0.07,  0.00,  141817930,  114770000,   26946000,  154849377, c++, iotlab1, mult, 8
2102452.exe ,  2.68,  1.13,  1.09,  0.07,  0.00,  141732908,  105770000,   35922000,  154622995, c++, iotlab1, mult, 8
2102452.exe ,  2.67,  1.13,  1.09,  0.07,  0.00,  141570775,  107662000,   33893000,  154365156, c++, iotlab1, mult, 8
2102452.exe ,  2.64,  1.12,  1.08,  0.07,  0.00,  141744559,  114770000,   26946000,  155165282, c++, iotlab1, mult, 8
2102452.exe ,  2.64,  1.13,  1.08,  0.07,  0.00,  141801841,  107811000,   33940000,  154882960, c++, iotlab1, mult, 8
2157682.exe ,  2.67,  1.12,  1.08,  0.07,  0.00,  143798871,  108838000,   34948000,  156422358, c++, iotlab1, mult, 8
2157682.exe ,  2.65,  1.09,  1.04,  0.07,  0.00,  145460353,  121374000,   24074000,  158990527, c++, iotlab1, mult, 8
2157682.exe ,  2.63,  1.11,  1.08,  0.07,  0.00,  140853850,  109574000,   31163000,  153478295, c++, iotlab1, mult, 8
2157682.exe ,  2.67,  1.12,  1.07,  0.07,  0.00,  140153253,  112998000,   26999000,  153102613, c++, iotlab1, mult, 8
2157682.exe ,  2.64,  1.12,  1.07,  0.07,  0.00,  140081500,  102995000,   36998000,  152898262, c++, iotlab1, mult, 8
2157682.exe ,  2.65,  1.13,  1.09,  0.07,  0.00,  141553414,  110280000,   31078000,  154670331, c++, iotlab1, mult, 8
2157682.exe ,  2.65,  1.12,  1.08,  0.07,  0.00,  141054589,  114030000,   27007000,  153831649, c++, iotlab1, mult, 8
2157682.exe ,  2.66,  1.11,  1.07,  0.07,  0.00,  142853343,  112878000,   29967000,  156279565, c++, iotlab1, mult, 8
2157682.exe ,  2.66,  1.12,  1.08,  0.07,  0.00,  140711662,  102774000,   37916000,  153623752, c++, iotlab1, mult, 8
2157682.exe ,  2.64,  1.11,  1.07,  0.07,  0.00,  141184444,  104039000,   37014000,  154278789, c++, iotlab1, mult, 8
2160567.exe ,  2.63,  1.12,  1.08,  0.07,  0.00,  140823335,  119658000,   21116000,  154369168, c++, iotlab1, mult, 8
2160567.exe ,  2.67,  1.13,  1.08,  0.07,  0.00,  141764673,  105811000,   35935000,  155773736, c++, iotlab1, mult, 8
2160567.exe ,  2.66,  1.11,  1.07,  0.07,  0.00,  140882027,  112890000,   27972000,  153689087, c++, iotlab1, mult, 8
2160567.exe ,  2.67,  1.13,  1.09,  0.07,  0.00,  141306523,  102492000,   38807000,  154832067, c++, iotlab1, mult, 8
2160567.exe ,  2.68,  1.13,  1.09,  0.07,  0.00,  142549264,  104396000,   38144000,  155311994, c++, iotlab1, mult, 8
2160567.exe ,  2.68,  1.13,  1.09,  0.07,  0.00,  142439999,  110310000,   32090000,  155235977, c++, iotlab1, mult, 8
2160567.exe ,  2.65,  1.11,  1.07,  0.07,  0.00,  142427956,  103301000,   39114000,  155633256, c++, iotlab1, mult, 8
2160567.exe ,  2.63,  1.12,  1.08,  0.07,  0.00,  141147423,  109107000,   32031000,  154064608, c++, iotlab1, mult, 8
2160567.exe ,  2.65,  1.11,  1.07,  0.07,  0.00,  141312318,  117242000,   24049000,  153901986, c++, iotlab1, mult, 8
2160567.exe ,  2.67,  1.13,  1.09,  0.07,  0.00,  141812657,  104846000,   36946000,  154998243, c++, iotlab1, mult, 8
2219242.exe ,  2.67,  1.12,  1.07,  0.07,  0.00,  140250384,  108087000,   32025000,  152891708, c++, iotlab1, mult, 8
2219242.exe ,  2.66,  1.12,  1.08,  0.07,  0.00,  141118707,  101073000,   40028000,  153808586, c++, iotlab1, mult, 8
2219242.exe ,  2.66,  1.11,  1.06,  0.07,  0.00,  141475237,  110579000,   30882000,  154933607, c++, iotlab1, mult, 8
2219242.exe ,  2.67,  1.11,  1.07,  0.07,  0.00,  141968612,   95965000,   45983000,  155347366, c++, iotlab1, mult, 8
2219242.exe ,  2.65,  1.11,  1.08,  0.07,  0.00,  140780862,  106828000,   33945000,  154214630, c++, iotlab1, mult, 8
2219242.exe ,  2.66,  1.12,  1.08,  0.07,  0.00,  141115715,  105965000,   34988000,  154019876, c++, iotlab1, mult, 8
2219242.exe ,  2.68,  1.13,  1.08,  0.07,  0.00,  141376644,  119300000,   22055000,  154833192, c++, iotlab1, mult, 8
2219242.exe ,  2.70,  1.13,  1.09,  0.07,  0.00,  144129329,  104082000,   40031000,  157633581, c++, iotlab1, mult, 8
2219242.exe ,  2.66,  1.11,  1.07,  0.07,  0.00,  142132427,  111327000,   30813000,  155928419, c++, iotlab1, mult, 8
2219242.exe ,  2.66,  1.12,  1.07,  0.07,  0.00,  140385683,   97256000,   43113000,  153123515, c++, iotlab1, mult, 8
2346376.exe ,  2.66,  1.10,  1.05,  0.07,  0.00,  143427175,  107566000,   35855000,  157169502, c++, iotlab1, mult, 8
2346376.exe ,  2.67,  1.11,  1.07,  0.07,  0.00,  141461788,  108341000,   33104000,  154902732, c++, iotlab1, mult, 8
2346376.exe ,  2.63,  1.10,  1.07,  0.07,  0.00,  139824128,  106855000,   32955000,  152477108, c++, iotlab1, mult, 8
2346376.exe ,  2.64,  1.11,  1.07,  0.07,  0.00,  141601058,  108447000,   33136000,  154182476, c++, iotlab1, mult, 8
2346376.exe ,  2.67,  1.12,  1.08,  0.07,  0.00,  140642036,  113500000,   27119000,  153517047, c++, iotlab1, mult, 8
2346376.exe ,  2.68,  1.11,  1.07,  0.07,  0.00,  141313733,  102481000,   38803000,  154365347, c++, iotlab1, mult, 8
2346376.exe ,  2.64,  1.11,  1.06,  0.07,  0.00,  140915631,  105921000,   34974000,  153613324, c++, iotlab1, mult, 8
2346376.exe ,  2.70,  1.14,  1.09,  0.07,  0.00,  141818804,  108846000,   32953000,  155657007, c++, iotlab1, mult, 8
2346376.exe ,  2.70,  1.13,  1.09,  0.07,  0.00,  141821816,  109841000,   31954000,  155337478, c++, iotlab1, mult, 8
2346376.exe ,  2.65,  1.11,  1.06,  0.07,  0.00,  140640982,  104724000,   35905000,  153802608, c++, iotlab1, mult, 8
2349630.exe ,  2.65,  1.10,  1.06,  0.07,  0.00,  141888746,  109619000,   32181000,  155722577, c++, iotlab1, mult, 8
2349630.exe ,  2.67,  1.13,  1.08,  0.07,  0.00,  140473219,  102549000,   37833000,  153945955, c++, iotlab1, mult, 8
2349630.exe ,  2.68,  1.13,  1.08,  0.07,  0.00,  140385223,  115485000,   24889000,  153721420, c++, iotlab1, mult, 8
2349630.exe ,  2.66,  1.12,  1.08,  0.07,  0.00,  141286765,  110444000,   30844000,  153935671, c++, iotlab1, mult, 8
2349630.exe ,  2.81,  1.12,  1.08,  0.07,  0.00,  141418023,  115322000,   26072000,  155058607, c++, iotlab1, mult, 8
2349630.exe ,  2.66,  1.12,  1.08,  0.07,  0.00,  140551913,  109625000,   30894000,  154062514, c++, iotlab1, mult, 8
2349630.exe ,  2.67,  1.11,  1.07,  0.07,  0.00,  140466887,  104337000,   36116000,  154241121, c++, iotlab1, mult, 8
2349630.exe ,  2.64,  1.11,  1.07,  0.07,  0.00,  140343876,  102238000,   38088000,  153147776, c++, iotlab1, mult, 8
2349630.exe ,  2.64,  1.11,  1.07,  0.07,  0.00,  140744443,  108749000,   31926000,  154163465, c++, iotlab1, mult, 8
2349630.exe ,  2.65,  1.10,  1.06,  0.07,  0.00,  141754471,  112496000,   29128000,  155590801, c++, iotlab1, mult, 8
2351086.exe ,  0.54,  0.23,  0.22,  0.02,  0.00,   28266315,   25291000,    2918000,   41345385, c++, iotlab1, mult, 8
2351086.exe ,  0.56,  0.23,  0.22,  0.02,  0.00,   28378588,   28363000,          0,   40971388, c++, iotlab1, mult, 8
2351086.exe ,  0.54,  0.22,  0.21,  0.01,  0.00,   28609769,   27619000,     986000,   41634368, c++, iotlab1, mult, 8
2351086.exe ,  0.53,  0.21,  0.20,  0.02,  0.00,   29201168,   26299000,    2922000,   42663328, c++, iotlab1, mult, 8
2351086.exe ,  0.55,  0.23,  0.21,  0.02,  0.00,   28218359,   27205000,    1007000,   40845802, c++, iotlab1, mult, 8
2351086.exe ,  0.53,  0.22,  0.21,  0.01,  0.00,   28073789,   28082000,          0,   40915966, c++, iotlab1, mult, 8
2351086.exe ,  0.55,  0.22,  0.21,  0.02,  0.00,   29283887,   28277000,    1009000,   42080215, c++, iotlab1, mult, 8
2351086.exe ,  0.54,  0.22,  0.21,  0.01,  0.00,   27810783,   25818000,    1986000,   40704282, c++, iotlab1, mult, 8
2351086.exe ,  0.54,  0.22,  0.21,  0.02,  0.00,   28583333,   26502000,    2038000,   42607748, c++, iotlab1, mult, 8
2351086.exe ,  0.54,  0.21,  0.20,  0.02,  0.00,   29232620,   26308000,    2923000,   42778923, c++, iotlab1, mult, 8
2360855.exe ,  2.68,  1.13,  1.09,  0.07,  0.00,  141375564,  115229000,   26051000,  154652360, c++, iotlab1, mult, 8
2360855.exe ,  2.63,  1.12,  1.08,  0.07,  0.00,  140494541,  104614000,   35867000,  154243837, c++, iotlab1, mult, 8
2360855.exe ,  2.65,  1.11,  1.07,  0.07,  0.00,  140066308,  108028000,   32008000,  153977429, c++, iotlab1, mult, 8
2360855.exe ,  2.64,  1.10,  1.06,  0.07,  0.00,  141273202,  111202000,   30054000,  154844747, c++, iotlab1, mult, 8
2360855.exe ,  2.65,  1.09,  1.05,  0.07,  0.00,  140673516,  113734000,   26937000,  154152520, c++, iotlab1, mult, 8
2360855.exe ,  2.66,  1.10,  1.06,  0.07,  0.00,  140766249,  107803000,   32940000,  154241424, c++, iotlab1, mult, 8
2360855.exe ,  2.65,  1.10,  1.06,  0.07,  0.00,  140972270,  108960000,   31988000,  154482708, c++, iotlab1, mult, 8
2360855.exe ,  2.65,  1.11,  1.07,  0.07,  0.00,  140154679,  110104000,   30028000,  152810989, c++, iotlab1, mult, 8
2360855.exe ,  2.64,  1.11,  1.07,  0.07,  0.00,  140659464,  112508000,   28127000,  153490333, c++, iotlab1, mult, 8
2360855.exe ,  2.76,  1.13,  1.08,  0.07,  0.00,  143875422,  116818000,   26958000,  156711573, c++, iotlab1, mult, 8
2633688.exe ,  1.78,  0.72,  0.69,  0.05,  0.00,   98479058,   69627000,   28845000,  112356307, c++, iotlab1, mult, 8
2633688.exe ,  1.80,  0.73,  0.70,  0.05,  0.00,   97910297,   60568000,   37350000,  111762834, c++, iotlab1, mult, 8
2633688.exe ,  1.85,  0.75,  0.72,  0.05,  0.00,   94350698,   70437000,   23809000,  107065444, c++, iotlab1, mult, 8
2633688.exe ,  1.84,  0.76,  0.72,  0.05,  0.00,   96368385,   64231000,   32115000,  108964977, c++, iotlab1, mult, 8
2633688.exe ,  1.80,  0.74,  0.71,  0.05,  0.00,   94575238,   56734000,   37823000,  107614377, c++, iotlab1, mult, 8
2633688.exe ,  1.85,  0.77,  0.74,  0.05,  0.00,   97509833,   67340000,   30152000,  110980328, c++, iotlab1, mult, 8
2633688.exe ,  1.79,  0.75,  0.72,  0.05,  0.00,   95483268,   59658000,   35795000,  108597678, c++, iotlab1, mult, 8
2633688.exe ,  1.78,  0.75,  0.72,  0.05,  0.00,   95331513,   56168000,   39117000,  108563481, c++, iotlab1, mult, 8
2633688.exe ,  1.81,  0.74,  0.71,  0.05,  0.00,   96699718,   71496000,   25174000,  109969230, c++, iotlab1, mult, 8
2633688.exe ,  1.76,  0.73,  0.71,  0.05,  0.00,   95629725,   54773000,   40830000,  109590633, c++, iotlab1, mult, 8
2741683.exe ,  2.70,  1.14,  1.09,  0.07,  0.00,  142667556,  109472000,   33143000,  156144296, c++, iotlab1, mult, 8
2741683.exe ,  2.65,  1.10,  1.06,  0.07,  0.00,  141225915,  108389000,   32815000,  153991260, c++, iotlab1, mult, 8
2741683.exe ,  2.65,  1.12,  1.08,  0.07,  0.00,  140408759,  120331000,   20055000,  153474325, c++, iotlab1, mult, 8
2741683.exe ,  2.65,  1.12,  1.07,  0.07,  0.00,  139754116,  115534000,   24111000,  152900362, c++, iotlab1, mult, 8
2741683.exe ,  2.64,  1.11,  1.07,  0.07,  0.00,  140307568,  106461000,   33828000,  153972498, c++, iotlab1, mult, 8
2741683.exe ,  2.70,  1.13,  1.09,  0.07,  0.00,  142215194,  103051000,   39019000,  155598392, c++, iotlab1, mult, 8
2741683.exe ,  2.63,  1.13,  1.08,  0.07,  0.00,  140600541,  105675000,   34892000,  153776294, c++, iotlab1, mult, 8
2741683.exe ,  2.65,  1.12,  1.07,  0.07,  0.00,  139709245,  111746000,   27936000,  152903010, c++, iotlab1, mult, 8
2741683.exe ,  2.62,  1.10,  1.06,  0.07,  0.00,  141070235,  113036000,   28009000,  154106601, c++, iotlab1, mult, 8
2741683.exe ,  2.63,  1.11,  1.07,  0.07,  0.00,  139396410,  103275000,   36096000,  152074308, c++, iotlab1, mult, 8
2748277.exe ,  2.64,  1.12,  1.08,  0.07,  0.00,  141112151,  102070000,   39027000,  154924148, c++, iotlab1, mult, 8
2748277.exe ,  2.63,  1.12,  1.08,  0.07,  0.00,  141474915,  117566000,   23911000,  154214096, c++, iotlab1, mult, 8
2748277.exe ,  2.63,  1.12,  1.08,  0.07,  0.00,  140771245,  116590000,   24122000,  154131568, c++, iotlab1, mult, 8
2748277.exe ,  2.64,  1.12,  1.07,  0.07,  0.00,  141368429,  122436000,   18913000,  154095782, c++, iotlab1, mult, 8
2748277.exe ,  2.65,  1.12,  1.08,  0.07,  0.00,  143279612,  109199000,   34062000,  156021059, c++, iotlab1, mult, 8
2748277.exe ,  2.63,  1.11,  1.07,  0.07,  0.00,  140005760,  113980000,   25995000,  152738357, c++, iotlab1, mult, 8
2748277.exe ,  2.64,  1.11,  1.06,  0.07,  0.00,  140745878,  109791000,   30941000,  154173972, c++, iotlab1, mult, 8
2748277.exe ,  2.64,  1.11,  1.07,  0.07,  0.00,  139888383,  113866000,   25969000,  152653474, c++, iotlab1, mult, 8
2748277.exe ,  2.67,  1.12,  1.08,  0.07,  0.00,  141757328,  103810000,   37930000,  154967366, c++, iotlab1, mult, 8
2748277.exe ,  2.62,  1.11,  1.07,  0.07,  0.00,  139785619,  104782000,   34927000,  152968910, c++, iotlab1, mult, 8
2806108.exe ,  1.77,  0.73,  0.70,  0.05,  0.00,   97447310,   76497000,   20862000,  111255188, c++, iotlab1, mult, 8
2806108.exe ,  1.75,  0.74,  0.71,  0.05,  0.00,   92549596,   67353000,   25131000,  106069547, c++, iotlab1, mult, 8
2806108.exe ,  1.74,  0.70,  0.67,  0.05,  0.00,   96098238,   70044000,   26016000,  109962149, c++, iotlab1, mult, 8
2806108.exe ,  1.75,  0.74,  0.71,  0.05,  0.00,   92679851,   60430000,   32229000,  106067132, c++, iotlab1, mult, 8
2806108.exe ,  1.73,  0.73,  0.71,  0.05,  0.00,   92552729,   67389000,   25145000,  105855241, c++, iotlab1, mult, 8
2806108.exe ,  1.73,  0.73,  0.71,  0.05,  0.00,   93327995,   68492000,   24815000,  106390417, c++, iotlab1, mult, 8
2806108.exe ,  1.76,  0.74,  0.71,  0.05,  0.00,   93673421,   65767000,   27901000,  106786886, c++, iotlab1, mult, 8
2806108.exe ,  1.74,  0.74,  0.71,  0.05,  0.00,   92623852,   59333000,   33186000,  106005819, c++, iotlab1, mult, 8
2806108.exe ,  1.76,  0.74,  0.71,  0.05,  0.00,   93162710,   58061000,   35036000,  106549805, c++, iotlab1, mult, 8
2806108.exe ,  1.74,  0.74,  0.71,  0.05,  0.00,   92834066,   63855000,   28934000,  106352996, c++, iotlab1, mult, 8
286654.exe  ,  2.64,  1.12,  1.08,  0.07,  0.00,  140095819,  104055000,   36019000,  153740456, c++, iotlab1, mult, 8
286654.exe  ,  2.65,  1.12,  1.08,  0.07,  0.00,  141250131,  103450000,   37799000,  154063879, c++, iotlab1, mult, 8
286654.exe  ,  2.65,  1.12,  1.08,  0.07,  0.00,  139995116,  103972000,   35990000,  153217051, c++, iotlab1, mult, 8
286654.exe  ,  2.64,  1.11,  1.07,  0.07,  0.00,  140786186,  102813000,   37931000,  153377970, c++, iotlab1, mult, 8
286654.exe  ,  2.64,  1.12,  1.08,  0.07,  0.00,  140200778,  101112000,   39043000,  153321311, c++, iotlab1, mult, 8
286654.exe  ,  2.63,  1.12,  1.07,  0.07,  0.00,  139524563,  102348000,   37126000,  153009643, c++, iotlab1, mult, 8
286654.exe  ,  2.63,  1.11,  1.07,  0.07,  0.00,  142190566,  116140000,   26031000,  155609253, c++, iotlab1, mult, 8
286654.exe  ,  2.63,  1.12,  1.08,  0.07,  0.00,  140400809,  106524000,   33849000,  153135832, c++, iotlab1, mult, 8
286654.exe  ,  2.64,  1.12,  1.08,  0.07,  0.00,  141326684,  107234000,   34074000,  154026438, c++, iotlab1, mult, 8
286654.exe  ,  2.64,  1.11,  1.07,  0.07,  0.00,  140096965,  113052000,   27012000,  153504631, c++, iotlab1, mult, 8
2920460.exe ,  2.64,  1.12,  1.08,  0.07,  0.00,  140417321,  105255000,   35085000,  154141839, c++, iotlab1, mult, 8
2920460.exe ,  2.61,  1.11,  1.07,  0.07,  0.00,  139921864,  100646000,   39251000,  152886634, c++, iotlab1, mult, 8
2920460.exe ,  2.64,  1.11,  1.07,  0.07,  0.00,  140768183,  114804000,   25955000,  153867030, c++, iotlab1, mult, 8
2920460.exe ,  2.63,  1.11,  1.07,  0.07,  0.00,  139675797,  106735000,   32918000,  152547912, c++, iotlab1, mult, 8
2920460.exe ,  2.63,  1.11,  1.07,  0.07,  0.00,  140285468,  108206000,   32061000,  153726600, c++, iotlab1, mult, 8
2920460.exe ,  2.64,  1.11,  1.06,  0.07,  0.00,  141197869,  115127000,   26028000,  154232458, c++, iotlab1, mult, 8
2920460.exe ,  2.66,  1.11,  1.07,  0.07,  0.00,  141392039,  117303000,   24062000,  154165858, c++, iotlab1, mult, 8
2920460.exe ,  2.64,  1.12,  1.08,  0.07,  0.00,  140287013,  118395000,   21888000,  153818078, c++, iotlab1, mult, 8
2920460.exe ,  2.66,  1.12,  1.07,  0.07,  0.00,  139793283,  109822000,   29951000,  152917369, c++, iotlab1, mult, 8
2920460.exe ,  2.68,  1.11,  1.07,  0.07,  0.00,  140041069,  104748000,   35252000,  153562072, c++, iotlab1, mult, 8
299057.exe  ,  2.64,  1.11,  1.07,  0.07,  0.00,  139116093,  109076000,   30021000,  151580057, c++, iotlab1, mult, 8
299057.exe  ,  2.63,  1.09,  1.05,  0.07,  0.00,  140837134,  114842000,   25964000,  154233968, c++, iotlab1, mult, 8
299057.exe  ,  2.65,  1.12,  1.07,  0.07,  0.00,  139835435,  102546000,   37198000,  153336222, c++, iotlab1, mult, 8
299057.exe  ,  2.63,  1.11,  1.06,  0.07,  0.00,  139104281,  108060000,   31017000,  152319875, c++, iotlab1, mult, 8
299057.exe  ,  2.63,  1.10,  1.06,  0.07,  0.00,  140422036,   96540000,   43791000,  153029820, c++, iotlab1, mult, 8
299057.exe  ,  2.66,  1.12,  1.08,  0.07,  0.00,  139985814,  117969000,   21994000,  153293414, c++, iotlab1, mult, 8
299057.exe  ,  2.64,  1.10,  1.06,  0.07,  0.00,  140193728,  104131000,   36045000,  152926824, c++, iotlab1, mult, 8
299057.exe  ,  2.67,  1.12,  1.08,  0.07,  0.00,  141615376,  107457000,   34145000,  155582783, c++, iotlab1, mult, 8
299057.exe  ,  2.65,  1.12,  1.07,  0.07,  0.00,  139761695,  111717000,   27929000,  152431625, c++, iotlab1, mult, 8
299057.exe  ,  2.65,  1.11,  1.07,  0.07,  0.00,  139312800,  104189000,   35063000,  152220449, c++, iotlab1, mult, 8
302205.exe  ,  2.71,  1.12,  1.08,  0.07,  0.00,  140264989,  107396000,   32815000,  153637854, c++, iotlab1, mult, 8
302205.exe  ,  2.68,  1.11,  1.07,  0.07,  0.00,  140531450,  113625000,   26911000,  153446091, c++, iotlab1, mult, 8
302205.exe  ,  2.65,  1.11,  1.07,  0.07,  0.00,  140336113,  112395000,   27850000,  152905249, c++, iotlab1, mult, 8
302205.exe  ,  2.64,  1.11,  1.07,  0.07,  0.00,  139614568,  111625000,   27906000,  152254547, c++, iotlab1, mult, 8
302205.exe  ,  2.67,  1.12,  1.07,  0.07,  0.00,  140590762,  108443000,   32131000,  153268390, c++, iotlab1, mult, 8
302205.exe  ,  2.66,  1.11,  1.07,  0.07,  0.00,  139812905,  112831000,   26959000,  152849840, c++, iotlab1, mult, 8
302205.exe  ,  2.62,  1.10,  1.06,  0.07,  0.00,  138507438,  106368000,   32111000,  151747452, c++, iotlab1, mult, 8
302205.exe  ,  2.67,  1.12,  1.07,  0.07,  0.00,  139120492,  104087000,   35029000,  152353807, c++, iotlab1, mult, 8
302205.exe  ,  2.66,  1.11,  1.07,  0.07,  0.00,  139638732,   97434000,   42188000,  153218349, c++, iotlab1, mult, 8
302205.exe  ,  2.69,  1.12,  1.08,  0.07,  0.00,  140815901,  109841000,   30955000,  154081687, c++, iotlab1, mult, 8
3135280.exe ,  0.52,  0.22,  0.21,  0.01,  0.00,   27391362,   25317000,    1947000,   40437131, c++, iotlab1, mult, 8
3135280.exe ,  0.54,  0.22,  0.21,  0.02,  0.00,   27805444,   26682000,    1026000,   40198169, c++, iotlab1, mult, 8
3135280.exe ,  0.52,  0.22,  0.21,  0.01,  0.00,   27594665,   24631000,    2955000,   40503329, c++, iotlab1, mult, 8
3135280.exe ,  0.52,  0.22,  0.21,  0.01,  0.00,   27306002,   26257000,    1009000,   41020730, c++, iotlab1, mult, 8
3135280.exe ,  0.53,  0.22,  0.21,  0.01,  0.00,   27687684,   25645000,    1972000,   40506059, c++, iotlab1, mult, 8
3135280.exe ,  0.53,  0.22,  0.21,  0.01,  0.00,   27274990,   25198000,    1938000,   41105589, c++, iotlab1, mult, 8
3135280.exe ,  0.54,  0.21,  0.20,  0.02,  0.00,   28650407,   26680000,    1976000,   42020687, c++, iotlab1, mult, 8
3135280.exe ,  0.53,  0.21,  0.20,  0.02,  0.00,   28604494,   26540000,    2041000,   42129373, c++, iotlab1, mult, 8
3135280.exe ,  0.54,  0.22,  0.21,  0.02,  0.00,   27566418,   25513000,    2041000,   40206820, c++, iotlab1, mult, 8
3135280.exe ,  0.54,  0.21,  0.20,  0.02,  0.00,   28346962,   27337000,    1012000,   41036165, c++, iotlab1, mult, 8
3439806.exe ,  2.65,  1.11,  1.08,  0.07,  0.00,  139912826,  106842000,   32951000,  153048237, c++, iotlab1, mult, 8
3439806.exe ,  2.63,  1.11,  1.07,  0.07,  0.00,  139477617,  110514000,   28873000,  152721845, c++, iotlab1, mult, 8
3439806.exe ,  2.64,  1.10,  1.06,  0.07,  0.00,  140396785,  110292000,   30079000,  154028269, c++, iotlab1, mult, 8
3439806.exe ,  2.68,  1.11,  1.07,  0.07,  0.00,  140217919,  106147000,   34047000,  153032350, c++, iotlab1, mult, 8
3439806.exe ,  2.67,  1.12,  1.07,  0.07,  0.00,  140837632,  112844000,   27961000,  153560647, c++, iotlab1, mult, 8
3439806.exe ,  2.66,  1.11,  1.07,  0.07,  0.00,  140937568,  111857000,   28963000,  153490081, c++, iotlab1, mult, 8
3439806.exe ,  2.67,  1.12,  1.08,  0.07,  0.00,  140653265,  111500000,   29130000,  153506550, c++, iotlab1, mult, 8
3439806.exe ,  2.67,  1.13,  1.08,  0.07,  0.00,  140308871,   99193000,   41080000,  153797229, c++, iotlab1, mult, 8
3439806.exe ,  2.65,  1.12,  1.08,  0.07,  0.00,  140349470,  124294000,   16038000,  154050958, c++, iotlab1, mult, 8
3439806.exe ,  2.66,  1.11,  1.07,  0.07,  0.00,  139881938,  104649000,   35218000,  152306380, c++, iotlab1, mult, 8
346060.exe  ,  0.52,  0.22,  0.21,  0.02,  0.00,   28057772,   26942000,     997000,   41606489, c++, iotlab1, mult, 8
346060.exe  ,  0.51,  0.22,  0.21,  0.01,  0.00,   27737941,   27638000,          0,   40354580, c++, iotlab1, mult, 8
346060.exe  ,  0.54,  0.22,  0.21,  0.01,  0.00,   27689755,   25638000,    1972000,   40503916, c++, iotlab1, mult, 8
346060.exe  ,  0.52,  0.22,  0.22,  0.02,  0.00,   27649356,   27524000,          0,   40702382, c++, iotlab1, mult, 8
346060.exe  ,  0.53,  0.21,  0.20,  0.01,  0.00,   27882948,   26880000,     995000,   40719195, c++, iotlab1, mult, 8
346060.exe  ,  0.51,  0.21,  0.20,  0.01,  0.00,   27734265,   26678000,    1026000,   40311044, c++, iotlab1, mult, 8
346060.exe  ,  0.53,  0.22,  0.21,  0.02,  0.00,   27705133,   26670000,    1025000,   40941942, c++, iotlab1, mult, 8
346060.exe  ,  0.51,  0.21,  0.21,  0.01,  0.00,   27864948,   23057000,    4803000,   40931341, c++, iotlab1, mult, 8
346060.exe  ,  0.53,  0.21,  0.20,  0.02,  0.00,   29045586,   28028000,    1001000,   42160208, c++, iotlab1, mult, 8
346060.exe  ,  0.52,  0.22,  0.21,  0.02,  0.00,   27397891,   26442000,     979000,   40156805, c++, iotlab1, mult, 8
3574254.exe ,  0.52,  0.21,  0.21,  0.02,  0.00,   27659883,   25676000,    1975000,   41095670, c++, iotlab1, mult, 8
3574254.exe ,  0.52,  0.21,  0.21,  0.01,  0.00,   27574113,   25600000,    1969000,   40489888, c++, iotlab1, mult, 8
3574254.exe ,  0.54,  0.22,  0.21,  0.01,  0.00,   27557530,   26573000,     984000,   40758118, c++, iotlab1, mult, 8
3574254.exe ,  0.52,  0.21,  0.21,  0.02,  0.00,   27646792,   24690000,    2962000,   40284101, c++, iotlab1, mult, 8
3574254.exe ,  0.54,  0.22,  0.21,  0.02,  0.00,   27525728,   27518000,          0,   40876269, c++, iotlab1, mult, 8
3574254.exe ,  0.51,  0.21,  0.21,  0.01,  0.00,   27663842,   22726000,    4940000,   40243184, c++, iotlab1, mult, 8
3574254.exe ,  0.54,  0.22,  0.21,  0.02,  0.00,   27644416,   27643000,          0,   40174472, c++, iotlab1, mult, 8
3574254.exe ,  0.53,  0.21,  0.20,  0.01,  0.00,   27698700,   26699000,     988000,   40331120, c++, iotlab1, mult, 8
3574254.exe ,  0.53,  0.22,  0.21,  0.01,  0.00,   26958006,   25958000,     998000,   40238188, c++, iotlab1, mult, 8
3574254.exe ,  0.52,  0.22,  0.21,  0.02,  0.00,   27357583,   24424000,    2930000,   40218037, c++, iotlab1, mult, 8
3639900.exe ,  2.66,  1.12,  1.08,  0.07,  0.00,  140131426,  114089000,   26020000,  154766151, c++, iotlab1, mult, 8
3639900.exe ,  2.70,  1.12,  1.07,  0.07,  0.00,  143197424,  110140000,   33042000,  157220354, c++, iotlab1, mult, 8
3639900.exe ,  2.67,  1.13,  1.08,  0.07,  0.00,  140698870,  110461000,   30125000,  154199170, c++, iotlab1, mult, 8
3639900.exe ,  2.66,  1.11,  1.06,  0.07,  0.00,  141535642,  112630000,   28905000,  155349540, c++, iotlab1, mult, 8
3639900.exe ,  2.68,  1.12,  1.08,  0.07,  0.00,  141252363,  102435000,   38786000,  154042882, c++, iotlab1, mult, 8
3639900.exe ,  2.67,  1.11,  1.07,  0.07,  0.00,  141109325,  109044000,   32012000,  153913123, c++, iotlab1, mult, 8
3639900.exe ,  2.65,  1.10,  1.07,  0.07,  0.00,  142903876,  111906000,   30974000,  156239343, c++, iotlab1, mult, 8
3639900.exe ,  2.66,  1.12,  1.08,  0.07,  0.00,  140038831,  114015000,   26003000,  153683576, c++, iotlab1, mult, 8
3639900.exe ,  2.68,  1.12,  1.08,  0.07,  0.00,  140901645,  109896000,   30970000,  153705938, c++, iotlab1, mult, 8
3639900.exe ,  2.71,  1.13,  1.09,  0.07,  0.00,  143057190,  115029000,   28007000,  156049492, c++, iotlab1, mult, 8
3743333.exe ,  2.64,  1.12,  1.07,  0.07,  0.00,  139376971,   95502000,   43772000,  152651862, c++, iotlab1, mult, 8
3743333.exe ,  2.63,  1.10,  1.06,  0.07,  0.00,  139897187,  103840000,   35944000,  152705899, c++, iotlab1, mult, 8
3743333.exe ,  2.62,  1.11,  1.07,  0.07,  0.00,  139684118,  111489000,   28123000,  152387616, c++, iotlab1, mult, 8
3743333.exe ,  2.64,  1.10,  1.05,  0.07,  0.00,  141896514,  114879000,   26971000,  155103095, c++, iotlab1, mult, 8
3743333.exe ,  2.65,  1.11,  1.07,  0.07,  0.00,  141582474,  112644000,   28908000,  154585903, c++, iotlab1, mult, 8
3743333.exe ,  2.66,  1.13,  1.08,  0.07,  0.00,  140160553,  115108000,   25023000,  153399134, c++, iotlab1, mult, 8
3743333.exe ,  2.63,  1.11,  1.07,  0.07,  0.00,  140263626,  103174000,   37062000,  152959726, c++, iotlab1, mult, 8
3743333.exe ,  2.63,  1.11,  1.07,  0.07,  0.00,  139136235,  108084000,   31024000,  152600757, c++, iotlab1, mult, 8
3743333.exe ,  2.64,  1.11,  1.07,  0.07,  0.00,  139902540,  114710000,   25155000,  153042384, c++, iotlab1, mult, 8
3743333.exe ,  2.62,  1.10,  1.06,  0.07,  0.00,  139226829,  104410000,   34803000,  151868239, c++, iotlab1, mult, 8
3809348.exe ,  0.54,  0.22,  0.21,  0.02,  0.00,   27682380,   27678000,          0,   40230909, c++, iotlab1, mult, 8
3809348.exe ,  0.54,  0.22,  0.21,  0.02,  0.00,   27339271,   26365000,     976000,   39908518, c++, iotlab1, mult, 8
3809348.exe ,  0.52,  0.22,  0.22,  0.01,  0.00,   27502771,   25551000,    1965000,   40936439, c++, iotlab1, mult, 8
3809348.exe ,  0.51,  0.21,  0.21,  0.01,  0.00,   27828957,   26738000,     990000,   40684575, c++, iotlab1, mult, 8
3809348.exe ,  0.53,  0.21,  0.20,  0.02,  0.00,   28628694,   26661000,    1974000,   42146537, c++, iotlab1, mult, 8
3809348.exe ,  0.51,  0.21,  0.21,  0.01,  0.00,   27619789,   26629000,     986000,   40582158, c++, iotlab1, mult, 8
3809348.exe ,  0.54,  0.22,  0.21,  0.02,  0.00,   27502539,   25373000,    2029000,   40691853, c++, iotlab1, mult, 8
3809348.exe ,  0.54,  0.21,  0.20,  0.02,  0.00,   29617593,   27631000,    1973000,   43577097, c++, iotlab1, mult, 8
3809348.exe ,  0.52,  0.21,  0.21,  0.01,  0.00,   27447853,   24496000,    2939000,   39999026, c++, iotlab1, mult, 8
3809348.exe ,  0.54,  0.22,  0.21,  0.02,  0.00,   28208997,   27195000,    1007000,   41451950, c++, iotlab1, mult, 8
3839240.exe ,  2.65,  1.13,  1.08,  0.07,  0.00,  141544879,  111624000,   29899000,  154900700, c++, iotlab1, mult, 8
3839240.exe ,  2.66,  1.12,  1.08,  0.07,  0.00,  140740638,  110712000,   29922000,  153399635, c++, iotlab1, mult, 8
3839240.exe ,  2.68,  1.13,  1.08,  0.07,  0.00,  141322699,  110232000,   31065000,  154031071, c++, iotlab1, mult, 8
3839240.exe ,  2.74,  1.15,  1.10,  0.07,  0.00,  145259895,  110424000,   34818000,  158825544, c++, iotlab1, mult, 8
3839240.exe ,  2.68,  1.13,  1.09,  0.07,  0.00,  142251180,  112182000,   30048000,  155940666, c++, iotlab1, mult, 8
3839240.exe ,  2.65,  1.12,  1.08,  0.07,  0.00,  141464032,  110290000,   31081000,  154236405, c++, iotlab1, mult, 8
3839240.exe ,  2.75,  1.14,  1.09,  0.07,  0.00,  143075087,  116046000,   27010000,  156201625, c++, iotlab1, mult, 8
3839240.exe ,  2.66,  1.13,  1.08,  0.07,  0.00,  141672685,  113669000,   27918000,  155191711, c++, iotlab1, mult, 8
3839240.exe ,  2.65,  1.12,  1.08,  0.07,  0.00,  140867139,  114876000,   25972000,  153634226, c++, iotlab1, mult, 8
3839240.exe ,  2.66,  1.13,  1.08,  0.07,  0.00,  140794006,  105756000,   34919000,  153638242, c++, iotlab1, mult, 8
3840609.exe ,  2.67,  1.12,  1.07,  0.07,  0.00,  140246292,  112058000,   28014000,  153695576, c++, iotlab1, mult, 8
3840609.exe ,  2.64,  1.11,  1.07,  0.07,  0.00,  139452056,  114530000,   24897000,  152767456, c++, iotlab1, mult, 8
3840609.exe ,  2.65,  1.11,  1.07,  0.07,  0.00,  140274357,  111409000,   28847000,  154172279, c++, iotlab1, mult, 8
3840609.exe ,  2.66,  1.12,  1.07,  0.07,  0.00,  140300775,  110190000,   30051000,  153126257, c++, iotlab1, mult, 8
3840609.exe ,  2.67,  1.12,  1.07,  0.07,  0.00,  139686864,  109510000,   30140000,  153148175, c++, iotlab1, mult, 8
3840609.exe ,  2.65,  1.11,  1.07,  0.07,  0.00,  140136603,  103084000,   37030000,  154321599, c++, iotlab1, mult, 8
3840609.exe ,  2.65,  1.11,  1.07,  0.07,  0.00,  140137343,  101086000,   39033000,  153548117, c++, iotlab1, mult, 8
3840609.exe ,  2.64,  1.11,  1.07,  0.07,  0.00,  139607433,  106647000,   32891000,  153141259, c++, iotlab1, mult, 8
3840609.exe ,  2.66,  1.12,  1.08,  0.07,  0.00,  139924111,  104927000,   34975000,  152704407, c++, iotlab1, mult, 8
3840609.exe ,  2.64,  1.11,  1.07,  0.07,  0.00,  140020798,  111003000,   29000000,  152726496, c++, iotlab1, mult, 8
3910898.exe ,  0.54,  0.21,  0.21,  0.01,  0.00,   28141431,   28143000,          0,   40736056, c++, iotlab1, mult, 8
3910898.exe ,  0.53,  0.22,  0.20,  0.01,  0.00,   27664522,   25679000,    1975000,   40441855, c++, iotlab1, mult, 8
3910898.exe ,  0.53,  0.21,  0.20,  0.02,  0.00,   27712309,   27705000,          0,   40784287, c++, iotlab1, mult, 8
3910898.exe ,  0.52,  0.21,  0.21,  0.01,  0.00,   27505112,   24543000,    2945000,   40573631, c++, iotlab1, mult, 8
3910898.exe ,  0.52,  0.22,  0.21,  0.01,  0.00,   27244939,   26153000,    1005000,   40211827, c++, iotlab1, mult, 8
3910898.exe ,  0.53,  0.22,  0.21,  0.02,  0.00,   28259055,   25206000,    3024000,   41221930, c++, iotlab1, mult, 8
3910898.exe ,  0.52,  0.21,  0.20,  0.01,  0.00,   28175775,   27219000,     972000,   41722686, c++, iotlab1, mult, 8
3910898.exe ,  0.54,  0.22,  0.21,  0.02,  0.00,   27541748,   25561000,    1966000,   40800611, c++, iotlab1, mult, 8
3910898.exe ,  0.52,  0.21,  0.20,  0.02,  0.00,   27416464,   26400000,    1015000,   40445327, c++, iotlab1, mult, 8
3910898.exe ,  0.52,  0.21,  0.21,  0.01,  0.00,   27348179,   26246000,    1009000,   40429583, c++, iotlab1, mult, 8
3941233.exe ,  2.65,  1.10,  1.06,  0.07,  0.00,  139060781,  108048000,   31014000,  152585130, c++, iotlab1, mult, 8
3941233.exe ,  2.67,  1.09,  1.05,  0.07,  0.00,  141339990,  126358000,   15042000,  154842730, c++, iotlab1, mult, 8
3941233.exe ,  2.69,  1.11,  1.07,  0.07,  0.00,  139531197,  124430000,   15052000,  152141960, c++, iotlab1, mult, 8
3941233.exe ,  2.65,  1.10,  1.06,  0.07,  0.00,  139137367,  128176000,   11015000,  151837387, c++, iotlab1, mult, 8
3941233.exe ,  2.65,  1.11,  1.07,  0.07,  0.00,  139205011,  124191000,   15023000,  152811103, c++, iotlab1, mult, 8
3941233.exe ,  2.66,  1.11,  1.07,  0.07,  0.00,  139061150,  125030000,   14003000,  152219803, c++, iotlab1, mult, 8
3941233.exe ,  2.66,  1.09,  1.04,  0.07,  0.00,  142772185,  123714000,   19110000,  155756161, c++, iotlab1, mult, 8
3941233.exe ,  2.64,  1.10,  1.06,  0.07,  0.00,  139145543,  123158000,   16020000,  151740877, c++, iotlab1, mult, 8
3941233.exe ,  2.67,  1.12,  1.07,  0.07,  0.00,  139585350,  120693000,   18951000,  152870917, c++, iotlab1, mult, 8
3941233.exe ,  2.67,  1.10,  1.06,  0.07,  0.00,  140315973,  123446000,   16924000,  153153300, c++, iotlab1, mult, 8
3943646.exe ,  1.74,  0.71,  0.68,  0.05,  0.00,   93823470,   64912000,   28961000,  107051129, c++, iotlab1, mult, 8
3943646.exe ,  1.73,  0.69,  0.66,  0.05,  0.00,   94875438,   65947000,   28977000,  108633056, c++, iotlab1, mult, 8
3943646.exe ,  1.72,  0.69,  0.67,  0.05,  0.00,   93300136,   61229000,   32120000,  106687632, c++, iotlab1, mult, 8
3943646.exe ,  1.73,  0.72,  0.70,  0.05,  0.00,   90939055,   59334000,   31645000,  104210354, c++, iotlab1, mult, 8
3943646.exe ,  1.73,  0.70,  0.67,  0.05,  0.00,   93691318,   64751000,   28889000,  107174893, c++, iotlab1, mult, 8
3943646.exe ,  1.76,  0.73,  0.71,  0.05,  0.00,   93447982,   61322000,   32169000,  105982674, c++, iotlab1, mult, 8
3943646.exe ,  1.71,  0.71,  0.69,  0.05,  0.00,   90735942,   57494000,   33286000,  103538473, c++, iotlab1, mult, 8
3943646.exe ,  1.73,  0.72,  0.69,  0.05,  0.00,   91998701,   59983000,   31991000,  104679154, c++, iotlab1, mult, 8
3943646.exe ,  1.72,  0.72,  0.70,  0.05,  0.00,   90957601,   53597000,   37417000,  103606511, c++, iotlab1, mult, 8
3943646.exe ,  1.74,  0.73,  0.69,  0.05,  0.00,   91465855,   57301000,   34179000,  104275754, c++, iotlab1, mult, 8
3974796.exe ,  2.70,  1.10,  1.06,  0.07,  0.00,  140629397,  118688000,   21942000,  153676849, c++, iotlab1, mult, 8
3974796.exe ,  2.68,  1.10,  1.06,  0.07,  0.00,  140293106,  117294000,   23057000,  153721765, c++, iotlab1, mult, 8
3974796.exe ,  2.64,  1.10,  1.06,  0.07,  0.00,  141058842,  116100000,   25021000,  154419082, c++, iotlab1, mult, 8
3974796.exe ,  2.69,  1.12,  1.07,  0.07,  0.00,  140692122,  116531000,   24109000,  153817135, c++, iotlab1, mult, 8
3974796.exe ,  2.65,  1.10,  1.07,  0.07,  0.00,  140753904,  116604000,   24125000,  153488371, c++, iotlab1, mult, 8
3974796.exe ,  2.67,  1.11,  1.07,  0.07,  0.00,  139900034,  118891000,   20980000,  152444726, c++, iotlab1, mult, 8
3974796.exe ,  2.67,  1.12,  1.07,  0.07,  0.00,  140071940,  119104000,   21018000,  152938557, c++, iotlab1, mult, 8
3974796.exe ,  2.67,  1.10,  1.07,  0.07,  0.00,  139534303,  119652000,   19942000,  153394108, c++, iotlab1, mult, 8
3974796.exe ,  2.68,  1.10,  1.06,  0.07,  0.00,  145040357,  112080000,   33023000,  158927680, c++, iotlab1, mult, 8
3974796.exe ,  2.66,  1.12,  1.08,  0.07,  0.00,  140495185,  114567000,   25902000,  153603049, c++, iotlab1, mult, 8
3985410.exe ,  0.52,  0.21,  0.20,  0.01,  0.00,   28138611,   27038000,    1001000,   41493400, c++, iotlab1, mult, 8
3985410.exe ,  0.53,  0.22,  0.21,  0.02,  0.00,   28021226,   24949000,    2993000,   41496311, c++, iotlab1, mult, 8
3985410.exe ,  0.52,  0.21,  0.20,  0.02,  0.00,   28162625,   26168000,    2012000,   40704452, c++, iotlab1, mult, 8
3985410.exe ,  0.52,  0.21,  0.21,  0.01,  0.00,   27332713,   25321000,    1947000,   39994082, c++, iotlab1, mult, 8
3985410.exe ,  0.52,  0.22,  0.21,  0.01,  0.00,   27329182,   27229000,          0,   39960231, c++, iotlab1, mult, 8
3985410.exe ,  0.52,  0.21,  0.20,  0.02,  0.00,   28420247,   26300000,    2023000,   41923987, c++, iotlab1, mult, 8
3985410.exe ,  0.53,  0.19,  0.19,  0.02,  0.00,   30892224,   27927000,    2992000,   44477973, c++, iotlab1, mult, 8
3985410.exe ,  0.54,  0.22,  0.20,  0.02,  0.00,   28674729,   25731000,    2969000,   41654583, c++, iotlab1, mult, 8
3985410.exe ,  0.52,  0.22,  0.21,  0.02,  0.00,   27498915,   27519000,          0,   40207887, c++, iotlab1, mult, 8
3985410.exe ,  0.51,  0.21,  0.21,  0.01,  0.00,   27780108,   24810000,    2977000,   40593109, c++, iotlab1, mult, 8
3986867.exe ,  0.51,  0.20,  0.19,  0.01,  0.00,   28529588,   26503000,    2038000,   42039157, c++, iotlab1, mult, 8
3986867.exe ,  0.53,  0.21,  0.21,  0.01,  0.00,   27986927,   26995000,     999000,   40902386, c++, iotlab1, mult, 8
3986867.exe ,  0.54,  0.22,  0.21,  0.02,  0.00,   27501638,   27510000,          0,   40024888, c++, iotlab1, mult, 8
3986867.exe ,  0.52,  0.21,  0.21,  0.01,  0.00,   27497642,   26486000,    1018000,   40666942, c++, iotlab1, mult, 8
3986867.exe ,  0.54,  0.22,  0.20,  0.02,  0.00,   28331957,   27327000,    1012000,   41004394, c++, iotlab1, mult, 8
3986867.exe ,  0.54,  0.22,  0.21,  0.02,  0.00,   27452898,   25488000,    1960000,   40066228, c++, iotlab1, mult, 8
3986867.exe ,  0.52,  0.21,  0.20,  0.01,  0.00,   28176997,   27175000,    1006000,   40856370, c++, iotlab1, mult, 8
3986867.exe ,  0.52,  0.21,  0.21,  0.01,  0.00,   27446983,   27450000,          0,   39855670, c++, iotlab1, mult, 8
3986867.exe ,  0.53,  0.22,  0.21,  0.02,  0.00,   27498991,   26523000,     982000,   40255891, c++, iotlab1, mult, 8
3986867.exe ,  0.52,  0.21,  0.21,  0.01,  0.00,   27479918,   26456000,    1017000,   40133057, c++, iotlab1, mult, 8
4099008.exe ,  0.53,  0.22,  0.21,  0.01,  0.00,   27682460,   25715000,    1978000,   41063116, c++, iotlab1, mult, 8
4099008.exe ,  0.53,  0.22,  0.21,  0.02,  0.00,   27975625,   26966000,     998000,   40631690, c++, iotlab1, mult, 8
4099008.exe ,  0.53,  0.21,  0.21,  0.02,  0.00,   27963342,   26984000,     999000,   40716594, c++, iotlab1, mult, 8
4099008.exe ,  0.52,  0.22,  0.21,  0.01,  0.00,   27356968,   26330000,    1012000,   40467940, c++, iotlab1, mult, 8
4099008.exe ,  0.53,  0.22,  0.21,  0.02,  0.00,   28007620,   27014000,    1000000,   41101858, c++, iotlab1, mult, 8
4099008.exe ,  0.53,  0.22,  0.21,  0.01,  0.00,   27557716,   25597000,    1969000,   40254059, c++, iotlab1, mult, 8
4099008.exe ,  0.52,  0.22,  0.21,  0.01,  0.00,   27426530,   24490000,    2938000,   40549746, c++, iotlab1, mult, 8
4099008.exe ,  0.52,  0.21,  0.20,  0.02,  0.00,   28050570,   28062000,          0,   41259100, c++, iotlab1, mult, 8
4099008.exe ,  0.52,  0.22,  0.21,  0.01,  0.00,   27592608,   27529000,          0,   40864605, c++, iotlab1, mult, 8
4099008.exe ,  0.53,  0.22,  0.21,  0.01,  0.00,   27681935,   23740000,    3956000,   40744344, c++, iotlab1, mult, 8
4158466.exe ,  2.65,  1.09,  1.05,  0.07,  0.00,  143377140,  107251000,   36084000,  158026497, c++, iotlab1, mult, 8
4158466.exe ,  2.64,  1.11,  1.07,  0.07,  0.00,  140447675,  109363000,   31103000,  153561980, c++, iotlab1, mult, 8
4158466.exe ,  2.63,  1.11,  1.07,  0.07,  0.00,  140064295,  100066000,   40026000,  153098116, c++, iotlab1, mult, 8
4158466.exe ,  2.67,  1.11,  1.07,  0.07,  0.00,  140242289,  114242000,   26055000,  152871830, c++, iotlab1, mult, 8
4158466.exe ,  2.67,  1.12,  1.08,  0.07,  0.00,  140677821,  102719000,   37896000,  153297917, c++, iotlab1, mult, 8
4158466.exe ,  2.65,  1.12,  1.07,  0.07,  0.00,  140011037,  110044000,   30012000,  152626083, c++, iotlab1, mult, 8
4158466.exe ,  2.65,  1.10,  1.06,  0.07,  0.00,  142260754,  111237000,   31066000,  155739077, c++, iotlab1, mult, 8
4158466.exe ,  2.70,  1.13,  1.09,  0.07,  0.00,  141863647,  108590000,   33180000,  154661238, c++, iotlab1, mult, 8
4158466.exe ,  2.65,  1.12,  1.08,  0.07,  0.00,  140076566,  115097000,   25021000,  152869319, c++, iotlab1, mult, 8
4158466.exe ,  2.64,  1.11,  1.08,  0.07,  0.00,  140783127,  103870000,   36953000,  153361122, c++, iotlab1, mult, 8
4267692.exe ,  2.65,  1.12,  1.08,  0.07,  0.00,  139898649,  106710000,   33221000,  153253347, c++, iotlab1, mult, 8
4267692.exe ,  2.67,  1.11,  1.07,  0.07,  0.00,  141272211,  106185000,   35061000,  154824655, c++, iotlab1, mult, 8
4267692.exe ,  2.69,  1.13,  1.08,  0.07,  0.00,  140891480,  114921000,   25982000,  154709643, c++, iotlab1, mult, 8
4267692.exe ,  2.65,  1.11,  1.06,  0.07,  0.00,  140066789,  114085000,   26019000,  153194786, c++, iotlab1, mult, 8
4267692.exe ,  2.68,  1.11,  1.07,  0.07,  0.00,  139642029,  113722000,   25936000,  153042215, c++, iotlab1, mult, 8
4267692.exe ,  2.74,  1.11,  1.07,  0.07,  0.00,  139811715,  104823000,   34941000,  152618168, c++, iotlab1, mult, 8
4267692.exe ,  2.66,  1.12,  1.07,  0.07,  0.00,  139846827,  111909000,   27977000,  153469972, c++, iotlab1, mult, 8
4267692.exe ,  2.66,  1.12,  1.07,  0.07,  0.00,  139193879,  109399000,   29836000,  152228217, c++, iotlab1, mult, 8
4267692.exe ,  2.66,  1.12,  1.08,  0.07,  0.00,  140048731,  106987000,   32996000,  153434513, c++, iotlab1, mult, 8
4267692.exe ,  2.68,  1.12,  1.08,  0.07,  0.00,  140647511,  101774000,   38913000,  153595746, c++, iotlab1, mult, 8
4483111.exe ,  2.68,  1.12,  1.08,  0.07,  0.00,  141301966,  104483000,   36818000,  154749550, c++, iotlab1, mult, 8
4483111.exe ,  2.64,  1.12,  1.08,  0.07,  0.00,  140205030,  114209000,   26047000,  153584687, c++, iotlab1, mult, 8
4483111.exe ,  2.66,  1.12,  1.07,  0.07,  0.00,  140015908,  111038000,   29010000,  153192369, c++, iotlab1, mult, 8
4483111.exe ,  2.66,  1.11,  1.07,  0.07,  0.00,  139923468,  105699000,   34226000,  152537708, c++, iotlab1, mult, 8
4483111.exe ,  2.61,  1.11,  1.07,  0.07,  0.00,  139317328,  108445000,   30842000,  152148537, c++, iotlab1, mult, 8
4483111.exe ,  2.63,  1.11,  1.07,  0.07,  0.00,  139952440,  109775000,   30213000,  152686324, c++, iotlab1, mult, 8
4483111.exe ,  2.77,  1.14,  1.09,  0.07,  0.00,  142028234,  105955000,   35984000,  155507120, c++, iotlab1, mult, 8
4483111.exe ,  2.64,  1.11,  1.07,  0.07,  0.00,  139268241,  102208000,   37075000,  152141720, c++, iotlab1, mult, 8
4483111.exe ,  2.66,  1.11,  1.07,  0.07,  0.00,  139519817,  104667000,   34889000,  152224335, c++, iotlab1, mult, 8
4483111.exe ,  2.71,  1.14,  1.09,  0.07,  0.00,  142241026,  116221000,   26049000,  155596625, c++, iotlab1, mult, 8
4548804.exe ,  2.71,  1.13,  1.09,  0.07,  0.00,  143066739,  114986000,   27996000,  155700664, c++, iotlab1, mult, 8
4548804.exe ,  2.62,  1.11,  1.07,  0.07,  0.00,  139515162,  102673000,   36882000,  152571340, c++, iotlab1, mult, 8
4548804.exe ,  2.63,  1.11,  1.08,  0.07,  0.00,  139764445,  109845000,   29957000,  153176647, c++, iotlab1, mult, 8
4548804.exe ,  2.68,  1.13,  1.09,  0.07,  0.00,  141343610,  106284000,   35093000,  154775573, c++, iotlab1, mult, 8
4548804.exe ,  2.65,  1.11,  1.07,  0.07,  0.00,  139836142,  114755000,   24946000,  152474145, c++, iotlab1, mult, 8
4548804.exe ,  2.64,  1.12,  1.08,  0.07,  0.00,  140369438,  101490000,   38805000,  153827769, c++, iotlab1, mult, 8
4548804.exe ,  2.66,  1.12,  1.07,  0.07,  0.00,  139466964,  109605000,   29892000,  152331804, c++, iotlab1, mult, 8
4548804.exe ,  2.66,  1.11,  1.07,  0.07,  0.00,  140036862,  114066000,   26015000,  152854587, c++, iotlab1, mult, 8
4548804.exe ,  2.66,  1.12,  1.08,  0.07,  0.00,  139920378,  110963000,   28990000,  153252409, c++, iotlab1, mult, 8
4548804.exe ,  2.66,  1.10,  1.05,  0.07,  0.00,  140065895,  112082000,   28020000,  153050732, c++, iotlab1, mult, 8
4597164.exe ,  2.67,  1.13,  1.08,  0.07,  0.00,  140433842,  105298000,   35099000,  153582299, c++, iotlab1, mult, 8
4597164.exe ,  2.89,  1.17,  1.12,  0.08,  0.00,  146681023,  114550000,   32154000,  159499759, c++, iotlab1, mult, 8
4597164.exe ,  3.01,  1.18,  1.13,  0.08,  0.00,  148871707,  125749000,   23137000,  165618751, c++, iotlab1, mult, 8
4597164.exe ,  2.91,  1.16,  1.12,  0.08,  0.00,  145463802,  107596000,   37858000,  158441423, c++, iotlab1, mult, 8
4597164.exe ,  2.64,  1.11,  1.07,  0.07,  0.00,  140558131,  107593000,   32875000,  153156261, c++, iotlab1, mult, 8
4597164.exe ,  2.65,  1.10,  1.06,  0.07,  0.00,  139450947,  108583000,   30881000,  152197561, c++, iotlab1, mult, 8
4597164.exe ,  2.68,  1.12,  1.08,  0.07,  0.00,  141602382,  111505000,   30136000,  155048327, c++, iotlab1, mult, 8
4597164.exe ,  2.62,  1.10,  1.06,  0.07,  0.00,  139150122,  112148000,   27035000,  151864637, c++, iotlab1, mult, 8
4597164.exe ,  2.67,  1.11,  1.07,  0.07,  0.00,  142117958,  114125000,   28030000,  155047218, c++, iotlab1, mult, 8
4597164.exe ,  2.65,  1.12,  1.08,  0.07,  0.00,  140561687,  111611000,   28899000,  153593781, c++, iotlab1, mult, 8
4656783.exe ,  2.63,  1.10,  1.06,  0.07,  0.00,  139081727,  108065000,   31018000,  151689911, c++, iotlab1, mult, 8
4656783.exe ,  2.65,  1.11,  1.06,  0.07,  0.00,  139318656,  109193000,   30053000,  152426883, c++, iotlab1, mult, 8
4656783.exe ,  2.65,  1.10,  1.06,  0.07,  0.00,  140148435,  101128000,   39049000,  153460631, c++, iotlab1, mult, 8
4656783.exe ,  2.66,  1.11,  1.07,  0.07,  0.00,  139316309,  117444000,   21896000,  151961584, c++, iotlab1, mult, 8
4656783.exe ,  2.61,  1.10,  1.07,  0.07,  0.00,  138564301,  100435000,   38165000,  151433377, c++, iotlab1, mult, 8
4656783.exe ,  2.65,  1.10,  1.06,  0.07,  0.00,  141065317,  100949000,   39980000,  154293865, c++, iotlab1, mult, 8
4656783.exe ,  2.63,  1.10,  1.06,  0.07,  0.00,  140221512,  106199000,   34064000,  153589126, c++, iotlab1, mult, 8
4656783.exe ,  2.68,  1.11,  1.07,  0.07,  0.00,  139958008,  114806000,   25176000,  152965745, c++, iotlab1, mult, 8
4656783.exe ,  2.72,  1.09,  1.06,  0.07,  0.00,  140600123,  117697000,   22941000,  154017921, c++, iotlab1, mult, 8
4656783.exe ,  2.67,  1.10,  1.06,  0.07,  0.00,  139414716,  111348000,   28087000,  151944041, c++, iotlab1, mult, 8
4910075.exe ,  2.68,  1.13,  1.08,  0.07,  0.00,  140848230,  109644000,   31183000,  154180861, c++, iotlab1, mult, 8
4910075.exe ,  2.67,  1.12,  1.08,  0.07,  0.00,  140734657,  113818000,   26957000,  154137166, c++, iotlab1, mult, 8
4910075.exe ,  2.65,  1.11,  1.07,  0.07,  0.00,  139263228,  110242000,   29063000,  152634711, c++, iotlab1, mult, 8
4910075.exe ,  2.67,  1.12,  1.08,  0.07,  0.00,  140133626,  106115000,   34037000,  153438770, c++, iotlab1, mult, 8
4910075.exe ,  2.67,  1.11,  1.07,  0.07,  0.00,  139754246,  107814000,   31944000,  152972432, c++, iotlab1, mult, 8
4910075.exe ,  2.67,  1.12,  1.07,  0.07,  0.00,  139644008,  112734000,   26936000,  152738447, c++, iotlab1, mult, 8
4910075.exe ,  2.68,  1.12,  1.08,  0.07,  0.00,  140837033,  113833000,   26960000,  153506198, c++, iotlab1, mult, 8
4910075.exe ,  2.64,  1.11,  1.06,  0.07,  0.00,  139253173,  113159000,   26036000,  151882117, c++, iotlab1, mult, 8
4910075.exe ,  2.66,  1.11,  1.06,  0.07,  0.00,  141769380,  106854000,   34952000,  155523913, c++, iotlab1, mult, 8
4910075.exe ,  2.64,  1.11,  1.07,  0.07,  0.00,  140615640,  110529000,   30144000,  153552116, c++, iotlab1, mult, 8
4925138.exe ,  0.52,  0.21,  0.21,  0.01,  0.00,   27372231,   26367000,    1014000,   40787778, c++, iotlab1, mult, 8
4925138.exe ,  0.53,  0.21,  0.20,  0.02,  0.00,   27884745,   25894000,    1991000,   41050871, c++, iotlab1, mult, 8
4925138.exe ,  0.54,  0.22,  0.21,  0.02,  0.00,   27485251,   26435000,    1016000,   40724309, c++, iotlab1, mult, 8
4925138.exe ,  0.54,  0.22,  0.21,  0.02,  0.00,   27402783,   25445000,    1957000,   40404072, c++, iotlab1, mult, 8
4925138.exe ,  0.54,  0.22,  0.21,  0.02,  0.00,   27668037,   25692000,    1976000,   40549397, c++, iotlab1, mult, 8
4925138.exe ,  0.53,  0.21,  0.20,  0.02,  0.00,   28006178,   27004000,    1000000,   40895651, c++, iotlab1, mult, 8
4925138.exe ,  0.53,  0.22,  0.21,  0.01,  0.00,   27038370,   26047000,    1001000,   40487868, c++, iotlab1, mult, 8
4925138.exe ,  0.53,  0.21,  0.20,  0.01,  0.00,   27678061,   25709000,    1977000,   40971906, c++, iotlab1, mult, 8
4925138.exe ,  0.53,  0.21,  0.20,  0.02,  0.00,   27562732,   26571000,     984000,   40617102, c++, iotlab1, mult, 8
4925138.exe ,  0.53,  0.22,  0.21,  0.01,  0.00,   26845937,   26851000,          0,   40191445, c++, iotlab1, mult, 8
4955342.exe ,  2.67,  1.12,  1.08,  0.07,  0.00,  140700634,  112714000,   27929000,  154037252, c++, iotlab1, mult, 8
4955342.exe ,  2.68,  1.11,  1.07,  0.07,  0.00,  139690771,  106744000,   32921000,  153465099, c++, iotlab1, mult, 8
4955342.exe ,  2.65,  1.10,  1.05,  0.07,  0.00,  140639809,  110744000,   29930000,  152990229, c++, iotlab1, mult, 8
4955342.exe ,  2.65,  1.10,  1.07,  0.07,  0.00,  138649558,  106698000,   31909000,  152143521, c++, iotlab1, mult, 8
4955342.exe ,  2.65,  1.11,  1.07,  0.07,  0.00,  139504951,  111577000,   27894000,  152070143, c++, iotlab1, mult, 8
4955342.exe ,  2.67,  1.10,  1.05,  0.07,  0.00,  140189812,  104169000,   36058000,  153192444, c++, iotlab1, mult, 8
4955342.exe ,  2.61,  1.09,  1.04,  0.07,  0.00,  141008260,  103035000,   38013000,  154387173, c++, iotlab1, mult, 8
4955342.exe ,  2.65,  1.11,  1.06,  0.07,  0.00,  139620277,  109506000,   30139000,  152369219, c++, iotlab1, mult, 8
4955342.exe ,  2.64,  1.10,  1.06,  0.07,  0.00,  139246196,  107115000,   32034000,  152407404, c++, iotlab1, mult, 8
4955342.exe ,  2.65,  1.11,  1.07,  0.07,  0.00,  139441339,  101603000,   37852000,  152292142, c++, iotlab1, mult, 8
5011099.exe ,  0.53,  0.19,  0.18,  0.02,  0.00,   30229894,   28219000,    2015000,   43360387, c++, iotlab1, mult, 8
5011099.exe ,  0.53,  0.21,  0.20,  0.02,  0.00,   27235649,   25234000,    2018000,   40055501, c++, iotlab1, mult, 8
5011099.exe ,  0.52,  0.21,  0.20,  0.01,  0.00,   27886946,   26868000,    1033000,   40418558, c++, iotlab1, mult, 8
5011099.exe ,  0.52,  0.22,  0.21,  0.01,  0.00,   26709285,   26717000,          0,   39692895, c++, iotlab1, mult, 8
5011099.exe ,  0.52,  0.21,  0.20,  0.01,  0.00,   27206099,   26208000,    1008000,   40002557, c++, iotlab1, mult, 8
5011099.exe ,  0.53,  0.21,  0.20,  0.01,  0.00,   26711671,   26614000,          0,   39246222, c++, iotlab1, mult, 8
5011099.exe ,  0.52,  0.22,  0.21,  0.01,  0.00,   26757304,   24762000,    1980000,   40242338, c++, iotlab1, mult, 8
5011099.exe ,  0.50,  0.20,  0.20,  0.01,  0.00,   27916671,   26850000,     994000,   40661170, c++, iotlab1, mult, 8
5011099.exe ,  0.51,  0.21,  0.20,  0.01,  0.00,   27199475,   27212000,          0,   40579192, c++, iotlab1, mult, 8
5011099.exe ,  0.52,  0.21,  0.20,  0.01,  0.00,   26786201,   25764000,    1030000,   39305134, c++, iotlab1, mult, 8
5013886.exe ,  1.45,  0.60,  0.57,  0.04,  0.00,   78109120,   77096000,    1001000,   91997726, c++, iotlab1, mult, 8
5013886.exe ,  1.45,  0.61,  0.59,  0.04,  0.00,   76690773,   74719000,    1992000,   89376380, c++, iotlab1, mult, 8
5013886.exe ,  1.45,  0.60,  0.59,  0.04,  0.00,   76752805,   73776000,    2990000,   89414030, c++, iotlab1, mult, 8
5013886.exe ,  1.46,  0.61,  0.59,  0.04,  0.00,   77094381,   77113000,          0,   89682201, c++, iotlab1, mult, 8
5013886.exe ,  1.46,  0.62,  0.59,  0.04,  0.00,   76553873,   74478000,    1986000,   89869240, c++, iotlab1, mult, 8
5013886.exe ,  1.45,  0.60,  0.58,  0.04,  0.00,   76548933,   73570000,    2982000,   89658745, c++, iotlab1, mult, 8
5013886.exe ,  1.46,  0.60,  0.58,  0.04,  0.00,   77200947,   75216000,    2005000,   90849840, c++, iotlab1, mult, 8
5013886.exe ,  1.46,  0.60,  0.58,  0.04,  0.00,   76499171,   76516000,          0,   88993355, c++, iotlab1, mult, 8
5013886.exe ,  1.46,  0.60,  0.58,  0.04,  0.00,   75994984,   72988000,    2999000,   88762175, c++, iotlab1, mult, 8
5013886.exe ,  1.44,  0.61,  0.59,  0.04,  0.00,   76341914,   73337000,    3013000,   88961108, c++, iotlab1, mult, 8
5210278.exe ,  2.63,  1.11,  1.07,  0.07,  0.00,  140108449,  108098000,   32029000,  152763584, c++, iotlab1, mult, 8
5210278.exe ,  2.63,  1.08,  1.04,  0.07,  0.00,  141341179,  109257000,   32075000,  154840904, c++, iotlab1, mult, 8
5210278.exe ,  2.62,  1.10,  1.06,  0.07,  0.00,  138615616,  114651000,   23927000,  151788003, c++, iotlab1, mult, 8
5210278.exe ,  2.64,  1.11,  1.06,  0.07,  0.00,  138681689,  104527000,   34172000,  151214654, c++, iotlab1, mult, 8
5210278.exe ,  2.63,  1.10,  1.06,  0.07,  0.00,  138155534,  111150000,   27036000,  150792658, c++, iotlab1, mult, 8
5210278.exe ,  2.65,  1.10,  1.06,  0.07,  0.00,  138537332,  110641000,   27909000,  151500856, c++, iotlab1, mult, 8
5210278.exe ,  2.64,  1.10,  1.06,  0.07,  0.00,  139042178,  110045000,   29011000,  152441575, c++, iotlab1, mult, 8
5210278.exe ,  2.64,  1.11,  1.07,  0.07,  0.00,  139142680,  118069000,   21012000,  152112688, c++, iotlab1, mult, 8
5210278.exe ,  2.66,  1.12,  1.08,  0.07,  0.00,  140722070,  110568000,   30155000,  153408068, c++, iotlab1, mult, 8
5210278.exe ,  2.76,  1.15,  1.11,  0.08,  0.00,  144169792,  110105000,   34032000,  157045797, c++, iotlab1, mult, 8
5408902.exe ,  2.62,  1.11,  1.07,  0.07,  0.00,  138769234,  100575000,   38218000,  152424555, c++, iotlab1, mult, 8
5408902.exe ,  2.65,  1.09,  1.05,  0.07,  0.00,  141740603,  105828000,   35941000,  155226300, c++, iotlab1, mult, 8
5408902.exe ,  2.66,  1.11,  1.07,  0.07,  0.00,  141402910,  112345000,   29089000,  154617933, c++, iotlab1, mult, 8
5408902.exe ,  2.74,  1.11,  1.07,  0.07,  0.00,  140065686,  104811000,   35273000,  153778140, c++, iotlab1, mult, 8
5408902.exe ,  2.64,  1.10,  1.06,  0.07,  0.00,  138965868,  106871000,   31961000,  151565154, c++, iotlab1, mult, 8
5408902.exe ,  2.65,  1.11,  1.07,  0.07,  0.00,  139410578,  118252000,   21045000,  153279062, c++, iotlab1, mult, 8
5408902.exe ,  2.66,  1.12,  1.07,  0.07,  0.00,  139214098,  104185000,   35062000,  153053548, c++, iotlab1, mult, 8
5408902.exe ,  2.64,  1.11,  1.07,  0.07,  0.00,  139675776,  109748000,   29931000,  152311614, c++, iotlab1, mult, 8
5408902.exe ,  2.61,  1.10,  1.06,  0.07,  0.00,  138699464,  112702000,   25931000,  151831535, c++, iotlab1, mult, 8
5408902.exe ,  2.74,  1.12,  1.07,  0.07,  0.00,  140160463,  113104000,   27024000,  152959538, c++, iotlab1, mult, 8
5585521.exe ,  1.47,  0.62,  0.59,  0.04,  0.00,   76461273,   75404000,     992000,   89898101, c++, iotlab1, mult, 8
5585521.exe ,  1.47,  0.61,  0.59,  0.04,  0.00,   76659198,   73670000,    2986000,   89069028, c++, iotlab1, mult, 8
5585521.exe ,  1.47,  0.62,  0.59,  0.04,  0.00,   76279232,   75285000,    1003000,   90074591, c++, iotlab1, mult, 8
5585521.exe ,  1.45,  0.60,  0.58,  0.04,  0.00,   76714141,   74717000,    2019000,   90090350, c++, iotlab1, mult, 8
5585521.exe ,  1.47,  0.62,  0.59,  0.04,  0.00,   76854470,   75858000,     998000,   90382251, c++, iotlab1, mult, 8
5585521.exe ,  1.48,  0.60,  0.57,  0.04,  0.00,   78689267,   76718000,    1992000,   92459978, c++, iotlab1, mult, 8
5585521.exe ,  1.46,  0.60,  0.58,  0.04,  0.00,   77700460,   74713000,    2988000,   90620854, c++, iotlab1, mult, 8
5585521.exe ,  1.47,  0.61,  0.59,  0.04,  0.00,   76630754,   75635000,    1008000,   89159412, c++, iotlab1, mult, 8
5585521.exe ,  1.47,  0.61,  0.59,  0.04,  0.00,   76835150,   74731000,    1992000,   89552476, c++, iotlab1, mult, 8
5585521.exe ,  1.46,  0.62,  0.59,  0.04,  0.00,   76426663,   74451000,    1985000,   89535161, c++, iotlab1, mult, 8
559559.exe  ,  0.54,  0.22,  0.21,  0.01,  0.00,   27186009,   26168000,    1006000,   40027133, c++, iotlab1, mult, 8
559559.exe  ,  0.53,  0.21,  0.20,  0.02,  0.00,   28237722,   27115000,    1004000,   41742586, c++, iotlab1, mult, 8
559559.exe  ,  0.52,  0.22,  0.21,  0.01,  0.00,   26957534,   24932000,    1994000,   39878368, c++, iotlab1, mult, 8
559559.exe  ,  0.53,  0.21,  0.20,  0.02,  0.00,   28655374,   28665000,          0,   42319565, c++, iotlab1, mult, 8
559559.exe  ,  0.53,  0.21,  0.21,  0.02,  0.00,   27078877,   26079000,    1003000,   39976857, c++, iotlab1, mult, 8
559559.exe  ,  0.51,  0.20,  0.20,  0.01,  0.00,   28218341,   27222000,    1008000,   41723563, c++, iotlab1, mult, 8
559559.exe  ,  0.53,  0.22,  0.21,  0.02,  0.00,   27483313,   25519000,    1963000,   40184936, c++, iotlab1, mult, 8
559559.exe  ,  0.51,  0.21,  0.21,  0.01,  0.00,   27338245,   26377000,     976000,   40532302, c++, iotlab1, mult, 8
559559.exe  ,  0.54,  0.22,  0.21,  0.02,  0.00,   27377865,   27373000,          0,   40035749, c++, iotlab1, mult, 8
559559.exe  ,  0.52,  0.18,  0.18,  0.02,  0.00,   31110262,   29115000,    2007000,   45562991, c++, iotlab1, mult, 8
579108.exe  ,  0.54,  0.23,  0.21,  0.01,  0.00,   27844984,   25928000,    1920000,   41303887, c++, iotlab1, mult, 8
579108.exe  ,  0.52,  0.21,  0.21,  0.02,  0.00,   27596279,   26577000,    1022000,   40610946, c++, iotlab1, mult, 8
579108.exe  ,  0.52,  0.22,  0.21,  0.01,  0.00,   27216733,   25205000,    2016000,   39742656, c++, iotlab1, mult, 8
579108.exe  ,  0.53,  0.20,  0.20,  0.02,  0.00,   28908838,   26861000,    1989000,   42694602, c++, iotlab1, mult, 8
579108.exe  ,  0.52,  0.22,  0.21,  0.02,  0.00,   27520879,   24511000,    2941000,   40459225, c++, iotlab1, mult, 8
579108.exe  ,  0.52,  0.22,  0.21,  0.02,  0.00,   27512056,   23543000,    3923000,   40349177, c++, iotlab1, mult, 8
579108.exe  ,  0.55,  0.22,  0.22,  0.01,  0.00,   27509393,   27534000,          0,   41226976, c++, iotlab1, mult, 8
579108.exe  ,  0.55,  0.19,  0.19,  0.02,  0.00,   29501856,   28497000,    1017000,   43467116, c++, iotlab1, mult, 8
579108.exe  ,  0.52,  0.21,  0.20,  0.01,  0.00,   28499949,   26449000,    2034000,   42339609, c++, iotlab1, mult, 8
579108.exe  ,  0.54,  0.22,  0.21,  0.02,  0.00,   27200230,   24243000,    2909000,   39854526, c++, iotlab1, mult, 8
580014.exe  ,  2.66,  1.12,  1.07,  0.07,  0.00,  139161883,  100104000,   39040000,  153425965, c++, iotlab1, mult, 8
580014.exe  ,  2.70,  1.13,  1.09,  0.07,  0.00,  142110184,  107031000,   35010000,  154887618, c++, iotlab1, mult, 8
580014.exe  ,  2.66,  1.11,  1.07,  0.07,  0.00,  140090863,  114022000,   26005000,  152809972, c++, iotlab1, mult, 8
580014.exe  ,  2.67,  1.12,  1.07,  0.07,  0.00,  140557641,  110380000,   30103000,  153207285, c++, iotlab1, mult, 8
580014.exe  ,  2.67,  1.12,  1.07,  0.07,  0.00,  140834389,  102864000,   37949000,  154270627, c++, iotlab1, mult, 8
580014.exe  ,  2.66,  1.10,  1.06,  0.07,  0.00,  141651125,  105711000,   35902000,  154686029, c++, iotlab1, mult, 8
580014.exe  ,  2.67,  1.12,  1.07,  0.07,  0.00,  140524593,  107643000,   32890000,  153347652, c++, iotlab1, mult, 8
580014.exe  ,  2.68,  1.12,  1.08,  0.07,  0.00,  140629545,  114513000,   26117000,  153206706, c++, iotlab1, mult, 8
580014.exe  ,  2.66,  1.12,  1.07,  0.07,  0.00,  139665649,  108746000,   30927000,  153248239, c++, iotlab1, mult, 8
580014.exe  ,  2.69,  1.12,  1.08,  0.07,  0.00,  140830998,   96583000,   44267000,  153470820, c++, iotlab1, mult, 8
5856149.exe ,  2.72,  1.14,  1.09,  0.07,  0.00,  142105638,  108037000,   34011000,  154767738, c++, iotlab1, mult, 8
5856149.exe ,  2.71,  1.12,  1.08,  0.07,  0.00,  140710755,  106325000,   34104000,  154142822, c++, iotlab1, mult, 8
5856149.exe ,  2.70,  1.14,  1.09,  0.07,  0.00,  141291030,  106148000,   35048000,  154636639, c++, iotlab1, mult, 8
5856149.exe ,  2.64,  1.12,  1.08,  0.07,  0.00,  140724451,  114788000,   25952000,  153730376, c++, iotlab1, mult, 8
5856149.exe ,  2.65,  1.13,  1.08,  0.07,  0.00,  140827785,  110876000,   29966000,  154175072, c++, iotlab1, mult, 8
5856149.exe ,  2.66,  1.12,  1.08,  0.07,  0.00,  141221325,  110180000,   31050000,  153912467, c++, iotlab1, mult, 8
5856149.exe ,  2.64,  1.12,  1.08,  0.07,  0.00,  140557259,  109662000,   30904000,  153301085, c++, iotlab1, mult, 8
5856149.exe ,  2.67,  1.11,  1.07,  0.07,  0.00,  139891391,  118996000,   20824000,  152781486, c++, iotlab1, mult, 8
5856149.exe ,  2.66,  1.11,  1.07,  0.07,  0.00,  140092562,  113072000,   27017000,  153466713, c++, iotlab1, mult, 8
5856149.exe ,  2.65,  1.10,  1.06,  0.07,  0.00,  140127640,  102097000,   38036000,  153240974, c++, iotlab1, mult, 8
5857120.exe ,  2.67,  1.12,  1.08,  0.07,  0.00,  140843646,  108881000,   31965000,  154184825, c++, iotlab1, mult, 8
5857120.exe ,  2.62,  1.09,  1.06,  0.07,  0.00,  139853697,  102580000,   37210000,  152940533, c++, iotlab1, mult, 8
5857120.exe ,  2.63,  1.11,  1.07,  0.07,  0.00,  138982766,  112935000,   25985000,  151865457, c++, iotlab1, mult, 8
5857120.exe ,  2.66,  1.12,  1.08,  0.07,  0.00,  140249049,  102460000,   37801000,  153137750, c++, iotlab1, mult, 8
5857120.exe ,  2.66,  1.11,  1.07,  0.07,  0.00,  139992070,  111005000,   29001000,  152661606, c++, iotlab1, mult, 8
5857120.exe ,  2.66,  1.12,  1.07,  0.07,  0.00,  139701737,  115718000,   23941000,  153241518, c++, iotlab1, mult, 8
5857120.exe ,  3.05,  1.27,  1.22,  0.08,  0.00,  158693541,  121349000,   37106000,  172433389, c++, iotlab1, mult, 8
5857120.exe ,  2.95,  1.15,  1.11,  0.07,  0.00,  143881611,  110676000,   33202000,  157442389, c++, iotlab1, mult, 8
5857120.exe ,  3.02,  1.16,  1.11,  0.08,  0.00,  146051831,  113034000,   33010000,  161859845, c++, iotlab1, mult, 8
5857120.exe ,  2.70,  1.11,  1.07,  0.07,  0.00,  139442635,  117538000,   21914000,  152668249, c++, iotlab1, mult, 8
5860054.exe ,  0.60,  0.24,  0.23,  0.02,  0.00,   29665508,   28308000,     976000,   43632097, c++, iotlab1, mult, 8
5860054.exe ,  0.58,  0.23,  0.22,  0.02,  0.00,   29508941,   27551000,    1967000,   42252842, c++, iotlab1, mult, 8
5860054.exe ,  0.57,  0.23,  0.21,  0.02,  0.00,   29361145,   27404000,    1957000,   42233028, c++, iotlab1, mult, 8
5860054.exe ,  0.60,  0.22,  0.21,  0.02,  0.00,   30753497,   27802000,    2978000,   46572415, c++, iotlab1, mult, 8
5860054.exe ,  0.60,  0.23,  0.22,  0.02,  0.00,   28512299,   28514000,          0,   41545355, c++, iotlab1, mult, 8
5860054.exe ,  0.55,  0.22,  0.22,  0.02,  0.00,   29454545,   27412000,    2030000,   42485401, c++, iotlab1, mult, 8
5860054.exe ,  0.57,  0.23,  0.21,  0.02,  0.00,   29271135,   27318000,    1951000,   42410111, c++, iotlab1, mult, 8
5860054.exe ,  0.55,  0.23,  0.22,  0.02,  0.00,   28882179,   26898000,    1992000,   41929463, c++, iotlab1, mult, 8
5860054.exe ,  0.54,  0.22,  0.21,  0.02,  0.00,   28918286,   25913000,    2989000,   42031996, c++, iotlab1, mult, 8
5860054.exe ,  0.56,  0.22,  0.21,  0.02,  0.00,   29456781,   28443000,    1015000,   42884638, c++, iotlab1, mult, 8
5904708.exe ,  2.65,  1.11,  1.07,  0.07,  0.00,  139195114,  104250000,   34750000,  151812515, c++, iotlab1, mult, 8
5904708.exe ,  2.67,  1.12,  1.07,  0.07,  0.00,  139317077,  106194000,   33060000,  152159549, c++, iotlab1, mult, 8
5904708.exe ,  2.69,  1.12,  1.08,  0.07,  0.00,  140818579,  101595000,   39229000,  153565504, c++, iotlab1, mult, 8
5904708.exe ,  2.67,  1.10,  1.06,  0.07,  0.00,  142145108,  116134000,   26030000,  155954639, c++, iotlab1, mult, 8
5904708.exe ,  2.65,  1.11,  1.06,  0.07,  0.00,  139501398,  109392000,   30108000,  152066647, c++, iotlab1, mult, 8
5904708.exe ,  2.65,  1.11,  1.08,  0.07,  0.00,  140386984,  112319000,   28079000,  153253021, c++, iotlab1, mult, 8
5904708.exe ,  2.66,  1.11,  1.07,  0.07,  0.00,  139660731,  116565000,   23112000,  152382943, c++, iotlab1, mult, 8
5904708.exe ,  2.68,  1.10,  1.07,  0.07,  0.00,  141422190,  106302000,   35099000,  155245119, c++, iotlab1, mult, 8
5904708.exe ,  2.67,  1.11,  1.07,  0.07,  0.00,  139447428,   99329000,   40133000,  152190746, c++, iotlab1, mult, 8
5904708.exe ,  2.65,  1.11,  1.07,  0.07,  0.00,  139137206,  108112000,   31032000,  151699501, c++, iotlab1, mult, 8
5934509.exe ,  0.54,  0.22,  0.21,  0.02,  0.00,   27646933,   25603000,    2048000,   40839118, c++, iotlab1, mult, 8
5934509.exe ,  0.53,  0.22,  0.21,  0.02,  0.00,   27933189,   27829000,          0,   40653409, c++, iotlab1, mult, 8
5934509.exe ,  0.53,  0.21,  0.20,  0.02,  0.00,   28055142,   27071000,    1002000,   41344597, c++, iotlab1, mult, 8
5934509.exe ,  0.53,  0.22,  0.21,  0.02,  0.00,   27577081,   27491000,          0,   40817228, c++, iotlab1, mult, 8
5934509.exe ,  0.54,  0.23,  0.21,  0.02,  0.00,   27393832,   26306000,    1011000,   40348067, c++, iotlab1, mult, 8
5934509.exe ,  0.54,  0.21,  0.20,  0.01,  0.00,   28719090,   27729000,     990000,   42358336, c++, iotlab1, mult, 8
5934509.exe ,  0.54,  0.21,  0.20,  0.01,  0.00,   28233161,   26144000,    2011000,   41699933, c++, iotlab1, mult, 8
5934509.exe ,  0.54,  0.22,  0.21,  0.01,  0.00,   27777637,   26789000,     992000,   40478679, c++, iotlab1, mult, 8
5934509.exe ,  0.56,  0.22,  0.21,  0.02,  0.00,   27848321,   27858000,          0,   41036382, c++, iotlab1, mult, 8
5934509.exe ,  0.53,  0.22,  0.21,  0.02,  0.00,   27689996,   25712000,    1977000,   40525715, c++, iotlab1, mult, 8
6138905.exe ,  0.54,  0.22,  0.21,  0.02,  0.00,   28336634,   28310000,          0,   41010550, c++, iotlab1, mult, 8
6138905.exe ,  0.54,  0.22,  0.22,  0.02,  0.00,   27885603,   23894000,    3982000,   40711911, c++, iotlab1, mult, 8
6138905.exe ,  0.54,  0.22,  0.21,  0.02,  0.00,   28424901,   26470000,    1960000,   41204104, c++, iotlab1, mult, 8
6138905.exe ,  0.52,  0.21,  0.21,  0.01,  0.00,   28251783,   27246000,    1009000,   41401861, c++, iotlab1, mult, 8
6138905.exe ,  0.54,  0.22,  0.21,  0.01,  0.00,   27573691,   24615000,    2953000,   40514234, c++, iotlab1, mult, 8
6138905.exe ,  0.53,  0.22,  0.21,  0.01,  0.00,   27879827,   25812000,    2064000,   41395973, c++, iotlab1, mult, 8
6138905.exe ,  0.54,  0.22,  0.21,  0.01,  0.00,   27674517,   26681000,     988000,   40445439, c++, iotlab1, mult, 8
6138905.exe ,  0.55,  0.22,  0.21,  0.02,  0.00,   28348637,   26324000,    2024000,   40904932, c++, iotlab1, mult, 8
6138905.exe ,  0.52,  0.21,  0.21,  0.01,  0.00,   27610155,   26638000,     986000,   40438870, c++, iotlab1, mult, 8
6138905.exe ,  0.51,  0.21,  0.21,  0.01,  0.00,   27550666,   25582000,    1967000,   40228613, c++, iotlab1, mult, 8
6139086.exe ,  2.64,  1.10,  1.06,  0.07,  0.00,  138954020,  112182000,   26804000,  153130221, c++, iotlab1, mult, 8
6139086.exe ,  2.72,  1.14,  1.09,  0.07,  0.00,  142433021,  109344000,   33104000,  155255009, c++, iotlab1, mult, 8
6139086.exe ,  2.66,  1.11,  1.07,  0.07,  0.00,  139221282,  105176000,   34057000,  152518590, c++, iotlab1, mult, 8
6139086.exe ,  2.66,  1.12,  1.07,  0.07,  0.00,  139518683,  107410000,   32122000,  153003118, c++, iotlab1, mult, 8
6139086.exe ,  2.64,  1.11,  1.06,  0.07,  0.00,  138527596,  103652000,   34883000,  152003394, c++, iotlab1, mult, 8
6139086.exe ,  2.62,  1.10,  1.06,  0.07,  0.00,  138548737,  115463000,   23092000,  151241192, c++, iotlab1, mult, 8
6139086.exe ,  2.65,  1.11,  1.07,  0.07,  0.00,  140125597,   99050000,   41021000,  153968996, c++, iotlab1, mult, 8
6139086.exe ,  2.71,  1.14,  1.09,  0.07,  0.00,  142411058,  109558000,   32867000,  155812893, c++, iotlab1, mult, 8
6139086.exe ,  2.69,  1.13,  1.09,  0.07,  0.00,  141344142,  111277000,   30074000,  154821936, c++, iotlab1, mult, 8
6139086.exe ,  2.66,  1.12,  1.07,  0.07,  0.00,  140130620,  114101000,   26023000,  152851491, c++, iotlab1, mult, 8
618530.exe  ,  1.72,  0.71,  0.68,  0.05,  0.00,   91983847,   62995000,   28997000,  104469856, c++, iotlab1, mult, 8
618530.exe  ,  1.73,  0.70,  0.68,  0.05,  0.00,   95188292,   62468000,   32721000,  108490304, c++, iotlab1, mult, 8
618530.exe  ,  1.78,  0.74,  0.72,  0.05,  0.00,   94259115,   64178000,   30083000,  107760276, c++, iotlab1, mult, 8
618530.exe  ,  1.73,  0.73,  0.71,  0.05,  0.00,   92331747,   59153000,   33085000,  105027949, c++, iotlab1, mult, 8
618530.exe  ,  1.73,  0.72,  0.70,  0.05,  0.00,   90790428,   68838000,   21948000,  103483559, c++, iotlab1, mult, 8
618530.exe  ,  1.72,  0.72,  0.70,  0.05,  0.00,   91299546,   56186000,   35116000,  103951866, c++, iotlab1, mult, 8
618530.exe  ,  1.74,  0.72,  0.70,  0.05,  0.00,   91215117,   59150000,   32081000,  104590068, c++, iotlab1, mult, 8
618530.exe  ,  1.73,  0.70,  0.68,  0.05,  0.00,   92146470,   55051000,   37034000,  105247227, c++, iotlab1, mult, 8
618530.exe  ,  1.74,  0.71,  0.68,  0.05,  0.00,   92270182,   63492000,   28770000,  105473701, c++, iotlab1, mult, 8
618530.exe  ,  1.72,  0.71,  0.69,  0.05,  0.00,   91382345,   58164000,   33093000,  104171396, c++, iotlab1, mult, 8
6317098.exe ,  2.65,  1.11,  1.06,  0.07,  0.00,  139673874,  106750000,   32922000,  152879083, c++, iotlab1, mult, 8
6317098.exe ,  2.64,  1.11,  1.07,  0.07,  0.00,  139094258,  107006000,   32001000,  151974746, c++, iotlab1, mult, 8
6317098.exe ,  2.63,  1.11,  1.07,  0.07,  0.00,  139408725,  106101000,   33031000,  152031380, c++, iotlab1, mult, 8
6317098.exe ,  2.65,  1.11,  1.07,  0.07,  0.00,  139173292,  110065000,   29017000,  152581261, c++, iotlab1, mult, 8
6317098.exe ,  2.65,  1.10,  1.05,  0.07,  0.00,  140412801,  106565000,   33862000,  153468992, c++, iotlab1, mult, 8
6317098.exe ,  2.69,  1.13,  1.08,  0.07,  0.00,  141990400,  122007000,   20001000,  154945009, c++, iotlab1, mult, 8
6317098.exe ,  2.65,  1.11,  1.07,  0.07,  0.00,  140093729,  112248000,   27813000,  153577473, c++, iotlab1, mult, 8
6317098.exe ,  2.66,  1.12,  1.07,  0.07,  0.00,  139999968,  105009000,   35003000,  152961554, c++, iotlab1, mult, 8
6317098.exe ,  2.85,  1.13,  1.08,  0.07,  0.00,  141775795,  107837000,   33948000,  154495382, c++, iotlab1, mult, 8
6317098.exe ,  2.69,  1.10,  1.05,  0.07,  0.00,  141010124,  112009000,   29002000,  154439071, c++, iotlab1, mult, 8
640956.exe  ,  2.65,  1.11,  1.07,  0.07,  0.00,  140672684,  113554000,   27132000,  154123249, c++, iotlab1, mult, 8
640956.exe  ,  2.66,  1.11,  1.07,  0.07,  0.00,  139990605,   98006000,   42002000,  153475589, c++, iotlab1, mult, 8
640956.exe  ,  2.66,  1.11,  1.07,  0.07,  0.00,  140458259,  114385000,   26088000,  153617762, c++, iotlab1, mult, 8
640956.exe  ,  2.67,  1.12,  1.07,  0.07,  0.00,  139625771,  124654000,   14958000,  152427080, c++, iotlab1, mult, 8
640956.exe  ,  2.70,  1.12,  1.08,  0.07,  0.00,  140597122,  114655000,   25922000,  153760259, c++, iotlab1, mult, 8
640956.exe  ,  2.67,  1.12,  1.07,  0.07,  0.00,  140010092,  110008000,   30002000,  152916394, c++, iotlab1, mult, 8
640956.exe  ,  2.66,  1.11,  1.07,  0.07,  0.00,  140150968,  106363000,   33797000,  152927592, c++, iotlab1, mult, 8
640956.exe  ,  2.70,  1.12,  1.08,  0.07,  0.00,  141761926,  100760000,   40902000,  154553359, c++, iotlab1, mult, 8
640956.exe  ,  2.66,  1.10,  1.05,  0.07,  0.00,  140854146,  108896000,   31969000,  153954611, c++, iotlab1, mult, 8
640956.exe  ,  2.65,  1.11,  1.07,  0.07,  0.00,  139795782,  103535000,   36187000,  152390573, c++, iotlab1, mult, 8
6504939.exe ,  2.58,  1.08,  1.04,  0.07,  0.00,  136302529,  110435000,   25867000,  148928638, c++, iotlab1, mult, 8
6504939.exe ,  2.58,  1.06,  1.02,  0.07,  0.00,  136971204,   97911000,   38964000,  150139333, c++, iotlab1, mult, 8
6504939.exe ,  2.63,  1.08,  1.04,  0.07,  0.00,  138908003,  108930000,   29980000,  152284801, c++, iotlab1, mult, 8
6504939.exe ,  2.59,  1.09,  1.05,  0.07,  0.00,  136221251,  105133000,   31039000,  149848574, c++, iotlab1, mult, 8
6504939.exe ,  2.59,  1.08,  1.04,  0.07,  0.00,  136186598,   98159000,   38061000,  149257005, c++, iotlab1, mult, 8
6504939.exe ,  2.61,  1.09,  1.05,  0.07,  0.00,  137382652,  108236000,   29063000,  150604116, c++, iotlab1, mult, 8
6504939.exe ,  2.58,  1.08,  1.05,  0.07,  0.00,  136286935,   99424000,   36787000,  148963509, c++, iotlab1, mult, 8
6504939.exe ,  2.58,  1.08,  1.05,  0.07,  0.00,  136495220,  112332000,   24071000,  149373999, c++, iotlab1, mult, 8
6504939.exe ,  2.61,  1.09,  1.05,  0.07,  0.00,  136790636,  101834000,   34943000,  150033112, c++, iotlab1, mult, 8
6504939.exe ,  2.58,  1.09,  1.05,  0.07,  0.00,  136802209,  106850000,   29958000,  149994711, c++, iotlab1, mult, 8
668883.exe  ,  2.67,  1.12,  1.08,  0.07,  0.00,  140341632,  117396000,   22882000,  153669493, c++, iotlab1, mult, 8
668883.exe  ,  2.67,  1.12,  1.07,  0.07,  0.00,  139469213,  108266000,   31076000,  153340758, c++, iotlab1, mult, 8
668883.exe  ,  2.67,  1.12,  1.08,  0.07,  0.00,  140532504,  107396000,   33122000,  153761257, c++, iotlab1, mult, 8
668883.exe  ,  2.65,  1.10,  1.06,  0.07,  0.00,  139746105,  104808000,   34936000,  152359904, c++, iotlab1, mult, 8
668883.exe  ,  2.67,  1.11,  1.07,  0.07,  0.00,  140239077,  115201000,   25043000,  153391066, c++, iotlab1, mult, 8
668883.exe  ,  2.70,  1.10,  1.06,  0.07,  0.00,  141589426,  108665000,   32898000,  155323078, c++, iotlab1, mult, 8
668883.exe  ,  2.65,  1.10,  1.06,  0.07,  0.00,  140368356,  104276000,   36095000,  153021248, c++, iotlab1, mult, 8
668883.exe  ,  2.67,  1.12,  1.08,  0.07,  0.00,  140694714,  103780000,   36921000,  154630286, c++, iotlab1, mult, 8
668883.exe  ,  2.68,  1.11,  1.07,  0.07,  0.00,  138834367,  113867000,   24970000,  151770816, c++, iotlab1, mult, 8
668883.exe  ,  2.65,  1.11,  1.07,  0.07,  0.00,  138990804,  115997000,   22999000,  152552505, c++, iotlab1, mult, 8
6801844.exe ,  2.66,  1.11,  1.06,  0.07,  0.00,  140707502,  111566000,   29147000,  153757687, c++, iotlab1, mult, 8
6801844.exe ,  2.71,  1.13,  1.09,  0.07,  0.00,  142449485,  113428000,   28854000,  155017845, c++, iotlab1, mult, 8
6801844.exe ,  2.67,  1.11,  1.06,  0.07,  0.00,  141454687,  111578000,   29887000,  154882597, c++, iotlab1, mult, 8
6801844.exe ,  2.65,  1.11,  1.06,  0.07,  0.00,  140484474,  114394000,   26090000,  153121323, c++, iotlab1, mult, 8
6801844.exe ,  2.65,  1.11,  1.07,  0.07,  0.00,  140576292,  106681000,   33898000,  153335598, c++, iotlab1, mult, 8
6801844.exe ,  2.65,  1.11,  1.07,  0.07,  0.00,  141006521,  113206000,   27805000,  154074107, c++, iotlab1, mult, 8
6801844.exe ,  2.69,  1.11,  1.06,  0.07,  0.00,  142497761,  101289000,   41117000,  156001339, c++, iotlab1, mult, 8
6801844.exe ,  2.68,  1.12,  1.07,  0.07,  0.00,  139256095,  108147000,   31042000,  151934941, c++, iotlab1, mult, 8
6801844.exe ,  2.66,  1.12,  1.07,  0.07,  0.00,  139776962,  110823000,   28953000,  153301340, c++, iotlab1, mult, 8
6801844.exe ,  2.65,  1.10,  1.05,  0.07,  0.00,  140524030,  113409000,   27097000,  153663958, c++, iotlab1, mult, 8
6967734.exe ,  2.68,  1.12,  1.07,  0.07,  0.00,  139735780,  105512000,   34165000,  153116867, c++, iotlab1, mult, 8
6967734.exe ,  2.68,  1.12,  1.07,  0.07,  0.00,  139090861,  113075000,   26017000,  151784363, c++, iotlab1, mult, 8
6967734.exe ,  2.65,  1.09,  1.05,  0.07,  0.00,  141314434,  108223000,   33068000,  154693335, c++, iotlab1, mult, 8
6967734.exe ,  2.65,  1.09,  1.05,  0.07,  0.00,  140331432,  106505000,   33842000,  154195080, c++, iotlab1, mult, 8
6967734.exe ,  2.65,  1.09,  1.06,  0.07,  0.00,  141206527,  103429000,   37791000,  154836635, c++, iotlab1, mult, 8
6967734.exe ,  2.65,  1.11,  1.07,  0.07,  0.00,  139264381,  104202000,   35068000,  152661346, c++, iotlab1, mult, 8
6967734.exe ,  2.65,  1.10,  1.06,  0.07,  0.00,  139705154,  112570000,   27137000,  152952070, c++, iotlab1, mult, 8
6967734.exe ,  2.65,  1.09,  1.05,  0.07,  0.00,  141139472,  116123000,   25026000,  154623148, c++, iotlab1, mult, 8
6967734.exe ,  2.64,  1.10,  1.06,  0.07,  0.00,  140765497,  109819000,   30949000,  154220337, c++, iotlab1, mult, 8
6967734.exe ,  2.67,  1.11,  1.06,  0.07,  0.00,  140726584,  106800000,   33936000,  153658559, c++, iotlab1, mult, 8
6977351.exe ,  2.65,  1.10,  1.06,  0.07,  0.00,  141360261,  112208000,   29053000,  154846654, c++, iotlab1, mult, 8
6977351.exe ,  2.64,  1.09,  1.04,  0.07,  0.00,  140885019,  111141000,   29770000,  154271669, c++, iotlab1, mult, 8
6977351.exe ,  2.67,  1.12,  1.08,  0.07,  0.00,  140482273,  111596000,   28895000,  154505470, c++, iotlab1, mult, 8
6977351.exe ,  2.67,  1.12,  1.07,  0.07,  0.00,  139496504,  107343000,   32102000,  153411891, c++, iotlab1, mult, 8
6977351.exe ,  2.65,  1.11,  1.07,  0.07,  0.00,  138888322,  109919000,   28978000,  152008579, c++, iotlab1, mult, 8
6977351.exe ,  2.66,  1.11,  1.07,  0.07,  0.00,  139375444,  108235000,   31067000,  152485359, c++, iotlab1, mult, 8
6977351.exe ,  2.65,  1.11,  1.07,  0.07,  0.00,  139456929,  111343000,   28086000,  152921445, c++, iotlab1, mult, 8
6977351.exe ,  2.65,  1.11,  1.07,  0.07,  0.00,  139036934,  104973000,   33991000,  152348094, c++, iotlab1, mult, 8
6977351.exe ,  2.64,  1.10,  1.06,  0.07,  0.00,  139921053,  100941000,   38977000,  152667619, c++, iotlab1, mult, 8
6977351.exe ,  2.64,  1.10,  1.06,  0.07,  0.00,  139295285,  103471000,   35817000,  152073369, c++, iotlab1, mult, 8
6984030.exe ,  1.73,  0.72,  0.69,  0.05,  0.00,   90520247,   56325000,   34197000,  103269842, c++, iotlab1, mult, 8
6984030.exe ,  1.74,  0.70,  0.67,  0.05,  0.00,   92982340,   63984000,   28993000,  106000708, c++, iotlab1, mult, 8
6984030.exe ,  1.73,  0.69,  0.66,  0.05,  0.00,   94016940,   60958000,   32977000,  107809299, c++, iotlab1, mult, 8
6984030.exe ,  1.72,  0.72,  0.69,  0.05,  0.00,   90074884,   57048000,   33028000,  103239110, c++, iotlab1, mult, 8
6984030.exe ,  1.80,  0.75,  0.72,  0.05,  0.00,   93487189,   63335000,   30159000,  106882197, c++, iotlab1, mult, 8
6984030.exe ,  1.72,  0.72,  0.69,  0.05,  0.00,   90188051,   56112000,   34068000,  103418921, c++, iotlab1, mult, 8
6984030.exe ,  1.80,  0.74,  0.71,  0.05,  0.00,   92908524,   66650000,   26256000,  106357198, c++, iotlab1, mult, 8
6984030.exe ,  1.74,  0.73,  0.69,  0.05,  0.00,   90395110,   59214000,   31112000,  103810245, c++, iotlab1, mult, 8
6984030.exe ,  1.73,  0.72,  0.69,  0.05,  0.00,   91322684,   60206000,   31106000,  103992578, c++, iotlab1, mult, 8
6984030.exe ,  1.74,  0.70,  0.68,  0.05,  0.00,   95421665,   69319000,   26120000,  108674896, c++, iotlab1, mult, 8
7514518.exe ,  2.63,  1.10,  1.06,  0.07,  0.00,  139215971,  113170000,   26039000,  152051676, c++, iotlab1, mult, 8
7514518.exe ,  2.70,  1.11,  1.07,  0.07,  0.00,  143923049,  117928000,   25984000,  157264084, c++, iotlab1, mult, 8
7514518.exe ,  2.66,  1.11,  1.07,  0.07,  0.00,  139047073,  104982000,   33994000,  152159486, c++, iotlab1, mult, 8
7514518.exe ,  2.64,  1.11,  1.07,  0.07,  0.00,  139686383,   97783000,   41907000,  152630874, c++, iotlab1, mult, 8
7514518.exe ,  2.67,  1.11,  1.07,  0.07,  0.00,  139428776,  111537000,   27884000,  152149119, c++, iotlab1, mult, 8
7514518.exe ,  2.66,  1.10,  1.05,  0.07,  0.00,  142094431,  114070000,   28017000,  155825090, c++, iotlab1, mult, 8
7514518.exe ,  2.65,  1.10,  1.06,  0.07,  0.00,  141245041,   99464000,   41774000,  154696258, c++, iotlab1, mult, 8
7514518.exe ,  2.68,  1.12,  1.08,  0.07,  0.00,  140583870,  101634000,   38860000,  153994844, c++, iotlab1, mult, 8
7514518.exe ,  2.66,  1.12,  1.08,  0.07,  0.00,  140532439,  104343000,   36118000,  153741166, c++, iotlab1, mult, 8
7514518.exe ,  2.71,  1.12,  1.08,  0.07,  0.00,  142982453,  108992000,   33997000,  156411976, c++, iotlab1, mult, 8
7693072.exe ,  1.72,  0.69,  0.66,  0.05,  0.00,   91704264,   64501000,   27211000,  106362700, c++, iotlab1, mult, 8
7693072.exe ,  1.72,  0.70,  0.67,  0.05,  0.00,   91076935,   57992000,   32995000,  104509594, c++, iotlab1, mult, 8
7693072.exe ,  1.77,  0.73,  0.71,  0.05,  0.00,   93875147,   59816000,   33895000,  107403172, c++, iotlab1, mult, 8
7693072.exe ,  1.74,  0.70,  0.67,  0.05,  0.00,   90796816,   64564000,   26229000,  103675236, c++, iotlab1, mult, 8
7693072.exe ,  1.81,  0.72,  0.69,  0.05,  0.00,   89385615,   54232000,   35150000,  102753535, c++, iotlab1, mult, 8
7693072.exe ,  1.74,  0.71,  0.69,  0.05,  0.00,   93477769,   69363000,   24126000,  106693651, c++, iotlab1, mult, 8
7693072.exe ,  1.76,  0.74,  0.71,  0.05,  0.00,   92579340,   63701000,   28864000,  105853691, c++, iotlab1, mult, 8
7693072.exe ,  1.71,  0.70,  0.67,  0.05,  0.00,   91074574,   55009000,   36006000,  104162997, c++, iotlab1, mult, 8
7693072.exe ,  1.70,  0.70,  0.67,  0.05,  0.00,   91137638,   53035000,   38025000,  104534817, c++, iotlab1, mult, 8
7693072.exe ,  1.70,  0.70,  0.67,  0.05,  0.00,   90661009,   58428000,   32236000,  103457754, c++, iotlab1, mult, 8
7841352.exe ,  2.74,  1.15,  1.10,  0.07,  0.00,  143274703,  111212000,   32061000,  155740621, c++, iotlab1, mult, 8
7841352.exe ,  2.66,  1.12,  1.08,  0.07,  0.00,  140239578,  105422000,   34809000,  152889980, c++, iotlab1, mult, 8
7841352.exe ,  2.66,  1.11,  1.07,  0.07,  0.00,  139977764,  103733000,   36256000,  152587652, c++, iotlab1, mult, 8
7841352.exe ,  2.65,  1.11,  1.07,  0.07,  0.00,  139319788,  112264000,   27063000,  152127947, c++, iotlab1, mult, 8
7841352.exe ,  2.65,  1.11,  1.07,  0.07,  0.00,  139616294,  105405000,   34131000,  153184921, c++, iotlab1, mult, 8
7841352.exe ,  2.64,  1.11,  1.07,  0.07,  0.00,  139563278,  100363000,   39141000,  152821599, c++, iotlab1, mult, 8
7841352.exe ,  2.65,  1.11,  1.07,  0.07,  0.00,  139424036,  114341000,   25074000,  152764233, c++, iotlab1, mult, 8
7841352.exe ,  2.66,  1.11,  1.07,  0.07,  0.00,  139847161,  109880000,   29967000,  152593142, c++, iotlab1, mult, 8
7841352.exe ,  2.66,  1.11,  1.07,  0.07,  0.00,  139947015,  108743000,   31213000,  152620507, c++, iotlab1, mult, 8
7841352.exe ,  2.64,  1.11,  1.07,  0.07,  0.00,  139367492,  110213000,   29056000,  151955926, c++, iotlab1, mult, 8
796521.exe  ,  2.88,  1.12,  1.08,  0.07,  0.00,  140594872,  104696000,   35895000,  153741181, c++, iotlab1, mult, 8
796521.exe  ,  2.71,  1.12,  1.07,  0.07,  0.00,  139805048,  106030000,   33691000,  152873525, c++, iotlab1, mult, 8
796521.exe  ,  2.66,  1.12,  1.08,  0.07,  0.00,  139853779,   99894000,   39957000,  153330323, c++, iotlab1, mult, 8
796521.exe  ,  2.64,  1.11,  1.07,  0.07,  0.00,  139319578,  105246000,   34079000,  153096329, c++, iotlab1, mult, 8
796521.exe  ,  2.64,  1.11,  1.06,  0.07,  0.00,  139830921,   98542000,   41227000,  152643026, c++, iotlab1, mult, 8
796521.exe  ,  2.69,  1.12,  1.08,  0.07,  0.00,  140470660,  112561000,   27891000,  153214726, c++, iotlab1, mult, 8
796521.exe  ,  2.66,  1.10,  1.06,  0.07,  0.00,  141951453,  116959000,   24991000,  155444457, c++, iotlab1, mult, 8
796521.exe  ,  2.66,  1.11,  1.06,  0.07,  0.00,  138824061,  108860000,   29961000,  152264491, c++, iotlab1, mult, 8
796521.exe  ,  2.66,  1.11,  1.07,  0.07,  0.00,  139803630,  106767000,   32928000,  152486218, c++, iotlab1, mult, 8
796521.exe  ,  2.68,  1.12,  1.07,  0.07,  0.00,  140685817,  113655000,   26918000,  153701297, c++, iotlab1, mult, 8
8026156.exe ,  1.72,  0.69,  0.65,  0.05,  0.00,   94394460,   56642000,   37761000,  108155304, c++, iotlab1, mult, 8
8026156.exe ,  1.71,  0.71,  0.69,  0.05,  0.00,   90104411,   61386000,   28712000,  103595855, c++, iotlab1, mult, 8
8026156.exe ,  1.70,  0.71,  0.68,  0.05,  0.00,   90234889,   61159000,   29075000,  103797876, c++, iotlab1, mult, 8
8026156.exe ,  1.70,  0.72,  0.69,  0.05,  0.00,   89912112,   69692000,   20200000,  102891868, c++, iotlab1, mult, 8
8026156.exe ,  1.72,  0.71,  0.68,  0.05,  0.00,   90926316,   55943000,   34964000,  103700988, c++, iotlab1, mult, 8
8026156.exe ,  1.71,  0.72,  0.69,  0.05,  0.00,   90049947,   57007000,   33004000,  103115041, c++, iotlab1, mult, 8
8026156.exe ,  1.71,  0.68,  0.66,  0.05,  0.00,   93257210,   66183000,   27075000,  107019815, c++, iotlab1, mult, 8
8026156.exe ,  1.74,  0.68,  0.66,  0.05,  0.00,   97333142,   63126000,   34068000,  110743240, c++, iotlab1, mult, 8
8026156.exe ,  1.71,  0.68,  0.65,  0.05,  0.00,   92965927,   64985000,   27993000,  106368124, c++, iotlab1, mult, 8
8026156.exe ,  1.72,  0.71,  0.68,  0.05,  0.00,   90352713,   61232000,   29110000,  104008009, c++, iotlab1, mult, 8
8048609.exe ,  0.52,  0.22,  0.21,  0.01,  0.00,   27326540,   27332000,          0,   40776579, c++, iotlab1, mult, 8
8048609.exe ,  0.52,  0.22,  0.21,  0.01,  0.00,   27058448,   25059000,    2004000,   39863183, c++, iotlab1, mult, 8
8048609.exe ,  0.53,  0.22,  0.21,  0.01,  0.00,   27016923,   25007000,    2000000,   40493960, c++, iotlab1, mult, 8
8048609.exe ,  0.52,  0.22,  0.21,  0.01,  0.00,   26896841,   25892000,     995000,   39680564, c++, iotlab1, mult, 8
8048609.exe ,  0.53,  0.21,  0.20,  0.01,  0.00,   27700049,   25608000,    2048000,   40781001, c++, iotlab1, mult, 8
8048609.exe ,  0.52,  0.21,  0.21,  0.01,  0.00,   27358491,   26320000,    1012000,   40376115, c++, iotlab1, mult, 8
8048609.exe ,  0.51,  0.20,  0.20,  0.01,  0.00,   28234541,   26190000,    2014000,   41580146, c++, iotlab1, mult, 8
8048609.exe ,  0.54,  0.21,  0.21,  0.01,  0.00,   27272683,   27258000,          0,   40731214, c++, iotlab1, mult, 8
8048609.exe ,  0.54,  0.22,  0.21,  0.01,  0.00,   27846212,   24998000,    2884000,   40923505, c++, iotlab1, mult, 8
8048609.exe ,  0.53,  0.22,  0.21,  0.02,  0.00,   27588896,   24631000,    2955000,   40500394, c++, iotlab1, mult, 8
8130003.exe ,  2.67,  1.12,  1.07,  0.07,  0.00,  139972872,  112951000,   26988000,  153012767, c++, iotlab1, mult, 8
8130003.exe ,  2.65,  1.10,  1.06,  0.07,  0.00,  142486138,  119536000,   22911000,  156341766, c++, iotlab1, mult, 8
8130003.exe ,  2.64,  1.12,  1.07,  0.07,  0.00,  139966908,  107899000,   31970000,  153202088, c++, iotlab1, mult, 8
8130003.exe ,  2.66,  1.11,  1.07,  0.07,  0.00,  142034374,  110002000,   32000000,  154816161, c++, iotlab1, mult, 8
8130003.exe ,  2.66,  1.11,  1.06,  0.07,  0.00,  140561309,  113638000,   26914000,  153419250, c++, iotlab1, mult, 8
8130003.exe ,  2.66,  1.12,  1.08,  0.07,  0.00,  140168330,  110135000,   30036000,  153997696, c++, iotlab1, mult, 8
8130003.exe ,  2.71,  1.14,  1.09,  0.07,  0.00,  141728970,  107783000,   33931000,  155060955, c++, iotlab1, mult, 8
8130003.exe ,  2.67,  1.12,  1.07,  0.07,  0.00,  139105112,  110996000,   27999000,  151750181, c++, iotlab1, mult, 8
8130003.exe ,  2.66,  1.11,  1.07,  0.07,  0.00,  140050499,  101039000,   39015000,  152908027, c++, iotlab1, mult, 8
8130003.exe ,  2.66,  1.09,  1.05,  0.07,  0.00,  142348654,  101241000,   41098000,  156217072, c++, iotlab1, mult, 8
81481.exe   ,  2.65,  1.10,  1.07,  0.07,  0.00,  139390263,  111276000,   28069000,  153226272, c++, iotlab1, mult, 8
81481.exe   ,  2.69,  1.13,  1.09,  0.07,  0.00,  142507745,  113392000,   29100000,  155142960, c++, iotlab1, mult, 8
81481.exe   ,  2.66,  1.11,  1.06,  0.07,  0.00,  139925610,  106876000,   32961000,  153486901, c++, iotlab1, mult, 8
81481.exe   ,  2.72,  1.13,  1.09,  0.07,  0.00,  142113478,  111997000,   29999000,  154855540, c++, iotlab1, mult, 8
81481.exe   ,  2.66,  1.11,  1.07,  0.07,  0.00,  139187956,  105382000,   33801000,  152297574, c++, iotlab1, mult, 8
81481.exe   ,  2.69,  1.10,  1.05,  0.07,  0.00,  140209155,  110346000,   29823000,  152764791, c++, iotlab1, mult, 8
81481.exe   ,  2.68,  1.11,  1.07,  0.07,  0.00,  141894196,  100924000,   40969000,  155129535, c++, iotlab1, mult, 8
81481.exe   ,  2.65,  1.11,  1.07,  0.07,  0.00,  139188113,  101077000,   38029000,  151787314, c++, iotlab1, mult, 8
81481.exe   ,  2.65,  1.11,  1.07,  0.07,  0.00,  139272043,   99192000,   40077000,  152060494, c++, iotlab1, mult, 8
81481.exe   ,  2.68,  1.12,  1.07,  0.07,  0.00,  139776416,  106517000,   33161000,  152317508, c++, iotlab1, mult, 8
8172060.exe ,  0.55,  0.23,  0.22,  0.02,  0.00,   27785242,   25792000,    1984000,   40744811, c++, iotlab1, mult, 8
8172060.exe ,  0.52,  0.21,  0.20,  0.01,  0.00,   28753035,   27757000,     991000,   41547430, c++, iotlab1, mult, 8
8172060.exe ,  0.54,  0.22,  0.21,  0.01,  0.00,   28381393,   27365000,    1013000,   41062195, c++, iotlab1, mult, 8
8172060.exe ,  0.54,  0.22,  0.21,  0.02,  0.00,   27984173,   26979000,     999000,   40773656, c++, iotlab1, mult, 8
8172060.exe ,  0.56,  0.23,  0.21,  0.02,  0.00,   28112402,   26094000,    2007000,   40992570, c++, iotlab1, mult, 8
8172060.exe ,  0.54,  0.21,  0.21,  0.02,  0.00,   29251669,   28237000,    1008000,   42450329, c++, iotlab1, mult, 8
8172060.exe ,  0.54,  0.22,  0.21,  0.02,  0.00,   28838998,   26926000,    1923000,   41418208, c++, iotlab1, mult, 8
8172060.exe ,  0.54,  0.22,  0.21,  0.01,  0.00,   27842079,   27858000,          0,   40502683, c++, iotlab1, mult, 8
8172060.exe ,  0.55,  0.22,  0.21,  0.01,  0.00,   27539105,   26552000,     983000,   40312939, c++, iotlab1, mult, 8
8172060.exe ,  0.54,  0.22,  0.21,  0.02,  0.00,   27985425,   26983000,     999000,   40939456, c++, iotlab1, mult, 8
8194304.exe ,  2.66,  1.12,  1.07,  0.07,  0.00,  139880490,  109904000,   29973000,  154057809, c++, iotlab1, mult, 8
8194304.exe ,  2.70,  1.13,  1.08,  0.07,  0.00,  140812175,  109808000,   30946000,  153904898, c++, iotlab1, mult, 8
8194304.exe ,  2.68,  1.12,  1.07,  0.07,  0.00,  139869097,  109894000,   29971000,  152966007, c++, iotlab1, mult, 8
8194304.exe ,  2.67,  1.12,  1.07,  0.07,  0.00,  139301317,  107224000,   32067000,  152173451, c++, iotlab1, mult, 8
8194304.exe ,  2.65,  1.11,  1.07,  0.07,  0.00,  138926769,  113939000,   24986000,  152480649, c++, iotlab1, mult, 8
8194304.exe ,  2.65,  1.10,  1.06,  0.07,  0.00,  140243544,  107146000,   33045000,  153058844, c++, iotlab1, mult, 8
8194304.exe ,  2.73,  1.15,  1.11,  0.07,  0.00,  143926753,  110890000,   32967000,  158262131, c++, iotlab1, mult, 8
8194304.exe ,  2.69,  1.13,  1.09,  0.07,  0.00,  141717054,  112467000,   28116000,  154862558, c++, iotlab1, mult, 8
8194304.exe ,  2.65,  1.11,  1.08,  0.07,  0.00,  139626130,  107692000,   31908000,  153248875, c++, iotlab1, mult, 8
8194304.exe ,  2.68,  1.12,  1.08,  0.07,  0.00,  140066891,  110047000,   30012000,  153435777, c++, iotlab1, mult, 8
8453236.exe ,  2.66,  1.11,  1.06,  0.07,  0.00,  139559725,  113459000,   26105000,  153043114, c++, iotlab1, mult, 8
8453236.exe ,  2.64,  1.09,  1.05,  0.07,  0.00,  141003457,  111994000,   28998000,  154422465, c++, iotlab1, mult, 8
8453236.exe ,  2.72,  1.13,  1.09,  0.07,  0.00,  141841095,  115866000,   25970000,  154574708, c++, iotlab1, mult, 8
8453236.exe ,  2.69,  1.12,  1.08,  0.07,  0.00,  140833847,  109082000,   31732000,  154261469, c++, iotlab1, mult, 8
8453236.exe ,  2.66,  1.11,  1.07,  0.07,  0.00,  140079218,  112826000,   27199000,  152622038, c++, iotlab1, mult, 8
8453236.exe ,  2.64,  1.10,  1.06,  0.07,  0.00,  139843001,  108608000,   31174000,  152611267, c++, iotlab1, mult, 8
8453236.exe ,  2.69,  1.13,  1.09,  0.07,  0.00,  141185061,  114335000,   26844000,  154640530, c++, iotlab1, mult, 8
8453236.exe ,  2.67,  1.11,  1.06,  0.07,  0.00,  138788708,  100833000,   37937000,  151428882, c++, iotlab1, mult, 8
8453236.exe ,  2.65,  1.11,  1.07,  0.07,  0.00,  139838089,  104787000,   34929000,  153119907, c++, iotlab1, mult, 8
8453236.exe ,  2.64,  1.11,  1.07,  0.07,  0.00,  139224063,  111069000,   28017000,  151781916, c++, iotlab1, mult, 8
