file,psys,pkg,cores,ram,gpu,duration_time,user_time,system_time,perf_time,lang,machine,cores,power_limit
entry_1015385.class,  3.05,  1.15,  1.11,  0.09,  0.00,  157877736,   97726000,   26194000,  226122587, java, iotlab1, sing, 25
entry_1015385.class,  2.38,  1.18,  1.15,  0.06,  0.00,   97666308,   94909000,   16983000,  110151432, java, iotlab1, sing, 25
entry_1015385.class,  2.34,  1.17,  1.13,  0.06,  0.00,   95665885,  100776000,   10975000,  108029451, java, iotlab1, sing, 25
entry_1015385.class,  2.34,  1.17,  1.14,  0.06,  0.00,   95798963,  104566000,    6971000,  108143618, java, iotlab1, sing, 25
entry_1015385.class,  2.34,  1.18,  1.15,  0.06,  0.00,   95952567,   97869000,   13840000,  108270180, java, iotlab1, sing, 25
entry_1015385.class,  2.33,  1.17,  1.14,  0.06,  0.00,   94921540,  101807000,    9162000,  107296299, java, iotlab1, sing, 25
entry_1015385.class,  2.33,  1.18,  1.15,  0.06,  0.00,   96199025,   97399000,   14757000,  108455598, java, iotlab1, sing, 25
entry_1015385.class,  2.32,  1.17,  1.15,  0.06,  0.00,   95198889,   99999000,   11458000,  107631710, java, iotlab1, sing, 25
entry_1015385.class,  2.30,  1.17,  1.15,  0.06,  0.00,   95648411,  102192000,    9106000,  108000128, java, iotlab1, sing, 25
entry_1015385.class,  2.32,  1.17,  1.14,  0.06,  0.00,   95838456,  100952000,   10994000,  108224782, java, iotlab1, sing, 25
entry_10346413.class,  4.92,  2.41,  2.35,  0.12,  0.00,  216972764,  222655000,   10933000,  229419026, java, iotlab1, sing, 25
entry_10346413.class,  5.30,  2.50,  2.43,  0.13,  0.00,  241123781,  222254000,   12122000,  253631286, java, iotlab1, sing, 25
entry_10346413.class,  5.10,  2.45,  2.38,  0.12,  0.00,  220195572,  217680000,   18140000,  234518186, java, iotlab1, sing, 25
entry_10346413.class,  4.92,  2.46,  2.39,  0.12,  0.00,  217669512,  221361000,   12129000,  229976018, java, iotlab1, sing, 25
entry_10346413.class,  4.88,  2.43,  2.36,  0.12,  0.00,  216603438,  224956000,    8106000,  228931770, java, iotlab1, sing, 25
entry_10346413.class,  4.90,  2.44,  2.37,  0.12,  0.00,  217738925,  223354000,   11117000,  230196415, java, iotlab1, sing, 25
entry_10346413.class,  4.91,  2.43,  2.37,  0.12,  0.00,  216712245,  224181000,    8888000,  229063806, java, iotlab1, sing, 25
entry_10346413.class,  4.92,  2.43,  2.36,  0.12,  0.00,  217308046,  225456000,    9058000,  229778420, java, iotlab1, sing, 25
entry_10346413.class,  4.92,  2.43,  2.36,  0.12,  0.00,  216725890,  220164000,   13069000,  229000688, java, iotlab1, sing, 25
entry_10346413.class,  4.90,  2.42,  2.36,  0.12,  0.00,  216491402,  219711000,   14045000,  228795576, java, iotlab1, sing, 25
entry_10363331.class,  2.46,  1.22,  1.19,  0.07,  0.00,   99942316,   88727000,   27604000,  112429748, java, iotlab1, sing, 25
entry_10363331.class,  2.40,  1.20,  1.17,  0.06,  0.00,   99157979,   86246000,   29775000,  111552165, java, iotlab1, sing, 25
entry_10363331.class,  2.42,  1.20,  1.18,  0.06,  0.00,   99632644,   90559000,   25438000,  111893734, java, iotlab1, sing, 25
entry_10363331.class,  2.43,  1.22,  1.18,  0.07,  0.00,   99725202,   93341000,   23335000,  112055460, java, iotlab1, sing, 25
entry_10363331.class,  2.43,  1.21,  1.18,  0.07,  0.00,  100100131,   90079000,   26315000,  112505495, java, iotlab1, sing, 25
entry_10363331.class,  2.40,  1.20,  1.17,  0.06,  0.00,   99079583,   92341000,   23085000,  111315415, java, iotlab1, sing, 25
entry_10363331.class,  2.43,  1.20,  1.16,  0.07,  0.00,   99346691,   91239000,   24265000,  111861664, java, iotlab1, sing, 25
entry_10363331.class,  2.48,  1.23,  1.19,  0.07,  0.00,  100207716,   96746000,   20521000,  112502247, java, iotlab1, sing, 25
entry_10363331.class,  2.41,  1.20,  1.17,  0.06,  0.00,   99723711,   88349000,   27107000,  112032576, java, iotlab1, sing, 25
entry_10363331.class,  2.47,  1.23,  1.19,  0.07,  0.00,  100270894,   92150000,   25040000,  112593645, java, iotlab1, sing, 25
entry_10364996.class,  2.80,  1.37,  1.33,  0.07,  0.00,  118275043,  113612000,   22334000,  130507927, java, iotlab1, sing, 25
entry_10364996.class,  2.99,  1.42,  1.38,  0.08,  0.00,  133298719,  111376000,   21457000,  145691318, java, iotlab1, sing, 25
entry_10364996.class,  2.73,  1.32,  1.29,  0.07,  0.00,  118267174,  110517000,   26642000,  131067969, java, iotlab1, sing, 25
entry_10364996.class,  2.86,  1.41,  1.37,  0.08,  0.00,  117390340,  109090000,   26262000,  129810909, java, iotlab1, sing, 25
entry_10364996.class,  2.82,  1.36,  1.32,  0.08,  0.00,  119800878,  108273000,   29622000,  132846399, java, iotlab1, sing, 25
entry_10364996.class,  2.83,  1.40,  1.36,  0.07,  0.00,  117139626,  107431000,   27890000,  129530780, java, iotlab1, sing, 25
entry_10364996.class,  2.87,  1.40,  1.36,  0.07,  0.00,  116979371,  106822000,   27953000,  129311170, java, iotlab1, sing, 25
entry_10364996.class,  2.82,  1.38,  1.35,  0.07,  0.00,  117303407,  111388000,   24084000,  129670415, java, iotlab1, sing, 25
entry_10364996.class,  2.78,  1.36,  1.33,  0.07,  0.00,  116755488,  111989000,   22397000,  129081983, java, iotlab1, sing, 25
entry_10364996.class,  2.79,  1.37,  1.34,  0.07,  0.00,  117620413,  110669000,   23140000,  130007405, java, iotlab1, sing, 25
entry_1041824.class,  2.44,  1.19,  1.16,  0.06,  0.00,  101893573,  105136000,   11681000,  114188304, java, iotlab1, sing, 25
entry_1041824.class,  2.41,  1.19,  1.16,  0.06,  0.00,  101238259,  108304000,    7948000,  113518241, java, iotlab1, sing, 25
entry_1041824.class,  2.41,  1.20,  1.17,  0.06,  0.00,  101170140,  105286000,   10823000,  113619470, java, iotlab1, sing, 25
entry_1041824.class,  2.39,  1.19,  1.16,  0.06,  0.00,  101159374,  105538000,   10449000,  113556180, java, iotlab1, sing, 25
entry_1041824.class,  2.50,  1.21,  1.18,  0.06,  0.00,  101519383,  101648000,   14948000,  113951130, java, iotlab1, sing, 25
entry_1041824.class,  2.50,  1.17,  1.14,  0.06,  0.00,  101501795,  103098000,   12764000,  113869048, java, iotlab1, sing, 25
entry_1041824.class,  2.45,  1.18,  1.14,  0.06,  0.00,  103967081,  103168000,   16026000,  117234937, java, iotlab1, sing, 25
entry_1041824.class,  2.44,  1.19,  1.15,  0.06,  0.00,  103802528,  104729000,   13832000,  116990531, java, iotlab1, sing, 25
entry_1041824.class,  2.46,  1.20,  1.17,  0.06,  0.00,  102323655,  105357000,   11927000,  115025620, java, iotlab1, sing, 25
entry_1041824.class,  2.42,  1.18,  1.14,  0.06,  0.00,  102879755,  109039000,    8841000,  116122266, java, iotlab1, sing, 25
entry_1070913.class,  3.16,  1.16,  1.10,  0.10,  0.00,  167266191,  145899000,   11910000,  179562340, java, iotlab1, sing, 25
entry_1070913.class,  2.33,  1.19,  1.16,  0.06,  0.00,   88009139,  108804000,   13343000,  100370332, java, iotlab1, sing, 25
entry_1070913.class,  2.35,  1.18,  1.15,  0.06,  0.00,   87791586,  109540000,   11949000,  100042533, java, iotlab1, sing, 25
entry_1070913.class,  2.34,  1.18,  1.15,  0.06,  0.00,   88238270,  104082000,   17509000,  100717416, java, iotlab1, sing, 25
entry_1070913.class,  2.30,  1.17,  1.15,  0.06,  0.00,   87656014,  111270000,    9447000,   99804759, java, iotlab1, sing, 25
entry_1070913.class,  2.31,  1.16,  1.14,  0.06,  0.00,   87174852,  111642000,    9134000,   99716024, java, iotlab1, sing, 25
entry_1070913.class,  2.34,  1.18,  1.16,  0.06,  0.00,   89554437,  108111000,   13258000,  101868215, java, iotlab1, sing, 25
entry_1070913.class,  2.29,  1.17,  1.14,  0.06,  0.00,   88046526,  106915000,   14255000,  100326130, java, iotlab1, sing, 25
entry_1070913.class,  2.32,  1.17,  1.13,  0.06,  0.00,   87683481,  110549000,    9959000,  100037072, java, iotlab1, sing, 25
entry_1070913.class,  2.64,  1.26,  1.22,  0.07,  0.00,  109251639,  106690000,   14818000,  121614913, java, iotlab1, sing, 25
entry_1076227.class,  2.31,  1.19,  1.16,  0.06,  0.00,   86691498,   99804000,   16798000,   99193948, java, iotlab1, sing, 25
entry_1076227.class,  2.30,  1.18,  1.15,  0.06,  0.00,   86778747,  101966000,   14133000,   99123168, java, iotlab1, sing, 25
entry_1076227.class,  2.22,  1.13,  1.12,  0.06,  0.00,   85911569,  104803000,   10274000,   98295327, java, iotlab1, sing, 25
entry_1076227.class,  2.28,  1.15,  1.12,  0.06,  0.00,   88269588,   99766000,   17958000,  101469172, java, iotlab1, sing, 25
entry_1076227.class,  2.28,  1.16,  1.13,  0.06,  0.00,   86636825,  107202000,    8326000,   98965151, java, iotlab1, sing, 25
entry_1076227.class,  2.29,  1.18,  1.15,  0.06,  0.00,   86329215,   98826000,   18230000,   98620816, java, iotlab1, sing, 25
entry_1076227.class,  2.27,  1.16,  1.14,  0.06,  0.00,   86673267,  104253000,   12265000,   99145779, java, iotlab1, sing, 25
entry_1076227.class,  2.28,  1.18,  1.15,  0.06,  0.00,   86434407,  104089000,   12367000,   98956853, java, iotlab1, sing, 25
entry_1076227.class,  2.30,  1.18,  1.14,  0.06,  0.00,   86069435,   99244000,   16871000,   98466939, java, iotlab1, sing, 25
entry_1076227.class,  2.28,  1.17,  1.15,  0.06,  0.00,   85850133,  103904000,   12105000,   98211913, java, iotlab1, sing, 25
entry_10906809.class,  2.24,  0.97,  0.93,  0.06,  0.00,  105943276,  111647000,   14081000,  118872084, java, iotlab1, sing, 25
entry_10906809.class,  2.22,  1.09,  1.06,  0.06,  0.00,   94538165,   92195000,   16852000,  106789993, java, iotlab1, sing, 25
entry_10906809.class,  2.26,  1.11,  1.09,  0.06,  0.00,   94293737,   97780000,   12222000,  106766783, java, iotlab1, sing, 25
entry_10906809.class,  2.28,  1.12,  1.08,  0.06,  0.00,   94966109,  101795000,    8225000,  107408627, java, iotlab1, sing, 25
entry_10906809.class,  2.28,  1.11,  1.08,  0.06,  0.00,   94304706,   97162000,   12631000,  106846080, java, iotlab1, sing, 25
entry_10906809.class,  2.31,  1.13,  1.09,  0.06,  0.00,   95995278,  101247000,    8933000,  108274555, java, iotlab1, sing, 25
entry_10906809.class,  2.30,  1.12,  1.09,  0.06,  0.00,   95322796,  100675000,   10169000,  107596319, java, iotlab1, sing, 25
entry_10906809.class,  2.26,  1.12,  1.10,  0.06,  0.00,   94784931,   94807000,   15291000,  107086847, java, iotlab1, sing, 25
entry_10906809.class,  2.30,  1.14,  1.10,  0.06,  0.00,   95281538,   96449000,   14762000,  107873741, java, iotlab1, sing, 25
entry_10906809.class,  2.27,  1.11,  1.08,  0.06,  0.00,   94736347,  103638000,    6281000,  107064465, java, iotlab1, sing, 25
entry_11135085.class,  2.78,  1.37,  1.33,  0.07,  0.00,  114795664,  125577000,   10046000,  128123848, java, iotlab1, sing, 25
entry_11135085.class,  2.77,  1.38,  1.34,  0.07,  0.00,  113507603,  122351000,   11309000,  126701479, java, iotlab1, sing, 25
entry_11135085.class,  2.75,  1.37,  1.34,  0.07,  0.00,  112877139,  121399000,   12345000,  125186298, java, iotlab1, sing, 25
entry_11135085.class,  2.75,  1.36,  1.32,  0.07,  0.00,  112956204,  116445000,   17613000,  125357026, java, iotlab1, sing, 25
entry_11135085.class,  2.78,  1.38,  1.34,  0.07,  0.00,  113561322,  121676000,   12756000,  125895531, java, iotlab1, sing, 25
entry_11135085.class,  2.77,  1.36,  1.32,  0.07,  0.00,  112921064,  119834000,   13980000,  125205247, java, iotlab1, sing, 25
entry_11135085.class,  2.71,  1.34,  1.31,  0.07,  0.00,  112936266,  119225000,   13681000,  125256469, java, iotlab1, sing, 25
entry_11135085.class,  2.77,  1.37,  1.34,  0.07,  0.00,  114127474,  127222000,    6903000,  126448086, java, iotlab1, sing, 25
entry_11135085.class,  2.77,  1.38,  1.35,  0.07,  0.00,  112940941,  120220000,   14025000,  125243330, java, iotlab1, sing, 25
entry_11135085.class,  2.75,  1.37,  1.34,  0.07,  0.00,  113570777,  124405000,   10032000,  125816231, java, iotlab1, sing, 25
entry_11358418.class,  2.35,  1.17,  1.15,  0.06,  0.00,   96339404,  101723000,   10487000,  108706740, java, iotlab1, sing, 25
entry_11358418.class,  2.35,  1.16,  1.13,  0.06,  0.00,   95771522,   95447000,   16246000,  108109751, java, iotlab1, sing, 25
entry_11358418.class,  2.35,  1.15,  1.12,  0.06,  0.00,   97821619,  101292000,   12403000,  111241318, java, iotlab1, sing, 25
entry_11358418.class,  2.34,  1.16,  1.14,  0.06,  0.00,   96493608,   99087000,   13144000,  108814107, java, iotlab1, sing, 25
entry_11358418.class,  2.34,  1.16,  1.13,  0.06,  0.00,   96177778,  100553000,   11946000,  108603638, java, iotlab1, sing, 25
entry_11358418.class,  2.32,  1.15,  1.13,  0.06,  0.00,   96079681,  102273000,   10026000,  108275090, java, iotlab1, sing, 25
entry_11358418.class,  2.34,  1.15,  1.12,  0.06,  0.00,   95821588,  101761000,    9441000,  108108837, java, iotlab1, sing, 25
entry_11358418.class,  2.35,  1.16,  1.12,  0.06,  0.00,   95565973,  101601000,   10850000,  107783876, java, iotlab1, sing, 25
entry_11358418.class,  2.36,  1.18,  1.14,  0.06,  0.00,   95555818,  101661000,   10268000,  107964714, java, iotlab1, sing, 25
entry_11358418.class,  2.36,  1.17,  1.15,  0.06,  0.00,   98121738,   92174000,   18434000,  110436386, java, iotlab1, sing, 25
entry_11752220.class,  2.48,  1.27,  1.24,  0.06,  0.00,   95152206,  110352000,   14912000,  107389449, java, iotlab1, sing, 25
entry_11752220.class,  2.53,  1.29,  1.25,  0.07,  0.00,   96148568,  110974000,   15413000,  108577316, java, iotlab1, sing, 25
entry_11752220.class,  2.50,  1.26,  1.22,  0.06,  0.00,   97847666,  112662000,   14209000,  110114960, java, iotlab1, sing, 25
entry_11752220.class,  2.48,  1.26,  1.22,  0.06,  0.00,   95774562,  109583000,   16234000,  108182316, java, iotlab1, sing, 25
entry_11752220.class,  2.51,  1.26,  1.23,  0.06,  0.00,   95764894,  112556000,   13182000,  108079863, java, iotlab1, sing, 25
entry_11752220.class,  2.50,  1.26,  1.23,  0.06,  0.00,   96019514,  110761000,   15683000,  108255993, java, iotlab1, sing, 25
entry_11752220.class,  2.48,  1.26,  1.23,  0.06,  0.00,   96137997,  112220000,   14153000,  108567309, java, iotlab1, sing, 25
entry_11752220.class,  2.50,  1.26,  1.23,  0.06,  0.00,   95804688,  118106000,    7189000,  108166472, java, iotlab1, sing, 25
entry_11752220.class,  2.51,  1.24,  1.20,  0.06,  0.00,   98066514,  108410000,   20510000,  111246014, java, iotlab1, sing, 25
entry_11752220.class,  2.48,  1.25,  1.23,  0.06,  0.00,   96603144,  110384000,   16203000,  109277911, java, iotlab1, sing, 25
entry_12010402.class,  2.39,  1.11,  1.07,  0.06,  0.00,  103963353,   96761000,   14810000,  116758788, java, iotlab1, sing, 25
entry_12010402.class,  2.30,  1.10,  1.08,  0.06,  0.00,   95394885,   98816000,   12099000,  107717861, java, iotlab1, sing, 25
entry_12010402.class,  2.20,  0.99,  0.95,  0.06,  0.00,   99930099,  104685000,   13958000,  112315334, java, iotlab1, sing, 25
entry_12010402.class,  2.25,  1.10,  1.07,  0.06,  0.00,   93606793,   94748000,   14960000,  106207910, java, iotlab1, sing, 25
entry_12010402.class,  2.25,  1.09,  1.06,  0.06,  0.00,   92862799,  100026000,    9806000,  105182617, java, iotlab1, sing, 25
entry_12010402.class,  2.26,  1.10,  1.07,  0.06,  0.00,   93626423,   99491000,   10152000,  106134234, java, iotlab1, sing, 25
entry_12010402.class,  2.26,  1.09,  1.06,  0.06,  0.00,   94676603,   97005000,   12738000,  107099555, java, iotlab1, sing, 25
entry_12010402.class,  2.23,  1.08,  1.06,  0.06,  0.00,   93303024,  101966000,    8239000,  105747504, java, iotlab1, sing, 25
entry_12010402.class,  2.22,  1.08,  1.05,  0.06,  0.00,   93005162,  100349000,    9215000,  105327919, java, iotlab1, sing, 25
entry_12010402.class,  2.23,  1.08,  1.06,  0.06,  0.00,   93474200,  100064000,    9189000,  105876014, java, iotlab1, sing, 25
entry_12101489.class,  2.67,  1.33,  1.31,  0.07,  0.00,  103744565,  124691000,    9274000,  116269049, java, iotlab1, sing, 25
entry_12101489.class,  2.67,  1.34,  1.31,  0.07,  0.00,  104054007,  123366000,   10943000,  116294140, java, iotlab1, sing, 25
entry_12101489.class,  2.63,  1.33,  1.30,  0.07,  0.00,  103285219,  118053000,   15006000,  115704611, java, iotlab1, sing, 25
entry_12101489.class,  2.65,  1.34,  1.31,  0.07,  0.00,  103564760,  117568000,   16216000,  115864356, java, iotlab1, sing, 25
entry_12101489.class,  2.70,  1.34,  1.30,  0.07,  0.00,  104323880,  120106000,   14767000,  116761759, java, iotlab1, sing, 25
entry_12101489.class,  2.68,  1.34,  1.30,  0.07,  0.00,  104461087,  118626000,   15949000,  116826351, java, iotlab1, sing, 25
entry_12101489.class,  2.68,  1.35,  1.31,  0.07,  0.00,  104323459,  124699000,   10138000,  116619432, java, iotlab1, sing, 25
entry_12101489.class,  2.68,  1.36,  1.33,  0.07,  0.00,  104806015,  123645000,   12062000,  117285885, java, iotlab1, sing, 25
entry_12101489.class,  2.62,  1.33,  1.30,  0.07,  0.00,  103186890,  115925000,   18144000,  115386411, java, iotlab1, sing, 25
entry_12101489.class,  2.62,  1.32,  1.28,  0.07,  0.00,  103675990,  116346000,   17050000,  116057110, java, iotlab1, sing, 25
entry_12102953.class,  3.91,  1.94,  1.88,  0.10,  0.00,  162395807,  180353000,   12023000,  174864035, java, iotlab1, sing, 25
entry_12102953.class,  3.90,  1.92,  1.87,  0.10,  0.00,  163110021,  180883000,   11992000,  175556034, java, iotlab1, sing, 25
entry_12102953.class,  3.89,  1.91,  1.87,  0.10,  0.00,  162498410,  177140000,   15097000,  174874975, java, iotlab1, sing, 25
entry_12102953.class,  3.93,  1.95,  1.90,  0.10,  0.00,  163586764,  178898000,   15247000,  176074016, java, iotlab1, sing, 25
entry_12102953.class,  3.93,  1.94,  1.89,  0.10,  0.00,  162599245,  178428000,   13801000,  174948528, java, iotlab1, sing, 25
entry_12102953.class,  3.87,  1.92,  1.88,  0.10,  0.00,  162592783,  178601000,   14047000,  174971519, java, iotlab1, sing, 25
entry_12102953.class,  4.07,  1.97,  1.92,  0.10,  0.00,  173430909,  178940000,   14994000,  185972856, java, iotlab1, sing, 25
entry_12102953.class,  3.90,  1.92,  1.88,  0.10,  0.00,  163340766,  184509000,    8976000,  175946519, java, iotlab1, sing, 25
entry_12102953.class,  3.90,  1.93,  1.87,  0.10,  0.00,  162501468,  181670000,   10980000,  174825255, java, iotlab1, sing, 25
entry_12102953.class,  3.90,  1.90,  1.85,  0.10,  0.00,  162757199,  176080000,   16816000,  175042240, java, iotlab1, sing, 25
entry_12258566.class,  2.24,  1.11,  1.07,  0.06,  0.00,   90451708,   97936000,    9086000,  102873521, java, iotlab1, sing, 25
entry_12258566.class,  2.22,  1.09,  1.06,  0.05,  0.00,   90154726,   90166000,   16029000,  102603171, java, iotlab1, sing, 25
entry_12258566.class,  2.19,  1.07,  1.05,  0.06,  0.00,   90672752,   95840000,   10868000,  103056057, java, iotlab1, sing, 25
entry_12258566.class,  2.21,  1.09,  1.05,  0.05,  0.00,   89463219,   90668000,   15111000,  101743738, java, iotlab1, sing, 25
entry_12258566.class,  2.20,  1.08,  1.06,  0.06,  0.00,   90980183,   97606000,    8963000,  103470622, java, iotlab1, sing, 25
entry_12258566.class,  2.22,  1.08,  1.06,  0.06,  0.00,   90112067,   94747000,   11843000,  102627663, java, iotlab1, sing, 25
entry_12258566.class,  2.15,  1.06,  1.04,  0.05,  0.00,   89557837,   91307000,   15050000,  101778797, java, iotlab1, sing, 25
entry_12258566.class,  2.21,  1.06,  1.03,  0.06,  0.00,   89817767,   94756000,   11207000,  102125842, java, iotlab1, sing, 25
entry_12258566.class,  2.22,  1.09,  1.05,  0.05,  0.00,   89257226,   91374000,   14373000,  101712024, java, iotlab1, sing, 25
entry_12258566.class,  2.20,  1.08,  1.05,  0.05,  0.00,   89703991,   94765000,   11208000,  102141582, java, iotlab1, sing, 25
entry_12403176.class,  2.00,  0.97,  0.94,  0.05,  0.00,   82457569,   88068000,   10007000,   94954842, java, iotlab1, sing, 25
entry_12403176.class,  2.02,  1.00,  0.98,  0.05,  0.00,   82664506,   90131000,    8101000,   95060239, java, iotlab1, sing, 25
entry_12403176.class,  2.06,  1.00,  0.98,  0.05,  0.00,   82251375,   87393000,   10801000,   94686811, java, iotlab1, sing, 25
entry_12403176.class,  2.04,  0.99,  0.96,  0.05,  0.00,   85303301,   85262000,   15046000,   98583250, java, iotlab1, sing, 25
entry_12403176.class,  2.03,  1.01,  0.97,  0.05,  0.00,   82507863,   88577000,    9733000,   95020682, java, iotlab1, sing, 25
entry_12403176.class,  2.05,  1.00,  0.97,  0.05,  0.00,   84166886,   90885000,    7312000,   96629371, java, iotlab1, sing, 25
entry_12403176.class,  2.01,  0.98,  0.96,  0.05,  0.00,   82290621,   87877000,    9873000,   94694008, java, iotlab1, sing, 25
entry_12403176.class,  2.00,  0.96,  0.94,  0.05,  0.00,   83356536,   86746000,   11829000,   95659165, java, iotlab1, sing, 25
entry_12403176.class,  2.06,  1.00,  0.97,  0.05,  0.00,   82978943,   88996000,    9779000,   95326165, java, iotlab1, sing, 25
entry_12403176.class,  2.04,  1.00,  0.97,  0.05,  0.00,   82989349,   89462000,    9149000,   95444858, java, iotlab1, sing, 25
entry_12625210.class,  2.20,  1.08,  1.06,  0.05,  0.00,   87574657,   95676000,   14249000,   99974443, java, iotlab1, sing, 25
entry_12625210.class,  2.17,  1.07,  1.05,  0.05,  0.00,   87275322,   92781000,   17144000,   99628375, java, iotlab1, sing, 25
entry_12625210.class,  2.16,  1.08,  1.06,  0.05,  0.00,   87143786,   96981000,   12380000,   99405975, java, iotlab1, sing, 25
entry_12625210.class,  2.25,  1.09,  1.05,  0.06,  0.00,   88486302,   93934000,   16336000,  101034831, java, iotlab1, sing, 25
entry_12625210.class,  2.18,  1.07,  1.04,  0.05,  0.00,   87124252,   99203000,   10227000,   99486749, java, iotlab1, sing, 25
entry_12625210.class,  2.20,  1.08,  1.05,  0.06,  0.00,   89908554,   97988000,   13998000,  103295457, java, iotlab1, sing, 25
entry_12625210.class,  2.19,  1.09,  1.05,  0.05,  0.00,   88366185,  100273000,   10232000,  101605767, java, iotlab1, sing, 25
entry_12625210.class,  2.17,  1.06,  1.04,  0.05,  0.00,   88383211,  100366000,   10036000,  100778186, java, iotlab1, sing, 25
entry_12625210.class,  2.18,  1.08,  1.05,  0.05,  0.00,   87807811,   98728000,   11312000,  100112430, java, iotlab1, sing, 25
entry_12625210.class,  2.21,  1.10,  1.07,  0.06,  0.00,   87992219,   99463000,   10940000,  100371343, java, iotlab1, sing, 25
entry_12689606.class,  1.28,  0.64,  0.61,  0.04,  0.00,   48156402,   50977000,   11994000,   60466387, java, iotlab1, sing, 25
entry_12689606.class,  1.27,  0.64,  0.63,  0.03,  0.00,   48347755,   48433000,   15068000,   60548656, java, iotlab1, sing, 25
entry_12689606.class,  1.28,  0.64,  0.62,  0.03,  0.00,   48591545,   52149000,   10028000,   61100798, java, iotlab1, sing, 25
entry_12689606.class,  1.27,  0.64,  0.62,  0.03,  0.00,   47931148,   50758000,   11943000,   60465237, java, iotlab1, sing, 25
entry_12689606.class,  1.30,  0.65,  0.63,  0.03,  0.00,   48887838,   49758000,   14216000,   61231274, java, iotlab1, sing, 25
entry_12689606.class,  1.28,  0.64,  0.63,  0.03,  0.00,   48385341,   50930000,   12472000,   60814761, java, iotlab1, sing, 25
entry_12689606.class,  1.24,  0.62,  0.61,  0.03,  0.00,   47725769,   51020000,   11453000,   60058896, java, iotlab1, sing, 25
entry_12689606.class,  1.27,  0.62,  0.61,  0.03,  0.00,   47830469,   52510000,   10502000,   60224515, java, iotlab1, sing, 25
entry_12689606.class,  1.28,  0.63,  0.62,  0.03,  0.00,   48095663,   47492000,   15830000,   60437233, java, iotlab1, sing, 25
entry_12689606.class,  1.31,  0.64,  0.62,  0.04,  0.00,   50770289,   51459000,   14126000,   64613483, java, iotlab1, sing, 25
entry_12729274.class,  4.41,  2.13,  2.07,  0.11,  0.00,  183330908,  203523000,   14748000,  195680863, java, iotlab1, sing, 25
entry_12729274.class,  4.33,  2.11,  2.05,  0.11,  0.00,  182854266,  202994000,   15224000,  195185049, java, iotlab1, sing, 25
entry_12729274.class,  4.38,  2.13,  2.08,  0.11,  0.00,  183844733,  206188000,   14012000,  196264362, java, iotlab1, sing, 25
entry_12729274.class,  4.35,  2.12,  2.06,  0.11,  0.00,  183332665,  208714000,    9938000,  195700713, java, iotlab1, sing, 25
entry_12729274.class,  4.36,  2.13,  2.08,  0.11,  0.00,  183358718,  204139000,   15084000,  195844238, java, iotlab1, sing, 25
entry_12729274.class,  4.33,  2.08,  2.02,  0.11,  0.00,  184609942,  205015000,   14856000,  197940844, java, iotlab1, sing, 25
entry_12729274.class,  4.35,  2.12,  2.06,  0.11,  0.00,  182782250,  205586000,   13037000,  195230993, java, iotlab1, sing, 25
entry_12729274.class,  4.30,  2.09,  2.03,  0.11,  0.00,  182464704,  207456000,    9973000,  194788186, java, iotlab1, sing, 25
entry_12729274.class,  4.37,  2.12,  2.06,  0.11,  0.00,  182735440,  204335000,   13886000,  195089594, java, iotlab1, sing, 25
entry_12729274.class,  4.57,  2.19,  2.12,  0.12,  0.00,  196578401,  201913000,   18081000,  209059116, java, iotlab1, sing, 25
entry_12729281.class,  4.37,  2.13,  2.08,  0.11,  0.00,  182854079,  203628000,   14899000,  195307674, java, iotlab1, sing, 25
entry_12729281.class,  4.41,  2.13,  2.07,  0.11,  0.00,  182831654,  206343000,   12197000,  195207013, java, iotlab1, sing, 25
entry_12729281.class,  4.38,  2.10,  2.05,  0.11,  0.00,  183866141,  206645000,   13040000,  196305081, java, iotlab1, sing, 25
entry_12729281.class,  4.32,  2.07,  2.02,  0.11,  0.00,  184609653,  206031000,   15149000,  196937103, java, iotlab1, sing, 25
entry_12729281.class,  4.38,  2.14,  2.08,  0.11,  0.00,  183675141,  211257000,    8047000,  196026807, java, iotlab1, sing, 25
entry_12729281.class,  4.38,  2.13,  2.07,  0.11,  0.00,  182504163,  205484000,   13159000,  194869383, java, iotlab1, sing, 25
entry_12729281.class,  4.35,  2.12,  2.07,  0.11,  0.00,  182991196,  204873000,   13789000,  195412664, java, iotlab1, sing, 25
entry_12729281.class,  4.33,  2.13,  2.07,  0.11,  0.00,  183000250,  207880000,   10941000,  195236927, java, iotlab1, sing, 25
entry_12729281.class,  4.35,  2.13,  2.07,  0.11,  0.00,  182656887,  208592000,    9157000,  195010284, java, iotlab1, sing, 25
entry_12729281.class,  4.35,  2.15,  2.09,  0.11,  0.00,  182737293,  203361000,   15176000,  195269338, java, iotlab1, sing, 25
entry_12808717.class,  4.36,  2.14,  2.09,  0.11,  0.00,  183050622,  204649000,   14044000,  195390723, java, iotlab1, sing, 25
entry_12808717.class,  4.35,  2.16,  2.10,  0.11,  0.00,  182591919,  203129000,   15083000,  194890554, java, iotlab1, sing, 25
entry_12808717.class,  4.90,  2.26,  2.19,  0.12,  0.00,  207012123,  211334000,   10965000,  219317666, java, iotlab1, sing, 25
entry_12808717.class,  4.51,  2.12,  2.07,  0.11,  0.00,  183763203,  207518000,   11135000,  196184406, java, iotlab1, sing, 25
entry_12808717.class,  4.41,  2.17,  2.12,  0.11,  0.00,  183369357,  202090000,   16923000,  195760006, java, iotlab1, sing, 25
entry_12808717.class,  4.38,  2.14,  2.09,  0.11,  0.00,  182940913,  202651000,   16293000,  195388811, java, iotlab1, sing, 25
entry_12808717.class,  4.39,  2.14,  2.08,  0.11,  0.00,  187305124,  203279000,   18204000,  200537269, java, iotlab1, sing, 25
entry_12808717.class,  4.42,  2.08,  2.01,  0.11,  0.00,  194462432,  206562000,   16882000,  208049209, java, iotlab1, sing, 25
entry_12808717.class,  4.36,  2.12,  2.06,  0.11,  0.00,  184756061,  202502000,   18044000,  198009473, java, iotlab1, sing, 25
entry_12808717.class,  4.35,  2.15,  2.10,  0.11,  0.00,  183744287,  208138000,   11007000,  196102512, java, iotlab1, sing, 25
entry_1305269.class, 11.35,  5.51,  5.36,  0.26,  0.00,  490378275,  496642000,   20942000,  502778708, java, iotlab1, sing, 25
entry_1305269.class, 11.44,  5.58,  5.42,  0.26,  0.00,  489230543,  502853000,   13968000,  501527019, java, iotlab1, sing, 25
entry_1305269.class, 11.11,  5.49,  5.35,  0.25,  0.00,  482956935,  498152000,   12003000,  495492743, java, iotlab1, sing, 25
entry_1305269.class, 10.87,  5.34,  5.19,  0.25,  0.00,  477120742,  483887000,   17884000,  489525431, java, iotlab1, sing, 25
entry_1305269.class, 11.36,  5.64,  5.49,  0.26,  0.00,  492527776,  511210000,    8951000,  505130482, java, iotlab1, sing, 25
entry_1305269.class, 11.41,  5.62,  5.47,  0.26,  0.00,  493463740,  507753000,   13019000,  506001272, java, iotlab1, sing, 25
entry_1305269.class, 11.31,  5.64,  5.48,  0.26,  0.00,  492700813,  509142000,   11090000,  505044052, java, iotlab1, sing, 25
entry_1305269.class, 11.28,  5.57,  5.42,  0.26,  0.00,  490944363,  497642000,   10033000,  503384048, java, iotlab1, sing, 25
entry_1305269.class, 11.31,  5.58,  5.42,  0.26,  0.00,  496550595,  509413000,   16947000,  508895429, java, iotlab1, sing, 25
entry_1305269.class, 11.36,  5.60,  5.46,  0.26,  0.00,  492970774,  503928000,   17031000,  505493816, java, iotlab1, sing, 25
entry_1305274.class,  1.76,  0.89,  0.86,  0.05,  0.00,   68096566,   68060000,   18016000,   80573680, java, iotlab1, sing, 25
entry_1305274.class,  1.78,  0.88,  0.87,  0.04,  0.00,   68553044,   75038000,   11694000,   80820547, java, iotlab1, sing, 25
entry_1305274.class,  1.78,  0.88,  0.86,  0.05,  0.00,   68323694,   75287000,   11733000,   80560501, java, iotlab1, sing, 25
entry_1305274.class,  1.75,  0.88,  0.86,  0.04,  0.00,   68192269,   73228000,   12376000,   80655609, java, iotlab1, sing, 25
entry_1305274.class,  1.72,  0.86,  0.84,  0.05,  0.00,   68191679,   73337000,   12711000,   80439218, java, iotlab1, sing, 25
entry_1305274.class,  1.76,  0.88,  0.87,  0.04,  0.00,   68489449,   75717000,   11648000,   80720199, java, iotlab1, sing, 25
entry_1305274.class,  1.78,  0.89,  0.86,  0.05,  0.00,   68919703,   71923000,   14778000,   81301595, java, iotlab1, sing, 25
entry_1305274.class,  1.73,  0.87,  0.85,  0.04,  0.00,   68243889,   72714000,   12646000,   80531158, java, iotlab1, sing, 25
entry_1305274.class,  1.80,  0.89,  0.86,  0.05,  0.00,   68388513,   77615000,    9191000,   80782475, java, iotlab1, sing, 25
entry_1305274.class,  1.77,  0.87,  0.85,  0.04,  0.00,   68287801,   70972000,   15555000,   80731614, java, iotlab1, sing, 25
entry_13357978.class,  4.99,  2.39,  2.33,  0.12,  0.00,  220614324,  225791000,   10893000,  232990072, java, iotlab1, sing, 25
entry_13357978.class,  5.05,  2.41,  2.34,  0.12,  0.00,  220332799,  223321000,   13018000,  232632339, java, iotlab1, sing, 25
entry_13357978.class,  4.98,  2.36,  2.29,  0.12,  0.00,  222179256,  224477000,   14029000,  235566619, java, iotlab1, sing, 25
entry_13357978.class,  4.99,  2.37,  2.31,  0.12,  0.00,  220054663,  225930000,   10177000,  232399880, java, iotlab1, sing, 25
entry_13357978.class,  4.95,  2.39,  2.32,  0.12,  0.00,  220343568,  221215000,   15014000,  232567850, java, iotlab1, sing, 25
entry_13357978.class,  4.96,  2.40,  2.33,  0.12,  0.00,  219715863,  221640000,   14040000,  232060690, java, iotlab1, sing, 25
entry_13357978.class,  5.00,  2.40,  2.33,  0.12,  0.00,  220446035,  229685000,    6070000,  232948940, java, iotlab1, sing, 25
entry_13357978.class,  4.98,  2.38,  2.31,  0.12,  0.00,  220782079,  219590000,   14904000,  233076380, java, iotlab1, sing, 25
entry_13357978.class,  5.00,  2.38,  2.31,  0.12,  0.00,  220360745,  224437000,   11969000,  232709950, java, iotlab1, sing, 25
entry_13357978.class,  5.00,  2.37,  2.30,  0.12,  0.00,  220170242,  224306000,   12016000,  232619323, java, iotlab1, sing, 25
entry_1342264.class,  4.83,  2.52,  2.47,  0.10,  0.00,  161839669,  168393000,   10144000,  175370215, java, iotlab1, sing, 25
entry_1342264.class,  3.69,  1.75,  1.69,  0.09,  0.00,  157414171,  160683000,   13886000,  170932420, java, iotlab1, sing, 25
entry_1342264.class,  3.68,  1.78,  1.73,  0.09,  0.00,  155844753,  164101000,    9060000,  168360310, java, iotlab1, sing, 25
entry_1342264.class,  3.73,  1.79,  1.73,  0.09,  0.00,  156130870,  158094000,   15008000,  168589696, java, iotlab1, sing, 25
entry_1342264.class,  3.69,  1.76,  1.72,  0.09,  0.00,  156953728,  161418000,   12795000,  170439550, java, iotlab1, sing, 25
entry_1342264.class,  3.64,  1.78,  1.74,  0.09,  0.00,  155515709,  162411000,   10150000,  167796040, java, iotlab1, sing, 25
entry_1342264.class,  3.65,  1.77,  1.73,  0.09,  0.00,  156049441,  164982000,    7999000,  168413176, java, iotlab1, sing, 25
entry_1342264.class,  3.67,  1.78,  1.74,  0.09,  0.00,  156227976,  155723000,   17518000,  168574900, java, iotlab1, sing, 25
entry_1342264.class,  5.22,  2.76,  2.71,  0.12,  0.00,  166158071,  164797000,   15788000,  178673790, java, iotlab1, sing, 25
entry_1342264.class,  3.67,  1.75,  1.71,  0.09,  0.00,  156627679,  162372000,   11163000,  169178683, java, iotlab1, sing, 25
entry_13534261.class,  2.68,  1.33,  1.31,  0.07,  0.00,  106451639,  120734000,   14967000,  118697005, java, iotlab1, sing, 25
entry_13534261.class,  2.74,  1.37,  1.33,  0.07,  0.00,  106656879,  117482000,   18916000,  118957332, java, iotlab1, sing, 25
entry_13534261.class,  2.71,  1.32,  1.29,  0.07,  0.00,  108476909,  122236000,   15772000,  121531458, java, iotlab1, sing, 25
entry_13534261.class,  2.69,  1.34,  1.31,  0.07,  0.00,  106285661,  126071000,   10085000,  118899107, java, iotlab1, sing, 25
entry_13534261.class,  2.75,  1.35,  1.32,  0.07,  0.00,  107966546,  125797000,    9130000,  120419735, java, iotlab1, sing, 25
entry_13534261.class,  2.73,  1.35,  1.32,  0.07,  0.00,  106332105,  116344000,   20059000,  118867361, java, iotlab1, sing, 25
entry_13534261.class,  2.71,  1.35,  1.32,  0.07,  0.00,  106148592,  120367000,   16183000,  118569079, java, iotlab1, sing, 25
entry_13534261.class,  2.77,  1.36,  1.33,  0.07,  0.00,  108748342,  123275000,   16035000,  121707416, java, iotlab1, sing, 25
entry_13534261.class,  2.77,  1.18,  1.14,  0.08,  0.00,  130248158,  141428000,   18183000,  145552432, java, iotlab1, sing, 25
entry_13534261.class,  2.74,  1.37,  1.33,  0.07,  0.00,  106790547,  121964000,   14873000,  119187537, java, iotlab1, sing, 25
entry_13553699.class,  2.99,  1.48,  1.44,  0.08,  0.00,  119008722,  128029000,   20004000,  131420011, java, iotlab1, sing, 25
entry_13553699.class,  3.04,  1.32,  1.28,  0.08,  0.00,  133205151,  150238000,   20621000,  148478787, java, iotlab1, sing, 25
entry_13553699.class,  3.05,  1.47,  1.43,  0.07,  0.00,  118061588,  134859000,   12704000,  130336823, java, iotlab1, sing, 25
entry_13553699.class,  3.01,  1.50,  1.46,  0.07,  0.00,  118837246,  127540000,   21089000,  131168645, java, iotlab1, sing, 25
entry_13553699.class,  2.97,  1.48,  1.44,  0.08,  0.00,  119000562,  127507000,   19923000,  131412108, java, iotlab1, sing, 25
entry_13553699.class,  2.95,  1.46,  1.43,  0.08,  0.00,  118402912,  133197000,   13813000,  130836235, java, iotlab1, sing, 25
entry_13553699.class,  2.99,  1.48,  1.43,  0.08,  0.00,  118669608,  131081000,   16385000,  131087626, java, iotlab1, sing, 25
entry_13553699.class,  2.96,  1.47,  1.44,  0.07,  0.00,  118653310,  134542000,   14378000,  131001646, java, iotlab1, sing, 25
entry_13553699.class,  2.99,  1.47,  1.44,  0.07,  0.00,  119076235,  134860000,   13882000,  131420384, java, iotlab1, sing, 25
entry_13553699.class,  2.96,  1.47,  1.43,  0.08,  0.00,  118090835,  134462000,   12853000,  130485258, java, iotlab1, sing, 25
entry_13590433.class,  2.53,  1.22,  1.20,  0.06,  0.00,  105697801,  106641000,   15511000,  118116915, java, iotlab1, sing, 25
entry_13590433.class,  2.52,  1.22,  1.20,  0.06,  0.00,  105570044,  110763000,   11076000,  117938493, java, iotlab1, sing, 25
entry_13590433.class,  2.54,  1.23,  1.19,  0.06,  0.00,  107130158,  110507000,   13060000,  120227739, java, iotlab1, sing, 25
entry_13590433.class,  2.51,  1.21,  1.18,  0.06,  0.00,  105850087,  108499000,   13433000,  118507440, java, iotlab1, sing, 25
entry_13590433.class,  2.51,  1.22,  1.19,  0.06,  0.00,  105659730,  112008000,   10182000,  118128204, java, iotlab1, sing, 25
entry_13590433.class,  2.54,  1.24,  1.21,  0.06,  0.00,  105922428,  109377000,   12809000,  118379512, java, iotlab1, sing, 25
entry_13590433.class,  2.54,  1.24,  1.20,  0.06,  0.00,  105401057,  108649000,   13200000,  117800804, java, iotlab1, sing, 25
entry_13590433.class,  2.88,  1.29,  1.26,  0.07,  0.00,  126230135,  110473000,   11836000,  138694565, java, iotlab1, sing, 25
entry_13590433.class,  2.51,  1.22,  1.19,  0.06,  0.00,  106593420,  111255000,   11920000,  119475271, java, iotlab1, sing, 25
entry_13590433.class,  2.54,  1.26,  1.23,  0.06,  0.00,  105902804,  109231000,   13027000,  118370593, java, iotlab1, sing, 25
entry_13831808.class,  4.19,  2.03,  1.97,  0.10,  0.00,  180626082,  186862000,   11232000,  192874891, java, iotlab1, sing, 25
entry_13831808.class,  4.17,  2.02,  1.98,  0.10,  0.00,  180593727,  184118000,   14009000,  192956354, java, iotlab1, sing, 25
entry_13831808.class,  4.22,  2.05,  2.00,  0.10,  0.00,  182153187,  188143000,   10950000,  194512350, java, iotlab1, sing, 25
entry_13831808.class,  4.18,  2.03,  1.98,  0.10,  0.00,  181459196,  184554000,   14963000,  193858273, java, iotlab1, sing, 25
entry_13831808.class,  4.14,  2.00,  1.95,  0.10,  0.00,  181596731,  187767000,   10095000,  193896388, java, iotlab1, sing, 25
entry_13831808.class,  4.18,  2.04,  1.98,  0.10,  0.00,  181110297,  188438000,   10909000,  193660521, java, iotlab1, sing, 25
entry_13831808.class,  4.20,  2.02,  1.96,  0.10,  0.00,  182992726,  187609000,   13183000,  196367166, java, iotlab1, sing, 25
entry_13831808.class,  4.18,  2.02,  1.96,  0.10,  0.00,  181328781,  177548000,   21461000,  193590637, java, iotlab1, sing, 25
entry_13831808.class,  4.14,  2.00,  1.95,  0.10,  0.00,  180979992,  185712000,   13050000,  193264289, java, iotlab1, sing, 25
entry_13831808.class,  4.18,  2.03,  1.97,  0.10,  0.00,  181569224,  186343000,   13165000,  193972806, java, iotlab1, sing, 25
entry_1394836.class,  2.35,  1.18,  1.14,  0.06,  0.00,   95951715,   99456000,   12929000,  108391671, java, iotlab1, sing, 25
entry_1394836.class,  2.41,  1.20,  1.17,  0.06,  0.00,   98017920,  103504000,    9764000,  110351908, java, iotlab1, sing, 25
entry_1394836.class,  2.36,  1.17,  1.14,  0.06,  0.00,   96252126,   98523000,   13656000,  108671762, java, iotlab1, sing, 25
entry_1394836.class,  2.32,  1.13,  1.10,  0.06,  0.00,   95847202,   98521000,   12680000,  108154301, java, iotlab1, sing, 25
entry_1394836.class,  2.38,  1.17,  1.14,  0.06,  0.00,   96825045,  105586000,    6907000,  109248904, java, iotlab1, sing, 25
entry_1394836.class,  2.35,  1.16,  1.14,  0.06,  0.00,   96187105,   97527000,   14927000,  108622670, java, iotlab1, sing, 25
entry_1394836.class,  2.35,  1.18,  1.15,  0.06,  0.00,   96200166,  104208000,    7864000,  108641687, java, iotlab1, sing, 25
entry_1394836.class,  2.38,  1.18,  1.15,  0.06,  0.00,   96707767,  101028000,   11885000,  109287339, java, iotlab1, sing, 25
entry_1394836.class,  2.35,  1.17,  1.14,  0.06,  0.00,   96241984,   99727000,   12211000,  108676837, java, iotlab1, sing, 25
entry_1394836.class,  2.38,  1.19,  1.15,  0.06,  0.00,   96323019,  102281000,   10126000,  108813655, java, iotlab1, sing, 25
entry_1394860.class,  2.33,  1.13,  1.10,  0.06,  0.00,   93918600,   94060000,   15676000,  106224024, java, iotlab1, sing, 25
entry_1394860.class,  2.50,  1.17,  1.14,  0.06,  0.00,  108941778,   97413000,   11399000,  121471908, java, iotlab1, sing, 25
entry_1394860.class,  2.27,  1.08,  1.05,  0.06,  0.00,   95701361,   99643000,   11957000,  108894880, java, iotlab1, sing, 25
entry_1394860.class,  2.27,  1.09,  1.07,  0.06,  0.00,   95125812,   99305000,   10815000,  107670847, java, iotlab1, sing, 25
entry_1394860.class,  2.28,  1.12,  1.09,  0.06,  0.00,   93973378,   96135000,   13295000,  106305865, java, iotlab1, sing, 25
entry_1394860.class,  2.28,  1.11,  1.08,  0.06,  0.00,   93505575,   98730000,   10074000,  105958002, java, iotlab1, sing, 25
entry_1394860.class,  2.29,  1.13,  1.11,  0.06,  0.00,   94510692,   98805000,   10868000,  106917939, java, iotlab1, sing, 25
entry_1394860.class,  2.27,  1.12,  1.09,  0.06,  0.00,   93398783,   96339000,   12650000,  105774152, java, iotlab1, sing, 25
entry_1394860.class,  2.31,  1.13,  1.10,  0.06,  0.00,   94810723,   99623000,    9437000,  107379638, java, iotlab1, sing, 25
entry_1394860.class,  2.26,  1.11,  1.09,  0.06,  0.00,   93391907,   96578000,   11947000,  105819058, java, iotlab1, sing, 25
entry_14063462.class,  5.10,  2.48,  2.41,  0.12,  0.00,  217158199,  236112000,   11904000,  229554325, java, iotlab1, sing, 25
entry_14063462.class,  5.14,  2.51,  2.45,  0.12,  0.00,  217438566,  230459000,   17108000,  229859135, java, iotlab1, sing, 25
entry_14063462.class,  5.12,  2.52,  2.46,  0.12,  0.00,  217416990,  237064000,   10910000,  230074993, java, iotlab1, sing, 25
entry_14063462.class,  5.11,  2.54,  2.48,  0.12,  0.00,  217679308,  234339000,   12963000,  230083884, java, iotlab1, sing, 25
entry_14063462.class,  5.10,  2.50,  2.43,  0.13,  0.00,  218740742,  233233000,   15879000,  231862365, java, iotlab1, sing, 25
entry_14063462.class,  5.06,  2.44,  2.38,  0.13,  0.00,  219166823,  238530000,   11926000,  232880394, java, iotlab1, sing, 25
entry_14063462.class,  5.09,  2.49,  2.43,  0.12,  0.00,  217122725,  234628000,   12979000,  229289526, java, iotlab1, sing, 25
entry_14063462.class,  5.10,  2.49,  2.43,  0.12,  0.00,  216967761,  229911000,   17294000,  229292294, java, iotlab1, sing, 25
entry_14063462.class,  5.06,  2.47,  2.40,  0.12,  0.00,  216690181,  227787000,   18982000,  228889158, java, iotlab1, sing, 25
entry_14063462.class,  5.15,  2.52,  2.45,  0.13,  0.00,  217982096,  235772000,   11937000,  230422500, java, iotlab1, sing, 25
entry_14085353.class,  4.81,  2.35,  2.28,  0.12,  0.00,  201981452,  216382000,   17189000,  214323842, java, iotlab1, sing, 25
entry_14085353.class,  4.93,  2.36,  2.29,  0.12,  0.00,  214900273,  221214000,   14013000,  227804225, java, iotlab1, sing, 25
entry_14085353.class,  4.79,  2.31,  2.25,  0.12,  0.00,  202033882,  222703000,    9897000,  214451296, java, iotlab1, sing, 25
entry_14085353.class,  4.88,  2.33,  2.27,  0.12,  0.00,  202068963,  217019000,   15928000,  214566273, java, iotlab1, sing, 25
entry_14085353.class,  4.75,  2.31,  2.25,  0.12,  0.00,  201538937,  216894000,   15202000,  213901418, java, iotlab1, sing, 25
entry_14085353.class,  4.78,  2.32,  2.26,  0.12,  0.00,  201723747,  213414000,   18948000,  214153452, java, iotlab1, sing, 25
entry_14085353.class,  4.77,  2.32,  2.26,  0.12,  0.00,  201669849,  218711000,   13855000,  214030490, java, iotlab1, sing, 25
entry_14085353.class,  4.74,  2.27,  2.21,  0.12,  0.00,  204724975,  215302000,   20121000,  217899466, java, iotlab1, sing, 25
entry_14085353.class,  4.77,  2.33,  2.27,  0.12,  0.00,  201795978,  217599000,   15825000,  214351454, java, iotlab1, sing, 25
entry_14085353.class,  4.76,  2.31,  2.25,  0.12,  0.00,  202220872,  218913000,   14123000,  214623552, java, iotlab1, sing, 25
entry_14085986.class,  4.80,  2.34,  2.27,  0.12,  0.00,  201827377,  219115000,   14007000,  214062939, java, iotlab1, sing, 25
entry_14085986.class,  4.76,  2.33,  2.26,  0.12,  0.00,  201925528,  221663000,   11083000,  214381681, java, iotlab1, sing, 25
entry_14085986.class,  4.77,  2.34,  2.27,  0.12,  0.00,  201721306,  214225000,   17935000,  214020576, java, iotlab1, sing, 25
entry_14085986.class,  4.77,  2.34,  2.28,  0.12,  0.00,  202500996,  217415000,   16179000,  214902441, java, iotlab1, sing, 25
entry_14085986.class,  4.74,  2.32,  2.27,  0.12,  0.00,  201884857,  220870000,   11992000,  214347166, java, iotlab1, sing, 25
entry_14085986.class,  4.76,  2.33,  2.27,  0.12,  0.00,  202165763,  219693000,   12864000,  214600479, java, iotlab1, sing, 25
entry_14085986.class,  4.78,  2.34,  2.27,  0.12,  0.00,  203732372,  215725000,   18490000,  216983990, java, iotlab1, sing, 25
entry_14085986.class,  4.72,  2.25,  2.20,  0.12,  0.00,  207626120,  220973000,   20180000,  222898965, java, iotlab1, sing, 25
entry_14085986.class,  4.73,  2.30,  2.24,  0.12,  0.00,  201049963,  219044000,   12943000,  213503954, java, iotlab1, sing, 25
entry_14085986.class,  4.79,  2.34,  2.28,  0.12,  0.00,  202192523,  221664000,   11822000,  214479384, java, iotlab1, sing, 25
entry_14086143.class,  4.78,  2.33,  2.27,  0.12,  0.00,  202033958,  222198000,   11109000,  214441342, java, iotlab1, sing, 25
entry_14086143.class,  4.77,  2.31,  2.25,  0.12,  0.00,  203380960,  220831000,   14052000,  216541156, java, iotlab1, sing, 25
entry_14086143.class,  4.76,  2.30,  2.23,  0.12,  0.00,  204089783,  219165000,   15867000,  217319311, java, iotlab1, sing, 25
entry_14086143.class,  4.72,  2.18,  2.11,  0.12,  0.00,  212391574,  230207000,   18174000,  228573916, java, iotlab1, sing, 25
entry_14086143.class,  4.69,  2.28,  2.22,  0.12,  0.00,  201582071,  219536000,   12972000,  214288847, java, iotlab1, sing, 25
entry_14086143.class,  4.75,  2.34,  2.27,  0.12,  0.00,  201519047,  216638000,   16350000,  213813665, java, iotlab1, sing, 25
entry_14086143.class,  4.74,  2.33,  2.27,  0.12,  0.00,  201418558,  223853000,    7994000,  213944503, java, iotlab1, sing, 25
entry_14086143.class,  4.76,  2.32,  2.26,  0.12,  0.00,  201534924,  216714000,   15689000,  213917634, java, iotlab1, sing, 25
entry_14086143.class,  4.74,  2.33,  2.27,  0.12,  0.00,  201857486,  215770000,   16749000,  214201385, java, iotlab1, sing, 25
entry_14086143.class,  4.75,  2.33,  2.27,  0.12,  0.00,  202260104,  226172000,    6794000,  214514409, java, iotlab1, sing, 25
entry_1419494.class,  2.14,  1.05,  1.03,  0.05,  0.00,   87403171,   93188000,   10129000,  100044519, java, iotlab1, sing, 25
entry_1419494.class,  2.12,  1.06,  1.03,  0.05,  0.00,   85489843,   89772000,   12824000,   97814137, java, iotlab1, sing, 25
entry_1419494.class,  2.12,  1.06,  1.03,  0.05,  0.00,   85649151,   93525000,    9352000,   98072351, java, iotlab1, sing, 25
entry_1419494.class,  2.12,  1.06,  1.03,  0.05,  0.00,   86331364,   90483000,   11931000,   98824633, java, iotlab1, sing, 25
entry_1419494.class,  2.11,  1.04,  1.01,  0.05,  0.00,   84818521,   89140000,   13020000,   97189666, java, iotlab1, sing, 25
entry_1419494.class,  2.11,  1.05,  1.03,  0.05,  0.00,   86777828,   87579000,   15744000,   99204052, java, iotlab1, sing, 25
entry_1419494.class,  2.09,  1.03,  1.01,  0.05,  0.00,   85003211,   88310000,   14049000,   97300374, java, iotlab1, sing, 25
entry_1419494.class,  2.11,  1.04,  1.01,  0.05,  0.00,   86267797,   90369000,   11916000,   98727016, java, iotlab1, sing, 25
entry_1419494.class,  2.11,  1.04,  1.01,  0.05,  0.00,   85971213,   91079000,   11384000,   98236980, java, iotlab1, sing, 25
entry_1419494.class,  2.09,  1.03,  1.01,  0.05,  0.00,   85185540,   87957000,   14498000,   97421925, java, iotlab1, sing, 25
entry_1434923.class,  4.57,  2.17,  2.10,  0.11,  0.00,  200241112,  193938000,   13131000,  212709366, java, iotlab1, sing, 25
entry_1434923.class,  4.40,  2.13,  2.07,  0.11,  0.00,  191040643,  195330000,   12889000,  203329379, java, iotlab1, sing, 25
entry_1434923.class,  4.41,  2.12,  2.06,  0.11,  0.00,  191859352,  190648000,   16968000,  204102405, java, iotlab1, sing, 25
entry_1434923.class,  4.45,  2.13,  2.07,  0.11,  0.00,  193613530,  196500000,   14180000,  206794740, java, iotlab1, sing, 25
entry_1434923.class,  4.41,  2.15,  2.09,  0.11,  0.00,  191025045,  197327000,   11018000,  203548757, java, iotlab1, sing, 25
entry_1434923.class,  4.42,  2.15,  2.09,  0.11,  0.00,  191925450,  196509000,   12902000,  204589162, java, iotlab1, sing, 25
entry_1434923.class,  4.39,  2.13,  2.07,  0.11,  0.00,  190874200,  193856000,   13917000,  203302206, java, iotlab1, sing, 25
entry_1434923.class,  4.39,  2.13,  2.07,  0.11,  0.00,  191435197,  196606000,   11796000,  203782677, java, iotlab1, sing, 25
entry_1434923.class,  4.40,  2.15,  2.10,  0.11,  0.00,  191041561,  201167000,    7076000,  203435315, java, iotlab1, sing, 25
entry_1434923.class,  4.43,  2.15,  2.09,  0.11,  0.00,  191501610,  196365000,   12146000,  204077540, java, iotlab1, sing, 25
entry_14443751.class,  3.37,  1.63,  1.58,  0.08,  0.00,  144785853,  148237000,   12267000,  157209415, java, iotlab1, sing, 25
entry_14443751.class,  3.34,  1.62,  1.57,  0.08,  0.00,  144456331,  145325000,   14128000,  156765824, java, iotlab1, sing, 25
entry_14443751.class,  3.32,  1.60,  1.55,  0.08,  0.00,  145736006,  145930000,   14790000,  159094836, java, iotlab1, sing, 25
entry_14443751.class,  3.31,  1.60,  1.55,  0.08,  0.00,  143318953,  149078000,    9938000,  156004370, java, iotlab1, sing, 25
entry_14443751.class,  3.33,  1.61,  1.56,  0.08,  0.00,  143595780,  147707000,   11895000,  156015199, java, iotlab1, sing, 25
entry_14443751.class,  3.29,  1.60,  1.57,  0.08,  0.00,  143604818,  148583000,    9972000,  155998499, java, iotlab1, sing, 25
entry_14443751.class,  3.32,  1.63,  1.58,  0.08,  0.00,  143888162,  146514000,   12957000,  156327302, java, iotlab1, sing, 25
entry_14443751.class,  3.31,  1.62,  1.59,  0.08,  0.00,  145688289,  145508000,   12868000,  158122077, java, iotlab1, sing, 25
entry_14443751.class,  3.34,  1.64,  1.59,  0.08,  0.00,  143771251,  143202000,   16249000,  156118730, java, iotlab1, sing, 25
entry_14443751.class,  3.34,  1.63,  1.58,  0.08,  0.00,  144496327,  144025000,   14899000,  157005677, java, iotlab1, sing, 25
entry_14585535.class,  2.71,  1.36,  1.33,  0.07,  0.00,  105906967,  117442000,   17764000,  118314902, java, iotlab1, sing, 25
entry_14585535.class,  2.73,  1.38,  1.35,  0.07,  0.00,  107509537,  118061000,   18850000,  119962379, java, iotlab1, sing, 25
entry_14585535.class,  2.70,  1.35,  1.32,  0.07,  0.00,  106782961,  123581000,   12852000,  119184820, java, iotlab1, sing, 25
entry_14585535.class,  2.78,  1.39,  1.36,  0.07,  0.00,  111239381,  122052000,   14006000,  123570081, java, iotlab1, sing, 25
entry_14585535.class,  2.73,  1.37,  1.33,  0.07,  0.00,  106358902,  118400000,   16773000,  118707159, java, iotlab1, sing, 25
entry_14585535.class,  2.85,  1.39,  1.35,  0.07,  0.00,  108385560,  123546000,   13837000,  120751714, java, iotlab1, sing, 25
entry_14585535.class,  2.77,  1.31,  1.28,  0.07,  0.00,  108200900,  122700000,   16224000,  120537033, java, iotlab1, sing, 25
entry_14585535.class,  2.77,  1.36,  1.34,  0.07,  0.00,  106614954,  119477000,   16925000,  118910187, java, iotlab1, sing, 25
entry_14585535.class,  2.76,  1.35,  1.32,  0.07,  0.00,  106397476,  120631000,   14711000,  118933514, java, iotlab1, sing, 25
entry_14585535.class,  2.73,  1.37,  1.33,  0.07,  0.00,  107136556,  122394000,   13818000,  119669424, java, iotlab1, sing, 25
entry_14585541.class,  2.72,  1.36,  1.33,  0.07,  0.00,  106134313,  122598000,   12853000,  118441757, java, iotlab1, sing, 25
entry_14585541.class,  2.74,  1.35,  1.31,  0.07,  0.00,  106220903,  121251000,   15031000,  118690680, java, iotlab1, sing, 25
entry_14585541.class,  2.72,  1.36,  1.32,  0.07,  0.00,  106170744,  128170000,    8073000,  118606866, java, iotlab1, sing, 25
entry_14585541.class,  2.73,  1.38,  1.34,  0.07,  0.00,  106484699,  119629000,   16807000,  118800984, java, iotlab1, sing, 25
entry_14585541.class,  2.77,  1.38,  1.34,  0.07,  0.00,  108814139,  122590000,   13953000,  121041241, java, iotlab1, sing, 25
entry_14585541.class,  2.71,  1.36,  1.33,  0.07,  0.00,  106023815,  118558000,   17080000,  118381236, java, iotlab1, sing, 25
entry_14585541.class,  2.71,  1.35,  1.32,  0.07,  0.00,  106336363,  119136000,   16600000,  118682209, java, iotlab1, sing, 25
entry_14585541.class,  2.72,  1.37,  1.34,  0.07,  0.00,  106791488,  120851000,   15233000,  119080601, java, iotlab1, sing, 25
entry_14585541.class,  2.73,  1.37,  1.34,  0.07,  0.00,  106947862,  124245000,   12220000,  119222611, java, iotlab1, sing, 25
entry_14585541.class,  2.75,  1.38,  1.34,  0.07,  0.00,  106770233,  117227000,   19201000,  119185831, java, iotlab1, sing, 25
entry_14585544.class,  2.73,  1.37,  1.33,  0.07,  0.00,  106504176,  126728000,    9978000,  118801593, java, iotlab1, sing, 25
entry_14585544.class,  2.77,  1.36,  1.32,  0.07,  0.00,  110320170,  127263000,   13235000,  123764556, java, iotlab1, sing, 25
entry_14585544.class,  2.71,  1.36,  1.33,  0.07,  0.00,  106286833,  125932000,   10322000,  118453301, java, iotlab1, sing, 25
entry_14585544.class,  2.74,  1.38,  1.34,  0.07,  0.00,  106664473,  119836000,   17119000,  119116383, java, iotlab1, sing, 25
entry_14585544.class,  2.74,  1.38,  1.35,  0.07,  0.00,  106941773,  122980000,   14347000,  119433285, java, iotlab1, sing, 25
entry_14585544.class,  2.70,  1.34,  1.31,  0.07,  0.00,  107354243,  128253000,    9088000,  119637712, java, iotlab1, sing, 25
entry_14585544.class,  2.75,  1.39,  1.35,  0.07,  0.00,  107071234,  122141000,   15141000,  119478702, java, iotlab1, sing, 25
entry_14585544.class,  2.72,  1.36,  1.33,  0.07,  0.00,  107106452,  128674000,    8105000,  119270129, java, iotlab1, sing, 25
entry_14585544.class,  2.76,  1.37,  1.33,  0.07,  0.00,  107673595,  122050000,   15256000,  119939086, java, iotlab1, sing, 25
entry_14585544.class,  2.71,  1.35,  1.32,  0.07,  0.00,  106884251,  123515000,   13380000,  119305799, java, iotlab1, sing, 25
entry_14585618.class,  2.79,  1.37,  1.32,  0.07,  0.00,  110221888,  114475000,   23482000,  123588362, java, iotlab1, sing, 25
entry_14585618.class,  2.69,  1.28,  1.25,  0.07,  0.00,  111149320,  130813000,   12075000,  125474013, java, iotlab1, sing, 25
entry_14585618.class,  2.74,  1.37,  1.33,  0.07,  0.00,  106316977,  120336000,   15297000,  118812984, java, iotlab1, sing, 25
entry_14585618.class,  2.71,  1.34,  1.32,  0.07,  0.00,  106432548,  127127000,    9009000,  118767902, java, iotlab1, sing, 25
entry_14585618.class,  2.72,  1.36,  1.32,  0.07,  0.00,  106816463,  124494000,   10039000,  119131908, java, iotlab1, sing, 25
entry_14585618.class,  2.70,  1.34,  1.32,  0.07,  0.00,  106847191,  124210000,   10930000,  119116896, java, iotlab1, sing, 25
entry_14585618.class,  2.70,  1.35,  1.32,  0.07,  0.00,  106172464,  121647000,   14074000,  118657310, java, iotlab1, sing, 25
entry_14585618.class,  2.78,  1.36,  1.32,  0.07,  0.00,  109651429,  125907000,   14101000,  123125620, java, iotlab1, sing, 25
entry_14585618.class,  2.73,  1.36,  1.32,  0.07,  0.00,  106678545,  124632000,   11964000,  119338755, java, iotlab1, sing, 25
entry_14585618.class,  2.74,  1.36,  1.32,  0.07,  0.00,  106688268,  123708000,   12969000,  119007451, java, iotlab1, sing, 25
entry_14585626.class,  2.74,  1.37,  1.34,  0.07,  0.00,  106100571,  126427000,    9176000,  118558837, java, iotlab1, sing, 25
entry_14585626.class,  2.71,  1.35,  1.32,  0.07,  0.00,  105907051,  124264000,   11296000,  118482821, java, iotlab1, sing, 25
entry_14585626.class,  2.71,  1.35,  1.32,  0.07,  0.00,  105816178,  119575000,   15811000,  118121013, java, iotlab1, sing, 25
entry_14585626.class,  2.71,  1.35,  1.32,  0.07,  0.00,  105991923,  125489000,   10202000,  118441014, java, iotlab1, sing, 25
entry_14585626.class,  2.71,  1.35,  1.31,  0.07,  0.00,  105907329,  123916000,   11265000,  118335109, java, iotlab1, sing, 25
entry_14585626.class,  2.72,  1.35,  1.31,  0.07,  0.00,  106472610,  122906000,   11990000,  118819391, java, iotlab1, sing, 25
entry_14585626.class,  2.71,  1.35,  1.32,  0.07,  0.00,  105890803,  116041000,   19172000,  118079894, java, iotlab1, sing, 25
entry_14585626.class,  2.71,  1.36,  1.33,  0.07,  0.00,  106400977,  124884000,   11168000,  118815165, java, iotlab1, sing, 25
entry_14585626.class,  2.75,  1.37,  1.33,  0.07,  0.00,  106504067,  118057000,   17857000,  118991072, java, iotlab1, sing, 25
entry_14585626.class,  2.71,  1.35,  1.32,  0.07,  0.00,  105986200,  122809000,   12875000,  118362933, java, iotlab1, sing, 25
entry_1463695.class,  4.61,  2.21,  2.14,  0.11,  0.00,  199708286,  205748000,   10036000,  212887939, java, iotlab1, sing, 25
entry_1463695.class,  4.57,  2.19,  2.13,  0.11,  0.00,  198070043,  197627000,   16967000,  210631555, java, iotlab1, sing, 25
entry_1463695.class,  4.54,  2.15,  2.08,  0.11,  0.00,  199592543,  201838000,   15137000,  211868870, java, iotlab1, sing, 25
entry_1463695.class,  4.58,  2.22,  2.16,  0.11,  0.00,  198143723,  202396000,   12083000,  210369321, java, iotlab1, sing, 25
entry_1463695.class,  4.57,  2.22,  2.16,  0.11,  0.00,  198011821,  200437000,   13960000,  210350200, java, iotlab1, sing, 25
entry_1463695.class,  4.58,  2.22,  2.17,  0.11,  0.00,  198314787,  203983000,   11107000,  210565327, java, iotlab1, sing, 25
entry_1463695.class,  4.60,  2.25,  2.19,  0.11,  0.00,  198476818,  201498000,   13097000,  210829020, java, iotlab1, sing, 25
entry_1463695.class,  4.60,  2.25,  2.19,  0.11,  0.00,  198967424,  201258000,   13879000,  211367999, java, iotlab1, sing, 25
entry_1463695.class,  4.60,  2.24,  2.18,  0.11,  0.00,  198657460,  205379000,    9150000,  210981883, java, iotlab1, sing, 25
entry_1463695.class,  4.79,  2.26,  2.20,  0.11,  0.00,  199144049,  201029000,   14781000,  211693178, java, iotlab1, sing, 25
entry_1463731.class,  4.61,  2.25,  2.18,  0.11,  0.00,  198828291,  201178000,   13076000,  211228776, java, iotlab1, sing, 25
entry_1463731.class,  4.57,  2.24,  2.19,  0.11,  0.00,  198389922,  204889000,    9994000,  210784397, java, iotlab1, sing, 25
entry_1463731.class,  4.57,  2.21,  2.15,  0.11,  0.00,  198222564,  202960000,   12057000,  210546002, java, iotlab1, sing, 25
entry_1463731.class,  4.58,  2.22,  2.16,  0.11,  0.00,  197847982,  204393000,    9970000,  210037870, java, iotlab1, sing, 25
entry_1463731.class,  4.60,  2.24,  2.17,  0.11,  0.00,  198668471,  206451000,    8976000,  211008360, java, iotlab1, sing, 25
entry_1463731.class,  4.57,  2.24,  2.17,  0.11,  0.00,  198312777,  201953000,   12806000,  210609205, java, iotlab1, sing, 25
entry_1463731.class,  4.56,  2.22,  2.16,  0.11,  0.00,  199743960,  207308000,    8050000,  212827798, java, iotlab1, sing, 25
entry_1463731.class,  4.54,  2.21,  2.15,  0.11,  0.00,  198033171,  199357000,   14803000,  210646248, java, iotlab1, sing, 25
entry_1463731.class,  4.58,  2.26,  2.21,  0.11,  0.00,  198624754,  202005000,   13000000,  210926296, java, iotlab1, sing, 25
entry_1463731.class,  4.59,  2.25,  2.18,  0.11,  0.00,  198121802,  203601000,   10978000,  210520863, java, iotlab1, sing, 25
entry_14861896.class,  2.33,  1.15,  1.11,  0.06,  0.00,   96680627,  104400000,    8030000,  108921512, java, iotlab1, sing, 25
entry_14861896.class,  2.31,  1.13,  1.10,  0.06,  0.00,   98499039,   98927000,   14426000,  110694788, java, iotlab1, sing, 25
entry_14861896.class,  2.31,  1.14,  1.12,  0.06,  0.00,   96367827,  102972000,    9901000,  108675792, java, iotlab1, sing, 25
entry_14861896.class,  2.33,  1.14,  1.11,  0.06,  0.00,   97071296,  101529000,   11944000,  109345445, java, iotlab1, sing, 25
entry_14861896.class,  2.34,  1.14,  1.10,  0.06,  0.00,   97301246,  103667000,    8462000,  109638005, java, iotlab1, sing, 25
entry_14861896.class,  2.30,  1.12,  1.09,  0.06,  0.00,   96844268,   98875000,   13982000,  109117838, java, iotlab1, sing, 25
entry_14861896.class,  2.32,  1.13,  1.10,  0.06,  0.00,   96571639,  103969000,    8911000,  108969794, java, iotlab1, sing, 25
entry_14861896.class,  2.33,  1.13,  1.10,  0.06,  0.00,   96480104,  102660000,   10266000,  108817409, java, iotlab1, sing, 25
entry_14861896.class,  2.32,  1.13,  1.10,  0.06,  0.00,   97338308,  102583000,   10955000,  109825824, java, iotlab1, sing, 25
entry_14861896.class,  2.35,  1.15,  1.11,  0.06,  0.00,   97813329,   99596000,   13670000,  110225202, java, iotlab1, sing, 25
entry_14915821.class,  3.93,  1.89,  1.84,  0.10,  0.00,  172918243,  175481000,   12172000,  186226722, java, iotlab1, sing, 25
entry_14915821.class,  3.92,  1.89,  1.83,  0.10,  0.00,  171629509,  175214000,   11878000,  184234548, java, iotlab1, sing, 25
entry_14915821.class,  3.92,  1.89,  1.84,  0.10,  0.00,  171804385,  173137000,   14258000,  184139009, java, iotlab1, sing, 25
entry_14915821.class,  3.94,  1.88,  1.83,  0.10,  0.00,  171971614,  175475000,   12101000,  184294793, java, iotlab1, sing, 25
entry_14915821.class,  3.95,  1.91,  1.86,  0.10,  0.00,  172056762,  178979000,    9049000,  184387868, java, iotlab1, sing, 25
entry_14915821.class,  3.97,  1.92,  1.87,  0.10,  0.00,  171995975,  179611000,    8072000,  184339046, java, iotlab1, sing, 25
entry_14915821.class,  3.97,  1.91,  1.85,  0.10,  0.00,  173631549,  173595000,   15781000,  186820754, java, iotlab1, sing, 25
entry_14915821.class,  3.94,  1.89,  1.84,  0.10,  0.00,  171962272,  176695000,   10919000,  184301878, java, iotlab1, sing, 25
entry_14915821.class,  3.96,  1.93,  1.89,  0.10,  0.00,  173640949,  176292000,   12019000,  186049195, java, iotlab1, sing, 25
entry_14915821.class,  3.96,  1.92,  1.86,  0.10,  0.00,  172825300,  173573000,   14963000,  185241258, java, iotlab1, sing, 25
entry_14970721.class,  6.87,  3.22,  3.12,  0.17,  0.00,  313387296,  312466000,   11979000,  325769023, java, iotlab1, sing, 25
entry_14970721.class,  6.74,  3.17,  3.07,  0.16,  0.00,  302850111,  316459000,   10110000,  316102218, java, iotlab1, sing, 25
entry_14970721.class,  6.83,  3.19,  3.11,  0.16,  0.00,  301299988,  310995000,   14090000,  313806701, java, iotlab1, sing, 25
entry_14970721.class,  6.72,  3.18,  3.08,  0.16,  0.00,  303018281,  316156000,   10970000,  316222415, java, iotlab1, sing, 25
entry_14970721.class,  6.71,  3.17,  3.09,  0.16,  0.00,  301355910,  310228000,   15059000,  315724984, java, iotlab1, sing, 25
entry_14970721.class,  6.74,  3.15,  3.06,  0.16,  0.00,  301457996,  314479000,   10947000,  313966553, java, iotlab1, sing, 25
entry_14970721.class,  6.71,  3.12,  3.03,  0.16,  0.00,  300662153,  312741000,   12106000,  312998713, java, iotlab1, sing, 25
entry_14970721.class,  6.83,  3.18,  3.09,  0.16,  0.00,  302505573,  310401000,   16020000,  314946374, java, iotlab1, sing, 25
entry_14970721.class,  6.89,  3.16,  3.06,  0.16,  0.00,  301487175,  313516000,   11981000,  313821939, java, iotlab1, sing, 25
entry_14970721.class,  6.72,  3.15,  3.06,  0.16,  0.00,  301281281,  316453000,    9041000,  313727297, java, iotlab1, sing, 25
entry_15027191.class,  6.57,  3.14,  3.05,  0.16,  0.00,  292637810,  303014000,   10928000,  304971560, java, iotlab1, sing, 25
entry_15027191.class,  6.56,  3.17,  3.07,  0.16,  0.00,  291674802,  301183000,   11967000,  303992871, java, iotlab1, sing, 25
entry_15027191.class,  6.59,  3.16,  3.07,  0.16,  0.00,  292500921,  302540000,   10983000,  304854602, java, iotlab1, sing, 25
entry_15027191.class,  6.53,  3.14,  3.05,  0.16,  0.00,  292210835,  307849000,    5997000,  304489828, java, iotlab1, sing, 25
entry_15027191.class,  6.57,  3.16,  3.07,  0.16,  0.00,  292332809,  298030000,   15842000,  304721798, java, iotlab1, sing, 25
entry_15027191.class,  6.55,  3.13,  3.04,  0.16,  0.00,  291804252,  306246000,    7051000,  304130470, java, iotlab1, sing, 25
entry_15027191.class,  6.56,  3.15,  3.06,  0.16,  0.00,  292141635,  299997000,   13907000,  304441265, java, iotlab1, sing, 25
entry_15027191.class,  6.58,  3.16,  3.07,  0.16,  0.00,  293014266,  301960000,   11841000,  305478084, java, iotlab1, sing, 25
entry_15027191.class,  6.54,  3.04,  2.95,  0.16,  0.00,  301515165,  311355000,   13926000,  314841108, java, iotlab1, sing, 25
entry_15027191.class,  6.61,  3.16,  3.07,  0.16,  0.00,  292691535,  302383000,   11897000,  305012656, java, iotlab1, sing, 25
entry_15114336.class,  5.01,  2.42,  2.36,  0.12,  0.00,  217660823,  235754000,   13153000,  230844206, java, iotlab1, sing, 25
entry_15114336.class,  5.04,  2.47,  2.41,  0.12,  0.00,  215035025,  228370000,   16806000,  227503810, java, iotlab1, sing, 25
entry_15114336.class,  5.09,  2.49,  2.42,  0.12,  0.00,  214973067,  223235000,   21730000,  227272387, java, iotlab1, sing, 25
entry_15114336.class,  5.07,  2.47,  2.40,  0.12,  0.00,  215864240,  230874000,   14736000,  228242828, java, iotlab1, sing, 25
entry_15114336.class,  6.88,  3.58,  3.50,  0.15,  0.00,  225445983,  240294000,   15692000,  237861168, java, iotlab1, sing, 25
entry_15114336.class,  5.20,  2.51,  2.44,  0.13,  0.00,  217277586,  233348000,   14142000,  229780254, java, iotlab1, sing, 25
entry_15114336.class,  5.04,  2.46,  2.41,  0.12,  0.00,  214816211,  230299000,   14079000,  227310366, java, iotlab1, sing, 25
entry_15114336.class,  5.10,  2.47,  2.40,  0.12,  0.00,  216694567,  228573000,   18124000,  229915144, java, iotlab1, sing, 25
entry_15114336.class,  5.08,  2.49,  2.42,  0.12,  0.00,  214587335,  231793000,   12877000,  226984711, java, iotlab1, sing, 25
entry_15114336.class,  5.12,  2.48,  2.41,  0.13,  0.00,  219346745,  231941000,   12154000,  231779442, java, iotlab1, sing, 25
entry_15151658.class,  6.73,  3.18,  3.09,  0.16,  0.00,  300629172,  310347000,   13099000,  312957954, java, iotlab1, sing, 25
entry_15151658.class,  6.71,  3.19,  3.10,  0.16,  0.00,  301103071,  308224000,   15059000,  313251517, java, iotlab1, sing, 25
entry_15151658.class,  6.72,  3.18,  3.09,  0.16,  0.00,  301220822,  313378000,   11013000,  313546985, java, iotlab1, sing, 25
entry_15151658.class,  6.66,  3.14,  3.06,  0.16,  0.00,  300360243,  314492000,    8957000,  312677337, java, iotlab1, sing, 25
entry_15151658.class,  6.70,  3.17,  3.08,  0.16,  0.00,  300418031,  309635000,   13111000,  312721257, java, iotlab1, sing, 25
entry_15151658.class,  6.75,  3.19,  3.11,  0.16,  0.00,  301478242,  315419000,    9011000,  313796955, java, iotlab1, sing, 25
entry_15151658.class,  6.73,  3.18,  3.09,  0.16,  0.00,  302135905,  313947000,   10062000,  314574409, java, iotlab1, sing, 25
entry_15151658.class,  6.88,  3.22,  3.12,  0.17,  0.00,  310872990,  307764000,   14891000,  323137087, java, iotlab1, sing, 25
entry_15151658.class,  6.70,  3.19,  3.09,  0.16,  0.00,  300330224,  311370000,   11975000,  312829322, java, iotlab1, sing, 25
entry_15151658.class,  6.69,  3.15,  3.05,  0.16,  0.00,  302371498,  312039000,   13001000,  315661838, java, iotlab1, sing, 25
entry_15314019.class,  3.77,  1.84,  1.80,  0.09,  0.00,  160986953,  168239000,   13018000,  173350287, java, iotlab1, sing, 25
entry_15314019.class,  3.77,  1.84,  1.79,  0.09,  0.00,  160975550,  171988000,    9052000,  173410121, java, iotlab1, sing, 25
entry_15314019.class,  3.96,  1.89,  1.84,  0.10,  0.00,  174828512,  169706000,   12121000,  187225608, java, iotlab1, sing, 25
entry_15314019.class,  3.79,  1.86,  1.82,  0.09,  0.00,  161483783,  169278000,   11949000,  173999460, java, iotlab1, sing, 25
entry_15314019.class,  3.78,  1.85,  1.80,  0.09,  0.00,  161375936,  167034000,   13837000,  173858485, java, iotlab1, sing, 25
entry_15314019.class,  3.75,  1.84,  1.79,  0.09,  0.00,  161692646,  166454000,   14687000,  174139886, java, iotlab1, sing, 25
entry_15314019.class,  3.80,  1.85,  1.80,  0.09,  0.00,  161978745,  171495000,   10147000,  174228001, java, iotlab1, sing, 25
entry_15314019.class,  3.76,  1.83,  1.78,  0.09,  0.00,  160997906,  170783000,    9987000,  173290016, java, iotlab1, sing, 25
entry_15314019.class,  3.79,  1.86,  1.80,  0.09,  0.00,  161207781,  166429000,   14859000,  173577745, java, iotlab1, sing, 25
entry_15314019.class,  3.76,  1.85,  1.80,  0.09,  0.00,  161168659,  166874000,   14245000,  173574344, java, iotlab1, sing, 25
entry_15510157.class,  2.14,  1.04,  1.02,  0.05,  0.00,   87998448,   92873000,    9880000,  100418221, java, iotlab1, sing, 25
entry_15510157.class,  2.12,  1.03,  1.00,  0.05,  0.00,   88035149,   88144000,   14690000,  100474543, java, iotlab1, sing, 25
entry_15510157.class,  2.14,  1.06,  1.03,  0.05,  0.00,   87397909,   86787000,   15684000,   99752410, java, iotlab1, sing, 25
entry_15510157.class,  2.15,  1.06,  1.03,  0.05,  0.00,   87243956,   94743000,    7131000,   99663136, java, iotlab1, sing, 25
entry_15510157.class,  2.13,  1.05,  1.03,  0.05,  0.00,   87308792,   94387000,    8119000,   99781112, java, iotlab1, sing, 25
entry_15510157.class,  2.20,  1.06,  1.03,  0.06,  0.00,   89766933,   88871000,   16421000,  103101250, java, iotlab1, sing, 25
entry_15510157.class,  2.07,  0.95,  0.93,  0.06,  0.00,   93574076,   98551000,   11945000,  107486698, java, iotlab1, sing, 25
entry_15510157.class,  2.12,  1.05,  1.02,  0.05,  0.00,   88182812,   90529000,   12344000,  100786242, java, iotlab1, sing, 25
entry_15510157.class,  2.16,  1.04,  1.01,  0.05,  0.00,   89467978,   90221000,   13880000,  102681662, java, iotlab1, sing, 25
entry_15510157.class,  2.14,  1.05,  1.03,  0.05,  0.00,   88197506,   88544000,   14086000,  100504812, java, iotlab1, sing, 25
entry_15510474.class,  2.15,  1.07,  1.03,  0.05,  0.00,   88794822,   93380000,    9829000,  101204261, java, iotlab1, sing, 25
entry_15510474.class,  2.12,  1.05,  1.03,  0.05,  0.00,   87486807,   94149000,    8919000,   99812391, java, iotlab1, sing, 25
entry_15510474.class,  2.14,  1.05,  1.03,  0.05,  0.00,   87476854,   92772000,    9975000,   99832736, java, iotlab1, sing, 25
entry_15510474.class,  2.14,  1.05,  1.01,  0.05,  0.00,   87436927,   93330000,    9031000,   99910201, java, iotlab1, sing, 25
entry_15510474.class,  2.11,  1.04,  1.01,  0.05,  0.00,   87167955,   90701000,   11830000,   99402576, java, iotlab1, sing, 25
entry_15510474.class,  2.11,  1.05,  1.03,  0.05,  0.00,   87459693,   86985000,   15350000,   99797210, java, iotlab1, sing, 25
entry_15510474.class,  2.12,  1.04,  1.02,  0.05,  0.00,   87602726,   89854000,   13124000,   99984007, java, iotlab1, sing, 25
entry_15510474.class,  2.15,  1.06,  1.03,  0.05,  0.00,   87827948,   89696000,   13799000,  100068740, java, iotlab1, sing, 25
entry_15510474.class,  2.15,  1.05,  1.02,  0.05,  0.00,   87702535,   95841000,    7292000,   99935355, java, iotlab1, sing, 25
entry_15510474.class,  2.12,  1.04,  1.02,  0.05,  0.00,   87535497,   94812000,    8155000,   99858500, java, iotlab1, sing, 25
entry_15570824.class,  2.33,  1.16,  1.13,  0.06,  0.00,   95922561,   99578000,   11715000,  108331973, java, iotlab1, sing, 25
entry_15570824.class,  2.30,  1.13,  1.11,  0.06,  0.00,   95345406,   94456000,   16726000,  107736135, java, iotlab1, sing, 25
entry_15570824.class,  2.35,  1.16,  1.13,  0.06,  0.00,   96691973,   99646000,   12201000,  109070346, java, iotlab1, sing, 25
entry_15570824.class,  2.30,  1.14,  1.12,  0.06,  0.00,   95090273,  100818000,   10183000,  107362771, java, iotlab1, sing, 25
entry_15570824.class,  2.34,  1.14,  1.11,  0.06,  0.00,   96803634,  101806000,    9695000,  109137352, java, iotlab1, sing, 25
entry_15570824.class,  2.32,  1.15,  1.11,  0.06,  0.00,   95620631,  100418000,   11046000,  107988548, java, iotlab1, sing, 25
entry_15570824.class,  2.33,  1.15,  1.11,  0.06,  0.00,   95234681,   99585000,   12070000,  107688812, java, iotlab1, sing, 25
entry_15570824.class,  2.28,  1.12,  1.09,  0.06,  0.00,   95184557,   97238000,   13891000,  107409145, java, iotlab1, sing, 25
entry_15570824.class,  2.27,  1.09,  1.07,  0.06,  0.00,   96614921,  103657000,    8801000,  108887197, java, iotlab1, sing, 25
entry_15570824.class,  2.28,  1.10,  1.07,  0.06,  0.00,   95224365,  102132000,    9191000,  107503506, java, iotlab1, sing, 25
entry_15813620.class,  3.58,  1.75,  1.71,  0.09,  0.00,  154169398,  158860000,   12065000,  166504259, java, iotlab1, sing, 25
entry_15813620.class,  3.57,  1.75,  1.69,  0.09,  0.00,  154380009,  160224000,   10077000,  166690627, java, iotlab1, sing, 25
entry_15813620.class,  3.60,  1.75,  1.71,  0.09,  0.00,  154767285,  155232000,   16128000,  167047964, java, iotlab1, sing, 25
entry_15813620.class,  3.56,  1.73,  1.69,  0.09,  0.00,  154275419,  160833000,   10115000,  166668286, java, iotlab1, sing, 25
entry_15813620.class,  3.58,  1.75,  1.70,  0.09,  0.00,  154343065,  158510000,   12878000,  166746635, java, iotlab1, sing, 25
entry_15813620.class,  3.58,  1.76,  1.71,  0.09,  0.00,  154987382,  159808000,   11837000,  167393895, java, iotlab1, sing, 25
entry_15813620.class,  3.59,  1.75,  1.70,  0.09,  0.00,  154795932,  161794000,    9805000,  167199816, java, iotlab1, sing, 25
entry_15813620.class,  3.59,  1.75,  1.70,  0.09,  0.00,  154910623,  158451000,   13120000,  167332341, java, iotlab1, sing, 25
entry_15813620.class,  3.56,  1.74,  1.69,  0.09,  0.00,  154015921,  160095000,   10132000,  166331962, java, iotlab1, sing, 25
entry_15813620.class,  3.60,  1.73,  1.68,  0.09,  0.00,  156067074,  157273000,   15026000,  169419931, java, iotlab1, sing, 25
entry_15926425.class,  3.16,  1.59,  1.54,  0.08,  0.00,  124438413,  141721000,   15184000,  136758736, java, iotlab1, sing, 25
entry_15926425.class,  3.14,  1.58,  1.54,  0.08,  0.00,  123850742,  149262000,    8123000,  136214182, java, iotlab1, sing, 25
entry_15926425.class,  3.19,  1.60,  1.56,  0.08,  0.00,  124636044,  144054000,   14005000,  137111182, java, iotlab1, sing, 25
entry_15926425.class,  3.14,  1.57,  1.53,  0.08,  0.00,  124089174,  139542000,   18070000,  136307745, java, iotlab1, sing, 25
entry_15926425.class,  3.16,  1.58,  1.54,  0.08,  0.00,  124316885,  142144000,   15015000,  136591931, java, iotlab1, sing, 25
entry_15926425.class,  3.14,  1.57,  1.53,  0.08,  0.00,  124234544,  142958000,   14194000,  136627902, java, iotlab1, sing, 25
entry_15926425.class,  3.14,  1.59,  1.55,  0.08,  0.00,  124388593,  141013000,   16763000,  136880363, java, iotlab1, sing, 25
entry_15926425.class,  3.15,  1.59,  1.55,  0.08,  0.00,  124048492,  140514000,   16704000,  136625321, java, iotlab1, sing, 25
entry_15926425.class,  3.15,  1.60,  1.56,  0.08,  0.00,  124002361,  142583000,   15061000,  136340332, java, iotlab1, sing, 25
entry_15926425.class,  3.12,  1.57,  1.53,  0.08,  0.00,  124265213,  138828000,   18707000,  136564132, java, iotlab1, sing, 25
entry_1726765.class,  3.78,  1.89,  1.83,  0.09,  0.00,  156637713,  165546000,    9912000,  169043676, java, iotlab1, sing, 25
entry_1726765.class,  3.70,  1.79,  1.74,  0.09,  0.00,  158785321,  163647000,   13969000,  171857341, java, iotlab1, sing, 25
entry_1726765.class,  3.65,  1.75,  1.71,  0.09,  0.00,  158671965,  167252000,   11150000,  171560507, java, iotlab1, sing, 25
entry_1726765.class,  3.69,  1.80,  1.75,  0.09,  0.00,  156319568,  161661000,   13800000,  168693872, java, iotlab1, sing, 25
entry_1726765.class,  3.69,  1.81,  1.76,  0.09,  0.00,  157218636,  159089000,   16110000,  169581740, java, iotlab1, sing, 25
entry_1726765.class,  3.68,  1.80,  1.75,  0.09,  0.00,  156477326,  167262000,    7917000,  168703544, java, iotlab1, sing, 25
entry_1726765.class,  3.72,  1.81,  1.76,  0.09,  0.00,  159369043,  163325000,   15122000,  172447751, java, iotlab1, sing, 25
entry_1726765.class,  3.69,  1.82,  1.76,  0.09,  0.00,  156604523,  164142000,   11724000,  170146537, java, iotlab1, sing, 25
entry_1726765.class,  3.72,  1.83,  1.78,  0.09,  0.00,  158689834,  166973000,   11064000,  171997575, java, iotlab1, sing, 25
entry_1726765.class,  3.68,  1.82,  1.77,  0.09,  0.00,  156648838,  165020000,   10313000,  169107629, java, iotlab1, sing, 25
entry_1726769.class,  3.72,  1.80,  1.75,  0.09,  0.00,  156742871,  166667000,    9259000,  169107530, java, iotlab1, sing, 25
entry_1726769.class,  3.63,  1.76,  1.71,  0.09,  0.00,  156652125,  162392000,   12103000,  169064024, java, iotlab1, sing, 25
entry_1726769.class,  3.73,  1.81,  1.76,  0.09,  0.00,  156708521,  165936000,   10056000,  168997479, java, iotlab1, sing, 25
entry_1726769.class,  3.69,  1.77,  1.72,  0.09,  0.00,  157472507,  164379000,   11882000,  169845055, java, iotlab1, sing, 25
entry_1726769.class,  3.75,  1.80,  1.75,  0.09,  0.00,  157043147,  165445000,   10832000,  169460147, java, iotlab1, sing, 25
entry_1726769.class,  3.75,  1.81,  1.75,  0.09,  0.00,  157309817,  166531000,   10092000,  169669328, java, iotlab1, sing, 25
entry_1726769.class,  3.74,  1.81,  1.74,  0.09,  0.00,  156740464,  163289000,   12021000,  169180041, java, iotlab1, sing, 25
entry_1726769.class,  3.69,  1.75,  1.71,  0.09,  0.00,  156372710,  162915000,   12218000,  168696061, java, iotlab1, sing, 25
entry_1726769.class,  3.70,  1.80,  1.75,  0.09,  0.00,  157036245,  159607000,   16061000,  169369558, java, iotlab1, sing, 25
entry_1726769.class,  3.71,  1.80,  1.75,  0.09,  0.00,  156592608,  162721000,   12820000,  169056371, java, iotlab1, sing, 25
entry_1739490.class,  7.83,  3.74,  3.63,  0.19,  0.00,  348840480,  353606000,   14063000,  361384539, java, iotlab1, sing, 25
entry_1739490.class,  7.89,  3.78,  3.68,  0.19,  0.00,  350464023,  354523000,   12017000,  362871587, java, iotlab1, sing, 25
entry_1739490.class,  7.82,  3.74,  3.64,  0.19,  0.00,  348286603,  353849000,   12921000,  360622119, java, iotlab1, sing, 25
entry_1739490.class,  7.86,  3.80,  3.69,  0.19,  0.00,  349088547,  354274000,   13121000,  362392495, java, iotlab1, sing, 25
entry_1739490.class,  7.91,  3.82,  3.70,  0.19,  0.00,  348495672,  351614000,   15026000,  360887936, java, iotlab1, sing, 25
entry_1739490.class,  8.29,  3.81,  3.70,  0.19,  0.00,  349742675,  356065000,   11935000,  362127294, java, iotlab1, sing, 25
entry_1739490.class,  7.90,  3.77,  3.66,  0.19,  0.00,  348230038,  354587000,   12019000,  360560467, java, iotlab1, sing, 25
entry_1739490.class,  7.80,  3.82,  3.71,  0.19,  0.00,  347920366,  349284000,   16868000,  360235243, java, iotlab1, sing, 25
entry_1739490.class,  8.08,  3.86,  3.75,  0.19,  0.00,  363911350,  353341000,   12011000,  376209505, java, iotlab1, sing, 25
entry_1739490.class,  7.89,  3.79,  3.68,  0.18,  0.00,  348248281,  353362000,   12940000,  360625628, java, iotlab1, sing, 25
entry_1944265.class,  3.72,  1.82,  1.78,  0.09,  0.00,  159228491,  163025000,   14910000,  171618473, java, iotlab1, sing, 25
entry_1944265.class,  3.72,  1.82,  1.76,  0.09,  0.00,  160869078,  164039000,   15003000,  174062412, java, iotlab1, sing, 25
entry_1944265.class,  3.75,  1.84,  1.79,  0.09,  0.00,  160107316,  167133000,   11938000,  172455618, java, iotlab1, sing, 25
entry_1944265.class,  3.76,  1.86,  1.81,  0.09,  0.00,  160045917,  170092000,    9058000,  172372064, java, iotlab1, sing, 25
entry_1944265.class,  3.77,  1.82,  1.76,  0.09,  0.00,  162371895,  164210000,   15732000,  175584524, java, iotlab1, sing, 25
entry_1944265.class,  3.74,  1.84,  1.78,  0.09,  0.00,  159926855,  166208000,   12015000,  172347644, java, iotlab1, sing, 25
entry_1944265.class,  3.76,  1.84,  1.79,  0.09,  0.00,  159405981,  170158000,    8200000,  171859937, java, iotlab1, sing, 25
entry_1944265.class,  3.73,  1.82,  1.77,  0.09,  0.00,  159129634,  161234000,   16919000,  171391352, java, iotlab1, sing, 25
entry_1944265.class,  4.29,  2.02,  1.97,  0.10,  0.00,  162757283,  166151000,   15013000,  175060071, java, iotlab1, sing, 25
entry_1944265.class,  4.43,  2.03,  1.98,  0.10,  0.00,  168113962,  171126000,   10007000,  180770667, java, iotlab1, sing, 25
entry_1952578.class,  5.04,  2.38,  2.31,  0.12,  0.00,  223798446,  230278000,    9129000,  237543581, java, iotlab1, sing, 25
entry_1952578.class,  4.90,  2.32,  2.25,  0.12,  0.00,  224019805,  232593000,    9023000,  237711058, java, iotlab1, sing, 25
entry_1952578.class,  4.94,  2.40,  2.34,  0.12,  0.00,  219732030,  224548000,    9935000,  232207440, java, iotlab1, sing, 25
entry_1952578.class,  4.98,  2.42,  2.35,  0.12,  0.00,  219249813,  223144000,   12007000,  231626047, java, iotlab1, sing, 25
entry_1952578.class,  5.02,  2.43,  2.36,  0.12,  0.00,  219560156,  224817000,   10081000,  231791849, java, iotlab1, sing, 25
entry_1952578.class,  5.22,  2.47,  2.39,  0.13,  0.00,  236095241,  228052000,    7001000,  248563386, java, iotlab1, sing, 25
entry_1952578.class,  4.96,  2.42,  2.35,  0.12,  0.00,  219057909,  227876000,    6965000,  231384557, java, iotlab1, sing, 25
entry_1952578.class,  4.93,  2.41,  2.35,  0.12,  0.00,  218651961,  222232000,   12066000,  231037265, java, iotlab1, sing, 25
entry_1952578.class,  5.00,  2.42,  2.34,  0.12,  0.00,  221398942,  224596000,   11925000,  234964372, java, iotlab1, sing, 25
entry_1952578.class,  4.98,  2.42,  2.35,  0.12,  0.00,  219792038,  228386000,    7042000,  232007498, java, iotlab1, sing, 25
entry_1983054.class,  4.78,  2.33,  2.26,  0.12,  0.00,  199731143,  215569000,   13780000,  212042343, java, iotlab1, sing, 25
entry_1983054.class,  4.61,  2.32,  2.26,  0.11,  0.00,  187566429,  212372000,   15952000,  199895826, java, iotlab1, sing, 25
entry_1983054.class,  4.57,  2.32,  2.27,  0.11,  0.00,  184349937,  210276000,   18023000,  196704406, java, iotlab1, sing, 25
entry_1983054.class,  4.71,  2.34,  2.27,  0.11,  0.00,  194542176,  213360000,   14224000,  207181856, java, iotlab1, sing, 25
entry_1983054.class,  4.53,  2.29,  2.23,  0.11,  0.00,  184803851,  214663000,   12979000,  197079013, java, iotlab1, sing, 25
entry_1983054.class,  4.74,  2.37,  2.30,  0.12,  0.00,  195869181,  213330000,   15023000,  208309421, java, iotlab1, sing, 25
entry_1983054.class,  4.56,  2.30,  2.24,  0.11,  0.00,  183876113,  212520000,   13346000,  196316549, java, iotlab1, sing, 25
entry_1983054.class,  4.54,  2.29,  2.24,  0.11,  0.00,  183461688,  211736000,   15196000,  195739883, java, iotlab1, sing, 25
entry_1983054.class,  4.57,  2.29,  2.23,  0.11,  0.00,  183992375,  215693000,   11982000,  196417738, java, iotlab1, sing, 25
entry_1983054.class,  4.64,  2.30,  2.24,  0.11,  0.00,  187354039,  211498000,   19044000,  200480314, java, iotlab1, sing, 25
entry_2367263.class,  2.60,  1.29,  1.25,  0.07,  0.00,  106481985,  103887000,   19543000,  118788868, java, iotlab1, sing, 25
entry_2367263.class,  2.62,  1.29,  1.26,  0.07,  0.00,  107980299,  104730000,   19575000,  120283907, java, iotlab1, sing, 25
entry_2367263.class,  2.61,  1.29,  1.25,  0.07,  0.00,  107734519,  106632000,   16784000,  120073497, java, iotlab1, sing, 25
entry_2367263.class,  2.62,  1.26,  1.23,  0.07,  0.00,  110277452,  104016000,   23003000,  122672549, java, iotlab1, sing, 25
entry_2367263.class,  2.63,  1.28,  1.24,  0.07,  0.00,  110199551,  103614000,   23364000,  123479046, java, iotlab1, sing, 25
entry_2367263.class,  2.62,  1.29,  1.26,  0.07,  0.00,  109442889,  103948000,   20382000,  121831826, java, iotlab1, sing, 25
entry_2367263.class,  2.61,  1.29,  1.25,  0.07,  0.00,  107303640,  105441000,   18075000,  119763963, java, iotlab1, sing, 25
entry_2367263.class,  2.59,  1.28,  1.25,  0.07,  0.00,  106842659,  106481000,   17239000,  119301953, java, iotlab1, sing, 25
entry_2367263.class,  2.60,  1.29,  1.25,  0.07,  0.00,  107651956,  106016000,   17002000,  119936950, java, iotlab1, sing, 25
entry_2367263.class,  2.59,  1.28,  1.25,  0.07,  0.00,  106905340,  103393000,   20678000,  119262487, java, iotlab1, sing, 25
entry_2515405.class,  3.91,  1.88,  1.83,  0.10,  0.00,  172039407,  168533000,   10841000,  184334494, java, iotlab1, sing, 25
entry_2515405.class,  3.72,  1.81,  1.76,  0.09,  0.00,  162091643,  169724000,   11841000,  174969026, java, iotlab1, sing, 25
entry_2515405.class,  3.73,  1.83,  1.79,  0.09,  0.00,  160314171,  166775000,   12905000,  172582059, java, iotlab1, sing, 25
entry_2515405.class,  3.74,  1.83,  1.79,  0.09,  0.00,  160344582,  166946000,   12995000,  172682219, java, iotlab1, sing, 25
entry_2515405.class,  3.75,  1.82,  1.78,  0.09,  0.00,  160431425,  168249000,   10951000,  172757657, java, iotlab1, sing, 25
entry_2515405.class,  3.80,  1.85,  1.79,  0.09,  0.00,  160980329,  168753000,   10983000,  173411278, java, iotlab1, sing, 25
entry_2515405.class,  3.78,  1.83,  1.77,  0.09,  0.00,  162352529,  170945000,    9881000,  175668781, java, iotlab1, sing, 25
entry_2515405.class,  3.79,  1.85,  1.80,  0.09,  0.00,  161828467,  170095000,   10005000,  174184568, java, iotlab1, sing, 25
entry_2515405.class,  3.74,  1.84,  1.79,  0.09,  0.00,  160411678,  171488000,    8117000,  172701984, java, iotlab1, sing, 25
entry_2515405.class,  3.73,  1.84,  1.79,  0.09,  0.00,  160204190,  167549000,   12039000,  172490376, java, iotlab1, sing, 25
entry_2709562.class,  5.12,  2.50,  2.43,  0.12,  0.00,  225327384,  229517000,   11024000,  237687164, java, iotlab1, sing, 25
entry_2709562.class,  5.11,  2.49,  2.42,  0.12,  0.00,  226141894,  237059000,    3000000,  238536614, java, iotlab1, sing, 25
entry_2709562.class,  5.10,  2.49,  2.42,  0.12,  0.00,  226328295,  233553000,    8053000,  238800315, java, iotlab1, sing, 25
entry_2709562.class,  5.10,  2.48,  2.41,  0.12,  0.00,  225682917,  226562000,   13911000,  237889754, java, iotlab1, sing, 25
entry_2709562.class,  5.09,  2.48,  2.41,  0.12,  0.00,  226029526,  232140000,    8928000,  238337008, java, iotlab1, sing, 25
entry_2709562.class,  5.09,  2.48,  2.41,  0.12,  0.00,  225930012,  229883000,   10994000,  238195224, java, iotlab1, sing, 25
entry_2709562.class,  5.07,  2.46,  2.39,  0.12,  0.00,  225940008,  226115000,   14876000,  238271410, java, iotlab1, sing, 25
entry_2709562.class,  5.08,  2.46,  2.39,  0.12,  0.00,  226350818,  231465000,   10020000,  238665700, java, iotlab1, sing, 25
entry_2709562.class,  5.11,  2.45,  2.38,  0.12,  0.00,  228372828,  230441000,   13197000,  241555393, java, iotlab1, sing, 25
entry_2709562.class,  5.32,  2.52,  2.44,  0.13,  0.00,  239866153,  231881000,    9994000,  252348858, java, iotlab1, sing, 25
entry_2711114.class,  2.92,  1.48,  1.44,  0.07,  0.00,  112995759,  129210000,   17160000,  125403160, java, iotlab1, sing, 25
entry_2711114.class,  2.90,  1.45,  1.42,  0.07,  0.00,  113007971,  133868000,   12262000,  125299877, java, iotlab1, sing, 25
entry_2711114.class,  2.92,  1.46,  1.42,  0.07,  0.00,  114662806,  135402000,   12498000,  127799060, java, iotlab1, sing, 25
entry_2711114.class,  2.93,  1.48,  1.43,  0.07,  0.00,  113601219,  129274000,   16776000,  125943633, java, iotlab1, sing, 25
entry_2711114.class,  2.92,  1.48,  1.44,  0.07,  0.00,  113025621,  134253000,   12204000,  125438920, java, iotlab1, sing, 25
entry_2711114.class,  2.92,  1.47,  1.44,  0.07,  0.00,  113185233,  134084000,   12816000,  125729107, java, iotlab1, sing, 25
entry_2711114.class,  2.91,  1.46,  1.43,  0.07,  0.00,  112709120,  131108000,   15012000,  125011934, java, iotlab1, sing, 25
entry_2711114.class,  2.92,  1.48,  1.44,  0.07,  0.00,  112771232,  131564000,   14950000,  125025054, java, iotlab1, sing, 25
entry_2711114.class,  2.95,  1.48,  1.44,  0.07,  0.00,  113364319,  132386000,   14709000,  125653378, java, iotlab1, sing, 25
entry_2711114.class,  2.92,  1.47,  1.43,  0.07,  0.00,  112493020,  131886000,   14094000,  124871952, java, iotlab1, sing, 25
entry_2750138.class,  5.54,  2.67,  2.60,  0.13,  0.00,  246781342,  251087000,   11003000,  259177546, java, iotlab1, sing, 25
entry_2750138.class,  5.52,  2.67,  2.59,  0.13,  0.00,  248560874,  248732000,   15668000,  261620135, java, iotlab1, sing, 25
entry_2750138.class,  5.51,  2.62,  2.54,  0.14,  0.00,  251724790,  260655000,    9092000,  266996540, java, iotlab1, sing, 25
entry_2750138.class,  5.57,  2.65,  2.57,  0.13,  0.00,  246742696,  250452000,   12021000,  259203148, java, iotlab1, sing, 25
entry_2750138.class,  5.56,  2.70,  2.63,  0.13,  0.00,  246974458,  249129000,   14120000,  259535925, java, iotlab1, sing, 25
entry_2750138.class,  5.56,  2.70,  2.63,  0.13,  0.00,  247011947,  256797000,    6042000,  259448572, java, iotlab1, sing, 25
entry_2750138.class,  5.51,  2.67,  2.60,  0.13,  0.00,  246041241,  254066000,    8033000,  258322147, java, iotlab1, sing, 25
entry_2750138.class,  5.57,  2.69,  2.62,  0.13,  0.00,  249383272,  252555000,    9055000,  261809608, java, iotlab1, sing, 25
entry_2750138.class,  5.76,  2.66,  2.57,  0.14,  0.00,  263715035,  249650000,   15039000,  276649111, java, iotlab1, sing, 25
entry_2750138.class,  5.53,  2.69,  2.61,  0.13,  0.00,  246597510,  248087000,   13948000,  258909103, java, iotlab1, sing, 25
entry_2750349.class, 11.03,  5.23,  5.08,  0.27,  0.00,  496100549,  524206000,   20928000,  509335485, java, iotlab1, sing, 25
entry_2750349.class, 10.95,  5.21,  5.05,  0.26,  0.00,  495327939,  525617000,   18842000,  508631310, java, iotlab1, sing, 25
entry_2750349.class, 10.88,  5.20,  5.06,  0.26,  0.00,  493450925,  529988000,   11999000,  506026294, java, iotlab1, sing, 25
entry_2750349.class, 10.97,  5.21,  5.06,  0.27,  0.00,  494811225,  530405000,   13034000,  507123453, java, iotlab1, sing, 25
entry_2750349.class, 11.19,  5.28,  5.12,  0.27,  0.00,  496405038,  531531000,   13935000,  508747195, java, iotlab1, sing, 25
entry_2750349.class, 10.89,  5.13,  4.99,  0.27,  0.00,  496151138,  528911000,   14024000,  508485688, java, iotlab1, sing, 25
entry_2750349.class, 10.87,  5.15,  5.00,  0.26,  0.00,  493790191,  526236000,   16068000,  506220668, java, iotlab1, sing, 25
entry_2750349.class, 11.13,  5.25,  5.10,  0.27,  0.00,  510570438,  530592000,   13039000,  523014356, java, iotlab1, sing, 25
entry_2750349.class, 10.87,  5.10,  4.95,  0.26,  0.00,  493984149,  526525000,   15955000,  506331460, java, iotlab1, sing, 25
entry_2750349.class, 10.88,  5.13,  4.98,  0.26,  0.00,  494433465,  524767000,   18955000,  506781219, java, iotlab1, sing, 25
entry_2802943.class,  3.47,  1.68,  1.64,  0.08,  0.00,  147292780,  158121000,   10007000,  159774466, java, iotlab1, sing, 25
entry_2802943.class,  3.46,  1.69,  1.65,  0.08,  0.00,  147127938,  157651000,   10838000,  159594822, java, iotlab1, sing, 25
entry_2802943.class,  3.45,  1.68,  1.64,  0.08,  0.00,  147500663,  160224000,    7961000,  159833751, java, iotlab1, sing, 25
entry_2802943.class,  3.50,  1.69,  1.64,  0.08,  0.00,  148565116,  159157000,    9065000,  161200138, java, iotlab1, sing, 25
entry_2802943.class,  3.45,  1.67,  1.62,  0.08,  0.00,  146988659,  156144000,   11934000,  159431647, java, iotlab1, sing, 25
entry_2802943.class,  3.48,  1.69,  1.64,  0.09,  0.00,  147473957,  157317000,   10952000,  159845945, java, iotlab1, sing, 25
entry_2802943.class,  3.48,  1.70,  1.65,  0.08,  0.00,  146701088,  158791000,    9045000,  158970156, java, iotlab1, sing, 25
entry_2802943.class,  3.45,  1.67,  1.63,  0.08,  0.00,  146806413,  156223000,   11940000,  159226848, java, iotlab1, sing, 25
entry_2802943.class,  3.45,  1.69,  1.64,  0.08,  0.00,  146858648,  157288000,   10950000,  159266452, java, iotlab1, sing, 25
entry_2802943.class,  3.46,  1.67,  1.62,  0.09,  0.00,  147949610,  159451000,    9082000,  160196148, java, iotlab1, sing, 25
entry_2803113.class,  3.84,  1.74,  1.69,  0.09,  0.00,  160819439,  159766000,   12820000,  173610450, java, iotlab1, sing, 25
entry_2803113.class,  3.67,  1.68,  1.63,  0.09,  0.00,  150251305,  156585000,   13962000,  163611076, java, iotlab1, sing, 25
entry_2803113.class,  3.53,  1.66,  1.61,  0.09,  0.00,  149161969,  158164000,   12166000,  162517711, java, iotlab1, sing, 25
entry_2803113.class,  3.46,  1.68,  1.63,  0.09,  0.00,  148734279,  155306000,   13848000,  162053953, java, iotlab1, sing, 25
entry_2803113.class,  3.45,  1.68,  1.63,  0.08,  0.00,  148445190,  152932000,   16882000,  161774214, java, iotlab1, sing, 25
entry_2803113.class,  3.45,  1.69,  1.65,  0.08,  0.00,  147456784,  154989000,   13169000,  159862765, java, iotlab1, sing, 25
entry_2803113.class,  3.46,  1.68,  1.64,  0.08,  0.00,  146827521,  158883000,    9050000,  159095918, java, iotlab1, sing, 25
entry_2803113.class,  3.49,  1.69,  1.64,  0.09,  0.00,  149507768,  153629000,   16849000,  162735880, java, iotlab1, sing, 25
entry_2803113.class,  3.85,  1.77,  1.71,  0.10,  0.00,  171591610,  155274000,   13193000,  184348449, java, iotlab1, sing, 25
entry_2803113.class,  3.46,  1.68,  1.64,  0.08,  0.00,  147271132,  157219000,   10945000,  159680418, java, iotlab1, sing, 25
entry_2987782.class,  5.60,  2.70,  2.63,  0.14,  0.00,  240231610,  253103000,   17936000,  253481456, java, iotlab1, sing, 25
entry_2987782.class,  5.46,  2.69,  2.61,  0.14,  0.00,  237943995,  256275000,   11919000,  250318678, java, iotlab1, sing, 25
entry_2987782.class,  5.48,  2.70,  2.63,  0.13,  0.00,  237136392,  250970000,   16062000,  249626031, java, iotlab1, sing, 25
entry_2987782.class,  5.53,  2.71,  2.64,  0.14,  0.00,  238087341,  251025000,   16934000,  250534453, java, iotlab1, sing, 25
entry_2987782.class,  6.29,  3.18,  3.11,  0.15,  0.00,  242058663,  258952000,   12655000,  255556544, java, iotlab1, sing, 25
entry_2987782.class,  6.23,  3.11,  3.03,  0.15,  0.00,  246982116,  261003000,   14829000,  260048370, java, iotlab1, sing, 25
entry_2987782.class,  5.56,  2.70,  2.62,  0.14,  0.00,  239123648,  255004000,   13945000,  251555835, java, iotlab1, sing, 25
entry_2987782.class,  5.50,  2.68,  2.62,  0.14,  0.00,  238424916,  252030000,   15813000,  250679394, java, iotlab1, sing, 25
entry_2987782.class,  5.57,  2.70,  2.63,  0.14,  0.00,  238945556,  250486000,   19190000,  251361630, java, iotlab1, sing, 25
entry_2987782.class,  5.56,  2.71,  2.63,  0.14,  0.00,  238220713,  251869000,   16055000,  250597868, java, iotlab1, sing, 25
entry_3412182.class,  3.09,  1.51,  1.46,  0.08,  0.00,  129779425,  134756000,   12976000,  142028970, java, iotlab1, sing, 25
entry_3412182.class,  3.08,  1.50,  1.46,  0.08,  0.00,  129599325,  139619000,    7921000,  141876561, java, iotlab1, sing, 25
entry_3412182.class,  3.06,  1.49,  1.45,  0.08,  0.00,  129657850,  137787000,   10057000,  142031252, java, iotlab1, sing, 25
entry_3412182.class,  3.75,  1.96,  1.92,  0.08,  0.00,  132147025,  139144000,   11172000,  144566615, java, iotlab1, sing, 25
entry_3412182.class,  3.18,  1.50,  1.46,  0.08,  0.00,  132503672,  133946000,   14206000,  145800987, java, iotlab1, sing, 25
entry_3412182.class,  3.22,  1.54,  1.49,  0.08,  0.00,  139781991,  133802000,   12980000,  152206786, java, iotlab1, sing, 25
entry_3412182.class,  3.05,  1.51,  1.47,  0.08,  0.00,  129265262,  130284000,   17037000,  141484968, java, iotlab1, sing, 25
entry_3412182.class,  3.08,  1.51,  1.46,  0.08,  0.00,  131045628,  134028000,   15115000,  144306607, java, iotlab1, sing, 25
entry_3412182.class,  3.06,  1.51,  1.47,  0.08,  0.00,  130113726,  133564000,   13954000,  142456549, java, iotlab1, sing, 25
entry_3412182.class,  3.06,  1.51,  1.47,  0.07,  0.00,  129741028,  137106000,   10156000,  142185102, java, iotlab1, sing, 25
entry_3594821.class,  7.35,  3.81,  3.72,  0.21,  0.00,  249368038,  379418000,   47553000,  261710124, java, iotlab1, sing, 25
entry_3594821.class,  7.31,  3.87,  3.79,  0.20,  0.00,  245110877,  375774000,   46723000,  257497836, java, iotlab1, sing, 25
entry_3594821.class,  7.23,  3.83,  3.74,  0.20,  0.00,  243360249,  361629000,   53944000,  255637510, java, iotlab1, sing, 25
entry_3594821.class,  7.16,  3.79,  3.72,  0.20,  0.00,  244749819,  355486000,   52071000,  257256371, java, iotlab1, sing, 25
entry_3594821.class,  7.28,  3.86,  3.78,  0.20,  0.00,  246408268,  367477000,   54070000,  258837785, java, iotlab1, sing, 25
entry_3594821.class,  7.21,  3.81,  3.74,  0.20,  0.00,  244110553,  373046000,   43708000,  256498539, java, iotlab1, sing, 25
entry_3594821.class,  7.22,  3.84,  3.75,  0.20,  0.00,  244735628,  371498000,   45060000,  257285956, java, iotlab1, sing, 25
entry_3594821.class,  7.07,  3.76,  3.68,  0.20,  0.00,  237006900,  347779000,   59303000,  249245322, java, iotlab1, sing, 25
entry_3594821.class,  7.19,  3.81,  3.73,  0.20,  0.00,  243210526,  363319000,   47006000,  255563992, java, iotlab1, sing, 25
entry_3594821.class,  7.41,  3.79,  3.70,  0.21,  0.00,  250293127,  364349000,   53903000,  263918302, java, iotlab1, sing, 25
entry_3891487.class,  2.35,  1.15,  1.12,  0.06,  0.00,   96574221,  102339000,   11257000,  109088205, java, iotlab1, sing, 25
entry_3891487.class,  2.32,  1.14,  1.11,  0.06,  0.00,   96211493,  102249000,   11026000,  108530326, java, iotlab1, sing, 25
entry_3891487.class,  2.51,  1.19,  1.16,  0.06,  0.00,  107448796,   96171000,   17209000,  120098398, java, iotlab1, sing, 25
entry_3891487.class,  2.31,  1.15,  1.12,  0.06,  0.00,   95995930,   98441000,   14208000,  108351692, java, iotlab1, sing, 25
entry_3891487.class,  2.31,  1.15,  1.12,  0.06,  0.00,   96443322,  101015000,   12496000,  108803761, java, iotlab1, sing, 25
entry_3891487.class,  2.36,  1.15,  1.12,  0.06,  0.00,   99617904,  105295000,   11030000,  113227616, java, iotlab1, sing, 25
entry_3891487.class,  2.33,  1.15,  1.12,  0.06,  0.00,   96952801,   99702000,   13820000,  109535658, java, iotlab1, sing, 25
entry_3891487.class,  2.37,  1.17,  1.14,  0.06,  0.00,   98922485,   99841000,   13244000,  111295412, java, iotlab1, sing, 25
entry_3891487.class,  2.35,  1.16,  1.12,  0.06,  0.00,   96592301,  100255000,   12152000,  108922265, java, iotlab1, sing, 25
entry_3891487.class,  2.31,  1.14,  1.11,  0.06,  0.00,   95921237,  104958000,    8232000,  108255313, java, iotlab1, sing, 25
entry_4169520.class,  2.04,  1.01,  0.98,  0.05,  0.00,   82792118,   78922000,   19474000,   95285938, java, iotlab1, sing, 25
entry_4169520.class,  2.03,  0.99,  0.96,  0.05,  0.00,   82518285,   86263000,   12178000,   94826902, java, iotlab1, sing, 25
entry_4169520.class,  2.00,  0.98,  0.96,  0.05,  0.00,   82525210,   87233000,   11029000,   94766562, java, iotlab1, sing, 25
entry_4169520.class,  2.02,  1.00,  0.98,  0.05,  0.00,   82860475,   86174000,   12587000,   95287510, java, iotlab1, sing, 25
entry_4169520.class,  2.03,  1.00,  0.97,  0.05,  0.00,   82351733,   86915000,   10864000,   94813264, java, iotlab1, sing, 25
entry_4169520.class,  2.04,  0.99,  0.96,  0.05,  0.00,   84746353,   89545000,   10824000,   98275744, java, iotlab1, sing, 25
entry_4169520.class,  2.01,  0.95,  0.92,  0.05,  0.00,   85684428,   89793000,   11972000,   99465014, java, iotlab1, sing, 25
entry_4169520.class,  2.04,  1.01,  0.97,  0.05,  0.00,   82525911,   80056000,   18012000,   94869024, java, iotlab1, sing, 25
entry_4169520.class,  2.00,  1.00,  0.98,  0.05,  0.00,   82650928,   88313000,   10035000,   94969523, java, iotlab1, sing, 25
entry_4169520.class,  2.03,  1.01,  0.98,  0.05,  0.00,   82277639,   85896000,   12126000,   94570788, java, iotlab1, sing, 25
entry_4203042.class,  9.32,  4.46,  4.34,  0.23,  0.00,  417372166,  435248000,   14008000,  429703962, java, iotlab1, sing, 25
entry_4203042.class,  9.32,  4.46,  4.33,  0.23,  0.00,  420170840,  434667000,   16211000,  433150389, java, iotlab1, sing, 25
entry_4203042.class,  9.32,  4.45,  4.32,  0.23,  0.00,  420042978,  436298000,   15044000,  433352172, java, iotlab1, sing, 25
entry_4203042.class,  9.54,  4.52,  4.39,  0.23,  0.00,  435591975,  438621000,   10965000,  448061343, java, iotlab1, sing, 25
entry_4203042.class,  9.28,  4.47,  4.34,  0.23,  0.00,  417845243,  435524000,   13075000,  430100725, java, iotlab1, sing, 25
entry_4203042.class,  9.28,  4.44,  4.32,  0.23,  0.00,  417353523,  432503000,   16130000,  429691186, java, iotlab1, sing, 25
entry_4203042.class,  9.26,  4.45,  4.33,  0.22,  0.00,  417524300,  436703000,   12046000,  430207476, java, iotlab1, sing, 25
entry_4203042.class,  9.33,  4.48,  4.35,  0.23,  0.00,  421165112,  433945000,   15032000,  433519325, java, iotlab1, sing, 25
entry_4203042.class,  9.31,  4.46,  4.33,  0.23,  0.00,  418845981,  432331000,   17972000,  431341480, java, iotlab1, sing, 25
entry_4203042.class,  9.27,  4.50,  4.37,  0.23,  0.00,  418193743,  436374000,   13101000,  430510957, java, iotlab1, sing, 25
entry_5010521.class,  2.90,  1.44,  1.41,  0.07,  0.00,  123527061,  129097000,   10165000,  135923483, java, iotlab1, sing, 25
entry_5010521.class,  2.89,  1.44,  1.40,  0.07,  0.00,  123388495,  128003000,   11815000,  135844753, java, iotlab1, sing, 25
entry_5010521.class,  2.90,  1.43,  1.40,  0.07,  0.00,  123107031,  125185000,   14020000,  135557599, java, iotlab1, sing, 25
entry_5010521.class,  2.92,  1.44,  1.40,  0.07,  0.00,  123341459,  125768000,   13974000,  135704450, java, iotlab1, sing, 25
entry_5010521.class,  2.90,  1.42,  1.38,  0.07,  0.00,  124782338,  127146000,   13015000,  138075437, java, iotlab1, sing, 25
entry_5010521.class,  2.90,  1.42,  1.39,  0.07,  0.00,  123619435,  125008000,   14881000,  136387306, java, iotlab1, sing, 25
entry_5010521.class,  2.92,  1.43,  1.40,  0.07,  0.00,  124609899,  130741000,    9265000,  137017924, java, iotlab1, sing, 25
entry_5010521.class,  2.89,  1.40,  1.36,  0.07,  0.00,  124917164,  130500000,   11042000,  137185237, java, iotlab1, sing, 25
entry_5010521.class,  2.92,  1.43,  1.40,  0.07,  0.00,  122995316,  123220000,   15899000,  135326728, java, iotlab1, sing, 25
entry_5010521.class,  2.98,  1.44,  1.40,  0.07,  0.00,  123791100,  132103000,    8129000,  136214330, java, iotlab1, sing, 25
entry_5125305.class,  1.97,  1.00,  0.97,  0.05,  0.00,   79280405,   81240000,   13201000,   91682431, java, iotlab1, sing, 25
entry_5125305.class,  1.97,  0.99,  0.97,  0.05,  0.00,   79004434,   75460000,   17872000,   91270852, java, iotlab1, sing, 25
entry_5125305.class,  2.02,  1.00,  0.96,  0.05,  0.00,   82005666,   82923000,   14633000,   95382732, java, iotlab1, sing, 25
entry_5125305.class,  2.02,  1.00,  0.96,  0.05,  0.00,   81408068,   79124000,   17803000,   94694993, java, iotlab1, sing, 25
entry_5125305.class,  1.96,  0.97,  0.95,  0.05,  0.00,   81609828,   84773000,   10092000,   94333869, java, iotlab1, sing, 25
entry_5125305.class,  1.99,  1.00,  0.98,  0.05,  0.00,   79746153,   81101000,   13516000,   92123271, java, iotlab1, sing, 25
entry_5125305.class,  1.99,  1.01,  0.97,  0.05,  0.00,   79219381,   83340000,   11045000,   91621891, java, iotlab1, sing, 25
entry_5125305.class,  1.98,  1.00,  0.98,  0.05,  0.00,   80376580,   81090000,   13677000,   92747391, java, iotlab1, sing, 25
entry_5125305.class,  1.97,  0.99,  0.96,  0.05,  0.00,   81721799,   82943000,   13990000,   94999088, java, iotlab1, sing, 25
entry_5125305.class,  2.01,  1.00,  0.97,  0.05,  0.00,   82286531,   85783000,   11697000,   95526452, java, iotlab1, sing, 25
entry_5186402.class,  3.34,  1.62,  1.57,  0.08,  0.00,  147273247,  150229000,   10943000,  159566349, java, iotlab1, sing, 25
entry_5186402.class,  3.34,  1.64,  1.59,  0.08,  0.00,  144611655,  149560000,   10823000,  157154572, java, iotlab1, sing, 25
entry_5186402.class,  3.32,  1.64,  1.60,  0.08,  0.00,  144485047,  149028000,   11076000,  156750746, java, iotlab1, sing, 25
entry_5186402.class,  3.30,  1.63,  1.59,  0.08,  0.00,  144194621,  150546000,    7923000,  156591420, java, iotlab1, sing, 25
entry_5186402.class,  3.34,  1.62,  1.58,  0.08,  0.00,  144746636,  148492000,   11959000,  157125982, java, iotlab1, sing, 25
entry_5186402.class,  3.31,  1.60,  1.56,  0.08,  0.00,  144461701,  142821000,   16744000,  156823415, java, iotlab1, sing, 25
entry_5186402.class,  3.36,  1.63,  1.59,  0.08,  0.00,  145919378,  149138000,   10356000,  158232297, java, iotlab1, sing, 25
entry_5186402.class,  3.34,  1.65,  1.60,  0.08,  0.00,  144817860,  149065000,   11079000,  157174059, java, iotlab1, sing, 25
entry_5186402.class,  3.40,  1.63,  1.59,  0.08,  0.00,  144721985,  149042000,   11003000,  157071510, java, iotlab1, sing, 25
entry_5186402.class,  3.31,  1.63,  1.58,  0.08,  0.00,  144431069,  145604000,   14058000,  156818260, java, iotlab1, sing, 25
entry_5654272.class,  3.55,  1.41,  1.36,  0.10,  0.00,  175507987,  180257000,   25317000,  195126964, java, iotlab1, sing, 25
entry_5654272.class,  3.33,  1.60,  1.55,  0.08,  0.00,  144660396,  145651000,   14259000,  156916267, java, iotlab1, sing, 25
entry_5654272.class,  3.33,  1.62,  1.58,  0.08,  0.00,  143743366,  148560000,   11041000,  156113357, java, iotlab1, sing, 25
entry_5654272.class,  3.30,  1.62,  1.58,  0.08,  0.00,  143451434,  145852000,   12986000,  155771219, java, iotlab1, sing, 25
entry_5654272.class,  3.32,  1.63,  1.58,  0.08,  0.00,  144147301,  147573000,   11965000,  156542146, java, iotlab1, sing, 25
entry_5654272.class,  3.32,  1.62,  1.58,  0.08,  0.00,  145123862,  148054000,   12831000,  158349713, java, iotlab1, sing, 25
entry_5654272.class,  3.32,  1.62,  1.57,  0.08,  0.00,  144466083,  145464000,   14044000,  157858686, java, iotlab1, sing, 25
entry_5654272.class,  3.34,  1.64,  1.59,  0.08,  0.00,  144148022,  145916000,   14088000,  156573414, java, iotlab1, sing, 25
entry_5654272.class,  3.35,  1.64,  1.58,  0.08,  0.00,  145118783,  148655000,   12218000,  157567944, java, iotlab1, sing, 25
entry_5654272.class,  3.32,  1.63,  1.59,  0.08,  0.00,  144022669,  148195000,   10867000,  156485064, java, iotlab1, sing, 25
entry_5850915.class,  2.03,  1.01,  0.98,  0.05,  0.00,   82725507,   88386000,    9931000,   95077467, java, iotlab1, sing, 25
entry_5850915.class,  2.03,  1.01,  0.98,  0.05,  0.00,   82502516,   84304000,   13885000,   94811709, java, iotlab1, sing, 25
entry_5850915.class,  2.02,  0.99,  0.96,  0.05,  0.00,   84518282,   85224000,   15039000,   97738963, java, iotlab1, sing, 25
entry_5850915.class,  2.03,  1.01,  0.98,  0.05,  0.00,   82709063,   90526000,    7787000,   95088698, java, iotlab1, sing, 25
entry_5850915.class,  2.00,  1.00,  0.99,  0.05,  0.00,   82740138,   84235000,   14208000,   95229429, java, iotlab1, sing, 25
entry_5850915.class,  2.04,  1.02,  0.99,  0.05,  0.00,   82699543,   84690000,   13786000,   95211130, java, iotlab1, sing, 25
entry_5850915.class,  2.01,  1.00,  0.98,  0.05,  0.00,   82640935,   88826000,    9188000,   95177356, java, iotlab1, sing, 25
entry_5850915.class,  2.04,  1.00,  0.97,  0.05,  0.00,   84776512,   87536000,   12214000,   98187390, java, iotlab1, sing, 25
entry_5850915.class,  2.02,  0.98,  0.95,  0.05,  0.00,   84258303,   87584000,   12080000,   97550721, java, iotlab1, sing, 25
entry_5850915.class,  2.03,  1.01,  0.98,  0.05,  0.00,   82632381,   85690000,   12388000,   95062791, java, iotlab1, sing, 25
entry_5978325.class,  3.56,  1.75,  1.69,  0.09,  0.00,  153378408,  156558000,   12042000,  165774314, java, iotlab1, sing, 25
entry_5978325.class,  3.50,  1.70,  1.66,  0.09,  0.00,  153163271,  160212000,    8060000,  165415905, java, iotlab1, sing, 25
entry_5978325.class,  3.57,  1.73,  1.69,  0.09,  0.00,  153069855,  153587000,   14767000,  165385799, java, iotlab1, sing, 25
entry_5978325.class,  3.53,  1.73,  1.69,  0.09,  0.00,  153380047,  156809000,   11985000,  165963648, java, iotlab1, sing, 25
entry_5978325.class,  3.57,  1.74,  1.69,  0.09,  0.00,  153719125,  155501000,   13778000,  166381442, java, iotlab1, sing, 25
entry_5978325.class,  3.65,  1.73,  1.69,  0.09,  0.00,  153702926,  154790000,   14071000,  166073940, java, iotlab1, sing, 25
entry_5978325.class,  3.73,  1.78,  1.73,  0.09,  0.00,  168442314,  157824000,   11200000,  180933217, java, iotlab1, sing, 25
entry_5978325.class,  3.56,  1.75,  1.70,  0.09,  0.00,  153856858,  157065000,   12005000,  166337142, java, iotlab1, sing, 25
entry_5978325.class,  3.52,  1.73,  1.69,  0.09,  0.00,  153135240,  156804000,   11909000,  165499943, java, iotlab1, sing, 25
entry_5978325.class,  3.52,  1.72,  1.68,  0.09,  0.00,  152951513,  159170000,    9009000,  165347202, java, iotlab1, sing, 25
entry_5985085.class,  3.92,  1.95,  1.90,  0.10,  0.00,  163226496,  179583000,   14124000,  175616938, java, iotlab1, sing, 25
entry_5985085.class,  3.95,  1.97,  1.92,  0.10,  0.00,  163978193,  185191000,   10064000,  176412107, java, iotlab1, sing, 25
entry_5985085.class,  3.95,  1.97,  1.92,  0.10,  0.00,  163951646,  180393000,   13876000,  176382187, java, iotlab1, sing, 25
entry_5985085.class,  3.91,  1.95,  1.90,  0.10,  0.00,  163141010,  180242000,   13090000,  175594665, java, iotlab1, sing, 25
entry_5985085.class,  3.95,  1.93,  1.87,  0.10,  0.00,  165599801,  180230000,   15187000,  178886372, java, iotlab1, sing, 25
entry_5985085.class,  3.85,  1.85,  1.80,  0.10,  0.00,  167713712,  184701000,   13192000,  182630404, java, iotlab1, sing, 25
entry_5985085.class,  3.95,  1.96,  1.90,  0.10,  0.00,  163359889,  175381000,   18353000,  175948445, java, iotlab1, sing, 25
entry_5985085.class,  3.92,  1.94,  1.89,  0.10,  0.00,  163425865,  176969000,   16807000,  175658591, java, iotlab1, sing, 25
entry_5985085.class,  3.90,  1.94,  1.89,  0.10,  0.00,  163018570,  178560000,   14366000,  175281764, java, iotlab1, sing, 25
entry_5985085.class,  3.94,  1.97,  1.92,  0.10,  0.00,  164046196,  176514000,   17147000,  176400482, java, iotlab1, sing, 25
entry_6328177.class,  7.86,  3.84,  3.73,  0.19,  0.00,  347412635,  355926000,   20820000,  360599152, java, iotlab1, sing, 25
entry_6328177.class,  7.92,  3.87,  3.76,  0.19,  0.00,  349072764,  362622000,   15983000,  362354142, java, iotlab1, sing, 25
entry_6328177.class,  7.81,  3.85,  3.74,  0.19,  0.00,  347025685,  362080000,   13964000,  359391892, java, iotlab1, sing, 25
entry_6328177.class,  7.98,  3.86,  3.76,  0.19,  0.00,  355506397,  363028000,   12965000,  367923295, java, iotlab1, sing, 25
entry_6328177.class,  7.83,  3.83,  3.73,  0.19,  0.00,  346449847,  361612000,   13946000,  358805638, java, iotlab1, sing, 25
entry_6328177.class,  7.94,  3.88,  3.77,  0.19,  0.00,  347356670,  368451000,    9011000,  359793020, java, iotlab1, sing, 25
entry_6328177.class,  7.85,  3.83,  3.71,  0.19,  0.00,  346447497,  360259000,   15052000,  358795147, java, iotlab1, sing, 25
entry_6328177.class,  7.93,  3.87,  3.76,  0.19,  0.00,  346734853,  357892000,   19047000,  359080357, java, iotlab1, sing, 25
entry_6328177.class,  7.85,  3.86,  3.75,  0.19,  0.00,  346056362,  361392000,   14054000,  358550890, java, iotlab1, sing, 25
entry_6328177.class,  7.83,  3.85,  3.75,  0.19,  0.00,  345747807,  356832000,   18195000,  358285736, java, iotlab1, sing, 25
entry_6444696.class,  3.20,  1.58,  1.54,  0.08,  0.00,  138479807,  142937000,   13085000,  150787287, java, iotlab1, sing, 25
entry_6444696.class,  3.25,  1.60,  1.55,  0.08,  0.00,  138467710,  138467000,   18269000,  150770363, java, iotlab1, sing, 25
entry_6444696.class,  3.24,  1.60,  1.56,  0.08,  0.00,  138001015,  143209000,   12188000,  150534389, java, iotlab1, sing, 25
entry_6444696.class,  3.21,  1.59,  1.55,  0.08,  0.00,  137266147,  142572000,   11964000,  149565277, java, iotlab1, sing, 25
entry_6444696.class,  3.23,  1.60,  1.55,  0.08,  0.00,  137732393,  145708000,    9170000,  150049999, java, iotlab1, sing, 25
entry_6444696.class,  3.26,  1.62,  1.58,  0.08,  0.00,  139058670,  145376000,   10878000,  151458633, java, iotlab1, sing, 25
entry_6444696.class,  3.26,  1.61,  1.56,  0.08,  0.00,  138275995,  138653000,   16717000,  150716470, java, iotlab1, sing, 25
entry_6444696.class,  3.23,  1.60,  1.55,  0.08,  0.00,  137925725,  144519000,   10814000,  150258071, java, iotlab1, sing, 25
entry_6444696.class,  3.25,  1.61,  1.56,  0.08,  0.00,  138404943,  143983000,   12082000,  150855767, java, iotlab1, sing, 25
entry_6444696.class,  3.25,  1.61,  1.56,  0.08,  0.00,  138468277,  147711000,    7930000,  150931421, java, iotlab1, sing, 25
entry_6444855.class,  4.46,  2.19,  2.14,  0.11,  0.00,  194230498,  201614000,   13039000,  206491009, java, iotlab1, sing, 25
entry_6444855.class,  4.46,  2.18,  2.13,  0.11,  0.00,  194599788,  203775000,   11096000,  206903213, java, iotlab1, sing, 25
entry_6444855.class,  4.47,  2.20,  2.14,  0.11,  0.00,  194283056,  207505000,    7085000,  206610387, java, iotlab1, sing, 25
entry_6444855.class,  4.47,  2.21,  2.15,  0.11,  0.00,  194106518,  203414000,   11077000,  206645018, java, iotlab1, sing, 25
entry_6444855.class,  4.42,  2.18,  2.13,  0.11,  0.00,  193920342,  205510000,    8978000,  206300436, java, iotlab1, sing, 25
entry_6444855.class,  4.45,  2.20,  2.14,  0.11,  0.00,  194031994,  201383000,   12896000,  206335017, java, iotlab1, sing, 25
entry_6444855.class,  4.48,  2.21,  2.15,  0.11,  0.00,  194715392,  201314000,   14092000,  207190038, java, iotlab1, sing, 25
entry_6444855.class,  4.48,  2.21,  2.15,  0.11,  0.00,  194940033,  204101000,   10793000,  207345436, java, iotlab1, sing, 25
entry_6444855.class,  4.50,  2.22,  2.16,  0.11,  0.00,  194748984,  207262000,    8010000,  207031964, java, iotlab1, sing, 25
entry_6444855.class,  4.53,  2.22,  2.16,  0.11,  0.00,  195166572,  201554000,   13969000,  207650548, java, iotlab1, sing, 25
entry_6747294.class,  3.94,  1.92,  1.87,  0.10,  0.00,  170220070,  182473000,   12031000,  183555772, java, iotlab1, sing, 25
entry_6747294.class,  3.86,  1.81,  1.76,  0.10,  0.00,  178266553,  193248000,   14091000,  193443821, java, iotlab1, sing, 25
entry_6747294.class,  3.94,  1.95,  1.90,  0.09,  0.00,  169180200,  180096000,   11809000,  181700106, java, iotlab1, sing, 25
entry_6747294.class,  3.93,  1.92,  1.87,  0.10,  0.00,  169903963,  180121000,   12008000,  182123331, java, iotlab1, sing, 25
entry_6747294.class,  3.96,  1.96,  1.91,  0.10,  0.00,  170250335,  183035000,    9893000,  182651222, java, iotlab1, sing, 25
entry_6747294.class,  3.94,  1.96,  1.90,  0.10,  0.00,  168687900,  181785000,   11985000,  181088420, java, iotlab1, sing, 25
entry_6747294.class,  3.96,  1.94,  1.88,  0.10,  0.00,  169703700,  173452000,   21437000,  183044965, java, iotlab1, sing, 25
entry_6747294.class,  3.93,  1.95,  1.89,  0.10,  0.00,  168118107,  177691000,   15883000,  180505941, java, iotlab1, sing, 25
entry_6747294.class,  4.17,  2.00,  1.94,  0.10,  0.00,  183725753,  178742000,   13749000,  196168442, java, iotlab1, sing, 25
entry_6747294.class,  3.95,  1.95,  1.90,  0.10,  0.00,  169874769,  183960000,    8901000,  182211463, java, iotlab1, sing, 25
entry_6908033.class,  1.77,  0.89,  0.86,  0.05,  0.00,   69221011,   74239000,   13220000,   81617375, java, iotlab1, sing, 25
entry_6908033.class,  1.80,  0.88,  0.86,  0.05,  0.00,   71292726,   74559000,   14497000,   84590319, java, iotlab1, sing, 25
entry_6908033.class,  1.76,  0.90,  0.87,  0.04,  0.00,   68789274,   74818000,   11971000,   81215051, java, iotlab1, sing, 25
entry_6908033.class,  1.77,  0.89,  0.86,  0.05,  0.00,   69661827,   77517000,   10067000,   82013182, java, iotlab1, sing, 25
entry_6908033.class,  1.75,  0.87,  0.85,  0.04,  0.00,   69150364,   72329000,   14262000,   81584012, java, iotlab1, sing, 25
entry_6908033.class,  1.76,  0.88,  0.86,  0.05,  0.00,   69171681,   75496000,   11222000,   81678443, java, iotlab1, sing, 25
entry_6908033.class,  1.76,  0.89,  0.86,  0.04,  0.00,   68775971,   75436000,   11064000,   81098868, java, iotlab1, sing, 25
entry_6908033.class,  1.76,  0.87,  0.85,  0.05,  0.00,   69427561,   68444000,   19124000,   81866497, java, iotlab1, sing, 25
entry_6908033.class,  1.79,  0.90,  0.87,  0.05,  0.00,   69254515,   71361000,   15640000,   81617087, java, iotlab1, sing, 25
entry_6908033.class,  1.74,  0.87,  0.86,  0.04,  0.00,   68942936,   76713000,    9962000,   81586574, java, iotlab1, sing, 25
entry_6966037.class,  3.95,  1.97,  1.91,  0.10,  0.00,  163245635,  182555000,   11156000,  175661061, java, iotlab1, sing, 25
entry_6966037.class,  3.95,  1.97,  1.91,  0.10,  0.00,  163197167,  181909000,   10994000,  175574062, java, iotlab1, sing, 25
entry_6966037.class,  3.92,  1.95,  1.90,  0.10,  0.00,  162642702,  179694000,   13348000,  174875039, java, iotlab1, sing, 25
entry_6966037.class,  3.90,  1.93,  1.89,  0.10,  0.00,  162521345,  168244000,   24178000,  174926425, java, iotlab1, sing, 25
entry_6966037.class,  3.94,  1.94,  1.89,  0.10,  0.00,  165680888,  177262000,   17628000,  178709671, java, iotlab1, sing, 25
entry_6966037.class,  3.91,  1.94,  1.89,  0.10,  0.00,  163233946,  181107000,   12141000,  176302899, java, iotlab1, sing, 25
entry_6966037.class,  3.90,  1.93,  1.88,  0.10,  0.00,  163058187,  176463000,   16853000,  175490096, java, iotlab1, sing, 25
entry_6966037.class,  3.91,  1.95,  1.89,  0.10,  0.00,  162384325,  179212000,   13389000,  174677615, java, iotlab1, sing, 25
entry_6966037.class,  3.92,  1.95,  1.90,  0.10,  0.00,  163187098,  177563000,   16327000,  175611224, java, iotlab1, sing, 25
entry_6966037.class,  3.90,  1.94,  1.89,  0.10,  0.00,  162459688,  178049000,   14920000,  174851290, java, iotlab1, sing, 25
entry_7035164.class,  2.34,  1.08,  1.04,  0.06,  0.00,  102175667,   85603000,   12940000,  114636902, java, iotlab1, sing, 25
entry_7035164.class,  2.01,  1.00,  0.98,  0.05,  0.00,   82286425,   89123000,    9114000,   94778634, java, iotlab1, sing, 25
entry_7035164.class,  2.04,  1.02,  0.99,  0.05,  0.00,   83040866,   84566000,   14094000,   95508914, java, iotlab1, sing, 25
entry_7035164.class,  2.04,  1.00,  0.96,  0.05,  0.00,   84886548,   85073000,   14838000,   98087563, java, iotlab1, sing, 25
entry_7035164.class,  2.04,  1.02,  0.99,  0.05,  0.00,   82985171,   87567000,   11200000,   95418536, java, iotlab1, sing, 25
entry_7035164.class,  2.05,  1.01,  0.98,  0.05,  0.00,   84592093,   87487000,   12351000,   98047776, java, iotlab1, sing, 25
entry_7035164.class,  2.00,  0.98,  0.96,  0.05,  0.00,   83128768,   88547000,    9949000,   95840962, java, iotlab1, sing, 25
entry_7035164.class,  2.05,  1.02,  0.99,  0.05,  0.00,   84173140,   89247000,    9025000,   96577207, java, iotlab1, sing, 25
entry_7035164.class,  2.03,  1.00,  0.97,  0.05,  0.00,   82952255,   88772000,    9290000,   95331507, java, iotlab1, sing, 25
entry_7035164.class,  2.01,  1.00,  0.98,  0.05,  0.00,   82575706,   87825000,   10094000,   95026232, java, iotlab1, sing, 25
entry_7345789.class,  2.99,  1.53,  1.49,  0.07,  0.00,  116187222,  129936000,   17123000,  128520115, java, iotlab1, sing, 25
entry_7345789.class,  2.91,  1.47,  1.44,  0.07,  0.00,  117788084,  133255000,   16656000,  130209431, java, iotlab1, sing, 25
entry_7345789.class,  2.97,  1.51,  1.48,  0.07,  0.00,  117079685,  129535000,   16682000,  129574902, java, iotlab1, sing, 25
entry_7345789.class,  2.98,  1.51,  1.48,  0.07,  0.00,  116655233,  137453000,    9818000,  129106940, java, iotlab1, sing, 25
entry_7345789.class,  2.97,  1.51,  1.48,  0.07,  0.00,  116334870,  130871000,   16727000,  128692106, java, iotlab1, sing, 25
entry_7345789.class,  2.98,  1.48,  1.45,  0.07,  0.00,  118478273,  134784000,   12789000,  131770619, java, iotlab1, sing, 25
entry_7345789.class,  2.92,  1.47,  1.43,  0.07,  0.00,  116146297,  136096000,   11007000,  128946225, java, iotlab1, sing, 25
entry_7345789.class,  2.96,  1.50,  1.46,  0.07,  0.00,  116133741,  133288000,   13925000,  128449392, java, iotlab1, sing, 25
entry_7345789.class,  2.97,  1.49,  1.44,  0.08,  0.00,  117522543,  133120000,   15127000,  130717804, java, iotlab1, sing, 25
entry_7345789.class,  2.96,  1.51,  1.47,  0.07,  0.00,  115737343,  128243000,   18467000,  128207406, java, iotlab1, sing, 25
entry_7462261.class,  2.23,  1.10,  1.07,  0.06,  0.00,   88918558,  103823000,   12214000,  102229142, java, iotlab1, sing, 25
entry_7462261.class,  2.04,  1.01,  0.99,  0.05,  0.00,   81332948,   91142000,   10897000,   94069781, java, iotlab1, sing, 25
entry_7462261.class,  2.22,  1.11,  1.09,  0.06,  0.00,   87199537,  103499000,   10048000,   99520206, java, iotlab1, sing, 25
entry_7462261.class,  2.22,  1.12,  1.10,  0.05,  0.00,   87713833,  104970000,    9353000,  100102644, java, iotlab1, sing, 25
entry_7462261.class,  2.23,  1.12,  1.09,  0.06,  0.00,   86532028,   99707000,   13959000,   98870804, java, iotlab1, sing, 25
entry_7462261.class,  2.04,  1.02,  1.00,  0.05,  0.00,   81302736,   87795000,   14797000,   93696283, java, iotlab1, sing, 25
entry_7462261.class,  2.25,  1.14,  1.11,  0.05,  0.00,   87879161,  105983000,    8914000,  100308866, java, iotlab1, sing, 25
entry_7462261.class,  2.09,  1.03,  1.01,  0.05,  0.00,   81090172,   86429000,   16269000,   93434670, java, iotlab1, sing, 25
entry_7462261.class,  2.24,  1.13,  1.10,  0.05,  0.00,   86798697,  101288000,   12034000,   99170088, java, iotlab1, sing, 25
entry_7462261.class,  2.07,  1.03,  1.00,  0.05,  0.00,   82264279,   90660000,   11573000,   94661579, java, iotlab1, sing, 25
entry_8216846.class,  4.85,  2.36,  2.29,  0.12,  0.00,  211855619,  215327000,   11907000,  224231265, java, iotlab1, sing, 25
entry_8216846.class,  4.83,  2.35,  2.29,  0.12,  0.00,  211115143,  213087000,   14005000,  223581290, java, iotlab1, sing, 25
entry_8216846.class,  4.77,  2.35,  2.28,  0.12,  0.00,  211049728,  213955000,   13058000,  223601009, java, iotlab1, sing, 25
entry_8216846.class,  4.79,  2.33,  2.26,  0.12,  0.00,  213178414,  211585000,   17128000,  226417988, java, iotlab1, sing, 25
entry_8216846.class,  4.74,  2.26,  2.19,  0.12,  0.00,  215749668,  222625000,   11031000,  231014973, java, iotlab1, sing, 25
entry_8216846.class,  4.78,  2.31,  2.25,  0.12,  0.00,  210588409,  212489000,   13901000,  222911207, java, iotlab1, sing, 25
entry_8216846.class,  4.79,  2.34,  2.28,  0.12,  0.00,  210959395,  215685000,   11035000,  223435632, java, iotlab1, sing, 25
entry_8216846.class,  4.79,  2.34,  2.28,  0.12,  0.00,  211130553,  215054000,   11947000,  223478765, java, iotlab1, sing, 25
entry_8216846.class,  4.85,  2.36,  2.29,  0.12,  0.00,  212464932,  212242000,   15088000,  224824798, java, iotlab1, sing, 25
entry_8216846.class,  4.88,  2.38,  2.30,  0.12,  0.00,  214242378,  216556000,   11028000,  226693613, java, iotlab1, sing, 25
entry_8483012.class,  8.69,  4.23,  4.10,  0.20,  0.00,  377284143,  386274000,   12039000,  389649354, java, iotlab1, sing, 25
entry_8483012.class,  8.67,  4.25,  4.14,  0.20,  0.00,  376206025,  382507000,   14980000,  388499121, java, iotlab1, sing, 25
entry_8483012.class,  8.60,  4.26,  4.15,  0.20,  0.00,  375975759,  386068000,   11940000,  388390232, java, iotlab1, sing, 25
entry_8483012.class,  9.56,  4.37,  4.23,  0.23,  0.00,  444324996,  385492000,   12949000,  458130963, java, iotlab1, sing, 25
entry_8483012.class,  8.62,  4.27,  4.16,  0.20,  0.00,  376268699,  382164000,   15882000,  388623503, java, iotlab1, sing, 25
entry_8483012.class,  8.62,  4.25,  4.14,  0.20,  0.00,  376444504,  388007000,   10078000,  388777423, java, iotlab1, sing, 25
entry_8483012.class, 10.07,  5.16,  5.04,  0.22,  0.00,  384881396,  392788000,   12993000,  397069726, java, iotlab1, sing, 25
entry_8483012.class,  8.66,  4.25,  4.14,  0.20,  0.00,  375290228,  388238000,    8936000,  387518066, java, iotlab1, sing, 25
entry_8483012.class,  8.56,  4.27,  4.15,  0.20,  0.00,  375937199,  386722000,   10963000,  388296198, java, iotlab1, sing, 25
entry_8483012.class,  8.63,  4.27,  4.15,  0.20,  0.00,  377765735,  386970000,   11999000,  390246286, java, iotlab1, sing, 25
entry_8578688.class,  2.99,  1.50,  1.46,  0.07,  0.00,  118076438,  131520000,   18210000,  130428178, java, iotlab1, sing, 25
entry_8578688.class,  3.03,  1.50,  1.46,  0.08,  0.00,  118574084,  133571000,   15948000,  131022898, java, iotlab1, sing, 25
entry_8578688.class,  3.02,  1.49,  1.45,  0.08,  0.00,  118256218,  125170000,   23654000,  130567466, java, iotlab1, sing, 25
entry_8578688.class,  2.97,  1.49,  1.45,  0.08,  0.00,  117789934,  138319000,   10023000,  130261857, java, iotlab1, sing, 25
entry_8578688.class,  2.95,  1.47,  1.43,  0.07,  0.00,  118162443,  130996000,   17596000,  130534462, java, iotlab1, sing, 25
entry_8578688.class,  2.95,  1.48,  1.45,  0.07,  0.00,  117817960,  136759000,   12247000,  130235873, java, iotlab1, sing, 25
entry_8578688.class,  2.96,  1.49,  1.45,  0.08,  0.00,  118510032,  132400000,   16550000,  131038209, java, iotlab1, sing, 25
entry_8578688.class,  2.97,  1.48,  1.44,  0.08,  0.00,  118181656,  137286000,   10943000,  130570602, java, iotlab1, sing, 25
entry_8578688.class,  2.96,  1.49,  1.46,  0.08,  0.00,  118186395,  138960000,    9717000,  130621851, java, iotlab1, sing, 25
entry_8578688.class,  2.97,  1.50,  1.47,  0.07,  0.00,  118678058,  134569000,   15602000,  130958058, java, iotlab1, sing, 25
entry_9477490.class,  4.71,  2.34,  2.28,  0.11,  0.00,  197961380,  218762000,   13858000,  210339814, java, iotlab1, sing, 25
entry_9477490.class,  4.97,  2.40,  2.34,  0.12,  0.00,  209309410,  219430000,   13963000,  221597276, java, iotlab1, sing, 25
entry_9477490.class,  4.68,  2.31,  2.26,  0.11,  0.00,  197577741,  218832000,   13109000,  209951273, java, iotlab1, sing, 25
entry_9477490.class,  4.78,  2.35,  2.28,  0.12,  0.00,  199954889,  215831000,   17307000,  213403726, java, iotlab1, sing, 25
entry_9477490.class,  4.69,  2.33,  2.27,  0.11,  0.00,  196915173,  216001000,   15355000,  209476402, java, iotlab1, sing, 25
entry_9477490.class,  4.77,  2.38,  2.32,  0.12,  0.00,  198432940,  215913000,   16068000,  210897455, java, iotlab1, sing, 25
entry_9477490.class,  4.71,  2.34,  2.29,  0.11,  0.00,  198736511,  219989000,   13363000,  211162920, java, iotlab1, sing, 25
entry_9477490.class,  4.74,  2.35,  2.30,  0.11,  0.00,  198643710,  219234000,   13763000,  211231674, java, iotlab1, sing, 25
entry_9477490.class,  4.82,  2.34,  2.28,  0.12,  0.00,  208246829,  224651000,    7051000,  220569183, java, iotlab1, sing, 25
entry_9477490.class,  4.84,  2.35,  2.29,  0.12,  0.00,  208121338,  219983000,   11999000,  220559861, java, iotlab1, sing, 25
entry_961114.class,  3.73,  1.82,  1.77,  0.09,  0.00,  160648116,  167842000,    9045000,  173038613, java, iotlab1, sing, 25
entry_961114.class,  3.67,  1.80,  1.75,  0.09,  0.00,  160495981,  167848000,    8040000,  172786066, java, iotlab1, sing, 25
entry_961114.class,  3.71,  1.81,  1.75,  0.09,  0.00,  160381268,  164085000,   12006000,  172906252, java, iotlab1, sing, 25
entry_961114.class,  3.70,  1.82,  1.78,  0.09,  0.00,  160560684,  167814000,    8990000,  172951080, java, iotlab1, sing, 25
entry_961114.class,  3.68,  1.80,  1.76,  0.09,  0.00,  160581671,  167053000,    9002000,  173108715, java, iotlab1, sing, 25
entry_961114.class,  3.70,  1.81,  1.76,  0.09,  0.00,  160090563,  158587000,   17953000,  172450679, java, iotlab1, sing, 25
entry_961114.class,  3.68,  1.80,  1.74,  0.09,  0.00,  159952775,  160930000,   15182000,  172230752, java, iotlab1, sing, 25
entry_961114.class,  3.70,  1.80,  1.75,  0.09,  0.00,  160016856,  166354000,    9961000,  172504429, java, iotlab1, sing, 25
entry_961114.class,  3.91,  1.87,  1.82,  0.10,  0.00,  174265627,  162518000,   14220000,  186588950, java, iotlab1, sing, 25
entry_961114.class,  3.70,  1.78,  1.73,  0.09,  0.00,  161887306,  164994000,   13078000,  175119261, java, iotlab1, sing, 25
entry_9645129.class,  3.26,  1.62,  1.57,  0.08,  0.00,  131335473,  152641000,    9976000,  144702881, java, iotlab1, sing, 25
entry_9645129.class,  3.22,  1.55,  1.50,  0.08,  0.00,  131999619,  152711000,   12564000,  145356487, java, iotlab1, sing, 25
entry_9645129.class,  3.23,  1.61,  1.57,  0.08,  0.00,  128399500,  140314000,   20044000,  140838165, java, iotlab1, sing, 25
entry_9645129.class,  3.22,  1.61,  1.57,  0.08,  0.00,  130542004,  144793000,   17729000,  143724970, java, iotlab1, sing, 25
entry_9645129.class,  3.24,  1.64,  1.60,  0.08,  0.00,  129686260,  148268000,   13112000,  142138288, java, iotlab1, sing, 25
entry_9645129.class,  3.27,  1.64,  1.60,  0.08,  0.00,  131231752,  149361000,   10880000,  143463101, java, iotlab1, sing, 25
entry_9645129.class,  3.21,  1.57,  1.53,  0.08,  0.00,  133287957,  142737000,   21807000,  146634275, java, iotlab1, sing, 25
entry_9645129.class,  3.24,  1.64,  1.59,  0.08,  0.00,  128529935,  149113000,   11082000,  141089934, java, iotlab1, sing, 25
entry_9645129.class,  3.20,  1.54,  1.50,  0.08,  0.00,  134592553,  151004000,   17000000,  147928965, java, iotlab1, sing, 25
entry_9645129.class,  3.24,  1.63,  1.60,  0.08,  0.00,  129278458,  148378000,   13033000,  142588671, java, iotlab1, sing, 25
entry_9645131.class,  3.24,  1.61,  1.56,  0.08,  0.00,  129372357,  146021000,   15105000,  141717758, java, iotlab1, sing, 25
entry_9645131.class,  3.27,  1.60,  1.55,  0.08,  0.00,  130705896,  145389000,   16043000,  143880768, java, iotlab1, sing, 25
entry_9645131.class,  3.21,  1.60,  1.55,  0.08,  0.00,  128373978,  141207000,   19163000,  141118959, java, iotlab1, sing, 25
entry_9645131.class,  3.21,  1.61,  1.57,  0.08,  0.00,  128417628,  143025000,   16768000,  140715310, java, iotlab1, sing, 25
entry_9645131.class,  3.25,  1.61,  1.58,  0.08,  0.00,  129462937,  148573000,   12876000,  141844084, java, iotlab1, sing, 25
entry_9645131.class,  3.27,  1.63,  1.58,  0.08,  0.00,  129456760,  140576000,   20789000,  142025414, java, iotlab1, sing, 25
entry_9645131.class,  3.24,  1.61,  1.57,  0.08,  0.00,  128672837,  150488000,    9151000,  141101633, java, iotlab1, sing, 25
entry_9645131.class,  3.27,  1.62,  1.57,  0.08,  0.00,  130923420,  149490000,   13130000,  144442003, java, iotlab1, sing, 25
entry_9645131.class,  3.20,  1.56,  1.52,  0.08,  0.00,  131747666,  158235000,    6125000,  145931908, java, iotlab1, sing, 25
entry_9645131.class,  3.25,  1.61,  1.57,  0.08,  0.00,  128896707,  149362000,   11330000,  141081160, java, iotlab1, sing, 25
