file,psys,pkg,cores,ram,gpu,duration_time,user_time,system_time,perf_time,lang,machine,cores,power_limit
entry_1015385.class,  3.15,  1.18,  1.13,  0.10,  0.00,  167940540,  112997000,   19999000,  219516103, java, iotlab1, sing, 15
entry_1015385.class,  2.32,  1.13,  1.10,  0.06,  0.00,   96925758,  106426000,    7811000,  109294135, java, iotlab1, sing, 15
entry_1015385.class,  2.30,  1.14,  1.11,  0.06,  0.00,   97390934,  108452000,    6081000,  109610167, java, iotlab1, sing, 15
entry_1015385.class,  2.29,  1.14,  1.11,  0.06,  0.00,   96885716,  103314000,   10927000,  109172856, java, iotlab1, sing, 15
entry_1015385.class,  2.35,  1.17,  1.14,  0.06,  0.00,   97118590,   96934000,   17448000,  109547013, java, iotlab1, sing, 15
entry_1015385.class,  2.34,  1.17,  1.14,  0.06,  0.00,   97136299,  101828000,   10182000,  109476206, java, iotlab1, sing, 15
entry_1015385.class,  2.32,  1.18,  1.15,  0.06,  0.00,   97868323,  104858000,   10180000,  110301631, java, iotlab1, sing, 15
entry_1015385.class,  2.27,  1.14,  1.12,  0.06,  0.00,   96610689,  103022000,   11110000,  108797121, java, iotlab1, sing, 15
entry_1015385.class,  2.30,  1.16,  1.13,  0.06,  0.00,   96047423,   99011000,   14144000,  108374826, java, iotlab1, sing, 15
entry_1015385.class,  2.30,  1.15,  1.13,  0.06,  0.00,   96239161,  100839000,   12852000,  108555879, java, iotlab1, sing, 15
entry_10346413.class,  4.85,  2.40,  2.33,  0.12,  0.00,  219210339,  225256000,   12067000,  231651783, java, iotlab1, sing, 15
entry_10346413.class,  4.93,  2.41,  2.34,  0.12,  0.00,  219071918,  222068000,   14804000,  231511052, java, iotlab1, sing, 15
entry_10346413.class,  4.95,  2.40,  2.34,  0.12,  0.00,  218930357,  226513000,    8980000,  231281246, java, iotlab1, sing, 15
entry_10346413.class,  4.89,  2.42,  2.34,  0.12,  0.00,  217856425,  224453000,   11022000,  230156488, java, iotlab1, sing, 15
entry_10346413.class,  4.88,  2.36,  2.29,  0.12,  0.00,  221038531,  228510000,    9978000,  233429303, java, iotlab1, sing, 15
entry_10346413.class,  4.93,  2.36,  2.29,  0.12,  0.00,  219485872,  226517000,   10022000,  232890598, java, iotlab1, sing, 15
entry_10346413.class,  4.91,  2.37,  2.29,  0.12,  0.00,  220125908,  227070000,   10003000,  233344736, java, iotlab1, sing, 15
entry_10346413.class,  4.90,  2.42,  2.34,  0.12,  0.00,  217880476,  223767000,   11987000,  230120696, java, iotlab1, sing, 15
entry_10346413.class,  4.92,  2.40,  2.33,  0.12,  0.00,  218015393,  222987000,   12941000,  230324848, java, iotlab1, sing, 15
entry_10346413.class,  4.90,  2.38,  2.31,  0.12,  0.00,  217851875,  225356000,    9971000,  230217674, java, iotlab1, sing, 15
entry_10363331.class,  2.39,  1.07,  1.03,  0.07,  0.00,  111047162,  100337000,   31418000,  124457911, java, iotlab1, sing, 15
entry_10363331.class,  2.45,  1.17,  1.14,  0.07,  0.00,  101103524,   94508000,   24389000,  113496604, java, iotlab1, sing, 15
entry_10363331.class,  2.42,  1.19,  1.16,  0.07,  0.00,  100922481,   96124000,   21801000,  113209241, java, iotlab1, sing, 15
entry_10363331.class,  2.41,  1.19,  1.16,  0.07,  0.00,  100712055,   95422000,   23347000,  113143576, java, iotlab1, sing, 15
entry_10363331.class,  2.41,  1.16,  1.14,  0.07,  0.00,  102524266,   93021000,   27299000,  115048899, java, iotlab1, sing, 15
entry_10363331.class,  2.45,  1.21,  1.17,  0.07,  0.00,  102546046,   94958000,   22515000,  114890928, java, iotlab1, sing, 15
entry_10363331.class,  2.40,  1.17,  1.13,  0.07,  0.00,  102322798,   94152000,   25866000,  114663557, java, iotlab1, sing, 15
entry_10363331.class,  2.43,  1.19,  1.15,  0.07,  0.00,  100901151,   88172000,   30370000,  113324064, java, iotlab1, sing, 15
entry_10363331.class,  2.69,  1.23,  1.19,  0.08,  0.00,  119760335,   89196000,   31421000,  132156617, java, iotlab1, sing, 15
entry_10363331.class,  2.44,  1.18,  1.14,  0.07,  0.00,  103838358,   92586000,   27579000,  116135953, java, iotlab1, sing, 15
entry_10364996.class,  2.81,  1.33,  1.29,  0.08,  0.00,  122114037,  119135000,   20192000,  135045497, java, iotlab1, sing, 15
entry_10364996.class,  2.84,  1.38,  1.33,  0.08,  0.00,  118315913,  113897000,   23389000,  130670317, java, iotlab1, sing, 15
entry_10364996.class,  2.79,  1.36,  1.33,  0.07,  0.00,  118453582,  117349000,   19889000,  130796951, java, iotlab1, sing, 15
entry_10364996.class,  2.80,  1.37,  1.33,  0.07,  0.00,  117892136,  114807000,   21773000,  130089341, java, iotlab1, sing, 15
entry_10364996.class,  2.80,  1.35,  1.31,  0.08,  0.00,  120229970,  117131000,   22638000,  132495225, java, iotlab1, sing, 15
entry_10364996.class,  2.80,  1.35,  1.31,  0.08,  0.00,  120054749,  118806000,   20308000,  132372598, java, iotlab1, sing, 15
entry_10364996.class,  2.81,  1.36,  1.32,  0.08,  0.00,  118241701,  107399000,   30111000,  130520282, java, iotlab1, sing, 15
entry_10364996.class,  2.85,  1.38,  1.34,  0.08,  0.00,  118740221,  109614000,   28157000,  131117468, java, iotlab1, sing, 15
entry_10364996.class,  2.87,  1.37,  1.32,  0.08,  0.00,  119612348,  109407000,   29378000,  131978275, java, iotlab1, sing, 15
entry_10364996.class,  2.90,  1.32,  1.28,  0.08,  0.00,  124528998,  116900000,   27446000,  137764368, java, iotlab1, sing, 15
entry_1041824.class,  2.44,  1.16,  1.14,  0.06,  0.00,  102248921,  108272000,   10025000,  114604811, java, iotlab1, sing, 15
entry_1041824.class,  2.45,  1.14,  1.11,  0.06,  0.00,  107051889,  110633000,   12841000,  119912957, java, iotlab1, sing, 15
entry_1041824.class,  2.43,  1.15,  1.11,  0.06,  0.00,  103016650,  107843000,   11658000,  115362675, java, iotlab1, sing, 15
entry_1041824.class,  2.47,  1.18,  1.15,  0.06,  0.00,  103099429,  106739000,    9975000,  115379883, java, iotlab1, sing, 15
entry_1041824.class,  2.43,  1.18,  1.15,  0.06,  0.00,  102930526,  104737000,   13964000,  115320233, java, iotlab1, sing, 15
entry_1041824.class,  2.43,  1.17,  1.14,  0.06,  0.00,  104567998,  110150000,    8392000,  117028856, java, iotlab1, sing, 15
entry_1041824.class,  2.46,  1.16,  1.12,  0.06,  0.00,  104345774,  107643000,   13078000,  117869193, java, iotlab1, sing, 15
entry_1041824.class,  2.41,  1.11,  1.07,  0.06,  0.00,  106771701,  114193000,    9428000,  120961312, java, iotlab1, sing, 15
entry_1041824.class,  2.46,  1.18,  1.15,  0.06,  0.00,  102924613,  107646000,   10863000,  115485343, java, iotlab1, sing, 15
entry_1041824.class,  2.45,  1.19,  1.15,  0.06,  0.00,  102791458,  109100000,   10101000,  115268939, java, iotlab1, sing, 15
entry_1070913.class,  3.23,  1.15,  1.09,  0.11,  0.00,  171178362,  144329000,   17673000,  183703528, java, iotlab1, sing, 15
entry_1070913.class,  2.31,  1.09,  1.07,  0.06,  0.00,   94890180,  118685000,   12965000,  108265584, java, iotlab1, sing, 15
entry_1070913.class,  2.32,  1.15,  1.12,  0.06,  0.00,   91448687,  107532000,   20289000,  103827436, java, iotlab1, sing, 15
entry_1070913.class,  2.30,  1.12,  1.09,  0.06,  0.00,   90590866,  116167000,   11111000,  102894878, java, iotlab1, sing, 15
entry_1070913.class,  2.32,  1.15,  1.12,  0.06,  0.00,   89829815,  108973000,   16689000,  102291471, java, iotlab1, sing, 15
entry_1070913.class,  2.33,  1.15,  1.11,  0.06,  0.00,   90709756,  114685000,   10969000,  102965264, java, iotlab1, sing, 15
entry_1070913.class,  2.35,  1.14,  1.11,  0.06,  0.00,   89964804,  110695000,   15813000,  102267938, java, iotlab1, sing, 15
entry_1070913.class,  2.30,  1.12,  1.09,  0.06,  0.00,   90324368,  110400000,   15360000,  102698604, java, iotlab1, sing, 15
entry_1070913.class,  2.31,  1.12,  1.09,  0.06,  0.00,   91045614,  111488000,   15926000,  103431244, java, iotlab1, sing, 15
entry_1070913.class,  2.30,  1.14,  1.11,  0.06,  0.00,   89860116,  114407000,   12149000,  102262977, java, iotlab1, sing, 15
entry_1076227.class,  2.25,  1.10,  1.06,  0.06,  0.00,   89302412,  110605000,   11162000,  101654304, java, iotlab1, sing, 15
entry_1076227.class,  2.30,  1.12,  1.08,  0.06,  0.00,   88301856,  106823000,   14243000,  100645518, java, iotlab1, sing, 15
entry_1076227.class,  2.25,  1.09,  1.06,  0.06,  0.00,   91023846,  111090000,   14138000,  103277190, java, iotlab1, sing, 15
entry_1076227.class,  2.27,  1.10,  1.07,  0.06,  0.00,   89029981,  105489000,   15628000,  101463002, java, iotlab1, sing, 15
entry_1076227.class,  2.23,  1.10,  1.08,  0.06,  0.00,   88666864,  110459000,   10323000,  101102273, java, iotlab1, sing, 15
entry_1076227.class,  2.28,  1.12,  1.09,  0.06,  0.00,   88815650,  105885000,   14843000,  101030977, java, iotlab1, sing, 15
entry_1076227.class,  2.27,  1.10,  1.06,  0.06,  0.00,   90546441,  108735000,   14498000,  103828712, java, iotlab1, sing, 15
entry_1076227.class,  2.20,  1.07,  1.05,  0.06,  0.00,   87964078,   96301000,   24075000,  100657418, java, iotlab1, sing, 15
entry_1076227.class,  2.27,  1.12,  1.09,  0.06,  0.00,   90179339,  111385000,   10313000,  102532652, java, iotlab1, sing, 15
entry_1076227.class,  2.26,  1.12,  1.10,  0.06,  0.00,   88859049,  108195000,   11803000,  101433662, java, iotlab1, sing, 15
entry_10906809.class,  2.23,  1.05,  1.02,  0.06,  0.00,   98930845,  100029000,   15468000,  113724862, java, iotlab1, sing, 15
entry_10906809.class,  2.27,  1.09,  1.07,  0.06,  0.00,   95443776,   99328000,   12784000,  107739776, java, iotlab1, sing, 15
entry_10906809.class,  2.30,  1.08,  1.05,  0.06,  0.00,   97722600,  100141000,   12017000,  110011107, java, iotlab1, sing, 15
entry_10906809.class,  2.27,  1.08,  1.05,  0.06,  0.00,   96852150,   98106000,   14715000,  109315461, java, iotlab1, sing, 15
entry_10906809.class,  2.35,  1.07,  1.03,  0.06,  0.00,  101015590,  103067000,   14865000,  114412661, java, iotlab1, sing, 15
entry_10906809.class,  2.26,  1.04,  1.01,  0.06,  0.00,   99131937,  100688000,   14807000,  111853718, java, iotlab1, sing, 15
entry_10906809.class,  2.27,  1.10,  1.07,  0.06,  0.00,   96067291,   99207000,   13160000,  108445407, java, iotlab1, sing, 15
entry_10906809.class,  2.28,  1.10,  1.07,  0.06,  0.00,   95549984,   98334000,   12783000,  107973886, java, iotlab1, sing, 15
entry_10906809.class,  2.26,  1.05,  1.02,  0.06,  0.00,   99113727,  102888000,   13113000,  111459255, java, iotlab1, sing, 15
entry_10906809.class,  2.31,  1.07,  1.03,  0.06,  0.00,   99305295,  103545000,   12463000,  111698788, java, iotlab1, sing, 15
entry_11135085.class,  2.79,  1.35,  1.31,  0.07,  0.00,  115304366,  124639000,   12859000,  127656381, java, iotlab1, sing, 15
entry_11135085.class,  2.76,  1.34,  1.30,  0.07,  0.00,  114868915,  127304000,   10023000,  127400374, java, iotlab1, sing, 15
entry_11135085.class,  2.73,  1.34,  1.30,  0.07,  0.00,  114179256,  120454000,   15797000,  126444990, java, iotlab1, sing, 15
entry_11135085.class,  2.79,  1.35,  1.31,  0.07,  0.00,  117067335,  130102000,    9007000,  129296899, java, iotlab1, sing, 15
entry_11135085.class,  2.75,  1.35,  1.31,  0.07,  0.00,  113997991,  123152000,   13122000,  126207795, java, iotlab1, sing, 15
entry_11135085.class,  2.76,  1.35,  1.32,  0.07,  0.00,  114629281,  120807000,   15714000,  127034830, java, iotlab1, sing, 15
entry_11135085.class,  2.75,  1.34,  1.31,  0.07,  0.00,  114170527,  125968000,    9997000,  126511802, java, iotlab1, sing, 15
entry_11135085.class,  2.75,  1.33,  1.30,  0.07,  0.00,  114752787,  126952000,   10075000,  127227118, java, iotlab1, sing, 15
entry_11135085.class,  2.75,  1.35,  1.31,  0.07,  0.00,  114965639,  124306000,   13032000,  127392663, java, iotlab1, sing, 15
entry_11135085.class,  2.78,  1.36,  1.32,  0.07,  0.00,  114812039,  124950000,   11995000,  127296010, java, iotlab1, sing, 15
entry_11358418.class,  2.32,  1.11,  1.08,  0.06,  0.00,   98091666,  102934000,   13119000,  110379431, java, iotlab1, sing, 15
entry_11358418.class,  2.39,  1.16,  1.12,  0.06,  0.00,   97640176,  103481000,    9950000,  110082831, java, iotlab1, sing, 15
entry_11358418.class,  2.35,  1.12,  1.09,  0.06,  0.00,   98172110,  104307000,   12035000,  110638592, java, iotlab1, sing, 15
entry_11358418.class,  2.38,  1.16,  1.12,  0.06,  0.00,   97620811,  101725000,   13563000,  109987934, java, iotlab1, sing, 15
entry_11358418.class,  2.33,  1.14,  1.10,  0.06,  0.00,   96376150,  100456000,   12930000,  108671371, java, iotlab1, sing, 15
entry_11358418.class,  2.35,  1.15,  1.12,  0.06,  0.00,   96939210,  104948000,    9260000,  109406447, java, iotlab1, sing, 15
entry_11358418.class,  2.33,  1.09,  1.07,  0.06,  0.00,  101385167,  108755000,   10875000,  113737556, java, iotlab1, sing, 15
entry_11358418.class,  2.34,  1.13,  1.09,  0.06,  0.00,   98506068,   99841000,   15509000,  111617970, java, iotlab1, sing, 15
entry_11358418.class,  2.38,  1.13,  1.09,  0.06,  0.00,  100774146,  102187000,   16029000,  114020978, java, iotlab1, sing, 15
entry_11358418.class,  2.31,  1.11,  1.08,  0.06,  0.00,   98270043,  102311000,   13300000,  110681690, java, iotlab1, sing, 15
entry_11752220.class,  2.50,  1.20,  1.17,  0.07,  0.00,   99415334,  113692000,   17795000,  111830892, java, iotlab1, sing, 15
entry_11752220.class,  2.73,  1.26,  1.22,  0.07,  0.00,  114688969,  118902000,   11990000,  127216118, java, iotlab1, sing, 15
entry_11752220.class,  2.46,  1.20,  1.17,  0.07,  0.00,   98636807,  118447000,   12725000,  111174291, java, iotlab1, sing, 15
entry_11752220.class,  2.46,  1.21,  1.18,  0.07,  0.00,   99157666,  118090000,   13892000,  111584996, java, iotlab1, sing, 15
entry_11752220.class,  2.51,  1.18,  1.14,  0.07,  0.00,  101470097,  124105000,   10008000,  113966265, java, iotlab1, sing, 15
entry_11752220.class,  2.62,  1.23,  1.19,  0.07,  0.00,  103245291,  119985000,   12998000,  115538945, java, iotlab1, sing, 15
entry_11752220.class,  2.56,  1.21,  1.18,  0.07,  0.00,   99637181,  115404000,   14922000,  112017454, java, iotlab1, sing, 15
entry_11752220.class,  2.56,  1.18,  1.15,  0.07,  0.00,  101125759,  116636000,   18256000,  113673177, java, iotlab1, sing, 15
entry_11752220.class,  2.55,  1.22,  1.19,  0.07,  0.00,   98684056,  116572000,   14818000,  111230130, java, iotlab1, sing, 15
entry_11752220.class,  2.44,  1.14,  1.11,  0.07,  0.00,  102489509,  119322000,   17321000,  114854894, java, iotlab1, sing, 15
entry_12010402.class,  2.23,  1.06,  1.02,  0.06,  0.00,   95218213,   97380000,   15580000,  107459554, java, iotlab1, sing, 15
entry_12010402.class,  2.23,  1.06,  1.02,  0.06,  0.00,   95188407,  100214000,   12772000,  107561937, java, iotlab1, sing, 15
entry_12010402.class,  2.24,  1.06,  1.02,  0.06,  0.00,   96304621,   97493000,   16912000,  108597970, java, iotlab1, sing, 15
entry_12010402.class,  2.22,  1.06,  1.02,  0.06,  0.00,   93390241,   97074000,   14156000,  105661524, java, iotlab1, sing, 15
entry_12010402.class,  2.25,  1.07,  1.03,  0.06,  0.00,   94512768,  101624000,   10061000,  106815801, java, iotlab1, sing, 15
entry_12010402.class,  2.21,  1.08,  1.05,  0.06,  0.00,   94246711,  101049000,   10897000,  106593543, java, iotlab1, sing, 15
entry_12010402.class,  2.20,  1.06,  1.03,  0.06,  0.00,   95156162,  102439000,   11268000,  107669050, java, iotlab1, sing, 15
entry_12010402.class,  2.26,  1.04,  1.01,  0.06,  0.00,   97887193,   97607000,   18923000,  110172229, java, iotlab1, sing, 15
entry_12010402.class,  2.23,  1.06,  1.03,  0.06,  0.00,   96640588,  105451000,    6963000,  108940419, java, iotlab1, sing, 15
entry_12010402.class,  2.22,  1.05,  1.02,  0.06,  0.00,   94965517,   96895000,   14681000,  107259573, java, iotlab1, sing, 15
entry_12101489.class,  2.62,  1.23,  1.20,  0.07,  0.00,  112358627,  133310000,   11676000,  126733686, java, iotlab1, sing, 15
entry_12101489.class,  2.61,  1.23,  1.19,  0.07,  0.00,  110026879,  128363000,   16916000,  122533968, java, iotlab1, sing, 15
entry_12101489.class,  2.62,  1.28,  1.24,  0.07,  0.00,  106098388,  125488000,   13050000,  118385976, java, iotlab1, sing, 15
entry_12101489.class,  2.65,  1.29,  1.25,  0.07,  0.00,  107032085,  127129000,   12302000,  119368479, java, iotlab1, sing, 15
entry_12101489.class,  2.61,  1.28,  1.24,  0.07,  0.00,  105843124,  126516000,   11314000,  118135775, java, iotlab1, sing, 15
entry_12101489.class,  2.65,  1.29,  1.26,  0.07,  0.00,  106843419,  123977000,   15743000,  119013989, java, iotlab1, sing, 15
entry_12101489.class,  2.62,  1.28,  1.25,  0.07,  0.00,  106010046,  124747000,   13860000,  118289164, java, iotlab1, sing, 15
entry_12101489.class,  2.68,  1.31,  1.27,  0.07,  0.00,  106810545,  123684000,   15831000,  119160189, java, iotlab1, sing, 15
entry_12101489.class,  2.66,  1.29,  1.25,  0.07,  0.00,  105959557,  120286000,   18887000,  118398422, java, iotlab1, sing, 15
entry_12101489.class,  2.66,  1.28,  1.24,  0.07,  0.00,  107476647,  128787000,   11707000,  119875740, java, iotlab1, sing, 15
entry_12102953.class,  3.94,  1.91,  1.85,  0.10,  0.00,  166275136,  178940000,   19100000,  178550787, java, iotlab1, sing, 15
entry_12102953.class,  3.94,  1.91,  1.85,  0.10,  0.00,  167477377,  182391000,   14950000,  179784481, java, iotlab1, sing, 15
entry_12102953.class,  3.88,  1.84,  1.79,  0.10,  0.00,  167239862,  189927000,    9996000,  179626645, java, iotlab1, sing, 15
entry_12102953.class,  3.93,  1.85,  1.80,  0.10,  0.00,  168919501,  190097000,   12738000,  181346753, java, iotlab1, sing, 15
entry_12102953.class,  3.87,  1.85,  1.81,  0.10,  0.00,  168091295,  186292000,   15104000,  180544976, java, iotlab1, sing, 15
entry_12102953.class,  3.92,  1.89,  1.83,  0.10,  0.00,  167561006,  189095000,   11880000,  180009320, java, iotlab1, sing, 15
entry_12102953.class,  3.91,  1.90,  1.84,  0.10,  0.00,  165972640,  182824000,   14985000,  178456120, java, iotlab1, sing, 15
entry_12102953.class,  3.92,  1.89,  1.84,  0.10,  0.00,  165367854,  179445000,   18044000,  177922266, java, iotlab1, sing, 15
entry_12102953.class,  3.89,  1.91,  1.86,  0.10,  0.00,  165041187,  183485000,   13960000,  177543804, java, iotlab1, sing, 15
entry_12102953.class,  3.92,  1.92,  1.87,  0.10,  0.00,  166329488,  184827000,   13837000,  178850843, java, iotlab1, sing, 15
entry_12258566.class,  2.18,  1.06,  1.03,  0.06,  0.00,   91164593,   97855000,   11097000,  103537012, java, iotlab1, sing, 15
entry_12258566.class,  2.16,  1.06,  1.04,  0.05,  0.00,   90506355,   90049000,   18212000,  102985888, java, iotlab1, sing, 15
entry_12258566.class,  2.23,  1.05,  1.02,  0.06,  0.00,   94794655,  101436000,   11157000,  106991384, java, iotlab1, sing, 15
entry_12258566.class,  2.25,  1.09,  1.06,  0.06,  0.00,   94351867,   92766000,   14116000,  106722133, java, iotlab1, sing, 15
entry_12258566.class,  2.18,  1.05,  1.02,  0.05,  0.00,   90873195,   90159000,   17833000,  103216188, java, iotlab1, sing, 15
entry_12258566.class,  2.23,  1.07,  1.03,  0.06,  0.00,   92762529,   97311000,   13316000,  106153623, java, iotlab1, sing, 15
entry_12258566.class,  2.21,  1.05,  1.02,  0.06,  0.00,   91830040,   94301000,   15882000,  104273406, java, iotlab1, sing, 15
entry_12258566.class,  2.18,  1.05,  1.03,  0.06,  0.00,   91644067,   98732000,   10970000,  104123156, java, iotlab1, sing, 15
entry_12258566.class,  2.17,  1.04,  1.02,  0.06,  0.00,   91705905,   98616000,   10957000,  104088943, java, iotlab1, sing, 15
entry_12258566.class,  2.20,  1.06,  1.03,  0.06,  0.00,   91050208,   92409000,   15898000,  103336538, java, iotlab1, sing, 15
entry_12403176.class,  2.01,  0.97,  0.94,  0.05,  0.00,   83793856,   88097000,   11746000,   96137328, java, iotlab1, sing, 15
entry_12403176.class,  2.02,  0.95,  0.92,  0.05,  0.00,   87191704,   89941000,   14641000,   99534598, java, iotlab1, sing, 15
entry_12403176.class,  2.02,  0.98,  0.95,  0.05,  0.00,   83814610,   88004000,   12138000,   96229241, java, iotlab1, sing, 15
entry_12403176.class,  2.01,  0.96,  0.94,  0.05,  0.00,   85357673,   88306000,   13736000,   97737932, java, iotlab1, sing, 15
entry_12403176.class,  2.03,  0.95,  0.93,  0.05,  0.00,   84450072,   90963000,    9996000,   96701999, java, iotlab1, sing, 15
entry_12403176.class,  2.06,  0.99,  0.97,  0.05,  0.00,   84268118,   88964000,   11995000,   96759263, java, iotlab1, sing, 15
entry_12403176.class,  2.00,  0.97,  0.95,  0.05,  0.00,   84478931,   88666000,   12666000,   96865082, java, iotlab1, sing, 15
entry_12403176.class,  2.04,  0.97,  0.95,  0.05,  0.00,   84030228,   85718000,   13636000,   96423203, java, iotlab1, sing, 15
entry_12403176.class,  2.03,  0.98,  0.95,  0.05,  0.00,   84816245,   90400000,   11173000,   97232270, java, iotlab1, sing, 15
entry_12403176.class,  2.05,  0.97,  0.95,  0.05,  0.00,   85673093,   83482000,   15901000,   98077919, java, iotlab1, sing, 15
entry_12625210.class,  2.14,  1.00,  0.98,  0.06,  0.00,   92534373,  104833000,   12213000,  104880424, java, iotlab1, sing, 15
entry_12625210.class,  2.16,  1.05,  1.02,  0.06,  0.00,   88758642,  102682000,    9334000,  101106640, java, iotlab1, sing, 15
entry_12625210.class,  2.17,  1.03,  1.00,  0.06,  0.00,   90910605,  102631000,   11957000,  104131756, java, iotlab1, sing, 15
entry_12625210.class,  2.16,  1.03,  1.00,  0.06,  0.00,   90124558,   97333000,   16222000,  102819226, java, iotlab1, sing, 15
entry_12625210.class,  2.17,  1.04,  1.01,  0.06,  0.00,   90923409,  102496000,   12690000,  103285581, java, iotlab1, sing, 15
entry_12625210.class,  2.19,  1.02,  0.99,  0.06,  0.00,   93438187,  100832000,   18073000,  106815121, java, iotlab1, sing, 15
entry_12625210.class,  2.20,  1.06,  1.03,  0.06,  0.00,   88688450,  100530000,   12063000,  101055573, java, iotlab1, sing, 15
entry_12625210.class,  2.21,  1.07,  1.04,  0.05,  0.00,   89459769,  100161000,   12765000,  101890639, java, iotlab1, sing, 15
entry_12625210.class,  2.24,  1.06,  1.03,  0.06,  0.00,   90391448,  101949000,   10887000,  102858755, java, iotlab1, sing, 15
entry_12625210.class,  2.18,  1.07,  1.04,  0.06,  0.00,   89051289,   96357000,   15731000,  101438956, java, iotlab1, sing, 15
entry_12689606.class,  1.26,  0.57,  0.55,  0.04,  0.00,   52720948,   61922000,    7105000,   65158431, java, iotlab1, sing, 15
entry_12689606.class,  1.28,  0.60,  0.58,  0.03,  0.00,   49691415,   52989000,   12228000,   62044121, java, iotlab1, sing, 15
entry_12689606.class,  1.27,  0.60,  0.58,  0.04,  0.00,   50546202,   55483000,   10707000,   63791917, java, iotlab1, sing, 15
entry_12689606.class,  1.25,  0.61,  0.59,  0.03,  0.00,   49133749,   51485000,   12871000,   61502899, java, iotlab1, sing, 15
entry_12689606.class,  1.26,  0.62,  0.61,  0.03,  0.00,   49303825,   52976000,   11994000,   61768428, java, iotlab1, sing, 15
entry_12689606.class,  1.28,  0.63,  0.61,  0.03,  0.00,   49503359,   53867000,   10562000,   62197332, java, iotlab1, sing, 15
entry_12689606.class,  1.26,  0.59,  0.58,  0.03,  0.00,   49775480,   51435000,   14401000,   62069361, java, iotlab1, sing, 15
entry_12689606.class,  1.26,  0.59,  0.57,  0.04,  0.00,   49796486,   54757000,   11154000,   62146156, java, iotlab1, sing, 15
entry_12689606.class,  1.27,  0.60,  0.58,  0.03,  0.00,   49911499,   55747000,   10572000,   62244366, java, iotlab1, sing, 15
entry_12689606.class,  1.25,  0.61,  0.60,  0.03,  0.00,   48864657,   53224000,   11709000,   61221124, java, iotlab1, sing, 15
entry_12729274.class,  4.37,  2.09,  2.02,  0.11,  0.00,  188327096,  202993000,   22999000,  201470571, java, iotlab1, sing, 15
entry_12729274.class,  4.36,  2.08,  2.02,  0.11,  0.00,  186735835,  207077000,   16241000,  199028845, java, iotlab1, sing, 15
entry_12729274.class,  4.37,  2.11,  2.06,  0.11,  0.00,  185526716,  211229000,   12070000,  198207112, java, iotlab1, sing, 15
entry_12729274.class,  4.34,  2.04,  1.98,  0.11,  0.00,  188432051,  210584000,   15113000,  200947141, java, iotlab1, sing, 15
entry_12729274.class,  4.33,  2.10,  2.04,  0.11,  0.00,  185933529,  207841000,   15987000,  198238321, java, iotlab1, sing, 15
entry_12729274.class,  4.35,  2.11,  2.04,  0.11,  0.00,  185520177,  210645000,   13102000,  197957694, java, iotlab1, sing, 15
entry_12729274.class,  4.31,  2.08,  2.03,  0.11,  0.00,  184756946,  213827000,    9034000,  197100373, java, iotlab1, sing, 15
entry_12729274.class,  4.34,  2.10,  2.03,  0.11,  0.00,  184614920,  211435000,   11075000,  196960704, java, iotlab1, sing, 15
entry_12729274.class,  4.34,  2.09,  2.03,  0.11,  0.00,  187905869,  214377000,   11071000,  201323542, java, iotlab1, sing, 15
entry_12729274.class,  4.34,  2.09,  2.04,  0.11,  0.00,  186788372,  207821000,   16141000,  199189445, java, iotlab1, sing, 15
entry_12729281.class,  4.35,  2.09,  2.03,  0.11,  0.00,  187270022,  206964000,   18996000,  199598209, java, iotlab1, sing, 15
entry_12729281.class,  4.35,  2.10,  2.04,  0.11,  0.00,  185213545,  212322000,   11121000,  197376758, java, iotlab1, sing, 15
entry_12729281.class,  4.36,  2.09,  2.02,  0.11,  0.00,  186987401,  213362000,   11964000,  199940591, java, iotlab1, sing, 15
entry_12729281.class,  4.35,  2.05,  2.00,  0.11,  0.00,  189920464,  217333000,   12186000,  205165828, java, iotlab1, sing, 15
entry_12729281.class,  4.34,  2.08,  2.03,  0.11,  0.00,  185923786,  208043000,   15554000,  198258444, java, iotlab1, sing, 15
entry_12729281.class,  4.37,  2.12,  2.06,  0.11,  0.00,  184808100,  208338000,   14022000,  197154099, java, iotlab1, sing, 15
entry_12729281.class,  4.41,  2.12,  2.06,  0.11,  0.00,  186078592,  206775000,   17064000,  198426881, java, iotlab1, sing, 15
entry_12729281.class,  4.41,  2.08,  2.02,  0.11,  0.00,  185933713,  207500000,   16038000,  198420202, java, iotlab1, sing, 15
entry_12729281.class,  4.40,  2.11,  2.05,  0.11,  0.00,  185641065,  201673000,   22626000,  197984153, java, iotlab1, sing, 15
entry_12729281.class,  4.68,  2.16,  2.10,  0.12,  0.00,  205405175,  212176000,   11275000,  218021076, java, iotlab1, sing, 15
entry_12808717.class,  4.34,  2.06,  2.01,  0.11,  0.00,  186613576,  205797000,   18070000,  199707602, java, iotlab1, sing, 15
entry_12808717.class,  4.40,  2.10,  2.03,  0.11,  0.00,  186505518,  205862000,   18804000,  199022620, java, iotlab1, sing, 15
entry_12808717.class,  4.39,  2.09,  2.04,  0.11,  0.00,  184948991,  210369000,   13022000,  197331432, java, iotlab1, sing, 15
entry_12808717.class,  4.40,  2.09,  2.03,  0.11,  0.00,  185635348,  209657000,   13845000,  197935223, java, iotlab1, sing, 15
entry_12808717.class,  4.74,  2.18,  2.11,  0.12,  0.00,  201225876,  209654000,   15046000,  214555800, java, iotlab1, sing, 15
entry_12808717.class,  4.55,  2.09,  2.04,  0.11,  0.00,  186860882,  215964000,    8998000,  200378092, java, iotlab1, sing, 15
entry_12808717.class,  4.49,  2.12,  2.07,  0.11,  0.00,  188097308,  213994000,   12345000,  200529408, java, iotlab1, sing, 15
entry_12808717.class,  4.39,  2.12,  2.05,  0.11,  0.00,  186245160,  211233000,   13202000,  198681297, java, iotlab1, sing, 15
entry_12808717.class,  4.35,  2.08,  2.02,  0.11,  0.00,  184563089,  208452000,   13896000,  197138365, java, iotlab1, sing, 15
entry_12808717.class,  4.38,  2.09,  2.03,  0.11,  0.00,  188102189,  212370000,   14024000,  201523697, java, iotlab1, sing, 15
entry_1305269.class, 11.02,  5.37,  5.22,  0.25,  0.00,  478053598,  501121000,    6061000,  490590132, java, iotlab1, sing, 15
entry_1305269.class, 11.36,  5.67,  5.53,  0.26,  0.00,  495999888,  515568000,    9009000,  508445751, java, iotlab1, sing, 15
entry_1305269.class, 11.53,  5.68,  5.53,  0.26,  0.00,  505637621,  501138000,   11955000,  518015407, java, iotlab1, sing, 15
entry_1305269.class, 11.31,  5.61,  5.46,  0.26,  0.00,  490663100,  504560000,   13932000,  503597243, java, iotlab1, sing, 15
entry_1305269.class, 11.31,  5.62,  5.47,  0.26,  0.00,  488519416,  501186000,   16070000,  500918361, java, iotlab1, sing, 15
entry_1305269.class, 11.20,  5.61,  5.46,  0.26,  0.00,  483848908,  496298000,   15977000,  496279855, java, iotlab1, sing, 15
entry_1305269.class, 11.07,  5.53,  5.39,  0.25,  0.00,  481577724,  494075000,   15970000,  493917943, java, iotlab1, sing, 15
entry_1305269.class, 11.43,  5.69,  5.54,  0.26,  0.00,  495194884,  512412000,   11986000,  507804119, java, iotlab1, sing, 15
entry_1305269.class, 11.13,  5.49,  5.34,  0.26,  0.00,  485607656,  504415000,   10108000,  497953793, java, iotlab1, sing, 15
entry_1305269.class, 11.43,  5.68,  5.53,  0.26,  0.00,  497560083,  509442000,   15982000,  510873997, java, iotlab1, sing, 15
entry_1305274.class,  1.73,  0.83,  0.81,  0.05,  0.00,   69913246,   81201000,    8222000,   82732273, java, iotlab1, sing, 15
entry_1305274.class,  1.76,  0.85,  0.84,  0.04,  0.00,   69700252,   75063000,   14201000,   82261118, java, iotlab1, sing, 15
entry_1305274.class,  1.72,  0.83,  0.81,  0.05,  0.00,   70212307,   76837000,   13498000,   82508068, java, iotlab1, sing, 15
entry_1305274.class,  1.73,  0.84,  0.81,  0.04,  0.00,   69688187,   77765000,   11963000,   82070080, java, iotlab1, sing, 15
entry_1305274.class,  1.75,  0.86,  0.84,  0.05,  0.00,   69186842,   79679000,    8963000,   81579720, java, iotlab1, sing, 15
entry_1305274.class,  1.77,  0.86,  0.84,  0.05,  0.00,   69677055,   76384000,   13239000,   82091608, java, iotlab1, sing, 15
entry_1305274.class,  1.74,  0.86,  0.84,  0.05,  0.00,   69656447,   77572000,   10939000,   82159681, java, iotlab1, sing, 15
entry_1305274.class,  1.72,  0.84,  0.82,  0.05,  0.00,   70159292,   77425000,   12904000,   82408876, java, iotlab1, sing, 15
entry_1305274.class,  1.78,  0.86,  0.84,  0.05,  0.00,   71083214,   75584000,   14109000,   83467060, java, iotlab1, sing, 15
entry_1305274.class,  1.76,  0.85,  0.82,  0.05,  0.00,   71934061,   73810000,   17953000,   85223135, java, iotlab1, sing, 15
entry_13357978.class,  4.98,  2.37,  2.31,  0.12,  0.00,  222886633,  226493000,   14030000,  235225448, java, iotlab1, sing, 15
entry_13357978.class,  6.41,  3.19,  3.12,  0.14,  0.00,  235279555,  238829000,   11131000,  247676916, java, iotlab1, sing, 15
entry_13357978.class,  5.04,  2.35,  2.27,  0.13,  0.00,  228811562,  231330000,   16022000,  242012730, java, iotlab1, sing, 15
entry_13357978.class,  4.95,  2.39,  2.32,  0.12,  0.00,  221122655,  228157000,    9963000,  233760161, java, iotlab1, sing, 15
entry_13357978.class,  4.96,  2.39,  2.33,  0.12,  0.00,  221255480,  224109000,   14069000,  233571402, java, iotlab1, sing, 15
entry_13357978.class,  4.97,  2.38,  2.31,  0.12,  0.00,  223270239,  220531000,   18125000,  235716844, java, iotlab1, sing, 15
entry_13357978.class,  5.00,  2.38,  2.31,  0.12,  0.00,  225347644,  229013000,   14186000,  237690847, java, iotlab1, sing, 15
entry_13357978.class,  6.39,  3.15,  3.09,  0.15,  0.00,  236445702,  241461000,   11924000,  248745104, java, iotlab1, sing, 15
entry_13357978.class,  5.08,  2.42,  2.36,  0.12,  0.00,  223089405,  227664000,   12142000,  235561093, java, iotlab1, sing, 15
entry_13357978.class,  4.99,  2.38,  2.31,  0.12,  0.00,  221263211,  226701000,   11083000,  233710099, java, iotlab1, sing, 15
entry_1342264.class,  3.63,  1.71,  1.66,  0.09,  0.00,  161335266,  171035000,    9943000,  173837647, java, iotlab1, sing, 15
entry_1342264.class,  3.64,  1.73,  1.67,  0.09,  0.00,  158812657,  162940000,   14257000,  171189996, java, iotlab1, sing, 15
entry_1342264.class,  3.64,  1.73,  1.68,  0.09,  0.00,  159930161,  169377000,    9020000,  172290585, java, iotlab1, sing, 15
entry_1342264.class,  3.62,  1.77,  1.71,  0.09,  0.00,  156775422,  161116000,   13838000,  169083744, java, iotlab1, sing, 15
entry_1342264.class,  3.69,  1.77,  1.72,  0.09,  0.00,  157566737,  162136000,   13010000,  169878723, java, iotlab1, sing, 15
entry_1342264.class,  3.64,  1.75,  1.70,  0.09,  0.00,  156898773,  165334000,    9959000,  169371649, java, iotlab1, sing, 15
entry_1342264.class,  3.62,  1.76,  1.71,  0.09,  0.00,  157201232,  165126000,    9117000,  169469299, java, iotlab1, sing, 15
entry_1342264.class,  3.67,  1.75,  1.70,  0.09,  0.00,  160188835,  158360000,   18155000,  173394171, java, iotlab1, sing, 15
entry_1342264.class,  3.63,  1.68,  1.63,  0.09,  0.00,  163093011,  170578000,   12040000,  178320109, java, iotlab1, sing, 15
entry_1342264.class,  3.65,  1.78,  1.72,  0.09,  0.00,  156754553,  157250000,   17027000,  169173827, java, iotlab1, sing, 15
entry_13534261.class,  2.70,  1.31,  1.27,  0.07,  0.00,  109644429,  125237000,   15654000,  122001003, java, iotlab1, sing, 15
entry_13534261.class,  2.72,  1.32,  1.28,  0.07,  0.00,  112099832,  128757000,   14193000,  125282876, java, iotlab1, sing, 15
entry_13534261.class,  2.68,  1.31,  1.28,  0.07,  0.00,  108371897,  128411000,   12038000,  120887129, java, iotlab1, sing, 15
entry_13534261.class,  2.68,  1.31,  1.28,  0.07,  0.00,  108295056,  120932000,   19505000,  120543161, java, iotlab1, sing, 15
entry_13534261.class,  2.68,  1.32,  1.28,  0.07,  0.00,  108938115,  129069000,   12292000,  121334125, java, iotlab1, sing, 15
entry_13534261.class,  2.66,  1.30,  1.27,  0.07,  0.00,  109561331,  125424000,   16528000,  121805883, java, iotlab1, sing, 15
entry_13534261.class,  2.70,  1.32,  1.28,  0.07,  0.00,  109548081,  126905000,   14871000,  121977156, java, iotlab1, sing, 15
entry_13534261.class,  2.71,  1.31,  1.27,  0.07,  0.00,  109377999,  127840000,   12784000,  121731802, java, iotlab1, sing, 15
entry_13534261.class,  2.65,  1.30,  1.27,  0.07,  0.00,  109597872,  127154000,   15649000,  122000959, java, iotlab1, sing, 15
entry_13534261.class,  2.69,  1.33,  1.30,  0.07,  0.00,  109054786,  130289000,   10940000,  121668041, java, iotlab1, sing, 15
entry_13553699.class,  2.90,  1.42,  1.39,  0.08,  0.00,  121502142,  138353000,   15148000,  134070928, java, iotlab1, sing, 15
entry_13553699.class,  2.94,  1.42,  1.38,  0.08,  0.00,  122789526,  135697000,   17572000,  135114160, java, iotlab1, sing, 15
entry_13553699.class,  2.94,  1.42,  1.38,  0.08,  0.00,  122449453,  140225000,   14225000,  134848923, java, iotlab1, sing, 15
entry_13553699.class,  2.92,  1.43,  1.40,  0.08,  0.00,  120585713,  139554000,   12958000,  132989380, java, iotlab1, sing, 15
entry_13553699.class,  2.93,  1.42,  1.39,  0.08,  0.00,  121706612,  135871000,   17982000,  134006751, java, iotlab1, sing, 15
entry_13553699.class,  2.97,  1.41,  1.37,  0.08,  0.00,  123274563,  141050000,   14206000,  136473363, java, iotlab1, sing, 15
entry_13553699.class,  2.96,  1.45,  1.41,  0.08,  0.00,  120648266,  138111000,   14011000,  133247018, java, iotlab1, sing, 15
entry_13553699.class,  3.15,  1.49,  1.43,  0.08,  0.00,  136408868,  137523000,   15830000,  148592112, java, iotlab1, sing, 15
entry_13553699.class,  2.93,  1.40,  1.36,  0.08,  0.00,  123681051,  138981000,   16876000,  137626676, java, iotlab1, sing, 15
entry_13553699.class,  2.92,  1.40,  1.36,  0.08,  0.00,  121893212,  141444000,   12123000,  134347250, java, iotlab1, sing, 15
entry_13590433.class,  2.53,  1.14,  1.10,  0.07,  0.00,  113568257,  119657000,   11965000,  127256442, java, iotlab1, sing, 15
entry_13590433.class,  2.53,  1.23,  1.19,  0.06,  0.00,  106878311,  114781000,    9727000,  119266907, java, iotlab1, sing, 15
entry_13590433.class,  2.57,  1.24,  1.20,  0.07,  0.00,  109694916,  114189000,   12019000,  122215674, java, iotlab1, sing, 15
entry_13590433.class,  2.51,  1.22,  1.19,  0.06,  0.00,  106996979,  108600000,   15654000,  119300647, java, iotlab1, sing, 15
entry_13590433.class,  2.52,  1.21,  1.18,  0.07,  0.00,  108276444,  113476000,   12379000,  120712021, java, iotlab1, sing, 15
entry_13590433.class,  2.51,  1.22,  1.19,  0.06,  0.00,  107151147,  110452000,   14057000,  119376722, java, iotlab1, sing, 15
entry_13590433.class,  2.51,  1.21,  1.18,  0.06,  0.00,  106756300,  113962000,   10175000,  119193872, java, iotlab1, sing, 15
entry_13590433.class,  2.53,  1.23,  1.19,  0.06,  0.00,  107054718,  111562000,   12949000,  119380369, java, iotlab1, sing, 15
entry_13590433.class,  2.55,  1.25,  1.20,  0.07,  0.00,  107278884,  112236000,   11711000,  119709383, java, iotlab1, sing, 15
entry_13590433.class,  2.50,  1.22,  1.19,  0.06,  0.00,  107012233,  112875000,   11086000,  119323472, java, iotlab1, sing, 15
entry_13831808.class,  4.19,  2.03,  1.97,  0.10,  0.00,  182646751,  190953000,    9997000,  195192854, java, iotlab1, sing, 15
entry_13831808.class,  4.16,  1.99,  1.93,  0.10,  0.00,  186520522,  195204000,   10955000,  198889995, java, iotlab1, sing, 15
entry_13831808.class,  4.18,  2.04,  1.99,  0.10,  0.00,  183506069,  191734000,   10091000,  196039327, java, iotlab1, sing, 15
entry_13831808.class,  4.19,  2.05,  1.99,  0.10,  0.00,  182574481,  191513000,   10026000,  194953310, java, iotlab1, sing, 15
entry_13831808.class,  4.20,  2.00,  1.94,  0.10,  0.00,  186636787,  192565000,   14041000,  198976500, java, iotlab1, sing, 15
entry_13831808.class,  4.18,  2.03,  1.97,  0.10,  0.00,  182983111,  185421000,   16947000,  195345527, java, iotlab1, sing, 15
entry_13831808.class,  4.18,  2.02,  1.97,  0.10,  0.00,  184574784,  195568000,    7941000,  196909456, java, iotlab1, sing, 15
entry_13831808.class,  4.17,  1.99,  1.93,  0.10,  0.00,  183094866,  187085000,   14769000,  195436073, java, iotlab1, sing, 15
entry_13831808.class,  4.19,  1.98,  1.93,  0.10,  0.00,  184065334,  189610000,   13898000,  197291510, java, iotlab1, sing, 15
entry_13831808.class,  4.15,  2.00,  1.94,  0.10,  0.00,  183257655,  190542000,   10973000,  195559789, java, iotlab1, sing, 15
entry_1394836.class,  2.33,  1.11,  1.08,  0.06,  0.00,  100526349,  108393000,    9117000,  113677081, java, iotlab1, sing, 15
entry_1394836.class,  2.34,  1.11,  1.09,  0.06,  0.00,   99432321,  104500000,   11942000,  111897298, java, iotlab1, sing, 15
entry_1394836.class,  2.36,  1.15,  1.12,  0.06,  0.00,   98057110,  100288000,   14894000,  110461740, java, iotlab1, sing, 15
entry_1394836.class,  2.35,  1.10,  1.07,  0.06,  0.00,  102269121,  111855000,    7989000,  114728002, java, iotlab1, sing, 15
entry_1394836.class,  2.33,  1.13,  1.10,  0.06,  0.00,   98904302,  106365000,    9848000,  111303252, java, iotlab1, sing, 15
entry_1394836.class,  2.69,  1.20,  1.17,  0.07,  0.00,  120992816,  100716000,   14242000,  133494590, java, iotlab1, sing, 15
entry_1394836.class,  2.39,  1.16,  1.13,  0.06,  0.00,   97490935,  102650000,   10962000,  110055125, java, iotlab1, sing, 15
entry_1394836.class,  2.34,  1.15,  1.12,  0.06,  0.00,   97356974,   99482000,   15226000,  109656112, java, iotlab1, sing, 15
entry_1394836.class,  2.26,  1.07,  1.04,  0.06,  0.00,   98824753,  102421000,   13182000,  111527058, java, iotlab1, sing, 15
entry_1394836.class,  2.37,  1.14,  1.10,  0.06,  0.00,  100018068,  104815000,   12854000,  113305012, java, iotlab1, sing, 15
entry_1394860.class,  2.25,  1.02,  1.00,  0.06,  0.00,  101110737,  105211000,   13638000,  114996081, java, iotlab1, sing, 15
entry_1394860.class,  2.31,  1.09,  1.06,  0.06,  0.00,   97059854,  101203000,   12529000,  110308793, java, iotlab1, sing, 15
entry_1394860.class,  2.27,  1.10,  1.08,  0.06,  0.00,   95474038,  101987000,    9998000,  107723641, java, iotlab1, sing, 15
entry_1394860.class,  2.26,  1.09,  1.06,  0.06,  0.00,   96334116,  104084000,    9912000,  108769182, java, iotlab1, sing, 15
entry_1394860.class,  2.29,  1.12,  1.09,  0.06,  0.00,   95935543,   97831000,   15128000,  108245904, java, iotlab1, sing, 15
entry_1394860.class,  2.24,  1.10,  1.08,  0.06,  0.00,   94690064,   99427000,   11813000,  107004912, java, iotlab1, sing, 15
entry_1394860.class,  2.24,  1.11,  1.08,  0.06,  0.00,   94583942,   92866000,   17595000,  106907326, java, iotlab1, sing, 15
entry_1394860.class,  2.26,  1.11,  1.08,  0.06,  0.00,   94623672,  100970000,    9899000,  106867331, java, iotlab1, sing, 15
entry_1394860.class,  2.28,  1.11,  1.07,  0.06,  0.00,   96534267,   97976000,   15219000,  108880091, java, iotlab1, sing, 15
entry_1394860.class,  2.26,  1.10,  1.07,  0.06,  0.00,   96489715,   97761000,   13965000,  108730787, java, iotlab1, sing, 15
entry_14063462.class,  5.10,  2.45,  2.39,  0.13,  0.00,  221689564,  239683000,   15106000,  234064639, java, iotlab1, sing, 15
entry_14063462.class,  5.12,  2.49,  2.42,  0.13,  0.00,  221353506,  240842000,   14107000,  234511602, java, iotlab1, sing, 15
entry_14063462.class,  5.06,  2.48,  2.42,  0.13,  0.00,  219582448,  234770000,   16983000,  231826473, java, iotlab1, sing, 15
entry_14063462.class,  5.16,  2.55,  2.48,  0.13,  0.00,  220689278,  239543000,   11927000,  233265000, java, iotlab1, sing, 15
entry_14063462.class,  5.08,  2.50,  2.44,  0.12,  0.00,  218335298,  237925000,   13106000,  230847339, java, iotlab1, sing, 15
entry_14063462.class,  5.07,  2.48,  2.42,  0.13,  0.00,  221962351,  243298000,   12805000,  234445149, java, iotlab1, sing, 15
entry_14063462.class,  5.15,  2.53,  2.47,  0.13,  0.00,  220101504,  233985000,   19162000,  232548099, java, iotlab1, sing, 15
entry_14063462.class,  5.16,  2.51,  2.43,  0.13,  0.00,  221877672,  240617000,   14914000,  235322326, java, iotlab1, sing, 15
entry_14063462.class,  5.15,  2.53,  2.46,  0.13,  0.00,  220458036,  237655000,   13805000,  234046836, java, iotlab1, sing, 15
entry_14063462.class,  5.14,  2.48,  2.41,  0.13,  0.00,  221893321,  244833000,   10815000,  234273090, java, iotlab1, sing, 15
entry_14085353.class,  5.09,  2.37,  2.29,  0.12,  0.00,  212567948,  225691000,   15907000,  225179900, java, iotlab1, sing, 15
entry_14085353.class,  4.97,  2.29,  2.22,  0.12,  0.00,  205817965,  229801000,    9862000,  218124448, java, iotlab1, sing, 15
entry_14085353.class,  4.87,  2.31,  2.25,  0.12,  0.00,  203953287,  217793000,   18981000,  216296320, java, iotlab1, sing, 15
entry_14085353.class,  4.80,  2.31,  2.25,  0.12,  0.00,  203689561,  221776000,   14984000,  216066002, java, iotlab1, sing, 15
entry_14085353.class,  4.85,  2.33,  2.27,  0.12,  0.00,  205300399,  226715000,   12037000,  217630403, java, iotlab1, sing, 15
entry_14085353.class,  4.72,  2.30,  2.24,  0.12,  0.00,  204253885,  222363000,   16098000,  216576011, java, iotlab1, sing, 15
entry_14085353.class,  4.90,  2.36,  2.29,  0.12,  0.00,  213379765,  223693000,   12924000,  225770139, java, iotlab1, sing, 15
entry_14085353.class,  4.75,  2.32,  2.26,  0.12,  0.00,  203821836,  219206000,   17935000,  216265619, java, iotlab1, sing, 15
entry_14085353.class,  4.75,  2.32,  2.26,  0.12,  0.00,  204146420,  221388000,   16100000,  216462762, java, iotlab1, sing, 15
entry_14085353.class,  4.74,  2.29,  2.23,  0.12,  0.00,  206496163,  225632000,   13854000,  219609555, java, iotlab1, sing, 15
entry_14085986.class,  4.80,  2.33,  2.27,  0.12,  0.00,  205037368,  224208000,   14075000,  217555244, java, iotlab1, sing, 15
entry_14085986.class,  4.78,  2.31,  2.25,  0.12,  0.00,  204788222,  226146000,   12224000,  217072609, java, iotlab1, sing, 15
entry_14085986.class,  4.77,  2.31,  2.25,  0.12,  0.00,  204946191,  223329000,   14147000,  217236270, java, iotlab1, sing, 15
entry_14085986.class,  4.78,  2.32,  2.26,  0.12,  0.00,  206696941,  221901000,   17069000,  219837572, java, iotlab1, sing, 15
entry_14085986.class,  4.74,  2.27,  2.21,  0.12,  0.00,  208569754,  226149000,   16571000,  223821869, java, iotlab1, sing, 15
entry_14085986.class,  4.80,  2.35,  2.28,  0.12,  0.00,  205173329,  229958000,    7895000,  217600376, java, iotlab1, sing, 15
entry_14085986.class,  4.78,  2.32,  2.25,  0.12,  0.00,  204755006,  227874000,   10993000,  217182795, java, iotlab1, sing, 15
entry_14085986.class,  4.78,  2.33,  2.26,  0.12,  0.00,  204823469,  224200000,   14075000,  217219423, java, iotlab1, sing, 15
entry_14085986.class,  4.75,  2.33,  2.27,  0.12,  0.00,  203868463,  217616000,   19873000,  216195505, java, iotlab1, sing, 15
entry_14085986.class,  4.71,  2.30,  2.25,  0.12,  0.00,  204596117,  222155000,   15797000,  216869877, java, iotlab1, sing, 15
entry_14086143.class,  4.72,  2.31,  2.24,  0.12,  0.00,  204300017,  226789000,   11136000,  216740397, java, iotlab1, sing, 15
entry_14086143.class,  4.73,  2.32,  2.25,  0.12,  0.00,  203325803,  225179000,   11008000,  215585639, java, iotlab1, sing, 15
entry_14086143.class,  4.92,  2.34,  2.28,  0.12,  0.00,  214934045,  224615000,   14908000,  227487700, java, iotlab1, sing, 15
entry_14086143.class,  4.76,  2.31,  2.24,  0.12,  0.00,  205711670,  225066000,   15004000,  218168726, java, iotlab1, sing, 15
entry_14086143.class,  4.76,  2.30,  2.24,  0.12,  0.00,  204581861,  227990000,   10088000,  217032202, java, iotlab1, sing, 15
entry_14086143.class,  4.77,  2.31,  2.25,  0.12,  0.00,  203759813,  226205000,   10913000,  215946105, java, iotlab1, sing, 15
entry_14086143.class,  4.77,  2.33,  2.26,  0.12,  0.00,  203865376,  218402000,   19035000,  216252691, java, iotlab1, sing, 15
entry_14086143.class,  4.76,  2.32,  2.26,  0.12,  0.00,  204079910,  218014000,   18658000,  216380613, java, iotlab1, sing, 15
entry_14086143.class,  4.73,  2.31,  2.25,  0.12,  0.00,  203235295,  224802000,   11883000,  215587902, java, iotlab1, sing, 15
entry_14086143.class,  4.77,  2.30,  2.24,  0.12,  0.00,  206239144,  225078000,   15005000,  218748208, java, iotlab1, sing, 15
entry_1419494.class,  2.09,  1.00,  0.97,  0.05,  0.00,   87845380,   89660000,   16489000,  100338924, java, iotlab1, sing, 15
entry_1419494.class,  2.09,  0.96,  0.93,  0.06,  0.00,   92187159,  101153000,    9013000,  104408968, java, iotlab1, sing, 15
entry_1419494.class,  2.07,  0.99,  0.96,  0.05,  0.00,   86156181,   92016000,   11634000,   98430345, java, iotlab1, sing, 15
entry_1419494.class,  2.08,  1.00,  0.97,  0.05,  0.00,   86929933,   95825000,    9078000,   99333437, java, iotlab1, sing, 15
entry_1419494.class,  2.12,  1.01,  0.97,  0.06,  0.00,   89148892,   91445000,   16256000,  102284394, java, iotlab1, sing, 15
entry_1419494.class,  2.09,  0.97,  0.95,  0.06,  0.00,   90997189,  100582000,   10058000,  103376748, java, iotlab1, sing, 15
entry_1419494.class,  2.09,  1.00,  0.97,  0.05,  0.00,   88078092,   95583000,   11305000,  100291497, java, iotlab1, sing, 15
entry_1419494.class,  2.07,  1.01,  0.99,  0.05,  0.00,   86266783,   92489000,   12063000,   98675801, java, iotlab1, sing, 15
entry_1419494.class,  2.07,  1.01,  0.98,  0.05,  0.00,   87310827,   98976000,    7069000,   99622754, java, iotlab1, sing, 15
entry_1419494.class,  2.09,  1.01,  0.98,  0.05,  0.00,   88007645,   91914000,   14824000,  100337796, java, iotlab1, sing, 15
entry_1434923.class,  4.38,  2.14,  2.09,  0.11,  0.00,  191698368,  194761000,   14829000,  204086912, java, iotlab1, sing, 15
entry_1434923.class,  4.45,  2.17,  2.10,  0.11,  0.00,  194574945,  199834000,   11930000,  207895489, java, iotlab1, sing, 15
entry_1434923.class,  4.39,  2.14,  2.08,  0.11,  0.00,  193140703,  205588000,    6017000,  205527534, java, iotlab1, sing, 15
entry_1434923.class,  4.66,  2.21,  2.15,  0.12,  0.00,  208644932,  196661000,   13975000,  221152087, java, iotlab1, sing, 15
entry_1434923.class,  4.44,  2.17,  2.11,  0.11,  0.00,  192479589,  200290000,   10014000,  204664468, java, iotlab1, sing, 15
entry_1434923.class,  4.41,  2.13,  2.06,  0.11,  0.00,  194399245,  198800000,   14056000,  206772997, java, iotlab1, sing, 15
entry_1434923.class,  4.49,  2.15,  2.09,  0.11,  0.00,  192585798,  202845000,    7993000,  204871560, java, iotlab1, sing, 15
entry_1434923.class,  4.39,  2.11,  2.05,  0.11,  0.00,  193880772,  202192000,    8920000,  206137559, java, iotlab1, sing, 15
entry_1434923.class,  4.55,  2.15,  2.09,  0.11,  0.00,  197893128,  206744000,    8988000,  210187678, java, iotlab1, sing, 15
entry_1434923.class,  4.41,  2.10,  2.04,  0.11,  0.00,  197194922,  202036000,   14072000,  210472646, java, iotlab1, sing, 15
entry_14443751.class,  3.31,  1.59,  1.54,  0.08,  0.00,  144648699,  148309000,   13027000,  156886912, java, iotlab1, sing, 15
entry_14443751.class,  3.33,  1.60,  1.56,  0.08,  0.00,  145105898,  146947000,   13994000,  157395846, java, iotlab1, sing, 15
entry_14443751.class,  3.31,  1.60,  1.55,  0.08,  0.00,  144895650,  147433000,   13669000,  157214055, java, iotlab1, sing, 15
entry_14443751.class,  3.34,  1.61,  1.56,  0.08,  0.00,  145720375,  151948000,    9996000,  158093532, java, iotlab1, sing, 15
entry_14443751.class,  3.31,  1.56,  1.52,  0.08,  0.00,  148265379,  151718000,   13703000,  160647476, java, iotlab1, sing, 15
entry_14443751.class,  3.31,  1.60,  1.55,  0.08,  0.00,  146095895,  148684000,   12972000,  158379086, java, iotlab1, sing, 15
entry_14443751.class,  3.32,  1.59,  1.54,  0.08,  0.00,  147005296,  150558000,   13687000,  160152218, java, iotlab1, sing, 15
entry_14443751.class,  3.31,  1.59,  1.55,  0.08,  0.00,  145531245,  154010000,    8000000,  157741403, java, iotlab1, sing, 15
entry_14443751.class,  3.32,  1.55,  1.51,  0.08,  0.00,  149938934,  152373000,   15728000,  163271104, java, iotlab1, sing, 15
entry_14443751.class,  3.35,  1.61,  1.56,  0.08,  0.00,  148101950,  149678000,   14868000,  161606949, java, iotlab1, sing, 15
entry_14585535.class,  2.69,  1.31,  1.28,  0.07,  0.00,  109199850,  132432000,    8087000,  121627258, java, iotlab1, sing, 15
entry_14585535.class,  2.69,  1.32,  1.28,  0.07,  0.00,  109641253,  127381000,   15045000,  122058023, java, iotlab1, sing, 15
entry_14585535.class,  2.71,  1.34,  1.31,  0.07,  0.00,  109159379,  119218000,   21498000,  121546495, java, iotlab1, sing, 15
entry_14585535.class,  2.68,  1.31,  1.27,  0.07,  0.00,  110028414,  124512000,   17929000,  122484081, java, iotlab1, sing, 15
entry_14585535.class,  2.68,  1.30,  1.26,  0.07,  0.00,  108601850,  124524000,   15688000,  120862349, java, iotlab1, sing, 15
entry_14585535.class,  2.68,  1.32,  1.28,  0.07,  0.00,  108182920,  129168000,   10929000,  120752855, java, iotlab1, sing, 15
entry_14585535.class,  2.74,  1.34,  1.30,  0.07,  0.00,  109226858,  134663000,    7195000,  121658819, java, iotlab1, sing, 15
entry_14585535.class,  2.67,  1.31,  1.28,  0.07,  0.00,  108275215,  124448000,   15929000,  120666631, java, iotlab1, sing, 15
entry_14585535.class,  2.69,  1.31,  1.27,  0.07,  0.00,  109419430,  123377000,   18353000,  121770037, java, iotlab1, sing, 15
entry_14585535.class,  2.69,  1.31,  1.28,  0.07,  0.00,  109755337,  125727000,   16093000,  122219711, java, iotlab1, sing, 15
entry_14585541.class,  2.65,  1.25,  1.22,  0.07,  0.00,  113295110,  130453000,   16800000,  125554459, java, iotlab1, sing, 15
entry_14585541.class,  2.67,  1.31,  1.27,  0.07,  0.00,  109264508,  124412000,   16653000,  121745946, java, iotlab1, sing, 15
entry_14585541.class,  2.69,  1.30,  1.26,  0.07,  0.00,  110212537,  132853000,    9768000,  122425422, java, iotlab1, sing, 15
entry_14585541.class,  2.66,  1.30,  1.27,  0.07,  0.00,  109667101,  130362000,   11941000,  121969105, java, iotlab1, sing, 15
entry_14585541.class,  2.69,  1.32,  1.29,  0.07,  0.00,  109320601,  125504000,   16325000,  121763590, java, iotlab1, sing, 15
entry_14585541.class,  2.71,  1.34,  1.30,  0.07,  0.00,  109125885,  124512000,   16933000,  121581189, java, iotlab1, sing, 15
entry_14585541.class,  2.72,  1.34,  1.31,  0.07,  0.00,  109467031,  125468000,   16454000,  121698198, java, iotlab1, sing, 15
entry_14585541.class,  2.71,  1.33,  1.29,  0.07,  0.00,  109309245,  123467000,   18068000,  121668726, java, iotlab1, sing, 15
entry_14585541.class,  2.67,  1.30,  1.26,  0.07,  0.00,  109767226,  130678000,   11230000,  122044914, java, iotlab1, sing, 15
entry_14585541.class,  2.70,  1.32,  1.27,  0.07,  0.00,  109375444,  124955000,   15994000,  121702384, java, iotlab1, sing, 15
entry_14585544.class,  2.71,  1.33,  1.31,  0.07,  0.00,  109459005,  125562000,   17354000,  121764220, java, iotlab1, sing, 15
entry_14585544.class,  2.74,  1.34,  1.30,  0.07,  0.00,  109135879,  126907000,   14213000,  121554661, java, iotlab1, sing, 15
entry_14585544.class,  2.69,  1.29,  1.25,  0.07,  0.00,  111729017,  128261000,   16902000,  124162097, java, iotlab1, sing, 15
entry_14585544.class,  2.71,  1.33,  1.29,  0.07,  0.00,  108638590,  125003000,   16260000,  121002478, java, iotlab1, sing, 15
entry_14585544.class,  2.74,  1.34,  1.30,  0.07,  0.00,  109491337,  128566000,   12856000,  121952338, java, iotlab1, sing, 15
entry_14585544.class,  2.70,  1.30,  1.26,  0.07,  0.00,  110392600,  136594000,    6353000,  122792012, java, iotlab1, sing, 15
entry_14585544.class,  2.72,  1.33,  1.30,  0.07,  0.00,  108925080,  127607000,   14066000,  121232669, java, iotlab1, sing, 15
entry_14585544.class,  2.73,  1.33,  1.28,  0.07,  0.00,  110277472,  135879000,    7098000,  122607958, java, iotlab1, sing, 15
entry_14585544.class,  2.75,  1.35,  1.32,  0.07,  0.00,  109962822,  124281000,   16902000,  122361056, java, iotlab1, sing, 15
entry_14585544.class,  2.79,  1.35,  1.31,  0.07,  0.00,  109787311,  126089000,   16139000,  122248630, java, iotlab1, sing, 15
entry_14585618.class,  2.64,  1.22,  1.19,  0.07,  0.00,  116271940,  136862000,   15552000,  128726966, java, iotlab1, sing, 15
entry_14585618.class,  2.71,  1.34,  1.30,  0.07,  0.00,  108877873,  125948000,   14335000,  121305139, java, iotlab1, sing, 15
entry_14585618.class,  2.70,  1.34,  1.30,  0.07,  0.00,  108911495,  124840000,   15852000,  121481506, java, iotlab1, sing, 15
entry_14585618.class,  2.69,  1.32,  1.28,  0.07,  0.00,  108935977,  126743000,   13862000,  121464587, java, iotlab1, sing, 15
entry_14585618.class,  2.68,  1.33,  1.30,  0.07,  0.00,  108678488,  125750000,   15090000,  121015758, java, iotlab1, sing, 15
entry_14585618.class,  2.70,  1.32,  1.28,  0.07,  0.00,  108864392,  123364000,   17764000,  121234444, java, iotlab1, sing, 15
entry_14585618.class,  2.71,  1.31,  1.28,  0.07,  0.00,  111061172,  120559000,   21638000,  124445355, java, iotlab1, sing, 15
entry_14585618.class,  2.72,  1.34,  1.30,  0.07,  0.00,  109256602,  128604000,   12762000,  121732035, java, iotlab1, sing, 15
entry_14585618.class,  2.68,  1.29,  1.25,  0.07,  0.00,  112591692,  128901000,   15987000,  125971656, java, iotlab1, sing, 15
entry_14585618.class,  2.73,  1.35,  1.31,  0.07,  0.00,  109455373,  118530000,   21730000,  121689770, java, iotlab1, sing, 15
entry_14585626.class,  2.69,  1.32,  1.29,  0.07,  0.00,  109448983,  128109000,   12616000,  121865376, java, iotlab1, sing, 15
entry_14585626.class,  2.75,  1.36,  1.32,  0.07,  0.00,  111202521,  127077000,   14119000,  123555499, java, iotlab1, sing, 15
entry_14585626.class,  2.72,  1.31,  1.28,  0.07,  0.00,  112289916,  127194000,   16892000,  125506402, java, iotlab1, sing, 15
entry_14585626.class,  2.65,  1.26,  1.22,  0.07,  0.00,  112109675,  128895000,   15864000,  126102166, java, iotlab1, sing, 15
entry_14585626.class,  2.72,  1.34,  1.30,  0.07,  0.00,  109741728,  126754000,   13863000,  122059580, java, iotlab1, sing, 15
entry_14585626.class,  2.69,  1.30,  1.27,  0.07,  0.00,  110856336,  130077000,   12908000,  123047684, java, iotlab1, sing, 15
entry_14585626.class,  2.69,  1.30,  1.26,  0.07,  0.00,  110590356,  130428000,   12039000,  122972843, java, iotlab1, sing, 15
entry_14585626.class,  2.73,  1.34,  1.30,  0.07,  0.00,  109043790,  131314000,    9948000,  121444002, java, iotlab1, sing, 15
entry_14585626.class,  2.71,  1.34,  1.31,  0.07,  0.00,  109124803,  132524000,    8093000,  121564772, java, iotlab1, sing, 15
entry_14585626.class,  2.71,  1.33,  1.29,  0.07,  0.00,  108477155,  126151000,   14476000,  120883531, java, iotlab1, sing, 15
entry_1463695.class,  4.54,  2.21,  2.15,  0.11,  0.00,  199664430,  203753000,   14191000,  212049768, java, iotlab1, sing, 15
entry_1463695.class,  4.78,  2.27,  2.21,  0.12,  0.00,  215842851,  205490000,   11970000,  228284488, java, iotlab1, sing, 15
entry_1463695.class,  4.57,  2.24,  2.17,  0.11,  0.00,  199560198,  204503000,   11970000,  212122982, java, iotlab1, sing, 15
entry_1463695.class,  4.55,  2.23,  2.17,  0.11,  0.00,  199249072,  209691000,    7125000,  211612225, java, iotlab1, sing, 15
entry_1463695.class,  4.57,  2.20,  2.13,  0.11,  0.00,  202637881,  210085000,   10004000,  215099776, java, iotlab1, sing, 15
entry_1463695.class,  4.55,  2.21,  2.15,  0.11,  0.00,  201101070,  210657000,    8063000,  213470613, java, iotlab1, sing, 15
entry_1463695.class,  4.56,  2.23,  2.18,  0.11,  0.00,  199606932,  208402000,    8974000,  211979277, java, iotlab1, sing, 15
entry_1463695.class,  4.58,  2.24,  2.17,  0.11,  0.00,  200938151,  204497000,   13897000,  213484047, java, iotlab1, sing, 15
entry_1463695.class,  4.57,  2.24,  2.17,  0.11,  0.00,  199117399,  206388000,    9875000,  211455175, java, iotlab1, sing, 15
entry_1463695.class,  4.56,  2.23,  2.16,  0.11,  0.00,  198430846,  204956000,   10096000,  210730084, java, iotlab1, sing, 15
entry_1463731.class,  4.59,  2.22,  2.15,  0.11,  0.00,  201729887,  207569000,   12032000,  214194924, java, iotlab1, sing, 15
entry_1463731.class,  4.56,  2.22,  2.16,  0.11,  0.00,  199040031,  201794000,   14765000,  211499063, java, iotlab1, sing, 15
entry_1463731.class,  4.58,  2.23,  2.17,  0.11,  0.00,  199007028,  203142000,   13009000,  211390576, java, iotlab1, sing, 15
entry_1463731.class,  4.56,  2.24,  2.18,  0.11,  0.00,  199609613,  202579000,   13102000,  211935600, java, iotlab1, sing, 15
entry_1463731.class,  4.57,  2.23,  2.17,  0.11,  0.00,  199139605,  202132000,   14718000,  211535105, java, iotlab1, sing, 15
entry_1463731.class,  4.57,  2.20,  2.13,  0.11,  0.00,  202886797,  208505000,   12029000,  216054570, java, iotlab1, sing, 15
entry_1463731.class,  4.59,  2.25,  2.19,  0.11,  0.00,  200189006,  204286000,   13018000,  212780434, java, iotlab1, sing, 15
entry_1463731.class,  4.64,  2.24,  2.18,  0.11,  0.00,  199834360,  204673000,   12853000,  212145989, java, iotlab1, sing, 15
entry_1463731.class,  4.61,  2.17,  2.10,  0.11,  0.00,  204915017,  211659000,   11139000,  218057399, java, iotlab1, sing, 15
entry_1463731.class,  4.62,  2.25,  2.19,  0.11,  0.00,  201386771,  208853000,    9945000,  213955526, java, iotlab1, sing, 15
entry_14861896.class,  2.29,  1.08,  1.05,  0.06,  0.00,   98303298,  103231000,   12903000,  110654455, java, iotlab1, sing, 15
entry_14861896.class,  2.35,  1.09,  1.05,  0.06,  0.00,  100871731,  106718000,   12081000,  114179169, java, iotlab1, sing, 15
entry_14861896.class,  2.33,  1.08,  1.05,  0.06,  0.00,  100497871,  107534000,   10952000,  113850280, java, iotlab1, sing, 15
entry_14861896.class,  2.32,  1.10,  1.07,  0.06,  0.00,   99319148,  104460000,   13057000,  111623602, java, iotlab1, sing, 15
entry_14861896.class,  2.33,  1.08,  1.05,  0.06,  0.00,  101077838,  105782000,   12973000,  113462452, java, iotlab1, sing, 15
entry_14861896.class,  2.33,  1.10,  1.07,  0.06,  0.00,   99181724,  107983000,    9816000,  111534150, java, iotlab1, sing, 15
entry_14861896.class,  2.31,  1.08,  1.04,  0.06,  0.00,  100455462,  107203000,   11124000,  112811206, java, iotlab1, sing, 15
entry_14861896.class,  2.54,  1.18,  1.15,  0.06,  0.00,  102829129,  106216000,   10213000,  115212966, java, iotlab1, sing, 15
entry_14861896.class,  2.37,  1.10,  1.07,  0.06,  0.00,   97583157,  100430000,   14060000,  110047626, java, iotlab1, sing, 15
entry_14861896.class,  2.44,  1.11,  1.08,  0.06,  0.00,   97790144,  101347000,   13910000,  110102871, java, iotlab1, sing, 15
entry_14915821.class,  3.94,  1.88,  1.82,  0.10,  0.00,  175396057,  180675000,   11165000,  188761820, java, iotlab1, sing, 15
entry_14915821.class,  3.95,  1.90,  1.84,  0.10,  0.00,  172493169,  181290000,    7011000,  184778637, java, iotlab1, sing, 15
entry_14915821.class,  3.96,  1.90,  1.85,  0.10,  0.00,  174013387,  181664000,    8983000,  186441630, java, iotlab1, sing, 15
entry_14915821.class,  3.97,  1.91,  1.86,  0.10,  0.00,  173829750,  176646000,   14051000,  186247984, java, iotlab1, sing, 15
entry_14915821.class,  3.95,  1.90,  1.85,  0.10,  0.00,  175396960,  175741000,   15063000,  187725679, java, iotlab1, sing, 15
entry_14915821.class,  3.90,  1.85,  1.80,  0.10,  0.00,  174530253,  180826000,   10989000,  186809309, java, iotlab1, sing, 15
entry_14915821.class,  3.96,  1.90,  1.85,  0.10,  0.00,  174065549,  176147000,   14927000,  186520025, java, iotlab1, sing, 15
entry_14915821.class,  3.93,  1.89,  1.85,  0.10,  0.00,  172808955,  178346000,   10898000,  185295158, java, iotlab1, sing, 15
entry_14915821.class,  3.94,  1.89,  1.83,  0.10,  0.00,  173857114,  181482000,    8974000,  186346005, java, iotlab1, sing, 15
entry_14915821.class,  3.91,  1.89,  1.85,  0.10,  0.00,  172963626,  176211000,   13937000,  185283267, java, iotlab1, sing, 15
entry_14970721.class,  7.02,  3.23,  3.14,  0.17,  0.00,  319414168,  318885000,    9082000,  331941493, java, iotlab1, sing, 15
entry_14970721.class,  6.74,  3.19,  3.09,  0.16,  0.00,  302653648,  317878000,   10027000,  314936870, java, iotlab1, sing, 15
entry_14970721.class,  6.73,  3.21,  3.11,  0.16,  0.00,  304074972,  317152000,   12005000,  317215925, java, iotlab1, sing, 15
entry_14970721.class,  6.69,  3.18,  3.09,  0.16,  0.00,  301854940,  318438000,    8036000,  314200816, java, iotlab1, sing, 15
entry_14970721.class,  6.72,  3.23,  3.13,  0.16,  0.00,  302656068,  318244000,    9976000,  314932100, java, iotlab1, sing, 15
entry_14970721.class,  6.71,  3.17,  3.08,  0.16,  0.00,  304109287,  314325000,   15063000,  316379328, java, iotlab1, sing, 15
entry_14970721.class,  6.76,  3.22,  3.12,  0.16,  0.00,  302855575,  317629000,   10987000,  315146569, java, iotlab1, sing, 15
entry_14970721.class,  8.08,  4.03,  3.93,  0.18,  0.00,  309688220,  318257000,   15962000,  322074601, java, iotlab1, sing, 15
entry_14970721.class,  6.75,  3.22,  3.13,  0.16,  0.00,  302408449,  315805000,   12146000,  314766780, java, iotlab1, sing, 15
entry_14970721.class,  6.77,  3.24,  3.15,  0.16,  0.00,  302601166,  317029000,   10897000,  314976283, java, iotlab1, sing, 15
entry_15027191.class,  7.49,  3.64,  3.55,  0.18,  0.00,  304939098,  315555000,   13148000,  317227271, java, iotlab1, sing, 15
entry_15027191.class,  7.04,  3.41,  3.31,  0.17,  0.00,  299941299,  312747000,   13115000,  312720046, java, iotlab1, sing, 15
entry_15027191.class,  6.63,  3.18,  3.10,  0.16,  0.00,  294314048,  302893000,   14041000,  306636725, java, iotlab1, sing, 15
entry_15027191.class,  6.94,  3.21,  3.11,  0.17,  0.00,  318585904,  303794000,   13034000,  330892546, java, iotlab1, sing, 15
entry_15027191.class,  6.57,  3.16,  3.08,  0.16,  0.00,  293742625,  308499000,    7987000,  306311788, java, iotlab1, sing, 15
entry_15027191.class,  6.59,  3.20,  3.11,  0.16,  0.00,  294831254,  304143000,   12921000,  307220437, java, iotlab1, sing, 15
entry_15027191.class,  6.59,  3.19,  3.09,  0.16,  0.00,  293846362,  301932000,   14849000,  306174971, java, iotlab1, sing, 15
entry_15027191.class,  6.56,  3.18,  3.09,  0.16,  0.00,  293478229,  301088000,   15004000,  305832057, java, iotlab1, sing, 15
entry_15027191.class,  6.56,  3.22,  3.13,  0.16,  0.00,  293306772,  305545000,   10151000,  305721715, java, iotlab1, sing, 15
entry_15027191.class,  6.88,  3.12,  3.03,  0.16,  0.00,  306540496,  317137000,   16006000,  331970868, java, iotlab1, sing, 15
entry_15114336.class,  5.02,  2.44,  2.36,  0.13,  0.00,  220300688,  234205000,   18855000,  233548403, java, iotlab1, sing, 15
entry_15114336.class,  5.07,  2.47,  2.40,  0.13,  0.00,  217988111,  236113000,   14943000,  230401607, java, iotlab1, sing, 15
entry_15114336.class,  5.08,  2.48,  2.40,  0.13,  0.00,  218184462,  237771000,   13986000,  230540010, java, iotlab1, sing, 15
entry_15114336.class,  5.06,  2.45,  2.38,  0.12,  0.00,  216590890,  231285000,   17020000,  228992953, java, iotlab1, sing, 15
entry_15114336.class,  5.08,  2.45,  2.38,  0.13,  0.00,  217680809,  233105000,   17931000,  229968981, java, iotlab1, sing, 15
entry_15114336.class,  5.09,  2.49,  2.42,  0.13,  0.00,  218439761,  240896000,   10121000,  230814142, java, iotlab1, sing, 15
entry_15114336.class,  5.05,  2.45,  2.38,  0.13,  0.00,  218074939,  235677000,   15172000,  230589134, java, iotlab1, sing, 15
entry_15114336.class,  5.07,  2.47,  2.41,  0.12,  0.00,  217324576,  233991000,   15999000,  229684735, java, iotlab1, sing, 15
entry_15114336.class,  5.07,  2.45,  2.38,  0.13,  0.00,  218238087,  237503000,   12972000,  230646749, java, iotlab1, sing, 15
entry_15114336.class,  5.11,  2.47,  2.40,  0.13,  0.00,  220500566,  240811000,   11941000,  232991921, java, iotlab1, sing, 15
entry_15151658.class,  6.72,  3.22,  3.12,  0.16,  0.00,  302453484,  312100000,   12921000,  314799241, java, iotlab1, sing, 15
entry_15151658.class,  6.73,  3.23,  3.14,  0.16,  0.00,  302999695,  317173000,   10037000,  315407446, java, iotlab1, sing, 15
entry_15151658.class,  6.78,  3.22,  3.12,  0.16,  0.00,  302631627,  315172000,   10005000,  315110602, java, iotlab1, sing, 15
entry_15151658.class,  6.72,  3.19,  3.10,  0.16,  0.00,  305346368,  318176000,   12006000,  317736769, java, iotlab1, sing, 15
entry_15151658.class,  6.75,  3.22,  3.12,  0.16,  0.00,  304622539,  312859000,   14898000,  316863886, java, iotlab1, sing, 15
entry_15151658.class,  6.70,  3.24,  3.14,  0.16,  0.00,  301743677,  314099000,   11965000,  314011194, java, iotlab1, sing, 15
entry_15151658.class,  6.74,  3.21,  3.11,  0.16,  0.00,  302646699,  314320000,   12128000,  314995019, java, iotlab1, sing, 15
entry_15151658.class,  6.71,  3.23,  3.14,  0.16,  0.00,  303342904,  313856000,   13119000,  315662150, java, iotlab1, sing, 15
entry_15151658.class,  6.73,  3.17,  3.07,  0.17,  0.00,  308706367,  321255000,   13051000,  322158903, java, iotlab1, sing, 15
entry_15151658.class,  6.72,  3.21,  3.12,  0.16,  0.00,  301948297,  310428000,   14829000,  314393202, java, iotlab1, sing, 15
entry_15314019.class,  3.75,  1.77,  1.72,  0.10,  0.00,  168819253,  178282000,   13243000,  184091913, java, iotlab1, sing, 15
entry_15314019.class,  3.78,  1.85,  1.79,  0.09,  0.00,  163744381,  171722000,   13131000,  176129316, java, iotlab1, sing, 15
entry_15314019.class,  3.77,  1.83,  1.78,  0.09,  0.00,  163960086,  176354000,   10020000,  176319721, java, iotlab1, sing, 15
entry_15314019.class,  3.79,  1.86,  1.81,  0.09,  0.00,  162654143,  171371000,   12877000,  175112709, java, iotlab1, sing, 15
entry_15314019.class,  3.78,  1.85,  1.80,  0.09,  0.00,  163270121,  169506000,   14956000,  175522397, java, iotlab1, sing, 15
entry_15314019.class,  3.80,  1.86,  1.80,  0.09,  0.00,  164857717,  172082000,   14006000,  178116989, java, iotlab1, sing, 15
entry_15314019.class,  3.81,  1.84,  1.79,  0.09,  0.00,  163635783,  168433000,   15852000,  175902049, java, iotlab1, sing, 15
entry_15314019.class,  3.76,  1.84,  1.80,  0.09,  0.00,  162679523,  169090000,   14919000,  175091264, java, iotlab1, sing, 15
entry_15314019.class,  3.78,  1.86,  1.80,  0.09,  0.00,  162229986,  174328000,    9016000,  174579030, java, iotlab1, sing, 15
entry_15314019.class,  3.85,  1.82,  1.76,  0.09,  0.00,  165563012,  177621000,    8930000,  177858968, java, iotlab1, sing, 15
entry_15510157.class,  2.13,  1.02,  0.99,  0.06,  0.00,   90939136,   94872000,   11859000,  104162527, java, iotlab1, sing, 15
entry_15510157.class,  2.16,  1.02,  0.98,  0.06,  0.00,   93850602,  101434000,    9944000,  106155738, java, iotlab1, sing, 15
entry_15510157.class,  2.13,  1.03,  1.01,  0.06,  0.00,   89509259,   95029000,   11120000,  101879075, java, iotlab1, sing, 15
entry_15510157.class,  2.16,  1.06,  1.02,  0.05,  0.00,   89604528,   90859000,   13124000,  101948323, java, iotlab1, sing, 15
entry_15510157.class,  2.12,  1.01,  0.98,  0.06,  0.00,   91016438,   93646000,   13526000,  104163924, java, iotlab1, sing, 15
entry_15510157.class,  2.15,  1.06,  1.03,  0.05,  0.00,   89909948,   96984000,    8342000,  102258172, java, iotlab1, sing, 15
entry_15510157.class,  2.14,  1.05,  1.02,  0.05,  0.00,   89133281,   93100000,   11637000,  101539079, java, iotlab1, sing, 15
entry_15510157.class,  2.19,  1.02,  0.99,  0.06,  0.00,   95330813,   98083000,   11009000,  108468316, java, iotlab1, sing, 15
entry_15510157.class,  2.12,  1.01,  0.98,  0.06,  0.00,   92234277,   97288000,   11632000,  104577966, java, iotlab1, sing, 15
entry_15510157.class,  2.12,  1.04,  1.00,  0.05,  0.00,   88569407,   90116000,   14018000,  100792915, java, iotlab1, sing, 15
entry_15510474.class,  2.14,  1.01,  0.97,  0.06,  0.00,   91484494,   97613000,   10845000,  104667376, java, iotlab1, sing, 15
entry_15510474.class,  2.10,  0.99,  0.97,  0.06,  0.00,   91440046,   95162000,   13302000,  104894832, java, iotlab1, sing, 15
entry_15510474.class,  2.13,  1.04,  1.01,  0.05,  0.00,   88961094,   94773000,   10082000,  103187841, java, iotlab1, sing, 15
entry_15510474.class,  2.15,  1.04,  1.01,  0.05,  0.00,   88772115,   91197000,   13877000,  101196715, java, iotlab1, sing, 15
entry_15510474.class,  2.16,  1.04,  1.01,  0.06,  0.00,   91746826,   92173000,   14026000,  104115680, java, iotlab1, sing, 15
entry_15510474.class,  2.32,  1.04,  1.01,  0.06,  0.00,  106227905,  101076000,    7075000,  118600856, java, iotlab1, sing, 15
entry_15510474.class,  2.10,  1.02,  1.00,  0.05,  0.00,   88557693,   94090000,   10227000,  100828864, java, iotlab1, sing, 15
entry_15510474.class,  2.14,  1.04,  1.01,  0.06,  0.00,   89061862,   93634000,   11827000,  101359080, java, iotlab1, sing, 15
entry_15510474.class,  2.12,  1.01,  0.98,  0.06,  0.00,   89693944,   95265000,   11030000,  101985856, java, iotlab1, sing, 15
entry_15510474.class,  2.12,  1.04,  1.01,  0.05,  0.00,   88937342,   89678000,   15114000,  101501278, java, iotlab1, sing, 15
entry_15570824.class,  2.30,  1.13,  1.10,  0.06,  0.00,   96094590,   96724000,   16443000,  108436010, java, iotlab1, sing, 15
entry_15570824.class,  2.30,  1.11,  1.09,  0.06,  0.00,   96426480,  102396000,   11042000,  108717565, java, iotlab1, sing, 15
entry_15570824.class,  2.32,  1.13,  1.10,  0.06,  0.00,   97023318,  103245000,   10324000,  109518132, java, iotlab1, sing, 15
entry_15570824.class,  2.34,  1.14,  1.11,  0.06,  0.00,   96713140,  102620000,   10959000,  109021841, java, iotlab1, sing, 15
entry_15570824.class,  2.29,  1.11,  1.07,  0.06,  0.00,   96979029,  102046000,   12124000,  109411941, java, iotlab1, sing, 15
entry_15570824.class,  2.31,  1.12,  1.09,  0.06,  0.00,   96976639,   99471000,   13925000,  109337855, java, iotlab1, sing, 15
entry_15570824.class,  2.32,  1.13,  1.09,  0.06,  0.00,   98025559,   99732000,   15265000,  111143261, java, iotlab1, sing, 15
entry_15570824.class,  2.32,  1.13,  1.11,  0.06,  0.00,   98956570,  100441000,   15911000,  112428932, java, iotlab1, sing, 15
entry_15570824.class,  2.28,  1.09,  1.06,  0.06,  0.00,   98248868,  104367000,   11927000,  110451944, java, iotlab1, sing, 15
entry_15570824.class,  2.30,  1.09,  1.06,  0.06,  0.00,   98833135,  104588000,   11729000,  111140034, java, iotlab1, sing, 15
entry_15813620.class,  3.59,  1.72,  1.67,  0.09,  0.00,  156817847,  166731000,    7987000,  169729343, java, iotlab1, sing, 15
entry_15813620.class,  3.60,  1.74,  1.69,  0.09,  0.00,  156029536,  162622000,   10974000,  168415071, java, iotlab1, sing, 15
entry_15813620.class,  3.59,  1.72,  1.67,  0.09,  0.00,  155936050,  160943000,   12995000,  168336498, java, iotlab1, sing, 15
entry_15813620.class,  3.60,  1.73,  1.69,  0.09,  0.00,  158004444,  162066000,   12846000,  171363522, java, iotlab1, sing, 15
entry_15813620.class,  3.60,  1.74,  1.69,  0.09,  0.00,  157082661,  160575000,   13876000,  169529807, java, iotlab1, sing, 15
entry_15813620.class,  3.62,  1.72,  1.67,  0.09,  0.00,  157301269,  160445000,   14856000,  170558960, java, iotlab1, sing, 15
entry_15813620.class,  3.56,  1.70,  1.65,  0.09,  0.00,  156988023,  160781000,   14068000,  170917620, java, iotlab1, sing, 15
entry_15813620.class,  3.61,  1.72,  1.67,  0.09,  0.00,  157601358,  161921000,   13074000,  169809472, java, iotlab1, sing, 15
entry_15813620.class,  3.60,  1.75,  1.71,  0.09,  0.00,  155256772,  164313000,    9128000,  167579115, java, iotlab1, sing, 15
entry_15813620.class,  3.77,  1.76,  1.71,  0.10,  0.00,  167758434,  164767000,    9985000,  180106399, java, iotlab1, sing, 15
entry_15926425.class,  3.10,  1.50,  1.47,  0.08,  0.00,  127144095,  148248000,   15336000,  139519522, java, iotlab1, sing, 15
entry_15926425.class,  3.17,  1.54,  1.49,  0.08,  0.00,  126534815,  146340000,   15928000,  138883493, java, iotlab1, sing, 15
entry_15926425.class,  3.16,  1.52,  1.47,  0.08,  0.00,  126696172,  147352000,   14834000,  138928531, java, iotlab1, sing, 15
entry_15926425.class,  3.13,  1.53,  1.49,  0.08,  0.00,  125923575,  148030000,   14002000,  138264235, java, iotlab1, sing, 15
entry_15926425.class,  3.10,  1.51,  1.48,  0.08,  0.00,  125829693,  152634000,    9037000,  138182865, java, iotlab1, sing, 15
entry_15926425.class,  3.14,  1.49,  1.45,  0.08,  0.00,  130668300,  154805000,   13327000,  143780935, java, iotlab1, sing, 15
entry_15926425.class,  3.13,  1.51,  1.46,  0.08,  0.00,  128841584,  152609000,   13226000,  142841474, java, iotlab1, sing, 15
entry_15926425.class,  3.16,  1.52,  1.47,  0.08,  0.00,  128376831,  150510000,   15051000,  140834011, java, iotlab1, sing, 15
entry_15926425.class,  3.17,  1.56,  1.51,  0.08,  0.00,  126393958,  148952000,   14090000,  138872116, java, iotlab1, sing, 15
entry_15926425.class,  3.18,  1.55,  1.51,  0.08,  0.00,  128150093,  146114000,   17013000,  140470903, java, iotlab1, sing, 15
entry_1726765.class,  3.72,  1.81,  1.75,  0.09,  0.00,  158688549,  158460000,   19932000,  171201660, java, iotlab1, sing, 15
entry_1726765.class,  3.74,  1.83,  1.77,  0.09,  0.00,  158076105,  167243000,    9896000,  170490601, java, iotlab1, sing, 15
entry_1726765.class,  3.69,  1.80,  1.76,  0.09,  0.00,  157497734,  168363000,    8913000,  170033024, java, iotlab1, sing, 15
entry_1726765.class,  3.79,  1.82,  1.77,  0.09,  0.00,  162230953,  169146000,   14012000,  175512216, java, iotlab1, sing, 15
entry_1726765.class,  3.70,  1.76,  1.71,  0.09,  0.00,  161014112,  170012000,   12143000,  173363524, java, iotlab1, sing, 15
entry_1726765.class,  3.68,  1.79,  1.74,  0.09,  0.00,  158670929,  165855000,   12988000,  171071115, java, iotlab1, sing, 15
entry_1726765.class,  3.69,  1.80,  1.74,  0.09,  0.00,  159723391,  164532000,   15669000,  172136259, java, iotlab1, sing, 15
entry_1726765.class,  3.69,  1.80,  1.75,  0.09,  0.00,  159071803,  165150000,   13844000,  171415145, java, iotlab1, sing, 15
entry_1726765.class,  3.68,  1.79,  1.75,  0.09,  0.00,  158681721,  164695000,   13135000,  171003336, java, iotlab1, sing, 15
entry_1726765.class,  3.70,  1.80,  1.76,  0.09,  0.00,  158301700,  163227000,   15020000,  170686417, java, iotlab1, sing, 15
entry_1726769.class,  3.65,  1.79,  1.75,  0.09,  0.00,  157398300,  165353000,   12099000,  169797412, java, iotlab1, sing, 15
entry_1726769.class,  3.64,  1.78,  1.73,  0.09,  0.00,  158474631,  167713000,   10981000,  170857408, java, iotlab1, sing, 15
entry_1726769.class,  3.71,  1.76,  1.70,  0.09,  0.00,  163445257,  170051000,   13922000,  176705271, java, iotlab1, sing, 15
entry_1726769.class,  3.69,  1.81,  1.77,  0.09,  0.00,  158582350,  165397000,   13191000,  171003793, java, iotlab1, sing, 15
entry_1726769.class,  3.70,  1.82,  1.77,  0.09,  0.00,  158510228,  168962000,    9938000,  170783026, java, iotlab1, sing, 15
entry_1726769.class,  3.66,  1.81,  1.76,  0.09,  0.00,  158439811,  167128000,   10942000,  170879673, java, iotlab1, sing, 15
entry_1726769.class,  3.70,  1.83,  1.78,  0.09,  0.00,  158627481,  165927000,   11922000,  170996101, java, iotlab1, sing, 15
entry_1726769.class,  3.70,  1.83,  1.78,  0.09,  0.00,  158940026,  168121000,    9948000,  171422599, java, iotlab1, sing, 15
entry_1726769.class,  3.73,  1.81,  1.75,  0.09,  0.00,  159558143,  164615000,   14226000,  172968013, java, iotlab1, sing, 15
entry_1726769.class,  3.69,  1.81,  1.76,  0.09,  0.00,  157990733,  163889000,   14076000,  170704260, java, iotlab1, sing, 15
entry_1739490.class,  9.06,  4.23,  4.11,  0.20,  0.00,  364231018,  361561000,   12948000,  376615526, java, iotlab1, sing, 15
entry_1739490.class,  8.05,  3.87,  3.77,  0.20,  0.00,  353701594,  361828000,   13102000,  366310666, java, iotlab1, sing, 15
entry_1739490.class,  7.88,  3.81,  3.71,  0.19,  0.00,  350372509,  352193000,   18112000,  362779396, java, iotlab1, sing, 15
entry_1739490.class,  7.88,  3.81,  3.70,  0.19,  0.00,  348732240,  355411000,   13051000,  361175487, java, iotlab1, sing, 15
entry_1739490.class,  7.89,  3.79,  3.68,  0.19,  0.00,  354436960,  356100000,   19058000,  367587033, java, iotlab1, sing, 15
entry_1739490.class,  8.11,  3.85,  3.74,  0.19,  0.00,  365962999,  359061000,   10001000,  378487970, java, iotlab1, sing, 15
entry_1739490.class,  7.89,  3.84,  3.74,  0.19,  0.00,  349532262,  358966000,    9943000,  361754243, java, iotlab1, sing, 15
entry_1739490.class,  7.88,  3.84,  3.74,  0.19,  0.00,  349384144,  361464000,    6951000,  361836049, java, iotlab1, sing, 15
entry_1739490.class,  7.90,  3.85,  3.73,  0.19,  0.00,  349338350,  352698000,   15986000,  361774891, java, iotlab1, sing, 15
entry_1739490.class,  7.84,  3.83,  3.72,  0.19,  0.00,  349380193,  352735000,   13027000,  361752037, java, iotlab1, sing, 15
entry_1944265.class,  3.74,  1.82,  1.77,  0.09,  0.00,  161069616,  167817000,   13063000,  173405792, java, iotlab1, sing, 15
entry_1944265.class,  3.73,  1.82,  1.77,  0.09,  0.00,  161212165,  169782000,   11050000,  173655000, java, iotlab1, sing, 15
entry_1944265.class,  3.74,  1.81,  1.76,  0.09,  0.00,  163349114,  172840000,   10167000,  175691052, java, iotlab1, sing, 15
entry_1944265.class,  3.74,  1.83,  1.78,  0.09,  0.00,  162593158,  169703000,   13131000,  175089478, java, iotlab1, sing, 15
entry_1944265.class,  3.77,  1.86,  1.80,  0.09,  0.00,  160564826,  169924000,   10054000,  172834776, java, iotlab1, sing, 15
entry_1944265.class,  3.76,  1.85,  1.79,  0.09,  0.00,  162591418,  171098000,   11799000,  175896892, java, iotlab1, sing, 15
entry_1944265.class,  3.75,  1.82,  1.77,  0.09,  0.00,  162002201,  168344000,   14028000,  174288158, java, iotlab1, sing, 15
entry_1944265.class,  3.77,  1.81,  1.76,  0.09,  0.00,  165162737,  175125000,   11007000,  177588975, java, iotlab1, sing, 15
entry_1944265.class,  3.76,  1.85,  1.80,  0.09,  0.00,  161195734,  168608000,   12818000,  173687077, java, iotlab1, sing, 15
entry_1944265.class,  3.78,  1.86,  1.81,  0.09,  0.00,  161294678,  170463000,   10901000,  173603674, java, iotlab1, sing, 15
entry_1952578.class,  4.98,  2.37,  2.30,  0.12,  0.00,  224118455,  228489000,   11921000,  238328748, java, iotlab1, sing, 15
entry_1952578.class,  5.00,  2.44,  2.38,  0.12,  0.00,  220939818,  224706000,   13040000,  233394056, java, iotlab1, sing, 15
entry_1952578.class,  4.98,  2.41,  2.34,  0.12,  0.00,  221401786,  226522000,   12081000,  233823195, java, iotlab1, sing, 15
entry_1952578.class,  5.02,  2.42,  2.35,  0.12,  0.00,  222514499,  223626000,   14908000,  235911557, java, iotlab1, sing, 15
entry_1952578.class,  4.98,  2.41,  2.34,  0.12,  0.00,  220059856,  220819000,   16059000,  232420939, java, iotlab1, sing, 15
entry_1952578.class,  4.97,  2.40,  2.33,  0.12,  0.00,  221059715,  221113000,   16154000,  233475057, java, iotlab1, sing, 15
entry_1952578.class,  4.98,  2.41,  2.34,  0.12,  0.00,  220333682,  227121000,    9961000,  232616357, java, iotlab1, sing, 15
entry_1952578.class,  5.20,  2.47,  2.39,  0.13,  0.00,  232408473,  226288000,   11014000,  245004065, java, iotlab1, sing, 15
entry_1952578.class,  4.96,  2.40,  2.33,  0.12,  0.00,  221340524,  226090000,   12112000,  234475461, java, iotlab1, sing, 15
entry_1952578.class,  5.04,  2.42,  2.36,  0.12,  0.00,  226460958,  226934000,   12157000,  238763387, java, iotlab1, sing, 15
entry_1983054.class,  4.92,  2.27,  2.19,  0.13,  0.00,  218445094,  219269000,   19287000,  232445464, java, iotlab1, sing, 15
entry_1983054.class,  4.52,  2.19,  2.13,  0.11,  0.00,  192174778,  226013000,   14063000,  204653358, java, iotlab1, sing, 15
entry_1983054.class,  4.51,  2.17,  2.12,  0.11,  0.00,  192335600,  219559000,   19869000,  204727749, java, iotlab1, sing, 15
entry_1983054.class,  4.69,  2.22,  2.15,  0.12,  0.00,  202167635,  223474000,   14832000,  214571210, java, iotlab1, sing, 15
entry_1983054.class,  4.67,  2.25,  2.19,  0.12,  0.00,  199491028,  215470000,   20948000,  212018988, java, iotlab1, sing, 15
entry_1983054.class,  4.67,  2.25,  2.19,  0.12,  0.00,  198077699,  221362000,   13835000,  210279492, java, iotlab1, sing, 15
entry_1983054.class,  4.65,  2.25,  2.20,  0.12,  0.00,  197272184,  215567000,   17963000,  209780866, java, iotlab1, sing, 15
entry_1983054.class,  4.55,  2.24,  2.19,  0.11,  0.00,  188457812,  219015000,   17001000,  200755573, java, iotlab1, sing, 15
entry_1983054.class,  4.54,  2.23,  2.17,  0.11,  0.00,  187947498,  212522000,   22841000,  200328125, java, iotlab1, sing, 15
entry_1983054.class,  4.52,  2.22,  2.16,  0.11,  0.00,  187676425,  215575000,   18962000,  200033091, java, iotlab1, sing, 15
entry_2367263.class,  2.57,  1.10,  1.06,  0.08,  0.00,  125213818,  126110000,   23204000,  139825212, java, iotlab1, sing, 15
entry_2367263.class,  2.56,  1.22,  1.19,  0.07,  0.00,  110367252,  108650000,   19754000,  122764773, java, iotlab1, sing, 15
entry_2367263.class,  2.57,  1.24,  1.21,  0.07,  0.00,  108411141,  107476000,   18907000,  120794582, java, iotlab1, sing, 15
entry_2367263.class,  2.58,  1.25,  1.21,  0.07,  0.00,  108428483,  106922000,   19533000,  120799730, java, iotlab1, sing, 15
entry_2367263.class,  2.59,  1.23,  1.20,  0.07,  0.00,  111293442,  111158000,   18025000,  123829614, java, iotlab1, sing, 15
entry_2367263.class,  2.76,  1.27,  1.23,  0.08,  0.00,  123234119,  104799000,   23954000,  135977563, java, iotlab1, sing, 15
entry_2367263.class,  2.57,  1.19,  1.15,  0.07,  0.00,  114045180,  108444000,   24098000,  128279197, java, iotlab1, sing, 15
entry_2367263.class,  2.59,  1.22,  1.19,  0.07,  0.00,  111361200,  103548000,   25379000,  124643428, java, iotlab1, sing, 15
entry_2367263.class,  2.57,  1.22,  1.18,  0.07,  0.00,  110395629,  105432000,   22247000,  122941834, java, iotlab1, sing, 15
entry_2367263.class,  2.59,  1.27,  1.24,  0.07,  0.00,  109211827,  109492000,   16769000,  121661019, java, iotlab1, sing, 15
entry_2515405.class,  3.94,  1.82,  1.77,  0.09,  0.00,  165046590,  176829000,    8037000,  177410450, java, iotlab1, sing, 15
entry_2515405.class,  3.75,  1.83,  1.78,  0.09,  0.00,  163034358,  171179000,   11076000,  175274577, java, iotlab1, sing, 15
entry_2515405.class,  3.77,  1.84,  1.78,  0.09,  0.00,  161605189,  170482000,   10902000,  174045794, java, iotlab1, sing, 15
entry_2515405.class,  3.76,  1.83,  1.79,  0.09,  0.00,  161159579,  172692000,    9089000,  173527981, java, iotlab1, sing, 15
entry_2515405.class,  3.78,  1.85,  1.79,  0.09,  0.00,  162143196,  166354000,   15749000,  174609285, java, iotlab1, sing, 15
entry_2515405.class,  3.77,  1.82,  1.77,  0.09,  0.00,  164238737,  170366000,   14857000,  177542117, java, iotlab1, sing, 15
entry_2515405.class,  3.76,  1.80,  1.75,  0.09,  0.00,  164574045,  174070000,   11132000,  178714318, java, iotlab1, sing, 15
entry_2515405.class,  3.77,  1.85,  1.80,  0.09,  0.00,  161844837,  170355000,   11954000,  174162392, java, iotlab1, sing, 15
entry_2515405.class,  3.75,  1.84,  1.78,  0.09,  0.00,  161474104,  177107000,    4025000,  173912436, java, iotlab1, sing, 15
entry_2515405.class,  3.76,  1.82,  1.77,  0.09,  0.00,  163835127,  170254000,   13938000,  176283759, java, iotlab1, sing, 15
entry_2709562.class,  5.10,  2.37,  2.31,  0.13,  0.00,  237728891,  242860000,   14108000,  251010599, java, iotlab1, sing, 15
entry_2709562.class,  5.09,  2.45,  2.39,  0.12,  0.00,  226766483,  228550000,   14840000,  239100790, java, iotlab1, sing, 15
entry_2709562.class,  5.14,  2.49,  2.43,  0.12,  0.00,  227520486,  228877000,   15124000,  239984868, java, iotlab1, sing, 15
entry_2709562.class,  5.12,  2.46,  2.38,  0.12,  0.00,  227916768,  233202000,   10962000,  240211700, java, iotlab1, sing, 15
entry_2709562.class,  5.36,  2.55,  2.46,  0.13,  0.00,  242456668,  230820000,   13160000,  254747297, java, iotlab1, sing, 15
entry_2709562.class,  5.14,  2.49,  2.41,  0.12,  0.00,  227385623,  229130000,   14878000,  239783576, java, iotlab1, sing, 15
entry_2709562.class,  5.12,  2.47,  2.40,  0.12,  0.00,  226918599,  230306000,   12068000,  239280903, java, iotlab1, sing, 15
entry_2709562.class,  5.11,  2.47,  2.40,  0.12,  0.00,  227985356,  230993000,   12104000,  240398999, java, iotlab1, sing, 15
entry_2709562.class,  5.12,  2.49,  2.42,  0.12,  0.00,  226971028,  232974000,    9998000,  239263967, java, iotlab1, sing, 15
entry_2709562.class,  5.12,  2.46,  2.39,  0.12,  0.00,  226795776,  229149000,   14009000,  239372258, java, iotlab1, sing, 15
entry_2711114.class,  2.91,  1.43,  1.39,  0.07,  0.00,  115439657,  138129000,   13812000,  127989740, java, iotlab1, sing, 15
entry_2711114.class,  2.90,  1.43,  1.40,  0.07,  0.00,  115476323,  133224000,   18889000,  127808029, java, iotlab1, sing, 15
entry_2711114.class,  2.87,  1.41,  1.38,  0.07,  0.00,  114434132,  134391000,   15810000,  126791442, java, iotlab1, sing, 15
entry_2711114.class,  2.92,  1.42,  1.38,  0.07,  0.00,  117748880,  143033000,   11238000,  130222906, java, iotlab1, sing, 15
entry_2711114.class,  2.92,  1.44,  1.41,  0.07,  0.00,  115808828,  137480000,   14152000,  128247668, java, iotlab1, sing, 15
entry_2711114.class,  2.88,  1.40,  1.36,  0.08,  0.00,  117216939,  140169000,   13015000,  129531040, java, iotlab1, sing, 15
entry_2711114.class,  2.87,  1.40,  1.38,  0.07,  0.00,  115912212,  134795000,   16849000,  128375830, java, iotlab1, sing, 15
entry_2711114.class,  2.89,  1.43,  1.40,  0.07,  0.00,  115156390,  138587000,   13247000,  127659636, java, iotlab1, sing, 15
entry_2711114.class,  2.90,  1.45,  1.41,  0.07,  0.00,  115213816,  133519000,   18207000,  127561861, java, iotlab1, sing, 15
entry_2711114.class,  3.33,  1.55,  1.51,  0.09,  0.00,  128975013,  137839000,   17357000,  141340623, java, iotlab1, sing, 15
entry_2750138.class,  5.57,  2.68,  2.60,  0.13,  0.00,  248293147,  250951000,   13941000,  260717298, java, iotlab1, sing, 15
entry_2750138.class,  5.59,  2.65,  2.57,  0.14,  0.00,  251253537,  261724000,    6992000,  263568173, java, iotlab1, sing, 15
entry_2750138.class,  5.60,  2.66,  2.58,  0.14,  0.00,  249894634,  256593000,   11068000,  262345226, java, iotlab1, sing, 15
entry_2750138.class,  5.87,  2.71,  2.63,  0.14,  0.00,  264586442,  256521000,   10059000,  277128471, java, iotlab1, sing, 15
entry_2750138.class,  5.61,  2.70,  2.62,  0.14,  0.00,  248651624,  256034000,   10001000,  260891244, java, iotlab1, sing, 15
entry_2750138.class,  5.56,  2.70,  2.62,  0.13,  0.00,  247981487,  255761000,    9026000,  260357830, java, iotlab1, sing, 15
entry_2750138.class,  5.61,  2.67,  2.60,  0.13,  0.00,  247677098,  248934000,   15056000,  260048216, java, iotlab1, sing, 15
entry_2750138.class,  5.62,  2.69,  2.62,  0.13,  0.00,  248079207,  251265000,   14014000,  260574468, java, iotlab1, sing, 15
entry_2750138.class,  5.57,  2.66,  2.58,  0.13,  0.00,  248065635,  256594000,    8985000,  260354076, java, iotlab1, sing, 15
entry_2750138.class,  5.64,  2.69,  2.61,  0.14,  0.00,  248614987,  258972000,    7026000,  260956866, java, iotlab1, sing, 15
entry_2750349.class, 11.30,  5.17,  5.01,  0.27,  0.00,  497855954,  531218000,   17973000,  510271134, java, iotlab1, sing, 15
entry_2750349.class, 11.17,  5.21,  5.06,  0.27,  0.00,  498282550,  536417000,   13083000,  510763754, java, iotlab1, sing, 15
entry_2750349.class, 11.05,  5.18,  5.02,  0.27,  0.00,  498971710,  534537000,   16016000,  512200197, java, iotlab1, sing, 15
entry_2750349.class, 10.95,  5.20,  5.04,  0.27,  0.00,  498011364,  536328000,   13007000,  510381774, java, iotlab1, sing, 15
entry_2750349.class, 11.12,  5.26,  5.11,  0.27,  0.00,  510401443,  531240000,   18076000,  522862566, java, iotlab1, sing, 15
entry_2750349.class, 11.00,  5.23,  5.09,  0.27,  0.00,  496912921,  531611000,   16923000,  509340016, java, iotlab1, sing, 15
entry_2750349.class, 11.05,  5.27,  5.11,  0.27,  0.00,  497636725,  532941000,   16028000,  509992409, java, iotlab1, sing, 15
entry_2750349.class, 12.30,  5.98,  5.82,  0.29,  0.00,  510765169,  548395000,   16070000,  523099462, java, iotlab1, sing, 15
entry_2750349.class, 11.05,  5.23,  5.07,  0.27,  0.00,  502018065,  541155000,   11959000,  515418224, java, iotlab1, sing, 15
entry_2750349.class, 11.00,  5.23,  5.07,  0.27,  0.00,  497644149,  527873000,   20071000,  509986385, java, iotlab1, sing, 15
entry_2802943.class,  3.49,  1.67,  1.62,  0.09,  0.00,  151197167,  162082000,   12080000,  163588490, java, iotlab1, sing, 15
entry_2802943.class,  3.46,  1.69,  1.65,  0.08,  0.00,  148053943,  153668000,   15965000,  160690842, java, iotlab1, sing, 15
entry_2802943.class,  3.49,  1.69,  1.65,  0.09,  0.00,  149613851,  158476000,   13611000,  161995196, java, iotlab1, sing, 15
entry_2802943.class,  3.46,  1.68,  1.63,  0.09,  0.00,  149936507,  161941000,   10796000,  162246961, java, iotlab1, sing, 15
entry_2802943.class,  3.49,  1.69,  1.64,  0.09,  0.00,  148655979,  160591000,   10036000,  161070434, java, iotlab1, sing, 15
entry_2802943.class,  3.48,  1.69,  1.64,  0.09,  0.00,  148778417,  157786000,   13233000,  161181550, java, iotlab1, sing, 15
entry_2802943.class,  3.47,  1.68,  1.63,  0.09,  0.00,  150286147,  165367000,    7969000,  162618526, java, iotlab1, sing, 15
entry_2802943.class,  3.45,  1.70,  1.65,  0.08,  0.00,  148515674,  159049000,   11003000,  160935750, java, iotlab1, sing, 15
entry_2802943.class,  3.45,  1.67,  1.63,  0.09,  0.00,  149421707,  153471000,   18294000,  161876739, java, iotlab1, sing, 15
entry_2802943.class,  3.51,  1.69,  1.64,  0.09,  0.00,  148109047,  156306000,   14027000,  160553453, java, iotlab1, sing, 15
entry_2803113.class,  3.44,  1.65,  1.61,  0.09,  0.00,  149649379,  160746000,   11120000,  162543689, java, iotlab1, sing, 15
entry_2803113.class,  3.83,  1.73,  1.68,  0.09,  0.00,  165022829,  160724000,   11119000,  177474126, java, iotlab1, sing, 15
entry_2803113.class,  3.50,  1.69,  1.64,  0.09,  0.00,  150266660,  160677000,   11975000,  163521641, java, iotlab1, sing, 15
entry_2803113.class,  3.48,  1.68,  1.63,  0.09,  0.00,  149543639,  156934000,   15089000,  162197033, java, iotlab1, sing, 15
entry_2803113.class,  3.90,  1.93,  1.88,  0.09,  0.00,  152519743,  162095000,   12081000,  164913953, java, iotlab1, sing, 15
entry_2803113.class,  3.47,  1.66,  1.61,  0.09,  0.00,  150372599,  156571000,   16953000,  163479953, java, iotlab1, sing, 15
entry_2803113.class,  3.42,  1.65,  1.60,  0.09,  0.00,  152196367,  162423000,   12796000,  164499303, java, iotlab1, sing, 15
entry_2803113.class,  3.48,  1.67,  1.62,  0.09,  0.00,  151848298,  159631000,   15059000,  165177485, java, iotlab1, sing, 15
entry_2803113.class,  3.47,  1.67,  1.63,  0.09,  0.00,  150189729,  159323000,   12785000,  164540343, java, iotlab1, sing, 15
entry_2803113.class,  3.48,  1.71,  1.66,  0.09,  0.00,  149053166,  157786000,   13893000,  161570652, java, iotlab1, sing, 15
entry_2987782.class,  5.54,  2.70,  2.63,  0.14,  0.00,  240993875,  252183000,   20849000,  253402331, java, iotlab1, sing, 15
entry_2987782.class,  5.53,  2.65,  2.58,  0.14,  0.00,  242315496,  260445000,   13970000,  255508722, java, iotlab1, sing, 15
entry_2987782.class,  5.47,  2.65,  2.59,  0.14,  0.00,  240889141,  262025000,   12001000,  253543181, java, iotlab1, sing, 15
entry_2987782.class,  5.55,  2.69,  2.61,  0.14,  0.00,  240853764,  256762000,   16918000,  253321431, java, iotlab1, sing, 15
entry_2987782.class,  5.61,  2.70,  2.62,  0.14,  0.00,  241441884,  260759000,   13880000,  253733402, java, iotlab1, sing, 15
entry_2987782.class,  5.51,  2.69,  2.62,  0.14,  0.00,  240169129,  262935000,   10112000,  252479115, java, iotlab1, sing, 15
entry_2987782.class,  5.55,  2.68,  2.61,  0.14,  0.00,  240364581,  261833000,   11946000,  252869049, java, iotlab1, sing, 15
entry_2987782.class,  5.53,  2.68,  2.61,  0.14,  0.00,  240954371,  253730000,   19593000,  253419554, java, iotlab1, sing, 15
entry_2987782.class,  5.50,  2.67,  2.60,  0.14,  0.00,  240012721,  255715000,   16849000,  252383622, java, iotlab1, sing, 15
entry_2987782.class,  5.56,  2.68,  2.60,  0.14,  0.00,  242962325,  256140000,   19779000,  256228963, java, iotlab1, sing, 15
entry_3412182.class,  3.07,  1.49,  1.45,  0.08,  0.00,  131020866,  140917000,    9058000,  143349519, java, iotlab1, sing, 15
entry_3412182.class,  3.09,  1.50,  1.46,  0.08,  0.00,  132932684,  140463000,    9094000,  146220864, java, iotlab1, sing, 15
entry_3412182.class,  3.05,  1.46,  1.43,  0.08,  0.00,  133354829,  141397000,   12119000,  145812503, java, iotlab1, sing, 15
entry_3412182.class,  3.07,  1.50,  1.46,  0.08,  0.00,  131842307,  139131000,   11757000,  144255215, java, iotlab1, sing, 15
entry_3412182.class,  3.08,  1.50,  1.46,  0.08,  0.00,  132125773,  138165000,   13207000,  144415988, java, iotlab1, sing, 15
entry_3412182.class,  3.07,  1.49,  1.44,  0.08,  0.00,  132363698,  137714000,   13971000,  145587086, java, iotlab1, sing, 15
entry_3412182.class,  3.07,  1.50,  1.46,  0.08,  0.00,  130464789,  135921000,   13088000,  142849967, java, iotlab1, sing, 15
entry_3412182.class,  3.08,  1.50,  1.46,  0.08,  0.00,  131363618,  137659000,   12967000,  143842885, java, iotlab1, sing, 15
entry_3412182.class,  3.08,  1.50,  1.46,  0.08,  0.00,  130501265,  136978000,   12266000,  142790164, java, iotlab1, sing, 15
entry_3412182.class,  3.08,  1.49,  1.45,  0.08,  0.00,  133292940,  139546000,   12865000,  146601105, java, iotlab1, sing, 15
entry_3594821.class,  6.92,  3.40,  3.32,  0.21,  0.00,  262718899,  400703000,   60256000,  275168896, java, iotlab1, sing, 15
entry_3594821.class,  7.02,  3.44,  3.35,  0.21,  0.00,  259766298,  403958000,   52863000,  272097723, java, iotlab1, sing, 15
entry_3594821.class,  7.02,  3.49,  3.40,  0.21,  0.00,  261486144,  398969000,   58265000,  274001817, java, iotlab1, sing, 15
entry_3594821.class,  6.99,  3.43,  3.34,  0.21,  0.00,  259107169,  406089000,   49498000,  271512725, java, iotlab1, sing, 15
entry_3594821.class,  7.00,  3.43,  3.34,  0.21,  0.00,  259824110,  396936000,   57412000,  272051380, java, iotlab1, sing, 15
entry_3594821.class,  7.04,  3.48,  3.40,  0.21,  0.00,  261297932,  416497000,   45271000,  273653015, java, iotlab1, sing, 15
entry_3594821.class,  7.05,  3.44,  3.35,  0.21,  0.00,  263211874,  411838000,   50346000,  275802986, java, iotlab1, sing, 15
entry_3594821.class,  9.43,  3.65,  3.49,  0.31,  0.00,  444391092,  407729000,   50337000,  460022522, java, iotlab1, sing, 15
entry_3594821.class,  6.94,  3.41,  3.33,  0.21,  0.00,  259848547,  403005000,   53132000,  272180220, java, iotlab1, sing, 15
entry_3594821.class,  7.09,  3.49,  3.40,  0.21,  0.00,  264690184,  394738000,   53781000,  277078572, java, iotlab1, sing, 15
entry_3891487.class,  2.33,  1.14,  1.11,  0.06,  0.00,   97302868,   99890000,   15669000,  109579896, java, iotlab1, sing, 15
entry_3891487.class,  2.31,  1.12,  1.09,  0.06,  0.00,   98898200,  103768000,   14966000,  111256948, java, iotlab1, sing, 15
entry_3891487.class,  2.35,  1.13,  1.09,  0.06,  0.00,   98484656,  100486000,   16913000,  111630707, java, iotlab1, sing, 15
entry_3891487.class,  2.36,  1.12,  1.08,  0.06,  0.00,  100228781,  107967000,   11778000,  112782252, java, iotlab1, sing, 15
entry_3891487.class,  2.36,  1.16,  1.13,  0.06,  0.00,   97763717,  101291000,   14470000,  110051450, java, iotlab1, sing, 15
entry_3891487.class,  2.35,  1.12,  1.09,  0.06,  0.00,   99074433,  104367000,   13045000,  112386558, java, iotlab1, sing, 15
entry_3891487.class,  2.37,  1.11,  1.07,  0.06,  0.00,  101509138,  110760000,    8129000,  115037431, java, iotlab1, sing, 15
entry_3891487.class,  2.31,  1.11,  1.08,  0.06,  0.00,   98668708,  100511000,   15704000,  112656185, java, iotlab1, sing, 15
entry_3891487.class,  2.36,  1.15,  1.12,  0.06,  0.00,   99026338,  107958000,    8996000,  111391213, java, iotlab1, sing, 15
entry_3891487.class,  2.33,  1.13,  1.10,  0.06,  0.00,   97747625,  108365000,    8178000,  110120248, java, iotlab1, sing, 15
entry_4169520.class,  2.02,  0.98,  0.95,  0.05,  0.00,   84686376,   93929000,    7305000,   97052336, java, iotlab1, sing, 15
entry_4169520.class,  2.03,  0.99,  0.97,  0.05,  0.00,   83656002,   90828000,   10092000,   96020359, java, iotlab1, sing, 15
entry_4169520.class,  2.03,  0.99,  0.96,  0.05,  0.00,   83258094,   85900000,   14477000,   95519321, java, iotlab1, sing, 15
entry_4169520.class,  2.01,  0.98,  0.96,  0.05,  0.00,   83769325,   85637000,   15292000,   96040895, java, iotlab1, sing, 15
entry_4169520.class,  2.02,  0.98,  0.96,  0.05,  0.00,   84228997,   85999000,   14827000,   96654733, java, iotlab1, sing, 15
entry_4169520.class,  2.04,  0.97,  0.94,  0.05,  0.00,   85210352,   96284000,    6081000,   97542997, java, iotlab1, sing, 15
entry_4169520.class,  2.01,  0.98,  0.96,  0.05,  0.00,   83271158,   90332000,    9453000,   95595907, java, iotlab1, sing, 15
entry_4169520.class,  2.00,  0.97,  0.96,  0.05,  0.00,   84470576,   84228000,   17251000,   96934834, java, iotlab1, sing, 15
entry_4169520.class,  2.02,  0.99,  0.97,  0.05,  0.00,   83569441,   89590000,   11072000,   95900630, java, iotlab1, sing, 15
entry_4169520.class,  2.03,  1.00,  0.97,  0.05,  0.00,   83420926,   88877000,   11237000,   95842635, java, iotlab1, sing, 15
entry_4203042.class,  9.41,  4.49,  4.37,  0.23,  0.00,  421578164,  445090000,   10024000,  434474942, java, iotlab1, sing, 15
entry_4203042.class,  9.45,  4.53,  4.39,  0.23,  0.00,  419301844,  442832000,   11070000,  431700508, java, iotlab1, sing, 15
entry_4203042.class,  9.40,  4.50,  4.36,  0.23,  0.00,  420571519,  443195000,   13064000,  432870669, java, iotlab1, sing, 15
entry_4203042.class,  9.31,  4.48,  4.35,  0.23,  0.00,  419368602,  438529000,   15910000,  431677373, java, iotlab1, sing, 15
entry_4203042.class,  9.32,  4.46,  4.33,  0.23,  0.00,  420468552,  438314000,   17012000,  433065957, java, iotlab1, sing, 15
entry_4203042.class,  9.31,  4.46,  4.34,  0.23,  0.00,  420421453,  443823000,   11146000,  432703501, java, iotlab1, sing, 15
entry_4203042.class,  9.33,  4.50,  4.37,  0.23,  0.00,  421438368,  445968000,   10901000,  433758312, java, iotlab1, sing, 15
entry_4203042.class,  9.32,  4.49,  4.36,  0.23,  0.00,  420314972,  438832000,   15813000,  432702103, java, iotlab1, sing, 15
entry_4203042.class,  9.32,  4.45,  4.32,  0.23,  0.00,  419236325,  440233000,   13975000,  431867767, java, iotlab1, sing, 15
entry_4203042.class,  9.33,  4.45,  4.33,  0.23,  0.00,  419616617,  440263000,   15077000,  431996309, java, iotlab1, sing, 15
entry_5010521.class,  2.90,  1.40,  1.36,  0.07,  0.00,  125231839,  131535000,   11129000,  137713494, java, iotlab1, sing, 15
entry_5010521.class,  2.93,  1.44,  1.40,  0.07,  0.00,  124643259,  129785000,   12879000,  137164168, java, iotlab1, sing, 15
entry_5010521.class,  2.93,  1.41,  1.37,  0.07,  0.00,  127164556,  136046000,    9137000,  139547721, java, iotlab1, sing, 15
entry_5010521.class,  2.93,  1.43,  1.40,  0.07,  0.00,  124807810,  132831000,   10062000,  137181893, java, iotlab1, sing, 15
entry_5010521.class,  2.93,  1.45,  1.41,  0.07,  0.00,  124811910,  130651000,   10050000,  137123604, java, iotlab1, sing, 15
entry_5010521.class,  2.89,  1.42,  1.38,  0.07,  0.00,  125060749,  128889000,   13880000,  137603071, java, iotlab1, sing, 15
entry_5010521.class,  2.93,  1.44,  1.40,  0.07,  0.00,  124251586,  129684000,   11232000,  136705491, java, iotlab1, sing, 15
entry_5010521.class,  2.91,  1.39,  1.35,  0.07,  0.00,  126988497,  133020000,   11824000,  139277288, java, iotlab1, sing, 15
entry_5010521.class,  2.93,  1.42,  1.39,  0.07,  0.00,  126826644,  126629000,   17533000,  140107687, java, iotlab1, sing, 15
entry_5010521.class,  2.96,  1.44,  1.39,  0.07,  0.00,  123863767,  131914000,    9203000,  136611432, java, iotlab1, sing, 15
entry_5125305.class,  1.98,  0.92,  0.89,  0.05,  0.00,   85075690,   84869000,   17382000,   98985214, java, iotlab1, sing, 15
entry_5125305.class,  1.99,  0.98,  0.95,  0.05,  0.00,   80429196,   82863000,   14147000,   92817396, java, iotlab1, sing, 15
entry_5125305.class,  1.99,  0.97,  0.95,  0.05,  0.00,   82800686,   85889000,   12983000,   95931363, java, iotlab1, sing, 15
entry_5125305.class,  1.94,  0.89,  0.87,  0.05,  0.00,   85631063,   88980000,   13295000,   99433437, java, iotlab1, sing, 15
entry_5125305.class,  2.02,  0.99,  0.96,  0.05,  0.00,   81045452,   84293000,   12335000,   93502495, java, iotlab1, sing, 15
entry_5125305.class,  2.01,  0.98,  0.95,  0.05,  0.00,   80633367,   88704000,    7973000,   93018567, java, iotlab1, sing, 15
entry_5125305.class,  2.00,  0.95,  0.93,  0.05,  0.00,   83829130,   92315000,    8297000,   96226632, java, iotlab1, sing, 15
entry_5125305.class,  1.99,  0.96,  0.93,  0.05,  0.00,   81010554,   87357000,    9926000,   93270947, java, iotlab1, sing, 15
entry_5125305.class,  2.02,  0.99,  0.96,  0.05,  0.00,   80673178,   87262000,   10146000,   93122890, java, iotlab1, sing, 15
entry_5125305.class,  2.03,  0.99,  0.97,  0.05,  0.00,   83336970,   83313000,   13371000,   95649313, java, iotlab1, sing, 15
entry_5186402.class,  3.34,  1.47,  1.42,  0.09,  0.00,  162559467,  169142000,   14837000,  175941575, java, iotlab1, sing, 15
entry_5186402.class,  3.39,  1.59,  1.54,  0.09,  0.00,  151193467,  153832000,   15281000,  163844921, java, iotlab1, sing, 15
entry_5186402.class,  3.55,  1.67,  1.62,  0.09,  0.00,  158797622,  151908000,   11914000,  171310913, java, iotlab1, sing, 15
entry_5186402.class,  3.30,  1.60,  1.56,  0.08,  0.00,  145525708,  145764000,   17089000,  157847170, java, iotlab1, sing, 15
entry_5186402.class,  3.36,  1.62,  1.57,  0.08,  0.00,  147089970,  148599000,   15956000,  159574423, java, iotlab1, sing, 15
entry_5186402.class,  3.33,  1.63,  1.59,  0.08,  0.00,  146267451,  151804000,   10914000,  158547555, java, iotlab1, sing, 15
entry_5186402.class,  3.38,  1.60,  1.55,  0.09,  0.00,  148871619,  156313000,    9893000,  161409215, java, iotlab1, sing, 15
entry_5186402.class,  3.34,  1.59,  1.53,  0.09,  0.00,  148779263,  151427000,   14039000,  162037787, java, iotlab1, sing, 15
entry_5186402.class,  3.34,  1.59,  1.54,  0.09,  0.00,  148517264,  157996000,    8999000,  161736273, java, iotlab1, sing, 15
entry_5186402.class,  3.34,  1.61,  1.57,  0.08,  0.00,  145302175,  148754000,   13066000,  157748757, java, iotlab1, sing, 15
entry_5654272.class,  3.34,  1.61,  1.56,  0.08,  0.00,  147415058,  150123000,   14011000,  160568891, java, iotlab1, sing, 15
entry_5654272.class,  3.32,  1.60,  1.55,  0.08,  0.00,  144640196,  150890000,    9862000,  157331475, java, iotlab1, sing, 15
entry_5654272.class,  3.32,  1.60,  1.55,  0.08,  0.00,  145090759,  153583000,    8083000,  157537166, java, iotlab1, sing, 15
entry_5654272.class,  3.33,  1.61,  1.57,  0.08,  0.00,  145332537,  151409000,   11029000,  157653675, java, iotlab1, sing, 15
entry_5654272.class,  3.31,  1.60,  1.55,  0.08,  0.00,  145658019,  150525000,   12204000,  157939517, java, iotlab1, sing, 15
entry_5654272.class,  3.36,  1.62,  1.57,  0.08,  0.00,  145284539,  148891000,   12903000,  157629127, java, iotlab1, sing, 15
entry_5654272.class,  3.33,  1.62,  1.58,  0.08,  0.00,  144857445,  151152000,   10867000,  157352747, java, iotlab1, sing, 15
entry_5654272.class,  3.33,  1.60,  1.56,  0.08,  0.00,  146897241,  155111000,    8948000,  159272976, java, iotlab1, sing, 15
entry_5654272.class,  3.34,  1.61,  1.56,  0.08,  0.00,  144845901,  150288000,   10948000,  157317262, java, iotlab1, sing, 15
entry_5654272.class,  3.35,  1.64,  1.59,  0.08,  0.00,  145207124,  148751000,   12978000,  157597562, java, iotlab1, sing, 15
entry_5850915.class,  2.01,  0.96,  0.94,  0.05,  0.00,   84970328,   88006000,   12435000,   97637741, java, iotlab1, sing, 15
entry_5850915.class,  2.00,  0.98,  0.96,  0.05,  0.00,   83475908,   88746000,   11965000,   95853735, java, iotlab1, sing, 15
entry_5850915.class,  1.99,  0.96,  0.94,  0.05,  0.00,   85520202,   92422000,    9832000,   97905426, java, iotlab1, sing, 15
entry_5850915.class,  1.98,  0.95,  0.93,  0.05,  0.00,   84510777,   94628000,    6900000,   96973565, java, iotlab1, sing, 15
entry_5850915.class,  2.03,  0.99,  0.96,  0.05,  0.00,   84948336,   93635000,    8054000,   97315885, java, iotlab1, sing, 15
entry_5850915.class,  2.16,  0.96,  0.93,  0.06,  0.00,   96956755,   94979000,   10104000,  110044857, java, iotlab1, sing, 15
entry_5850915.class,  2.05,  1.00,  0.97,  0.06,  0.00,   84507483,   88640000,   13201000,   97275899, java, iotlab1, sing, 15
entry_5850915.class,  2.01,  0.97,  0.95,  0.05,  0.00,   84527779,   89129000,   12017000,   96787377, java, iotlab1, sing, 15
entry_5850915.class,  1.99,  0.96,  0.94,  0.05,  0.00,   83511648,   88460000,   12062000,   95925145, java, iotlab1, sing, 15
entry_5850915.class,  2.05,  1.00,  0.96,  0.05,  0.00,   84163180,   89689000,   10962000,   96581590, java, iotlab1, sing, 15
entry_5978325.class,  3.75,  1.58,  1.54,  0.10,  0.00,  174405502,  181292000,   17930000,  204300058, java, iotlab1, sing, 15
entry_5978325.class,  3.67,  1.69,  1.64,  0.09,  0.00,  157494911,  163835000,    9869000,  170940768, java, iotlab1, sing, 15
entry_5978325.class,  3.59,  1.73,  1.68,  0.09,  0.00,  154550691,  156660000,   14429000,  166905073, java, iotlab1, sing, 15
entry_5978325.class,  3.58,  1.68,  1.62,  0.09,  0.00,  159277299,  159213000,   16916000,  172895604, java, iotlab1, sing, 15
entry_5978325.class,  3.56,  1.70,  1.65,  0.09,  0.00,  156042470,  166052000,    6075000,  168646782, java, iotlab1, sing, 15
entry_5978325.class,  3.58,  1.72,  1.67,  0.09,  0.00,  154532114,  157873000,   13240000,  166908940, java, iotlab1, sing, 15
entry_5978325.class,  3.54,  1.68,  1.64,  0.09,  0.00,  155335423,  161753000,    9863000,  167586994, java, iotlab1, sing, 15
entry_5978325.class,  3.55,  1.73,  1.68,  0.09,  0.00,  154068370,  160048000,   10934000,  166372962, java, iotlab1, sing, 15
entry_5978325.class,  3.55,  1.71,  1.66,  0.09,  0.00,  154765446,  162627000,    9034000,  167042826, java, iotlab1, sing, 15
entry_5978325.class,  3.58,  1.74,  1.68,  0.09,  0.00,  154983452,  158440000,   12954000,  167393787, java, iotlab1, sing, 15
entry_5985085.class,  3.94,  1.90,  1.85,  0.10,  0.00,  165756418,  188639000,    9928000,  178117482, java, iotlab1, sing, 15
entry_5985085.class,  3.92,  1.92,  1.87,  0.10,  0.00,  165013139,  184848000,   11990000,  177349780, java, iotlab1, sing, 15
entry_5985085.class,  3.93,  1.93,  1.87,  0.10,  0.00,  164736128,  186784000,   10096000,  177063665, java, iotlab1, sing, 15
entry_5985085.class,  3.96,  1.91,  1.85,  0.10,  0.00,  167712028,  181955000,   17184000,  180855687, java, iotlab1, sing, 15
entry_5985085.class,  3.94,  1.91,  1.86,  0.10,  0.00,  165894269,  183954000,   14915000,  179263968, java, iotlab1, sing, 15
entry_5985085.class,  3.97,  1.90,  1.85,  0.10,  0.00,  168811933,  186591000,   14887000,  181983878, java, iotlab1, sing, 15
entry_5985085.class,  4.14,  1.95,  1.89,  0.11,  0.00,  179256255,  184420000,   15034000,  191762172, java, iotlab1, sing, 15
entry_5985085.class,  3.97,  1.93,  1.88,  0.10,  0.00,  166664781,  185864000,   12254000,  179076310, java, iotlab1, sing, 15
entry_5985085.class,  3.93,  1.88,  1.82,  0.10,  0.00,  167991917,  184627000,   15881000,  181221135, java, iotlab1, sing, 15
entry_5985085.class,  3.90,  1.90,  1.85,  0.10,  0.00,  166074800,  187958000,   10881000,  178500101, java, iotlab1, sing, 15
entry_6328177.class,  7.98,  3.82,  3.71,  0.19,  0.00,  348346806,  366536000,   14058000,  360742394, java, iotlab1, sing, 15
entry_6328177.class,  7.93,  3.84,  3.73,  0.19,  0.00,  348518609,  368868000,   12061000,  361006889, java, iotlab1, sing, 15
entry_6328177.class,  7.95,  3.90,  3.79,  0.19,  0.00,  348283852,  366838000,   13918000,  360713881, java, iotlab1, sing, 15
entry_6328177.class,  7.89,  3.83,  3.72,  0.19,  0.00,  349648838,  369701000,   12022000,  361990250, java, iotlab1, sing, 15
entry_6328177.class,  7.93,  3.87,  3.76,  0.19,  0.00,  348622629,  371824000,    9019000,  361018856, java, iotlab1, sing, 15
entry_6328177.class,  7.94,  3.87,  3.76,  0.19,  0.00,  348274996,  365323000,   14972000,  360740391, java, iotlab1, sing, 15
entry_6328177.class,  7.96,  3.88,  3.77,  0.19,  0.00,  348689781,  364518000,   17213000,  361033632, java, iotlab1, sing, 15
entry_6328177.class,  7.89,  3.82,  3.70,  0.19,  0.00,  351213065,  370703000,   14026000,  363675556, java, iotlab1, sing, 15
entry_6328177.class,  7.89,  3.86,  3.76,  0.19,  0.00,  348283866,  367317000,   13154000,  360702297, java, iotlab1, sing, 15
entry_6328177.class,  8.07,  3.87,  3.75,  0.20,  0.00,  364630816,  368173000,   16051000,  377456001, java, iotlab1, sing, 15
entry_6444696.class,  3.28,  1.55,  1.50,  0.08,  0.00,  142597394,  147623000,   13964000,  154931976, java, iotlab1, sing, 15
entry_6444696.class,  3.26,  1.57,  1.53,  0.08,  0.00,  139231419,  145732000,   12144000,  151662639, java, iotlab1, sing, 15
entry_6444696.class,  3.32,  1.59,  1.54,  0.08,  0.00,  140045906,  146146000,   11163000,  152422917, java, iotlab1, sing, 15
entry_6444696.class,  3.31,  1.60,  1.56,  0.08,  0.00,  139827833,  144483000,   13854000,  152207526, java, iotlab1, sing, 15
entry_6444696.class,  3.36,  1.55,  1.50,  0.08,  0.00,  142568725,  148022000,   13090000,  154926947, java, iotlab1, sing, 15
entry_6444696.class,  3.37,  1.53,  1.49,  0.08,  0.00,  142388724,  151802000,    8042000,  154689625, java, iotlab1, sing, 15
entry_6444696.class,  3.25,  1.57,  1.53,  0.08,  0.00,  139744865,  143704000,   14969000,  152055296, java, iotlab1, sing, 15
entry_6444696.class,  3.29,  1.60,  1.55,  0.08,  0.00,  139531981,  140865000,   16864000,  152055778, java, iotlab1, sing, 15
entry_6444696.class,  3.23,  1.55,  1.51,  0.08,  0.00,  139267731,  150755000,    6942000,  151660803, java, iotlab1, sing, 15
entry_6444696.class,  3.31,  1.59,  1.54,  0.08,  0.00,  139468447,  148411000,    8904000,  151921759, java, iotlab1, sing, 15
entry_6444855.class,  4.50,  2.12,  2.06,  0.11,  0.00,  207384531,  218053000,   12826000,  219646926, java, iotlab1, sing, 15
entry_6444855.class,  4.54,  2.18,  2.12,  0.11,  0.00,  199509288,  201932000,   19797000,  212853562, java, iotlab1, sing, 15
entry_6444855.class,  4.50,  2.19,  2.12,  0.11,  0.00,  198445103,  210194000,   10105000,  210707474, java, iotlab1, sing, 15
entry_6444855.class,  4.53,  2.23,  2.17,  0.11,  0.00,  195802348,  206496000,   10024000,  208067167, java, iotlab1, sing, 15
entry_6444855.class,  4.54,  2.23,  2.17,  0.11,  0.00,  195934091,  204437000,   11077000,  208374355, java, iotlab1, sing, 15
entry_6444855.class,  4.52,  2.19,  2.13,  0.11,  0.00,  198971451,  206159000,   15084000,  212091753, java, iotlab1, sing, 15
entry_6444855.class,  4.53,  2.22,  2.15,  0.11,  0.00,  196106768,  199811000,   18444000,  208472233, java, iotlab1, sing, 15
entry_6444855.class,  4.59,  2.21,  2.15,  0.11,  0.00,  196905271,  203950000,   15070000,  209446854, java, iotlab1, sing, 15
entry_6444855.class,  4.56,  2.21,  2.14,  0.11,  0.00,  195428477,  204725000,   12283000,  207790286, java, iotlab1, sing, 15
entry_6444855.class,  4.49,  2.21,  2.15,  0.11,  0.00,  195499119,  206000000,   10000000,  207963070, java, iotlab1, sing, 15
entry_6747294.class,  3.98,  1.95,  1.90,  0.10,  0.00,  171137443,  184008000,   11060000,  183533229, java, iotlab1, sing, 15
entry_6747294.class,  3.94,  1.91,  1.86,  0.10,  0.00,  170970573,  186805000,    8990000,  183241740, java, iotlab1, sing, 15
entry_6747294.class,  4.03,  1.93,  1.88,  0.10,  0.00,  171576644,  185488000,    8879000,  183937790, java, iotlab1, sing, 15
entry_6747294.class,  3.96,  1.94,  1.89,  0.10,  0.00,  172432039,  186912000,    9995000,  185639861, java, iotlab1, sing, 15
entry_6747294.class,  3.94,  1.94,  1.89,  0.10,  0.00,  171155457,  182495000,   13035000,  183773515, java, iotlab1, sing, 15
entry_6747294.class,  4.00,  1.94,  1.88,  0.10,  0.00,  171093128,  185851000,    9090000,  183476725, java, iotlab1, sing, 15
entry_6747294.class,  4.01,  1.95,  1.88,  0.10,  0.00,  173297540,  185379000,   12358000,  186613061, java, iotlab1, sing, 15
entry_6747294.class,  3.93,  1.90,  1.84,  0.10,  0.00,  170358727,  183044000,   13927000,  182755218, java, iotlab1, sing, 15
entry_6747294.class,  4.00,  1.92,  1.88,  0.10,  0.00,  173748453,  184208000,   14169000,  186103751, java, iotlab1, sing, 15
entry_6747294.class,  4.01,  1.96,  1.90,  0.10,  0.00,  170158112,  184553000,   12036000,  182531995, java, iotlab1, sing, 15
entry_6908033.class,  1.76,  0.80,  0.77,  0.05,  0.00,   77454078,   86777000,   11363000,   89857452, java, iotlab1, sing, 15
entry_6908033.class,  1.78,  0.84,  0.80,  0.05,  0.00,   73276379,   82398000,   11189000,   86655869, java, iotlab1, sing, 15
entry_6908033.class,  1.79,  0.87,  0.85,  0.05,  0.00,   71148260,   75364000,   14258000,   83790845, java, iotlab1, sing, 15
entry_6908033.class,  1.80,  0.84,  0.81,  0.05,  0.00,   76132003,   82376000,   13386000,   89292557, java, iotlab1, sing, 15
entry_6908033.class,  1.79,  0.84,  0.82,  0.05,  0.00,   73416354,   82611000,    9953000,   86164641, java, iotlab1, sing, 15
entry_6908033.class,  1.79,  0.88,  0.85,  0.05,  0.00,   70343533,   78941000,   10387000,   82738304, java, iotlab1, sing, 15
entry_6908033.class,  1.75,  0.84,  0.82,  0.05,  0.00,   73721886,   80238000,   12720000,   86260733, java, iotlab1, sing, 15
entry_6908033.class,  1.76,  0.83,  0.80,  0.05,  0.00,   74921912,   84304000,   11309000,   87233243, java, iotlab1, sing, 15
entry_6908033.class,  1.78,  0.87,  0.85,  0.04,  0.00,   70635234,   72762000,   16944000,   83161562, java, iotlab1, sing, 15
entry_6908033.class,  1.76,  0.85,  0.83,  0.05,  0.00,   72170368,   80894000,   10720000,   84504914, java, iotlab1, sing, 15
entry_6966037.class,  3.91,  1.90,  1.85,  0.10,  0.00,  166247903,  186170000,   13082000,  178676430, java, iotlab1, sing, 15
entry_6966037.class,  3.94,  1.93,  1.88,  0.10,  0.00,  164681842,  180866000,   16257000,  176934606, java, iotlab1, sing, 15
entry_6966037.class,  3.92,  1.91,  1.86,  0.10,  0.00,  166124795,  181953000,   16995000,  178478718, java, iotlab1, sing, 15
entry_6966037.class,  3.94,  1.92,  1.86,  0.10,  0.00,  165987764,  187818000,   10931000,  178450880, java, iotlab1, sing, 15
entry_6966037.class,  3.92,  1.92,  1.87,  0.10,  0.00,  165461624,  181104000,   16642000,  177842760, java, iotlab1, sing, 15
entry_6966037.class,  3.89,  1.90,  1.85,  0.10,  0.00,  166192360,  185489000,   12964000,  178549700, java, iotlab1, sing, 15
entry_6966037.class,  3.89,  1.89,  1.85,  0.10,  0.00,  167493298,  187284000,   14785000,  179943300, java, iotlab1, sing, 15
entry_6966037.class,  3.93,  1.89,  1.83,  0.10,  0.00,  167857497,  187761000,   13338000,  180262942, java, iotlab1, sing, 15
entry_6966037.class,  3.96,  1.93,  1.88,  0.10,  0.00,  166158873,  182314000,   15192000,  178423899, java, iotlab1, sing, 15
entry_6966037.class,  3.95,  1.95,  1.89,  0.10,  0.00,  165170185,  181068000,   16094000,  177613225, java, iotlab1, sing, 15
entry_7035164.class,  2.04,  0.99,  0.96,  0.05,  0.00,   84674127,   86589000,   13400000,   97016635, java, iotlab1, sing, 15
entry_7035164.class,  2.03,  0.99,  0.96,  0.05,  0.00,   83642196,   88636000,   11561000,   95987797, java, iotlab1, sing, 15
entry_7035164.class,  2.03,  0.98,  0.95,  0.05,  0.00,   85184903,   90671000,   12089000,   97704863, java, iotlab1, sing, 15
entry_7035164.class,  2.04,  1.01,  0.98,  0.05,  0.00,   83894317,   86114000,   14352000,   96347069, java, iotlab1, sing, 15
entry_7035164.class,  2.02,  0.93,  0.91,  0.06,  0.00,   89916009,   94620000,   12341000,  103133625, java, iotlab1, sing, 15
entry_7035164.class,  2.04,  0.99,  0.97,  0.05,  0.00,   85370185,   88813000,   13515000,   97976729, java, iotlab1, sing, 15
entry_7035164.class,  2.08,  0.98,  0.95,  0.05,  0.00,   86423752,   86675000,   16936000,   98815966, java, iotlab1, sing, 15
entry_7035164.class,  2.04,  0.96,  0.94,  0.05,  0.00,   86015225,   95137000,    8827000,   98461763, java, iotlab1, sing, 15
entry_7035164.class,  2.04,  0.96,  0.93,  0.05,  0.00,   87909079,   89459000,   13763000,  100368752, java, iotlab1, sing, 15
entry_7035164.class,  2.06,  0.98,  0.96,  0.05,  0.00,   85102826,   90744000,   11091000,   97614417, java, iotlab1, sing, 15
entry_7345789.class,  2.99,  1.46,  1.42,  0.08,  0.00,  118899686,  133458000,   18062000,  131232487, java, iotlab1, sing, 15
entry_7345789.class,  3.00,  1.46,  1.42,  0.08,  0.00,  118712577,  139636000,   11968000,  131028918, java, iotlab1, sing, 15
entry_7345789.class,  2.97,  1.45,  1.40,  0.08,  0.00,  117566833,  138388000,   11947000,  129928771, java, iotlab1, sing, 15
entry_7345789.class,  2.97,  1.45,  1.41,  0.08,  0.00,  118847015,  135451000,   16931000,  131205573, java, iotlab1, sing, 15
entry_7345789.class,  2.97,  1.42,  1.39,  0.08,  0.00,  121212577,  145901000,   11068000,  133593680, java, iotlab1, sing, 15
entry_7345789.class,  2.99,  1.47,  1.43,  0.08,  0.00,  118710483,  138915000,   12167000,  130992710, java, iotlab1, sing, 15
entry_7345789.class,  3.84,  1.93,  1.89,  0.09,  0.00,  130983357,  153942000,   14897000,  145399847, java, iotlab1, sing, 15
entry_7345789.class,  2.98,  1.47,  1.43,  0.08,  0.00,  118145853,  139279000,   12933000,  130584526, java, iotlab1, sing, 15
entry_7345789.class,  2.99,  1.47,  1.44,  0.07,  0.00,  118371336,  132325000,   18903000,  130794287, java, iotlab1, sing, 15
entry_7345789.class,  3.03,  1.47,  1.43,  0.08,  0.00,  122105766,  133317000,   22561000,  135401143, java, iotlab1, sing, 15
entry_7462261.class,  2.04,  0.99,  0.97,  0.05,  0.00,   83394083,   95691000,    9967000,   95794565, java, iotlab1, sing, 15
entry_7462261.class,  2.26,  1.10,  1.07,  0.06,  0.00,   88881917,  101916000,   14699000,  101348497, java, iotlab1, sing, 15
entry_7462261.class,  2.24,  1.10,  1.07,  0.06,  0.00,   89894634,  107192000,   12021000,  102361017, java, iotlab1, sing, 15
entry_7462261.class,  3.02,  1.51,  1.47,  0.08,  0.00,  101573845,  123526000,   11954000,  116176535, java, iotlab1, sing, 15
entry_7462261.class,  2.33,  1.14,  1.10,  0.06,  0.00,   90027876,  105231000,   13281000,  103206649, java, iotlab1, sing, 15
entry_7462261.class,  2.03,  0.98,  0.96,  0.05,  0.00,   83554917,   94084000,   12010000,   95973517, java, iotlab1, sing, 15
entry_7462261.class,  2.09,  1.00,  0.97,  0.05,  0.00,   84509363,   96055000,   10892000,   96749526, java, iotlab1, sing, 15
entry_7462261.class,  2.05,  1.00,  0.97,  0.05,  0.00,   83376705,   92313000,   14047000,   95758557, java, iotlab1, sing, 15
entry_7462261.class,  2.03,  0.99,  0.97,  0.05,  0.00,   81983599,   94039000,   10664000,   94394095, java, iotlab1, sing, 15
entry_7462261.class,  2.07,  0.99,  0.96,  0.05,  0.00,   83802468,   91539000,   15088000,   96211206, java, iotlab1, sing, 15
entry_8216846.class,  4.83,  2.32,  2.26,  0.12,  0.00,  214336047,  217417000,   13207000,  227269665, java, iotlab1, sing, 15
entry_8216846.class,  4.83,  2.34,  2.27,  0.12,  0.00,  212374001,  219476000,    9886000,  224705444, java, iotlab1, sing, 15
entry_8216846.class,  4.89,  2.35,  2.28,  0.12,  0.00,  212720823,  218849000,   10892000,  225083802, java, iotlab1, sing, 15
entry_8216846.class,  4.90,  2.36,  2.29,  0.12,  0.00,  212208761,  216116000,   12947000,  224668621, java, iotlab1, sing, 15
entry_8216846.class,  4.89,  2.34,  2.27,  0.12,  0.00,  213571949,  219425000,   11968000,  226006720, java, iotlab1, sing, 15
entry_8216846.class,  4.83,  2.31,  2.24,  0.12,  0.00,  216100597,  221769000,   11038000,  228587828, java, iotlab1, sing, 15
entry_8216846.class,  4.83,  2.32,  2.25,  0.12,  0.00,  216566597,  219711000,   13731000,  229040259, java, iotlab1, sing, 15
entry_8216846.class,  4.82,  2.33,  2.26,  0.12,  0.00,  211791894,  211671000,   15975000,  224149988, java, iotlab1, sing, 15
entry_8216846.class,  4.85,  2.35,  2.27,  0.12,  0.00,  212188577,  225465000,    4026000,  225746704, java, iotlab1, sing, 15
entry_8216846.class,  4.86,  2.37,  2.29,  0.12,  0.00,  212348751,  212553000,   16806000,  224767909, java, iotlab1, sing, 15
entry_8483012.class,  8.67,  4.29,  4.17,  0.20,  0.00,  378890580,  386860000,   14955000,  391388294, java, iotlab1, sing, 15
entry_8483012.class,  8.65,  4.25,  4.13,  0.20,  0.00,  377386271,  387592000,   13019000,  389789331, java, iotlab1, sing, 15
entry_8483012.class,  8.65,  4.27,  4.16,  0.20,  0.00,  378157817,  389132000,   11912000,  390730375, java, iotlab1, sing, 15
entry_8483012.class,  8.68,  4.28,  4.16,  0.20,  0.00,  377155575,  387622000,   12113000,  389366710, java, iotlab1, sing, 15
entry_8483012.class,  8.66,  4.23,  4.11,  0.20,  0.00,  378375311,  393122000,    8022000,  390592782, java, iotlab1, sing, 15
entry_8483012.class,  8.68,  4.26,  4.14,  0.20,  0.00,  379139719,  389865000,   12057000,  392402423, java, iotlab1, sing, 15
entry_8483012.class,  8.92,  4.32,  4.19,  0.21,  0.00,  393896994,  387740000,   12991000,  406205025, java, iotlab1, sing, 15
entry_8483012.class,  8.61,  4.23,  4.12,  0.20,  0.00,  378379400,  389446000,   13048000,  390743972, java, iotlab1, sing, 15
entry_8483012.class,  8.69,  4.27,  4.16,  0.20,  0.00,  377856478,  386379000,   13977000,  390302405, java, iotlab1, sing, 15
entry_8483012.class,  8.68,  4.23,  4.12,  0.20,  0.00,  382638446,  390432000,   14051000,  395917158, java, iotlab1, sing, 15
entry_8578688.class,  2.99,  1.47,  1.43,  0.08,  0.00,  121826279,  139762000,   14868000,  134285284, java, iotlab1, sing, 15
entry_8578688.class,  2.99,  1.45,  1.41,  0.08,  0.00,  122219940,  137722000,   17457000,  134578478, java, iotlab1, sing, 15
entry_8578688.class,  2.95,  1.45,  1.41,  0.08,  0.00,  120972902,  137622000,   16953000,  133352482, java, iotlab1, sing, 15
entry_8578688.class,  2.93,  1.43,  1.40,  0.08,  0.00,  121559745,  142323000,   13122000,  133916771, java, iotlab1, sing, 15
entry_8578688.class,  2.98,  1.46,  1.42,  0.08,  0.00,  120893111,  141811000,   13168000,  133179601, java, iotlab1, sing, 15
entry_8578688.class,  2.99,  1.46,  1.42,  0.08,  0.00,  120750570,  137385000,   16924000,  133140094, java, iotlab1, sing, 15
entry_8578688.class,  2.96,  1.45,  1.42,  0.08,  0.00,  121196495,  136343000,   18314000,  133413703, java, iotlab1, sing, 15
entry_8578688.class,  2.96,  1.39,  1.35,  0.08,  0.00,  124736124,  140119000,   19597000,  137099865, java, iotlab1, sing, 15
entry_8578688.class,  2.99,  1.45,  1.40,  0.08,  0.00,  121872347,  138422000,   17176000,  134258089, java, iotlab1, sing, 15
entry_8578688.class,  2.94,  1.43,  1.40,  0.08,  0.00,  120510936,  142858000,   10989000,  133021380, java, iotlab1, sing, 15
entry_9477490.class,  4.78,  2.26,  2.20,  0.12,  0.00,  211750354,  221370000,   16026000,  224412667, java, iotlab1, sing, 15
entry_9477490.class,  4.85,  2.30,  2.23,  0.12,  0.00,  211616071,  225519000,   13146000,  224495544, java, iotlab1, sing, 15
entry_9477490.class,  4.75,  2.30,  2.24,  0.12,  0.00,  202689700,  227653000,   13037000,  215001716, java, iotlab1, sing, 15
entry_9477490.class,  5.06,  2.36,  2.30,  0.13,  0.00,  223822210,  219227000,   17775000,  236309387, java, iotlab1, sing, 15
entry_9477490.class,  4.73,  2.30,  2.24,  0.12,  0.00,  201026440,  224901000,   13870000,  213449058, java, iotlab1, sing, 15
entry_9477490.class,  4.70,  2.30,  2.24,  0.12,  0.00,  200948135,  223252000,   15221000,  213513368, java, iotlab1, sing, 15
entry_9477490.class,  4.71,  2.28,  2.21,  0.12,  0.00,  200840069,  221980000,   16070000,  213201959, java, iotlab1, sing, 15
entry_9477490.class,  4.73,  2.28,  2.21,  0.12,  0.00,  199830694,  221594000,   14707000,  212189854, java, iotlab1, sing, 15
entry_9477490.class,  4.88,  2.28,  2.22,  0.12,  0.00,  212916923,  224655000,   15904000,  225818990, java, iotlab1, sing, 15
entry_9477490.class,  4.75,  2.28,  2.22,  0.12,  0.00,  201028334,  221006000,   17556000,  213487875, java, iotlab1, sing, 15
entry_961114.class,  3.76,  1.83,  1.78,  0.09,  0.00,  161651207,  169192000,    9063000,  174025885, java, iotlab1, sing, 15
entry_961114.class,  3.72,  1.81,  1.77,  0.09,  0.00,  162932087,  168186000,   11942000,  175277094, java, iotlab1, sing, 15
entry_961114.class,  3.77,  1.80,  1.75,  0.09,  0.00,  164006708,  166352000,   15031000,  177188595, java, iotlab1, sing, 15
entry_961114.class,  3.99,  1.83,  1.77,  0.10,  0.00,  174553000,  168462000,   12882000,  188525838, java, iotlab1, sing, 15
entry_961114.class,  3.86,  1.81,  1.75,  0.09,  0.00,  162291810,  168378000,   10959000,  174756614, java, iotlab1, sing, 15
entry_961114.class,  3.86,  1.80,  1.75,  0.09,  0.00,  162682891,  165150000,   14923000,  175052246, java, iotlab1, sing, 15
entry_961114.class,  3.75,  1.81,  1.75,  0.09,  0.00,  163346689,  165616000,   15056000,  176481978, java, iotlab1, sing, 15
entry_961114.class,  3.77,  1.84,  1.78,  0.09,  0.00,  161434607,  167138000,   12082000,  173810538, java, iotlab1, sing, 15
entry_961114.class,  3.72,  1.80,  1.75,  0.09,  0.00,  161011515,  168042000,   10002000,  173435522, java, iotlab1, sing, 15
entry_961114.class,  3.74,  1.79,  1.74,  0.09,  0.00,  162764425,  170532000,   10031000,  175262392, java, iotlab1, sing, 15
entry_9645129.class,  3.26,  1.57,  1.52,  0.08,  0.00,  134326592,  152576000,   14053000,  146741827, java, iotlab1, sing, 15
entry_9645129.class,  3.26,  1.59,  1.54,  0.08,  0.00,  133157127,  153407000,   13856000,  145735212, java, iotlab1, sing, 15
entry_9645129.class,  3.27,  1.60,  1.56,  0.08,  0.00,  131981327,  149005000,   17231000,  144254204, java, iotlab1, sing, 15
entry_9645129.class,  3.22,  1.55,  1.51,  0.08,  0.00,  133167138,  152748000,   15073000,  145591884, java, iotlab1, sing, 15
entry_9645129.class,  3.22,  1.57,  1.53,  0.08,  0.00,  132144265,  155350000,   11873000,  144464618, java, iotlab1, sing, 15
entry_9645129.class,  3.23,  1.60,  1.56,  0.08,  0.00,  130604052,  152655000,   12051000,  142914832, java, iotlab1, sing, 15
entry_9645129.class,  3.22,  1.59,  1.55,  0.08,  0.00,  130910655,  152986000,   10999000,  143276525, java, iotlab1, sing, 15
entry_9645129.class,  3.20,  1.54,  1.50,  0.08,  0.00,  134060227,  155171000,   15016000,  146537001, java, iotlab1, sing, 15
entry_9645129.class,  3.22,  1.57,  1.53,  0.08,  0.00,  132886023,  159197000,    9068000,  145414629, java, iotlab1, sing, 15
entry_9645129.class,  3.24,  1.58,  1.54,  0.08,  0.00,  132988558,  154053000,   13440000,  145391200, java, iotlab1, sing, 15
entry_9645131.class,  3.25,  1.58,  1.55,  0.08,  0.00,  133796187,  155718000,   10312000,  146193169, java, iotlab1, sing, 15
entry_9645131.class,  3.20,  1.56,  1.52,  0.08,  0.00,  131407789,  147288000,   17793000,  143778003, java, iotlab1, sing, 15
entry_9645131.class,  3.21,  1.57,  1.53,  0.08,  0.00,  131660413,  155167000,   10871000,  144111965, java, iotlab1, sing, 15
entry_9645131.class,  3.19,  1.56,  1.51,  0.08,  0.00,  132124743,  151048000,   16219000,  144543009, java, iotlab1, sing, 15
entry_9645131.class,  3.24,  1.60,  1.56,  0.08,  0.00,  131838080,  148271000,   17912000,  144301806, java, iotlab1, sing, 15
entry_9645131.class,  3.21,  1.57,  1.52,  0.08,  0.00,  131804889,  153350000,   12945000,  144187486, java, iotlab1, sing, 15
entry_9645131.class,  3.23,  1.59,  1.54,  0.08,  0.00,  131652573,  153364000,   11950000,  143989448, java, iotlab1, sing, 15
entry_9645131.class,  3.22,  1.58,  1.54,  0.08,  0.00,  131394524,  152443000,   13124000,  143863579, java, iotlab1, sing, 15
entry_9645131.class,  3.21,  1.57,  1.53,  0.08,  0.00,  131837752,  149384000,   16598000,  144175782, java, iotlab1, sing, 15
entry_9645131.class,  3.20,  1.57,  1.53,  0.08,  0.00,  130995119,  150488000,   15252000,  143419544, java, iotlab1, sing, 15
