file,psys,pkg,cores,ram,gpu,duration_time,user_time,system_time,perf_time,lang,machine,cores,power_limit
1172589.exe ,  1.60,  0.41,  0.37,  0.06,  0.00,  112661110,   99560000,    2986000,  157595831, c++, iotlab1, mult, 4
1172589.exe ,  1.48,  0.39,  0.36,  0.05,  0.00,   98378226,   94258000,    4010000,  115439363, c++, iotlab1, mult, 4
1172589.exe ,  1.46,  0.39,  0.36,  0.05,  0.00,   98576442,   94460000,    4019000,  115606795, c++, iotlab1, mult, 4
1172589.exe ,  1.45,  0.39,  0.36,  0.05,  0.00,   98598761,   95504000,    2984000,  114709784, c++, iotlab1, mult, 4
1172589.exe ,  1.44,  0.39,  0.36,  0.05,  0.00,   98175539,   95079000,    3002000,  115278762, c++, iotlab1, mult, 4
1172589.exe ,  1.46,  0.39,  0.36,  0.05,  0.00,   98824775,   95484000,    2983000,  115637879, c++, iotlab1, mult, 4
1172589.exe ,  1.44,  0.39,  0.36,  0.05,  0.00,   98396386,   94286000,    4012000,  115404064, c++, iotlab1, mult, 4
1172589.exe ,  1.54,  0.39,  0.36,  0.05,  0.00,   99359715,   94279000,    5014000,  116034935, c++, iotlab1, mult, 4
1172589.exe ,  1.45,  0.39,  0.36,  0.05,  0.00,   99244053,   96180000,    2974000,  115922353, c++, iotlab1, mult, 4
1172589.exe ,  1.45,  0.39,  0.36,  0.05,  0.00,   98048192,   94968000,    2999000,  115253487, c++, iotlab1, mult, 4
126726.exe  ,  1.50,  0.41,  0.38,  0.05,  0.00,  104147368,  100064000,    4002000,  121133825, c++, iotlab1, mult, 4
126726.exe  ,  1.48,  0.40,  0.37,  0.05,  0.00,  102395574,   94370000,    7946000,  119403127, c++, iotlab1, mult, 4
126726.exe  ,  1.49,  0.40,  0.37,  0.05,  0.00,  101729898,   96613000,    4980000,  118787550, c++, iotlab1, mult, 4
126726.exe  ,  1.51,  0.41,  0.38,  0.05,  0.00,  104003555,   98923000,    4996000,  121560076, c++, iotlab1, mult, 4
126726.exe  ,  1.50,  0.41,  0.37,  0.05,  0.00,  102669748,   97607000,    4979000,  120000390, c++, iotlab1, mult, 4
126726.exe  ,  1.49,  0.40,  0.37,  0.05,  0.00,  101710895,   98640000,    2989000,  118158378, c++, iotlab1, mult, 4
126726.exe  ,  1.50,  0.40,  0.37,  0.05,  0.00,  100428490,   99369000,    1003000,  117044105, c++, iotlab1, mult, 4
126726.exe  ,  1.49,  0.41,  0.38,  0.05,  0.00,   99942653,   92661000,    6974000,  117020639, c++, iotlab1, mult, 4
126726.exe  ,  1.49,  0.40,  0.37,  0.05,  0.00,  100717698,   96618000,    4025000,  117315828, c++, iotlab1, mult, 4
126726.exe  ,  1.49,  0.40,  0.37,  0.05,  0.00,  101135413,   94051000,    7003000,  117933257, c++, iotlab1, mult, 4
1342186.exe ,  1.82,  0.48,  0.45,  0.07,  0.00,  122087498,  115070000,    6943000,  139108827, c++, iotlab1, mult, 4
1342186.exe ,  1.82,  0.48,  0.44,  0.07,  0.00,  121746451,  115572000,    5977000,  138823182, c++, iotlab1, mult, 4
1342186.exe ,  1.88,  0.50,  0.46,  0.08,  0.00,  126029291,  118996000,    6941000,  142922071, c++, iotlab1, mult, 4
1342186.exe ,  1.80,  0.48,  0.44,  0.07,  0.00,  121287309,  110283000,   10928000,  137837703, c++, iotlab1, mult, 4
1342186.exe ,  1.81,  0.48,  0.45,  0.07,  0.00,  122051941,  114907000,    6994000,  139005983, c++, iotlab1, mult, 4
1342186.exe ,  1.81,  0.48,  0.45,  0.07,  0.00,  121824075,  112642000,    8971000,  138798735, c++, iotlab1, mult, 4
1342186.exe ,  1.80,  0.48,  0.44,  0.07,  0.00,  121322847,  115108000,    6005000,  138246757, c++, iotlab1, mult, 4
1342186.exe ,  1.79,  0.48,  0.44,  0.07,  0.00,  121254711,  113160000,    8011000,  138376771, c++, iotlab1, mult, 4
1342186.exe ,  1.79,  0.48,  0.44,  0.07,  0.00,  121117418,  114958000,    5997000,  137785726, c++, iotlab1, mult, 4
1342186.exe ,  1.80,  0.48,  0.45,  0.07,  0.00,  121291287,  114195000,    7012000,  138901411, c++, iotlab1, mult, 4
1374738.exe ,  0.73,  0.20,  0.19,  0.03,  0.00,   50540378,   48528000,    1980000,   68103762, c++, iotlab1, mult, 4
1374738.exe ,  0.73,  0.20,  0.18,  0.03,  0.00,   50528140,   49518000,     990000,   67674319, c++, iotlab1, mult, 4
1374738.exe ,  0.74,  0.20,  0.19,  0.03,  0.00,   51349278,   47379000,    3948000,   68638056, c++, iotlab1, mult, 4
1374738.exe ,  0.76,  0.20,  0.19,  0.03,  0.00,   51734502,   47664000,    3972000,   68889004, c++, iotlab1, mult, 4
1374738.exe ,  0.74,  0.20,  0.19,  0.03,  0.00,   51339833,   49290000,    2011000,   68656191, c++, iotlab1, mult, 4
1374738.exe ,  0.75,  0.20,  0.19,  0.03,  0.00,   51194944,   48157000,    3009000,   68596634, c++, iotlab1, mult, 4
1374738.exe ,  0.73,  0.20,  0.18,  0.03,  0.00,   50159686,   48130000,    2005000,   67237128, c++, iotlab1, mult, 4
1374738.exe ,  0.76,  0.21,  0.19,  0.03,  0.00,   51484890,   48491000,    2968000,   68368467, c++, iotlab1, mult, 4
1374738.exe ,  0.76,  0.20,  0.19,  0.03,  0.00,   51130901,   49104000,    2004000,   68305833, c++, iotlab1, mult, 4
1374738.exe ,  0.75,  0.20,  0.19,  0.03,  0.00,   50799380,   47792000,    2987000,   67923533, c++, iotlab1, mult, 4
1409011.exe ,  1.52,  0.42,  0.39,  0.05,  0.00,  102954785,   95985000,    6926000,  120591333, c++, iotlab1, mult, 4
1409011.exe ,  1.48,  0.40,  0.37,  0.05,  0.00,  101473464,   98432000,    2982000,  118331920, c++, iotlab1, mult, 4
1409011.exe ,  1.49,  0.40,  0.37,  0.05,  0.00,  101254781,   97106000,    4004000,  117980356, c++, iotlab1, mult, 4
1409011.exe ,  1.49,  0.40,  0.37,  0.05,  0.00,  101266698,   98200000,    3006000,  117891232, c++, iotlab1, mult, 4
1409011.exe ,  1.49,  0.40,  0.37,  0.05,  0.00,  100877818,   96882000,    3954000,  117409311, c++, iotlab1, mult, 4
1409011.exe ,  1.50,  0.40,  0.37,  0.05,  0.00,  101108532,   96049000,    5002000,  117720952, c++, iotlab1, mult, 4
1409011.exe ,  1.51,  0.40,  0.37,  0.05,  0.00,  102009103,   97980000,    3958000,  119263428, c++, iotlab1, mult, 4
1409011.exe ,  1.49,  0.40,  0.37,  0.05,  0.00,  101836424,   98782000,    3023000,  118505586, c++, iotlab1, mult, 4
1409011.exe ,  1.50,  0.41,  0.38,  0.05,  0.00,  104528042,  100436000,    3977000,  121608748, c++, iotlab1, mult, 4
1409011.exe ,  1.51,  0.41,  0.38,  0.05,  0.00,  102670380,   96625000,    5976000,  119859581, c++, iotlab1, mult, 4
1690595.exe ,  0.90,  0.24,  0.23,  0.03,  0.00,   61477258,   60446000,    1007000,   79082179, c++, iotlab1, mult, 4
1690595.exe ,  0.90,  0.24,  0.23,  0.03,  0.00,   62321240,   60236000,    2007000,   79950505, c++, iotlab1, mult, 4
1690595.exe ,  0.92,  0.24,  0.23,  0.03,  0.00,   62977688,   56938000,    5993000,   79793344, c++, iotlab1, mult, 4
1690595.exe ,  0.92,  0.25,  0.23,  0.03,  0.00,   62263720,   61194000,    1003000,   79771104, c++, iotlab1, mult, 4
1690595.exe ,  0.91,  0.24,  0.23,  0.03,  0.00,   62292695,   59306000,    2965000,   79420834, c++, iotlab1, mult, 4
1690595.exe ,  0.91,  0.24,  0.23,  0.03,  0.00,   61807217,   57799000,    3986000,   78261436, c++, iotlab1, mult, 4
1690595.exe ,  0.93,  0.25,  0.23,  0.03,  0.00,   62438349,   60403000,    2013000,   79182286, c++, iotlab1, mult, 4
1690595.exe ,  0.93,  0.25,  0.23,  0.03,  0.00,   62654554,   60625000,    2020000,   79677856, c++, iotlab1, mult, 4
1690595.exe ,  0.93,  0.25,  0.23,  0.03,  0.00,   62506265,   61412000,    1006000,   79634757, c++, iotlab1, mult, 4
1690595.exe ,  0.92,  0.25,  0.23,  0.03,  0.00,   62443339,   60366000,    2012000,   79626960, c++, iotlab1, mult, 4
1825983.exe ,  1.45,  0.39,  0.36,  0.05,  0.00,   98243051,   96198000,    2004000,  115356273, c++, iotlab1, mult, 4
1825983.exe ,  1.45,  0.39,  0.36,  0.05,  0.00,   98442213,   96373000,    2007000,  115504313, c++, iotlab1, mult, 4
1825983.exe ,  1.44,  0.39,  0.36,  0.05,  0.00,   97814268,   93791000,    3991000,  114832709, c++, iotlab1, mult, 4
1825983.exe ,  1.44,  0.39,  0.36,  0.05,  0.00,   98366610,   95332000,    3010000,  114840238, c++, iotlab1, mult, 4
1825983.exe ,  1.46,  0.40,  0.36,  0.05,  0.00,   99791395,   95799000,    3950000,  117075536, c++, iotlab1, mult, 4
1825983.exe ,  1.45,  0.40,  0.36,  0.05,  0.00,   99869212,   94883000,    4941000,  116590985, c++, iotlab1, mult, 4
1825983.exe ,  1.44,  0.39,  0.36,  0.05,  0.00,   99065646,   95022000,    4000000,  116140036, c++, iotlab1, mult, 4
1825983.exe ,  1.44,  0.39,  0.36,  0.05,  0.00,   98593402,   97544000,    1005000,  115231139, c++, iotlab1, mult, 4
1825983.exe ,  1.44,  0.39,  0.36,  0.05,  0.00,   99412643,   97329000,    2006000,  116229858, c++, iotlab1, mult, 4
1825983.exe ,  1.44,  0.39,  0.36,  0.05,  0.00,   98606356,   94583000,    3982000,  115936429, c++, iotlab1, mult, 4
1883504.exe ,  1.54,  0.42,  0.38,  0.06,  0.00,  104847812,  102764000,    2014000,  121626051, c++, iotlab1, mult, 4
1883504.exe ,  1.60,  0.43,  0.40,  0.06,  0.00,  107751034,  101701000,    5982000,  124681843, c++, iotlab1, mult, 4
1883504.exe ,  1.53,  0.41,  0.38,  0.05,  0.00,  104639856,  101569000,    3016000,  121915466, c++, iotlab1, mult, 4
1883504.exe ,  1.55,  0.42,  0.38,  0.05,  0.00,  104490304,   99460000,    4973000,  121692986, c++, iotlab1, mult, 4
1883504.exe ,  1.57,  0.42,  0.39,  0.06,  0.00,  105591385,   99463000,    6028000,  122775081, c++, iotlab1, mult, 4
1883504.exe ,  1.53,  0.41,  0.38,  0.05,  0.00,  104398000,   95314000,    9029000,  121586579, c++, iotlab1, mult, 4
1883504.exe ,  1.54,  0.42,  0.38,  0.05,  0.00,  104230047,  100157000,    4006000,  121263763, c++, iotlab1, mult, 4
1883504.exe ,  1.54,  0.42,  0.38,  0.05,  0.00,  104986648,   97938000,    6995000,  121852510, c++, iotlab1, mult, 4
1883504.exe ,  1.54,  0.42,  0.38,  0.05,  0.00,  104762899,   97799000,    6915000,  121758368, c++, iotlab1, mult, 4
1883504.exe ,  1.55,  0.42,  0.38,  0.05,  0.00,  105063168,   99030000,    6001000,  121642528, c++, iotlab1, mult, 4
201747.exe  ,  1.47,  0.40,  0.37,  0.05,  0.00,  100861963,   96783000,    4032000,  117656298, c++, iotlab1, mult, 4
201747.exe  ,  1.49,  0.40,  0.37,  0.05,  0.00,  100619460,   97561000,    3017000,  117589810, c++, iotlab1, mult, 4
201747.exe  ,  1.51,  0.41,  0.38,  0.05,  0.00,  102977271,   99941000,    2998000,  119924604, c++, iotlab1, mult, 4
201747.exe  ,  1.49,  0.40,  0.37,  0.05,  0.00,  102510042,   97485000,    4973000,  119327994, c++, iotlab1, mult, 4
201747.exe  ,  1.50,  0.41,  0.38,  0.05,  0.00,  102686573,   99659000,    2989000,  119730755, c++, iotlab1, mult, 4
201747.exe  ,  1.48,  0.40,  0.37,  0.05,  0.00,  102198936,   99188000,    2975000,  119519356, c++, iotlab1, mult, 4
201747.exe  ,  1.50,  0.41,  0.37,  0.05,  0.00,  102826177,   97773000,    4988000,  120255674, c++, iotlab1, mult, 4
201747.exe  ,  1.50,  0.40,  0.37,  0.05,  0.00,  102175305,   99028000,    3000000,  118966488, c++, iotlab1, mult, 4
201747.exe  ,  1.49,  0.40,  0.37,  0.05,  0.00,  101634240,  101624000,          0,  118420205, c++, iotlab1, mult, 4
201747.exe  ,  1.47,  0.39,  0.37,  0.05,  0.00,  100767094,   94720000,    5982000,  117365775, c++, iotlab1, mult, 4
2024997.exe ,  0.78,  0.20,  0.18,  0.03,  0.00,   51102989,   47040000,    4003000,   67750658, c++, iotlab1, mult, 4
2024997.exe ,  0.78,  0.20,  0.19,  0.03,  0.00,   51709517,   49571000,    2023000,   68660890, c++, iotlab1, mult, 4
2024997.exe ,  0.76,  0.20,  0.19,  0.03,  0.00,   50739790,   48630000,    2026000,   67713121, c++, iotlab1, mult, 4
2024997.exe ,  0.76,  0.20,  0.18,  0.03,  0.00,   50591715,   46620000,    3967000,   67061118, c++, iotlab1, mult, 4
2024997.exe ,  0.75,  0.20,  0.19,  0.03,  0.00,   51113881,   45989000,    4998000,   68264145, c++, iotlab1, mult, 4
2024997.exe ,  0.75,  0.20,  0.19,  0.03,  0.00,   50850468,   46773000,    3980000,   68141565, c++, iotlab1, mult, 4
2024997.exe ,  0.76,  0.20,  0.19,  0.03,  0.00,   51255583,   48311000,    2957000,   67902114, c++, iotlab1, mult, 4
2024997.exe ,  0.76,  0.20,  0.18,  0.03,  0.00,   50537861,   47451000,    3028000,   67268640, c++, iotlab1, mult, 4
2024997.exe ,  0.76,  0.20,  0.19,  0.03,  0.00,   51435188,   49344000,    2014000,   68353594, c++, iotlab1, mult, 4
2024997.exe ,  0.76,  0.20,  0.19,  0.03,  0.00,   51015059,   46945000,    3995000,   68194932, c++, iotlab1, mult, 4
2094555.exe ,  0.77,  0.21,  0.19,  0.03,  0.00,   51733304,   49726000,    1989000,   69113420, c++, iotlab1, mult, 4
2094555.exe ,  0.75,  0.20,  0.19,  0.03,  0.00,   51891494,   50885000,     997000,   69288027, c++, iotlab1, mult, 4
2094555.exe ,  0.76,  0.21,  0.19,  0.03,  0.00,   51730122,   47737000,    3978000,   69004343, c++, iotlab1, mult, 4
2094555.exe ,  0.76,  0.21,  0.19,  0.03,  0.00,   51647550,   43603000,    7927000,   68940521, c++, iotlab1, mult, 4
2094555.exe ,  0.76,  0.20,  0.19,  0.03,  0.00,   52041189,   47027000,    5002000,   69286566, c++, iotlab1, mult, 4
2094555.exe ,  0.76,  0.21,  0.19,  0.03,  0.00,   52164405,   46037000,    6004000,   69104433, c++, iotlab1, mult, 4
2094555.exe ,  0.80,  0.20,  0.19,  0.03,  0.00,   52209235,   48208000,    3935000,   69412628, c++, iotlab1, mult, 4
2094555.exe ,  0.76,  0.20,  0.19,  0.03,  0.00,   51081163,   47028000,    4002000,   67479010, c++, iotlab1, mult, 4
2094555.exe ,  0.76,  0.20,  0.19,  0.03,  0.00,   51359178,   46266000,    5028000,   68516643, c++, iotlab1, mult, 4
2094555.exe ,  0.77,  0.21,  0.19,  0.03,  0.00,   51237926,   43190000,    8035000,   68070717, c++, iotlab1, mult, 4
2131253.exe ,  1.41,  0.38,  0.35,  0.05,  0.00,   97231740,   89196000,    8017000,  114325774, c++, iotlab1, mult, 4
2131253.exe ,  1.44,  0.38,  0.35,  0.05,  0.00,   96779025,   88768000,    7979000,  114192296, c++, iotlab1, mult, 4
2131253.exe ,  1.42,  0.38,  0.35,  0.05,  0.00,   97216990,   91151000,    6010000,  114395712, c++, iotlab1, mult, 4
2131253.exe ,  1.41,  0.38,  0.35,  0.05,  0.00,   96242095,   84302000,   11901000,  113632318, c++, iotlab1, mult, 4
2131253.exe ,  1.43,  0.38,  0.35,  0.05,  0.00,   96591052,   90537000,    6035000,  113679510, c++, iotlab1, mult, 4
2131253.exe ,  1.41,  0.38,  0.35,  0.05,  0.00,   95883665,   91812000,    4035000,  112905574, c++, iotlab1, mult, 4
2131253.exe ,  1.42,  0.38,  0.35,  0.05,  0.00,   96135249,   89097000,    7007000,  112793268, c++, iotlab1, mult, 4
2131253.exe ,  1.42,  0.38,  0.35,  0.05,  0.00,   96007648,   90942000,    4996000,  113074554, c++, iotlab1, mult, 4
2131253.exe ,  1.44,  0.39,  0.36,  0.05,  0.00,   97643170,   89497000,    8044000,  114792212, c++, iotlab1, mult, 4
2131253.exe ,  1.42,  0.38,  0.35,  0.05,  0.00,   96440444,   90373000,    6024000,  113494509, c++, iotlab1, mult, 4
229437.exe  ,  1.46,  0.39,  0.37,  0.05,  0.00,  100698017,   97654000,    3020000,  117256660, c++, iotlab1, mult, 4
229437.exe  ,  1.49,  0.40,  0.37,  0.05,  0.00,  102430408,  101402000,    1003000,  119859653, c++, iotlab1, mult, 4
229437.exe  ,  1.48,  0.40,  0.37,  0.05,  0.00,  101176803,   97142000,    4005000,  118677162, c++, iotlab1, mult, 4
229437.exe  ,  1.48,  0.40,  0.37,  0.05,  0.00,  101674591,   98669000,    2989000,  118990930, c++, iotlab1, mult, 4
229437.exe  ,  1.46,  0.40,  0.37,  0.05,  0.00,   99610088,   97524000,    1990000,  117179716, c++, iotlab1, mult, 4
229437.exe  ,  1.46,  0.39,  0.36,  0.05,  0.00,   98910217,   97789000,     997000,  115569471, c++, iotlab1, mult, 4
229437.exe  ,  1.47,  0.40,  0.37,  0.05,  0.00,  100233448,   98235000,    1984000,  117018231, c++, iotlab1, mult, 4
229437.exe  ,  1.48,  0.40,  0.37,  0.05,  0.00,  100364205,   98321000,    2006000,  116952355, c++, iotlab1, mult, 4
229437.exe  ,  1.46,  0.39,  0.36,  0.05,  0.00,   98721017,   97685000,    1007000,  115923853, c++, iotlab1, mult, 4
229437.exe  ,  1.46,  0.39,  0.36,  0.05,  0.00,   98906260,   96891000,    1997000,  116154331, c++, iotlab1, mult, 4
230403.exe  ,  1.50,  0.40,  0.37,  0.05,  0.00,  102026171,   99002000,    3000000,  118357974, c++, iotlab1, mult, 4
230403.exe  ,  1.50,  0.40,  0.37,  0.05,  0.00,  101721933,   97705000,    3987000,  118976950, c++, iotlab1, mult, 4
230403.exe  ,  1.49,  0.40,  0.37,  0.05,  0.00,  102307909,  100303000,    1986000,  119914955, c++, iotlab1, mult, 4
230403.exe  ,  1.50,  0.40,  0.37,  0.05,  0.00,  102311274,  100198000,    2003000,  119652081, c++, iotlab1, mult, 4
230403.exe  ,  1.50,  0.40,  0.37,  0.05,  0.00,  101937292,   97908000,    3996000,  119015153, c++, iotlab1, mult, 4
230403.exe  ,  1.51,  0.41,  0.38,  0.05,  0.00,  103064789,   99023000,    4000000,  120166557, c++, iotlab1, mult, 4
230403.exe  ,  1.50,  0.40,  0.37,  0.05,  0.00,  102043837,   97015000,    5000000,  119123550, c++, iotlab1, mult, 4
230403.exe  ,  1.50,  0.40,  0.37,  0.05,  0.00,  101688037,   99651000,    2013000,  118996946, c++, iotlab1, mult, 4
230403.exe  ,  1.50,  0.40,  0.37,  0.05,  0.00,  102514297,  100454000,    2009000,  119611516, c++, iotlab1, mult, 4
230403.exe  ,  1.49,  0.40,  0.38,  0.05,  0.00,  102666403,   98650000,    3985000,  119508059, c++, iotlab1, mult, 4
2616722.exe ,  1.47,  0.40,  0.37,  0.05,  0.00,  100417203,   97293000,    3009000,  116798338, c++, iotlab1, mult, 4
2616722.exe ,  1.48,  0.40,  0.37,  0.05,  0.00,  100678934,   99596000,    1006000,  117433446, c++, iotlab1, mult, 4
2616722.exe ,  1.49,  0.40,  0.37,  0.05,  0.00,  101337734,   98325000,    2979000,  118252837, c++, iotlab1, mult, 4
2616722.exe ,  1.48,  0.40,  0.37,  0.05,  0.00,  100904721,   97863000,    2995000,  117878340, c++, iotlab1, mult, 4
2616722.exe ,  1.49,  0.41,  0.37,  0.05,  0.00,  102314502,   99324000,    2979000,  119146022, c++, iotlab1, mult, 4
2616722.exe ,  1.47,  0.40,  0.37,  0.05,  0.00,  100185509,   98187000,    1983000,  117022169, c++, iotlab1, mult, 4
2616722.exe ,  1.48,  0.40,  0.37,  0.05,  0.00,  100903917,   98826000,    1996000,  117472676, c++, iotlab1, mult, 4
2616722.exe ,  1.48,  0.40,  0.37,  0.05,  0.00,  101646539,   98565000,    3017000,  118407055, c++, iotlab1, mult, 4
2616722.exe ,  1.47,  0.39,  0.37,  0.05,  0.00,  100206780,   98201000,    2004000,  117150061, c++, iotlab1, mult, 4
2616722.exe ,  1.48,  0.40,  0.37,  0.05,  0.00,  101925207,   98869000,    3026000,  118816122, c++, iotlab1, mult, 4
2631785.exe ,  0.73,  0.20,  0.18,  0.03,  0.00,   50155772,   46165000,    4014000,   66661439, c++, iotlab1, mult, 4
2631785.exe ,  0.71,  0.19,  0.18,  0.03,  0.00,   49485717,   43552000,    5939000,   66550270, c++, iotlab1, mult, 4
2631785.exe ,  0.74,  0.20,  0.18,  0.03,  0.00,   50094475,   46071000,    4006000,   66477931, c++, iotlab1, mult, 4
2631785.exe ,  0.73,  0.19,  0.18,  0.03,  0.00,   49019274,   45016000,    4001000,   65947807, c++, iotlab1, mult, 4
2631785.exe ,  0.74,  0.19,  0.18,  0.03,  0.00,   49370460,   46357000,    3023000,   65937236, c++, iotlab1, mult, 4
2631785.exe ,  0.72,  0.19,  0.18,  0.03,  0.00,   49618462,   47597000,    2025000,   66790910, c++, iotlab1, mult, 4
2631785.exe ,  0.72,  0.19,  0.18,  0.03,  0.00,   48756148,   46765000,    1990000,   65878804, c++, iotlab1, mult, 4
2631785.exe ,  0.72,  0.19,  0.18,  0.03,  0.00,   49418381,   44456000,    4939000,   66417081, c++, iotlab1, mult, 4
2631785.exe ,  0.73,  0.19,  0.18,  0.03,  0.00,   48466028,   45492000,    2966000,   65459185, c++, iotlab1, mult, 4
2631785.exe ,  0.72,  0.19,  0.18,  0.03,  0.00,   49832531,   45851000,    3902000,   67123417, c++, iotlab1, mult, 4
2642820.exe ,  0.74,  0.19,  0.18,  0.03,  0.00,   49236033,   47204000,    2008000,   65567186, c++, iotlab1, mult, 4
2642820.exe ,  0.74,  0.19,  0.18,  0.03,  0.00,   48995504,   44820000,    3984000,   65895618, c++, iotlab1, mult, 4
2642820.exe ,  0.73,  0.19,  0.18,  0.03,  0.00,   49184535,   46163000,    3010000,   66277069, c++, iotlab1, mult, 4
2642820.exe ,  0.74,  0.20,  0.18,  0.03,  0.00,   49302485,   47204000,    2008000,   66398559, c++, iotlab1, mult, 4
2642820.exe ,  0.78,  0.19,  0.18,  0.03,  0.00,   48687483,   45656000,    2977000,   65706293, c++, iotlab1, mult, 4
2642820.exe ,  0.73,  0.19,  0.18,  0.03,  0.00,   48679869,   43656000,    4960000,   65548798, c++, iotlab1, mult, 4
2642820.exe ,  0.73,  0.20,  0.18,  0.03,  0.00,   49775231,   45780000,    3980000,   66791662, c++, iotlab1, mult, 4
2642820.exe ,  0.73,  0.20,  0.18,  0.03,  0.00,   49943893,   45915000,    3992000,   66707636, c++, iotlab1, mult, 4
2642820.exe ,  0.72,  0.19,  0.18,  0.03,  0.00,   49086217,   47089000,    2003000,   66067611, c++, iotlab1, mult, 4
2642820.exe ,  0.74,  0.20,  0.18,  0.03,  0.00,   49496360,   45359000,    4031000,   66472039, c++, iotlab1, mult, 4
2657371.exe ,  0.76,  0.21,  0.19,  0.03,  0.00,   52139315,   49203000,    2952000,   69558541, c++, iotlab1, mult, 4
2657371.exe ,  0.76,  0.21,  0.19,  0.03,  0.00,   51750014,   48753000,    2984000,   68445240, c++, iotlab1, mult, 4
2657371.exe ,  0.75,  0.20,  0.19,  0.03,  0.00,   50943611,   46945000,    3995000,   67883502, c++, iotlab1, mult, 4
2657371.exe ,  0.77,  0.21,  0.19,  0.03,  0.00,   51514020,   48460000,    3028000,   69100971, c++, iotlab1, mult, 4
2657371.exe ,  0.75,  0.20,  0.19,  0.03,  0.00,   51097452,   47089000,    4007000,   68028124, c++, iotlab1, mult, 4
2657371.exe ,  0.75,  0.20,  0.19,  0.03,  0.00,   51497929,   49480000,    2019000,   69920348, c++, iotlab1, mult, 4
2657371.exe ,  0.75,  0.20,  0.19,  0.03,  0.00,   50687465,   47711000,    2981000,   67884629, c++, iotlab1, mult, 4
2657371.exe ,  0.76,  0.20,  0.19,  0.03,  0.00,   50919955,   48919000,    1996000,   67633705, c++, iotlab1, mult, 4
2657371.exe ,  0.75,  0.20,  0.19,  0.03,  0.00,   51050002,   46929000,    3994000,   68094655, c++, iotlab1, mult, 4
2657371.exe ,  0.76,  0.20,  0.19,  0.03,  0.00,   50809922,   48769000,    2032000,   67886492, c++, iotlab1, mult, 4
2781088.exe ,  1.42,  0.39,  0.36,  0.05,  0.00,   97248851,   94134000,    3004000,  114036676, c++, iotlab1, mult, 4
2781088.exe ,  1.42,  0.38,  0.35,  0.05,  0.00,   96832261,   93759000,    2992000,  113596731, c++, iotlab1, mult, 4
2781088.exe ,  1.43,  0.39,  0.36,  0.05,  0.00,   97081001,   94013000,    3032000,  113896061, c++, iotlab1, mult, 4
2781088.exe ,  1.42,  0.38,  0.35,  0.05,  0.00,   96971900,   93965000,    2998000,  113735945, c++, iotlab1, mult, 4
2781088.exe ,  1.44,  0.39,  0.36,  0.05,  0.00,   98018506,   93835000,    3993000,  114819549, c++, iotlab1, mult, 4
2781088.exe ,  1.43,  0.38,  0.35,  0.05,  0.00,   96866725,   94835000,    2017000,  113599160, c++, iotlab1, mult, 4
2781088.exe ,  1.44,  0.39,  0.36,  0.05,  0.00,   98761832,   97732000,    1007000,  115976794, c++, iotlab1, mult, 4
2781088.exe ,  1.43,  0.39,  0.36,  0.05,  0.00,   97315399,   94234000,    3007000,  113947885, c++, iotlab1, mult, 4
2781088.exe ,  1.40,  0.38,  0.35,  0.05,  0.00,   96626969,   95634000,     996000,  112917638, c++, iotlab1, mult, 4
2781088.exe ,  1.43,  0.39,  0.36,  0.05,  0.00,   97746664,   94712000,    3022000,  114669369, c++, iotlab1, mult, 4
2923923.exe ,  0.71,  0.19,  0.17,  0.03,  0.00,   47552134,   44514000,    3035000,   64355604, c++, iotlab1, mult, 4
2923923.exe ,  0.71,  0.19,  0.17,  0.03,  0.00,   47675515,   44690000,    2979000,   64866856, c++, iotlab1, mult, 4
2923923.exe ,  0.70,  0.19,  0.17,  0.03,  0.00,   47942047,   43953000,    3995000,   64915095, c++, iotlab1, mult, 4
2923923.exe ,  0.71,  0.19,  0.18,  0.03,  0.00,   48453552,   45320000,    3021000,   65408927, c++, iotlab1, mult, 4
2923923.exe ,  0.72,  0.19,  0.18,  0.03,  0.00,   48501585,   44533000,    3958000,   64793383, c++, iotlab1, mult, 4
2923923.exe ,  0.70,  0.19,  0.17,  0.03,  0.00,   47889387,   44902000,    2993000,   65156387, c++, iotlab1, mult, 4
2923923.exe ,  0.69,  0.18,  0.17,  0.02,  0.00,   47753269,   44769000,    2984000,   64729293, c++, iotlab1, mult, 4
2923923.exe ,  0.70,  0.19,  0.17,  0.03,  0.00,   48414282,   46403000,    2017000,   65592846, c++, iotlab1, mult, 4
2923923.exe ,  0.71,  0.19,  0.17,  0.03,  0.00,   47889024,   42034000,    5865000,   65066459, c++, iotlab1, mult, 4
2923923.exe ,  0.71,  0.19,  0.17,  0.03,  0.00,   47862952,   42880000,    4986000,   64918808, c++, iotlab1, mult, 4
2946862.exe ,  0.70,  0.19,  0.18,  0.03,  0.00,   48371329,   46359000,    2015000,   65279360, c++, iotlab1, mult, 4
2946862.exe ,  0.69,  0.18,  0.17,  0.02,  0.00,   47417354,   44471000,    2964000,   64111712, c++, iotlab1, mult, 4
2946862.exe ,  0.70,  0.18,  0.17,  0.03,  0.00,   47732647,   45723000,    1987000,   64317529, c++, iotlab1, mult, 4
2946862.exe ,  0.71,  0.19,  0.17,  0.02,  0.00,   48031541,   45930000,    1996000,   64849018, c++, iotlab1, mult, 4
2946862.exe ,  0.70,  0.18,  0.17,  0.03,  0.00,   47562344,   46592000,     991000,   64561859, c++, iotlab1, mult, 4
2946862.exe ,  0.71,  0.19,  0.17,  0.03,  0.00,   47597619,   46608000,     991000,   64834937, c++, iotlab1, mult, 4
2946862.exe ,  0.70,  0.19,  0.18,  0.03,  0.00,   48243724,   45132000,    3008000,   65505424, c++, iotlab1, mult, 4
2946862.exe ,  0.72,  0.19,  0.18,  0.03,  0.00,   48735875,   45735000,    2982000,   65892840, c++, iotlab1, mult, 4
2946862.exe ,  0.70,  0.19,  0.17,  0.03,  0.00,   47627873,   45647000,    1984000,   64977027, c++, iotlab1, mult, 4
2946862.exe ,  0.70,  0.19,  0.17,  0.03,  0.00,   47687595,   45715000,    1987000,   64606125, c++, iotlab1, mult, 4
2951063.exe ,  0.75,  0.20,  0.19,  0.03,  0.00,   51348814,   49208000,    2008000,   68511140, c++, iotlab1, mult, 4
2951063.exe ,  0.74,  0.20,  0.19,  0.03,  0.00,   51558791,   47484000,    3957000,   68133985, c++, iotlab1, mult, 4
2951063.exe ,  0.75,  0.20,  0.19,  0.03,  0.00,   51515431,   48540000,    2971000,   68403649, c++, iotlab1, mult, 4
2951063.exe ,  0.76,  0.20,  0.19,  0.03,  0.00,   51858423,   46984000,    4894000,   68814913, c++, iotlab1, mult, 4
2951063.exe ,  0.74,  0.20,  0.19,  0.03,  0.00,   50899940,   46801000,    3983000,   68226877, c++, iotlab1, mult, 4
2951063.exe ,  0.75,  0.20,  0.19,  0.03,  0.00,   51090433,   48080000,    3005000,   68197680, c++, iotlab1, mult, 4
2951063.exe ,  0.75,  0.20,  0.19,  0.03,  0.00,   50675586,   45625000,    5069000,   68096347, c++, iotlab1, mult, 4
2951063.exe ,  0.75,  0.20,  0.19,  0.03,  0.00,   51032472,   47028000,    4002000,   68364489, c++, iotlab1, mult, 4
2951063.exe ,  0.75,  0.20,  0.18,  0.03,  0.00,   50769061,   47588000,    3037000,   67784364, c++, iotlab1, mult, 4
2951063.exe ,  0.74,  0.20,  0.18,  0.03,  0.00,   50585110,   46604000,    3966000,   68052471, c++, iotlab1, mult, 4
2961600.exe ,  0.70,  0.19,  0.18,  0.03,  0.00,   48280304,   44248000,    4022000,   64995478, c++, iotlab1, mult, 4
2961600.exe ,  0.71,  0.19,  0.17,  0.03,  0.00,   47911092,   45915000,    1996000,   65414545, c++, iotlab1, mult, 4
2961600.exe ,  0.71,  0.19,  0.17,  0.03,  0.00,   47831508,   43765000,    4071000,   64869290, c++, iotlab1, mult, 4
2961600.exe ,  0.71,  0.19,  0.17,  0.03,  0.00,   48051041,   45055000,    3003000,   65308913, c++, iotlab1, mult, 4
2961600.exe ,  0.71,  0.19,  0.17,  0.02,  0.00,   47595830,   44557000,    3038000,   64762448, c++, iotlab1, mult, 4
2961600.exe ,  0.70,  0.19,  0.17,  0.03,  0.00,   47937816,   42942000,    4993000,   65317813, c++, iotlab1, mult, 4
2961600.exe ,  0.72,  0.19,  0.17,  0.03,  0.00,   47553398,   43593000,    3963000,   64772603, c++, iotlab1, mult, 4
2961600.exe ,  0.71,  0.19,  0.17,  0.03,  0.00,   47489941,   42529000,    4945000,   64813118, c++, iotlab1, mult, 4
2961600.exe ,  0.71,  0.19,  0.17,  0.03,  0.00,   47507269,   44482000,    3032000,   64286463, c++, iotlab1, mult, 4
2961600.exe ,  0.71,  0.19,  0.17,  0.03,  0.00,   47764655,   43784000,    3980000,   64789554, c++, iotlab1, mult, 4
3025699.exe ,  1.54,  0.42,  0.38,  0.05,  0.00,  104998344,   98032000,    6931000,  121641741, c++, iotlab1, mult, 4
3025699.exe ,  1.59,  0.42,  0.39,  0.06,  0.00,  107020385,  102917000,    3996000,  124150881, c++, iotlab1, mult, 4
3025699.exe ,  1.54,  0.42,  0.39,  0.06,  0.00,  105495886,  100358000,    5017000,  122799891, c++, iotlab1, mult, 4
3025699.exe ,  1.55,  0.42,  0.38,  0.06,  0.00,  105074461,  102056000,    3001000,  122120142, c++, iotlab1, mult, 4
3025699.exe ,  1.55,  0.42,  0.38,  0.06,  0.00,  104824256,  102799000,    2015000,  121566527, c++, iotlab1, mult, 4
3025699.exe ,  1.53,  0.42,  0.39,  0.05,  0.00,  105502655,  101419000,    4016000,  122632848, c++, iotlab1, mult, 4
3025699.exe ,  1.61,  0.42,  0.39,  0.06,  0.00,  107289044,  102210000,    5010000,  124421403, c++, iotlab1, mult, 4
3025699.exe ,  1.55,  0.42,  0.39,  0.06,  0.00,  105451492,  101377000,    4014000,  123264315, c++, iotlab1, mult, 4
3025699.exe ,  1.61,  0.43,  0.39,  0.06,  0.00,  107490059,  103356000,    3975000,  124740176, c++, iotlab1, mult, 4
3025699.exe ,  1.56,  0.42,  0.39,  0.06,  0.00,  106435841,  101469000,    4973000,  124038294, c++, iotlab1, mult, 4
3098869.exe ,  1.44,  0.39,  0.36,  0.05,  0.00,   99574621,   95544000,    4022000,  116522162, c++, iotlab1, mult, 4
3098869.exe ,  1.45,  0.40,  0.37,  0.05,  0.00,  100067406,   94060000,    6003000,  117041033, c++, iotlab1, mult, 4
3098869.exe ,  1.46,  0.40,  0.36,  0.05,  0.00,   99646973,   95577000,    3982000,  116866438, c++, iotlab1, mult, 4
3098869.exe ,  1.46,  0.40,  0.37,  0.05,  0.00,  100293024,   97219000,    2976000,  117616582, c++, iotlab1, mult, 4
3098869.exe ,  1.47,  0.40,  0.37,  0.05,  0.00,  100314321,   95350000,    4966000,  117942731, c++, iotlab1, mult, 4
3098869.exe ,  1.46,  0.40,  0.37,  0.05,  0.00,  100884391,   96882000,    3995000,  118159966, c++, iotlab1, mult, 4
3098869.exe ,  1.49,  0.40,  0.37,  0.05,  0.00,  100980942,   95978000,    4998000,  117841866, c++, iotlab1, mult, 4
3098869.exe ,  1.48,  0.40,  0.37,  0.05,  0.00,   99673218,   96664000,    2989000,  115753286, c++, iotlab1, mult, 4
3098869.exe ,  1.44,  0.39,  0.36,  0.05,  0.00,   98500141,   94420000,    3975000,  115537293, c++, iotlab1, mult, 4
3098869.exe ,  1.48,  0.40,  0.37,  0.05,  0.00,  101151435,   98143000,    3004000,  118365974, c++, iotlab1, mult, 4
3122929.exe ,  1.50,  0.41,  0.37,  0.05,  0.00,  102505675,  100494000,    2009000,  119518928, c++, iotlab1, mult, 4
3122929.exe ,  1.48,  0.40,  0.37,  0.05,  0.00,  101130391,  100129000,    1001000,  118407001, c++, iotlab1, mult, 4
3122929.exe ,  1.50,  0.41,  0.38,  0.05,  0.00,  103556258,  101542000,    2010000,  120912390, c++, iotlab1, mult, 4
3122929.exe ,  1.50,  0.41,  0.38,  0.05,  0.00,  102880433,   98824000,    4033000,  119922450, c++, iotlab1, mult, 4
3122929.exe ,  1.49,  0.41,  0.37,  0.05,  0.00,  102737391,   96745000,    5984000,  119768073, c++, iotlab1, mult, 4
3122929.exe ,  1.50,  0.41,  0.38,  0.05,  0.00,  103366731,   99346000,    3973000,  120978168, c++, iotlab1, mult, 4
3122929.exe ,  1.48,  0.41,  0.38,  0.05,  0.00,  103193874,  101067000,    2001000,  120582535, c++, iotlab1, mult, 4
3122929.exe ,  1.50,  0.42,  0.38,  0.05,  0.00,  105052981,   98962000,    5997000,  122018679, c++, iotlab1, mult, 4
3122929.exe ,  1.49,  0.41,  0.38,  0.05,  0.00,  103372861,  100258000,    3007000,  120423066, c++, iotlab1, mult, 4
3122929.exe ,  1.49,  0.41,  0.38,  0.05,  0.00,  103553616,   99530000,    4021000,  120748264, c++, iotlab1, mult, 4
336539.exe  ,  1.43,  0.39,  0.36,  0.05,  0.00,   98127336,   97119000,    1001000,  115702842, c++, iotlab1, mult, 4
336539.exe  ,  1.46,  0.40,  0.36,  0.05,  0.00,   99569734,   96536000,    3016000,  116796650, c++, iotlab1, mult, 4
336539.exe  ,  1.44,  0.39,  0.36,  0.05,  0.00,   97993304,   95937000,    1998000,  114980600, c++, iotlab1, mult, 4
336539.exe  ,  1.50,  0.40,  0.37,  0.05,  0.00,  100327871,   99331000,    1003000,  117853662, c++, iotlab1, mult, 4
336539.exe  ,  1.43,  0.39,  0.36,  0.05,  0.00,   99794375,   98798000,     997000,  116850027, c++, iotlab1, mult, 4
336539.exe  ,  1.44,  0.39,  0.36,  0.05,  0.00,   99250390,   98252000,    1002000,  116683271, c++, iotlab1, mult, 4
336539.exe  ,  1.44,  0.39,  0.36,  0.05,  0.00,   99430910,   98286000,    1002000,  116568438, c++, iotlab1, mult, 4
336539.exe  ,  1.44,  0.40,  0.37,  0.05,  0.00,  100246898,   99217000,    1002000,  117818966, c++, iotlab1, mult, 4
336539.exe  ,  1.44,  0.39,  0.36,  0.05,  0.00,   99999442,   97996000,    1999000,  117074144, c++, iotlab1, mult, 4
336539.exe  ,  1.43,  0.39,  0.36,  0.05,  0.00,   99540292,   96536000,    3016000,  116635934, c++, iotlab1, mult, 4
338328.exe  ,  1.43,  0.39,  0.36,  0.05,  0.00,   97098897,   94996000,    1999000,  114173280, c++, iotlab1, mult, 4
338328.exe  ,  1.44,  0.39,  0.36,  0.05,  0.00,   97758299,   95747000,    1994000,  114747286, c++, iotlab1, mult, 4
338328.exe  ,  1.43,  0.38,  0.35,  0.05,  0.00,   97091741,   94084000,    3002000,  113872695, c++, iotlab1, mult, 4
338328.exe  ,  1.43,  0.38,  0.35,  0.05,  0.00,   96936732,   94913000,    1998000,  113918071, c++, iotlab1, mult, 4
338328.exe  ,  1.44,  0.39,  0.36,  0.05,  0.00,   97474754,   93490000,    3978000,  114816575, c++, iotlab1, mult, 4
338328.exe  ,  1.45,  0.39,  0.36,  0.05,  0.00,   98254159,   96253000,    2005000,  115009337, c++, iotlab1, mult, 4
338328.exe  ,  1.45,  0.39,  0.36,  0.05,  0.00,   97899344,   94828000,    2994000,  114287287, c++, iotlab1, mult, 4
338328.exe  ,  1.45,  0.39,  0.36,  0.05,  0.00,   98574012,   95588000,    2987000,  115580915, c++, iotlab1, mult, 4
338328.exe  ,  1.44,  0.39,  0.36,  0.05,  0.00,   97944033,   95952000,    1999000,  114968250, c++, iotlab1, mult, 4
338328.exe  ,  1.42,  0.39,  0.36,  0.05,  0.00,   98518249,   95411000,    3012000,  115097321, c++, iotlab1, mult, 4
3457445.exe ,  0.80,  0.21,  0.20,  0.03,  0.00,   53770324,   50779000,    2987000,   70366863, c++, iotlab1, mult, 4
3457445.exe ,  0.78,  0.21,  0.20,  0.03,  0.00,   53608378,   50546000,    2973000,   70818703, c++, iotlab1, mult, 4
3457445.exe ,  0.79,  0.21,  0.19,  0.03,  0.00,   53281181,   52199000,    1003000,   70455190, c++, iotlab1, mult, 4
3457445.exe ,  0.79,  0.21,  0.20,  0.03,  0.00,   54125496,   52125000,    2004000,   71140016, c++, iotlab1, mult, 4
3457445.exe ,  0.79,  0.21,  0.20,  0.03,  0.00,   54454432,   51476000,    2969000,   71372466, c++, iotlab1, mult, 4
3457445.exe ,  0.80,  0.21,  0.20,  0.03,  0.00,   53980212,   52960000,    1018000,   70584638, c++, iotlab1, mult, 4
3457445.exe ,  0.78,  0.21,  0.19,  0.03,  0.00,   53237667,   48203000,    4918000,   70356466, c++, iotlab1, mult, 4
3457445.exe ,  0.80,  0.21,  0.19,  0.03,  0.00,   53552341,   49525000,    4042000,   70552127, c++, iotlab1, mult, 4
3457445.exe ,  0.80,  0.21,  0.20,  0.03,  0.00,   54115027,   51983000,    1999000,   70661263, c++, iotlab1, mult, 4
3457445.exe ,  0.80,  0.21,  0.20,  0.03,  0.00,   54173139,   51170000,    3010000,   70863682, c++, iotlab1, mult, 4
3461403.exe ,  1.43,  0.39,  0.36,  0.05,  0.00,   97992145,   95994000,    1999000,  114797516, c++, iotlab1, mult, 4
3461403.exe ,  1.45,  0.39,  0.36,  0.05,  0.00,   99231616,   97247000,    2005000,  116380870, c++, iotlab1, mult, 4
3461403.exe ,  1.42,  0.39,  0.36,  0.05,  0.00,   98162757,   96168000,    2003000,  115378860, c++, iotlab1, mult, 4
3461403.exe ,  1.43,  0.39,  0.36,  0.05,  0.00,   97789165,   96788000,    1008000,  115152094, c++, iotlab1, mult, 4
3461403.exe ,  1.42,  0.38,  0.36,  0.05,  0.00,   97221545,   94268000,    2976000,  114049256, c++, iotlab1, mult, 4
3461403.exe ,  1.43,  0.39,  0.36,  0.05,  0.00,   98505666,   98511000,          0,  115706619, c++, iotlab1, mult, 4
3461403.exe ,  1.43,  0.39,  0.36,  0.05,  0.00,   97584467,   94603000,    2987000,  114749406, c++, iotlab1, mult, 4
3461403.exe ,  1.51,  0.40,  0.37,  0.05,  0.00,  100505310,   98403000,    1987000,  117786756, c++, iotlab1, mult, 4
3461403.exe ,  1.43,  0.39,  0.36,  0.05,  0.00,   97654609,   96661000,     996000,  114681892, c++, iotlab1, mult, 4
3461403.exe ,  1.44,  0.39,  0.36,  0.05,  0.00,   98930560,   96920000,    2019000,  115544452, c++, iotlab1, mult, 4
3515653.exe ,  1.46,  0.39,  0.36,  0.05,  0.00,   97916817,   94916000,    2997000,  114100271, c++, iotlab1, mult, 4
3515653.exe ,  1.45,  0.39,  0.36,  0.05,  0.00,   99033483,   95904000,    2997000,  116068526, c++, iotlab1, mult, 4
3515653.exe ,  1.42,  0.39,  0.36,  0.05,  0.00,   98122919,   96118000,    2002000,  114744304, c++, iotlab1, mult, 4
3515653.exe ,  1.45,  0.39,  0.36,  0.05,  0.00,   98493450,   95422000,    2981000,  115510070, c++, iotlab1, mult, 4
3515653.exe ,  1.43,  0.39,  0.36,  0.05,  0.00,   97519386,   93408000,    3974000,  114749463, c++, iotlab1, mult, 4
3515653.exe ,  1.43,  0.39,  0.36,  0.05,  0.00,   97549486,   93572000,    3981000,  114307619, c++, iotlab1, mult, 4
3515653.exe ,  1.45,  0.39,  0.36,  0.05,  0.00,   97805561,   93802000,    3991000,  114823465, c++, iotlab1, mult, 4
3515653.exe ,  1.49,  0.40,  0.37,  0.05,  0.00,  100622904,   99625000,    1006000,  117501220, c++, iotlab1, mult, 4
3515653.exe ,  1.46,  0.39,  0.36,  0.05,  0.00,   98713663,   94731000,    3988000,  115384898, c++, iotlab1, mult, 4
3515653.exe ,  1.43,  0.39,  0.36,  0.05,  0.00,   97412054,   94397000,    3012000,  114532499, c++, iotlab1, mult, 4
3605312.exe ,  1.54,  0.41,  0.38,  0.05,  0.00,  103994315,  102954000,     999000,  120520229, c++, iotlab1, mult, 4
3605312.exe ,  1.54,  0.41,  0.38,  0.05,  0.00,  103364268,  100273000,    2978000,  120442800, c++, iotlab1, mult, 4
3605312.exe ,  1.51,  0.41,  0.38,  0.05,  0.00,  102789539,  101784000,    1007000,  119536694, c++, iotlab1, mult, 4
3605312.exe ,  1.53,  0.42,  0.39,  0.05,  0.00,  105315414,  103317000,    2006000,  122147009, c++, iotlab1, mult, 4
3605312.exe ,  1.52,  0.41,  0.38,  0.05,  0.00,  103590125,  102579000,    1005000,  120208124, c++, iotlab1, mult, 4
3605312.exe ,  1.51,  0.41,  0.38,  0.05,  0.00,  104778983,  100791000,    3991000,  121871411, c++, iotlab1, mult, 4
3605312.exe ,  1.54,  0.42,  0.39,  0.05,  0.00,  105567801,  102466000,    2984000,  122661288, c++, iotlab1, mult, 4
3605312.exe ,  1.52,  0.41,  0.38,  0.05,  0.00,  104412947,  101308000,    2979000,  121423518, c++, iotlab1, mult, 4
3605312.exe ,  1.53,  0.42,  0.39,  0.05,  0.00,  105466879,  103464000,    1989000,  122590100, c++, iotlab1, mult, 4
3605312.exe ,  1.53,  0.41,  0.38,  0.05,  0.00,  104507109,  100414000,    3976000,  121348008, c++, iotlab1, mult, 4
3632999.exe ,  1.46,  0.39,  0.36,  0.05,  0.00,   99450021,   95379000,    3974000,  116321552, c++, iotlab1, mult, 4
3632999.exe ,  1.45,  0.39,  0.36,  0.05,  0.00,   99156798,   98155000,    1001000,  116266694, c++, iotlab1, mult, 4
3632999.exe ,  1.54,  0.40,  0.37,  0.05,  0.00,  100404586,   99339000,    1003000,  117983888, c++, iotlab1, mult, 4
3632999.exe ,  1.46,  0.39,  0.36,  0.05,  0.00,   98862922,   94817000,    3992000,  115894309, c++, iotlab1, mult, 4
3632999.exe ,  1.47,  0.39,  0.36,  0.05,  0.00,   98915970,   94973000,    3957000,  115758770, c++, iotlab1, mult, 4
3632999.exe ,  1.47,  0.39,  0.36,  0.05,  0.00,   98702301,   93716000,    4984000,  115241475, c++, iotlab1, mult, 4
3632999.exe ,  1.45,  0.39,  0.36,  0.05,  0.00,   98773042,   96785000,    1995000,  115640672, c++, iotlab1, mult, 4
3632999.exe ,  1.45,  0.40,  0.37,  0.05,  0.00,   97204501,   95199000,    2004000,  114845020, c++, iotlab1, mult, 4
3632999.exe ,  1.45,  0.39,  0.36,  0.05,  0.00,   99211540,   96202000,    3006000,  116297980, c++, iotlab1, mult, 4
3632999.exe ,  1.45,  0.39,  0.36,  0.05,  0.00,   98643198,   97643000,    1006000,  115478341, c++, iotlab1, mult, 4
3698143.exe ,  0.72,  0.19,  0.18,  0.03,  0.00,   49196318,   46212000,    3013000,   65419896, c++, iotlab1, mult, 4
3698143.exe ,  0.72,  0.20,  0.18,  0.03,  0.00,   49867235,   47813000,    1992000,   67069202, c++, iotlab1, mult, 4
3698143.exe ,  0.72,  0.20,  0.18,  0.03,  0.00,   49748946,   46609000,    3039000,   67076992, c++, iotlab1, mult, 4
3698143.exe ,  0.71,  0.19,  0.18,  0.03,  0.00,   49320831,   48326000,    1006000,   66130956, c++, iotlab1, mult, 4
3698143.exe ,  0.72,  0.19,  0.18,  0.03,  0.00,   49259979,   46334000,    2957000,   66379084, c++, iotlab1, mult, 4
3698143.exe ,  0.73,  0.19,  0.18,  0.03,  0.00,   48933723,   46868000,    1994000,   65795758, c++, iotlab1, mult, 4
3698143.exe ,  0.72,  0.19,  0.18,  0.03,  0.00,   49243432,   48125000,    1002000,   66138128, c++, iotlab1, mult, 4
3698143.exe ,  0.73,  0.20,  0.18,  0.03,  0.00,   49332645,   46257000,    3016000,   66481639, c++, iotlab1, mult, 4
3698143.exe ,  0.74,  0.20,  0.18,  0.03,  0.00,   49301868,   46223000,    2950000,   66322176, c++, iotlab1, mult, 4
3698143.exe ,  0.74,  0.20,  0.18,  0.03,  0.00,   49401583,   47429000,    1976000,   66041088, c++, iotlab1, mult, 4
3703754.exe ,  2.67,  0.73,  0.67,  0.09,  0.00,  181459333,  177455000,    3987000,  198005866, c++, iotlab1, mult, 4
3703754.exe ,  2.64,  0.72,  0.66,  0.09,  0.00,  180278029,  180232000,          0,  196781157, c++, iotlab1, mult, 4
3703754.exe ,  2.65,  0.73,  0.67,  0.09,  0.00,  181829710,  181697000,          0,  198437060, c++, iotlab1, mult, 4
3703754.exe ,  2.64,  0.72,  0.66,  0.09,  0.00,  180277867,  178235000,    2002000,  197310619, c++, iotlab1, mult, 4
3703754.exe ,  2.68,  0.72,  0.67,  0.09,  0.00,  181339878,  179152000,    2001000,  198200658, c++, iotlab1, mult, 4
3703754.exe ,  2.65,  0.72,  0.66,  0.09,  0.00,  180170295,  176142000,    4003000,  197410964, c++, iotlab1, mult, 4
3703754.exe ,  2.64,  0.72,  0.66,  0.09,  0.00,  180979256,  177873000,    2997000,  197755920, c++, iotlab1, mult, 4
3703754.exe ,  2.66,  0.72,  0.67,  0.09,  0.00,  180610231,  176491000,    3988000,  197872214, c++, iotlab1, mult, 4
3703754.exe ,  2.67,  0.72,  0.66,  0.09,  0.00,  180168362,  178156000,    2001000,  197280285, c++, iotlab1, mult, 4
3703754.exe ,  2.65,  0.72,  0.66,  0.09,  0.00,  180036399,  177943000,    2010000,  197073541, c++, iotlab1, mult, 4
3837785.exe ,  1.49,  0.40,  0.37,  0.05,  0.00,  100883552,   98859000,    2017000,  117484411, c++, iotlab1, mult, 4
3837785.exe ,  1.47,  0.40,  0.37,  0.05,  0.00,  100305364,   96273000,    4011000,  117206320, c++, iotlab1, mult, 4
3837785.exe ,  1.48,  0.40,  0.37,  0.05,  0.00,  101621064,   94499000,    6963000,  118291106, c++, iotlab1, mult, 4
3837785.exe ,  1.46,  0.40,  0.37,  0.05,  0.00,  100100348,   97097000,    3003000,  116484277, c++, iotlab1, mult, 4
3837785.exe ,  1.47,  0.40,  0.37,  0.05,  0.00,  100333438,   96318000,    4013000,  117481785, c++, iotlab1, mult, 4
3837785.exe ,  1.48,  0.40,  0.37,  0.05,  0.00,  100892912,   96901000,    3995000,  117993361, c++, iotlab1, mult, 4
3837785.exe ,  1.48,  0.40,  0.37,  0.05,  0.00,  101321840,   97312000,    4012000,  118376923, c++, iotlab1, mult, 4
3837785.exe ,  1.48,  0.40,  0.37,  0.05,  0.00,  100726036,   98729000,    1994000,  117096998, c++, iotlab1, mult, 4
3837785.exe ,  1.53,  0.41,  0.38,  0.05,  0.00,  104317184,  102300000,    2005000,  121184724, c++, iotlab1, mult, 4
3837785.exe ,  1.48,  0.40,  0.37,  0.05,  0.00,  101620760,   95639000,    5977000,  118445892, c++, iotlab1, mult, 4
3893727.exe ,  1.77,  0.47,  0.43,  0.07,  0.00,  118712753,  107624000,   11064000,  135277648, c++, iotlab1, mult, 4
3893727.exe ,  1.77,  0.47,  0.43,  0.07,  0.00,  118689205,  113632000,    5028000,  135601805, c++, iotlab1, mult, 4
3893727.exe ,  1.78,  0.47,  0.44,  0.07,  0.00,  119674769,  114626000,    5027000,  136202292, c++, iotlab1, mult, 4
3893727.exe ,  1.77,  0.47,  0.43,  0.07,  0.00,  117998512,  110925000,    7058000,  134765119, c++, iotlab1, mult, 4
3893727.exe ,  1.78,  0.47,  0.44,  0.07,  0.00,  119642505,  110474000,    9038000,  136513573, c++, iotlab1, mult, 4
3893727.exe ,  1.79,  0.47,  0.44,  0.07,  0.00,  119628468,  111530000,    7966000,  136034547, c++, iotlab1, mult, 4
3893727.exe ,  1.77,  0.47,  0.43,  0.07,  0.00,  119037361,  112033000,    6940000,  136071963, c++, iotlab1, mult, 4
3893727.exe ,  1.78,  0.47,  0.44,  0.07,  0.00,  119491141,  114436000,    4975000,  136526552, c++, iotlab1, mult, 4
3893727.exe ,  1.80,  0.48,  0.44,  0.07,  0.00,  119645769,  113620000,    6032000,  136971552, c++, iotlab1, mult, 4
3893727.exe ,  1.79,  0.48,  0.44,  0.07,  0.00,  119844624,  108945000,   10894000,  136742240, c++, iotlab1, mult, 4
3997375.exe ,  1.56,  0.40,  0.37,  0.05,  0.00,  101222908,   99164000,    2003000,  118363450, c++, iotlab1, mult, 4
3997375.exe ,  1.47,  0.40,  0.37,  0.05,  0.00,  100087562,   98045000,    2000000,  116983889, c++, iotlab1, mult, 4
3997375.exe ,  1.48,  0.40,  0.37,  0.05,  0.00,  100340537,   96366000,    3973000,  117250461, c++, iotlab1, mult, 4
3997375.exe ,  1.49,  0.40,  0.37,  0.05,  0.00,  100908371,   98839000,    2017000,  117809586, c++, iotlab1, mult, 4
3997375.exe ,  1.47,  0.40,  0.37,  0.05,  0.00,  100033975,   97027000,    3000000,  116869584, c++, iotlab1, mult, 4
3997375.exe ,  1.47,  0.40,  0.37,  0.05,  0.00,  101101039,   98094000,    3002000,  118279490, c++, iotlab1, mult, 4
3997375.exe ,  1.49,  0.40,  0.37,  0.05,  0.00,  100946217,   98957000,    1999000,  117133875, c++, iotlab1, mult, 4
3997375.exe ,  1.47,  0.40,  0.37,  0.05,  0.00,  100566595,   96595000,    3983000,  117271692, c++, iotlab1, mult, 4
3997375.exe ,  1.48,  0.40,  0.37,  0.05,  0.00,  101213377,   97207000,    4008000,  117938181, c++, iotlab1, mult, 4
3997375.exe ,  1.49,  0.40,  0.37,  0.05,  0.00,  101451822,   98357000,    2980000,  118513962, c++, iotlab1, mult, 4
4005226.exe ,  0.70,  0.19,  0.18,  0.03,  0.00,   47814641,   43804000,    3982000,   64802697, c++, iotlab1, mult, 4
4005226.exe ,  0.71,  0.19,  0.17,  0.03,  0.00,   47720217,   43657000,    4061000,   64532787, c++, iotlab1, mult, 4
4005226.exe ,  0.70,  0.19,  0.17,  0.03,  0.00,   47180321,   46195000,    1004000,   64151338, c++, iotlab1, mult, 4
4005226.exe ,  0.72,  0.19,  0.17,  0.03,  0.00,   47331002,   42402000,    4930000,   64245593, c++, iotlab1, mult, 4
4005226.exe ,  0.71,  0.19,  0.17,  0.03,  0.00,   46752645,   44727000,    2033000,   63357914, c++, iotlab1, mult, 4
4005226.exe ,  0.71,  0.19,  0.17,  0.03,  0.00,   47319548,   44289000,    3019000,   64261984, c++, iotlab1, mult, 4
4005226.exe ,  0.70,  0.18,  0.17,  0.03,  0.00,   47118809,   42116000,    5013000,   64098093, c++, iotlab1, mult, 4
4005226.exe ,  0.71,  0.19,  0.17,  0.03,  0.00,   47226123,   45239000,    1966000,   63479478, c++, iotlab1, mult, 4
4005226.exe ,  0.70,  0.18,  0.17,  0.03,  0.00,   47227512,   43215000,    4020000,   63797761, c++, iotlab1, mult, 4
4005226.exe ,  0.72,  0.19,  0.17,  0.03,  0.00,   47189235,   42297000,    4918000,   64037074, c++, iotlab1, mult, 4
4027093.exe ,  0.68,  0.19,  0.17,  0.02,  0.00,   46581374,   43621000,    2974000,   63657270, c++, iotlab1, mult, 4
4027093.exe ,  0.69,  0.18,  0.17,  0.02,  0.00,   47566898,   44534000,    3036000,   64219588, c++, iotlab1, mult, 4
4027093.exe ,  0.69,  0.18,  0.17,  0.02,  0.00,   47288137,   42363000,    4925000,   64171104, c++, iotlab1, mult, 4
4027093.exe ,  0.71,  0.19,  0.17,  0.02,  0.00,   47051683,   44994000,    1999000,   63967443, c++, iotlab1, mult, 4
4027093.exe ,  0.73,  0.19,  0.17,  0.03,  0.00,   47728863,   45585000,    2026000,   64372112, c++, iotlab1, mult, 4
4027093.exe ,  0.71,  0.19,  0.17,  0.03,  0.00,   47219303,   45122000,    2005000,   63658797, c++, iotlab1, mult, 4
4027093.exe ,  0.71,  0.19,  0.17,  0.03,  0.00,   47952667,   46963000,     999000,   65020387, c++, iotlab1, mult, 4
4027093.exe ,  0.70,  0.19,  0.17,  0.03,  0.00,   47409340,   44384000,    3026000,   64308856, c++, iotlab1, mult, 4
4027093.exe ,  0.69,  0.18,  0.17,  0.02,  0.00,   47168302,   45180000,    2008000,   64297905, c++, iotlab1, mult, 4
4027093.exe ,  0.69,  0.18,  0.17,  0.02,  0.00,   47597794,   45519000,    1979000,   64515807, c++, iotlab1, mult, 4
4261206.exe ,  0.70,  0.18,  0.17,  0.02,  0.00,   46931100,   43944000,    2996000,   63059154, c++, iotlab1, mult, 4
4261206.exe ,  0.72,  0.19,  0.17,  0.03,  0.00,   47331270,   45319000,    2014000,   64323763, c++, iotlab1, mult, 4
4261206.exe ,  0.71,  0.19,  0.17,  0.03,  0.00,   47806091,   45814000,    1991000,   64428359, c++, iotlab1, mult, 4
4261206.exe ,  0.72,  0.19,  0.17,  0.03,  0.00,   47574011,   43602000,    3963000,   64597009, c++, iotlab1, mult, 4
4261206.exe ,  0.72,  0.19,  0.17,  0.03,  0.00,   47875441,   41894000,    5984000,   64820119, c++, iotlab1, mult, 4
4261206.exe ,  0.71,  0.19,  0.17,  0.03,  0.00,   47787098,   44814000,    2987000,   64909595, c++, iotlab1, mult, 4
4261206.exe ,  0.70,  0.18,  0.17,  0.02,  0.00,   47877587,   45888000,    1995000,   64884282, c++, iotlab1, mult, 4
4261206.exe ,  0.72,  0.19,  0.17,  0.03,  0.00,   47988071,   44989000,    2999000,   64509764, c++, iotlab1, mult, 4
4261206.exe ,  0.70,  0.19,  0.17,  0.03,  0.00,   47317328,   42387000,    4928000,   63955963, c++, iotlab1, mult, 4
4261206.exe ,  0.71,  0.19,  0.17,  0.03,  0.00,   47684549,   44617000,    3042000,   64368764, c++, iotlab1, mult, 4
4306462.exe ,  0.75,  0.19,  0.18,  0.03,  0.00,   48996276,   44913000,    3992000,   65494497, c++, iotlab1, mult, 4
4306462.exe ,  0.71,  0.19,  0.18,  0.03,  0.00,   48880268,   45824000,    3054000,   65818847, c++, iotlab1, mult, 4
4306462.exe ,  0.71,  0.19,  0.18,  0.03,  0.00,   48822653,   45737000,    3049000,   66041753, c++, iotlab1, mult, 4
4306462.exe ,  0.72,  0.19,  0.18,  0.03,  0.00,   48906312,   46944000,    1997000,   66178628, c++, iotlab1, mult, 4
4306462.exe ,  0.73,  0.19,  0.18,  0.03,  0.00,   48667273,   44702000,    3973000,   65740335, c++, iotlab1, mult, 4
4306462.exe ,  0.73,  0.19,  0.18,  0.03,  0.00,   49052003,   44043000,    5004000,   65693518, c++, iotlab1, mult, 4
4306462.exe ,  0.73,  0.19,  0.18,  0.03,  0.00,   48657426,   44688000,    3972000,   65802170, c++, iotlab1, mult, 4
4306462.exe ,  0.73,  0.19,  0.18,  0.03,  0.00,   48613529,   46624000,    1984000,   65313809, c++, iotlab1, mult, 4
4306462.exe ,  0.73,  0.19,  0.18,  0.03,  0.00,   49128377,   45101000,    4008000,   66140278, c++, iotlab1, mult, 4
4306462.exe ,  0.73,  0.20,  0.18,  0.03,  0.00,   49667651,   45694000,    3973000,   66857324, c++, iotlab1, mult, 4
4307955.exe ,  1.47,  0.40,  0.37,  0.05,  0.00,   99985625,   96990000,    2999000,  116445160, c++, iotlab1, mult, 4
4307955.exe ,  1.51,  0.40,  0.37,  0.05,  0.00,  100688080,   97652000,    3020000,  117098310, c++, iotlab1, mult, 4
4307955.exe ,  1.51,  0.41,  0.38,  0.05,  0.00,  103425956,  101452000,    1989000,  120273009, c++, iotlab1, mult, 4
4307955.exe ,  1.50,  0.40,  0.37,  0.05,  0.00,  101091361,   98021000,    3000000,  117708580, c++, iotlab1, mult, 4
4307955.exe ,  1.49,  0.40,  0.37,  0.05,  0.00,  101189350,   99192000,    2003000,  118149698, c++, iotlab1, mult, 4
4307955.exe ,  1.46,  0.39,  0.36,  0.05,  0.00,   99809794,   95866000,    3953000,  116534323, c++, iotlab1, mult, 4
4307955.exe ,  1.51,  0.40,  0.37,  0.05,  0.00,  100628983,   97645000,    2989000,  117274768, c++, iotlab1, mult, 4
4307955.exe ,  1.51,  0.40,  0.37,  0.05,  0.00,  100196953,   96108000,    3963000,  117279478, c++, iotlab1, mult, 4
4307955.exe ,  1.49,  0.40,  0.37,  0.05,  0.00,  100155132,   98071000,    2001000,  117051306, c++, iotlab1, mult, 4
4307955.exe ,  1.48,  0.39,  0.37,  0.05,  0.00,  100125805,   98141000,    2002000,  117192005, c++, iotlab1, mult, 4
4312536.exe ,  1.57,  0.42,  0.39,  0.05,  0.00,  105786172,   99821000,    5989000,  122049235, c++, iotlab1, mult, 4
4312536.exe ,  1.56,  0.42,  0.39,  0.05,  0.00,  105477758,  102465000,    3013000,  122399818, c++, iotlab1, mult, 4
4312536.exe ,  1.56,  0.42,  0.39,  0.05,  0.00,  104973923,   99948000,    4997000,  122087201, c++, iotlab1, mult, 4
4312536.exe ,  1.57,  0.42,  0.39,  0.05,  0.00,  105427655,  101419000,    4016000,  122253739, c++, iotlab1, mult, 4
4312536.exe ,  1.58,  0.42,  0.39,  0.05,  0.00,  105154264,  102107000,    3003000,  122188340, c++, iotlab1, mult, 4
4312536.exe ,  1.55,  0.42,  0.38,  0.05,  0.00,  105136619,  104144000,    1001000,  122041102, c++, iotlab1, mult, 4
4312536.exe ,  1.57,  0.42,  0.39,  0.06,  0.00,  105355040,  101339000,    4013000,  121910165, c++, iotlab1, mult, 4
4312536.exe ,  1.57,  0.42,  0.39,  0.06,  0.00,  105222174,  103226000,    2004000,  120906176, c++, iotlab1, mult, 4
4312536.exe ,  1.54,  0.41,  0.38,  0.05,  0.00,  104364322,  101363000,    3010000,  121233609, c++, iotlab1, mult, 4
4312536.exe ,  1.55,  0.42,  0.39,  0.05,  0.00,  105017630,  103021000,    2000000,  122046483, c++, iotlab1, mult, 4
4320720.exe ,  1.49,  0.40,  0.37,  0.05,  0.00,  100230233,   98208000,    1984000,  116880910, c++, iotlab1, mult, 4
4320720.exe ,  1.49,  0.40,  0.37,  0.05,  0.00,  100874802,   97864000,    2995000,  117403953, c++, iotlab1, mult, 4
4320720.exe ,  1.49,  0.40,  0.37,  0.05,  0.00,  100413947,   97292000,    3009000,  116998886, c++, iotlab1, mult, 4
4320720.exe ,  1.49,  0.40,  0.37,  0.05,  0.00,  100553004,   97581000,    2987000,  117254678, c++, iotlab1, mult, 4
4320720.exe ,  1.47,  0.40,  0.37,  0.05,  0.00,  100238192,   94254000,    5952000,  117023681, c++, iotlab1, mult, 4
4320720.exe ,  1.47,  0.40,  0.37,  0.05,  0.00,   99818667,   98835000,     998000,  116768307, c++, iotlab1, mult, 4
4320720.exe ,  1.50,  0.40,  0.37,  0.05,  0.00,  101376204,  100313000,    1003000,  118369842, c++, iotlab1, mult, 4
4320720.exe ,  1.46,  0.40,  0.37,  0.05,  0.00,   97901854,   92935000,    4943000,  115474290, c++, iotlab1, mult, 4
4320720.exe ,  1.48,  0.40,  0.36,  0.05,  0.00,   99624142,   94662000,    4982000,  116632177, c++, iotlab1, mult, 4
4320720.exe ,  1.47,  0.40,  0.36,  0.05,  0.00,   99788862,   97809000,    1996000,  116928011, c++, iotlab1, mult, 4
4419376.exe ,  0.74,  0.20,  0.18,  0.03,  0.00,   49866838,   48883000,     997000,   66242736, c++, iotlab1, mult, 4
4419376.exe ,  0.74,  0.20,  0.18,  0.03,  0.00,   49734923,   47725000,    2030000,   66385529, c++, iotlab1, mult, 4
4419376.exe ,  0.76,  0.20,  0.18,  0.03,  0.00,   50171524,   45177000,    5019000,   67048916, c++, iotlab1, mult, 4
4419376.exe ,  0.74,  0.20,  0.18,  0.03,  0.00,   50019856,   47939000,    1997000,   66500733, c++, iotlab1, mult, 4
4419376.exe ,  0.74,  0.20,  0.18,  0.03,  0.00,   49649302,   45646000,    3969000,   66712449, c++, iotlab1, mult, 4
4419376.exe ,  0.76,  0.20,  0.18,  0.03,  0.00,   50213792,   48211000,    2008000,   66707986, c++, iotlab1, mult, 4
4419376.exe ,  0.75,  0.20,  0.18,  0.03,  0.00,   50161230,   48171000,    2007000,   67446457, c++, iotlab1, mult, 4
4419376.exe ,  0.74,  0.20,  0.18,  0.03,  0.00,   49833927,   47804000,    2034000,   66472837, c++, iotlab1, mult, 4
4419376.exe ,  0.74,  0.20,  0.18,  0.03,  0.00,   50026143,   47942000,    1997000,   67225832, c++, iotlab1, mult, 4
4419376.exe ,  0.73,  0.19,  0.18,  0.03,  0.00,   49520740,   48507000,    1010000,   65802954, c++, iotlab1, mult, 4
4455035.exe ,  1.46,  0.39,  0.36,  0.05,  0.00,   99048410,   95814000,    2994000,  116048058, c++, iotlab1, mult, 4
4455035.exe ,  1.46,  0.39,  0.36,  0.05,  0.00,   99304197,   94201000,    5010000,  116246888, c++, iotlab1, mult, 4
4455035.exe ,  1.47,  0.39,  0.36,  0.05,  0.00,   98621748,   93649000,    4981000,  115527480, c++, iotlab1, mult, 4
4455035.exe ,  1.45,  0.39,  0.36,  0.05,  0.00,   97715324,   91691000,    5979000,  114594626, c++, iotlab1, mult, 4
4455035.exe ,  1.45,  0.39,  0.36,  0.05,  0.00,   98895728,   92916000,    5994000,  115632958, c++, iotlab1, mult, 4
4455035.exe ,  1.44,  0.39,  0.36,  0.05,  0.00,   98589260,   97561000,    1005000,  115029961, c++, iotlab1, mult, 4
4455035.exe ,  1.46,  0.39,  0.36,  0.05,  0.00,   99068042,   95937000,    2998000,  115910568, c++, iotlab1, mult, 4
4455035.exe ,  1.46,  0.39,  0.36,  0.05,  0.00,   98589622,   95580000,    3018000,  114555115, c++, iotlab1, mult, 4
4455035.exe ,  1.45,  0.39,  0.36,  0.05,  0.00,   98118714,   96118000,    2002000,  114779929, c++, iotlab1, mult, 4
4455035.exe ,  1.45,  0.39,  0.36,  0.05,  0.00,   98008384,   94013000,    4000000,  114843407, c++, iotlab1, mult, 4
4458794.exe ,  0.82,  0.22,  0.20,  0.03,  0.00,   54659730,   51592000,    3034000,   71579909, c++, iotlab1, mult, 4
4458794.exe ,  0.82,  0.22,  0.20,  0.03,  0.00,   55261324,   52250000,    3014000,   71671058, c++, iotlab1, mult, 4
4458794.exe ,  0.82,  0.22,  0.20,  0.03,  0.00,   55509379,   51567000,    3966000,   72461830, c++, iotlab1, mult, 4
4458794.exe ,  0.81,  0.22,  0.20,  0.03,  0.00,   55210578,   51277000,    3944000,   72362781, c++, iotlab1, mult, 4
4458794.exe ,  0.81,  0.22,  0.20,  0.03,  0.00,   55072614,   53069000,    2002000,   72374031, c++, iotlab1, mult, 4
4458794.exe ,  0.83,  0.22,  0.20,  0.03,  0.00,   55640068,   52505000,    3029000,   72945503, c++, iotlab1, mult, 4
4458794.exe ,  0.83,  0.22,  0.20,  0.03,  0.00,   55962717,   51974000,    3998000,   72759368, c++, iotlab1, mult, 4
4458794.exe ,  0.82,  0.22,  0.20,  0.03,  0.00,   55804909,   53815000,    1993000,   72575580, c++, iotlab1, mult, 4
4458794.exe ,  0.81,  0.21,  0.20,  0.03,  0.00,   54796016,   51820000,    2989000,   71240809, c++, iotlab1, mult, 4
4458794.exe ,  0.82,  0.22,  0.20,  0.03,  0.00,   54887114,   51893000,    2993000,   71378394, c++, iotlab1, mult, 4
4488347.exe ,  0.74,  0.20,  0.18,  0.03,  0.00,   50078977,   47061000,    3003000,   67139643, c++, iotlab1, mult, 4
4488347.exe ,  0.74,  0.20,  0.18,  0.03,  0.00,   50145234,   45138000,    5015000,   66989092, c++, iotlab1, mult, 4
4488347.exe ,  0.75,  0.20,  0.18,  0.03,  0.00,   50146581,   46132000,    4011000,   66666389, c++, iotlab1, mult, 4
4488347.exe ,  0.76,  0.20,  0.18,  0.03,  0.00,   50311290,   47307000,    3019000,   67233061, c++, iotlab1, mult, 4
4488347.exe ,  0.75,  0.20,  0.18,  0.03,  0.00,   49651048,   46685000,    2979000,   66362169, c++, iotlab1, mult, 4
4488347.exe ,  0.74,  0.20,  0.18,  0.03,  0.00,   50284307,   49287000,    1005000,   66892372, c++, iotlab1, mult, 4
4488347.exe ,  0.74,  0.19,  0.18,  0.03,  0.00,   48891156,   44906000,    3991000,   65360805, c++, iotlab1, mult, 4
4488347.exe ,  0.74,  0.20,  0.18,  0.03,  0.00,   49991573,   46000000,    4000000,   66668354, c++, iotlab1, mult, 4
4488347.exe ,  0.74,  0.20,  0.18,  0.03,  0.00,   50295804,   45273000,    5030000,   67269212, c++, iotlab1, mult, 4
4488347.exe ,  0.75,  0.20,  0.18,  0.03,  0.00,   49941858,   46843000,    2989000,   66602290, c++, iotlab1, mult, 4
459141.exe  ,  0.72,  0.19,  0.18,  0.03,  0.00,   49201254,   48200000,    1004000,   65825896, c++, iotlab1, mult, 4
459141.exe  ,  0.73,  0.20,  0.18,  0.03,  0.00,   49532295,   47517000,    2022000,   66523879, c++, iotlab1, mult, 4
459141.exe  ,  0.72,  0.19,  0.18,  0.03,  0.00,   49010380,   44923000,    3993000,   65758885, c++, iotlab1, mult, 4
459141.exe  ,  0.73,  0.19,  0.18,  0.03,  0.00,   48921702,   46837000,    1993000,   65669729, c++, iotlab1, mult, 4
459141.exe  ,  0.73,  0.19,  0.18,  0.03,  0.00,   48945910,   45946000,    2996000,   65786637, c++, iotlab1, mult, 4
459141.exe  ,  0.72,  0.19,  0.18,  0.03,  0.00,   49216627,   46160000,    3010000,   65913710, c++, iotlab1, mult, 4
459141.exe  ,  0.74,  0.19,  0.18,  0.03,  0.00,   49037019,   45986000,    3065000,   65928859, c++, iotlab1, mult, 4
459141.exe  ,  0.75,  0.19,  0.19,  0.03,  0.00,   48726137,   43702000,    4966000,   66261779, c++, iotlab1, mult, 4
459141.exe  ,  0.74,  0.20,  0.18,  0.03,  0.00,   48480846,   42477000,    5927000,   65307760, c++, iotlab1, mult, 4
459141.exe  ,  0.71,  0.19,  0.18,  0.03,  0.00,   48821687,   43830000,    4980000,   65360959, c++, iotlab1, mult, 4
4612168.exe ,  1.46,  0.39,  0.36,  0.05,  0.00,   98688260,   96692000,    1993000,  115471007, c++, iotlab1, mult, 4
4612168.exe ,  1.44,  0.39,  0.36,  0.05,  0.00,   98571456,   96604000,    1991000,  115288056, c++, iotlab1, mult, 4
4612168.exe ,  1.50,  0.40,  0.37,  0.05,  0.00,   99812402,   96809000,    2994000,  117346861, c++, iotlab1, mult, 4
4612168.exe ,  1.47,  0.39,  0.36,  0.05,  0.00,   98677817,   96623000,    1992000,  115483222, c++, iotlab1, mult, 4
4612168.exe ,  1.46,  0.39,  0.36,  0.05,  0.00,   98774820,   92801000,    5987000,  115456065, c++, iotlab1, mult, 4
4612168.exe ,  1.43,  0.38,  0.36,  0.05,  0.00,   97801830,   89871000,    7900000,  114513935, c++, iotlab1, mult, 4
4612168.exe ,  1.49,  0.39,  0.36,  0.05,  0.00,   99558231,   96548000,    3017000,  115960864, c++, iotlab1, mult, 4
4612168.exe ,  1.47,  0.39,  0.36,  0.05,  0.00,   99724473,   96740000,    2991000,  116800114, c++, iotlab1, mult, 4
4612168.exe ,  1.44,  0.39,  0.36,  0.05,  0.00,   98429321,   93314000,    5016000,  115297178, c++, iotlab1, mult, 4
4612168.exe ,  1.56,  0.40,  0.37,  0.05,  0.00,  102509963,   98539000,    3981000,  119582919, c++, iotlab1, mult, 4
4622641.exe ,  1.55,  0.42,  0.38,  0.05,  0.00,  104893636,   99746000,    4987000,  121731146, c++, iotlab1, mult, 4
4622641.exe ,  1.54,  0.41,  0.38,  0.05,  0.00,  104069926,   99070000,    5003000,  120579214, c++, iotlab1, mult, 4
4622641.exe ,  1.53,  0.41,  0.38,  0.05,  0.00,  104059738,   98051000,    6003000,  120484527, c++, iotlab1, mult, 4
4622641.exe ,  1.52,  0.41,  0.38,  0.05,  0.00,  103267143,   94217000,    8925000,  119962796, c++, iotlab1, mult, 4
4622641.exe ,  1.54,  0.41,  0.38,  0.05,  0.00,  104002915,  101014000,    3000000,  120347555, c++, iotlab1, mult, 4
4622641.exe ,  1.54,  0.42,  0.38,  0.05,  0.00,  104645096,   98610000,    6037000,  121393571, c++, iotlab1, mult, 4
4622641.exe ,  1.53,  0.41,  0.38,  0.05,  0.00,  104507873,   96557000,    7963000,  121597639, c++, iotlab1, mult, 4
4622641.exe ,  1.52,  0.41,  0.38,  0.05,  0.00,  103079342,   98058000,    5002000,  119667616, c++, iotlab1, mult, 4
4622641.exe ,  1.55,  0.41,  0.38,  0.06,  0.00,  104236029,   97215000,    7015000,  121114892, c++, iotlab1, mult, 4
4622641.exe ,  1.53,  0.41,  0.38,  0.05,  0.00,  103552036,   96589000,    6970000,  120052099, c++, iotlab1, mult, 4
4689992.exe ,  0.78,  0.20,  0.19,  0.03,  0.00,   51989361,   49902000,    1996000,   68752888, c++, iotlab1, mult, 4
4689992.exe ,  0.70,  0.19,  0.18,  0.03,  0.00,   47538787,   44584000,    2972000,   64330632, c++, iotlab1, mult, 4
4689992.exe ,  0.73,  0.19,  0.17,  0.03,  0.00,   47814059,   46814000,     996000,   64346939, c++, iotlab1, mult, 4
4689992.exe ,  0.73,  0.19,  0.17,  0.03,  0.00,   47712731,   46690000,    1015000,   64044466, c++, iotlab1, mult, 4
4689992.exe ,  0.70,  0.18,  0.17,  0.02,  0.00,   47178155,   45160000,    2007000,   63748923, c++, iotlab1, mult, 4
4689992.exe ,  0.71,  0.19,  0.17,  0.03,  0.00,   47133497,   45138000,    2006000,   63681454, c++, iotlab1, mult, 4
4689992.exe ,  0.70,  0.19,  0.17,  0.02,  0.00,   46700986,   44650000,    1984000,   63675009, c++, iotlab1, mult, 4
4689992.exe ,  0.71,  0.19,  0.17,  0.03,  0.00,   47188670,   45188000,    2008000,   63801368, c++, iotlab1, mult, 4
4689992.exe ,  0.71,  0.18,  0.17,  0.02,  0.00,   46576172,   44569000,    2025000,   62840968, c++, iotlab1, mult, 4
4689992.exe ,  0.73,  0.19,  0.18,  0.03,  0.00,   48524254,   46450000,    1976000,   65240236, c++, iotlab1, mult, 4
4766440.exe ,  0.70,  0.19,  0.17,  0.02,  0.00,   46920571,   45835000,     996000,   63474070, c++, iotlab1, mult, 4
4766440.exe ,  0.70,  0.18,  0.17,  0.02,  0.00,   47053094,   45099000,    1960000,   63521553, c++, iotlab1, mult, 4
4766440.exe ,  0.71,  0.18,  0.17,  0.03,  0.00,   47217205,   44163000,    2944000,   64199393, c++, iotlab1, mult, 4
4766440.exe ,  0.70,  0.18,  0.17,  0.02,  0.00,   47325822,   46345000,    1007000,   64005561, c++, iotlab1, mult, 4
4766440.exe ,  0.70,  0.19,  0.17,  0.03,  0.00,   47276160,   46279000,    1006000,   64426793, c++, iotlab1, mult, 4
4766440.exe ,  0.72,  0.18,  0.17,  0.02,  0.00,   47143559,   46100000,    1002000,   63758923, c++, iotlab1, mult, 4
4766440.exe ,  0.73,  0.19,  0.17,  0.02,  0.00,   46466355,   43444000,    2962000,   63018951, c++, iotlab1, mult, 4
4766440.exe ,  0.69,  0.18,  0.17,  0.02,  0.00,   46912123,   45933000,     998000,   63572347, c++, iotlab1, mult, 4
4766440.exe ,  0.70,  0.19,  0.18,  0.03,  0.00,   47328639,   45326000,    2014000,   63732830, c++, iotlab1, mult, 4
4766440.exe ,  0.68,  0.18,  0.17,  0.02,  0.00,   46444078,   44479000,    1976000,   62565835, c++, iotlab1, mult, 4
4817246.exe ,  0.76,  0.20,  0.19,  0.03,  0.00,   50342577,   46308000,    3941000,   67441369, c++, iotlab1, mult, 4
4817246.exe ,  0.76,  0.20,  0.19,  0.03,  0.00,   50991967,   47991000,    2999000,   67436393, c++, iotlab1, mult, 4
4817246.exe ,  0.75,  0.20,  0.19,  0.03,  0.00,   50841278,   47780000,    2986000,   67814109, c++, iotlab1, mult, 4
4817246.exe ,  0.75,  0.20,  0.19,  0.03,  0.00,   50468746,   49474000,    1009000,   67872015, c++, iotlab1, mult, 4
4817246.exe ,  0.75,  0.20,  0.19,  0.03,  0.00,   50841224,   47845000,    2990000,   67889857, c++, iotlab1, mult, 4
4817246.exe ,  0.76,  0.20,  0.19,  0.03,  0.00,   50933459,   48937000,    1997000,   67999693, c++, iotlab1, mult, 4
4817246.exe ,  0.73,  0.20,  0.18,  0.03,  0.00,   50425140,   48422000,    2017000,   67075627, c++, iotlab1, mult, 4
4817246.exe ,  0.85,  0.19,  0.17,  0.03,  0.00,   57611052,   55647000,    2023000,   78150552, c++, iotlab1, mult, 4
4817246.exe ,  0.78,  0.20,  0.19,  0.03,  0.00,   51060620,   48976000,    1999000,   68110554, c++, iotlab1, mult, 4
4817246.exe ,  0.77,  0.20,  0.18,  0.03,  0.00,   50581884,   48566000,    1982000,   67175171, c++, iotlab1, mult, 4
5272843.exe ,  2.74,  0.73,  0.67,  0.11,  0.00,  183631983,  175587000,    7981000,  200688378, c++, iotlab1, mult, 4
5272843.exe ,  2.75,  0.73,  0.67,  0.11,  0.00,  183902036,  172915000,   10994000,  199936806, c++, iotlab1, mult, 4
5272843.exe ,  2.73,  0.72,  0.67,  0.11,  0.00,  182558239,  173528000,    9027000,  199498241, c++, iotlab1, mult, 4
5272843.exe ,  2.76,  0.73,  0.67,  0.11,  0.00,  183920159,  175920000,    7996000,  200656197, c++, iotlab1, mult, 4
5272843.exe ,  2.75,  0.73,  0.67,  0.11,  0.00,  182563130,  174523000,    7978000,  199643824, c++, iotlab1, mult, 4
5272843.exe ,  2.75,  0.73,  0.67,  0.11,  0.00,  183000906,  176931000,    5997000,  199961306, c++, iotlab1, mult, 4
5272843.exe ,  2.76,  0.73,  0.67,  0.12,  0.00,  182941414,  174847000,    7993000,  199830545, c++, iotlab1, mult, 4
5272843.exe ,  2.74,  0.72,  0.66,  0.11,  0.00,  181920049,  175925000,    5997000,  199125676, c++, iotlab1, mult, 4
5272843.exe ,  2.76,  0.73,  0.67,  0.12,  0.00,  182443782,  177451000,    4984000,  199387001, c++, iotlab1, mult, 4
5272843.exe ,  2.75,  0.73,  0.67,  0.11,  0.00,  183195808,  177174000,    6005000,  200186752, c++, iotlab1, mult, 4
533881.exe  ,  1.43,  0.39,  0.36,  0.05,  0.00,   96073257,   92066000,    4002000,  113561141, c++, iotlab1, mult, 4
533881.exe  ,  1.44,  0.38,  0.35,  0.05,  0.00,   96976185,   93030000,    3958000,  113510857, c++, iotlab1, mult, 4
533881.exe  ,  1.42,  0.37,  0.35,  0.05,  0.00,   95611170,   91602000,    4026000,  112538362, c++, iotlab1, mult, 4
533881.exe  ,  1.44,  0.38,  0.35,  0.05,  0.00,   96813823,   94829000,    1996000,  113159882, c++, iotlab1, mult, 4
533881.exe  ,  1.44,  0.38,  0.35,  0.05,  0.00,   96525644,   94551000,    1990000,  113171340, c++, iotlab1, mult, 4
533881.exe  ,  1.42,  0.38,  0.35,  0.05,  0.00,   95996995,   94012000,    2000000,  112448502, c++, iotlab1, mult, 4
533881.exe  ,  1.42,  0.38,  0.35,  0.05,  0.00,   95481291,   92476000,    3015000,  111633309, c++, iotlab1, mult, 4
533881.exe  ,  1.44,  0.38,  0.36,  0.05,  0.00,   97498878,   96511000,    1005000,  114291769, c++, iotlab1, mult, 4
533881.exe  ,  1.42,  0.38,  0.35,  0.05,  0.00,   96352727,   95361000,    1003000,  112608176, c++, iotlab1, mult, 4
533881.exe  ,  1.44,  0.38,  0.35,  0.05,  0.00,   96630251,   94648000,    1992000,  113167211, c++, iotlab1, mult, 4
548972.exe  ,  1.42,  0.38,  0.35,  0.05,  0.00,   96408098,   93402000,    3012000,  113342053, c++, iotlab1, mult, 4
548972.exe  ,  1.44,  0.38,  0.35,  0.05,  0.00,   96421759,   93382000,    2980000,  112244489, c++, iotlab1, mult, 4
548972.exe  ,  1.43,  0.38,  0.35,  0.05,  0.00,   95672025,   94690000,     996000,  112037786, c++, iotlab1, mult, 4
548972.exe  ,  1.42,  0.38,  0.35,  0.05,  0.00,   95561359,   92587000,    2986000,  111877867, c++, iotlab1, mult, 4
548972.exe  ,  1.45,  0.39,  0.35,  0.05,  0.00,   97103442,   96106000,    1001000,  113485959, c++, iotlab1, mult, 4
548972.exe  ,  1.44,  0.38,  0.35,  0.05,  0.00,   96658395,   96677000,          0,  113595914, c++, iotlab1, mult, 4
548972.exe  ,  1.42,  0.38,  0.35,  0.05,  0.00,   95625187,   93584000,    1991000,  111853990, c++, iotlab1, mult, 4
548972.exe  ,  1.42,  0.38,  0.35,  0.05,  0.00,   95990362,   93992000,    1999000,  112674773, c++, iotlab1, mult, 4
548972.exe  ,  1.43,  0.38,  0.35,  0.05,  0.00,   96885929,   95875000,     998000,  113867697, c++, iotlab1, mult, 4
548972.exe  ,  1.48,  0.38,  0.35,  0.05,  0.00,   95995549,   93011000,    3000000,  113411952, c++, iotlab1, mult, 4
549722.exe  ,  0.74,  0.20,  0.18,  0.03,  0.00,   49928828,   46953000,    2997000,   66291237, c++, iotlab1, mult, 4
549722.exe  ,  0.74,  0.20,  0.18,  0.03,  0.00,   50395061,   49389000,    1007000,   67194082, c++, iotlab1, mult, 4
549722.exe  ,  0.74,  0.20,  0.18,  0.03,  0.00,   49928438,   45060000,    4897000,   66861358, c++, iotlab1, mult, 4
549722.exe  ,  0.74,  0.20,  0.18,  0.03,  0.00,   50314441,   48189000,    2007000,   67065318, c++, iotlab1, mult, 4
549722.exe  ,  0.74,  0.20,  0.18,  0.03,  0.00,   50511883,   47557000,    2972000,   67040518, c++, iotlab1, mult, 4
549722.exe  ,  0.73,  0.19,  0.18,  0.03,  0.00,   49797526,   47721000,    2030000,   66762205, c++, iotlab1, mult, 4
549722.exe  ,  0.75,  0.20,  0.18,  0.03,  0.00,   50094201,   49111000,    1002000,   66930593, c++, iotlab1, mult, 4
549722.exe  ,  0.74,  0.20,  0.18,  0.03,  0.00,   49824511,   48839000,     996000,   66056494, c++, iotlab1, mult, 4
549722.exe  ,  0.77,  0.20,  0.18,  0.03,  0.00,   49884932,   46914000,    2994000,   66648891, c++, iotlab1, mult, 4
549722.exe  ,  0.74,  0.20,  0.18,  0.03,  0.00,   49778561,   48738000,     994000,   66724465, c++, iotlab1, mult, 4
552105.exe  ,  0.77,  0.20,  0.18,  0.03,  0.00,   50859538,   48765000,    1990000,   67617236, c++, iotlab1, mult, 4
552105.exe  ,  0.76,  0.20,  0.18,  0.03,  0.00,   49904025,   48927000,     998000,   66204414, c++, iotlab1, mult, 4
552105.exe  ,  0.79,  0.20,  0.19,  0.03,  0.00,   50332221,   48252000,    2010000,   66831500, c++, iotlab1, mult, 4
552105.exe  ,  0.75,  0.20,  0.18,  0.03,  0.00,   49792868,   46843000,    2927000,   66995472, c++, iotlab1, mult, 4
552105.exe  ,  0.73,  0.20,  0.18,  0.03,  0.00,   50562730,   48456000,    2019000,   67675225, c++, iotlab1, mult, 4
552105.exe  ,  0.73,  0.20,  0.18,  0.03,  0.00,   50481279,   46377000,    4032000,   67542007, c++, iotlab1, mult, 4
552105.exe  ,  0.74,  0.20,  0.18,  0.03,  0.00,   50057448,   47002000,    3000000,   66579148, c++, iotlab1, mult, 4
552105.exe  ,  0.75,  0.20,  0.18,  0.03,  0.00,   49750705,   47712000,    1988000,   66472481, c++, iotlab1, mult, 4
552105.exe  ,  0.74,  0.20,  0.18,  0.03,  0.00,   49914477,   45823000,    3984000,   66783719, c++, iotlab1, mult, 4
552105.exe  ,  0.74,  0.20,  0.18,  0.03,  0.00,   50371974,   49226000,    1004000,   67505585, c++, iotlab1, mult, 4
5569370.exe ,  1.45,  0.39,  0.36,  0.05,  0.00,   98163563,   96163000,    2003000,  115003755, c++, iotlab1, mult, 4
5569370.exe ,  1.47,  0.39,  0.36,  0.05,  0.00,   99636056,   97661000,    1993000,  116556144, c++, iotlab1, mult, 4
5569370.exe ,  1.44,  0.39,  0.36,  0.05,  0.00,   97530132,   94511000,    2984000,  114235273, c++, iotlab1, mult, 4
5569370.exe ,  1.44,  0.39,  0.36,  0.05,  0.00,   97370550,   93323000,    3971000,  114394177, c++, iotlab1, mult, 4
5569370.exe ,  1.44,  0.38,  0.36,  0.05,  0.00,   97251916,   93239000,    3967000,  113781900, c++, iotlab1, mult, 4
5569370.exe ,  1.44,  0.38,  0.35,  0.05,  0.00,   97018689,   94050000,    2970000,  113860545, c++, iotlab1, mult, 4
5569370.exe ,  1.45,  0.39,  0.36,  0.05,  0.00,   97512191,   96407000,     993000,  114050366, c++, iotlab1, mult, 4
5569370.exe ,  1.46,  0.39,  0.36,  0.05,  0.00,   99010005,   96062000,    2971000,  115285849, c++, iotlab1, mult, 4
5569370.exe ,  1.45,  0.39,  0.36,  0.05,  0.00,   97694940,   92650000,    4981000,  113574382, c++, iotlab1, mult, 4
5569370.exe ,  1.45,  0.39,  0.36,  0.05,  0.00,   97835373,   94712000,    2990000,  114258733, c++, iotlab1, mult, 4
5722253.exe ,  0.80,  0.21,  0.20,  0.03,  0.00,   53713344,   50690000,    3041000,   70684190, c++, iotlab1, mult, 4
5722253.exe ,  0.82,  0.21,  0.19,  0.03,  0.00,   52984189,   50998000,    1999000,   70048408, c++, iotlab1, mult, 4
5722253.exe ,  0.79,  0.21,  0.20,  0.03,  0.00,   53517886,   52524000,    1010000,   70334192, c++, iotlab1, mult, 4
5722253.exe ,  0.79,  0.21,  0.20,  0.03,  0.00,   53487593,   50467000,    3028000,   70505225, c++, iotlab1, mult, 4
5722253.exe ,  0.80,  0.21,  0.20,  0.03,  0.00,   53734754,   49753000,    3980000,   70667311, c++, iotlab1, mult, 4
5722253.exe ,  0.80,  0.21,  0.20,  0.03,  0.00,   53463862,   49516000,    3961000,   70582884, c++, iotlab1, mult, 4
5722253.exe ,  0.78,  0.21,  0.20,  0.03,  0.00,   53402853,   53413000,          0,   70079874, c++, iotlab1, mult, 4
5722253.exe ,  0.80,  0.21,  0.20,  0.03,  0.00,   53813597,   51816000,    1992000,   70611252, c++, iotlab1, mult, 4
5722253.exe ,  0.80,  0.21,  0.20,  0.03,  0.00,   53668484,   52640000,     993000,   70756478, c++, iotlab1, mult, 4
5722253.exe ,  0.79,  0.21,  0.20,  0.03,  0.00,   53649867,   52459000,    1008000,   70316110, c++, iotlab1, mult, 4
5747289.exe ,  1.43,  0.39,  0.36,  0.05,  0.00,   97484171,   96488000,    1005000,  114404412, c++, iotlab1, mult, 4
5747289.exe ,  1.44,  0.39,  0.36,  0.05,  0.00,   97686269,   95713000,    1994000,  114312307, c++, iotlab1, mult, 4
5747289.exe ,  1.46,  0.39,  0.36,  0.05,  0.00,   98324094,   94301000,    4012000,  115062505, c++, iotlab1, mult, 4
5747289.exe ,  1.44,  0.39,  0.36,  0.05,  0.00,   98013056,   96034000,    2000000,  114836216, c++, iotlab1, mult, 4
5747289.exe ,  1.43,  0.39,  0.36,  0.05,  0.00,   97829302,   94845000,    2995000,  113708333, c++, iotlab1, mult, 4
5747289.exe ,  1.45,  0.39,  0.36,  0.05,  0.00,   99223409,   97228000,    2004000,  116265236, c++, iotlab1, mult, 4
5747289.exe ,  1.44,  0.39,  0.36,  0.05,  0.00,   98012280,   95024000,    3000000,  114647804, c++, iotlab1, mult, 4
5747289.exe ,  1.44,  0.39,  0.36,  0.05,  0.00,   96780147,   92775000,    3990000,  114434791, c++, iotlab1, mult, 4
5747289.exe ,  1.47,  0.40,  0.36,  0.05,  0.00,   99519422,   96511000,    2984000,  116508531, c++, iotlab1, mult, 4
5747289.exe ,  1.44,  0.39,  0.36,  0.05,  0.00,   98254862,   96228000,    2004000,  115142928, c++, iotlab1, mult, 4
5840366.exe ,  1.46,  0.39,  0.36,  0.05,  0.00,   98590715,   94445000,    3976000,  115929982, c++, iotlab1, mult, 4
5840366.exe ,  1.45,  0.39,  0.36,  0.05,  0.00,   97351158,   93389000,    3974000,  114359160, c++, iotlab1, mult, 4
5840366.exe ,  1.45,  0.39,  0.36,  0.05,  0.00,   98077579,   97084000,    1000000,  114423565, c++, iotlab1, mult, 4
5840366.exe ,  1.43,  0.38,  0.36,  0.05,  0.00,   97606624,   93580000,    4024000,  114105633, c++, iotlab1, mult, 4
5840366.exe ,  1.45,  0.39,  0.36,  0.05,  0.00,   97793997,   94782000,    3024000,  114856281, c++, iotlab1, mult, 4
5840366.exe ,  1.45,  0.39,  0.36,  0.05,  0.00,   98237399,   90238000,    8021000,  115146768, c++, iotlab1, mult, 4
5840366.exe ,  1.43,  0.39,  0.36,  0.05,  0.00,   98760205,   96690000,    2014000,  115512491, c++, iotlab1, mult, 4
5840366.exe ,  1.45,  0.39,  0.36,  0.05,  0.00,   97885522,   94841000,    2994000,  114960804, c++, iotlab1, mult, 4
5840366.exe ,  1.46,  0.39,  0.36,  0.05,  0.00,   98894505,   95895000,    2996000,  115984402, c++, iotlab1, mult, 4
5840366.exe ,  1.47,  0.40,  0.36,  0.05,  0.00,   99590359,   93639000,    5976000,  116901504, c++, iotlab1, mult, 4
5842855.exe ,  1.54,  0.41,  0.38,  0.05,  0.00,  103379373,  102370000,    1003000,  119781080, c++, iotlab1, mult, 4
5842855.exe ,  1.54,  0.41,  0.38,  0.05,  0.00,  104672077,   99419000,    5021000,  121682001, c++, iotlab1, mult, 4
5842855.exe ,  1.55,  0.41,  0.38,  0.05,  0.00,  104115742,  100085000,    4003000,  121158002, c++, iotlab1, mult, 4
5842855.exe ,  1.52,  0.41,  0.38,  0.05,  0.00,  103395835,  101425000,    1988000,  120522624, c++, iotlab1, mult, 4
5842855.exe ,  1.52,  0.41,  0.38,  0.05,  0.00,  103264531,   97257000,    6015000,  120389543, c++, iotlab1, mult, 4
5842855.exe ,  1.57,  0.42,  0.38,  0.06,  0.00,  104687301,   93669000,   10961000,  121757209, c++, iotlab1, mult, 4
5842855.exe ,  1.53,  0.41,  0.38,  0.05,  0.00,  103694598,   97599000,    6037000,  120270281, c++, iotlab1, mult, 4
5842855.exe ,  1.60,  0.41,  0.38,  0.05,  0.00,  103997448,   96855000,    6989000,  121043125, c++, iotlab1, mult, 4
5842855.exe ,  1.58,  0.41,  0.38,  0.05,  0.00,  103901679,   90897000,   12985000,  120584312, c++, iotlab1, mult, 4
5842855.exe ,  1.53,  0.41,  0.38,  0.05,  0.00,  102789519,   93813000,    8982000,  119464428, c++, iotlab1, mult, 4
5879064.exe ,  1.46,  0.40,  0.37,  0.05,  0.00,  100407936,   95293000,    5015000,  117339578, c++, iotlab1, mult, 4
5879064.exe ,  1.45,  0.40,  0.36,  0.05,  0.00,   99610862,   93644000,    5977000,  116687314, c++, iotlab1, mult, 4
5879064.exe ,  1.45,  0.39,  0.36,  0.05,  0.00,   98938464,   95948000,    2998000,  115455845, c++, iotlab1, mult, 4
5879064.exe ,  1.44,  0.39,  0.36,  0.05,  0.00,   98837074,   97812000,    1008000,  115781814, c++, iotlab1, mult, 4
5879064.exe ,  1.46,  0.40,  0.37,  0.05,  0.00,  100005244,   97027000,    2970000,  117032011, c++, iotlab1, mult, 4
5879064.exe ,  1.46,  0.40,  0.37,  0.05,  0.00,  100818961,   94908000,    5931000,  118079833, c++, iotlab1, mult, 4
5879064.exe ,  1.46,  0.39,  0.36,  0.05,  0.00,   99014068,   95870000,    2995000,  116007529, c++, iotlab1, mult, 4
5879064.exe ,  1.45,  0.39,  0.36,  0.05,  0.00,   98738659,   92762000,    5984000,  114955366, c++, iotlab1, mult, 4
5879064.exe ,  1.45,  0.39,  0.36,  0.05,  0.00,   99205138,   94175000,    5009000,  116360618, c++, iotlab1, mult, 4
5879064.exe ,  1.45,  0.39,  0.36,  0.05,  0.00,   98478293,   94496000,    3978000,  115754149, c++, iotlab1, mult, 4
5879463.exe ,  0.71,  0.19,  0.17,  0.02,  0.00,   48080614,   46098000,    2004000,   64554233, c++, iotlab1, mult, 4
5879463.exe ,  0.71,  0.19,  0.17,  0.03,  0.00,   47697582,   44723000,    2981000,   64723560, c++, iotlab1, mult, 4
5879463.exe ,  0.71,  0.19,  0.17,  0.03,  0.00,   47994729,   45001000,    3000000,   64813411, c++, iotlab1, mult, 4
5879463.exe ,  0.77,  0.20,  0.18,  0.03,  0.00,   49762535,   45802000,    3982000,   66543170, c++, iotlab1, mult, 4
5879463.exe ,  0.71,  0.18,  0.17,  0.02,  0.00,   47259577,   42243000,    5028000,   64117876, c++, iotlab1, mult, 4
5879463.exe ,  0.69,  0.19,  0.17,  0.02,  0.00,   47636164,   45631000,    2028000,   64570984, c++, iotlab1, mult, 4
5879463.exe ,  0.70,  0.18,  0.17,  0.02,  0.00,   47199653,   45198000,    2008000,   63935932, c++, iotlab1, mult, 4
5879463.exe ,  0.72,  0.19,  0.17,  0.02,  0.00,   47927112,   46925000,    1020000,   64552574, c++, iotlab1, mult, 4
5879463.exe ,  0.70,  0.18,  0.17,  0.02,  0.00,   47432313,   45396000,    2017000,   64411737, c++, iotlab1, mult, 4
5879463.exe ,  0.70,  0.19,  0.17,  0.02,  0.00,   47333859,   45390000,    1973000,   64617407, c++, iotlab1, mult, 4
5885275.exe ,  0.74,  0.20,  0.19,  0.03,  0.00,   50094311,   48106000,    2004000,   67765328, c++, iotlab1, mult, 4
5885275.exe ,  0.73,  0.20,  0.18,  0.03,  0.00,   50085445,   47117000,    3007000,   66403161, c++, iotlab1, mult, 4
5885275.exe ,  0.75,  0.20,  0.18,  0.03,  0.00,   50321049,   47367000,    2960000,   66727742, c++, iotlab1, mult, 4
5885275.exe ,  0.76,  0.20,  0.19,  0.03,  0.00,   51490520,   47548000,    3962000,   68837881, c++, iotlab1, mult, 4
5885275.exe ,  0.73,  0.19,  0.18,  0.03,  0.00,   49784523,   48770000,    1016000,   67027333, c++, iotlab1, mult, 4
5885275.exe ,  0.75,  0.20,  0.18,  0.03,  0.00,   50161764,   47120000,    3007000,   66894557, c++, iotlab1, mult, 4
5885275.exe ,  0.74,  0.20,  0.18,  0.03,  0.00,   50408990,   47474000,    2967000,   67473110, c++, iotlab1, mult, 4
5885275.exe ,  0.74,  0.20,  0.18,  0.03,  0.00,   49984401,   44951000,    4994000,   66881983, c++, iotlab1, mult, 4
5885275.exe ,  0.74,  0.20,  0.18,  0.03,  0.00,   50148896,   48132000,    2005000,   67467124, c++, iotlab1, mult, 4
5885275.exe ,  0.75,  0.20,  0.18,  0.03,  0.00,   50377673,   48413000,    1976000,   67557414, c++, iotlab1, mult, 4
6024175.exe ,  0.71,  0.19,  0.17,  0.03,  0.00,   47566493,   44522000,    2968000,   63606612, c++, iotlab1, mult, 4
6024175.exe ,  0.71,  0.19,  0.17,  0.03,  0.00,   47403178,   46372000,     986000,   64232867, c++, iotlab1, mult, 4
6024175.exe ,  0.71,  0.19,  0.17,  0.03,  0.00,   47557499,   44532000,    3036000,   64086321, c++, iotlab1, mult, 4
6024175.exe ,  0.71,  0.19,  0.17,  0.02,  0.00,   47855683,   44864000,    2990000,   64239067, c++, iotlab1, mult, 4
6024175.exe ,  0.71,  0.19,  0.17,  0.03,  0.00,   48153301,   45043000,    3002000,   65170447, c++, iotlab1, mult, 4
6024175.exe ,  0.71,  0.19,  0.17,  0.02,  0.00,   47854181,   42977000,    4883000,   65097526, c++, iotlab1, mult, 4
6024175.exe ,  0.71,  0.19,  0.17,  0.03,  0.00,   47488660,   42433000,    4934000,   64319769, c++, iotlab1, mult, 4
6024175.exe ,  0.71,  0.19,  0.17,  0.03,  0.00,   47646205,   44674000,    2978000,   64304205, c++, iotlab1, mult, 4
6024175.exe ,  0.69,  0.18,  0.17,  0.03,  0.00,   47536941,   46476000,    1010000,   64328710, c++, iotlab1, mult, 4
6024175.exe ,  0.69,  0.18,  0.17,  0.02,  0.00,   47500054,   45457000,    2020000,   63909911, c++, iotlab1, mult, 4
6024714.exe ,  2.63,  0.70,  0.65,  0.11,  0.00,  176514151,  167472000,    9025000,  192952258, c++, iotlab1, mult, 4
6024714.exe ,  2.68,  0.71,  0.65,  0.11,  0.00,  178998486,  169874000,    8993000,  195846261, c++, iotlab1, mult, 4
6024714.exe ,  2.64,  0.70,  0.64,  0.11,  0.00,  176257669,  170282000,    5974000,  193543773, c++, iotlab1, mult, 4
6024714.exe ,  2.64,  0.70,  0.65,  0.11,  0.00,  176938502,  171924000,    5027000,  193790544, c++, iotlab1, mult, 4
6024714.exe ,  2.69,  0.71,  0.66,  0.11,  0.00,  179467536,  173351000,    5977000,  196697091, c++, iotlab1, mult, 4
6024714.exe ,  2.64,  0.70,  0.64,  0.11,  0.00,  176658587,  168675000,    7984000,  193954630, c++, iotlab1, mult, 4
6024714.exe ,  2.63,  0.70,  0.65,  0.11,  0.00,  176821866,  169788000,    7032000,  193705718, c++, iotlab1, mult, 4
6024714.exe ,  2.71,  0.69,  0.64,  0.11,  0.00,  175390536,  168369000,    7015000,  192155032, c++, iotlab1, mult, 4
6024714.exe ,  2.68,  0.71,  0.65,  0.11,  0.00,  177862167,  166772000,   11051000,  194410032, c++, iotlab1, mult, 4
6024714.exe ,  2.65,  0.70,  0.64,  0.11,  0.00,  176282249,  170247000,    6008000,  193369722, c++, iotlab1, mult, 4
6028032.exe ,  1.45,  0.40,  0.37,  0.05,  0.00,   97992645,   94963000,    2998000,  115830324, c++, iotlab1, mult, 4
6028032.exe ,  1.47,  0.39,  0.36,  0.05,  0.00,  101381560,   99378000,    2007000,  119303819, c++, iotlab1, mult, 4
6028032.exe ,  1.45,  0.39,  0.36,  0.05,  0.00,   98673652,   95652000,    3020000,  115362746, c++, iotlab1, mult, 4
6028032.exe ,  1.47,  0.39,  0.36,  0.05,  0.00,   98907281,   96827000,    1996000,  115269019, c++, iotlab1, mult, 4
6028032.exe ,  1.45,  0.39,  0.36,  0.05,  0.00,   98247376,   96232000,    2004000,  115274519, c++, iotlab1, mult, 4
6028032.exe ,  1.45,  0.39,  0.36,  0.05,  0.00,   98559164,   96530000,    2011000,  115205873, c++, iotlab1, mult, 4
6028032.exe ,  1.46,  0.39,  0.36,  0.05,  0.00,   98999280,   97009000,    2000000,  115388718, c++, iotlab1, mult, 4
6028032.exe ,  1.46,  0.39,  0.36,  0.05,  0.00,   99376189,   94338000,    5017000,  116043644, c++, iotlab1, mult, 4
6028032.exe ,  1.47,  0.39,  0.36,  0.05,  0.00,   98158174,   95161000,    3005000,  115309644, c++, iotlab1, mult, 4
6028032.exe ,  1.47,  0.39,  0.36,  0.05,  0.00,   98641494,   96637000,    2013000,  115316717, c++, iotlab1, mult, 4
6049676.exe ,  1.47,  0.39,  0.36,  0.05,  0.00,   99236096,   95212000,    4008000,  116215934, c++, iotlab1, mult, 4
6049676.exe ,  1.48,  0.39,  0.36,  0.05,  0.00,   99389836,   94352000,    5018000,  116266893, c++, iotlab1, mult, 4
6049676.exe ,  1.47,  0.39,  0.36,  0.05,  0.00,   99418937,   96418000,    3013000,  116269576, c++, iotlab1, mult, 4
6049676.exe ,  1.47,  0.39,  0.36,  0.05,  0.00,   98859452,   95860000,    2995000,  115829753, c++, iotlab1, mult, 4
6049676.exe ,  1.47,  0.39,  0.36,  0.05,  0.00,   98854823,   97848000,     998000,  115891719, c++, iotlab1, mult, 4
6049676.exe ,  1.48,  0.39,  0.36,  0.05,  0.00,   98650074,   96648000,    2013000,  115215192, c++, iotlab1, mult, 4
6049676.exe ,  1.56,  0.40,  0.37,  0.05,  0.00,  100540913,   96514000,    4021000,  117167072, c++, iotlab1, mult, 4
6049676.exe ,  1.46,  0.39,  0.36,  0.05,  0.00,   99073715,   97048000,    2021000,  115951689, c++, iotlab1, mult, 4
6049676.exe ,  1.47,  0.39,  0.36,  0.05,  0.00,   99102774,   92905000,    5993000,  116008826, c++, iotlab1, mult, 4
6049676.exe ,  1.48,  0.40,  0.36,  0.05,  0.00,   99770517,   95743000,    3989000,  116719729, c++, iotlab1, mult, 4
6068580.exe ,  1.44,  0.38,  0.36,  0.05,  0.00,   97687983,   95679000,    1993000,  114336858, c++, iotlab1, mult, 4
6068580.exe ,  1.45,  0.39,  0.36,  0.05,  0.00,   98138379,   97126000,    1001000,  114759633, c++, iotlab1, mult, 4
6068580.exe ,  1.45,  0.39,  0.36,  0.05,  0.00,   97370309,   94364000,    3011000,  113757352, c++, iotlab1, mult, 4
6068580.exe ,  1.45,  0.39,  0.35,  0.05,  0.00,   97460707,   94492000,    2983000,  114150064, c++, iotlab1, mult, 4
6068580.exe ,  1.43,  0.38,  0.36,  0.05,  0.00,   97275506,   95262000,    2005000,  113480407, c++, iotlab1, mult, 4
6068580.exe ,  1.45,  0.39,  0.36,  0.05,  0.00,   97815848,   94831000,    2994000,  114407039, c++, iotlab1, mult, 4
6068580.exe ,  1.44,  0.39,  0.36,  0.05,  0.00,   97777068,   94706000,    2990000,  114684336, c++, iotlab1, mult, 4
6068580.exe ,  1.45,  0.39,  0.36,  0.05,  0.00,   97717167,   96670000,    1006000,  114073412, c++, iotlab1, mult, 4
6068580.exe ,  1.45,  0.39,  0.35,  0.05,  0.00,   97133577,   94129000,    3004000,  113660785, c++, iotlab1, mult, 4
6068580.exe ,  1.46,  0.39,  0.36,  0.05,  0.00,   98847114,   95855000,    2995000,  115691008, c++, iotlab1, mult, 4
6073943.exe ,  1.48,  0.40,  0.37,  0.05,  0.00,  102284914,   98266000,    4010000,  119205612, c++, iotlab1, mult, 4
6073943.exe ,  1.48,  0.40,  0.37,  0.05,  0.00,  101798150,   97749000,    3989000,  118833005, c++, iotlab1, mult, 4
6073943.exe ,  1.47,  0.40,  0.37,  0.05,  0.00,  100355193,   96348000,    4014000,  117236814, c++, iotlab1, mult, 4
6073943.exe ,  1.46,  0.39,  0.36,  0.05,  0.00,   98980373,   94986000,    3999000,  115537491, c++, iotlab1, mult, 4
6073943.exe ,  1.48,  0.40,  0.36,  0.05,  0.00,   99876758,   96845000,    3026000,  118598476, c++, iotlab1, mult, 4
6073943.exe ,  1.46,  0.39,  0.36,  0.05,  0.00,   98998101,   94913000,    4038000,  115849485, c++, iotlab1, mult, 4
6073943.exe ,  1.46,  0.39,  0.36,  0.05,  0.00,   99391903,   96371000,    3011000,  116597971, c++, iotlab1, mult, 4
6073943.exe ,  1.47,  0.40,  0.37,  0.05,  0.00,  100004929,   98007000,    2000000,  116249920, c++, iotlab1, mult, 4
6073943.exe ,  1.47,  0.40,  0.37,  0.05,  0.00,   99982939,   95933000,    3997000,  116552961, c++, iotlab1, mult, 4
6073943.exe ,  1.47,  0.40,  0.36,  0.05,  0.00,   99760032,   96738000,    3023000,  116597156, c++, iotlab1, mult, 4
6077826.exe ,  1.42,  0.38,  0.35,  0.05,  0.00,   96657908,   94652000,    1992000,  113477090, c++, iotlab1, mult, 4
6077826.exe ,  1.42,  0.38,  0.35,  0.05,  0.00,   96760579,   94712000,    2015000,  113799363, c++, iotlab1, mult, 4
6077826.exe ,  1.42,  0.39,  0.36,  0.05,  0.00,   96652038,   95666000,     996000,  113759196, c++, iotlab1, mult, 4
6077826.exe ,  1.43,  0.38,  0.36,  0.05,  0.00,   97358687,   93421000,    3975000,  114131985, c++, iotlab1, mult, 4
6077826.exe ,  1.43,  0.39,  0.36,  0.05,  0.00,   97435793,   95387000,    2008000,  114519568, c++, iotlab1, mult, 4
6077826.exe ,  1.41,  0.38,  0.36,  0.05,  0.00,   97750024,   93746000,    3989000,  115352247, c++, iotlab1, mult, 4
6077826.exe ,  1.44,  0.38,  0.35,  0.05,  0.00,   96903637,   92863000,    3994000,  113487968, c++, iotlab1, mult, 4
6077826.exe ,  1.43,  0.38,  0.35,  0.05,  0.00,   96832479,   92799000,    3948000,  112761168, c++, iotlab1, mult, 4
6077826.exe ,  1.42,  0.38,  0.35,  0.05,  0.00,   96329931,   93333000,    3010000,  113458313, c++, iotlab1, mult, 4
6077826.exe ,  1.42,  0.38,  0.35,  0.05,  0.00,   96214398,   94213000,    2004000,  112950866, c++, iotlab1, mult, 4
6082113.exe ,  0.88,  0.24,  0.22,  0.03,  0.00,   59550259,   58546000,    1009000,   76397221, c++, iotlab1, mult, 4
6082113.exe ,  0.88,  0.23,  0.22,  0.03,  0.00,   59461257,   55417000,    4030000,   76335406, c++, iotlab1, mult, 4
6082113.exe ,  0.88,  0.23,  0.21,  0.03,  0.00,   59125720,   57124000,    2004000,   76070969, c++, iotlab1, mult, 4
6082113.exe ,  0.93,  0.24,  0.22,  0.03,  0.00,   59754502,   55800000,    3985000,   76672480, c++, iotlab1, mult, 4
6082113.exe ,  0.92,  0.24,  0.22,  0.03,  0.00,   60533506,   57491000,    3025000,   77069925, c++, iotlab1, mult, 4
6082113.exe ,  0.89,  0.23,  0.22,  0.03,  0.00,   59448769,   56482000,    2972000,   76444006, c++, iotlab1, mult, 4
6082113.exe ,  0.89,  0.24,  0.22,  0.03,  0.00,   59961003,   56859000,    2992000,   76739437, c++, iotlab1, mult, 4
6082113.exe ,  0.88,  0.23,  0.22,  0.03,  0.00,   59882137,   57897000,    1996000,   76770470, c++, iotlab1, mult, 4
6082113.exe ,  0.88,  0.23,  0.22,  0.03,  0.00,   59441696,   55486000,    3963000,   75980873, c++, iotlab1, mult, 4
6082113.exe ,  0.91,  0.24,  0.22,  0.03,  0.00,   60616552,   56646000,    3975000,   76244641, c++, iotlab1, mult, 4
6124881.exe ,  0.71,  0.19,  0.17,  0.03,  0.00,   47470195,   47454000,          0,   64380650, c++, iotlab1, mult, 4
6124881.exe ,  0.71,  0.19,  0.18,  0.03,  0.00,   47979226,   43101000,    4897000,   65104741, c++, iotlab1, mult, 4
6124881.exe ,  0.70,  0.19,  0.17,  0.03,  0.00,   47614417,   44595000,    3040000,   64115648, c++, iotlab1, mult, 4
6124881.exe ,  0.70,  0.19,  0.17,  0.02,  0.00,   47227765,   45229000,    2010000,   64322774, c++, iotlab1, mult, 4
6124881.exe ,  0.70,  0.19,  0.17,  0.02,  0.00,   47165232,   46170000,    1003000,   64653748, c++, iotlab1, mult, 4
6124881.exe ,  0.71,  0.19,  0.18,  0.03,  0.00,   48154133,   45126000,    3008000,   65113658, c++, iotlab1, mult, 4
6124881.exe ,  0.69,  0.18,  0.17,  0.02,  0.00,   47475228,   45510000,    1978000,   64889180, c++, iotlab1, mult, 4
6124881.exe ,  0.70,  0.19,  0.17,  0.02,  0.00,   47365396,   45360000,    2016000,   64526388, c++, iotlab1, mult, 4
6124881.exe ,  0.71,  0.19,  0.17,  0.02,  0.00,   47923717,   44936000,    2995000,   65326328, c++, iotlab1, mult, 4
6124881.exe ,  0.70,  0.19,  0.18,  0.03,  0.00,   48441897,   44458000,    3951000,   65466374, c++, iotlab1, mult, 4
6178134.exe ,  1.43,  0.39,  0.36,  0.05,  0.00,   98061614,   96076000,    2001000,  115624129, c++, iotlab1, mult, 4
6178134.exe ,  1.43,  0.39,  0.36,  0.05,  0.00,   97512223,   94489000,    3015000,  114344064, c++, iotlab1, mult, 4
6178134.exe ,  1.44,  0.39,  0.36,  0.05,  0.00,   97300500,   94341000,    2979000,  113967444, c++, iotlab1, mult, 4
6178134.exe ,  1.43,  0.38,  0.35,  0.05,  0.00,   97079618,   96065000,    1000000,  114097013, c++, iotlab1, mult, 4
6178134.exe ,  1.43,  0.38,  0.36,  0.05,  0.00,   97790848,   95800000,    1995000,  114778925, c++, iotlab1, mult, 4
6178134.exe ,  1.43,  0.38,  0.36,  0.05,  0.00,   97802388,   95812000,    1996000,  114833659, c++, iotlab1, mult, 4
6178134.exe ,  1.43,  0.38,  0.36,  0.05,  0.00,   97377169,   95401000,    1987000,  114084790, c++, iotlab1, mult, 4
6178134.exe ,  1.44,  0.38,  0.35,  0.05,  0.00,   96690951,   93712000,    2990000,  113968546, c++, iotlab1, mult, 4
6178134.exe ,  1.44,  0.39,  0.36,  0.05,  0.00,   97812090,   94829000,    2994000,  114990350, c++, iotlab1, mult, 4
6178134.exe ,  1.44,  0.38,  0.35,  0.05,  0.00,   96749240,   93764000,    2992000,  113591021, c++, iotlab1, mult, 4
6322015.exe ,  1.42,  0.38,  0.36,  0.05,  0.00,   97291417,   95295000,    2006000,  114792109, c++, iotlab1, mult, 4
6322015.exe ,  1.45,  0.39,  0.36,  0.05,  0.00,   97786582,   95785000,    2016000,  114132653, c++, iotlab1, mult, 4
6322015.exe ,  1.44,  0.39,  0.36,  0.05,  0.00,   97208157,   95217000,    2004000,  113894086, c++, iotlab1, mult, 4
6322015.exe ,  1.44,  0.38,  0.36,  0.05,  0.00,   97455834,   94477000,    2983000,  113853094, c++, iotlab1, mult, 4
6322015.exe ,  1.46,  0.39,  0.36,  0.05,  0.00,   97509982,   93490000,    4021000,  113576869, c++, iotlab1, mult, 4
6322015.exe ,  1.50,  0.39,  0.36,  0.05,  0.00,   98147306,   96132000,    2002000,  114915168, c++, iotlab1, mult, 4
6322015.exe ,  1.45,  0.39,  0.36,  0.05,  0.00,   99435450,   99284000,          0,  116453774, c++, iotlab1, mult, 4
6322015.exe ,  1.44,  0.39,  0.36,  0.05,  0.00,   97235569,   95217000,    2004000,  114170855, c++, iotlab1, mult, 4
6322015.exe ,  1.44,  0.39,  0.36,  0.05,  0.00,   98489020,   96498000,    2010000,  115291153, c++, iotlab1, mult, 4
6322015.exe ,  1.43,  0.39,  0.36,  0.05,  0.00,   97715853,   95659000,    1992000,  114611586, c++, iotlab1, mult, 4
6467813.exe ,  0.92,  0.25,  0.23,  0.03,  0.00,   62231722,   61176000,    1002000,   78759059, c++, iotlab1, mult, 4
6467813.exe ,  0.93,  0.25,  0.23,  0.03,  0.00,   62358029,   60406000,    1980000,   79122265, c++, iotlab1, mult, 4
6467813.exe ,  0.91,  0.25,  0.23,  0.03,  0.00,   61899545,   59915000,    1997000,   78699997, c++, iotlab1, mult, 4
6467813.exe ,  0.91,  0.25,  0.23,  0.03,  0.00,   62166407,   60169000,    2005000,   79153450, c++, iotlab1, mult, 4
6467813.exe ,  0.91,  0.24,  0.23,  0.03,  0.00,   61996612,   61011000,    1000000,   78739997, c++, iotlab1, mult, 4
6467813.exe ,  0.90,  0.24,  0.23,  0.03,  0.00,   62027181,   59935000,    1997000,   79173401, c++, iotlab1, mult, 4
6467813.exe ,  0.91,  0.25,  0.23,  0.03,  0.00,   61957176,   59976000,    1999000,   78893198, c++, iotlab1, mult, 4
6467813.exe ,  0.92,  0.24,  0.22,  0.03,  0.00,   61495719,   59531000,    1984000,   78337181, c++, iotlab1, mult, 4
6467813.exe ,  0.93,  0.25,  0.23,  0.03,  0.00,   62304640,   58362000,    3956000,   78206953, c++, iotlab1, mult, 4
6467813.exe ,  0.91,  0.25,  0.23,  0.03,  0.00,   61668844,   60573000,    1009000,   78892638, c++, iotlab1, mult, 4
6487463.exe ,  1.45,  0.40,  0.37,  0.05,  0.00,  100454376,   95478000,    4972000,  116780767, c++, iotlab1, mult, 4
6487463.exe ,  1.46,  0.40,  0.36,  0.05,  0.00,   99362103,   96352000,    3011000,  115824507, c++, iotlab1, mult, 4
6487463.exe ,  1.45,  0.39,  0.36,  0.05,  0.00,   99066186,   96056000,    3001000,  115412755, c++, iotlab1, mult, 4
6487463.exe ,  1.46,  0.40,  0.37,  0.05,  0.00,  100456413,   97453000,    3014000,  117129061, c++, iotlab1, mult, 4
6487463.exe ,  1.44,  0.40,  0.37,  0.05,  0.00,  100540124,   97528000,    3016000,  116978071, c++, iotlab1, mult, 4
6487463.exe ,  1.45,  0.40,  0.36,  0.05,  0.00,   99906585,   96905000,    2997000,  117093672, c++, iotlab1, mult, 4
6487463.exe ,  1.46,  0.39,  0.36,  0.05,  0.00,   99204568,   94071000,    5003000,  116333087, c++, iotlab1, mult, 4
6487463.exe ,  1.46,  0.40,  0.36,  0.05,  0.00,   99387747,   94371000,    5019000,  116185949, c++, iotlab1, mult, 4
6487463.exe ,  1.44,  0.39,  0.36,  0.05,  0.00,   99223756,   95265000,    3969000,  116189340, c++, iotlab1, mult, 4
6487463.exe ,  1.44,  0.39,  0.36,  0.05,  0.00,   98063006,   95951000,    1998000,  114751285, c++, iotlab1, mult, 4
6585390.exe ,  0.75,  0.20,  0.19,  0.03,  0.00,   50847234,   49823000,    1016000,   67194748, c++, iotlab1, mult, 4
6585390.exe ,  0.75,  0.20,  0.19,  0.03,  0.00,   51152629,   48157000,    3009000,   68240706, c++, iotlab1, mult, 4
6585390.exe ,  0.75,  0.20,  0.19,  0.03,  0.00,   50784088,   48714000,    1988000,   67575387, c++, iotlab1, mult, 4
6585390.exe ,  0.77,  0.20,  0.19,  0.03,  0.00,   50999401,   48958000,    1998000,   67537412, c++, iotlab1, mult, 4
6585390.exe ,  0.75,  0.20,  0.19,  0.03,  0.00,   50777626,   46701000,    3974000,   67730402, c++, iotlab1, mult, 4
6585390.exe ,  0.75,  0.20,  0.19,  0.03,  0.00,   51486968,   49466000,    1978000,   68542300, c++, iotlab1, mult, 4
6585390.exe ,  0.76,  0.20,  0.19,  0.03,  0.00,   52058724,   51044000,    1020000,   69369060, c++, iotlab1, mult, 4
6585390.exe ,  0.74,  0.20,  0.19,  0.03,  0.00,   50673610,   48696000,    1987000,   67788229, c++, iotlab1, mult, 4
6585390.exe ,  0.74,  0.20,  0.19,  0.03,  0.00,   50816202,   49832000,     996000,   68100900, c++, iotlab1, mult, 4
6585390.exe ,  0.74,  0.20,  0.19,  0.03,  0.00,   50610990,   48592000,    2024000,   67580799, c++, iotlab1, mult, 4
6612008.exe ,  0.74,  0.20,  0.18,  0.03,  0.00,   49676699,   45700000,    3973000,   66573024, c++, iotlab1, mult, 4
6612008.exe ,  0.74,  0.20,  0.18,  0.03,  0.00,   49504286,   46536000,    2970000,   66800085, c++, iotlab1, mult, 4
6612008.exe ,  0.71,  0.19,  0.18,  0.03,  0.00,   48710097,   46713000,    2031000,   65293638, c++, iotlab1, mult, 4
6612008.exe ,  0.72,  0.19,  0.18,  0.03,  0.00,   48906000,   44931000,    3993000,   65990947, c++, iotlab1, mult, 4
6612008.exe ,  0.74,  0.19,  0.18,  0.03,  0.00,   48634138,   44590000,    4053000,   65511128, c++, iotlab1, mult, 4
6612008.exe ,  0.73,  0.19,  0.18,  0.03,  0.00,   48565135,   45540000,    3036000,   65504948, c++, iotlab1, mult, 4
6612008.exe ,  0.78,  0.20,  0.18,  0.03,  0.00,   50155132,   47215000,    2950000,   66600672, c++, iotlab1, mult, 4
6612008.exe ,  0.73,  0.19,  0.18,  0.03,  0.00,   48745740,   44750000,    3977000,   65889950, c++, iotlab1, mult, 4
6612008.exe ,  0.73,  0.19,  0.18,  0.03,  0.00,   49290615,   46172000,    3011000,   66257981, c++, iotlab1, mult, 4
6612008.exe ,  0.73,  0.19,  0.18,  0.03,  0.00,   48859836,   45799000,    3053000,   65131855, c++, iotlab1, mult, 4
6616216.exe ,  1.54,  0.41,  0.38,  0.05,  0.00,  104820456,   99832000,    4991000,  121873118, c++, iotlab1, mult, 4
6616216.exe ,  1.51,  0.41,  0.38,  0.05,  0.00,  102970204,   96921000,    6057000,  120147116, c++, iotlab1, mult, 4
6616216.exe ,  1.52,  0.41,  0.38,  0.05,  0.00,  103488314,   98453000,    5023000,  119968881, c++, iotlab1, mult, 4
6616216.exe ,  1.51,  0.41,  0.38,  0.05,  0.00,  103236807,   95158000,    8013000,  120214879, c++, iotlab1, mult, 4
6616216.exe ,  1.51,  0.41,  0.38,  0.05,  0.00,  103607789,   99574000,    3982000,  120491583, c++, iotlab1, mult, 4
6616216.exe ,  1.53,  0.41,  0.38,  0.05,  0.00,  103783661,   99677000,    3987000,  120954128, c++, iotlab1, mult, 4
6616216.exe ,  1.53,  0.41,  0.38,  0.05,  0.00,  104122008,  100115000,    4004000,  121083851, c++, iotlab1, mult, 4
6616216.exe ,  1.57,  0.42,  0.39,  0.06,  0.00,  105671245,  100682000,    4984000,  122919294, c++, iotlab1, mult, 4
6616216.exe ,  1.52,  0.41,  0.38,  0.05,  0.00,  103431447,   99362000,    4014000,  120495116, c++, iotlab1, mult, 4
6616216.exe ,  1.54,  0.41,  0.38,  0.05,  0.00,  104063107,  100003000,    4000000,  120826947, c++, iotlab1, mult, 4
6674693.exe ,  0.73,  0.20,  0.18,  0.03,  0.00,   48567345,   46587000,    1982000,   63862202, c++, iotlab1, mult, 4
6674693.exe ,  0.72,  0.19,  0.18,  0.03,  0.00,   48802462,   43725000,    5084000,   66021694, c++, iotlab1, mult, 4
6674693.exe ,  0.73,  0.19,  0.18,  0.03,  0.00,   49019122,   46915000,    1996000,   65488689, c++, iotlab1, mult, 4
6674693.exe ,  0.73,  0.19,  0.18,  0.03,  0.00,   48765976,   46720000,    1988000,   65757519, c++, iotlab1, mult, 4
6674693.exe ,  0.72,  0.19,  0.18,  0.03,  0.00,   48987545,   46946000,    1997000,   65723424, c++, iotlab1, mult, 4
6674693.exe ,  0.71,  0.19,  0.18,  0.03,  0.00,   48799863,   46773000,    2033000,   65611981, c++, iotlab1, mult, 4
6674693.exe ,  0.72,  0.19,  0.18,  0.03,  0.00,   48930009,   46950000,    1997000,   65871505, c++, iotlab1, mult, 4
6674693.exe ,  0.72,  0.19,  0.18,  0.03,  0.00,   49027115,   48079000,     981000,   66423211, c++, iotlab1, mult, 4
6674693.exe ,  0.71,  0.19,  0.18,  0.03,  0.00,   48815409,   46837000,    1993000,   65391488, c++, iotlab1, mult, 4
6674693.exe ,  0.72,  0.19,  0.18,  0.03,  0.00,   48974385,   46944000,    2041000,   65799698, c++, iotlab1, mult, 4
6808918.exe ,  1.48,  0.40,  0.37,  0.05,  0.00,  100348456,   97309000,    3009000,  116399830, c++, iotlab1, mult, 4
6808918.exe ,  1.48,  0.40,  0.37,  0.05,  0.00,  100089179,   95016000,    5000000,  116464935, c++, iotlab1, mult, 4
6808918.exe ,  1.49,  0.40,  0.36,  0.05,  0.00,   99866309,   96915000,    2966000,  116151048, c++, iotlab1, mult, 4
6808918.exe ,  1.50,  0.40,  0.37,  0.05,  0.00,  101334069,   98300000,    3009000,  117696266, c++, iotlab1, mult, 4
6808918.exe ,  1.46,  0.40,  0.37,  0.05,  0.00,  100046730,   97945000,    1998000,  116786020, c++, iotlab1, mult, 4
6808918.exe ,  1.48,  0.39,  0.37,  0.05,  0.00,  100299367,   98237000,    2004000,  116869409, c++, iotlab1, mult, 4
6808918.exe ,  1.47,  0.39,  0.36,  0.05,  0.00,   99966077,   97978000,    1999000,  116859918, c++, iotlab1, mult, 4
6808918.exe ,  1.49,  0.40,  0.37,  0.05,  0.00,  100460094,   97460000,    2983000,  117163669, c++, iotlab1, mult, 4
6808918.exe ,  1.48,  0.40,  0.37,  0.05,  0.00,  101119968,   98119000,    3003000,  117767369, c++, iotlab1, mult, 4
6808918.exe ,  1.48,  0.40,  0.37,  0.05,  0.00,  101310395,   98207000,    3006000,  117554191, c++, iotlab1, mult, 4
6818440.exe ,  1.42,  0.38,  0.36,  0.05,  0.00,   97693499,   93709000,    3987000,  114216713, c++, iotlab1, mult, 4
6818440.exe ,  1.46,  0.39,  0.36,  0.05,  0.00,   98780920,   94740000,    3989000,  115214879, c++, iotlab1, mult, 4
6818440.exe ,  1.46,  0.39,  0.36,  0.05,  0.00,   97512991,   96434000,     994000,  114347327, c++, iotlab1, mult, 4
6818440.exe ,  1.43,  0.38,  0.35,  0.05,  0.00,   97076929,   95025000,    2000000,  114199442, c++, iotlab1, mult, 4
6818440.exe ,  1.43,  0.38,  0.35,  0.05,  0.00,   97163965,   93093000,    4004000,  114147359, c++, iotlab1, mult, 4
6818440.exe ,  1.45,  0.39,  0.36,  0.05,  0.00,   98681002,   96692000,    1993000,  115602032, c++, iotlab1, mult, 4
6818440.exe ,  1.44,  0.38,  0.35,  0.05,  0.00,   97104949,   96027000,    1000000,  113980051, c++, iotlab1, mult, 4
6818440.exe ,  1.43,  0.38,  0.35,  0.05,  0.00,   96998285,   95925000,     999000,  114236219, c++, iotlab1, mult, 4
6818440.exe ,  1.46,  0.39,  0.36,  0.05,  0.00,   99138249,   96097000,    3003000,  116094039, c++, iotlab1, mult, 4
6818440.exe ,  1.47,  0.39,  0.36,  0.05,  0.00,   99268784,   97016000,    2000000,  116181578, c++, iotlab1, mult, 4
6888530.exe ,  1.81,  0.48,  0.44,  0.07,  0.00,  120414009,  114104000,    5953000,  136885683, c++, iotlab1, mult, 4
6888530.exe ,  1.78,  0.47,  0.44,  0.07,  0.00,  119726414,  111748000,    7982000,  136149677, c++, iotlab1, mult, 4
6888530.exe ,  1.77,  0.47,  0.43,  0.07,  0.00,  118330855,  111293000,    7018000,  135097532, c++, iotlab1, mult, 4
6888530.exe ,  1.76,  0.47,  0.44,  0.07,  0.00,  119307937,  108379000,   10937000,  135987838, c++, iotlab1, mult, 4
6888530.exe ,  1.79,  0.48,  0.44,  0.07,  0.00,  119716394,  114642000,    4984000,  136851424, c++, iotlab1, mult, 4
6888530.exe ,  1.78,  0.47,  0.43,  0.07,  0.00,  118573809,  105613000,   12952000,  135552993, c++, iotlab1, mult, 4
6888530.exe ,  1.75,  0.46,  0.43,  0.07,  0.00,  117856298,  109637000,    8046000,  134372836, c++, iotlab1, mult, 4
6888530.exe ,  1.77,  0.47,  0.43,  0.07,  0.00,  118033047,  109023000,    9001000,  134675897, c++, iotlab1, mult, 4
6888530.exe ,  1.77,  0.47,  0.44,  0.07,  0.00,  119269491,  112245000,    7015000,  136118715, c++, iotlab1, mult, 4
6888530.exe ,  1.78,  0.47,  0.44,  0.07,  0.00,  118751461,  107612000,   11063000,  135735144, c++, iotlab1, mult, 4
6890460.exe ,  0.82,  0.22,  0.20,  0.03,  0.00,   55494384,   45576000,    9907000,   72511218, c++, iotlab1, mult, 4
6890460.exe ,  0.82,  0.22,  0.20,  0.03,  0.00,   55581460,   45623000,    9918000,   72820051, c++, iotlab1, mult, 4
6890460.exe ,  0.84,  0.22,  0.20,  0.03,  0.00,   55698014,   48629000,    7091000,   72495612, c++, iotlab1, mult, 4
6890460.exe ,  0.83,  0.23,  0.21,  0.03,  0.00,   54734590,   43733000,   10933000,   72886816, c++, iotlab1, mult, 4
6890460.exe ,  0.82,  0.22,  0.20,  0.03,  0.00,   55722734,   45777000,    9951000,   72360078, c++, iotlab1, mult, 4
6890460.exe ,  0.83,  0.22,  0.20,  0.03,  0.00,   55770143,   50702000,    4970000,   72477722, c++, iotlab1, mult, 4
6890460.exe ,  0.83,  0.22,  0.20,  0.03,  0.00,   56043053,   45862000,   10191000,   72945849, c++, iotlab1, mult, 4
6890460.exe ,  0.84,  0.22,  0.20,  0.03,  0.00,   55704588,   47706000,    7951000,   72690036, c++, iotlab1, mult, 4
6890460.exe ,  0.83,  0.22,  0.20,  0.03,  0.00,   55725817,   52686000,    3039000,   72496037, c++, iotlab1, mult, 4
6890460.exe ,  0.84,  0.22,  0.20,  0.03,  0.00,   55557379,   49501000,    6061000,   72694902, c++, iotlab1, mult, 4
719640.exe  ,  1.92,  0.51,  0.47,  0.08,  0.00,  129363521,  122331000,    7018000,  146207651, c++, iotlab1, mult, 4
719640.exe  ,  1.92,  0.51,  0.47,  0.08,  0.00,  129162848,  125154000,    4004000,  146430831, c++, iotlab1, mult, 4
719640.exe  ,  1.93,  0.51,  0.47,  0.08,  0.00,  129654240,  123666000,    5983000,  146256772, c++, iotlab1, mult, 4
719640.exe  ,  1.91,  0.51,  0.47,  0.08,  0.00,  128690996,  124643000,    4020000,  145771215, c++, iotlab1, mult, 4
719640.exe  ,  1.91,  0.51,  0.47,  0.08,  0.00,  128482722,  119418000,    9031000,  145498324, c++, iotlab1, mult, 4
719640.exe  ,  1.95,  0.51,  0.47,  0.08,  0.00,  133310873,  127237000,    6011000,  150102539, c++, iotlab1, mult, 4
719640.exe  ,  1.92,  0.51,  0.47,  0.08,  0.00,  129627374,  126578000,    3013000,  146841398, c++, iotlab1, mult, 4
719640.exe  ,  1.93,  0.51,  0.47,  0.08,  0.00,  129170741,  121154000,    8010000,  146315235, c++, iotlab1, mult, 4
719640.exe  ,  1.93,  0.51,  0.47,  0.08,  0.00,  128397556,  122360000,    6017000,  145509209, c++, iotlab1, mult, 4
719640.exe  ,  1.91,  0.51,  0.47,  0.08,  0.00,  128078413,  125019000,    3000000,  144753540, c++, iotlab1, mult, 4
736324.exe  ,  1.48,  0.40,  0.37,  0.05,  0.00,  100218796,   97248000,    2977000,  116878563, c++, iotlab1, mult, 4
736324.exe  ,  1.45,  0.39,  0.36,  0.05,  0.00,   98273978,   96281000,    2005000,  115571115, c++, iotlab1, mult, 4
736324.exe  ,  1.48,  0.40,  0.37,  0.05,  0.00,  100335969,   99268000,    1002000,  116802391, c++, iotlab1, mult, 4
736324.exe  ,  1.44,  0.39,  0.36,  0.05,  0.00,   98371026,   95392000,    2981000,  115499189, c++, iotlab1, mult, 4
736324.exe  ,  1.43,  0.38,  0.36,  0.05,  0.00,   97873868,   95871000,    1997000,  115257946, c++, iotlab1, mult, 4
736324.exe  ,  1.46,  0.39,  0.36,  0.05,  0.00,   98175260,   97190000,    1001000,  114725784, c++, iotlab1, mult, 4
736324.exe  ,  1.45,  0.38,  0.36,  0.05,  0.00,   97467589,   94380000,    3012000,  113408867, c++, iotlab1, mult, 4
736324.exe  ,  1.46,  0.39,  0.36,  0.05,  0.00,   98030437,   95027000,    3000000,  114917444, c++, iotlab1, mult, 4
736324.exe  ,  1.43,  0.38,  0.36,  0.05,  0.00,   97434776,   94357000,    2979000,  114640150, c++, iotlab1, mult, 4
736324.exe  ,  1.45,  0.39,  0.36,  0.05,  0.00,   97764473,   95682000,    1993000,  114771705, c++, iotlab1, mult, 4
7398850.exe ,  1.47,  0.40,  0.37,  0.05,  0.00,   99763642,   94619000,    5032000,  116273621, c++, iotlab1, mult, 4
7398850.exe ,  1.48,  0.40,  0.37,  0.05,  0.00,  101151371,   98152000,    3004000,  118380427, c++, iotlab1, mult, 4
7398850.exe ,  1.46,  0.39,  0.37,  0.05,  0.00,   99316438,   95308000,    4012000,  116569562, c++, iotlab1, mult, 4
7398850.exe ,  1.47,  0.40,  0.37,  0.05,  0.00,   99800841,   96708000,    2990000,  116870506, c++, iotlab1, mult, 4
7398850.exe ,  1.49,  0.40,  0.37,  0.05,  0.00,  100768818,   94861000,    5928000,  117895731, c++, iotlab1, mult, 4
7398850.exe ,  1.53,  0.40,  0.37,  0.05,  0.00,  101472298,  100354000,    1003000,  118419850, c++, iotlab1, mult, 4
7398850.exe ,  1.50,  0.40,  0.37,  0.05,  0.00,  102030448,   98967000,    2999000,  118743586, c++, iotlab1, mult, 4
7398850.exe ,  1.48,  0.40,  0.37,  0.05,  0.00,  101085672,   97064000,    4002000,  118124719, c++, iotlab1, mult, 4
7398850.exe ,  1.47,  0.40,  0.37,  0.05,  0.00,  101624212,   98633000,    2988000,  119013125, c++, iotlab1, mult, 4
7398850.exe ,  1.47,  0.40,  0.37,  0.05,  0.00,  100912676,   97792000,    2993000,  117512949, c++, iotlab1, mult, 4
772253.exe  ,  1.74,  0.46,  0.42,  0.07,  0.00,  115251780,  108238000,    7015000,  132301058, c++, iotlab1, mult, 4
772253.exe  ,  1.72,  0.45,  0.42,  0.07,  0.00,  114414459,  103383000,   11040000,  131036125, c++, iotlab1, mult, 4
772253.exe  ,  1.73,  0.46,  0.42,  0.07,  0.00,  115191891,  106183000,    9015000,  132517754, c++, iotlab1, mult, 4
772253.exe  ,  1.72,  0.46,  0.42,  0.07,  0.00,  115171713,  104246000,   10921000,  132093560, c++, iotlab1, mult, 4
772253.exe  ,  1.72,  0.46,  0.42,  0.07,  0.00,  115136531,  112073000,    3001000,  132308830, c++, iotlab1, mult, 4
772253.exe  ,  1.70,  0.45,  0.42,  0.07,  0.00,  114754683,  107710000,    6981000,  131529979, c++, iotlab1, mult, 4
772253.exe  ,  1.76,  0.46,  0.42,  0.07,  0.00,  115736622,  110694000,    5031000,  132572887, c++, iotlab1, mult, 4
772253.exe  ,  1.77,  0.46,  0.42,  0.07,  0.00,  115478252,  110433000,    5019000,  132319605, c++, iotlab1, mult, 4
772253.exe  ,  1.71,  0.45,  0.42,  0.07,  0.00,  114862233,  105860000,    8988000,  131622151, c++, iotlab1, mult, 4
772253.exe  ,  1.74,  0.45,  0.42,  0.07,  0.00,  115240139,  109016000,    6000000,  131567426, c++, iotlab1, mult, 4
7740449.exe ,  0.83,  0.22,  0.20,  0.03,  0.00,   55552042,   47442000,    8075000,   72546096, c++, iotlab1, mult, 4
7740449.exe ,  0.80,  0.21,  0.20,  0.03,  0.00,   54685849,   47698000,    6956000,   71578458, c++, iotlab1, mult, 4
7740449.exe ,  0.82,  0.22,  0.20,  0.03,  0.00,   55141820,   48033000,    7004000,   71987579, c++, iotlab1, mult, 4
7740449.exe ,  0.82,  0.22,  0.20,  0.03,  0.00,   55202095,   47158000,    8027000,   72356477, c++, iotlab1, mult, 4
7740449.exe ,  0.80,  0.21,  0.20,  0.03,  0.00,   54582442,   46559000,    7924000,   71286813, c++, iotlab1, mult, 4
7740449.exe ,  0.81,  0.22,  0.20,  0.03,  0.00,   55798809,   47830000,    7971000,   72710180, c++, iotlab1, mult, 4
7740449.exe ,  0.82,  0.22,  0.20,  0.03,  0.00,   54889062,   49858000,    4985000,   72055768, c++, iotlab1, mult, 4
7740449.exe ,  0.83,  0.22,  0.20,  0.03,  0.00,   55309939,   52281000,    3016000,   72257363, c++, iotlab1, mult, 4
7740449.exe ,  0.81,  0.22,  0.20,  0.03,  0.00,   55054208,   48053000,    7007000,   72057910, c++, iotlab1, mult, 4
7740449.exe ,  0.83,  0.22,  0.20,  0.03,  0.00,   55285935,   50256000,    5025000,   72382032, c++, iotlab1, mult, 4
7765486.exe ,  0.73,  0.19,  0.18,  0.03,  0.00,   48150553,   47152000,    1003000,   64863035, c++, iotlab1, mult, 4
7765486.exe ,  0.72,  0.19,  0.17,  0.03,  0.00,   47850838,   45817000,    2036000,   64306572, c++, iotlab1, mult, 4
7765486.exe ,  0.72,  0.19,  0.17,  0.02,  0.00,   48124247,   46128000,    2005000,   64765150, c++, iotlab1, mult, 4
7765486.exe ,  0.73,  0.19,  0.17,  0.03,  0.00,   47937136,   45952000,    1997000,   64828195, c++, iotlab1, mult, 4
7765486.exe ,  0.72,  0.19,  0.18,  0.03,  0.00,   48024969,   45976000,    2043000,   64797921, c++, iotlab1, mult, 4
7765486.exe ,  0.71,  0.19,  0.18,  0.03,  0.00,   48113837,   46120000,    2005000,   65204265, c++, iotlab1, mult, 4
7765486.exe ,  0.70,  0.19,  0.17,  0.02,  0.00,   47743373,   46733000,    1015000,   64490768, c++, iotlab1, mult, 4
7765486.exe ,  0.70,  0.19,  0.17,  0.03,  0.00,   47635125,   45657000,    1985000,   64069913, c++, iotlab1, mult, 4
7765486.exe ,  0.71,  0.19,  0.18,  0.02,  0.00,   48484197,   46478000,    2020000,   65323773, c++, iotlab1, mult, 4
7765486.exe ,  0.72,  0.19,  0.18,  0.03,  0.00,   48774187,   43811000,    4978000,   65331591, c++, iotlab1, mult, 4
8036296.exe ,  1.49,  0.40,  0.37,  0.05,  0.00,  100567258,   97535000,    2985000,  117728489, c++, iotlab1, mult, 4
8036296.exe ,  1.46,  0.39,  0.36,  0.05,  0.00,   99746247,   98769000,    1007000,  116438373, c++, iotlab1, mult, 4
8036296.exe ,  1.48,  0.40,  0.37,  0.05,  0.00,  100433073,   97355000,    2980000,  117346484, c++, iotlab1, mult, 4
8036296.exe ,  1.48,  0.39,  0.36,  0.05,  0.00,   99766538,   95745000,    3989000,  116972949, c++, iotlab1, mult, 4
8036296.exe ,  1.49,  0.40,  0.36,  0.05,  0.00,   99912149,   95971000,    3957000,  116366151, c++, iotlab1, mult, 4
8036296.exe ,  1.49,  0.40,  0.37,  0.05,  0.00,  100891925,   98871000,    2017000,  117862467, c++, iotlab1, mult, 4
8036296.exe ,  1.48,  0.40,  0.37,  0.05,  0.00,  100369537,   98317000,    2006000,  117583214, c++, iotlab1, mult, 4
8036296.exe ,  1.48,  0.39,  0.37,  0.05,  0.00,  100131031,   96128000,    4005000,  117289808, c++, iotlab1, mult, 4
8036296.exe ,  1.48,  0.39,  0.37,  0.05,  0.00,  100018456,   97021000,    3000000,  117131394, c++, iotlab1, mult, 4
8036296.exe ,  1.47,  0.40,  0.37,  0.05,  0.00,   99694932,   96669000,    2989000,  116744775, c++, iotlab1, mult, 4
8210107.exe ,  1.46,  0.39,  0.36,  0.05,  0.00,   99479314,   97515000,    1990000,  116578573, c++, iotlab1, mult, 4
8210107.exe ,  1.46,  0.39,  0.36,  0.05,  0.00,   98825481,   93897000,    4941000,  116068181, c++, iotlab1, mult, 4
8210107.exe ,  1.45,  0.39,  0.36,  0.05,  0.00,   99519118,   98546000,     995000,  116055216, c++, iotlab1, mult, 4
8210107.exe ,  1.46,  0.39,  0.36,  0.05,  0.00,   98997855,   96872000,    2018000,  115982393, c++, iotlab1, mult, 4
8210107.exe ,  1.47,  0.40,  0.36,  0.05,  0.00,   99449763,   96428000,    2982000,  116923711, c++, iotlab1, mult, 4
8210107.exe ,  1.46,  0.39,  0.36,  0.05,  0.00,   98451412,   95386000,    3012000,  115626655, c++, iotlab1, mult, 4
8210107.exe ,  1.47,  0.39,  0.36,  0.05,  0.00,   98720186,   93678000,    4982000,  115857902, c++, iotlab1, mult, 4
8210107.exe ,  1.46,  0.39,  0.36,  0.05,  0.00,   98918395,   94922000,    3996000,  115933375, c++, iotlab1, mult, 4
8210107.exe ,  1.47,  0.39,  0.36,  0.05,  0.00,   98710944,   95727000,    2991000,  115398929, c++, iotlab1, mult, 4
8210107.exe ,  1.50,  0.40,  0.37,  0.05,  0.00,  100722686,   97665000,    2989000,  117507526, c++, iotlab1, mult, 4
8223643.exe ,  0.75,  0.20,  0.18,  0.03,  0.00,   50371248,   48347000,    2014000,   66429641, c++, iotlab1, mult, 4
8223643.exe ,  0.75,  0.20,  0.18,  0.03,  0.00,   50459515,   48438000,    2018000,   67354354, c++, iotlab1, mult, 4
8223643.exe ,  0.76,  0.20,  0.18,  0.03,  0.00,   50301903,   48285000,    2011000,   67649716, c++, iotlab1, mult, 4
8223643.exe ,  0.76,  0.20,  0.18,  0.03,  0.00,   50479115,   49481000,    1009000,   66963960, c++, iotlab1, mult, 4
8223643.exe ,  0.76,  0.20,  0.19,  0.03,  0.00,   50673257,   49663000,    1013000,   67559236, c++, iotlab1, mult, 4
8223643.exe ,  0.76,  0.20,  0.18,  0.03,  0.00,   50710697,   49729000,     994000,   67600278, c++, iotlab1, mult, 4
8223643.exe ,  0.74,  0.20,  0.18,  0.03,  0.00,   50324227,   48322000,    2013000,   67277884, c++, iotlab1, mult, 4
8223643.exe ,  0.76,  0.20,  0.19,  0.03,  0.00,   50785402,   48808000,    1992000,   68018173, c++, iotlab1, mult, 4
8223643.exe ,  0.76,  0.20,  0.18,  0.03,  0.00,   50675733,   48658000,    2027000,   67682215, c++, iotlab1, mult, 4
8223643.exe ,  0.76,  0.20,  0.19,  0.03,  0.00,   50960259,   47856000,    2991000,   68087965, c++, iotlab1, mult, 4
8482488.exe ,  1.19,  0.32,  0.29,  0.04,  0.00,   80578871,   78509000,    2013000,   96764104, c++, iotlab1, mult, 4
8482488.exe ,  1.22,  0.32,  0.29,  0.04,  0.00,   80703528,   73636000,    7061000,   97179678, c++, iotlab1, mult, 4
8482488.exe ,  1.22,  0.32,  0.29,  0.04,  0.00,   80216809,   77213000,    3008000,   97026971, c++, iotlab1, mult, 4
8482488.exe ,  1.20,  0.32,  0.29,  0.04,  0.00,   80078387,   75080000,    5005000,   96988554, c++, iotlab1, mult, 4
8482488.exe ,  1.18,  0.31,  0.29,  0.04,  0.00,   79021774,   76996000,    2026000,   95653934, c++, iotlab1, mult, 4
8482488.exe ,  1.18,  0.31,  0.29,  0.04,  0.00,   79090201,   78098000,    1001000,   95538437, c++, iotlab1, mult, 4
8482488.exe ,  1.19,  0.32,  0.29,  0.04,  0.00,   79802190,   78820000,    1010000,   96451724, c++, iotlab1, mult, 4
8482488.exe ,  1.19,  0.32,  0.29,  0.04,  0.00,   80167552,   78160000,    2004000,   96943642, c++, iotlab1, mult, 4
8482488.exe ,  1.18,  0.32,  0.29,  0.04,  0.00,   80216921,   78209000,    2005000,   97121429, c++, iotlab1, mult, 4
8482488.exe ,  1.19,  0.32,  0.29,  0.04,  0.00,   79663970,   78677000,     995000,   96853245, c++, iotlab1, mult, 4
8589353.exe ,  0.94,  0.25,  0.23,  0.03,  0.00,   64598502,   61632000,    2982000,   81576600, c++, iotlab1, mult, 4
8589353.exe ,  0.94,  0.25,  0.23,  0.03,  0.00,   62933561,   59943000,    2997000,   79689817, c++, iotlab1, mult, 4
8589353.exe ,  0.94,  0.25,  0.23,  0.03,  0.00,   63738175,   57758000,    5873000,   80871891, c++, iotlab1, mult, 4
8589353.exe ,  0.93,  0.25,  0.23,  0.03,  0.00,   63248134,   60292000,    2965000,   80498369, c++, iotlab1, mult, 4
8589353.exe ,  0.95,  0.25,  0.23,  0.03,  0.00,   63408497,   61377000,    1979000,   80540161, c++, iotlab1, mult, 4
8589353.exe ,  0.94,  0.25,  0.23,  0.03,  0.00,   63020823,   62953000,          0,   79848116, c++, iotlab1, mult, 4
8589353.exe ,  0.94,  0.25,  0.23,  0.03,  0.00,   63852192,   62796000,    1012000,   80876211, c++, iotlab1, mult, 4
8589353.exe ,  0.94,  0.25,  0.23,  0.03,  0.00,   62902196,   60762000,    2025000,   79399270, c++, iotlab1, mult, 4
8589353.exe ,  0.93,  0.25,  0.23,  0.03,  0.00,   63094468,   62099000,    1001000,   79860111, c++, iotlab1, mult, 4
8589353.exe ,  0.94,  0.25,  0.23,  0.03,  0.00,   62619664,   61529000,    1008000,   78257489, c++, iotlab1, mult, 4
