file,psys,pkg,cores,ram,gpu,duration_time,user_time,system_time,perf_time,lang,machine,cores,power_limit
entry_10231846.class,  9.61,  4.24,  4.10,  0.30,  0.00,  458180474,  356388000,   32759000,  508498031, java, iotlab1, sing, 25
entry_10231846.class,  8.95,  4.41,  4.30,  0.26,  0.00,  381971750,  353124000,   18006000,  394619434, java, iotlab1, sing, 25
entry_10231846.class,  8.50,  4.20,  4.09,  0.25,  0.00,  362043108,  324488000,   25959000,  373947618, java, iotlab1, sing, 25
entry_10231846.class, 10.27,  5.09,  4.96,  0.30,  0.00,  437837387,  403800000,   21934000,  450285557, java, iotlab1, sing, 25
entry_10231846.class,  8.76,  4.32,  4.21,  0.25,  0.00,  372760889,  341733000,   19984000,  384499199, java, iotlab1, sing, 25
entry_10231846.class,  9.30,  4.59,  4.46,  0.27,  0.00,  394278808,  364300000,   18963000,  406271278, java, iotlab1, sing, 25
entry_10231846.class,  8.91,  4.38,  4.27,  0.26,  0.00,  378103714,  351270000,   16012000,  390303841, java, iotlab1, sing, 25
entry_10231846.class,  9.65,  4.80,  4.67,  0.28,  0.00,  410978996,  378533000,   20974000,  423378438, java, iotlab1, sing, 25
entry_10231846.class,  9.81,  4.78,  4.65,  0.29,  0.00,  417673377,  383263000,   14046000,  429718500, java, iotlab1, sing, 25
entry_10231846.class,  9.51,  4.73,  4.60,  0.28,  0.00,  406371136,  379660000,   14986000,  418280590, java, iotlab1, sing, 25
entry_10245751.class,  8.76,  4.30,  4.18,  0.25,  0.00,  373021179,  340646000,   21039000,  385074905, java, iotlab1, sing, 25
entry_10245751.class,  8.50,  4.23,  4.11,  0.24,  0.00,  355640678,  340386000,   14015000,  368045128, java, iotlab1, sing, 25
entry_10245751.class,  8.63,  4.30,  4.19,  0.25,  0.00,  361799198,  342503000,   17973000,  373733690, java, iotlab1, sing, 25
entry_10245751.class,  8.23,  4.11,  4.00,  0.23,  0.00,  344902396,  325789000,   18043000,  357033791, java, iotlab1, sing, 25
entry_10245751.class,  8.45,  4.16,  4.05,  0.24,  0.00,  350063564,  327486000,   21965000,  362488029, java, iotlab1, sing, 25
entry_10245751.class,  7.76,  3.86,  3.76,  0.22,  0.00,  325973255,  308517000,   17028000,  338544900, java, iotlab1, sing, 25
entry_10245751.class,  9.04,  4.48,  4.36,  0.26,  0.00,  382545647,  354178000,   19953000,  394478686, java, iotlab1, sing, 25
entry_10245751.class,  8.47,  4.21,  4.10,  0.24,  0.00,  355456321,  337165000,   16958000,  367235487, java, iotlab1, sing, 25
entry_10245751.class,  8.49,  4.09,  3.98,  0.24,  0.00,  367491452,  317570000,   23967000,  379703361, java, iotlab1, sing, 25
entry_10245751.class,  8.03,  3.95,  3.84,  0.23,  0.00,  333103064,  311642000,   19977000,  345061286, java, iotlab1, sing, 25
entry_10294577.class,  7.13,  3.50,  3.39,  0.20,  0.00,  302636866,  278784000,   11990000,  314617686, java, iotlab1, sing, 25
entry_10294577.class,  7.18,  3.50,  3.40,  0.20,  0.00,  305086586,  276392000,   18025000,  317854577, java, iotlab1, sing, 25
entry_10294577.class,  6.66,  3.27,  3.18,  0.19,  0.00,  285109375,  260965000,   12998000,  297479221, java, iotlab1, sing, 25
entry_10294577.class,  6.88,  3.44,  3.35,  0.19,  0.00,  289102820,  269550000,   17970000,  301192701, java, iotlab1, sing, 25
entry_10294577.class,  6.90,  3.35,  3.26,  0.19,  0.00,  294653308,  265125000,   18008000,  306645945, java, iotlab1, sing, 25
entry_10294577.class,  6.64,  3.22,  3.13,  0.19,  0.00,  282095167,  252832000,   17988000,  294795098, java, iotlab1, sing, 25
entry_10294577.class,  7.30,  3.54,  3.44,  0.21,  0.00,  310082112,  288361000,   11013000,  322471846, java, iotlab1, sing, 25
entry_10294577.class,  7.42,  3.60,  3.50,  0.21,  0.00,  314652711,  287542000,   15919000,  327093473, java, iotlab1, sing, 25
entry_10294577.class,  6.87,  3.39,  3.29,  0.19,  0.00,  285842410,  271459000,   12974000,  297664807, java, iotlab1, sing, 25
entry_10294577.class,  7.25,  3.50,  3.41,  0.20,  0.00,  307086994,  276359000,   20026000,  319728713, java, iotlab1, sing, 25
entry_10571233.class,  7.87,  3.85,  3.75,  0.23,  0.00,  334339033,  298163000,   17949000,  346457285, java, iotlab1, sing, 25
entry_10571233.class,  8.15,  3.99,  3.88,  0.23,  0.00,  347492221,  319595000,   15929000,  359316535, java, iotlab1, sing, 25
entry_10571233.class,  7.72,  3.78,  3.67,  0.22,  0.00,  328591836,  299270000,   17956000,  340692221, java, iotlab1, sing, 25
entry_10571233.class,  7.73,  3.76,  3.66,  0.22,  0.00,  331670161,  299760000,   19984000,  343591967, java, iotlab1, sing, 25
entry_10571233.class,  7.82,  3.82,  3.72,  0.22,  0.00,  334387201,  306803000,   15989000,  346399813, java, iotlab1, sing, 25
entry_10571233.class,  7.53,  3.67,  3.57,  0.22,  0.00,  322575546,  293766000,   16928000,  334407086, java, iotlab1, sing, 25
entry_10571233.class,  7.70,  3.76,  3.66,  0.22,  0.00,  329222409,  303371000,   15018000,  341345378, java, iotlab1, sing, 25
entry_10571233.class,  7.70,  3.75,  3.65,  0.22,  0.00,  329822577,  303520000,   15025000,  341989859, java, iotlab1, sing, 25
entry_10571233.class,  7.76,  3.81,  3.71,  0.22,  0.00,  331537143,  301550000,   18971000,  344252703, java, iotlab1, sing, 25
entry_10571233.class,  8.12,  3.98,  3.87,  0.23,  0.00,  346351447,  322410000,   11978000,  358525280, java, iotlab1, sing, 25
entry_10625409.class,  7.71,  3.74,  3.64,  0.21,  0.00,  322802511,  298088000,   13003000,  334651767, java, iotlab1, sing, 25
entry_10625409.class,  6.65,  3.24,  3.16,  0.19,  0.00,  285102140,  262387000,   12017000,  297632348, java, iotlab1, sing, 25
entry_10625409.class,  7.15,  3.52,  3.42,  0.20,  0.00,  306094334,  276551000,   16972000,  317680129, java, iotlab1, sing, 25
entry_10625409.class,  6.84,  3.36,  3.28,  0.19,  0.00,  294094809,  261839000,   20987000,  306161476, java, iotlab1, sing, 25
entry_10625409.class,  7.11,  3.48,  3.39,  0.20,  0.00,  304650982,  269831000,   23985000,  317123657, java, iotlab1, sing, 25
entry_10625409.class,  6.59,  3.24,  3.16,  0.19,  0.00,  284225969,  258521000,   13974000,  296002300, java, iotlab1, sing, 25
entry_10625409.class,  7.01,  3.47,  3.37,  0.20,  0.00,  300100021,  270632000,   17975000,  312225178, java, iotlab1, sing, 25
entry_10625409.class,  7.13,  3.52,  3.44,  0.20,  0.00,  306088123,  282875000,   11994000,  318132926, java, iotlab1, sing, 25
entry_10625409.class,  6.82,  3.37,  3.28,  0.19,  0.00,  292326143,  266700000,   13984000,  304693296, java, iotlab1, sing, 25
entry_10625409.class,  7.13,  3.51,  3.41,  0.20,  0.00,  305090292,  276626000,   16977000,  317085828, java, iotlab1, sing, 25
entry_10842879.class,  8.33,  4.08,  3.97,  0.24,  0.00,  354429105,  326104000,   16953000,  366459565, java, iotlab1, sing, 25
entry_10842879.class,  8.38,  4.01,  3.89,  0.24,  0.00,  363129450,  315223000,   20014000,  375144011, java, iotlab1, sing, 25
entry_10842879.class,  7.78,  3.76,  3.66,  0.22,  0.00,  330931733,  304083000,   15004000,  342959532, java, iotlab1, sing, 25
entry_10842879.class,  7.88,  3.83,  3.73,  0.23,  0.00,  334742470,  304219000,   18951000,  346627345, java, iotlab1, sing, 25
entry_10842879.class,  8.25,  4.03,  3.92,  0.23,  0.00,  349532491,  324896000,   12955000,  361448306, java, iotlab1, sing, 25
entry_10842879.class,  7.71,  3.75,  3.64,  0.22,  0.00,  327657244,  298969000,   16941000,  339401394, java, iotlab1, sing, 25
entry_10842879.class,  7.80,  3.79,  3.68,  0.22,  0.00,  331120529,  307073000,   12002000,  343098382, java, iotlab1, sing, 25
entry_10842879.class,  8.17,  3.98,  3.87,  0.23,  0.00,  346726194,  312327000,   22950000,  359035422, java, iotlab1, sing, 25
entry_10842879.class,  7.72,  3.81,  3.71,  0.22,  0.00,  323469979,  308967000,   12956000,  335358731, java, iotlab1, sing, 25
entry_10842879.class,  8.09,  3.95,  3.84,  0.23,  0.00,  343617360,  316267000,   15963000,  355603708, java, iotlab1, sing, 25
entry_11213581.class,  7.50,  3.62,  3.52,  0.22,  0.00,  317513827,  286498000,   19965000,  329681832, java, iotlab1, sing, 25
entry_11213581.class,  7.52,  3.66,  3.56,  0.22,  0.00,  319606352,  288998000,   18934000,  331499540, java, iotlab1, sing, 25
entry_11213581.class,  7.25,  3.42,  3.32,  0.22,  0.00,  319246806,  268986000,   17932000,  331261782, java, iotlab1, sing, 25
entry_11213581.class,  7.48,  3.63,  3.53,  0.22,  0.00,  317492651,  290763000,   14936000,  329398239, java, iotlab1, sing, 25
entry_11213581.class,  7.53,  3.66,  3.55,  0.22,  0.00,  320410303,  291750000,   16927000,  332342599, java, iotlab1, sing, 25
entry_11213581.class,  7.23,  3.45,  3.35,  0.21,  0.00,  305515881,  265224000,   24927000,  318331312, java, iotlab1, sing, 25
entry_11213581.class,  7.16,  3.47,  3.38,  0.21,  0.00,  304616474,  279148000,   13957000,  316688261, java, iotlab1, sing, 25
entry_11213581.class,  7.86,  3.83,  3.73,  0.23,  0.00,  331530913,  296911000,   22916000,  343580887, java, iotlab1, sing, 25
entry_11213581.class,  7.18,  3.48,  3.39,  0.21,  0.00,  305505434,  270487000,   22872000,  317545096, java, iotlab1, sing, 25
entry_11213581.class,  7.18,  3.47,  3.38,  0.21,  0.00,  305539173,  276809000,   16927000,  317663975, java, iotlab1, sing, 25
entry_11479747.class,  8.62,  4.20,  4.09,  0.25,  0.00,  363585727,  337815000,   16990000,  375638287, java, iotlab1, sing, 25
entry_11479747.class,  8.21,  4.00,  3.88,  0.24,  0.00,  348314705,  309497000,   27043000,  360251848, java, iotlab1, sing, 25
entry_11479747.class,  8.85,  4.30,  4.17,  0.25,  0.00,  374564505,  343114000,   19948000,  386717938, java, iotlab1, sing, 25
entry_11479747.class,  8.09,  3.92,  3.82,  0.23,  0.00,  343815527,  317860000,   13950000,  355750668, java, iotlab1, sing, 25
entry_11479747.class,  8.11,  3.93,  3.83,  0.23,  0.00,  343686079,  306519000,   25959000,  356082817, java, iotlab1, sing, 25
entry_11479747.class,  8.21,  4.00,  3.88,  0.23,  0.00,  348102829,  318375000,   17964000,  359875577, java, iotlab1, sing, 25
entry_11479747.class,  8.25,  4.00,  3.89,  0.24,  0.00,  349891753,  314320000,   23948000,  362056450, java, iotlab1, sing, 25
entry_11479747.class,  8.25,  4.03,  3.92,  0.24,  0.00,  348691551,  311812000,   25901000,  361161566, java, iotlab1, sing, 25
entry_11479747.class,  8.04,  3.93,  3.82,  0.23,  0.00,  342714067,  306505000,   23883000,  354500427, java, iotlab1, sing, 25
entry_11479747.class,  8.46,  4.15,  4.04,  0.24,  0.00,  357720902,  326774000,   20985000,  369664218, java, iotlab1, sing, 25
entry_11501427.class,  8.22,  4.00,  3.90,  0.23,  0.00,  346692632,  309187000,   25931000,  358715300, java, iotlab1, sing, 25
entry_11501427.class,  8.44,  4.12,  4.01,  0.24,  0.00,  356825388,  322352000,   21888000,  368563770, java, iotlab1, sing, 25
entry_11501427.class,  8.08,  3.93,  3.82,  0.23,  0.00,  342357002,  312746000,   17985000,  354096236, java, iotlab1, sing, 25
entry_11501427.class,  8.14,  3.96,  3.86,  0.23,  0.00,  344694858,  311088000,   21935000,  356585937, java, iotlab1, sing, 25
entry_11501427.class,  8.71,  4.11,  4.00,  0.25,  0.00,  373982503,  325757000,   21916000,  385879219, java, iotlab1, sing, 25
entry_11501427.class,  8.24,  3.99,  3.88,  0.23,  0.00,  349035505,  319984000,   17999000,  361408069, java, iotlab1, sing, 25
entry_11501427.class,  8.16,  3.95,  3.85,  0.23,  0.00,  345702345,  311522000,   21896000,  357552849, java, iotlab1, sing, 25
entry_11501427.class,  8.10,  3.94,  3.83,  0.23,  0.00,  342308637,  311658000,   19040000,  354396230, java, iotlab1, sing, 25
entry_11501427.class,  8.20,  3.96,  3.85,  0.23,  0.00,  347690989,  316004000,   19937000,  359533483, java, iotlab1, sing, 25
entry_11501427.class,  8.02,  3.87,  3.76,  0.23,  0.00,  339111687,  308950000,   18935000,  351079693, java, iotlab1, sing, 25
entry_1160581.class,  7.14,  3.48,  3.39,  0.20,  0.00,  302660717,  276150000,   14954000,  314493489, java, iotlab1, sing, 25
entry_1160581.class,  7.27,  3.56,  3.47,  0.20,  0.00,  307402677,  277841000,   17925000,  319231287, java, iotlab1, sing, 25
entry_1160581.class,  7.01,  3.46,  3.37,  0.20,  0.00,  298530417,  264924000,   21911000,  310828008, java, iotlab1, sing, 25
entry_1160581.class,  7.45,  3.63,  3.54,  0.21,  0.00,  316530512,  286261000,   18951000,  328284037, java, iotlab1, sing, 25
entry_1160581.class,  7.45,  3.62,  3.51,  0.21,  0.00,  314811891,  280779000,   21982000,  326790927, java, iotlab1, sing, 25
entry_1160581.class,  7.64,  3.65,  3.55,  0.22,  0.00,  331749240,  282227000,   19015000,  344425270, java, iotlab1, sing, 25
entry_1160581.class,  7.24,  3.54,  3.45,  0.20,  0.00,  307199061,  278185000,   16950000,  318857800, java, iotlab1, sing, 25
entry_1160581.class,  7.47,  3.62,  3.52,  0.21,  0.00,  313539047,  286028000,   15945000,  325518512, java, iotlab1, sing, 25
entry_1160581.class,  7.24,  3.50,  3.41,  0.20,  0.00,  302683467,  269852000,   20988000,  314461723, java, iotlab1, sing, 25
entry_1160581.class,  7.29,  3.54,  3.44,  0.20,  0.00,  305248919,  273895000,   20065000,  317170736, java, iotlab1, sing, 25
entry_11817360.class,  8.64,  4.20,  4.09,  0.25,  0.00,  362685434,  330323000,   20957000,  374746200, java, iotlab1, sing, 25
entry_11817360.class,  8.15,  3.91,  3.81,  0.23,  0.00,  342698985,  309914000,   20926000,  354526072, java, iotlab1, sing, 25
entry_11817360.class,  8.21,  3.95,  3.84,  0.23,  0.00,  345174569,  308119000,   25925000,  357060340, java, iotlab1, sing, 25
entry_11817360.class,  8.18,  3.95,  3.84,  0.23,  0.00,  344426002,  304969000,   24915000,  356367642, java, iotlab1, sing, 25
entry_11817360.class,  8.14,  3.92,  3.80,  0.23,  0.00,  342713882,  309163000,   21940000,  354672994, java, iotlab1, sing, 25
entry_11817360.class,  8.16,  3.95,  3.85,  0.23,  0.00,  346411003,  312386000,   21956000,  358273078, java, iotlab1, sing, 25
entry_11817360.class,  8.25,  3.91,  3.80,  0.24,  0.00,  359140488,  305621000,   22971000,  370953564, java, iotlab1, sing, 25
entry_11817360.class,  8.13,  3.98,  3.87,  0.23,  0.00,  345705881,  313142000,   20942000,  357812032, java, iotlab1, sing, 25
entry_11817360.class,  8.06,  3.90,  3.79,  0.23,  0.00,  342368704,  304100000,   25923000,  354276436, java, iotlab1, sing, 25
entry_11817360.class,  8.05,  3.91,  3.81,  0.23,  0.00,  342979868,  306420000,   24952000,  355052696, java, iotlab1, sing, 25
entry_12275979.class,  6.93,  3.36,  3.28,  0.20,  0.00,  295329388,  264894000,   17925000,  307463857, java, iotlab1, sing, 25
entry_12275979.class,  7.74,  3.78,  3.68,  0.22,  0.00,  328637765,  304950000,   11958000,  340592348, java, iotlab1, sing, 25
entry_12275979.class,  7.16,  3.50,  3.41,  0.20,  0.00,  300286481,  281673000,   16980000,  312056579, java, iotlab1, sing, 25
entry_12275979.class,  7.56,  3.74,  3.64,  0.21,  0.00,  315430718,  297995000,   15946000,  327496296, java, iotlab1, sing, 25
entry_12275979.class,  6.98,  3.45,  3.36,  0.19,  0.00,  293321970,  274891000,   16993000,  305391793, java, iotlab1, sing, 25
entry_12275979.class,  7.03,  3.47,  3.37,  0.20,  0.00,  293436622,  273090000,   18936000,  305423979, java, iotlab1, sing, 25
entry_12275979.class,  7.44,  3.69,  3.60,  0.21,  0.00,  311709232,  296844000,   13992000,  324572747, java, iotlab1, sing, 25
entry_12275979.class,  7.20,  3.45,  3.35,  0.21,  0.00,  314881082,  261811000,   22983000,  327452265, java, iotlab1, sing, 25
entry_12275979.class,  6.85,  3.38,  3.28,  0.19,  0.00,  287169682,  265767000,   19982000,  299174913, java, iotlab1, sing, 25
entry_12275979.class, 11.23,  5.42,  5.27,  0.33,  0.00,  467682000,  296382000,   19758000,  480085377, java, iotlab1, sing, 25
entry_12712797.class,  7.79,  3.76,  3.65,  0.22,  0.00,  330571905,  296323000,   20952000,  342714482, java, iotlab1, sing, 25
entry_12712797.class, 12.15,  5.81,  5.65,  0.36,  0.00,  514384637,  303997000,   16888000,  526677412, java, iotlab1, sing, 25
entry_12712797.class,  7.67,  3.71,  3.62,  0.22,  0.00,  324481737,  298123000,   14956000,  336507862, java, iotlab1, sing, 25
entry_12712797.class,  7.48,  3.59,  3.49,  0.22,  0.00,  318938072,  283877000,   22990000,  330897805, java, iotlab1, sing, 25
entry_12712797.class,  7.94,  3.83,  3.72,  0.23,  0.00,  337490357,  307321000,   18958000,  350191339, java, iotlab1, sing, 25
entry_12712797.class,  7.84,  3.78,  3.67,  0.22,  0.00,  334061028,  306619000,   15928000,  345916740, java, iotlab1, sing, 25
entry_12712797.class,  7.73,  3.74,  3.64,  0.22,  0.00,  329508901,  295787000,   21910000,  341712763, java, iotlab1, sing, 25
entry_12712797.class,  7.53,  3.66,  3.55,  0.21,  0.00,  319518668,  292565000,   14926000,  331278512, java, iotlab1, sing, 25
entry_12712797.class,  7.80,  3.67,  3.57,  0.22,  0.00,  339650622,  284738000,   23894000,  351679517, java, iotlab1, sing, 25
entry_12712797.class,  7.65,  3.70,  3.59,  0.22,  0.00,  323629309,  296265000,   14912000,  335640868, java, iotlab1, sing, 25
entry_12910840.class,  6.51,  3.21,  3.11,  0.19,  0.00,  269520858,  243821000,   23982000,  281759340, java, iotlab1, sing, 25
entry_12910840.class,  6.49,  3.21,  3.13,  0.18,  0.00,  270595503,  248649000,   19891000,  282523987, java, iotlab1, sing, 25
entry_12910840.class,  6.69,  3.30,  3.22,  0.19,  0.00,  277537964,  254879000,   20908000,  289508181, java, iotlab1, sing, 25
entry_12910840.class,  6.68,  3.28,  3.20,  0.19,  0.00,  278124098,  254692000,   22059000,  290059024, java, iotlab1, sing, 25
entry_12910840.class,  6.95,  3.38,  3.29,  0.20,  0.00,  286120192,  260965000,   22909000,  298091511, java, iotlab1, sing, 25
entry_12910840.class,  6.50,  3.18,  3.09,  0.19,  0.00,  271116634,  251654000,   18046000,  283194613, java, iotlab1, sing, 25
entry_12910840.class,  6.87,  3.37,  3.28,  0.19,  0.00,  284271642,  257175000,   26017000,  296574163, java, iotlab1, sing, 25
entry_12910840.class,  6.59,  3.24,  3.16,  0.19,  0.00,  273854811,  246668000,   25965000,  286155942, java, iotlab1, sing, 25
entry_12910840.class,  6.56,  3.23,  3.13,  0.18,  0.00,  272137583,  250566000,   19965000,  283952085, java, iotlab1, sing, 25
entry_12910840.class,  6.76,  3.34,  3.25,  0.19,  0.00,  281395538,  258593000,   21880000,  293862506, java, iotlab1, sing, 25
entry_13564794.class,  5.20,  2.50,  2.43,  0.13,  0.00,  223850335,  187746000,   16977000,  235818399, java, iotlab1, sing, 25
entry_13564794.class,  5.04,  2.47,  2.40,  0.13,  0.00,  213067036,  188945000,   12927000,  225588228, java, iotlab1, sing, 25
entry_13564794.class,  5.21,  2.55,  2.48,  0.13,  0.00,  220032561,  194687000,   13977000,  232388245, java, iotlab1, sing, 25
entry_13564794.class,  5.25,  2.58,  2.51,  0.13,  0.00,  221867837,  197066000,   12938000,  233741246, java, iotlab1, sing, 25
entry_13564794.class,  5.00,  2.45,  2.39,  0.13,  0.00,  211667761,  184847000,   14987000,  223303427, java, iotlab1, sing, 25
entry_13564794.class,  5.94,  2.81,  2.73,  0.15,  0.00,  255487426,  210708000,   16976000,  267621450, java, iotlab1, sing, 25
entry_13564794.class,  4.98,  2.45,  2.38,  0.13,  0.00,  211580335,  186168000,   13937000,  223451824, java, iotlab1, sing, 25
entry_13564794.class,  4.90,  2.41,  2.35,  0.13,  0.00,  208588150,  178060000,   19006000,  220517546, java, iotlab1, sing, 25
entry_13564794.class,  5.23,  2.56,  2.49,  0.13,  0.00,  221055144,  193670000,   15890000,  233157246, java, iotlab1, sing, 25
entry_13564794.class,  5.05,  2.46,  2.39,  0.13,  0.00,  213122581,  183313000,   17932000,  225324452, java, iotlab1, sing, 25
entry_13564810.class,  5.26,  2.58,  2.51,  0.13,  0.00,  224035777,  198325000,   14023000,  235797742, java, iotlab1, sing, 25
entry_13564810.class,  5.38,  2.64,  2.58,  0.13,  0.00,  227855312,  203332000,   12957000,  240002933, java, iotlab1, sing, 25
entry_13564810.class,  4.86,  2.38,  2.32,  0.13,  0.00,  206116413,  176197000,   19021000,  218655561, java, iotlab1, sing, 25
entry_13564810.class,  5.39,  2.54,  2.47,  0.14,  0.00,  232943837,  194034000,   12002000,  245538184, java, iotlab1, sing, 25
entry_13564810.class,  5.31,  2.60,  2.53,  0.13,  0.00,  225046639,  196138000,   17830000,  237538407, java, iotlab1, sing, 25
entry_13564810.class,  5.25,  2.55,  2.48,  0.13,  0.00,  221779610,  194934000,   14918000,  233410005, java, iotlab1, sing, 25
entry_13564810.class,  4.62,  2.27,  2.21,  0.12,  0.00,  196562775,  172586000,   13044000,  209097827, java, iotlab1, sing, 25
entry_13564810.class,  5.17,  2.55,  2.48,  0.13,  0.00,  219236511,  193574000,   13969000,  231110534, java, iotlab1, sing, 25
entry_13564810.class,  5.22,  2.57,  2.50,  0.13,  0.00,  222555503,  197566000,   13969000,  234865492, java, iotlab1, sing, 25
entry_13564810.class,  4.87,  2.42,  2.34,  0.13,  0.00,  207131470,  178498000,   16952000,  218929543, java, iotlab1, sing, 25
entry_13564900.class,  5.38,  2.66,  2.58,  0.14,  0.00,  227872541,  200541000,   15963000,  239867496, java, iotlab1, sing, 25
entry_13564900.class,  5.00,  2.46,  2.40,  0.13,  0.00,  210251507,  186234000,   14017000,  222783735, java, iotlab1, sing, 25
entry_13564900.class,  4.74,  2.35,  2.28,  0.12,  0.00,  199885610,  174127000,   14925000,  211740517, java, iotlab1, sing, 25
entry_13564900.class,  4.62,  2.28,  2.21,  0.12,  0.00,  194949246,  163494000,   20935000,  207284322, java, iotlab1, sing, 25
entry_13564900.class,  4.83,  2.39,  2.32,  0.12,  0.00,  203982041,  178972000,   13997000,  216516294, java, iotlab1, sing, 25
entry_13564900.class,  5.04,  2.50,  2.44,  0.13,  0.00,  212867045,  186910000,   13918000,  224870565, java, iotlab1, sing, 25
entry_13564900.class,  4.61,  2.29,  2.23,  0.12,  0.00,  195873865,  169434000,   14950000,  207642430, java, iotlab1, sing, 25
entry_13564900.class,  4.59,  2.27,  2.21,  0.12,  0.00,  193851792,  164638000,   17960000,  205500015, java, iotlab1, sing, 25
entry_13564900.class,  5.11,  2.51,  2.44,  0.13,  0.00,  215626372,  184595000,   18856000,  227397739, java, iotlab1, sing, 25
entry_13564900.class,  5.00,  2.45,  2.38,  0.13,  0.00,  211774939,  188036000,   11938000,  223542861, java, iotlab1, sing, 25
entry_13564925.class,  4.98,  2.43,  2.37,  0.13,  0.00,  209984565,  184785000,   13983000,  222520898, java, iotlab1, sing, 25
entry_13564925.class,  4.93,  2.43,  2.37,  0.13,  0.00,  208975824,  185104000,   12937000,  221534679, java, iotlab1, sing, 25
entry_13564925.class,  5.12,  2.51,  2.45,  0.13,  0.00,  215613124,  189497000,   15039000,  228119699, java, iotlab1, sing, 25
entry_13564925.class,  5.24,  2.57,  2.50,  0.13,  0.00,  221569093,  196042000,   14003000,  233574128, java, iotlab1, sing, 25
entry_13564925.class,  4.87,  2.38,  2.30,  0.12,  0.00,  203894989,  181451000,   10966000,  215898633, java, iotlab1, sing, 25
entry_13564925.class,  5.25,  2.57,  2.49,  0.13,  0.00,  219862316,  197267000,   10959000,  231780360, java, iotlab1, sing, 25
entry_13564925.class,  5.43,  2.67,  2.61,  0.14,  0.00,  228766005,  202267000,   14945000,  240957981, java, iotlab1, sing, 25
entry_13564925.class,  5.28,  2.58,  2.52,  0.13,  0.00,  222562481,  196783000,   13913000,  235001977, java, iotlab1, sing, 25
entry_13564925.class,  5.01,  2.46,  2.39,  0.13,  0.00,  210577998,  184100000,   14927000,  222870912, java, iotlab1, sing, 25
entry_13564925.class,  5.28,  2.59,  2.52,  0.13,  0.00,  220798332,  194479000,   14959000,  232691224, java, iotlab1, sing, 25
entry_13710066.class,  8.77,  4.25,  4.14,  0.25,  0.00,  367523236,  337944000,   17997000,  379686000, java, iotlab1, sing, 25
entry_13710066.class,  8.29,  4.04,  3.93,  0.24,  0.00,  347738640,  304279000,   31924000,  360341851, java, iotlab1, sing, 25
entry_13710066.class,  8.77,  4.17,  4.05,  0.25,  0.00,  371941523,  329370000,   16967000,  383796538, java, iotlab1, sing, 25
entry_13710066.class,  8.27,  4.02,  3.92,  0.23,  0.00,  348722250,  315901000,   20927000,  360722620, java, iotlab1, sing, 25
entry_13710066.class,  8.58,  4.17,  4.06,  0.24,  0.00,  360729774,  333040000,   15954000,  373186245, java, iotlab1, sing, 25
entry_13710066.class,  8.69,  4.23,  4.11,  0.25,  0.00,  367697055,  327296000,   23803000,  379414846, java, iotlab1, sing, 25
entry_13710066.class,  8.27,  4.00,  3.89,  0.24,  0.00,  349913434,  316737000,   20916000,  361828128, java, iotlab1, sing, 25
entry_13710066.class,  8.44,  4.13,  4.02,  0.24,  0.00,  357618196,  321801000,   23910000,  369314808, java, iotlab1, sing, 25
entry_13710066.class,  8.12,  3.96,  3.85,  0.23,  0.00,  341964745,  311334000,   18959000,  353869606, java, iotlab1, sing, 25
entry_13710066.class,  8.24,  4.00,  3.89,  0.23,  0.00,  347623645,  308899000,   28990000,  359784476, java, iotlab1, sing, 25
entry_13768966.class,  8.31,  4.08,  3.98,  0.24,  0.00,  354340976,  318112000,   24008000,  366398142, java, iotlab1, sing, 25
entry_13768966.class,  8.22,  4.04,  3.94,  0.23,  0.00,  347828590,  314645000,   21975000,  359826106, java, iotlab1, sing, 25
entry_13768966.class,  7.98,  3.93,  3.82,  0.23,  0.00,  339520139,  307606000,   19909000,  351314394, java, iotlab1, sing, 25
entry_13768966.class,  8.61,  4.16,  4.05,  0.25,  0.00,  368123099,  328692000,   18982000,  380284167, java, iotlab1, sing, 25
entry_13768966.class,  8.28,  4.07,  3.97,  0.23,  0.00,  349538879,  320613000,   16926000,  361831058, java, iotlab1, sing, 25
entry_13768966.class,  8.02,  3.93,  3.82,  0.23,  0.00,  338599440,  305299000,   21949000,  351306818, java, iotlab1, sing, 25
entry_13768966.class,  8.11,  4.00,  3.89,  0.23,  0.00,  343547498,  313793000,   17931000,  355642325, java, iotlab1, sing, 25
entry_13768966.class,  7.93,  3.88,  3.78,  0.22,  0.00,  335695497,  306185000,   16954000,  347361423, java, iotlab1, sing, 25
entry_13768966.class,  8.35,  4.12,  4.01,  0.23,  0.00,  352660544,  322907000,   17939000,  364477331, java, iotlab1, sing, 25
entry_13768966.class,  8.23,  4.06,  3.95,  0.23,  0.00,  348537399,  321234000,   14918000,  360598854, java, iotlab1, sing, 25
entry_14509273.class,  7.91,  3.86,  3.75,  0.22,  0.00,  334401289,  303734000,   18921000,  346511385, java, iotlab1, sing, 25
entry_14509273.class,  8.43,  4.14,  4.04,  0.24,  0.00,  356503726,  325647000,   18921000,  368564152, java, iotlab1, sing, 25
entry_14509273.class,  8.27,  4.05,  3.93,  0.23,  0.00,  349523988,  314385000,   22882000,  361183066, java, iotlab1, sing, 25
entry_14509273.class,  7.83,  3.82,  3.72,  0.22,  0.00,  331544407,  301509000,   17911000,  343471046, java, iotlab1, sing, 25
entry_14509273.class,  8.12,  3.84,  3.73,  0.23,  0.00,  351074647,  296793000,   18859000,  363054328, java, iotlab1, sing, 25
entry_14509273.class,  8.09,  3.97,  3.87,  0.23,  0.00,  342881556,  308183000,   23013000,  354952854, java, iotlab1, sing, 25
entry_14509273.class,  7.77,  3.80,  3.70,  0.22,  0.00,  328515762,  294811000,   21985000,  340778196, java, iotlab1, sing, 25
entry_14509273.class,  8.19,  4.02,  3.91,  0.23,  0.00,  345701120,  313417000,   19899000,  357614621, java, iotlab1, sing, 25
entry_14509273.class,  7.98,  3.91,  3.80,  0.23,  0.00,  337824932,  311187000,   14960000,  349604255, java, iotlab1, sing, 25
entry_14509273.class,  8.31,  4.09,  3.98,  0.24,  0.00,  351426819,  320523000,   18912000,  363421082, java, iotlab1, sing, 25
entry_14549394.class,  9.00,  4.43,  4.31,  0.25,  0.00,  380131802,  349767000,   18933000,  392139508, java, iotlab1, sing, 25
entry_14549394.class,  9.05,  4.46,  4.35,  0.26,  0.00,  383222023,  352549000,   20973000,  395511754, java, iotlab1, sing, 25
entry_14549394.class,  8.70,  4.29,  4.18,  0.25,  0.00,  368053872,  338305000,   18961000,  380301469, java, iotlab1, sing, 25
entry_14549394.class,  8.65,  4.28,  4.16,  0.24,  0.00,  366143924,  338122000,   16955000,  378028000, java, iotlab1, sing, 25
entry_14549394.class,  9.07,  4.42,  4.30,  0.25,  0.00,  377064660,  345710000,   20861000,  389584780, java, iotlab1, sing, 25
entry_14549394.class,  9.31,  4.48,  4.35,  0.26,  0.00,  395663700,  343010000,   25850000,  408152031, java, iotlab1, sing, 25
entry_14549394.class,  8.66,  4.24,  4.13,  0.24,  0.00,  363562105,  329476000,   22894000,  375579327, java, iotlab1, sing, 25
entry_14549394.class,  9.00,  4.43,  4.31,  0.25,  0.00,  380742604,  342809000,   25910000,  392669778, java, iotlab1, sing, 25
entry_14549394.class,  8.76,  4.31,  4.19,  0.25,  0.00,  371161411,  338353000,   21958000,  382894726, java, iotlab1, sing, 25
entry_14549394.class,  8.46,  4.13,  4.01,  0.24,  0.00,  361930077,  334011000,   15952000,  373801142, java, iotlab1, sing, 25
entry_14653184.class,  7.81,  3.82,  3.72,  0.22,  0.00,  330636452,  298382000,   19892000,  342623677, java, iotlab1, sing, 25
entry_14653184.class,  7.66,  3.77,  3.66,  0.22,  0.00,  325617067,  292155000,   21936000,  337538093, java, iotlab1, sing, 25
entry_14653184.class,  7.79,  3.81,  3.70,  0.22,  0.00,  331399215,  304929000,   14947000,  343378381, java, iotlab1, sing, 25
entry_14653184.class,  7.79,  3.80,  3.69,  0.22,  0.00,  330531931,  303262000,   14914000,  342570845, java, iotlab1, sing, 25
entry_14653184.class,  7.58,  3.73,  3.63,  0.22,  0.00,  323738820,  291818000,   19919000,  335687151, java, iotlab1, sing, 25
entry_14653184.class,  8.02,  3.93,  3.82,  0.23,  0.00,  339401935,  296555000,   30953000,  351419694, java, iotlab1, sing, 25
entry_14653184.class,  8.06,  3.85,  3.74,  0.23,  0.00,  350698300,  299657000,   19910000,  362745143, java, iotlab1, sing, 25
entry_14653184.class,  7.78,  3.80,  3.70,  0.22,  0.00,  330516406,  296508000,   21889000,  342395666, java, iotlab1, sing, 25
entry_14653184.class,  7.83,  3.85,  3.75,  0.22,  0.00,  331026419,  301539000,   17972000,  343517784, java, iotlab1, sing, 25
entry_14653184.class,  7.86,  3.86,  3.75,  0.22,  0.00,  332070098,  297519000,   22886000,  344002409, java, iotlab1, sing, 25
entry_15011032.class,  8.91,  4.32,  4.20,  0.25,  0.00,  383442265,  341086000,   15910000,  395259315, java, iotlab1, sing, 25
entry_15011032.class,  8.18,  4.02,  3.91,  0.23,  0.00,  347452175,  316881000,   18933000,  359328836, java, iotlab1, sing, 25
entry_15011032.class,  8.08,  3.99,  3.88,  0.23,  0.00,  343701353,  313112000,   18946000,  355873413, java, iotlab1, sing, 25
entry_15011032.class,  8.43,  4.14,  4.02,  0.24,  0.00,  356385634,  326588000,   17977000,  368359826, java, iotlab1, sing, 25
entry_15011032.class,  7.99,  3.92,  3.81,  0.23,  0.00,  339578175,  311759000,   15936000,  351684827, java, iotlab1, sing, 25
entry_15011032.class,  7.93,  3.89,  3.79,  0.22,  0.00,  335948494,  303739000,   19982000,  347817495, java, iotlab1, sing, 25
entry_15011032.class,  8.65,  4.15,  4.03,  0.24,  0.00,  372089509,  325866000,   18876000,  384103927, java, iotlab1, sing, 25
entry_15011032.class,  8.20,  4.02,  3.91,  0.23,  0.00,  347524132,  317597000,   17977000,  359599328, java, iotlab1, sing, 25
entry_15011032.class,  8.54,  4.19,  4.07,  0.24,  0.00,  361132642,  329461000,   19967000,  372968527, java, iotlab1, sing, 25
entry_15011032.class,  8.29,  4.10,  3.99,  0.23,  0.00,  351503843,  322944000,   16944000,  363508871, java, iotlab1, sing, 25
entry_15183236.class,  8.32,  4.05,  3.94,  0.25,  0.00,  352843350,  317903000,   22920000,  364975812, java, iotlab1, sing, 25
entry_15183236.class,  7.95,  3.88,  3.78,  0.23,  0.00,  337570515,  302249000,   24019000,  350325708, java, iotlab1, sing, 25
entry_15183236.class,  7.88,  3.86,  3.76,  0.23,  0.00,  334566877,  300586000,   21897000,  346465280, java, iotlab1, sing, 25
entry_15183236.class,  8.01,  3.92,  3.81,  0.23,  0.00,  340157649,  301338000,   26940000,  352083654, java, iotlab1, sing, 25
entry_15183236.class,  7.92,  3.87,  3.77,  0.23,  0.00,  335575969,  304222000,   19949000,  348079866, java, iotlab1, sing, 25
entry_15183236.class,  8.00,  3.94,  3.84,  0.23,  0.00,  340518377,  303455000,   24955000,  352223363, java, iotlab1, sing, 25
entry_15183236.class,  8.53,  4.22,  4.11,  0.25,  0.00,  362045001,  329140000,   20945000,  374038277, java, iotlab1, sing, 25
entry_15183236.class,  8.05,  3.88,  3.77,  0.24,  0.00,  341750837,  297661000,   22897000,  354233984, java, iotlab1, sing, 25
entry_15183236.class,  8.06,  3.92,  3.82,  0.23,  0.00,  339151808,  302639000,   24970000,  351763337, java, iotlab1, sing, 25
entry_15183236.class,  8.25,  4.00,  3.89,  0.24,  0.00,  347443231,  316970000,   18938000,  359549594, java, iotlab1, sing, 25
entry_15632320.class,  8.48,  4.12,  4.01,  0.24,  0.00,  355520675,  325800000,   17933000,  367641512, java, iotlab1, sing, 25
entry_15632320.class,  8.59,  4.19,  4.09,  0.24,  0.00,  362109051,  333737000,   15939000,  373977202, java, iotlab1, sing, 25
entry_15632320.class,  7.82,  3.82,  3.71,  0.22,  0.00,  329956193,  301974000,   17055000,  342479528, java, iotlab1, sing, 25
entry_15632320.class,  7.81,  3.80,  3.69,  0.22,  0.00,  328490648,  296692000,   20907000,  340484414, java, iotlab1, sing, 25
entry_15632320.class,  7.91,  3.87,  3.77,  0.23,  0.00,  335739568,  300512000,   19835000,  347628393, java, iotlab1, sing, 25
entry_15632320.class,  7.95,  3.92,  3.81,  0.23,  0.00,  336515698,  301523000,   22887000,  348389608, java, iotlab1, sing, 25
entry_15632320.class,  7.77,  3.83,  3.73,  0.22,  0.00,  329724805,  295677000,   21902000,  341702904, java, iotlab1, sing, 25
entry_15632320.class,  7.79,  3.81,  3.70,  0.22,  0.00,  329497656,  292253000,   24851000,  341447619, java, iotlab1, sing, 25
entry_15632320.class,  8.63,  4.15,  4.04,  0.25,  0.00,  370753723,  321931000,   20930000,  382756909, java, iotlab1, sing, 25
entry_15632320.class, 11.58,  5.72,  5.57,  0.33,  0.00,  482898971,  321146000,   24703000,  496100941, java, iotlab1, sing, 25
entry_15739911.class,  8.50,  4.13,  4.02,  0.24,  0.00,  356617054,  324353000,   19898000,  368669008, java, iotlab1, sing, 25
entry_15739911.class, 12.50,  6.03,  5.87,  0.37,  0.00,  526091917,  311768000,   22125000,  538493979, java, iotlab1, sing, 25
entry_15739911.class,  7.89,  3.87,  3.77,  0.22,  0.00,  333409891,  299149000,   22934000,  345984304, java, iotlab1, sing, 25
entry_15739911.class,  7.80,  3.79,  3.70,  0.22,  0.00,  330517467,  303017000,   14902000,  342640438, java, iotlab1, sing, 25
entry_15739911.class,  8.54,  4.16,  4.04,  0.24,  0.00,  358515595,  319509000,   26874000,  370548540, java, iotlab1, sing, 25
entry_15739911.class,  8.25,  4.03,  3.91,  0.23,  0.00,  348513693,  310794000,   25899000,  360487152, java, iotlab1, sing, 25
entry_15739911.class,  7.80,  3.82,  3.71,  0.22,  0.00,  330807076,  302139000,   16951000,  342738245, java, iotlab1, sing, 25
entry_15739911.class,  7.92,  3.86,  3.76,  0.23,  0.00,  335504678,  309057000,   14954000,  347776880, java, iotlab1, sing, 25
entry_15739911.class,  8.53,  4.07,  3.95,  0.25,  0.00,  369412646,  317047000,   20002000,  381327706, java, iotlab1, sing, 25
entry_15739911.class,  7.95,  3.85,  3.74,  0.23,  0.00,  333533808,  303063000,   17885000,  345232190, java, iotlab1, sing, 25
entry_15747103.class,  9.21,  4.60,  4.48,  0.23,  0.00,  381452976,  349244000,   20894000,  393514821, java, iotlab1, sing, 25
entry_15747103.class,  8.71,  4.38,  4.27,  0.22,  0.00,  363970768,  330612000,   21908000,  375873576, java, iotlab1, sing, 25
entry_15747103.class,  9.74,  4.89,  4.77,  0.24,  0.00,  404040473,  360876000,   31989000,  416577207, java, iotlab1, sing, 25
entry_15747103.class,  8.88,  4.46,  4.34,  0.22,  0.00,  369740046,  328978000,   28998000,  381711543, java, iotlab1, sing, 25
entry_15747103.class,  8.99,  4.51,  4.39,  0.23,  0.00,  375715393,  337628000,   25971000,  387671274, java, iotlab1, sing, 25
entry_15747103.class,  8.67,  4.38,  4.26,  0.22,  0.00,  360956007,  327193000,   21945000,  372905865, java, iotlab1, sing, 25
entry_15747103.class,  8.66,  4.33,  4.22,  0.22,  0.00,  361713950,  328896000,   20866000,  373726139, java, iotlab1, sing, 25
entry_15747103.class,  9.43,  4.71,  4.59,  0.23,  0.00,  393086138,  358835000,   21928000,  404944884, java, iotlab1, sing, 25
entry_15747103.class,  9.27,  4.56,  4.43,  0.23,  0.00,  392370086,  346945000,   18996000,  404789328, java, iotlab1, sing, 25
entry_15747103.class,  9.38,  4.66,  4.53,  0.23,  0.00,  387426182,  348226000,   27858000,  399589257, java, iotlab1, sing, 25
entry_15811936.class,  8.37,  4.04,  3.93,  0.24,  0.00,  358691760,  313362000,   22953000,  371306393, java, iotlab1, sing, 25
entry_15811936.class,  7.94,  3.82,  3.71,  0.22,  0.00,  332388563,  298851000,   21915000,  344811240, java, iotlab1, sing, 25
entry_15811936.class,  7.92,  3.84,  3.75,  0.22,  0.00,  335465477,  308732000,   14938000,  347469421, java, iotlab1, sing, 25
entry_15811936.class,  8.28,  4.04,  3.94,  0.24,  0.00,  351400420,  315632000,   23896000,  363562540, java, iotlab1, sing, 25
entry_15811936.class,  7.81,  3.82,  3.72,  0.22,  0.00,  331373020,  303642000,   15928000,  343886762, java, iotlab1, sing, 25
entry_15811936.class,  7.87,  3.84,  3.73,  0.22,  0.00,  332349364,  303182000,   17951000,  344775200, java, iotlab1, sing, 25
entry_15811936.class,  8.36,  4.08,  3.96,  0.24,  0.00,  352381050,  317769000,   22911000,  364506578, java, iotlab1, sing, 25
entry_15811936.class,  8.11,  3.94,  3.83,  0.23,  0.00,  343513689,  314313000,   16909000,  355479540, java, iotlab1, sing, 25
entry_15811936.class,  8.06,  3.93,  3.82,  0.23,  0.00,  339593952,  306871000,   20923000,  351443110, java, iotlab1, sing, 25
entry_15811936.class,  8.34,  3.96,  3.85,  0.24,  0.00,  359841084,  314015000,   17000000,  371963337, java, iotlab1, sing, 25
entry_15957973.class,  8.24,  4.04,  3.93,  0.23,  0.00,  346345731,  310197000,   25096000,  359152145, java, iotlab1, sing, 25
entry_15957973.class,  9.23,  4.53,  4.40,  0.26,  0.00,  387295736,  360417000,   14975000,  399216148, java, iotlab1, sing, 25
entry_15957973.class,  9.03,  4.43,  4.32,  0.25,  0.00,  379579064,  347991000,   19942000,  391763768, java, iotlab1, sing, 25
entry_15957973.class, 10.49,  5.21,  5.07,  0.28,  0.00,  433740059,  409981000,   21999000,  445708210, java, iotlab1, sing, 25
entry_15957973.class, 10.79,  5.32,  5.17,  0.30,  0.00,  453125941,  419020000,   21948000,  464894971, java, iotlab1, sing, 25
entry_15957973.class,  8.39,  4.13,  4.02,  0.24,  0.00,  354730727,  317237000,   25937000,  367034211, java, iotlab1, sing, 25
entry_15957973.class, 10.57,  5.30,  5.15,  0.28,  0.00,  436727459,  411770000,   22931000,  448712628, java, iotlab1, sing, 25
entry_15957973.class, 11.15,  5.54,  5.39,  0.30,  0.00,  466473142,  433387000,   18929000,  478400499, java, iotlab1, sing, 25
entry_15957973.class,  8.76,  4.31,  4.21,  0.25,  0.00,  369611850,  340815000,   16941000,  381548503, java, iotlab1, sing, 25
entry_15957973.class, 10.47,  5.16,  5.02,  0.28,  0.00,  438081649,  402850000,   22934000,  450096443, java, iotlab1, sing, 25
entry_15975153.class,  3.45,  1.69,  1.64,  0.09,  0.00,  147813154,  120728000,   15964000,  159839432, java, iotlab1, sing, 25
entry_15975153.class,  3.30,  1.60,  1.55,  0.09,  0.00,  140500475,  116283000,   13031000,  153035041, java, iotlab1, sing, 25
entry_15975153.class,  3.41,  1.67,  1.63,  0.09,  0.00,  147028099,  122599000,   12957000,  159071890, java, iotlab1, sing, 25
entry_15975153.class,  3.34,  1.64,  1.60,  0.09,  0.00,  143184464,  117404000,   15051000,  155664162, java, iotlab1, sing, 25
entry_15975153.class,  3.36,  1.64,  1.59,  0.09,  0.00,  144002652,  117716000,   14964000,  156239268, java, iotlab1, sing, 25
entry_15975153.class,  3.41,  1.66,  1.61,  0.09,  0.00,  145845728,  120922000,   13876000,  158315053, java, iotlab1, sing, 25
entry_15975153.class,  3.23,  1.58,  1.54,  0.09,  0.00,  138856881,  115382000,   11936000,  150888707, java, iotlab1, sing, 25
entry_15975153.class,  3.33,  1.64,  1.59,  0.09,  0.00,  141898190,  118655000,   11865000,  154330014, java, iotlab1, sing, 25
entry_15975153.class,  3.38,  1.65,  1.59,  0.09,  0.00,  144783779,  120599000,   12957000,  157263331, java, iotlab1, sing, 25
entry_15975153.class,  3.30,  1.61,  1.56,  0.09,  0.00,  141814132,  115158000,   14891000,  153687078, java, iotlab1, sing, 25
entry_1701529.class, 10.71,  5.33,  5.20,  0.26,  0.00,  447150965,  406304000,   28950000,  459106271, java, iotlab1, sing, 25
entry_1701529.class, 10.71,  5.24,  5.10,  0.27,  0.00,  453567334,  395679000,   26910000,  465902535, java, iotlab1, sing, 25
entry_1701529.class,  9.86,  4.95,  4.82,  0.25,  0.00,  412800758,  371779000,   28905000,  424484810, java, iotlab1, sing, 25
entry_1701529.class, 10.17,  5.11,  4.97,  0.25,  0.00,  424858803,  385576000,   27969000,  436715185, java, iotlab1, sing, 25
entry_1701529.class, 10.45,  5.22,  5.08,  0.26,  0.00,  433121302,  396021000,   24938000,  444769744, java, iotlab1, sing, 25
entry_1701529.class, 10.43,  5.19,  5.06,  0.26,  0.00,  433196593,  392522000,   28964000,  445580195, java, iotlab1, sing, 25
entry_1701529.class, 10.33,  5.22,  5.09,  0.25,  0.00,  423532234,  398042000,   23942000,  435574820, java, iotlab1, sing, 25
entry_1701529.class, 11.24,  5.60,  5.44,  0.27,  0.00,  464030302,  430175000,   20911000,  475756251, java, iotlab1, sing, 25
entry_1701529.class, 10.32,  5.11,  4.98,  0.25,  0.00,  424487292,  383176000,   30013000,  436989915, java, iotlab1, sing, 25
entry_1701529.class, 10.14,  5.05,  4.91,  0.25,  0.00,  418914095,  382928000,   23933000,  430958076, java, iotlab1, sing, 25
entry_1716468.class,  8.13,  3.93,  3.83,  0.23,  0.00,  338552511,  304844000,   21988000,  350613839, java, iotlab1, sing, 25
entry_1716468.class,  8.66,  4.22,  4.11,  0.24,  0.00,  361955810,  317100000,   32906000,  373914812, java, iotlab1, sing, 25
entry_1716468.class,  8.75,  4.26,  4.15,  0.25,  0.00,  367410880,  332293000,   17854000,  379967915, java, iotlab1, sing, 25
entry_1716468.class,  8.22,  4.01,  3.91,  0.23,  0.00,  346866978,  309661000,   24972000,  358600954, java, iotlab1, sing, 25
entry_1716468.class,  7.87,  3.83,  3.72,  0.23,  0.00,  330602046,  300443000,   18964000,  343331006, java, iotlab1, sing, 25
entry_1716468.class,  7.95,  3.87,  3.77,  0.23,  0.00,  334732275,  302999000,   19934000,  346448551, java, iotlab1, sing, 25
entry_1716468.class,  8.52,  4.17,  4.06,  0.24,  0.00,  357710382,  328066000,   18946000,  369394722, java, iotlab1, sing, 25
entry_1716468.class,  8.06,  3.92,  3.81,  0.23,  0.00,  340039382,  310383000,   16911000,  351756716, java, iotlab1, sing, 25
entry_1716468.class,  8.12,  3.97,  3.86,  0.23,  0.00,  340716325,  305599000,   23968000,  353202346, java, iotlab1, sing, 25
entry_1716468.class,  8.54,  4.17,  4.05,  0.24,  0.00,  358312404,  331211000,   16010000,  370397524, java, iotlab1, sing, 25
entry_2034706.class, 11.40,  5.31,  5.16,  0.32,  0.00,  453719776,  348602000,   23039000,  468886152, java, iotlab1, sing, 25
entry_2034706.class,  8.80,  4.35,  4.23,  0.25,  0.00,  369693429,  329901000,   29991000,  382287948, java, iotlab1, sing, 25
entry_2034706.class,  8.81,  4.33,  4.21,  0.25,  0.00,  371339414,  339344000,   20020000,  383276886, java, iotlab1, sing, 25
entry_2034706.class,  9.17,  4.51,  4.39,  0.26,  0.00,  385676313,  349949000,   23928000,  397781481, java, iotlab1, sing, 25
entry_2034706.class,  9.13,  4.46,  4.34,  0.25,  0.00,  383137733,  352976000,   17947000,  394805517, java, iotlab1, sing, 25
entry_2034706.class,  9.20,  4.56,  4.44,  0.25,  0.00,  381867108,  357339000,   22957000,  394115894, java, iotlab1, sing, 25
entry_2034706.class,  8.71,  4.29,  4.17,  0.24,  0.00,  367740310,  339916000,   15949000,  379694248, java, iotlab1, sing, 25
entry_2034706.class,  8.70,  4.26,  4.15,  0.24,  0.00,  366378648,  337193000,   18010000,  379184054, java, iotlab1, sing, 25
entry_2034706.class,  9.10,  4.34,  4.21,  0.26,  0.00,  394387533,  331077000,   24005000,  406493225, java, iotlab1, sing, 25
entry_2034706.class,  8.90,  4.33,  4.22,  0.25,  0.00,  372266707,  342683000,   16934000,  384209001, java, iotlab1, sing, 25
entry_2034941.class,  8.90,  4.37,  4.25,  0.25,  0.00,  374074913,  342500000,   19912000,  386138145, java, iotlab1, sing, 25
entry_2034941.class,  8.82,  4.31,  4.18,  0.24,  0.00,  367717392,  340855000,   16992000,  379907635, java, iotlab1, sing, 25
entry_2034941.class,  8.82,  4.31,  4.19,  0.24,  0.00,  369714785,  344233000,   12933000,  381503292, java, iotlab1, sing, 25
entry_2034941.class,  9.57,  4.80,  4.68,  0.26,  0.00,  397424981,  367833000,   27911000,  409363641, java, iotlab1, sing, 25
entry_2034941.class,  8.67,  4.28,  4.16,  0.24,  0.00,  364682973,  334446000,   18968000,  376880224, java, iotlab1, sing, 25
entry_2034941.class,  9.24,  4.54,  4.42,  0.26,  0.00,  388792479,  347152000,   28929000,  400540995, java, iotlab1, sing, 25
entry_2034941.class,  9.26,  4.60,  4.49,  0.25,  0.00,  382921892,  354919000,   25921000,  394854854, java, iotlab1, sing, 25
entry_2034941.class,  9.18,  4.53,  4.40,  0.26,  0.00,  384702297,  355581000,   17978000,  397210165, java, iotlab1, sing, 25
entry_2034941.class,  9.08,  4.50,  4.38,  0.25,  0.00,  382690079,  353012000,   17949000,  394548401, java, iotlab1, sing, 25
entry_2034941.class,  9.06,  4.38,  4.25,  0.26,  0.00,  392543043,  340781000,   17935000,  404662635, java, iotlab1, sing, 25
entry_2174201.class,  7.45,  3.68,  3.59,  0.21,  0.00,  315165578,  286878000,   16992000,  327083627, java, iotlab1, sing, 25
entry_2174201.class,  7.20,  3.51,  3.42,  0.20,  0.00,  303316377,  273900000,   17993000,  315657258, java, iotlab1, sing, 25
entry_2174201.class,  7.16,  3.50,  3.40,  0.20,  0.00,  302114845,  273733000,   16983000,  314183739, java, iotlab1, sing, 25
entry_2174201.class,  7.22,  3.54,  3.44,  0.20,  0.00,  305176341,  275782000,   17985000,  317347232, java, iotlab1, sing, 25
entry_2174201.class,  6.77,  3.32,  3.23,  0.19,  0.00,  287441631,  259080000,   16939000,  299541853, java, iotlab1, sing, 25
entry_2174201.class,  6.74,  3.32,  3.23,  0.19,  0.00,  285543238,  255517000,   17896000,  297780301, java, iotlab1, sing, 25
entry_2174201.class,  6.81,  3.34,  3.25,  0.19,  0.00,  289175654,  260385000,   16960000,  300992439, java, iotlab1, sing, 25
entry_2174201.class,  7.21,  3.53,  3.43,  0.20,  0.00,  304294562,  269747000,   22978000,  316603821, java, iotlab1, sing, 25
entry_2174201.class,  7.22,  3.57,  3.47,  0.20,  0.00,  305181012,  277685000,   15981000,  317201402, java, iotlab1, sing, 25
entry_2174201.class,  7.62,  3.77,  3.66,  0.21,  0.00,  321257480,  288817000,   20986000,  333515247, java, iotlab1, sing, 25
entry_2225723.class,  6.93,  3.38,  3.29,  0.20,  0.00,  293516800,  253901000,   26778000,  305649490, java, iotlab1, sing, 25
entry_2225723.class,  6.67,  3.23,  3.13,  0.20,  0.00,  283593756,  258964000,   12948000,  295577633, java, iotlab1, sing, 25
entry_2225723.class,  6.83,  3.31,  3.22,  0.20,  0.00,  288539417,  260994000,   15938000,  300502602, java, iotlab1, sing, 25
entry_2225723.class,  6.92,  3.36,  3.27,  0.20,  0.00,  294515177,  260470000,   21871000,  306684795, java, iotlab1, sing, 25
entry_2225723.class,  6.78,  3.32,  3.22,  0.20,  0.00,  287114187,  257373000,   17956000,  299177057, java, iotlab1, sing, 25
entry_2225723.class,  6.98,  3.40,  3.31,  0.20,  0.00,  294859972,  268669000,   15980000,  307162787, java, iotlab1, sing, 25
entry_2225723.class,  6.88,  3.35,  3.25,  0.20,  0.00,  290633945,  254395000,   24940000,  303033182, java, iotlab1, sing, 25
entry_2225723.class,  6.87,  3.38,  3.29,  0.20,  0.00,  292111196,  262469000,   17963000,  303848588, java, iotlab1, sing, 25
entry_2225723.class,  6.94,  3.42,  3.33,  0.20,  0.00,  294920273,  266161000,   17010000,  306950776, java, iotlab1, sing, 25
entry_2225723.class,  6.90,  3.40,  3.30,  0.20,  0.00,  291514335,  256318000,   23936000,  304262839, java, iotlab1, sing, 25
entry_2275450.class,  7.50,  3.68,  3.58,  0.22,  0.00,  315598850,  281803000,   10800000,  327775763, java, iotlab1, sing, 25
entry_2275450.class,  6.62,  3.25,  3.16,  0.19,  0.00,  279056366,  247125000,   20925000,  291353233, java, iotlab1, sing, 25
entry_2275450.class,  6.68,  3.26,  3.17,  0.20,  0.00,  282113269,  251614000,   18970000,  294134763, java, iotlab1, sing, 25
entry_2275450.class,  6.76,  3.31,  3.21,  0.20,  0.00,  284932252,  251124000,   22010000,  297323988, java, iotlab1, sing, 25
entry_2275450.class,  6.73,  3.27,  3.18,  0.20,  0.00,  284520730,  256628000,   15914000,  296511628, java, iotlab1, sing, 25
entry_2275450.class,  7.15,  3.50,  3.40,  0.21,  0.00,  301544878,  270874000,   18921000,  313459980, java, iotlab1, sing, 25
entry_2275450.class,  7.02,  3.43,  3.34,  0.21,  0.00,  296568448,  267750000,   16921000,  308481487, java, iotlab1, sing, 25
entry_2275450.class,  6.59,  3.25,  3.16,  0.20,  0.00,  279524747,  247029000,   20917000,  291415906, java, iotlab1, sing, 25
entry_2275450.class,  6.50,  3.20,  3.11,  0.19,  0.00,  275538427,  244003000,   19918000,  287561728, java, iotlab1, sing, 25
entry_2275450.class,  7.09,  3.51,  3.41,  0.21,  0.00,  299924068,  271659000,   15979000,  311924431, java, iotlab1, sing, 25
entry_2342744.class, 10.34,  4.88,  4.73,  0.32,  0.00,  443415752,  372467000,   34856000,  455515690, java, iotlab1, sing, 25
entry_2342744.class, 10.37,  5.07,  4.93,  0.32,  0.00,  436428413,  391529000,   32876000,  448528499, java, iotlab1, sing, 25
entry_2342744.class,  9.89,  4.81,  4.67,  0.30,  0.00,  414512723,  371717000,   30893000,  426384525, java, iotlab1, sing, 25
entry_2342744.class,  9.83,  4.73,  4.60,  0.30,  0.00,  411954694,  367509000,   32956000,  424270950, java, iotlab1, sing, 25
entry_2342744.class, 10.26,  4.99,  4.85,  0.32,  0.00,  431702319,  379183000,   40911000,  444056166, java, iotlab1, sing, 25
entry_2342744.class, 10.26,  5.01,  4.87,  0.32,  0.00,  431463014,  384454000,   35949000,  443975080, java, iotlab1, sing, 25
entry_2342744.class, 10.11,  4.86,  4.72,  0.31,  0.00,  418944214,  369902000,   35893000,  430993767, java, iotlab1, sing, 25
entry_2342744.class, 10.27,  4.95,  4.81,  0.31,  0.00,  426806254,  381458000,   33951000,  439238263, java, iotlab1, sing, 25
entry_2342744.class, 14.84,  7.13,  6.94,  0.45,  0.00,  615741263,  416516000,   33165000,  627376073, java, iotlab1, sing, 25
entry_2342744.class, 10.16,  4.84,  4.71,  0.31,  0.00,  421518627,  374431000,   34853000,  433386061, java, iotlab1, sing, 25
entry_2398203.class,  8.69,  4.16,  4.04,  0.27,  0.00,  363668515,  309190000,   35790000,  375716773, java, iotlab1, sing, 25
entry_2398203.class, 10.52,  5.06,  4.92,  0.32,  0.00,  435640699,  301171000,   41746000,  447313143, java, iotlab1, sing, 25
entry_2398203.class,  8.54,  4.07,  3.94,  0.27,  0.00,  354473221,  301947000,   39861000,  366845699, java, iotlab1, sing, 25
entry_2398203.class,  8.47,  4.11,  3.99,  0.27,  0.00,  355908249,  310014000,   33892000,  367641648, java, iotlab1, sing, 25
entry_2398203.class,  8.86,  4.28,  4.16,  0.28,  0.00,  370540669,  319196000,   40024000,  383142247, java, iotlab1, sing, 25
entry_2398203.class,  9.05,  4.31,  4.18,  0.29,  0.00,  384892200,  332722000,   26977000,  397469522, java, iotlab1, sing, 25
entry_2398203.class,  8.64,  4.21,  4.09,  0.27,  0.00,  362624406,  305281000,   42759000,  375115621, java, iotlab1, sing, 25
entry_2398203.class,  9.08,  4.39,  4.26,  0.28,  0.00,  378501305,  324260000,   41033000,  391196349, java, iotlab1, sing, 25
entry_2398203.class,  8.52,  4.12,  4.00,  0.27,  0.00,  354574310,  315261000,   28023000,  367265530, java, iotlab1, sing, 25
entry_2398203.class,  8.31,  4.04,  3.92,  0.26,  0.00,  350505555,  300728000,   37840000,  362437198, java, iotlab1, sing, 25
entry_2433889.class,  4.93,  2.43,  2.37,  0.13,  0.00,  209941782,  181334000,   16937000,  221940566, java, iotlab1, sing, 25
entry_2433889.class,  5.30,  2.59,  2.52,  0.13,  0.00,  223298930,  196267000,   16021000,  235917028, java, iotlab1, sing, 25
entry_2433889.class,  5.18,  2.56,  2.49,  0.13,  0.00,  220677591,  185902000,   22864000,  232621836, java, iotlab1, sing, 25
entry_2433889.class,  4.89,  2.41,  2.33,  0.13,  0.00,  208132980,  178304000,   18030000,  219969911, java, iotlab1, sing, 25
entry_2433889.class,  4.45,  2.18,  2.12,  0.12,  0.00,  190280257,  162388000,   15939000,  201871869, java, iotlab1, sing, 25
entry_2433889.class,  4.76,  2.33,  2.26,  0.12,  0.00,  201909573,  168413000,   21923000,  213894689, java, iotlab1, sing, 25
entry_2433889.class,  5.39,  2.64,  2.58,  0.13,  0.00,  223617822,  191386000,   20932000,  235770830, java, iotlab1, sing, 25
entry_2433889.class,  5.22,  2.58,  2.51,  0.13,  0.00,  223116823,  184999000,   25999000,  234938545, java, iotlab1, sing, 25
entry_2433889.class,  5.07,  2.49,  2.43,  0.13,  0.00,  215603433,  187331000,   16939000,  227994364, java, iotlab1, sing, 25
entry_2433889.class,  4.50,  2.14,  2.08,  0.12,  0.00,  197815932,  157741000,   14881000,  209648338, java, iotlab1, sing, 25
entry_2433929.class,  8.50,  4.11,  4.00,  0.27,  0.00,  360067952,  308949000,   38742000,  371763258, java, iotlab1, sing, 25
entry_2433929.class,  8.48,  4.08,  3.96,  0.27,  0.00,  356002281,  313193000,   31019000,  368084976, java, iotlab1, sing, 25
entry_2433929.class,  8.46,  4.11,  4.00,  0.27,  0.00,  356579968,  311946000,   33885000,  369020852, java, iotlab1, sing, 25
entry_2433929.class,  8.49,  4.13,  4.02,  0.27,  0.00,  358612236,  297850000,   48811000,  370494036, java, iotlab1, sing, 25
entry_2433929.class,  8.87,  4.30,  4.19,  0.28,  0.00,  374703547,  322684000,   39960000,  386715758, java, iotlab1, sing, 25
entry_2433929.class,  8.43,  4.06,  3.95,  0.27,  0.00,  354672035,  302222000,   39766000,  366465447, java, iotlab1, sing, 25
entry_2433929.class,  8.63,  4.14,  4.02,  0.27,  0.00,  359170380,  312004000,   34888000,  371142009, java, iotlab1, sing, 25
entry_2433929.class,  8.50,  4.10,  3.98,  0.27,  0.00,  357918165,  315227000,   30924000,  370333610, java, iotlab1, sing, 25
entry_2433929.class,  8.38,  4.03,  3.92,  0.26,  0.00,  352528388,  305588000,   34839000,  364931347, java, iotlab1, sing, 25
entry_2433929.class,  8.47,  4.06,  3.94,  0.27,  0.00,  356741235,  310363000,   33821000,  368620247, java, iotlab1, sing, 25
entry_2473788.class,  6.92,  3.37,  3.28,  0.19,  0.00,  292925110,  265666000,   14925000,  304742984, java, iotlab1, sing, 25
entry_2473788.class,  7.29,  3.58,  3.49,  0.21,  0.00,  308341708,  266086000,   30009000,  320995016, java, iotlab1, sing, 25
entry_2473788.class,  7.16,  3.50,  3.41,  0.20,  0.00,  303344509,  271034000,   19928000,  315365043, java, iotlab1, sing, 25
entry_2473788.class,  7.00,  3.43,  3.33,  0.20,  0.00,  297683679,  263860000,   21905000,  309733811, java, iotlab1, sing, 25
entry_2473788.class,  7.43,  3.62,  3.52,  0.21,  0.00,  314816028,  275834000,   26789000,  326650849, java, iotlab1, sing, 25
entry_2473788.class,  7.20,  3.52,  3.43,  0.20,  0.00,  305059554,  268557000,   24958000,  317713997, java, iotlab1, sing, 25
entry_2473788.class,  6.79,  3.33,  3.23,  0.19,  0.00,  288044977,  245880000,   29864000,  300038561, java, iotlab1, sing, 25
entry_2473788.class,  6.77,  3.33,  3.23,  0.19,  0.00,  287132235,  251635000,   23965000,  299565703, java, iotlab1, sing, 25
entry_2473788.class,  6.94,  3.43,  3.34,  0.20,  0.00,  293713398,  257700000,   23972000,  305883481, java, iotlab1, sing, 25
entry_2473788.class,  6.65,  3.26,  3.17,  0.19,  0.00,  282261172,  250992000,   18924000,  294108649, java, iotlab1, sing, 25
entry_2606377.class,  7.20,  3.53,  3.44,  0.20,  0.00,  303236959,  275019000,   15943000,  315372421, java, iotlab1, sing, 25
entry_2606377.class,  7.29,  3.58,  3.48,  0.21,  0.00,  309485092,  279749000,   17919000,  321652546, java, iotlab1, sing, 25
entry_2606377.class,  7.37,  3.63,  3.53,  0.21,  0.00,  312826299,  277631000,   22969000,  324601939, java, iotlab1, sing, 25
entry_2606377.class,  6.85,  3.36,  3.27,  0.19,  0.00,  291472698,  259921000,   19917000,  303651521, java, iotlab1, sing, 25
entry_2606377.class,  7.09,  3.51,  3.42,  0.20,  0.00,  301851744,  275761000,   13987000,  313642195, java, iotlab1, sing, 25
entry_2606377.class,  6.72,  3.32,  3.25,  0.19,  0.00,  286687082,  260867000,   13939000,  299038870, java, iotlab1, sing, 25
entry_2606377.class,  7.15,  3.53,  3.43,  0.20,  0.00,  302650371,  276174000,   13908000,  314567816, java, iotlab1, sing, 25
entry_2606377.class,  7.04,  3.48,  3.38,  0.20,  0.00,  297826007,  267289000,   18949000,  309840412, java, iotlab1, sing, 25
entry_2606377.class,  7.62,  3.76,  3.66,  0.21,  0.00,  320959514,  298288000,   10937000,  332954972, java, iotlab1, sing, 25
entry_2606377.class,  6.93,  3.38,  3.28,  0.19,  0.00,  292531369,  259343000,   20866000,  304434804, java, iotlab1, sing, 25
entry_2893009.class,  7.94,  3.92,  3.82,  0.20,  0.00,  333771516,  292714000,   28873000,  345570249, java, iotlab1, sing, 25
entry_2893009.class,  8.42,  4.10,  3.98,  0.21,  0.00,  361229672,  306987000,   22924000,  373954593, java, iotlab1, sing, 25
entry_2893009.class,  7.69,  3.81,  3.71,  0.19,  0.00,  324278767,  289561000,   22965000,  336298342, java, iotlab1, sing, 25
entry_2893009.class,  9.27,  4.58,  4.47,  0.24,  0.00,  388094955,  352913000,   22929000,  399962110, java, iotlab1, sing, 25
entry_2893009.class,  8.01,  3.99,  3.89,  0.20,  0.00,  337489101,  297531000,   27955000,  349595968, java, iotlab1, sing, 25
entry_2893009.class,  7.66,  3.79,  3.69,  0.19,  0.00,  323298825,  287042000,   23920000,  335073379, java, iotlab1, sing, 25
entry_2893009.class,  9.19,  4.60,  4.48,  0.23,  0.00,  384953270,  353362000,   18912000,  396980069, java, iotlab1, sing, 25
entry_2893009.class,  7.53,  3.72,  3.62,  0.19,  0.00,  317133673,  288724000,   16925000,  329589846, java, iotlab1, sing, 25
entry_2893009.class,  7.52,  3.76,  3.67,  0.19,  0.00,  317834906,  282105000,   22927000,  330236800, java, iotlab1, sing, 25
entry_2893009.class,  7.77,  3.85,  3.75,  0.20,  0.00,  329111531,  299990000,   16942000,  341149517, java, iotlab1, sing, 25
entry_2928349.class,  7.72,  3.76,  3.66,  0.22,  0.00,  325517109,  293370000,   19889000,  337378369, java, iotlab1, sing, 25
entry_2928349.class,  7.60,  3.68,  3.58,  0.22,  0.00,  321568975,  292219000,   16897000,  333476698, java, iotlab1, sing, 25
entry_2928349.class,  7.61,  3.60,  3.49,  0.22,  0.00,  330766225,  271582000,   25864000,  342820238, java, iotlab1, sing, 25
entry_2928349.class,  7.75,  3.75,  3.65,  0.22,  0.00,  324694967,  291547000,   20895000,  336794474, java, iotlab1, sing, 25
entry_2928349.class,  7.58,  3.68,  3.58,  0.22,  0.00,  321175586,  292676000,   15982000,  332879753, java, iotlab1, sing, 25
entry_2928349.class,  7.38,  3.59,  3.49,  0.21,  0.00,  312950297,  284768000,   15931000,  324571320, java, iotlab1, sing, 25
entry_2928349.class,  7.41,  3.59,  3.51,  0.21,  0.00,  311761360,  284863000,   14940000,  323754444, java, iotlab1, sing, 25
entry_2928349.class,  7.43,  3.63,  3.52,  0.21,  0.00,  312563248,  279195000,   20865000,  324438807, java, iotlab1, sing, 25
entry_2928349.class,  7.41,  3.59,  3.48,  0.21,  0.00,  311604747,  280483000,   17839000,  323469205, java, iotlab1, sing, 25
entry_2928349.class,  7.77,  3.75,  3.64,  0.22,  0.00,  324759520,  295924000,   16938000,  336884138, java, iotlab1, sing, 25
entry_3282017.class,  8.24,  4.03,  3.91,  0.23,  0.00,  346586057,  310152000,   23934000,  358556890, java, iotlab1, sing, 25
entry_3282017.class,  8.27,  3.97,  3.86,  0.23,  0.00,  345875964,  309394000,   23876000,  357726881, java, iotlab1, sing, 25
entry_3282017.class,  8.61,  4.18,  4.06,  0.24,  0.00,  359846251,  326367000,   20895000,  371599470, java, iotlab1, sing, 25
entry_3282017.class,  9.04,  4.30,  4.18,  0.26,  0.00,  386536104,  331806000,   21921000,  399260706, java, iotlab1, sing, 25
entry_3282017.class,  8.40,  4.09,  3.97,  0.24,  0.00,  351710808,  315079000,   20872000,  364300049, java, iotlab1, sing, 25
entry_3282017.class,  8.43,  4.08,  3.96,  0.24,  0.00,  350743384,  319659000,   17869000,  362495589, java, iotlab1, sing, 25
entry_3282017.class,  8.38,  4.06,  3.95,  0.24,  0.00,  350814135,  318741000,   19921000,  362876037, java, iotlab1, sing, 25
entry_3282017.class,  8.56,  4.18,  4.06,  0.24,  0.00,  359763602,  320773000,   26897000,  371455021, java, iotlab1, sing, 25
entry_3282017.class,  8.19,  4.01,  3.90,  0.23,  0.00,  345254666,  314795000,   17988000,  357002233, java, iotlab1, sing, 25
entry_3282017.class,  8.35,  4.11,  4.01,  0.24,  0.00,  353436678,  325987000,   15950000,  365428186, java, iotlab1, sing, 25
entry_3729462.class,  9.96,  4.87,  4.74,  0.28,  0.00,  416581833,  375610000,   28893000,  428694314, java, iotlab1, sing, 25
entry_3729462.class,  9.28,  4.59,  4.47,  0.26,  0.00,  385707876,  356746000,   26905000,  397486242, java, iotlab1, sing, 25
entry_3729462.class,  9.52,  4.55,  4.42,  0.27,  0.00,  408937051,  355248000,   22887000,  420971112, java, iotlab1, sing, 25
entry_3729462.class,  9.52,  4.64,  4.51,  0.27,  0.00,  398349486,  362182000,   23945000,  410290708, java, iotlab1, sing, 25
entry_3729462.class,  9.56,  4.67,  4.54,  0.27,  0.00,  400647617,  354250000,   33832000,  412356477, java, iotlab1, sing, 25
entry_3729462.class,  9.90,  4.86,  4.74,  0.28,  0.00,  414524025,  377074000,   24872000,  426281120, java, iotlab1, sing, 25
entry_3729462.class,  9.85,  4.85,  4.72,  0.28,  0.00,  413591199,  371711000,   29896000,  426221752, java, iotlab1, sing, 25
entry_3729462.class,  9.66,  4.80,  4.68,  0.27,  0.00,  400443929,  370504000,   27887000,  412316573, java, iotlab1, sing, 25
entry_3729462.class,  9.25,  4.59,  4.47,  0.26,  0.00,  383054354,  351783000,   28900000,  394930365, java, iotlab1, sing, 25
entry_3729462.class,  9.34,  4.62,  4.50,  0.26,  0.00,  388021681,  355721000,   29976000,  399775550, java, iotlab1, sing, 25
entry_3780059.class,  8.19,  4.03,  3.93,  0.23,  0.00,  345757635,  316557000,   16922000,  357560536, java, iotlab1, sing, 25
entry_3780059.class,  8.18,  4.02,  3.92,  0.23,  0.00,  343882771,  306951000,   24914000,  356542434, java, iotlab1, sing, 25
entry_3780059.class,  9.05,  4.16,  4.03,  0.26,  0.00,  403851950,  321322000,   15966000,  417277150, java, iotlab1, sing, 25
entry_3780059.class,  8.23,  4.01,  3.90,  0.23,  0.00,  343754853,  304243000,   27930000,  356249843, java, iotlab1, sing, 25
entry_3780059.class,  8.41,  4.12,  4.00,  0.24,  0.00,  353071737,  318953000,   22924000,  365753587, java, iotlab1, sing, 25
entry_3780059.class,  8.23,  4.00,  3.90,  0.24,  0.00,  346671434,  312347000,   22952000,  359059713, java, iotlab1, sing, 25
entry_3780059.class,  8.60,  4.21,  4.10,  0.24,  0.00,  360074826,  325367000,   23807000,  371984402, java, iotlab1, sing, 25
entry_3780059.class,  8.23,  4.05,  3.94,  0.23,  0.00,  345291957,  312735000,   20982000,  357679395, java, iotlab1, sing, 25
entry_3780059.class,  8.21,  4.04,  3.93,  0.23,  0.00,  345072036,  309276000,   23866000,  357186757, java, iotlab1, sing, 25
entry_3780059.class,  8.51,  4.16,  4.05,  0.24,  0.00,  359479409,  322093000,   24852000,  371349750, java, iotlab1, sing, 25
entry_3821237.class,  7.20,  3.53,  3.43,  0.20,  0.00,  304228425,  267359000,   24940000,  316036310, java, iotlab1, sing, 25
entry_3821237.class,  7.14,  3.44,  3.34,  0.20,  0.00,  299568907,  268768000,   18913000,  311808768, java, iotlab1, sing, 25
entry_3821237.class,  6.89,  3.35,  3.26,  0.19,  0.00,  289933159,  259169000,   18939000,  301763049, java, iotlab1, sing, 25
entry_3821237.class,  6.81,  3.27,  3.17,  0.19,  0.00,  286536620,  252006000,   19000000,  299221252, java, iotlab1, sing, 25
entry_3821237.class,  7.27,  3.52,  3.42,  0.20,  0.00,  306521066,  277295000,   16896000,  318422725, java, iotlab1, sing, 25
entry_3821237.class,  6.73,  3.27,  3.19,  0.19,  0.00,  285254275,  256279000,   16952000,  297163362, java, iotlab1, sing, 25
entry_3821237.class,  6.84,  3.33,  3.24,  0.19,  0.00,  288585290,  255630000,   21882000,  300753431, java, iotlab1, sing, 25
entry_3821237.class,  6.90,  3.37,  3.27,  0.19,  0.00,  291283407,  262775000,   16985000,  303343946, java, iotlab1, sing, 25
entry_3821237.class,  6.92,  3.37,  3.27,  0.19,  0.00,  291470640,  258493000,   20958000,  303564076, java, iotlab1, sing, 25
entry_3821237.class,  7.29,  3.56,  3.47,  0.20,  0.00,  305937125,  274231000,   19944000,  317896910, java, iotlab1, sing, 25
entry_3833023.class,  7.20,  3.53,  3.45,  0.20,  0.00,  304667552,  271007000,   21919000,  316516110, java, iotlab1, sing, 25
entry_3833023.class,  7.26,  3.55,  3.45,  0.20,  0.00,  304518436,  271452000,   20880000,  316410265, java, iotlab1, sing, 25
entry_3833023.class,  7.24,  3.52,  3.41,  0.20,  0.00,  304517705,  273469000,   18894000,  316344579, java, iotlab1, sing, 25
entry_3833023.class,  7.36,  3.56,  3.46,  0.20,  0.00,  309567371,  280906000,   15881000,  321613426, java, iotlab1, sing, 25
entry_3833023.class,  7.54,  3.69,  3.59,  0.21,  0.00,  318547509,  287733000,   18916000,  330762678, java, iotlab1, sing, 25
entry_3833023.class,  7.82,  3.73,  3.62,  0.22,  0.00,  334166794,  284539000,   23877000,  346131505, java, iotlab1, sing, 25
entry_3833023.class,  7.20,  3.48,  3.39,  0.20,  0.00,  302965066,  266522000,   24955000,  314985204, java, iotlab1, sing, 25
entry_3833023.class,  7.73,  3.76,  3.66,  0.22,  0.00,  324981359,  299955000,   12998000,  336868428, java, iotlab1, sing, 25
entry_3833023.class,  7.54,  3.67,  3.58,  0.21,  0.00,  316499847,  291173000,   13960000,  328996210, java, iotlab1, sing, 25
entry_3833023.class,  7.44,  3.60,  3.51,  0.21,  0.00,  312145479,  280266000,   18950000,  323983316, java, iotlab1, sing, 25
entry_4169924.class,  8.13,  3.97,  3.87,  0.23,  0.00,  342841811,  315592000,   14933000,  354617914, java, iotlab1, sing, 25
entry_4169924.class,  8.37,  4.11,  4.00,  0.24,  0.00,  351762338,  314652000,   25971000,  364338249, java, iotlab1, sing, 25
entry_4169924.class,  8.36,  4.10,  4.00,  0.23,  0.00,  351375379,  313210000,   25934000,  363755060, java, iotlab1, sing, 25
entry_4169924.class,  8.61,  4.21,  4.10,  0.24,  0.00,  360875483,  316329000,   32930000,  372723539, java, iotlab1, sing, 25
entry_4169924.class,  8.18,  4.00,  3.88,  0.23,  0.00,  342753681,  312654000,   18979000,  355365764, java, iotlab1, sing, 25
entry_4169924.class,  8.30,  4.04,  3.94,  0.24,  0.00,  349746956,  318467000,   18909000,  361505942, java, iotlab1, sing, 25
entry_4169924.class,  8.80,  4.20,  4.07,  0.25,  0.00,  378143389,  331424000,   13975000,  390268490, java, iotlab1, sing, 25
entry_4169924.class,  8.51,  4.15,  4.04,  0.24,  0.00,  357762518,  326664000,   18922000,  369888953, java, iotlab1, sing, 25
entry_4169924.class,  8.21,  3.98,  3.87,  0.23,  0.00,  344536941,  307501000,   25957000,  357270059, java, iotlab1, sing, 25
entry_4169924.class,  8.18,  4.03,  3.94,  0.23,  0.00,  344509975,  312905000,   19930000,  356675679, java, iotlab1, sing, 25
entry_4208662.class,  8.28,  4.04,  3.92,  0.24,  0.00,  347560874,  316360000,   18961000,  359525233, java, iotlab1, sing, 25
entry_4208662.class, 12.72,  6.26,  6.10,  0.36,  0.00,  528275850,  334500000,   21517000,  540704490, java, iotlab1, sing, 25
entry_4208662.class,  8.30,  4.06,  3.94,  0.23,  0.00,  347080563,  308378000,   26945000,  359333530, java, iotlab1, sing, 25
entry_4208662.class,  8.11,  3.98,  3.88,  0.23,  0.00,  339941032,  305797000,   23905000,  351871064, java, iotlab1, sing, 25
entry_4208662.class,  8.13,  3.98,  3.88,  0.23,  0.00,  343740349,  306017000,   24839000,  355417678, java, iotlab1, sing, 25
entry_4208662.class,  8.61,  4.23,  4.11,  0.24,  0.00,  355244609,  332081000,   20942000,  367067990, java, iotlab1, sing, 25
entry_4208662.class,  8.53,  4.05,  3.94,  0.24,  0.00,  361744090,  318327000,   16964000,  373971386, java, iotlab1, sing, 25
entry_4208662.class,  8.61,  4.20,  4.08,  0.24,  0.00,  359395089,  333161000,   15007000,  371992740, java, iotlab1, sing, 25
entry_4208662.class,  8.28,  4.03,  3.92,  0.23,  0.00,  345765919,  309086000,   24926000,  357852729, java, iotlab1, sing, 25
entry_4208662.class,  8.54,  4.15,  4.04,  0.24,  0.00,  354583994,  313776000,   24982000,  366754689, java, iotlab1, sing, 25
entry_4382808.class,  8.62,  4.21,  4.09,  0.25,  0.00,  361641840,  331982000,   17944000,  373565057, java, iotlab1, sing, 25
entry_4382808.class,  8.80,  4.25,  4.13,  0.25,  0.00,  364098204,  330825000,   19809000,  375926177, java, iotlab1, sing, 25
entry_4382808.class,  8.12,  3.97,  3.87,  0.23,  0.00,  339792292,  306910000,   21922000,  352221287, java, iotlab1, sing, 25
entry_4382808.class,  8.73,  4.23,  4.12,  0.24,  0.00,  360566293,  323765000,   24981000,  372658132, java, iotlab1, sing, 25
entry_4382808.class,  8.04,  3.97,  3.86,  0.23,  0.00,  337667661,  308802000,   17988000,  350253712, java, iotlab1, sing, 25
entry_4382808.class,  8.59,  4.25,  4.14,  0.24,  0.00,  360748072,  319465000,   28951000,  372475234, java, iotlab1, sing, 25
entry_4382808.class,  8.10,  3.99,  3.88,  0.23,  0.00,  340142975,  308231000,   20947000,  352108049, java, iotlab1, sing, 25
entry_4382808.class,  8.45,  4.08,  3.97,  0.24,  0.00,  363601767,  318443000,   13931000,  375865775, java, iotlab1, sing, 25
entry_4382808.class,  8.14,  4.03,  3.92,  0.23,  0.00,  344601741,  314413000,   17966000,  356578201, java, iotlab1, sing, 25
entry_4382808.class,  8.24,  4.05,  3.94,  0.23,  0.00,  346758036,  314061000,   20937000,  358735380, java, iotlab1, sing, 25
entry_4405527.class,  7.41,  3.67,  3.58,  0.21,  0.00,  312499664,  279899000,   20917000,  324520625, java, iotlab1, sing, 25
entry_4405527.class,  6.82,  3.36,  3.27,  0.20,  0.00,  288944728,  262535000,   14973000,  300804017, java, iotlab1, sing, 25
entry_4405527.class,  6.94,  3.41,  3.31,  0.20,  0.00,  293848598,  271426000,   11017000,  306142243, java, iotlab1, sing, 25
entry_4405527.class,  7.07,  3.47,  3.38,  0.20,  0.00,  298549090,  264112000,   22923000,  310347663, java, iotlab1, sing, 25
entry_4405527.class,  6.97,  3.43,  3.34,  0.20,  0.00,  293800731,  263954000,   17996000,  305685012, java, iotlab1, sing, 25
entry_4405527.class,  6.89,  3.35,  3.26,  0.20,  0.00,  291322014,  253371000,   25935000,  303122068, java, iotlab1, sing, 25
entry_4405527.class,  6.90,  3.35,  3.27,  0.20,  0.00,  290736401,  261503000,   17965000,  303164977, java, iotlab1, sing, 25
entry_4405527.class,  6.81,  3.32,  3.23,  0.20,  0.00,  287593012,  261942000,   13943000,  299374205, java, iotlab1, sing, 25
entry_4405527.class,  6.96,  3.40,  3.31,  0.20,  0.00,  294019326,  268689000,   12985000,  305757904, java, iotlab1, sing, 25
entry_4405527.class,  7.22,  3.47,  3.36,  0.21,  0.00,  310914564,  262999000,   19999000,  323526531, java, iotlab1, sing, 25
entry_4640410.class,  5.29,  2.58,  2.51,  0.15,  0.00,  223667558,  187764000,   23843000,  235513552, java, iotlab1, sing, 25
entry_4640410.class,  5.00,  2.47,  2.40,  0.14,  0.00,  206168647,  184605000,   19957000,  218062465, java, iotlab1, sing, 25
entry_4640410.class,  5.80,  2.86,  2.78,  0.17,  0.00,  238317001,  206675000,   30098000,  250604614, java, iotlab1, sing, 25
entry_4640410.class,  5.50,  2.69,  2.62,  0.16,  0.00,  227121998,  203017000,   23001000,  239334234, java, iotlab1, sing, 25
entry_4640410.class,  5.48,  2.68,  2.61,  0.16,  0.00,  227113938,  209737000,   16056000,  239229891, java, iotlab1, sing, 25
entry_4640410.class,  5.43,  2.65,  2.58,  0.16,  0.00,  224486485,  211672000,   10983000,  236791911, java, iotlab1, sing, 25
entry_4640410.class,  5.29,  2.56,  2.50,  0.15,  0.00,  224103850,  195769000,   16893000,  236011358, java, iotlab1, sing, 25
entry_4640410.class,  5.38,  2.62,  2.54,  0.15,  0.00,  227123312,  194133000,   21902000,  239407171, java, iotlab1, sing, 25
entry_4640410.class,  5.01,  2.46,  2.40,  0.14,  0.00,  206853671,  183410000,   21929000,  218806867, java, iotlab1, sing, 25
entry_4640410.class,  5.09,  2.50,  2.44,  0.15,  0.00,  210199267,  190304000,   18028000,  221939589, java, iotlab1, sing, 25
entry_4696546.class,  8.42,  4.05,  3.93,  0.24,  0.00,  353872794,  305364000,   29937000,  365949839, java, iotlab1, sing, 25
entry_4696546.class,  8.22,  4.00,  3.89,  0.23,  0.00,  344179801,  307960000,   24915000,  356679913, java, iotlab1, sing, 25
entry_4696546.class,  8.43,  4.14,  4.04,  0.24,  0.00,  348654269,  333264000,   13969000,  360907878, java, iotlab1, sing, 25
entry_4696546.class,  8.08,  3.93,  3.83,  0.23,  0.00,  339780194,  308677000,   19979000,  352322035, java, iotlab1, sing, 25
entry_4696546.class,  8.57,  4.19,  4.08,  0.24,  0.00,  358761538,  321755000,   24903000,  370612077, java, iotlab1, sing, 25
entry_4696546.class,  8.37,  4.05,  3.94,  0.24,  0.00,  350752021,  308363000,   29841000,  362515649, java, iotlab1, sing, 25
entry_4696546.class,  8.19,  3.97,  3.86,  0.23,  0.00,  343781900,  312615000,   18916000,  355726630, java, iotlab1, sing, 25
entry_4696546.class,  8.48,  4.13,  4.02,  0.24,  0.00,  354957025,  321846000,   21989000,  367576225, java, iotlab1, sing, 25
entry_4696546.class,  8.55,  4.19,  4.07,  0.24,  0.00,  357751679,  322131000,   23935000,  370043719, java, iotlab1, sing, 25
entry_4696546.class,  8.31,  4.07,  3.95,  0.23,  0.00,  348073377,  302506000,   33832000,  360096029, java, iotlab1, sing, 25
entry_4792393.class,  4.42,  2.13,  2.06,  0.12,  0.00,  188567680,  157900000,   18868000,  200618759, java, iotlab1, sing, 25
entry_4792393.class,  4.49,  2.15,  2.08,  0.13,  0.00,  189158432,  154569000,   23085000,  201696538, java, iotlab1, sing, 25
entry_4792393.class,  4.39,  2.17,  2.12,  0.12,  0.00,  182055856,  156908000,   23985000,  194297703, java, iotlab1, sing, 25
entry_4792393.class,  4.95,  2.41,  2.34,  0.14,  0.00,  208655306,  176629000,   20956000,  221136591, java, iotlab1, sing, 25
entry_4792393.class,  4.53,  2.19,  2.13,  0.13,  0.00,  192572609,  164295000,   15835000,  204496533, java, iotlab1, sing, 25
entry_4792393.class,  4.40,  2.16,  2.11,  0.12,  0.00,  182228773,  164772000,   15977000,  194217570, java, iotlab1, sing, 25
entry_4792393.class,  4.25,  2.11,  2.05,  0.12,  0.00,  176620507,  152300000,   22894000,  188566249, java, iotlab1, sing, 25
entry_4792393.class,  4.64,  2.29,  2.22,  0.13,  0.00,  192583822,  165333000,   23760000,  204329698, java, iotlab1, sing, 25
entry_4792393.class,  4.31,  2.09,  2.03,  0.12,  0.00,  186086869,  151511000,   22926000,  197885852, java, iotlab1, sing, 25
entry_4792393.class,  4.45,  2.14,  2.09,  0.13,  0.00,  189461934,  155293000,   22895000,  201815409, java, iotlab1, sing, 25
entry_4967259.class,  8.35,  4.08,  3.97,  0.24,  0.00,  350770138,  317628000,   21974000,  362731693, java, iotlab1, sing, 25
entry_4967259.class,  8.60,  4.21,  4.10,  0.24,  0.00,  362753379,  332588000,   17923000,  374434155, java, iotlab1, sing, 25
entry_4967259.class,  8.27,  4.01,  3.90,  0.24,  0.00,  346334174,  311594000,   22970000,  358154328, java, iotlab1, sing, 25
entry_4967259.class,  8.12,  3.94,  3.83,  0.23,  0.00,  342451848,  311020000,   19937000,  354504800, java, iotlab1, sing, 25
entry_4967259.class,  8.47,  4.11,  4.01,  0.24,  0.00,  356098099,  324641000,   18862000,  368007749, java, iotlab1, sing, 25
entry_4967259.class,  8.78,  4.22,  4.10,  0.25,  0.00,  375791351,  329638000,   18979000,  387881565, java, iotlab1, sing, 25
entry_4967259.class,  8.12,  3.95,  3.84,  0.23,  0.00,  341749353,  306478000,   22886000,  353428249, java, iotlab1, sing, 25
entry_4967259.class,  8.16,  3.95,  3.84,  0.23,  0.00,  343762415,  304466000,   26864000,  355519161, java, iotlab1, sing, 25
entry_4967259.class,  8.10,  3.93,  3.82,  0.23,  0.00,  340112570,  303036000,   24920000,  351798220, java, iotlab1, sing, 25
entry_4967259.class,  8.11,  3.94,  3.84,  0.23,  0.00,  340594868,  301389000,   26856000,  352636317, java, iotlab1, sing, 25
entry_4997773.class,  8.85,  4.34,  4.21,  0.25,  0.00,  371223335,  340988000,   18052000,  383202628, java, iotlab1, sing, 25
entry_4997773.class,  8.79,  4.29,  4.17,  0.25,  0.00,  368159471,  334611000,   21974000,  380339461, java, iotlab1, sing, 25
entry_4997773.class,  9.22,  4.50,  4.38,  0.26,  0.00,  385745232,  353453000,   19912000,  398088348, java, iotlab1, sing, 25
entry_4997773.class,  9.20,  4.53,  4.41,  0.26,  0.00,  386173182,  349351000,   24953000,  398198829, java, iotlab1, sing, 25
entry_4997773.class,  9.12,  4.51,  4.40,  0.26,  0.00,  384111632,  351539000,   21032000,  396510734, java, iotlab1, sing, 25
entry_4997773.class,  8.63,  4.21,  4.09,  0.24,  0.00,  363871050,  323599000,   28875000,  376337011, java, iotlab1, sing, 25
entry_4997773.class,  8.81,  4.26,  4.15,  0.25,  0.00,  370132428,  339762000,   17987000,  381970685, java, iotlab1, sing, 25
entry_4997773.class,  8.97,  4.37,  4.24,  0.25,  0.00,  374747465,  342844000,   20929000,  387075918, java, iotlab1, sing, 25
entry_4997773.class,  8.73,  4.25,  4.13,  0.24,  0.00,  364736551,  334400000,   18909000,  377193702, java, iotlab1, sing, 25
entry_4997773.class,  9.21,  4.52,  4.41,  0.26,  0.00,  383850943,  353617000,   17929000,  395838192, java, iotlab1, sing, 25
entry_5211077.class,  8.22,  3.98,  3.87,  0.23,  0.00,  342513832,  312327000,   17961000,  354647912, java, iotlab1, sing, 25
entry_5211077.class,  8.17,  3.95,  3.84,  0.23,  0.00,  341481762,  313460000,   15921000,  353256042, java, iotlab1, sing, 25
entry_5211077.class,  7.74,  3.69,  3.59,  0.22,  0.00,  322669310,  288430000,   22954000,  335267675, java, iotlab1, sing, 25
entry_5211077.class,  8.17,  3.91,  3.80,  0.23,  0.00,  341728774,  309011000,   20933000,  353738192, java, iotlab1, sing, 25
entry_5211077.class,  8.23,  3.98,  3.88,  0.23,  0.00,  345125157,  312076000,   17889000,  357552472, java, iotlab1, sing, 25
entry_5211077.class,  7.63,  3.71,  3.61,  0.22,  0.00,  321543835,  288166000,   22012000,  333882831, java, iotlab1, sing, 25
entry_5211077.class,  8.16,  3.87,  3.75,  0.24,  0.00,  352291728,  297719000,   22901000,  364171421, java, iotlab1, sing, 25
entry_5211077.class,  7.96,  3.88,  3.78,  0.22,  0.00,  335535448,  303882000,   20923000,  347829715, java, iotlab1, sing, 25
entry_5211077.class,  8.09,  3.94,  3.83,  0.23,  0.00,  339540129,  308235000,   19950000,  352619224, java, iotlab1, sing, 25
entry_5211077.class,  8.13,  3.91,  3.80,  0.23,  0.00,  341545742,  311920000,   17937000,  353675547, java, iotlab1, sing, 25
entry_5256267.class,  8.13,  3.96,  3.85,  0.23,  0.00,  339961588,  314257000,   14011000,  351971830, java, iotlab1, sing, 25
entry_5256267.class,  7.61,  3.72,  3.62,  0.21,  0.00,  317356699,  280828000,   24984000,  329783427, java, iotlab1, sing, 25
entry_5256267.class,  7.16,  3.50,  3.41,  0.20,  0.00,  301581030,  277916000,   11953000,  313336999, java, iotlab1, sing, 25
entry_5256267.class,  7.36,  3.57,  3.48,  0.20,  0.00,  310744884,  282714000,   17043000,  323831460, java, iotlab1, sing, 25
entry_5256267.class,  7.50,  3.65,  3.55,  0.21,  0.00,  314294656,  288251000,   13963000,  326090502, java, iotlab1, sing, 25
entry_5256267.class,  7.58,  3.68,  3.58,  0.21,  0.00,  317302878,  280592000,   24963000,  329387190, java, iotlab1, sing, 25
entry_5256267.class,  7.39,  3.59,  3.49,  0.20,  0.00,  309296622,  280227000,   17013000,  321380343, java, iotlab1, sing, 25
entry_5256267.class,  7.22,  3.52,  3.43,  0.20,  0.00,  303773804,  266389000,   26038000,  315851385, java, iotlab1, sing, 25
entry_5256267.class,  7.99,  3.89,  3.78,  0.22,  0.00,  334536805,  299596000,   22892000,  346829326, java, iotlab1, sing, 25
entry_5256267.class,  7.32,  3.59,  3.49,  0.20,  0.00,  307520427,  279732000,   15927000,  319417120, java, iotlab1, sing, 25
entry_5270965.class,  9.00,  4.42,  4.30,  0.25,  0.00,  378711254,  338890000,   27908000,  390668469, java, iotlab1, sing, 25
entry_5270965.class,  9.06,  4.40,  4.28,  0.25,  0.00,  378890296,  344970000,   21934000,  390683561, java, iotlab1, sing, 25
entry_5270965.class,  9.36,  4.55,  4.43,  0.26,  0.00,  389755483,  351459000,   26958000,  402289919, java, iotlab1, sing, 25
entry_5270965.class,  8.96,  4.38,  4.26,  0.25,  0.00,  375745476,  350945000,   12961000,  387797216, java, iotlab1, sing, 25
entry_5270965.class,  8.99,  4.36,  4.25,  0.25,  0.00,  376860392,  345834000,   18936000,  388579225, java, iotlab1, sing, 25
entry_5270965.class,  9.04,  4.41,  4.30,  0.25,  0.00,  378746821,  342171000,   24939000,  390387503, java, iotlab1, sing, 25
entry_5270965.class,  9.00,  4.39,  4.27,  0.25,  0.00,  377021690,  349937000,   14954000,  389113970, java, iotlab1, sing, 25
entry_5270965.class,  9.09,  4.45,  4.34,  0.25,  0.00,  381748808,  347664000,   22977000,  394346240, java, iotlab1, sing, 25
entry_5270965.class,  9.02,  4.35,  4.23,  0.25,  0.00,  376293059,  352309000,   12010000,  388614948, java, iotlab1, sing, 25
entry_5270965.class,  9.34,  4.56,  4.44,  0.26,  0.00,  391746364,  359170000,   22010000,  404289154, java, iotlab1, sing, 25
entry_5285581.class,  6.78,  3.30,  3.20,  0.19,  0.00,  285516907,  258728000,   14926000,  297453046, java, iotlab1, sing, 25
entry_5285581.class,  7.54,  3.70,  3.60,  0.21,  0.00,  317338152,  288631000,   16978000,  329411129, java, iotlab1, sing, 25
entry_5285581.class,  7.33,  3.60,  3.50,  0.20,  0.00,  306876971,  278504000,   16969000,  318778098, java, iotlab1, sing, 25
entry_5285581.class,  6.93,  3.36,  3.28,  0.19,  0.00,  291358123,  268569000,   10982000,  303522992, java, iotlab1, sing, 25
entry_5285581.class,  6.75,  3.26,  3.18,  0.19,  0.00,  285479004,  251335000,   21855000,  297434935, java, iotlab1, sing, 25
entry_5285581.class,  7.18,  3.47,  3.38,  0.20,  0.00,  302262163,  272595000,   17973000,  314276726, java, iotlab1, sing, 25
entry_5285581.class,  7.28,  3.53,  3.42,  0.20,  0.00,  304665568,  273329000,   19951000,  316786030, java, iotlab1, sing, 25
entry_5285581.class,  7.31,  3.58,  3.48,  0.20,  0.00,  305815330,  275268000,   19018000,  317853837, java, iotlab1, sing, 25
entry_5285581.class,  6.92,  3.37,  3.28,  0.19,  0.00,  292324645,  262339000,   17954000,  304175665, java, iotlab1, sing, 25
entry_5285581.class,  7.41,  3.51,  3.41,  0.21,  0.00,  317069363,  275077000,   13902000,  329122367, java, iotlab1, sing, 25
entry_5335739.class,  7.74,  3.78,  3.68,  0.22,  0.00,  323681589,  300293000,   13967000,  336361414, java, iotlab1, sing, 25
entry_5335739.class,  7.64,  3.74,  3.63,  0.22,  0.00,  320166511,  286807000,   21908000,  331933696, java, iotlab1, sing, 25
entry_5335739.class,  8.53,  4.19,  4.09,  0.24,  0.00,  354811292,  317733000,   24900000,  366964869, java, iotlab1, sing, 25
entry_5335739.class,  7.75,  3.80,  3.70,  0.22,  0.00,  324678918,  293005000,   19932000,  336664389, java, iotlab1, sing, 25
entry_5335739.class,  7.60,  3.71,  3.60,  0.22,  0.00,  318692059,  293293000,   13966000,  330510626, java, iotlab1, sing, 25
entry_5335739.class,  7.61,  3.72,  3.62,  0.22,  0.00,  319130868,  294265000,   12967000,  330900569, java, iotlab1, sing, 25
entry_5335739.class,  7.65,  3.71,  3.61,  0.22,  0.00,  319699642,  286310000,   21947000,  331572037, java, iotlab1, sing, 25
entry_5335739.class,  7.93,  3.84,  3.73,  0.22,  0.00,  331644958,  296891000,   22914000,  343486943, java, iotlab1, sing, 25
entry_5335739.class,  7.66,  3.72,  3.62,  0.22,  0.00,  320677372,  290432000,   17903000,  332552602, java, iotlab1, sing, 25
entry_5335739.class,  7.82,  3.83,  3.73,  0.22,  0.00,  327841938,  297503000,   18968000,  339931825, java, iotlab1, sing, 25
entry_5501416.class,  9.01,  4.37,  4.24,  0.26,  0.00,  375975893,  336687000,   27891000,  387953039, java, iotlab1, sing, 25
entry_5501416.class,  8.54,  4.15,  4.04,  0.25,  0.00,  356673311,  323908000,   23993000,  369177022, java, iotlab1, sing, 25
entry_5501416.class,  8.60,  4.22,  4.11,  0.25,  0.00,  358733427,  322593000,   23969000,  370555819, java, iotlab1, sing, 25
entry_5501416.class, 12.53,  6.05,  5.88,  0.37,  0.00,  523524124,  338653000,   22511000,  535111327, java, iotlab1, sing, 25
entry_5501416.class,  8.95,  4.36,  4.24,  0.26,  0.00,  373426316,  341424000,   20964000,  385709467, java, iotlab1, sing, 25
entry_5501416.class,  8.58,  4.17,  4.06,  0.25,  0.00,  358973470,  322652000,   23900000,  370890099, java, iotlab1, sing, 25
entry_5501416.class,  8.40,  4.10,  3.99,  0.25,  0.00,  352675675,  315636000,   24971000,  364746146, java, iotlab1, sing, 25
entry_5501416.class, 13.36,  6.40,  6.24,  0.40,  0.00,  557113958,  335786000,   27063000,  569321276, java, iotlab1, sing, 25
entry_5501416.class,  9.15,  4.43,  4.31,  0.27,  0.00,  381612512,  355230000,   14967000,  393880412, java, iotlab1, sing, 25
entry_5501416.class,  8.53,  4.11,  4.00,  0.25,  0.00,  356025890,  323472000,   19906000,  367736982, java, iotlab1, sing, 25
entry_6033772.class,  7.60,  3.71,  3.61,  0.21,  0.00,  317565126,  289453000,   16967000,  329450287, java, iotlab1, sing, 25
entry_6033772.class,  6.98,  3.46,  3.37,  0.19,  0.00,  288775271,  269197000,   17946000,  300540340, java, iotlab1, sing, 25
entry_6033772.class,  7.49,  3.67,  3.57,  0.21,  0.00,  313734485,  282844000,   15991000,  326357305, java, iotlab1, sing, 25
entry_6033772.class,  7.13,  3.47,  3.38,  0.20,  0.00,  299139536,  273286000,   13963000,  311018234, java, iotlab1, sing, 25
entry_6033772.class,  7.32,  3.51,  3.42,  0.20,  0.00,  304731576,  277253000,   15957000,  316657122, java, iotlab1, sing, 25
entry_6033772.class,  7.09,  3.46,  3.37,  0.20,  0.00,  297292156,  267124000,   19008000,  309803379, java, iotlab1, sing, 25
entry_6033772.class,  6.89,  3.35,  3.26,  0.19,  0.00,  289355694,  258518000,   19038000,  301662282, java, iotlab1, sing, 25
entry_6033772.class,  6.65,  3.25,  3.16,  0.19,  0.00,  281321975,  249396000,   19951000,  293239620, java, iotlab1, sing, 25
entry_6033772.class,  7.28,  3.51,  3.41,  0.20,  0.00,  303303748,  265495000,   24859000,  315448157, java, iotlab1, sing, 25
entry_6033772.class,  7.04,  3.39,  3.29,  0.19,  0.00,  294303658,  262484000,   19960000,  306477625, java, iotlab1, sing, 25
entry_6126194.class,  7.34,  3.50,  3.40,  0.21,  0.00,  305108246,  273747000,   19981000,  317182429, java, iotlab1, sing, 25
entry_6126194.class,  7.61,  3.56,  3.45,  0.22,  0.00,  327827661,  275543000,   18900000,  340104422, java, iotlab1, sing, 25
entry_6126194.class,  7.14,  3.45,  3.36,  0.21,  0.00,  298935629,  264883000,   21907000,  310716287, java, iotlab1, sing, 25
entry_6126194.class,  6.93,  3.34,  3.24,  0.20,  0.00,  289577358,  257018000,   20920000,  301560285, java, iotlab1, sing, 25
entry_6126194.class,  7.07,  3.41,  3.32,  0.21,  0.00,  295812196,  270027000,   14001000,  307538254, java, iotlab1, sing, 25
entry_6126194.class,  7.14,  3.41,  3.32,  0.21,  0.00,  294816113,  264985000,   12999000,  307367812, java, iotlab1, sing, 25
entry_6126194.class,  7.01,  3.38,  3.29,  0.21,  0.00,  294922755,  262279000,   20942000,  306637866, java, iotlab1, sing, 25
entry_6126194.class,  7.14,  3.44,  3.35,  0.21,  0.00,  299628065,  270467000,   17898000,  311651311, java, iotlab1, sing, 25
entry_6126194.class,  7.21,  3.46,  3.37,  0.21,  0.00,  302063869,  277046000,   12908000,  314004844, java, iotlab1, sing, 25
entry_6126194.class,  7.41,  3.55,  3.45,  0.22,  0.00,  308644323,  269418000,   27836000,  321205518, java, iotlab1, sing, 25
entry_6126197.class,  7.11,  3.44,  3.35,  0.21,  0.00,  299500656,  265332000,   21862000,  311463955, java, iotlab1, sing, 25
entry_6126197.class,  7.10,  3.39,  3.30,  0.21,  0.00,  298692534,  262012000,   24906000,  310407522, java, iotlab1, sing, 25
entry_6126197.class,  6.83,  3.29,  3.20,  0.20,  0.00,  288760517,  253915000,   22902000,  300612975, java, iotlab1, sing, 25
entry_6126197.class,  7.43,  3.51,  3.41,  0.22,  0.00,  322770688,  263637000,   26861000,  334761418, java, iotlab1, sing, 25
entry_6126197.class,  6.93,  3.34,  3.26,  0.20,  0.00,  292643781,  263234000,   17880000,  305201595, java, iotlab1, sing, 25
entry_6126197.class,  7.19,  3.48,  3.39,  0.21,  0.00,  303112202,  271353000,   19952000,  314949833, java, iotlab1, sing, 25
entry_6126197.class,  6.93,  3.35,  3.25,  0.20,  0.00,  291490303,  260526000,   18893000,  303569305, java, iotlab1, sing, 25
entry_6126197.class,  7.16,  3.44,  3.35,  0.21,  0.00,  301704717,  273880000,   15934000,  313628198, java, iotlab1, sing, 25
entry_6126197.class,  7.10,  3.42,  3.33,  0.21,  0.00,  299676063,  276985000,   10959000,  311570923, java, iotlab1, sing, 25
entry_6126197.class,  7.08,  3.40,  3.30,  0.21,  0.00,  295945634,  269287000,   14960000,  308080003, java, iotlab1, sing, 25
entry_6557049.class,  8.68,  4.20,  4.08,  0.25,  0.00,  365119178,  330024000,   22932000,  376963463, java, iotlab1, sing, 25
entry_6557049.class,  8.84,  4.26,  4.15,  0.25,  0.00,  371066526,  332807000,   26903000,  383425844, java, iotlab1, sing, 25
entry_6557049.class,  8.79,  4.26,  4.15,  0.25,  0.00,  369651279,  339016000,   18000000,  381872217, java, iotlab1, sing, 25
entry_6557049.class,  8.88,  4.35,  4.24,  0.25,  0.00,  373916193,  339349000,   22956000,  386095866, java, iotlab1, sing, 25
entry_6557049.class,  8.83,  4.30,  4.19,  0.25,  0.00,  371888771,  333968000,   26916000,  384246377, java, iotlab1, sing, 25
entry_6557049.class,  8.96,  4.40,  4.28,  0.25,  0.00,  376613278,  337725000,   26978000,  388442676, java, iotlab1, sing, 25
entry_6557049.class,  8.81,  4.31,  4.20,  0.25,  0.00,  371134278,  340550000,   18974000,  383120025, java, iotlab1, sing, 25
entry_6557049.class,  9.00,  4.42,  4.30,  0.25,  0.00,  379600756,  341021000,   26922000,  391785736, java, iotlab1, sing, 25
entry_6557049.class,  9.04,  4.41,  4.29,  0.25,  0.00,  379981841,  345828000,   22988000,  392611695, java, iotlab1, sing, 25
entry_6557049.class,  8.56,  4.15,  4.05,  0.24,  0.00,  362292555,  334005000,   15952000,  374450898, java, iotlab1, sing, 25
entry_6612555.class,  8.47,  4.10,  3.99,  0.24,  0.00,  355704323,  321928000,   21927000,  367721899, java, iotlab1, sing, 25
entry_6612555.class,  8.69,  4.24,  4.13,  0.24,  0.00,  362746329,  329896000,   20929000,  374479294, java, iotlab1, sing, 25
entry_6612555.class,  8.38,  4.07,  3.96,  0.24,  0.00,  352695797,  320042000,   19878000,  364558682, java, iotlab1, sing, 25
entry_6612555.class,  8.72,  4.25,  4.14,  0.24,  0.00,  364750531,  325018000,   27915000,  376778274, java, iotlab1, sing, 25
entry_6612555.class,  8.30,  3.98,  3.88,  0.23,  0.00,  341762894,  309268000,   20950000,  354299535, java, iotlab1, sing, 25
entry_6612555.class,  8.62,  4.09,  3.97,  0.24,  0.00,  369686258,  314153000,   21940000,  381569607, java, iotlab1, sing, 25
entry_6612555.class,  8.20,  4.04,  3.93,  0.23,  0.00,  344754679,  312069000,   20937000,  356678527, java, iotlab1, sing, 25
entry_6612555.class,  8.19,  4.02,  3.92,  0.23,  0.00,  344376117,  308653000,   24129000,  357086866, java, iotlab1, sing, 25
entry_6612555.class,  8.29,  4.08,  3.97,  0.23,  0.00,  347860559,  308805000,   26895000,  359553780, java, iotlab1, sing, 25
entry_6612555.class,  8.14,  3.98,  3.87,  0.23,  0.00,  342454584,  312781000,   17987000,  354445529, java, iotlab1, sing, 25
entry_6647626.class,  7.51,  3.69,  3.60,  0.21,  0.00,  314845469,  283204000,   19873000,  326917554, java, iotlab1, sing, 25
entry_6647626.class,  8.02,  3.92,  3.82,  0.23,  0.00,  334259250,  303962000,   18997000,  346792559, java, iotlab1, sing, 25
entry_6647626.class,  7.41,  3.63,  3.54,  0.21,  0.00,  309492698,  271970000,   25997000,  321621118, java, iotlab1, sing, 25
entry_6647626.class,  7.38,  3.62,  3.52,  0.21,  0.00,  309529030,  272527000,   24956000,  321613208, java, iotlab1, sing, 25
entry_6647626.class,  7.80,  3.82,  3.72,  0.22,  0.00,  325799667,  294904000,   18929000,  337572554, java, iotlab1, sing, 25
entry_6647626.class,  8.15,  3.99,  3.88,  0.23,  0.00,  339547308,  308046000,   18880000,  351232336, java, iotlab1, sing, 25
entry_6647626.class,  7.73,  3.75,  3.64,  0.21,  0.00,  327764854,  282004000,   24912000,  339792452, java, iotlab1, sing, 25
entry_6647626.class,  7.31,  3.59,  3.50,  0.20,  0.00,  306117273,  272929000,   21994000,  318722199, java, iotlab1, sing, 25
entry_6647626.class,  7.48,  3.67,  3.57,  0.21,  0.00,  312031760,  283747000,   16984000,  324225433, java, iotlab1, sing, 25
entry_6647626.class,  8.17,  4.02,  3.92,  0.23,  0.00,  341117953,  307437000,   21959000,  353044751, java, iotlab1, sing, 25
entry_6723781.class,  8.33,  4.04,  3.93,  0.24,  0.00,  349485534,  315301000,   22876000,  361556571, java, iotlab1, sing, 25
entry_6723781.class,  8.19,  4.00,  3.90,  0.24,  0.00,  343087916,  309956000,   22922000,  355021889, java, iotlab1, sing, 25
entry_6723781.class,  8.67,  4.22,  4.11,  0.25,  0.00,  363408659,  332255000,   19955000,  375614743, java, iotlab1, sing, 25
entry_6723781.class,  8.16,  3.97,  3.85,  0.24,  0.00,  341888842,  303667000,   25886000,  353886595, java, iotlab1, sing, 25
entry_6723781.class,  8.27,  4.04,  3.94,  0.24,  0.00,  347877545,  308005000,   28906000,  360475014, java, iotlab1, sing, 25
entry_6723781.class,  8.18,  3.99,  3.88,  0.24,  0.00,  343787794,  301970000,   29898000,  355571242, java, iotlab1, sing, 25
entry_6723781.class,  8.57,  4.14,  4.04,  0.25,  0.00,  359883198,  319748000,   27977000,  371583455, java, iotlab1, sing, 25
entry_6723781.class,  8.85,  4.21,  4.10,  0.26,  0.00,  381896846,  327338000,   22953000,  394441412, java, iotlab1, sing, 25
entry_6723781.class,  8.61,  4.24,  4.13,  0.25,  0.00,  361336609,  327717000,   23979000,  373799260, java, iotlab1, sing, 25
entry_6723781.class,  8.54,  4.17,  4.06,  0.25,  0.00,  357871496,  329792000,   15941000,  369781564, java, iotlab1, sing, 25
entry_6797623.class,  8.11,  3.95,  3.84,  0.23,  0.00,  339437770,  308309000,   19955000,  351420067, java, iotlab1, sing, 25
entry_6797623.class,  8.25,  4.04,  3.93,  0.23,  0.00,  345745654,  309151000,   24931000,  357954005, java, iotlab1, sing, 25
entry_6797623.class,  8.56,  4.21,  4.09,  0.24,  0.00,  357784237,  323824000,   22916000,  370168366, java, iotlab1, sing, 25
entry_6797623.class,  8.14,  3.97,  3.86,  0.23,  0.00,  341742243,  306920000,   22919000,  353536955, java, iotlab1, sing, 25
entry_6797623.class,  8.71,  4.27,  4.16,  0.25,  0.00,  363915068,  331577000,   20973000,  376463843, java, iotlab1, sing, 25
entry_6797623.class,  8.58,  4.20,  4.09,  0.24,  0.00,  357495034,  319762000,   26979000,  370092522, java, iotlab1, sing, 25
entry_6797623.class,  8.28,  4.03,  3.92,  0.23,  0.00,  347753896,  309493000,   25874000,  359637335, java, iotlab1, sing, 25
entry_6797623.class,  8.75,  4.26,  4.14,  0.25,  0.00,  363811103,  331535000,   20970000,  376486732, java, iotlab1, sing, 25
entry_6797623.class,  8.38,  4.00,  3.89,  0.24,  0.00,  359126374,  300217000,   29020000,  371916007, java, iotlab1, sing, 25
entry_6797623.class,  8.38,  4.10,  3.99,  0.24,  0.00,  350745467,  316491000,   21895000,  362581270, java, iotlab1, sing, 25
entry_6820560.class,  8.27,  3.97,  3.86,  0.23,  0.00,  344124436,  304353000,   27940000,  356081880, java, iotlab1, sing, 25
entry_6820560.class,  8.33,  4.04,  3.93,  0.23,  0.00,  346070702,  312698000,   21908000,  358186662, java, iotlab1, sing, 25
entry_6820560.class,  8.67,  4.20,  4.10,  0.24,  0.00,  359731421,  320613000,   27879000,  372234471, java, iotlab1, sing, 25
entry_6820560.class,  8.41,  4.07,  3.95,  0.23,  0.00,  348072468,  317355000,   18902000,  360033585, java, iotlab1, sing, 25
entry_6820560.class,  8.52,  4.09,  3.98,  0.24,  0.00,  348687712,  315008000,   20868000,  361144601, java, iotlab1, sing, 25
entry_6820560.class,  8.72,  4.21,  4.10,  0.24,  0.00,  358318136,  323037000,   23002000,  370193462, java, iotlab1, sing, 25
entry_6820560.class,  8.82,  4.28,  4.16,  0.25,  0.00,  365625435,  327801000,   22846000,  377632070, java, iotlab1, sing, 25
entry_6820560.class,  8.19,  4.00,  3.89,  0.23,  0.00,  342746141,  316888000,   13951000,  354643302, java, iotlab1, sing, 25
entry_6820560.class,  8.52,  4.16,  4.04,  0.24,  0.00,  356444969,  323199000,   20883000,  368146965, java, iotlab1, sing, 25
entry_6820560.class,  8.52,  4.07,  3.95,  0.24,  0.00,  365856292,  309158000,   23934000,  378054707, java, iotlab1, sing, 25
entry_6820565.class,  8.32,  4.06,  3.94,  0.23,  0.00,  347400640,  312398000,   22955000,  359465848, java, iotlab1, sing, 25
entry_6820565.class,  8.22,  3.99,  3.89,  0.23,  0.00,  342744203,  318228000,   12968000,  354652724, java, iotlab1, sing, 25
entry_6820565.class,  8.39,  4.07,  3.96,  0.24,  0.00,  350955001,  309542000,   28864000,  362736057, java, iotlab1, sing, 25
entry_6820565.class,  8.41,  4.08,  3.97,  0.24,  0.00,  351785914,  318277000,   21950000,  363783962, java, iotlab1, sing, 25
entry_6820565.class,  8.67,  4.21,  4.09,  0.25,  0.00,  360574780,  328017000,   21001000,  372984273, java, iotlab1, sing, 25
entry_6820565.class,  8.25,  4.03,  3.91,  0.24,  0.00,  344763007,  310022000,   22927000,  357240221, java, iotlab1, sing, 25
entry_6820565.class,  8.41,  4.09,  3.99,  0.24,  0.00,  352388398,  321471000,   19027000,  364435529, java, iotlab1, sing, 25
entry_6820565.class,  8.56,  4.16,  4.05,  0.24,  0.00,  360770843,  328476000,   19907000,  372775445, java, iotlab1, sing, 25
entry_6820565.class,  8.88,  4.36,  4.24,  0.25,  0.00,  371117718,  334244000,   24943000,  382886509, java, iotlab1, sing, 25
entry_6820565.class,  8.21,  4.01,  3.90,  0.23,  0.00,  344737798,  307942000,   24914000,  356767517, java, iotlab1, sing, 25
entry_6975933.class,  8.44,  4.13,  4.02,  0.23,  0.00,  354953866,  323483000,   18969000,  366804478, java, iotlab1, sing, 25
entry_6975933.class,  8.27,  4.05,  3.95,  0.23,  0.00,  347603913,  310184000,   25848000,  360084152, java, iotlab1, sing, 25
entry_6975933.class,  8.66,  4.24,  4.14,  0.24,  0.00,  364466686,  330344000,   21890000,  376192187, java, iotlab1, sing, 25
entry_6975933.class,  8.34,  4.09,  3.98,  0.23,  0.00,  350580569,  318911000,   19931000,  362845027, java, iotlab1, sing, 25
entry_6975933.class,  8.43,  4.12,  4.01,  0.23,  0.00,  352590828,  320380000,   19961000,  364528071, java, iotlab1, sing, 25
entry_6975933.class,  8.50,  4.16,  4.05,  0.23,  0.00,  355188673,  321558000,   21901000,  367036550, java, iotlab1, sing, 25
entry_6975933.class,  8.67,  4.22,  4.11,  0.24,  0.00,  361526962,  327553000,   21903000,  373352843, java, iotlab1, sing, 25
entry_6975933.class,  8.30,  4.06,  3.95,  0.23,  0.00,  347589016,  313684000,   21908000,  359661243, java, iotlab1, sing, 25
entry_6975933.class,  8.58,  4.20,  4.08,  0.23,  0.00,  358657182,  330544000,   15929000,  370434704, java, iotlab1, sing, 25
entry_6975933.class,  9.03,  4.42,  4.30,  0.25,  0.00,  377581313,  340542000,   25965000,  389642296, java, iotlab1, sing, 25
entry_7553981.class,  9.18,  4.45,  4.33,  0.26,  0.00,  385112817,  356410000,   16971000,  397078736, java, iotlab1, sing, 25
entry_7553981.class,  9.36,  4.57,  4.45,  0.26,  0.00,  392352269,  352348000,   29028000,  404509063, java, iotlab1, sing, 25
entry_7553981.class,  8.89,  4.32,  4.20,  0.25,  0.00,  372885514,  347221000,   14966000,  384949751, java, iotlab1, sing, 25
entry_7553981.class,  8.86,  4.34,  4.22,  0.25,  0.00,  370751591,  342494000,   17973000,  382771766, java, iotlab1, sing, 25
entry_7553981.class,  9.30,  4.56,  4.44,  0.26,  0.00,  389114976,  351412000,   25956000,  400749125, java, iotlab1, sing, 25
entry_7553981.class,  9.21,  4.49,  4.37,  0.26,  0.00,  388171116,  354062000,   23004000,  400897060, java, iotlab1, sing, 25
entry_7553981.class,  8.71,  4.26,  4.15,  0.24,  0.00,  365263918,  335480000,   19969000,  377321076, java, iotlab1, sing, 25
entry_7553981.class,  9.05,  4.43,  4.31,  0.25,  0.00,  378287198,  348340000,   18017000,  390398105, java, iotlab1, sing, 25
entry_7553981.class,  8.94,  4.33,  4.21,  0.25,  0.00,  375003691,  339148000,   23939000,  387101473, java, iotlab1, sing, 25
entry_7553981.class,  8.86,  4.33,  4.21,  0.25,  0.00,  371836226,  338225000,   21949000,  383895440, java, iotlab1, sing, 25
entry_7685807.class,  7.64,  3.71,  3.60,  0.22,  0.00,  320046398,  293098000,   15005000,  332090428, java, iotlab1, sing, 25
entry_7685807.class,  7.97,  3.90,  3.79,  0.23,  0.00,  332878322,  297828000,   23986000,  345348233, java, iotlab1, sing, 25
entry_7685807.class, 10.99,  5.34,  5.20,  0.32,  0.00,  463038636,  284074000,   17816000,  475536504, java, iotlab1, sing, 25
entry_7685807.class,  7.81,  3.75,  3.64,  0.22,  0.00,  324541747,  297500000,   14974000,  336540141, java, iotlab1, sing, 25
entry_7685807.class,  7.41,  3.61,  3.51,  0.21,  0.00,  310542763,  282097000,   15892000,  322530053, java, iotlab1, sing, 25
entry_7685807.class,  7.66,  3.74,  3.63,  0.22,  0.00,  322299048,  287323000,   22945000,  334270586, java, iotlab1, sing, 25
entry_7685807.class, 10.27,  5.01,  4.88,  0.30,  0.00,  426908679,  280025000,   20561000,  439919885, java, iotlab1, sing, 25
entry_7685807.class,  7.86,  3.79,  3.69,  0.23,  0.00,  327117019,  269262000,   25024000,  351151310, java, iotlab1, sing, 25
entry_7685807.class,  7.74,  3.74,  3.64,  0.22,  0.00,  323512459,  292103000,   19938000,  335814620, java, iotlab1, sing, 25
entry_7685807.class,  7.50,  3.64,  3.54,  0.22,  0.00,  315545729,  285362000,   17897000,  327627709, java, iotlab1, sing, 25
entry_7750769.class,  8.12,  3.99,  3.88,  0.23,  0.00,  340755707,  309164000,   19946000,  352742088, java, iotlab1, sing, 25
entry_7750769.class,  8.22,  4.03,  3.93,  0.23,  0.00,  343132619,  308130000,   25926000,  355578390, java, iotlab1, sing, 25
entry_7750769.class,  8.36,  4.07,  3.95,  0.24,  0.00,  349747243,  308951000,   25828000,  362104008, java, iotlab1, sing, 25
entry_7750769.class,  8.54,  4.12,  4.02,  0.24,  0.00,  357368836,  329422000,   15972000,  369272584, java, iotlab1, sing, 25
entry_7750769.class,  8.24,  4.02,  3.91,  0.23,  0.00,  345653554,  310466000,   23958000,  357668782, java, iotlab1, sing, 25
entry_7750769.class,  8.20,  4.00,  3.90,  0.23,  0.00,  344467961,  304103000,   28009000,  356215712, java, iotlab1, sing, 25
entry_7750769.class,  8.27,  4.05,  3.95,  0.23,  0.00,  344740165,  317545000,   17974000,  356815410, java, iotlab1, sing, 25
entry_7750769.class,  8.73,  4.28,  4.16,  0.25,  0.00,  363892192,  321670000,   29876000,  375646560, java, iotlab1, sing, 25
entry_7750769.class,  8.22,  4.01,  3.91,  0.23,  0.00,  343113810,  310006000,   22000000,  355679052, java, iotlab1, sing, 25
entry_7750769.class,  8.24,  4.03,  3.93,  0.23,  0.00,  344759944,  311876000,   20924000,  356546016, java, iotlab1, sing, 25
entry_7851025.class,  8.62,  4.26,  4.15,  0.24,  0.00,  354215756,  327830000,   23914000,  365933283, java, iotlab1, sing, 25
entry_7851025.class,  9.05,  4.45,  4.33,  0.25,  0.00,  378270503,  342620000,   24043000,  390394121, java, iotlab1, sing, 25
entry_7851025.class,  8.94,  4.39,  4.28,  0.25,  0.00,  374728075,  342029000,   20940000,  386915011, java, iotlab1, sing, 25
entry_7851025.class,  8.89,  4.39,  4.27,  0.25,  0.00,  373133407,  341992000,   18999000,  385136918, java, iotlab1, sing, 25
entry_7851025.class,  8.89,  4.39,  4.27,  0.25,  0.00,  372115687,  342623000,   17980000,  384455866, java, iotlab1, sing, 25
entry_7851025.class,  8.91,  4.41,  4.30,  0.25,  0.00,  372759058,  335790000,   24910000,  385167157, java, iotlab1, sing, 25
entry_7851025.class,  8.84,  4.38,  4.26,  0.24,  0.00,  369445166,  334160000,   23939000,  381434691, java, iotlab1, sing, 25
entry_7851025.class,  8.81,  4.34,  4.22,  0.24,  0.00,  366810578,  332411000,   22959000,  379219071, java, iotlab1, sing, 25
entry_7851025.class,  8.91,  4.39,  4.28,  0.25,  0.00,  372788352,  338369000,   22889000,  385225475, java, iotlab1, sing, 25
entry_7851025.class,  9.21,  4.52,  4.41,  0.26,  0.00,  382917744,  348194000,   22946000,  394984673, java, iotlab1, sing, 25
entry_7938427.class,  8.56,  4.13,  4.02,  0.23,  0.00,  350080687,  317502000,   18910000,  361730830, java, iotlab1, sing, 25
entry_7938427.class,  8.32,  4.14,  4.03,  0.23,  0.00,  340771038,  309986000,   26825000,  353324971, java, iotlab1, sing, 25
entry_7938427.class,  8.24,  4.14,  4.04,  0.22,  0.00,  339759867,  317534000,   19908000,  351502683, java, iotlab1, sing, 25
entry_7938427.class,  8.37,  4.19,  4.08,  0.22,  0.00,  344830653,  324079000,   18946000,  356496620, java, iotlab1, sing, 25
entry_7938427.class,  8.58,  4.29,  4.18,  0.23,  0.00,  358897767,  321506000,   25960000,  371429194, java, iotlab1, sing, 25
entry_7938427.class,  8.62,  4.31,  4.20,  0.23,  0.00,  360151533,  326751000,   21983000,  372534837, java, iotlab1, sing, 25
entry_7938427.class,  8.45,  4.23,  4.12,  0.23,  0.00,  354047973,  317513000,   24883000,  365958314, java, iotlab1, sing, 25
entry_7938427.class,  8.72,  4.35,  4.23,  0.24,  0.00,  364612425,  334855000,   17938000,  377000137, java, iotlab1, sing, 25
entry_7938427.class,  8.53,  4.24,  4.13,  0.23,  0.00,  357665361,  324794000,   20922000,  369485507, java, iotlab1, sing, 25
entry_7938427.class,  8.52,  4.27,  4.15,  0.23,  0.00,  354654257,  322828000,   19927000,  366649004, java, iotlab1, sing, 25
entry_7938513.class,  8.65,  4.30,  4.19,  0.23,  0.00,  359680657,  329750000,   18928000,  371714800, java, iotlab1, sing, 25
entry_7938513.class,  8.32,  4.16,  4.05,  0.23,  0.00,  349315746,  316655000,   20977000,  361153182, java, iotlab1, sing, 25
entry_7938513.class,  8.61,  4.30,  4.19,  0.23,  0.00,  360693614,  325654000,   22975000,  372686790, java, iotlab1, sing, 25
entry_7938513.class,  8.59,  4.29,  4.18,  0.23,  0.00,  357581485,  326599000,   18976000,  369560380, java, iotlab1, sing, 25
entry_7938513.class,  8.36,  4.16,  4.05,  0.23,  0.00,  349686053,  317957000,   20997000,  362436011, java, iotlab1, sing, 25
entry_7938513.class,  8.37,  4.24,  4.13,  0.22,  0.00,  341764120,  325954000,   17102000,  354400875, java, iotlab1, sing, 25
entry_7938513.class,  8.47,  4.22,  4.12,  0.23,  0.00,  351568336,  324606000,   18089000,  363395923, java, iotlab1, sing, 25
entry_7938513.class,  8.55,  4.23,  4.11,  0.23,  0.00,  354816553,  324972000,   21128000,  366986173, java, iotlab1, sing, 25
entry_7938513.class,  8.45,  4.22,  4.10,  0.23,  0.00,  349594393,  320094000,   20068000,  361485260, java, iotlab1, sing, 25
entry_7938513.class,  8.49,  4.23,  4.12,  0.23,  0.00,  352648245,  316790000,   27153000,  364784833, java, iotlab1, sing, 25
entry_7960446.class,  8.26,  4.04,  3.93,  0.23,  0.00,  344675086,  318439000,   17077000,  356770737, java, iotlab1, sing, 25
entry_7960446.class,  8.53,  4.09,  3.97,  0.24,  0.00,  354926637,  318313000,   18074000,  366964310, java, iotlab1, sing, 25
entry_7960446.class,  8.71,  4.27,  4.16,  0.25,  0.00,  362850406,  330476000,   23103000,  375416899, java, iotlab1, sing, 25
entry_7960446.class,  8.25,  4.06,  3.95,  0.23,  0.00,  344680510,  313091000,   22076000,  356887406, java, iotlab1, sing, 25
entry_7960446.class,  8.07,  3.95,  3.85,  0.23,  0.00,  334997903,  304555000,   21107000,  346963219, java, iotlab1, sing, 25
entry_7960446.class,  8.36,  4.11,  4.01,  0.24,  0.00,  348672379,  319631000,   19037000,  360378117, java, iotlab1, sing, 25
entry_7960446.class,  8.43,  4.13,  4.02,  0.24,  0.00,  351679351,  322300000,   20080000,  363464203, java, iotlab1, sing, 25
entry_7960446.class,  8.33,  4.06,  3.95,  0.23,  0.00,  348115115,  319319000,   19078000,  360070624, java, iotlab1, sing, 25
entry_7960446.class,  8.23,  4.03,  3.93,  0.23,  0.00,  344855703,  317258000,   18071000,  356990227, java, iotlab1, sing, 25
entry_7960446.class,  8.58,  4.22,  4.10,  0.24,  0.00,  356934685,  326874000,   20053000,  368629720, java, iotlab1, sing, 25
entry_7978937.class,  7.18,  3.50,  3.41,  0.20,  0.00,  301136959,  268552000,   22045000,  313142701, java, iotlab1, sing, 25
entry_7978937.class,  7.10,  3.49,  3.39,  0.20,  0.00,  290917630,  277585000,   13027000,  302875186, java, iotlab1, sing, 25
entry_7978937.class,  7.36,  3.53,  3.43,  0.21,  0.00,  316063992,  267703000,   20976000,  327879026, java, iotlab1, sing, 25
entry_7978937.class,  6.85,  3.35,  3.26,  0.19,  0.00,  288925156,  260404000,   18097000,  300820427, java, iotlab1, sing, 25
entry_7978937.class,  6.95,  3.39,  3.29,  0.19,  0.00,  291694380,  267996000,   12999000,  303441708, java, iotlab1, sing, 25
entry_7978937.class,  7.03,  3.42,  3.33,  0.20,  0.00,  295230272,  265922000,   19066000,  307190537, java, iotlab1, sing, 25
entry_7978937.class,  7.11,  3.49,  3.40,  0.20,  0.00,  298121171,  271706000,   16041000,  310339052, java, iotlab1, sing, 25
entry_7978937.class,  6.72,  3.29,  3.20,  0.19,  0.00,  282090523,  250793000,   21066000,  294219734, java, iotlab1, sing, 25
entry_7978937.class,  7.56,  3.70,  3.60,  0.21,  0.00,  316662408,  289245000,   17014000,  328228209, java, iotlab1, sing, 25
entry_7978937.class,  7.14,  3.50,  3.41,  0.20,  0.00,  297098291,  268388000,   17024000,  308949909, java, iotlab1, sing, 25
entry_804494.class,  8.35,  4.09,  3.99,  0.24,  0.00,  349586559,  321848000,   17044000,  361525618, java, iotlab1, sing, 25
entry_804494.class,  8.67,  4.28,  4.16,  0.25,  0.00,  361564927,  330823000,   20049000,  373520973, java, iotlab1, sing, 25
entry_804494.class,  8.60,  4.22,  4.10,  0.25,  0.00,  357724022,  327955000,   18997000,  369529023, java, iotlab1, sing, 25
entry_804494.class,  8.38,  4.11,  4.00,  0.24,  0.00,  348733128,  313494000,   25039000,  360876852, java, iotlab1, sing, 25
entry_804494.class,  8.76,  4.20,  4.08,  0.25,  0.00,  373691493,  332436000,   13976000,  385617525, java, iotlab1, sing, 25
entry_804494.class,  8.55,  4.21,  4.10,  0.24,  0.00,  355740225,  327766000,   18042000,  368628993, java, iotlab1, sing, 25
entry_804494.class,  8.52,  4.19,  4.07,  0.24,  0.00,  355728492,  326369000,   19021000,  367730216, java, iotlab1, sing, 25
entry_804494.class,  8.56,  4.18,  4.07,  0.24,  0.00,  357484442,  325400000,   20961000,  369280908, java, iotlab1, sing, 25
entry_804494.class,  8.59,  4.19,  4.08,  0.24,  0.00,  358528210,  321164000,   27013000,  370793886, java, iotlab1, sing, 25
entry_804494.class,  8.44,  4.16,  4.04,  0.24,  0.00,  351769588,  315624000,   26051000,  364003074, java, iotlab1, sing, 25
entry_826527.class,  8.47,  4.17,  4.06,  0.24,  0.00,  352863814,  316822000,   24986000,  364459208, java, iotlab1, sing, 25
entry_826527.class,  8.63,  4.24,  4.12,  0.25,  0.00,  358140738,  328623000,   19036000,  370024495, java, iotlab1, sing, 25
entry_826527.class,  8.65,  4.25,  4.13,  0.25,  0.00,  357956169,  322182000,   25014000,  370385253, java, iotlab1, sing, 25
entry_826527.class,  8.17,  4.02,  3.91,  0.23,  0.00,  340475273,  310045000,   20002000,  352563981, java, iotlab1, sing, 25
entry_826527.class,  8.12,  4.00,  3.90,  0.23,  0.00,  340321669,  308472000,   21100000,  352420473, java, iotlab1, sing, 25
entry_826527.class,  8.50,  4.12,  4.01,  0.24,  0.00,  362124503,  305640000,   27967000,  374193727, java, iotlab1, sing, 25
entry_826527.class,  8.68,  4.27,  4.16,  0.25,  0.00,  359028070,  325100000,   24007000,  370869588, java, iotlab1, sing, 25
entry_826527.class,  8.56,  4.22,  4.10,  0.24,  0.00,  354594556,  316911000,   27077000,  367153189, java, iotlab1, sing, 25
entry_826527.class,  8.15,  4.00,  3.89,  0.23,  0.00,  339818890,  309851000,   18990000,  351630136, java, iotlab1, sing, 25
entry_826527.class,  8.26,  4.08,  3.98,  0.24,  0.00,  343894010,  317577000,   16029000,  356160112, java, iotlab1, sing, 25
entry_8396710.class,  8.67,  4.25,  4.13,  0.25,  0.00,  363142330,  332717000,   18983000,  374886432, java, iotlab1, sing, 25
entry_8396710.class,  8.45,  4.18,  4.07,  0.24,  0.00,  353596199,  319118000,   24008000,  366020919, java, iotlab1, sing, 25
entry_8396710.class,  8.85,  4.36,  4.26,  0.25,  0.00,  370902762,  339736000,   19984000,  382730396, java, iotlab1, sing, 25
entry_8396710.class,  8.31,  4.07,  3.96,  0.23,  0.00,  345734095,  314997000,   19999000,  357888876, java, iotlab1, sing, 25
entry_8396710.class,  8.60,  4.18,  4.08,  0.24,  0.00,  357116308,  325549000,   19972000,  368950477, java, iotlab1, sing, 25
entry_8396710.class,  8.20,  3.98,  3.87,  0.23,  0.00,  339296530,  313022000,   15049000,  351666590, java, iotlab1, sing, 25
entry_8396710.class,  9.01,  4.34,  4.22,  0.25,  0.00,  366746804,  330355000,   23953000,  378494299, java, iotlab1, sing, 25
entry_8396710.class,  8.83,  4.27,  4.15,  0.25,  0.00,  362728645,  331783000,   19986000,  374492883, java, iotlab1, sing, 25
entry_8396710.class,  8.13,  3.96,  3.86,  0.23,  0.00,  337597700,  312564000,   13980000,  349411175, java, iotlab1, sing, 25
entry_8396710.class,  8.37,  4.08,  3.97,  0.23,  0.00,  347549582,  319784000,   16988000,  359334976, java, iotlab1, sing, 25
entry_8623490.class, 13.42,  6.67,  6.50,  0.33,  0.00,  549511003,  517676000,   20986000,  561532269, java, iotlab1, sing, 25
entry_8623490.class, 10.60,  5.28,  5.14,  0.26,  0.00,  436364431,  404555000,   21028000,  448436116, java, iotlab1, sing, 25
entry_8623490.class, 10.59,  5.29,  5.15,  0.27,  0.00,  436048216,  402079000,   23004000,  448007505, java, iotlab1, sing, 25
entry_8623490.class, 10.29,  5.11,  4.97,  0.26,  0.00,  423499926,  385862000,   26990000,  435969978, java, iotlab1, sing, 25
entry_8623490.class, 11.22,  5.61,  5.47,  0.28,  0.00,  461475416,  427841000,   22991000,  474305302, java, iotlab1, sing, 25
entry_8623490.class, 13.07,  6.54,  6.38,  0.32,  0.00,  538075042,  506212000,   20926000,  549983559, java, iotlab1, sing, 25
entry_8623490.class, 10.52,  5.27,  5.13,  0.26,  0.00,  434027694,  399866000,   23049000,  446474807, java, iotlab1, sing, 25
entry_8623490.class, 10.15,  5.06,  4.92,  0.26,  0.00,  419461226,  380291000,   29098000,  432086755, java, iotlab1, sing, 25
entry_8623490.class, 12.33,  6.17,  6.01,  0.30,  0.00,  508698747,  474340000,   23016000,  520757097, java, iotlab1, sing, 25
entry_8623490.class, 10.37,  5.16,  5.03,  0.26,  0.00,  429378747,  395195000,   22953000,  441314912, java, iotlab1, sing, 25
entry_8895507.class,  7.18,  3.51,  3.42,  0.20,  0.00,  300090520,  276980000,   11999000,  312191924, java, iotlab1, sing, 25
entry_8895507.class,  6.93,  3.39,  3.30,  0.19,  0.00,  290326702,  268116000,   11004000,  302424934, java, iotlab1, sing, 25
entry_8895507.class,  7.64,  3.74,  3.64,  0.22,  0.00,  319882594,  291450000,   17026000,  331871239, java, iotlab1, sing, 25
entry_8895507.class,  7.00,  3.41,  3.33,  0.19,  0.00,  292792185,  267926000,   12996000,  304460443, java, iotlab1, sing, 25
entry_8895507.class,  7.01,  3.41,  3.32,  0.19,  0.00,  292104520,  265824000,   14990000,  304220730, java, iotlab1, sing, 25
entry_8895507.class,  7.29,  3.41,  3.31,  0.20,  0.00,  308534911,  267510000,   14916000,  321036532, java, iotlab1, sing, 25
entry_8895507.class,  7.22,  3.53,  3.44,  0.20,  0.00,  302108328,  277620000,   12982000,  313945302, java, iotlab1, sing, 25
entry_8895507.class,  7.03,  3.43,  3.34,  0.20,  0.00,  292828421,  260507000,   21958000,  305357054, java, iotlab1, sing, 25
entry_8895507.class,  7.83,  3.80,  3.70,  0.22,  0.00,  325305023,  298710000,   14985000,  337100938, java, iotlab1, sing, 25
entry_8895507.class,  7.90,  3.84,  3.73,  0.22,  0.00,  326616136,  304081000,   10966000,  338801696, java, iotlab1, sing, 25
entry_8895518.class,  7.21,  3.52,  3.43,  0.20,  0.00,  300078461,  272668000,   15980000,  312122803, java, iotlab1, sing, 25
entry_8895518.class,  7.78,  3.81,  3.70,  0.21,  0.00,  324131549,  296092000,   17005000,  336440790, java, iotlab1, sing, 25
entry_8895518.class,  7.86,  3.88,  3.78,  0.21,  0.00,  327286948,  299509000,   15973000,  339457210, java, iotlab1, sing, 25
entry_8895518.class,  7.53,  3.69,  3.59,  0.21,  0.00,  314119929,  294466000,    9014000,  326609409, java, iotlab1, sing, 25
entry_8895518.class,  7.88,  3.93,  3.83,  0.21,  0.00,  322173589,  309330000,   12012000,  334410977, java, iotlab1, sing, 25
entry_8895518.class,  7.26,  3.63,  3.53,  0.20,  0.00,  297606960,  280688000,   15982000,  309735305, java, iotlab1, sing, 25
entry_8895518.class,  7.59,  3.74,  3.64,  0.21,  0.00,  317336374,  289851000,   15991000,  329342347, java, iotlab1, sing, 25
entry_8895518.class,  7.42,  3.65,  3.55,  0.20,  0.00,  309094890,  282878000,   15993000,  321504801, java, iotlab1, sing, 25
entry_8895518.class,  7.19,  3.52,  3.43,  0.20,  0.00,  301204760,  275876000,   13993000,  313700246, java, iotlab1, sing, 25
entry_8895518.class,  7.93,  3.93,  3.83,  0.21,  0.00,  329743189,  304812000,   13991000,  341591129, java, iotlab1, sing, 25
entry_9152588.class,  8.11,  3.97,  3.85,  0.23,  0.00,  338550651,  308659000,   17922000,  350796596, java, iotlab1, sing, 25
entry_9152588.class,  9.91,  4.81,  4.68,  0.27,  0.00,  400080894,  329822000,   10829000,  413550503, java, iotlab1, sing, 25
entry_9152588.class, 10.22,  4.98,  4.85,  0.29,  0.00,  422572006,  317965000,   17493000,  447176628, java, iotlab1, sing, 25
entry_9152588.class,  8.12,  3.96,  3.86,  0.23,  0.00,  338281627,  313613000,   13067000,  350507014, java, iotlab1, sing, 25
entry_9152588.class,  8.59,  4.17,  4.05,  0.24,  0.00,  353956712,  326614000,   16030000,  365969822, java, iotlab1, sing, 25
entry_9152588.class,  8.48,  4.15,  4.03,  0.24,  0.00,  351607780,  324805000,   15990000,  364138734, java, iotlab1, sing, 25
entry_9152588.class,  8.35,  4.00,  3.88,  0.24,  0.00,  354120808,  310157000,   16953000,  366134193, java, iotlab1, sing, 25
entry_9152588.class,  8.27,  4.06,  3.94,  0.23,  0.00,  343644461,  316192000,   15959000,  355810076, java, iotlab1, sing, 25
entry_9152588.class,  8.38,  4.09,  3.98,  0.24,  0.00,  348695250,  318414000,   18965000,  361316909, java, iotlab1, sing, 25
entry_9152588.class,  8.53,  4.16,  4.05,  0.24,  0.00,  355731008,  329499000,   14977000,  367837767, java, iotlab1, sing, 25
entry_9242870.class,  8.47,  4.19,  4.09,  0.24,  0.00,  354434172,  323923000,   18937000,  366196455, java, iotlab1, sing, 25
entry_9242870.class,  8.39,  4.09,  3.99,  0.24,  0.00,  347746361,  315770000,   19922000,  359540806, java, iotlab1, sing, 25
entry_9242870.class,  8.29,  4.06,  3.95,  0.23,  0.00,  345399192,  322870000,   10995000,  357304603, java, iotlab1, sing, 25
entry_9242870.class,  8.30,  4.06,  3.95,  0.23,  0.00,  345106200,  316169000,   16955000,  357064864, java, iotlab1, sing, 25
entry_9242870.class,  8.60,  4.22,  4.11,  0.24,  0.00,  356207594,  330091000,   17004000,  368640179, java, iotlab1, sing, 25
entry_9242870.class,  8.33,  4.07,  3.96,  0.23,  0.00,  347259074,  316404000,   19024000,  359418175, java, iotlab1, sing, 25
entry_9242870.class,  8.30,  4.05,  3.93,  0.23,  0.00,  344746505,  320386000,   13015000,  356696592, java, iotlab1, sing, 25
entry_9242870.class,  8.85,  4.25,  4.14,  0.25,  0.00,  374636248,  331225000,   16960000,  386558474, java, iotlab1, sing, 25
entry_9242870.class,  8.30,  4.05,  3.93,  0.23,  0.00,  346873300,  320792000,   13947000,  358796470, java, iotlab1, sing, 25
entry_9242870.class,  8.24,  4.01,  3.91,  0.23,  0.00,  344725297,  319935000,   12956000,  356445821, java, iotlab1, sing, 25
entry_9251626.class,  8.36,  4.10,  3.98,  0.23,  0.00,  347926992,  323405000,   12976000,  359941523, java, iotlab1, sing, 25
entry_9251626.class,  8.52,  4.21,  4.10,  0.24,  0.00,  355739220,  326170000,   17954000,  367631778, java, iotlab1, sing, 25
entry_9251626.class,  8.82,  4.34,  4.22,  0.25,  0.00,  366734446,  333671000,   21912000,  379241670, java, iotlab1, sing, 25
entry_9251626.class,  8.27,  4.04,  3.93,  0.23,  0.00,  344742594,  315170000,   17952000,  356769781, java, iotlab1, sing, 25
entry_9251626.class,  8.11,  4.03,  3.93,  0.22,  0.00,  332807520,  313339000,   17962000,  344532381, java, iotlab1, sing, 25
entry_9251626.class,  8.57,  4.19,  4.07,  0.24,  0.00,  356120019,  331075000,   14003000,  368709491, java, iotlab1, sing, 25
entry_9251626.class,  8.23,  4.02,  3.92,  0.23,  0.00,  343645305,  312868000,   19991000,  356643910, java, iotlab1, sing, 25
entry_9251626.class,  8.26,  4.04,  3.93,  0.23,  0.00,  345831318,  316141000,   17951000,  357687040, java, iotlab1, sing, 25
entry_9251626.class,  9.01,  4.30,  4.17,  0.26,  0.00,  383614567,  332498000,   17972000,  395314537, java, iotlab1, sing, 25
entry_9251626.class,  8.35,  4.05,  3.94,  0.24,  0.00,  349216770,  318265000,   18956000,  361223340, java, iotlab1, sing, 25
entry_9372654.class, 10.41,  5.02,  4.89,  0.29,  0.00,  420496104,  378995000,   28999000,  432452601, java, iotlab1, sing, 25
entry_9372654.class,  8.90,  4.32,  4.20,  0.24,  0.00,  364931253,  333617000,   19977000,  377098815, java, iotlab1, sing, 25
entry_9372654.class,  9.96,  4.78,  4.66,  0.28,  0.00,  405978901,  375271000,   20014000,  418551405, java, iotlab1, sing, 25
entry_9372654.class,  8.57,  4.14,  4.03,  0.23,  0.00,  352228697,  318343000,   21954000,  364222530, java, iotlab1, sing, 25
entry_9372654.class,  9.93,  4.83,  4.71,  0.28,  0.00,  404573314,  379843000,   13994000,  416773720, java, iotlab1, sing, 25
entry_9372654.class,  9.00,  4.37,  4.26,  0.25,  0.00,  367972456,  336167000,   19950000,  379687113, java, iotlab1, sing, 25
entry_9372654.class,  9.03,  4.42,  4.31,  0.25,  0.00,  368088559,  340374000,   14928000,  380131753, java, iotlab1, sing, 25
entry_9372654.class,  8.53,  4.20,  4.08,  0.23,  0.00,  350963221,  321377000,   19022000,  363458181, java, iotlab1, sing, 25
entry_9372654.class,  8.46,  4.08,  3.97,  0.23,  0.00,  356698567,  305246000,   23940000,  369274486, java, iotlab1, sing, 25
entry_9372654.class,  9.47,  4.65,  4.53,  0.26,  0.00,  391677474,  362296000,   17965000,  403598317, java, iotlab1, sing, 25
entry_9378864.class,  8.40,  4.09,  3.98,  0.24,  0.00,  350119620,  314546000,   24041000,  362160162, java, iotlab1, sing, 25
entry_9378864.class,  8.40,  4.08,  3.97,  0.24,  0.00,  349101315,  319258000,   19075000,  361754077, java, iotlab1, sing, 25
entry_9378864.class,  8.54,  4.15,  4.04,  0.24,  0.00,  355709695,  324382000,   19962000,  367944666, java, iotlab1, sing, 25
entry_9378864.class,  8.46,  4.09,  3.98,  0.24,  0.00,  352666064,  325058000,   15953000,  364774323, java, iotlab1, sing, 25
entry_9378864.class,  8.31,  4.03,  3.92,  0.24,  0.00,  346640715,  316203000,   18952000,  358516767, java, iotlab1, sing, 25
entry_9378864.class,  8.90,  4.29,  4.18,  0.25,  0.00,  368572930,  335661000,   20978000,  380460527, java, iotlab1, sing, 25
entry_9378864.class,  8.91,  4.32,  4.20,  0.25,  0.00,  370241886,  339239000,   19013000,  382302480, java, iotlab1, sing, 25
entry_9378864.class,  8.53,  4.14,  4.02,  0.24,  0.00,  355076408,  329834000,   13950000,  367322926, java, iotlab1, sing, 25
entry_9378864.class,  8.75,  4.25,  4.14,  0.25,  0.00,  364055907,  329920000,   22924000,  376471516, java, iotlab1, sing, 25
entry_9378864.class,  8.73,  4.21,  4.10,  0.25,  0.00,  362422011,  325333000,   24872000,  374541414, java, iotlab1, sing, 25
entry_9378891.class,  8.46,  4.11,  3.99,  0.24,  0.00,  350669190,  316208000,   22942000,  362774865, java, iotlab1, sing, 25
entry_9378891.class,  8.44,  4.08,  3.97,  0.24,  0.00,  350249780,  319796000,   17988000,  361964590, java, iotlab1, sing, 25
entry_9378891.class,  8.59,  4.19,  4.08,  0.24,  0.00,  357810030,  327488000,   18970000,  369996340, java, iotlab1, sing, 25
entry_9378891.class,  8.59,  4.21,  4.09,  0.24,  0.00,  358299695,  327193000,   19011000,  370286476, java, iotlab1, sing, 25
entry_9378891.class,  8.54,  4.18,  4.07,  0.24,  0.00,  354562424,  321814000,   20922000,  366582445, java, iotlab1, sing, 25
entry_9378891.class,  8.30,  4.06,  3.96,  0.24,  0.00,  347233357,  317390000,   17965000,  358949310, java, iotlab1, sing, 25
entry_9378891.class,  8.42,  4.10,  3.98,  0.24,  0.00,  350264654,  315373000,   23027000,  362007830, java, iotlab1, sing, 25
entry_9378891.class,  8.37,  4.08,  3.96,  0.24,  0.00,  348077683,  319625000,   16980000,  360100563, java, iotlab1, sing, 25
entry_9378891.class,  8.34,  4.07,  3.96,  0.24,  0.00,  346036767,  319574000,   14980000,  358531487, java, iotlab1, sing, 25
entry_9378891.class,  8.79,  4.23,  4.11,  0.25,  0.00,  360556953,  336142000,   11969000,  372454539, java, iotlab1, sing, 25
entry_9379256.class,  8.47,  4.11,  4.00,  0.24,  0.00,  352111053,  324574000,   17030000,  364215194, java, iotlab1, sing, 25
entry_9379256.class,  9.04,  4.41,  4.29,  0.25,  0.00,  375560000,  342767000,   20924000,  387657305, java, iotlab1, sing, 25
entry_9379256.class,  8.64,  4.28,  4.17,  0.24,  0.00,  353496484,  332746000,   18928000,  365198316, java, iotlab1, sing, 25
entry_9379256.class,  8.81,  4.29,  4.17,  0.25,  0.00,  364628950,  341522000,   10952000,  376508291, java, iotlab1, sing, 25
entry_9379256.class,  8.44,  4.11,  3.99,  0.24,  0.00,  349580906,  318755000,   18985000,  361451723, java, iotlab1, sing, 25
entry_9379256.class,  8.34,  4.06,  3.95,  0.24,  0.00,  346568536,  314812000,   19924000,  358468337, java, iotlab1, sing, 25
entry_9379256.class,  8.44,  4.11,  4.01,  0.24,  0.00,  350610917,  322529000,   15927000,  362645804, java, iotlab1, sing, 25
entry_9379256.class,  9.02,  4.42,  4.30,  0.26,  0.00,  374566501,  349105000,   13964000,  386303664, java, iotlab1, sing, 25
entry_9379256.class,  8.32,  4.05,  3.94,  0.24,  0.00,  346380916,  319667000,   15031000,  358321439, java, iotlab1, sing, 25
entry_9379256.class,  8.46,  4.12,  4.01,  0.24,  0.00,  352557817,  325908000,   14949000,  364448962, java, iotlab1, sing, 25
entry_9429846.class,  7.34,  3.58,  3.48,  0.20,  0.00,  305205286,  271834000,   21986000,  317230902, java, iotlab1, sing, 25
entry_9429846.class,  7.19,  3.46,  3.37,  0.20,  0.00,  299484133,  267078000,   21006000,  311951523, java, iotlab1, sing, 25
entry_9429846.class,  6.81,  3.30,  3.22,  0.19,  0.00,  286277734,  250672000,   23968000,  298160993, java, iotlab1, sing, 25
entry_9429846.class,  7.45,  3.65,  3.56,  0.20,  0.00,  305166215,  287806000,   15989000,  317043791, java, iotlab1, sing, 25
entry_9429846.class,  6.92,  3.35,  3.27,  0.19,  0.00,  288930282,  261576000,   15913000,  300949468, java, iotlab1, sing, 25
entry_9429846.class,  6.89,  3.32,  3.22,  0.19,  0.00,  286877128,  256434000,   17960000,  298486559, java, iotlab1, sing, 25
entry_9429846.class,  7.46,  3.62,  3.53,  0.21,  0.00,  310307108,  278418000,   21031000,  322965848, java, iotlab1, sing, 25
entry_9429846.class,  7.35,  3.54,  3.45,  0.20,  0.00,  306209220,  280381000,   13969000,  317955879, java, iotlab1, sing, 25
entry_9429846.class,  7.48,  3.58,  3.48,  0.21,  0.00,  310146265,  277159000,   21012000,  322292924, java, iotlab1, sing, 25
entry_9429846.class,  7.48,  3.61,  3.52,  0.21,  0.00,  310320215,  283844000,   14991000,  322688792, java, iotlab1, sing, 25
entry_9429911.class,  7.45,  3.57,  3.47,  0.21,  0.00,  309508638,  276109000,   20857000,  322138799, java, iotlab1, sing, 25
entry_9429911.class,  8.00,  3.87,  3.77,  0.23,  0.00,  334073759,  307027000,   13910000,  345943186, java, iotlab1, sing, 25
entry_9429911.class,  7.97,  3.87,  3.76,  0.23,  0.00,  333585974,  307808000,   12908000,  345830448, java, iotlab1, sing, 25
entry_9429911.class,  7.61,  3.69,  3.59,  0.22,  0.00,  319828274,  283811000,   22823000,  331842504, java, iotlab1, sing, 25
entry_9429911.class,  7.86,  3.82,  3.72,  0.23,  0.00,  329155416,  303017000,   14000000,  341717649, java, iotlab1, sing, 25
entry_9429911.class,  7.54,  3.66,  3.56,  0.21,  0.00,  314815280,  283754000,   18916000,  327087520, java, iotlab1, sing, 25
entry_9429911.class,  7.35,  3.55,  3.45,  0.21,  0.00,  308565441,  277822000,   17860000,  320566732, java, iotlab1, sing, 25
entry_9429911.class,  7.60,  3.69,  3.58,  0.22,  0.00,  316609738,  284512000,   20818000,  329040377, java, iotlab1, sing, 25
entry_9429911.class,  7.84,  3.83,  3.74,  0.22,  0.00,  329581617,  294698000,   21829000,  341502847, java, iotlab1, sing, 25
entry_9429911.class,  7.51,  3.64,  3.55,  0.21,  0.00,  314639440,  281621000,   19832000,  326586528, java, iotlab1, sing, 25
