file,psys,pkg,cores,ram,gpu,duration_time,user_time,system_time,perf_time,lang,machine,cores,power_limit
entry_10143656.class, 13.74,  2.73,  2.38,  0.58,  0.00, 1012442120, 1590155000,  106808000, 1067460938, java, iotlab1, sing, 2
entry_10143656.class, 11.68,  2.51,  2.21,  0.50,  0.00,  862524943, 1619223000,  101699000,  914090803, java, iotlab1, sing, 2
entry_10143656.class, 12.14,  2.65,  2.25,  0.50,  0.00,  875896698, 1622268000,  108883000,  927589229, java, iotlab1, sing, 2
entry_10143656.class, 12.09,  2.65,  2.25,  0.50,  0.00,  873868812, 1626261000,   97374000,  925520453, java, iotlab1, sing, 2
entry_10143656.class, 12.00,  2.57,  2.18,  0.50,  0.00,  872461740, 1594904000,  118843000,  924150469, java, iotlab1, sing, 2
entry_10143656.class, 11.87,  2.56,  2.22,  0.50,  0.00,  865479529, 1612517000,  116181000,  916949491, java, iotlab1, sing, 2
entry_10143656.class, 11.97,  2.58,  2.19,  0.49,  0.00,  861512971, 1600351000,  110747000,  913139278, java, iotlab1, sing, 2
entry_10143656.class, 12.15,  2.66,  2.26,  0.50,  0.00,  876019133, 1622870000,  100991000,  927825535, java, iotlab1, sing, 2
entry_10143656.class, 11.83,  2.60,  2.27,  0.50,  0.00,  872001401, 1622381000,  107422000,  923684066, java, iotlab1, sing, 2
entry_10143656.class, 11.96,  2.64,  2.24,  0.50,  0.00,  864744085, 1596197000,  117087000,  916622733, java, iotlab1, sing, 2
entry_10640569.class, 20.22,  4.16,  3.55,  0.84,  0.00, 1536031375, 2224282000,  112659000, 1587551891, java, iotlab1, sing, 2
entry_10640569.class, 19.21,  3.98,  3.35,  0.79,  0.00, 1435071955, 2128929000,  106196000, 1486615485, java, iotlab1, sing, 2
entry_10640569.class, 18.85,  3.82,  3.31,  0.79,  0.00, 1431206210, 2175563000,   92193000, 1482784851, java, iotlab1, sing, 2
entry_10640569.class, 19.06,  3.85,  3.26,  0.79,  0.00, 1424325511, 2145350000,  113388000, 1475834711, java, iotlab1, sing, 2
entry_10640569.class, 17.77,  3.62,  3.10,  0.74,  0.00, 1340866165, 2039013000,  114224000, 1392516077, java, iotlab1, sing, 2
entry_10640569.class, 17.26,  3.54,  3.00,  0.71,  0.00, 1285280946, 1994302000,  112185000, 1337058267, java, iotlab1, sing, 2
entry_10640569.class, 17.25,  3.59,  3.05,  0.71,  0.00, 1280854055, 1990506000,  108809000, 1332585310, java, iotlab1, sing, 2
entry_10640569.class, 20.31,  4.18,  3.53,  0.83,  0.00, 1514912639, 2245986000,  106235000, 1566602798, java, iotlab1, sing, 2
entry_10640569.class, 17.02,  3.48,  3.03,  0.72,  0.00, 1290121658, 2039664000,   89160000, 1342249145, java, iotlab1, sing, 2
entry_10640569.class, 20.41,  4.20,  3.57,  0.84,  0.00, 1535295501, 2250409000,  106924000, 1586958195, java, iotlab1, sing, 2
entry_10651352.class, 16.67,  3.18,  2.75,  0.75,  0.00, 1262112215, 1687831000,  211853000, 1313610185, java, iotlab1, sing, 2
entry_10651352.class, 15.93,  3.16,  2.63,  0.67,  0.00, 1185124779, 1600901000,  199486000, 1236845348, java, iotlab1, sing, 2
entry_10651352.class, 16.50,  3.29,  2.77,  0.74,  0.00, 1241927536, 1704692000,  185966000, 1293541068, java, iotlab1, sing, 2
entry_10651352.class, 15.49,  3.06,  2.62,  0.67,  0.00, 1174324123, 1610530000,  197064000, 1225806794, java, iotlab1, sing, 2
entry_10651352.class, 15.60,  3.07,  2.63,  0.67,  0.00, 1184717611, 1588151000,  217294000, 1236547828, java, iotlab1, sing, 2
entry_10651352.class, 15.72,  3.06,  2.57,  0.67,  0.00, 1183753248, 1608188000,  198517000, 1235444477, java, iotlab1, sing, 2
entry_10651352.class, 16.51,  3.21,  2.75,  0.74,  0.00, 1252626522, 1697272000,  205153000, 1303974487, java, iotlab1, sing, 2
entry_10651352.class, 16.68,  3.31,  2.75,  0.74,  0.00, 1240633739, 1631275000,  199666000, 1292144203, java, iotlab1, sing, 2
entry_10651352.class, 16.57,  3.28,  2.79,  0.74,  0.00, 1247293679, 1679327000,  206532000, 1298922118, java, iotlab1, sing, 2
entry_10651352.class, 16.68,  3.29,  2.76,  0.74,  0.00, 1248760807, 1710967000,  185187000, 1300426365, java, iotlab1, sing, 2
entry_10995891.class, 25.36,  5.01,  4.09,  1.01,  0.00, 1912344593, 2314726000,   78820000, 1963995723, java, iotlab1, sing, 2
entry_10995891.class, 24.82,  4.85,  4.13,  1.01,  0.00, 1911707437, 2320028000,   83036000, 1963599086, java, iotlab1, sing, 2
entry_10995891.class, 25.00,  4.85,  4.10,  1.02,  0.00, 1912964906, 2330973000,   81068000, 1964414202, java, iotlab1, sing, 2
entry_10995891.class, 25.28,  5.06,  4.39,  1.04,  0.00, 1907139248, 2311554000,   81159000, 1958795046, java, iotlab1, sing, 2
entry_10995891.class, 25.83,  5.34,  4.62,  1.06,  0.00, 1912236917, 2345422000,   77244000, 1963863588, java, iotlab1, sing, 2
entry_10995891.class, 25.11,  4.92,  4.13,  1.01,  0.00, 1916676606, 2322677000,   78022000, 1968485818, java, iotlab1, sing, 2
entry_10995891.class, 24.73,  4.89,  4.09,  1.00,  0.00, 1889375912, 2304416000,   77282000, 1941268142, java, iotlab1, sing, 2
entry_10995891.class, 24.86,  4.80,  4.11,  1.02,  0.00, 1912504946, 2321659000,   74795000, 1964296535, java, iotlab1, sing, 2
entry_10995891.class, 24.49,  4.81,  4.07,  1.00,  0.00, 1887646297, 2298191000,   82754000, 1939321597, java, iotlab1, sing, 2
entry_10995891.class, 24.90,  4.81,  4.01,  1.00,  0.00, 1897179292, 2315886000,   74124000, 1949079888, java, iotlab1, sing, 2
entry_11155629.class, 10.85,  2.26,  1.92,  0.44,  0.00,  802005651, 1188197000,   72377000,  854112220, java, iotlab1, sing, 2
entry_11155629.class, 10.47,  2.19,  1.91,  0.44,  0.00,  785562925, 1178070000,   78538000,  837377678, java, iotlab1, sing, 2
entry_11155629.class, 10.61,  2.18,  1.88,  0.44,  0.00,  790800738, 1213665000,   72799000,  842691323, java, iotlab1, sing, 2
entry_11155629.class, 10.49,  2.17,  1.88,  0.44,  0.00,  783874948, 1203258000,   74200000,  835605603, java, iotlab1, sing, 2
entry_11155629.class, 10.89,  2.27,  1.93,  0.45,  0.00,  804211858, 1209830000,   86488000,  856051051, java, iotlab1, sing, 2
entry_11155629.class, 10.93,  2.24,  1.91,  0.44,  0.00,  793459936, 1228078000,   72595000,  845337477, java, iotlab1, sing, 2
entry_11155629.class, 10.67,  2.21,  1.87,  0.44,  0.00,  787745046, 1201883000,   81262000,  839575338, java, iotlab1, sing, 2
entry_11155629.class, 10.64,  2.19,  1.87,  0.44,  0.00,  790455659, 1190721000,   65039000,  842228559, java, iotlab1, sing, 2
entry_11155629.class, 10.91,  2.26,  1.91,  0.45,  0.00,  805675355, 1210808000,   83779000,  857583481, java, iotlab1, sing, 2
entry_11155629.class, 10.88,  2.24,  1.92,  0.44,  0.00,  802331676, 1228054000,   70231000,  854165668, java, iotlab1, sing, 2
entry_11409541.class, 10.34,  2.11,  1.74,  0.42,  0.00,  755420043, 1071515000,   95422000,  807411097, java, iotlab1, sing, 2
entry_11409541.class, 10.00,  2.01,  1.72,  0.41,  0.00,  748724054, 1081671000,   66163000,  800266772, java, iotlab1, sing, 2
entry_11409541.class, 10.19,  2.07,  1.75,  0.42,  0.00,  757410252, 1106895000,   68178000,  809152932, java, iotlab1, sing, 2
entry_11409541.class, 10.05,  2.08,  1.76,  0.41,  0.00,  743050448, 1145754000,   68403000,  795071837, java, iotlab1, sing, 2
entry_11409541.class,  9.99,  2.02,  1.73,  0.41,  0.00,  747895060, 1076322000,   84260000,  799681803, java, iotlab1, sing, 2
entry_11409541.class, 10.14,  2.09,  1.77,  0.42,  0.00,  752685523, 1142459000,   71840000,  804131675, java, iotlab1, sing, 2
entry_11409541.class,  9.99,  2.06,  1.77,  0.41,  0.00,  740511656, 1138166000,   69683000,  792046682, java, iotlab1, sing, 2
entry_11409541.class, 10.14,  2.11,  1.80,  0.42,  0.00,  750651711, 1143148000,   77738000,  802541931, java, iotlab1, sing, 2
entry_11409541.class, 10.06,  2.05,  1.78,  0.42,  0.00,  753468365, 1139047000,   76405000,  805526865, java, iotlab1, sing, 2
entry_11409541.class, 10.19,  2.08,  1.76,  0.42,  0.00,  756355019, 1098240000,   73149000,  808096199, java, iotlab1, sing, 2
entry_11479590.class, 22.35,  4.37,  3.68,  0.90,  0.00, 1701059310, 2034096000,   80043000, 1752949571, java, iotlab1, sing, 2
entry_11479590.class, 21.93,  4.43,  3.71,  0.88,  0.00, 1669646987, 2028906000,   75070000, 1721056999, java, iotlab1, sing, 2
entry_11479590.class, 21.50,  4.26,  3.65,  0.88,  0.00, 1654254519, 2027072000,   72144000, 1706019224, java, iotlab1, sing, 2
entry_11479590.class, 21.77,  4.27,  3.64,  0.88,  0.00, 1667552281, 2037422000,   67013000, 1719307158, java, iotlab1, sing, 2
entry_11479590.class, 21.64,  4.27,  3.65,  0.87,  0.00, 1655534627, 2029186000,   77045000, 1707152291, java, iotlab1, sing, 2
entry_11479590.class, 21.87,  4.37,  3.65,  0.88,  0.00, 1665477473, 2018857000,   85120000, 1717353392, java, iotlab1, sing, 2
entry_11479590.class, 21.93,  4.45,  3.77,  0.89,  0.00, 1683170288, 2026406000,   79897000, 1734927696, java, iotlab1, sing, 2
entry_11479590.class, 21.67,  4.30,  3.64,  0.88,  0.00, 1666821649, 2015694000,   72024000, 1718635690, java, iotlab1, sing, 2
entry_11479590.class, 21.40,  4.28,  3.64,  0.87,  0.00, 1648454629, 2007561000,   85895000, 1699884709, java, iotlab1, sing, 2
entry_11479590.class, 21.87,  4.34,  3.68,  0.88,  0.00, 1652084568, 2017191000,   76120000, 1703748756, java, iotlab1, sing, 2
entry_11488303.class, 17.09,  3.42,  2.92,  0.76,  0.00, 1283603511, 1672579000,  195599000, 1335238357, java, iotlab1, sing, 2
entry_11488303.class, 16.26,  3.36,  2.81,  0.69,  0.00, 1214036047, 1667820000,  199097000, 1265538777, java, iotlab1, sing, 2
entry_11488303.class, 17.68,  3.75,  3.26,  0.81,  0.00, 1314380226, 1721954000,  190326000, 1366918968, java, iotlab1, sing, 2
entry_11488303.class, 18.40,  3.95,  3.41,  0.84,  0.00, 1332987418, 1666878000,  197459000, 1384554036, java, iotlab1, sing, 2
entry_11488303.class, 17.32,  3.49,  2.95,  0.77,  0.00, 1291964702, 1753900000,  198782000, 1343714440, java, iotlab1, sing, 2
entry_11488303.class, 16.90,  3.36,  2.91,  0.76,  0.00, 1281659358, 1678992000,  186999000, 1333582116, java, iotlab1, sing, 2
entry_11488303.class, 16.93,  3.36,  2.92,  0.76,  0.00, 1286216935, 1740382000,  198385000, 1338163383, java, iotlab1, sing, 2
entry_11488303.class, 16.26,  3.21,  2.70,  0.69,  0.00, 1214730734, 1648869000,  208109000, 1266283294, java, iotlab1, sing, 2
entry_11488303.class, 17.34,  3.42,  2.91,  0.77,  0.00, 1296851375, 1738635000,  215574000, 1348603600, java, iotlab1, sing, 2
entry_11488303.class, 17.26,  3.43,  2.91,  0.76,  0.00, 1296453372, 1664088000,  218273000, 1348026610, java, iotlab1, sing, 2
entry_11768084.class, 18.08,  3.72,  3.19,  0.75,  0.00, 1359383287, 2028637000,  121558000, 1411134393, java, iotlab1, sing, 2
entry_11768084.class, 17.77,  3.70,  3.16,  0.73,  0.00, 1325423441, 2046020000,  100393000, 1377058896, java, iotlab1, sing, 2
entry_11768084.class, 18.25,  3.79,  3.18,  0.75,  0.00, 1349720649, 2031722000,  109985000, 1401237552, java, iotlab1, sing, 2
entry_11768084.class, 17.80,  3.72,  3.18,  0.74,  0.00, 1327783291, 2036741000,   95081000, 1379450279, java, iotlab1, sing, 2
entry_11768084.class, 17.68,  3.70,  3.19,  0.74,  0.00, 1327064171, 2111901000,   96452000, 1378527780, java, iotlab1, sing, 2
entry_11768084.class, 18.01,  3.69,  3.15,  0.74,  0.00, 1341923638, 2048102000,  118352000, 1393568894, java, iotlab1, sing, 2
entry_11768084.class, 18.36,  3.80,  3.20,  0.75,  0.00, 1355147518, 2077519000,  109132000, 1406753921, java, iotlab1, sing, 2
entry_11768084.class, 18.00,  3.74,  3.17,  0.74,  0.00, 1330179537, 2063426000,  105481000, 1381532505, java, iotlab1, sing, 2
entry_11768084.class, 18.08,  3.74,  3.19,  0.75,  0.00, 1351809525, 2035358000,  110181000, 1403522250, java, iotlab1, sing, 2
entry_11768084.class, 17.66,  3.70,  3.17,  0.74,  0.00, 1323840847, 2006173000,  107580000, 1375698790, java, iotlab1, sing, 2
entry_11978680.class, 16.10,  3.42,  2.95,  0.67,  0.00, 1195796145, 2007627000,  106404000, 1247943069, java, iotlab1, sing, 2
entry_11978680.class, 16.45,  3.44,  2.97,  0.70,  0.00, 1201914753, 1999278000,  112352000, 1253855841, java, iotlab1, sing, 2
entry_11978680.class, 16.41,  3.45,  2.94,  0.69,  0.00, 1186737695, 1985851000,  119351000, 1238948879, java, iotlab1, sing, 2
entry_11978680.class, 16.16,  3.43,  2.93,  0.68,  0.00, 1190474956, 2051368000,  105378000, 1242188903, java, iotlab1, sing, 2
entry_11978680.class, 15.89,  3.28,  2.86,  0.67,  0.00, 1183954620, 1971212000,  118132000, 1235551252, java, iotlab1, sing, 2
entry_11978680.class, 15.83,  3.35,  2.86,  0.66,  0.00, 1170035397, 1926958000,  125322000, 1221780431, java, iotlab1, sing, 2
entry_11978680.class, 15.87,  3.40,  2.93,  0.67,  0.00, 1179385156, 1962487000,   97571000, 1231247824, java, iotlab1, sing, 2
entry_11978680.class, 15.81,  3.40,  2.91,  0.66,  0.00, 1163777253, 1964538000,  114147000, 1215645705, java, iotlab1, sing, 2
entry_11978680.class, 15.96,  3.42,  2.88,  0.66,  0.00, 1172139061, 1949197000,   93057000, 1223955261, java, iotlab1, sing, 2
entry_11978680.class, 15.90,  3.39,  2.89,  0.66,  0.00, 1175262184, 1994045000,  105790000, 1227175241, java, iotlab1, sing, 2
entry_12026963.class,  7.29,  1.42,  1.17,  0.30,  0.00,  555455625,  637554000,   59144000,  607196370, java, iotlab1, sing, 2
entry_12026963.class,  7.08,  1.37,  1.16,  0.29,  0.00,  546327576,  631180000,   67125000,  598186170, java, iotlab1, sing, 2
entry_12026963.class,  7.39,  1.45,  1.19,  0.30,  0.00,  557292812,  656092000,   53169000,  609254457, java, iotlab1, sing, 2
entry_12026963.class,  7.57,  1.44,  1.19,  0.31,  0.00,  570984568,  651389000,   59584000,  622500738, java, iotlab1, sing, 2
entry_12026963.class,  7.17,  1.38,  1.19,  0.30,  0.00,  555457046,  644014000,   61286000,  607062834, java, iotlab1, sing, 2
entry_12026963.class,  7.41,  1.42,  1.17,  0.30,  0.00,  558663157,  654423000,   55289000,  610382335, java, iotlab1, sing, 2
entry_12026963.class,  7.28,  1.40,  1.17,  0.30,  0.00,  558367992,  640838000,   68195000,  610042107, java, iotlab1, sing, 2
entry_12026963.class,  7.33,  1.42,  1.17,  0.30,  0.00,  557268878,  659267000,   49319000,  608868062, java, iotlab1, sing, 2
entry_12026963.class,  7.29,  1.41,  1.16,  0.30,  0.00,  555214985,  649573000,   56787000,  606981870, java, iotlab1, sing, 2
entry_12026963.class,  7.35,  1.44,  1.22,  0.31,  0.00,  559017337,  653037000,   55747000,  610739537, java, iotlab1, sing, 2
entry_12078201.class, 11.33,  2.50,  2.14,  0.47,  0.00,  813483887, 1533237000,  114643000,  865243114, java, iotlab1, sing, 2
entry_12078201.class, 11.05,  2.39,  2.11,  0.47,  0.00,  811871733, 1513709000,  102318000,  863581223, java, iotlab1, sing, 2
entry_12078201.class, 11.45,  2.55,  2.20,  0.48,  0.00,  826623342, 1550404000,  114955000,  878420889, java, iotlab1, sing, 2
entry_12078201.class, 11.39,  2.49,  2.15,  0.48,  0.00,  813800940, 1538559000,  102103000,  865359259, java, iotlab1, sing, 2
entry_12078201.class, 11.07,  2.44,  2.10,  0.47,  0.00,  801645307, 1517274000,  108592000,  853369936, java, iotlab1, sing, 2
entry_12078201.class, 11.65,  2.63,  2.29,  0.50,  0.00,  822174577, 1522257000,  116019000,  873721605, java, iotlab1, sing, 2
entry_12078201.class, 11.77,  2.70,  2.38,  0.51,  0.00,  835721816, 1569885000,  108337000,  888362075, java, iotlab1, sing, 2
entry_12078201.class, 12.22,  2.81,  2.50,  0.55,  0.00,  858197337, 1542741000,   99595000,  910137610, java, iotlab1, sing, 2
entry_12078201.class, 11.34,  2.50,  2.18,  0.48,  0.00,  826769203, 1557473000,   98839000,  878872105, java, iotlab1, sing, 2
entry_12078201.class, 11.15,  2.48,  2.14,  0.48,  0.00,  816823596, 1509199000,  123016000,  868447339, java, iotlab1, sing, 2
entry_12078851.class,  9.54,  1.93,  1.68,  0.40,  0.00,  726532694, 1038983000,   72417000,  778363847, java, iotlab1, sing, 2
entry_12078851.class,  9.64,  1.97,  1.67,  0.40,  0.00,  721629633, 1026872000,   75403000,  772934208, java, iotlab1, sing, 2
entry_12078851.class,  9.98,  2.19,  1.89,  0.41,  0.00,  730259678, 1046961000,   70727000,  784746276, java, iotlab1, sing, 2
entry_12078851.class,  9.66,  1.97,  1.67,  0.40,  0.00,  724868840, 1023793000,   81621000,  776792288, java, iotlab1, sing, 2
entry_12078851.class,  9.73,  1.97,  1.67,  0.40,  0.00,  727986098, 1036087000,   73574000,  779729925, java, iotlab1, sing, 2
entry_12078851.class,  9.63,  1.98,  1.68,  0.40,  0.00,  722179646, 1033463000,   73032000,  773554338, java, iotlab1, sing, 2
entry_12078851.class,  9.67,  2.01,  1.71,  0.40,  0.00,  728927669, 1038111000,   74079000,  780779209, java, iotlab1, sing, 2
entry_12078851.class,  9.72,  2.04,  1.70,  0.40,  0.00,  717563306, 1041140000,   70873000,  769513348, java, iotlab1, sing, 2
entry_12078851.class,  9.63,  2.00,  1.70,  0.40,  0.00,  719491402, 1034939000,   77294000,  771244807, java, iotlab1, sing, 2
entry_12078851.class,  9.53,  1.92,  1.65,  0.39,  0.00,  717498723, 1024601000,   75044000,  769075607, java, iotlab1, sing, 2
entry_12078989.class, 18.13,  3.66,  3.10,  0.75,  0.00, 1351922090, 2067667000,  104387000, 1403863343, java, iotlab1, sing, 2
entry_12078989.class, 17.96,  3.71,  3.06,  0.73,  0.00, 1322841498, 2020014000,  115828000, 1374704706, java, iotlab1, sing, 2
entry_12078989.class, 17.48,  3.50,  2.96,  0.73,  0.00, 1307400422, 2024970000,  112998000, 1359119100, java, iotlab1, sing, 2
entry_12078989.class, 17.82,  3.73,  3.17,  0.74,  0.00, 1333089298, 2061788000,   93307000, 1384904705, java, iotlab1, sing, 2
entry_12078989.class, 17.96,  3.70,  3.15,  0.74,  0.00, 1342127017, 2027979000,  115340000, 1394084559, java, iotlab1, sing, 2
entry_12078989.class, 18.12,  3.73,  3.13,  0.75,  0.00, 1356280126, 2047002000,  106363000, 1407915515, java, iotlab1, sing, 2
entry_12078989.class, 18.11,  3.76,  3.19,  0.75,  0.00, 1358096434, 2095693000,   99174000, 1410155245, java, iotlab1, sing, 2
entry_12078989.class, 17.60,  3.61,  3.08,  0.74,  0.00, 1331001196, 2004320000,  117018000, 1382800699, java, iotlab1, sing, 2
entry_12078989.class, 17.54,  3.63,  3.11,  0.73,  0.00, 1317256089, 2008502000,  111416000, 1368927691, java, iotlab1, sing, 2
entry_12078989.class, 17.64,  3.64,  3.09,  0.73,  0.00, 1319208119, 2047330000,   96920000, 1370870119, java, iotlab1, sing, 2
entry_12079220.class, 12.11,  2.42,  2.09,  0.50,  0.00,  931402360, 1257055000,   76185000,  983092359, java, iotlab1, sing, 2
entry_12079220.class, 12.47,  2.48,  2.12,  0.52,  0.00,  953313714, 1255782000,   81531000, 1004948651, java, iotlab1, sing, 2
entry_12079220.class, 12.59,  2.54,  2.12,  0.51,  0.00,  944600125, 1256762000,   81113000,  996293614, java, iotlab1, sing, 2
entry_12079220.class, 12.65,  2.57,  2.14,  0.51,  0.00,  945523998, 1269556000,   67709000,  997326354, java, iotlab1, sing, 2
entry_12079220.class, 12.15,  2.40,  2.08,  0.50,  0.00,  931441334, 1251360000,   79641000,  983080798, java, iotlab1, sing, 2
entry_12079220.class, 12.15,  2.42,  2.10,  0.51,  0.00,  942212305, 1268091000,   76884000,  993980264, java, iotlab1, sing, 2
entry_12079220.class, 12.57,  2.49,  2.10,  0.52,  0.00,  955751675, 1246219000,   93865000, 1007677786, java, iotlab1, sing, 2
entry_12079220.class, 12.32,  2.47,  2.06,  0.50,  0.00,  926091356, 1251484000,   73616000,  977916721, java, iotlab1, sing, 2
entry_12079220.class, 12.37,  2.50,  2.10,  0.51,  0.00,  938860351, 1254887000,   84059000,  990513539, java, iotlab1, sing, 2
entry_12079220.class, 12.33,  2.48,  2.09,  0.51,  0.00,  941085831, 1257841000,   73223000,  992970110, java, iotlab1, sing, 2
entry_12103629.class, 19.41,  3.94,  3.38,  0.80,  0.00, 1465679574, 2159504000,  103263000, 1517387014, java, iotlab1, sing, 2
entry_12103629.class, 19.44,  3.99,  3.36,  0.80,  0.00, 1458232918, 2132613000,  109722000, 1510021385, java, iotlab1, sing, 2
entry_12103629.class, 19.63,  4.05,  3.41,  0.80,  0.00, 1460937235, 2178889000,  105897000, 1512899463, java, iotlab1, sing, 2
entry_12103629.class, 18.54,  3.81,  3.24,  0.76,  0.00, 1391059681, 2046273000,  106857000, 1442526650, java, iotlab1, sing, 2
entry_12103629.class, 18.26,  3.76,  3.25,  0.77,  0.00, 1388147135, 2082930000,   92173000, 1439642466, java, iotlab1, sing, 2
entry_12103629.class, 18.81,  3.84,  3.32,  0.79,  0.00, 1432033457, 2124050000,  110106000, 1483853712, java, iotlab1, sing, 2
entry_12103629.class, 19.15,  3.95,  3.34,  0.79,  0.00, 1434183675, 2078210000,  105467000, 1485909711, java, iotlab1, sing, 2
entry_12103629.class, 18.85,  3.88,  3.28,  0.78,  0.00, 1407946084, 2091719000,  110037000, 1459359034, java, iotlab1, sing, 2
entry_12103629.class, 19.29,  4.07,  3.48,  0.80,  0.00, 1423444063, 2073292000,  108805000, 1475553990, java, iotlab1, sing, 2
entry_12103629.class, 19.58,  4.17,  3.59,  0.83,  0.00, 1432911484, 2072894000,  100848000, 1485687239, java, iotlab1, sing, 2
entry_12338095.class,  9.48,  1.93,  1.65,  0.39,  0.00,  705436260, 1146606000,   68095000,  756954790, java, iotlab1, sing, 2
entry_12338095.class,  9.50,  1.93,  1.69,  0.40,  0.00,  713555959, 1135169000,   89013000,  765319270, java, iotlab1, sing, 2
entry_12338095.class,  9.62,  1.96,  1.68,  0.39,  0.00,  707798667, 1117586000,   82969000,  759578032, java, iotlab1, sing, 2
entry_12338095.class,  9.89,  1.97,  1.65,  0.40,  0.00,  725742892, 1147461000,   75898000,  777568714, java, iotlab1, sing, 2
entry_12338095.class,  9.86,  2.00,  1.70,  0.40,  0.00,  725356665, 1156327000,   67077000,  777060780, java, iotlab1, sing, 2
entry_12338095.class,  9.99,  1.99,  1.65,  0.40,  0.00,  729601218, 1153555000,   72531000,  781143958, java, iotlab1, sing, 2
entry_12338095.class,  9.91,  1.99,  1.64,  0.40,  0.00,  718269861, 1150458000,   72028000,  769750656, java, iotlab1, sing, 2
entry_12338095.class,  9.82,  2.01,  1.70,  0.40,  0.00,  723172511, 1146256000,   81159000,  774774111, java, iotlab1, sing, 2
entry_12338095.class,  9.62,  2.00,  1.72,  0.39,  0.00,  713953310, 1137669000,   80834000,  765980740, java, iotlab1, sing, 2
entry_12338095.class,  9.83,  2.05,  1.70,  0.39,  0.00,  712830635, 1142984000,   78792000,  764627078, java, iotlab1, sing, 2
entry_12389287.class, 11.41,  2.32,  1.94,  0.46,  0.00,  842719317, 1216760000,   87341000,  894745646, java, iotlab1, sing, 2
entry_12389287.class, 11.50,  2.30,  1.98,  0.48,  0.00,  867718957, 1239218000,   82747000,  919654442, java, iotlab1, sing, 2
entry_12389287.class, 11.24,  2.23,  1.94,  0.47,  0.00,  845513255, 1241201000,   73188000,  897390569, java, iotlab1, sing, 2
entry_12389287.class, 11.62,  2.33,  1.96,  0.48,  0.00,  864025744, 1277432000,   71191000,  915747750, java, iotlab1, sing, 2
entry_12389287.class, 11.11,  2.23,  1.92,  0.46,  0.00,  839249926, 1198118000,   91085000,  891091523, java, iotlab1, sing, 2
entry_12389287.class, 11.28,  2.25,  1.93,  0.46,  0.00,  845998976, 1230034000,   65320000,  897626997, java, iotlab1, sing, 2
entry_12389287.class, 11.62,  2.36,  2.02,  0.48,  0.00,  872703272, 1259701000,   70150000,  924749534, java, iotlab1, sing, 2
entry_12389287.class, 11.40,  2.28,  1.99,  0.48,  0.00,  868754803, 1244217000,   83081000,  920362537, java, iotlab1, sing, 2
entry_12389287.class, 11.61,  2.33,  1.96,  0.47,  0.00,  868995803, 1212279000,   82678000,  920658276, java, iotlab1, sing, 2
entry_12389287.class, 11.55,  2.33,  1.98,  0.48,  0.00,  871736636, 1252767000,   82115000,  923355759, java, iotlab1, sing, 2
entry_12748874.class, 12.73,  2.64,  2.28,  0.53,  0.00,  952614645, 1612949000,  107996000, 1004555230, java, iotlab1, sing, 2
entry_12748874.class, 15.40,  3.09,  2.60,  0.63,  0.00, 1154294308, 1806795000,   98934000, 1206215696, java, iotlab1, sing, 2
entry_12748874.class, 15.33,  3.14,  2.67,  0.63,  0.00, 1154513206, 1799739000,  114237000, 1206046448, java, iotlab1, sing, 2
entry_12748874.class, 15.36,  3.16,  2.73,  0.63,  0.00, 1160713904, 1847729000,   99146000, 1212247868, java, iotlab1, sing, 2
entry_12748874.class, 15.35,  3.21,  2.74,  0.63,  0.00, 1153748483, 1840852000,   93500000, 1205614380, java, iotlab1, sing, 2
entry_12748874.class, 15.30,  3.09,  2.67,  0.63,  0.00, 1157590912, 1790492000,  105323000, 1209493874, java, iotlab1, sing, 2
entry_12748874.class, 12.96,  2.67,  2.24,  0.53,  0.00,  951440467, 1611160000,  108673000, 1003075655, java, iotlab1, sing, 2
entry_12748874.class, 13.00,  2.68,  2.25,  0.53,  0.00,  954652661, 1629690000,   89587000, 1006527171, java, iotlab1, sing, 2
entry_12748874.class, 15.52,  3.15,  2.66,  0.63,  0.00, 1156750450, 1823187000,  104666000, 1208252869, java, iotlab1, sing, 2
entry_12748874.class, 15.54,  3.17,  2.68,  0.63,  0.00, 1155534812, 1818761000,  116600000, 1207359638, java, iotlab1, sing, 2
entry_12762546.class, 19.93,  4.11,  3.46,  0.87,  0.00, 1457146884, 2324887000,  201556000, 1509241779, java, iotlab1, sing, 2
entry_12762546.class, 18.90,  3.93,  3.38,  0.81,  0.00, 1408863595, 2238805000,  209168000, 1460388331, java, iotlab1, sing, 2
entry_12762546.class, 19.21,  3.95,  3.32,  0.81,  0.00, 1409226961, 2223770000,  213881000, 1460964905, java, iotlab1, sing, 2
entry_12762546.class, 18.43,  3.78,  3.21,  0.79,  0.00, 1366621057, 2234632000,  183559000, 1418638748, java, iotlab1, sing, 2
entry_12762546.class, 19.76,  4.04,  3.36,  0.87,  0.00, 1444674058, 2319259000,  183257000, 1496566004, java, iotlab1, sing, 2
entry_12762546.class, 19.32,  3.90,  3.36,  0.86,  0.00, 1432966518, 2246919000,  210460000, 1485341665, java, iotlab1, sing, 2
entry_12762546.class, 19.58,  4.01,  3.38,  0.86,  0.00, 1430798745, 2303879000,  216894000, 1482558614, java, iotlab1, sing, 2
entry_12762546.class, 19.71,  4.13,  3.48,  0.86,  0.00, 1438966407, 2279142000,  223915000, 1490556425, java, iotlab1, sing, 2
entry_12762546.class, 19.55,  4.06,  3.48,  0.86,  0.00, 1443120917, 2299588000,  202139000, 1494943059, java, iotlab1, sing, 2
entry_12762546.class, 19.32,  3.97,  3.39,  0.85,  0.00, 1424449896, 2215304000,  263560000, 1476245388, java, iotlab1, sing, 2
entry_12768271.class, 19.52,  4.12,  3.51,  0.81,  0.00, 1416516260, 2193891000,  121325000, 1468287224, java, iotlab1, sing, 2
entry_12768271.class, 19.42,  4.17,  3.67,  0.84,  0.00, 1408695533, 2179710000,  116091000, 1461002166, java, iotlab1, sing, 2
entry_12768271.class, 19.58,  4.17,  3.52,  0.81,  0.00, 1420077628, 2228060000,  116264000, 1473017013, java, iotlab1, sing, 2
entry_12768271.class, 19.16,  3.92,  3.30,  0.79,  0.00, 1415017142, 2215384000,  114071000, 1466751936, java, iotlab1, sing, 2
entry_12768271.class, 19.06,  3.88,  3.34,  0.79,  0.00, 1416579826, 2234756000,  105082000, 1468303884, java, iotlab1, sing, 2
entry_12768271.class, 19.01,  3.90,  3.33,  0.79,  0.00, 1424295039, 2202622000,  112388000, 1475989120, java, iotlab1, sing, 2
entry_12768271.class, 18.81,  3.92,  3.38,  0.79,  0.00, 1422438942, 2235633000,  111981000, 1474366750, java, iotlab1, sing, 2
entry_12768271.class, 19.04,  3.92,  3.34,  0.79,  0.00, 1419109195, 2203490000,  111530000, 1470838673, java, iotlab1, sing, 2
entry_12768271.class, 19.00,  3.88,  3.35,  0.80,  0.00, 1441587341, 2215027000,  109605000, 1493036198, java, iotlab1, sing, 2
entry_12768271.class, 18.80,  3.89,  3.32,  0.79,  0.00, 1405448714, 2225574000,  119892000, 1457187522, java, iotlab1, sing, 2
entry_12970864.class, 18.17,  3.59,  3.03,  0.75,  0.00, 1351725464, 2058229000,  120428000, 1403574905, java, iotlab1, sing, 2
entry_12970864.class, 18.09,  3.66,  3.10,  0.75,  0.00, 1347125982, 2079209000,  107320000, 1399129430, java, iotlab1, sing, 2
entry_12970864.class, 18.65,  3.81,  3.25,  0.77,  0.00, 1383491631, 2166236000,  135139000, 1435455504, java, iotlab1, sing, 2
entry_12970864.class, 18.21,  3.70,  3.12,  0.75,  0.00, 1352875298, 2077062000,  115891000, 1404810728, java, iotlab1, sing, 2
entry_12970864.class, 18.41,  3.77,  3.19,  0.76,  0.00, 1369506415, 2105589000,  115757000, 1421296964, java, iotlab1, sing, 2
entry_12970864.class, 17.72,  3.67,  3.14,  0.74,  0.00, 1330081216, 2079912000,   89339000, 1381972598, java, iotlab1, sing, 2
entry_12970864.class, 17.97,  3.76,  3.21,  0.75,  0.00, 1344324532, 2095058000,  103397000, 1396276069, java, iotlab1, sing, 2
entry_12970864.class, 18.22,  3.84,  3.22,  0.75,  0.00, 1346093759, 2103307000,   94058000, 1398006627, java, iotlab1, sing, 2
entry_12970864.class, 17.77,  3.72,  3.18,  0.74,  0.00, 1327195200, 2061114000,  122184000, 1379241549, java, iotlab1, sing, 2
entry_12970864.class, 17.53,  3.63,  3.13,  0.74,  0.00, 1329654725, 2050093000,  112005000, 1381309336, java, iotlab1, sing, 2
entry_12996256.class, 12.18,  2.44,  2.09,  0.51,  0.00,  932192192, 1278854000,   76991000,  983836686, java, iotlab1, sing, 2
entry_12996256.class, 12.17,  2.41,  2.06,  0.51,  0.00,  930938499, 1270306000,   84086000,  982577526, java, iotlab1, sing, 2
entry_12996256.class, 12.27,  2.45,  2.10,  0.51,  0.00,  935171167, 1267442000,   79838000,  986752010, java, iotlab1, sing, 2
entry_12996256.class, 12.15,  2.46,  2.09,  0.51,  0.00,  926936710, 1270212000,   77951000,  978870979, java, iotlab1, sing, 2
entry_12996256.class, 12.28,  2.45,  2.07,  0.51,  0.00,  926078649, 1274133000,   77068000,  978007387, java, iotlab1, sing, 2
entry_12996256.class, 13.37,  2.63,  2.21,  0.54,  0.00, 1009261478, 1340814000,   77277000, 1060854790, java, iotlab1, sing, 2
entry_12996256.class, 12.29,  2.46,  2.09,  0.51,  0.00,  925987341, 1282307000,   69232000,  977691491, java, iotlab1, sing, 2
entry_12996256.class, 12.45,  2.47,  2.05,  0.51,  0.00,  928874320, 1253992000,   80806000,  980596781, java, iotlab1, sing, 2
entry_12996256.class, 12.34,  2.44,  2.03,  0.50,  0.00,  924646752, 1274889000,   71273000,  976303513, java, iotlab1, sing, 2
entry_12996256.class, 12.12,  2.36,  2.04,  0.51,  0.00,  922514384, 1279881000,   68260000,  974203761, java, iotlab1, sing, 2
entry_13059565.class, 10.09,  1.96,  1.71,  0.42,  0.00,  761293683, 1076438000,   68345000,  813403548, java, iotlab1, sing, 2
entry_13059565.class,  9.69,  1.96,  1.67,  0.40,  0.00,  718722519, 1058499000,   78036000,  770518661, java, iotlab1, sing, 2
entry_13059565.class,  9.94,  2.03,  1.69,  0.40,  0.00,  727753115, 1065150000,   83854000,  779666664, java, iotlab1, sing, 2
entry_13059565.class,  9.86,  1.99,  1.70,  0.40,  0.00,  727183027, 1062363000,   79250000,  778675673, java, iotlab1, sing, 2
entry_13059565.class,  9.69,  1.99,  1.71,  0.40,  0.00,  721676749, 1062212000,   68400000,  773243877, java, iotlab1, sing, 2
entry_13059565.class,  9.70,  1.96,  1.68,  0.40,  0.00,  722374338, 1046594000,   86306000,  774102976, java, iotlab1, sing, 2
entry_13059565.class, 10.04,  2.08,  1.75,  0.41,  0.00,  739465655, 1072838000,   75128000,  791426130, java, iotlab1, sing, 2
entry_13059565.class,  9.95,  2.04,  1.73,  0.41,  0.00,  741336630, 1065667000,   77265000,  792926126, java, iotlab1, sing, 2
entry_13059565.class,  9.66,  1.97,  1.69,  0.40,  0.00,  720544794, 1057714000,   73701000,  772066770, java, iotlab1, sing, 2
entry_13059565.class, 10.11,  2.05,  1.71,  0.41,  0.00,  744155352, 1085299000,   71613000,  795754472, java, iotlab1, sing, 2
entry_13059571.class, 10.77,  2.15,  1.78,  0.43,  0.00,  779544739, 1120778000,   75513000,  831520541, java, iotlab1, sing, 2
entry_13059571.class, 10.15,  2.03,  1.72,  0.41,  0.00,  752581394, 1075694000,   77689000,  804328234, java, iotlab1, sing, 2
entry_13059571.class, 10.41,  2.12,  1.77,  0.42,  0.00,  760642864, 1114924000,   69869000,  812378408, java, iotlab1, sing, 2
entry_13059571.class, 10.67,  2.27,  1.96,  0.45,  0.00,  775159089, 1095788000,   77622000,  826804252, java, iotlab1, sing, 2
entry_13059571.class, 10.40,  2.18,  1.87,  0.43,  0.00,  764625624, 1079220000,   87855000,  816948595, java, iotlab1, sing, 2
entry_13059571.class, 11.35,  2.54,  2.24,  0.49,  0.00,  801912854, 1128228000,   74146000,  853644768, java, iotlab1, sing, 2
entry_13059571.class, 10.16,  2.04,  1.73,  0.41,  0.00,  748393150, 1088386000,   66962000,  800238998, java, iotlab1, sing, 2
entry_13059571.class, 10.19,  2.03,  1.71,  0.42,  0.00,  748727790, 1083972000,   74998000,  800402054, java, iotlab1, sing, 2
entry_13059571.class, 10.35,  2.05,  1.74,  0.42,  0.00,  763488467, 1080339000,   93855000,  815413612, java, iotlab1, sing, 2
entry_13059571.class, 10.17,  2.04,  1.73,  0.42,  0.00,  750478595, 1077624000,   81273000,  802406305, java, iotlab1, sing, 2
entry_13229266.class,  6.59,  1.26,  1.04,  0.27,  0.00,  498592196,  563338000,   50388000,  550284521, java, iotlab1, sing, 2
entry_13229266.class,  6.79,  1.29,  1.03,  0.26,  0.00,  498103755,  549497000,   62511000,  549869307, java, iotlab1, sing, 2
entry_13229266.class,  6.53,  1.22,  1.01,  0.27,  0.00,  496051019,  556042000,   54101000,  547767845, java, iotlab1, sing, 2
entry_13229266.class,  6.61,  1.26,  1.05,  0.27,  0.00,  500743164,  561877000,   54181000,  552355001, java, iotlab1, sing, 2
entry_13229266.class,  6.60,  1.24,  1.04,  0.27,  0.00,  497335833,  558572000,   53149000,  549107738, java, iotlab1, sing, 2
entry_13229266.class,  6.47,  1.19,  1.02,  0.27,  0.00,  499190648,  560478000,   54239000,  550996475, java, iotlab1, sing, 2
entry_13229266.class,  6.38,  1.19,  1.01,  0.27,  0.00,  498039426,  559030000,   52908000,  549827230, java, iotlab1, sing, 2
entry_13229266.class,  6.40,  1.18,  1.02,  0.26,  0.00,  494960310,  554879000,   55786000,  546583851, java, iotlab1, sing, 2
entry_13229266.class,  6.57,  1.22,  1.01,  0.27,  0.00,  499307490,  556613000,   57855000,  551289179, java, iotlab1, sing, 2
entry_13229266.class,  6.51,  1.20,  1.00,  0.26,  0.00,  497764828,  561931000,   49553000,  549422305, java, iotlab1, sing, 2
entry_13240688.class, 18.02,  3.56,  3.00,  0.74,  0.00, 1334196300, 2019278000,  105066000, 1385741546, java, iotlab1, sing, 2
entry_13240688.class, 18.24,  3.60,  3.09,  0.75,  0.00, 1359094262, 2054936000,  106048000, 1410833475, java, iotlab1, sing, 2
entry_13240688.class, 17.50,  3.36,  2.88,  0.73,  0.00, 1312571273, 2005557000,  111863000, 1364237501, java, iotlab1, sing, 2
entry_13240688.class, 18.37,  3.65,  3.07,  0.75,  0.00, 1356986928, 2042534000,  101324000, 1408604532, java, iotlab1, sing, 2
entry_13240688.class, 18.13,  3.61,  3.05,  0.75,  0.00, 1345971075, 2050968000,  103644000, 1397657166, java, iotlab1, sing, 2
entry_13240688.class, 18.30,  3.60,  3.07,  0.76,  0.00, 1369966063, 2047641000,  109087000, 1421801830, java, iotlab1, sing, 2
entry_13240688.class, 18.19,  3.59,  3.03,  0.75,  0.00, 1352139430, 2058391000,  113800000, 1403793876, java, iotlab1, sing, 2
entry_13240688.class, 17.57,  3.45,  2.93,  0.73,  0.00, 1316076509, 2005270000,  118548000, 1367918450, java, iotlab1, sing, 2
entry_13240688.class, 17.98,  3.50,  2.92,  0.74,  0.00, 1341249936, 2030912000,  101194000, 1392812617, java, iotlab1, sing, 2
entry_13240688.class, 17.75,  3.50,  2.95,  0.73,  0.00, 1329995385, 2010161000,  104423000, 1381707326, java, iotlab1, sing, 2
entry_13284258.class,  9.54,  1.92,  1.59,  0.39,  0.00,  701161751, 1022627000,   67238000,  752951873, java, iotlab1, sing, 2
entry_13284258.class,  9.55,  1.93,  1.63,  0.39,  0.00,  707943460, 1038949000,   64996000,  759376024, java, iotlab1, sing, 2
entry_13284258.class,  9.45,  1.89,  1.61,  0.39,  0.00,  700975260, 1036221000,   70286000,  752498362, java, iotlab1, sing, 2
entry_13284258.class,  9.32,  1.86,  1.59,  0.39,  0.00,  699488811, 1028572000,   67102000,  751660486, java, iotlab1, sing, 2
entry_13284258.class,  9.65,  1.97,  1.63,  0.39,  0.00,  709713066, 1049593000,   68711000,  761318903, java, iotlab1, sing, 2
entry_13284258.class, 10.01,  2.09,  1.76,  0.41,  0.00,  725592957, 1206076000,   74127000,  777326304, java, iotlab1, sing, 2
entry_13284258.class,  9.47,  1.88,  1.57,  0.39,  0.00,  700177317, 1033466000,   64402000,  751908690, java, iotlab1, sing, 2
entry_13284258.class,  9.44,  1.92,  1.62,  0.39,  0.00,  703703962, 1038896000,   73133000,  755712376, java, iotlab1, sing, 2
entry_13284258.class,  9.51,  1.94,  1.62,  0.39,  0.00,  702193379, 1029869000,   64178000,  753949051, java, iotlab1, sing, 2
entry_13284258.class,  9.39,  1.87,  1.59,  0.39,  0.00,  705339625, 1026658000,   74756000,  757138829, java, iotlab1, sing, 2
entry_13350405.class, 12.52,  2.38,  1.95,  0.51,  0.00,  932146250, 1255123000,   74303000,  983907167, java, iotlab1, sing, 2
entry_13350405.class, 11.96,  2.28,  1.97,  0.50,  0.00,  911716840, 1242611000,   78227000,  963483111, java, iotlab1, sing, 2
entry_13350405.class, 12.36,  2.39,  2.01,  0.50,  0.00,  931600161, 1259169000,   69953000,  983403589, java, iotlab1, sing, 2
entry_13350405.class, 12.19,  2.39,  1.97,  0.49,  0.00,  907177825, 1235569000,   83375000,  958941838, java, iotlab1, sing, 2
entry_13350405.class, 12.39,  2.29,  1.96,  0.51,  0.00,  942155197, 1258988000,   68889000,  994181039, java, iotlab1, sing, 2
entry_13350405.class, 12.20,  2.38,  1.98,  0.49,  0.00,  908536741, 1236871000,   71222000,  960319805, java, iotlab1, sing, 2
entry_13350405.class, 12.15,  2.33,  1.99,  0.50,  0.00,  923740884, 1256599000,   70640000,  975639065, java, iotlab1, sing, 2
entry_13350405.class, 11.86,  2.33,  1.99,  0.49,  0.00,  899491723, 1236322000,   75263000,  951287901, java, iotlab1, sing, 2
entry_13350405.class, 11.83,  2.34,  1.98,  0.49,  0.00,  893673118, 1235392000,   62614000,  945615236, java, iotlab1, sing, 2
entry_13350405.class, 12.29,  2.32,  1.98,  0.50,  0.00,  925947723, 1237096000,   87077000,  977520944, java, iotlab1, sing, 2
entry_13350756.class, 12.46,  2.43,  2.03,  0.50,  0.00,  927564880, 1280540000,   69137000,  979394295, java, iotlab1, sing, 2
entry_13350756.class, 12.20,  2.38,  2.03,  0.50,  0.00,  919944704, 1255565000,   81036000,  971696206, java, iotlab1, sing, 2
entry_13350756.class, 12.39,  2.42,  2.04,  0.50,  0.00,  920426444, 1263388000,   72481000,  972247154, java, iotlab1, sing, 2
entry_13350756.class, 13.18,  2.85,  2.45,  0.54,  0.00,  935220429, 1285469000,   79534000,  986889206, java, iotlab1, sing, 2
entry_13350756.class, 12.59,  2.53,  2.16,  0.53,  0.00,  928076886, 1268015000,   74706000,  979696809, java, iotlab1, sing, 2
entry_13350756.class, 13.15,  2.79,  2.36,  0.55,  0.00,  957070940, 1311487000,   77791000, 1009616674, java, iotlab1, sing, 2
entry_13350756.class, 12.35,  2.46,  2.03,  0.50,  0.00,  920196548, 1263604000,   78099000,  972090963, java, iotlab1, sing, 2
entry_13350756.class, 12.45,  2.41,  2.00,  0.51,  0.00,  932587497, 1257850000,   71331000,  984336159, java, iotlab1, sing, 2
entry_13350756.class, 12.11,  2.30,  1.96,  0.50,  0.00,  918812267, 1268055000,   69331000,  970554662, java, iotlab1, sing, 2
entry_13350756.class, 12.24,  2.37,  2.05,  0.51,  0.00,  935913417, 1288724000,   71984000,  987794567, java, iotlab1, sing, 2
entry_13350761.class, 12.61,  2.39,  2.01,  0.51,  0.00,  938882766, 1265051000,   76183000,  990755483, java, iotlab1, sing, 2
entry_13350761.class, 12.36,  2.36,  1.95,  0.50,  0.00,  918601118, 1270311000,   70017000,  970397631, java, iotlab1, sing, 2
entry_13350761.class, 12.39,  2.41,  2.00,  0.50,  0.00,  923205543, 1279673000,   66086000,  974834502, java, iotlab1, sing, 2
entry_13350761.class, 12.16,  2.40,  2.02,  0.50,  0.00,  916003413, 1251245000,   84948000,  967849676, java, iotlab1, sing, 2
entry_13350761.class, 12.38,  2.43,  2.02,  0.50,  0.00,  922662116, 1273373000,   68073000,  974720948, java, iotlab1, sing, 2
entry_13350761.class, 12.24,  2.40,  2.04,  0.50,  0.00,  924375405, 1281636000,   57983000,  976348071, java, iotlab1, sing, 2
entry_13350761.class, 12.01,  2.38,  2.04,  0.50,  0.00,  920611481, 1260884000,   81185000,  972463241, java, iotlab1, sing, 2
entry_13350761.class, 12.13,  2.34,  1.99,  0.50,  0.00,  919693701, 1272084000,   66004000,  972032960, java, iotlab1, sing, 2
entry_13350761.class, 12.07,  2.31,  1.96,  0.50,  0.00,  917553296, 1262033000,   78125000,  969280712, java, iotlab1, sing, 2
entry_13350761.class, 12.22,  2.35,  2.00,  0.50,  0.00,  922584079, 1277852000,   62845000,  974272555, java, iotlab1, sing, 2
entry_13350770.class, 12.48,  2.46,  2.01,  0.50,  0.00,  918372138, 1269057000,   67003000,  970452875, java, iotlab1, sing, 2
entry_13350770.class, 12.30,  2.38,  2.00,  0.50,  0.00,  917174292, 1263124000,   74065000,  968791253, java, iotlab1, sing, 2
entry_13350770.class, 12.46,  2.43,  2.01,  0.50,  0.00,  922316618, 1255903000,   75933000,  974067963, java, iotlab1, sing, 2
entry_13350770.class, 12.27,  2.46,  2.07,  0.51,  0.00,  930647150, 1252949000,   77934000,  982459917, java, iotlab1, sing, 2
entry_13350770.class, 12.32,  2.46,  2.06,  0.50,  0.00,  923300834, 1265495000,   74263000,  975135367, java, iotlab1, sing, 2
entry_13350770.class, 12.29,  2.46,  2.04,  0.50,  0.00,  912437179, 1262912000,   73460000,  963978014, java, iotlab1, sing, 2
entry_13350770.class, 12.34,  2.48,  2.04,  0.50,  0.00,  913480137, 1259235000,   74072000,  965459895, java, iotlab1, sing, 2
entry_13350770.class, 12.42,  2.50,  2.05,  0.50,  0.00,  918376915, 1260408000,   77963000,  970096671, java, iotlab1, sing, 2
entry_13350770.class, 12.52,  2.47,  2.06,  0.50,  0.00,  921650226, 1254213000,   80205000,  973476767, java, iotlab1, sing, 2
entry_13350770.class, 12.39,  2.47,  2.06,  0.50,  0.00,  922855787, 1257529000,   92112000,  974826258, java, iotlab1, sing, 2
entry_13456835.class, 17.54,  3.64,  3.13,  0.73,  0.00, 1310331090, 2045685000,  111145000, 1362236756, java, iotlab1, sing, 2
entry_13456835.class, 18.47,  3.78,  3.25,  0.77,  0.00, 1389656643, 2085861000,  115992000, 1441143524, java, iotlab1, sing, 2
entry_13456835.class, 19.01,  3.90,  3.32,  0.79,  0.00, 1423329635, 2175438000,  105972000, 1475418720, java, iotlab1, sing, 2
entry_13456835.class, 19.71,  4.06,  3.40,  0.80,  0.00, 1448437687, 2180341000,  116338000, 1499837011, java, iotlab1, sing, 2
entry_13456835.class, 18.56,  3.82,  3.30,  0.78,  0.00, 1401959933, 2128288000,   99153000, 1453523621, java, iotlab1, sing, 2
entry_13456835.class, 17.61,  3.58,  3.07,  0.73,  0.00, 1318326586, 2021120000,  106953000, 1370057358, java, iotlab1, sing, 2
entry_13456835.class, 17.82,  3.61,  3.07,  0.73,  0.00, 1320258304, 2037578000,   97362000, 1372318289, java, iotlab1, sing, 2
entry_13456835.class, 19.13,  3.86,  3.27,  0.79,  0.00, 1429232456, 2142129000,  103812000, 1480902803, java, iotlab1, sing, 2
entry_13456835.class, 18.93,  3.88,  3.22,  0.77,  0.00, 1386934346, 2102706000,  110773000, 1438731572, java, iotlab1, sing, 2
entry_13456835.class, 18.98,  3.84,  3.30,  0.79,  0.00, 1436925557, 2148534000,  107226000, 1488677977, java, iotlab1, sing, 2
entry_13491618.class, 18.33,  3.60,  3.09,  0.77,  0.00, 1392557250, 2086711000,  104784000, 1444385038, java, iotlab1, sing, 2
entry_13491618.class, 18.17,  3.61,  2.94,  0.74,  0.00, 1334442743, 2027456000,  101473000, 1386326383, java, iotlab1, sing, 2
entry_13491618.class, 17.43,  3.49,  2.94,  0.73,  0.00, 1304085624, 2015271000,  104117000, 1355988579, java, iotlab1, sing, 2
entry_13491618.class, 17.77,  3.61,  3.10,  0.74,  0.00, 1329134191, 2048997000,  115604000, 1380925115, java, iotlab1, sing, 2
entry_13491618.class, 18.11,  3.65,  3.08,  0.75,  0.00, 1347546966, 2025993000,  110999000, 1399285918, java, iotlab1, sing, 2
entry_13491618.class, 18.37,  4.01,  3.45,  0.77,  0.00, 1318075854, 1984311000,  121019000, 1369919445, java, iotlab1, sing, 2
entry_13491618.class, 18.79,  4.01,  3.52,  0.80,  0.00, 1358619746, 2065883000,  112483000, 1410505457, java, iotlab1, sing, 2
entry_13491618.class, 18.14,  3.63,  3.06,  0.75,  0.00, 1352046222, 2065629000,  111979000, 1404177862, java, iotlab1, sing, 2
entry_13491618.class, 18.14,  3.67,  3.13,  0.75,  0.00, 1352316053, 2065544000,  105180000, 1404183296, java, iotlab1, sing, 2
entry_13491618.class, 18.30,  3.65,  3.10,  0.76,  0.00, 1358945841, 2079038000,  101099000, 1410414250, java, iotlab1, sing, 2
entry_13590261.class, 11.55,  2.24,  1.91,  0.48,  0.00,  878345245, 1223836000,   86634000,  930215974, java, iotlab1, sing, 2
entry_13590261.class, 11.44,  2.25,  1.89,  0.47,  0.00,  858201373, 1205862000,   68105000,  909875446, java, iotlab1, sing, 2
entry_13590261.class, 11.41,  2.26,  1.90,  0.47,  0.00,  854379626, 1218504000,   70259000,  906276117, java, iotlab1, sing, 2
entry_13590261.class, 11.48,  2.30,  1.96,  0.47,  0.00,  861023783, 1220377000,   82889000,  912661270, java, iotlab1, sing, 2
entry_13590261.class, 11.78,  2.32,  1.94,  0.48,  0.00,  878055826, 1232714000,   67984000,  930004503, java, iotlab1, sing, 2
entry_13590261.class, 11.30,  2.19,  1.85,  0.47,  0.00,  853054496, 1221133000,   72007000,  904565163, java, iotlab1, sing, 2
entry_13590261.class, 11.24,  2.18,  1.86,  0.47,  0.00,  849586742, 1229545000,   79163000,  901261606, java, iotlab1, sing, 2
entry_13590261.class, 11.40,  2.22,  1.86,  0.47,  0.00,  857150001, 1230645000,   66980000,  908943377, java, iotlab1, sing, 2
entry_13590261.class, 11.42,  2.19,  1.82,  0.47,  0.00,  856558242, 1212630000,   84461000,  908157602, java, iotlab1, sing, 2
entry_13590261.class, 11.80,  2.25,  1.85,  0.48,  0.00,  870790238, 1228675000,   72275000,  922419452, java, iotlab1, sing, 2
entry_13631638.class, 12.02,  2.36,  2.02,  0.50,  0.00,  914090543, 1261983000,   67588000,  965932054, java, iotlab1, sing, 2
entry_13631638.class, 12.26,  2.40,  1.99,  0.50,  0.00,  914575754, 1258143000,   70231000,  966236268, java, iotlab1, sing, 2
entry_13631638.class, 11.97,  2.28,  1.94,  0.49,  0.00,  893627148, 1246255000,   68738000,  945212254, java, iotlab1, sing, 2
entry_13631638.class, 11.77,  2.27,  1.94,  0.49,  0.00,  893946670, 1246423000,   71310000,  945579456, java, iotlab1, sing, 2
entry_13631638.class, 11.93,  2.36,  1.99,  0.49,  0.00,  894128873, 1247653000,   71265000,  946029209, java, iotlab1, sing, 2
entry_13631638.class, 12.35,  2.46,  2.01,  0.50,  0.00,  916323925, 1253073000,   71403000,  968070490, java, iotlab1, sing, 2
entry_13631638.class, 11.94,  2.35,  2.00,  0.49,  0.00,  903702468, 1247050000,   71059000,  955456834, java, iotlab1, sing, 2
entry_13631638.class, 12.19,  2.41,  2.01,  0.49,  0.00,  903673729, 1239258000,   78952000,  955382170, java, iotlab1, sing, 2
entry_13631638.class, 12.07,  2.38,  2.01,  0.49,  0.00,  910119426, 1243900000,   79545000,  962069187, java, iotlab1, sing, 2
entry_13631638.class, 12.01,  2.39,  2.03,  0.49,  0.00,  894037818, 1236071000,   70661000,  945849669, java, iotlab1, sing, 2
entry_13692844.class, 17.52,  3.55,  2.97,  0.72,  0.00, 1304487420, 1974982000,  111885000, 1356293183, java, iotlab1, sing, 2
entry_13692844.class, 17.59,  3.60,  3.04,  0.73,  0.00, 1314633793, 2006850000,   98894000, 1366669064, java, iotlab1, sing, 2
entry_13692844.class, 17.35,  3.50,  2.98,  0.72,  0.00, 1300833725, 1998985000,  111166000, 1352622341, java, iotlab1, sing, 2
entry_13692844.class, 17.92,  3.61,  3.06,  0.74,  0.00, 1337771868, 2030304000,  101214000, 1389730726, java, iotlab1, sing, 2
entry_13692844.class, 17.51,  3.53,  3.01,  0.73,  0.00, 1319192274, 2007514000,  116145000, 1370795978, java, iotlab1, sing, 2
entry_13692844.class, 17.35,  3.58,  3.02,  0.72,  0.00, 1294567797, 2024298000,   99456000, 1346441620, java, iotlab1, sing, 2
entry_13692844.class, 17.10,  3.51,  2.99,  0.72,  0.00, 1282817496, 1987272000,  114015000, 1334633220, java, iotlab1, sing, 2
entry_13692844.class, 17.73,  3.55,  3.00,  0.74,  0.00, 1329790477, 2049461000,   94928000, 1381328051, java, iotlab1, sing, 2
entry_13692844.class, 17.93,  3.58,  3.09,  0.76,  0.00, 1365588253, 2048006000,  113055000, 1417637648, java, iotlab1, sing, 2
entry_13692844.class, 17.30,  3.43,  2.91,  0.73,  0.00, 1305415556, 1975817000,  112103000, 1357244213, java, iotlab1, sing, 2
entry_13782067.class, 11.84,  2.33,  1.97,  0.49,  0.00,  892703149, 1237074000,   86144000,  944694096, java, iotlab1, sing, 2
entry_13782067.class, 11.90,  2.36,  2.01,  0.49,  0.00,  895692436, 1250845000,   74930000,  947300506, java, iotlab1, sing, 2
entry_13782067.class, 12.23,  2.46,  2.03,  0.49,  0.00,  905331252, 1245337000,   83753000,  957410716, java, iotlab1, sing, 2
entry_13782067.class, 12.11,  2.42,  2.05,  0.49,  0.00,  891519288, 1240671000,   82243000,  943098672, java, iotlab1, sing, 2
entry_13782067.class, 12.06,  2.46,  2.06,  0.49,  0.00,  893957188, 1249275000,   77264000,  945411640, java, iotlab1, sing, 2
entry_13782067.class, 12.09,  2.41,  2.03,  0.49,  0.00,  900050540, 1259695000,   72211000,  951630894, java, iotlab1, sing, 2
entry_13782067.class, 12.25,  2.38,  2.04,  0.50,  0.00,  913869759, 1263105000,   70172000,  965752020, java, iotlab1, sing, 2
entry_13782067.class, 11.85,  2.35,  1.98,  0.49,  0.00,  893813773, 1241806000,   82185000,  945410747, java, iotlab1, sing, 2
entry_13782067.class, 11.76,  2.29,  1.97,  0.49,  0.00,  892127620, 1258002000,   61950000,  943807214, java, iotlab1, sing, 2
entry_13782067.class, 12.32,  2.48,  2.14,  0.52,  0.00,  915955971, 1246203000,   91867000,  967693085, java, iotlab1, sing, 2
entry_14159185.class, 10.18,  2.15,  1.82,  0.42,  0.00,  744895627, 1283085000,   83265000,  796554952, java, iotlab1, sing, 2
entry_14159185.class, 10.04,  2.10,  1.81,  0.41,  0.00,  744945870, 1297115000,   70060000,  796661052, java, iotlab1, sing, 2
entry_14159185.class, 10.37,  2.13,  1.80,  0.42,  0.00,  743978896, 1295221000,   74012000,  795816426, java, iotlab1, sing, 2
entry_14159185.class, 11.03,  2.23,  1.89,  0.45,  0.00,  810333472, 1341134000,   92284000,  861887409, java, iotlab1, sing, 2
entry_14159185.class, 10.42,  2.09,  1.78,  0.42,  0.00,  764290087, 1278891000,   82798000,  816054961, java, iotlab1, sing, 2
entry_14159185.class, 10.07,  2.02,  1.73,  0.41,  0.00,  744123202, 1291260000,   89532000,  796066361, java, iotlab1, sing, 2
entry_14159185.class, 11.04,  2.23,  1.89,  0.45,  0.00,  816214445, 1403743000,   88551000,  868065251, java, iotlab1, sing, 2
entry_14159185.class, 10.18,  2.07,  1.75,  0.42,  0.00,  748881926, 1293700000,   75865000,  800499707, java, iotlab1, sing, 2
entry_14159185.class, 10.00,  2.01,  1.74,  0.42,  0.00,  745275789, 1288697000,   78676000,  797077672, java, iotlab1, sing, 2
entry_14159185.class, 10.17,  2.05,  1.74,  0.42,  0.00,  750171258, 1289944000,   82803000,  802027195, java, iotlab1, sing, 2
entry_14191594.class, 13.30,  2.59,  2.21,  0.56,  0.00, 1006909494, 1519240000,   80012000, 1058453591, java, iotlab1, sing, 2
entry_14191594.class, 13.63,  2.64,  2.17,  0.55,  0.00, 1006158518, 1457143000,   70054000, 1057757894, java, iotlab1, sing, 2
entry_14191594.class, 13.77,  2.70,  2.29,  0.56,  0.00, 1020281191, 1521046000,   85339000, 1072011881, java, iotlab1, sing, 2
entry_14191594.class, 13.35,  2.64,  2.29,  0.56,  0.00, 1010568423, 1518063000,   84947000, 1062097195, java, iotlab1, sing, 2
entry_14191594.class, 13.30,  2.65,  2.25,  0.54,  0.00,  991724715, 1431630000,   74448000, 1043343506, java, iotlab1, sing, 2
entry_14191594.class, 13.86,  2.70,  2.29,  0.57,  0.00, 1030725617, 1522948000,   89407000, 1082321301, java, iotlab1, sing, 2
entry_14191594.class, 13.38,  2.56,  2.19,  0.55,  0.00, 1001035225, 1412523000,   94766000, 1052763010, java, iotlab1, sing, 2
entry_14191594.class, 13.29,  2.53,  2.14,  0.55,  0.00,  991562259, 1425170000,   84010000, 1043398197, java, iotlab1, sing, 2
entry_14191594.class, 14.21,  2.78,  2.34,  0.58,  0.00, 1063095898, 1482128000,   93322000, 1114635256, java, iotlab1, sing, 2
entry_14191594.class, 13.56,  2.72,  2.34,  0.56,  0.00, 1017357093, 1520498000,   89970000, 1069155583, java, iotlab1, sing, 2
entry_14240796.class,  8.03,  1.66,  1.45,  0.33,  0.00,  599296512, 1020953000,   79839000,  651309760, java, iotlab1, sing, 2
entry_14240796.class,  8.22,  1.65,  1.35,  0.33,  0.00,  597827215,  946894000,   74912000,  649595914, java, iotlab1, sing, 2
entry_14240796.class,  8.13,  1.62,  1.35,  0.33,  0.00,  598891912,  949730000,   74213000,  650367096, java, iotlab1, sing, 2
entry_14240796.class,  8.19,  1.61,  1.34,  0.33,  0.00,  597645713,  947755000,   73825000,  649353045, java, iotlab1, sing, 2
entry_14240796.class,  8.05,  1.57,  1.34,  0.33,  0.00,  595767001,  944882000,   76827000,  647400046, java, iotlab1, sing, 2
entry_14240796.class,  7.87,  1.58,  1.38,  0.32,  0.00,  590202752,  950931000,   71919000,  641764341, java, iotlab1, sing, 2
entry_14240796.class,  7.85,  1.61,  1.41,  0.32,  0.00,  588717930,  948719000,   73287000,  640457485, java, iotlab1, sing, 2
entry_14240796.class,  8.14,  1.68,  1.43,  0.33,  0.00,  599779261,  946348000,   71874000,  651303389, java, iotlab1, sing, 2
entry_14240796.class,  8.00,  1.68,  1.48,  0.33,  0.00,  598289245, 1035548000,   64220000,  649922111, java, iotlab1, sing, 2
entry_14240796.class,  8.09,  1.66,  1.40,  0.32,  0.00,  592175855,  953699000,   71201000,  643756168, java, iotlab1, sing, 2
entry_14327434.class, 12.70,  2.46,  2.12,  0.53,  0.00,  968171381, 1341066000,   71109000, 1020125870, java, iotlab1, sing, 2
entry_14327434.class, 12.85,  2.53,  2.18,  0.54,  0.00,  971379946, 1448112000,   83121000, 1022984284, java, iotlab1, sing, 2
entry_14327434.class, 13.13,  2.57,  2.20,  0.54,  0.00,  975435391, 1442563000,   85033000, 1027197214, java, iotlab1, sing, 2
entry_14327434.class, 12.94,  2.61,  2.19,  0.53,  0.00,  956509681, 1418754000,   87230000, 1008399129, java, iotlab1, sing, 2
entry_14327434.class, 13.12,  2.62,  2.19,  0.53,  0.00,  971152936, 1430501000,   86392000, 1023591952, java, iotlab1, sing, 2
entry_14327434.class, 13.23,  2.58,  2.18,  0.54,  0.00,  989792700, 1440930000,   87177000, 1041757232, java, iotlab1, sing, 2
entry_14327434.class, 13.03,  2.66,  2.20,  0.53,  0.00,  964157908, 1427719000,   85683000, 1015868652, java, iotlab1, sing, 2
entry_14327434.class, 13.32,  2.69,  2.23,  0.54,  0.00,  985966206, 1440125000,   85184000, 1037757498, java, iotlab1, sing, 2
entry_14327434.class, 12.89,  2.59,  2.22,  0.53,  0.00,  967383214, 1438807000,   76776000, 1018867433, java, iotlab1, sing, 2
entry_14327434.class, 13.05,  2.61,  2.18,  0.53,  0.00,  969350769, 1419168000,   98080000, 1021045333, java, iotlab1, sing, 2
entry_14608745.class,  9.08,  1.85,  1.59,  0.37,  0.00,  673138629, 1107896000,   72319000,  724969046, java, iotlab1, sing, 2
entry_14608745.class,  9.05,  1.88,  1.62,  0.37,  0.00,  671386982, 1111697000,   84432000,  723252705, java, iotlab1, sing, 2
entry_14608745.class,  8.94,  1.86,  1.60,  0.37,  0.00,  665248637, 1096083000,   76005000,  716750222, java, iotlab1, sing, 2
entry_14608745.class,  9.37,  1.96,  1.63,  0.38,  0.00,  676422445, 1124813000,   76511000,  728094165, java, iotlab1, sing, 2
entry_14608745.class,  9.48,  1.92,  1.61,  0.38,  0.00,  688456277, 1127494000,   81963000,  740144758, java, iotlab1, sing, 2
entry_14608745.class,  9.14,  1.88,  1.63,  0.38,  0.00,  682979892, 1115037000,   83376000,  734855962, java, iotlab1, sing, 2
entry_14608745.class,  9.18,  1.90,  1.61,  0.37,  0.00,  662713725, 1122155000,   82790000,  714450856, java, iotlab1, sing, 2
entry_14608745.class,  9.17,  1.92,  1.60,  0.37,  0.00,  662387157, 1150257000,   77218000,  714034113, java, iotlab1, sing, 2
entry_14608745.class,  9.20,  1.85,  1.55,  0.37,  0.00,  674080416, 1101465000,   77172000,  725761563, java, iotlab1, sing, 2
entry_14608745.class,  9.16,  1.88,  1.61,  0.38,  0.00,  681442827, 1129042000,   78002000,  733459646, java, iotlab1, sing, 2
entry_14720334.class, 13.04,  2.68,  2.34,  0.56,  0.00,  983644800, 1332434000,   66921000, 1036031707, java, iotlab1, sing, 2
entry_14720334.class, 13.98,  3.08,  2.70,  0.60,  0.00, 1009833966, 1330834000,   71614000, 1061332249, java, iotlab1, sing, 2
entry_14720334.class, 12.58,  2.50,  2.11,  0.51,  0.00,  944031645, 1278785000,   79110000,  995907151, java, iotlab1, sing, 2
entry_14720334.class, 12.62,  2.50,  2.10,  0.51,  0.00,  948755553, 1257615000,   71920000, 1000799845, java, iotlab1, sing, 2
entry_14720334.class, 12.73,  2.58,  2.17,  0.52,  0.00,  956578009, 1298918000,   88721000, 1008579057, java, iotlab1, sing, 2
entry_14720334.class, 12.67,  2.53,  2.11,  0.52,  0.00,  950643664, 1305502000,   76087000, 1002406329, java, iotlab1, sing, 2
entry_14720334.class, 12.44,  2.46,  2.10,  0.52,  0.00,  948112450, 1310058000,   65702000,  999739454, java, iotlab1, sing, 2
entry_14720334.class, 12.39,  2.44,  2.09,  0.52,  0.00,  949033134, 1270056000,   90789000, 1000539004, java, iotlab1, sing, 2
entry_14720334.class, 12.68,  2.50,  2.11,  0.52,  0.00,  954554939, 1277070000,   81067000, 1006284356, java, iotlab1, sing, 2
entry_14720334.class, 12.59,  2.49,  2.10,  0.52,  0.00,  951018827, 1304693000,   77802000, 1002724865, java, iotlab1, sing, 2
entry_14747511.class, 19.24,  3.75,  3.14,  0.86,  0.00, 1454138701, 1866319000,  198290000, 1506076284, java, iotlab1, sing, 2
entry_14747511.class, 20.23,  3.94,  3.38,  0.90,  0.00, 1531254108, 1934092000,  212010000, 1582669382, java, iotlab1, sing, 2
entry_14747511.class, 17.65,  3.58,  2.97,  0.72,  0.00, 1330344119, 1755756000,  105225000, 1381821130, java, iotlab1, sing, 2
entry_14747511.class, 19.80,  3.89,  3.26,  0.88,  0.00, 1488493548, 1926711000,  192570000, 1540121934, java, iotlab1, sing, 2
entry_14747511.class, 19.50,  3.67,  3.10,  0.87,  0.00, 1481920869, 1854747000,  195289000, 1533646619, java, iotlab1, sing, 2
entry_14747511.class, 19.23,  3.68,  3.06,  0.86,  0.00, 1454960364, 1823165000,  202127000, 1506969074, java, iotlab1, sing, 2
entry_14747511.class, 19.38,  3.75,  3.11,  0.86,  0.00, 1452842555, 1846791000,  219975000, 1505239193, java, iotlab1, sing, 2
entry_14747511.class, 19.93,  3.92,  3.27,  0.88,  0.00, 1493116907, 1900149000,  220668000, 1544977779, java, iotlab1, sing, 2
entry_14747511.class, 19.42,  3.84,  3.19,  0.87,  0.00, 1462222527, 1870015000,  205771000, 1514311638, java, iotlab1, sing, 2
entry_14747511.class, 19.86,  3.88,  3.28,  0.89,  0.00, 1514446146, 1870118000,  218715000, 1566025809, java, iotlab1, sing, 2
entry_14791199.class, 12.91,  2.62,  2.15,  0.52,  0.00,  959326198, 1291558000,   76914000, 1010986452, java, iotlab1, sing, 2
entry_14791199.class, 12.56,  2.52,  2.16,  0.52,  0.00,  962389504, 1300747000,   69092000, 1014212676, java, iotlab1, sing, 2
entry_14791199.class, 12.43,  2.47,  2.14,  0.52,  0.00,  958151488, 1291507000,   70190000, 1010049652, java, iotlab1, sing, 2
entry_14791199.class, 12.49,  2.47,  2.13,  0.52,  0.00,  962805097, 1297085000,   76417000, 1014728883, java, iotlab1, sing, 2
entry_14791199.class, 12.56,  2.49,  2.13,  0.52,  0.00,  958781054, 1290911000,   87789000, 1010660889, java, iotlab1, sing, 2
entry_14791199.class, 12.74,  2.50,  2.09,  0.52,  0.00,  961208408, 1300800000,   69095000, 1013159908, java, iotlab1, sing, 2
entry_14791199.class, 12.76,  2.51,  2.08,  0.52,  0.00,  962047979, 1293025000,   78818000, 1013797302, java, iotlab1, sing, 2
entry_14791199.class, 12.50,  2.46,  2.13,  0.52,  0.00,  968086215, 1309866000,   66246000, 1019871456, java, iotlab1, sing, 2
entry_14791199.class, 12.88,  2.55,  2.09,  0.52,  0.00,  967199273, 1292324000,   81083000, 1018819339, java, iotlab1, sing, 2
entry_14791199.class, 12.81,  2.50,  2.10,  0.53,  0.00,  970861573, 1302526000,   73311000, 1022446992, java, iotlab1, sing, 2
entry_14849470.class, 20.72,  3.95,  3.29,  0.86,  0.00, 1580148094, 2019570000,  196639000, 1631727286, java, iotlab1, sing, 2
entry_14849470.class, 20.78,  4.04,  3.36,  0.86,  0.00, 1569174766, 2018528000,  190332000, 1620684858, java, iotlab1, sing, 2
entry_14849470.class, 22.42,  4.32,  3.64,  1.00,  0.00, 1698561695, 2096013000,  206705000, 1750307219, java, iotlab1, sing, 2
entry_14849470.class, 22.15,  4.27,  3.63,  0.99,  0.00, 1681514749, 2162435000,  197130000, 1733281398, java, iotlab1, sing, 2
entry_14849470.class, 20.48,  3.97,  3.36,  0.86,  0.00, 1569143546, 2025966000,  195285000, 1620896539, java, iotlab1, sing, 2
entry_14849470.class, 20.58,  3.92,  3.30,  0.86,  0.00, 1569619374, 2014337000,  191316000, 1621300564, java, iotlab1, sing, 2
entry_14849470.class, 20.63,  3.90,  3.24,  0.87,  0.00, 1575677158, 2059046000,  169756000, 1627303293, java, iotlab1, sing, 2
entry_14849470.class, 20.44,  3.85,  3.25,  0.86,  0.00, 1572931882, 2015520000,  192431000, 1624660077, java, iotlab1, sing, 2
entry_14849470.class, 20.54,  3.96,  3.33,  0.87,  0.00, 1575077338, 2055736000,  171478000, 1627003962, java, iotlab1, sing, 2
entry_14849470.class, 24.07,  4.89,  4.18,  1.09,  0.00, 1779792036, 2225889000,  191420000, 1834517453, java, iotlab1, sing, 2
entry_14865244.class,  8.81,  1.79,  1.50,  0.36,  0.00,  650180785, 1001009000,   74074000,  702016516, java, iotlab1, sing, 2
entry_14865244.class,  8.69,  1.77,  1.51,  0.36,  0.00,  647261736,  994729000,   79217000,  698971942, java, iotlab1, sing, 2
entry_14865244.class,  8.69,  1.83,  1.51,  0.35,  0.00,  636635918,  993760000,   78217000,  688469799, java, iotlab1, sing, 2
entry_14865244.class,  8.53,  1.77,  1.51,  0.35,  0.00,  635985440,  984937000,   87082000,  688373299, java, iotlab1, sing, 2
entry_14865244.class,  8.40,  1.70,  1.48,  0.35,  0.00,  634755616, 1010100000,   60945000,  686178721, java, iotlab1, sing, 2
entry_14865244.class,  8.63,  1.75,  1.51,  0.36,  0.00,  648424778,  978059000,   90727000,  699999921, java, iotlab1, sing, 2
entry_14865244.class,  8.55,  1.70,  1.45,  0.35,  0.00,  635418667,  987230000,   84447000,  686946171, java, iotlab1, sing, 2
entry_14865244.class,  8.57,  1.74,  1.47,  0.35,  0.00,  634977944, 1000706000,   70767000,  686930845, java, iotlab1, sing, 2
entry_14865244.class,  8.74,  1.75,  1.44,  0.35,  0.00,  635307821,  985802000,   81066000,  687096172, java, iotlab1, sing, 2
entry_14865244.class,  8.56,  1.67,  1.45,  0.36,  0.00,  644925147,  994140000,   74234000,  696715141, java, iotlab1, sing, 2
entry_14961313.class, 11.10,  2.19,  1.86,  0.46,  0.00,  833393315, 1224375000,   77339000,  885196927, java, iotlab1, sing, 2
entry_14961313.class, 11.27,  2.24,  1.86,  0.46,  0.00,  836986036, 1233513000,   75153000,  888612025, java, iotlab1, sing, 2
entry_14961313.class, 11.18,  2.21,  1.86,  0.46,  0.00,  832155711, 1233623000,   68034000,  884102231, java, iotlab1, sing, 2
entry_14961313.class, 11.02,  2.14,  1.84,  0.46,  0.00,  835455462, 1224030000,   79066000,  887009228, java, iotlab1, sing, 2
entry_14961313.class, 11.32,  2.21,  1.86,  0.46,  0.00,  843574952, 1231471000,   69969000,  895354088, java, iotlab1, sing, 2
entry_14961313.class, 11.01,  2.20,  1.87,  0.46,  0.00,  829691687, 1210597000,   86113000,  881568469, java, iotlab1, sing, 2
entry_14961313.class, 12.56,  2.56,  2.13,  0.51,  0.00,  936470157, 1397170000,   76734000,  987966808, java, iotlab1, sing, 2
entry_14961313.class, 11.26,  2.29,  1.89,  0.46,  0.00,  835277553, 1226415000,   75778000,  886840898, java, iotlab1, sing, 2
entry_14961313.class, 11.23,  2.27,  1.91,  0.46,  0.00,  838866748, 1223934000,   84649000,  890651661, java, iotlab1, sing, 2
entry_14961313.class, 11.36,  2.28,  1.91,  0.46,  0.00,  845426454, 1236613000,   67978000,  897158909, java, iotlab1, sing, 2
entry_14971001.class, 12.92,  2.60,  2.17,  0.53,  0.00,  973609324, 1329770000,   91984000, 1025400781, java, iotlab1, sing, 2
entry_14971001.class, 12.88,  2.59,  2.16,  0.53,  0.00,  973879718, 1344859000,   74769000, 1025438155, java, iotlab1, sing, 2
entry_14971001.class, 12.83,  2.53,  2.13,  0.53,  0.00,  970226485, 1341702000,   71409000, 1022070260, java, iotlab1, sing, 2
entry_14971001.class, 12.84,  2.50,  2.13,  0.53,  0.00,  978801506, 1329159000,   88478000, 1030521886, java, iotlab1, sing, 2
entry_14971001.class, 12.21,  2.46,  2.03,  0.50,  0.00,  911802999, 1275880000,   74992000,  963631323, java, iotlab1, sing, 2
entry_14971001.class, 12.57,  2.51,  2.18,  0.53,  0.00,  972743753, 1326705000,   91496000, 1024567703, java, iotlab1, sing, 2
entry_14971001.class, 12.27,  2.49,  2.14,  0.51,  0.00,  937961634, 1311314000,   72182000,  989930384, java, iotlab1, sing, 2
entry_14971001.class, 12.41,  2.47,  2.11,  0.51,  0.00,  936550296, 1317379000,   68330000,  988145940, java, iotlab1, sing, 2
entry_14971001.class, 11.85,  2.38,  2.03,  0.49,  0.00,  896648568, 1273639000,   69761000,  948453030, java, iotlab1, sing, 2
entry_14971001.class, 13.03,  2.47,  2.05,  0.53,  0.00,  979133166, 1342467000,   74302000, 1031019034, java, iotlab1, sing, 2
entry_15038945.class, 17.42,  3.49,  2.95,  0.73,  0.00, 1301839386, 1980797000,  121925000, 1353809514, java, iotlab1, sing, 2
entry_15038945.class, 17.87,  3.60,  3.08,  0.75,  0.00, 1343599160, 2046405000,  112856000, 1395257632, java, iotlab1, sing, 2
entry_15038945.class, 18.25,  3.65,  3.08,  0.75,  0.00, 1351789073, 2084158000,  102253000, 1403465038, java, iotlab1, sing, 2
entry_15038945.class, 17.71,  3.61,  3.03,  0.73,  0.00, 1305548838, 2041240000,  117128000, 1357297815, java, iotlab1, sing, 2
entry_15038945.class, 17.34,  3.56,  3.03,  0.72,  0.00, 1294433613, 1991404000,  108130000, 1345996037, java, iotlab1, sing, 2
entry_15038945.class, 17.72,  3.71,  3.11,  0.73,  0.00, 1315453849, 2026494000,  108186000, 1367293379, java, iotlab1, sing, 2
entry_15038945.class, 17.17,  3.51,  3.04,  0.72,  0.00, 1292562870, 2039131000,  102207000, 1344234665, java, iotlab1, sing, 2
entry_15038945.class, 17.17,  3.51,  3.00,  0.72,  0.00, 1286432636, 2031124000,  110169000, 1338005936, java, iotlab1, sing, 2
entry_15038945.class, 17.95,  3.61,  3.05,  0.75,  0.00, 1341106700, 2040424000,  119848000, 1392782810, java, iotlab1, sing, 2
entry_15038945.class, 17.28,  3.57,  3.06,  0.72,  0.00, 1294075911, 2005349000,  118197000, 1345621495, java, iotlab1, sing, 2
entry_15158503.class, 13.05,  2.58,  2.18,  0.54,  0.00,  989603521, 1368052000,   80532000, 1041431222, java, iotlab1, sing, 2
entry_15158503.class, 13.78,  2.72,  2.30,  0.57,  0.00, 1048992028, 1403303000,   79356000, 1100634347, java, iotlab1, sing, 2
entry_15158503.class, 13.07,  2.60,  2.20,  0.53,  0.00,  970406525, 1368560000,   77918000, 1022364173, java, iotlab1, sing, 2
entry_15158503.class, 13.57,  2.90,  2.49,  0.56,  0.00,  984098178, 1390222000,   78464000, 1036008475, java, iotlab1, sing, 2
entry_15158503.class, 13.93,  2.82,  2.44,  0.60,  0.00, 1055946127, 1463972000,   77051000, 1111534618, java, iotlab1, sing, 2
entry_15158503.class, 14.27,  3.13,  2.71,  0.62,  0.00, 1049488898, 1585793000,   85419000, 1102230684, java, iotlab1, sing, 2
entry_15158503.class, 12.96,  2.58,  2.18,  0.53,  0.00,  976613370, 1349870000,   84179000, 1028228644, java, iotlab1, sing, 2
entry_15158503.class, 13.17,  2.61,  2.20,  0.54,  0.00,  989933496, 1376222000,   74011000, 1041728663, java, iotlab1, sing, 2
entry_15158503.class, 13.37,  2.68,  2.26,  0.55,  0.00,  988252487, 1408740000,   86106000, 1039862465, java, iotlab1, sing, 2
entry_15158503.class, 13.10,  2.58,  2.18,  0.54,  0.00,  978167133, 1379222000,   80187000, 1030048290, java, iotlab1, sing, 2
entry_15270694.class, 11.67,  2.38,  2.01,  0.48,  0.00,  876870307, 1296338000,   82575000,  928582372, java, iotlab1, sing, 2
entry_15270694.class, 11.75,  2.39,  1.97,  0.48,  0.00,  872310689, 1294406000,   82025000,  923975584, java, iotlab1, sing, 2
entry_15270694.class, 11.70,  2.33,  1.99,  0.48,  0.00,  872068998, 1296421000,   80839000,  923546325, java, iotlab1, sing, 2
entry_15270694.class, 12.41,  2.44,  2.09,  0.51,  0.00,  934765662, 1338904000,   83806000,  986391380, java, iotlab1, sing, 2
entry_15270694.class, 11.66,  2.37,  2.03,  0.48,  0.00,  879064903, 1302632000,   82166000,  930817953, java, iotlab1, sing, 2
entry_15270694.class, 11.70,  2.38,  2.03,  0.48,  0.00,  875943669, 1319726000,   68140000,  927705436, java, iotlab1, sing, 2
entry_15270694.class, 11.87,  2.41,  2.00,  0.48,  0.00,  879682755, 1295575000,   91110000,  931370292, java, iotlab1, sing, 2
entry_15270694.class, 11.87,  2.47,  2.05,  0.48,  0.00,  871946196, 1304227000,   71902000,  923792809, java, iotlab1, sing, 2
entry_15270694.class, 11.79,  2.41,  2.06,  0.49,  0.00,  885235862, 1313622000,   65080000,  937048173, java, iotlab1, sing, 2
entry_15270694.class, 11.75,  2.41,  2.02,  0.48,  0.00,  869289387, 1303924000,   69888000,  920851175, java, iotlab1, sing, 2
entry_15335800.class, 10.05,  2.03,  1.74,  0.42,  0.00,  748646759, 1149475000,   87579000,  800379039, java, iotlab1, sing, 2
entry_15335800.class, 10.47,  2.13,  1.82,  0.43,  0.00,  771134613, 1202486000,  100207000,  822755913, java, iotlab1, sing, 2
entry_15335800.class, 10.17,  2.09,  1.78,  0.42,  0.00,  753784017, 1160198000,   80596000,  805645890, java, iotlab1, sing, 2
entry_15335800.class, 10.50,  2.12,  1.80,  0.42,  0.00,  757537186, 1151229000,   97103000,  809400163, java, iotlab1, sing, 2
entry_15335800.class, 10.38,  2.14,  1.79,  0.42,  0.00,  761720142, 1171077000,   83147000,  813493048, java, iotlab1, sing, 2
entry_15335800.class, 10.08,  2.04,  1.75,  0.42,  0.00,  746716801, 1161347000,   75761000,  798402856, java, iotlab1, sing, 2
entry_15335800.class, 10.21,  2.11,  1.79,  0.42,  0.00,  748608100, 1210252000,   79950000,  800620669, java, iotlab1, sing, 2
entry_15335800.class, 10.39,  2.13,  1.78,  0.42,  0.00,  753408437, 1213031000,   79067000,  805706342, java, iotlab1, sing, 2
entry_15335800.class, 10.12,  2.04,  1.75,  0.42,  0.00,  751590758, 1152823000,   74923000,  803358125, java, iotlab1, sing, 2
entry_15335800.class, 10.33,  2.07,  1.77,  0.43,  0.00,  765266190, 1171757000,   72984000,  817158216, java, iotlab1, sing, 2
entry_15561052.class, 12.13,  2.48,  2.07,  0.50,  0.00,  905380797, 1225491000,   73668000,  957228629, java, iotlab1, sing, 2
entry_15561052.class, 12.03,  2.39,  2.08,  0.50,  0.00,  918467638, 1269120000,   63405000,  970473071, java, iotlab1, sing, 2
entry_15561052.class, 12.20,  2.45,  2.07,  0.50,  0.00,  914307877, 1233179000,   80011000,  966134520, java, iotlab1, sing, 2
entry_15561052.class, 12.16,  2.52,  2.07,  0.49,  0.00,  897137354, 1242596000,   77974000,  948837232, java, iotlab1, sing, 2
entry_15561052.class, 12.13,  2.46,  2.08,  0.50,  0.00,  907616866, 1242506000,   75091000,  959414972, java, iotlab1, sing, 2
entry_15561052.class, 12.23,  2.50,  2.08,  0.50,  0.00,  915990174, 1248856000,   70104000,  967530616, java, iotlab1, sing, 2
entry_15561052.class, 11.84,  2.38,  2.05,  0.49,  0.00,  902795334, 1246615000,   80362000,  954489751, java, iotlab1, sing, 2
entry_15561052.class, 12.07,  2.40,  2.05,  0.50,  0.00,  913830587, 1253150000,   77070000,  965708930, java, iotlab1, sing, 2
entry_15561052.class, 12.13,  2.42,  1.99,  0.49,  0.00,  901016579, 1239915000,   72169000,  952674664, java, iotlab1, sing, 2
entry_15561052.class, 12.03,  2.39,  2.00,  0.49,  0.00,  901191442, 1253189000,   70234000,  952720438, java, iotlab1, sing, 2
entry_15760667.class, 19.47,  3.67,  3.06,  0.86,  0.00, 1482917041, 1665116000,  200616000, 1534927098, java, iotlab1, sing, 2
entry_15760667.class, 19.77,  3.71,  3.06,  0.87,  0.00, 1491999477, 1733450000,  189830000, 1543780069, java, iotlab1, sing, 2
entry_15760667.class, 15.62,  2.93,  2.43,  0.63,  0.00, 1180912729, 1465430000,   85141000, 1232648058, java, iotlab1, sing, 2
entry_15760667.class, 16.06,  3.01,  2.53,  0.65,  0.00, 1233070890, 1504090000,  100671000, 1284739608, java, iotlab1, sing, 2
entry_15760667.class, 19.25,  3.65,  3.08,  0.85,  0.00, 1470675032, 1709504000,  179737000, 1522359065, java, iotlab1, sing, 2
entry_15760667.class, 19.37,  3.64,  3.00,  0.85,  0.00, 1473878665, 1715061000,  177799000, 1525621437, java, iotlab1, sing, 2
entry_15760667.class, 19.51,  3.76,  3.12,  0.86,  0.00, 1474148773, 1707109000,  189346000, 1525707905, java, iotlab1, sing, 2
entry_15760667.class, 19.40,  3.71,  3.10,  0.86,  0.00, 1481329066, 1711794000,  197514000, 1533141293, java, iotlab1, sing, 2
entry_15760667.class, 19.33,  3.63,  3.02,  0.85,  0.00, 1472805608, 1679932000,  216278000, 1524462312, java, iotlab1, sing, 2
entry_15760667.class, 19.90,  3.99,  3.44,  0.89,  0.00, 1479027603, 1717538000,  201180000, 1530767514, java, iotlab1, sing, 2
entry_15821223.class,  8.53,  1.74,  1.45,  0.35,  0.00,  637076104,  901375000,   67177000,  689098297, java, iotlab1, sing, 2
entry_15821223.class,  8.52,  1.71,  1.43,  0.35,  0.00,  634679763,  902492000,   72440000,  686553302, java, iotlab1, sing, 2
entry_15821223.class,  8.44,  1.66,  1.42,  0.35,  0.00,  630067203,  903858000,   69065000,  681518199, java, iotlab1, sing, 2
entry_15821223.class,  8.38,  1.67,  1.45,  0.35,  0.00,  639041353,  894792000,   76896000,  690355028, java, iotlab1, sing, 2
entry_15821223.class,  8.32,  1.62,  1.39,  0.35,  0.00,  632322907,  904698000,   71896000,  683884617, java, iotlab1, sing, 2
entry_15821223.class,  8.44,  1.69,  1.44,  0.35,  0.00,  632398795,  915412000,   61757000,  683939364, java, iotlab1, sing, 2
entry_15821223.class,  8.42,  1.70,  1.45,  0.35,  0.00,  637068032,  908687000,   69357000,  688999857, java, iotlab1, sing, 2
entry_15821223.class,  8.73,  1.76,  1.50,  0.36,  0.00,  657271412,  924981000,   67071000,  708909971, java, iotlab1, sing, 2
entry_15821223.class,  8.55,  1.74,  1.46,  0.35,  0.00,  635600395,  904999000,   74576000,  687570971, java, iotlab1, sing, 2
entry_15821223.class,  8.65,  1.76,  1.47,  0.35,  0.00,  644751171,  902538000,   75044000,  696435663, java, iotlab1, sing, 2
entry_15829551.class, 13.70,  2.68,  2.26,  0.60,  0.00, 1038312608, 1242032000,  200976000, 1090163713, java, iotlab1, sing, 2
entry_15829551.class, 13.69,  2.69,  2.27,  0.60,  0.00, 1040392227, 1229255000,  210700000, 1092048247, java, iotlab1, sing, 2
entry_15829551.class, 13.79,  2.69,  2.24,  0.59,  0.00, 1030767071, 1246282000,  190501000, 1082823160, java, iotlab1, sing, 2
entry_15829551.class, 13.66,  2.71,  2.28,  0.60,  0.00, 1040000352, 1237020000,  201983000, 1092254194, java, iotlab1, sing, 2
entry_15829551.class, 13.40,  2.62,  2.23,  0.59,  0.00, 1025466593, 1224453000,  193963000, 1077100051, java, iotlab1, sing, 2
entry_15829551.class, 13.49,  2.67,  2.25,  0.59,  0.00, 1024966580, 1225145000,  195661000, 1076776399, java, iotlab1, sing, 2
entry_15829551.class, 13.34,  2.59,  2.17,  0.58,  0.00, 1014725743, 1209146000,  210547000, 1066454771, java, iotlab1, sing, 2
entry_15829551.class, 13.70,  2.66,  2.21,  0.59,  0.00, 1031362279, 1227463000,  206909000, 1083055395, java, iotlab1, sing, 2
entry_15829551.class, 13.63,  2.67,  2.21,  0.59,  0.00, 1032561028, 1221662000,  216232000, 1084382094, java, iotlab1, sing, 2
entry_15829551.class, 13.32,  2.59,  2.18,  0.58,  0.00, 1014153858, 1224768000,  192853000, 1066001960, java, iotlab1, sing, 2
entry_15941732.class, 16.85,  3.36,  2.78,  0.71,  0.00, 1270704167, 1588241000,  177362000, 1322353513, java, iotlab1, sing, 2
entry_15941732.class, 16.53,  3.24,  2.72,  0.70,  0.00, 1266493552, 1599980000,  161807000, 1318559850, java, iotlab1, sing, 2
entry_15941732.class, 16.62,  3.12,  2.63,  0.70,  0.00, 1265570411, 1579405000,  182931000, 1317435536, java, iotlab1, sing, 2
entry_15941732.class, 16.71,  3.15,  2.65,  0.71,  0.00, 1279874905, 1581096000,  193400000, 1331603221, java, iotlab1, sing, 2
entry_15941732.class, 16.75,  3.16,  2.62,  0.71,  0.00, 1275567072, 1631548000,  146318000, 1327210258, java, iotlab1, sing, 2
entry_15941732.class, 16.49,  3.12,  2.61,  0.70,  0.00, 1267879189, 1580161000,  181247000, 1319642623, java, iotlab1, sing, 2
entry_15941732.class, 16.68,  3.09,  2.62,  0.71,  0.00, 1284553866, 1609752000,  171399000, 1337047103, java, iotlab1, sing, 2
entry_15941732.class, 16.62,  3.21,  2.70,  0.70,  0.00, 1271011567, 1574473000,  191935000, 1323030139, java, iotlab1, sing, 2
entry_15941732.class, 16.43,  3.16,  2.70,  0.70,  0.00, 1267349561, 1568917000,  195238000, 1318900895, java, iotlab1, sing, 2
entry_15941732.class, 16.64,  3.16,  2.66,  0.70,  0.00, 1271584100, 1577365000,  194291000, 1323415251, java, iotlab1, sing, 2
entry_15941733.class, 16.71,  3.26,  2.75,  0.71,  0.00, 1282552627, 1593195000,  179359000, 1334303280, java, iotlab1, sing, 2
entry_15941733.class, 16.52,  3.15,  2.69,  0.71,  0.00, 1266965765, 1573893000,  190228000, 1318862095, java, iotlab1, sing, 2
entry_15941733.class, 16.76,  3.17,  2.68,  0.71,  0.00, 1269278297, 1571964000,  191360000, 1320930952, java, iotlab1, sing, 2
entry_15941733.class, 16.89,  3.24,  2.70,  0.71,  0.00, 1272170474, 1554317000,  191779000, 1323899562, java, iotlab1, sing, 2
entry_15941733.class, 16.90,  3.28,  2.70,  0.71,  0.00, 1273133913, 1574319000,  190765000, 1325039594, java, iotlab1, sing, 2
entry_15941733.class, 16.52,  3.10,  2.61,  0.70,  0.00, 1268225103, 1570573000,  192665000, 1320137044, java, iotlab1, sing, 2
entry_15941733.class, 16.72,  3.15,  2.65,  0.70,  0.00, 1267761134, 1561510000,  183177000, 1319440734, java, iotlab1, sing, 2
entry_15941733.class, 16.64,  3.15,  2.67,  0.70,  0.00, 1269033589, 1583680000,  182272000, 1320684951, java, iotlab1, sing, 2
entry_15941733.class, 16.67,  3.10,  2.62,  0.70,  0.00, 1267319955, 1572326000,  190645000, 1319072448, java, iotlab1, sing, 2
entry_15941733.class, 16.80,  3.25,  2.70,  0.71,  0.00, 1272550124, 1570060000,  199515000, 1324208324, java, iotlab1, sing, 2
entry_15941746.class, 17.66,  3.73,  3.22,  0.75,  0.00, 1301164784, 1587196000,  201151000, 1353035270, java, iotlab1, sing, 2
entry_15941746.class, 17.21,  3.59,  3.12,  0.74,  0.00, 1282237570, 1610179000,  171551000, 1334122417, java, iotlab1, sing, 2
entry_15941746.class, 16.86,  3.29,  2.80,  0.71,  0.00, 1272323367, 1575345000,  187398000, 1324619107, java, iotlab1, sing, 2
entry_15941746.class, 16.61,  3.26,  2.77,  0.71,  0.00, 1271173795, 1591261000,  178478000, 1322693807, java, iotlab1, sing, 2
entry_15941746.class, 16.80,  3.27,  2.72,  0.71,  0.00, 1268418332, 1571367000,  193675000, 1320240232, java, iotlab1, sing, 2
entry_15941746.class, 16.36,  3.09,  2.65,  0.70,  0.00, 1267171729, 1590274000,  179482000, 1318857169, java, iotlab1, sing, 2
entry_15941746.class, 16.51,  3.15,  2.64,  0.70,  0.00, 1265165066, 1579705000,  177754000, 1316876649, java, iotlab1, sing, 2
entry_15941746.class, 16.57,  3.13,  2.59,  0.70,  0.00, 1264693695, 1563575000,  196701000, 1316612843, java, iotlab1, sing, 2
entry_15941746.class, 16.85,  3.16,  2.63,  0.71,  0.00, 1280704298, 1578275000,  195778000, 1332610994, java, iotlab1, sing, 2
entry_15941746.class, 16.38,  3.05,  2.61,  0.70,  0.00, 1268802455, 1574385000,  191046000, 1320700151, java, iotlab1, sing, 2
entry_15988394.class, 17.91,  3.46,  2.94,  0.75,  0.00, 1345494916, 2037043000,  100297000, 1397190525, java, iotlab1, sing, 2
entry_15988394.class, 17.70,  3.44,  2.89,  0.73,  0.00, 1310036357, 2045162000,  106372000, 1361665962, java, iotlab1, sing, 2
entry_15988394.class, 17.54,  3.42,  2.88,  0.73,  0.00, 1315341819, 2016097000,  121548000, 1366895402, java, iotlab1, sing, 2
entry_15988394.class, 17.26,  3.45,  2.94,  0.72,  0.00, 1304472163, 2028017000,   92635000, 1356050133, java, iotlab1, sing, 2
entry_15988394.class, 17.51,  3.51,  3.01,  0.73,  0.00, 1322741943, 2011691000,  112038000, 1374553116, java, iotlab1, sing, 2
entry_15988394.class, 17.82,  3.68,  3.08,  0.74,  0.00, 1328228968, 2035072000,  116519000, 1379876209, java, iotlab1, sing, 2
entry_15988394.class, 17.62,  3.60,  3.06,  0.74,  0.00, 1319753429, 2033989000,  105999000, 1371865047, java, iotlab1, sing, 2
entry_15988394.class, 17.47,  3.52,  2.96,  0.72,  0.00, 1304265636, 1995819000,  118870000, 1356257322, java, iotlab1, sing, 2
entry_15988394.class, 17.15,  3.51,  3.02,  0.72,  0.00, 1298864190, 2022935000,  111326000, 1350452961, java, iotlab1, sing, 2
entry_15988394.class, 17.36,  3.53,  3.00,  0.73,  0.00, 1316181987, 2016267000,  104013000, 1367646569, java, iotlab1, sing, 2
entry_1869940.class,  8.89,  1.81,  1.54,  0.37,  0.00,  674492895,  966652000,   65908000,  726091553, java, iotlab1, sing, 2
entry_1869940.class,  9.23,  1.84,  1.57,  0.38,  0.00,  696712376,  959669000,   74974000,  748810617, java, iotlab1, sing, 2
entry_1869940.class,  8.92,  1.77,  1.53,  0.37,  0.00,  678120414,  961324000,   67092000,  729866985, java, iotlab1, sing, 2
entry_1869940.class,  9.00,  1.79,  1.50,  0.37,  0.00,  675063421,  930440000,   81425000,  727310354, java, iotlab1, sing, 2
entry_1869940.class,  8.96,  1.79,  1.55,  0.37,  0.00,  685297773,  964120000,   70594000,  737324716, java, iotlab1, sing, 2
entry_1869940.class,  9.07,  1.88,  1.55,  0.37,  0.00,  674990424,  948708000,   73977000,  726821004, java, iotlab1, sing, 2
entry_1869940.class,  9.08,  1.83,  1.52,  0.37,  0.00,  677701460,  947528000,   78794000,  729465911, java, iotlab1, sing, 2
entry_1869940.class,  9.37,  1.92,  1.60,  0.39,  0.00,  704817002,  977207000,   62140000,  756467562, java, iotlab1, sing, 2
entry_1869940.class,  8.95,  1.86,  1.56,  0.37,  0.00,  676451751,  964200000,   62206000,  728173718, java, iotlab1, sing, 2
entry_1869940.class,  9.01,  1.90,  1.58,  0.37,  0.00,  675112252,  952682000,   57221000,  726854052, java, iotlab1, sing, 2
entry_2075477.class,  9.33,  1.80,  1.45,  0.38,  0.00,  718328393,  798508000,   41129000,  769952254, java, iotlab1, sing, 2
entry_2075477.class,  9.14,  1.71,  1.45,  0.38,  0.00,  724622326,  791756000,   59830000,  776608910, java, iotlab1, sing, 2
entry_2075477.class,  9.41,  1.80,  1.46,  0.38,  0.00,  725319658,  801419000,   50277000,  777099120, java, iotlab1, sing, 2
entry_2075477.class,  9.40,  1.78,  1.48,  0.38,  0.00,  727851799,  788588000,   64966000,  779629387, java, iotlab1, sing, 2
entry_2075477.class,  9.41,  1.82,  1.52,  0.38,  0.00,  725076005,  792521000,   55385000,  776645590, java, iotlab1, sing, 2
entry_2075477.class,  9.33,  1.80,  1.51,  0.38,  0.00,  727325888,  792445000,   59958000,  778978889, java, iotlab1, sing, 2
entry_2075477.class,  9.22,  1.77,  1.49,  0.38,  0.00,  725299009,  801060000,   49941000,  776986839, java, iotlab1, sing, 2
entry_2075477.class,  9.59,  1.87,  1.52,  0.39,  0.00,  737996442,  794046000,   57075000,  789537689, java, iotlab1, sing, 2
entry_2075477.class,  9.10,  1.74,  1.49,  0.38,  0.00,  722835368,  803104000,   46773000,  774736389, java, iotlab1, sing, 2
entry_2075477.class,  9.28,  1.76,  1.44,  0.38,  0.00,  722942555,  797142000,   51331000,  774542450, java, iotlab1, sing, 2
entry_2388334.class, 12.75,  2.65,  2.23,  0.53,  0.00,  951474349, 1398059000,   76728000, 1003176794, java, iotlab1, sing, 2
entry_2388334.class, 12.53,  2.54,  2.15,  0.52,  0.00,  953184518, 1310070000,   82381000, 1004895859, java, iotlab1, sing, 2
entry_2388334.class, 12.56,  2.53,  2.14,  0.52,  0.00,  947766669, 1294211000,   84556000,  999295033, java, iotlab1, sing, 2
entry_2388334.class, 12.47,  2.50,  2.17,  0.52,  0.00,  957134919, 1305658000,   79856000, 1008715838, java, iotlab1, sing, 2
entry_2388334.class, 12.80,  2.62,  2.16,  0.52,  0.00,  955091420, 1303604000,   81099000, 1006902144, java, iotlab1, sing, 2
entry_2388334.class, 12.59,  2.51,  2.15,  0.52,  0.00,  964119283, 1306552000,   79094000, 1015838585, java, iotlab1, sing, 2
entry_2388334.class, 14.31,  3.19,  2.78,  0.61,  0.00, 1035061800, 1463945000,   82601000, 1086908025, java, iotlab1, sing, 2
entry_2388334.class, 13.22,  2.90,  2.52,  0.56,  0.00,  964452223, 1310323000,   86417000, 1017469748, java, iotlab1, sing, 2
entry_2388334.class, 12.98,  2.66,  2.25,  0.54,  0.00,  975422933, 1320118000,   74344000, 1030910597, java, iotlab1, sing, 2
entry_2388334.class, 12.45,  2.47,  2.10,  0.52,  0.00,  952475207, 1288340000,   84022000, 1004047004, java, iotlab1, sing, 2
entry_2950357.class,  6.68,  1.21,  1.04,  0.28,  0.00,  518129817,  619570000,   60859000,  569891966, java, iotlab1, sing, 2
entry_2950357.class,  6.83,  1.27,  1.04,  0.28,  0.00,  517629162,  620446000,   59233000,  569200453, java, iotlab1, sing, 2
entry_2950357.class,  6.72,  1.25,  1.06,  0.28,  0.00,  519385278,  627091000,   54833000,  571318733, java, iotlab1, sing, 2
entry_2950357.class,  6.87,  1.29,  1.06,  0.28,  0.00,  519565829,  619414000,   60726000,  571169782, java, iotlab1, sing, 2
entry_2950357.class,  6.77,  1.26,  1.07,  0.28,  0.00,  521983689,  616086000,   71357000,  573747228, java, iotlab1, sing, 2
entry_2950357.class,  6.89,  1.28,  1.10,  0.29,  0.00,  533186540,  612486000,   70085000,  584773245, java, iotlab1, sing, 2
entry_2950357.class,  6.78,  1.30,  1.10,  0.28,  0.00,  519992115,  617805000,   65979000,  571905485, java, iotlab1, sing, 2
entry_2950357.class,  6.83,  1.28,  1.10,  0.28,  0.00,  522664937,  621654000,   63759000,  574461789, java, iotlab1, sing, 2
entry_2950357.class,  6.81,  1.28,  1.07,  0.28,  0.00,  519424958,  622363000,   57571000,  571533078, java, iotlab1, sing, 2
entry_2950357.class,  7.03,  1.33,  1.06,  0.28,  0.00,  521042498,  620428000,   64147000,  572708958, java, iotlab1, sing, 2
entry_3075274.class,  9.06,  1.86,  1.62,  0.38,  0.00,  681982176, 1161034000,   82788000,  733504043, java, iotlab1, sing, 2
entry_3075274.class,  9.22,  1.93,  1.66,  0.38,  0.00,  685013232, 1165400000,   83386000,  736726216, java, iotlab1, sing, 2
entry_3075274.class,  9.11,  1.84,  1.55,  0.37,  0.00,  672411861, 1091391000,   71286000,  724026390, java, iotlab1, sing, 2
entry_3075274.class,  9.01,  1.80,  1.56,  0.37,  0.00,  674946491, 1081050000,   85766000,  726850291, java, iotlab1, sing, 2
entry_3075274.class,  9.03,  1.81,  1.56,  0.37,  0.00,  677858394, 1091344000,   77024000,  729872456, java, iotlab1, sing, 2
entry_3075274.class,  9.02,  1.82,  1.57,  0.38,  0.00,  676998570, 1081448000,   88199000,  728550813, java, iotlab1, sing, 2
entry_3075274.class,  9.17,  1.88,  1.58,  0.37,  0.00,  675797376, 1076172000,   88590000,  727684250, java, iotlab1, sing, 2
entry_3075274.class,  9.35,  1.97,  1.65,  0.38,  0.00,  681738234, 1163321000,   77021000,  733191848, java, iotlab1, sing, 2
entry_3075274.class,  9.10,  1.90,  1.63,  0.38,  0.00,  677849179, 1083041000,   88329000,  729573168, java, iotlab1, sing, 2
entry_3075274.class,  9.49,  2.04,  1.71,  0.38,  0.00,  688950586, 1163622000,   86792000,  740697561, java, iotlab1, sing, 2
entry_3206094.class, 24.45,  4.77,  4.03,  1.12,  0.00, 1842591600, 2647242000,  222516000, 1894199464, java, iotlab1, sing, 2
entry_3206094.class, 24.88,  4.90,  4.08,  1.13,  0.00, 1858966895, 2614142000,  211173000, 1910786832, java, iotlab1, sing, 2
entry_3206094.class, 23.61,  4.64,  3.95,  1.01,  0.00, 1799214474, 2580543000,  210288000, 1850920811, java, iotlab1, sing, 2
entry_3206094.class, 24.98,  5.01,  4.20,  1.13,  0.00, 1863127044, 2684347000,  213265000, 1914790752, java, iotlab1, sing, 2
entry_3206094.class, 23.64,  4.68,  3.93,  1.00,  0.00, 1787010003, 2503980000,  242288000, 1838381919, java, iotlab1, sing, 2
entry_3206094.class, 23.52,  4.55,  3.84,  1.00,  0.00, 1788050207, 2538689000,  223412000, 1839723815, java, iotlab1, sing, 2
entry_3206094.class, 23.76,  4.67,  3.86,  1.00,  0.00, 1787876645, 2547426000,  211952000, 1839750796, java, iotlab1, sing, 2
entry_3206094.class, 24.85,  4.77,  3.94,  1.13,  0.00, 1855500215, 2613649000,  212971000, 1907031118, java, iotlab1, sing, 2
entry_3206094.class, 24.89,  4.77,  4.02,  1.14,  0.00, 1871522580, 2642847000,  190772000, 1923442024, java, iotlab1, sing, 2
entry_3206094.class, 23.69,  4.49,  3.80,  1.00,  0.00, 1785164245, 2525815000,  222279000, 1836802023, java, iotlab1, sing, 2
entry_3311054.class,  9.90,  2.01,  1.71,  0.41,  0.00,  729115345, 1182266000,   80676000,  781036636, java, iotlab1, sing, 2
entry_3311054.class,  9.60,  1.95,  1.66,  0.40,  0.00,  723483186, 1046424000,   78331000,  775092522, java, iotlab1, sing, 2
entry_3311054.class,  9.50,  1.93,  1.65,  0.39,  0.00,  712582076, 1037346000,   84620000,  764541959, java, iotlab1, sing, 2
entry_3311054.class,  9.72,  1.92,  1.65,  0.40,  0.00,  726422394, 1039311000,   75022000,  779087937, java, iotlab1, sing, 2
entry_3311054.class,  9.52,  1.90,  1.63,  0.39,  0.00,  711373219, 1030144000,   73223000,  763393584, java, iotlab1, sing, 2
entry_3311054.class,  9.83,  1.97,  1.65,  0.40,  0.00,  729124607, 1063137000,   64825000,  780776998, java, iotlab1, sing, 2
entry_3311054.class,  9.92,  1.97,  1.70,  0.41,  0.00,  746020488, 1079146000,   60512000,  797497012, java, iotlab1, sing, 2
entry_3311054.class,  9.54,  1.93,  1.65,  0.40,  0.00,  716804577, 1046757000,   81205000,  768423156, java, iotlab1, sing, 2
entry_3311054.class,  9.62,  1.99,  1.68,  0.40,  0.00,  720881118, 1050019000,   77518000,  772445186, java, iotlab1, sing, 2
entry_3311054.class,  9.69,  2.01,  1.66,  0.39,  0.00,  715127635, 1049302000,   75517000,  766565048, java, iotlab1, sing, 2
entry_3311059.class,  9.40,  1.92,  1.64,  0.39,  0.00,  707223627, 1037181000,   78710000,  758844527, java, iotlab1, sing, 2
entry_3311059.class,  9.32,  1.93,  1.66,  0.39,  0.00,  700196738, 1027703000,   79976000,  751784854, java, iotlab1, sing, 2
entry_3311059.class,  9.89,  2.23,  1.97,  0.42,  0.00,  707975597, 1177654000,   79111000,  761744519, java, iotlab1, sing, 2
entry_3311059.class,  9.77,  2.06,  1.75,  0.40,  0.00,  711975599, 1050877000,   66738000,  769862410, java, iotlab1, sing, 2
entry_3311059.class, 10.16,  2.36,  2.08,  0.43,  0.00,  721740389, 1059991000,   67871000,  773436551, java, iotlab1, sing, 2
entry_3311059.class,  9.66,  2.00,  1.67,  0.40,  0.00,  706613947, 1039680000,   64413000,  758708058, java, iotlab1, sing, 2
entry_3311059.class,  9.15,  1.84,  1.60,  0.38,  0.00,  695416409, 1002533000,   81531000,  746998407, java, iotlab1, sing, 2
entry_3311059.class,  9.35,  1.93,  1.65,  0.39,  0.00,  700297291, 1038409000,   71027000,  752153778, java, iotlab1, sing, 2
entry_3311059.class,  9.32,  2.00,  1.76,  0.39,  0.00,  696499796, 1176807000,   79054000,  747888302, java, iotlab1, sing, 2
entry_3311059.class,  9.58,  2.02,  1.73,  0.40,  0.00,  708938260, 1187088000,   65445000,  760683704, java, iotlab1, sing, 2
entry_3547694.class, 13.94,  2.70,  2.25,  0.57,  0.00, 1082655991, 1243712000,   74102000, 1134183807, java, iotlab1, sing, 2
entry_3547694.class, 18.44,  3.37,  2.80,  0.82,  0.00, 1420089747, 1546170000,  196530000, 1471736099, java, iotlab1, sing, 2
entry_3547694.class, 18.49,  3.38,  2.78,  0.82,  0.00, 1419350885, 1519449000,  219643000, 1471028791, java, iotlab1, sing, 2
entry_3547694.class, 18.26,  3.39,  2.86,  0.82,  0.00, 1412623621, 1556636000,  175976000, 1464053822, java, iotlab1, sing, 2
entry_3547694.class, 18.23,  3.50,  2.95,  0.82,  0.00, 1417332328, 1535080000,  199400000, 1468832603, java, iotlab1, sing, 2
entry_3547694.class, 18.26,  3.47,  2.89,  0.81,  0.00, 1411469209, 1512278000,  177502000, 1463183065, java, iotlab1, sing, 2
entry_3547694.class, 18.20,  3.41,  2.86,  0.82,  0.00, 1410223269, 1533326000,  190537000, 1461775128, java, iotlab1, sing, 2
entry_3547694.class, 18.52,  3.53,  2.89,  0.82,  0.00, 1416224722, 1537136000,  199718000, 1468673238, java, iotlab1, sing, 2
entry_3547694.class, 13.99,  2.68,  2.21,  0.57,  0.00, 1084798433, 1260419000,   82223000, 1136592569, java, iotlab1, sing, 2
entry_3547694.class, 18.44,  3.46,  2.83,  0.82,  0.00, 1410189151, 1555888000,  176760000, 1461805029, java, iotlab1, sing, 2
entry_3552764.class, 11.10,  2.19,  1.87,  0.46,  0.00,  844647678, 1184590000,   74910000,  896484214, java, iotlab1, sing, 2
entry_3552764.class, 11.29,  2.24,  1.89,  0.47,  0.00,  849514681, 1181969000,   83492000,  900935663, java, iotlab1, sing, 2
entry_3552764.class, 11.00,  2.21,  1.89,  0.46,  0.00,  832944321, 1172970000,   79132000,  884515009, java, iotlab1, sing, 2
entry_3552764.class, 11.40,  2.31,  1.92,  0.47,  0.00,  849885622, 1182191000,   72643000,  901501323, java, iotlab1, sing, 2
entry_3552764.class, 10.98,  2.22,  1.87,  0.46,  0.00,  827862490, 1179394000,   67250000,  879632071, java, iotlab1, sing, 2
entry_3552764.class, 10.99,  2.19,  1.91,  0.47,  0.00,  848987522, 1189802000,   78052000,  901360262, java, iotlab1, sing, 2
entry_3552764.class, 11.19,  2.26,  1.91,  0.47,  0.00,  847187348, 1195861000,   75116000,  899025815, java, iotlab1, sing, 2
entry_3552764.class, 11.13,  2.22,  1.86,  0.46,  0.00,  834858647, 1186253000,   67900000,  886298323, java, iotlab1, sing, 2
entry_3552764.class, 11.25,  2.22,  1.87,  0.47,  0.00,  852551958, 1184769000,   76307000,  904278765, java, iotlab1, sing, 2
entry_3552764.class, 10.96,  2.18,  1.87,  0.46,  0.00,  833353600, 1175634000,   74849000,  884978744, java, iotlab1, sing, 2
entry_3553753.class, 12.28,  2.45,  2.03,  0.50,  0.00,  918827517, 1254042000,   79382000,  970380260, java, iotlab1, sing, 2
entry_3553753.class, 12.19,  2.41,  2.05,  0.51,  0.00,  925548766, 1239535000,   85174000,  977368866, java, iotlab1, sing, 2
entry_3553753.class, 12.58,  2.51,  2.15,  0.52,  0.00,  957575345, 1294255000,   79646000, 1009161338, java, iotlab1, sing, 2
entry_3553753.class, 12.69,  2.51,  2.15,  0.53,  0.00,  966032465, 1297221000,   84209000, 1017728609, java, iotlab1, sing, 2
entry_3553753.class, 12.80,  2.51,  2.08,  0.52,  0.00,  957837969, 1285868000,   86058000, 1009445318, java, iotlab1, sing, 2
entry_3553753.class, 12.84,  2.55,  2.10,  0.52,  0.00,  955658016, 1294877000,   76346000, 1007465764, java, iotlab1, sing, 2
entry_3553753.class, 12.10,  2.38,  2.00,  0.50,  0.00,  910706068, 1243215000,   77700000,  962059808, java, iotlab1, sing, 2
entry_3553753.class, 11.94,  2.39,  2.04,  0.50,  0.00,  909368636, 1237364000,   87166000,  961081574, java, iotlab1, sing, 2
entry_3553753.class, 12.36,  2.47,  2.03,  0.50,  0.00,  919296472, 1244320000,   85953000,  970692506, java, iotlab1, sing, 2
entry_3553753.class, 12.60,  2.48,  2.09,  0.52,  0.00,  960569766, 1285050000,   89142000, 1012231733, java, iotlab1, sing, 2
entry_4144214.class,  9.31,  1.87,  1.62,  0.39,  0.00,  712812045,  991537000,   75735000,  764421100, java, iotlab1, sing, 2
entry_4144214.class,  9.46,  1.89,  1.58,  0.39,  0.00,  707280583,  987262000,   71018000,  758886265, java, iotlab1, sing, 2
entry_4144214.class,  9.32,  1.88,  1.61,  0.39,  0.00,  708038000, 1000348000,   60201000,  759731342, java, iotlab1, sing, 2
entry_4144214.class,  9.43,  1.90,  1.62,  0.39,  0.00,  712313044,  997846000,   64924000,  763987282, java, iotlab1, sing, 2
entry_4144214.class,  9.38,  1.88,  1.59,  0.39,  0.00,  706356240,  998301000,   60442000,  758059602, java, iotlab1, sing, 2
entry_4144214.class,  9.41,  1.86,  1.61,  0.39,  0.00,  720670893,  987661000,   72194000,  772455213, java, iotlab1, sing, 2
entry_4144214.class,  9.36,  1.88,  1.59,  0.39,  0.00,  709826546,  987609000,   71188000,  761739292, java, iotlab1, sing, 2
entry_4144214.class,  9.35,  1.89,  1.61,  0.39,  0.00,  710544967,  975205000,   85579000,  762364853, java, iotlab1, sing, 2
entry_4144214.class,  9.33,  1.85,  1.61,  0.39,  0.00,  714504212,  992145000,   72156000,  765952732, java, iotlab1, sing, 2
entry_4144214.class,  9.48,  1.88,  1.59,  0.39,  0.00,  713538087,  990700000,   70978000,  765316480, java, iotlab1, sing, 2
entry_4631134.class, 24.84,  5.23,  4.53,  1.07,  0.00, 1821751404, 2581753000,  203822000, 1873683181, java, iotlab1, sing, 2
entry_4631134.class, 23.92,  4.83,  4.09,  1.01,  0.00, 1811185837, 2554177000,  237923000, 1862787149, java, iotlab1, sing, 2
entry_4631134.class, 24.74,  5.00,  4.13,  1.03,  0.00, 1855072861, 2611637000,  220884000, 1906571149, java, iotlab1, sing, 2
entry_4631134.class, 24.27,  4.88,  4.11,  1.02,  0.00, 1835786199, 2599398000,  226470000, 1887161512, java, iotlab1, sing, 2
entry_4631134.class, 24.10,  4.95,  4.22,  1.02,  0.00, 1837578187, 2602160000,  219760000, 1889153335, java, iotlab1, sing, 2
entry_4631134.class, 24.06,  4.94,  4.21,  1.01,  0.00, 1831866335, 2583591000,  210373000, 1883608006, java, iotlab1, sing, 2
entry_4631134.class, 23.36,  4.82,  4.14,  0.99,  0.00, 1780038751, 2519457000,  222216000, 1831791476, java, iotlab1, sing, 2
entry_4631134.class, 24.30,  5.09,  4.32,  1.03,  0.00, 1848434243, 2652778000,  215469000, 1900460843, java, iotlab1, sing, 2
entry_4631134.class, 23.67,  4.90,  4.12,  0.99,  0.00, 1782952681, 2551813000,  223633000, 1834856330, java, iotlab1, sing, 2
entry_4631134.class, 23.49,  4.94,  4.11,  0.98,  0.00, 1760722728, 2516204000,  211094000, 1812263442, java, iotlab1, sing, 2
entry_4940757.class,  9.45,  2.01,  1.69,  0.39,  0.00,  698180853, 1154296000,   95106000,  749826769, java, iotlab1, sing, 2
entry_4940757.class,  9.47,  2.04,  1.74,  0.39,  0.00,  706928645, 1163788000,   91218000,  758583506, java, iotlab1, sing, 2
entry_4940757.class,  9.55,  2.08,  1.78,  0.39,  0.00,  701471461, 1260285000,   78017000,  753099370, java, iotlab1, sing, 2
entry_4940757.class,  9.12,  1.97,  1.74,  0.39,  0.00,  690544569, 1163545000,   87040000,  742464349, java, iotlab1, sing, 2
entry_4940757.class,  9.46,  2.05,  1.73,  0.39,  0.00,  693166973, 1176085000,   73629000,  744960050, java, iotlab1, sing, 2
entry_4940757.class,  9.71,  2.00,  1.69,  0.40,  0.00,  712718606, 1178319000,   83809000,  764548292, java, iotlab1, sing, 2
entry_4940757.class,  9.31,  1.97,  1.70,  0.39,  0.00,  691724745, 1164924000,   88917000,  743410625, java, iotlab1, sing, 2
entry_4940757.class,  9.30,  2.02,  1.70,  0.38,  0.00,  685438412, 1157173000,   80220000,  737079466, java, iotlab1, sing, 2
entry_4940757.class,  9.28,  1.99,  1.70,  0.38,  0.00,  690195039, 1157844000,   77660000,  741864239, java, iotlab1, sing, 2
entry_4940757.class,  9.33,  2.02,  1.78,  0.40,  0.00,  703536970, 1251401000,   76146000,  755357223, java, iotlab1, sing, 2
entry_4988790.class,  9.21,  1.72,  1.47,  0.38,  0.00,  718125742,  867013000,   58135000,  769882920, java, iotlab1, sing, 2
entry_4988790.class,  9.11,  1.76,  1.47,  0.38,  0.00,  700534679,  842516000,   61964000,  752337958, java, iotlab1, sing, 2
entry_4988790.class,  9.34,  1.80,  1.49,  0.38,  0.00,  715525612,  858381000,   60885000,  767274985, java, iotlab1, sing, 2
entry_4988790.class,  9.15,  1.74,  1.49,  0.38,  0.00,  712006192,  853174000,   65782000,  763940035, java, iotlab1, sing, 2
entry_4988790.class,  9.20,  1.78,  1.50,  0.38,  0.00,  709356511,  853161000,   60223000,  761003009, java, iotlab1, sing, 2
entry_4988790.class,  9.30,  1.80,  1.55,  0.39,  0.00,  725862282,  859495000,   58236000,  777598960, java, iotlab1, sing, 2
entry_4988790.class,  8.92,  1.72,  1.48,  0.37,  0.00,  698780939,  841463000,   60104000,  750567410, java, iotlab1, sing, 2
entry_4988790.class,  9.25,  1.80,  1.47,  0.38,  0.00,  703441629,  846615000,   59393000,  754882750, java, iotlab1, sing, 2
entry_4988790.class,  9.45,  1.84,  1.51,  0.38,  0.00,  711114644,  849652000,   67209000,  762763557, java, iotlab1, sing, 2
entry_4988790.class,  9.24,  1.80,  1.53,  0.38,  0.00,  711004939,  849598000,   65276000,  763398604, java, iotlab1, sing, 2
entry_5586475.class, 12.55,  2.61,  2.20,  0.52,  0.00,  941633658, 1389442000,   83845000,  993330551, java, iotlab1, sing, 2
entry_5586475.class, 13.21,  2.75,  2.33,  0.55,  0.00, 1000940452, 1431242000,   92273000, 1052408982, java, iotlab1, sing, 2
entry_5586475.class, 12.29,  2.52,  2.17,  0.52,  0.00,  934982504, 1371706000,   99760000,  986685927, java, iotlab1, sing, 2
entry_5586475.class, 13.06,  2.72,  2.31,  0.55,  0.00,  993855449, 1456126000,   75746000, 1045527986, java, iotlab1, sing, 2
entry_5586475.class, 12.53,  2.59,  2.23,  0.53,  0.00,  958536172, 1408889000,   74940000, 1010346905, java, iotlab1, sing, 2
entry_5586475.class, 13.34,  2.73,  2.32,  0.55,  0.00, 1001341340, 1454090000,   82005000, 1053678150, java, iotlab1, sing, 2
entry_5586475.class, 13.28,  2.72,  2.25,  0.54,  0.00,  985289195, 1449160000,   77168000, 1036816474, java, iotlab1, sing, 2
entry_5586475.class, 12.30,  2.51,  2.19,  0.52,  0.00,  943114426, 1398429000,   77912000,  994768921, java, iotlab1, sing, 2
entry_5586475.class, 13.35,  2.71,  2.32,  0.56,  0.00, 1012394215, 1463747000,   72482000, 1064002984, java, iotlab1, sing, 2
entry_5586475.class, 12.39,  2.57,  2.16,  0.51,  0.00,  931361828, 1381491000,   89836000,  983223801, java, iotlab1, sing, 2
entry_5747405.class,  7.68,  1.61,  1.38,  0.32,  0.00,  572579274,  949052000,   72773000,  624374592, java, iotlab1, sing, 2
entry_5747405.class,  7.49,  1.55,  1.33,  0.31,  0.00,  555126142,  930124000,   79010000,  606771317, java, iotlab1, sing, 2
entry_5747405.class,  7.84,  1.62,  1.38,  0.32,  0.00,  580553634,  956518000,   62425000,  632365678, java, iotlab1, sing, 2
entry_5747405.class,  8.69,  1.99,  1.77,  0.36,  0.00,  607276840,  970785000,   69984000,  660043386, java, iotlab1, sing, 2
entry_5747405.class,  7.53,  1.58,  1.38,  0.32,  0.00,  567684482,  941326000,   73180000,  619244886, java, iotlab1, sing, 2
entry_5747405.class,  8.86,  2.10,  1.89,  0.39,  0.00,  627906304,  981313000,   83941000,  679833145, java, iotlab1, sing, 2
entry_5747405.class,  7.54,  1.61,  1.38,  0.31,  0.00,  560903563,  933791000,   76474000,  612996792, java, iotlab1, sing, 2
entry_5747405.class,  7.45,  1.63,  1.40,  0.30,  0.00,  550416111,  927258000,   75939000,  602184496, java, iotlab1, sing, 2
entry_5747405.class,  7.56,  1.63,  1.41,  0.31,  0.00,  568811025,  942667000,   66905000,  620433198, java, iotlab1, sing, 2
entry_5747405.class,  7.60,  1.61,  1.41,  0.32,  0.00,  571754813,  936004000,   78335000,  623416659, java, iotlab1, sing, 2
entry_5832109.class, 23.34,  4.67,  3.93,  0.96,  0.00, 1776268078, 2522637000,  117983000, 1827890602, java, iotlab1, sing, 2
entry_5832109.class, 23.25,  4.58,  3.84,  0.96,  0.00, 1780431737, 2538334000,   99973000, 1832062945, java, iotlab1, sing, 2
entry_5832109.class, 21.13,  4.36,  3.65,  0.86,  0.00, 1590948749, 2298583000,  124031000, 1642596369, java, iotlab1, sing, 2
entry_5832109.class, 23.78,  4.87,  4.04,  0.97,  0.00, 1794596363, 2527899000,  102076000, 1846270563, java, iotlab1, sing, 2
entry_5832109.class, 20.86,  4.31,  3.57,  0.86,  0.00, 1582860716, 2296609000,  108697000, 1634380004, java, iotlab1, sing, 2
entry_5832109.class, 21.08,  4.46,  3.69,  0.86,  0.00, 1586677167, 2371095000,  101217000, 1638435450, java, iotlab1, sing, 2
entry_5832109.class, 23.49,  4.82,  4.13,  0.98,  0.00, 1814806283, 2612192000,  101240000, 1866207141, java, iotlab1, sing, 2
entry_5832109.class, 23.35,  4.70,  3.95,  0.97,  0.00, 1790594147, 2531664000,  100105000, 1843022438, java, iotlab1, sing, 2
entry_5832109.class, 20.90,  4.38,  3.68,  0.87,  0.00, 1589707976, 2388701000,   96947000, 1641312578, java, iotlab1, sing, 2
entry_5832109.class, 23.19,  4.60,  3.87,  0.96,  0.00, 1778551964, 2519899000,  110819000, 1830378275, java, iotlab1, sing, 2
entry_5879451.class, 11.39,  2.36,  2.00,  0.47,  0.00,  862316968, 1239154000,   79816000,  914094686, java, iotlab1, sing, 2
entry_5879451.class, 11.40,  2.36,  1.98,  0.47,  0.00,  859808284, 1234226000,   82348000,  911439952, java, iotlab1, sing, 2
entry_5879451.class, 11.35,  2.35,  1.96,  0.47,  0.00,  851364804, 1225794000,   82783000,  903154069, java, iotlab1, sing, 2
entry_5879451.class, 11.49,  2.34,  1.99,  0.47,  0.00,  859440387, 1228347000,   88808000,  911148304, java, iotlab1, sing, 2
entry_5879451.class, 11.31,  2.28,  1.97,  0.48,  0.00,  866475780, 1226535000,   82035000,  918057000, java, iotlab1, sing, 2
entry_5879451.class, 11.35,  2.32,  1.99,  0.48,  0.00,  865553362, 1245679000,   76980000,  917427486, java, iotlab1, sing, 2
entry_5879451.class, 11.17,  2.29,  1.97,  0.47,  0.00,  851897455, 1231901000,   76744000,  903522308, java, iotlab1, sing, 2
entry_5879451.class, 11.40,  2.32,  1.99,  0.48,  0.00,  869531958, 1231611000,   88971000,  920945957, java, iotlab1, sing, 2
entry_5879451.class, 11.54,  2.40,  2.02,  0.48,  0.00,  864153194, 1265023000,   72828000,  915824481, java, iotlab1, sing, 2
entry_5879451.class, 11.57,  2.42,  2.07,  0.48,  0.00,  877942665, 1240777000,   74046000,  929636161, java, iotlab1, sing, 2
entry_6429863.class, 12.49,  2.55,  2.15,  0.53,  0.00,  958954691, 1310652000,   76037000, 1010399087, java, iotlab1, sing, 2
entry_6429863.class, 12.55,  2.60,  2.17,  0.53,  0.00,  956940629, 1317045000,   70055000, 1008544353, java, iotlab1, sing, 2
entry_6429863.class, 12.54,  2.57,  2.18,  0.53,  0.00,  959708330, 1286662000,   91549000, 1011485737, java, iotlab1, sing, 2
entry_6429863.class, 12.37,  2.49,  2.12,  0.52,  0.00,  946649965, 1302501000,   74256000,  998582446, java, iotlab1, sing, 2
entry_6429863.class, 12.44,  2.54,  2.13,  0.52,  0.00,  947030245, 1312478000,   66225000,  998497528, java, iotlab1, sing, 2
entry_6429863.class, 12.45,  2.53,  2.15,  0.52,  0.00,  951005508, 1326390000,   75907000, 1002636332, java, iotlab1, sing, 2
entry_6429863.class, 12.36,  2.52,  2.16,  0.52,  0.00,  951199437, 1293814000,   87851000, 1002719484, java, iotlab1, sing, 2
entry_6429863.class, 12.67,  2.55,  2.13,  0.53,  0.00,  957248752, 1309832000,   77285000, 1008784627, java, iotlab1, sing, 2
entry_6429863.class, 12.56,  2.54,  2.13,  0.52,  0.00,  958789963, 1301355000,   84347000, 1010498725, java, iotlab1, sing, 2
entry_6429863.class, 12.65,  2.60,  2.14,  0.52,  0.00,  949591195, 1300011000,   79244000, 1001316268, java, iotlab1, sing, 2
entry_6576144.class, 11.87,  2.33,  1.97,  0.49,  0.00,  903261623, 1222190000,   70183000,  954730958, java, iotlab1, sing, 2
entry_6576144.class, 11.78,  2.37,  1.97,  0.48,  0.00,  884933072, 1226567000,   64924000,  936609885, java, iotlab1, sing, 2
entry_6576144.class, 11.54,  2.31,  1.99,  0.48,  0.00,  886403137, 1214438000,   76595000,  938199957, java, iotlab1, sing, 2
entry_6576144.class, 11.89,  2.41,  1.98,  0.48,  0.00,  885251264, 1205769000,   83191000,  936801753, java, iotlab1, sing, 2
entry_6576144.class, 11.65,  2.38,  2.01,  0.48,  0.00,  884560191, 1211048000,   77130000,  936227342, java, iotlab1, sing, 2
entry_6576144.class, 11.54,  2.29,  1.98,  0.48,  0.00,  894813743, 1214433000,   67134000,  946713637, java, iotlab1, sing, 2
entry_6576144.class, 11.78,  2.41,  2.05,  0.49,  0.00,  893877034, 1232861000,   60237000,  945550421, java, iotlab1, sing, 2
entry_6576144.class, 12.11,  2.53,  2.19,  0.51,  0.00,  898750658, 1208475000,   80164000,  951347043, java, iotlab1, sing, 2
entry_6576144.class, 12.50,  2.78,  2.45,  0.52,  0.00,  905827294, 1232892000,   77369000,  959483568, java, iotlab1, sing, 2
entry_6576144.class, 11.80,  2.37,  1.97,  0.48,  0.00,  888514598, 1217741000,   79439000,  940116197, java, iotlab1, sing, 2
entry_6738371.class, 18.29,  3.55,  2.96,  0.82,  0.00, 1406685997, 1594530000,  188654000, 1459257078, java, iotlab1, sing, 2
entry_6738371.class, 18.13,  3.35,  2.78,  0.80,  0.00, 1379838968, 1491411000,  184286000, 1431569595, java, iotlab1, sing, 2
entry_6738371.class, 18.25,  3.46,  2.89,  0.82,  0.00, 1400585942, 1546133000,  201886000, 1452458405, java, iotlab1, sing, 2
entry_6738371.class, 14.74,  2.91,  2.41,  0.60,  0.00, 1137654004, 1351670000,   75204000, 1189434167, java, iotlab1, sing, 2
entry_6738371.class, 18.22,  3.53,  3.01,  0.83,  0.00, 1420534926, 1606329000,  194249000, 1472125167, java, iotlab1, sing, 2
entry_6738371.class, 18.16,  3.49,  2.94,  0.82,  0.00, 1405865875, 1535063000,  185855000, 1457500429, java, iotlab1, sing, 2
entry_6738371.class, 14.26,  2.77,  2.36,  0.59,  0.00, 1116867808, 1327463000,   81905000, 1168390440, java, iotlab1, sing, 2
entry_6738371.class, 14.77,  2.91,  2.42,  0.61,  0.00, 1146445838, 1366131000,   72740000, 1198005730, java, iotlab1, sing, 2
entry_6738371.class, 14.52,  2.86,  2.39,  0.60,  0.00, 1127451565, 1336307000,   80198000, 1179134391, java, iotlab1, sing, 2
entry_6738371.class, 18.24,  3.48,  2.92,  0.82,  0.00, 1406707814, 1604723000,  173645000, 1458715436, java, iotlab1, sing, 2
entry_7005180.class, 24.46,  5.05,  4.22,  1.01,  0.00, 1839479244, 2926999000,  106999000, 1891125268, java, iotlab1, sing, 2
entry_7005180.class, 29.00,  5.99,  5.10,  1.25,  0.00, 2185933217, 3246972000,  207637000, 2237452621, java, iotlab1, sing, 2
entry_7005180.class, 24.05,  4.95,  4.19,  1.00,  0.00, 1831411688, 2774097000,  111963000, 1882974641, java, iotlab1, sing, 2
entry_7005180.class, 24.58,  4.98,  4.19,  1.01,  0.00, 1841757742, 2902290000,  121802000, 1893282274, java, iotlab1, sing, 2
entry_7005180.class, 24.56,  5.08,  4.29,  1.01,  0.00, 1843684751, 2901417000,  110358000, 1895283322, java, iotlab1, sing, 2
entry_7005180.class, 24.46,  5.01,  4.31,  1.02,  0.00, 1864442325, 2920348000,  131925000, 1916051817, java, iotlab1, sing, 2
entry_7005180.class, 28.83,  5.84,  4.94,  1.24,  0.00, 2182123879, 3090867000,  217342000, 2234162581, java, iotlab1, sing, 2
entry_7005180.class, 24.59,  5.02,  4.32,  1.02,  0.00, 1860924398, 2976908000,  110144000, 1912347883, java, iotlab1, sing, 2
entry_7005180.class, 29.25,  5.99,  5.14,  1.26,  0.00, 2207110655, 3226239000,  242093000, 2258597897, java, iotlab1, sing, 2
entry_7005180.class, 28.98,  5.80,  4.93,  1.25,  0.00, 2186121791, 3121505000,  215241000, 2237925803, java, iotlab1, sing, 2
entry_7031885.class, 12.68,  2.57,  2.17,  0.53,  0.00,  950362752, 1398431000,   96167000, 1002034561, java, iotlab1, sing, 2
entry_7031885.class, 12.37,  2.49,  2.17,  0.53,  0.00,  945763836, 1385377000,  108815000,  997191864, java, iotlab1, sing, 2
entry_7031885.class, 12.72,  2.55,  2.18,  0.53,  0.00,  946819071, 1383013000,  118343000,  998378244, java, iotlab1, sing, 2
entry_7031885.class, 12.60,  2.60,  2.21,  0.53,  0.00,  943391386, 1395531000,  100397000,  995057977, java, iotlab1, sing, 2
entry_7031885.class, 12.60,  2.55,  2.21,  0.53,  0.00,  958596863, 1394877000,  106371000, 1010657151, java, iotlab1, sing, 2
entry_7031885.class, 12.65,  2.58,  2.20,  0.53,  0.00,  949617132, 1405753000,   99194000, 1001224529, java, iotlab1, sing, 2
entry_7031885.class, 12.80,  2.63,  2.23,  0.53,  0.00,  959593016, 1392454000,  100960000, 1011606547, java, iotlab1, sing, 2
entry_7031885.class, 12.65,  2.62,  2.20,  0.53,  0.00,  945000515, 1392237000,  107018000,  996549359, java, iotlab1, sing, 2
entry_7031885.class, 12.73,  2.61,  2.20,  0.53,  0.00,  958531137, 1396840000,   99130000, 1009991804, java, iotlab1, sing, 2
entry_7031885.class, 12.55,  2.60,  2.24,  0.53,  0.00,  952270535, 1403148000,  100153000, 1003895671, java, iotlab1, sing, 2
entry_7162498.class, 13.30,  2.73,  2.30,  0.55,  0.00, 1002641228, 1413060000,   69051000, 1054385722, java, iotlab1, sing, 2
entry_7162498.class, 15.08,  3.23,  2.81,  0.64,  0.00, 1108505687, 1470456000,   79511000, 1160162593, java, iotlab1, sing, 2
entry_7162498.class, 14.14,  3.07,  2.67,  0.59,  0.00, 1021233320, 1430326000,   74912000, 1072890081, java, iotlab1, sing, 2
entry_7162498.class, 13.69,  2.79,  2.35,  0.56,  0.00, 1014442850, 1390453000,   94234000, 1066478998, java, iotlab1, sing, 2
entry_7162498.class, 13.27,  2.71,  2.28,  0.55,  0.00,  998208133, 1399515000,   76300000, 1049797788, java, iotlab1, sing, 2
entry_7162498.class, 13.12,  2.69,  2.30,  0.55,  0.00, 1003073251, 1398889000,   83873000, 1054803944, java, iotlab1, sing, 2
entry_7162498.class, 13.27,  2.71,  2.29,  0.55,  0.00, 1001711488, 1392673000,   83279000, 1053357007, java, iotlab1, sing, 2
entry_7162498.class, 13.27,  2.65,  2.28,  0.55,  0.00, 1012969885, 1401642000,   81862000, 1064442196, java, iotlab1, sing, 2
entry_7162498.class, 13.38,  2.64,  2.22,  0.55,  0.00, 1005409517, 1476552000,   85147000, 1057063305, java, iotlab1, sing, 2
entry_7162498.class, 13.21,  2.68,  2.26,  0.55,  0.00, 1002854791, 1393354000,   84263000, 1054262751, java, iotlab1, sing, 2
entry_7163194.class, 17.32,  3.55,  3.09,  0.74,  0.00, 1324626247, 2032652000,  107087000, 1376240410, java, iotlab1, sing, 2
entry_7163194.class, 17.79,  3.67,  3.12,  0.75,  0.00, 1352487374, 2036045000,   94466000, 1404084060, java, iotlab1, sing, 2
entry_7163194.class, 18.02,  3.70,  3.15,  0.75,  0.00, 1363466161, 2049216000,  106426000, 1415450850, java, iotlab1, sing, 2
entry_7163194.class, 17.29,  3.59,  3.10,  0.73,  0.00, 1316720466, 2028102000,  102055000, 1368080608, java, iotlab1, sing, 2
entry_7163194.class, 17.53,  3.66,  3.11,  0.73,  0.00, 1322834564, 2006095000,  110115000, 1375081215, java, iotlab1, sing, 2
entry_7163194.class, 17.82,  3.77,  3.18,  0.74,  0.00, 1341890720, 2035578000,   99517000, 1393382681, java, iotlab1, sing, 2
entry_7163194.class, 17.37,  3.66,  3.13,  0.73,  0.00, 1315080827, 2030769000,  105299000, 1366538596, java, iotlab1, sing, 2
entry_7163194.class, 17.67,  3.74,  3.18,  0.74,  0.00, 1324409253, 2060497000,  113137000, 1376099644, java, iotlab1, sing, 2
entry_7163194.class, 17.72,  3.68,  3.15,  0.75,  0.00, 1345508750, 2050248000,   89010000, 1397149439, java, iotlab1, sing, 2
entry_7163194.class, 17.67,  3.70,  3.12,  0.74,  0.00, 1327583346, 2056409000,  101217000, 1379234776, java, iotlab1, sing, 2
entry_7163815.class, 17.47,  3.66,  3.17,  0.74,  0.00, 1336092486, 2025416000,   95443000, 1387743524, java, iotlab1, sing, 2
entry_7163815.class, 18.12,  3.75,  3.11,  0.75,  0.00, 1346513082, 2030979000,  109213000, 1398272513, java, iotlab1, sing, 2
entry_7163815.class, 18.01,  3.70,  3.08,  0.74,  0.00, 1347140732, 2014627000,  115379000, 1398766373, java, iotlab1, sing, 2
entry_7163815.class, 18.06,  3.75,  3.13,  0.75,  0.00, 1348961411, 2008024000,  121001000, 1400784420, java, iotlab1, sing, 2
entry_7163815.class, 17.61,  3.65,  3.13,  0.74,  0.00, 1327269230, 2015512000,  104493000, 1378825036, java, iotlab1, sing, 2
entry_7163815.class, 17.89,  3.77,  3.21,  0.75,  0.00, 1351730757, 2026303000,  111346000, 1403449003, java, iotlab1, sing, 2
entry_7163815.class, 17.35,  3.64,  3.13,  0.74,  0.00, 1326513293, 1987373000,  126896000, 1377845420, java, iotlab1, sing, 2
entry_7163815.class, 17.60,  3.68,  3.15,  0.75,  0.00, 1344628864, 2032225000,  108065000, 1396117442, java, iotlab1, sing, 2
entry_7163815.class, 17.35,  3.65,  3.17,  0.74,  0.00, 1333385572, 2008888000,  109829000, 1385375029, java, iotlab1, sing, 2
entry_7163815.class, 17.66,  3.72,  3.16,  0.74,  0.00, 1342072093, 2033138000,  104646000, 1393479956, java, iotlab1, sing, 2
entry_8153341.class,  8.36,  1.77,  1.53,  0.35,  0.00,  624355725,  974723000,   82721000,  676153946, java, iotlab1, sing, 2
entry_8153341.class,  8.73,  1.83,  1.55,  0.36,  0.00,  643424500,  983180000,   83184000,  694942100, java, iotlab1, sing, 2
entry_8153341.class,  8.44,  1.82,  1.58,  0.35,  0.00,  626460958, 1063571000,   87046000,  678145726, java, iotlab1, sing, 2
entry_8153341.class,  8.24,  1.74,  1.53,  0.35,  0.00,  623969199,  968235000,   88021000,  675734053, java, iotlab1, sing, 2
entry_8153341.class,  8.36,  1.76,  1.52,  0.35,  0.00,  624265179,  984318000,   77260000,  676057153, java, iotlab1, sing, 2
entry_8153341.class,  8.35,  1.78,  1.54,  0.35,  0.00,  624312728,  975376000,   81114000,  676045257, java, iotlab1, sing, 2
entry_8153341.class,  8.54,  1.86,  1.58,  0.35,  0.00,  624471123, 1057393000,   82407000,  676123297, java, iotlab1, sing, 2
entry_8153341.class,  8.52,  1.82,  1.51,  0.35,  0.00,  621626131,  974854000,   80070000,  673418886, java, iotlab1, sing, 2
entry_8153341.class,  8.81,  1.90,  1.62,  0.36,  0.00,  641615884, 1083310000,   71349000,  693507434, java, iotlab1, sing, 2
entry_8153341.class,  8.52,  1.81,  1.56,  0.36,  0.00,  638194813,  994106000,   81090000,  689871256, java, iotlab1, sing, 2
entry_8162142.class, 12.43,  2.57,  2.20,  0.52,  0.00,  944793264, 1395618000,   82095000,  996526371, java, iotlab1, sing, 2
entry_8162142.class, 12.55,  2.64,  2.26,  0.52,  0.00,  946537490, 1376817000,   88666000,  998340347, java, iotlab1, sing, 2
entry_8162142.class, 12.69,  2.69,  2.23,  0.52,  0.00,  938863735, 1392235000,   81423000,  990510376, java, iotlab1, sing, 2
entry_8162142.class, 12.76,  2.72,  2.33,  0.54,  0.00,  945019737, 1393480000,   80969000,  996626319, java, iotlab1, sing, 2
entry_8162142.class, 13.07,  2.88,  2.49,  0.56,  0.00,  961220202, 1392905000,   92325000, 1014253018, java, iotlab1, sing, 2
entry_8162142.class, 13.52,  3.11,  2.74,  0.58,  0.00,  957918482, 1411471000,   74129000, 1011371758, java, iotlab1, sing, 2
entry_8162142.class, 12.55,  2.58,  2.22,  0.52,  0.00,  945743686, 1395956000,   74050000,  997567314, java, iotlab1, sing, 2
entry_8162142.class, 12.44,  2.58,  2.20,  0.52,  0.00,  936134697, 1389888000,   76938000,  987993900, java, iotlab1, sing, 2
entry_8162142.class, 12.45,  2.58,  2.24,  0.52,  0.00,  943439720, 1396053000,   84699000,  995400133, java, iotlab1, sing, 2
entry_8162142.class, 12.51,  2.56,  2.19,  0.52,  0.00,  939809016, 1395656000,   76035000,  991509959, java, iotlab1, sing, 2
entry_8345869.class, 16.04,  3.29,  2.77,  0.66,  0.00, 1223941022, 1687496000,   85176000, 1275635781, java, iotlab1, sing, 2
entry_8345869.class, 16.47,  3.35,  2.82,  0.68,  0.00, 1263151840, 1712069000,   93003000, 1314834639, java, iotlab1, sing, 2
entry_8345869.class, 19.04,  3.82,  3.21,  0.86,  0.00, 1453423295, 1863476000,  176899000, 1504955934, java, iotlab1, sing, 2
entry_8345869.class, 16.18,  3.27,  2.78,  0.66,  0.00, 1219016837, 1671804000,  101683000, 1270462103, java, iotlab1, sing, 2
entry_8345869.class, 19.18,  3.80,  3.17,  0.86,  0.00, 1459567877, 1828869000,  192091000, 1511170994, java, iotlab1, sing, 2
entry_8345869.class, 19.06,  3.70,  3.11,  0.86,  0.00, 1456698834, 1873407000,  193145000, 1508260850, java, iotlab1, sing, 2
entry_8345869.class, 15.58,  3.15,  2.74,  0.66,  0.00, 1212151309, 1645929000,   96229000, 1263904637, java, iotlab1, sing, 2
entry_8345869.class, 19.31,  3.81,  3.21,  0.87,  0.00, 1464166985, 1905218000,  228786000, 1515764740, java, iotlab1, sing, 2
entry_8345869.class, 19.20,  3.78,  3.17,  0.86,  0.00, 1459414487, 1867176000,  194162000, 1510981492, java, iotlab1, sing, 2
entry_8345869.class, 19.23,  3.94,  3.28,  0.86,  0.00, 1452892441, 1884874000,  182793000, 1504611763, java, iotlab1, sing, 2
entry_8990528.class, 19.84,  4.18,  3.56,  0.83,  0.00, 1508737801, 2257663000,  102165000, 1560556785, java, iotlab1, sing, 2
entry_8990528.class, 19.28,  4.01,  3.44,  0.82,  0.00, 1480888990, 2200694000,   99940000, 1532667193, java, iotlab1, sing, 2
entry_8990528.class, 19.14,  3.96,  3.38,  0.80,  0.00, 1456812233, 2205631000,  101212000, 1508284994, java, iotlab1, sing, 2
entry_8990528.class, 19.34,  3.99,  3.42,  0.81,  0.00, 1476373467, 2222474000,  110073000, 1528060753, java, iotlab1, sing, 2
entry_8990528.class, 19.43,  3.93,  3.37,  0.81,  0.00, 1468169745, 2200793000,  117362000, 1519726963, java, iotlab1, sing, 2
entry_8990528.class, 19.58,  4.04,  3.39,  0.82,  0.00, 1482523774, 2239874000,  111142000, 1534089078, java, iotlab1, sing, 2
entry_8990528.class, 19.60,  4.03,  3.42,  0.83,  0.00, 1497363036, 2241932000,  101042000, 1549007696, java, iotlab1, sing, 2
entry_8990528.class, 19.08,  3.91,  3.35,  0.80,  0.00, 1452462985, 2168249000,  106159000, 1503965216, java, iotlab1, sing, 2
entry_8990528.class, 19.44,  3.95,  3.35,  0.81,  0.00, 1474093480, 2193761000,  102801000, 1525732666, java, iotlab1, sing, 2
entry_8990528.class, 19.26,  3.98,  3.36,  0.80,  0.00, 1449039091, 2159846000,  105431000, 1500864781, java, iotlab1, sing, 2
entry_9021345.class, 25.37,  5.18,  4.42,  1.10,  0.00, 1937283533, 2694875000,  208067000, 1989150760, java, iotlab1, sing, 2
entry_9021345.class, 25.10,  4.98,  4.24,  1.08,  0.00, 1906909939, 2619203000,  234659000, 1959013707, java, iotlab1, sing, 2
entry_9021345.class, 24.86,  5.15,  4.31,  1.07,  0.00, 1881080550, 2619218000,  214853000, 1932605024, java, iotlab1, sing, 2
entry_9021345.class, 25.05,  5.07,  4.24,  1.08,  0.00, 1900979047, 2628850000,  226504000, 1952516776, java, iotlab1, sing, 2
entry_9021345.class, 24.92,  5.06,  4.28,  1.09,  0.00, 1911380902, 2654889000,  232552000, 1963062664, java, iotlab1, sing, 2
entry_9021345.class, 24.65,  4.91,  4.16,  1.07,  0.00, 1888647827, 2642537000,  203426000, 1940092897, java, iotlab1, sing, 2
entry_9021345.class, 24.68,  5.04,  4.29,  1.08,  0.00, 1894790279, 2635181000,  216425000, 1946611384, java, iotlab1, sing, 2
entry_9021345.class, 25.73,  5.37,  4.53,  1.12,  0.00, 1958757797, 2689211000,  217017000, 2010347250, java, iotlab1, sing, 2
entry_9021345.class, 27.61,  6.06,  5.30,  1.21,  0.00, 2042450802, 2766770000,  219219000, 2094928871, java, iotlab1, sing, 2
entry_9021345.class, 25.80,  5.10,  4.37,  1.13,  0.00, 2000831501, 2672509000,  234430000, 2052655680, java, iotlab1, sing, 2
entry_9024206.class, 19.39,  3.99,  3.42,  0.81,  0.00, 1469180407, 2184697000,  105371000, 1520541330, java, iotlab1, sing, 2
entry_9024206.class, 19.31,  4.04,  3.41,  0.80,  0.00, 1455451750, 2181012000,  100092000, 1507039862, java, iotlab1, sing, 2
entry_9024206.class, 18.99,  3.84,  3.32,  0.80,  0.00, 1452385653, 2174928000,  122052000, 1503989634, java, iotlab1, sing, 2
entry_9024206.class, 19.93,  4.15,  3.52,  0.84,  0.00, 1518619299, 2229333000,  113118000, 1570537934, java, iotlab1, sing, 2
entry_9024206.class, 19.03,  4.02,  3.36,  0.80,  0.00, 1437680738, 2181186000,  103483000, 1489226820, java, iotlab1, sing, 2
entry_9024206.class, 19.32,  4.06,  3.36,  0.80,  0.00, 1445136410, 2189124000,  100051000, 1497217124, java, iotlab1, sing, 2
entry_9024206.class, 19.41,  4.04,  3.44,  0.82,  0.00, 1476752411, 2206274000,  104012000, 1528296127, java, iotlab1, sing, 2
entry_9024206.class, 19.56,  4.04,  3.38,  0.81,  0.00, 1469890838, 2208067000,  105955000, 1521810868, java, iotlab1, sing, 2
entry_9024206.class, 19.37,  3.99,  3.39,  0.81,  0.00, 1458912302, 2203558000,  109375000, 1510792158, java, iotlab1, sing, 2
entry_9024206.class, 18.79,  3.85,  3.33,  0.80,  0.00, 1444355822, 2145636000,  112295000, 1495873816, java, iotlab1, sing, 2
entry_9073184.class,  9.84,  2.12,  1.81,  0.41,  0.00,  736646566, 1160752000,   85497000,  788257204, java, iotlab1, sing, 2
entry_9073184.class,  9.67,  2.06,  1.79,  0.41,  0.00,  731276351, 1162715000,   79048000,  782934815, java, iotlab1, sing, 2
entry_9073184.class,  9.87,  2.08,  1.79,  0.41,  0.00,  739216882, 1166784000,   83055000,  791011773, java, iotlab1, sing, 2
entry_9073184.class,  9.83,  2.11,  1.83,  0.41,  0.00,  741324601, 1166233000,   86165000,  793014736, java, iotlab1, sing, 2
entry_9073184.class, 10.20,  2.19,  1.82,  0.42,  0.00,  747666538, 1177516000,   81104000,  799381255, java, iotlab1, sing, 2
entry_9073184.class,  9.89,  2.11,  1.83,  0.41,  0.00,  745425088, 1167831000,   87912000,  797058350, java, iotlab1, sing, 2
entry_9073184.class,  9.92,  2.11,  1.83,  0.41,  0.00,  744073717, 1153123000,   97263000,  795778212, java, iotlab1, sing, 2
entry_9073184.class, 10.02,  2.12,  1.80,  0.41,  0.00,  736037258, 1166718000,   79252000,  787891945, java, iotlab1, sing, 2
entry_9073184.class,  9.99,  2.16,  1.83,  0.41,  0.00,  732659075, 1147817000,   94737000,  784447088, java, iotlab1, sing, 2
entry_9073184.class, 10.05,  2.18,  1.83,  0.41,  0.00,  738662474, 1171279000,   80224000,  790478450, java, iotlab1, sing, 2
entry_9565702.class, 14.52,  2.88,  2.40,  0.59,  0.00, 1126458460, 1383195000,   61497000, 1178220207, java, iotlab1, sing, 2
entry_9565702.class, 14.08,  2.71,  2.28,  0.58,  0.00, 1100894253, 1281921000,   67310000, 1152412081, java, iotlab1, sing, 2
entry_9565702.class, 14.30,  2.79,  2.35,  0.58,  0.00, 1107784915, 1338269000,   70171000, 1159705221, java, iotlab1, sing, 2
entry_9565702.class, 13.23,  2.60,  2.11,  0.53,  0.00, 1019022469, 1197596000,   70034000, 1070805918, java, iotlab1, sing, 2
entry_9565702.class, 14.06,  2.63,  2.21,  0.58,  0.00, 1112945159, 1299160000,   55176000, 1164748040, java, iotlab1, sing, 2
entry_9565702.class, 14.09,  2.67,  2.19,  0.57,  0.00, 1094651729, 1277285000,   61109000, 1146474136, java, iotlab1, sing, 2
entry_9565702.class, 14.16,  2.70,  2.25,  0.58,  0.00, 1108880201, 1270178000,   68631000, 1160407678, java, iotlab1, sing, 2
entry_9565702.class, 14.18,  2.67,  2.23,  0.58,  0.00, 1113495912, 1292330000,   68175000, 1165240108, java, iotlab1, sing, 2
entry_9565702.class, 14.14,  2.67,  2.23,  0.58,  0.00, 1109116566, 1317109000,   53287000, 1160704671, java, iotlab1, sing, 2
entry_9565702.class, 13.92,  2.75,  2.28,  0.57,  0.00, 1078593070, 1260909000,   68103000, 1130569360, java, iotlab1, sing, 2
entry_9569575.class, 12.11,  2.57,  2.16,  0.50,  0.00,  892523296, 1568236000,   97889000,  944227294, java, iotlab1, sing, 2
entry_9569575.class, 12.30,  2.58,  2.15,  0.51,  0.00,  904914313, 1576069000,   94423000,  956578691, java, iotlab1, sing, 2
entry_9569575.class, 12.32,  2.57,  2.20,  0.51,  0.00,  910547142, 1562300000,  117398000,  962504578, java, iotlab1, sing, 2
entry_9569575.class, 11.61,  2.44,  2.05,  0.48,  0.00,  852411701, 1496180000,  116324000,  903860899, java, iotlab1, sing, 2
entry_9569575.class, 11.74,  2.45,  2.08,  0.49,  0.00,  872177090, 1522589000,  111262000,  923964318, java, iotlab1, sing, 2
entry_9569575.class, 11.88,  2.51,  2.10,  0.49,  0.00,  875408578, 1529601000,  104904000,  926844953, java, iotlab1, sing, 2
entry_9569575.class, 11.44,  2.38,  2.05,  0.48,  0.00,  855111819, 1535789000,  105985000,  906946636, java, iotlab1, sing, 2
entry_9569575.class, 11.81,  2.52,  2.12,  0.49,  0.00,  872962816, 1567085000,   90119000,  924565980, java, iotlab1, sing, 2
entry_9569575.class, 11.74,  2.46,  2.12,  0.49,  0.00,  877372144, 1547226000,  101883000,  928815556, java, iotlab1, sing, 2
entry_9569575.class, 12.48,  2.72,  2.36,  0.53,  0.00,  922301812, 1581076000,  104136000,  973995881, java, iotlab1, sing, 2
entry_9569576.class, 12.14,  2.60,  2.22,  0.51,  0.00,  901614717, 1557542000,  112690000,  954284468, java, iotlab1, sing, 2
entry_9569576.class, 11.79,  2.54,  2.18,  0.49,  0.00,  874627760, 1531774000,  107124000,  926166939, java, iotlab1, sing, 2
entry_9569576.class, 12.34,  2.66,  2.25,  0.51,  0.00,  905275020, 1549772000,  108984000,  957086971, java, iotlab1, sing, 2
entry_9569576.class, 12.21,  2.59,  2.24,  0.52,  0.00,  920907389, 1569185000,  108735000,  972430651, java, iotlab1, sing, 2
entry_9569576.class, 11.78,  2.47,  2.10,  0.49,  0.00,  873987793, 1536127000,  107569000,  925841937, java, iotlab1, sing, 2
entry_9569576.class, 12.22,  2.57,  2.22,  0.51,  0.00,  912085092, 1574873000,  114990000,  963633455, java, iotlab1, sing, 2
entry_9569576.class, 12.25,  2.61,  2.22,  0.51,  0.00,  916001415, 1575950000,  105996000,  967727754, java, iotlab1, sing, 2
entry_9569576.class, 11.86,  2.53,  2.16,  0.49,  0.00,  873456954, 1547285000,  118021000,  925064616, java, iotlab1, sing, 2
entry_9569576.class, 12.11,  2.61,  2.19,  0.50,  0.00,  891770309, 1544197000,  106944000,  943492044, java, iotlab1, sing, 2
entry_9569576.class, 12.17,  2.61,  2.22,  0.51,  0.00,  904992675, 1577924000,   97995000,  956627504, java, iotlab1, sing, 2
entry_9967396.class,  8.72,  1.79,  1.49,  0.36,  0.00,  658821833,  969369000,   62023000,  710717898, java, iotlab1, sing, 2
entry_9967396.class,  9.03,  1.82,  1.54,  0.38,  0.00,  688536197, 1018739000,   67180000,  740064027, java, iotlab1, sing, 2
entry_9967396.class,  8.92,  1.78,  1.55,  0.38,  0.00,  688587285, 1002390000,   82196000,  740426425, java, iotlab1, sing, 2
entry_9967396.class,  9.29,  1.83,  1.52,  0.38,  0.00,  687592798, 1027206000,   60129000,  739412857, java, iotlab1, sing, 2
entry_9967396.class,  8.90,  1.79,  1.48,  0.36,  0.00,  662059757,  974050000,   70930000,  713610324, java, iotlab1, sing, 2
entry_9967396.class,  8.85,  1.84,  1.53,  0.37,  0.00,  667682704,  982222000,   76860000,  719395324, java, iotlab1, sing, 2
entry_9967396.class,  9.23,  1.94,  1.60,  0.38,  0.00,  693888289, 1027255000,   63448000,  745468150, java, iotlab1, sing, 2
entry_9967396.class,  8.74,  1.74,  1.48,  0.37,  0.00,  668810105,  969337000,   74564000,  720467256, java, iotlab1, sing, 2
entry_9967396.class,  8.61,  1.72,  1.47,  0.36,  0.00,  658610945,  965672000,   81478000,  710031280, java, iotlab1, sing, 2
entry_9967396.class,  8.95,  1.78,  1.52,  0.38,  0.00,  689420609, 1010619000,   71468000,  741192324, java, iotlab1, sing, 2
