file,psys,pkg,cores,ram,gpu,duration_time,user_time,system_time,perf_time,lang,machine,cores,power_limit
10327579    , 11.88,  5.93,  5.77,  0.29,  0.00,  517212351,  425800000,   61970000,  550559107, python, iotlab1, mult, 15
10327579    , 11.06,  5.87,  5.74,  0.25,  0.00,  455356098,  400257000,   55035000,  468373752, python, iotlab1, mult, 15
10327579    , 11.26,  5.95,  5.81,  0.26,  0.00,  463815713,  399804000,   63968000,  476261635, python, iotlab1, mult, 15
10327579    , 11.32,  5.99,  5.85,  0.26,  0.00,  465987988,  400519000,   64922000,  478554768, python, iotlab1, mult, 15
10327579    , 11.23,  5.93,  5.78,  0.26,  0.00,  461449560,  409489000,   51935000,  473857814, python, iotlab1, mult, 15
10327579    , 11.19,  5.90,  5.75,  0.26,  0.00,  459029648,  400988000,   57998000,  471456515, python, iotlab1, mult, 15
10327579    , 11.21,  5.90,  5.76,  0.26,  0.00,  462063036,  406170000,   55885000,  474528290, python, iotlab1, mult, 15
10327579    , 10.95,  5.79,  5.65,  0.25,  0.00,  450183354,  393728000,   55961000,  462650651, python, iotlab1, mult, 15
10327579    , 11.14,  5.89,  5.75,  0.25,  0.00,  457672326,  398505000,   59074000,  470105675, python, iotlab1, mult, 15
10327579    , 11.29,  6.00,  5.86,  0.26,  0.00,  462578403,  402617000,   59943000,  474895845, python, iotlab1, mult, 15
10506733    ,  7.26,  3.70,  3.61,  0.21,  0.00,  280991118,  252756000,   27973000,  293377934, python, iotlab1, mult, 15
10506733    ,  7.32,  3.67,  3.58,  0.21,  0.00,  283208553,  262170000,   21013000,  295536756, python, iotlab1, mult, 15
10506733    ,  7.04,  3.65,  3.56,  0.21,  0.00,  275437597,  244482000,   30934000,  287846848, python, iotlab1, mult, 15
10506733    ,  7.01,  3.62,  3.53,  0.21,  0.00,  273187877,  255120000,   18008000,  285582703, python, iotlab1, mult, 15
10506733    ,  7.37,  3.64,  3.56,  0.21,  0.00,  278681556,  250564000,   28063000,  291122205, python, iotlab1, mult, 15
10506733    ,  7.10,  3.67,  3.57,  0.21,  0.00,  279727328,  258674000,   20973000,  292073767, python, iotlab1, mult, 15
10506733    ,  7.29,  3.64,  3.54,  0.21,  0.00,  280618054,  258574000,   21963000,  292954260, python, iotlab1, mult, 15
10506733    ,  7.18,  3.53,  3.44,  0.21,  0.00,  274771718,  245773000,   28973000,  287207174, python, iotlab1, mult, 15
10506733    ,  7.25,  3.59,  3.50,  0.21,  0.00,  277784602,  254751000,   22977000,  290175713, python, iotlab1, mult, 15
10506733    ,  7.28,  3.60,  3.51,  0.21,  0.00,  279097037,  247058000,   32007000,  291532128, python, iotlab1, mult, 15
10515639    , 11.55,  5.92,  5.78,  0.26,  0.00,  466990521,  416775000,   49973000,  479541518, python, iotlab1, mult, 15
10515639    , 11.37,  5.87,  5.73,  0.26,  0.00,  464994685,  410899000,   53986000,  477495104, python, iotlab1, mult, 15
10515639    , 11.64,  6.01,  5.86,  0.26,  0.00,  468781231,  417744000,   50968000,  481236384, python, iotlab1, mult, 15
10515639    , 11.65,  6.02,  5.88,  0.26,  0.00,  474237385,  417183000,   57025000,  486857707, python, iotlab1, mult, 15
10515639    , 11.60,  5.99,  5.83,  0.26,  0.00,  470990418,  414950000,   55993000,  483492658, python, iotlab1, mult, 15
10515639    , 11.35,  5.87,  5.73,  0.26,  0.00,  463408942,  413328000,   50039000,  476325596, python, iotlab1, mult, 15
10515639    , 11.38,  5.93,  5.78,  0.26,  0.00,  466343487,  400410000,   65903000,  478750344, python, iotlab1, mult, 15
10515639    , 11.29,  5.81,  5.67,  0.26,  0.00,  460059216,  398091000,   61858000,  472659420, python, iotlab1, mult, 15
10515639    , 11.50,  5.93,  5.79,  0.26,  0.00,  470283449,  429225000,   41021000,  482723770, python, iotlab1, mult, 15
10515639    , 11.54,  5.96,  5.82,  0.26,  0.00,  470006842,  405837000,   63974000,  482560908, python, iotlab1, mult, 15
10631799    , 10.95,  5.66,  5.51,  0.29,  0.00,  448196160,  370017000,   78003000,  460671469, python, iotlab1, mult, 15
10631799    , 10.73,  5.54,  5.41,  0.28,  0.00,  439582878,  359411000,   80091000,  452086413, python, iotlab1, mult, 15
10631799    , 11.05,  5.69,  5.49,  0.28,  0.00,  442961717,  372931000,   69987000,  455456018, python, iotlab1, mult, 15
10631799    , 10.89,  5.62,  5.48,  0.28,  0.00,  444041107,  373002000,   71000000,  456566032, python, iotlab1, mult, 15
10631799    , 11.01,  5.66,  5.51,  0.29,  0.00,  448369096,  376268000,   72051000,  460636114, python, iotlab1, mult, 15
10631799    , 11.02,  5.66,  5.53,  0.29,  0.00,  451632329,  372468000,   79099000,  464106149, python, iotlab1, mult, 15
10631799    , 10.80,  5.58,  5.44,  0.28,  0.00,  439559744,  369573000,   69919000,  452050337, python, iotlab1, mult, 15
10631799    , 10.84,  5.60,  5.46,  0.28,  0.00,  442875866,  356865000,   85967000,  455243823, python, iotlab1, mult, 15
10631799    , 10.94,  5.67,  5.53,  0.29,  0.00,  448240318,  377100000,   71018000,  460775164, python, iotlab1, mult, 15
10631799    , 11.01,  5.71,  5.57,  0.29,  0.00,  451011457,  394868000,   55981000,  463623257, python, iotlab1, mult, 15
10693327    , 10.23,  5.27,  5.13,  0.23,  0.00,  415592172,  352443000,   62900000,  428921878, python, iotlab1, mult, 15
10693327    , 10.19,  5.30,  5.18,  0.23,  0.00,  417055494,  366161000,   50883000,  429563591, python, iotlab1, mult, 15
10693327    , 10.20,  5.29,  5.17,  0.23,  0.00,  417934130,  341920000,   75982000,  430334157, python, iotlab1, mult, 15
10693327    , 10.14,  5.23,  5.10,  0.23,  0.00,  415955014,  362925000,   52989000,  428356762, python, iotlab1, mult, 15
10693327    , 10.31,  5.34,  5.22,  0.23,  0.00,  420626019,  358642000,   61938000,  432964964, python, iotlab1, mult, 15
10693327    , 10.24,  5.33,  5.20,  0.23,  0.00,  418549273,  358594000,   59932000,  430910595, python, iotlab1, mult, 15
10693327    , 10.16,  5.20,  5.08,  0.23,  0.00,  413309901,  363254000,   50035000,  425920964, python, iotlab1, mult, 15
10693327    , 10.13,  5.29,  5.17,  0.23,  0.00,  418310933,  365248000,   53036000,  430876817, python, iotlab1, mult, 15
10693327    , 10.27,  5.33,  5.20,  0.23,  0.00,  418142855,  370970000,   46996000,  430719582, python, iotlab1, mult, 15
10693327    , 10.51,  5.40,  5.17,  0.23,  0.00,  417244743,  351096000,   66018000,  430034766, python, iotlab1, mult, 15
10991161    ,  7.89,  3.87,  3.76,  0.20,  0.00,  346891322,  301518000,    7987000,  359376047, python, iotlab1, mult, 15
10991161    ,  7.62,  3.87,  3.76,  0.17,  0.00,  294404860,  289323000,    4988000,  306938225, python, iotlab1, mult, 15
10991161    ,  7.68,  3.87,  3.78,  0.17,  0.00,  301064883,  293968000,    6999000,  315104466, python, iotlab1, mult, 15
10991161    ,  7.46,  3.90,  3.82,  0.17,  0.00,  296341632,  287347000,    8979000,  308641147, python, iotlab1, mult, 15
10991161    ,  7.44,  3.91,  3.81,  0.17,  0.00,  295828481,  282807000,   12991000,  308342575, python, iotlab1, mult, 15
10991161    ,  7.46,  3.92,  3.83,  0.17,  0.00,  295670285,  284640000,   10986000,  308235217, python, iotlab1, mult, 15
10991161    ,  7.35,  3.88,  3.80,  0.17,  0.00,  294869765,  284819000,    9993000,  307302840, python, iotlab1, mult, 15
10991161    ,  7.48,  3.96,  3.86,  0.17,  0.00,  297545880,  289511000,    8014000,  310268561, python, iotlab1, mult, 15
10991161    ,  7.34,  3.92,  3.84,  0.17,  0.00,  294394546,  284346000,   10012000,  306827689, python, iotlab1, mult, 15
10991161    ,  7.79,  3.99,  3.88,  0.17,  0.00,  298803869,  282775000,   15987000,  311316327, python, iotlab1, mult, 15
11038493    , 10.83,  4.67,  4.49,  0.39,  0.00,  483771269,  365664000,   25045000,  496423637, python, iotlab1, mult, 15
11038493    ,  9.25,  4.62,  4.49,  0.32,  0.00,  360640610,  338516000,   22033000,  373087558, python, iotlab1, mult, 15
11038493    ,  9.22,  4.62,  4.49,  0.32,  0.00,  360033846,  343993000,   15999000,  372391370, python, iotlab1, mult, 15
11038493    ,  9.18,  4.59,  4.47,  0.32,  0.00,  359418598,  336318000,   22953000,  371876345, python, iotlab1, mult, 15
11038493    ,  9.15,  4.61,  4.48,  0.32,  0.00,  358552794,  331484000,   27039000,  371121156, python, iotlab1, mult, 15
11038493    ,  9.16,  4.60,  4.48,  0.32,  0.00,  359488833,  329373000,   29943000,  372020451, python, iotlab1, mult, 15
11038493    ,  9.15,  4.61,  4.47,  0.32,  0.00,  358068312,  333993000,   23999000,  370675947, python, iotlab1, mult, 15
11038493    ,  9.12,  4.59,  4.47,  0.32,  0.00,  357741619,  333672000,   24048000,  370069743, python, iotlab1, mult, 15
11038493    ,  9.11,  4.59,  4.47,  0.32,  0.00,  359295931,  328231000,   31021000,  371855049, python, iotlab1, mult, 15
11038493    ,  9.16,  4.59,  4.46,  0.32,  0.00,  359704956,  335517000,   24037000,  372210183, python, iotlab1, mult, 15
1110220     , 11.37,  5.84,  5.69,  0.27,  0.00,  467220130,  411978000,   54997000,  479575835, python, iotlab1, mult, 15
1110220     , 11.39,  5.91,  5.76,  0.27,  0.00,  467049591,  411018000,   56002000,  479550211, python, iotlab1, mult, 15
1110220     , 11.16,  5.81,  5.67,  0.27,  0.00,  458501622,  405403000,   53052000,  471106422, python, iotlab1, mult, 15
1110220     , 11.51,  6.00,  5.85,  0.27,  0.00,  472949570,  437860000,   35068000,  485289053, python, iotlab1, mult, 15
1110220     , 11.30,  5.93,  5.78,  0.27,  0.00,  463559122,  418467000,   45050000,  476198508, python, iotlab1, mult, 15
1110220     , 11.28,  5.89,  5.75,  0.27,  0.00,  463973326,  409950000,   53993000,  476479559, python, iotlab1, mult, 15
1110220     , 11.94,  6.22,  6.07,  0.28,  0.00,  490036453,  426584000,   62938000,  502580879, python, iotlab1, mult, 15
1110220     , 11.12,  5.82,  5.68,  0.27,  0.00,  457049885,  406929000,   49991000,  469584476, python, iotlab1, mult, 15
1110220     , 11.37,  5.89,  5.75,  0.27,  0.00,  467345138,  417268000,   50032000,  479856766, python, iotlab1, mult, 15
1110220     , 11.06,  5.71,  5.57,  0.26,  0.00,  454660085,  400679000,   53956000,  467146390, python, iotlab1, mult, 15
11121914    , 11.75,  5.95,  5.80,  0.27,  0.00,  475435529,  414167000,   61024000,  487884814, python, iotlab1, mult, 15
11121914    , 11.67,  5.88,  5.73,  0.26,  0.00,  466548985,  398454000,   68077000,  478937875, python, iotlab1, mult, 15
11121914    , 11.81,  5.91,  5.76,  0.27,  0.00,  472721004,  410706000,   61955000,  485171060, python, iotlab1, mult, 15
11121914    , 11.63,  5.84,  5.71,  0.26,  0.00,  466717737,  394722000,   71949000,  479364343, python, iotlab1, mult, 15
11121914    , 11.54,  5.83,  5.69,  0.26,  0.00,  466051880,  400011000,   66001000,  478430070, python, iotlab1, mult, 15
11121914    , 11.74,  5.89,  5.74,  0.26,  0.00,  471213466,  408304000,   62892000,  483844779, python, iotlab1, mult, 15
11121914    , 11.47,  5.84,  5.69,  0.26,  0.00,  462768852,  403939000,   58845000,  475212567, python, iotlab1, mult, 15
11121914    , 11.54,  5.87,  5.72,  0.26,  0.00,  468455662,  426389000,   42038000,  481118646, python, iotlab1, mult, 15
11121914    , 11.38,  5.78,  5.63,  0.26,  0.00,  458176278,  398093000,   60014000,  470597146, python, iotlab1, mult, 15
11121914    , 11.28,  5.86,  5.72,  0.26,  0.00,  461671053,  406600000,   54946000,  474149001, python, iotlab1, mult, 15
1121740     , 11.33,  5.73,  5.60,  0.25,  0.00,  455878028,  402653000,   52954000,  468226853, python, iotlab1, mult, 15
1121740     , 11.25,  5.63,  5.50,  0.25,  0.00,  449616561,  394633000,   54948000,  461983590, python, iotlab1, mult, 15
1121740     , 11.33,  5.61,  5.47,  0.25,  0.00,  448848044,  387326000,   60894000,  461209877, python, iotlab1, mult, 15
1121740     , 11.32,  5.61,  5.47,  0.25,  0.00,  449638429,  391455000,   58067000,  462012577, python, iotlab1, mult, 15
1121740     , 11.31,  5.57,  5.43,  0.25,  0.00,  446133040,  400092000,   46010000,  458611681, python, iotlab1, mult, 15
1121740     , 11.37,  5.84,  5.70,  0.26,  0.00,  458588877,  398394000,   60059000,  471149335, python, iotlab1, mult, 15
1121740     , 11.03,  5.67,  5.53,  0.25,  0.00,  446717344,  379635000,   66935000,  459202679, python, iotlab1, mult, 15
1121740     , 11.41,  5.87,  5.72,  0.26,  0.00,  461525454,  414552000,   46949000,  473959098, python, iotlab1, mult, 15
1121740     , 11.06,  5.67,  5.53,  0.25,  0.00,  446948336,  392815000,   53974000,  459428416, python, iotlab1, mult, 15
1121740     , 11.22,  5.78,  5.64,  0.26,  0.00,  456018467,  401983000,   53997000,  468356216, python, iotlab1, mult, 15
11355595    , 12.02,  6.11,  5.96,  0.29,  0.00,  480991482,  425639000,   55082000,  493408805, python, iotlab1, mult, 15
11355595    , 11.87,  6.05,  5.91,  0.29,  0.00,  476170003,  414091000,   62013000,  488805287, python, iotlab1, mult, 15
11355595    , 12.18,  6.13,  5.97,  0.29,  0.00,  483425865,  438348000,   45035000,  496016385, python, iotlab1, mult, 15
11355595    , 12.14,  6.14,  5.99,  0.29,  0.00,  483663199,  428559000,   55071000,  496158419, python, iotlab1, mult, 15
11355595    , 12.26,  6.10,  5.95,  0.29,  0.00,  486071142,  438034000,   48003000,  498460311, python, iotlab1, mult, 15
11355595    , 12.24,  6.18,  6.03,  0.29,  0.00,  488932020,  426901000,   61985000,  501353183, python, iotlab1, mult, 15
11355595    , 12.15,  6.12,  5.96,  0.29,  0.00,  486815493,  431767000,   54970000,  499300347, python, iotlab1, mult, 15
11355595    , 12.13,  6.07,  5.92,  0.29,  0.00,  482269119,  427822000,   53851000,  494641662, python, iotlab1, mult, 15
11355595    , 12.10,  5.96,  5.81,  0.29,  0.00,  478884123,  421866000,   56981000,  491292083, python, iotlab1, mult, 15
11355595    , 12.11,  6.09,  5.93,  0.29,  0.00,  484759637,  436748000,   47972000,  497141810, python, iotlab1, mult, 15
11490288    , 13.02,  6.64,  6.48,  0.29,  0.00,  519645271,  457425000,   61922000,  532120862, python, iotlab1, mult, 15
11490288    , 12.97,  6.39,  6.23,  0.28,  0.00,  507778412,  442278000,   64894000,  520290430, python, iotlab1, mult, 15
11490288    , 13.20,  6.72,  6.56,  0.29,  0.00,  528763020,  486759000,   41979000,  541174048, python, iotlab1, mult, 15
11490288    , 13.11,  6.46,  6.30,  0.28,  0.00,  513432563,  447339000,   66050000,  525819645, python, iotlab1, mult, 15
11490288    , 13.30,  6.51,  6.36,  0.29,  0.00,  519772670,  465345000,   53924000,  532200988, python, iotlab1, mult, 15
11490288    , 13.19,  6.48,  6.32,  0.29,  0.00,  518269534,  455317000,   62905000,  530616222, python, iotlab1, mult, 15
11490288    , 12.99,  6.43,  6.28,  0.28,  0.00,  509089357,  448024000,   61003000,  521548332, python, iotlab1, mult, 15
11490288    , 12.93,  6.60,  6.44,  0.29,  0.00,  517149129,  463104000,   54012000,  529530498, python, iotlab1, mult, 15
11490288    , 13.17,  6.71,  6.56,  0.29,  0.00,  526714256,  470716000,   55966000,  539280659, python, iotlab1, mult, 15
11490288    , 12.84,  6.57,  6.42,  0.28,  0.00,  514440422,  470302000,   44028000,  527028381, python, iotlab1, mult, 15
11550680    , 14.36,  7.31,  7.12,  0.35,  0.00,  572673576,  483300000,   89055000,  585087159, python, iotlab1, mult, 15
11550680    , 15.30,  7.82,  7.64,  0.38,  0.00,  583900002,  502923000,   80827000,  596511515, python, iotlab1, mult, 15
11550680    , 14.42,  7.40,  7.22,  0.36,  0.00,  579305559,  500385000,   78903000,  591690448, python, iotlab1, mult, 15
11550680    , 14.49,  7.47,  7.28,  0.36,  0.00,  578923654,  502875000,   75981000,  592450427, python, iotlab1, mult, 15
11550680    , 15.21,  7.74,  7.55,  0.38,  0.00,  587606819,  510065000,   77009000,  602419633, python, iotlab1, mult, 15
11550680    , 14.02,  7.20,  7.02,  0.35,  0.00,  565940867,  478807000,   86965000,  578492299, python, iotlab1, mult, 15
11550680    , 14.43,  7.32,  7.14,  0.36,  0.00,  579942579,  494812000,   84967000,  592482945, python, iotlab1, mult, 15
11550680    , 14.22,  6.99,  6.82,  0.34,  0.00,  558820886,  483815000,   74971000,  571340519, python, iotlab1, mult, 15
11550680    , 14.14,  7.22,  7.04,  0.35,  0.00,  568191927,  484215000,   83864000,  580597443, python, iotlab1, mult, 15
11550680    , 14.55,  7.35,  7.15,  0.36,  0.00,  582514588,  513432000,   69058000,  594859654, python, iotlab1, mult, 15
11615656    , 11.22,  5.79,  5.65,  0.25,  0.00,  458080544,  397794000,   59968000,  470530210, python, iotlab1, mult, 15
11615656    , 11.05,  5.69,  5.56,  0.25,  0.00,  451389251,  386446000,   64907000,  463732137, python, iotlab1, mult, 15
11615656    , 11.01,  5.68,  5.55,  0.25,  0.00,  449882443,  384861000,   64976000,  462123183, python, iotlab1, mult, 15
11615656    , 11.38,  5.87,  5.72,  0.26,  0.00,  465314086,  413230000,   52028000,  477668842, python, iotlab1, mult, 15
11615656    , 11.21,  5.79,  5.64,  0.25,  0.00,  459465204,  392348000,   67059000,  471823678, python, iotlab1, mult, 15
11615656    , 11.19,  5.77,  5.63,  0.25,  0.00,  455982632,  401965000,   53995000,  468363681, python, iotlab1, mult, 15
11615656    , 11.43,  5.58,  5.45,  0.25,  0.00,  451923888,  394903000,   56986000,  464426263, python, iotlab1, mult, 15
11615656    , 12.16,  5.83,  5.58,  0.26,  0.00,  462196671,  411127000,   51015000,  474880556, python, iotlab1, mult, 15
11615656    , 10.92,  5.64,  5.51,  0.25,  0.00,  444182142,  378153000,   66026000,  456646002, python, iotlab1, mult, 15
11615656    , 11.08,  5.70,  5.57,  0.25,  0.00,  450586819,  386615000,   63936000,  462954801, python, iotlab1, mult, 15
11702541    , 11.96,  5.84,  5.69,  0.26,  0.00,  469034868,  402917000,   65986000,  481410819, python, iotlab1, mult, 15
11702541    , 11.64,  5.84,  5.70,  0.26,  0.00,  468300290,  422130000,   46014000,  480770150, python, iotlab1, mult, 15
11702541    , 11.76,  5.91,  5.76,  0.26,  0.00,  471557337,  407389000,   64061000,  484047197, python, iotlab1, mult, 15
11702541    , 12.22,  6.11,  5.97,  0.27,  0.00,  485256856,  427203000,   58027000,  497671270, python, iotlab1, mult, 15
11702541    , 11.93,  5.84,  5.69,  0.26,  0.00,  469132681,  422995000,   45999000,  481698579, python, iotlab1, mult, 15
11702541    , 11.87,  5.95,  5.80,  0.27,  0.00,  474495554,  411280000,   63042000,  487039935, python, iotlab1, mult, 15
11702541    , 11.65,  5.87,  5.73,  0.26,  0.00,  467130445,  423087000,   44009000,  479565226, python, iotlab1, mult, 15
11702541    , 11.97,  6.01,  5.86,  0.27,  0.00,  477932345,  426921000,   50990000,  490293694, python, iotlab1, mult, 15
11702541    , 12.29,  6.01,  5.86,  0.27,  0.00,  484949731,  426818000,   58111000,  497371142, python, iotlab1, mult, 15
11702541    , 12.19,  6.10,  5.94,  0.27,  0.00,  483360833,  417200000,   66031000,  495874154, python, iotlab1, mult, 15
1176880     , 11.90,  5.79,  5.65,  0.26,  0.00,  465904739,  395716000,   69949000,  478312201, python, iotlab1, mult, 15
1176880     , 11.37,  5.84,  5.70,  0.25,  0.00,  458027109,  398831000,   59123000,  470557062, python, iotlab1, mult, 15
1176880     , 11.89,  5.76,  5.62,  0.26,  0.00,  464249207,  398277000,   65880000,  476704285, python, iotlab1, mult, 15
1176880     , 11.45,  5.90,  5.75,  0.25,  0.00,  459474222,  404516000,   54934000,  471992492, python, iotlab1, mult, 15
1176880     , 11.46,  5.89,  5.74,  0.26,  0.00,  461232875,  405175000,   56024000,  473744790, python, iotlab1, mult, 15
1176880     , 11.70,  6.01,  5.86,  0.26,  0.00,  471464711,  410531000,   60930000,  483886341, python, iotlab1, mult, 15
1176880     , 11.37,  5.84,  5.69,  0.25,  0.00,  458066335,  404009000,   54001000,  470618154, python, iotlab1, mult, 15
1176880     , 11.53,  5.92,  5.78,  0.26,  0.00,  464814038,  418793000,   45977000,  477251105, python, iotlab1, mult, 15
1176880     , 11.40,  5.85,  5.72,  0.25,  0.00,  458886329,  400884000,   57983000,  471291899, python, iotlab1, mult, 15
1176880     , 11.54,  5.92,  5.78,  0.26,  0.00,  464154097,  406110000,   58015000,  476695770, python, iotlab1, mult, 15
11779621    , 22.58, 11.26, 10.80,  0.52,  0.00,  877449636,  806191000,   71016000,  889915121, python, iotlab1, mult, 15
11779621    , 21.82, 11.02, 10.76,  0.51,  0.00,  864618758,  792448000,   72040000,  877090779, python, iotlab1, mult, 15
11779621    , 22.13, 11.30, 11.02,  0.52,  0.00,  877067959,  803919000,   72992000,  889654884, python, iotlab1, mult, 15
11779621    , 22.29, 11.33, 11.06,  0.52,  0.00,  882231920,  808012000,   74001000,  894825762, python, iotlab1, mult, 15
11779621    , 22.14, 10.97, 10.70,  0.51,  0.00,  863823142,  783792000,   79978000,  876093755, python, iotlab1, mult, 15
11779621    , 21.91, 11.06, 10.74,  0.51,  0.00,  862311553,  787259000,   75024000,  874765413, python, iotlab1, mult, 15
11779621    , 21.71, 10.99, 10.71,  0.51,  0.00,  854435880,  793375000,   61028000,  866852887, python, iotlab1, mult, 15
11779621    , 21.77, 10.98, 10.71,  0.51,  0.00,  860251522,  793255000,   66937000,  872698700, python, iotlab1, mult, 15
11779621    , 22.80, 11.18, 10.83,  0.52,  0.00,  882118616,  808608000,   72874000,  894676512, python, iotlab1, mult, 15
11779621    , 22.25, 10.87, 10.59,  0.51,  0.00,  867075121,  778974000,   87997000,  879549236, python, iotlab1, mult, 15
11990759    , 15.95,  8.02,  7.83,  0.34,  0.00,  633325046,  572079000,   61008000,  646001046, python, iotlab1, mult, 15
11990759    , 17.14,  8.25,  8.06,  0.36,  0.00,  663391125,  602321000,   61032000,  676172626, python, iotlab1, mult, 15
11990759    , 16.07,  8.10,  7.90,  0.34,  0.00,  633810888,  584668000,   48972000,  646327614, python, iotlab1, mult, 15
11990759    , 16.05,  8.09,  7.89,  0.35,  0.00,  637324036,  584187000,   53017000,  649779955, python, iotlab1, mult, 15
11990759    , 16.05,  7.81,  7.61,  0.34,  0.00,  619450654,  574467000,   44958000,  631918101, python, iotlab1, mult, 15
11990759    , 16.72,  8.02,  7.82,  0.35,  0.00,  643998363,  583958000,   59995000,  656453823, python, iotlab1, mult, 15
11990759    , 15.63,  7.90,  7.72,  0.34,  0.00,  622441743,  565448000,   56944000,  634976202, python, iotlab1, mult, 15
11990759    , 16.16,  7.88,  7.69,  0.34,  0.00,  630263826,  584097000,   46007000,  642692776, python, iotlab1, mult, 15
11990759    , 16.02,  8.12,  7.93,  0.35,  0.00,  636332048,  581191000,   55018000,  648762162, python, iotlab1, mult, 15
11990759    , 16.38,  8.01,  7.81,  0.34,  0.00,  633796027,  572231000,   61024000,  646329065, python, iotlab1, mult, 15
12026938    ,  7.11,  3.43,  3.35,  0.22,  0.00,  271937223,  243727000,   27968000,  284252164, python, iotlab1, mult, 15
12026938    ,  7.38,  3.63,  3.54,  0.23,  0.00,  284550932,  258560000,   25955000,  296956683, python, iotlab1, mult, 15
12026938    ,  7.24,  3.50,  3.41,  0.23,  0.00,  275147800,  254118000,   21009000,  287629915, python, iotlab1, mult, 15
12026938    ,  7.13,  3.51,  3.42,  0.23,  0.00,  277246241,  249199000,   28022000,  289656153, python, iotlab1, mult, 15
12026938    ,  7.07,  3.43,  3.33,  0.22,  0.00,  269885021,  244424000,   24941000,  282213912, python, iotlab1, mult, 15
12026938    ,  7.14,  3.52,  3.42,  0.22,  0.00,  275996354,  246977000,   28997000,  288464237, python, iotlab1, mult, 15
12026938    ,  7.13,  3.45,  3.36,  0.22,  0.00,  271074776,  253033000,   18002000,  283520618, python, iotlab1, mult, 15
12026938    ,  7.13,  3.50,  3.41,  0.22,  0.00,  272898376,  254821000,   18058000,  285302298, python, iotlab1, mult, 15
12026938    ,  7.23,  3.55,  3.46,  0.23,  0.00,  278296068,  258085000,   20006000,  290793631, python, iotlab1, mult, 15
12026938    ,  7.16,  3.48,  3.38,  0.22,  0.00,  271253815,  243097000,   28011000,  283701855, python, iotlab1, mult, 15
1216158     ,  6.79,  3.50,  3.42,  0.16,  0.00,  269001673,  260770000,    7992000,  281390177, python, iotlab1, mult, 15
1216158     ,  6.88,  3.50,  3.42,  0.16,  0.00,  269100505,  256002000,   13000000,  281438742, python, iotlab1, mult, 15
1216158     ,  6.98,  3.53,  3.45,  0.16,  0.00,  269302630,  256266000,   13013000,  281698843, python, iotlab1, mult, 15
1216158     ,  6.88,  3.47,  3.39,  0.16,  0.00,  268091067,  253061000,   15003000,  280354244, python, iotlab1, mult, 15
1216158     ,  7.11,  3.61,  3.53,  0.16,  0.00,  277276768,  267230000,   10008000,  289605236, python, iotlab1, mult, 15
1216158     ,  6.86,  3.50,  3.42,  0.16,  0.00,  268906241,  254835000,   13990000,  281353196, python, iotlab1, mult, 15
1216158     ,  7.09,  3.50,  3.42,  0.16,  0.00,  271380470,  262382000,    8978000,  283978672, python, iotlab1, mult, 15
1216158     ,  7.16,  3.58,  3.50,  0.16,  0.00,  276064607,  267038000,    9001000,  288553987, python, iotlab1, mult, 15
1216158     ,  6.92,  3.50,  3.42,  0.16,  0.00,  270514521,  264463000,    6010000,  282950442, python, iotlab1, mult, 15
1216158     ,  6.90,  3.57,  3.48,  0.16,  0.00,  272383120,  266245000,    6005000,  284751396, python, iotlab1, mult, 15
12247592    , 17.34,  8.57,  8.35,  0.42,  0.00,  687047523,  601806000,   84972000,  699501260, python, iotlab1, mult, 15
12247592    , 16.78,  8.21,  8.00,  0.41,  0.00,  661640122,  576238000,   84887000,  674085748, python, iotlab1, mult, 15
12247592    , 17.08,  8.33,  8.12,  0.42,  0.00,  674269154,  580189000,   94030000,  686586367, python, iotlab1, mult, 15
12247592    , 16.58,  8.14,  7.93,  0.41,  0.00,  651705726,  571718000,   79960000,  664144395, python, iotlab1, mult, 15
12247592    , 16.28,  8.41,  8.20,  0.41,  0.00,  662380399,  567288000,   95048000,  674977000, python, iotlab1, mult, 15
12247592    , 16.97,  8.38,  8.17,  0.41,  0.00,  667885901,  579809000,   87971000,  680316578, python, iotlab1, mult, 15
12247592    , 16.35,  8.40,  8.20,  0.41,  0.00,  663580123,  586503000,   77066000,  675946550, python, iotlab1, mult, 15
12247592    , 16.81,  8.62,  8.40,  0.42,  0.00,  678101644,  598054000,   80007000,  690626235, python, iotlab1, mult, 15
12247592    , 17.17,  8.41,  8.20,  0.42,  0.00,  677007902,  591869000,   85125000,  689390051, python, iotlab1, mult, 15
12247592    , 17.07,  8.33,  8.13,  0.41,  0.00,  670033015,  585012000,   85001000,  682471299, python, iotlab1, mult, 15
12527380    ,  5.01,  2.50,  2.43,  0.12,  0.00,  193653341,  185363000,    8015000,  206676079, python, iotlab1, mult, 15
12527380    ,  5.05,  2.50,  2.43,  0.12,  0.00,  194521706,  188467000,    6014000,  207034920, python, iotlab1, mult, 15
12527380    ,  4.97,  2.48,  2.42,  0.12,  0.00,  194180165,  185161000,    9007000,  206563291, python, iotlab1, mult, 15
12527380    ,  5.05,  2.48,  2.42,  0.12,  0.00,  193927777,  185858000,    8037000,  206321486, python, iotlab1, mult, 15
12527380    ,  5.06,  2.49,  2.42,  0.12,  0.00,  193691502,  183557000,    9975000,  206021400, python, iotlab1, mult, 15
12527380    ,  4.99,  2.48,  2.43,  0.12,  0.00,  192655855,  179589000,   13042000,  205159668, python, iotlab1, mult, 15
12527380    ,  5.12,  2.53,  2.47,  0.12,  0.00,  196001943,  187978000,    7999000,  208526752, python, iotlab1, mult, 15
12527380    ,  5.06,  2.46,  2.40,  0.12,  0.00,  193449682,  182342000,   10960000,  205988642, python, iotlab1, mult, 15
12527380    ,  4.94,  2.45,  2.40,  0.12,  0.00,  192477567,  183420000,    9020000,  205065554, python, iotlab1, mult, 15
12527380    ,  5.11,  2.48,  2.41,  0.12,  0.00,  193698185,  185632000,    7984000,  206225068, python, iotlab1, mult, 15
12532752    , 12.51,  5.95,  5.81,  0.27,  0.00,  484364122,  424099000,   60014000,  496966275, python, iotlab1, mult, 15
12532752    , 12.20,  6.17,  6.03,  0.27,  0.00,  488137445,  431051000,   57006000,  500574958, python, iotlab1, mult, 15
12532752    , 12.55,  6.29,  6.13,  0.28,  0.00,  500626086,  457627000,   42965000,  513116662, python, iotlab1, mult, 15
12532752    , 12.19,  6.14,  5.99,  0.27,  0.00,  488763030,  433765000,   54970000,  501369670, python, iotlab1, mult, 15
12532752    , 11.98,  6.09,  5.94,  0.27,  0.00,  477657504,  427560000,   50065000,  490087177, python, iotlab1, mult, 15
12532752    , 12.18,  6.08,  5.93,  0.27,  0.00,  484027362,  428121000,   55885000,  496506246, python, iotlab1, mult, 15
12532752    , 12.04,  6.08,  5.94,  0.27,  0.00,  478077489,  418193000,   59884000,  490485175, python, iotlab1, mult, 15
12532752    , 12.45,  6.03,  5.89,  0.27,  0.00,  482902921,  426764000,   56100000,  495387279, python, iotlab1, mult, 15
12532752    , 12.02,  6.08,  5.92,  0.27,  0.00,  478250314,  430087000,   48009000,  490849844, python, iotlab1, mult, 15
12532752    , 12.11,  6.14,  6.00,  0.27,  0.00,  483421376,  430328000,   53040000,  495786833, python, iotlab1, mult, 15
12659931    ,  8.18,  3.96,  3.86,  0.21,  0.00,  305546034,  287989000,   16999000,  318023987, python, iotlab1, mult, 15
12659931    ,  8.09,  3.90,  3.81,  0.20,  0.00,  303852948,  286925000,   16936000,  316289040, python, iotlab1, mult, 15
12659931    ,  8.07,  3.90,  3.80,  0.20,  0.00,  302851452,  276673000,   26063000,  315339839, python, iotlab1, mult, 15
12659931    ,  7.99,  3.85,  3.75,  0.20,  0.00,  299325868,  278235000,   20942000,  311814004, python, iotlab1, mult, 15
12659931    ,  8.01,  3.86,  3.76,  0.20,  0.00,  298725908,  274721000,   23975000,  311264396, python, iotlab1, mult, 15
12659931    ,  8.12,  3.89,  3.80,  0.20,  0.00,  304910972,  287784000,   16987000,  317436726, python, iotlab1, mult, 15
12659931    ,  7.92,  3.82,  3.72,  0.20,  0.00,  295329531,  274344000,   20949000,  307703669, python, iotlab1, mult, 15
12659931    ,  8.03,  3.86,  3.77,  0.20,  0.00,  301672548,  285597000,   15977000,  314123157, python, iotlab1, mult, 15
12659931    ,  7.77,  3.74,  3.65,  0.20,  0.00,  292057574,  273914000,   17994000,  304482376, python, iotlab1, mult, 15
12659931    ,  8.25,  3.93,  3.75,  0.20,  0.00,  300945932,  282910000,   17994000,  313322061, python, iotlab1, mult, 15
12664291    , 11.49,  5.86,  5.71,  0.26,  0.00,  463524978,  418223000,   45024000,  475926424, python, iotlab1, mult, 15
12664291    , 12.94,  6.53,  6.38,  0.29,  0.00,  486771285,  421779000,   64966000,  499273735, python, iotlab1, mult, 15
12664291    , 11.74,  5.73,  5.58,  0.25,  0.00,  457319494,  404314000,   52910000,  469698867, python, iotlab1, mult, 15
12664291    , 11.74,  5.58,  5.45,  0.25,  0.00,  449469998,  390445000,   58916000,  461883672, python, iotlab1, mult, 15
12664291    , 13.16,  6.61,  6.46,  0.29,  0.00,  487108497,  430995000,   55999000,  499589446, python, iotlab1, mult, 15
12664291    , 11.50,  5.88,  5.74,  0.26,  0.00,  462285885,  406080000,   56011000,  474735535, python, iotlab1, mult, 15
12664291    , 12.00,  5.77,  5.62,  0.26,  0.00,  464825843,  399830000,   64972000,  477300297, python, iotlab1, mult, 15
12664291    , 11.36,  5.76,  5.61,  0.25,  0.00,  454168867,  408131000,   46014000,  466685349, python, iotlab1, mult, 15
12664291    , 11.55,  5.81,  5.67,  0.25,  0.00,  459422328,  412342000,   47039000,  471818180, python, iotlab1, mult, 15
12664291    , 11.72,  5.80,  5.66,  0.26,  0.00,  463622075,  397421000,   66070000,  476150509, python, iotlab1, mult, 15
12689839    ,  8.30,  3.96,  3.86,  0.23,  0.00,  309449141,  291142000,   18008000,  321754422, python, iotlab1, mult, 15
12689839    ,  8.39,  4.04,  3.94,  0.23,  0.00,  314145250,  282104000,   32011000,  326596348, python, iotlab1, mult, 15
12689839    ,  8.31,  4.05,  3.94,  0.23,  0.00,  314348394,  290282000,   24023000,  326869514, python, iotlab1, mult, 15
12689839    ,  8.16,  3.91,  3.81,  0.23,  0.00,  305528063,  276560000,   28953000,  318053237, python, iotlab1, mult, 15
12689839    ,  8.40,  4.01,  3.90,  0.23,  0.00,  313289687,  295178000,   18010000,  325856181, python, iotlab1, mult, 15
12689839    ,  8.35,  4.03,  3.92,  0.23,  0.00,  315569187,  288395000,   27037000,  327926980, python, iotlab1, mult, 15
12689839    ,  8.42,  4.02,  3.93,  0.23,  0.00,  313263348,  292238000,   21017000,  325656907, python, iotlab1, mult, 15
12689839    ,  8.61,  4.08,  3.97,  0.23,  0.00,  317612700,  297614000,   19974000,  330191702, python, iotlab1, mult, 15
12689839    ,  8.19,  3.89,  3.79,  0.23,  0.00,  307026391,  289989000,   16999000,  319424359, python, iotlab1, mult, 15
12689839    ,  8.54,  4.16,  4.07,  0.24,  0.00,  324578527,  300581000,   23966000,  337048575, python, iotlab1, mult, 15
12759554    , 12.57,  6.33,  6.17,  0.28,  0.00,  501222098,  445989000,   54998000,  513670953, python, iotlab1, mult, 15
12759554    , 12.65,  6.35,  6.20,  0.28,  0.00,  501952313,  447824000,   54099000,  514405114, python, iotlab1, mult, 15
12759554    , 12.73,  6.28,  6.13,  0.28,  0.00,  500643425,  451628000,   48959000,  513078244, python, iotlab1, mult, 15
12759554    , 12.56,  6.29,  6.14,  0.27,  0.00,  497214124,  443182000,   54022000,  509592906, python, iotlab1, mult, 15
12759554    , 12.57,  6.31,  6.17,  0.28,  0.00,  500461009,  453439000,   46941000,  512995672, python, iotlab1, mult, 15
12759554    , 13.20,  6.26,  6.10,  0.28,  0.00,  506184260,  453124000,   53014000,  518526414, python, iotlab1, mult, 15
12759554    , 12.67,  6.22,  6.07,  0.27,  0.00,  495841199,  445807000,   49978000,  508429933, python, iotlab1, mult, 15
12759554    , 12.42,  6.22,  6.07,  0.28,  0.00,  496224338,  434058000,   62008000,  508779155, python, iotlab1, mult, 15
12759554    , 12.60,  6.18,  6.03,  0.27,  0.00,  494394921,  441368000,   52924000,  506775743, python, iotlab1, mult, 15
12759554    , 12.66,  6.28,  6.12,  0.28,  0.00,  497345527,  435173000,   62024000,  509903522, python, iotlab1, mult, 15
1282020     , 10.61,  5.43,  5.30,  0.24,  0.00,  435259560,  367056000,   68010000,  447696749, python, iotlab1, mult, 15
1282020     , 10.46,  5.38,  5.25,  0.24,  0.00,  430268205,  375181000,   55026000,  442701359, python, iotlab1, mult, 15
1282020     , 10.73,  5.50,  5.36,  0.25,  0.00,  440396296,  371304000,   69056000,  452782266, python, iotlab1, mult, 15
1282020     , 10.66,  5.49,  5.35,  0.25,  0.00,  434879053,  372850000,   61975000,  447315052, python, iotlab1, mult, 15
1282020     , 11.00,  5.40,  5.26,  0.24,  0.00,  435452526,  385259000,   50033000,  447902493, python, iotlab1, mult, 15
1282020     , 10.54,  5.42,  5.28,  0.24,  0.00,  429285490,  375194000,   54027000,  441787960, python, iotlab1, mult, 15
1282020     , 10.71,  5.51,  5.39,  0.25,  0.00,  437428797,  387432000,   49926000,  449866572, python, iotlab1, mult, 15
1282020     , 10.58,  5.41,  5.28,  0.24,  0.00,  432768955,  385781000,   46973000,  445162348, python, iotlab1, mult, 15
1282020     , 10.46,  5.39,  5.27,  0.24,  0.00,  427497240,  357386000,   70075000,  440020869, python, iotlab1, mult, 15
1282020     , 10.77,  5.26,  5.14,  0.24,  0.00,  427574062,  376157000,   50885000,  440115723, python, iotlab1, mult, 15
12862625    ,  9.60,  4.68,  4.56,  0.25,  0.00,  361757967,  335505000,   25961000,  374090077, python, iotlab1, mult, 15
12862625    ,  9.98,  4.78,  4.66,  0.25,  0.00,  371575080,  343589000,   27966000,  383941202, python, iotlab1, mult, 15
12862625    ,  9.57,  4.65,  4.52,  0.24,  0.00,  359246770,  333160000,   26012000,  371539421, python, iotlab1, mult, 15
12862625    ,  9.53,  4.61,  4.50,  0.24,  0.00,  357011916,  329962000,   26915000,  369578954, python, iotlab1, mult, 15
12862625    ,  9.98,  4.83,  4.71,  0.25,  0.00,  372982154,  351497000,   20970000,  385354097, python, iotlab1, mult, 15
12862625    ,  9.67,  4.64,  4.51,  0.25,  0.00,  361268381,  329206000,   32020000,  373705585, python, iotlab1, mult, 15
12862625    ,  9.67,  4.69,  4.57,  0.25,  0.00,  364245900,  336994000,   26999000,  376769818, python, iotlab1, mult, 15
12862625    ,  9.83,  4.71,  4.60,  0.25,  0.00,  366397510,  334338000,   31936000,  378901991, python, iotlab1, mult, 15
12862625    ,  9.86,  4.75,  4.64,  0.25,  0.00,  368887301,  349883000,   18993000,  381391216, python, iotlab1, mult, 15
12862625    ,  9.75,  4.72,  4.60,  0.25,  0.00,  366107289,  337903000,   27992000,  378576917, python, iotlab1, mult, 15
1286534     , 11.21,  5.45,  5.31,  0.25,  0.00,  442021002,  384800000,   56970000,  455054228, python, iotlab1, mult, 15
1286534     , 11.14,  5.72,  5.56,  0.25,  0.00,  450293308,  383224000,   67039000,  462698890, python, iotlab1, mult, 15
1286534     , 11.32,  5.70,  5.56,  0.25,  0.00,  453195601,  392117000,   61018000,  465657488, python, iotlab1, mult, 15
1286534     , 11.19,  5.62,  5.47,  0.25,  0.00,  446098762,  390951000,   54993000,  458717468, python, iotlab1, mult, 15
1286534     , 11.23,  5.67,  5.53,  0.25,  0.00,  451575790,  398361000,   53048000,  464158505, python, iotlab1, mult, 15
1286534     , 11.13,  5.64,  5.48,  0.25,  0.00,  447005741,  387899000,   58984000,  459348075, python, iotlab1, mult, 15
1286534     , 11.10,  5.67,  5.54,  0.25,  0.00,  450513096,  398485000,   51933000,  462966719, python, iotlab1, mult, 15
1286534     , 11.24,  5.72,  5.57,  0.25,  0.00,  453131156,  401088000,   52011000,  465694839, python, iotlab1, mult, 15
1286534     , 11.29,  5.78,  5.56,  0.25,  0.00,  449863510,  400850000,   48981000,  462386752, python, iotlab1, mult, 15
1286534     , 11.47,  5.60,  5.44,  0.25,  0.00,  449456032,  396497000,   52932000,  461858299, python, iotlab1, mult, 15
1286654     , 16.06,  7.70,  7.50,  0.41,  0.00,  618947703,  552639000,   66076000,  631390026, python, iotlab1, mult, 15
1286654     , 15.68,  7.84,  7.64,  0.41,  0.00,  619775131,  560675000,   59071000,  632258655, python, iotlab1, mult, 15
1286654     , 16.08,  7.60,  7.41,  0.40,  0.00,  615594225,  558591000,   56958000,  628004359, python, iotlab1, mult, 15
1286654     , 15.96,  7.89,  7.69,  0.41,  0.00,  625432623,  566363000,   59037000,  637902807, python, iotlab1, mult, 15
1286654     , 16.07,  7.84,  7.64,  0.41,  0.00,  624040092,  559937000,   63992000,  636437353, python, iotlab1, mult, 15
1286654     , 15.82,  7.75,  7.55,  0.40,  0.00,  613941444,  550913000,   62990000,  626546846, python, iotlab1, mult, 15
1286654     , 16.02,  7.71,  7.51,  0.40,  0.00,  616572812,  557535000,   58950000,  628938084, python, iotlab1, mult, 15
1286654     , 15.71,  7.57,  7.37,  0.40,  0.00,  606359578,  557379000,   48945000,  618760328, python, iotlab1, mult, 15
1286654     , 15.78,  7.71,  7.53,  0.40,  0.00,  614669373,  546665000,   67958000,  627009973, python, iotlab1, mult, 15
1286654     , 16.23,  7.74,  7.54,  0.41,  0.00,  613857466,  556763000,   57078000,  626334193, python, iotlab1, mult, 15
1295959     , 12.13,  5.86,  5.71,  0.27,  0.00,  454982053,  394313000,   59895000,  467368602, python, iotlab1, mult, 15
1295959     , 11.41,  5.58,  5.44,  0.25,  0.00,  449769908,  389773000,   59965000,  462122352, python, iotlab1, mult, 15
1295959     , 11.21,  5.79,  5.65,  0.25,  0.00,  454958280,  386940000,   67989000,  467347337, python, iotlab1, mult, 15
1295959     , 11.23,  5.53,  5.39,  0.25,  0.00,  443848979,  396745000,   47088000,  456394725, python, iotlab1, mult, 15
1295959     , 11.00,  5.73,  5.60,  0.25,  0.00,  448133371,  403101000,   45011000,  460964020, python, iotlab1, mult, 15
1295959     , 11.18,  5.62,  5.48,  0.25,  0.00,  445672225,  393562000,   52074000,  458084421, python, iotlab1, mult, 15
1295959     , 11.28,  5.67,  5.53,  0.25,  0.00,  451020888,  397893000,   52985000,  463596305, python, iotlab1, mult, 15
1295959     , 11.06,  5.68,  5.55,  0.25,  0.00,  450274767,  402168000,   48020000,  462832673, python, iotlab1, mult, 15
1295959     , 11.63,  5.65,  5.52,  0.25,  0.00,  451176608,  408110000,   43011000,  463593847, python, iotlab1, mult, 15
1295959     , 11.27,  5.60,  5.47,  0.25,  0.00,  445171432,  384962000,   59994000,  457665536, python, iotlab1, mult, 15
13002372    , 29.64, 15.23, 14.86,  0.73,  0.00, 1202823276, 1135119000,   50005000, 1215476893, python, iotlab1, mult, 15
13002372    , 28.93, 14.99, 14.63,  0.71,  0.00, 1171006640, 1112803000,   58041000, 1183496482, python, iotlab1, mult, 15
13002372    , 29.09, 15.15, 14.79,  0.71,  0.00, 1175097784, 1107051000,   68003000, 1187539602, python, iotlab1, mult, 15
13002372    , 29.61, 15.19, 14.82,  0.72,  0.00, 1189527323, 1142542000,   46981000, 1202160058, python, iotlab1, mult, 15
13002372    , 29.52, 15.08, 14.72,  0.71,  0.00, 1177655255, 1121639000,   55981000, 1190164136, python, iotlab1, mult, 15
13002372    , 29.50, 15.26, 14.89,  0.72,  0.00, 1190573382, 1126525000,   63973000, 1203071671, python, iotlab1, mult, 15
13002372    , 29.60, 15.22, 14.86,  0.72,  0.00, 1181506470, 1123265000,   58013000, 1193986725, python, iotlab1, mult, 15
13002372    , 30.08, 15.32, 14.95,  0.72,  0.00, 1198819904, 1141343000,   56967000, 1211180345, python, iotlab1, mult, 15
13002372    , 30.04, 15.37, 15.01,  0.72,  0.00, 1196979972, 1144799000,   51990000, 1209430526, python, iotlab1, mult, 15
13002372    , 29.49, 15.32, 14.96,  0.72,  0.00, 1193410998, 1133353000,   60018000, 1205973716, python, iotlab1, mult, 15
13012225    ,  8.73,  4.25,  4.14,  0.29,  0.00,  332929624,  296731000,   35967000,  345412594, python, iotlab1, mult, 15
13012225    ,  8.69,  4.22,  4.12,  0.28,  0.00,  330670245,  288564000,   42082000,  343127600, python, iotlab1, mult, 15
13012225    ,  8.68,  4.21,  4.10,  0.29,  0.00,  330802831,  295801000,   34976000,  343259649, python, iotlab1, mult, 15
13012225    ,  8.66,  4.21,  4.10,  0.28,  0.00,  329297784,  301243000,   28022000,  341713156, python, iotlab1, mult, 15
13012225    ,  8.73,  4.23,  4.12,  0.28,  0.00,  332383420,  295184000,   37023000,  345220401, python, iotlab1, mult, 15
13012225    ,  8.78,  4.26,  4.15,  0.29,  0.00,  334702197,  287556000,   47091000,  347167963, python, iotlab1, mult, 15
13012225    ,  8.69,  4.19,  4.06,  0.28,  0.00,  329040322,  284009000,   45001000,  341418265, python, iotlab1, mult, 15
13012225    ,  8.94,  4.33,  4.21,  0.29,  0.00,  338576666,  295593000,   42940000,  351039864, python, iotlab1, mult, 15
13012225    ,  8.89,  4.30,  4.17,  0.29,  0.00,  337045805,  298006000,   39000000,  349534446, python, iotlab1, mult, 15
13012225    ,  8.70,  4.23,  4.12,  0.28,  0.00,  332293492,  288387000,   43906000,  344790455, python, iotlab1, mult, 15
13022334    , 11.65,  5.48,  5.35,  0.25,  0.00,  449294118,  396038000,   53005000,  461896293, python, iotlab1, mult, 15
13022334    , 11.30,  5.61,  5.47,  0.25,  0.00,  446074883,  398042000,   48005000,  458516280, python, iotlab1, mult, 15
13022334    , 11.33,  5.63,  5.50,  0.25,  0.00,  447501627,  395564000,   51942000,  459892514, python, iotlab1, mult, 15
13022334    , 11.36,  5.70,  5.57,  0.25,  0.00,  453375122,  399302000,   54040000,  465739881, python, iotlab1, mult, 15
13022334    , 11.57,  5.76,  5.61,  0.26,  0.00,  457444422,  411258000,   46028000,  469866637, python, iotlab1, mult, 15
13022334    , 11.21,  5.52,  5.38,  0.25,  0.00,  442125033,  386084000,   56012000,  454599095, python, iotlab1, mult, 15
13022334    , 11.35,  5.47,  5.33,  0.25,  0.00,  441653270,  385672000,   55952000,  454004444, python, iotlab1, mult, 15
13022334    , 11.27,  5.58,  5.44,  0.25,  0.00,  445016621,  381985000,   62997000,  457465963, python, iotlab1, mult, 15
13022334    , 11.40,  5.52,  5.38,  0.25,  0.00,  444500894,  395256000,   49031000,  456954097, python, iotlab1, mult, 15
13022334    , 11.52,  5.60,  5.46,  0.25,  0.00,  450958523,  385813000,   65137000,  463312991, python, iotlab1, mult, 15
13161876    ,  7.77,  3.76,  3.67,  0.20,  0.00,  291066864,  272819000,   17988000,  303514762, python, iotlab1, mult, 15
13161876    ,  7.74,  3.74,  3.66,  0.20,  0.00,  289253374,  272210000,   17013000,  301797060, python, iotlab1, mult, 15
13161876    ,  7.69,  3.75,  3.66,  0.20,  0.00,  289411956,  263339000,   26033000,  301993331, python, iotlab1, mult, 15
13161876    ,  7.69,  3.71,  3.62,  0.20,  0.00,  286054693,  264017000,   22001000,  298838026, python, iotlab1, mult, 15
13161876    ,  7.97,  3.83,  3.73,  0.20,  0.00,  296361811,  280364000,   15963000,  308847750, python, iotlab1, mult, 15
13161876    ,  8.72,  4.36,  4.27,  0.23,  0.00,  312364841,  283739000,   27876000,  324825633, python, iotlab1, mult, 15
13161876    ,  7.72,  3.71,  3.61,  0.20,  0.00,  289495841,  274473000,   14971000,  302091721, python, iotlab1, mult, 15
13161876    ,  7.73,  3.72,  3.62,  0.20,  0.00,  289595064,  262604000,   26959000,  302234816, python, iotlab1, mult, 15
13161876    ,  8.00,  3.86,  3.76,  0.20,  0.00,  298596774,  283535000,   15028000,  311039377, python, iotlab1, mult, 15
13161876    ,  7.60,  3.67,  3.58,  0.19,  0.00,  283964087,  264805000,   18986000,  296440958, python, iotlab1, mult, 15
13283082    , 10.00,  4.97,  4.86,  0.25,  0.00,  357473185,  327006000,   30000000,  369994564, python, iotlab1, mult, 15
13283082    ,  8.71,  4.22,  4.13,  0.21,  0.00,  329492865,  305885000,   22991000,  341870884, python, iotlab1, mult, 15
13283082    ,  8.69,  4.23,  4.13,  0.21,  0.00,  326957926,  299891000,   26990000,  339265047, python, iotlab1, mult, 15
13283082    ,  9.15,  4.43,  4.32,  0.21,  0.00,  341497708,  318503000,   22964000,  353701053, python, iotlab1, mult, 15
13283082    ,  8.76,  4.26,  4.15,  0.21,  0.00,  330101592,  310076000,   20004000,  342582216, python, iotlab1, mult, 15
13283082    ,  8.80,  4.32,  4.21,  0.21,  0.00,  334260019,  308192000,   25932000,  346727816, python, iotlab1, mult, 15
13283082    ,  8.73,  4.29,  4.19,  0.21,  0.00,  332239720,  307079000,   25006000,  344784341, python, iotlab1, mult, 15
13283082    ,  8.71,  4.26,  4.15,  0.21,  0.00,  328041601,  304027000,   24002000,  340551897, python, iotlab1, mult, 15
13283082    ,  8.74,  4.27,  4.17,  0.21,  0.00,  330608530,  307535000,   23040000,  343081661, python, iotlab1, mult, 15
13283082    ,  8.98,  4.37,  4.21,  0.21,  0.00,  333099196,  306008000,   27000000,  345609768, python, iotlab1, mult, 15
13393752    , 12.81,  6.08,  5.93,  0.27,  0.00,  494025486,  432731000,   60962000,  506482317, python, iotlab1, mult, 15
13393752    , 12.76,  6.33,  6.17,  0.28,  0.00,  502234526,  456222000,   45921000,  514718759, python, iotlab1, mult, 15
13393752    , 12.78,  6.35,  6.19,  0.28,  0.00,  500869255,  443775000,   56971000,  513460832, python, iotlab1, mult, 15
13393752    , 12.58,  6.34,  6.19,  0.28,  0.00,  500500944,  448549000,   51947000,  512877061, python, iotlab1, mult, 15
13393752    , 12.63,  6.20,  6.05,  0.27,  0.00,  495314573,  442262000,   53031000,  507803559, python, iotlab1, mult, 15
13393752    , 12.90,  6.08,  5.92,  0.27,  0.00,  491446844,  436012000,   54875000,  503868795, python, iotlab1, mult, 15
13393752    , 13.03,  6.17,  6.01,  0.28,  0.00,  500100987,  445070000,   55008000,  512778263, python, iotlab1, mult, 15
13393752    , 12.60,  6.15,  6.00,  0.27,  0.00,  491310777,  434186000,   57024000,  503650646, python, iotlab1, mult, 15
13393752    , 12.82,  6.25,  6.10,  0.28,  0.00,  500704499,  447691000,   52963000,  513049218, python, iotlab1, mult, 15
13393752    , 12.84,  6.19,  6.03,  0.28,  0.00,  495934575,  436928000,   58990000,  508444056, python, iotlab1, mult, 15
1346514     , 12.20,  5.98,  5.83,  0.29,  0.00,  478895546,  415548000,   63083000,  491866908, python, iotlab1, mult, 15
1346514     , 11.78,  6.05,  5.91,  0.28,  0.00,  475226635,  395168000,   80034000,  487778686, python, iotlab1, mult, 15
1346514     , 11.95,  5.94,  5.80,  0.28,  0.00,  471327485,  395249000,   76048000,  483816166, python, iotlab1, mult, 15
1346514     , 12.23,  5.83,  5.69,  0.28,  0.00,  473778775,  405789000,   67964000,  486405479, python, iotlab1, mult, 15
1346514     , 11.90,  6.01,  5.86,  0.28,  0.00,  474828146,  412826000,   61973000,  487162820, python, iotlab1, mult, 15
1346514     , 12.07,  5.90,  5.76,  0.28,  0.00,  471246550,  389382000,   81870000,  483815344, python, iotlab1, mult, 15
1346514     , 12.02,  5.95,  5.80,  0.28,  0.00,  473205273,  403151000,   70026000,  485636975, python, iotlab1, mult, 15
1346514     , 12.09,  5.76,  5.61,  0.28,  0.00,  465329565,  400174000,   65028000,  477795259, python, iotlab1, mult, 15
1346514     , 12.31,  5.85,  5.70,  0.28,  0.00,  474765931,  412759000,   61963000,  487195826, python, iotlab1, mult, 15
1346514     , 12.02,  5.96,  5.82,  0.28,  0.00,  475150465,  396271000,   78855000,  487650115, python, iotlab1, mult, 15
13772941    , 11.86,  5.76,  5.62,  0.26,  0.00,  465085000,  393431000,   70897000,  477415821, python, iotlab1, mult, 15
13772941    , 11.95,  5.79,  5.64,  0.26,  0.00,  465487740,  406450000,   58920000,  477972214, python, iotlab1, mult, 15
13772941    , 11.46,  5.87,  5.72,  0.26,  0.00,  465330295,  402152000,   63023000,  477717217, python, iotlab1, mult, 15
13772941    , 11.23,  5.77,  5.64,  0.26,  0.00,  455450264,  408344000,   47039000,  467836332, python, iotlab1, mult, 15
13772941    , 11.59,  5.89,  5.75,  0.26,  0.00,  465974367,  405952000,   59992000,  478232335, python, iotlab1, mult, 15
13772941    , 11.39,  5.81,  5.67,  0.26,  0.00,  460118765,  416022000,   44002000,  472494012, python, iotlab1, mult, 15
13772941    , 11.47,  5.92,  5.78,  0.26,  0.00,  464356105,  403329000,   60898000,  476803200, python, iotlab1, mult, 15
13772941    , 11.85,  5.73,  5.58,  0.26,  0.00,  463570105,  407587000,   55943000,  475964028, python, iotlab1, mult, 15
13772941    , 11.88,  5.75,  5.61,  0.26,  0.00,  466101346,  394517000,   70913000,  478807995, python, iotlab1, mult, 15
13772941    , 11.59,  5.62,  5.47,  0.26,  0.00,  452308138,  390249000,   62039000,  464857638, python, iotlab1, mult, 15
13834280    ,  7.76,  3.73,  3.63,  0.19,  0.00,  287830286,  273603000,   13979000,  300641819, python, iotlab1, mult, 15
13834280    ,  7.75,  3.75,  3.66,  0.19,  0.00,  289039628,  273026000,   16001000,  301415211, python, iotlab1, mult, 15
13834280    ,  7.66,  3.73,  3.63,  0.19,  0.00,  287790160,  275761000,   11989000,  300249926, python, iotlab1, mult, 15
13834280    ,  7.73,  3.70,  3.61,  0.19,  0.00,  287223988,  268635000,   17975000,  299703270, python, iotlab1, mult, 15
13834280    ,  7.64,  3.68,  3.58,  0.19,  0.00,  284005324,  263977000,   19998000,  296393680, python, iotlab1, mult, 15
13834280    ,  7.90,  3.82,  3.73,  0.20,  0.00,  293405853,  272432000,   20956000,  305893531, python, iotlab1, mult, 15
13834280    ,  7.67,  3.72,  3.63,  0.19,  0.00,  285766233,  263779000,   21981000,  298354996, python, iotlab1, mult, 15
13834280    ,  7.70,  3.75,  3.65,  0.19,  0.00,  287945941,  269882000,   17925000,  300279948, python, iotlab1, mult, 15
13834280    ,  7.76,  3.76,  3.68,  0.19,  0.00,  289808250,  275871000,   13942000,  302196335, python, iotlab1, mult, 15
13834280    ,  7.62,  3.72,  3.63,  0.19,  0.00,  283293204,  258336000,   24935000,  295739742, python, iotlab1, mult, 15
14026675    ,  8.06,  3.93,  3.81,  0.23,  0.00,  299523491,  279331000,   20023000,  311857044, python, iotlab1, mult, 15
14026675    ,  8.17,  3.99,  3.89,  0.23,  0.00,  305929946,  283707000,   21977000,  318415316, python, iotlab1, mult, 15
14026675    ,  8.06,  3.93,  3.82,  0.23,  0.00,  300827024,  275808000,   24982000,  313215040, python, iotlab1, mult, 15
14026675    ,  7.95,  3.88,  3.78,  0.23,  0.00,  299386914,  266414000,   32927000,  311631714, python, iotlab1, mult, 15
14026675    ,  8.16,  4.00,  3.90,  0.24,  0.00,  309076220,  279024000,   30002000,  321478223, python, iotlab1, mult, 15
14026675    ,  7.98,  3.90,  3.79,  0.23,  0.00,  300299402,  272820000,   26982000,  312716275, python, iotlab1, mult, 15
14026675    ,  7.99,  3.88,  3.78,  0.23,  0.00,  298804005,  274790000,   23981000,  311305842, python, iotlab1, mult, 15
14026675    ,  8.19,  4.00,  3.90,  0.24,  0.00,  307796285,  280802000,   26980000,  320247555, python, iotlab1, mult, 15
14026675    ,  7.93,  3.85,  3.76,  0.23,  0.00,  298952272,  268766000,   29973000,  311381525, python, iotlab1, mult, 15
14026675    ,  8.06,  3.94,  3.85,  0.23,  0.00,  303259797,  282131000,   21009000,  315728861, python, iotlab1, mult, 15
1407667     , 12.08,  5.88,  5.72,  0.34,  0.00,  470848101,  397313000,   72874000,  483306322, python, iotlab1, mult, 15
1407667     , 12.02,  6.09,  5.92,  0.35,  0.00,  480295760,  413373000,   66898000,  492597255, python, iotlab1, mult, 15
1407667     , 11.79,  5.91,  5.75,  0.34,  0.00,  470105388,  386062000,   84013000,  482419191, python, iotlab1, mult, 15
1407667     , 11.73,  5.85,  5.68,  0.34,  0.00,  462300237,  392307000,   69876000,  474892434, python, iotlab1, mult, 15
1407667     , 11.73,  5.90,  5.74,  0.34,  0.00,  468107649,  403065000,   65010000,  480624747, python, iotlab1, mult, 15
1407667     , 11.63,  5.93,  5.78,  0.34,  0.00,  468348451,  401258000,   67043000,  480842857, python, iotlab1, mult, 15
1407667     , 12.00,  5.82,  5.66,  0.34,  0.00,  466576439,  402608000,   63937000,  479025689, python, iotlab1, mult, 15
1407667     , 11.65,  5.98,  5.82,  0.34,  0.00,  467520218,  395572000,   71922000,  480196289, python, iotlab1, mult, 15
1407667     , 11.70,  5.98,  5.83,  0.34,  0.00,  470381628,  411322000,   59046000,  482892787, python, iotlab1, mult, 15
1407667     , 11.67,  5.98,  5.83,  0.34,  0.00,  466990596,  406882000,   59982000,  479647752, python, iotlab1, mult, 15
1407678     , 11.63,  5.96,  5.80,  0.34,  0.00,  465195075,  395962000,   68993000,  477572449, python, iotlab1, mult, 15
1407678     , 11.90,  5.75,  5.59,  0.34,  0.00,  461643370,  396448000,   65073000,  474056592, python, iotlab1, mult, 15
1407678     , 11.69,  5.81,  5.65,  0.34,  0.00,  462191038,  407035000,   55004000,  474619858, python, iotlab1, mult, 15
1407678     , 11.86,  5.65,  5.50,  0.34,  0.00,  458003115,  385962000,   71992000,  470536364, python, iotlab1, mult, 15
1407678     , 11.67,  5.83,  5.68,  0.34,  0.00,  462249285,  400322000,   61895000,  474650968, python, iotlab1, mult, 15
1407678     , 11.69,  5.87,  5.72,  0.34,  0.00,  463974355,  391939000,   71988000,  476403608, python, iotlab1, mult, 15
1407678     , 11.49,  5.80,  5.65,  0.34,  0.00,  458224173,  381222000,   76843000,  470678720, python, iotlab1, mult, 15
1407678     , 11.94,  5.76,  5.60,  0.34,  0.00,  464694332,  405501000,   59073000,  477172040, python, iotlab1, mult, 15
1407678     , 12.03,  5.79,  5.64,  0.34,  0.00,  468074627,  391025000,   77004000,  480679720, python, iotlab1, mult, 15
1407678     , 12.03,  5.82,  5.66,  0.34,  0.00,  468643739,  399623000,   68934000,  481108702, python, iotlab1, mult, 15
14200489    ,  4.56,  2.28,  2.22,  0.11,  0.00,  175255498,  166559000,    7978000,  187926646, python, iotlab1, mult, 15
14200489    ,  4.50,  2.23,  2.17,  0.11,  0.00,  176343402,  169287000,    7011000,  188849357, python, iotlab1, mult, 15
14200489    ,  4.52,  2.25,  2.20,  0.11,  0.00,  173739251,  163648000,    9978000,  186104743, python, iotlab1, mult, 15
14200489    ,  4.55,  2.26,  2.21,  0.11,  0.00,  175149317,  168136000,    7005000,  187612205, python, iotlab1, mult, 15
14200489    ,  4.57,  2.26,  2.21,  0.11,  0.00,  178537338,  171487000,    7019000,  190976509, python, iotlab1, mult, 15
14200489    ,  4.52,  2.26,  2.21,  0.11,  0.00,  174240424,  162276000,   11946000,  186639689, python, iotlab1, mult, 15
14200489    ,  4.49,  2.24,  2.19,  0.11,  0.00,  175458225,  163465000,   11960000,  187815185, python, iotlab1, mult, 15
14200489    ,  4.55,  2.27,  2.21,  0.11,  0.00,  174649124,  164643000,    9978000,  187133519, python, iotlab1, mult, 15
14200489    ,  5.24,  2.62,  2.56,  0.12,  0.00,  187109929,  177104000,   10005000,  199398236, python, iotlab1, mult, 15
14200489    ,  4.67,  2.27,  2.21,  0.11,  0.00,  175235005,  166169000,    9009000,  187667952, python, iotlab1, mult, 15
14453073    ,  4.51,  2.20,  2.15,  0.13,  0.00,  173876909,  149680000,   23948000,  186281081, python, iotlab1, mult, 15
14453073    ,  4.45,  2.19,  2.14,  0.13,  0.00,  172444290,  149431000,   22912000,  184863030, python, iotlab1, mult, 15
14453073    ,  4.45,  2.18,  2.12,  0.13,  0.00,  171826588,  148814000,   22971000,  184354238, python, iotlab1, mult, 15
14453073    ,  4.47,  2.20,  2.15,  0.13,  0.00,  173560427,  156573000,   16953000,  186067096, python, iotlab1, mult, 15
14453073    ,  4.46,  2.19,  2.13,  0.13,  0.00,  172177423,  148155000,   24025000,  184546843, python, iotlab1, mult, 15
14453073    ,  4.49,  2.20,  2.14,  0.13,  0.00,  172750785,  152755000,   19968000,  185210065, python, iotlab1, mult, 15
14453073    ,  4.44,  2.19,  2.14,  0.13,  0.00,  173236767,  150267000,   22888000,  185516162, python, iotlab1, mult, 15
14453073    ,  4.54,  2.23,  2.17,  0.13,  0.00,  173833897,  150730000,   22958000,  186249254, python, iotlab1, mult, 15
14453073    ,  4.58,  2.24,  2.18,  0.13,  0.00,  174602110,  159095000,   14915000,  186967958, python, iotlab1, mult, 15
14453073    ,  4.53,  2.22,  2.16,  0.13,  0.00,  172622390,  146619000,   25932000,  185220250, python, iotlab1, mult, 15
14597045    , 11.68,  5.92,  5.77,  0.26,  0.00,  464587370,  416231000,   48026000,  477054381, python, iotlab1, mult, 15
14597045    , 11.58,  5.87,  5.72,  0.26,  0.00,  458768026,  399602000,   59089000,  471241972, python, iotlab1, mult, 15
14597045    , 12.10,  5.81,  5.67,  0.26,  0.00,  463536311,  405454000,   58065000,  476124043, python, iotlab1, mult, 15
14597045    , 12.19,  5.79,  5.66,  0.26,  0.00,  466451317,  399007000,   66833000,  478898549, python, iotlab1, mult, 15
14597045    , 12.08,  5.74,  5.60,  0.26,  0.00,  464212252,  422171000,   41917000,  476727639, python, iotlab1, mult, 15
14597045    , 12.27,  5.81,  5.66,  0.26,  0.00,  470637738,  426518000,   43950000,  483006583, python, iotlab1, mult, 15
14597045    , 12.46,  5.95,  5.80,  0.27,  0.00,  478876364,  418847000,   59978000,  491270338, python, iotlab1, mult, 15
14597045    , 12.04,  5.71,  5.57,  0.26,  0.00,  462156806,  404691000,   56956000,  474778936, python, iotlab1, mult, 15
14597045    , 12.14,  5.77,  5.62,  0.26,  0.00,  465438316,  407485000,   57926000,  477913361, python, iotlab1, mult, 15
14597045    , 12.14,  5.84,  5.70,  0.26,  0.00,  463721638,  406599000,   56943000,  476330804, python, iotlab1, mult, 15
14675790    ,  9.20,  4.51,  4.41,  0.23,  0.00,  341802831,  321564000,   19972000,  354230475, python, iotlab1, mult, 15
14675790    ,  9.27,  4.54,  4.44,  0.23,  0.00,  344455532,  325866000,   17992000,  356947553, python, iotlab1, mult, 15
14675790    ,  9.25,  4.51,  4.40,  0.23,  0.00,  340799600,  318703000,   22048000,  353284623, python, iotlab1, mult, 15
14675790    ,  9.57,  4.66,  4.56,  0.24,  0.00,  356697806,  333699000,   22979000,  369219970, python, iotlab1, mult, 15
14675790    ,  9.46,  4.64,  4.52,  0.23,  0.00,  352779938,  329715000,   23050000,  365085660, python, iotlab1, mult, 15
14675790    ,  9.42,  4.63,  4.52,  0.23,  0.00,  349860899,  332758000,   16987000,  362287594, python, iotlab1, mult, 15
14675790    ,  9.34,  4.60,  4.49,  0.23,  0.00,  347109892,  326086000,   21005000,  359433339, python, iotlab1, mult, 15
14675790    ,  9.15,  4.49,  4.39,  0.23,  0.00,  340101251,  328051000,   12001000,  352637285, python, iotlab1, mult, 15
14675790    ,  9.50,  4.66,  4.55,  0.23,  0.00,  350919069,  329780000,   20986000,  363407278, python, iotlab1, mult, 15
14675790    ,  9.31,  4.57,  4.47,  0.23,  0.00,  347499321,  326507000,   20968000,  360055272, python, iotlab1, mult, 15
14695326    ,  7.49,  3.67,  3.58,  0.16,  0.00,  280975287,  271722000,    9023000,  293407930, python, iotlab1, mult, 15
14695326    ,  7.64,  3.74,  3.64,  0.17,  0.00,  286179233,  278142000,    8004000,  298703080, python, iotlab1, mult, 15
14695326    ,  7.57,  3.68,  3.60,  0.16,  0.00,  281065252,  270940000,    9997000,  293454416, python, iotlab1, mult, 15
14695326    ,  7.66,  3.78,  3.70,  0.17,  0.00,  286138780,  278112000,    8003000,  298539443, python, iotlab1, mult, 15
14695326    ,  7.60,  3.72,  3.63,  0.16,  0.00,  282597354,  276469000,    6010000,  295229197, python, iotlab1, mult, 15
14695326    ,  7.66,  3.74,  3.65,  0.17,  0.00,  286614959,  276584000,   10021000,  299136925, python, iotlab1, mult, 15
14695326    ,  7.57,  3.74,  3.66,  0.16,  0.00,  282547346,  272531000,    9982000,  294988278, python, iotlab1, mult, 15
14695326    ,  7.60,  3.71,  3.63,  0.17,  0.00,  284038062,  274011000,   10000000,  296547390, python, iotlab1, mult, 15
14695326    ,  7.51,  3.68,  3.59,  0.16,  0.00,  278824424,  271747000,    7019000,  291425435, python, iotlab1, mult, 15
14695326    ,  7.67,  3.72,  3.62,  0.17,  0.00,  290500794,  282506000,    7986000,  302844786, python, iotlab1, mult, 15
14695347    ,  7.81,  3.80,  3.70,  0.17,  0.00,  294656011,  283414000,   10977000,  307119010, python, iotlab1, mult, 15
14695347    ,  7.71,  3.74,  3.66,  0.17,  0.00,  289061027,  282040000,    7001000,  301410992, python, iotlab1, mult, 15
14695347    ,  7.70,  3.74,  3.65,  0.17,  0.00,  287919883,  280750000,    6993000,  300390301, python, iotlab1, mult, 15
14695347    ,  7.66,  3.71,  3.62,  0.17,  0.00,  285206908,  271704000,   12985000,  297650066, python, iotlab1, mult, 15
14695347    ,  7.62,  3.69,  3.60,  0.17,  0.00,  284762009,  277593000,    7014000,  297225601, python, iotlab1, mult, 15
14695347    ,  7.52,  3.69,  3.60,  0.16,  0.00,  281937632,  278900000,    3009000,  294499581, python, iotlab1, mult, 15
14695347    ,  7.73,  3.79,  3.68,  0.17,  0.00,  287429065,  274449000,   12973000,  299875253, python, iotlab1, mult, 15
14695347    ,  7.71,  3.78,  3.69,  0.17,  0.00,  288563703,  276560000,   11980000,  300918390, python, iotlab1, mult, 15
14695347    ,  7.70,  3.79,  3.70,  0.17,  0.00,  286741753,  277697000,    8990000,  299188423, python, iotlab1, mult, 15
14695347    ,  7.68,  3.74,  3.65,  0.17,  0.00,  285423518,  275462000,    9980000,  297925540, python, iotlab1, mult, 15
14917240    , 11.89,  5.69,  5.54,  0.26,  0.00,  457734210,  392418000,   65069000,  470213877, python, iotlab1, mult, 15
14917240    , 11.56,  5.61,  5.47,  0.25,  0.00,  446299204,  387376000,   58905000,  458711321, python, iotlab1, mult, 15
14917240    , 11.21,  5.64,  5.50,  0.25,  0.00,  444286585,  386222000,   58033000,  456801579, python, iotlab1, mult, 15
14917240    , 11.29,  5.58,  5.45,  0.25,  0.00,  440797714,  384685000,   55954000,  453372874, python, iotlab1, mult, 15
14917240    , 11.71,  5.77,  5.63,  0.25,  0.00,  455653133,  404442000,   51055000,  468371307, python, iotlab1, mult, 15
14917240    , 11.81,  5.66,  5.52,  0.25,  0.00,  452198007,  386097000,   66016000,  464567866, python, iotlab1, mult, 15
14917240    , 11.74,  5.69,  5.55,  0.25,  0.00,  451927203,  390033000,   61846000,  464468993, python, iotlab1, mult, 15
14917240    , 13.13,  6.42,  6.27,  0.29,  0.00,  485112968,  425068000,   60009000,  497752832, python, iotlab1, mult, 15
14917240    , 11.82,  5.65,  5.51,  0.25,  0.00,  451847876,  395997000,   55858000,  464300359, python, iotlab1, mult, 15
14917240    , 11.93,  5.68,  5.54,  0.25,  0.00,  456077687,  403934000,   51991000,  468541079, python, iotlab1, mult, 15
14925489    ,  6.90,  3.35,  3.27,  0.23,  0.00,  259392732,  224195000,   35030000,  271789022, python, iotlab1, mult, 15
14925489    ,  8.17,  4.05,  3.95,  0.27,  0.00,  288112803,  256996000,   30999000,  300789173, python, iotlab1, mult, 15
14925489    ,  6.86,  3.34,  3.25,  0.23,  0.00,  259995174,  226897000,   32985000,  272519579, python, iotlab1, mult, 15
14925489    ,  6.96,  3.40,  3.31,  0.23,  0.00,  262834615,  232647000,   30083000,  275295270, python, iotlab1, mult, 15
14925489    ,  6.78,  3.32,  3.23,  0.23,  0.00,  256074420,  222049000,   34007000,  268608498, python, iotlab1, mult, 15
14925489    ,  6.84,  3.32,  3.24,  0.23,  0.00,  259243216,  231168000,   28020000,  271861895, python, iotlab1, mult, 15
14925489    ,  6.87,  3.33,  3.22,  0.23,  0.00,  259430365,  222318000,   37053000,  271811305, python, iotlab1, mult, 15
14925489    ,  6.84,  3.31,  3.23,  0.23,  0.00,  259657942,  219695000,   39944000,  272157213, python, iotlab1, mult, 15
14925489    ,  6.99,  3.42,  3.32,  0.23,  0.00,  262681359,  229591000,   33085000,  275101318, python, iotlab1, mult, 15
14925489    ,  6.89,  3.37,  3.28,  0.23,  0.00,  259006200,  232498000,   25944000,  271886714, python, iotlab1, mult, 15
14926003    ,  7.86,  3.79,  3.71,  0.21,  0.00,  294467920,  276210000,   17948000,  307196052, python, iotlab1, mult, 15
14926003    ,  7.74,  3.73,  3.63,  0.20,  0.00,  288250837,  268218000,   20016000,  300731109, python, iotlab1, mult, 15
14926003    ,  7.46,  3.60,  3.50,  0.20,  0.00,  278457121,  261401000,   17026000,  290927707, python, iotlab1, mult, 15
14926003    ,  7.66,  3.73,  3.63,  0.20,  0.00,  285782332,  266810000,   18986000,  298289657, python, iotlab1, mult, 15
14926003    ,  7.61,  3.70,  3.61,  0.20,  0.00,  286082937,  265046000,   21003000,  298504955, python, iotlab1, mult, 15
14926003    ,  7.42,  3.58,  3.49,  0.20,  0.00,  279373366,  250977000,   27886000,  291825368, python, iotlab1, mult, 15
14926003    ,  7.64,  3.67,  3.58,  0.20,  0.00,  281925964,  265895000,   15993000,  294319318, python, iotlab1, mult, 15
14926003    ,  7.69,  3.70,  3.60,  0.20,  0.00,  283939011,  261925000,   21993000,  296426449, python, iotlab1, mult, 15
14926003    ,  7.62,  3.63,  3.53,  0.20,  0.00,  281331056,  263267000,   18018000,  293811212, python, iotlab1, mult, 15
14926003    ,  7.71,  3.71,  3.61,  0.21,  0.00,  288990633,  272970000,   15998000,  301452745, python, iotlab1, mult, 15
14990703    , 11.30,  5.37,  5.23,  0.33,  0.00,  436015098,  386644000,   48955000,  448567984, python, iotlab1, mult, 15
14990703    , 11.04,  5.45,  5.31,  0.33,  0.00,  438393827,  375468000,   62910000,  450812340, python, iotlab1, mult, 15
14990703    , 11.40,  5.39,  5.24,  0.33,  0.00,  439937868,  371931000,   67987000,  452441258, python, iotlab1, mult, 15
14990703    , 11.11,  5.42,  5.27,  0.33,  0.00,  436015513,  365927000,   69986000,  448534737, python, iotlab1, mult, 15
14990703    , 11.42,  5.38,  5.23,  0.33,  0.00,  440290947,  364405000,   75876000,  452856978, python, iotlab1, mult, 15
14990703    , 11.26,  5.50,  5.36,  0.33,  0.00,  445276208,  381196000,   64032000,  457824325, python, iotlab1, mult, 15
14990703    , 11.12,  5.50,  5.36,  0.33,  0.00,  442649080,  370696000,   71941000,  455098625, python, iotlab1, mult, 15
14990703    , 11.13,  5.50,  5.35,  0.33,  0.00,  443943650,  357934000,   85984000,  456148684, python, iotlab1, mult, 15
14990703    , 11.03,  5.48,  5.33,  0.33,  0.00,  440390443,  360291000,   80064000,  452902182, python, iotlab1, mult, 15
14990703    , 11.10,  5.43,  5.29,  0.33,  0.00,  438621414,  381644000,   56946000,  450925940, python, iotlab1, mult, 15
14990707    , 11.14,  5.45,  5.31,  0.33,  0.00,  439332443,  380233000,   58881000,  451705587, python, iotlab1, mult, 15
14990707    , 11.04,  5.41,  5.27,  0.32,  0.00,  435132196,  374091000,   61014000,  447732436, python, iotlab1, mult, 15
14990707    , 11.07,  5.37,  5.23,  0.32,  0.00,  432937467,  365921000,   66985000,  445402663, python, iotlab1, mult, 15
14990707    , 11.16,  5.43,  5.29,  0.33,  0.00,  436391568,  360291000,   76061000,  448824001, python, iotlab1, mult, 15
14990707    , 11.28,  5.38,  5.24,  0.33,  0.00,  435571738,  380599000,   54942000,  448151553, python, iotlab1, mult, 15
14990707    , 11.10,  5.39,  5.23,  0.32,  0.00,  432869548,  372863000,   59977000,  445240907, python, iotlab1, mult, 15
14990707    , 11.05,  5.44,  5.30,  0.33,  0.00,  436927267,  360102000,   76808000,  449567035, python, iotlab1, mult, 15
14990707    , 11.09,  5.43,  5.29,  0.33,  0.00,  437652160,  373527000,   64090000,  450051595, python, iotlab1, mult, 15
14990707    , 11.32,  5.39,  5.24,  0.33,  0.00,  438824800,  378999000,   59842000,  451313793, python, iotlab1, mult, 15
14990707    , 11.16,  5.51,  5.37,  0.33,  0.00,  441361568,  388288000,   53039000,  453815677, python, iotlab1, mult, 15
15185107    , 14.78,  7.15,  6.98,  0.31,  0.00,  567475129,  514307000,   52928000,  580071000, python, iotlab1, mult, 15
15185107    , 14.86,  7.19,  7.02,  0.31,  0.00,  567266256,  505200000,   62024000,  579612888, python, iotlab1, mult, 15
15185107    , 15.02,  7.25,  7.07,  0.32,  0.00,  572890424,  526872000,   45988000,  585398111, python, iotlab1, mult, 15
15185107    , 15.57,  7.49,  7.14,  0.32,  0.00,  576169305,  516121000,   60014000,  588677818, python, iotlab1, mult, 15
15185107    , 15.09,  7.38,  7.19,  0.32,  0.00,  575599300,  523582000,   51958000,  588050313, python, iotlab1, mult, 15
15185107    , 14.74,  7.21,  7.03,  0.31,  0.00,  564101624,  508059000,   56006000,  576708482, python, iotlab1, mult, 15
15185107    , 14.81,  7.31,  7.12,  0.32,  0.00,  571839511,  508696000,   63086000,  584312106, python, iotlab1, mult, 15
15185107    , 15.04,  7.44,  7.26,  0.32,  0.00,  577207032,  507278000,   69900000,  589712601, python, iotlab1, mult, 15
15185107    , 14.98,  7.29,  7.11,  0.32,  0.00,  572265950,  503184000,   69025000,  584779369, python, iotlab1, mult, 15
15185107    , 14.97,  7.32,  7.13,  0.32,  0.00,  574224465,  524154000,   50014000,  586649986, python, iotlab1, mult, 15
15436713    ,  6.60,  3.31,  3.23,  0.18,  0.00,  255221752,  237064000,   18004000,  267510678, python, iotlab1, mult, 15
15436713    ,  6.95,  3.50,  3.41,  0.18,  0.00,  267685228,  250626000,   16974000,  280109823, python, iotlab1, mult, 15
15436713    ,  7.03,  3.53,  3.44,  0.19,  0.00,  272792646,  252275000,   20021000,  285210195, python, iotlab1, mult, 15
15436713    ,  6.76,  3.39,  3.31,  0.18,  0.00,  260227944,  244190000,   16012000,  272705097, python, iotlab1, mult, 15
15436713    ,  6.62,  3.33,  3.25,  0.18,  0.00,  256332385,  236371000,   19946000,  268744074, python, iotlab1, mult, 15
15436713    ,  6.73,  3.37,  3.28,  0.18,  0.00,  258395722,  235383000,   22939000,  270920298, python, iotlab1, mult, 15
15436713    ,  6.89,  3.45,  3.37,  0.18,  0.00,  265176661,  251132000,   14007000,  277664019, python, iotlab1, mult, 15
15436713    ,  6.72,  3.35,  3.27,  0.18,  0.00,  256899327,  241824000,   15051000,  269363568, python, iotlab1, mult, 15
15436713    ,  6.79,  3.41,  3.33,  0.18,  0.00,  262008774,  248986000,   12999000,  274297260, python, iotlab1, mult, 15
15436713    ,  6.74,  3.39,  3.31,  0.18,  0.00,  260452076,  236406000,   23939000,  272975583, python, iotlab1, mult, 15
15515649    , 10.66,  5.08,  4.95,  0.23,  0.00,  412708573,  365416000,   47053000,  425186393, python, iotlab1, mult, 15
15515649    , 10.29,  5.05,  4.93,  0.22,  0.00,  402786730,  358664000,   44081000,  415208032, python, iotlab1, mult, 15
15515649    , 10.20,  5.08,  4.95,  0.22,  0.00,  403565031,  351477000,   52070000,  415976111, python, iotlab1, mult, 15
15515649    , 10.27,  5.00,  4.88,  0.22,  0.00,  401031068,  339982000,   60996000,  413561567, python, iotlab1, mult, 15
15515649    , 10.18,  5.03,  4.90,  0.22,  0.00,  403106314,  353221000,   49889000,  415547561, python, iotlab1, mult, 15
15515649    , 10.34,  5.00,  4.87,  0.22,  0.00,  401713774,  354693000,   46959000,  414197855, python, iotlab1, mult, 15
15515649    , 10.46,  5.01,  4.88,  0.22,  0.00,  404899319,  354867000,   49981000,  417215917, python, iotlab1, mult, 15
15515649    , 10.49,  5.02,  4.90,  0.22,  0.00,  406997746,  352971000,   53995000,  419476556, python, iotlab1, mult, 15
15515649    , 10.05,  5.02,  4.89,  0.22,  0.00,  400010778,  346979000,   52996000,  412517712, python, iotlab1, mult, 15
15515649    , 10.33,  4.96,  4.84,  0.22,  0.00,  402948574,  342772000,   60135000,  415369948, python, iotlab1, mult, 15
15543243    ,  4.98,  2.49,  2.41,  0.15,  0.00,  193044167,  173777000,   19085000,  205627506, python, iotlab1, mult, 15
15543243    ,  5.00,  2.52,  2.45,  0.15,  0.00,  193387422,  170435000,   22924000,  205789180, python, iotlab1, mult, 15
15543243    ,  4.87,  2.46,  2.39,  0.15,  0.00,  189070632,  171800000,   17079000,  201500747, python, iotlab1, mult, 15
15543243    ,  4.96,  2.48,  2.42,  0.15,  0.00,  192989369,  175958000,   16996000,  205466812, python, iotlab1, mult, 15
15543243    ,  5.01,  2.54,  2.48,  0.15,  0.00,  197341037,  174328000,   22911000,  209805074, python, iotlab1, mult, 15
15543243    ,  4.72,  2.37,  2.31,  0.15,  0.00,  184798878,  161798000,   22971000,  197252088, python, iotlab1, mult, 15
15543243    ,  5.03,  2.52,  2.45,  0.15,  0.00,  195767840,  181754000,   13981000,  208277949, python, iotlab1, mult, 15
15543243    ,  4.83,  2.45,  2.38,  0.15,  0.00,  190357374,  167251000,   23034000,  202686115, python, iotlab1, mult, 15
15543243    ,  4.98,  2.51,  2.45,  0.15,  0.00,  194806211,  176718000,   17971000,  207242215, python, iotlab1, mult, 15
15543243    ,  4.91,  2.47,  2.41,  0.15,  0.00,  190689971,  166706000,   23957000,  203218345, python, iotlab1, mult, 15
15543302    , 11.24,  5.43,  5.29,  0.25,  0.00,  440312923,  379215000,   60874000,  452703311, python, iotlab1, mult, 15
15543302    , 11.10,  5.59,  5.44,  0.25,  0.00,  442459728,  385509000,   56927000,  455000684, python, iotlab1, mult, 15
15543302    , 11.20,  5.46,  5.32,  0.25,  0.00,  438824094,  368675000,   70128000,  451328175, python, iotlab1, mult, 15
15543302    , 11.17,  5.48,  5.34,  0.25,  0.00,  439526128,  379563000,   59931000,  451876540, python, iotlab1, mult, 15
15543302    , 11.19,  5.54,  5.39,  0.25,  0.00,  442406300,  386477000,   55924000,  454933079, python, iotlab1, mult, 15
15543302    , 11.46,  5.61,  5.47,  0.25,  0.00,  447015952,  377898000,   68981000,  459635589, python, iotlab1, mult, 15
15543302    , 11.07,  5.40,  5.28,  0.24,  0.00,  432797645,  369709000,   62950000,  445283962, python, iotlab1, mult, 15
15543302    , 11.15,  5.54,  5.41,  0.25,  0.00,  440902410,  377887000,   62981000,  453307003, python, iotlab1, mult, 15
15543302    , 11.31,  5.59,  5.44,  0.25,  0.00,  444556245,  389458000,   55064000,  456949461, python, iotlab1, mult, 15
15543302    , 11.38,  5.54,  5.40,  0.25,  0.00,  447225805,  390817000,   55831000,  459798542, python, iotlab1, mult, 15
15602875    ,  7.29,  3.54,  3.45,  0.16,  0.00,  270405946,  260154000,   10005000,  282804911, python, iotlab1, mult, 15
15602875    ,  7.16,  3.44,  3.36,  0.16,  0.00,  264989902,  254956000,    9998000,  277410483, python, iotlab1, mult, 15
15602875    ,  7.27,  3.50,  3.41,  0.16,  0.00,  270564660,  258558000,   11979000,  283158552, python, iotlab1, mult, 15
15602875    ,  7.11,  3.45,  3.37,  0.16,  0.00,  268034739,  261009000,    7000000,  280346572, python, iotlab1, mult, 15
15602875    ,  7.02,  3.42,  3.34,  0.16,  0.00,  263421969,  256383000,    7010000,  275823136, python, iotlab1, mult, 15
15602875    ,  7.17,  3.47,  3.39,  0.16,  0.00,  269425812,  263343000,    5985000,  281791750, python, iotlab1, mult, 15
15602875    ,  7.16,  3.50,  3.42,  0.16,  0.00,  267911265,  254891000,   12994000,  280306008, python, iotlab1, mult, 15
15602875    ,  7.16,  3.48,  3.39,  0.16,  0.00,  267364348,  255375000,   11970000,  279799221, python, iotlab1, mult, 15
15602875    ,  7.26,  3.53,  3.43,  0.16,  0.00,  270094147,  259079000,   11003000,  282416878, python, iotlab1, mult, 15
15602875    ,  7.06,  3.48,  3.40,  0.16,  0.00,  263264827,  255255000,    8008000,  275683463, python, iotlab1, mult, 15
15661090    , 11.91,  5.73,  5.58,  0.26,  0.00,  456772416,  410590000,   45954000,  469164461, python, iotlab1, mult, 15
15661090    , 12.23,  5.90,  5.75,  0.26,  0.00,  469851568,  402449000,   66908000,  482306690, python, iotlab1, mult, 15
15661090    , 11.72,  5.80,  5.66,  0.26,  0.00,  458596214,  405627000,   52951000,  471138551, python, iotlab1, mult, 15
15661090    , 12.39,  5.99,  5.85,  0.27,  0.00,  478245722,  421205000,   57027000,  490680696, python, iotlab1, mult, 15
15661090    , 12.36,  5.95,  5.81,  0.27,  0.00,  476609727,  407506000,   69085000,  489020833, python, iotlab1, mult, 15
15661090    , 12.13,  5.84,  5.70,  0.26,  0.00,  468215112,  420085000,   48009000,  480575773, python, iotlab1, mult, 15
15661090    , 12.13,  5.82,  5.68,  0.26,  0.00,  464834429,  412716000,   52090000,  477355962, python, iotlab1, mult, 15
15661090    , 11.93,  5.89,  5.75,  0.26,  0.00,  467238517,  425971000,   40997000,  479714332, python, iotlab1, mult, 15
15661090    , 12.39,  5.95,  5.80,  0.26,  0.00,  475432480,  419380000,   55917000,  487778175, python, iotlab1, mult, 15
15661090    , 11.98,  5.86,  5.71,  0.26,  0.00,  464855984,  406772000,   57967000,  477347344, python, iotlab1, mult, 15
15738362    ,  5.93,  2.88,  2.81,  0.14,  0.00,  220444931,  198179000,   22019000,  232805431, python, iotlab1, mult, 15
15738362    ,  5.84,  2.87,  2.81,  0.14,  0.00,  220767576,  207761000,   12985000,  233197431, python, iotlab1, mult, 15
15738362    ,  5.88,  2.87,  2.80,  0.14,  0.00,  219791429,  203768000,   15981000,  232252935, python, iotlab1, mult, 15
15738362    ,  5.86,  2.83,  2.77,  0.14,  0.00,  221603493,  212550000,    9023000,  233856774, python, iotlab1, mult, 15
15738362    ,  5.85,  2.85,  2.78,  0.14,  0.00,  219179022,  202145000,   17012000,  231438957, python, iotlab1, mult, 15
15738362    ,  5.85,  2.85,  2.79,  0.14,  0.00,  221098367,  209069000,   12004000,  233606643, python, iotlab1, mult, 15
15738362    ,  5.84,  2.83,  2.76,  0.14,  0.00,  220039855,  206001000,   13932000,  232456104, python, iotlab1, mult, 15
15738362    ,  5.88,  2.85,  2.78,  0.14,  0.00,  219940924,  200908000,   18991000,  232304459, python, iotlab1, mult, 15
15738362    ,  5.87,  2.86,  2.78,  0.14,  0.00,  218373686,  201315000,   16942000,  230744279, python, iotlab1, mult, 15
15738362    ,  5.88,  2.87,  2.80,  0.14,  0.00,  219721283,  207567000,   12032000,  232228409, python, iotlab1, mult, 15
15897959    ,  5.41,  2.62,  2.55,  0.17,  0.00,  202961031,  180575000,   22070000,  215372597, python, iotlab1, mult, 15
15897959    ,  5.41,  2.60,  2.53,  0.17,  0.00,  202125561,  167072000,   35015000,  214636741, python, iotlab1, mult, 15
15897959    ,  5.38,  2.59,  2.51,  0.17,  0.00,  200157426,  170991000,   28998000,  212650396, python, iotlab1, mult, 15
15897959    ,  5.39,  2.59,  2.51,  0.17,  0.00,  201275912,  178673000,   21959000,  213881089, python, iotlab1, mult, 15
15897959    ,  5.37,  2.59,  2.52,  0.17,  0.00,  201758631,  175778000,   25967000,  214228477, python, iotlab1, mult, 15
15897959    ,  5.33,  2.59,  2.52,  0.17,  0.00,  201046697,  169030000,   32005000,  213443699, python, iotlab1, mult, 15
15897959    ,  5.35,  2.58,  2.52,  0.17,  0.00,  201310023,  181272000,   20030000,  213718013, python, iotlab1, mult, 15
15897959    ,  5.34,  2.54,  2.47,  0.17,  0.00,  203071992,  172011000,   31002000,  215435754, python, iotlab1, mult, 15
15897959    ,  5.41,  2.58,  2.51,  0.18,  0.00,  205626561,  174521000,   31092000,  218033595, python, iotlab1, mult, 15
15897959    ,  5.38,  2.58,  2.51,  0.17,  0.00,  201084130,  177049000,   24006000,  213798930, python, iotlab1, mult, 15
1623844     , 12.28,  5.87,  5.72,  0.28,  0.00,  495757645,  424452000,   57925000,  508189988, python, iotlab1, mult, 15
1623844     , 11.99,  5.99,  5.84,  0.27,  0.00,  475769267,  422768000,   52971000,  488404305, python, iotlab1, mult, 15
1623844     , 11.93,  5.82,  5.67,  0.26,  0.00,  465090614,  413943000,   50993000,  477639630, python, iotlab1, mult, 15
1623844     , 12.09,  5.95,  5.81,  0.26,  0.00,  474665647,  423678000,   50961000,  487260353, python, iotlab1, mult, 15
1623844     , 11.99,  5.87,  5.72,  0.26,  0.00,  466620943,  411387000,   55051000,  479158149, python, iotlab1, mult, 15
1623844     , 12.06,  5.92,  5.78,  0.26,  0.00,  468790650,  410675000,   58095000,  481110834, python, iotlab1, mult, 15
1623844     , 12.05,  5.93,  5.77,  0.26,  0.00,  471666027,  427670000,   43966000,  483972964, python, iotlab1, mult, 15
1623844     , 12.08,  5.94,  5.79,  0.26,  0.00,  472512747,  422526000,   49944000,  484928970, python, iotlab1, mult, 15
1623844     , 12.06,  5.92,  5.78,  0.26,  0.00,  471497120,  428419000,   43042000,  484007610, python, iotlab1, mult, 15
1623844     , 12.14,  5.94,  5.80,  0.26,  0.00,  472886288,  430872000,   41987000,  485308508, python, iotlab1, mult, 15
1732446     , 13.27,  6.47,  6.32,  0.29,  0.00,  514243950,  451940000,   61991000,  526713232, python, iotlab1, mult, 15
1732446     , 13.11,  6.33,  6.18,  0.28,  0.00,  503353709,  454309000,   49033000,  515780149, python, iotlab1, mult, 15
1732446     , 13.18,  6.31,  6.16,  0.28,  0.00,  504037383,  452507000,   50944000,  516412345, python, iotlab1, mult, 15
1732446     , 12.94,  6.23,  6.08,  0.28,  0.00,  495324954,  425414000,   69903000,  507790706, python, iotlab1, mult, 15
1732446     , 13.53,  6.47,  6.31,  0.29,  0.00,  519341137,  465221000,   54025000,  531683876, python, iotlab1, mult, 15
1732446     , 13.10,  6.65,  6.49,  0.29,  0.00,  521428963,  471336000,   50035000,  533888262, python, iotlab1, mult, 15
1732446     , 13.30,  6.33,  6.17,  0.29,  0.00,  509954540,  454875000,   54985000,  522298767, python, iotlab1, mult, 15
1732446     , 13.30,  6.32,  6.17,  0.28,  0.00,  510299547,  453248000,   57031000,  522729988, python, iotlab1, mult, 15
1732446     , 13.01,  6.40,  6.24,  0.29,  0.00,  507870602,  457835000,   49982000,  520337370, python, iotlab1, mult, 15
1732446     , 14.10,  6.91,  6.75,  0.31,  0.00,  519004869,  466842000,   52093000,  531401434, python, iotlab1, mult, 15
2110485     ,  9.82,  4.80,  4.68,  0.24,  0.00,  386185789,  305870000,   79966000,  398596378, python, iotlab1, mult, 15
2110485     ,  9.90,  4.88,  4.74,  0.24,  0.00,  389721281,  321575000,   67910000,  402138604, python, iotlab1, mult, 15
2110485     , 11.37,  5.70,  5.56,  0.28,  0.00,  420943932,  356130000,   62846000,  433286934, python, iotlab1, mult, 15
2110485     , 10.01,  4.84,  4.71,  0.24,  0.00,  387586991,  326621000,   60929000,  399949682, python, iotlab1, mult, 15
2110485     ,  9.85,  4.86,  4.74,  0.24,  0.00,  387055437,  303022000,   84006000,  399409459, python, iotlab1, mult, 15
2110485     , 10.07,  4.86,  4.74,  0.24,  0.00,  387767662,  334646000,   53102000,  400319553, python, iotlab1, mult, 15
2110485     , 10.20,  4.90,  4.77,  0.25,  0.00,  397639031,  338493000,   59086000,  410046157, python, iotlab1, mult, 15
2110485     , 10.06,  4.77,  4.64,  0.24,  0.00,  387601837,  311656000,   75916000,  399997626, python, iotlab1, mult, 15
2110485     , 10.02,  4.79,  4.66,  0.24,  0.00,  387113127,  326054000,   61010000,  399706297, python, iotlab1, mult, 15
2110485     , 10.00,  4.78,  4.66,  0.24,  0.00,  384126906,  307086000,   77021000,  396644608, python, iotlab1, mult, 15
2509436     , 10.51,  5.05,  4.91,  0.27,  0.00,  407316686,  340019000,   67003000,  419745585, python, iotlab1, mult, 15
2509436     , 10.02,  5.03,  4.90,  0.27,  0.00,  399891299,  326886000,   72974000,  412435117, python, iotlab1, mult, 15
2509436     , 10.31,  4.91,  4.77,  0.26,  0.00,  398713796,  340173000,   58029000,  411095975, python, iotlab1, mult, 15
2509436     , 10.33,  5.00,  4.86,  0.27,  0.00,  402350830,  326258000,   76060000,  414717846, python, iotlab1, mult, 15
2509436     , 10.46,  4.98,  4.84,  0.27,  0.00,  403344408,  329266000,   74059000,  415868599, python, iotlab1, mult, 15
2509436     , 10.33,  4.98,  4.86,  0.27,  0.00,  401328647,  321249000,   80062000,  413990414, python, iotlab1, mult, 15
2509436     , 10.63,  5.03,  4.90,  0.27,  0.00,  405494965,  333536000,   71900000,  418028648, python, iotlab1, mult, 15
2509436     , 10.57,  5.00,  4.86,  0.27,  0.00,  405655608,  337417000,   68084000,  418185689, python, iotlab1, mult, 15
2509436     , 10.33,  4.89,  4.76,  0.26,  0.00,  398396655,  332242000,   66048000,  410738884, python, iotlab1, mult, 15
2509436     , 10.44,  4.93,  4.80,  0.27,  0.00,  400224327,  319092000,   81023000,  412759499, python, iotlab1, mult, 15
2610331     , 12.70,  6.07,  5.93,  0.27,  0.00,  488573942,  435405000,   52927000,  501081971, python, iotlab1, mult, 15
2610331     , 12.32,  5.95,  5.80,  0.27,  0.00,  476890409,  407808000,   68967000,  489407459, python, iotlab1, mult, 15
2610331     , 12.32,  6.11,  5.96,  0.27,  0.00,  484452339,  435381000,   49043000,  496851961, python, iotlab1, mult, 15
2610331     , 12.32,  5.93,  5.79,  0.26,  0.00,  475009377,  415986000,   58998000,  487591303, python, iotlab1, mult, 15
2610331     , 12.75,  6.12,  5.96,  0.27,  0.00,  490805066,  434559000,   56072000,  503387406, python, iotlab1, mult, 15
2610331     , 12.36,  5.96,  5.82,  0.27,  0.00,  478518932,  415405000,   63061000,  490946001, python, iotlab1, mult, 15
2610331     , 12.07,  5.88,  5.73,  0.26,  0.00,  469749394,  409620000,   60091000,  482200473, python, iotlab1, mult, 15
2610331     , 12.70,  6.15,  5.90,  0.27,  0.00,  481627842,  427653000,   53956000,  494022850, python, iotlab1, mult, 15
2610331     , 12.38,  5.99,  5.84,  0.27,  0.00,  479267154,  432197000,   47021000,  491657700, python, iotlab1, mult, 15
2610331     , 12.35,  5.99,  5.84,  0.27,  0.00,  476545080,  412411000,   64063000,  488898392, python, iotlab1, mult, 15
2937684     , 13.33,  6.42,  6.27,  0.28,  0.00,  508267139,  442031000,   66004000,  520665583, python, iotlab1, mult, 15
2937684     , 13.62,  6.56,  6.40,  0.29,  0.00,  519937191,  462906000,   56988000,  532365491, python, iotlab1, mult, 15
2937684     , 13.31,  6.41,  6.26,  0.28,  0.00,  509515574,  459540000,   49950000,  521942959, python, iotlab1, mult, 15
2937684     , 13.57,  6.51,  6.35,  0.29,  0.00,  518743708,  471552000,   47055000,  531165519, python, iotlab1, mult, 15
2937684     , 13.43,  6.49,  6.33,  0.28,  0.00,  512108979,  465078000,   47007000,  524704322, python, iotlab1, mult, 15
2937684     , 13.46,  6.48,  6.32,  0.29,  0.00,  517062047,  466003000,   51000000,  529645307, python, iotlab1, mult, 15
2937684     , 13.60,  6.51,  6.35,  0.29,  0.00,  517496863,  467516000,   49948000,  530027203, python, iotlab1, mult, 15
2937684     , 13.27,  6.42,  6.27,  0.28,  0.00,  508036258,  463945000,   43994000,  520512891, python, iotlab1, mult, 15
2937684     , 13.42,  6.51,  6.34,  0.29,  0.00,  513493122,  465407000,   48042000,  525893069, python, iotlab1, mult, 15
2937684     , 13.37,  6.47,  6.30,  0.28,  0.00,  512548200,  453457000,   59059000,  525087265, python, iotlab1, mult, 15
3312476     , 11.06,  5.38,  5.24,  0.26,  0.00,  429625057,  362320000,   67059000,  442566521, python, iotlab1, mult, 15
3312476     , 11.08,  5.37,  5.23,  0.26,  0.00,  429761954,  354614000,   75130000,  442214794, python, iotlab1, mult, 15
3312476     , 11.00,  5.39,  5.24,  0.26,  0.00,  428036252,  377011000,   51001000,  440729909, python, iotlab1, mult, 15
3312476     , 11.04,  5.38,  5.24,  0.26,  0.00,  432322999,  367247000,   65043000,  444816628, python, iotlab1, mult, 15
3312476     , 11.28,  5.45,  5.32,  0.26,  0.00,  439265122,  387319000,   51908000,  451644345, python, iotlab1, mult, 15
3312476     , 11.28,  5.47,  5.33,  0.26,  0.00,  438654210,  375539000,   63090000,  451034982, python, iotlab1, mult, 15
3312476     , 11.15,  5.45,  5.32,  0.26,  0.00,  436689755,  369631000,   66933000,  449174553, python, iotlab1, mult, 15
3312476     , 11.04,  5.36,  5.23,  0.26,  0.00,  428041811,  362167000,   65848000,  440477921, python, iotlab1, mult, 15
3312476     , 10.98,  5.39,  5.26,  0.26,  0.00,  430325546,  370233000,   60037000,  442647726, python, iotlab1, mult, 15
3312476     , 11.06,  5.36,  5.23,  0.26,  0.00,  430307231,  376371000,   53909000,  442688605, python, iotlab1, mult, 15
3611627     , 11.23,  5.64,  5.51,  0.25,  0.00,  446212943,  389981000,   55997000,  458731681, python, iotlab1, mult, 15
3611627     , 11.48,  5.59,  5.44,  0.25,  0.00,  447538087,  391320000,   56045000,  460056451, python, iotlab1, mult, 15
3611627     , 11.45,  5.65,  5.50,  0.25,  0.00,  448585730,  401511000,   47059000,  461213075, python, iotlab1, mult, 15
3611627     , 11.40,  5.57,  5.44,  0.25,  0.00,  449309595,  403251000,   46028000,  461724430, python, iotlab1, mult, 15
3611627     , 11.73,  5.71,  5.56,  0.26,  0.00,  459823894,  400583000,   59086000,  472251607, python, iotlab1, mult, 15
3611627     , 11.69,  5.70,  5.56,  0.26,  0.00,  457607536,  394495000,   63079000,  469959481, python, iotlab1, mult, 15
3611627     , 11.65,  5.66,  5.52,  0.25,  0.00,  456008344,  404546000,   50942000,  468531590, python, iotlab1, mult, 15
3611627     , 11.47,  5.71,  5.56,  0.25,  0.00,  451210964,  391145000,   60022000,  463916188, python, iotlab1, mult, 15
3611627     , 11.30,  5.62,  5.48,  0.25,  0.00,  447034404,  399141000,   47897000,  459607770, python, iotlab1, mult, 15
3611627     , 11.68,  5.76,  5.61,  0.26,  0.00,  459322210,  401266000,   58038000,  471696957, python, iotlab1, mult, 15
4099734     , 11.60,  5.71,  5.57,  0.26,  0.00,  457172949,  385129000,   71837000,  471221191, python, iotlab1, mult, 15
4099734     , 11.48,  5.64,  5.50,  0.25,  0.00,  445832340,  385000000,   60842000,  458327279, python, iotlab1, mult, 15
4099734     , 11.90,  5.89,  5.75,  0.26,  0.00,  466969749,  408933000,   57990000,  479543656, python, iotlab1, mult, 15
4099734     , 11.44,  5.64,  5.49,  0.25,  0.00,  446481878,  387393000,   59060000,  458829308, python, iotlab1, mult, 15
4099734     , 11.65,  5.79,  5.65,  0.26,  0.00,  460060541,  394016000,   66002000,  472622739, python, iotlab1, mult, 15
4099734     , 11.46,  5.73,  5.59,  0.25,  0.00,  452996466,  407967000,   44996000,  465328061, python, iotlab1, mult, 15
4099734     , 10.94,  5.69,  5.54,  0.25,  0.00,  443686692,  381705000,   61952000,  456046576, python, iotlab1, mult, 15
4099734     , 11.69,  5.82,  5.68,  0.26,  0.00,  460132817,  410093000,   50011000,  472602600, python, iotlab1, mult, 15
4099734     , 11.21,  5.71,  5.57,  0.25,  0.00,  446743179,  393633000,   53085000,  459205053, python, iotlab1, mult, 15
4099734     , 11.26,  5.56,  5.42,  0.25,  0.00,  441718828,  383590000,   58089000,  454213912, python, iotlab1, mult, 15
4341626     ,  4.98,  2.45,  2.39,  0.13,  0.00,  188563381,  167303000,   21038000,  200989245, python, iotlab1, mult, 15
4341626     ,  5.03,  2.47,  2.41,  0.13,  0.00,  191158161,  174014000,   17001000,  203618362, python, iotlab1, mult, 15
4341626     ,  4.94,  2.44,  2.38,  0.13,  0.00,  187406614,  170331000,   16933000,  199956001, python, iotlab1, mult, 15
4341626     ,  4.93,  2.44,  2.38,  0.13,  0.00,  186776571,  166789000,   19974000,  199030863, python, iotlab1, mult, 15
4341626     ,  4.95,  2.45,  2.39,  0.13,  0.00,  188078030,  172049000,   16004000,  200501462, python, iotlab1, mult, 15
4341626     ,  4.98,  2.44,  2.38,  0.13,  0.00,  188303696,  171164000,   17016000,  200727948, python, iotlab1, mult, 15
4341626     ,  4.95,  2.44,  2.39,  0.13,  0.00,  187639139,  173633000,   13970000,  200130044, python, iotlab1, mult, 15
4341626     ,  4.94,  2.43,  2.38,  0.13,  0.00,  187864921,  171775000,   15979000,  200276778, python, iotlab1, mult, 15
4341626     ,  5.03,  2.46,  2.40,  0.13,  0.00,  189439550,  173455000,   15949000,  201688842, python, iotlab1, mult, 15
4341626     ,  4.93,  2.40,  2.33,  0.13,  0.00,  187102616,  169946000,   16994000,  199580625, python, iotlab1, mult, 15
4540971     ,  8.85,  4.39,  4.28,  0.25,  0.00,  333049671,  303824000,   28983000,  345370322, python, iotlab1, mult, 15
4540971     ,  8.79,  4.35,  4.24,  0.25,  0.00,  329870460,  299781000,   29978000,  342224223, python, iotlab1, mult, 15
4540971     ,  8.96,  4.42,  4.31,  0.26,  0.00,  335788423,  318197000,   17010000,  348082505, python, iotlab1, mult, 15
4540971     ,  8.70,  4.32,  4.21,  0.25,  0.00,  326955200,  300936000,   25994000,  339529639, python, iotlab1, mult, 15
4540971     ,  8.79,  4.35,  4.25,  0.25,  0.00,  330574722,  308561000,   21968000,  342987796, python, iotlab1, mult, 15
4540971     ,  8.77,  4.32,  4.21,  0.25,  0.00,  328754999,  300660000,   28061000,  341230717, python, iotlab1, mult, 15
4540971     ,  8.78,  4.34,  4.24,  0.25,  0.00,  329344855,  308298000,   21020000,  341905899, python, iotlab1, mult, 15
4540971     ,  8.98,  4.39,  4.29,  0.25,  0.00,  331662829,  304222000,   26931000,  344011977, python, iotlab1, mult, 15
4540971     ,  8.78,  4.30,  4.20,  0.25,  0.00,  329050979,  300015000,   29001000,  341379046, python, iotlab1, mult, 15
4540971     ,  8.89,  4.37,  4.26,  0.25,  0.00,  331216039,  308172000,   23012000,  343681722, python, iotlab1, mult, 15
4829797     , 12.25,  6.13,  5.98,  0.27,  0.00,  480884255,  427587000,   52948000,  493243123, python, iotlab1, mult, 15
4829797     , 11.96,  5.92,  5.77,  0.26,  0.00,  469635104,  412537000,   57074000,  482054884, python, iotlab1, mult, 15
4829797     , 11.42,  5.67,  5.54,  0.25,  0.00,  451006545,  397971000,   52996000,  463532402, python, iotlab1, mult, 15
4829797     , 11.81,  5.83,  5.69,  0.26,  0.00,  464457797,  408497000,   55931000,  477059204, python, iotlab1, mult, 15
4829797     , 11.99,  5.91,  5.76,  0.26,  0.00,  469658052,  425635000,   43962000,  482116527, python, iotlab1, mult, 15
4829797     , 11.83,  5.83,  5.69,  0.26,  0.00,  462070981,  405603000,   55945000,  474831218, python, iotlab1, mult, 15
4829797     , 11.97,  5.95,  5.81,  0.26,  0.00,  472087108,  409922000,   61988000,  484584913, python, iotlab1, mult, 15
4829797     , 11.54,  5.67,  5.54,  0.25,  0.00,  454670166,  386664000,   67941000,  467117148, python, iotlab1, mult, 15
4829797     , 11.87,  5.85,  5.71,  0.26,  0.00,  464778235,  401643000,   63101000,  477309360, python, iotlab1, mult, 15
4829797     , 11.52,  5.68,  5.54,  0.25,  0.00,  456242154,  410127000,   46014000,  468788032, python, iotlab1, mult, 15
5148217     ,  6.93,  3.35,  3.28,  0.17,  0.00,  262801266,  239608000,   22962000,  275781511, python, iotlab1, mult, 15
5148217     ,  6.95,  3.37,  3.30,  0.17,  0.00,  259442900,  242364000,   16955000,  271898146, python, iotlab1, mult, 15
5148217     ,  6.94,  3.38,  3.29,  0.17,  0.00,  259828016,  242808000,   16986000,  272199443, python, iotlab1, mult, 15
5148217     ,  6.97,  3.38,  3.29,  0.17,  0.00,  259590701,  238528000,   20958000,  272173173, python, iotlab1, mult, 15
5148217     ,  6.95,  3.38,  3.29,  0.17,  0.00,  258566372,  232485000,   26054000,  270973261, python, iotlab1, mult, 15
5148217     ,  7.01,  3.44,  3.36,  0.17,  0.00,  261824708,  235823000,   25980000,  274235732, python, iotlab1, mult, 15
5148217     ,  6.98,  3.47,  3.38,  0.17,  0.00,  261798729,  247307000,   13960000,  274326523, python, iotlab1, mult, 15
5148217     ,  6.97,  3.42,  3.34,  0.17,  0.00,  260005172,  238888000,   20990000,  272399666, python, iotlab1, mult, 15
5148217     ,  6.92,  3.40,  3.32,  0.17,  0.00,  259296923,  238322000,   20940000,  271647413, python, iotlab1, mult, 15
5148217     ,  7.00,  3.43,  3.35,  0.17,  0.00,  261352747,  240290000,   21025000,  273706011, python, iotlab1, mult, 15
5522597     , 11.75,  5.70,  5.55,  0.26,  0.00,  469541668,  389561000,   60931000,  481851694, python, iotlab1, mult, 15
5522597     , 11.34,  5.66,  5.52,  0.25,  0.00,  447440659,  401381000,   46043000,  459921527, python, iotlab1, mult, 15
5522597     , 11.69,  5.70,  5.57,  0.26,  0.00,  459619259,  399507000,   59926000,  472247677, python, iotlab1, mult, 15
5522597     , 11.31,  5.55,  5.41,  0.25,  0.00,  444748432,  387704000,   56956000,  457325149, python, iotlab1, mult, 15
5522597     , 11.32,  5.57,  5.43,  0.25,  0.00,  445301100,  393232000,   52030000,  457740855, python, iotlab1, mult, 15
5522597     , 11.34,  5.64,  5.50,  0.25,  0.00,  448967595,  390926000,   57989000,  461357717, python, iotlab1, mult, 15
5522597     , 11.30,  5.54,  5.41,  0.25,  0.00,  445524731,  374523000,   70909000,  457818040, python, iotlab1, mult, 15
5522597     , 11.78,  5.78,  5.63,  0.26,  0.00,  463934607,  400836000,   62974000,  476507740, python, iotlab1, mult, 15
5522597     , 11.48,  5.65,  5.52,  0.25,  0.00,  454893428,  397821000,   56974000,  467557853, python, iotlab1, mult, 15
5522597     , 11.67,  5.70,  5.55,  0.26,  0.00,  458698169,  417745000,   40974000,  471263064, python, iotlab1, mult, 15
5800581     , 12.74,  6.07,  5.91,  0.32,  0.00,  490528285,  406255000,   84052000,  502993620, python, iotlab1, mult, 15
5800581     , 12.53,  6.03,  5.89,  0.32,  0.00,  484686488,  407718000,   76946000,  497115856, python, iotlab1, mult, 15
5800581     , 12.64,  6.08,  5.93,  0.32,  0.00,  487770675,  407782000,   79957000,  500299051, python, iotlab1, mult, 15
5800581     , 12.70,  6.16,  6.01,  0.32,  0.00,  492477932,  417530000,   74915000,  504883724, python, iotlab1, mult, 15
5800581     , 12.76,  6.15,  6.00,  0.32,  0.00,  491996344,  429933000,   61990000,  504357046, python, iotlab1, mult, 15
5800581     , 12.79,  6.09,  5.93,  0.32,  0.00,  490058586,  414023000,   76004000,  502524985, python, iotlab1, mult, 15
5800581     , 12.72,  6.17,  6.01,  0.33,  0.00,  494435347,  410511000,   83900000,  506947860, python, iotlab1, mult, 15
5800581     , 12.67,  6.12,  5.96,  0.32,  0.00,  488586784,  413555000,   74919000,  501114465, python, iotlab1, mult, 15
5800581     , 12.67,  6.11,  5.95,  0.32,  0.00,  486827729,  405763000,   80952000,  499341014, python, iotlab1, mult, 15
5800581     , 12.89,  6.20,  6.04,  0.33,  0.00,  495846610,  435716000,   59960000,  508312192, python, iotlab1, mult, 15
6028628     , 14.98,  7.16,  6.95,  0.49,  0.00,  577415042,  509758000,   66968000,  589880678, python, iotlab1, mult, 15
6028628     , 14.69,  7.12,  6.91,  0.48,  0.00,  573036519,  504993000,   67999000,  585804642, python, iotlab1, mult, 15
6028628     , 14.86,  7.16,  6.95,  0.49,  0.00,  577579834,  523529000,   53951000,  590118147, python, iotlab1, mult, 15
6028628     , 15.90,  7.79,  7.58,  0.52,  0.00,  597856721,  537517000,   60057000,  610261905, python, iotlab1, mult, 15
6028628     , 15.18,  7.17,  6.97,  0.49,  0.00,  584955685,  516947000,   67993000,  597425478, python, iotlab1, mult, 15
6028628     , 14.78,  7.22,  7.02,  0.49,  0.00,  580166425,  519119000,   61014000,  592702323, python, iotlab1, mult, 15
6028628     , 16.26,  7.87,  7.67,  0.53,  0.00,  600606982,  529341000,   70911000,  613091753, python, iotlab1, mult, 15
6028628     , 15.00,  7.08,  6.89,  0.48,  0.00,  574875074,  509385000,   64921000,  587276332, python, iotlab1, mult, 15
6028628     , 14.59,  7.05,  6.86,  0.48,  0.00,  568803768,  490655000,   78104000,  581382776, python, iotlab1, mult, 15
6028628     , 14.85,  7.10,  6.90,  0.48,  0.00,  573785555,  502778000,   70968000,  586489657, python, iotlab1, mult, 15
6212207     , 10.88,  5.37,  5.23,  0.33,  0.00,  413854549,  374646000,   38963000,  426478624, python, iotlab1, mult, 15
6212207     , 10.89,  5.41,  5.28,  0.32,  0.00,  414770189,  369659000,   45080000,  427262051, python, iotlab1, mult, 15
6212207     , 11.09,  5.51,  5.38,  0.33,  0.00,  423063457,  366024000,   57003000,  435471869, python, iotlab1, mult, 15
6212207     , 10.74,  5.35,  5.20,  0.32,  0.00,  410047292,  368926000,   40991000,  422547884, python, iotlab1, mult, 15
6212207     , 10.81,  5.39,  5.25,  0.32,  0.00,  414792098,  371760000,   42972000,  427132574, python, iotlab1, mult, 15
6212207     , 10.89,  5.42,  5.29,  0.32,  0.00,  416841927,  378637000,   38064000,  429248565, python, iotlab1, mult, 15
6212207     , 10.83,  5.39,  5.27,  0.32,  0.00,  413762930,  372533000,   41058000,  426139947, python, iotlab1, mult, 15
6212207     , 10.92,  5.41,  5.22,  0.32,  0.00,  411960227,  365840000,   46105000,  424360960, python, iotlab1, mult, 15
6212207     , 11.14,  5.54,  5.39,  0.33,  0.00,  425131993,  374000000,   51000000,  437571989, python, iotlab1, mult, 15
6212207     , 10.89,  5.41,  5.27,  0.32,  0.00,  414759508,  367183000,   46895000,  427344933, python, iotlab1, mult, 15
672650      ,  6.70,  3.29,  3.21,  0.15,  0.00,  250339337,  241111000,    9004000,  262801156, python, iotlab1, mult, 15
672650      ,  6.58,  3.22,  3.13,  0.15,  0.00,  246461044,  241434000,    4988000,  258769050, python, iotlab1, mult, 15
672650      ,  6.76,  3.26,  3.19,  0.15,  0.00,  250465865,  242441000,    8014000,  263080159, python, iotlab1, mult, 15
672650      ,  6.66,  3.23,  3.15,  0.15,  0.00,  248771230,  241627000,    6989000,  261256536, python, iotlab1, mult, 15
672650      ,  6.67,  3.25,  3.17,  0.15,  0.00,  250169987,  242145000,    8004000,  262408753, python, iotlab1, mult, 15
672650      ,  6.68,  3.25,  3.18,  0.15,  0.00,  250304010,  233174000,   17012000,  262695383, python, iotlab1, mult, 15
672650      ,  6.58,  3.21,  3.13,  0.15,  0.00,  246854053,  234816000,   11990000,  259314229, python, iotlab1, mult, 15
672650      ,  6.69,  3.28,  3.20,  0.15,  0.00,  252086595,  240117000,   11956000,  264592354, python, iotlab1, mult, 15
672650      ,  6.52,  3.19,  3.13,  0.15,  0.00,  245602571,  240445000,    5009000,  258060072, python, iotlab1, mult, 15
672650      ,  6.75,  3.31,  3.22,  0.15,  0.00,  251764671,  239752000,   11987000,  264130171, python, iotlab1, mult, 15
6760218     ,  8.52,  4.16,  4.05,  0.23,  0.00,  315926202,  296669000,   18978000,  328336681, python, iotlab1, mult, 15
6760218     ,  8.77,  4.28,  4.17,  0.23,  0.00,  324756131,  303735000,   20981000,  337208143, python, iotlab1, mult, 15
6760218     ,  8.67,  4.22,  4.13,  0.23,  0.00,  323752113,  301647000,   22047000,  336211163, python, iotlab1, mult, 15
6760218     ,  8.45,  4.11,  4.01,  0.23,  0.00,  313077957,  294022000,   19001000,  325518124, python, iotlab1, mult, 15
6760218     ,  8.59,  4.17,  4.06,  0.23,  0.00,  317537899,  291547000,   25959000,  329917485, python, iotlab1, mult, 15
6760218     ,  8.38,  4.07,  3.96,  0.22,  0.00,  310847165,  284835000,   25984000,  323288421, python, iotlab1, mult, 15
6760218     ,  8.47,  4.11,  4.01,  0.23,  0.00,  315179729,  297141000,   18008000,  327590595, python, iotlab1, mult, 15
6760218     ,  8.56,  4.15,  4.05,  0.23,  0.00,  315251443,  292305000,   22945000,  330606797, python, iotlab1, mult, 15
6760218     ,  8.50,  4.11,  4.01,  0.23,  0.00,  318142408,  293150000,   25012000,  346822281, python, iotlab1, mult, 15
6760218     ,  8.40,  4.09,  3.99,  0.22,  0.00,  311353139,  293311000,   18019000,  323881242, python, iotlab1, mult, 15
7108018     ,  8.19,  3.98,  3.89,  0.22,  0.00,  303821876,  289569000,   14027000,  316269578, python, iotlab1, mult, 15
7108018     ,  8.06,  3.91,  3.82,  0.21,  0.00,  300232925,  277182000,   23015000,  312673917, python, iotlab1, mult, 15
7108018     ,  8.25,  4.01,  3.92,  0.22,  0.00,  306469236,  277398000,   29041000,  318897907, python, iotlab1, mult, 15
7108018     ,  8.31,  4.03,  3.93,  0.22,  0.00,  306562329,  288502000,   17969000,  319150265, python, iotlab1, mult, 15
7108018     ,  8.38,  4.08,  3.97,  0.22,  0.00,  311398352,  295350000,   16019000,  323821516, python, iotlab1, mult, 15
7108018     ,  8.17,  3.98,  3.89,  0.21,  0.00,  302315010,  276274000,   26025000,  314760847, python, iotlab1, mult, 15
7108018     ,  8.26,  4.02,  3.92,  0.22,  0.00,  307859361,  285842000,   21987000,  320350709, python, iotlab1, mult, 15
7108018     ,  8.33,  4.03,  3.92,  0.22,  0.00,  308236465,  286265000,   21943000,  320886127, python, iotlab1, mult, 15
7108018     ,  8.43,  4.08,  3.98,  0.22,  0.00,  311307887,  294806000,   15989000,  323741073, python, iotlab1, mult, 15
7108018     ,  8.32,  4.04,  3.93,  0.22,  0.00,  308621412,  290608000,   17975000,  320912865, python, iotlab1, mult, 15
7194361     ,  7.94,  3.81,  3.65,  0.19,  0.00,  288926655,  271689000,   16980000,  301372297, python, iotlab1, mult, 15
7194361     ,  7.92,  3.85,  3.74,  0.20,  0.00,  294938139,  272844000,   22068000,  307481542, python, iotlab1, mult, 15
7194361     ,  7.64,  3.72,  3.62,  0.19,  0.00,  284327726,  270337000,   13965000,  296928636, python, iotlab1, mult, 15
7194361     ,  7.71,  3.75,  3.65,  0.19,  0.00,  286402576,  266425000,   19956000,  298821424, python, iotlab1, mult, 15
7194361     ,  7.83,  3.80,  3.71,  0.19,  0.00,  290683669,  261542000,   28949000,  303245983, python, iotlab1, mult, 15
7194361     ,  7.85,  3.83,  3.74,  0.19,  0.00,  292007146,  273976000,   17998000,  304498166, python, iotlab1, mult, 15
7194361     ,  7.66,  3.77,  3.67,  0.19,  0.00,  284505034,  259528000,   24954000,  296863160, python, iotlab1, mult, 15
7194361     ,  7.76,  3.80,  3.69,  0.19,  0.00,  287069958,  271032000,   16001000,  299477301, python, iotlab1, mult, 15
7194361     ,  8.11,  3.97,  3.88,  0.20,  0.00,  302029661,  282920000,   18994000,  314427566, python, iotlab1, mult, 15
7194361     ,  7.78,  3.81,  3.71,  0.19,  0.00,  289548495,  260577000,   28953000,  302110645, python, iotlab1, mult, 15
730936      , 11.56,  5.72,  5.59,  0.25,  0.00,  453108331,  394356000,   57905000,  465673203, python, iotlab1, mult, 15
730936      , 11.42,  5.67,  5.53,  0.25,  0.00,  449072695,  381985000,   66997000,  461568673, python, iotlab1, mult, 15
730936      , 11.52,  5.68,  5.53,  0.25,  0.00,  450541059,  402576000,   47949000,  463083177, python, iotlab1, mult, 15
730936      , 11.54,  5.72,  5.58,  0.25,  0.00,  452229871,  384156000,   68027000,  464729236, python, iotlab1, mult, 15
730936      , 11.54,  5.71,  5.56,  0.25,  0.00,  449466128,  389411000,   59909000,  461983892, python, iotlab1, mult, 15
730936      , 11.64,  5.73,  5.59,  0.25,  0.00,  453056260,  394026000,   59004000,  465358180, python, iotlab1, mult, 15
730936      , 11.36,  5.64,  5.50,  0.25,  0.00,  449279363,  396315000,   52908000,  461791010, python, iotlab1, mult, 15
730936      , 11.56,  5.68,  5.55,  0.25,  0.00,  451117887,  391075000,   60011000,  463616364, python, iotlab1, mult, 15
730936      , 11.17,  5.53,  5.39,  0.25,  0.00,  439282633,  386220000,   53030000,  451638421, python, iotlab1, mult, 15
730936      , 11.48,  5.67,  5.52,  0.25,  0.00,  447271079,  382078000,   65013000,  459770400, python, iotlab1, mult, 15
7473925     , 12.83,  6.17,  6.03,  0.30,  0.00,  490590532,  407287000,   83058000,  503149585, python, iotlab1, mult, 15
7473925     , 12.65,  6.08,  5.94,  0.30,  0.00,  482590284,  405470000,   77089000,  495055247, python, iotlab1, mult, 15
7473925     , 12.87,  6.19,  6.03,  0.30,  0.00,  489495580,  405467000,   83889000,  501954767, python, iotlab1, mult, 15
7473925     , 12.64,  6.09,  5.93,  0.30,  0.00,  481534423,  417575000,   63934000,  494060560, python, iotlab1, mult, 15
7473925     , 12.86,  6.19,  6.03,  0.31,  0.00,  491851500,  421005000,   70832000,  504438019, python, iotlab1, mult, 15
7473925     , 12.91,  6.22,  6.07,  0.31,  0.00,  493521433,  439534000,   53942000,  506039684, python, iotlab1, mult, 15
7473925     , 12.77,  6.13,  5.97,  0.30,  0.00,  485444977,  422495000,   62924000,  497789319, python, iotlab1, mult, 15
7473925     , 12.80,  6.11,  5.95,  0.30,  0.00,  487845241,  422835000,   64974000,  500487069, python, iotlab1, mult, 15
7473925     , 12.73,  6.11,  5.96,  0.30,  0.00,  485341970,  424189000,   61027000,  497870493, python, iotlab1, mult, 15
7473925     , 12.81,  6.18,  6.02,  0.30,  0.00,  488189570,  419728000,   67956000,  500498098, python, iotlab1, mult, 15
7933974     ,  9.41,  4.67,  4.56,  0.24,  0.00,  357039474,  322784000,   33977000,  369445025, python, iotlab1, mult, 15
7933974     ,  8.97,  4.45,  4.34,  0.23,  0.00,  338591877,  312604000,   25967000,  350972669, python, iotlab1, mult, 15
7933974     ,  9.05,  4.51,  4.39,  0.23,  0.00,  343429001,  314451000,   28949000,  355796482, python, iotlab1, mult, 15
7933974     ,  8.85,  4.40,  4.29,  0.23,  0.00,  334962593,  309917000,   24993000,  347245310, python, iotlab1, mult, 15
7933974     ,  9.50,  4.70,  4.58,  0.24,  0.00,  359472089,  333308000,   26024000,  372025756, python, iotlab1, mult, 15
7933974     ,  9.25,  4.61,  4.51,  0.23,  0.00,  350382162,  319438000,   30945000,  362903717, python, iotlab1, mult, 15
7933974     ,  9.14,  4.55,  4.44,  0.23,  0.00,  343965315,  319849000,   24063000,  356346889, python, iotlab1, mult, 15
7933974     ,  9.11,  4.53,  4.43,  0.23,  0.00,  346783483,  321775000,   24982000,  359250530, python, iotlab1, mult, 15
7933974     ,  9.01,  4.47,  4.36,  0.23,  0.00,  340244587,  314282000,   25940000,  352528025, python, iotlab1, mult, 15
7933974     ,  9.08,  4.53,  4.43,  0.23,  0.00,  345709571,  318690000,   26973000,  358151893, python, iotlab1, mult, 15
8052594     , 11.56,  5.73,  5.58,  0.25,  0.00,  453749770,  383594000,   69926000,  466057091, python, iotlab1, mult, 15
8052594     , 11.48,  5.69,  5.55,  0.25,  0.00,  448427203,  399481000,   48936000,  460824004, python, iotlab1, mult, 15
8052594     , 11.60,  5.75,  5.62,  0.25,  0.00,  456437399,  396344000,   60052000,  468729266, python, iotlab1, mult, 15
8052594     , 11.70,  5.80,  5.66,  0.26,  0.00,  457896756,  403400000,   53919000,  470498381, python, iotlab1, mult, 15
8052594     , 11.45,  5.72,  5.57,  0.25,  0.00,  450509567,  390408000,   60062000,  462905867, python, iotlab1, mult, 15
8052594     , 11.61,  5.73,  5.59,  0.25,  0.00,  454088846,  389956000,   63992000,  466627975, python, iotlab1, mult, 15
8052594     , 11.50,  5.67,  5.54,  0.25,  0.00,  449744591,  395747000,   53965000,  462416766, python, iotlab1, mult, 15
8052594     , 11.26,  5.57,  5.43,  0.25,  0.00,  441676384,  392573000,   49071000,  454121990, python, iotlab1, mult, 15
8052594     , 11.22,  5.54,  5.40,  0.25,  0.00,  439811731,  391806000,   47976000,  452203065, python, iotlab1, mult, 15
8052594     , 11.42,  5.59,  5.45,  0.25,  0.00,  447706077,  387671000,   59949000,  460376337, python, iotlab1, mult, 15
8697765     ,  6.69,  3.30,  3.22,  0.18,  0.00,  252160929,  234916000,   16993000,  264609178, python, iotlab1, mult, 15
8697765     ,  6.75,  3.35,  3.27,  0.18,  0.00,  255943957,  237914000,   17993000,  268290565, python, iotlab1, mult, 15
8697765     ,  6.86,  3.38,  3.29,  0.18,  0.00,  258881717,  238435000,   19952000,  271392798, python, iotlab1, mult, 15
8697765     ,  6.70,  3.31,  3.22,  0.18,  0.00,  252682411,  228677000,   23966000,  265163371, python, iotlab1, mult, 15
8697765     ,  6.64,  3.26,  3.18,  0.17,  0.00,  249023939,  227996000,   20999000,  261494414, python, iotlab1, mult, 15
8697765     ,  6.60,  3.26,  3.18,  0.17,  0.00,  248568157,  225594000,   22958000,  261077370, python, iotlab1, mult, 15
8697765     ,  6.76,  3.35,  3.27,  0.18,  0.00,  255094232,  243065000,   12003000,  267617138, python, iotlab1, mult, 15
8697765     ,  6.72,  3.31,  3.22,  0.18,  0.00,  252690764,  236679000,   15978000,  265171137, python, iotlab1, mult, 15
8697765     ,  6.67,  3.30,  3.22,  0.18,  0.00,  251229142,  229196000,   22018000,  263781294, python, iotlab1, mult, 15
8697765     ,  6.66,  3.28,  3.20,  0.17,  0.00,  250162404,  227123000,   23012000,  262521964, python, iotlab1, mult, 15
8713235     , 15.13,  7.27,  7.08,  0.43,  0.00,  584730693,  500550000,   83924000,  597147332, python, iotlab1, mult, 15
8713235     , 14.95,  7.25,  7.05,  0.42,  0.00,  577269872,  499377000,   77902000,  589677760, python, iotlab1, mult, 15
8713235     , 15.34,  7.35,  7.15,  0.43,  0.00,  583678528,  510567000,   73081000,  596138759, python, iotlab1, mult, 15
8713235     , 15.50,  7.53,  7.32,  0.43,  0.00,  599388719,  511300000,   88051000,  611866802, python, iotlab1, mult, 15
8713235     , 15.25,  7.38,  7.19,  0.43,  0.00,  592105232,  526938000,   64992000,  604615473, python, iotlab1, mult, 15
8713235     , 15.36,  7.42,  7.22,  0.43,  0.00,  593976475,  527944000,   65993000,  606455968, python, iotlab1, mult, 15
8713235     , 15.27,  7.38,  7.18,  0.43,  0.00,  591022602,  519538000,   70936000,  603501857, python, iotlab1, mult, 15
8713235     , 15.17,  7.35,  7.15,  0.43,  0.00,  586690241,  497626000,   88933000,  599141382, python, iotlab1, mult, 15
8713235     , 15.19,  7.33,  7.12,  0.43,  0.00,  591198221,  505202000,   85864000,  603731477, python, iotlab1, mult, 15
8713235     , 14.99,  7.24,  7.06,  0.42,  0.00,  581663698,  512656000,   68953000,  594107201, python, iotlab1, mult, 15
9059777     ,  9.61,  4.66,  4.54,  0.21,  0.00,  374610288,  321299000,   53049000,  386926582, python, iotlab1, mult, 15
9059777     ,  9.58,  4.65,  4.53,  0.21,  0.00,  376227833,  328160000,   48023000,  388656255, python, iotlab1, mult, 15
9059777     ,  9.66,  4.67,  4.56,  0.21,  0.00,  379612844,  327558000,   51929000,  392006184, python, iotlab1, mult, 15
9059777     ,  9.69,  4.70,  4.59,  0.21,  0.00,  381857402,  328845000,   52975000,  394167935, python, iotlab1, mult, 15
9059777     ,  9.68,  4.69,  4.57,  0.21,  0.00,  378507967,  330530000,   47931000,  390876705, python, iotlab1, mult, 15
9059777     ,  9.62,  4.66,  4.54,  0.21,  0.00,  376156503,  317076000,   59014000,  388685467, python, iotlab1, mult, 15
9059777     ,  9.65,  4.69,  4.57,  0.21,  0.00,  379021332,  326006000,   53001000,  391461424, python, iotlab1, mult, 15
9059777     ,  9.56,  4.65,  4.53,  0.21,  0.00,  373054828,  320010000,   53001000,  385331613, python, iotlab1, mult, 15
9059777     ,  9.68,  4.67,  4.56,  0.21,  0.00,  379089348,  330031000,   49004000,  391579372, python, iotlab1, mult, 15
9059777     ,  9.66,  4.64,  4.52,  0.21,  0.00,  375428426,  331289000,   44038000,  387935956, python, iotlab1, mult, 15
9115215     , 12.64,  6.06,  5.90,  0.27,  0.00,  483054545,  441808000,   41075000,  495365677, python, iotlab1, mult, 15
9115215     , 12.76,  6.15,  5.99,  0.27,  0.00,  492238686,  451300000,   40936000,  504724162, python, iotlab1, mult, 15
9115215     , 12.63,  6.05,  5.91,  0.27,  0.00,  483968605,  421822000,   62121000,  496404015, python, iotlab1, mult, 15
9115215     , 12.48,  5.97,  5.83,  0.27,  0.00,  478179505,  425022000,   53002000,  490611690, python, iotlab1, mult, 15
9115215     , 12.51,  6.01,  5.87,  0.27,  0.00,  481230529,  430038000,   51004000,  493902272, python, iotlab1, mult, 15
9115215     , 12.65,  6.11,  5.96,  0.27,  0.00,  486805899,  443611000,   43059000,  499304900, python, iotlab1, mult, 15
9115215     , 12.55,  6.05,  5.90,  0.27,  0.00,  484242010,  428171000,   56022000,  496689244, python, iotlab1, mult, 15
9115215     , 12.42,  5.96,  5.83,  0.26,  0.00,  475792512,  428697000,   46966000,  488375453, python, iotlab1, mult, 15
9115215     , 12.41,  5.94,  5.78,  0.27,  0.00,  476211359,  429186000,   47020000,  488791264, python, iotlab1, mult, 15
9115215     , 12.49,  6.02,  5.88,  0.27,  0.00,  482457669,  430487000,   51938000,  494895742, python, iotlab1, mult, 15
9163291     , 11.34,  5.43,  5.29,  0.25,  0.00,  440481147,  400209000,   40020000,  453052748, python, iotlab1, mult, 15
9163291     , 11.38,  5.49,  5.34,  0.25,  0.00,  442496910,  387421000,   55059000,  454977997, python, iotlab1, mult, 15
9163291     , 11.22,  5.47,  5.34,  0.25,  0.00,  437357045,  386420000,   50923000,  449873379, python, iotlab1, mult, 15
9163291     , 12.08,  5.95,  5.81,  0.27,  0.00,  450445069,  395528000,   54934000,  463051412, python, iotlab1, mult, 15
9163291     , 11.23,  5.40,  5.26,  0.25,  0.00,  430603693,  373124000,   56866000,  443076722, python, iotlab1, mult, 15
9163291     , 11.37,  5.52,  5.38,  0.25,  0.00,  440909861,  385838000,   54977000,  453512270, python, iotlab1, mult, 15
9163291     , 11.21,  5.42,  5.29,  0.25,  0.00,  433767265,  388529000,   44945000,  446208866, python, iotlab1, mult, 15
9163291     , 12.49,  6.24,  6.10,  0.29,  0.00,  459875731,  405740000,   53965000,  472415821, python, iotlab1, mult, 15
9163291     , 11.11,  5.39,  5.26,  0.25,  0.00,  432436027,  378457000,   53922000,  444924437, python, iotlab1, mult, 15
9163291     , 11.27,  5.41,  5.27,  0.25,  0.00,  435414560,  390343000,   45039000,  447725371, python, iotlab1, mult, 15
9331752     , 14.96,  7.26,  7.08,  0.31,  0.00,  575024136,  521794000,   52979000,  587457218, python, iotlab1, mult, 15
9331752     , 15.74,  7.61,  7.42,  0.32,  0.00,  602949454,  545917000,   56991000,  615298061, python, iotlab1, mult, 15
9331752     , 15.25,  7.34,  7.16,  0.31,  0.00,  581690766,  533699000,   47973000,  594208036, python, iotlab1, mult, 15
9331752     , 15.48,  7.46,  7.27,  0.31,  0.00,  590568198,  532488000,   58053000,  603087544, python, iotlab1, mult, 15
9331752     , 15.05,  7.24,  7.07,  0.31,  0.00,  573901669,  512418000,   60930000,  586420267, python, iotlab1, mult, 15
9331752     , 14.91,  7.17,  7.00,  0.30,  0.00,  571216991,  519162000,   52016000,  583719611, python, iotlab1, mult, 15
9331752     , 15.11,  7.29,  7.11,  0.31,  0.00,  578625081,  524543000,   54056000,  591134864, python, iotlab1, mult, 15
9331752     , 15.08,  7.32,  7.14,  0.31,  0.00,  576544443,  520468000,   56050000,  588871244, python, iotlab1, mult, 15
9331752     , 15.10,  7.31,  7.13,  0.31,  0.00,  580130320,  523998000,   55999000,  592614909, python, iotlab1, mult, 15
9331752     , 15.60,  7.53,  7.35,  0.32,  0.00,  595780868,  532670000,   63079000,  608164679, python, iotlab1, mult, 15
9440519     , 12.86,  6.32,  6.15,  0.28,  0.00,  503485151,  441116000,   62016000,  516000010, python, iotlab1, mult, 15
9440519     , 12.49,  6.23,  6.08,  0.27,  0.00,  493978373,  432966000,   60995000,  506452660, python, iotlab1, mult, 15
9440519     , 12.75,  6.31,  6.16,  0.28,  0.00,  501553509,  450577000,   50952000,  513855715, python, iotlab1, mult, 15
9440519     , 12.69,  6.26,  6.10,  0.28,  0.00,  497115385,  449046000,   48004000,  509690702, python, iotlab1, mult, 15
9440519     , 12.66,  6.21,  6.06,  0.28,  0.00,  495906551,  434682000,   60955000,  508428620, python, iotlab1, mult, 15
9440519     , 12.89,  6.34,  6.19,  0.28,  0.00,  504306421,  454284000,   49921000,  516751980, python, iotlab1, mult, 15
9440519     , 12.74,  6.26,  6.11,  0.28,  0.00,  498164110,  445130000,   53015000,  510700080, python, iotlab1, mult, 15
9440519     , 12.81,  6.27,  6.11,  0.28,  0.00,  499144586,  440021000,   59002000,  511681242, python, iotlab1, mult, 15
9440519     , 12.66,  6.26,  6.11,  0.27,  0.00,  496219794,  435314000,   60904000,  508770350, python, iotlab1, mult, 15
9440519     , 12.66,  6.23,  6.07,  0.27,  0.00,  493343566,  441277000,   52032000,  505970563, python, iotlab1, mult, 15
9476942     ,  5.76,  2.77,  2.69,  0.19,  0.00,  215703418,  184406000,   31068000,  228085167, python, iotlab1, mult, 15
9476942     ,  5.68,  2.72,  2.65,  0.19,  0.00,  213528945,  180567000,   32921000,  225866370, python, iotlab1, mult, 15
9476942     ,  5.82,  2.80,  2.72,  0.19,  0.00,  216632820,  182653000,   33935000,  229081371, python, iotlab1, mult, 15
9476942     ,  5.69,  2.74,  2.68,  0.19,  0.00,  213683952,  181706000,   31948000,  226194154, python, iotlab1, mult, 15
9476942     ,  5.69,  2.74,  2.67,  0.19,  0.00,  212821853,  184828000,   27974000,  225283518, python, iotlab1, mult, 15
9476942     ,  5.82,  2.81,  2.73,  0.19,  0.00,  217859577,  189850000,   27978000,  230292267, python, iotlab1, mult, 15
9476942     ,  5.66,  2.71,  2.63,  0.19,  0.00,  212123474,  184065000,   28009000,  224535010, python, iotlab1, mult, 15
9476942     ,  5.69,  2.74,  2.67,  0.19,  0.00,  213267576,  182348000,   30889000,  225581738, python, iotlab1, mult, 15
9476942     ,  5.86,  2.77,  2.64,  0.19,  0.00,  212875265,  184742000,   28112000,  225307223, python, iotlab1, mult, 15
9476942     ,  5.72,  2.76,  2.68,  0.19,  0.00,  214014981,  180996000,   32999000,  226478727, python, iotlab1, mult, 15
9512626     ,  7.37,  3.60,  3.50,  0.17,  0.00,  275620635,  265442000,    9979000,  288894534, python, iotlab1, mult, 15
9512626     ,  7.28,  3.55,  3.47,  0.16,  0.00,  273370097,  264246000,    8974000,  285876554, python, iotlab1, mult, 15
9512626     ,  7.39,  3.66,  3.56,  0.17,  0.00,  277271332,  270731000,    5994000,  289857272, python, iotlab1, mult, 15
9512626     ,  7.32,  3.60,  3.51,  0.16,  0.00,  275348050,  267275000,    8008000,  287812818, python, iotlab1, mult, 15
9512626     ,  7.62,  3.68,  3.60,  0.17,  0.00,  279764692,  270747000,    8991000,  292290239, python, iotlab1, mult, 15
9512626     ,  7.41,  3.59,  3.51,  0.16,  0.00,  274447683,  260392000,   14021000,  286845591, python, iotlab1, mult, 15
9512626     ,  7.29,  3.55,  3.46,  0.16,  0.00,  271348308,  265314000,    6007000,  283778872, python, iotlab1, mult, 15
9512626     ,  7.39,  3.59,  3.50,  0.16,  0.00,  275441855,  267412000,    7982000,  287996314, python, iotlab1, mult, 15
9512626     ,  7.46,  3.62,  3.53,  0.17,  0.00,  278857613,  260828000,   17988000,  291346324, python, iotlab1, mult, 15
9512626     ,  7.51,  3.66,  3.58,  0.17,  0.00,  282473130,  275457000,    6986000,  294966738, python, iotlab1, mult, 15
9651472     ,  7.13,  3.60,  3.52,  0.16,  0.00,  275584848,  265223000,   10008000,  288026945, python, iotlab1, mult, 15
9651472     ,  7.26,  3.66,  3.57,  0.17,  0.00,  278679840,  267525000,   11021000,  291232992, python, iotlab1, mult, 15
9651472     ,  7.20,  3.62,  3.52,  0.16,  0.00,  276981353,  265911000,   10996000,  289464048, python, iotlab1, mult, 15
9651472     ,  7.02,  3.54,  3.46,  0.16,  0.00,  271030517,  257026000,   14001000,  283636196, python, iotlab1, mult, 15
9651472     ,  7.16,  3.61,  3.53,  0.16,  0.00,  274987098,  262961000,   11998000,  287358096, python, iotlab1, mult, 15
9651472     ,  7.13,  3.58,  3.49,  0.16,  0.00,  273431950,  263404000,    9977000,  286092091, python, iotlab1, mult, 15
9651472     ,  7.25,  3.64,  3.55,  0.17,  0.00,  278404881,  270374000,    8011000,  290995637, python, iotlab1, mult, 15
9651472     ,  7.27,  3.64,  3.55,  0.17,  0.00,  280803523,  271821000,    8961000,  293224196, python, iotlab1, mult, 15
9651472     ,  7.15,  3.59,  3.51,  0.16,  0.00,  276027181,  270003000,    6000000,  288442065, python, iotlab1, mult, 15
9651472     ,  7.62,  3.84,  3.75,  0.17,  0.00,  293746252,  282737000,   10989000,  306299888, python, iotlab1, mult, 15
9816686     ,  6.19,  2.96,  2.89,  0.16,  0.00,  229664323,  214254000,   15017000,  242078707, python, iotlab1, mult, 15
9816686     ,  6.16,  2.97,  2.89,  0.16,  0.00,  227489422,  207401000,   20038000,  240119132, python, iotlab1, mult, 15
9816686     ,  6.18,  2.98,  2.90,  0.16,  0.00,  229711621,  219655000,   10029000,  242049543, python, iotlab1, mult, 15
9816686     ,  6.18,  2.99,  2.92,  0.16,  0.00,  229068128,  208040000,   21004000,  241617256, python, iotlab1, mult, 15
9816686     ,  6.39,  3.07,  3.00,  0.16,  0.00,  236709777,  218570000,   18047000,  249166755, python, iotlab1, mult, 15
9816686     ,  6.14,  2.96,  2.88,  0.16,  0.00,  227676718,  204595000,   23067000,  240237741, python, iotlab1, mult, 15
9816686     ,  6.18,  2.97,  2.89,  0.16,  0.00,  228338967,  210263000,   18022000,  240777422, python, iotlab1, mult, 15
9816686     ,  6.15,  2.98,  2.90,  0.16,  0.00,  228427192,  211381000,   17030000,  240832653, python, iotlab1, mult, 15
9816686     ,  6.17,  2.99,  2.92,  0.16,  0.00,  229338148,  210275000,   19024000,  241796459, python, iotlab1, mult, 15
9816686     ,  6.23,  3.01,  2.94,  0.16,  0.00,  229478151,  209333000,   20031000,  241966860, python, iotlab1, mult, 15
