file,psys,pkg,cores,ram,gpu,duration_time,user_time,system_time,perf_time,lang,machine,cores,power_limit
entry_1064081.class,  9.02,  3.97,  3.84,  0.31,  0.00,  381030073,  642484000,   59321000,  411849634, java, iotlab1, sing, 15
entry_1064081.class,  7.88,  4.01,  3.91,  0.26,  0.00,  284759942,  617351000,   31017000,  297050750, java, iotlab1, sing, 15
entry_1064081.class,  8.15,  4.08,  3.98,  0.27,  0.00,  299621976,  627032000,   36467000,  311923638, java, iotlab1, sing, 15
entry_1064081.class,  7.97,  4.03,  3.93,  0.26,  0.00,  286845482,  611469000,   39222000,  299281499, java, iotlab1, sing, 15
entry_1064081.class,  8.04,  4.07,  3.97,  0.27,  0.00,  289915395,  625758000,   35382000,  302360373, java, iotlab1, sing, 15
entry_1064081.class,  7.82,  3.95,  3.85,  0.26,  0.00,  284218156,  610377000,   42164000,  296486055, java, iotlab1, sing, 15
entry_1064081.class,  8.05,  4.07,  3.97,  0.27,  0.00,  291630094,  620881000,   39992000,  303978881, java, iotlab1, sing, 15
entry_1064081.class,  8.35,  4.12,  4.01,  0.27,  0.00,  310778217,  607278000,   37954000,  323203066, java, iotlab1, sing, 15
entry_1064081.class,  7.91,  4.03,  3.94,  0.26,  0.00,  285374692,  628811000,   30038000,  297829586, java, iotlab1, sing, 15
entry_1064081.class,  8.16,  4.06,  3.96,  0.26,  0.00,  290475808,  610251000,   26225000,  302697850, java, iotlab1, sing, 15
entry_10660164.class,  4.59,  2.25,  2.19,  0.13,  0.00,  172200451,  343372000,   27108000,  185124908, java, iotlab1, sing, 15
entry_10660164.class,  4.02,  2.01,  1.96,  0.12,  0.00,  145949552,  300714000,   31707000,  158349807, java, iotlab1, sing, 15
entry_10660164.class,  4.04,  2.01,  1.96,  0.12,  0.00,  146952047,  307169000,   26667000,  159373904, java, iotlab1, sing, 15
entry_10660164.class,  4.01,  2.00,  1.94,  0.12,  0.00,  146612599,  297376000,   32040000,  159067521, java, iotlab1, sing, 15
entry_10660164.class,  4.02,  2.01,  1.96,  0.12,  0.00,  145886886,  305695000,   23515000,  158157510, java, iotlab1, sing, 15
entry_10660164.class,  4.04,  2.00,  1.95,  0.12,  0.00,  146854296,  302806000,   21985000,  159226353, java, iotlab1, sing, 15
entry_10660164.class,  4.11,  2.04,  1.98,  0.12,  0.00,  150305963,  306124000,   34013000,  162546225, java, iotlab1, sing, 15
entry_10660164.class,  3.96,  1.95,  1.91,  0.12,  0.00,  147771367,  310251000,   22160000,  160134699, java, iotlab1, sing, 15
entry_10660164.class,  4.06,  2.04,  1.99,  0.12,  0.00,  148162271,  317768000,   26063000,  160513293, java, iotlab1, sing, 15
entry_10660164.class,  4.05,  2.01,  1.96,  0.12,  0.00,  148537014,  311864000,   21712000,  160854533, java, iotlab1, sing, 15
entry_10702053.class,  5.02,  2.49,  2.42,  0.15,  0.00,  184293653,  386332000,   34029000,  196809626, java, iotlab1, sing, 15
entry_10702053.class,  4.91,  2.43,  2.37,  0.15,  0.00,  177727955,  371765000,   31894000,  190221451, java, iotlab1, sing, 15
entry_10702053.class,  5.11,  2.55,  2.49,  0.15,  0.00,  186407438,  391732000,   34622000,  198782501, java, iotlab1, sing, 15
entry_10702053.class,  4.99,  2.47,  2.40,  0.15,  0.00,  180461336,  361477000,   39051000,  192816736, java, iotlab1, sing, 15
entry_10702053.class,  4.97,  2.45,  2.38,  0.15,  0.00,  180958079,  356414000,   41931000,  193476978, java, iotlab1, sing, 15
entry_10702053.class,  5.28,  2.56,  2.49,  0.16,  0.00,  198041538,  388319000,   30180000,  210413412, java, iotlab1, sing, 15
entry_10702053.class,  5.00,  2.45,  2.38,  0.15,  0.00,  184223864,  366749000,   35683000,  197839102, java, iotlab1, sing, 15
entry_10702053.class,  5.08,  2.50,  2.43,  0.15,  0.00,  187019849,  375876000,   47746000,  200520069, java, iotlab1, sing, 15
entry_10702053.class,  4.94,  2.46,  2.40,  0.15,  0.00,  181025050,  375710000,   28977000,  193560766, java, iotlab1, sing, 15
entry_10702053.class,  4.82,  2.41,  2.35,  0.14,  0.00,  174684341,  334370000,   31750000,  187239094, java, iotlab1, sing, 15
entry_10831190.class,  5.17,  2.47,  2.40,  0.17,  0.00,  194844358,  415991000,   36173000,  207993977, java, iotlab1, sing, 15
entry_10831190.class,  4.96,  2.48,  2.43,  0.16,  0.00,  175009553,  412681000,   33810000,  187353573, java, iotlab1, sing, 15
entry_10831190.class,  5.04,  2.49,  2.43,  0.16,  0.00,  177220741,  411425000,   37038000,  189610281, java, iotlab1, sing, 15
entry_10831190.class,  5.00,  2.49,  2.43,  0.16,  0.00,  175958266,  406779000,   38788000,  188392790, java, iotlab1, sing, 15
entry_10831190.class,  5.03,  2.53,  2.46,  0.16,  0.00,  177283201,  405777000,   38357000,  189842309, java, iotlab1, sing, 15
entry_10831190.class,  4.91,  2.47,  2.41,  0.15,  0.00,  172668869,  378708000,   32801000,  184916031, java, iotlab1, sing, 15
entry_10831190.class,  5.18,  2.58,  2.52,  0.16,  0.00,  180149037,  406015000,   34511000,  192492678, java, iotlab1, sing, 15
entry_10831190.class,  5.07,  2.49,  2.43,  0.16,  0.00,  177127607,  409303000,   37027000,  189660915, java, iotlab1, sing, 15
entry_10831190.class,  5.10,  2.55,  2.49,  0.16,  0.00,  177673272,  408565000,   34047000,  190062174, java, iotlab1, sing, 15
entry_10831190.class,  5.11,  2.54,  2.48,  0.16,  0.00,  176894550,  402937000,   43424000,  189396691, java, iotlab1, sing, 15
entry_1089858.class,  6.63,  3.32,  3.25,  0.20,  0.00,  234463373,  489947000,   42341000,  247250194, java, iotlab1, sing, 15
entry_1089858.class,  6.62,  3.27,  3.18,  0.20,  0.00,  239182913,  514493000,   31090000,  251473036, java, iotlab1, sing, 15
entry_1089858.class,  6.69,  3.32,  3.23,  0.20,  0.00,  233701527,  494830000,   42812000,  246076157, java, iotlab1, sing, 15
entry_1089858.class,  6.65,  3.30,  3.22,  0.21,  0.00,  234731152,  530046000,   41237000,  247110289, java, iotlab1, sing, 15
entry_1089858.class,  6.55,  3.24,  3.17,  0.20,  0.00,  233951041,  504316000,   44379000,  246437801, java, iotlab1, sing, 15
entry_1089858.class,  6.70,  3.34,  3.27,  0.21,  0.00,  234400301,  540018000,   35262000,  246878775, java, iotlab1, sing, 15
entry_1089858.class,  6.74,  3.35,  3.27,  0.20,  0.00,  237796387,  527476000,   41589000,  250019704, java, iotlab1, sing, 15
entry_1089858.class,  6.67,  3.33,  3.25,  0.20,  0.00,  233359435,  495602000,   37893000,  245538019, java, iotlab1, sing, 15
entry_1089858.class,  6.43,  3.20,  3.13,  0.19,  0.00,  228134618,  483059000,   32271000,  240493480, java, iotlab1, sing, 15
entry_1089858.class,  6.63,  3.31,  3.23,  0.20,  0.00,  234005504,  502414000,   37104000,  246382217, java, iotlab1, sing, 15
entry_10958768.class,  5.06,  2.44,  2.38,  0.16,  0.00,  189366485,  393184000,   39318000,  202789057, java, iotlab1, sing, 15
entry_10958768.class,  4.71,  2.36,  2.30,  0.14,  0.00,  165487792,  336220000,   32603000,  177805546, java, iotlab1, sing, 15
entry_10958768.class,  4.92,  2.45,  2.39,  0.15,  0.00,  171809860,  364757000,   22290000,  184262532, java, iotlab1, sing, 15
entry_10958768.class,  4.78,  2.37,  2.31,  0.14,  0.00,  171001282,  328921000,   43989000,  184313802, java, iotlab1, sing, 15
entry_10958768.class,  4.69,  2.34,  2.28,  0.14,  0.00,  164568834,  334384000,   41674000,  176890178, java, iotlab1, sing, 15
entry_10958768.class,  4.77,  2.35,  2.29,  0.14,  0.00,  170358042,  333754000,   40050000,  183400002, java, iotlab1, sing, 15
entry_10958768.class,  4.77,  2.37,  2.31,  0.15,  0.00,  171170471,  335087000,   44275000,  184203917, java, iotlab1, sing, 15
entry_10958768.class,  4.69,  2.35,  2.30,  0.14,  0.00,  164598547,  334104000,   36011000,  177143555, java, iotlab1, sing, 15
entry_10958768.class,  5.17,  2.54,  2.47,  0.16,  0.00,  180967085,  384777000,   36645000,  193376022, java, iotlab1, sing, 15
entry_10958768.class,  4.91,  2.47,  2.41,  0.15,  0.00,  170677581,  344258000,   38250000,  182935712, java, iotlab1, sing, 15
entry_11003591.class,  6.46,  2.51,  2.41,  0.24,  0.00,  312280531,  588140000,   52832000,  324563340, java, iotlab1, sing, 15
entry_11003591.class,  5.36,  2.67,  2.61,  0.17,  0.00,  189531027,  392566000,   51549000,  201909739, java, iotlab1, sing, 15
entry_11003591.class,  5.46,  2.69,  2.62,  0.17,  0.00,  191654725,  427293000,   43232000,  203970662, java, iotlab1, sing, 15
entry_11003591.class,  5.53,  2.76,  2.69,  0.18,  0.00,  192279694,  426508000,   42650000,  204805133, java, iotlab1, sing, 15
entry_11003591.class,  5.46,  2.72,  2.65,  0.18,  0.00,  194827644,  431951000,   34075000,  207120450, java, iotlab1, sing, 15
entry_11003591.class,  5.47,  2.69,  2.62,  0.17,  0.00,  194916408,  400786000,   47448000,  208305810, java, iotlab1, sing, 15
entry_11003591.class,  5.53,  2.71,  2.64,  0.18,  0.00,  197885767,  419244000,   54383000,  211833770, java, iotlab1, sing, 15
entry_11003591.class,  5.44,  2.70,  2.64,  0.17,  0.00,  189608123,  405127000,   39012000,  201981688, java, iotlab1, sing, 15
entry_11003591.class,  5.38,  2.67,  2.61,  0.17,  0.00,  190342427,  397509000,   48427000,  202720355, java, iotlab1, sing, 15
entry_11003591.class,  5.55,  2.73,  2.67,  0.18,  0.00,  192822439,  425443000,   44149000,  205288214, java, iotlab1, sing, 15
entry_1103536.class,  2.33,  1.13,  1.11,  0.06,  0.00,   85516761,  134852000,   14983000,   98499863, java, iotlab1, sing, 15
entry_1103536.class,  2.33,  1.13,  1.11,  0.07,  0.00,   88384082,  116025000,   16575000,  100839278, java, iotlab1, sing, 15
entry_1103536.class,  2.38,  1.19,  1.16,  0.06,  0.00,   84069693,  131480000,   17193000,   96687159, java, iotlab1, sing, 15
entry_1103536.class,  2.31,  1.15,  1.14,  0.06,  0.00,   83775972,  127151000,   20539000,   95952962, java, iotlab1, sing, 15
entry_1103536.class,  2.37,  1.17,  1.15,  0.06,  0.00,   85983419,  132922000,   17592000,   98457299, java, iotlab1, sing, 15
entry_1103536.class,  2.30,  1.14,  1.12,  0.06,  0.00,   84168799,  128750000,   19111000,   96672891, java, iotlab1, sing, 15
entry_1103536.class,  2.35,  1.17,  1.14,  0.07,  0.00,   85726708,  128534000,   23096000,   98052071, java, iotlab1, sing, 15
entry_1103536.class,  2.37,  1.19,  1.16,  0.06,  0.00,   84099319,  129480000,   17656000,   96529866, java, iotlab1, sing, 15
entry_1103536.class,  2.34,  1.17,  1.15,  0.06,  0.00,   85295835,  133675000,   16579000,   97758342, java, iotlab1, sing, 15
entry_1103536.class,  2.36,  1.18,  1.16,  0.06,  0.00,   85237005,  131133000,   18875000,   97628030, java, iotlab1, sing, 15
entry_11213952.class,  5.21,  2.54,  2.48,  0.17,  0.00,  186315238,  437375000,   44138000,  200828592, java, iotlab1, sing, 15
entry_11213952.class,  5.35,  2.67,  2.60,  0.17,  0.00,  184769004,  436760000,   38066000,  197299449, java, iotlab1, sing, 15
entry_11213952.class,  5.21,  2.60,  2.54,  0.17,  0.00,  179082692,  414499000,   47942000,  191464633, java, iotlab1, sing, 15
entry_11213952.class,  5.28,  2.59,  2.53,  0.17,  0.00,  186084043,  409283000,   57039000,  198778249, java, iotlab1, sing, 15
entry_11213952.class,  5.31,  2.66,  2.59,  0.17,  0.00,  182433075,  420753000,   46972000,  194884304, java, iotlab1, sing, 15
entry_11213952.class,  5.28,  2.64,  2.58,  0.17,  0.00,  182925507,  433882000,   44576000,  195325108, java, iotlab1, sing, 15
entry_11213952.class,  5.29,  2.65,  2.59,  0.17,  0.00,  182240052,  430564000,   41053000,  194608213, java, iotlab1, sing, 15
entry_11213952.class,  5.32,  2.63,  2.57,  0.17,  0.00,  187012523,  437005000,   42486000,  199527578, java, iotlab1, sing, 15
entry_11213952.class,  5.29,  2.63,  2.56,  0.17,  0.00,  182257101,  436100000,   42618000,  194610343, java, iotlab1, sing, 15
entry_11213952.class,  5.34,  2.66,  2.60,  0.17,  0.00,  185116102,  432504000,   39045000,  197513921, java, iotlab1, sing, 15
entry_11219271.class,  4.61,  2.20,  2.14,  0.15,  0.00,  168854378,  334477000,   43715000,  182590957, java, iotlab1, sing, 15
entry_11219271.class,  4.62,  2.31,  2.25,  0.14,  0.00,  161664493,  330389000,   36373000,  173946465, java, iotlab1, sing, 15
entry_11219271.class,  4.61,  2.30,  2.24,  0.14,  0.00,  161086725,  329437000,   42540000,  173470969, java, iotlab1, sing, 15
entry_11219271.class,  5.00,  2.47,  2.41,  0.15,  0.00,  177166030,  349313000,   45300000,  189592294, java, iotlab1, sing, 15
entry_11219271.class,  4.58,  2.28,  2.23,  0.14,  0.00,  160011859,  325962000,   39115000,  172359896, java, iotlab1, sing, 15
entry_11219271.class,  4.87,  2.41,  2.35,  0.15,  0.00,  172917313,  349904000,   44625000,  185337792, java, iotlab1, sing, 15
entry_11219271.class,  4.58,  2.29,  2.24,  0.14,  0.00,  159509492,  317160000,   46168000,  172018186, java, iotlab1, sing, 15
entry_11219271.class,  4.59,  2.27,  2.21,  0.14,  0.00,  160240955,  322343000,   41914000,  172453494, java, iotlab1, sing, 15
entry_11219271.class,  4.77,  2.31,  2.26,  0.15,  0.00,  176664957,  320273000,   47891000,  189091723, java, iotlab1, sing, 15
entry_11219271.class,  4.60,  2.28,  2.22,  0.14,  0.00,  159017789,  321021000,   42134000,  171434132, java, iotlab1, sing, 15
entry_11304426.class,  4.55,  2.19,  2.13,  0.14,  0.00,  168501951,  342058000,   34306000,  181360887, java, iotlab1, sing, 15
entry_11304426.class,  4.59,  2.25,  2.19,  0.14,  0.00,  166402438,  326517000,   39182000,  178952645, java, iotlab1, sing, 15
entry_11304426.class,  4.42,  2.19,  2.13,  0.13,  0.00,  160125855,  316909000,   35541000,  172629764, java, iotlab1, sing, 15
entry_11304426.class,  4.44,  2.20,  2.14,  0.13,  0.00,  160546547,  328020000,   29462000,  172843037, java, iotlab1, sing, 15
entry_11304426.class,  4.56,  2.26,  2.21,  0.14,  0.00,  165703742,  340572000,   34057000,  178146634, java, iotlab1, sing, 15
entry_11304426.class,  4.49,  2.21,  2.16,  0.13,  0.00,  162465691,  325741000,   38441000,  174860882, java, iotlab1, sing, 15
entry_11304426.class,  4.65,  2.28,  2.22,  0.14,  0.00,  166238648,  328513000,   36722000,  178576460, java, iotlab1, sing, 15
entry_11304426.class,  4.64,  2.25,  2.20,  0.14,  0.00,  164544689,  331933000,   43121000,  176896751, java, iotlab1, sing, 15
entry_11304426.class,  4.65,  2.28,  2.21,  0.14,  0.00,  168246135,  339115000,   32010000,  180693576, java, iotlab1, sing, 15
entry_11304426.class,  4.52,  2.22,  2.17,  0.13,  0.00,  162396230,  325696000,   29789000,  174710200, java, iotlab1, sing, 15
entry_11504622.class,  2.41,  1.18,  1.15,  0.06,  0.00,   91168272,  124330000,   19734000,  104219787, java, iotlab1, sing, 15
entry_11504622.class,  2.45,  1.20,  1.16,  0.06,  0.00,   91755328,  127164000,   18166000,  104104378, java, iotlab1, sing, 15
entry_11504622.class,  2.44,  1.18,  1.15,  0.06,  0.00,   91444092,  133960000,   10996000,  103769003, java, iotlab1, sing, 15
entry_11504622.class,  2.44,  1.19,  1.16,  0.06,  0.00,   91268831,  125201000,   19030000,  103838039, java, iotlab1, sing, 15
entry_11504622.class,  2.52,  1.24,  1.21,  0.06,  0.00,   95880879,  137913000,   16106000,  108272090, java, iotlab1, sing, 15
entry_11504622.class,  2.46,  1.22,  1.18,  0.06,  0.00,   92938376,  131887000,   15577000,  105279615, java, iotlab1, sing, 15
entry_11504622.class,  2.46,  1.19,  1.16,  0.06,  0.00,   94839305,  136023000,   15002000,  107101363, java, iotlab1, sing, 15
entry_11504622.class,  2.44,  1.17,  1.14,  0.06,  0.00,   96152590,  134591000,   16948000,  109469928, java, iotlab1, sing, 15
entry_11504622.class,  2.44,  1.21,  1.18,  0.06,  0.00,   91708544,  130788000,   12880000,  104235065, java, iotlab1, sing, 15
entry_11504622.class,  2.44,  1.19,  1.16,  0.06,  0.00,   93031160,  131229000,   16028000,  105297804, java, iotlab1, sing, 15
entry_11588914.class,  5.23,  2.55,  2.49,  0.17,  0.00,  192857004,  405263000,   42921000,  206021327, java, iotlab1, sing, 15
entry_11588914.class,  5.30,  2.65,  2.59,  0.16,  0.00,  186248640,  378745000,   36456000,  198654158, java, iotlab1, sing, 15
entry_11588914.class,  5.64,  2.77,  2.70,  0.18,  0.00,  202401322,  423266000,   51666000,  214938817, java, iotlab1, sing, 15
entry_11588914.class,  5.44,  2.72,  2.65,  0.17,  0.00,  189504873,  387489000,   40468000,  201882881, java, iotlab1, sing, 15
entry_11588914.class,  5.62,  2.73,  2.66,  0.18,  0.00,  204035939,  415442000,   56923000,  216637995, java, iotlab1, sing, 15
entry_11588914.class,  5.40,  2.71,  2.64,  0.16,  0.00,  188611314,  375734000,   36263000,  200904373, java, iotlab1, sing, 15
entry_11588914.class,  5.42,  2.71,  2.65,  0.17,  0.00,  188951502,  388051000,   46485000,  201291827, java, iotlab1, sing, 15
entry_11588914.class,  5.30,  2.65,  2.59,  0.16,  0.00,  185443062,  395981000,   39697000,  198036540, java, iotlab1, sing, 15
entry_11588914.class,  5.29,  2.66,  2.59,  0.16,  0.00,  185302758,  372858000,   41768000,  197729382, java, iotlab1, sing, 15
entry_11588914.class,  5.34,  2.66,  2.60,  0.16,  0.00,  187210489,  406934000,   33405000,  199613291, java, iotlab1, sing, 15
entry_11618912.class,  6.25,  3.05,  2.97,  0.20,  0.00,  226831439,  526434000,   50232000,  240701907, java, iotlab1, sing, 15
entry_11618912.class,  6.46,  3.17,  3.08,  0.21,  0.00,  226406880,  532049000,   50813000,  240408225, java, iotlab1, sing, 15
entry_11618912.class,  6.43,  3.22,  3.14,  0.20,  0.00,  220887821,  512628000,   47335000,  233320629, java, iotlab1, sing, 15
entry_11618912.class,  7.30,  3.65,  3.57,  0.23,  0.00,  249190458,  661577000,   52966000,  261801285, java, iotlab1, sing, 15
entry_11618912.class,  6.34,  3.15,  3.08,  0.20,  0.00,  218040271,  524889000,   43658000,  230424969, java, iotlab1, sing, 15
entry_11618912.class,  6.24,  3.09,  3.01,  0.21,  0.00,  213330645,  511210000,   66896000,  225643967, java, iotlab1, sing, 15
entry_11618912.class,  6.41,  3.17,  3.09,  0.20,  0.00,  224864763,  512866000,   54303000,  237303262, java, iotlab1, sing, 15
entry_11618912.class,  6.51,  3.17,  3.09,  0.21,  0.00,  228538676,  517330000,   58584000,  242371997, java, iotlab1, sing, 15
entry_11618912.class,  6.38,  3.18,  3.11,  0.20,  0.00,  218875606,  525348000,   48031000,  231564547, java, iotlab1, sing, 15
entry_11618912.class,  6.30,  3.09,  3.02,  0.20,  0.00,  222163136,  513494000,   59940000,  236007329, java, iotlab1, sing, 15
entry_12027473.class,  4.99,  2.31,  2.25,  0.16,  0.00,  190026259,  378901000,   54272000,  202846356, java, iotlab1, sing, 15
entry_12027473.class,  4.65,  2.34,  2.28,  0.14,  0.00,  161622633,  322699000,   42222000,  174033926, java, iotlab1, sing, 15
entry_12027473.class,  4.62,  2.32,  2.26,  0.14,  0.00,  163137332,  324509000,   44521000,  175533797, java, iotlab1, sing, 15
entry_12027473.class,  4.66,  2.34,  2.28,  0.14,  0.00,  162852827,  333911000,   40989000,  175235118, java, iotlab1, sing, 15
entry_12027473.class,  4.67,  2.35,  2.30,  0.14,  0.00,  163311067,  330433000,   36377000,  175936504, java, iotlab1, sing, 15
entry_12027473.class,  4.89,  2.43,  2.38,  0.15,  0.00,  171608402,  348763000,   35467000,  183991886, java, iotlab1, sing, 15
entry_12027473.class,  4.68,  2.34,  2.28,  0.14,  0.00,  162223632,  327253000,   40031000,  174782868, java, iotlab1, sing, 15
entry_12027473.class,  4.70,  2.32,  2.27,  0.14,  0.00,  165353631,  328049000,   43739000,  177778004, java, iotlab1, sing, 15
entry_12027473.class,  4.70,  2.36,  2.30,  0.14,  0.00,  163746296,  336666000,   34965000,  176080424, java, iotlab1, sing, 15
entry_12027473.class,  4.67,  2.34,  2.28,  0.14,  0.00,  162581958,  328251000,   39634000,  174984042, java, iotlab1, sing, 15
entry_12731612.class,  2.26,  1.10,  1.07,  0.06,  0.00,   85068879,  126451000,   20071000,   97574060, java, iotlab1, sing, 15
entry_12731612.class,  2.34,  1.15,  1.13,  0.06,  0.00,   83046995,  117940000,   24005000,   95504896, java, iotlab1, sing, 15
entry_12731612.class,  2.28,  1.13,  1.10,  0.06,  0.00,   81790511,  120450000,   23280000,   94164003, java, iotlab1, sing, 15
entry_12731612.class,  2.27,  1.11,  1.08,  0.06,  0.00,   83611409,  123359000,   22881000,   95973567, java, iotlab1, sing, 15
entry_12731612.class,  2.30,  1.12,  1.08,  0.07,  0.00,   86666050,  121203000,   28345000,   99943780, java, iotlab1, sing, 15
entry_12731612.class,  2.25,  1.12,  1.09,  0.06,  0.00,   82236992,  120475000,   23285000,   94841857, java, iotlab1, sing, 15
entry_12731612.class,  2.56,  1.18,  1.14,  0.07,  0.00,  100528108,  122344000,   25070000,  112843067, java, iotlab1, sing, 15
entry_12731612.class,  2.22,  1.11,  1.09,  0.06,  0.00,   81550554,  120996000,   21819000,   93898155, java, iotlab1, sing, 15
entry_12731612.class,  2.27,  1.13,  1.11,  0.06,  0.00,   82192567,  124886000,   18425000,   94528119, java, iotlab1, sing, 15
entry_12731612.class,  2.28,  1.13,  1.10,  0.06,  0.00,   81902997,  114833000,   28958000,   94277103, java, iotlab1, sing, 15
entry_1304819.class,  3.71,  1.75,  1.70,  0.12,  0.00,  141192945,  253942000,   31742000,  153733827, java, iotlab1, sing, 15
entry_1304819.class,  3.74,  1.88,  1.83,  0.11,  0.00,  132479423,  249848000,   25984000,  144876783, java, iotlab1, sing, 15
entry_1304819.class,  3.74,  1.85,  1.80,  0.11,  0.00,  133028937,  244950000,   31353000,  145392386, java, iotlab1, sing, 15
entry_1304819.class,  3.52,  1.75,  1.70,  0.10,  0.00,  125414115,  232735000,   38789000,  137967072, java, iotlab1, sing, 15
entry_1304819.class,  3.76,  1.86,  1.82,  0.11,  0.00,  132313193,  233935000,   41164000,  145006658, java, iotlab1, sing, 15
entry_1304819.class,  3.69,  1.79,  1.74,  0.11,  0.00,  132925129,  221456000,   43284000,  146754597, java, iotlab1, sing, 15
entry_1304819.class,  3.60,  1.78,  1.73,  0.11,  0.00,  129420317,  222640000,   39289000,  141906643, java, iotlab1, sing, 15
entry_1304819.class,  3.74,  1.87,  1.83,  0.11,  0.00,  131320626,  238900000,   27102000,  143777847, java, iotlab1, sing, 15
entry_1304819.class,  3.67,  1.80,  1.76,  0.11,  0.00,  132368116,  220421000,   38549000,  144752944, java, iotlab1, sing, 15
entry_1304819.class,  3.72,  1.84,  1.80,  0.11,  0.00,  132571112,  238746000,   37430000,  144960375, java, iotlab1, sing, 15
entry_13252314.class,  6.63,  3.27,  3.19,  0.20,  0.00,  232132944,  524136000,   36939000,  244472305, java, iotlab1, sing, 15
entry_13252314.class,  6.70,  3.30,  3.22,  0.20,  0.00,  232727577,  525889000,   34057000,  245079320, java, iotlab1, sing, 15
entry_13252314.class,  6.39,  3.14,  3.07,  0.20,  0.00,  222951735,  518666000,   43138000,  235404853, java, iotlab1, sing, 15
entry_13252314.class,  6.84,  3.35,  3.28,  0.20,  0.00,  238473597,  521012000,   55001000,  250904969, java, iotlab1, sing, 15
entry_13252314.class,  6.67,  3.31,  3.23,  0.20,  0.00,  234115420,  501724000,   58501000,  246547389, java, iotlab1, sing, 15
entry_13252314.class,  6.68,  3.29,  3.21,  0.20,  0.00,  234283499,  518465000,   41795000,  246512207, java, iotlab1, sing, 15
entry_13252314.class,  6.63,  3.29,  3.21,  0.20,  0.00,  234740167,  512966000,   53030000,  247100367, java, iotlab1, sing, 15
entry_13252314.class,  7.63,  3.80,  3.71,  0.23,  0.00,  267003319,  654459000,   41710000,  279583485, java, iotlab1, sing, 15
entry_13252314.class,  6.31,  3.14,  3.06,  0.20,  0.00,  223051119,  516685000,   45235000,  235437436, java, iotlab1, sing, 15
entry_13252314.class,  6.66,  3.29,  3.21,  0.20,  0.00,  237293948,  533110000,   38079000,  250224652, java, iotlab1, sing, 15
entry_13344402.class,  3.93,  1.94,  1.90,  0.11,  0.00,  142165072,  299534000,   20307000,  154567099, java, iotlab1, sing, 15
entry_13344402.class,  3.99,  1.96,  1.91,  0.11,  0.00,  143745224,  293993000,   28385000,  156235457, java, iotlab1, sing, 15
entry_13344402.class,  4.13,  2.03,  1.98,  0.12,  0.00,  147864595,  308843000,   36694000,  160140296, java, iotlab1, sing, 15
entry_13344402.class,  4.14,  2.05,  2.01,  0.12,  0.00,  150588914,  304145000,   32442000,  163140543, java, iotlab1, sing, 15
entry_13344402.class,  4.09,  2.02,  1.97,  0.12,  0.00,  146684920,  316071000,   20549000,  159062781, java, iotlab1, sing, 15
entry_13344402.class,  4.10,  2.02,  1.96,  0.12,  0.00,  147553410,  302731000,   30072000,  160080108, java, iotlab1, sing, 15
entry_13344402.class,  4.06,  2.01,  1.97,  0.11,  0.00,  146400021,  297292000,   30439000,  158880322, java, iotlab1, sing, 15
entry_13344402.class,  4.09,  2.03,  1.97,  0.12,  0.00,  147804958,  310167000,   32493000,  160163423, java, iotlab1, sing, 15
entry_13344402.class,  4.04,  1.99,  1.94,  0.12,  0.00,  146346205,  300623000,   30468000,  158718109, java, iotlab1, sing, 15
entry_13344402.class,  4.06,  2.02,  1.97,  0.12,  0.00,  147273551,  303928000,   30891000,  159709918, java, iotlab1, sing, 15
entry_14359676.class,  1.65,  0.74,  0.72,  0.05,  0.00,   69145788,   85738000,   14614000,   81675785, java, iotlab1, sing, 15
entry_14359676.class,  1.71,  0.83,  0.81,  0.05,  0.00,   67140092,   78785000,   17171000,   79651519, java, iotlab1, sing, 15
entry_14359676.class,  1.66,  0.78,  0.76,  0.05,  0.00,   66266776,   82181000,   12026000,   78725482, java, iotlab1, sing, 15
entry_14359676.class,  1.73,  0.84,  0.82,  0.05,  0.00,   68283157,   86194000,   10774000,   80544812, java, iotlab1, sing, 15
entry_14359676.class,  1.51,  0.75,  0.74,  0.04,  0.00,   55519323,   77371000,   15871000,   68001305, java, iotlab1, sing, 15
entry_14359676.class,  1.67,  0.77,  0.74,  0.05,  0.00,   70284688,   82365000,   18854000,   82528972, java, iotlab1, sing, 15
entry_14359676.class,  1.56,  0.75,  0.73,  0.04,  0.00,   55850590,   73567000,   19883000,   68415516, java, iotlab1, sing, 15
entry_14359676.class,  1.99,  0.89,  0.85,  0.06,  0.00,   86804982,   79084000,   15816000,   99183526, java, iotlab1, sing, 15
entry_14359676.class,  1.48,  0.73,  0.71,  0.04,  0.00,   54223720,   75828000,   13786000,   66832918, java, iotlab1, sing, 15
entry_14359676.class,  1.54,  0.76,  0.74,  0.04,  0.00,   55003490,   83949000,    9444000,   67270184, java, iotlab1, sing, 15
entry_14736321.class,  5.59,  2.75,  2.69,  0.18,  0.00,  195896238,  422438000,   45477000,  208976551, java, iotlab1, sing, 15
entry_14736321.class,  6.17,  3.03,  2.96,  0.21,  0.00,  212062355,  453703000,   42439000,  225620088, java, iotlab1, sing, 15
entry_14736321.class,  5.47,  2.66,  2.59,  0.18,  0.00,  196696978,  424733000,   41070000,  209460396, java, iotlab1, sing, 15
entry_14736321.class,  5.39,  2.67,  2.61,  0.17,  0.00,  186703348,  422727000,   42576000,  199112970, java, iotlab1, sing, 15
entry_14736321.class,  5.65,  2.72,  2.65,  0.18,  0.00,  198282162,  433656000,   29043000,  210933371, java, iotlab1, sing, 15
entry_14736321.class,  5.42,  2.70,  2.64,  0.17,  0.00,  188310006,  427843000,   34424000,  200751934, java, iotlab1, sing, 15
entry_14736321.class,  5.52,  2.76,  2.69,  0.17,  0.00,  195172862,  419957000,   41191000,  207600302, java, iotlab1, sing, 15
entry_14736321.class,  5.82,  2.88,  2.80,  0.19,  0.00,  196970097,  441294000,   30880000,  209514358, java, iotlab1, sing, 15
entry_14736321.class,  6.55,  3.24,  3.17,  0.22,  0.00,  220701080,  474387000,   44197000,  233854915, java, iotlab1, sing, 15
entry_14736321.class,  5.29,  2.53,  2.46,  0.18,  0.00,  199004687,  438619000,   45442000,  211662191, java, iotlab1, sing, 15
entry_14758397.class,  4.30,  2.05,  1.99,  0.13,  0.00,  161651182,  360595000,   39625000,  174787974, java, iotlab1, sing, 15
entry_14758397.class,  4.34,  2.09,  2.03,  0.13,  0.00,  157685238,  354608000,   35259000,  171353083, java, iotlab1, sing, 15
entry_14758397.class,  4.38,  2.11,  2.05,  0.13,  0.00,  160339883,  353316000,   42675000,  174243076, java, iotlab1, sing, 15
entry_14758397.class,  4.35,  2.13,  2.07,  0.13,  0.00,  156599399,  355082000,   31271000,  169204191, java, iotlab1, sing, 15
entry_14758397.class,  4.31,  2.13,  2.08,  0.13,  0.00,  155206806,  354411000,   31212000,  167721763, java, iotlab1, sing, 15
entry_14758397.class,  4.35,  2.14,  2.09,  0.13,  0.00,  156205576,  355197000,   34211000,  168648131, java, iotlab1, sing, 15
entry_14758397.class,  4.35,  2.12,  2.06,  0.13,  0.00,  157190791,  364200000,   30350000,  169532864, java, iotlab1, sing, 15
entry_14758397.class,  4.34,  2.12,  2.07,  0.13,  0.00,  157413858,  354328000,   33124000,  170866917, java, iotlab1, sing, 15
entry_14758397.class,  4.39,  2.16,  2.11,  0.13,  0.00,  157219396,  352845000,   37663000,  169602495, java, iotlab1, sing, 15
entry_14758397.class,  4.45,  2.19,  2.14,  0.13,  0.00,  160081902,  356260000,   42268000,  172491922, java, iotlab1, sing, 15
entry_14833403.class,  5.88,  2.85,  2.78,  0.20,  0.00,  210869311,  517017000,   38851000,  223315529, java, iotlab1, sing, 15
entry_14833403.class,  5.93,  2.92,  2.85,  0.19,  0.00,  209194317,  500175000,   44822000,  221563339, java, iotlab1, sing, 15
entry_14833403.class,  5.62,  2.82,  2.76,  0.18,  0.00,  195003467,  477689000,   44436000,  207422925, java, iotlab1, sing, 15
entry_14833403.class,  5.62,  2.77,  2.69,  0.19,  0.00,  196622601,  493770000,   40815000,  209071836, java, iotlab1, sing, 15
entry_14833403.class,  5.29,  2.58,  2.52,  0.18,  0.00,  190328415,  465349000,   27722000,  202804546, java, iotlab1, sing, 15
entry_14833403.class,  5.80,  2.87,  2.81,  0.19,  0.00,  205273415,  478082000,   28421000,  218159763, java, iotlab1, sing, 15
entry_14833403.class,  5.60,  2.74,  2.67,  0.18,  0.00,  199216228,  462495000,   33179000,  211689553, java, iotlab1, sing, 15
entry_14833403.class,  5.67,  2.83,  2.76,  0.18,  0.00,  194537019,  493622000,   32368000,  206925730, java, iotlab1, sing, 15
entry_14833403.class,  5.58,  2.74,  2.67,  0.18,  0.00,  196798813,  473236000,   37175000,  209290038, java, iotlab1, sing, 15
entry_14833403.class,  5.78,  2.85,  2.77,  0.19,  0.00,  197374492,  486887000,   35951000,  209637111, java, iotlab1, sing, 15
entry_14883828.class,  4.35,  2.11,  2.06,  0.14,  0.00,  155573614,  357019000,   36204000,  168071123, java, iotlab1, sing, 15
entry_14883828.class,  4.38,  2.13,  2.08,  0.14,  0.00,  156021244,  364124000,   39013000,  170000480, java, iotlab1, sing, 15
entry_14883828.class,  4.55,  2.20,  2.13,  0.14,  0.00,  163227601,  377350000,   29869000,  175600373, java, iotlab1, sing, 15
entry_14883828.class,  4.68,  2.22,  2.16,  0.15,  0.00,  175765078,  358434000,   42932000,  188274319, java, iotlab1, sing, 15
entry_14883828.class,  4.46,  2.13,  2.08,  0.14,  0.00,  163039320,  362262000,   40139000,  177001473, java, iotlab1, sing, 15
entry_14883828.class,  4.39,  2.13,  2.08,  0.14,  0.00,  156086189,  371224000,   38607000,  168672666, java, iotlab1, sing, 15
entry_14883828.class,  4.48,  2.13,  2.07,  0.14,  0.00,  164352431,  356319000,   50902000,  179272642, java, iotlab1, sing, 15
entry_14883828.class,  4.47,  2.19,  2.13,  0.14,  0.00,  157633900,  372579000,   27114000,  170157254, java, iotlab1, sing, 15
entry_14883828.class,  4.30,  2.12,  2.06,  0.14,  0.00,  147258007,  378799000,   29826000,  160423411, java, iotlab1, sing, 15
entry_14883828.class,  4.54,  2.23,  2.16,  0.14,  0.00,  161735844,  362135000,   33733000,  174220662, java, iotlab1, sing, 15
entry_14924273.class,  2.36,  1.07,  1.03,  0.07,  0.00,   96653363,  137997000,   24642000,  109248220, java, iotlab1, sing, 15
entry_14924273.class,  2.49,  1.23,  1.20,  0.07,  0.00,   90982394,  134161000,   21506000,  103374417, java, iotlab1, sing, 15
entry_14924273.class,  2.48,  1.24,  1.21,  0.07,  0.00,   88937566,  134366000,   17915000,  101285474, java, iotlab1, sing, 15
entry_14924273.class,  2.42,  1.17,  1.15,  0.07,  0.00,   90064335,  136793000,   17354000,  102564978, java, iotlab1, sing, 15
entry_14924273.class,  2.44,  1.20,  1.17,  0.07,  0.00,   90162996,  135038000,   20155000,  102570248, java, iotlab1, sing, 15
entry_14924273.class,  2.46,  1.22,  1.19,  0.07,  0.00,   90517266,  137795000,   17098000,  102981880, java, iotlab1, sing, 15
entry_14924273.class,  2.44,  1.22,  1.19,  0.07,  0.00,   88122900,  138036000,   13098000,  100593718, java, iotlab1, sing, 15
entry_14924273.class,  2.40,  1.21,  1.18,  0.06,  0.00,   86562787,  127972000,   18848000,   98943008, java, iotlab1, sing, 15
entry_14924273.class,  2.47,  1.24,  1.20,  0.07,  0.00,   88252346,  140490000,   12042000,  100721747, java, iotlab1, sing, 15
entry_14924273.class,  2.40,  1.20,  1.17,  0.07,  0.00,   86785827,  131320000,   16162000,   99237566, java, iotlab1, sing, 15
entry_14925479.class,  4.73,  2.34,  2.28,  0.14,  0.00,  167685561,  336092000,   42884000,  181251495, java, iotlab1, sing, 15
entry_14925479.class,  5.21,  2.55,  2.49,  0.16,  0.00,  183377768,  368578000,   52944000,  195831793, java, iotlab1, sing, 15
entry_14925479.class,  4.85,  2.40,  2.34,  0.15,  0.00,  168438689,  354319000,   35729000,  180848538, java, iotlab1, sing, 15
entry_14925479.class,  4.88,  2.44,  2.39,  0.15,  0.00,  169207119,  333603000,   57103000,  181555403, java, iotlab1, sing, 15
entry_14925479.class,  4.88,  2.44,  2.38,  0.15,  0.00,  169618338,  354621000,   34573000,  182095774, java, iotlab1, sing, 15
entry_14925479.class,  5.01,  2.42,  2.36,  0.15,  0.00,  182726211,  327173000,   44294000,  195109447, java, iotlab1, sing, 15
entry_14925479.class,  5.17,  2.51,  2.45,  0.16,  0.00,  186740122,  382403000,   38139000,  200314304, java, iotlab1, sing, 15
entry_14925479.class,  4.83,  2.38,  2.32,  0.15,  0.00,  172037830,  323065000,   54347000,  185235830, java, iotlab1, sing, 15
entry_14925479.class,  4.86,  2.43,  2.38,  0.15,  0.00,  170051321,  325248000,   46891000,  182421208, java, iotlab1, sing, 15
entry_14925479.class,  5.28,  2.62,  2.55,  0.16,  0.00,  186589159,  391985000,   40100000,  199034510, java, iotlab1, sing, 15
entry_14992573.class,  4.30,  2.09,  2.04,  0.14,  0.00,  155665752,  369147000,   30175000,  168609981, java, iotlab1, sing, 15
entry_14992573.class,  4.28,  2.10,  2.04,  0.14,  0.00,  153591736,  360952000,   36995000,  166606563, java, iotlab1, sing, 15
entry_14992573.class,  4.40,  2.16,  2.11,  0.14,  0.00,  156882524,  368408000,   36544000,  169929702, java, iotlab1, sing, 15
entry_14992573.class,  4.27,  2.09,  2.04,  0.13,  0.00,  149070204,  357558000,   33237000,  162298191, java, iotlab1, sing, 15
entry_14992573.class,  4.31,  2.15,  2.09,  0.13,  0.00,  148816848,  355138000,   34109000,  161305287, java, iotlab1, sing, 15
entry_14992573.class,  4.42,  2.17,  2.11,  0.14,  0.00,  157050894,  371965000,   25858000,  169471812, java, iotlab1, sing, 15
entry_14992573.class,  4.47,  2.19,  2.14,  0.14,  0.00,  159532059,  360822000,   30068000,  171922950, java, iotlab1, sing, 15
entry_14992573.class,  4.41,  2.15,  2.09,  0.14,  0.00,  159874521,  363585000,   33868000,  173238774, java, iotlab1, sing, 15
entry_14992573.class,  4.54,  2.22,  2.16,  0.14,  0.00,  163211276,  350241000,   38135000,  175668755, java, iotlab1, sing, 15
entry_14992573.class,  4.51,  2.20,  2.14,  0.14,  0.00,  161852620,  363495000,   29958000,  174389934, java, iotlab1, sing, 15
entry_15082608.class,  5.22,  2.50,  2.44,  0.17,  0.00,  187685478,  457014000,   42093000,  200906407, java, iotlab1, sing, 15
entry_15082608.class,  6.00,  2.98,  2.91,  0.19,  0.00,  205683730,  479283000,   45405000,  218270712, java, iotlab1, sing, 15
entry_15082608.class,  5.76,  2.77,  2.70,  0.19,  0.00,  204230933,  456601000,   49309000,  216979394, java, iotlab1, sing, 15
entry_15082608.class,  6.25,  3.00,  2.91,  0.20,  0.00,  227007230,  504835000,   44514000,  240606165, java, iotlab1, sing, 15
entry_15082608.class,  5.59,  2.73,  2.66,  0.18,  0.00,  197931148,  469108000,   38008000,  210551634, java, iotlab1, sing, 15
entry_15082608.class,  5.44,  2.71,  2.65,  0.18,  0.00,  190122760,  450105000,   39270000,  202604123, java, iotlab1, sing, 15
entry_15082608.class,  5.68,  2.76,  2.69,  0.18,  0.00,  196246256,  463971000,   41549000,  208730221, java, iotlab1, sing, 15
entry_15082608.class,  5.51,  2.69,  2.62,  0.18,  0.00,  191733372,  463956000,   46194000,  204301665, java, iotlab1, sing, 15
entry_15082608.class,  5.94,  2.92,  2.85,  0.19,  0.00,  208214710,  500754000,   46440000,  220497638, java, iotlab1, sing, 15
entry_15082608.class,  5.33,  2.66,  2.59,  0.17,  0.00,  184132104,  432698000,   31413000,  196490728, java, iotlab1, sing, 15
entry_15110295.class,  6.66,  3.33,  3.25,  0.21,  0.00,  229774837,  559098000,   52632000,  242371958, java, iotlab1, sing, 15
entry_15110295.class,  7.13,  3.51,  3.42,  0.24,  0.00,  250024698,  608934000,   69334000,  262497152, java, iotlab1, sing, 15
entry_15110295.class,  7.18,  3.56,  3.48,  0.23,  0.00,  245762262,  619444000,   62842000,  258831291, java, iotlab1, sing, 15
entry_15110295.class,  6.48,  3.15,  3.08,  0.21,  0.00,  230458079,  558506000,   51676000,  242889814, java, iotlab1, sing, 15
entry_15110295.class,  7.01,  3.41,  3.32,  0.24,  0.00,  246769055,  607360000,   66148000,  260793835, java, iotlab1, sing, 15
entry_15110295.class,  7.21,  3.58,  3.50,  0.23,  0.00,  248147664,  610853000,   59692000,  260442995, java, iotlab1, sing, 15
entry_15110295.class,  7.12,  3.49,  3.41,  0.23,  0.00,  240330834,  602728000,   54975000,  252776203, java, iotlab1, sing, 15
entry_15110295.class,  6.57,  3.24,  3.16,  0.21,  0.00,  225538381,  539798000,   53078000,  237964693, java, iotlab1, sing, 15
entry_15110295.class,  6.69,  3.32,  3.25,  0.21,  0.00,  229271784,  564403000,   52408000,  241688538, java, iotlab1, sing, 15
entry_15110295.class,  7.15,  3.55,  3.47,  0.23,  0.00,  241606174,  599779000,   61977000,  254043861, java, iotlab1, sing, 15
entry_15142045.class,  5.21,  2.52,  2.46,  0.17,  0.00,  186223171,  447887000,   36479000,  198871632, java, iotlab1, sing, 15
entry_15142045.class,  5.74,  2.83,  2.76,  0.18,  0.00,  199710191,  465943000,   36150000,  212124264, java, iotlab1, sing, 15
entry_15142045.class,  5.37,  2.62,  2.55,  0.17,  0.00,  186692527,  437329000,   41125000,  199047698, java, iotlab1, sing, 15
entry_15142045.class,  5.33,  2.64,  2.58,  0.17,  0.00,  183873878,  431604000,   38695000,  196386273, java, iotlab1, sing, 15
entry_15142045.class,  5.66,  2.78,  2.71,  0.18,  0.00,  197031581,  459710000,   32260000,  209488486, java, iotlab1, sing, 15
entry_15142045.class,  5.67,  2.76,  2.69,  0.18,  0.00,  197204321,  474029000,   38920000,  209647031, java, iotlab1, sing, 15
entry_15142045.class,  5.42,  2.65,  2.58,  0.17,  0.00,  185348286,  430620000,   40963000,  198133496, java, iotlab1, sing, 15
entry_15142045.class,  5.68,  2.77,  2.70,  0.18,  0.00,  198049938,  468481000,   36037000,  210515302, java, iotlab1, sing, 15
entry_15142045.class,  5.27,  2.57,  2.51,  0.17,  0.00,  184182935,  443115000,   39830000,  196529543, java, iotlab1, sing, 15
entry_15142045.class,  5.66,  2.80,  2.74,  0.18,  0.00,  192970988,  450441000,   39300000,  205329531, java, iotlab1, sing, 15
entry_15255000.class,  7.31,  3.60,  3.51,  0.24,  0.00,  266302157,  496060000,   51316000,  279160823, java, iotlab1, sing, 15
entry_15255000.class,  7.50,  3.76,  3.67,  0.24,  0.00,  266904859,  522982000,   37355000,  279315907, java, iotlab1, sing, 15
entry_15255000.class,  7.56,  3.77,  3.69,  0.24,  0.00,  271624802,  532499000,   33030000,  283959928, java, iotlab1, sing, 15
entry_15255000.class,  7.68,  3.85,  3.76,  0.24,  0.00,  274728370,  541054000,   39003000,  286961713, java, iotlab1, sing, 15
entry_15255000.class,  7.52,  3.75,  3.66,  0.24,  0.00,  267632806,  525010000,   36207000,  279900281, java, iotlab1, sing, 15
entry_15255000.class,  7.98,  3.88,  3.78,  0.26,  0.00,  292327521,  541154000,   39717000,  304754617, java, iotlab1, sing, 15
entry_15255000.class,  7.61,  3.81,  3.72,  0.24,  0.00,  272009599,  519835000,   45809000,  284436857, java, iotlab1, sing, 15
entry_15255000.class,  7.87,  3.92,  3.83,  0.26,  0.00,  275703167,  606920000,   37240000,  288066383, java, iotlab1, sing, 15
entry_15255000.class,  7.98,  3.99,  3.89,  0.26,  0.00,  280605078,  596463000,   46035000,  293095012, java, iotlab1, sing, 15
entry_15255000.class,  7.42,  3.70,  3.61,  0.24,  0.00,  266731996,  515678000,   32229000,  279219565, java, iotlab1, sing, 15
entry_15301909.class,  4.35,  2.11,  2.07,  0.13,  0.00,  158926438,  370125000,   28623000,  171331749, java, iotlab1, sing, 15
entry_15301909.class,  4.43,  2.16,  2.10,  0.13,  0.00,  159218031,  353296000,   28860000,  171838940, java, iotlab1, sing, 15
entry_15301909.class,  4.38,  2.15,  2.10,  0.13,  0.00,  157186972,  364824000,   31810000,  170136714, java, iotlab1, sing, 15
entry_15301909.class,  4.20,  2.09,  2.05,  0.12,  0.00,  145773013,  348404000,   41808000,  158107569, java, iotlab1, sing, 15
entry_15301909.class,  4.39,  2.13,  2.07,  0.13,  0.00,  157476527,  353253000,   42149000,  169973689, java, iotlab1, sing, 15
entry_15301909.class,  4.31,  2.08,  2.03,  0.13,  0.00,  159386582,  364299000,   36329000,  173411450, java, iotlab1, sing, 15
entry_15301909.class,  4.22,  2.11,  2.06,  0.13,  0.00,  146165661,  360251000,   30104000,  158593949, java, iotlab1, sing, 15
entry_15301909.class,  4.41,  2.17,  2.12,  0.13,  0.00,  156986344,  363932000,   30740000,  169477089, java, iotlab1, sing, 15
entry_15301909.class,  4.39,  2.17,  2.12,  0.13,  0.00,  157180402,  354374000,   34840000,  169535257, java, iotlab1, sing, 15
entry_15301909.class,  4.34,  2.13,  2.08,  0.13,  0.00,  155545465,  348378000,   40158000,  167976400, java, iotlab1, sing, 15
entry_15301985.class,  5.06,  2.42,  2.36,  0.17,  0.00,  182263566,  420611000,   43165000,  195356700, java, iotlab1, sing, 15
entry_15301985.class,  5.38,  2.57,  2.50,  0.17,  0.00,  196036431,  399080000,   57866000,  208678770, java, iotlab1, sing, 15
entry_15301985.class,  5.27,  2.53,  2.46,  0.17,  0.00,  182412838,  405309000,   47918000,  194922321, java, iotlab1, sing, 15
entry_15301985.class,  5.06,  2.51,  2.45,  0.16,  0.00,  174027219,  421333000,   37295000,  186437686, java, iotlab1, sing, 15
entry_15301985.class,  5.10,  2.54,  2.47,  0.16,  0.00,  175470539,  428792000,   33294000,  187765842, java, iotlab1, sing, 15
entry_15301985.class,  4.99,  2.48,  2.42,  0.16,  0.00,  173225882,  416039000,   39717000,  185542608, java, iotlab1, sing, 15
entry_15301985.class,  5.06,  2.51,  2.46,  0.16,  0.00,  174421388,  418464000,   35530000,  186766514, java, iotlab1, sing, 15
entry_15301985.class,  5.09,  2.52,  2.46,  0.16,  0.00,  175799386,  419527000,   38588000,  188189020, java, iotlab1, sing, 15
entry_15301985.class,  5.07,  2.51,  2.45,  0.16,  0.00,  173840416,  414600000,   47182000,  186456770, java, iotlab1, sing, 15
entry_15301985.class,  5.04,  2.52,  2.46,  0.16,  0.00,  174070498,  416550000,   43638000,  186597527, java, iotlab1, sing, 15
entry_15372387.class,  7.02,  3.38,  3.30,  0.24,  0.00,  247085773,  615077000,   52494000,  260300623, java, iotlab1, sing, 15
entry_15372387.class,  7.07,  3.46,  3.38,  0.23,  0.00,  244920663,  606794000,   61690000,  257303244, java, iotlab1, sing, 15
entry_15372387.class,  6.54,  3.22,  3.15,  0.21,  0.00,  228779393,  534622000,   53563000,  241887451, java, iotlab1, sing, 15
entry_15372387.class,  6.98,  3.48,  3.40,  0.22,  0.00,  236946727,  598869000,   58987000,  249410599, java, iotlab1, sing, 15
entry_15372387.class,  6.59,  3.22,  3.14,  0.21,  0.00,  234635296,  563788000,   46816000,  246873960, java, iotlab1, sing, 15
entry_15372387.class,  6.96,  3.44,  3.35,  0.22,  0.00,  237198685,  594751000,   56355000,  249564658, java, iotlab1, sing, 15
entry_15372387.class,  7.08,  3.51,  3.44,  0.22,  0.00,  240505120,  601527000,   63949000,  252926677, java, iotlab1, sing, 15
entry_15372387.class,  7.08,  3.50,  3.41,  0.23,  0.00,  242270428,  587525000,   61054000,  254714905, java, iotlab1, sing, 15
entry_15372387.class,  7.06,  3.50,  3.41,  0.22,  0.00,  241316517,  598117000,   41284000,  253652849, java, iotlab1, sing, 15
entry_15372387.class,  6.98,  3.46,  3.38,  0.22,  0.00,  238205046,  592576000,   58650000,  250615618, java, iotlab1, sing, 15
entry_15422189.class,  2.65,  1.30,  1.26,  0.07,  0.00,   97915801,  139679000,   15293000,  110272834, java, iotlab1, sing, 15
entry_15422189.class,  2.63,  1.31,  1.28,  0.07,  0.00,   98504848,  141337000,   14722000,  110948598, java, iotlab1, sing, 15
entry_15422189.class,  2.23,  1.07,  1.04,  0.06,  0.00,   84546290,  111019000,   17003000,   96982540, java, iotlab1, sing, 15
entry_15422189.class,  2.72,  1.34,  1.30,  0.07,  0.00,  100748720,  146435000,   13852000,  113300334, java, iotlab1, sing, 15
entry_15422189.class,  2.62,  1.30,  1.27,  0.07,  0.00,   98268354,  141618000,   13864000,  110709395, java, iotlab1, sing, 15
entry_15422189.class,  2.66,  1.29,  1.26,  0.07,  0.00,  100348958,  142475000,   17446000,  112811803, java, iotlab1, sing, 15
entry_15422189.class,  2.71,  1.34,  1.30,  0.07,  0.00,  100539608,  142457000,   17931000,  113046143, java, iotlab1, sing, 15
entry_15422189.class,  2.67,  1.30,  1.27,  0.07,  0.00,  101118076,  146246000,   14120000,  114203537, java, iotlab1, sing, 15
entry_15422189.class,  2.70,  1.33,  1.29,  0.07,  0.00,  100810614,  138584000,   21777000,  113426807, java, iotlab1, sing, 15
entry_15422189.class,  2.67,  1.29,  1.25,  0.07,  0.00,  101996115,  143583000,   18073000,  115432604, java, iotlab1, sing, 15
entry_15678522.class,  2.16,  1.05,  1.02,  0.06,  0.00,   78465561,  128910000,   22807000,   91006567, java, iotlab1, sing, 15
entry_15678522.class,  2.11,  1.01,  0.99,  0.06,  0.00,   80270902,  121167000,   17877000,   92628611, java, iotlab1, sing, 15
entry_15678522.class,  2.11,  1.01,  0.99,  0.06,  0.00,   80119761,  117662000,   19610000,   92533265, java, iotlab1, sing, 15
entry_15678522.class,  2.13,  1.03,  0.99,  0.06,  0.00,   80093746,  121571000,   17080000,   92498767, java, iotlab1, sing, 15
entry_15678522.class,  2.07,  0.98,  0.96,  0.06,  0.00,   79228287,  110996000,   24999000,   91704781, java, iotlab1, sing, 15
entry_15678522.class,  2.11,  1.00,  0.97,  0.06,  0.00,   82283019,  118500000,   23700000,   94748281, java, iotlab1, sing, 15
entry_15678522.class,  2.13,  1.00,  0.97,  0.06,  0.00,   81534797,  116424000,   23881000,   93957883, java, iotlab1, sing, 15
entry_15678522.class,  2.06,  0.96,  0.93,  0.06,  0.00,   79649537,  121124000,   15267000,   91990005, java, iotlab1, sing, 15
entry_15678522.class,  2.12,  1.00,  0.97,  0.06,  0.00,   80694541,  108972000,   30433000,   93114395, java, iotlab1, sing, 15
entry_15678522.class,  2.14,  1.02,  0.99,  0.06,  0.00,   81751613,  109703000,   28978000,   94154188, java, iotlab1, sing, 15
entry_15815865.class,  5.58,  2.71,  2.64,  0.18,  0.00,  196743399,  470953000,   38749000,  209639127, java, iotlab1, sing, 15
entry_15815865.class,  5.44,  2.68,  2.62,  0.17,  0.00,  187530648,  448731000,   30183000,  200533881, java, iotlab1, sing, 15
entry_15815865.class,  5.26,  2.61,  2.54,  0.17,  0.00,  181714109,  442709000,   37059000,  194122832, java, iotlab1, sing, 15
entry_15815865.class,  6.15,  2.95,  2.87,  0.20,  0.00,  220644620,  501338000,   44384000,  233109351, java, iotlab1, sing, 15
entry_15815865.class,  5.39,  2.67,  2.61,  0.18,  0.00,  187428976,  440547000,   41956000,  200731498, java, iotlab1, sing, 15
entry_15815865.class,  5.34,  2.64,  2.58,  0.17,  0.00,  184417952,  442886000,   36401000,  196783597, java, iotlab1, sing, 15
entry_15815865.class,  5.77,  2.84,  2.77,  0.19,  0.00,  201913497,  494769000,   37208000,  214390978, java, iotlab1, sing, 15
entry_15815865.class,  5.58,  2.76,  2.69,  0.18,  0.00,  195460416,  441528000,   40138000,  207848445, java, iotlab1, sing, 15
entry_15815865.class,  5.28,  2.60,  2.54,  0.17,  0.00,  180791087,  447381000,   36274000,  193200284, java, iotlab1, sing, 15
entry_15815865.class,  5.83,  2.84,  2.77,  0.19,  0.00,  206597304,  476305000,   43027000,  219011411, java, iotlab1, sing, 15
entry_15895443.class,  3.10,  1.43,  1.39,  0.09,  0.00,  125007009,  165290000,   18365000,  137555940, java, iotlab1, sing, 15
entry_15895443.class,  2.87,  1.45,  1.42,  0.07,  0.00,  102804621,  165927000,   19520000,  115323565, java, iotlab1, sing, 15
entry_15895443.class,  2.98,  1.47,  1.44,  0.08,  0.00,  109928550,  163400000,   20671000,  122271222, java, iotlab1, sing, 15
entry_15895443.class,  3.02,  1.49,  1.44,  0.08,  0.00,  111069630,  171490000,   14783000,  123481620, java, iotlab1, sing, 15
entry_15895443.class,  3.03,  1.49,  1.46,  0.08,  0.00,  111567060,  167923000,   17676000,  124102779, java, iotlab1, sing, 15
entry_15895443.class,  2.79,  1.39,  1.36,  0.07,  0.00,  100156769,  162678000,   21177000,  112342087, java, iotlab1, sing, 15
entry_15895443.class,  2.92,  1.43,  1.39,  0.08,  0.00,  108209207,  161984000,   18998000,  120798318, java, iotlab1, sing, 15
entry_15895443.class,  2.96,  1.46,  1.43,  0.08,  0.00,  109509475,  166791000,   14981000,  121896637, java, iotlab1, sing, 15
entry_15895443.class,  3.00,  1.47,  1.43,  0.08,  0.00,  110495442,  161969000,   23995000,  123034916, java, iotlab1, sing, 15
entry_15895443.class,  2.99,  1.44,  1.40,  0.08,  0.00,  114128731,  172668000,   17965000,  127605324, java, iotlab1, sing, 15
entry_16006448.class,  5.04,  2.46,  2.39,  0.16,  0.00,  182845296,  364356000,   48514000,  196054840, java, iotlab1, sing, 15
entry_16006448.class,  5.16,  2.55,  2.48,  0.15,  0.00,  180465787,  376959000,   32081000,  193099294, java, iotlab1, sing, 15
entry_16006448.class,  5.07,  2.48,  2.42,  0.16,  0.00,  180446036,  373803000,   38364000,  192889561, java, iotlab1, sing, 15
entry_16006448.class,  5.02,  2.44,  2.38,  0.15,  0.00,  180610752,  345899000,   35091000,  193075983, java, iotlab1, sing, 15
entry_16006448.class,  5.13,  2.55,  2.50,  0.15,  0.00,  182617484,  378767000,   32150000,  195036702, java, iotlab1, sing, 15
entry_16006448.class,  4.67,  2.33,  2.27,  0.14,  0.00,  163031687,  334605000,   35168000,  175406586, java, iotlab1, sing, 15
entry_16006448.class,  5.05,  2.49,  2.43,  0.16,  0.00,  180150504,  370760000,   39974000,  192682373, java, iotlab1, sing, 15
entry_16006448.class,  5.13,  2.54,  2.48,  0.15,  0.00,  181144775,  369392000,   41817000,  193624558, java, iotlab1, sing, 15
entry_16006448.class,  4.90,  2.46,  2.39,  0.14,  0.00,  169680278,  342333000,   32219000,  182077379, java, iotlab1, sing, 15
entry_16006448.class,  5.09,  2.52,  2.45,  0.15,  0.00,  179528923,  370179000,   37712000,  192132672, java, iotlab1, sing, 15
entry_16027653.class,  4.20,  2.10,  2.05,  0.13,  0.00,  146107685,  355529000,   35451000,  158477967, java, iotlab1, sing, 15
entry_16027653.class,  4.44,  2.19,  2.14,  0.13,  0.00,  157708904,  359590000,   35057000,  170016360, java, iotlab1, sing, 15
entry_16027653.class,  4.39,  2.15,  2.10,  0.13,  0.00,  156915412,  361368000,   31856000,  169376577, java, iotlab1, sing, 15
entry_16027653.class,  4.38,  2.13,  2.08,  0.13,  0.00,  159520551,  360323000,   34837000,  173160082, java, iotlab1, sing, 15
entry_16027653.class,  4.39,  2.17,  2.12,  0.13,  0.00,  156270253,  366455000,   30285000,  168659674, java, iotlab1, sing, 15
entry_16027653.class,  4.53,  2.24,  2.19,  0.13,  0.00,  161388572,  352944000,   38556000,  173864500, java, iotlab1, sing, 15
entry_16027653.class,  4.21,  2.10,  2.05,  0.13,  0.00,  145736050,  343267000,   44904000,  158079500, java, iotlab1, sing, 15
entry_16027653.class,  4.43,  2.18,  2.13,  0.13,  0.00,  157887959,  360313000,   37239000,  170211585, java, iotlab1, sing, 15
entry_16027653.class,  4.51,  2.22,  2.16,  0.13,  0.00,  162726725,  353051000,   34004000,  175325296, java, iotlab1, sing, 15
entry_16027653.class,  4.24,  2.11,  2.06,  0.13,  0.00,  146096779,  360990000,   26217000,  158643214, java, iotlab1, sing, 15
entry_1749456.class,  2.85,  1.37,  1.33,  0.08,  0.00,  110805826,  166434000,   24915000,  123193327, java, iotlab1, sing, 15
entry_1749456.class,  2.47,  1.22,  1.18,  0.06,  0.00,   91882608,  133527000,   12325000,  104232544, java, iotlab1, sing, 15
entry_1749456.class,  2.71,  1.33,  1.29,  0.07,  0.00,  101819767,  149255000,   13110000,  114170507, java, iotlab1, sing, 15
entry_1749456.class,  2.76,  1.37,  1.33,  0.07,  0.00,  103351308,  155681000,   14152000,  115914327, java, iotlab1, sing, 15
entry_1749456.class,  2.88,  1.40,  1.36,  0.08,  0.00,  109427623,  166401000,   22122000,  121861196, java, iotlab1, sing, 15
entry_1749456.class,  2.55,  1.28,  1.25,  0.06,  0.00,   92804510,  143976000,   19264000,  105330699, java, iotlab1, sing, 15
entry_1749456.class,  2.90,  1.37,  1.33,  0.08,  0.00,  109570725,  170469000,   20340000,  122097252, java, iotlab1, sing, 15
entry_1749456.class,  2.70,  1.33,  1.30,  0.07,  0.00,  103525201,  147442000,   18689000,  116025711, java, iotlab1, sing, 15
entry_1749456.class,  2.56,  1.28,  1.25,  0.06,  0.00,   93157186,  147630000,   16403000,  105679393, java, iotlab1, sing, 15
entry_1749456.class,  2.72,  1.38,  1.35,  0.07,  0.00,   99070933,  162625000,   18502000,  111373164, java, iotlab1, sing, 15
entry_1827362.class,  2.56,  1.23,  1.20,  0.06,  0.00,   98384102,  146750000,   10051000,  111332281, java, iotlab1, sing, 15
entry_1827362.class,  2.47,  1.22,  1.20,  0.06,  0.00,   91966261,  131697000,   15079000,  104366442, java, iotlab1, sing, 15
entry_1827362.class,  2.46,  1.22,  1.19,  0.06,  0.00,   91825403,  125719000,   19798000,  104153054, java, iotlab1, sing, 15
entry_1827362.class,  2.49,  1.23,  1.20,  0.06,  0.00,   93032787,  131364000,   16790000,  105503246, java, iotlab1, sing, 15
entry_1827362.class,  2.48,  1.22,  1.19,  0.06,  0.00,   93211252,  129830000,   17704000,  105496117, java, iotlab1, sing, 15
entry_1827362.class,  2.51,  1.22,  1.19,  0.06,  0.00,   94329149,  127494000,   20237000,  106717867, java, iotlab1, sing, 15
entry_1827362.class,  2.49,  1.21,  1.18,  0.06,  0.00,   91836856,  133238000,   13121000,  104285193, java, iotlab1, sing, 15
entry_1827362.class,  2.50,  1.22,  1.19,  0.06,  0.00,   93015980,  131473000,   15698000,  105400059, java, iotlab1, sing, 15
entry_1827362.class,  2.45,  1.17,  1.15,  0.06,  0.00,   93622226,  131168000,   17021000,  105965883, java, iotlab1, sing, 15
entry_1827362.class,  2.54,  1.25,  1.21,  0.06,  0.00,   94227650,  138211000,   10015000,  106724463, java, iotlab1, sing, 15
entry_1838221.class,  6.21,  3.02,  2.95,  0.19,  0.00,  224284148,  449919000,   41714000,  237211719, java, iotlab1, sing, 15
entry_1838221.class,  6.29,  3.12,  3.05,  0.19,  0.00,  220582698,  468769000,   29617000,  232913597, java, iotlab1, sing, 15
entry_1838221.class,  6.27,  3.12,  3.05,  0.18,  0.00,  220695124,  440470000,   34721000,  233175800, java, iotlab1, sing, 15
entry_1838221.class,  6.36,  3.14,  3.05,  0.19,  0.00,  225622528,  432965000,   45575000,  238758173, java, iotlab1, sing, 15
entry_1838221.class,  6.30,  3.13,  3.06,  0.18,  0.00,  219776354,  450445000,   38037000,  232442880, java, iotlab1, sing, 15
entry_1838221.class,  6.25,  3.10,  3.03,  0.18,  0.00,  219828528,  457405000,   30758000,  232399768, java, iotlab1, sing, 15
entry_1838221.class,  6.63,  3.19,  3.12,  0.19,  0.00,  239429835,  448440000,   40128000,  251861777, java, iotlab1, sing, 15
entry_1838221.class,  6.38,  3.19,  3.11,  0.19,  0.00,  225393769,  458430000,   38951000,  237911012, java, iotlab1, sing, 15
entry_1838221.class,  6.34,  3.17,  3.10,  0.18,  0.00,  225186576,  434858000,   35741000,  237555926, java, iotlab1, sing, 15
entry_1838221.class,  6.26,  3.15,  3.09,  0.18,  0.00,  220458035,  437652000,   40874000,  232929953, java, iotlab1, sing, 15
entry_1848124.class,  4.03,  1.96,  1.92,  0.12,  0.00,  147242927,  298474000,   35816000,  159684418, java, iotlab1, sing, 15
entry_1848124.class,  4.01,  1.98,  1.93,  0.11,  0.00,  145153490,  290338000,   33922000,  157592824, java, iotlab1, sing, 15
entry_1848124.class,  4.47,  2.21,  2.15,  0.13,  0.00,  154228487,  311293000,   35033000,  166696893, java, iotlab1, sing, 15
entry_1848124.class,  4.68,  2.29,  2.24,  0.14,  0.00,  163293447,  311703000,   38962000,  176398582, java, iotlab1, sing, 15
entry_1848124.class,  4.22,  2.05,  2.00,  0.12,  0.00,  152757485,  301788000,   33642000,  165536643, java, iotlab1, sing, 15
entry_1848124.class,  4.01,  1.97,  1.92,  0.12,  0.00,  146602997,  286505000,   43620000,  159998782, java, iotlab1, sing, 15
entry_1848124.class,  4.07,  2.00,  1.95,  0.12,  0.00,  146858771,  286713000,   37222000,  159489582, java, iotlab1, sing, 15
entry_1848124.class,  4.19,  2.07,  2.01,  0.12,  0.00,  149054240,  319629000,   20975000,  161331882, java, iotlab1, sing, 15
entry_1848124.class,  3.98,  1.93,  1.88,  0.11,  0.00,  146589816,  287453000,   36309000,  159910448, java, iotlab1, sing, 15
entry_1848124.class,  4.05,  1.99,  1.95,  0.12,  0.00,  147009362,  295750000,   36720000,  159419185, java, iotlab1, sing, 15
entry_2047116.class,  4.87,  2.06,  1.99,  0.18,  0.00,  213998033,  500920000,   53883000,  228247235, java, iotlab1, sing, 15
entry_2047116.class,  4.93,  2.39,  2.33,  0.16,  0.00,  174223241,  399941000,   55991000,  188587467, java, iotlab1, sing, 15
entry_2047116.class,  4.98,  2.46,  2.41,  0.16,  0.00,  170503065,  407679000,   44291000,  182880567, java, iotlab1, sing, 15
entry_2047116.class,  5.02,  2.48,  2.42,  0.16,  0.00,  174602041,  416366000,   37121000,  187012906, java, iotlab1, sing, 15
entry_2047116.class,  5.47,  2.62,  2.56,  0.17,  0.00,  196824746,  399807000,   41082000,  209349071, java, iotlab1, sing, 15
entry_2047116.class,  4.98,  2.46,  2.40,  0.16,  0.00,  172378706,  393869000,   53117000,  184758866, java, iotlab1, sing, 15
entry_2047116.class,  5.13,  2.53,  2.48,  0.16,  0.00,  175804192,  404094000,   44229000,  188261079, java, iotlab1, sing, 15
entry_2047116.class,  5.06,  2.50,  2.44,  0.16,  0.00,  178282769,  407972000,   45996000,  191129462, java, iotlab1, sing, 15
entry_2047116.class,  5.08,  2.52,  2.46,  0.16,  0.00,  173591769,  410272000,   46802000,  185995921, java, iotlab1, sing, 15
entry_2047116.class,  5.11,  2.54,  2.48,  0.16,  0.00,  177972323,  403905000,   40588000,  190505653, java, iotlab1, sing, 15
entry_2331251.class,  2.35,  1.09,  1.06,  0.07,  0.00,   91801438,  130168000,   21190000,  104328681, java, iotlab1, sing, 15
entry_2331251.class,  2.25,  1.09,  1.06,  0.06,  0.00,   80893403,  120949000,   25197000,   93211444, java, iotlab1, sing, 15
entry_2331251.class,  2.37,  1.12,  1.09,  0.07,  0.00,   85039140,  122913000,   24982000,   98406137, java, iotlab1, sing, 15
entry_2331251.class,  2.26,  1.11,  1.08,  0.06,  0.00,   78762377,  117123000,   24814000,   91247335, java, iotlab1, sing, 15
entry_2331251.class,  2.27,  1.13,  1.10,  0.07,  0.00,   80677263,  123534000,   18337000,   93322872, java, iotlab1, sing, 15
entry_2331251.class,  2.20,  1.09,  1.06,  0.06,  0.00,   78733850,  124560000,   17076000,   91153546, java, iotlab1, sing, 15
entry_2331251.class,  2.21,  1.10,  1.08,  0.06,  0.00,   79285831,  125083000,   16010000,   91606817, java, iotlab1, sing, 15
entry_2331251.class,  2.20,  1.10,  1.08,  0.06,  0.00,   79325898,  123590000,   19774000,   91900175, java, iotlab1, sing, 15
entry_2331251.class,  2.21,  1.11,  1.08,  0.06,  0.00,   79701601,  117821000,   24752000,   92097730, java, iotlab1, sing, 15
entry_2331251.class,  2.25,  1.12,  1.09,  0.06,  0.00,   79745119,  117988000,   26219000,   92272743, java, iotlab1, sing, 15
entry_2342860.class,  5.26,  2.53,  2.47,  0.17,  0.00,  190535048,  434231000,   42611000,  203058929, java, iotlab1, sing, 15
entry_2342860.class,  5.23,  2.60,  2.54,  0.17,  0.00,  180884423,  419775000,   46085000,  193254366, java, iotlab1, sing, 15
entry_2342860.class,  5.20,  2.58,  2.53,  0.17,  0.00,  179584982,  420545000,   44844000,  191892605, java, iotlab1, sing, 15
entry_2342860.class,  5.29,  2.60,  2.54,  0.17,  0.00,  183034183,  424885000,   42887000,  195433178, java, iotlab1, sing, 15
entry_2342860.class,  5.24,  2.59,  2.52,  0.17,  0.00,  181132089,  421805000,   44556000,  193567400, java, iotlab1, sing, 15
entry_2342860.class,  5.26,  2.61,  2.56,  0.17,  0.00,  180368459,  432320000,   38116000,  192688946, java, iotlab1, sing, 15
entry_2342860.class,  5.52,  2.68,  2.60,  0.18,  0.00,  198409748,  420308000,   48380000,  211004094, java, iotlab1, sing, 15
entry_2342860.class,  5.25,  2.60,  2.54,  0.17,  0.00,  181862209,  423896000,   46658000,  194172289, java, iotlab1, sing, 15
entry_2342860.class,  5.25,  2.58,  2.52,  0.17,  0.00,  183653900,  429084000,   39190000,  196152953, java, iotlab1, sing, 15
entry_2342860.class,  5.26,  2.60,  2.53,  0.17,  0.00,  181959868,  426129000,   39103000,  194668319, java, iotlab1, sing, 15
entry_2372113.class,  2.21,  1.06,  1.04,  0.07,  0.00,   84564664,  109040000,   30452000,   97005601, java, iotlab1, sing, 15
entry_2372113.class,  2.26,  1.12,  1.09,  0.07,  0.00,   82093678,  110642000,   26636000,   94670126, java, iotlab1, sing, 15
entry_2372113.class,  2.23,  1.10,  1.07,  0.07,  0.00,   81367547,  107200000,   29328000,   93777044, java, iotlab1, sing, 15
entry_2372113.class,  2.24,  1.11,  1.09,  0.07,  0.00,   81087760,  119403000,   17202000,   93422888, java, iotlab1, sing, 15
entry_2372113.class,  2.24,  1.10,  1.07,  0.07,  0.00,   81044955,  110629000,   25373000,   93549886, java, iotlab1, sing, 15
entry_2372113.class,  2.29,  1.11,  1.08,  0.07,  0.00,   82713783,  112525000,   26357000,   95105359, java, iotlab1, sing, 15
entry_2372113.class,  2.25,  1.08,  1.05,  0.07,  0.00,   83673708,  108663000,   30300000,   96872355, java, iotlab1, sing, 15
entry_2372113.class,  2.23,  1.10,  1.07,  0.07,  0.00,   80819916,  105450000,   30713000,   93021659, java, iotlab1, sing, 15
entry_2372113.class,  2.25,  1.11,  1.08,  0.07,  0.00,   82007199,  110532000,   26365000,   94461243, java, iotlab1, sing, 15
entry_2372113.class,  2.24,  1.09,  1.07,  0.07,  0.00,   82294896,  114103000,   22820000,   94647445, java, iotlab1, sing, 15
entry_2390077.class,  4.80,  2.32,  2.26,  0.14,  0.00,  174202608,  373757000,   48578000,  188537035, java, iotlab1, sing, 15
entry_2390077.class,  4.56,  2.26,  2.20,  0.13,  0.00,  159711487,  353931000,   37779000,  172071060, java, iotlab1, sing, 15
entry_2390077.class,  4.82,  2.38,  2.31,  0.14,  0.00,  170076452,  385681000,   30131000,  182505553, java, iotlab1, sing, 15
entry_2390077.class,  4.73,  2.30,  2.24,  0.14,  0.00,  169720171,  384056000,   33828000,  182108876, java, iotlab1, sing, 15
entry_2390077.class,  4.84,  2.37,  2.32,  0.14,  0.00,  172437392,  387657000,   26385000,  184837159, java, iotlab1, sing, 15
entry_2390077.class,  4.79,  2.36,  2.29,  0.14,  0.00,  170140634,  383132000,   33923000,  182522998, java, iotlab1, sing, 15
entry_2390077.class,  4.88,  2.40,  2.34,  0.14,  0.00,  172527443,  382356000,   35032000,  185087566, java, iotlab1, sing, 15
entry_2390077.class,  4.77,  2.32,  2.26,  0.14,  0.00,  168932194,  384640000,   32221000,  181295743, java, iotlab1, sing, 15
entry_2390077.class,  5.02,  2.39,  2.34,  0.15,  0.00,  183548552,  383259000,   27231000,  195988296, java, iotlab1, sing, 15
entry_2390077.class,  4.77,  2.34,  2.29,  0.14,  0.00,  169576638,  377299000,   38030000,  181958782, java, iotlab1, sing, 15
entry_264020.class,  5.13,  2.41,  2.35,  0.16,  0.00,  189341660,  402461000,   44605000,  201927964, java, iotlab1, sing, 15
entry_264020.class,  4.69,  2.32,  2.27,  0.14,  0.00,  163708672,  327140000,   41397000,  176141891, java, iotlab1, sing, 15
entry_264020.class,  5.14,  2.52,  2.46,  0.16,  0.00,  180325009,  372989000,   53985000,  192701500, java, iotlab1, sing, 15
entry_264020.class,  5.23,  2.55,  2.49,  0.16,  0.00,  184293191,  376250000,   47793000,  196738327, java, iotlab1, sing, 15
entry_264020.class,  4.75,  2.33,  2.28,  0.14,  0.00,  164823134,  326883000,   44529000,  177320665, java, iotlab1, sing, 15
entry_264020.class,  5.19,  2.55,  2.49,  0.16,  0.00,  182099584,  375821000,   47977000,  194312174, java, iotlab1, sing, 15
entry_264020.class,  5.05,  2.47,  2.41,  0.16,  0.00,  180532770,  362330000,   42222000,  192813125, java, iotlab1, sing, 15
entry_264020.class,  4.70,  2.32,  2.27,  0.14,  0.00,  163430948,  336160000,   36907000,  175597247, java, iotlab1, sing, 15
entry_264020.class,  4.73,  2.34,  2.28,  0.14,  0.00,  163835008,  333939000,   40848000,  176217675, java, iotlab1, sing, 15
entry_264020.class,  4.72,  2.35,  2.30,  0.14,  0.00,  164334930,  328133000,   41889000,  176496334, java, iotlab1, sing, 15
entry_2844943.class,  5.65,  2.67,  2.60,  0.17,  0.00,  208968361,  492962000,   32797000,  221365306, java, iotlab1, sing, 15
entry_2844943.class,  5.61,  2.75,  2.69,  0.17,  0.00,  200469419,  452975000,   43708000,  213647729, java, iotlab1, sing, 15
entry_2844943.class,  6.02,  3.00,  2.92,  0.17,  0.00,  206989771,  512815000,   40379000,  219598946, java, iotlab1, sing, 15
entry_2844943.class,  5.73,  2.82,  2.75,  0.17,  0.00,  200573981,  455098000,   43816000,  213065523, java, iotlab1, sing, 15
entry_2844943.class,  5.77,  2.84,  2.77,  0.17,  0.00,  203377919,  478706000,   35679000,  215720056, java, iotlab1, sing, 15
entry_2844943.class,  5.63,  2.66,  2.59,  0.17,  0.00,  207127467,  455113000,   43296000,  219629491, java, iotlab1, sing, 15
entry_2844943.class,  5.65,  2.74,  2.67,  0.17,  0.00,  203028594,  458294000,   42471000,  215521125, java, iotlab1, sing, 15
entry_2844943.class,  5.79,  2.86,  2.79,  0.17,  0.00,  202857975,  458169000,   52247000,  215184601, java, iotlab1, sing, 15
entry_2844943.class,  6.59,  3.24,  3.16,  0.20,  0.00,  229095029,  568335000,   44947000,  241523149, java, iotlab1, sing, 15
entry_2844943.class,  5.66,  2.76,  2.69,  0.17,  0.00,  201841402,  455132000,   47117000,  215070803, java, iotlab1, sing, 15
entry_2967435.class,  5.62,  2.73,  2.67,  0.18,  0.00,  199230889,  448750000,   45669000,  212183547, java, iotlab1, sing, 15
entry_2967435.class,  5.71,  2.80,  2.74,  0.18,  0.00,  199563632,  449782000,   34365000,  211841817, java, iotlab1, sing, 15
entry_2967435.class,  5.69,  2.81,  2.74,  0.18,  0.00,  195532442,  445698000,   43067000,  207946973, java, iotlab1, sing, 15
entry_2967435.class,  5.58,  2.76,  2.69,  0.17,  0.00,  192055528,  416846000,   42186000,  204404814, java, iotlab1, sing, 15
entry_2967435.class,  5.66,  2.79,  2.72,  0.18,  0.00,  194925418,  440914000,   43891000,  207456889, java, iotlab1, sing, 15
entry_2967435.class,  5.72,  2.82,  2.75,  0.18,  0.00,  196785864,  447610000,   57077000,  209181208, java, iotlab1, sing, 15
entry_2967435.class,  5.89,  2.89,  2.82,  0.18,  0.00,  206959013,  458341000,   39942000,  219154083, java, iotlab1, sing, 15
entry_2967435.class,  5.75,  2.83,  2.77,  0.18,  0.00,  196837944,  446624000,   52072000,  209051958, java, iotlab1, sing, 15
entry_2967435.class,  5.79,  2.85,  2.78,  0.18,  0.00,  199030539,  448476000,   45641000,  211284220, java, iotlab1, sing, 15
entry_2967435.class,  6.01,  2.92,  2.85,  0.19,  0.00,  212607866,  448859000,   45781000,  224910210, java, iotlab1, sing, 15
entry_3094689.class,  5.06,  2.39,  2.34,  0.16,  0.00,  182434698,  419823000,   39076000,  195471356, java, iotlab1, sing, 15
entry_3094689.class,  5.07,  2.46,  2.39,  0.16,  0.00,  174683115,  414006000,   34165000,  187125197, java, iotlab1, sing, 15
entry_3094689.class,  5.06,  2.50,  2.43,  0.16,  0.00,  173579746,  400734000,   41385000,  185937004, java, iotlab1, sing, 15
entry_3094689.class,  5.06,  2.51,  2.45,  0.16,  0.00,  174631234,  399826000,   39277000,  186983468, java, iotlab1, sing, 15
entry_3094689.class,  5.07,  2.52,  2.45,  0.16,  0.00,  173324962,  402719000,   40171000,  185776208, java, iotlab1, sing, 15
entry_3094689.class,  4.98,  2.46,  2.40,  0.16,  0.00,  172154061,  408541000,   37231000,  184391848, java, iotlab1, sing, 15
entry_3094689.class,  5.10,  2.50,  2.43,  0.16,  0.00,  173876913,  407836000,   41676000,  186145674, java, iotlab1, sing, 15
entry_3094689.class,  5.04,  2.50,  2.44,  0.16,  0.00,  172600452,  415975000,   32387000,  184933718, java, iotlab1, sing, 15
entry_3094689.class,  5.02,  2.48,  2.43,  0.16,  0.00,  172532161,  401398000,   46160000,  185135951, java, iotlab1, sing, 15
entry_3094689.class,  5.02,  2.46,  2.40,  0.16,  0.00,  174360249,  407547000,   40854000,  186615838, java, iotlab1, sing, 15
entry_3333530.class,  7.22,  3.45,  3.36,  0.24,  0.00,  269869850,  528616000,   33290000,  282346082, java, iotlab1, sing, 15
entry_3333530.class,  7.39,  3.58,  3.43,  0.24,  0.00,  261872337,  498962000,   44622000,  274575894, java, iotlab1, sing, 15
entry_3333530.class,  7.42,  3.70,  3.61,  0.24,  0.00,  263980129,  503090000,   33404000,  276532670, java, iotlab1, sing, 15
entry_3333530.class,  7.33,  3.64,  3.55,  0.24,  0.00,  259568356,  491876000,   45709000,  271945026, java, iotlab1, sing, 15
entry_3333530.class,  7.30,  3.63,  3.55,  0.23,  0.00,  259788399,  495971000,   41167000,  272224113, java, iotlab1, sing, 15
entry_3333530.class,  7.32,  3.64,  3.55,  0.24,  0.00,  261585918,  495519000,   45138000,  274049291, java, iotlab1, sing, 15
entry_3333530.class,  7.45,  3.70,  3.60,  0.24,  0.00,  265490954,  518838000,   34055000,  277991133, java, iotlab1, sing, 15
entry_3333530.class,  7.18,  3.55,  3.46,  0.23,  0.00,  257199328,  501352000,   39789000,  269512627, java, iotlab1, sing, 15
entry_3333530.class,  7.74,  3.74,  3.65,  0.25,  0.00,  282993969,  517590000,   38596000,  295561788, java, iotlab1, sing, 15
entry_3333530.class,  7.33,  3.61,  3.51,  0.24,  0.00,  261477738,  503013000,   43826000,  273939771, java, iotlab1, sing, 15
entry_3373686.class,  4.63,  2.27,  2.21,  0.14,  0.00,  161294005,  326494000,   35269000,  173961873, java, iotlab1, sing, 15
entry_3373686.class,  4.60,  2.30,  2.25,  0.14,  0.00,  159437116,  318012000,   46001000,  171766368, java, iotlab1, sing, 15
entry_3373686.class,  5.06,  2.47,  2.40,  0.16,  0.00,  176523355,  354835000,   48802000,  188980773, java, iotlab1, sing, 15
entry_3373686.class,  4.91,  2.40,  2.34,  0.15,  0.00,  172250835,  340665000,   44693000,  184659974, java, iotlab1, sing, 15
entry_3373686.class,  4.65,  2.30,  2.25,  0.14,  0.00,  160131371,  328688000,   35288000,  172581952, java, iotlab1, sing, 15
entry_3373686.class,  4.65,  2.25,  2.19,  0.14,  0.00,  165696865,  320789000,   44666000,  178562880, java, iotlab1, sing, 15
entry_3373686.class,  4.67,  2.32,  2.27,  0.14,  0.00,  160499928,  325665000,   39594000,  172819039, java, iotlab1, sing, 15
entry_3373686.class,  4.59,  2.28,  2.23,  0.14,  0.00,  158543036,  315752000,   44964000,  170860473, java, iotlab1, sing, 15
entry_3373686.class,  4.93,  2.38,  2.31,  0.15,  0.00,  176934781,  354359000,   43797000,  190453722, java, iotlab1, sing, 15
entry_3373686.class,  4.63,  2.27,  2.22,  0.14,  0.00,  158767848,  320687000,   43466000,  171367340, java, iotlab1, sing, 15
entry_3399487.class,  7.53,  3.75,  3.65,  0.24,  0.00,  269440542,  513505000,   39114000,  281845003, java, iotlab1, sing, 15
entry_3399487.class,  7.53,  3.75,  3.67,  0.24,  0.00,  269582199,  533736000,   34239000,  281983557, java, iotlab1, sing, 15
entry_3399487.class,  7.46,  3.70,  3.61,  0.24,  0.00,  269484473,  525783000,   33239000,  281828256, java, iotlab1, sing, 15
entry_3399487.class,  7.65,  3.82,  3.74,  0.24,  0.00,  274357647,  527712000,   31339000,  286795317, java, iotlab1, sing, 15
entry_3399487.class,  7.87,  3.85,  3.75,  0.25,  0.00,  283650091,  524724000,   39203000,  296075181, java, iotlab1, sing, 15
entry_3399487.class,  8.45,  3.96,  3.86,  0.27,  0.00,  287448827,  541130000,   48011000,  300179979, java, iotlab1, sing, 15
entry_3399487.class,  7.76,  3.84,  3.75,  0.25,  0.00,  273165821,  513036000,   43341000,  286096500, java, iotlab1, sing, 15
entry_3399487.class,  7.53,  3.75,  3.65,  0.24,  0.00,  268694039,  523172000,   37083000,  281083177, java, iotlab1, sing, 15
entry_3399487.class,  7.58,  3.76,  3.67,  0.24,  0.00,  270401110,  525993000,   40766000,  282800519, java, iotlab1, sing, 15
entry_3399487.class,  7.59,  3.79,  3.70,  0.24,  0.00,  270296412,  529216000,   38378000,  282651801, java, iotlab1, sing, 15
entry_3662019.class,  7.09,  3.38,  3.30,  0.22,  0.00,  262370895,  537335000,   43864000,  275740053, java, iotlab1, sing, 15
entry_3662019.class,  7.33,  3.50,  3.42,  0.22,  0.00,  256501257,  525117000,   43844000,  269070311, java, iotlab1, sing, 15
entry_3662019.class,  7.25,  3.60,  3.52,  0.22,  0.00,  253365403,  522664000,   46324000,  265730595, java, iotlab1, sing, 15
entry_3662019.class,  7.10,  3.51,  3.43,  0.22,  0.00,  248112380,  540081000,   38649000,  260760103, java, iotlab1, sing, 15
entry_3662019.class,  7.16,  3.55,  3.46,  0.22,  0.00,  251335506,  538862000,   39768000,  263761258, java, iotlab1, sing, 15
entry_3662019.class,  7.36,  3.60,  3.50,  0.23,  0.00,  259597335,  537492000,   43607000,  271961151, java, iotlab1, sing, 15
entry_3662019.class,  7.38,  3.67,  3.58,  0.22,  0.00,  257555031,  526509000,   40345000,  269973279, java, iotlab1, sing, 15
entry_3662019.class,  7.11,  3.51,  3.43,  0.21,  0.00,  251842284,  515405000,   53144000,  264286468, java, iotlab1, sing, 15
entry_3662019.class,  7.21,  3.59,  3.50,  0.22,  0.00,  251621263,  536132000,   42088000,  263872612, java, iotlab1, sing, 15
entry_3662019.class,  7.12,  3.54,  3.46,  0.21,  0.00,  251613463,  527555000,   33971000,  264003427, java, iotlab1, sing, 15
entry_3662029.class,  3.43,  1.60,  1.56,  0.11,  0.00,  131487758,  218551000,   39378000,  144704277, java, iotlab1, sing, 15
entry_3662029.class,  3.44,  1.69,  1.65,  0.11,  0.00,  122411509,  214539000,   30790000,  134759593, java, iotlab1, sing, 15
entry_3662029.class,  3.45,  1.71,  1.66,  0.11,  0.00,  122256626,  213787000,   31559000,  134536540, java, iotlab1, sing, 15
entry_3662029.class,  3.47,  1.70,  1.66,  0.11,  0.00,  124874646,  198557000,   44123000,  137498267, java, iotlab1, sing, 15
entry_3662029.class,  3.47,  1.74,  1.69,  0.11,  0.00,  122513134,  207341000,   34388000,  134887081, java, iotlab1, sing, 15
entry_3662029.class,  3.49,  1.73,  1.69,  0.11,  0.00,  123082595,  203754000,   38330000,  135517826, java, iotlab1, sing, 15
entry_3662029.class,  3.47,  1.73,  1.68,  0.11,  0.00,  121405064,  211729000,   30815000,  133844222, java, iotlab1, sing, 15
entry_3662029.class,  3.62,  1.80,  1.76,  0.11,  0.00,  128725584,  213243000,   26029000,  141078621, java, iotlab1, sing, 15
entry_3662029.class,  3.45,  1.73,  1.70,  0.10,  0.00,  122674414,  204663000,   39319000,  135083242, java, iotlab1, sing, 15
entry_3662029.class,  3.44,  1.73,  1.68,  0.10,  0.00,  120853183,  200577000,   43340000,  133248990, java, iotlab1, sing, 15
entry_3932184.class,  6.31,  3.01,  2.94,  0.20,  0.00,  234797359,  474745000,   51645000,  247333695, java, iotlab1, sing, 15
entry_3932184.class,  6.61,  3.28,  3.21,  0.20,  0.00,  230401228,  494438000,   47656000,  243948728, java, iotlab1, sing, 15
entry_3932184.class,  5.84,  2.89,  2.82,  0.18,  0.00,  208551672,  396254000,   60885000,  221060352, java, iotlab1, sing, 15
entry_3932184.class,  6.72,  3.32,  3.24,  0.21,  0.00,  236320296,  498027000,   41667000,  248733237, java, iotlab1, sing, 15
entry_3932184.class,  6.64,  3.21,  3.12,  0.20,  0.00,  241087004,  469632000,   59587000,  254943243, java, iotlab1, sing, 15
entry_3932184.class,  6.69,  3.27,  3.20,  0.21,  0.00,  239818869,  479893000,   66294000,  252396074, java, iotlab1, sing, 15
entry_3932184.class,  6.68,  3.32,  3.24,  0.20,  0.00,  235886749,  499373000,   39186000,  248348633, java, iotlab1, sing, 15
entry_3932184.class,  6.86,  3.34,  3.25,  0.21,  0.00,  247947652,  472222000,   58274000,  260473494, java, iotlab1, sing, 15
entry_3932184.class,  6.40,  3.20,  3.12,  0.19,  0.00,  221789843,  475897000,   51421000,  234143697, java, iotlab1, sing, 15
entry_3932184.class,  6.61,  3.30,  3.23,  0.20,  0.00,  229506888,  474771000,   64239000,  241896609, java, iotlab1, sing, 15
entry_4398512.class,  6.33,  3.14,  3.07,  0.18,  0.00,  222571085,  441429000,   40405000,  234988989, java, iotlab1, sing, 15
entry_4398512.class,  6.36,  3.16,  3.09,  0.18,  0.00,  222478974,  432486000,   38864000,  235096917, java, iotlab1, sing, 15
entry_4398512.class,  6.31,  3.14,  3.06,  0.19,  0.00,  219572581,  445518000,   41140000,  232115921, java, iotlab1, sing, 15
entry_4398512.class,  6.21,  3.09,  3.02,  0.18,  0.00,  218546509,  446210000,   39282000,  230971963, java, iotlab1, sing, 15
entry_4398512.class,  6.37,  3.18,  3.11,  0.19,  0.00,  221761974,  463970000,   32346000,  234153975, java, iotlab1, sing, 15
entry_4398512.class,  6.25,  3.09,  3.02,  0.19,  0.00,  224317147,  432170000,   48569000,  237345718, java, iotlab1, sing, 15
entry_4398512.class,  6.38,  3.19,  3.12,  0.19,  0.00,  224158297,  449440000,   44043000,  236536670, java, iotlab1, sing, 15
entry_4398512.class,  6.38,  3.19,  3.11,  0.19,  0.00,  225995641,  445087000,   40098000,  238432412, java, iotlab1, sing, 15
entry_4398512.class,  6.33,  3.17,  3.09,  0.19,  0.00,  220272986,  462479000,   30634000,  232709086, java, iotlab1, sing, 15
entry_4398512.class,  6.34,  3.15,  3.08,  0.19,  0.00,  223468288,  455038000,   36003000,  235808670, java, iotlab1, sing, 15
entry_449591.class,  7.23,  3.64,  3.56,  0.18,  0.00,  251760215,  545565000,   36037000,  264676617, java, iotlab1, sing, 15
entry_449591.class,  6.88,  3.44,  3.36,  0.18,  0.00,  241802450,  518348000,   33762000,  254106517, java, iotlab1, sing, 15
entry_449591.class,  6.36,  3.13,  3.06,  0.17,  0.00,  228956819,  475950000,   34849000,  241486327, java, iotlab1, sing, 15
entry_449591.class,  6.82,  3.43,  3.34,  0.18,  0.00,  239158041,  512554000,   35759000,  251775757, java, iotlab1, sing, 15
entry_449591.class,  6.18,  3.12,  3.05,  0.16,  0.00,  212886804,  476993000,   36303000,  225314116, java, iotlab1, sing, 15
entry_449591.class,  6.53,  3.24,  3.17,  0.17,  0.00,  229987939,  502989000,   26103000,  242219733, java, iotlab1, sing, 15
entry_449591.class,  6.00,  3.02,  2.95,  0.16,  0.00,  206108933,  446323000,   39292000,  218547939, java, iotlab1, sing, 15
entry_449591.class,  6.95,  3.51,  3.44,  0.18,  0.00,  240154276,  530788000,   30388000,  252553598, java, iotlab1, sing, 15
entry_449591.class,  6.85,  3.41,  3.33,  0.18,  0.00,  241236277,  512982000,   32998000,  253626081, java, iotlab1, sing, 15
entry_449591.class,  5.99,  3.01,  2.95,  0.16,  0.00,  206309659,  447010000,   38569000,  218763559, java, iotlab1, sing, 15
entry_4764597.class,  4.52,  2.20,  2.14,  0.14,  0.00,  160865090,  374117000,   40445000,  173367679, java, iotlab1, sing, 15
entry_4764597.class,  4.46,  2.17,  2.12,  0.13,  0.00,  161436314,  370203000,   36821000,  174898400, java, iotlab1, sing, 15
entry_4764597.class,  4.45,  2.16,  2.11,  0.13,  0.00,  160292963,  370653000,   39431000,  173649950, java, iotlab1, sing, 15
entry_4764597.class,  4.49,  2.18,  2.12,  0.13,  0.00,  159340984,  371228000,   35925000,  172305743, java, iotlab1, sing, 15
entry_4764597.class,  4.46,  2.18,  2.13,  0.13,  0.00,  158769462,  377869000,   25854000,  171705362, java, iotlab1, sing, 15
entry_4764597.class,  4.54,  2.18,  2.12,  0.14,  0.00,  164627573,  376664000,   37164000,  178640104, java, iotlab1, sing, 15
entry_4764597.class,  4.52,  2.20,  2.14,  0.13,  0.00,  160368926,  362857000,   40429000,  172857249, java, iotlab1, sing, 15
entry_4764597.class,  4.56,  2.23,  2.18,  0.13,  0.00,  162231389,  365407000,   29869000,  174750668, java, iotlab1, sing, 15
entry_4764597.class,  4.58,  2.22,  2.17,  0.14,  0.00,  162747928,  371723000,   37172000,  175551189, java, iotlab1, sing, 15
entry_4764597.class,  4.55,  2.20,  2.15,  0.14,  0.00,  161775251,  368759000,   35976000,  174837386, java, iotlab1, sing, 15
entry_4781295.class,  4.53,  2.24,  2.19,  0.13,  0.00,  162645163,  257062000,   39161000,  175651488, java, iotlab1, sing, 15
entry_4781295.class,  4.45,  2.21,  2.16,  0.12,  0.00,  159269376,  257240000,   37179000,  171679651, java, iotlab1, sing, 15
entry_4781295.class,  4.34,  2.15,  2.10,  0.12,  0.00,  155152138,  251709000,   37509000,  167538767, java, iotlab1, sing, 15
entry_4781295.class,  4.43,  2.20,  2.14,  0.12,  0.00,  159748509,  270161000,   25014000,  172103982, java, iotlab1, sing, 15
entry_4781295.class,  4.55,  2.26,  2.21,  0.12,  0.00,  163222936,  262856000,   26680000,  175629257, java, iotlab1, sing, 15
entry_4781295.class,  4.50,  2.25,  2.20,  0.12,  0.00,  161203313,  261381000,   31406000,  173646864, java, iotlab1, sing, 15
entry_4781295.class,  4.42,  2.20,  2.15,  0.12,  0.00,  158533457,  257674000,   37242000,  171040802, java, iotlab1, sing, 15
entry_4781295.class,  4.48,  2.23,  2.18,  0.12,  0.00,  160876641,  273159000,   19651000,  173295236, java, iotlab1, sing, 15
entry_4781295.class,  4.45,  2.21,  2.16,  0.12,  0.00,  159895500,  256958000,   39454000,  172234433, java, iotlab1, sing, 15
entry_4781295.class,  4.45,  2.22,  2.18,  0.12,  0.00,  159338059,  258518000,   37929000,  171703408, java, iotlab1, sing, 15
entry_4810964.class,  4.12,  1.90,  1.84,  0.13,  0.00,  161954661,  339797000,   39207000,  174518405, java, iotlab1, sing, 15
entry_4810964.class,  4.03,  1.96,  1.92,  0.12,  0.00,  146086276,  283709000,   40249000,  158643353, java, iotlab1, sing, 15
entry_4810964.class,  4.12,  2.02,  1.97,  0.12,  0.00,  146888495,  300539000,   32823000,  159447018, java, iotlab1, sing, 15
entry_4810964.class,  4.16,  2.05,  2.01,  0.12,  0.00,  148191074,  317344000,   30936000,  160666396, java, iotlab1, sing, 15
entry_4810964.class,  4.24,  2.10,  2.05,  0.12,  0.00,  151761906,  322085000,   34793000,  164040832, java, iotlab1, sing, 15
entry_4810964.class,  4.14,  2.03,  1.98,  0.12,  0.00,  149131339,  319894000,   30797000,  161578587, java, iotlab1, sing, 15
entry_4810964.class,  4.17,  2.06,  2.01,  0.12,  0.00,  149014626,  312181000,   30528000,  161391877, java, iotlab1, sing, 15
entry_4810964.class,  4.23,  2.10,  2.05,  0.12,  0.00,  150673392,  317389000,   31136000,  162981329, java, iotlab1, sing, 15
entry_4810964.class,  4.20,  2.08,  2.02,  0.12,  0.00,  149607890,  322164000,   27182000,  161931631, java, iotlab1, sing, 15
entry_4810964.class,  4.23,  2.08,  2.03,  0.12,  0.00,  151680758,  317429000,   29504000,  164227396, java, iotlab1, sing, 15
entry_4971567.class,  5.12,  2.30,  2.23,  0.15,  0.00,  214521510,  346258000,   45295000,  229475696, java, iotlab1, sing, 15
entry_4971567.class,  5.19,  2.49,  2.42,  0.15,  0.00,  196482087,  296519000,   38456000,  209584661, java, iotlab1, sing, 15
entry_4971567.class,  5.24,  2.56,  2.49,  0.14,  0.00,  195927312,  312114000,   27655000,  208409446, java, iotlab1, sing, 15
entry_4971567.class,  5.09,  2.51,  2.46,  0.14,  0.00,  185228385,  307547000,   29762000,  197566114, java, iotlab1, sing, 15
entry_4971567.class,  5.08,  2.51,  2.45,  0.14,  0.00,  185243078,  304755000,   32185000,  197725941, java, iotlab1, sing, 15
entry_4971567.class,  5.26,  2.60,  2.54,  0.14,  0.00,  189449210,  295942000,   30683000,  201821937, java, iotlab1, sing, 15
entry_4971567.class,  5.23,  2.54,  2.47,  0.14,  0.00,  194226617,  303934000,   31302000,  206593689, java, iotlab1, sing, 15
entry_4971567.class,  5.22,  2.56,  2.50,  0.14,  0.00,  187770415,  298587000,   30957000,  200016511, java, iotlab1, sing, 15
entry_4971567.class,  5.11,  2.51,  2.45,  0.14,  0.00,  185083684,  302985000,   35114000,  197447007, java, iotlab1, sing, 15
entry_4971567.class,  5.17,  2.51,  2.44,  0.14,  0.00,  188754318,  312632000,   26305000,  201957502, java, iotlab1, sing, 15
entry_5007970.class,  5.21,  2.49,  2.43,  0.16,  0.00,  188675679,  396990000,   28648000,  201230115, java, iotlab1, sing, 15
entry_5007970.class,  4.77,  2.37,  2.31,  0.14,  0.00,  163699603,  336895000,   36879000,  176108768, java, iotlab1, sing, 15
entry_5007970.class,  4.74,  2.35,  2.31,  0.14,  0.00,  162710915,  350775000,   25909000,  175402102, java, iotlab1, sing, 15
entry_5007970.class,  5.10,  2.47,  2.41,  0.15,  0.00,  177499625,  369382000,   33305000,  189988695, java, iotlab1, sing, 15
entry_5007970.class,  5.93,  2.88,  2.82,  0.19,  0.00,  199615332,  398466000,   36583000,  212470913, java, iotlab1, sing, 15
entry_5007970.class,  5.47,  2.67,  2.61,  0.17,  0.00,  186239632,  383560000,   37565000,  199279832, java, iotlab1, sing, 15
entry_5007970.class,  4.68,  2.30,  2.24,  0.14,  0.00,  161074608,  334102000,   40012000,  173316450, java, iotlab1, sing, 15
entry_5007970.class,  4.86,  2.40,  2.34,  0.14,  0.00,  165134965,  342899000,   31264000,  177438376, java, iotlab1, sing, 15
entry_5007970.class,  4.81,  2.36,  2.31,  0.14,  0.00,  163815455,  353430000,   25245000,  176171269, java, iotlab1, sing, 15
entry_5007970.class,  5.08,  2.47,  2.41,  0.15,  0.00,  178384480,  357206000,   44650000,  190797081, java, iotlab1, sing, 15
entry_5012998.class,  5.61,  2.70,  2.65,  0.16,  0.00,  204882490,  418092000,   48357000,  218134331, java, iotlab1, sing, 15
entry_5012998.class,  5.49,  2.72,  2.66,  0.15,  0.00,  189689959,  403315000,   38124000,  202014329, java, iotlab1, sing, 15
entry_5012998.class,  5.44,  2.68,  2.61,  0.15,  0.00,  191811116,  388354000,   54049000,  205077848, java, iotlab1, sing, 15
entry_5012998.class,  5.67,  2.84,  2.78,  0.15,  0.00,  193698259,  409120000,   34924000,  206274001, java, iotlab1, sing, 15
entry_5012998.class,  5.86,  2.94,  2.87,  0.16,  0.00,  197890947,  422985000,   28132000,  211056160, java, iotlab1, sing, 15
entry_5012998.class,  5.52,  2.76,  2.69,  0.15,  0.00,  191855808,  386080000,   42227000,  204265566, java, iotlab1, sing, 15
entry_5012998.class,  5.39,  2.69,  2.63,  0.15,  0.00,  185899218,  397577000,   38763000,  198398941, java, iotlab1, sing, 15
entry_5012998.class,  5.52,  2.65,  2.58,  0.15,  0.00,  199326229,  382487000,   41160000,  211829244, java, iotlab1, sing, 15
entry_5012998.class,  5.21,  2.59,  2.53,  0.15,  0.00,  181055366,  376727000,   44848000,  193424288, java, iotlab1, sing, 15
entry_5012998.class,  5.64,  2.83,  2.76,  0.15,  0.00,  194558938,  413403000,   35376000,  207073914, java, iotlab1, sing, 15
entry_5069999.class,  5.47,  2.50,  2.43,  0.18,  0.00,  201305427,  412308000,   34275000,  214382988, java, iotlab1, sing, 15
entry_5069999.class,  5.05,  2.40,  2.35,  0.16,  0.00,  172594100,  394199000,   49024000,  185155252, java, iotlab1, sing, 15
entry_5069999.class,  5.01,  2.43,  2.37,  0.16,  0.00,  168343825,  393038000,   39700000,  180935093, java, iotlab1, sing, 15
entry_5069999.class,  5.05,  2.47,  2.40,  0.16,  0.00,  170431837,  398703000,   40477000,  183055701, java, iotlab1, sing, 15
entry_5069999.class,  5.04,  2.47,  2.41,  0.16,  0.00,  171714121,  393945000,   42424000,  184270513, java, iotlab1, sing, 15
entry_5069999.class,  4.95,  2.42,  2.36,  0.16,  0.00,  171557278,  407061000,   39005000,  184004685, java, iotlab1, sing, 15
entry_5069999.class,  5.03,  2.48,  2.41,  0.16,  0.00,  172652159,  398064000,   41318000,  185034752, java, iotlab1, sing, 15
entry_5069999.class,  5.04,  2.46,  2.39,  0.16,  0.00,  176955792,  405779000,   49485000,  190857738, java, iotlab1, sing, 15
entry_5069999.class,  4.92,  2.44,  2.39,  0.15,  0.00,  169777448,  395814000,   35983000,  182103030, java, iotlab1, sing, 15
entry_5069999.class,  5.00,  2.47,  2.41,  0.16,  0.00,  169821194,  391351000,   47284000,  182267134, java, iotlab1, sing, 15
entry_5104073.class,  5.32,  2.57,  2.50,  0.15,  0.00,  198143554,  297671000,   41511000,  211475143, java, iotlab1, sing, 15
entry_5104073.class,  5.25,  2.58,  2.51,  0.14,  0.00,  189448197,  302383000,   29840000,  201870418, java, iotlab1, sing, 15
entry_5104073.class,  5.20,  2.56,  2.50,  0.14,  0.00,  189159834,  299625000,   31998000,  201559323, java, iotlab1, sing, 15
entry_5104073.class,  5.26,  2.55,  2.49,  0.14,  0.00,  189453037,  303840000,   29984000,  201772145, java, iotlab1, sing, 15
entry_5104073.class,  5.44,  2.62,  2.54,  0.15,  0.00,  204258864,  305432000,   24953000,  216598504, java, iotlab1, sing, 15
entry_5104073.class,  5.20,  2.56,  2.49,  0.14,  0.00,  189739648,  301882000,   29693000,  202084626, java, iotlab1, sing, 15
entry_5104073.class,  5.20,  2.57,  2.51,  0.14,  0.00,  189101337,  300312000,   30523000,  201382940, java, iotlab1, sing, 15
entry_5104073.class,  5.26,  2.60,  2.54,  0.14,  0.00,  190000372,  301888000,   32770000,  202485862, java, iotlab1, sing, 15
entry_5104073.class,  5.39,  2.62,  2.55,  0.15,  0.00,  200239390,  291931000,   42279000,  212636962, java, iotlab1, sing, 15
entry_5104073.class,  5.23,  2.57,  2.52,  0.14,  0.00,  189557554,  302656000,   29965000,  202053803, java, iotlab1, sing, 15
entry_5272232.class,  6.50,  3.14,  3.05,  0.20,  0.00,  237424246,  513120000,   44443000,  250014034, java, iotlab1, sing, 15
entry_5272232.class,  6.62,  3.29,  3.21,  0.20,  0.00,  233169688,  493831000,   47983000,  245616686, java, iotlab1, sing, 15
entry_5272232.class,  6.60,  3.25,  3.18,  0.20,  0.00,  228357805,  503522000,   43612000,  240772577, java, iotlab1, sing, 15
entry_5272232.class,  6.60,  3.23,  3.16,  0.20,  0.00,  227389725,  512074000,   36576000,  239696071, java, iotlab1, sing, 15
entry_5272232.class,  6.72,  3.27,  3.18,  0.20,  0.00,  238119835,  539394000,   39734000,  250677552, java, iotlab1, sing, 15
entry_5272232.class,  6.58,  3.25,  3.17,  0.20,  0.00,  228359676,  497806000,   46354000,  240834961, java, iotlab1, sing, 15
entry_5272232.class,  6.65,  3.27,  3.18,  0.20,  0.00,  229657805,  493854000,   51775000,  242234725, java, iotlab1, sing, 15
entry_5272232.class,  6.63,  3.25,  3.18,  0.20,  0.00,  230491404,  506714000,   39055000,  243031701, java, iotlab1, sing, 15
entry_5272232.class,  6.64,  3.26,  3.18,  0.20,  0.00,  232156242,  499310000,   50333000,  244590119, java, iotlab1, sing, 15
entry_5272232.class,  6.64,  3.28,  3.19,  0.20,  0.00,  229402853,  492741000,   47359000,  241830773, java, iotlab1, sing, 15
entry_5276929.class,  4.72,  2.31,  2.26,  0.14,  0.00,  166108875,  340233000,   33725000,  179051598, java, iotlab1, sing, 15
entry_5276929.class,  4.84,  2.41,  2.35,  0.15,  0.00,  165483195,  350156000,   37376000,  177793327, java, iotlab1, sing, 15
entry_5276929.class,  4.70,  2.32,  2.26,  0.14,  0.00,  163599487,  333566000,   40582000,  176099047, java, iotlab1, sing, 15
entry_5276929.class,  4.80,  2.39,  2.34,  0.15,  0.00,  165488123,  346887000,   42107000,  178020175, java, iotlab1, sing, 15
entry_5276929.class,  4.74,  2.34,  2.29,  0.14,  0.00,  164664882,  334167000,   38133000,  177013765, java, iotlab1, sing, 15
entry_5276929.class,  4.98,  2.44,  2.38,  0.15,  0.00,  177038524,  347925000,   38101000,  189502315, java, iotlab1, sing, 15
entry_5276929.class,  4.68,  2.31,  2.25,  0.14,  0.00,  165234037,  339852000,   37761000,  177539563, java, iotlab1, sing, 15
entry_5276929.class,  4.74,  2.35,  2.28,  0.14,  0.00,  162191853,  332249000,   49737000,  174593081, java, iotlab1, sing, 15
entry_5276929.class,  4.80,  2.38,  2.32,  0.14,  0.00,  164942726,  339684000,   44350000,  177496028, java, iotlab1, sing, 15
entry_5276929.class,  4.70,  2.33,  2.28,  0.14,  0.00,  163261569,  340004000,   32575000,  175662845, java, iotlab1, sing, 15
entry_5481233.class,  4.98,  2.28,  2.21,  0.17,  0.00,  190780129,  422142000,   47902000,  203725296, java, iotlab1, sing, 15
entry_5481233.class,  5.06,  2.50,  2.44,  0.16,  0.00,  172988298,  412265000,   34187000,  185447979, java, iotlab1, sing, 15
entry_5481233.class,  4.94,  2.45,  2.39,  0.16,  0.00,  170041149,  401770000,   33229000,  182461642, java, iotlab1, sing, 15
entry_5481233.class,  4.95,  2.42,  2.36,  0.16,  0.00,  171894632,  400795000,   39175000,  184282055, java, iotlab1, sing, 15
entry_5481233.class,  5.09,  2.50,  2.44,  0.16,  0.00,  173343866,  391664000,   51614000,  186116227, java, iotlab1, sing, 15
entry_5481233.class,  5.16,  2.56,  2.49,  0.16,  0.00,  179089305,  391971000,   49374000,  191584785, java, iotlab1, sing, 15
entry_5481233.class,  5.05,  2.52,  2.45,  0.16,  0.00,  173649862,  398020000,   40305000,  185970633, java, iotlab1, sing, 15
entry_5481233.class,  4.95,  2.45,  2.40,  0.16,  0.00,  171537484,  397591000,   48192000,  183850583, java, iotlab1, sing, 15
entry_5481233.class,  4.98,  2.47,  2.42,  0.16,  0.00,  171396179,  409377000,   40332000,  183800657, java, iotlab1, sing, 15
entry_5481233.class,  5.06,  2.51,  2.44,  0.16,  0.00,  175633212,  396067000,   44118000,  188050836, java, iotlab1, sing, 15
entry_565394.class,  2.35,  1.15,  1.12,  0.07,  0.00,   87165049,  135527000,   19216000,   99560924, java, iotlab1, sing, 15
entry_565394.class,  2.34,  1.15,  1.12,  0.07,  0.00,   86935458,  127992000,   25998000,  100051920, java, iotlab1, sing, 15
entry_565394.class,  2.32,  1.17,  1.14,  0.06,  0.00,   83504148,  127062000,   21669000,   95832725, java, iotlab1, sing, 15
entry_565394.class,  2.39,  1.17,  1.13,  0.07,  0.00,   88008877,  131255000,   23508000,  101372100, java, iotlab1, sing, 15
entry_565394.class,  2.35,  1.17,  1.15,  0.06,  0.00,   83477115,  126085000,   23641000,   95953782, java, iotlab1, sing, 15
entry_565394.class,  2.39,  1.19,  1.16,  0.07,  0.00,   84833485,  131705000,   19657000,   97141919, java, iotlab1, sing, 15
entry_565394.class,  2.35,  1.17,  1.14,  0.06,  0.00,   84256491,  137572000,   12959000,   96800653, java, iotlab1, sing, 15
entry_565394.class,  2.36,  1.17,  1.14,  0.06,  0.00,   83019540,  132704000,   16208000,   95431967, java, iotlab1, sing, 15
entry_565394.class,  2.38,  1.18,  1.16,  0.07,  0.00,   85244631,  129349000,   21889000,   97712878, java, iotlab1, sing, 15
entry_565394.class,  2.35,  1.17,  1.15,  0.06,  0.00,   84537530,  134765000,   16845000,   96950530, java, iotlab1, sing, 15
entry_5741763.class,  5.04,  2.40,  2.34,  0.17,  0.00,  185163002,  410173000,   55887000,  199220081, java, iotlab1, sing, 15
entry_5741763.class,  5.07,  2.53,  2.46,  0.16,  0.00,  174976022,  407109000,   45675000,  187424752, java, iotlab1, sing, 15
entry_5741763.class,  5.15,  2.56,  2.50,  0.16,  0.00,  177761043,  413075000,   39196000,  190169253, java, iotlab1, sing, 15
entry_5741763.class,  5.09,  2.52,  2.46,  0.16,  0.00,  173777889,  404477000,   44393000,  186220547, java, iotlab1, sing, 15
entry_5741763.class,  5.22,  2.60,  2.54,  0.16,  0.00,  179864330,  404872000,   50357000,  192271423, java, iotlab1, sing, 15
entry_5741763.class,  5.01,  2.47,  2.42,  0.16,  0.00,  174185306,  403899000,   48107000,  186641215, java, iotlab1, sing, 15
entry_5741763.class,  5.10,  2.55,  2.49,  0.16,  0.00,  177073397,  403381000,   47926000,  189472891, java, iotlab1, sing, 15
entry_5741763.class,  5.09,  2.53,  2.46,  0.16,  0.00,  178194069,  389996000,   44884000,  190632397, java, iotlab1, sing, 15
entry_5741763.class,  5.09,  2.47,  2.40,  0.16,  0.00,  181591966,  407233000,   39924000,  194935721, java, iotlab1, sing, 15
entry_5741763.class,  5.10,  2.54,  2.48,  0.16,  0.00,  176235415,  413373000,   35686000,  188712824, java, iotlab1, sing, 15
entry_580145.class,  5.10,  2.43,  2.36,  0.17,  0.00,  185682390,  409390000,   59201000,  199486705, java, iotlab1, sing, 15
entry_580145.class,  5.17,  2.52,  2.46,  0.16,  0.00,  182485159,  393751000,   51835000,  195111555, java, iotlab1, sing, 15
entry_580145.class,  5.11,  2.56,  2.50,  0.16,  0.00,  178185905,  413180000,   42708000,  190584834, java, iotlab1, sing, 15
entry_580145.class,  5.09,  2.55,  2.49,  0.16,  0.00,  177052895,  407447000,   44265000,  189584812, java, iotlab1, sing, 15
entry_580145.class,  5.17,  2.58,  2.52,  0.16,  0.00,  179952642,  414493000,   37044000,  192380757, java, iotlab1, sing, 15
entry_580145.class,  5.15,  2.57,  2.52,  0.16,  0.00,  178285213,  404942000,   42097000,  190655531, java, iotlab1, sing, 15
entry_580145.class,  5.25,  2.61,  2.55,  0.16,  0.00,  183419735,  403523000,   37955000,  195898206, java, iotlab1, sing, 15
entry_580145.class,  5.26,  2.61,  2.55,  0.16,  0.00,  182362559,  404642000,   42171000,  194638646, java, iotlab1, sing, 15
entry_580145.class,  5.16,  2.53,  2.47,  0.16,  0.00,  180431843,  414866000,   39987000,  192830857, java, iotlab1, sing, 15
entry_580145.class,  5.16,  2.53,  2.47,  0.16,  0.00,  184023833,  415329000,   39839000,  197228903, java, iotlab1, sing, 15
entry_5826239.class,  2.24,  1.08,  1.06,  0.06,  0.00,   87038769,  106557000,   21882000,   99969195, java, iotlab1, sing, 15
entry_5826239.class,  2.28,  1.10,  1.07,  0.06,  0.00,   85774908,  102218000,   24289000,   98346414, java, iotlab1, sing, 15
entry_5826239.class,  2.25,  1.08,  1.06,  0.06,  0.00,   86648040,  109206000,   18862000,   99043789, java, iotlab1, sing, 15
entry_5826239.class,  2.23,  1.10,  1.07,  0.06,  0.00,   79098453,  112069000,   16423000,   91440894, java, iotlab1, sing, 15
entry_5826239.class,  2.30,  1.10,  1.06,  0.07,  0.00,   88670142,  114633000,   16088000,  101205942, java, iotlab1, sing, 15
entry_5826239.class,  2.40,  1.15,  1.12,  0.07,  0.00,   89656728,  106268000,   22265000,  101985461, java, iotlab1, sing, 15
entry_5826239.class,  2.14,  1.07,  1.05,  0.06,  0.00,   77112889,  107976000,   20995000,   89488647, java, iotlab1, sing, 15
entry_5826239.class,  2.31,  1.12,  1.08,  0.07,  0.00,   86418847,  108068000,   19471000,   98868082, java, iotlab1, sing, 15
entry_5826239.class,  2.37,  1.14,  1.11,  0.07,  0.00,   90134576,  110667000,   21934000,  102544034, java, iotlab1, sing, 15
entry_5826239.class,  2.34,  1.11,  1.08,  0.07,  0.00,   89765558,  115625000,   15081000,  102217516, java, iotlab1, sing, 15
entry_5870670.class,  4.90,  2.37,  2.30,  0.13,  0.00,  186494497,  294075000,   30317000,  199733053, java, iotlab1, sing, 15
entry_5870670.class,  4.91,  2.37,  2.31,  0.13,  0.00,  182069987,  281133000,   41141000,  195448791, java, iotlab1, sing, 15
entry_5870670.class,  4.82,  2.40,  2.35,  0.12,  0.00,  175574286,  283827000,   26076000,  188048669, java, iotlab1, sing, 15
entry_5870670.class,  4.92,  2.43,  2.38,  0.13,  0.00,  180375476,  280061000,   39431000,  192702887, java, iotlab1, sing, 15
entry_5870670.class,  4.87,  2.40,  2.34,  0.12,  0.00,  175402628,  288544000,   25780000,  187808851, java, iotlab1, sing, 15
entry_5870670.class,  4.82,  2.36,  2.30,  0.12,  0.00,  176887451,  298852000,   19054000,  189348334, java, iotlab1, sing, 15
entry_5870670.class,  4.89,  2.41,  2.35,  0.12,  0.00,  176538868,  283542000,   31169000,  188958260, java, iotlab1, sing, 15
entry_5870670.class,  4.83,  2.41,  2.35,  0.12,  0.00,  175807619,  284388000,   29521000,  188235938, java, iotlab1, sing, 15
entry_5870670.class,  4.91,  2.39,  2.32,  0.13,  0.00,  178177180,  283226000,   33670000,  190647842, java, iotlab1, sing, 15
entry_5870670.class,  4.95,  2.44,  2.38,  0.13,  0.00,  181281367,  287132000,   32786000,  193705653, java, iotlab1, sing, 15
entry_592899.class,  7.09,  3.49,  3.40,  0.18,  0.00,  247441853,  536021000,   31823000,  260419381, java, iotlab1, sing, 15
entry_592899.class,  6.06,  2.99,  2.92,  0.16,  0.00,  213089306,  465306000,   30545000,  225454648, java, iotlab1, sing, 15
entry_592899.class,  6.47,  3.21,  3.14,  0.17,  0.00,  228610296,  494128000,   32612000,  241076423, java, iotlab1, sing, 15
entry_592899.class,  6.59,  3.28,  3.21,  0.17,  0.00,  230750337,  501400000,   39031000,  243342794, java, iotlab1, sing, 15
entry_592899.class,  6.93,  3.43,  3.35,  0.18,  0.00,  242261879,  519447000,   45300000,  255659203, java, iotlab1, sing, 15
entry_592899.class,  6.94,  3.47,  3.39,  0.18,  0.00,  239131440,  529595000,   35904000,  251499175, java, iotlab1, sing, 15
entry_592899.class,  6.13,  3.01,  2.93,  0.16,  0.00,  212177286,  457145000,   43632000,  224509935, java, iotlab1, sing, 15
entry_592899.class,  7.21,  3.62,  3.54,  0.18,  0.00,  248853085,  545111000,   24137000,  261305998, java, iotlab1, sing, 15
entry_592899.class,  6.90,  3.32,  3.25,  0.18,  0.00,  248536138,  509139000,   36295000,  260966691, java, iotlab1, sing, 15
entry_592899.class,  6.09,  3.00,  2.92,  0.16,  0.00,  214328645,  460485000,   35959000,  226755818, java, iotlab1, sing, 15
entry_5958385.class,  5.27,  2.52,  2.45,  0.17,  0.00,  191196022,  425216000,   45022000,  203477535, java, iotlab1, sing, 15
entry_5958385.class,  5.23,  2.59,  2.53,  0.16,  0.00,  180058774,  389843000,   47191000,  192473275, java, iotlab1, sing, 15
entry_5958385.class,  5.17,  2.57,  2.51,  0.16,  0.00,  180322645,  411104000,   43221000,  192588759, java, iotlab1, sing, 15
entry_5958385.class,  5.24,  2.57,  2.51,  0.16,  0.00,  180414542,  389666000,   44649000,  192906465, java, iotlab1, sing, 15
entry_5958385.class,  5.31,  2.56,  2.50,  0.17,  0.00,  180757688,  412762000,   46838000,  193192613, java, iotlab1, sing, 15
entry_5958385.class,  5.23,  2.57,  2.51,  0.16,  0.00,  177940132,  397866000,   39886000,  190429565, java, iotlab1, sing, 15
entry_5958385.class,  5.18,  2.57,  2.50,  0.16,  0.00,  180584821,  392849000,   44435000,  193106105, java, iotlab1, sing, 15
entry_5958385.class,  5.20,  2.58,  2.52,  0.16,  0.00,  180418402,  413621000,   37782000,  192816968, java, iotlab1, sing, 15
entry_5958385.class,  5.28,  2.62,  2.55,  0.17,  0.00,  183698579,  408255000,   47261000,  196176193, java, iotlab1, sing, 15
entry_5958385.class,  5.26,  2.56,  2.49,  0.17,  0.00,  185688637,  408953000,   46679000,  198354580, java, iotlab1, sing, 15
entry_6082100.class,  7.13,  3.55,  3.46,  0.21,  0.00,  255114418,  503367000,   41781000,  267509031, java, iotlab1, sing, 15
entry_6082100.class,  7.27,  3.62,  3.53,  0.21,  0.00,  257331992,  537165000,   34816000,  269606251, java, iotlab1, sing, 15
entry_6082100.class,  7.36,  3.61,  3.52,  0.21,  0.00,  257648791,  529078000,   41769000,  269894756, java, iotlab1, sing, 15
entry_6082100.class,  7.24,  3.59,  3.50,  0.21,  0.00,  255593385,  528773000,   45237000,  267998257, java, iotlab1, sing, 15
entry_6082100.class,  7.26,  3.56,  3.48,  0.21,  0.00,  255076228,  534135000,   42247000,  267536921, java, iotlab1, sing, 15
entry_6082100.class,  7.43,  3.66,  3.58,  0.22,  0.00,  259822435,  546041000,   44246000,  272380797, java, iotlab1, sing, 15
entry_6082100.class,  7.34,  3.63,  3.54,  0.21,  0.00,  256598452,  528374000,   36093000,  269134498, java, iotlab1, sing, 15
entry_6082100.class,  7.38,  3.64,  3.55,  0.22,  0.00,  259719839,  525481000,   39584000,  272123903, java, iotlab1, sing, 15
entry_6082100.class,  7.33,  3.62,  3.53,  0.21,  0.00,  257955169,  535923000,   39510000,  270481225, java, iotlab1, sing, 15
entry_6082100.class,  7.28,  3.60,  3.52,  0.21,  0.00,  255468907,  539352000,   35284000,  267850671, java, iotlab1, sing, 15
entry_6130121.class,  6.78,  3.34,  3.27,  0.20,  0.00,  235876474,  539752000,   42664000,  248396128, java, iotlab1, sing, 15
entry_6130121.class,  6.85,  3.38,  3.30,  0.20,  0.00,  236095010,  517420000,   36816000,  248460318, java, iotlab1, sing, 15
entry_6130121.class,  6.84,  3.37,  3.29,  0.20,  0.00,  235807009,  528608000,   47413000,  248420004, java, iotlab1, sing, 15
entry_6130121.class,  6.71,  3.30,  3.22,  0.20,  0.00,  234067000,  498707000,   32174000,  246680718, java, iotlab1, sing, 15
entry_6130121.class,  6.80,  3.33,  3.25,  0.20,  0.00,  234337479,  512908000,   51090000,  246600344, java, iotlab1, sing, 15
entry_6130121.class,  6.81,  3.36,  3.28,  0.20,  0.00,  233211513,  504978000,   44909000,  245658543, java, iotlab1, sing, 15
entry_6130121.class,  6.85,  3.34,  3.26,  0.20,  0.00,  241425215,  536788000,   41596000,  254757959, java, iotlab1, sing, 15
entry_6130121.class,  6.82,  3.36,  3.29,  0.20,  0.00,  235711188,  516015000,   41518000,  248093883, java, iotlab1, sing, 15
entry_6130121.class,  6.86,  3.38,  3.30,  0.20,  0.00,  235455032,  532867000,   43989000,  247883185, java, iotlab1, sing, 15
entry_6130121.class,  6.67,  3.21,  3.13,  0.20,  0.00,  240840315,  476888000,   34845000,  253338009, java, iotlab1, sing, 15
entry_6142366.class,  7.52,  3.72,  3.63,  0.24,  0.00,  268336622,  502470000,   43212000,  281321138, java, iotlab1, sing, 15
entry_6142366.class,  7.39,  3.64,  3.56,  0.23,  0.00,  260727492,  513888000,   31993000,  273133853, java, iotlab1, sing, 15
entry_6142366.class,  7.74,  3.84,  3.76,  0.24,  0.00,  274850305,  502865000,   44519000,  287171838, java, iotlab1, sing, 15
entry_6142366.class,  7.49,  3.63,  3.54,  0.24,  0.00,  270032729,  507825000,   42318000,  283041359, java, iotlab1, sing, 15
entry_6142366.class,  7.50,  3.68,  3.60,  0.24,  0.00,  265095920,  516794000,   44153000,  277465237, java, iotlab1, sing, 15
entry_6142366.class,  7.43,  3.68,  3.59,  0.24,  0.00,  262641238,  507436000,   39033000,  274889957, java, iotlab1, sing, 15
entry_6142366.class,  7.51,  3.72,  3.63,  0.24,  0.00,  264594481,  507876000,   34126000,  277082575, java, iotlab1, sing, 15
entry_6142366.class,  7.59,  3.76,  3.68,  0.24,  0.00,  269441313,  508137000,   40408000,  281846295, java, iotlab1, sing, 15
entry_6142366.class,  7.21,  3.55,  3.46,  0.23,  0.00,  258246224,  453157000,   42200000,  270600898, java, iotlab1, sing, 15
entry_6142366.class,  7.46,  3.70,  3.61,  0.24,  0.00,  263192019,  503411000,   40112000,  275493931, java, iotlab1, sing, 15
entry_6685172.class,  6.27,  3.09,  3.01,  0.17,  0.00,  216690110,  502500000,   35034000,  229116864, java, iotlab1, sing, 15
entry_6685172.class,  6.33,  3.12,  3.06,  0.17,  0.00,  222753482,  491777000,   34123000,  235372548, java, iotlab1, sing, 15
entry_6685172.class,  6.49,  3.15,  3.08,  0.17,  0.00,  236619002,  466214000,   31080000,  248982491, java, iotlab1, sing, 15
entry_6685172.class,  6.73,  3.32,  3.24,  0.18,  0.00,  235885875,  513708000,   38052000,  248212882, java, iotlab1, sing, 15
entry_6685172.class,  6.69,  3.30,  3.23,  0.18,  0.00,  234400223,  510784000,   34985000,  246877232, java, iotlab1, sing, 15
entry_6685172.class,  6.23,  3.06,  3.00,  0.16,  0.00,  220429590,  461940000,   35917000,  233136934, java, iotlab1, sing, 15
entry_6685172.class,  6.46,  3.20,  3.12,  0.17,  0.00,  224962300,  503090000,   29237000,  237422624, java, iotlab1, sing, 15
entry_6685172.class,  6.85,  3.36,  3.28,  0.18,  0.00,  240041918,  531989000,   26999000,  252446669, java, iotlab1, sing, 15
entry_6685172.class,  6.52,  3.23,  3.16,  0.17,  0.00,  228611317,  496750000,   36981000,  241201837, java, iotlab1, sing, 15
entry_6685172.class,  6.54,  3.21,  3.14,  0.17,  0.00,  230019780,  469635000,   36203000,  242400628, java, iotlab1, sing, 15
entry_6700743.class,  4.89,  2.38,  2.33,  0.15,  0.00,  172004797,  343239000,   39452000,  184488344, java, iotlab1, sing, 15
entry_6700743.class,  4.92,  2.40,  2.35,  0.15,  0.00,  168171170,  357957000,   39324000,  180585551, java, iotlab1, sing, 15
entry_6700743.class,  4.89,  2.42,  2.36,  0.15,  0.00,  167815338,  339568000,   37840000,  180244575, java, iotlab1, sing, 15
entry_6700743.class,  4.90,  2.42,  2.36,  0.15,  0.00,  170874094,  331130000,   46596000,  183512744, java, iotlab1, sing, 15
entry_6700743.class,  5.56,  2.58,  2.50,  0.17,  0.00,  210756986,  389017000,   35091000,  223298300, java, iotlab1, sing, 15
entry_6700743.class,  4.99,  2.43,  2.37,  0.15,  0.00,  167578400,  348072000,   45746000,  180025872, java, iotlab1, sing, 15
entry_6700743.class,  5.17,  2.55,  2.49,  0.16,  0.00,  182906889,  385739000,   36784000,  195251280, java, iotlab1, sing, 15
entry_6700743.class,  4.82,  2.39,  2.34,  0.14,  0.00,  164818460,  341747000,   39853000,  177195609, java, iotlab1, sing, 15
entry_6700743.class,  4.87,  2.41,  2.35,  0.15,  0.00,  167031949,  358342000,   37720000,  179453386, java, iotlab1, sing, 15
entry_6700743.class,  4.90,  2.44,  2.38,  0.15,  0.00,  169080731,  354824000,   36877000,  181492286, java, iotlab1, sing, 15
entry_6906791.class,  5.38,  2.19,  2.12,  0.19,  0.00,  230081125,  476183000,   52349000,  245898299, java, iotlab1, sing, 15
entry_6906791.class,  5.02,  2.48,  2.42,  0.16,  0.00,  171962320,  410729000,   36064000,  184521841, java, iotlab1, sing, 15
entry_6906791.class,  5.10,  2.51,  2.45,  0.16,  0.00,  173416815,  410253000,   38023000,  185805978, java, iotlab1, sing, 15
entry_6906791.class,  5.15,  2.47,  2.41,  0.16,  0.00,  173043531,  396005000,   51739000,  185499890, java, iotlab1, sing, 15
entry_6906791.class,  4.96,  2.45,  2.39,  0.16,  0.00,  170033764,  389784000,   48230000,  182423462, java, iotlab1, sing, 15
entry_6906791.class,  5.04,  2.48,  2.42,  0.16,  0.00,  172925124,  404668000,   38252000,  185247242, java, iotlab1, sing, 15
entry_6906791.class,  5.12,  2.54,  2.49,  0.16,  0.00,  175434303,  409267000,   40026000,  187872054, java, iotlab1, sing, 15
entry_6906791.class,  5.03,  2.46,  2.40,  0.16,  0.00,  174090386,  399021000,   49383000,  186637639, java, iotlab1, sing, 15
entry_6906791.class,  5.04,  2.48,  2.41,  0.16,  0.00,  171564124,  409076000,   38723000,  184027441, java, iotlab1, sing, 15
entry_6906791.class,  4.98,  2.46,  2.40,  0.16,  0.00,  171244602,  411577000,   35703000,  183657175, java, iotlab1, sing, 15
entry_7344972.class,  6.52,  3.08,  2.99,  0.20,  0.00,  234327755,  512926000,   33124000,  246768955, java, iotlab1, sing, 15
entry_7344972.class,  6.63,  3.28,  3.20,  0.20,  0.00,  231275354,  486640000,   43787000,  243947090, java, iotlab1, sing, 15
entry_7344972.class,  6.67,  3.28,  3.20,  0.20,  0.00,  231766869,  489608000,   35405000,  244213529, java, iotlab1, sing, 15
entry_7344972.class,  6.67,  3.30,  3.23,  0.20,  0.00,  232799966,  503722000,   41564000,  245263038, java, iotlab1, sing, 15
entry_7344972.class,  6.54,  3.21,  3.14,  0.20,  0.00,  232349527,  511461000,   34366000,  244711570, java, iotlab1, sing, 15
entry_7344972.class,  6.69,  3.32,  3.24,  0.20,  0.00,  232063654,  520502000,   40882000,  244408704, java, iotlab1, sing, 15
entry_7344972.class,  6.66,  3.27,  3.20,  0.20,  0.00,  233429793,  494399000,   41949000,  245825664, java, iotlab1, sing, 15
entry_7344972.class,  6.96,  3.33,  3.25,  0.21,  0.00,  248463103,  517584000,   43132000,  260889140, java, iotlab1, sing, 15
entry_7344972.class,  6.57,  3.23,  3.15,  0.19,  0.00,  228030751,  499783000,   35409000,  240330400, java, iotlab1, sing, 15
entry_7344972.class,  6.60,  3.26,  3.19,  0.19,  0.00,  230464573,  491977000,   34856000,  242792470, java, iotlab1, sing, 15
entry_747011.class,  2.05,  0.98,  0.96,  0.06,  0.00,   76089387,  107036000,   19185000,   88479441, java, iotlab1, sing, 15
entry_747011.class,  2.12,  1.01,  0.99,  0.06,  0.00,   76909018,  106071000,   20596000,   90213430, java, iotlab1, sing, 15
entry_747011.class,  2.09,  1.01,  0.99,  0.06,  0.00,   76706190,  111438000,   16209000,   89367044, java, iotlab1, sing, 15
entry_747011.class,  2.08,  1.03,  1.00,  0.06,  0.00,   76009978,  109067000,   17167000,   88496941, java, iotlab1, sing, 15
entry_747011.class,  2.13,  1.00,  0.96,  0.06,  0.00,   78503605,  107149000,   23249000,   91738013, java, iotlab1, sing, 15
entry_747011.class,  2.10,  1.04,  1.02,  0.06,  0.00,   74894777,  104529000,   19357000,   88070458, java, iotlab1, sing, 15
entry_747011.class,  2.09,  1.00,  0.98,  0.06,  0.00,   78164812,  108714000,   20707000,   91547944, java, iotlab1, sing, 15
entry_747011.class,  2.09,  1.00,  0.98,  0.06,  0.00,   75778064,  109583000,   18966000,   88106810, java, iotlab1, sing, 15
entry_747011.class,  2.62,  1.26,  1.23,  0.08,  0.00,   87795808,  122233000,   19193000,  100258258, java, iotlab1, sing, 15
entry_747011.class,  2.56,  1.26,  1.23,  0.08,  0.00,   85802164,  120132000,   21842000,   99627312, java, iotlab1, sing, 15
entry_748152.class,  6.53,  3.17,  3.09,  0.23,  0.00,  225916081,  499578000,   45052000,  238485307, java, iotlab1, sing, 15
entry_748152.class,  6.50,  3.18,  3.11,  0.22,  0.00,  228364457,  505090000,   43093000,  240790761, java, iotlab1, sing, 15
entry_748152.class,  6.66,  3.29,  3.21,  0.22,  0.00,  227937218,  490084000,   53009000,  240165844, java, iotlab1, sing, 15
entry_748152.class,  6.42,  3.17,  3.09,  0.21,  0.00,  219569338,  480139000,   43192000,  232295498, java, iotlab1, sing, 15
entry_748152.class,  6.54,  3.22,  3.14,  0.22,  0.00,  224601766,  507164000,   34942000,  237184454, java, iotlab1, sing, 15
entry_748152.class,  6.57,  3.19,  3.10,  0.22,  0.00,  220903595,  485730000,   45348000,  233368691, java, iotlab1, sing, 15
entry_748152.class,  6.65,  3.25,  3.18,  0.22,  0.00,  227736066,  500167000,   43665000,  240017085, java, iotlab1, sing, 15
entry_748152.class,  6.42,  3.16,  3.09,  0.21,  0.00,  219769755,  482385000,   46843000,  232178756, java, iotlab1, sing, 15
entry_748152.class,  6.79,  3.32,  3.25,  0.23,  0.00,  231640836,  506162000,   40092000,  244031548, java, iotlab1, sing, 15
entry_748152.class,  6.80,  3.29,  3.22,  0.24,  0.00,  237660215,  503534000,   49247000,  250108176, java, iotlab1, sing, 15
entry_748851.class,  6.62,  3.13,  3.05,  0.23,  0.00,  237020706,  491002000,   47483000,  249441833, java, iotlab1, sing, 15
entry_748851.class,  6.37,  3.09,  3.00,  0.22,  0.00,  222700778,  475186000,   45112000,  235072191, java, iotlab1, sing, 15
entry_748851.class,  6.69,  3.24,  3.15,  0.23,  0.00,  230368900,  494539000,   46050000,  243578635, java, iotlab1, sing, 15
entry_748851.class,  6.35,  3.11,  3.03,  0.21,  0.00,  216034526,  490420000,   41865000,  228559087, java, iotlab1, sing, 15
entry_748851.class,  6.31,  3.10,  3.02,  0.21,  0.00,  215277046,  478239000,   45402000,  227717818, java, iotlab1, sing, 15
entry_748851.class,  6.22,  3.07,  3.00,  0.21,  0.00,  213746370,  470737000,   46973000,  226227069, java, iotlab1, sing, 15
entry_748851.class,  6.64,  3.25,  3.17,  0.23,  0.00,  227055942,  494907000,   40318000,  239491743, java, iotlab1, sing, 15
entry_748851.class,  6.29,  3.10,  3.03,  0.22,  0.00,  219369378,  493637000,   40051000,  231892284, java, iotlab1, sing, 15
entry_748851.class,  6.37,  3.14,  3.06,  0.21,  0.00,  217953168,  489024000,   43356000,  230240119, java, iotlab1, sing, 15
entry_748851.class,  6.32,  3.10,  3.03,  0.21,  0.00,  214795580,  485093000,   44640000,  227166047, java, iotlab1, sing, 15
entry_7730413.class,  4.92,  2.32,  2.26,  0.16,  0.00,  178775631,  423201000,   33172000,  191185780, java, iotlab1, sing, 15
entry_7730413.class,  5.13,  2.44,  2.38,  0.16,  0.00,  182100815,  385990000,   42777000,  194374521, java, iotlab1, sing, 15
entry_7730413.class,  4.95,  2.42,  2.37,  0.16,  0.00,  171881977,  398658000,   39261000,  184230661, java, iotlab1, sing, 15
entry_7730413.class,  5.11,  2.49,  2.44,  0.16,  0.00,  174059714,  384623000,   49079000,  186481606, java, iotlab1, sing, 15
entry_7730413.class,  5.14,  2.49,  2.42,  0.16,  0.00,  178890990,  397267000,   49156000,  192648818, java, iotlab1, sing, 15
entry_7730413.class,  4.95,  2.42,  2.37,  0.16,  0.00,  171322478,  387772000,   42634000,  183944644, java, iotlab1, sing, 15
entry_7730413.class,  5.04,  2.48,  2.42,  0.16,  0.00,  171805633,  397256000,   41816000,  184070107, java, iotlab1, sing, 15
entry_7730413.class,  5.00,  2.45,  2.40,  0.16,  0.00,  170952710,  386721000,   48964000,  183446572, java, iotlab1, sing, 15
entry_7730413.class,  5.04,  2.47,  2.41,  0.16,  0.00,  172140782,  397890000,   42094000,  184705024, java, iotlab1, sing, 15
entry_7730413.class,  4.89,  2.41,  2.35,  0.15,  0.00,  166767734,  378192000,   47521000,  179370369, java, iotlab1, sing, 15
entry_8159350.class,  6.40,  3.10,  3.02,  0.19,  0.00,  227302347,  427992000,   52120000,  240319777, java, iotlab1, sing, 15
entry_8159350.class,  6.31,  3.09,  3.02,  0.18,  0.00,  221470521,  440436000,   37036000,  234454593, java, iotlab1, sing, 15
entry_8159350.class,  6.40,  3.14,  3.06,  0.19,  0.00,  221911661,  455506000,   36718000,  234125101, java, iotlab1, sing, 15
entry_8159350.class,  6.37,  3.13,  3.06,  0.19,  0.00,  221817174,  450638000,   35049000,  234167324, java, iotlab1, sing, 15
entry_8159350.class,  6.52,  3.23,  3.15,  0.19,  0.00,  224712922,  450416000,   36033000,  237268403, java, iotlab1, sing, 15
entry_8159350.class,  6.40,  3.14,  3.06,  0.19,  0.00,  227214419,  454484000,   34262000,  241103786, java, iotlab1, sing, 15
entry_8159350.class,  6.43,  3.16,  3.09,  0.19,  0.00,  222101612,  448539000,   36962000,  234479646, java, iotlab1, sing, 15
entry_8159350.class,  6.31,  3.08,  3.00,  0.19,  0.00,  224744997,  439740000,   44174000,  238067455, java, iotlab1, sing, 15
entry_8159350.class,  6.40,  3.10,  3.03,  0.19,  0.00,  225893288,  446575000,   46955000,  238959260, java, iotlab1, sing, 15
entry_8159350.class,  6.52,  3.13,  3.05,  0.19,  0.00,  236147529,  430383000,   46288000,  248942588, java, iotlab1, sing, 15
entry_8390151.class,  2.19,  0.97,  0.95,  0.07,  0.00,   90399479,  136809000,   24965000,  102912707, java, iotlab1, sing, 15
entry_8390151.class,  2.29,  1.13,  1.11,  0.06,  0.00,   81561063,  124435000,   19909000,   93886661, java, iotlab1, sing, 15
entry_8390151.class,  2.29,  1.13,  1.10,  0.06,  0.00,   80181850,  118691000,   25294000,   92541953, java, iotlab1, sing, 15
entry_8390151.class,  2.30,  1.12,  1.10,  0.06,  0.00,   81932392,  119378000,   25079000,   94322919, java, iotlab1, sing, 15
entry_8390151.class,  2.29,  1.11,  1.09,  0.06,  0.00,   81016484,  116309000,   29077000,   93409383, java, iotlab1, sing, 15
entry_8390151.class,  2.29,  1.12,  1.09,  0.06,  0.00,   80693233,  126349000,   18755000,   93257401, java, iotlab1, sing, 15
entry_8390151.class,  2.28,  1.12,  1.10,  0.06,  0.00,   80055119,  126781000,   15847000,   92429107, java, iotlab1, sing, 15
entry_8390151.class,  2.40,  1.14,  1.11,  0.07,  0.00,   87055714,  130034000,   19302000,  100540193, java, iotlab1, sing, 15
entry_8390151.class,  2.30,  1.13,  1.10,  0.06,  0.00,   81862662,  121823000,   24364000,   94239549, java, iotlab1, sing, 15
entry_8390151.class,  2.31,  1.13,  1.10,  0.06,  0.00,   81072103,  126892000,   19287000,   93592422, java, iotlab1, sing, 15
entry_8623641.class,  4.45,  2.15,  2.10,  0.13,  0.00,  158653950,  359745000,   36276000,  171369892, java, iotlab1, sing, 15
entry_8623641.class,  4.55,  2.20,  2.14,  0.13,  0.00,  159912656,  365223000,   37226000,  172503003, java, iotlab1, sing, 15
entry_8623641.class,  4.49,  2.17,  2.12,  0.13,  0.00,  157917263,  364568000,   33142000,  170386619, java, iotlab1, sing, 15
entry_8623641.class,  4.54,  2.23,  2.18,  0.13,  0.00,  160623875,  370077000,   33733000,  172996254, java, iotlab1, sing, 15
entry_8623641.class,  4.57,  2.22,  2.16,  0.13,  0.00,  161189290,  369895000,   36692000,  173682638, java, iotlab1, sing, 15
entry_8623641.class,  4.58,  2.23,  2.17,  0.13,  0.00,  161281581,  364172000,   29687000,  173746668, java, iotlab1, sing, 15
entry_8623641.class,  4.32,  2.13,  2.07,  0.13,  0.00,  148365890,  360808000,   33982000,  160620578, java, iotlab1, sing, 15
entry_8623641.class,  4.53,  2.20,  2.15,  0.14,  0.00,  162009514,  369981000,   35804000,  174467768, java, iotlab1, sing, 15
entry_8623641.class,  4.43,  2.14,  2.10,  0.13,  0.00,  157832901,  360526000,   35754000,  170102947, java, iotlab1, sing, 15
entry_8623641.class,  4.45,  2.16,  2.11,  0.13,  0.00,  156860347,  361325000,   38246000,  169339539, java, iotlab1, sing, 15
entry_865294.class,  4.19,  2.02,  1.98,  0.12,  0.00,  147344319,  335323000,   32738000,  161316528, java, iotlab1, sing, 15
entry_865294.class,  4.44,  2.16,  2.10,  0.14,  0.00,  157869181,  358836000,   40205000,  170338297, java, iotlab1, sing, 15
entry_865294.class,  4.50,  2.12,  2.06,  0.14,  0.00,  163768591,  364553000,   43423000,  177839591, java, iotlab1, sing, 15
entry_865294.class,  4.62,  2.21,  2.16,  0.14,  0.00,  160076193,  356373000,   46178000,  172554107, java, iotlab1, sing, 15
entry_865294.class,  4.47,  2.18,  2.13,  0.13,  0.00,  157754382,  366291000,   37926000,  170073823, java, iotlab1, sing, 15
entry_865294.class,  4.51,  2.18,  2.12,  0.14,  0.00,  159314256,  365847000,   40760000,  171821502, java, iotlab1, sing, 15
entry_865294.class,  4.45,  2.16,  2.11,  0.14,  0.00,  158831952,  352411000,   42410000,  171348533, java, iotlab1, sing, 15
entry_865294.class,  4.45,  2.17,  2.11,  0.13,  0.00,  157089597,  352782000,   47566000,  170387796, java, iotlab1, sing, 15
entry_865294.class,  4.49,  2.18,  2.13,  0.14,  0.00,  159531210,  362921000,   35893000,  172087217, java, iotlab1, sing, 15
entry_865294.class,  4.47,  2.17,  2.11,  0.13,  0.00,  157123352,  354764000,   41160000,  169691216, java, iotlab1, sing, 15
entry_8809035.class,  3.03,  1.50,  1.47,  0.08,  0.00,  107030330,  177663000,   24090000,  119642352, java, iotlab1, sing, 15
entry_8809035.class,  3.15,  1.58,  1.54,  0.08,  0.00,  109772227,  176794000,   27276000,  122136426, java, iotlab1, sing, 15
entry_8809035.class,  3.08,  1.52,  1.48,  0.08,  0.00,  108047883,  178187000,   25455000,  120468082, java, iotlab1, sing, 15
entry_8809035.class,  3.11,  1.55,  1.52,  0.08,  0.00,  108136926,  178164000,   25734000,  120624599, java, iotlab1, sing, 15
entry_8809035.class,  3.07,  1.54,  1.50,  0.08,  0.00,  107700398,  175619000,   26242000,  120127541, java, iotlab1, sing, 15
entry_8809035.class,  3.04,  1.50,  1.47,  0.08,  0.00,  108357294,  181278000,   23292000,  120814492, java, iotlab1, sing, 15
entry_8809035.class,  3.12,  1.56,  1.53,  0.09,  0.00,  108757809,  176195000,   25461000,  121122290, java, iotlab1, sing, 15
entry_8809035.class,  3.26,  1.60,  1.56,  0.09,  0.00,  119450689,  176593000,   25940000,  131925225, java, iotlab1, sing, 15
entry_8809035.class,  3.11,  1.54,  1.50,  0.09,  0.00,  109290824,  182829000,   19406000,  121752472, java, iotlab1, sing, 15
entry_8809035.class,  3.05,  1.52,  1.49,  0.08,  0.00,  106512796,  174834000,   26371000,  119123541, java, iotlab1, sing, 15
entry_8833321.class,  7.00,  3.39,  3.30,  0.21,  0.00,  255449152,  459523000,   49948000,  268100396, java, iotlab1, sing, 15
entry_8833321.class,  6.94,  3.44,  3.36,  0.20,  0.00,  247978121,  472911000,   39493000,  261232563, java, iotlab1, sing, 15
entry_8833321.class,  6.96,  3.47,  3.39,  0.20,  0.00,  245570280,  483861000,   35208000,  257975028, java, iotlab1, sing, 15
entry_8833321.class,  7.30,  3.60,  3.51,  0.21,  0.00,  261751830,  460038000,   44424000,  274266850, java, iotlab1, sing, 15
entry_8833321.class,  7.00,  3.47,  3.39,  0.20,  0.00,  247230269,  476620000,   28334000,  259686528, java, iotlab1, sing, 15
entry_8833321.class,  6.98,  3.47,  3.39,  0.20,  0.00,  244946496,  468547000,   41870000,  257215263, java, iotlab1, sing, 15
entry_8833321.class,  7.00,  3.47,  3.38,  0.20,  0.00,  247287606,  471709000,   40630000,  259728599, java, iotlab1, sing, 15
entry_8833321.class,  6.98,  3.46,  3.38,  0.20,  0.00,  245094887,  476015000,   46320000,  257535066, java, iotlab1, sing, 15
entry_8833321.class,  6.95,  3.46,  3.38,  0.20,  0.00,  245139284,  472752000,   32187000,  257496535, java, iotlab1, sing, 15
entry_8833321.class,  7.03,  3.45,  3.36,  0.20,  0.00,  250976747,  477650000,   41969000,  263853076, java, iotlab1, sing, 15
entry_9243027.class,  2.35,  1.13,  1.11,  0.07,  0.00,   87126270,  128982000,   17456000,  100402566, java, iotlab1, sing, 15
entry_9243027.class,  2.40,  1.20,  1.18,  0.06,  0.00,   86792858,  127555000,   20740000,   99333129, java, iotlab1, sing, 15
entry_9243027.class,  2.44,  1.21,  1.18,  0.07,  0.00,   87376509,  135842000,   11812000,   99927008, java, iotlab1, sing, 15
entry_9243027.class,  2.38,  1.19,  1.15,  0.06,  0.00,   84136711,  121929000,   20649000,   96593928, java, iotlab1, sing, 15
entry_9243027.class,  2.34,  1.15,  1.12,  0.06,  0.00,   85364842,  125498000,   17067000,   97820977, java, iotlab1, sing, 15
entry_9243027.class,  2.44,  1.22,  1.19,  0.07,  0.00,   87309834,  127326000,   21221000,   99668618, java, iotlab1, sing, 15
entry_9243027.class,  2.41,  1.19,  1.16,  0.06,  0.00,   85252472,  130474000,   12328000,   97668116, java, iotlab1, sing, 15
entry_9243027.class,  2.36,  1.17,  1.14,  0.06,  0.00,   83975083,  125156000,   17021000,   96240138, java, iotlab1, sing, 15
entry_9243027.class,  2.42,  1.20,  1.17,  0.06,  0.00,   87270707,  130947000,   17667000,   99708601, java, iotlab1, sing, 15
entry_9243027.class,  2.43,  1.22,  1.18,  0.06,  0.00,   86645441,  133263000,   14241000,   99146303, java, iotlab1, sing, 15
entry_9409192.class,  6.42,  3.18,  3.11,  0.17,  0.00,  223951358,  497318000,   32280000,  236353640, java, iotlab1, sing, 15
entry_9409192.class,  7.44,  3.68,  3.59,  0.19,  0.00,  259506449,  551659000,   34102000,  271895936, java, iotlab1, sing, 15
entry_9409192.class,  7.03,  3.51,  3.44,  0.18,  0.00,  244468954,  529559000,   37039000,  256787184, java, iotlab1, sing, 15
entry_9409192.class,  6.46,  3.18,  3.11,  0.17,  0.00,  229042369,  498456000,   36251000,  241407346, java, iotlab1, sing, 15
entry_9409192.class,  6.42,  3.18,  3.10,  0.17,  0.00,  224594389,  492433000,   39597000,  237166481, java, iotlab1, sing, 15
entry_9409192.class,  6.62,  3.29,  3.21,  0.17,  0.00,  230713268,  502245000,   40260000,  243305160, java, iotlab1, sing, 15
entry_9409192.class,  6.30,  3.11,  3.05,  0.17,  0.00,  222614904,  486540000,   40127000,  234984501, java, iotlab1, sing, 15
entry_9409192.class,  7.66,  3.84,  3.76,  0.19,  0.00,  265097500,  582944000,   35056000,  277602649, java, iotlab1, sing, 15
entry_9409192.class,  7.21,  3.58,  3.50,  0.19,  0.00,  253999619,  541626000,   35646000,  266292667, java, iotlab1, sing, 15
entry_9409192.class,  7.32,  3.68,  3.61,  0.19,  0.00,  252445345,  561432000,   37161000,  264906009, java, iotlab1, sing, 15
entry_9565520.class,  2.35,  1.14,  1.11,  0.07,  0.00,   86028970,  124908000,   24981000,   98321090, java, iotlab1, sing, 15
entry_9565520.class,  2.43,  1.20,  1.17,  0.07,  0.00,   85364227,  128242000,   20518000,   97967251, java, iotlab1, sing, 15
entry_9565520.class,  2.40,  1.18,  1.15,  0.07,  0.00,   85713601,  135242000,   14129000,   98194461, java, iotlab1, sing, 15
entry_9565520.class,  2.41,  1.17,  1.14,  0.07,  0.00,   88403111,  130034000,   22153000,  101656601, java, iotlab1, sing, 15
entry_9565520.class,  2.42,  1.20,  1.17,  0.07,  0.00,   85525952,  126421000,   21728000,   97949957, java, iotlab1, sing, 15
entry_9565520.class,  2.41,  1.20,  1.17,  0.07,  0.00,   85529331,  127546000,   20925000,   97897923, java, iotlab1, sing, 15
entry_9565520.class,  2.40,  1.19,  1.17,  0.07,  0.00,   85447159,  126977000,   21504000,   97996400, java, iotlab1, sing, 15
entry_9565520.class,  2.37,  1.18,  1.15,  0.07,  0.00,   84374923,  123293000,   24658000,   96730086, java, iotlab1, sing, 15
entry_9565520.class,  2.40,  1.18,  1.15,  0.07,  0.00,   84511635,  130145000,   17421000,   96957400, java, iotlab1, sing, 15
entry_9565520.class,  2.43,  1.16,  1.13,  0.07,  0.00,   89349233,  134777000,   19253000,  102627710, java, iotlab1, sing, 15
entry_9720997.class,  5.07,  2.35,  2.29,  0.17,  0.00,  190020526,  424040000,   47445000,  204271500, java, iotlab1, sing, 15
entry_9720997.class,  5.16,  2.55,  2.49,  0.16,  0.00,  175550311,  404390000,   43041000,  187950831, java, iotlab1, sing, 15
entry_9720997.class,  5.17,  2.55,  2.48,  0.16,  0.00,  176430716,  400504000,   47702000,  188991410, java, iotlab1, sing, 15
entry_9720997.class,  5.15,  2.54,  2.48,  0.16,  0.00,  175069130,  411591000,   37053000,  187410226, java, iotlab1, sing, 15
entry_9720997.class,  5.24,  2.52,  2.47,  0.16,  0.00,  176675009,  406101000,   40709000,  189914296, java, iotlab1, sing, 15
entry_9720997.class,  5.20,  2.52,  2.47,  0.16,  0.00,  177371268,  402373000,   48562000,  189609418, java, iotlab1, sing, 15
entry_9720997.class,  5.09,  2.49,  2.43,  0.16,  0.00,  177167960,  404905000,   45651000,  189734792, java, iotlab1, sing, 15
entry_9720997.class,  5.13,  2.50,  2.45,  0.16,  0.00,  176455408,  406297000,   42030000,  188972101, java, iotlab1, sing, 15
entry_9720997.class,  5.14,  2.50,  2.44,  0.16,  0.00,  172663380,  386755000,   42862000,  185336672, java, iotlab1, sing, 15
entry_9720997.class,  5.07,  2.49,  2.44,  0.16,  0.00,  172639867,  365493000,   56466000,  185104520, java, iotlab1, sing, 15
