file,psys,pkg,cores,ram,gpu,duration_time,user_time,system_time,perf_time,lang,machine,cores,power_limit
entry_10230822.class,  2.40,  0.78,  0.74,  0.08,  0.00,  134156923,   86358000,   18436000,  181763392, java, iotlab1, sing, 15
entry_10230822.class,  1.44,  0.70,  0.68,  0.04,  0.00,   59448234,   72960000,   17280000,   71769462, java, iotlab1, sing, 15
entry_10230822.class,  1.49,  0.72,  0.70,  0.04,  0.00,   61507434,   81515000,   13749000,   73933466, java, iotlab1, sing, 15
entry_10230822.class,  1.48,  0.73,  0.71,  0.04,  0.00,   59668712,   79408000,   11764000,   72111932, java, iotlab1, sing, 15
entry_10230822.class,  1.42,  0.68,  0.67,  0.04,  0.00,   58625384,   74028000,   14805000,   71027006, java, iotlab1, sing, 15
entry_10230822.class,  1.45,  0.70,  0.67,  0.04,  0.00,   58744464,   78297000,   10439000,   71188719, java, iotlab1, sing, 15
entry_10230822.class,  1.56,  0.77,  0.75,  0.04,  0.00,   62185769,   82865000,   14975000,   74646453, java, iotlab1, sing, 15
entry_10230822.class,  1.45,  0.70,  0.69,  0.04,  0.00,   59766305,   80123000,   10405000,   72306016, java, iotlab1, sing, 15
entry_10230822.class,  1.51,  0.74,  0.71,  0.04,  0.00,   60240521,   70816000,   18884000,   72826795, java, iotlab1, sing, 15
entry_10230822.class,  1.58,  0.78,  0.76,  0.04,  0.00,   62467046,   80762000,   17947000,   74805566, java, iotlab1, sing, 15
entry_1034575.class,  2.83,  1.39,  1.36,  0.08,  0.00,  109494733,  202519000,   24302000,  122700113, java, iotlab1, sing, 15
entry_1034575.class,  2.72,  1.40,  1.37,  0.07,  0.00,   98339598,  200133000,   24258000,  110924703, java, iotlab1, sing, 15
entry_1034575.class,  2.90,  1.45,  1.41,  0.08,  0.00,  111194932,  207766000,   25092000,  123647424, java, iotlab1, sing, 15
entry_1034575.class,  2.83,  1.41,  1.38,  0.08,  0.00,  109102429,  205156000,   20913000,  121387292, java, iotlab1, sing, 15
entry_1034575.class,  2.88,  1.45,  1.41,  0.08,  0.00,  110092777,  198374000,   29351000,  122790483, java, iotlab1, sing, 15
entry_1034575.class,  2.93,  1.46,  1.42,  0.08,  0.00,  113014603,  214597000,   24953000,  125342461, java, iotlab1, sing, 15
entry_1034575.class,  2.92,  1.45,  1.41,  0.08,  0.00,  108763290,  208929000,   22098000,  121174035, java, iotlab1, sing, 15
entry_1034575.class,  2.82,  1.41,  1.38,  0.08,  0.00,  107300820,  207297000,   16023000,  119710915, java, iotlab1, sing, 15
entry_1034575.class,  3.10,  1.49,  1.44,  0.09,  0.00,  123528131,  205500000,   20048000,  136092835, java, iotlab1, sing, 15
entry_1034575.class,  3.00,  1.43,  1.39,  0.08,  0.00,  109175090,  215147000,   16010000,  121760319, java, iotlab1, sing, 15
entry_1045400.class,  9.49,  4.38,  4.25,  0.31,  0.00,  378718165,  781391000,   80525000,  391143864, java, iotlab1, sing, 15
entry_1045400.class,  8.50,  4.28,  4.18,  0.27,  0.00,  300515461,  713607000,   63875000,  312849198, java, iotlab1, sing, 15
entry_1045400.class,  8.02,  4.04,  3.94,  0.25,  0.00,  285917938,  673838000,   56483000,  298241324, java, iotlab1, sing, 15
entry_1045400.class,  8.36,  4.28,  4.19,  0.26,  0.00,  294215024,  712046000,   62091000,  306617695, java, iotlab1, sing, 15
entry_1045400.class,  8.26,  4.18,  4.07,  0.26,  0.00,  293053707,  667877000,   69194000,  305452347, java, iotlab1, sing, 15
entry_1045400.class,  8.61,  4.36,  4.25,  0.27,  0.00,  303727315,  724308000,   67588000,  316153898, java, iotlab1, sing, 15
entry_1045400.class,  8.28,  4.18,  4.08,  0.26,  0.00,  294132776,  695374000,   55949000,  306451884, java, iotlab1, sing, 15
entry_1045400.class,  8.01,  4.08,  4.00,  0.25,  0.00,  280767452,  676725000,   58321000,  293118919, java, iotlab1, sing, 15
entry_1045400.class,  8.32,  4.21,  4.11,  0.26,  0.00,  294890815,  699616000,   57544000,  307259796, java, iotlab1, sing, 15
entry_1045400.class,  8.69,  4.39,  4.28,  0.27,  0.00,  305628998,  739090000,   57161000,  318071574, java, iotlab1, sing, 15
entry_10592380.class,  3.93,  1.86,  1.81,  0.11,  0.00,  151590447,  275767000,   26687000,  164159384, java, iotlab1, sing, 15
entry_10592380.class,  3.46,  1.74,  1.70,  0.10,  0.00,  123447325,  285654000,   17978000,  136404681, java, iotlab1, sing, 15
entry_10592380.class,  3.71,  1.85,  1.80,  0.11,  0.00,  137369612,  295853000,   22988000,  149831862, java, iotlab1, sing, 15
entry_10592380.class,  3.66,  1.81,  1.77,  0.10,  0.00,  134884157,  287077000,   22160000,  147180566, java, iotlab1, sing, 15
entry_10592380.class,  3.59,  1.82,  1.77,  0.10,  0.00,  126704588,  301868000,   21845000,  139196787, java, iotlab1, sing, 15
entry_10592380.class,  3.71,  1.85,  1.80,  0.11,  0.00,  136829019,  294220000,   30813000,  149222448, java, iotlab1, sing, 15
entry_10592380.class,  3.67,  1.83,  1.79,  0.11,  0.00,  135398147,  302624000,   23201000,  147831281, java, iotlab1, sing, 15
entry_10592380.class,  3.57,  1.78,  1.74,  0.10,  0.00,  132976563,  279148000,   23012000,  145864962, java, iotlab1, sing, 15
entry_10592380.class,  3.60,  1.80,  1.75,  0.10,  0.00,  132524031,  285002000,   22234000,  145036458, java, iotlab1, sing, 15
entry_10592380.class,  3.67,  1.83,  1.79,  0.11,  0.00,  135264164,  298904000,   22141000,  147741000, java, iotlab1, sing, 15
entry_10653510.class,  2.97,  1.45,  1.41,  0.08,  0.00,  111066508,  209765000,   20681000,  123532912, java, iotlab1, sing, 15
entry_10653510.class,  3.04,  1.48,  1.44,  0.08,  0.00,  114770119,  233689000,   12035000,  127329877, java, iotlab1, sing, 15
entry_10653510.class,  3.01,  1.48,  1.45,  0.08,  0.00,  113041819,  217888000,   21690000,  125422972, java, iotlab1, sing, 15
entry_10653510.class,  2.93,  1.43,  1.39,  0.08,  0.00,  110836657,  204794000,   24093000,  123294999, java, iotlab1, sing, 15
entry_10653510.class,  2.98,  1.47,  1.44,  0.08,  0.00,  111309943,  207852000,   18074000,  123909992, java, iotlab1, sing, 15
entry_10653510.class,  2.97,  1.45,  1.41,  0.08,  0.00,  110253749,  202703000,   24324000,  122574348, java, iotlab1, sing, 15
entry_10653510.class,  2.80,  1.40,  1.37,  0.07,  0.00,   98974997,  221444000,   10065000,  111394099, java, iotlab1, sing, 15
entry_10653510.class,  2.81,  1.38,  1.35,  0.07,  0.00,  105190643,  186915000,   27427000,  117684688, java, iotlab1, sing, 15
entry_10653510.class,  2.91,  1.41,  1.38,  0.08,  0.00,  110484375,  198904000,   24863000,  122807553, java, iotlab1, sing, 15
entry_10653510.class,  2.86,  1.40,  1.37,  0.08,  0.00,  106983350,  207076000,   16763000,  119447793, java, iotlab1, sing, 15
entry_1067250.class,  2.91,  1.40,  1.37,  0.08,  0.00,  110083545,  207014000,   22672000,  123561168, java, iotlab1, sing, 15
entry_1067250.class,  3.10,  1.52,  1.48,  0.08,  0.00,  114996259,  219990000,   23999000,  127477760, java, iotlab1, sing, 15
entry_1067250.class,  2.98,  1.44,  1.40,  0.08,  0.00,  111801022,  214788000,   20596000,  124277947, java, iotlab1, sing, 15
entry_1067250.class,  3.14,  1.47,  1.44,  0.09,  0.00,  127704841,  212682000,   21967000,  140295322, java, iotlab1, sing, 15
entry_1067250.class,  2.81,  1.42,  1.39,  0.07,  0.00,  100338145,  214570000,   19050000,  113084666, java, iotlab1, sing, 15
entry_1067250.class,  2.99,  1.45,  1.41,  0.08,  0.00,  109736314,  210039000,   19186000,  122094517, java, iotlab1, sing, 15
entry_1067250.class,  2.77,  1.35,  1.32,  0.08,  0.00,  106610154,  194316000,   25040000,  119639518, java, iotlab1, sing, 15
entry_1067250.class,  2.96,  1.45,  1.41,  0.08,  0.00,  109331632,  205599000,   23067000,  121813618, java, iotlab1, sing, 15
entry_1067250.class,  2.90,  1.42,  1.39,  0.08,  0.00,  110393357,  208408000,   20332000,  122894962, java, iotlab1, sing, 15
entry_1067250.class,  2.91,  1.41,  1.37,  0.08,  0.00,  111320562,  210184000,   21915000,  123671551, java, iotlab1, sing, 15
entry_10815107.class,  2.87,  1.41,  1.38,  0.08,  0.00,  108148323,  199939000,   24992000,  120670579, java, iotlab1, sing, 15
entry_10815107.class,  2.93,  1.45,  1.40,  0.08,  0.00,  109443379,  208894000,   19989000,  121867816, java, iotlab1, sing, 15
entry_10815107.class,  2.91,  1.43,  1.39,  0.08,  0.00,  110145930,  207908000,   21402000,  122751489, java, iotlab1, sing, 15
entry_10815107.class,  2.86,  1.42,  1.39,  0.08,  0.00,  107461782,  205258000,   18840000,  119884749, java, iotlab1, sing, 15
entry_10815107.class,  2.95,  1.47,  1.43,  0.08,  0.00,  109921275,  210391000,   18592000,  122232924, java, iotlab1, sing, 15
entry_10815107.class,  2.94,  1.45,  1.41,  0.08,  0.00,  110955376,  214652000,   19328000,  123463851, java, iotlab1, sing, 15
entry_10815107.class,  3.02,  1.50,  1.47,  0.08,  0.00,  112697897,  219368000,   21837000,  125042369, java, iotlab1, sing, 15
entry_10815107.class,  2.92,  1.40,  1.36,  0.08,  0.00,  112497898,  210096000,   21211000,  126034662, java, iotlab1, sing, 15
entry_10815107.class,  2.96,  1.48,  1.44,  0.08,  0.00,  110507110,  214694000,   17297000,  122963271, java, iotlab1, sing, 15
entry_10815107.class,  3.04,  1.51,  1.47,  0.08,  0.00,  113846110,  222236000,   22023000,  126260329, java, iotlab1, sing, 15
entry_1099026.class,  8.72,  4.35,  4.25,  0.27,  0.00,  305260007,  735818000,   61566000,  318096501, java, iotlab1, sing, 15
entry_1099026.class,  8.30,  4.16,  4.06,  0.26,  0.00,  291649746,  674279000,   64121000,  304002727, java, iotlab1, sing, 15
entry_1099026.class,  7.69,  3.89,  3.80,  0.23,  0.00,  267813974,  608264000,   58120000,  280178073, java, iotlab1, sing, 15
entry_1099026.class,  8.69,  4.34,  4.24,  0.27,  0.00,  305181145,  738036000,   53002000,  317719034, java, iotlab1, sing, 15
entry_1099026.class,  7.47,  3.77,  3.68,  0.23,  0.00,  263332671,  590973000,   43998000,  275924223, java, iotlab1, sing, 15
entry_1099026.class,  8.35,  4.15,  4.05,  0.26,  0.00,  295540904,  689852000,   59900000,  307901601, java, iotlab1, sing, 15
entry_1099026.class,  8.78,  4.38,  4.28,  0.27,  0.00,  304846960,  737336000,   57259000,  317175413, java, iotlab1, sing, 15
entry_1099026.class,  8.45,  4.27,  4.17,  0.26,  0.00,  296113853,  698204000,   65205000,  308386375, java, iotlab1, sing, 15
entry_1099026.class,  8.35,  4.20,  4.10,  0.26,  0.00,  291993975,  678060000,   68500000,  304337048, java, iotlab1, sing, 15
entry_1099026.class,  8.10,  4.07,  3.97,  0.25,  0.00,  284943674,  652861000,   69410000,  297334536, java, iotlab1, sing, 15
entry_11057900.class,  2.82,  1.36,  1.33,  0.08,  0.00,  109045085,  209562000,   16198000,  122286989, java, iotlab1, sing, 15
entry_11057900.class,  2.93,  1.44,  1.41,  0.08,  0.00,  111133137,  211511000,   19414000,  123638279, java, iotlab1, sing, 15
entry_11057900.class,  2.92,  1.45,  1.40,  0.08,  0.00,  108333452,  209266000,   20926000,  120934381, java, iotlab1, sing, 15
entry_11057900.class,  2.80,  1.38,  1.35,  0.08,  0.00,  105280878,  202318000,   16025000,  117684968, java, iotlab1, sing, 15
entry_11057900.class,  2.92,  1.45,  1.40,  0.08,  0.00,  108471807,  210544000,   16118000,  120966099, java, iotlab1, sing, 15
entry_11057900.class,  2.90,  1.42,  1.39,  0.08,  0.00,  109587570,  208703000,   23851000,  121975511, java, iotlab1, sing, 15
entry_11057900.class,  2.88,  1.40,  1.36,  0.08,  0.00,  109873248,  205518000,   18773000,  123383415, java, iotlab1, sing, 15
entry_11057900.class,  2.92,  1.45,  1.41,  0.08,  0.00,  109936738,  203858000,   24982000,  122368560, java, iotlab1, sing, 15
entry_11057900.class,  3.02,  1.49,  1.45,  0.08,  0.00,  114764503,  217208000,   23803000,  127163944, java, iotlab1, sing, 15
entry_11057900.class,  2.65,  1.34,  1.31,  0.07,  0.00,   94358698,  197971000,   14286000,  106816459, java, iotlab1, sing, 15
entry_11177628.class,  5.25,  2.56,  2.49,  0.15,  0.00,  194826312,  373040000,   30164000,  209435978, java, iotlab1, sing, 15
entry_11177628.class,  5.02,  2.49,  2.44,  0.14,  0.00,  178504147,  374070000,   32352000,  190926915, java, iotlab1, sing, 15
entry_11177628.class,  4.85,  2.45,  2.39,  0.14,  0.00,  171274807,  367091000,   30089000,  183767086, java, iotlab1, sing, 15
entry_11177628.class,  4.94,  2.48,  2.42,  0.14,  0.00,  171089821,  378929000,   25061000,  183389664, java, iotlab1, sing, 15
entry_11177628.class,  4.87,  2.46,  2.40,  0.13,  0.00,  170919782,  370995000,   31252000,  183322154, java, iotlab1, sing, 15
entry_11177628.class,  4.88,  2.47,  2.41,  0.14,  0.00,  170999549,  366157000,   33104000,  183389661, java, iotlab1, sing, 15
entry_11177628.class,  4.97,  2.51,  2.45,  0.14,  0.00,  173633879,  358713000,   33251000,  186013754, java, iotlab1, sing, 15
entry_11177628.class,  4.87,  2.46,  2.40,  0.14,  0.00,  170383113,  358395000,   38255000,  182960850, java, iotlab1, sing, 15
entry_11177628.class,  4.94,  2.49,  2.44,  0.14,  0.00,  174059413,  370407000,   33583000,  186530653, java, iotlab1, sing, 15
entry_11177628.class,  4.87,  2.47,  2.42,  0.14,  0.00,  170239885,  362500000,   40502000,  182610755, java, iotlab1, sing, 15
entry_11181280.class,  3.17,  1.52,  1.48,  0.09,  0.00,  121980336,  227144000,   26664000,  135919480, java, iotlab1, sing, 15
entry_11181280.class,  3.12,  1.55,  1.51,  0.08,  0.00,  116325119,  233851000,   19151000,  128633325, java, iotlab1, sing, 15
entry_11181280.class,  3.12,  1.55,  1.51,  0.08,  0.00,  115517669,  231567000,   20960000,  127921693, java, iotlab1, sing, 15
entry_11181280.class,  3.19,  1.57,  1.53,  0.08,  0.00,  119675183,  235119000,   20095000,  132155977, java, iotlab1, sing, 15
entry_11181280.class,  3.15,  1.56,  1.51,  0.08,  0.00,  117726865,  238373000,   19029000,  130005820, java, iotlab1, sing, 15
entry_11181280.class,  2.92,  1.47,  1.44,  0.08,  0.00,  103088784,  222566000,   15968000,  115505000, java, iotlab1, sing, 15
entry_11181280.class,  3.08,  1.56,  1.54,  0.08,  0.00,  109795874,  229728000,   24181000,  122238500, java, iotlab1, sing, 15
entry_11181280.class,  3.04,  1.51,  1.48,  0.08,  0.00,  114147385,  223035000,   21289000,  126522253, java, iotlab1, sing, 15
entry_11181280.class,  3.12,  1.53,  1.49,  0.08,  0.00,  117323708,  231505000,   18039000,  129777719, java, iotlab1, sing, 15
entry_11181280.class,  3.16,  1.57,  1.53,  0.08,  0.00,  117348547,  228437000,   27412000,  129779717, java, iotlab1, sing, 15
entry_11220763.class,  3.11,  1.50,  1.46,  0.09,  0.00,  116689679,  226975000,   24997000,  129262675, java, iotlab1, sing, 15
entry_11220763.class,  3.10,  1.51,  1.47,  0.09,  0.00,  116268626,  235399000,   19781000,  128754809, java, iotlab1, sing, 15
entry_11220763.class,  3.20,  1.57,  1.54,  0.09,  0.00,  119533623,  232478000,   28935000,  131992350, java, iotlab1, sing, 15
entry_11220763.class,  3.29,  1.57,  1.52,  0.10,  0.00,  127204666,  224911000,   22889000,  139705833, java, iotlab1, sing, 15
entry_11220763.class,  3.20,  1.56,  1.51,  0.09,  0.00,  121758721,  237832000,   24084000,  136327284, java, iotlab1, sing, 15
entry_11220763.class,  2.98,  1.47,  1.43,  0.08,  0.00,  111982348,  213987000,   22998000,  124586368, java, iotlab1, sing, 15
entry_11220763.class,  3.17,  1.55,  1.50,  0.09,  0.00,  118177790,  232259000,   20843000,  130572280, java, iotlab1, sing, 15
entry_11220763.class,  3.12,  1.55,  1.51,  0.09,  0.00,  115852913,  222146000,   25359000,  128205681, java, iotlab1, sing, 15
entry_11220763.class,  3.20,  1.57,  1.52,  0.09,  0.00,  118320845,  232488000,   22046000,  130694088, java, iotlab1, sing, 15
entry_11220763.class,  3.04,  1.52,  1.48,  0.09,  0.00,  113182269,  231004000,   14122000,  125675154, java, iotlab1, sing, 15
entry_11328467.class,  3.10,  1.47,  1.43,  0.08,  0.00,  113773698,  214680000,   23964000,  126276278, java, iotlab1, sing, 15
entry_11328467.class,  2.86,  1.41,  1.38,  0.08,  0.00,  108848763,  209128000,   17756000,  122026991, java, iotlab1, sing, 15
entry_11328467.class,  3.33,  1.57,  1.51,  0.09,  0.00,  125363790,  212888000,   27113000,  137911783, java, iotlab1, sing, 15
entry_11328467.class,  3.04,  1.45,  1.41,  0.08,  0.00,  110401120,  203925000,   27392000,  122836478, java, iotlab1, sing, 15
entry_11328467.class,  3.00,  1.43,  1.40,  0.08,  0.00,  108675715,  201485000,   29923000,  121215403, java, iotlab1, sing, 15
entry_11328467.class,  2.85,  1.41,  1.38,  0.08,  0.00,  107295142,  201921000,   23105000,  119713326, java, iotlab1, sing, 15
entry_11328467.class,  2.80,  1.39,  1.36,  0.08,  0.00,  105350357,  198364000,   18750000,  117789910, java, iotlab1, sing, 15
entry_11328467.class,  3.06,  1.51,  1.47,  0.08,  0.00,  113805559,  209047000,   33166000,  126070200, java, iotlab1, sing, 15
entry_11328467.class,  2.91,  1.43,  1.39,  0.08,  0.00,  109948561,  209994000,   24999000,  122298083, java, iotlab1, sing, 15
entry_11328467.class,  2.89,  1.40,  1.36,  0.08,  0.00,  109987788,  206423000,   21728000,  122578116, java, iotlab1, sing, 15
entry_11366096.class,  3.67,  1.84,  1.79,  0.11,  0.00,  130541648,  300590000,   25132000,  143503774, java, iotlab1, sing, 15
entry_11366096.class,  3.65,  1.84,  1.79,  0.11,  0.00,  131033740,  307138000,   25760000,  143352399, java, iotlab1, sing, 15
entry_11366096.class,  3.95,  1.95,  1.90,  0.11,  0.00,  146870489,  285383000,   31819000,  159214313, java, iotlab1, sing, 15
entry_11366096.class,  3.78,  1.87,  1.82,  0.11,  0.00,  139389033,  297906000,   28372000,  152066702, java, iotlab1, sing, 15
entry_11366096.class,  3.96,  1.96,  1.92,  0.11,  0.00,  144746900,  301301000,   36398000,  157334662, java, iotlab1, sing, 15
entry_11366096.class,  3.68,  1.85,  1.81,  0.11,  0.00,  130173144,  289893000,   30197000,  142515575, java, iotlab1, sing, 15
entry_11366096.class,  3.87,  1.92,  1.87,  0.11,  0.00,  140794187,  289803000,   29181000,  153256302, java, iotlab1, sing, 15
entry_11366096.class,  3.93,  1.93,  1.87,  0.11,  0.00,  144575975,  287830000,   34217000,  157104336, java, iotlab1, sing, 15
entry_11366096.class,  3.92,  1.96,  1.91,  0.11,  0.00,  142900110,  300376000,   25946000,  155322195, java, iotlab1, sing, 15
entry_11366096.class,  3.90,  1.94,  1.89,  0.11,  0.00,  141929748,  299694000,   30170000,  154384883, java, iotlab1, sing, 15
entry_11451123.class,  2.72,  1.34,  1.32,  0.07,  0.00,  103717255,  194742000,   20972000,  116144676, java, iotlab1, sing, 15
entry_11451123.class,  2.93,  1.45,  1.41,  0.08,  0.00,  109710893,  212682000,   20968000,  122028745, java, iotlab1, sing, 15
entry_11451123.class,  2.87,  1.42,  1.38,  0.08,  0.00,  107786449,  206296000,   20928000,  120157363, java, iotlab1, sing, 15
entry_11451123.class,  2.78,  1.37,  1.34,  0.07,  0.00,  104551695,  197463000,   16285000,  117019267, java, iotlab1, sing, 15
entry_11451123.class,  2.84,  1.41,  1.38,  0.08,  0.00,  106219929,  205489000,   19138000,  118702443, java, iotlab1, sing, 15
entry_11451123.class,  2.76,  1.35,  1.32,  0.08,  0.00,  104187984,  198161000,   17187000,  116572257, java, iotlab1, sing, 15
entry_11451123.class,  3.08,  1.52,  1.47,  0.08,  0.00,  113312107,  220452000,   17191000,  125779714, java, iotlab1, sing, 15
entry_11451123.class,  2.76,  1.37,  1.34,  0.07,  0.00,  103236620,  193589000,   19957000,  115840093, java, iotlab1, sing, 15
entry_11451123.class,  2.89,  1.42,  1.38,  0.08,  0.00,  108387058,  210739000,   17808000,  120877135, java, iotlab1, sing, 15
entry_11451123.class,  2.86,  1.40,  1.36,  0.08,  0.00,  110016004,  204118000,   24771000,  122489117, java, iotlab1, sing, 15
entry_11499962.class,  3.21,  1.56,  1.53,  0.09,  0.00,  120415860,  239338000,   24827000,  132798082, java, iotlab1, sing, 15
entry_11499962.class,  3.20,  1.57,  1.53,  0.09,  0.00,  117388149,  235201000,   19345000,  129769626, java, iotlab1, sing, 15
entry_11499962.class,  3.15,  1.55,  1.51,  0.09,  0.00,  116915477,  230680000,   23168000,  129326139, java, iotlab1, sing, 15
entry_11499962.class,  3.16,  1.55,  1.51,  0.09,  0.00,  115743409,  238897000,   19233000,  128181641, java, iotlab1, sing, 15
entry_11499962.class,  3.20,  1.57,  1.54,  0.09,  0.00,  118192693,  232706000,   24282000,  130663249, java, iotlab1, sing, 15
entry_11499962.class,  3.08,  1.50,  1.46,  0.09,  0.00,  116933003,  224703000,   29960000,  129220508, java, iotlab1, sing, 15
entry_11499962.class,  3.14,  1.53,  1.49,  0.09,  0.00,  119623108,  239202000,   22204000,  132987621, java, iotlab1, sing, 15
entry_11499962.class,  3.19,  1.56,  1.52,  0.09,  0.00,  117655853,  229370000,   22837000,  130074734, java, iotlab1, sing, 15
entry_11499962.class,  3.18,  1.58,  1.54,  0.09,  0.00,  117484993,  227043000,   29005000,  129842198, java, iotlab1, sing, 15
entry_11499962.class,  3.24,  1.57,  1.53,  0.09,  0.00,  123629722,  246345000,   23839000,  137178710, java, iotlab1, sing, 15
entry_11521209.class,  2.83,  1.38,  1.35,  0.08,  0.00,  107368041,  208403000,   16108000,  119644895, java, iotlab1, sing, 15
entry_11521209.class,  2.78,  1.40,  1.37,  0.07,  0.00,  100322601,  199094000,   28297000,  112831657, java, iotlab1, sing, 15
entry_11521209.class,  2.85,  1.41,  1.38,  0.08,  0.00,  107500651,  196035000,   26867000,  119854691, java, iotlab1, sing, 15
entry_11521209.class,  2.73,  1.35,  1.32,  0.07,  0.00,  100171621,  210144000,   16164000,  112643129, java, iotlab1, sing, 15
entry_11521209.class,  2.85,  1.39,  1.36,  0.08,  0.00,  108773003,  213124000,   15369000,  121839255, java, iotlab1, sing, 15
entry_11521209.class,  2.86,  1.41,  1.38,  0.08,  0.00,  108236635,  209046000,   16080000,  120669258, java, iotlab1, sing, 15
entry_11521209.class,  2.94,  1.47,  1.43,  0.08,  0.00,  109322311,  207209000,   25146000,  121758102, java, iotlab1, sing, 15
entry_11521209.class,  2.75,  1.40,  1.37,  0.07,  0.00,   98043151,  197812000,   26704000,  110452158, java, iotlab1, sing, 15
entry_11521209.class,  2.94,  1.47,  1.43,  0.08,  0.00,  109638154,  205164000,   21016000,  122095174, java, iotlab1, sing, 15
entry_11521209.class,  2.94,  1.46,  1.42,  0.08,  0.00,  109160042,  212905000,   19081000,  121613827, java, iotlab1, sing, 15
entry_11689563.class,  4.97,  2.44,  2.39,  0.14,  0.00,  180380092,  409124000,   26071000,  194677170, java, iotlab1, sing, 15
entry_11689563.class,  4.97,  2.53,  2.47,  0.14,  0.00,  173947699,  386722000,   39276000,  186440360, java, iotlab1, sing, 15
entry_11689563.class,  5.03,  2.56,  2.51,  0.14,  0.00,  177653267,  389545000,   36143000,  189977642, java, iotlab1, sing, 15
entry_11689563.class,  5.03,  2.56,  2.51,  0.14,  0.00,  176424813,  394849000,   30832000,  188835524, java, iotlab1, sing, 15
entry_11689563.class,  5.03,  2.55,  2.48,  0.14,  0.00,  175520145,  388770000,   41401000,  188054161, java, iotlab1, sing, 15
entry_11689563.class,  5.01,  2.55,  2.49,  0.14,  0.00,  175873080,  394403000,   33372000,  188319921, java, iotlab1, sing, 15
entry_11689563.class,  5.02,  2.52,  2.46,  0.14,  0.00,  177829335,  394962000,   37470000,  190395355, java, iotlab1, sing, 15
entry_11689563.class,  5.16,  2.61,  2.56,  0.14,  0.00,  181186086,  388363000,   29483000,  193746348, java, iotlab1, sing, 15
entry_11689563.class,  4.96,  2.51,  2.46,  0.14,  0.00,  173705760,  396675000,   30357000,  186310679, java, iotlab1, sing, 15
entry_11689563.class,  5.08,  2.55,  2.49,  0.14,  0.00,  184372277,  397223000,   29016000,  196707700, java, iotlab1, sing, 15
entry_11819308.class,  3.08,  1.50,  1.46,  0.09,  0.00,  116522488,  223678000,   25188000,  128986415, java, iotlab1, sing, 15
entry_11819308.class,  3.14,  1.47,  1.43,  0.09,  0.00,  115350628,  216692000,   30096000,  128810192, java, iotlab1, sing, 15
entry_11819308.class,  3.15,  1.51,  1.48,  0.09,  0.00,  115298637,  224028000,   26003000,  127775670, java, iotlab1, sing, 15
entry_11819308.class,  3.13,  1.53,  1.50,  0.09,  0.00,  114138803,  217492000,   29065000,  126552252, java, iotlab1, sing, 15
entry_11819308.class,  3.20,  1.54,  1.51,  0.09,  0.00,  119289310,  224329000,   21125000,  131833961, java, iotlab1, sing, 15
entry_11819308.class,  3.13,  1.53,  1.48,  0.09,  0.00,  113436757,  223301000,   23925000,  126013087, java, iotlab1, sing, 15
entry_11819308.class,  3.15,  1.52,  1.48,  0.09,  0.00,  117294526,  231573000,   20136000,  129837768, java, iotlab1, sing, 15
entry_11819308.class,  3.11,  1.47,  1.43,  0.09,  0.00,  118074001,  230430000,   23735000,  131538308, java, iotlab1, sing, 15
entry_11819308.class,  3.19,  1.54,  1.50,  0.09,  0.00,  117329231,  225433000,   27563000,  129766137, java, iotlab1, sing, 15
entry_11819308.class,  3.25,  1.57,  1.53,  0.09,  0.00,  121105071,  247414000,   22036000,  133552237, java, iotlab1, sing, 15
entry_1182744.class,  3.08,  1.48,  1.44,  0.08,  0.00,  118659451,  188308000,   27188000,  131214725, java, iotlab1, sing, 15
entry_1182744.class,  2.82,  1.36,  1.31,  0.08,  0.00,  108245479,  201560000,   20647000,  120752911, java, iotlab1, sing, 15
entry_1182744.class,  2.92,  1.42,  1.38,  0.08,  0.00,  110133372,  203127000,   20808000,  122579901, java, iotlab1, sing, 15
entry_1182744.class,  2.82,  1.38,  1.35,  0.08,  0.00,  107526838,  192585000,   26215000,  120038868, java, iotlab1, sing, 15
entry_1182744.class,  2.82,  1.39,  1.35,  0.08,  0.00,  105753423,  197649000,   19964000,  118240092, java, iotlab1, sing, 15
entry_1182744.class,  2.70,  1.33,  1.30,  0.07,  0.00,  101107874,  186343000,   19035000,  113558865, java, iotlab1, sing, 15
entry_1182744.class,  2.77,  1.35,  1.32,  0.08,  0.00,  105223919,  198849000,   17072000,  117665936, java, iotlab1, sing, 15
entry_1182744.class,  2.67,  1.32,  1.29,  0.07,  0.00,  100516402,  181392000,   22294000,  112860202, java, iotlab1, sing, 15
entry_1182744.class,  2.64,  1.27,  1.24,  0.07,  0.00,  101415120,  179276000,   23035000,  113765384, java, iotlab1, sing, 15
entry_1182744.class,  2.83,  1.39,  1.36,  0.08,  0.00,  105489167,  201123000,   16089000,  117926500, java, iotlab1, sing, 15
entry_12097013.class,  3.09,  1.49,  1.45,  0.09,  0.00,  116014206,  224860000,   25322000,  129226539, java, iotlab1, sing, 15
entry_12097013.class,  3.26,  1.58,  1.54,  0.09,  0.00,  120133500,  233216000,   25023000,  132561127, java, iotlab1, sing, 15
entry_12097013.class,  3.17,  1.56,  1.53,  0.09,  0.00,  115954680,  223114000,   25353000,  128653051, java, iotlab1, sing, 15
entry_12097013.class,  3.23,  1.58,  1.55,  0.09,  0.00,  120919988,  241445000,   25046000,  133462148, java, iotlab1, sing, 15
entry_12097013.class,  3.08,  1.54,  1.50,  0.09,  0.00,  110264533,  241885000,   19069000,  122687023, java, iotlab1, sing, 15
entry_12097013.class,  3.11,  1.53,  1.48,  0.09,  0.00,  115117078,  226419000,   22237000,  127682299, java, iotlab1, sing, 15
entry_12097013.class,  3.13,  1.55,  1.51,  0.09,  0.00,  115038895,  225729000,   22972000,  127464620, java, iotlab1, sing, 15
entry_12097013.class,  3.11,  1.52,  1.48,  0.09,  0.00,  115449299,  225278000,   23131000,  127958270, java, iotlab1, sing, 15
entry_12097013.class,  3.15,  1.55,  1.51,  0.09,  0.00,  116601089,  226926000,   22891000,  129099978, java, iotlab1, sing, 15
entry_12097013.class,  3.10,  1.53,  1.50,  0.09,  0.00,  114374955,  227241000,   21209000,  126834816, java, iotlab1, sing, 15
entry_12122125.class,  2.94,  1.42,  1.38,  0.09,  0.00,  110705726,  216713000,   20686000,  123250366, java, iotlab1, sing, 15
entry_12122125.class,  3.05,  1.47,  1.43,  0.09,  0.00,  113949616,  227369000,   17871000,  126473508, java, iotlab1, sing, 15
entry_12122125.class,  2.97,  1.46,  1.42,  0.09,  0.00,  109117700,  210741000,   22077000,  121561736, java, iotlab1, sing, 15
entry_12122125.class,  2.96,  1.44,  1.41,  0.09,  0.00,  110194300,  215116000,   21809000,  122708487, java, iotlab1, sing, 15
entry_12122125.class,  2.94,  1.42,  1.38,  0.09,  0.00,  110573262,  214469000,   21844000,  123024933, java, iotlab1, sing, 15
entry_12122125.class,  3.00,  1.48,  1.44,  0.09,  0.00,  110958354,  213997000,   23999000,  123325210, java, iotlab1, sing, 15
entry_12122125.class,  2.96,  1.45,  1.41,  0.09,  0.00,  110975874,  211234000,   26282000,  123479609, java, iotlab1, sing, 15
entry_12122125.class,  2.98,  1.44,  1.40,  0.09,  0.00,  112667636,  209329000,   24270000,  126157522, java, iotlab1, sing, 15
entry_12122125.class,  2.94,  1.44,  1.40,  0.09,  0.00,  110975958,  213117000,   25013000,  123500903, java, iotlab1, sing, 15
entry_12122125.class,  2.89,  1.43,  1.40,  0.08,  0.00,  107355154,  211138000,   19286000,  119824357, java, iotlab1, sing, 15
entry_12197516.class,  2.92,  1.44,  1.40,  0.08,  0.00,  110924920,  202252000,   24029000,  123441482, java, iotlab1, sing, 15
entry_12197516.class,  2.87,  1.42,  1.38,  0.08,  0.00,  108929813,  203287000,   26295000,  121367692, java, iotlab1, sing, 15
entry_12197516.class,  2.92,  1.46,  1.43,  0.08,  0.00,  109533470,  214241000,   17936000,  122090387, java, iotlab1, sing, 15
entry_12197516.class,  2.90,  1.44,  1.40,  0.08,  0.00,  107515074,  203077000,   20905000,  119948245, java, iotlab1, sing, 15
entry_12197516.class,  2.93,  1.45,  1.41,  0.08,  0.00,  110083911,  204157000,   28159000,  122394750, java, iotlab1, sing, 15
entry_12197516.class,  2.77,  1.36,  1.34,  0.08,  0.00,  104883879,  194436000,   22049000,  117336358, java, iotlab1, sing, 15
entry_12197516.class,  2.81,  1.39,  1.36,  0.07,  0.00,  104889997,  194514000,   21945000,  117251028, java, iotlab1, sing, 15
entry_12197516.class,  2.86,  1.42,  1.38,  0.08,  0.00,  107781905,  200074000,   22572000,  120286433, java, iotlab1, sing, 15
entry_12197516.class,  2.80,  1.39,  1.36,  0.08,  0.00,  104653380,  196680000,   21181000,  117090709, java, iotlab1, sing, 15
entry_12197516.class,  2.95,  1.47,  1.44,  0.08,  0.00,  110946225,  212355000,   20128000,  123472772, java, iotlab1, sing, 15
entry_1232263.class,  7.54,  3.77,  3.68,  0.23,  0.00,  262074981,  575642000,   58471000,  274503041, java, iotlab1, sing, 15
entry_1232263.class,  8.49,  4.27,  4.17,  0.26,  0.00,  297758340,  704552000,   59623000,  310185216, java, iotlab1, sing, 15
entry_1232263.class,  9.63,  4.79,  4.67,  0.33,  0.00,  332003711,  762993000,   61918000,  344467581, java, iotlab1, sing, 15
entry_1232263.class,  8.50,  4.23,  4.13,  0.26,  0.00,  297948222,  686794000,   66269000,  310197038, java, iotlab1, sing, 15
entry_1232263.class,  7.44,  3.74,  3.65,  0.23,  0.00,  259752920,  574760000,   63973000,  272177487, java, iotlab1, sing, 15
entry_1232263.class,  8.01,  4.01,  3.92,  0.25,  0.00,  281218463,  634140000,   73247000,  293727460, java, iotlab1, sing, 15
entry_1232263.class,  8.52,  4.18,  4.07,  0.27,  0.00,  307161315,  702162000,   67015000,  321657314, java, iotlab1, sing, 15
entry_1232263.class,  9.30,  4.49,  4.38,  0.32,  0.00,  326597416,  708089000,   88635000,  357508289, java, iotlab1, sing, 15
entry_1232263.class,  8.46,  4.24,  4.15,  0.26,  0.00,  294008119,  708942000,   59995000,  306391857, java, iotlab1, sing, 15
entry_1232263.class,  8.36,  4.16,  4.05,  0.26,  0.00,  294692287,  680944000,   66506000,  307300211, java, iotlab1, sing, 15
entry_12340251.class,  3.17,  1.55,  1.51,  0.09,  0.00,  118581813,  233315000,   21935000,  131263030, java, iotlab1, sing, 15
entry_12340251.class,  3.14,  1.56,  1.52,  0.09,  0.00,  115501258,  227026000,   25663000,  127990113, java, iotlab1, sing, 15
entry_12340251.class,  3.16,  1.56,  1.52,  0.09,  0.00,  117019646,  237207000,   18778000,  129434113, java, iotlab1, sing, 15
entry_12340251.class,  3.11,  1.53,  1.50,  0.09,  0.00,  117566012,  229617000,   23368000,  129945796, java, iotlab1, sing, 15
entry_12340251.class,  3.35,  1.61,  1.56,  0.10,  0.00,  130154258,  231910000,   23785000,  142829004, java, iotlab1, sing, 15
entry_12340251.class,  3.11,  1.53,  1.49,  0.09,  0.00,  116140734,  224935000,   26872000,  128517278, java, iotlab1, sing, 15
entry_12340251.class,  3.12,  1.55,  1.52,  0.09,  0.00,  115296242,  235199000,   16290000,  127573294, java, iotlab1, sing, 15
entry_12340251.class,  3.25,  1.60,  1.57,  0.09,  0.00,  120569746,  244002000,   18922000,  133016032, java, iotlab1, sing, 15
entry_12340251.class,  3.19,  1.55,  1.51,  0.09,  0.00,  119896550,  233581000,   25843000,  133355121, java, iotlab1, sing, 15
entry_12340251.class,  3.23,  1.58,  1.53,  0.09,  0.00,  120228800,  243198000,   18470000,  132698662, java, iotlab1, sing, 15
entry_1239902.class,  6.32,  3.16,  3.08,  0.19,  0.00,  223950730,  522944000,   47540000,  236338783, java, iotlab1, sing, 15
entry_1239902.class,  6.23,  3.09,  3.02,  0.19,  0.00,  221215974,  507046000,   53004000,  233628690, java, iotlab1, sing, 15
entry_1239902.class,  6.31,  3.14,  3.07,  0.19,  0.00,  223378608,  519863000,   48079000,  235873024, java, iotlab1, sing, 15
entry_1239902.class,  6.31,  3.15,  3.08,  0.19,  0.00,  222263094,  513334000,   58379000,  234633195, java, iotlab1, sing, 15
entry_1239902.class,  6.03,  3.01,  2.93,  0.18,  0.00,  214338056,  484315000,   51926000,  226678178, java, iotlab1, sing, 15
entry_1239902.class,  6.29,  3.14,  3.07,  0.19,  0.00,  221542154,  520819000,   45895000,  234569966, java, iotlab1, sing, 15
entry_1239902.class,  6.29,  3.12,  3.05,  0.19,  0.00,  224924392,  497167000,   57481000,  237191556, java, iotlab1, sing, 15
entry_1239902.class,  6.20,  3.10,  3.02,  0.19,  0.00,  218713382,  494476000,   58173000,  231023065, java, iotlab1, sing, 15
entry_1239902.class,  5.88,  2.97,  2.90,  0.17,  0.00,  205769508,  470918000,   49885000,  218148475, java, iotlab1, sing, 15
entry_1239902.class,  6.69,  3.23,  3.15,  0.20,  0.00,  240036676,  504209000,   58907000,  252373079, java, iotlab1, sing, 15
entry_12649157.class,  3.16,  1.53,  1.48,  0.09,  0.00,  118259930,  230330000,   23033000,  130679917, java, iotlab1, sing, 15
entry_12649157.class,  3.23,  1.59,  1.54,  0.09,  0.00,  118436646,  224153000,   27648000,  130875172, java, iotlab1, sing, 15
entry_12649157.class,  3.40,  1.61,  1.57,  0.10,  0.00,  134306167,  226373000,   26690000,  146877242, java, iotlab1, sing, 15
entry_12649157.class,  3.15,  1.55,  1.51,  0.09,  0.00,  117175399,  228826000,   24764000,  129676143, java, iotlab1, sing, 15
entry_12649157.class,  3.14,  1.55,  1.51,  0.09,  0.00,  116307073,  230899000,   20721000,  128733639, java, iotlab1, sing, 15
entry_12649157.class,  3.18,  1.57,  1.54,  0.09,  0.00,  117313217,  231746000,   19978000,  129652910, java, iotlab1, sing, 15
entry_12649157.class,  3.27,  1.63,  1.59,  0.09,  0.00,  122134267,  227389000,   26927000,  134515950, java, iotlab1, sing, 15
entry_12649157.class,  3.10,  1.52,  1.48,  0.09,  0.00,  117639772,  224343000,   27285000,  130233597, java, iotlab1, sing, 15
entry_12649157.class,  3.02,  1.49,  1.46,  0.09,  0.00,  112843854,  213399000,   26171000,  125486742, java, iotlab1, sing, 15
entry_12649157.class,  3.10,  1.53,  1.48,  0.09,  0.00,  113051330,  219793000,   27973000,  125411266, java, iotlab1, sing, 15
entry_12755402.class,  2.85,  1.39,  1.35,  0.08,  0.00,  107877082,  202672000,   20966000,  120136922, java, iotlab1, sing, 15
entry_12755402.class,  2.95,  1.45,  1.40,  0.08,  0.00,  110226343,  213771000,   21076000,  122631517, java, iotlab1, sing, 15
entry_12755402.class,  2.85,  1.40,  1.35,  0.08,  0.00,  106259514,  203848000,   19269000,  118654246, java, iotlab1, sing, 15
entry_12755402.class,  2.88,  1.43,  1.39,  0.08,  0.00,  107057124,  204094000,   19008000,  119436990, java, iotlab1, sing, 15
entry_12755402.class,  2.96,  1.47,  1.44,  0.08,  0.00,  110656046,  208747000,   27440000,  123232279, java, iotlab1, sing, 15
entry_12755402.class,  2.83,  1.39,  1.36,  0.08,  0.00,  108275676,  203382000,   20733000,  120690905, java, iotlab1, sing, 15
entry_12755402.class,  2.90,  1.44,  1.40,  0.08,  0.00,  108960366,  210390000,   20939000,  121419637, java, iotlab1, sing, 15
entry_12755402.class,  2.92,  1.44,  1.41,  0.08,  0.00,  110761861,  211425000,   23600000,  123361064, java, iotlab1, sing, 15
entry_12755402.class,  2.90,  1.43,  1.39,  0.08,  0.00,  109007619,  201911000,   26593000,  121386686, java, iotlab1, sing, 15
entry_12755402.class,  2.87,  1.41,  1.37,  0.08,  0.00,  109011628,  193549000,   31599000,  121477777, java, iotlab1, sing, 15
entry_12841889.class,  2.83,  1.37,  1.34,  0.08,  0.00,  108993120,  206361000,   24159000,  122319748, java, iotlab1, sing, 15
entry_12841889.class,  2.80,  1.38,  1.35,  0.08,  0.00,  104875434,  191182000,   24764000,  117260160, java, iotlab1, sing, 15
entry_12841889.class,  2.85,  1.38,  1.34,  0.07,  0.00,  103674675,  190698000,   23962000,  116118109, java, iotlab1, sing, 15
entry_12841889.class,  2.85,  1.40,  1.37,  0.08,  0.00,  106114742,  196413000,   22159000,  118501708, java, iotlab1, sing, 15
entry_12841889.class,  2.81,  1.40,  1.36,  0.08,  0.00,  104633923,  191586000,   23824000,  116911547, java, iotlab1, sing, 15
entry_12841889.class,  2.93,  1.43,  1.40,  0.08,  0.00,  109967527,  212138000,   21808000,  122333919, java, iotlab1, sing, 15
entry_12841889.class,  2.85,  1.38,  1.34,  0.08,  0.00,  107230248,  200371000,   21251000,  119722772, java, iotlab1, sing, 15
entry_12841889.class,  2.79,  1.37,  1.33,  0.08,  0.00,  105234393,  200593000,   18053000,  117849060, java, iotlab1, sing, 15
entry_12841889.class,  3.00,  1.43,  1.39,  0.08,  0.00,  118989293,  201713000,   16975000,  131555888, java, iotlab1, sing, 15
entry_12841889.class,  2.95,  1.45,  1.41,  0.08,  0.00,  109261944,  208656000,   22962000,  121688078, java, iotlab1, sing, 15
entry_13146128.class,  2.89,  1.42,  1.37,  0.08,  0.00,  107460564,  207223000,   15237000,  119876018, java, iotlab1, sing, 15
entry_13146128.class,  3.00,  1.49,  1.45,  0.08,  0.00,  110675467,  205753000,   27831000,  123034426, java, iotlab1, sing, 15
entry_13146128.class,  3.01,  1.47,  1.43,  0.08,  0.00,  113153901,  213796000,   25854000,  125559636, java, iotlab1, sing, 15
entry_13146128.class,  2.78,  1.35,  1.31,  0.07,  0.00,  104789592,  190893000,   21437000,  117236628, java, iotlab1, sing, 15
entry_13146128.class,  2.84,  1.38,  1.35,  0.08,  0.00,  107462702,  193072000,   30325000,  119919319, java, iotlab1, sing, 15
entry_13146128.class,  2.92,  1.43,  1.39,  0.08,  0.00,  108863259,  200045000,   24636000,  121317156, java, iotlab1, sing, 15
entry_13146128.class,  2.89,  1.41,  1.38,  0.08,  0.00,  108722100,  208850000,   17069000,  121038574, java, iotlab1, sing, 15
entry_13146128.class,  2.89,  1.42,  1.38,  0.08,  0.00,  107739860,  207965000,   17162000,  119960815, java, iotlab1, sing, 15
entry_13146128.class,  3.01,  1.48,  1.44,  0.08,  0.00,  113872440,  220250000,   21925000,  126246469, java, iotlab1, sing, 15
entry_13146128.class,  2.93,  1.45,  1.40,  0.08,  0.00,  108414060,  212068000,   19187000,  120827391, java, iotlab1, sing, 15
entry_13283897.class,  3.33,  1.61,  1.56,  0.09,  0.00,  125714455,  259564000,   23139000,  138524531, java, iotlab1, sing, 15
entry_13283897.class,  3.27,  1.61,  1.56,  0.09,  0.00,  120367244,  249857000,   19142000,  134952555, java, iotlab1, sing, 15
entry_13283897.class,  3.24,  1.64,  1.60,  0.09,  0.00,  114189446,  259543000,   20197000,  126659906, java, iotlab1, sing, 15
entry_13283897.class,  3.35,  1.67,  1.63,  0.09,  0.00,  124737334,  254594000,   26643000,  137239873, java, iotlab1, sing, 15
entry_13283897.class,  3.34,  1.64,  1.60,  0.09,  0.00,  125051235,  256480000,   25648000,  137571871, java, iotlab1, sing, 15
entry_13283897.class,  3.35,  1.65,  1.61,  0.09,  0.00,  122969504,  252295000,   24734000,  135437114, java, iotlab1, sing, 15
entry_13283897.class,  3.35,  1.66,  1.62,  0.09,  0.00,  123157569,  258152000,   20691000,  135796281, java, iotlab1, sing, 15
entry_13283897.class,  3.30,  1.64,  1.59,  0.09,  0.00,  120561935,  246701000,   23159000,  132974863, java, iotlab1, sing, 15
entry_13283897.class,  3.26,  1.62,  1.59,  0.09,  0.00,  120749289,  249833000,   21985000,  133179579, java, iotlab1, sing, 15
entry_13283897.class,  3.21,  1.63,  1.58,  0.09,  0.00,  114196223,  249515000,   22773000,  126697563, java, iotlab1, sing, 15
entry_13529108.class,  3.10,  1.52,  1.48,  0.09,  0.00,  115326534,  223389000,   27047000,  127752838, java, iotlab1, sing, 15
entry_13529108.class,  3.07,  1.50,  1.47,  0.09,  0.00,  114434508,  229669000,   19139000,  126843091, java, iotlab1, sing, 15
entry_13529108.class,  3.09,  1.52,  1.49,  0.09,  0.00,  115066230,  228330000,   19854000,  127470136, java, iotlab1, sing, 15
entry_13529108.class,  3.11,  1.54,  1.52,  0.09,  0.00,  115836071,  220599000,   26709000,  128305681, java, iotlab1, sing, 15
entry_13529108.class,  3.27,  1.62,  1.58,  0.09,  0.00,  121339150,  236256000,   24026000,  133864485, java, iotlab1, sing, 15
entry_13529108.class,  3.02,  1.52,  1.48,  0.09,  0.00,  107161929,  230288000,   21026000,  119711433, java, iotlab1, sing, 15
entry_13529108.class,  3.12,  1.53,  1.49,  0.09,  0.00,  114828060,  231899000,   18991000,  127370178, java, iotlab1, sing, 15
entry_13529108.class,  3.24,  1.59,  1.54,  0.09,  0.00,  120575555,  224642000,   33499000,  132932977, java, iotlab1, sing, 15
entry_13529108.class,  3.15,  1.56,  1.52,  0.09,  0.00,  116920653,  225817000,   29105000,  129432093, java, iotlab1, sing, 15
entry_13529108.class,  3.13,  1.55,  1.51,  0.09,  0.00,  116128504,  228851000,   16769000,  128622138, java, iotlab1, sing, 15
entry_13569906.class,  3.08,  1.50,  1.46,  0.09,  0.00,  114058339,  218505000,   25823000,  126534550, java, iotlab1, sing, 15
entry_13569906.class,  3.10,  1.52,  1.48,  0.09,  0.00,  113830061,  214334000,   28043000,  126198084, java, iotlab1, sing, 15
entry_13569906.class,  3.33,  1.58,  1.54,  0.10,  0.00,  126875953,  223491000,   20317000,  139324955, java, iotlab1, sing, 15
entry_13569906.class,  3.13,  1.53,  1.49,  0.09,  0.00,  113142484,  221743000,   22973000,  125624426, java, iotlab1, sing, 15
entry_13569906.class,  3.11,  1.49,  1.46,  0.09,  0.00,  114921065,  226791000,   21883000,  127421102, java, iotlab1, sing, 15
entry_13569906.class,  3.15,  1.54,  1.50,  0.09,  0.00,  114950605,  226577000,   21959000,  127329512, java, iotlab1, sing, 15
entry_13569906.class,  3.14,  1.53,  1.50,  0.09,  0.00,  115552614,  214801000,   27356000,  127992357, java, iotlab1, sing, 15
entry_13569906.class,  3.16,  1.55,  1.51,  0.09,  0.00,  117982527,  238467000,   17105000,  130312753, java, iotlab1, sing, 15
entry_13569906.class,  3.11,  1.53,  1.49,  0.09,  0.00,  113271436,  223900000,   22188000,  125708757, java, iotlab1, sing, 15
entry_13569906.class,  3.16,  1.52,  1.47,  0.09,  0.00,  117649947,  227640000,   24281000,  131058571, java, iotlab1, sing, 15
entry_13610756.class,  3.06,  1.49,  1.45,  0.09,  0.00,  115648618,  233739000,   17827000,  128086417, java, iotlab1, sing, 15
entry_13610756.class,  3.07,  1.51,  1.48,  0.09,  0.00,  114430093,  226865000,   20987000,  127820450, java, iotlab1, sing, 15
entry_13610756.class,  3.12,  1.54,  1.50,  0.09,  0.00,  114651741,  231526000,   18799000,  127206929, java, iotlab1, sing, 15
entry_13610756.class,  3.09,  1.53,  1.49,  0.09,  0.00,  114436223,  224861000,   23879000,  126784617, java, iotlab1, sing, 15
entry_13610756.class,  3.07,  1.51,  1.47,  0.09,  0.00,  115662098,  229855000,   19987000,  128067506, java, iotlab1, sing, 15
entry_13610756.class,  3.07,  1.53,  1.50,  0.09,  0.00,  114753785,  224026000,   24672000,  127089174, java, iotlab1, sing, 15
entry_13610756.class,  3.10,  1.53,  1.49,  0.09,  0.00,  115453073,  229064000,   24325000,  127884320, java, iotlab1, sing, 15
entry_13610756.class,  3.12,  1.54,  1.50,  0.09,  0.00,  116016248,  232999000,   20910000,  128455889, java, iotlab1, sing, 15
entry_13610756.class,  3.13,  1.55,  1.51,  0.09,  0.00,  115823491,  226798000,   22878000,  128173830, java, iotlab1, sing, 15
entry_13610756.class,  3.15,  1.55,  1.51,  0.09,  0.00,  116726308,  230784000,   21071000,  129161764, java, iotlab1, sing, 15
entry_13684888.class,  3.21,  1.57,  1.54,  0.09,  0.00,  120022012,  230591000,   28194000,  132450454, java, iotlab1, sing, 15
entry_13684888.class,  3.09,  1.53,  1.50,  0.09,  0.00,  114100146,  221319000,   24811000,  126519991, java, iotlab1, sing, 15
entry_13684888.class,  3.10,  1.51,  1.47,  0.09,  0.00,  117655597,  235483000,   17960000,  131301486, java, iotlab1, sing, 15
entry_13684888.class,  3.07,  1.50,  1.47,  0.09,  0.00,  115049082,  230141000,   14256000,  127317255, java, iotlab1, sing, 15
entry_13684888.class,  3.01,  1.52,  1.48,  0.09,  0.00,  107041471,  225730000,   23761000,  119522356, java, iotlab1, sing, 15
entry_13684888.class,  3.12,  1.54,  1.50,  0.09,  0.00,  115527970,  234344000,   21121000,  128063533, java, iotlab1, sing, 15
entry_13684888.class,  3.12,  1.53,  1.50,  0.09,  0.00,  115285281,  233023000,   18920000,  127737877, java, iotlab1, sing, 15
entry_13684888.class,  3.09,  1.51,  1.47,  0.09,  0.00,  115120816,  225979000,   25657000,  127454534, java, iotlab1, sing, 15
entry_13684888.class,  3.12,  1.54,  1.49,  0.09,  0.00,  114891096,  223136000,   23801000,  127205558, java, iotlab1, sing, 15
entry_13684888.class,  3.08,  1.50,  1.46,  0.09,  0.00,  115364462,  228810000,   22781000,  127765130, java, iotlab1, sing, 15
entry_13893385.class,  2.88,  1.40,  1.37,  0.08,  0.00,  109297710,  210121000,   22012000,  121717366, java, iotlab1, sing, 15
entry_13893385.class,  2.89,  1.42,  1.38,  0.08,  0.00,  108288301,  208717000,   23079000,  121574121, java, iotlab1, sing, 15
entry_13893385.class,  2.92,  1.42,  1.39,  0.08,  0.00,  109754303,  200220000,   33700000,  122207783, java, iotlab1, sing, 15
entry_13893385.class,  2.88,  1.40,  1.36,  0.08,  0.00,  108406942,  209249000,   21921000,  120737914, java, iotlab1, sing, 15
entry_13893385.class,  2.81,  1.39,  1.36,  0.08,  0.00,  105292339,  199518000,   17956000,  117789570, java, iotlab1, sing, 15
entry_13893385.class,  2.90,  1.43,  1.39,  0.08,  0.00,  108182527,  208994000,   19904000,  120886885, java, iotlab1, sing, 15
entry_13893385.class,  2.97,  1.46,  1.42,  0.08,  0.00,  109739262,  217248000,   16631000,  122028539, java, iotlab1, sing, 15
entry_13893385.class,  2.99,  1.45,  1.41,  0.08,  0.00,  112371989,  212727000,   22285000,  124952235, java, iotlab1, sing, 15
entry_13893385.class,  2.92,  1.44,  1.40,  0.08,  0.00,  108090416,  208501000,   20145000,  120574406, java, iotlab1, sing, 15
entry_13893385.class,  3.05,  1.51,  1.46,  0.08,  0.00,  112320536,  218133000,   21912000,  124683343, java, iotlab1, sing, 15
entry_14736321.class,  2.81,  1.38,  1.34,  0.08,  0.00,  104753633,  196268000,   22684000,  117313533, java, iotlab1, sing, 15
entry_14736321.class,  2.77,  1.34,  1.30,  0.08,  0.00,  104108896,  190489000,   25331000,  117527102, java, iotlab1, sing, 15
entry_14736321.class,  2.84,  1.40,  1.37,  0.08,  0.00,  106067113,  194893000,   23504000,  118518521, java, iotlab1, sing, 15
entry_14736321.class,  2.95,  1.45,  1.41,  0.08,  0.00,  107727860,  206526000,   24061000,  120158382, java, iotlab1, sing, 15
entry_14736321.class,  2.88,  1.40,  1.36,  0.08,  0.00,  108702615,  204403000,   24927000,  121160478, java, iotlab1, sing, 15
entry_14736321.class,  2.82,  1.37,  1.34,  0.08,  0.00,  106935069,  190730000,   26100000,  119338325, java, iotlab1, sing, 15
entry_14736321.class,  2.83,  1.39,  1.37,  0.08,  0.00,  106624645,  197619000,   25819000,  119064274, java, iotlab1, sing, 15
entry_14736321.class,  2.80,  1.37,  1.34,  0.07,  0.00,  103649978,  194529000,   20054000,  116060014, java, iotlab1, sing, 15
entry_14736321.class,  2.88,  1.43,  1.39,  0.08,  0.00,  107182947,  203422000,   25301000,  119750206, java, iotlab1, sing, 15
entry_14736321.class,  2.81,  1.37,  1.34,  0.08,  0.00,  104287082,  195516000,   22058000,  116707080, java, iotlab1, sing, 15
entry_1475519.class,  8.52,  4.01,  3.90,  0.27,  0.00,  318864147,  702030000,   80145000,  333857802, java, iotlab1, sing, 15
entry_1475519.class,  8.89,  4.43,  4.32,  0.27,  0.00,  309239615,  738220000,   70115000,  321549992, java, iotlab1, sing, 15
entry_1475519.class,  8.42,  4.18,  4.08,  0.26,  0.00,  293691372,  699040000,   50435000,  306090555, java, iotlab1, sing, 15
entry_1475519.class,  8.18,  4.05,  3.95,  0.26,  0.00,  285753009,  650619000,   71729000,  298289261, java, iotlab1, sing, 15
entry_1475519.class,  8.79,  4.28,  4.16,  0.28,  0.00,  314408532,  733801000,   63635000,  329311633, java, iotlab1, sing, 15
entry_1475519.class,  8.48,  4.22,  4.11,  0.27,  0.00,  290506395,  708606000,   63053000,  302875517, java, iotlab1, sing, 15
entry_1475519.class,  8.14,  4.06,  3.97,  0.25,  0.00,  284423575,  661805000,   63501000,  296748106, java, iotlab1, sing, 15
entry_1475519.class,  8.29,  4.12,  4.02,  0.26,  0.00,  289920016,  687685000,   57056000,  302240469, java, iotlab1, sing, 15
entry_1475519.class,  8.47,  4.19,  4.09,  0.26,  0.00,  295156038,  697822000,   57313000,  307617334, java, iotlab1, sing, 15
entry_1475519.class,  8.73,  4.33,  4.24,  0.27,  0.00,  307763518,  724934000,   75096000,  320676936, java, iotlab1, sing, 15
entry_14833403.class,  2.96,  1.44,  1.40,  0.08,  0.00,  110372252,  213832000,   18809000,  122792461, java, iotlab1, sing, 15
entry_14833403.class,  2.81,  1.39,  1.35,  0.07,  0.00,  104797661,  188843000,   25246000,  117849511, java, iotlab1, sing, 15
entry_14833403.class,  2.89,  1.40,  1.36,  0.08,  0.00,  108531943,  205017000,   24641000,  121048806, java, iotlab1, sing, 15
entry_14833403.class,  2.84,  1.38,  1.35,  0.08,  0.00,  107448674,  205916000,   21301000,  119825491, java, iotlab1, sing, 15
entry_14833403.class,  2.91,  1.43,  1.39,  0.08,  0.00,  108226331,  201413000,   26183000,  120863779, java, iotlab1, sing, 15
entry_14833403.class,  2.92,  1.44,  1.41,  0.08,  0.00,  109519876,  213500000,   17283000,  121934609, java, iotlab1, sing, 15
entry_14833403.class,  3.03,  1.45,  1.40,  0.08,  0.00,  118846375,  206343000,   18117000,  131333069, java, iotlab1, sing, 15
entry_14833403.class,  3.00,  1.49,  1.45,  0.08,  0.00,  112508273,  216585000,   20147000,  124856780, java, iotlab1, sing, 15
entry_14833403.class,  2.88,  1.43,  1.39,  0.08,  0.00,  107099097,  199351000,   27184000,  119458326, java, iotlab1, sing, 15
entry_14833403.class,  2.94,  1.43,  1.40,  0.08,  0.00,  110184148,  208631000,   23730000,  122675744, java, iotlab1, sing, 15
entry_14856122.class,  2.82,  1.37,  1.34,  0.08,  0.00,  109653570,  206552000,   20655000,  122406164, java, iotlab1, sing, 15
entry_14856122.class,  3.01,  1.46,  1.43,  0.08,  0.00,  115379126,  226184000,   17089000,  127904265, java, iotlab1, sing, 15
entry_14856122.class,  2.91,  1.44,  1.41,  0.08,  0.00,  108789110,  207970000,   21891000,  121201275, java, iotlab1, sing, 15
entry_14856122.class,  2.98,  1.48,  1.45,  0.08,  0.00,  110849527,  207102000,   21010000,  123381484, java, iotlab1, sing, 15
entry_14856122.class,  2.86,  1.40,  1.38,  0.08,  0.00,  107784725,  207892000,   15915000,  120226956, java, iotlab1, sing, 15
entry_14856122.class,  2.92,  1.43,  1.40,  0.08,  0.00,  110084986,  204499000,   22053000,  122516920, java, iotlab1, sing, 15
entry_14856122.class,  2.94,  1.42,  1.39,  0.08,  0.00,  110136766,  207689000,   22288000,  122515015, java, iotlab1, sing, 15
entry_14856122.class,  2.89,  1.43,  1.40,  0.08,  0.00,  107494579,  198808000,   25229000,  119982635, java, iotlab1, sing, 15
entry_14856122.class,  2.93,  1.44,  1.41,  0.08,  0.00,  108058285,  196306000,   24912000,  120478360, java, iotlab1, sing, 15
entry_14856122.class,  3.03,  1.47,  1.43,  0.08,  0.00,  111961721,  210088000,   24358000,  124268803, java, iotlab1, sing, 15
entry_14883828.class,  2.74,  1.33,  1.30,  0.08,  0.00,  104166088,  195926000,   16158000,  116520417, java, iotlab1, sing, 15
entry_14883828.class,  2.77,  1.34,  1.30,  0.08,  0.00,  104720241,  194676000,   17970000,  117362656, java, iotlab1, sing, 15
entry_14883828.class,  2.81,  1.39,  1.36,  0.08,  0.00,  105291083,  195250000,   18927000,  117758040, java, iotlab1, sing, 15
entry_14883828.class,  2.87,  1.40,  1.38,  0.08,  0.00,  107511552,  196777000,   22200000,  119921342, java, iotlab1, sing, 15
entry_14883828.class,  2.82,  1.35,  1.31,  0.08,  0.00,  104030109,  205862000,   25732000,  117533162, java, iotlab1, sing, 15
entry_14883828.class,  2.96,  1.44,  1.40,  0.08,  0.00,  110619517,  204952000,   24515000,  123060289, java, iotlab1, sing, 15
entry_14883828.class,  2.93,  1.45,  1.41,  0.08,  0.00,  109493170,  207380000,   22040000,  121771236, java, iotlab1, sing, 15
entry_14883828.class,  2.79,  1.39,  1.36,  0.07,  0.00,   98324455,  198181000,   25893000,  110729323, java, iotlab1, sing, 15
entry_14883828.class,  3.07,  1.50,  1.47,  0.08,  0.00,  114864045,  215188000,   20729000,  127078847, java, iotlab1, sing, 15
entry_14883828.class,  2.91,  1.45,  1.41,  0.08,  0.00,  108945742,  207313000,   17447000,  121261522, java, iotlab1, sing, 15
entry_14992573.class,  2.93,  1.41,  1.37,  0.08,  0.00,  108568612,  193519000,   28928000,  121042169, java, iotlab1, sing, 15
entry_14992573.class,  2.88,  1.42,  1.39,  0.08,  0.00,  106967709,  201457000,   19946000,  119408694, java, iotlab1, sing, 15
entry_14992573.class,  2.93,  1.44,  1.41,  0.08,  0.00,  109259270,  209657000,   19872000,  121705240, java, iotlab1, sing, 15
entry_14992573.class,  2.95,  1.44,  1.40,  0.08,  0.00,  109569958,  197491000,   28925000,  121968406, java, iotlab1, sing, 15
entry_14992573.class,  2.89,  1.39,  1.36,  0.08,  0.00,  110575076,  209961000,   22207000,  123634384, java, iotlab1, sing, 15
entry_14992573.class,  2.92,  1.43,  1.39,  0.08,  0.00,  109947441,  214560000,   16965000,  122289040, java, iotlab1, sing, 15
entry_14992573.class,  2.80,  1.35,  1.32,  0.08,  0.00,  107078459,  188830000,   25704000,  120504201, java, iotlab1, sing, 15
entry_14992573.class,  2.90,  1.42,  1.39,  0.08,  0.00,  108311611,  198949000,   23227000,  120743384, java, iotlab1, sing, 15
entry_14992573.class,  2.82,  1.42,  1.39,  0.07,  0.00,   99935068,  197421000,   26785000,  112363589, java, iotlab1, sing, 15
entry_14992573.class,  2.88,  1.42,  1.38,  0.08,  0.00,  106405537,  199363000,   22040000,  118828170, java, iotlab1, sing, 15
entry_15082608.class,  2.82,  1.39,  1.35,  0.08,  0.00,  105783640,  193176000,   21128000,  118127957, java, iotlab1, sing, 15
entry_15082608.class,  2.87,  1.38,  1.34,  0.08,  0.00,  109110036,  205402000,   21621000,  122531082, java, iotlab1, sing, 15
entry_15082608.class,  2.93,  1.42,  1.38,  0.08,  0.00,  111238131,  209811000,   22762000,  123649465, java, iotlab1, sing, 15
entry_15082608.class,  2.78,  1.35,  1.32,  0.08,  0.00,  105645783,  202692000,   15819000,  118013880, java, iotlab1, sing, 15
entry_15082608.class,  2.85,  1.41,  1.37,  0.08,  0.00,  105906310,  203356000,   15100000,  118278444, java, iotlab1, sing, 15
entry_15082608.class,  2.91,  1.42,  1.38,  0.08,  0.00,  107544380,  205772000,   21454000,  119849872, java, iotlab1, sing, 15
entry_15082608.class,  2.88,  1.41,  1.38,  0.08,  0.00,  106317325,  203721000,   16056000,  118845730, java, iotlab1, sing, 15
entry_15082608.class,  2.92,  1.43,  1.39,  0.08,  0.00,  107829064,  202219000,   26896000,  120331599, java, iotlab1, sing, 15
entry_15082608.class,  2.88,  1.40,  1.37,  0.08,  0.00,  108119045,  208056000,   19814000,  120548786, java, iotlab1, sing, 15
entry_15082608.class,  2.85,  1.40,  1.37,  0.08,  0.00,  105873680,  193418000,   23805000,  118260484, java, iotlab1, sing, 15
entry_15110295.class,  3.11,  1.49,  1.45,  0.09,  0.00,  115822912,  222704000,   27085000,  128847631, java, iotlab1, sing, 15
entry_15110295.class,  3.11,  1.53,  1.49,  0.09,  0.00,  114819213,  230464000,   19205000,  127302133, java, iotlab1, sing, 15
entry_15110295.class,  3.15,  1.49,  1.44,  0.09,  0.00,  120562543,  225415000,   28051000,  135088310, java, iotlab1, sing, 15
entry_15110295.class,  3.13,  1.54,  1.51,  0.09,  0.00,  115364673,  226586000,   24628000,  127752699, java, iotlab1, sing, 15
entry_15110295.class,  3.31,  1.56,  1.52,  0.10,  0.00,  128876751,  219555000,   24724000,  141458150, java, iotlab1, sing, 15
entry_15110295.class,  3.17,  1.56,  1.53,  0.09,  0.00,  117594686,  230296000,   22124000,  130142534, java, iotlab1, sing, 15
entry_15110295.class,  3.18,  1.55,  1.51,  0.09,  0.00,  115578416,  236033000,   21726000,  128046933, java, iotlab1, sing, 15
entry_15110295.class,  3.11,  1.53,  1.49,  0.09,  0.00,  114224246,  226023000,   24002000,  126763205, java, iotlab1, sing, 15
entry_15110295.class,  3.14,  1.55,  1.51,  0.09,  0.00,  115880594,  231937000,   22185000,  128390579, java, iotlab1, sing, 15
entry_15110295.class,  3.13,  1.54,  1.51,  0.09,  0.00,  116522614,  227592000,   24631000,  129027072, java, iotlab1, sing, 15
entry_15142045.class,  2.93,  1.43,  1.40,  0.08,  0.00,  110473510,  213556000,   19773000,  122890921, java, iotlab1, sing, 15
entry_15142045.class,  2.83,  1.37,  1.33,  0.08,  0.00,  107958292,  192598000,   28939000,  120330648, java, iotlab1, sing, 15
entry_15142045.class,  2.91,  1.43,  1.39,  0.08,  0.00,  107912191,  209548000,   17209000,  120257527, java, iotlab1, sing, 15
entry_15142045.class,  2.79,  1.34,  1.30,  0.08,  0.00,  106441201,  195118000,   18197000,  119031527, java, iotlab1, sing, 15
entry_15142045.class,  2.92,  1.43,  1.39,  0.08,  0.00,  109794184,  218365000,   14088000,  122231685, java, iotlab1, sing, 15
entry_15142045.class,  2.98,  1.41,  1.37,  0.08,  0.00,  109239024,  201067000,   24884000,  121707279, java, iotlab1, sing, 15
entry_15142045.class,  2.88,  1.41,  1.37,  0.08,  0.00,  106276895,  197366000,   22266000,  118755399, java, iotlab1, sing, 15
entry_15142045.class,  2.76,  1.34,  1.31,  0.08,  0.00,  106012710,  199149000,   18196000,  118358129, java, iotlab1, sing, 15
entry_15142045.class,  2.92,  1.41,  1.37,  0.08,  0.00,  112389166,  225513000,   12081000,  124684354, java, iotlab1, sing, 15
entry_15142045.class,  2.81,  1.38,  1.34,  0.08,  0.00,  105343121,  198334000,   20135000,  117612301, java, iotlab1, sing, 15
entry_15372387.class,  3.08,  1.47,  1.43,  0.09,  0.00,  115638347,  229435000,   25602000,  129080554, java, iotlab1, sing, 15
entry_15372387.class,  3.09,  1.53,  1.50,  0.09,  0.00,  114052472,  207693000,   28957000,  126450714, java, iotlab1, sing, 15
entry_15372387.class,  3.08,  1.52,  1.48,  0.09,  0.00,  113797217,  218881000,   29661000,  126275369, java, iotlab1, sing, 15
entry_15372387.class,  3.17,  1.56,  1.52,  0.09,  0.00,  116953599,  229183000,   20103000,  129469692, java, iotlab1, sing, 15
entry_15372387.class,  3.10,  1.52,  1.48,  0.09,  0.00,  113610793,  220566000,   27317000,  125958179, java, iotlab1, sing, 15
entry_15372387.class,  3.09,  1.49,  1.45,  0.09,  0.00,  114139242,  222593000,   27194000,  126663677, java, iotlab1, sing, 15
entry_15372387.class,  3.15,  1.56,  1.52,  0.09,  0.00,  116318801,  229694000,   23761000,  128769019, java, iotlab1, sing, 15
entry_15372387.class,  3.21,  1.57,  1.53,  0.09,  0.00,  117861721,  227494000,   24052000,  130198162, java, iotlab1, sing, 15
entry_15372387.class,  3.19,  1.56,  1.52,  0.09,  0.00,  118146361,  229297000,   24923000,  130620091, java, iotlab1, sing, 15
entry_15372387.class,  3.19,  1.56,  1.52,  0.09,  0.00,  116709935,  219848000,   29576000,  128949323, java, iotlab1, sing, 15
entry_15678522.class,  1.57,  0.72,  0.70,  0.05,  0.00,   64011633,   78904000,   16358000,   76785081, java, iotlab1, sing, 15
entry_15678522.class,  1.66,  0.78,  0.76,  0.05,  0.00,   66390738,   80049000,   18777000,   78622313, java, iotlab1, sing, 15
entry_15678522.class,  1.50,  0.71,  0.69,  0.04,  0.00,   59046385,   73320000,   13057000,   71478383, java, iotlab1, sing, 15
entry_15678522.class,  1.56,  0.72,  0.70,  0.05,  0.00,   64918314,   83222000,   14515000,   77489124, java, iotlab1, sing, 15
entry_15678522.class,  1.60,  0.72,  0.70,  0.05,  0.00,   65270879,   70716000,   20357000,   79540425, java, iotlab1, sing, 15
entry_15678522.class,  1.51,  0.70,  0.68,  0.04,  0.00,   60887748,   77239000,   12195000,   73465984, java, iotlab1, sing, 15
entry_15678522.class,  1.58,  0.73,  0.70,  0.05,  0.00,   63508655,   78961000,   15792000,   75947389, java, iotlab1, sing, 15
entry_15678522.class,  1.50,  0.67,  0.65,  0.04,  0.00,   63693593,   71335000,   19931000,   78110304, java, iotlab1, sing, 15
entry_15678522.class,  1.50,  0.68,  0.66,  0.04,  0.00,   62040411,   72878000,   17969000,   74808714, java, iotlab1, sing, 15
entry_15678522.class,  1.59,  0.76,  0.74,  0.05,  0.00,   62986905,   77852000,   16177000,   75378372, java, iotlab1, sing, 15
entry_15815865.class,  2.96,  1.45,  1.41,  0.08,  0.00,  110348151,  219130000,   13127000,  122823242, java, iotlab1, sing, 15
entry_15815865.class,  2.91,  1.42,  1.38,  0.08,  0.00,  108056010,  200338000,   26646000,  120447737, java, iotlab1, sing, 15
entry_15815865.class,  2.94,  1.42,  1.39,  0.08,  0.00,  110775712,  210753000,   23858000,  123146284, java, iotlab1, sing, 15
entry_15815865.class,  3.07,  1.48,  1.45,  0.08,  0.00,  113681532,  218652000,   22065000,  126192659, java, iotlab1, sing, 15
entry_15815865.class,  3.02,  1.48,  1.44,  0.08,  0.00,  111126689,  206018000,   28139000,  123606230, java, iotlab1, sing, 15
entry_15815865.class,  2.89,  1.40,  1.36,  0.08,  0.00,  107918497,  209639000,   19058000,  120348036, java, iotlab1, sing, 15
entry_15815865.class,  2.97,  1.45,  1.42,  0.08,  0.00,  110099544,  213257000,   18846000,  122687515, java, iotlab1, sing, 15
entry_15815865.class,  2.88,  1.42,  1.38,  0.08,  0.00,  107472487,  208340000,   19031000,  119892527, java, iotlab1, sing, 15
entry_15815865.class,  2.96,  1.44,  1.40,  0.08,  0.00,  112230263,  213166000,   22803000,  124736436, java, iotlab1, sing, 15
entry_15815865.class,  2.89,  1.41,  1.38,  0.08,  0.00,  108083987,  209852000,   18896000,  120434712, java, iotlab1, sing, 15
entry_1670850.class,  2.99,  1.44,  1.41,  0.08,  0.00,  112329489,  218110000,   20102000,  124866470, java, iotlab1, sing, 15
entry_1670850.class,  2.95,  1.45,  1.41,  0.08,  0.00,  109116433,  205786000,   25343000,  122081504, java, iotlab1, sing, 15
entry_1670850.class,  2.87,  1.42,  1.39,  0.08,  0.00,  106218559,  202423000,   20242000,  118827809, java, iotlab1, sing, 15
entry_1670850.class,  2.97,  1.45,  1.42,  0.08,  0.00,  111118457,  205312000,   15398000,  123531550, java, iotlab1, sing, 15
entry_1670850.class,  3.02,  1.47,  1.44,  0.08,  0.00,  111325075,  217879000,   17990000,  123714760, java, iotlab1, sing, 15
entry_1670850.class,  3.08,  1.46,  1.42,  0.08,  0.00,  119436183,  208890000,   19989000,  131904935, java, iotlab1, sing, 15
entry_1670850.class,  3.05,  1.46,  1.42,  0.08,  0.00,  109743712,  209751000,   22863000,  122112128, java, iotlab1, sing, 15
entry_1670850.class,  2.97,  1.42,  1.39,  0.08,  0.00,  112090636,  208871000,   25495000,  124356852, java, iotlab1, sing, 15
entry_1670850.class,  3.00,  1.47,  1.43,  0.08,  0.00,  109491523,  205013000,   23343000,  121925754, java, iotlab1, sing, 15
entry_1670850.class,  3.10,  1.51,  1.47,  0.08,  0.00,  114704401,  201712000,   26092000,  127289118, java, iotlab1, sing, 15
entry_1689457.class,  2.89,  1.38,  1.35,  0.08,  0.00,  111076122,  204350000,   28628000,  123559325, java, iotlab1, sing, 15
entry_1689457.class,  2.92,  1.43,  1.40,  0.08,  0.00,  109685050,  208666000,   22393000,  122182870, java, iotlab1, sing, 15
entry_1689457.class,  2.87,  1.40,  1.37,  0.08,  0.00,  107885593,  199634000,   23189000,  120273967, java, iotlab1, sing, 15
entry_1689457.class,  2.88,  1.40,  1.36,  0.08,  0.00,  106971617,  204031000,   18362000,  119404714, java, iotlab1, sing, 15
entry_1689457.class,  2.87,  1.41,  1.37,  0.08,  0.00,  106298887,  189822000,   26833000,  118661045, java, iotlab1, sing, 15
entry_1689457.class,  2.88,  1.40,  1.38,  0.08,  0.00,  107403873,  197680000,   25086000,  119803219, java, iotlab1, sing, 15
entry_1689457.class,  3.00,  1.45,  1.42,  0.08,  0.00,  112219089,  203864000,   27844000,  124774640, java, iotlab1, sing, 15
entry_1689457.class,  2.90,  1.43,  1.39,  0.08,  0.00,  107280268,  207810000,   19166000,  119624348, java, iotlab1, sing, 15
entry_1689457.class,  2.95,  1.45,  1.41,  0.08,  0.00,  108385602,  206031000,   23003000,  120687414, java, iotlab1, sing, 15
entry_1689457.class,  2.90,  1.40,  1.36,  0.08,  0.00,  107455750,  204355000,   17029000,  120005924, java, iotlab1, sing, 15
entry_2133776.class,  2.93,  1.43,  1.40,  0.08,  0.00,  110306455,  217395000,   15096000,  123152656, java, iotlab1, sing, 15
entry_2133776.class,  3.02,  1.45,  1.41,  0.08,  0.00,  112663464,  211895000,   25987000,  125100460, java, iotlab1, sing, 15
entry_2133776.class,  2.85,  1.41,  1.36,  0.08,  0.00,  105426224,  192323000,   24783000,  117791948, java, iotlab1, sing, 15
entry_2133776.class,  2.97,  1.45,  1.41,  0.08,  0.00,  110997587,  206072000,   21109000,  123394247, java, iotlab1, sing, 15
entry_2133776.class,  2.99,  1.47,  1.43,  0.08,  0.00,  112043512,  212642000,   16971000,  124554196, java, iotlab1, sing, 15
entry_2133776.class,  2.88,  1.41,  1.37,  0.08,  0.00,  105684908,  199241000,   16935000,  118004583, java, iotlab1, sing, 15
entry_2133776.class,  2.91,  1.42,  1.39,  0.08,  0.00,  106620580,  203626000,   16968000,  119165567, java, iotlab1, sing, 15
entry_2133776.class,  3.17,  1.57,  1.53,  0.09,  0.00,  112021061,  211844000,   19706000,  124416233, java, iotlab1, sing, 15
entry_2133776.class,  3.29,  1.61,  1.57,  0.10,  0.00,  118294694,  203940000,   28710000,  133057712, java, iotlab1, sing, 15
entry_2133776.class,  2.96,  1.46,  1.43,  0.08,  0.00,  109394664,  200363000,   24043000,  121769266, java, iotlab1, sing, 15
entry_2179559.class,  8.53,  4.22,  4.12,  0.26,  0.00,  296336505,  707497000,   53885000,  308738661, java, iotlab1, sing, 15
entry_2179559.class,  8.01,  3.95,  3.85,  0.25,  0.00,  281735616,  650838000,   63570000,  294207567, java, iotlab1, sing, 15
entry_2179559.class, 10.18,  4.97,  4.86,  0.35,  0.00,  347841376,  750760000,   85630000,  361229604, java, iotlab1, sing, 15
entry_2179559.class,  8.39,  4.12,  4.02,  0.26,  0.00,  295130298,  674705000,   71862000,  307523294, java, iotlab1, sing, 15
entry_2179559.class,  8.25,  4.05,  3.95,  0.26,  0.00,  287079893,  662379000,   64743000,  299583755, java, iotlab1, sing, 15
entry_2179559.class,  8.63,  4.29,  4.19,  0.27,  0.00,  299962001,  710438000,   68655000,  312144603, java, iotlab1, sing, 15
entry_2179559.class,  8.37,  4.22,  4.11,  0.25,  0.00,  288121356,  679864000,   75317000,  300710939, java, iotlab1, sing, 15
entry_2179559.class,  7.51,  3.78,  3.70,  0.22,  0.00,  262392788,  566632000,   70078000,  274526331, java, iotlab1, sing, 15
entry_2179559.class,  8.55,  4.27,  4.16,  0.27,  0.00,  298084891,  695106000,   65726000,  310566749, java, iotlab1, sing, 15
entry_2179559.class,  7.76,  3.89,  3.79,  0.23,  0.00,  269265518,  594890000,   67441000,  281636857, java, iotlab1, sing, 15
entry_2596707.class,  2.91,  1.36,  1.33,  0.08,  0.00,  115559033,  225527000,   25058000,  128141733, java, iotlab1, sing, 15
entry_2596707.class,  2.75,  1.38,  1.35,  0.07,  0.00,   98178035,  204702000,   23079000,  110533204, java, iotlab1, sing, 15
entry_2596707.class,  2.89,  1.43,  1.39,  0.08,  0.00,  106927667,  199748000,   26699000,  119352543, java, iotlab1, sing, 15
entry_2596707.class,  2.88,  1.42,  1.38,  0.08,  0.00,  105868781,  190947000,   33465000,  118341769, java, iotlab1, sing, 15
entry_2596707.class,  2.97,  1.46,  1.42,  0.08,  0.00,  109949875,  210463000,   20946000,  122324231, java, iotlab1, sing, 15
entry_2596707.class,  3.01,  1.41,  1.37,  0.08,  0.00,  116817779,  212141000,   15641000,  130002380, java, iotlab1, sing, 15
entry_2596707.class,  2.78,  1.40,  1.36,  0.07,  0.00,   97705734,  198988000,   23878000,  110029006, java, iotlab1, sing, 15
entry_2596707.class,  2.90,  1.42,  1.39,  0.08,  0.00,  108354838,  198450000,   27508000,  120859339, java, iotlab1, sing, 15
entry_2596707.class,  2.89,  1.42,  1.38,  0.08,  0.00,  107938524,  205607000,   21852000,  120329095, java, iotlab1, sing, 15
entry_2596707.class,  2.75,  1.37,  1.34,  0.07,  0.00,   95944601,  206040000,   18730000,  108463169, java, iotlab1, sing, 15
entry_2664432.class,  2.88,  1.37,  1.34,  0.08,  0.00,  111160285,  204981000,   24234000,  124776493, java, iotlab1, sing, 15
entry_2664432.class,  2.92,  1.42,  1.39,  0.08,  0.00,  107855699,  207464000,   21734000,  120195547, java, iotlab1, sing, 15
entry_2664432.class,  2.88,  1.42,  1.38,  0.08,  0.00,  106829633,  196511000,   26662000,  119262489, java, iotlab1, sing, 15
entry_2664432.class,  2.96,  1.45,  1.42,  0.08,  0.00,  109216849,  213013000,   19907000,  121698443, java, iotlab1, sing, 15
entry_2664432.class,  2.96,  1.44,  1.40,  0.08,  0.00,  109623342,  201272000,   26035000,  122057773, java, iotlab1, sing, 15
entry_2664432.class,  2.95,  1.45,  1.42,  0.08,  0.00,  110265466,  214404000,   19760000,  122614659, java, iotlab1, sing, 15
entry_2664432.class,  2.92,  1.44,  1.40,  0.08,  0.00,  106922694,  199154000,   24018000,  119357612, java, iotlab1, sing, 15
entry_2664432.class,  2.91,  1.43,  1.39,  0.08,  0.00,  107695579,  206733000,   22078000,  119965014, java, iotlab1, sing, 15
entry_2664432.class,  2.97,  1.46,  1.42,  0.08,  0.00,  108639561,  205438000,   24051000,  121040853, java, iotlab1, sing, 15
entry_2664432.class,  2.97,  1.46,  1.43,  0.08,  0.00,  109733349,  200436000,   17037000,  122156939, java, iotlab1, sing, 15
entry_2970932.class,  2.88,  1.38,  1.34,  0.08,  0.00,  111143069,  218143000,   17168000,  123911453, java, iotlab1, sing, 15
entry_2970932.class,  2.88,  1.40,  1.37,  0.08,  0.00,  107615875,  198997000,   25125000,  120041097, java, iotlab1, sing, 15
entry_2970932.class,  3.10,  1.52,  1.48,  0.08,  0.00,  113399163,  214554000,   25301000,  125774500, java, iotlab1, sing, 15
entry_2970932.class,  2.83,  1.39,  1.35,  0.08,  0.00,  104927965,  200979000,   17343000,  117303305, java, iotlab1, sing, 15
entry_2970932.class,  2.97,  1.46,  1.42,  0.08,  0.00,  109900569,  207489000,   23054000,  122343490, java, iotlab1, sing, 15
entry_2970932.class,  2.95,  1.42,  1.39,  0.08,  0.00,  108175933,  201702000,   23080000,  120587682, java, iotlab1, sing, 15
entry_2970932.class,  3.09,  1.52,  1.48,  0.08,  0.00,  113893589,  211844000,   19615000,  126467275, java, iotlab1, sing, 15
entry_2970932.class,  2.89,  1.42,  1.38,  0.08,  0.00,  108205607,  203960000,   25373000,  120614340, java, iotlab1, sing, 15
entry_2970932.class,  2.97,  1.46,  1.42,  0.08,  0.00,  110163886,  207050000,   23117000,  122568235, java, iotlab1, sing, 15
entry_2970932.class,  2.89,  1.42,  1.39,  0.08,  0.00,  107797991,  202407000,   25671000,  120227233, java, iotlab1, sing, 15
entry_3175051.class,  3.19,  1.43,  1.39,  0.10,  0.00,  127952209,  213782000,   21977000,  140730214, java, iotlab1, sing, 15
entry_3175051.class,  2.91,  1.45,  1.42,  0.08,  0.00,  102498707,  216772000,   22766000,  116888244, java, iotlab1, sing, 15
entry_3175051.class,  3.02,  1.50,  1.46,  0.09,  0.00,  111646696,  219542000,   21344000,  124043669, java, iotlab1, sing, 15
entry_3175051.class,  2.89,  1.42,  1.39,  0.08,  0.00,  106292193,  200377000,   26783000,  118716001, java, iotlab1, sing, 15
entry_3175051.class,  2.94,  1.44,  1.40,  0.08,  0.00,  107224618,  204880000,   26240000,  119672996, java, iotlab1, sing, 15
entry_3175051.class,  2.94,  1.45,  1.41,  0.08,  0.00,  107383357,  204812000,   20878000,  119768045, java, iotlab1, sing, 15
entry_3175051.class,  2.87,  1.39,  1.36,  0.08,  0.00,  105112653,  203687000,   28814000,  117723189, java, iotlab1, sing, 15
entry_3175051.class,  2.90,  1.41,  1.38,  0.08,  0.00,  106917109,  209366000,   20739000,  119522871, java, iotlab1, sing, 15
entry_3175051.class,  2.89,  1.41,  1.38,  0.08,  0.00,  108171245,  207183000,   23454000,  120584654, java, iotlab1, sing, 15
entry_3175051.class,  2.92,  1.48,  1.44,  0.08,  0.00,  102361429,  219130000,   22013000,  114842482, java, iotlab1, sing, 15
entry_3255467.class,  2.73,  1.32,  1.29,  0.08,  0.00,  104307110,  191430000,   22049000,  117291029, java, iotlab1, sing, 15
entry_3255467.class,  2.93,  1.44,  1.40,  0.08,  0.00,  108619298,  201761000,   19976000,  121006666, java, iotlab1, sing, 15
entry_3255467.class,  2.83,  1.40,  1.37,  0.08,  0.00,  105227972,  191956000,   25994000,  117726185, java, iotlab1, sing, 15
entry_3255467.class,  2.81,  1.38,  1.34,  0.08,  0.00,  104739870,  198927000,   14994000,  117158128, java, iotlab1, sing, 15
entry_3255467.class,  2.97,  1.47,  1.43,  0.08,  0.00,  109665298,  208110000,   22578000,  122101829, java, iotlab1, sing, 15
entry_3255467.class,  2.83,  1.40,  1.37,  0.07,  0.00,  104667683,  199010000,   17000000,  117161604, java, iotlab1, sing, 15
entry_3255467.class,  2.78,  1.37,  1.34,  0.08,  0.00,  103276768,  192594000,   21617000,  115742555, java, iotlab1, sing, 15
entry_3255467.class,  2.86,  1.38,  1.35,  0.08,  0.00,  109135583,  207458000,   22048000,  121498713, java, iotlab1, sing, 15
entry_3255467.class,  2.88,  1.43,  1.39,  0.08,  0.00,  108932061,  189762000,   23844000,  121358109, java, iotlab1, sing, 15
entry_3255467.class,  2.89,  1.40,  1.36,  0.08,  0.00,  108550300,  202174000,   22906000,  120951377, java, iotlab1, sing, 15
entry_3286243.class,  2.82,  1.35,  1.31,  0.08,  0.00,  103470538,  200333000,   14023000,  116079684, java, iotlab1, sing, 15
entry_3286243.class,  2.72,  1.33,  1.30,  0.07,  0.00,  102269804,  183200000,   28184000,  114657378, java, iotlab1, sing, 15
entry_3286243.class,  2.71,  1.33,  1.30,  0.07,  0.00,  100931110,  180343000,   24180000,  113654402, java, iotlab1, sing, 15
entry_3286243.class,  2.58,  1.29,  1.26,  0.07,  0.00,   93392134,  183885000,   20986000,  105771192, java, iotlab1, sing, 15
entry_3286243.class,  2.83,  1.38,  1.34,  0.08,  0.00,  104272869,  197570000,   16210000,  116643035, java, iotlab1, sing, 15
entry_3286243.class,  2.80,  1.37,  1.34,  0.07,  0.00,  106385403,  192872000,   18176000,  118851218, java, iotlab1, sing, 15
entry_3286243.class,  2.84,  1.38,  1.34,  0.08,  0.00,  106002432,  199331000,   19031000,  118449981, java, iotlab1, sing, 15
entry_3286243.class,  2.74,  1.34,  1.31,  0.07,  0.00,  101729836,  191616000,   19161000,  114160229, java, iotlab1, sing, 15
entry_3286243.class,  2.77,  1.36,  1.33,  0.07,  0.00,  103654883,  190338000,   23669000,  116209903, java, iotlab1, sing, 15
entry_3286243.class,  2.70,  1.33,  1.30,  0.07,  0.00,  101207594,  187410000,   18039000,  113745032, java, iotlab1, sing, 15
entry_3331455.class,  2.77,  1.30,  1.27,  0.08,  0.00,  108810492,  199597000,   19860000,  121777865, java, iotlab1, sing, 15
entry_3331455.class,  2.84,  1.39,  1.36,  0.08,  0.00,  106401029,  196010000,   21217000,  119105463, java, iotlab1, sing, 15
entry_3331455.class,  2.93,  1.43,  1.40,  0.08,  0.00,  109122135,  203095000,   21902000,  121400331, java, iotlab1, sing, 15
entry_3331455.class,  2.84,  1.40,  1.37,  0.08,  0.00,  105841140,  190640000,   25084000,  118434690, java, iotlab1, sing, 15
entry_3331455.class,  2.79,  1.37,  1.34,  0.07,  0.00,  104212509,  197632000,   15280000,  116687591, java, iotlab1, sing, 15
entry_3331455.class,  2.89,  1.41,  1.38,  0.08,  0.00,  106919011,  194953000,   22419000,  119361938, java, iotlab1, sing, 15
entry_3331455.class,  2.84,  1.39,  1.37,  0.08,  0.00,  105747391,  202795000,   13985000,  118147262, java, iotlab1, sing, 15
entry_3331455.class,  2.83,  1.39,  1.36,  0.08,  0.00,  106156735,  191041000,   24746000,  118662810, java, iotlab1, sing, 15
entry_3331455.class,  2.83,  1.40,  1.36,  0.08,  0.00,  107013167,  201575000,   15966000,  119599107, java, iotlab1, sing, 15
entry_3331455.class,  2.91,  1.41,  1.38,  0.08,  0.00,  110878905,  200708000,   23729000,  123269980, java, iotlab1, sing, 15
entry_3742258.class,  8.48,  4.18,  4.08,  0.26,  0.00,  297358753,  675851000,   81464000,  310889796, java, iotlab1, sing, 15
entry_3742258.class,  8.86,  4.38,  4.28,  0.27,  0.00,  306917864,  725286000,   57022000,  319247725, java, iotlab1, sing, 15
entry_3742258.class,  8.84,  4.40,  4.29,  0.27,  0.00,  306259523,  730692000,   57132000,  318630541, java, iotlab1, sing, 15
entry_3742258.class,  8.61,  4.31,  4.21,  0.26,  0.00,  299704806,  695128000,   76676000,  312162565, java, iotlab1, sing, 15
entry_3742258.class,  8.82,  4.31,  4.20,  0.27,  0.00,  314994522,  696096000,   69609000,  327404866, java, iotlab1, sing, 15
entry_3742258.class,  8.57,  4.24,  4.14,  0.27,  0.00,  298599399,  692766000,   70976000,  311049726, java, iotlab1, sing, 15
entry_3742258.class,  8.47,  4.21,  4.11,  0.26,  0.00,  294276906,  675434000,   80170000,  306548223, java, iotlab1, sing, 15
entry_3742258.class,  8.26,  4.09,  4.00,  0.26,  0.00,  286004216,  665307000,   62215000,  298369608, java, iotlab1, sing, 15
entry_3742258.class,  8.25,  4.09,  3.99,  0.25,  0.00,  287224942,  655614000,   67062000,  299523316, java, iotlab1, sing, 15
entry_3742258.class,  8.29,  4.07,  3.96,  0.26,  0.00,  285379214,  653524000,   65650000,  297914645, java, iotlab1, sing, 15
entry_3969349.class,  3.11,  1.49,  1.45,  0.09,  0.00,  118044405,  227577000,   25838000,  131849942, java, iotlab1, sing, 15
entry_3969349.class,  3.16,  1.53,  1.49,  0.09,  0.00,  117128338,  230393000,   23331000,  129550730, java, iotlab1, sing, 15
entry_3969349.class,  3.23,  1.57,  1.53,  0.09,  0.00,  116761938,  232653000,   21059000,  129086667, java, iotlab1, sing, 15
entry_3969349.class,  3.25,  1.56,  1.51,  0.09,  0.00,  117039460,  233350000,   19944000,  129494313, java, iotlab1, sing, 15
entry_3969349.class,  3.23,  1.54,  1.50,  0.09,  0.00,  119566226,  231046000,   23307000,  133047730, java, iotlab1, sing, 15
entry_3969349.class,  3.17,  1.55,  1.51,  0.09,  0.00,  115003697,  226057000,   23795000,  127493151, java, iotlab1, sing, 15
entry_3969349.class,  3.21,  1.56,  1.52,  0.09,  0.00,  117000333,  226591000,   27070000,  129580067, java, iotlab1, sing, 15
entry_3969349.class,  3.18,  1.55,  1.51,  0.09,  0.00,  116056835,  228191000,   24125000,  128526340, java, iotlab1, sing, 15
entry_3969349.class,  3.30,  1.60,  1.57,  0.09,  0.00,  119362469,  238653000,   19295000,  131692922, java, iotlab1, sing, 15
entry_3969349.class,  3.18,  1.55,  1.52,  0.09,  0.00,  116359983,  231374000,   21940000,  128780176, java, iotlab1, sing, 15
entry_4097656.class,  8.75,  4.27,  4.18,  0.27,  0.00,  303396933,  717904000,   65264000,  315783665, java, iotlab1, sing, 15
entry_4097656.class,  8.62,  4.21,  4.12,  0.27,  0.00,  300679984,  691802000,   68375000,  312963934, java, iotlab1, sing, 15
entry_4097656.class,  8.71,  4.32,  4.21,  0.27,  0.00,  300139990,  696028000,   74256000,  312378916, java, iotlab1, sing, 15
entry_4097656.class,  8.45,  4.19,  4.08,  0.26,  0.00,  292548510,  685003000,   63814000,  304809574, java, iotlab1, sing, 15
entry_4097656.class,  8.56,  4.24,  4.14,  0.26,  0.00,  296178981,  707032000,   57572000,  308555994, java, iotlab1, sing, 15
entry_4097656.class,  8.16,  4.05,  3.95,  0.25,  0.00,  284707610,  644647000,   67857000,  297308712, java, iotlab1, sing, 15
entry_4097656.class,  8.21,  4.10,  4.00,  0.25,  0.00,  281844845,  653729000,   66175000,  294454334, java, iotlab1, sing, 15
entry_4097656.class,  8.81,  4.35,  4.25,  0.27,  0.00,  306047156,  730923000,   67084000,  318318629, java, iotlab1, sing, 15
entry_4097656.class,  8.63,  4.24,  4.13,  0.27,  0.00,  299462043,  697266000,   69826000,  311772054, java, iotlab1, sing, 15
entry_4097656.class,  7.98,  3.94,  3.85,  0.25,  0.00,  280534263,  629109000,   69901000,  293442641, java, iotlab1, sing, 15
entry_4254789.class,  2.76,  1.31,  1.28,  0.07,  0.00,  101110408,  209767000,   18418000,  113988126, java, iotlab1, sing, 15
entry_4254789.class,  2.93,  1.42,  1.39,  0.08,  0.00,  108199185,  194687000,   16056000,  120700508, java, iotlab1, sing, 15
entry_4254789.class,  3.03,  1.49,  1.45,  0.08,  0.00,  111669203,  215346000,   20840000,  124122575, java, iotlab1, sing, 15
entry_4254789.class,  2.90,  1.44,  1.41,  0.08,  0.00,  103880751,  215305000,   19205000,  116397228, java, iotlab1, sing, 15
entry_4254789.class,  2.91,  1.42,  1.38,  0.08,  0.00,  107102735,  209572000,   16965000,  119506149, java, iotlab1, sing, 15
entry_4254789.class,  2.95,  1.45,  1.42,  0.08,  0.00,  108776158,  214959000,   15997000,  121163610, java, iotlab1, sing, 15
entry_4254789.class,  2.95,  1.42,  1.38,  0.08,  0.00,  109083157,  207938000,   20893000,  121684500, java, iotlab1, sing, 15
entry_4254789.class,  3.29,  1.49,  1.45,  0.09,  0.00,  116302407,  215239000,   14487000,  129159764, java, iotlab1, sing, 15
entry_4254789.class,  3.39,  1.58,  1.55,  0.09,  0.00,  116431311,  213957000,   17238000,  128894511, java, iotlab1, sing, 15
entry_4254789.class,  3.06,  1.48,  1.44,  0.09,  0.00,  111416635,  198879000,   30521000,  123974628, java, iotlab1, sing, 15
entry_436173.class,  8.40,  4.14,  4.04,  0.26,  0.00,  290027107,  671411000,   66237000,  302577642, java, iotlab1, sing, 15
entry_436173.class,  8.37,  4.12,  4.02,  0.26,  0.00,  292332454,  684937000,   61442000,  304649371, java, iotlab1, sing, 15
entry_436173.class,  7.68,  3.81,  3.72,  0.23,  0.00,  267040048,  599930000,   54810000,  279437300, java, iotlab1, sing, 15
entry_436173.class,  8.70,  4.32,  4.21,  0.27,  0.00,  300368654,  700730000,   69072000,  312681868, java, iotlab1, sing, 15
entry_436173.class,  8.12,  4.03,  3.93,  0.25,  0.00,  283627296,  654255000,   64123000,  295942413, java, iotlab1, sing, 15
entry_436173.class,  8.72,  4.33,  4.22,  0.27,  0.00,  304112569,  736510000,   49764000,  316516019, java, iotlab1, sing, 15
entry_436173.class,  8.43,  4.17,  4.06,  0.26,  0.00,  289552309,  655705000,   77437000,  302088243, java, iotlab1, sing, 15
entry_436173.class,  9.39,  4.38,  4.26,  0.29,  0.00,  356362823,  696921000,   61080000,  369202074, java, iotlab1, sing, 15
entry_436173.class,  8.38,  4.16,  4.06,  0.26,  0.00,  286557495,  696581000,   59219000,  299451871, java, iotlab1, sing, 15
entry_436173.class,  8.57,  4.22,  4.12,  0.26,  0.00,  296118132,  674953000,   77108000,  308587292, java, iotlab1, sing, 15
entry_4617224.class,  2.93,  1.40,  1.36,  0.08,  0.00,  110603855,  210411000,   18208000,  123209058, java, iotlab1, sing, 15
entry_4617224.class,  2.94,  1.43,  1.40,  0.08,  0.00,  109511037,  212241000,   21224000,  121914334, java, iotlab1, sing, 15
entry_4617224.class,  2.88,  1.43,  1.40,  0.07,  0.00,  100149968,  202919000,   25611000,  112661465, java, iotlab1, sing, 15
entry_4617224.class,  2.91,  1.42,  1.39,  0.08,  0.00,  108482572,  210308000,   15797000,  120825364, java, iotlab1, sing, 15
entry_4617224.class,  2.97,  1.45,  1.42,  0.08,  0.00,  109203695,  206059000,   20804000,  121513113, java, iotlab1, sing, 15
entry_4617224.class,  2.96,  1.46,  1.41,  0.08,  0.00,  108430353,  202311000,   25659000,  120872046, java, iotlab1, sing, 15
entry_4617224.class,  3.09,  1.49,  1.45,  0.08,  0.00,  112096038,  218752000,   21975000,  124594204, java, iotlab1, sing, 15
entry_4617224.class,  2.93,  1.42,  1.39,  0.08,  0.00,  109069406,  200593000,   26077000,  121565385, java, iotlab1, sing, 15
entry_4617224.class,  3.06,  1.51,  1.47,  0.08,  0.00,  112846463,  221823000,   19894000,  125299091, java, iotlab1, sing, 15
entry_4617224.class,  2.94,  1.44,  1.40,  0.08,  0.00,  107402098,  209611000,   16280000,  119764628, java, iotlab1, sing, 15
entry_4995843.class,  2.76,  1.30,  1.27,  0.08,  0.00,  106343472,  191313000,   24039000,  119931162, java, iotlab1, sing, 15
entry_4995843.class,  2.88,  1.39,  1.35,  0.08,  0.00,  109026709,  203555000,   23947000,  121401574, java, iotlab1, sing, 15
entry_4995843.class,  2.89,  1.42,  1.39,  0.08,  0.00,  106830024,  209638000,   14763000,  119225829, java, iotlab1, sing, 15
entry_4995843.class,  2.89,  1.41,  1.37,  0.08,  0.00,  107901649,  207927000,   18168000,  120274951, java, iotlab1, sing, 15
entry_4995843.class,  2.88,  1.41,  1.37,  0.08,  0.00,  106279674,  196432000,   24677000,  118821592, java, iotlab1, sing, 15
entry_4995843.class,  2.99,  1.44,  1.40,  0.08,  0.00,  111498232,  211033000,   21103000,  123877761, java, iotlab1, sing, 15
entry_4995843.class,  2.85,  1.39,  1.35,  0.08,  0.00,  104615703,  203277000,   17023000,  117069926, java, iotlab1, sing, 15
entry_4995843.class,  2.86,  1.39,  1.35,  0.08,  0.00,  105687249,  199816000,   20876000,  118090291, java, iotlab1, sing, 15
entry_4995843.class,  2.83,  1.36,  1.33,  0.08,  0.00,  106070144,  199515000,   22605000,  118522353, java, iotlab1, sing, 15
entry_4995843.class,  2.99,  1.43,  1.39,  0.08,  0.00,  110604217,  204362000,   26655000,  122929410, java, iotlab1, sing, 15
entry_5076043.class,  8.51,  4.17,  4.07,  0.26,  0.00,  301091815,  653855000,   76333000,  313579005, java, iotlab1, sing, 15
entry_5076043.class,  8.18,  4.04,  3.95,  0.25,  0.00,  283349281,  654556000,   69952000,  295668590, java, iotlab1, sing, 15
entry_5076043.class,  8.49,  4.22,  4.13,  0.26,  0.00,  294932040,  688186000,   73592000,  307376227, java, iotlab1, sing, 15
entry_5076043.class,  8.60,  4.23,  4.13,  0.27,  0.00,  298052750,  693669000,   74393000,  310425539, java, iotlab1, sing, 15
entry_5076043.class,  8.62,  4.23,  4.14,  0.26,  0.00,  295149366,  690643000,   67159000,  307619298, java, iotlab1, sing, 15
entry_5076043.class,  7.61,  3.72,  3.62,  0.23,  0.00,  267508833,  570343000,   67040000,  281562250, java, iotlab1, sing, 15
entry_5076043.class,  8.47,  4.17,  4.08,  0.26,  0.00,  295342284,  692374000,   60682000,  307948378, java, iotlab1, sing, 15
entry_5076043.class,  7.39,  3.70,  3.61,  0.22,  0.00,  254812337,  550023000,   64185000,  267231409, java, iotlab1, sing, 15
entry_5076043.class,  8.44,  4.16,  4.06,  0.26,  0.00,  292434713,  678479000,   69150000,  304827363, java, iotlab1, sing, 15
entry_5076043.class,  7.46,  3.71,  3.62,  0.22,  0.00,  257022379,  567139000,   56112000,  269361494, java, iotlab1, sing, 15
entry_5143660.class,  1.70,  0.81,  0.78,  0.05,  0.00,   67009351,   98850000,   13112000,   80007682, java, iotlab1, sing, 15
entry_5143660.class,  1.59,  0.76,  0.73,  0.04,  0.00,   62263621,   88267000,   17051000,   74652562, java, iotlab1, sing, 15
entry_5143660.class,  1.56,  0.74,  0.71,  0.04,  0.00,   56637496,   94145000,   17652000,   70497246, java, iotlab1, sing, 15
entry_5143660.class,  1.54,  0.74,  0.72,  0.04,  0.00,   55229930,   97220000,   13888000,   67740484, java, iotlab1, sing, 15
entry_5143660.class,  1.57,  0.74,  0.72,  0.04,  0.00,   63256298,   93866000,   15644000,   75662495, java, iotlab1, sing, 15
entry_5143660.class,  1.61,  0.75,  0.73,  0.04,  0.00,   61429329,   88840000,   15450000,   73947252, java, iotlab1, sing, 15
entry_5143660.class,  1.51,  0.75,  0.73,  0.04,  0.00,   53763398,   87192000,   21798000,   66238802, java, iotlab1, sing, 15
entry_5143660.class,  1.61,  0.74,  0.73,  0.04,  0.00,   63440346,   94186000,   13165000,   76069012, java, iotlab1, sing, 15
entry_5143660.class,  1.58,  0.75,  0.73,  0.04,  0.00,   62401346,   89570000,   16732000,   74846607, java, iotlab1, sing, 15
entry_5143660.class,  1.49,  0.73,  0.71,  0.04,  0.00,   53783948,   95784000,   13107000,   66299954, java, iotlab1, sing, 15
entry_5186618.class,  8.38,  4.14,  4.04,  0.26,  0.00,  291337390,  678386000,   54548000,  304213535, java, iotlab1, sing, 15
entry_5186618.class,  8.14,  4.04,  3.94,  0.26,  0.00,  283414837,  657785000,   61979000,  295866772, java, iotlab1, sing, 15
entry_5186618.class,  8.27,  4.05,  3.95,  0.25,  0.00,  287422561,  659317000,   66232000,  299916328, java, iotlab1, sing, 15
entry_5186618.class,  8.84,  4.39,  4.28,  0.27,  0.00,  306162321,  717345000,   69323000,  318557204, java, iotlab1, sing, 15
entry_5186618.class,  8.29,  4.13,  4.03,  0.26,  0.00,  282091116,  672984000,   63092000,  294483751, java, iotlab1, sing, 15
entry_5186618.class,  8.45,  4.18,  4.07,  0.26,  0.00,  291584762,  683636000,   62240000,  303973673, java, iotlab1, sing, 15
entry_5186618.class,  8.49,  4.21,  4.10,  0.26,  0.00,  294331186,  696560000,   57715000,  306921758, java, iotlab1, sing, 15
entry_5186618.class,  8.17,  4.04,  3.94,  0.25,  0.00,  284178593,  655925000,   57817000,  296494688, java, iotlab1, sing, 15
entry_5186618.class,  8.65,  4.26,  4.15,  0.27,  0.00,  302322510,  696534000,   62136000,  315069628, java, iotlab1, sing, 15
entry_5186618.class,  8.26,  4.07,  3.97,  0.25,  0.00,  285759101,  639474000,   76175000,  298354181, java, iotlab1, sing, 15
entry_5407128.class,  5.42,  2.36,  2.28,  0.17,  0.00,  228099539,  412331000,   44576000,  243926377, java, iotlab1, sing, 15
entry_5407128.class,  5.29,  2.64,  2.58,  0.15,  0.00,  188878044,  379239000,   31267000,  201311982, java, iotlab1, sing, 15
entry_5407128.class,  5.19,  2.57,  2.51,  0.15,  0.00,  186403853,  391072000,   37910000,  199138079, java, iotlab1, sing, 15
entry_5407128.class,  5.37,  2.62,  2.55,  0.15,  0.00,  193427437,  380367000,   37936000,  205846159, java, iotlab1, sing, 15
entry_5407128.class,  5.38,  2.64,  2.57,  0.15,  0.00,  192313055,  385024000,   30158000,  204915602, java, iotlab1, sing, 15
entry_5407128.class,  5.17,  2.53,  2.48,  0.15,  0.00,  186611203,  388926000,   35449000,  199054832, java, iotlab1, sing, 15
entry_5407128.class,  5.20,  2.55,  2.49,  0.15,  0.00,  184852826,  388327000,   34939000,  197391273, java, iotlab1, sing, 15
entry_5407128.class,  5.27,  2.62,  2.56,  0.14,  0.00,  181069236,  382817000,   34801000,  193544486, java, iotlab1, sing, 15
entry_5407128.class,  5.20,  2.57,  2.51,  0.15,  0.00,  187308478,  383130000,   37109000,  199676132, java, iotlab1, sing, 15
entry_5407128.class,  5.18,  2.56,  2.49,  0.15,  0.00,  185828098,  383683000,   36253000,  198359416, java, iotlab1, sing, 15
entry_5522100.class,  8.66,  4.28,  4.18,  0.27,  0.00,  299257528,  710272000,   63202000,  311894319, java, iotlab1, sing, 15
entry_5522100.class,  8.11,  3.99,  3.89,  0.25,  0.00,  285382770,  653218000,   63728000,  297956261, java, iotlab1, sing, 15
entry_5522100.class,  8.23,  4.06,  3.96,  0.26,  0.00,  285922067,  664963000,   61273000,  298279790, java, iotlab1, sing, 15
entry_5522100.class,  8.13,  4.05,  3.94,  0.25,  0.00,  282361015,  648917000,   61801000,  294791047, java, iotlab1, sing, 15
entry_5522100.class,  8.19,  4.05,  3.96,  0.25,  0.00,  286689497,  664565000,   59228000,  299011317, java, iotlab1, sing, 15
entry_5522100.class,  8.17,  4.04,  3.93,  0.25,  0.00,  282124728,  657407000,   57947000,  294489952, java, iotlab1, sing, 15
entry_5522100.class,  8.84,  4.40,  4.30,  0.27,  0.00,  301525138,  708196000,   66642000,  313872131, java, iotlab1, sing, 15
entry_5522100.class,  8.61,  4.24,  4.14,  0.26,  0.00,  294852449,  704420000,   56872000,  307228127, java, iotlab1, sing, 15
entry_5522100.class,  8.62,  4.19,  4.08,  0.27,  0.00,  308091504,  715550000,   66050000,  322153377, java, iotlab1, sing, 15
entry_5522100.class,  7.42,  3.70,  3.62,  0.22,  0.00,  256097384,  567908000,   56188000,  268425194, java, iotlab1, sing, 15
entry_5661559.class,  8.56,  4.13,  4.03,  0.27,  0.00,  302741908,  694179000,   72018000,  316894009, java, iotlab1, sing, 15
entry_5661559.class,  8.52,  4.12,  4.01,  0.26,  0.00,  294546983,  663507000,   82311000,  307773066, java, iotlab1, sing, 15
entry_5661559.class,  8.74,  4.26,  4.16,  0.27,  0.00,  301363307,  696546000,   64957000,  313861246, java, iotlab1, sing, 15
entry_5661559.class,  7.68,  3.76,  3.67,  0.22,  0.00,  265250465,  599619000,   43116000,  277625133, java, iotlab1, sing, 15
entry_5661559.class,  7.51,  3.71,  3.62,  0.22,  0.00,  255816354,  570440000,   51129000,  268243446, java, iotlab1, sing, 15
entry_5661559.class,  8.29,  4.06,  3.97,  0.25,  0.00,  286863945,  655527000,   68950000,  299329475, java, iotlab1, sing, 15
entry_5661559.class,  8.54,  4.16,  4.06,  0.26,  0.00,  293980557,  687075000,   65292000,  306480695, java, iotlab1, sing, 15
entry_5661559.class,  8.27,  4.06,  3.96,  0.25,  0.00,  283469534,  660239000,   61207000,  295914746, java, iotlab1, sing, 15
entry_5661559.class,  8.87,  4.35,  4.24,  0.27,  0.00,  304229445,  730939000,   54770000,  316609109, java, iotlab1, sing, 15
entry_5661559.class,  8.06,  3.99,  3.89,  0.25,  0.00,  279932593,  645295000,   59118000,  292494845, java, iotlab1, sing, 15
entry_5960009.class,  3.05,  1.47,  1.43,  0.09,  0.00,  113235048,  208843000,   32662000,  126105514, java, iotlab1, sing, 15
entry_5960009.class,  3.15,  1.53,  1.50,  0.09,  0.00,  115396447,  220587000,   21958000,  128472237, java, iotlab1, sing, 15
entry_5960009.class,  3.11,  1.52,  1.48,  0.09,  0.00,  113747385,  221403000,   27799000,  126227225, java, iotlab1, sing, 15
entry_5960009.class,  3.08,  1.46,  1.42,  0.09,  0.00,  117072463,  231008000,   19914000,  129362658, java, iotlab1, sing, 15
entry_5960009.class,  3.07,  1.49,  1.45,  0.09,  0.00,  112864081,  217516000,   26817000,  125180026, java, iotlab1, sing, 15
entry_5960009.class,  3.17,  1.53,  1.50,  0.09,  0.00,  117573504,  228619000,   22254000,  130103700, java, iotlab1, sing, 15
entry_5960009.class,  3.08,  1.51,  1.47,  0.09,  0.00,  113279708,  215258000,   28033000,  125640717, java, iotlab1, sing, 15
entry_5960009.class,  3.10,  1.51,  1.48,  0.09,  0.00,  114554436,  219611000,   25836000,  127162554, java, iotlab1, sing, 15
entry_5960009.class,  3.07,  1.51,  1.47,  0.09,  0.00,  111250298,  224535000,   15239000,  123687715, java, iotlab1, sing, 15
entry_5960009.class,  3.12,  1.53,  1.49,  0.09,  0.00,  113495341,  228956000,   18235000,  126021977, java, iotlab1, sing, 15
entry_6004785.class,  9.96,  4.90,  4.78,  0.33,  0.00,  336888346,  785755000,   67549000,  349798309, java, iotlab1, sing, 15
entry_6004785.class,  8.52,  4.15,  4.05,  0.26,  0.00,  297395535,  676698000,   73857000,  309739766, java, iotlab1, sing, 15
entry_6004785.class,  8.75,  4.33,  4.22,  0.27,  0.00,  301750616,  702921000,   60078000,  314076589, java, iotlab1, sing, 15
entry_6004785.class,  8.52,  4.18,  4.07,  0.27,  0.00,  294871017,  698482000,   63134000,  307557631, java, iotlab1, sing, 15
entry_6004785.class,  7.61,  3.79,  3.70,  0.23,  0.00,  264716377,  592874000,   56606000,  278692367, java, iotlab1, sing, 15
entry_6004785.class,  9.78,  4.71,  4.60,  0.33,  0.00,  332097019,  745751000,   54834000,  344947101, java, iotlab1, sing, 15
entry_6004785.class,  8.16,  3.90,  3.80,  0.26,  0.00,  295794209,  661887000,   73543000,  309263517, java, iotlab1, sing, 15
entry_6004785.class,  8.23,  4.10,  4.00,  0.25,  0.00,  281654216,  661393000,   70360000,  294120671, java, iotlab1, sing, 15
entry_6004785.class,  8.43,  4.20,  4.09,  0.26,  0.00,  292439983,  680020000,   69796000,  304840003, java, iotlab1, sing, 15
entry_6004785.class,  8.20,  4.02,  3.92,  0.25,  0.00,  284151016,  638363000,   66933000,  296418095, java, iotlab1, sing, 15
entry_6120834.class,  2.76,  1.28,  1.25,  0.08,  0.00,  108576558,  203979000,   20296000,  121330416, java, iotlab1, sing, 15
entry_6120834.class,  2.95,  1.44,  1.39,  0.08,  0.00,  109238173,  213143000,   18662000,  121730904, java, iotlab1, sing, 15
entry_6120834.class,  2.81,  1.38,  1.35,  0.07,  0.00,  104318427,  194221000,   21912000,  116832451, java, iotlab1, sing, 15
entry_6120834.class,  2.83,  1.38,  1.35,  0.08,  0.00,  106042104,  199466000,   19335000,  118392969, java, iotlab1, sing, 15
entry_6120834.class,  2.94,  1.45,  1.41,  0.08,  0.00,  109091578,  200399000,   19133000,  121535919, java, iotlab1, sing, 15
entry_6120834.class,  2.85,  1.36,  1.32,  0.08,  0.00,  107678554,  192680000,   27809000,  121139644, java, iotlab1, sing, 15
entry_6120834.class,  3.20,  1.57,  1.52,  0.08,  0.00,  116143521,  197796000,   22860000,  128630941, java, iotlab1, sing, 15
entry_6120834.class,  3.02,  1.46,  1.43,  0.08,  0.00,  108645262,  197748000,   24968000,  121777791, java, iotlab1, sing, 15
entry_6120834.class,  2.93,  1.42,  1.39,  0.08,  0.00,  107925748,  206775000,   16981000,  120285936, java, iotlab1, sing, 15
entry_6120834.class,  2.83,  1.38,  1.34,  0.08,  0.00,  106000050,  196318000,   23037000,  118357720, java, iotlab1, sing, 15
entry_6188052.class,  6.54,  3.20,  3.12,  0.20,  0.00,  235398083,  519878000,   56094000,  247820090, java, iotlab1, sing, 15
entry_6188052.class,  6.45,  3.20,  3.13,  0.19,  0.00,  225968435,  536225000,   38087000,  238356860, java, iotlab1, sing, 15
entry_6188052.class,  6.50,  3.21,  3.14,  0.19,  0.00,  226352909,  523537000,   43044000,  238758967, java, iotlab1, sing, 15
entry_6188052.class,  6.59,  3.24,  3.16,  0.20,  0.00,  233148350,  506518000,   54162000,  245515468, java, iotlab1, sing, 15
entry_6188052.class,  6.53,  3.22,  3.14,  0.19,  0.00,  226162820,  524684000,   46325000,  238577843, java, iotlab1, sing, 15
entry_6188052.class,  6.26,  3.07,  2.99,  0.19,  0.00,  219302796,  499630000,   52275000,  231762421, java, iotlab1, sing, 15
entry_6188052.class,  6.37,  3.14,  3.07,  0.19,  0.00,  224331646,  525590000,   39118000,  236982471, java, iotlab1, sing, 15
entry_6188052.class,  6.35,  3.15,  3.08,  0.19,  0.00,  218689412,  516322000,   42860000,  231257146, java, iotlab1, sing, 15
entry_6188052.class,  6.45,  3.20,  3.13,  0.19,  0.00,  225001801,  515985000,   44342000,  237359841, java, iotlab1, sing, 15
entry_6188052.class,  6.37,  3.15,  3.07,  0.19,  0.00,  224060062,  520150000,   42420000,  236496441, java, iotlab1, sing, 15
entry_620854.class,  2.91,  1.38,  1.34,  0.08,  0.00,  110759867,  210324000,   22034000,  123488596, java, iotlab1, sing, 15
entry_620854.class,  2.81,  1.40,  1.36,  0.07,  0.00,   98888471,  208831000,   15987000,  111394937, java, iotlab1, sing, 15
entry_620854.class,  2.92,  1.43,  1.39,  0.08,  0.00,  107438774,  200018000,   25254000,  119951566, java, iotlab1, sing, 15
entry_620854.class,  2.95,  1.44,  1.40,  0.08,  0.00,  108772646,  211128000,   17091000,  121187896, java, iotlab1, sing, 15
entry_620854.class,  3.42,  1.51,  1.46,  0.09,  0.00,  134692916,  210551000,   15816000,  147388357, java, iotlab1, sing, 15
entry_620854.class,  2.90,  1.42,  1.38,  0.08,  0.00,  106553079,  205113000,   17835000,  118994277, java, iotlab1, sing, 15
entry_620854.class,  2.93,  1.44,  1.40,  0.08,  0.00,  107770841,  201731000,   26225000,  120280525, java, iotlab1, sing, 15
entry_620854.class,  2.92,  1.43,  1.39,  0.08,  0.00,  108134793,  204784000,   24092000,  120605557, java, iotlab1, sing, 15
entry_620854.class,  2.92,  1.44,  1.40,  0.08,  0.00,  107401595,  203912000,   22766000,  119969535, java, iotlab1, sing, 15
entry_620854.class,  2.84,  1.39,  1.36,  0.08,  0.00,  105169655,  192560000,   22296000,  117698195, java, iotlab1, sing, 15
entry_6318714.class,  8.68,  4.28,  4.18,  0.27,  0.00,  298989680,  699093000,   70806000,  311428025, java, iotlab1, sing, 15
entry_6318714.class,  8.70,  4.31,  4.21,  0.27,  0.00,  301045566,  703447000,   73085000,  313445442, java, iotlab1, sing, 15
entry_6318714.class,  8.82,  4.35,  4.24,  0.27,  0.00,  302945083,  711069000,   71917000,  315373045, java, iotlab1, sing, 15
entry_6318714.class,  8.46,  4.17,  4.07,  0.26,  0.00,  293087696,  684523000,   52885000,  305386793, java, iotlab1, sing, 15
entry_6318714.class,  7.82,  3.84,  3.75,  0.23,  0.00,  274059225,  593599000,   62120000,  286639093, java, iotlab1, sing, 15
entry_6318714.class,  8.74,  4.30,  4.19,  0.27,  0.00,  303492866,  726795000,   58902000,  315854313, java, iotlab1, sing, 15
entry_6318714.class,  7.79,  3.85,  3.75,  0.23,  0.00,  274263029,  601538000,   52264000,  286647006, java, iotlab1, sing, 15
entry_6318714.class,  8.76,  4.32,  4.21,  0.27,  0.00,  302816957,  735214000,   53087000,  315219650, java, iotlab1, sing, 15
entry_6318714.class,  8.07,  3.98,  3.88,  0.24,  0.00,  281192403,  620161000,   58015000,  293558438, java, iotlab1, sing, 15
entry_6318714.class,  8.40,  4.13,  4.03,  0.26,  0.00,  292711181,  680846000,   52372000,  305281077, java, iotlab1, sing, 15
entry_6324649.class,  8.66,  4.28,  4.18,  0.27,  0.00,  298484706,  705539000,   57635000,  310907912, java, iotlab1, sing, 15
entry_6324649.class,  8.55,  4.26,  4.16,  0.27,  0.00,  290998748,  728331000,   52166000,  303401411, java, iotlab1, sing, 15
entry_6324649.class,  8.75,  4.32,  4.21,  0.27,  0.00,  302095678,  742840000,   45990000,  314515569, java, iotlab1, sing, 15
entry_6324649.class,  8.45,  4.17,  4.07,  0.26,  0.00,  293449192,  681657000,   55624000,  306018487, java, iotlab1, sing, 15
entry_6324649.class,  8.66,  4.27,  4.16,  0.27,  0.00,  300303098,  705083000,   70710000,  312633554, java, iotlab1, sing, 15
entry_6324649.class,  8.36,  4.16,  4.06,  0.26,  0.00,  286586573,  686111000,   51232000,  299010834, java, iotlab1, sing, 15
entry_6324649.class,  8.71,  4.33,  4.22,  0.27,  0.00,  294051055,  723796000,   52839000,  306553030, java, iotlab1, sing, 15
entry_6324649.class,  8.78,  4.31,  4.21,  0.27,  0.00,  303818722,  728566000,   49241000,  316334630, java, iotlab1, sing, 15
entry_6324649.class,  8.52,  4.20,  4.10,  0.26,  0.00,  296258585,  716568000,   46036000,  309821095, java, iotlab1, sing, 15
entry_6324649.class,  7.86,  3.96,  3.87,  0.23,  0.00,  271405636,  620654000,   45413000,  284099877, java, iotlab1, sing, 15
entry_6529111.class,  3.01,  1.47,  1.45,  0.08,  0.00,  112823984,  221906000,   19252000,  125309718, java, iotlab1, sing, 15
entry_6529111.class,  3.05,  1.49,  1.45,  0.08,  0.00,  112901383,  222491000,   21046000,  125243162, java, iotlab1, sing, 15
entry_6529111.class,  3.18,  1.54,  1.50,  0.09,  0.00,  118737506,  239902000,   14993000,  131346418, java, iotlab1, sing, 15
entry_6529111.class,  2.96,  1.43,  1.39,  0.08,  0.00,  109584724,  217446000,   17354000,  121841564, java, iotlab1, sing, 15
entry_6529111.class,  3.06,  1.51,  1.47,  0.08,  0.00,  111868499,  216891000,   20175000,  124288615, java, iotlab1, sing, 15
entry_6529111.class,  2.97,  1.43,  1.39,  0.08,  0.00,  110727430,  212511000,   20048000,  123187466, java, iotlab1, sing, 15
entry_6529111.class,  3.06,  1.47,  1.44,  0.08,  0.00,  110516694,  213964000,   16148000,  123009427, java, iotlab1, sing, 15
entry_6529111.class,  3.19,  1.55,  1.51,  0.09,  0.00,  117752376,  227334000,   19028000,  130213132, java, iotlab1, sing, 15
entry_6529111.class,  3.07,  1.49,  1.45,  0.08,  0.00,  113698242,  225198000,   18015000,  126269472, java, iotlab1, sing, 15
entry_6529111.class,  3.05,  1.47,  1.44,  0.08,  0.00,  113133626,  226747000,   11986000,  125576883, java, iotlab1, sing, 15
entry_6609661.class,  8.56,  4.22,  4.12,  0.26,  0.00,  298848166,  702599000,   55046000,  311237150, java, iotlab1, sing, 15
entry_6609661.class,  8.96,  4.42,  4.31,  0.28,  0.00,  311188311,  756811000,   58062000,  323538740, java, iotlab1, sing, 15
entry_6609661.class,  8.59,  4.22,  4.12,  0.27,  0.00,  300336800,  713204000,   54243000,  312961048, java, iotlab1, sing, 15
entry_6609661.class,  8.61,  4.26,  4.16,  0.26,  0.00,  295654483,  712506000,   42029000,  308100165, java, iotlab1, sing, 15
entry_6609661.class,  8.20,  4.06,  3.96,  0.25,  0.00,  283756580,  652987000,   61092000,  296090301, java, iotlab1, sing, 15
entry_6609661.class,  8.55,  4.23,  4.12,  0.27,  0.00,  295407294,  706420000,   55110000,  307814417, java, iotlab1, sing, 15
entry_6609661.class,  8.93,  4.43,  4.32,  0.27,  0.00,  308873936,  748860000,   51782000,  321497453, java, iotlab1, sing, 15
entry_6609661.class,  8.67,  4.27,  4.17,  0.26,  0.00,  298474384,  698563000,   58627000,  310784692, java, iotlab1, sing, 15
entry_6609661.class,  8.63,  4.24,  4.14,  0.27,  0.00,  300948696,  705546000,   59467000,  313648684, java, iotlab1, sing, 15
entry_6609661.class,  8.46,  4.19,  4.09,  0.26,  0.00,  294634778,  705251000,   51944000,  307880706, java, iotlab1, sing, 15
entry_6986169.class,  2.85,  1.37,  1.33,  0.08,  0.00,  107432213,  208639000,   11033000,  120306610, java, iotlab1, sing, 15
entry_6986169.class,  2.87,  1.38,  1.34,  0.08,  0.00,  105021343,  197514000,   19751000,  117429108, java, iotlab1, sing, 15
entry_6986169.class,  2.83,  1.37,  1.34,  0.08,  0.00,  106115971,  201919000,   16153000,  118623334, java, iotlab1, sing, 15
entry_6986169.class,  2.96,  1.43,  1.40,  0.08,  0.00,  109635081,  213918000,   14994000,  122037250, java, iotlab1, sing, 15
entry_6986169.class,  2.94,  1.43,  1.41,  0.08,  0.00,  108574142,  212805000,   17983000,  121123283, java, iotlab1, sing, 15
entry_6986169.class,  2.95,  1.44,  1.40,  0.08,  0.00,  107534513,  214882000,   12220000,  120029394, java, iotlab1, sing, 15
entry_6986169.class,  2.87,  1.40,  1.37,  0.08,  0.00,  105578634,  203970000,   13998000,  118130397, java, iotlab1, sing, 15
entry_6986169.class,  2.82,  1.36,  1.33,  0.08,  0.00,  106341314,  195208000,   24149000,  118758202, java, iotlab1, sing, 15
entry_6986169.class,  2.89,  1.40,  1.37,  0.08,  0.00,  107840770,  216534000,   13278000,  120315517, java, iotlab1, sing, 15
entry_6986169.class,  2.84,  1.39,  1.35,  0.08,  0.00,  105710260,  201267000,   17846000,  118146353, java, iotlab1, sing, 15
entry_7211021.class,  3.05,  1.49,  1.45,  0.08,  0.00,  110714884,  214589000,   15969000,  123213156, java, iotlab1, sing, 15
entry_7211021.class,  2.92,  1.47,  1.44,  0.07,  0.00,  102259926,  218381000,   16101000,  114722820, java, iotlab1, sing, 15
entry_7211021.class,  2.93,  1.42,  1.39,  0.08,  0.00,  108548146,  206046000,   16921000,  120908839, java, iotlab1, sing, 15
entry_7211021.class,  2.97,  1.45,  1.42,  0.08,  0.00,  109344138,  211582000,   21650000,  121716863, java, iotlab1, sing, 15
entry_7211021.class,  2.96,  1.44,  1.40,  0.08,  0.00,  107949728,  208920000,   20088000,  120412873, java, iotlab1, sing, 15
entry_7211021.class,  3.03,  1.48,  1.44,  0.08,  0.00,  110855874,  214037000,   20097000,  123230222, java, iotlab1, sing, 15
entry_7211021.class,  2.96,  1.43,  1.40,  0.08,  0.00,  107880611,  199294000,   22918000,  120450891, java, iotlab1, sing, 15
entry_7211021.class,  2.94,  1.38,  1.35,  0.08,  0.00,  104947331,  201281000,   18206000,  117516125, java, iotlab1, sing, 15
entry_7211021.class,  3.00,  1.47,  1.42,  0.08,  0.00,  109171176,  217482000,   15961000,  121535431, java, iotlab1, sing, 15
entry_7211021.class,  3.01,  1.46,  1.43,  0.08,  0.00,  110279041,  203587000,   24188000,  122780927, java, iotlab1, sing, 15
entry_7304998.class,  3.43,  1.61,  1.56,  0.10,  0.00,  132166686,  262922000,   23081000,  144809990, java, iotlab1, sing, 15
entry_7304998.class,  3.54,  1.72,  1.67,  0.10,  0.00,  129451323,  268013000,   20459000,  141755905, java, iotlab1, sing, 15
entry_7304998.class,  3.56,  1.74,  1.70,  0.10,  0.00,  130887816,  275045000,   18201000,  143430150, java, iotlab1, sing, 15
entry_7304998.class,  3.48,  1.71,  1.67,  0.10,  0.00,  128089470,  270780000,   20905000,  140707077, java, iotlab1, sing, 15
entry_7304998.class,  3.72,  1.74,  1.69,  0.10,  0.00,  145057041,  264954000,   17929000,  157532181, java, iotlab1, sing, 15
entry_7304998.class,  3.18,  1.58,  1.55,  0.09,  0.00,  112771756,  247085000,   21743000,  125131276, java, iotlab1, sing, 15
entry_7304998.class,  3.36,  1.64,  1.60,  0.09,  0.00,  123886383,  248697000,   29843000,  136364343, java, iotlab1, sing, 15
entry_7304998.class,  3.45,  1.70,  1.66,  0.09,  0.00,  126288912,  259577000,   23051000,  138694355, java, iotlab1, sing, 15
entry_7304998.class,  3.49,  1.71,  1.67,  0.09,  0.00,  127751233,  256876000,   25383000,  140152777, java, iotlab1, sing, 15
entry_7304998.class,  3.45,  1.70,  1.66,  0.09,  0.00,  126945137,  260728000,   22801000,  139403029, java, iotlab1, sing, 15
entry_7401699.class,  2.88,  1.42,  1.38,  0.08,  0.00,  107090190,  211840000,   15276000,  119546665, java, iotlab1, sing, 15
entry_7401699.class,  2.90,  1.42,  1.39,  0.08,  0.00,  107171704,  208849000,   17987000,  119414426, java, iotlab1, sing, 15
entry_7401699.class,  2.93,  1.44,  1.41,  0.08,  0.00,  108099714,  212778000,   15983000,  120521163, java, iotlab1, sing, 15
entry_7401699.class,  2.85,  1.38,  1.34,  0.08,  0.00,  107670255,  210747000,   16979000,  120761551, java, iotlab1, sing, 15
entry_7401699.class,  2.92,  1.43,  1.39,  0.08,  0.00,  107022521,  203136000,   25016000,  119379905, java, iotlab1, sing, 15
entry_7401699.class,  2.86,  1.38,  1.35,  0.08,  0.00,  107303709,  203304000,   17938000,  119587209, java, iotlab1, sing, 15
entry_7401699.class,  2.89,  1.42,  1.39,  0.08,  0.00,  107190154,  210139000,   16930000,  119588617, java, iotlab1, sing, 15
entry_7401699.class,  2.90,  1.43,  1.39,  0.08,  0.00,  107874768,  204490000,   24578000,  120401609, java, iotlab1, sing, 15
entry_7401699.class,  3.02,  1.48,  1.44,  0.08,  0.00,  111061651,  213176000,   21915000,  123497377, java, iotlab1, sing, 15
entry_7401699.class,  2.94,  1.43,  1.39,  0.08,  0.00,  109850185,  213360000,   18030000,  122472042, java, iotlab1, sing, 15
entry_7474605.class,  9.14,  4.52,  4.41,  0.28,  0.00,  316748741,  755316000,   63773000,  329332699, java, iotlab1, sing, 15
entry_7474605.class,  8.14,  4.02,  3.93,  0.24,  0.00,  284879271,  621532000,   66269000,  297296529, java, iotlab1, sing, 15
entry_7474605.class,  8.78,  4.33,  4.23,  0.27,  0.00,  303739920,  704757000,   67072000,  316081620, java, iotlab1, sing, 15
entry_7474605.class,  8.93,  4.42,  4.31,  0.27,  0.00,  308239728,  718632000,   72467000,  320633188, java, iotlab1, sing, 15
entry_7474605.class,  8.84,  4.33,  4.23,  0.27,  0.00,  309292477,  724517000,   63957000,  321566136, java, iotlab1, sing, 15
entry_7474605.class,  8.10,  3.94,  3.84,  0.24,  0.00,  292956851,  619651000,   65385000,  307389619, java, iotlab1, sing, 15
entry_7474605.class,  8.65,  4.23,  4.14,  0.26,  0.00,  288192090,  705827000,   58570000,  300474469, java, iotlab1, sing, 15
entry_7474605.class,  8.71,  4.29,  4.19,  0.27,  0.00,  303518355,  722364000,   54800000,  315822660, java, iotlab1, sing, 15
entry_7474605.class,  8.71,  4.28,  4.17,  0.27,  0.00,  302759360,  723314000,   59860000,  315016411, java, iotlab1, sing, 15
entry_7474605.class,  8.26,  4.07,  3.97,  0.26,  0.00,  282739714,  664166000,   73465000,  295137867, java, iotlab1, sing, 15
entry_7836667.class,  8.83,  4.26,  4.17,  0.27,  0.00,  311578454,  723373000,   67660000,  325800556, java, iotlab1, sing, 15
entry_7836667.class,  8.69,  4.32,  4.22,  0.27,  0.00,  301665564,  703621000,   77958000,  314011786, java, iotlab1, sing, 15
entry_7836667.class,  7.69,  3.79,  3.69,  0.23,  0.00,  276189683,  600147000,   51268000,  288700433, java, iotlab1, sing, 15
entry_7836667.class,  8.88,  4.38,  4.28,  0.27,  0.00,  306009077,  723138000,   59681000,  318436441, java, iotlab1, sing, 15
entry_7836667.class,  8.28,  4.07,  3.98,  0.26,  0.00,  287144551,  657990000,   69104000,  299575149, java, iotlab1, sing, 15
entry_7836667.class,  8.34,  4.13,  4.02,  0.25,  0.00,  294174387,  644072000,   74008000,  306629523, java, iotlab1, sing, 15
entry_7836667.class,  8.43,  4.18,  4.08,  0.25,  0.00,  295622514,  677668000,   43298000,  308001429, java, iotlab1, sing, 15
entry_7836667.class,  8.06,  3.92,  3.82,  0.24,  0.00,  292403909,  600459000,   52565000,  305019971, java, iotlab1, sing, 15
entry_7836667.class,  8.74,  4.24,  4.12,  0.27,  0.00,  312135562,  690329000,   88321000,  326378672, java, iotlab1, sing, 15
entry_7836667.class,  7.61,  3.77,  3.69,  0.23,  0.00,  271339018,  578872000,   56573000,  283911295, java, iotlab1, sing, 15
entry_798207.class,  2.85,  1.38,  1.35,  0.08,  0.00,  107098364,  208200000,   17931000,  119427814, java, iotlab1, sing, 15
entry_798207.class,  2.87,  1.41,  1.37,  0.08,  0.00,  105777652,  201291000,   20645000,  118247264, java, iotlab1, sing, 15
entry_798207.class,  2.89,  1.42,  1.39,  0.08,  0.00,  106570864,  202436000,   22936000,  119061097, java, iotlab1, sing, 15
entry_798207.class,  2.80,  1.38,  1.35,  0.08,  0.00,  104153744,  202727000,   14906000,  116469926, java, iotlab1, sing, 15
entry_798207.class,  2.94,  1.45,  1.42,  0.08,  0.00,  108160249,  215150000,   17929000,  120583823, java, iotlab1, sing, 15
entry_798207.class,  2.99,  1.46,  1.42,  0.08,  0.00,  109319459,  216370000,   19941000,  121758491, java, iotlab1, sing, 15
entry_798207.class,  3.00,  1.43,  1.39,  0.08,  0.00,  112242550,  208065000,   27008000,  124733508, java, iotlab1, sing, 15
entry_798207.class,  2.96,  1.44,  1.41,  0.08,  0.00,  107973512,  208034000,   23340000,  120229600, java, iotlab1, sing, 15
entry_798207.class,  2.98,  1.47,  1.43,  0.08,  0.00,  109094283,  201846000,   28835000,  121501277, java, iotlab1, sing, 15
entry_798207.class,  2.87,  1.41,  1.38,  0.08,  0.00,  105950300,  202430000,   20636000,  118388447, java, iotlab1, sing, 15
entry_8137326.class,  8.07,  4.00,  3.90,  0.24,  0.00,  282324961,  639909000,   60991000,  294898517, java, iotlab1, sing, 15
entry_8137326.class,  8.86,  4.39,  4.28,  0.27,  0.00,  307936323,  742895000,   55140000,  320632553, java, iotlab1, sing, 15
entry_8137326.class,  8.61,  4.26,  4.15,  0.27,  0.00,  300473936,  718398000,   52101000,  313517117, java, iotlab1, sing, 15
entry_8137326.class,  7.81,  3.88,  3.78,  0.23,  0.00,  277328340,  601712000,   58293000,  290531608, java, iotlab1, sing, 15
entry_8137326.class,  9.00,  4.40,  4.30,  0.28,  0.00,  316985202,  740726000,   54569000,  329330248, java, iotlab1, sing, 15
entry_8137326.class,  7.92,  3.85,  3.75,  0.23,  0.00,  277630132,  589673000,   59966000,  289945103, java, iotlab1, sing, 15
entry_8137326.class,  9.04,  4.48,  4.37,  0.28,  0.00,  311710696,  732754000,   80301000,  324219951, java, iotlab1, sing, 15
entry_8137326.class,  7.94,  3.92,  3.82,  0.24,  0.00,  279737155,  605590000,   49966000,  292096264, java, iotlab1, sing, 15
entry_8137326.class,  9.19,  4.55,  4.43,  0.28,  0.00,  318544667,  770137000,   65011000,  331058487, java, iotlab1, sing, 15
entry_8137326.class,  8.71,  4.31,  4.20,  0.27,  0.00,  303037267,  713320000,   64028000,  316254844, java, iotlab1, sing, 15
entry_8148006.class,  8.44,  4.14,  4.05,  0.26,  0.00,  297136356,  677983000,   60729000,  309622391, java, iotlab1, sing, 15
entry_8148006.class,  8.30,  4.14,  4.04,  0.24,  0.00,  291275982,  648536000,   59864000,  303647261, java, iotlab1, sing, 15
entry_8148006.class,  8.54,  4.24,  4.14,  0.27,  0.00,  297712313,  697650000,   65872000,  310191997, java, iotlab1, sing, 15
entry_8148006.class,  8.96,  4.44,  4.34,  0.28,  0.00,  310630494,  740732000,   67701000,  323604878, java, iotlab1, sing, 15
entry_8148006.class,  7.70,  3.81,  3.72,  0.23,  0.00,  269908683,  600123000,   54011000,  282196233, java, iotlab1, sing, 15
entry_8148006.class,  8.87,  4.31,  4.19,  0.28,  0.00,  313359611,  711463000,   81708000,  327315090, java, iotlab1, sing, 15
entry_8148006.class,  7.97,  3.95,  3.85,  0.24,  0.00,  279764790,  601102000,   64656000,  292535857, java, iotlab1, sing, 15
entry_8148006.class,  8.93,  4.32,  4.20,  0.27,  0.00,  317212797,  701784000,   59319000,  329619226, java, iotlab1, sing, 15
entry_8148006.class,  8.14,  4.01,  3.91,  0.25,  0.00,  286017464,  650228000,   75026000,  298400970, java, iotlab1, sing, 15
entry_8148006.class,  8.79,  4.34,  4.23,  0.27,  0.00,  306561676,  724172000,   62497000,  318935141, java, iotlab1, sing, 15
entry_8182207.class,  2.94,  1.43,  1.39,  0.08,  0.00,  109300766,  203933000,   23992000,  122363518, java, iotlab1, sing, 15
entry_8182207.class,  2.93,  1.44,  1.41,  0.08,  0.00,  108040293,  217548000,   13093000,  120473161, java, iotlab1, sing, 15
entry_8182207.class,  2.89,  1.41,  1.37,  0.08,  0.00,  108514792,  206493000,   20649000,  120983637, java, iotlab1, sing, 15
entry_8182207.class,  2.97,  1.46,  1.43,  0.08,  0.00,  110303815,  211963000,   18168000,  122736787, java, iotlab1, sing, 15
entry_8182207.class,  3.01,  1.45,  1.42,  0.08,  0.00,  111669881,  221032000,   16002000,  123962702, java, iotlab1, sing, 15
entry_8182207.class,  2.91,  1.42,  1.38,  0.08,  0.00,  107308993,  186801000,   25243000,  119626793, java, iotlab1, sing, 15
entry_8182207.class,  3.01,  1.46,  1.43,  0.08,  0.00,  111967370,  207226000,   28481000,  124419539, java, iotlab1, sing, 15
entry_8182207.class,  2.89,  1.43,  1.40,  0.08,  0.00,  107780754,  204346000,   21035000,  120160392, java, iotlab1, sing, 15
entry_8182207.class,  3.02,  1.49,  1.46,  0.08,  0.00,  112040925,  214491000,   19223000,  124378634, java, iotlab1, sing, 15
entry_8182207.class,  2.97,  1.45,  1.42,  0.08,  0.00,  110504721,  210224000,   19832000,  122827136, java, iotlab1, sing, 15
entry_8413735.class,  2.78,  1.37,  1.33,  0.07,  0.00,   98399342,  208733000,   19691000,  110753385, java, iotlab1, sing, 15
entry_8413735.class,  2.89,  1.40,  1.37,  0.08,  0.00,  107330740,  206611000,   17879000,  119721814, java, iotlab1, sing, 15
entry_8413735.class,  2.87,  1.37,  1.34,  0.08,  0.00,  108589788,  204170000,   22795000,  121802326, java, iotlab1, sing, 15
entry_8413735.class,  2.91,  1.43,  1.41,  0.08,  0.00,  108821580,  211474000,   17541000,  121249172, java, iotlab1, sing, 15
entry_8413735.class,  2.93,  1.42,  1.39,  0.08,  0.00,  109234889,  210308000,   20125000,  121609952, java, iotlab1, sing, 15
entry_8413735.class,  3.00,  1.46,  1.43,  0.08,  0.00,  111485350,  216574000,   19050000,  123918756, java, iotlab1, sing, 15
entry_8413735.class,  2.97,  1.44,  1.41,  0.08,  0.00,  110612837,  209151000,   23789000,  122979583, java, iotlab1, sing, 15
entry_8413735.class,  2.94,  1.41,  1.37,  0.08,  0.00,  110453775,  209515000,   21845000,  123038845, java, iotlab1, sing, 15
entry_8413735.class,  2.92,  1.43,  1.39,  0.08,  0.00,  108660323,  198068000,   14781000,  121180256, java, iotlab1, sing, 15
entry_8413735.class,  2.95,  1.45,  1.42,  0.08,  0.00,  108735100,  204318000,   21926000,  121221206, java, iotlab1, sing, 15
entry_8477083.class,  2.83,  1.30,  1.26,  0.08,  0.00,  110068456,  200667000,   32595000,  123008966, java, iotlab1, sing, 15
entry_8477083.class,  2.97,  1.43,  1.40,  0.08,  0.00,  111280083,  214973000,   20280000,  126123341, java, iotlab1, sing, 15
entry_8477083.class,  2.82,  1.38,  1.34,  0.08,  0.00,  106074326,  195222000,   24276000,  118460336, java, iotlab1, sing, 15
entry_8477083.class,  2.86,  1.41,  1.38,  0.08,  0.00,  105883866,  200991000,   21890000,  118223992, java, iotlab1, sing, 15
entry_8477083.class,  2.86,  1.39,  1.36,  0.08,  0.00,  105591364,  198213000,   21913000,  117970076, java, iotlab1, sing, 15
entry_8477083.class,  2.87,  1.39,  1.35,  0.08,  0.00,  104880471,  191449000,   27775000,  117324768, java, iotlab1, sing, 15
entry_8477083.class,  2.95,  1.44,  1.40,  0.08,  0.00,  107633647,  207399000,   20641000,  119968999, java, iotlab1, sing, 15
entry_8477083.class,  2.87,  1.41,  1.38,  0.08,  0.00,  106151944,  194526000,   27073000,  118603648, java, iotlab1, sing, 15
entry_8477083.class,  2.82,  1.36,  1.33,  0.08,  0.00,  106198437,  199837000,   21194000,  118583893, java, iotlab1, sing, 15
entry_8477083.class,  2.88,  1.42,  1.38,  0.08,  0.00,  106046982,  195296000,   25167000,  118459454, java, iotlab1, sing, 15
entry_8655914.class,  8.92,  4.38,  4.27,  0.28,  0.00,  309653222,  738842000,   58987000,  322083905, java, iotlab1, sing, 15
entry_8655914.class,  8.84,  4.35,  4.24,  0.28,  0.00,  306630874,  727874000,   69605000,  318946081, java, iotlab1, sing, 15
entry_8655914.class,  8.94,  4.44,  4.34,  0.28,  0.00,  307404110,  755891000,   72989000,  319918789, java, iotlab1, sing, 15
entry_8655914.class,  9.17,  4.54,  4.43,  0.28,  0.00,  317884701,  754974000,   64911000,  330697028, java, iotlab1, sing, 15
entry_8655914.class,  9.19,  4.49,  4.39,  0.28,  0.00,  313116015,  748674000,   78965000,  327492521, java, iotlab1, sing, 15
entry_8655914.class,  8.91,  4.38,  4.28,  0.28,  0.00,  309262239,  741727000,   63318000,  321544232, java, iotlab1, sing, 15
entry_8655914.class,  9.23,  4.51,  4.41,  0.28,  0.00,  316676744,  736926000,   76095000,  329103962, java, iotlab1, sing, 15
entry_8655914.class,  8.29,  4.03,  3.93,  0.25,  0.00,  292407083,  623877000,   55543000,  304818638, java, iotlab1, sing, 15
entry_8655914.class,  8.14,  3.98,  3.89,  0.24,  0.00,  287201481,  613978000,   64206000,  299659425, java, iotlab1, sing, 15
entry_8655914.class,  8.09,  3.99,  3.89,  0.24,  0.00,  282318760,  617058000,   64214000,  294911204, java, iotlab1, sing, 15
entry_8777579.class,  3.16,  1.52,  1.47,  0.09,  0.00,  114213514,  210917000,   24990000,  127406442, java, iotlab1, sing, 15
entry_8777579.class,  3.04,  1.45,  1.41,  0.09,  0.00,  113636319,  213385000,   18203000,  126865335, java, iotlab1, sing, 15
entry_8777579.class,  3.05,  1.48,  1.45,  0.09,  0.00,  111857881,  206359000,   26916000,  124250998, java, iotlab1, sing, 15
entry_8777579.class,  3.07,  1.51,  1.47,  0.09,  0.00,  113556449,  210677000,   23963000,  125972400, java, iotlab1, sing, 15
entry_8777579.class,  3.01,  1.47,  1.43,  0.09,  0.00,  111800559,  209823000,   23313000,  124133385, java, iotlab1, sing, 15
entry_8777579.class,  3.05,  1.49,  1.45,  0.09,  0.00,  111774523,  199095000,   36199000,  124222702, java, iotlab1, sing, 15
entry_8777579.class,  3.05,  1.47,  1.44,  0.09,  0.00,  115036276,  212581000,   21752000,  127314764, java, iotlab1, sing, 15
entry_8777579.class,  3.12,  1.52,  1.47,  0.09,  0.00,  114372323,  203364000,   29052000,  126689626, java, iotlab1, sing, 15
entry_8777579.class,  3.05,  1.49,  1.45,  0.09,  0.00,  112718363,  211145000,   20013000,  125174913, java, iotlab1, sing, 15
entry_8777579.class,  3.72,  1.81,  1.75,  0.12,  0.00,  131291941,  217026000,   31857000,  143885197, java, iotlab1, sing, 15
entry_9293796.class,  2.72,  1.26,  1.22,  0.08,  0.00,  107195704,  195846000,   25717000,  119951683, java, iotlab1, sing, 15
entry_9293796.class,  2.90,  1.42,  1.38,  0.08,  0.00,  106796877,  205576000,   18869000,  119300145, java, iotlab1, sing, 15
entry_9293796.class,  2.97,  1.42,  1.38,  0.08,  0.00,  108150213,  206264000,   22028000,  120672212, java, iotlab1, sing, 15
entry_9293796.class,  2.85,  1.38,  1.34,  0.08,  0.00,  104578378,  199915000,   17251000,  117147806, java, iotlab1, sing, 15
entry_9293796.class,  2.89,  1.41,  1.38,  0.08,  0.00,  108676786,  202245000,   27440000,  120982358, java, iotlab1, sing, 15
entry_9293796.class,  2.85,  1.40,  1.36,  0.07,  0.00,  104723950,  199251000,   18113000,  117131729, java, iotlab1, sing, 15
entry_9293796.class,  2.93,  1.42,  1.38,  0.08,  0.00,  109657811,  202851000,   28836000,  122059610, java, iotlab1, sing, 15
entry_9293796.class,  2.91,  1.43,  1.40,  0.08,  0.00,  108453809,  213923000,   16993000,  120951541, java, iotlab1, sing, 15
entry_9293796.class,  2.89,  1.41,  1.37,  0.08,  0.00,  106986834,  201723000,   25342000,  119453331, java, iotlab1, sing, 15
entry_9293796.class,  2.81,  1.38,  1.35,  0.07,  0.00,  104618419,  196119000,   19011000,  117136768, java, iotlab1, sing, 15
entry_9365749.class,  2.93,  1.41,  1.37,  0.08,  0.00,  110632567,  206931000,   24226000,  123445708, java, iotlab1, sing, 15
entry_9365749.class,  3.00,  1.40,  1.36,  0.09,  0.00,  117744593,  233760000,   18136000,  132888317, java, iotlab1, sing, 15
entry_9365749.class,  3.06,  1.51,  1.47,  0.08,  0.00,  110981810,  217448000,   20227000,  123454544, java, iotlab1, sing, 15
entry_9365749.class,  2.99,  1.47,  1.43,  0.08,  0.00,  110731758,  212712000,   21070000,  123148675, java, iotlab1, sing, 15
entry_9365749.class,  2.99,  1.47,  1.43,  0.08,  0.00,  109714905,  208460000,   23162000,  122080222, java, iotlab1, sing, 15
entry_9365749.class,  3.10,  1.51,  1.47,  0.08,  0.00,  113907093,  226926000,   20993000,  126279244, java, iotlab1, sing, 15
entry_9365749.class,  2.95,  1.43,  1.39,  0.08,  0.00,  109860777,  202804000,   28689000,  122178599, java, iotlab1, sing, 15
entry_9365749.class,  2.97,  1.44,  1.41,  0.08,  0.00,  110425107,  211711000,   19972000,  122801975, java, iotlab1, sing, 15
entry_9365749.class,  2.90,  1.43,  1.38,  0.08,  0.00,  104011813,  215374000,   23040000,  117570637, java, iotlab1, sing, 15
entry_9365749.class,  3.01,  1.47,  1.44,  0.08,  0.00,  111194761,  223789000,   12042000,  123563409, java, iotlab1, sing, 15
entry_9558788.class,  2.89,  1.40,  1.36,  0.08,  0.00,  109467805,  212999000,   14066000,  122447022, java, iotlab1, sing, 15
entry_9558788.class,  3.01,  1.44,  1.41,  0.08,  0.00,  110452461,  216101000,   14203000,  122998182, java, iotlab1, sing, 15
entry_9558788.class,  2.94,  1.45,  1.40,  0.08,  0.00,  108297656,  205890000,   18166000,  120711619, java, iotlab1, sing, 15
entry_9558788.class,  2.92,  1.45,  1.41,  0.08,  0.00,  107380646,  208054000,   18914000,  119821617, java, iotlab1, sing, 15
entry_9558788.class,  2.86,  1.41,  1.38,  0.08,  0.00,  106084623,  199626000,   22407000,  118511585, java, iotlab1, sing, 15
entry_9558788.class,  2.95,  1.45,  1.41,  0.08,  0.00,  110036473,  212898000,   17741000,  122525853, java, iotlab1, sing, 15
entry_9558788.class,  2.93,  1.43,  1.39,  0.08,  0.00,  108682145,  198789000,   26836000,  121033293, java, iotlab1, sing, 15
entry_9558788.class,  2.91,  1.43,  1.40,  0.08,  0.00,  107342797,  205443000,   18127000,  119761294, java, iotlab1, sing, 15
entry_9558788.class,  3.25,  1.40,  1.36,  0.09,  0.00,  133251728,  194640000,   25343000,  146858070, java, iotlab1, sing, 15
entry_9558788.class,  2.94,  1.43,  1.40,  0.08,  0.00,  110320495,  212262000,   16861000,  123006367, java, iotlab1, sing, 15
entry_9576251.class,  3.80,  1.76,  1.71,  0.11,  0.00,  150060785,  290990000,   32662000,  165920699, java, iotlab1, sing, 15
entry_9576251.class,  4.10,  1.98,  1.93,  0.12,  0.00,  148116161,  325278000,   20141000,  160716018, java, iotlab1, sing, 15
entry_9576251.class,  3.95,  1.97,  1.92,  0.11,  0.00,  137434499,  320392000,   29035000,  149932902, java, iotlab1, sing, 15
entry_9576251.class,  3.71,  1.84,  1.80,  0.10,  0.00,  132320110,  287381000,   27463000,  145360798, java, iotlab1, sing, 15
entry_9576251.class,  3.75,  1.85,  1.79,  0.10,  0.00,  133131943,  284186000,   25283000,  145531298, java, iotlab1, sing, 15
entry_9576251.class,  3.98,  1.98,  1.93,  0.11,  0.00,  139016619,  328660000,   24048000,  151556618, java, iotlab1, sing, 15
entry_9576251.class,  3.90,  1.92,  1.88,  0.11,  0.00,  138604962,  314821000,   31280000,  151117288, java, iotlab1, sing, 15
entry_9576251.class,  3.97,  1.96,  1.91,  0.11,  0.00,  139607664,  320590000,   29053000,  152276380, java, iotlab1, sing, 15
entry_9576251.class,  3.99,  1.96,  1.91,  0.12,  0.00,  142192400,  316676000,   36306000,  154606946, java, iotlab1, sing, 15
entry_9576251.class,  4.07,  1.98,  1.93,  0.12,  0.00,  147834507,  316432000,   28766000,  160426819, java, iotlab1, sing, 15
entry_9715410.class,  3.31,  1.55,  1.51,  0.09,  0.00,  130015953,  255102000,   27224000,  144165896, java, iotlab1, sing, 15
entry_9715410.class,  3.37,  1.64,  1.60,  0.09,  0.00,  123821124,  253160000,   20252000,  136165946, java, iotlab1, sing, 15
entry_9715410.class,  3.39,  1.64,  1.61,  0.09,  0.00,  123379045,  258262000,   14957000,  135883274, java, iotlab1, sing, 15
entry_9715410.class,  3.34,  1.64,  1.61,  0.09,  0.00,  121718923,  250504000,   20120000,  134318599, java, iotlab1, sing, 15
entry_9715410.class,  3.36,  1.65,  1.61,  0.09,  0.00,  121683039,  243574000,   24156000,  134103994, java, iotlab1, sing, 15
entry_9715410.class,  3.39,  1.66,  1.62,  0.09,  0.00,  122867281,  243553000,   24954000,  135301974, java, iotlab1, sing, 15
entry_9715410.class,  3.43,  1.68,  1.63,  0.09,  0.00,  125642359,  249779000,   27193000,  138167415, java, iotlab1, sing, 15
entry_9715410.class,  3.08,  1.51,  1.47,  0.08,  0.00,  109129536,  233809000,   25525000,  121522240, java, iotlab1, sing, 15
entry_9715410.class,  3.36,  1.65,  1.60,  0.09,  0.00,  122623017,  244762000,   24673000,  135056622, java, iotlab1, sing, 15
entry_9715410.class,  3.33,  1.64,  1.60,  0.09,  0.00,  121554204,  237703000,   27848000,  133979816, java, iotlab1, sing, 15
