file,psys,pkg,cores,ram,gpu,duration_time,user_time,system_time,perf_time,lang,machine,cores,power_limit
1141757.exe ,  1.47,  0.46,  0.43,  0.05,  0.00,   88444197,   52241000,    3942000,  132857350, c++, iotlab1, mult, 8
1141757.exe ,  1.03,  0.42,  0.41,  0.03,  0.00,   53283173,   49264000,    4021000,   66359179, c++, iotlab1, mult, 8
1141757.exe ,  0.99,  0.41,  0.40,  0.03,  0.00,   54056169,   52064000,    2002000,   67541192, c++, iotlab1, mult, 8
1141757.exe ,  1.00,  0.43,  0.41,  0.03,  0.00,   53876908,   51899000,    1996000,   66799539, c++, iotlab1, mult, 8
1141757.exe ,  0.98,  0.42,  0.41,  0.03,  0.00,   53446627,   52458000,    1008000,   66427810, c++, iotlab1, mult, 8
1141757.exe ,  0.97,  0.41,  0.40,  0.03,  0.00,   54736565,   54759000,          0,   68491523, c++, iotlab1, mult, 8
1141757.exe ,  0.98,  0.42,  0.41,  0.03,  0.00,   53631171,   52666000,     993000,   66509131, c++, iotlab1, mult, 8
1141757.exe ,  0.99,  0.42,  0.40,  0.03,  0.00,   53771012,   52796000,     996000,   66666664, c++, iotlab1, mult, 8
1141757.exe ,  1.00,  0.42,  0.41,  0.03,  0.00,   53974023,   50986000,    2999000,   66792776, c++, iotlab1, mult, 8
1141757.exe ,  0.99,  0.42,  0.41,  0.03,  0.00,   53292057,   50340000,    2961000,   66313208, c++, iotlab1, mult, 8
1194834.exe ,  2.41,  1.01,  0.97,  0.10,  0.00,  129311440,  121286000,    8018000,  142588939, c++, iotlab1, mult, 8
1194834.exe ,  2.42,  1.01,  0.98,  0.10,  0.00,  128855483,  122827000,    6040000,  141832724, c++, iotlab1, mult, 8
1194834.exe ,  2.42,  0.99,  0.95,  0.10,  0.00,  132107584,  126122000,    6005000,  145959481, c++, iotlab1, mult, 8
1194834.exe ,  2.41,  1.02,  0.98,  0.09,  0.00,  129365651,  121250000,    8016000,  142310306, c++, iotlab1, mult, 8
1194834.exe ,  2.40,  1.02,  0.98,  0.10,  0.00,  130004373,  123937000,    6045000,  143175589, c++, iotlab1, mult, 8
1194834.exe ,  2.43,  1.02,  0.99,  0.10,  0.00,  129960567,  119907000,    9992000,  142874648, c++, iotlab1, mult, 8
1194834.exe ,  2.42,  1.00,  0.97,  0.10,  0.00,  130794920,  123766000,    7043000,  144251168, c++, iotlab1, mult, 8
1194834.exe ,  2.42,  1.02,  0.98,  0.10,  0.00,  129907918,  125899000,    4028000,  143379517, c++, iotlab1, mult, 8
1194834.exe ,  2.41,  1.01,  0.98,  0.09,  0.00,  128767016,  123694000,    5028000,  141718556, c++, iotlab1, mult, 8
1194834.exe ,  2.41,  1.01,  0.98,  0.09,  0.00,  128833648,  121752000,    7043000,  141757925, c++, iotlab1, mult, 8
1334614.exe ,  1.04,  0.44,  0.42,  0.03,  0.00,   55684668,   50684000,    4969000,   68470935, c++, iotlab1, mult, 8
1334614.exe ,  1.00,  0.43,  0.42,  0.03,  0.00,   54987318,   51989000,    2999000,   68167640, c++, iotlab1, mult, 8
1334614.exe ,  1.04,  0.45,  0.42,  0.03,  0.00,   55275842,   52269000,    3015000,   67926293, c++, iotlab1, mult, 8
1334614.exe ,  1.04,  0.45,  0.42,  0.03,  0.00,   55298777,   51196000,    4015000,   68450542, c++, iotlab1, mult, 8
1334614.exe ,  1.02,  0.44,  0.42,  0.03,  0.00,   55729308,   53677000,    1988000,   69564376, c++, iotlab1, mult, 8
1334614.exe ,  1.03,  0.43,  0.41,  0.03,  0.00,   56532241,   54534000,    2019000,   70392974, c++, iotlab1, mult, 8
1334614.exe ,  1.01,  0.43,  0.42,  0.03,  0.00,   55596835,   52632000,    2979000,   69209732, c++, iotlab1, mult, 8
1334614.exe ,  1.03,  0.44,  0.43,  0.03,  0.00,   55512863,   52540000,    2973000,   68613175, c++, iotlab1, mult, 8
1334614.exe ,  1.03,  0.44,  0.43,  0.03,  0.00,   55249631,   52302000,    2960000,   69228303, c++, iotlab1, mult, 8
1334614.exe ,  1.02,  0.43,  0.42,  0.03,  0.00,   55718382,   51757000,    3981000,   69563659, c++, iotlab1, mult, 8
1369810.exe ,  1.06,  0.46,  0.44,  0.03,  0.00,   56519743,   53508000,    3028000,   70318133, c++, iotlab1, mult, 8
1369810.exe ,  1.04,  0.45,  0.43,  0.03,  0.00,   56239220,   55248000,    1004000,   69806965, c++, iotlab1, mult, 8
1369810.exe ,  1.06,  0.45,  0.44,  0.03,  0.00,   56990099,   53022000,    4001000,   70043039, c++, iotlab1, mult, 8
1369810.exe ,  1.06,  0.45,  0.43,  0.03,  0.00,   56876049,   53866000,    2992000,   69784185, c++, iotlab1, mult, 8
1369810.exe ,  1.04,  0.44,  0.43,  0.03,  0.00,   56635872,   51589000,    5057000,   69438382, c++, iotlab1, mult, 8
1369810.exe ,  1.06,  0.45,  0.43,  0.03,  0.00,   56594894,   52627000,    3971000,   69732012, c++, iotlab1, mult, 8
1369810.exe ,  1.04,  0.44,  0.43,  0.03,  0.00,   56546104,   53529000,    3029000,   69639209, c++, iotlab1, mult, 8
1369810.exe ,  1.06,  0.45,  0.43,  0.03,  0.00,   56727581,   52756000,    3981000,   70074267, c++, iotlab1, mult, 8
1369810.exe ,  1.07,  0.46,  0.43,  0.03,  0.00,   57575600,   54533000,    3029000,   70753954, c++, iotlab1, mult, 8
1369810.exe ,  1.06,  0.45,  0.43,  0.03,  0.00,   57228715,   50329000,    6907000,   70057833, c++, iotlab1, mult, 8
1376527.exe ,  1.04,  0.44,  0.42,  0.03,  0.00,   54313880,   52317000,    2012000,   67781549, c++, iotlab1, mult, 8
1376527.exe ,  1.02,  0.44,  0.41,  0.03,  0.00,   54385744,   49449000,    4944000,   67385190, c++, iotlab1, mult, 8
1376527.exe ,  1.00,  0.42,  0.41,  0.03,  0.00,   55611723,   50660000,    4966000,   69667198, c++, iotlab1, mult, 8
1376527.exe ,  1.01,  0.41,  0.39,  0.03,  0.00,   56076776,   53029000,    3059000,   69854069, c++, iotlab1, mult, 8
1376527.exe ,  1.01,  0.43,  0.41,  0.03,  0.00,   54630664,   51673000,    2981000,   68348616, c++, iotlab1, mult, 8
1376527.exe ,  1.01,  0.44,  0.42,  0.03,  0.00,   54466070,   52436000,    2016000,   68060440, c++, iotlab1, mult, 8
1376527.exe ,  0.99,  0.42,  0.41,  0.03,  0.00,   54738963,   50739000,    3979000,   68354141, c++, iotlab1, mult, 8
1376527.exe ,  1.00,  0.43,  0.42,  0.03,  0.00,   54341632,   53279000,    1005000,   67136250, c++, iotlab1, mult, 8
1376527.exe ,  1.01,  0.43,  0.42,  0.03,  0.00,   54210248,   50200000,    4016000,   67560220, c++, iotlab1, mult, 8
1376527.exe ,  1.00,  0.42,  0.41,  0.03,  0.00,   55536457,   53511000,    2019000,   69332022, c++, iotlab1, mult, 8
1394267.exe ,  0.40,  0.17,  0.16,  0.01,  0.00,   21823871,   17968000,    3782000,   35138096, c++, iotlab1, mult, 8
1394267.exe ,  0.39,  0.15,  0.14,  0.01,  0.00,   23036641,   21026000,    2002000,   36425977, c++, iotlab1, mult, 8
1394267.exe ,  0.40,  0.15,  0.14,  0.01,  0.00,   23029664,   21027000,    2002000,   36618236, c++, iotlab1, mult, 8
1394267.exe ,  0.40,  0.17,  0.17,  0.01,  0.00,   21262269,   18316000,    2892000,   34730671, c++, iotlab1, mult, 8
1394267.exe ,  0.39,  0.16,  0.15,  0.01,  0.00,   22144836,   20142000,    2014000,   35494466, c++, iotlab1, mult, 8
1394267.exe ,  0.41,  0.16,  0.15,  0.01,  0.00,   22784500,   20793000,    1980000,   35784466, c++, iotlab1, mult, 8
1394267.exe ,  0.39,  0.15,  0.15,  0.01,  0.00,   22629362,   18705000,    3937000,   36146969, c++, iotlab1, mult, 8
1394267.exe ,  0.39,  0.16,  0.15,  0.01,  0.00,   22320998,   21295000,    1014000,   34826882, c++, iotlab1, mult, 8
1394267.exe ,  0.40,  0.16,  0.15,  0.01,  0.00,   21689106,   20711000,     986000,   34548367, c++, iotlab1, mult, 8
1394267.exe ,  0.39,  0.16,  0.16,  0.01,  0.00,   21447923,   21361000,          0,   34483721, c++, iotlab1, mult, 8
1578565.exe ,  1.05,  0.43,  0.42,  0.03,  0.00,   58077479,   56079000,    2002000,   71536612, c++, iotlab1, mult, 8
1578565.exe ,  1.03,  0.44,  0.42,  0.03,  0.00,   56283578,   54335000,    1975000,   69177133, c++, iotlab1, mult, 8
1578565.exe ,  1.04,  0.45,  0.43,  0.03,  0.00,   55977889,   52963000,    2997000,   69309197, c++, iotlab1, mult, 8
1578565.exe ,  1.05,  0.44,  0.42,  0.03,  0.00,   56547292,   52572000,    3967000,   69526584, c++, iotlab1, mult, 8
1578565.exe ,  1.05,  0.45,  0.42,  0.03,  0.00,   56407135,   51461000,    4948000,   69385593, c++, iotlab1, mult, 8
1578565.exe ,  1.03,  0.45,  0.43,  0.03,  0.00,   55802383,   51810000,    3985000,   68604710, c++, iotlab1, mult, 8
1578565.exe ,  1.04,  0.44,  0.43,  0.03,  0.00,   57280452,   54263000,    3014000,   70424390, c++, iotlab1, mult, 8
1578565.exe ,  1.03,  0.44,  0.43,  0.03,  0.00,   56138861,   53128000,    3007000,   69015485, c++, iotlab1, mult, 8
1578565.exe ,  1.05,  0.45,  0.43,  0.03,  0.00,   56566592,   52592000,    3969000,   69802107, c++, iotlab1, mult, 8
1578565.exe ,  1.05,  0.45,  0.43,  0.03,  0.00,   56620411,   56585000,          0,   69604250, c++, iotlab1, mult, 8
1702636.exe ,  1.08,  0.45,  0.43,  0.03,  0.00,   56222189,   53923000,    1997000,   69624228, c++, iotlab1, mult, 8
1702636.exe ,  1.06,  0.44,  0.42,  0.03,  0.00,   57566584,   53606000,    3970000,   71494291, c++, iotlab1, mult, 8
1702636.exe ,  1.05,  0.44,  0.42,  0.03,  0.00,   57218184,   52201000,    5019000,   70170240, c++, iotlab1, mult, 8
1702636.exe ,  1.02,  0.44,  0.43,  0.03,  0.00,   56556068,   52580000,    3968000,   69537168, c++, iotlab1, mult, 8
1702636.exe ,  1.03,  0.44,  0.43,  0.03,  0.00,   55953633,   52957000,    2997000,   69039702, c++, iotlab1, mult, 8
1702636.exe ,  1.07,  0.45,  0.44,  0.03,  0.00,   56836164,   52780000,    3983000,   69896328, c++, iotlab1, mult, 8
1702636.exe ,  1.05,  0.44,  0.43,  0.03,  0.00,   56337133,   50281000,    6033000,   69421942, c++, iotlab1, mult, 8
1702636.exe ,  1.03,  0.44,  0.43,  0.03,  0.00,   55771744,   49791000,    5974000,   68713355, c++, iotlab1, mult, 8
1702636.exe ,  1.03,  0.44,  0.43,  0.03,  0.00,   56026814,   51991000,    3999000,   68919605, c++, iotlab1, mult, 8
1702636.exe ,  1.04,  0.45,  0.43,  0.03,  0.00,   55956721,   49861000,    5983000,   69672239, c++, iotlab1, mult, 8
1828655.exe ,  2.72,  1.18,  1.13,  0.08,  0.00,  147176718,  144206000,    2983000,  160194262, c++, iotlab1, mult, 8
1828655.exe ,  2.70,  1.17,  1.12,  0.08,  0.00,  147801906,  145826000,    1997000,  161757919, c++, iotlab1, mult, 8
1828655.exe ,  2.71,  1.17,  1.12,  0.08,  0.00,  147054703,  141053000,    5959000,  160989608, c++, iotlab1, mult, 8
1828655.exe ,  2.70,  1.17,  1.13,  0.08,  0.00,  147002176,  146025000,    1000000,  160216617, c++, iotlab1, mult, 8
1828655.exe ,  2.70,  1.17,  1.13,  0.08,  0.00,  146884996,  140922000,    5996000,  160309928, c++, iotlab1, mult, 8
1828655.exe ,  2.70,  1.17,  1.13,  0.08,  0.00,  147377408,  143231000,    3978000,  160499130, c++, iotlab1, mult, 8
1828655.exe ,  2.68,  1.16,  1.11,  0.08,  0.00,  146992035,  146028000,    1000000,  160919983, c++, iotlab1, mult, 8
1828655.exe ,  2.72,  1.17,  1.12,  0.08,  0.00,  146577642,  146604000,          0,  160072267, c++, iotlab1, mult, 8
1828655.exe ,  2.71,  1.17,  1.13,  0.08,  0.00,  147084375,  146124000,    1000000,  160534064, c++, iotlab1, mult, 8
1828655.exe ,  2.70,  1.17,  1.13,  0.08,  0.00,  146962921,  145967000,    1006000,  159844702, c++, iotlab1, mult, 8
1993016.exe ,  1.12,  0.48,  0.46,  0.03,  0.00,   59954504,   52945000,    6992000,   73273841, c++, iotlab1, mult, 8
1993016.exe ,  1.12,  0.48,  0.46,  0.03,  0.00,   59916736,   53926000,    5991000,   73543785, c++, iotlab1, mult, 8
1993016.exe ,  1.10,  0.47,  0.46,  0.03,  0.00,   60607628,   57530000,    3027000,   74451688, c++, iotlab1, mult, 8
1993016.exe ,  1.13,  0.48,  0.46,  0.03,  0.00,   59890998,   54898000,    4990000,   73327570, c++, iotlab1, mult, 8
1993016.exe ,  1.12,  0.48,  0.46,  0.03,  0.00,   59760101,   56706000,    3037000,   73353087, c++, iotlab1, mult, 8
1993016.exe ,  1.12,  0.48,  0.46,  0.03,  0.00,   59581981,   53614000,    5957000,   73831779, c++, iotlab1, mult, 8
1993016.exe ,  1.12,  0.47,  0.45,  0.03,  0.00,   60556128,   54529000,    5948000,   74128355, c++, iotlab1, mult, 8
1993016.exe ,  1.15,  0.47,  0.46,  0.03,  0.00,   59588201,   57563000,    2019000,   73213720, c++, iotlab1, mult, 8
1993016.exe ,  1.12,  0.47,  0.46,  0.03,  0.00,   60439067,   55476000,    4953000,   73973486, c++, iotlab1, mult, 8
1993016.exe ,  1.15,  0.47,  0.45,  0.03,  0.00,   60338903,   56376000,    3956000,   73981750, c++, iotlab1, mult, 8
200463.exe  ,  2.79,  1.21,  1.16,  0.08,  0.00,  151068978,  148087000,    3001000,  164295024, c++, iotlab1, mult, 8
200463.exe  ,  2.76,  1.20,  1.15,  0.08,  0.00,  150215814,  146231000,    4006000,  163865258, c++, iotlab1, mult, 8
200463.exe  ,  2.76,  1.18,  1.13,  0.08,  0.00,  149992449,  149025000,    1000000,  163885835, c++, iotlab1, mult, 8
200463.exe  ,  2.76,  1.19,  1.15,  0.08,  0.00,  149891535,  146913000,    2998000,  162850811, c++, iotlab1, mult, 8
200463.exe  ,  2.76,  1.20,  1.15,  0.08,  0.00,  149416314,  149422000,          0,  162653183, c++, iotlab1, mult, 8
200463.exe  ,  2.76,  1.21,  1.15,  0.08,  0.00,  150081610,  146975000,    2979000,  163232036, c++, iotlab1, mult, 8
200463.exe  ,  2.73,  1.19,  1.15,  0.08,  0.00,  149600728,  146631000,    2992000,  163121154, c++, iotlab1, mult, 8
200463.exe  ,  2.85,  1.24,  1.19,  0.08,  0.00,  155252408,  154193000,    1001000,  168155269, c++, iotlab1, mult, 8
200463.exe  ,  2.74,  1.20,  1.15,  0.08,  0.00,  149867195,  147889000,    1998000,  163469429, c++, iotlab1, mult, 8
200463.exe  ,  2.75,  1.20,  1.15,  0.08,  0.00,  149609242,  147639000,    1995000,  163184600, c++, iotlab1, mult, 8
215691.exe  ,  1.08,  0.46,  0.45,  0.03,  0.00,   58494091,   58512000,          0,   73211414, c++, iotlab1, mult, 8
215691.exe  ,  1.09,  0.47,  0.45,  0.03,  0.00,   59309365,   55329000,    3952000,   72917275, c++, iotlab1, mult, 8
215691.exe  ,  1.09,  0.47,  0.45,  0.03,  0.00,   58865326,   55874000,    2993000,   72528989, c++, iotlab1, mult, 8
215691.exe  ,  1.10,  0.46,  0.44,  0.03,  0.00,   59984489,   57001000,    3000000,   73895044, c++, iotlab1, mult, 8
215691.exe  ,  1.11,  0.47,  0.45,  0.03,  0.00,   58896056,   57894000,    1015000,   72211657, c++, iotlab1, mult, 8
215691.exe  ,  1.08,  0.46,  0.44,  0.03,  0.00,   59532646,   58534000,    1009000,   73178621, c++, iotlab1, mult, 8
215691.exe  ,  1.09,  0.47,  0.45,  0.03,  0.00,   59699646,   58676000,    1011000,   72629546, c++, iotlab1, mult, 8
215691.exe  ,  1.10,  0.47,  0.45,  0.03,  0.00,   58669758,   53691000,    4971000,   71615854, c++, iotlab1, mult, 8
215691.exe  ,  1.09,  0.46,  0.45,  0.03,  0.00,   59161794,   56168000,    3009000,   72585470, c++, iotlab1, mult, 8
215691.exe  ,  1.10,  0.47,  0.45,  0.03,  0.00,   58879801,   55895000,    2994000,   72645416, c++, iotlab1, mult, 8
2182933.exe ,  1.04,  0.44,  0.43,  0.03,  0.00,   56333004,   55272000,    1004000,   69513697, c++, iotlab1, mult, 8
2182933.exe ,  1.04,  0.44,  0.43,  0.03,  0.00,   56183002,   56193000,          0,   68880175, c++, iotlab1, mult, 8
2182933.exe ,  1.04,  0.45,  0.43,  0.03,  0.00,   56063913,   56066000,          0,   69177008, c++, iotlab1, mult, 8
2182933.exe ,  1.05,  0.45,  0.43,  0.03,  0.00,   55832631,   51850000,    3988000,   68921163, c++, iotlab1, mult, 8
2182933.exe ,  1.04,  0.45,  0.43,  0.03,  0.00,   55743228,   51687000,    4053000,   68958390, c++, iotlab1, mult, 8
2182933.exe ,  1.04,  0.45,  0.43,  0.03,  0.00,   55981854,   53916000,    1996000,   69417995, c++, iotlab1, mult, 8
2182933.exe ,  1.06,  0.45,  0.43,  0.03,  0.00,   56612707,   54565000,    1984000,   69487715, c++, iotlab1, mult, 8
2182933.exe ,  1.04,  0.44,  0.43,  0.03,  0.00,   56185749,   53138000,    3007000,   69014661, c++, iotlab1, mult, 8
2182933.exe ,  1.05,  0.45,  0.44,  0.03,  0.00,   56428353,   54427000,    2015000,   69848747, c++, iotlab1, mult, 8
2182933.exe ,  1.05,  0.44,  0.43,  0.03,  0.00,   55917551,   52895000,    2994000,   68849346, c++, iotlab1, mult, 8
2283561.exe ,  1.19,  0.46,  0.44,  0.04,  0.00,   61452581,   57371000,    4026000,   75082253, c++, iotlab1, mult, 8
2283561.exe ,  1.15,  0.46,  0.45,  0.03,  0.00,   58784186,   50802000,    7969000,   72001258, c++, iotlab1, mult, 8
2283561.exe ,  1.11,  0.46,  0.44,  0.03,  0.00,   59545637,   57524000,    2018000,   72962407, c++, iotlab1, mult, 8
2283561.exe ,  1.13,  0.47,  0.45,  0.03,  0.00,   58746767,   55761000,    2987000,   71915085, c++, iotlab1, mult, 8
2283561.exe ,  1.17,  0.49,  0.47,  0.04,  0.00,   61128265,   54979000,    5997000,   74551706, c++, iotlab1, mult, 8
2283561.exe ,  1.10,  0.47,  0.45,  0.03,  0.00,   58981444,   52984000,    5998000,   71821469, c++, iotlab1, mult, 8
2283561.exe ,  1.11,  0.47,  0.45,  0.03,  0.00,   59554129,   51530000,    7927000,   73079874, c++, iotlab1, mult, 8
2283561.exe ,  1.09,  0.47,  0.45,  0.03,  0.00,   58911229,   51925000,    6990000,   71776454, c++, iotlab1, mult, 8
2283561.exe ,  1.12,  0.47,  0.45,  0.03,  0.00,   60183974,   52154000,    8023000,   73676390, c++, iotlab1, mult, 8
2283561.exe ,  1.09,  0.46,  0.45,  0.03,  0.00,   58972300,   51949000,    6993000,   72771938, c++, iotlab1, mult, 8
2317321.exe ,  0.99,  0.42,  0.41,  0.03,  0.00,   53131272,   52065000,    1001000,   67368152, c++, iotlab1, mult, 8
2317321.exe ,  0.99,  0.40,  0.39,  0.03,  0.00,   55164611,   53169000,    2006000,   69062959, c++, iotlab1, mult, 8
2317321.exe ,  0.99,  0.42,  0.40,  0.03,  0.00,   53333479,   52325000,    1006000,   65886830, c++, iotlab1, mult, 8
2317321.exe ,  0.99,  0.41,  0.40,  0.03,  0.00,   53933790,   49033000,    4903000,   67421712, c++, iotlab1, mult, 8
2317321.exe ,  0.99,  0.42,  0.41,  0.03,  0.00,   53134503,   46119000,    7018000,   66554591, c++, iotlab1, mult, 8
2317321.exe ,  0.98,  0.41,  0.40,  0.03,  0.00,   53781596,   52778000,    1014000,   67752427, c++, iotlab1, mult, 8
2317321.exe ,  1.00,  0.42,  0.41,  0.03,  0.00,   53142911,   52068000,    1001000,   66067486, c++, iotlab1, mult, 8
2317321.exe ,  0.99,  0.42,  0.40,  0.03,  0.00,   53146848,   51151000,    2005000,   66130240, c++, iotlab1, mult, 8
2317321.exe ,  0.97,  0.41,  0.40,  0.03,  0.00,   52927488,   51904000,    1017000,   65825158, c++, iotlab1, mult, 8
2317321.exe ,  0.99,  0.42,  0.41,  0.03,  0.00,   53160901,   50227000,    2954000,   66806872, c++, iotlab1, mult, 8
2473888.exe ,  2.84,  1.22,  1.18,  0.08,  0.00,  153540276,  150507000,    3010000,  166909026, c++, iotlab1, mult, 8
2473888.exe ,  2.87,  1.23,  1.19,  0.08,  0.00,  154611379,  151622000,    2992000,  168169524, c++, iotlab1, mult, 8
2473888.exe ,  2.83,  1.22,  1.18,  0.08,  0.00,  154379889,  152286000,    2003000,  167155070, c++, iotlab1, mult, 8
2473888.exe ,  2.86,  1.23,  1.18,  0.08,  0.00,  154671692,  151597000,    2992000,  167924986, c++, iotlab1, mult, 8
2473888.exe ,  2.86,  1.24,  1.19,  0.08,  0.00,  154882056,  152905000,    1998000,  167782947, c++, iotlab1, mult, 8
2473888.exe ,  2.87,  1.23,  1.19,  0.08,  0.00,  155014126,  149020000,    6000000,  167987706, c++, iotlab1, mult, 8
2473888.exe ,  2.85,  1.23,  1.18,  0.08,  0.00,  154211211,  152173000,    1989000,  167203307, c++, iotlab1, mult, 8
2473888.exe ,  2.84,  1.22,  1.17,  0.08,  0.00,  152863609,  150868000,    2011000,  165884174, c++, iotlab1, mult, 8
2473888.exe ,  2.83,  1.22,  1.17,  0.08,  0.00,  153263922,  149287000,    3981000,  166325232, c++, iotlab1, mult, 8
2473888.exe ,  2.86,  1.22,  1.17,  0.08,  0.00,  154879520,  152891000,    2011000,  168703763, c++, iotlab1, mult, 8
2557813.exe ,  1.06,  0.45,  0.44,  0.03,  0.00,   57193839,   55122000,    2004000,   70432199, c++, iotlab1, mult, 8
2557813.exe ,  1.06,  0.45,  0.44,  0.03,  0.00,   57641575,   53671000,    3975000,   71449735, c++, iotlab1, mult, 8
2557813.exe ,  1.08,  0.45,  0.43,  0.03,  0.00,   58594112,   55578000,    3031000,   72085758, c++, iotlab1, mult, 8
2557813.exe ,  1.08,  0.43,  0.41,  0.03,  0.00,   60471890,   58434000,    2014000,   74720131, c++, iotlab1, mult, 8
2557813.exe ,  1.05,  0.44,  0.43,  0.03,  0.00,   58629552,   52679000,    5963000,   72226873, c++, iotlab1, mult, 8
2557813.exe ,  1.08,  0.46,  0.44,  0.03,  0.00,   57794585,   54779000,    2987000,   70617398, c++, iotlab1, mult, 8
2557813.exe ,  1.08,  0.46,  0.44,  0.03,  0.00,   57802215,   50818000,    6975000,   70736127, c++, iotlab1, mult, 8
2557813.exe ,  1.08,  0.46,  0.44,  0.03,  0.00,   57616499,   52625000,    4964000,   70543302, c++, iotlab1, mult, 8
2557813.exe ,  1.09,  0.47,  0.44,  0.03,  0.00,   58400528,   55303000,    3016000,   71212699, c++, iotlab1, mult, 8
2557813.exe ,  1.06,  0.46,  0.44,  0.03,  0.00,   57293719,   53270000,    4020000,   70950236, c++, iotlab1, mult, 8
2649544.exe ,  1.07,  0.46,  0.44,  0.03,  0.00,   57295290,   57309000,          0,   70104342, c++, iotlab1, mult, 8
2649544.exe ,  1.08,  0.46,  0.44,  0.03,  0.00,   57459010,   55481000,    1981000,   70531185, c++, iotlab1, mult, 8
2649544.exe ,  1.07,  0.46,  0.44,  0.03,  0.00,   57083920,   55073000,    2002000,   70675162, c++, iotlab1, mult, 8
2649544.exe ,  1.07,  0.46,  0.44,  0.03,  0.00,   57250462,   53214000,    4016000,   70300980, c++, iotlab1, mult, 8
2649544.exe ,  1.06,  0.45,  0.43,  0.03,  0.00,   58050525,   53842000,    4063000,   71851202, c++, iotlab1, mult, 8
2649544.exe ,  1.08,  0.45,  0.43,  0.03,  0.00,   58390629,   54445000,    3959000,   71899183, c++, iotlab1, mult, 8
2649544.exe ,  1.05,  0.45,  0.44,  0.03,  0.00,   57458808,   55446000,    2016000,   70292834, c++, iotlab1, mult, 8
2649544.exe ,  1.06,  0.44,  0.43,  0.03,  0.00,   59054885,   57057000,    2002000,   72990442, c++, iotlab1, mult, 8
2649544.exe ,  1.07,  0.46,  0.44,  0.03,  0.00,   57717602,   56647000,     993000,   71207414, c++, iotlab1, mult, 8
2649544.exe ,  1.07,  0.46,  0.43,  0.03,  0.00,   58191389,   55142000,    3007000,   72166009, c++, iotlab1, mult, 8
2700229.exe ,  2.69,  1.16,  1.12,  0.08,  0.00,  146200476,  144164000,    2002000,  158930286, c++, iotlab1, mult, 8
2700229.exe ,  2.67,  1.16,  1.12,  0.08,  0.00,  146362903,  145355000,    1002000,  159846220, c++, iotlab1, mult, 8
2700229.exe ,  2.69,  1.17,  1.12,  0.07,  0.00,  147034155,  145957000,     999000,  160850172, c++, iotlab1, mult, 8
2700229.exe ,  2.78,  1.20,  1.15,  0.08,  0.00,  151139865,  149142000,    2001000,  164099677, c++, iotlab1, mult, 8
2700229.exe ,  2.73,  1.17,  1.13,  0.07,  0.00,  146826714,  141790000,    4992000,  160770927, c++, iotlab1, mult, 8
2700229.exe ,  2.73,  1.17,  1.13,  0.08,  0.00,  147260988,  146282000,    1001000,  160050745, c++, iotlab1, mult, 8
2700229.exe ,  2.71,  1.17,  1.12,  0.08,  0.00,  146592947,  143641000,    2992000,  159905724, c++, iotlab1, mult, 8
2700229.exe ,  2.70,  1.16,  1.12,  0.08,  0.00,  145606594,  143613000,    2008000,  159364794, c++, iotlab1, mult, 8
2700229.exe ,  2.70,  1.17,  1.12,  0.08,  0.00,  145780679,  141767000,    3993000,  159816585, c++, iotlab1, mult, 8
2700229.exe ,  2.69,  1.15,  1.11,  0.07,  0.00,  145195411,  143176000,    2002000,  158771802, c++, iotlab1, mult, 8
2870679.exe ,  0.99,  0.42,  0.41,  0.03,  0.00,   52957940,   50955000,    1998000,   66977272, c++, iotlab1, mult, 8
2870679.exe ,  0.97,  0.40,  0.39,  0.03,  0.00,   54580229,   51613000,    2977000,   68564377, c++, iotlab1, mult, 8
2870679.exe ,  1.00,  0.42,  0.40,  0.03,  0.00,   53447912,   50426000,    3025000,   66910331, c++, iotlab1, mult, 8
2870679.exe ,  1.01,  0.43,  0.41,  0.03,  0.00,   53321626,   51233000,    2009000,   66426265, c++, iotlab1, mult, 8
2870679.exe ,  0.98,  0.42,  0.41,  0.03,  0.00,   53021292,   49938000,    2996000,   65876977, c++, iotlab1, mult, 8
2870679.exe ,  0.99,  0.42,  0.41,  0.03,  0.00,   53095270,   50013000,    3000000,   66021658, c++, iotlab1, mult, 8
2870679.exe ,  0.99,  0.43,  0.41,  0.03,  0.00,   52616171,   49639000,    2978000,   66382771, c++, iotlab1, mult, 8
2870679.exe ,  0.99,  0.42,  0.40,  0.03,  0.00,   52982411,   48978000,    3918000,   65694927, c++, iotlab1, mult, 8
2870679.exe ,  0.97,  0.42,  0.41,  0.03,  0.00,   52926543,   49930000,    2995000,   66677619, c++, iotlab1, mult, 8
2870679.exe ,  0.98,  0.42,  0.41,  0.03,  0.00,   53022504,   51016000,    2000000,   66049082, c++, iotlab1, mult, 8
2876767.exe ,  1.02,  0.43,  0.41,  0.03,  0.00,   54814461,   49824000,    4982000,   68255027, c++, iotlab1, mult, 8
2876767.exe ,  1.02,  0.44,  0.41,  0.03,  0.00,   54280907,   53287000,    1005000,   67138694, c++, iotlab1, mult, 8
2876767.exe ,  1.02,  0.42,  0.40,  0.03,  0.00,   56539066,   54533000,    1983000,   70303474, c++, iotlab1, mult, 8
2876767.exe ,  1.02,  0.44,  0.42,  0.03,  0.00,   54645837,   53560000,    1010000,   67407134, c++, iotlab1, mult, 8
2876767.exe ,  1.01,  0.43,  0.42,  0.03,  0.00,   54263488,   53274000,    1005000,   67632462, c++, iotlab1, mult, 8
2876767.exe ,  1.01,  0.42,  0.41,  0.03,  0.00,   54259143,   52224000,    2008000,   67468732, c++, iotlab1, mult, 8
2876767.exe ,  0.99,  0.42,  0.41,  0.03,  0.00,   53899398,   49905000,    3992000,   66778505, c++, iotlab1, mult, 8
2876767.exe ,  1.02,  0.40,  0.39,  0.03,  0.00,   57878295,   53887000,    3991000,   71262683, c++, iotlab1, mult, 8
2876767.exe ,  1.01,  0.43,  0.42,  0.03,  0.00,   54309492,   52291000,    2011000,   67681994, c++, iotlab1, mult, 8
2876767.exe ,  1.02,  0.42,  0.41,  0.03,  0.00,   55053610,   52047000,    3002000,   68361422, c++, iotlab1, mult, 8
2882080.exe ,  0.97,  0.41,  0.40,  0.03,  0.00,   52568830,   48607000,    3967000,   66442038, c++, iotlab1, mult, 8
2882080.exe ,  0.98,  0.42,  0.40,  0.03,  0.00,   51975394,   50944000,     998000,   66011625, c++, iotlab1, mult, 8
2882080.exe ,  0.99,  0.41,  0.39,  0.03,  0.00,   52527241,   50531000,    1981000,   65709309, c++, iotlab1, mult, 8
2882080.exe ,  0.97,  0.41,  0.40,  0.03,  0.00,   52174033,   49154000,    3009000,   65183490, c++, iotlab1, mult, 8
2882080.exe ,  0.97,  0.41,  0.40,  0.03,  0.00,   51922971,   49921000,    1996000,   64963231, c++, iotlab1, mult, 8
2882080.exe ,  0.95,  0.40,  0.39,  0.03,  0.00,   52511415,   48459000,    4038000,   65952840, c++, iotlab1, mult, 8
2882080.exe ,  0.95,  0.41,  0.40,  0.03,  0.00,   52612656,   51641000,     993000,   66095986, c++, iotlab1, mult, 8
2882080.exe ,  0.98,  0.41,  0.39,  0.03,  0.00,   53294282,   51307000,    1973000,   67267686, c++, iotlab1, mult, 8
2882080.exe ,  0.98,  0.41,  0.40,  0.03,  0.00,   52672315,   50690000,    1987000,   66555783, c++, iotlab1, mult, 8
2882080.exe ,  0.97,  0.42,  0.40,  0.03,  0.00,   51971886,   48888000,    2993000,   65841940, c++, iotlab1, mult, 8
2892760.exe ,  1.04,  0.37,  0.36,  0.03,  0.00,   62889896,   59913000,    2995000,   78300743, c++, iotlab1, mult, 8
2892760.exe ,  1.00,  0.42,  0.41,  0.03,  0.00,   54374285,   49318000,    5032000,   67329810, c++, iotlab1, mult, 8
2892760.exe ,  1.01,  0.41,  0.40,  0.03,  0.00,   55323683,   55252000,          0,   69170422, c++, iotlab1, mult, 8
2892760.exe ,  1.00,  0.42,  0.41,  0.03,  0.00,   53473554,   52491000,    1009000,   66906770, c++, iotlab1, mult, 8
2892760.exe ,  1.00,  0.42,  0.41,  0.03,  0.00,   55087675,   51078000,    4006000,   67585207, c++, iotlab1, mult, 8
2892760.exe ,  0.99,  0.42,  0.41,  0.03,  0.00,   53630188,   50602000,    3036000,   67302242, c++, iotlab1, mult, 8
2892760.exe ,  1.01,  0.43,  0.41,  0.03,  0.00,   53624829,   48679000,    4967000,   67495983, c++, iotlab1, mult, 8
2892760.exe ,  1.00,  0.43,  0.41,  0.03,  0.00,   53528411,   50450000,    3027000,   66227666, c++, iotlab1, mult, 8
2892760.exe ,  0.98,  0.42,  0.41,  0.03,  0.00,   53491175,   51489000,    2019000,   67629728, c++, iotlab1, mult, 8
2892760.exe ,  1.00,  0.43,  0.41,  0.03,  0.00,   53856983,   51869000,    1994000,   66959654, c++, iotlab1, mult, 8
2952391.exe ,  2.69,  1.16,  1.12,  0.07,  0.00,  144937554,  144903000,          0,  158436661, c++, iotlab1, mult, 8
2952391.exe ,  2.70,  1.16,  1.11,  0.07,  0.00,  144981595,  142999000,    1999000,  158822668, c++, iotlab1, mult, 8
2952391.exe ,  2.71,  1.16,  1.12,  0.07,  0.00,  146476403,  144356000,    2004000,  159368422, c++, iotlab1, mult, 8
2952391.exe ,  2.72,  1.16,  1.12,  0.07,  0.00,  145944210,  143913000,    1998000,  159552945, c++, iotlab1, mult, 8
2952391.exe ,  2.69,  1.16,  1.12,  0.07,  0.00,  145285029,  143176000,    2002000,  158773716, c++, iotlab1, mult, 8
2952391.exe ,  2.69,  1.16,  1.11,  0.07,  0.00,  145183896,  144142000,    1000000,  158048085, c++, iotlab1, mult, 8
2952391.exe ,  2.68,  1.15,  1.11,  0.07,  0.00,  144386580,  139358000,    4977000,  157918644, c++, iotlab1, mult, 8
2952391.exe ,  2.68,  1.15,  1.11,  0.07,  0.00,  144538776,  140567000,    3987000,  157341587, c++, iotlab1, mult, 8
2952391.exe ,  2.69,  1.15,  1.10,  0.07,  0.00,  144012542,  139067000,    4966000,  157410211, c++, iotlab1, mult, 8
2952391.exe ,  2.73,  1.17,  1.12,  0.08,  0.00,  145743864,  144709000,     997000,  158946424, c++, iotlab1, mult, 8
2956436.exe ,  1.00,  0.42,  0.40,  0.03,  0.00,   52378658,   50319000,    2012000,   66153159, c++, iotlab1, mult, 8
2956436.exe ,  0.98,  0.41,  0.40,  0.03,  0.00,   52421206,   49320000,    3019000,   65364791, c++, iotlab1, mult, 8
2956436.exe ,  1.02,  0.42,  0.40,  0.03,  0.00,   52176038,   48103000,    4008000,   65067878, c++, iotlab1, mult, 8
2956436.exe ,  1.00,  0.41,  0.40,  0.03,  0.00,   52471636,   50454000,    2018000,   65283382, c++, iotlab1, mult, 8
2956436.exe ,  0.98,  0.42,  0.40,  0.03,  0.00,   52188504,   48156000,    4013000,   65191278, c++, iotlab1, mult, 8
2956436.exe ,  0.98,  0.41,  0.40,  0.03,  0.00,   52181662,   50172000,    2006000,   65397190, c++, iotlab1, mult, 8
2956436.exe ,  0.99,  0.42,  0.41,  0.03,  0.00,   52562492,   50455000,    2018000,   65809434, c++, iotlab1, mult, 8
2956436.exe ,  0.98,  0.41,  0.40,  0.03,  0.00,   53227343,   52224000,    1004000,   66177393, c++, iotlab1, mult, 8
2956436.exe ,  0.98,  0.41,  0.40,  0.03,  0.00,   52165557,   48079000,    4006000,   65299952, c++, iotlab1, mult, 8
2956436.exe ,  0.98,  0.42,  0.40,  0.03,  0.00,   52142376,   51062000,    1001000,   65083322, c++, iotlab1, mult, 8
2961485.exe ,  3.85,  1.62,  1.56,  0.13,  0.00,  204649453,  201636000,    2994000,  217819577, c++, iotlab1, mult, 8
2961485.exe ,  3.91,  1.65,  1.58,  0.13,  0.00,  207564715,  203564000,    4011000,  220362398, c++, iotlab1, mult, 8
2961485.exe ,  3.81,  1.62,  1.55,  0.12,  0.00,  203605266,  199600000,    4012000,  216432531, c++, iotlab1, mult, 8
2961485.exe ,  3.84,  1.63,  1.57,  0.13,  0.00,  205069433,  200838000,    4016000,  217951431, c++, iotlab1, mult, 8
2961485.exe ,  3.81,  1.62,  1.55,  0.13,  0.00,  203619994,  196635000,    6987000,  216715636, c++, iotlab1, mult, 8
2961485.exe ,  3.80,  1.62,  1.56,  0.13,  0.00,  204657412,  199649000,    5016000,  218270768, c++, iotlab1, mult, 8
2961485.exe ,  3.81,  1.62,  1.56,  0.13,  0.00,  203584045,  198602000,    4990000,  217190298, c++, iotlab1, mult, 8
2961485.exe ,  3.81,  1.61,  1.55,  0.12,  0.00,  202755061,  194765000,    7990000,  215889064, c++, iotlab1, mult, 8
2961485.exe ,  3.79,  1.61,  1.55,  0.13,  0.00,  203445561,  193436000,   10022000,  216961769, c++, iotlab1, mult, 8
2961485.exe ,  3.84,  1.62,  1.57,  0.13,  0.00,  204462624,  199322000,    5008000,  218012139, c++, iotlab1, mult, 8
3052100.exe ,  2.73,  1.17,  1.12,  0.08,  0.00,  147223709,  143237000,    4006000,  160748443, c++, iotlab1, mult, 8
3052100.exe ,  2.70,  1.16,  1.11,  0.08,  0.00,  145477918,  143491000,    1992000,  158254170, c++, iotlab1, mult, 8
3052100.exe ,  2.69,  1.16,  1.12,  0.08,  0.00,  146207594,  143202000,    3004000,  158951246, c++, iotlab1, mult, 8
3052100.exe ,  2.86,  1.18,  1.13,  0.08,  0.00,  147711117,  141692000,    5987000,  169859729, c++, iotlab1, mult, 8
3052100.exe ,  2.82,  1.15,  1.11,  0.07,  0.00,  145461852,  142454000,    3009000,  158651857, c++, iotlab1, mult, 8
3052100.exe ,  2.76,  1.17,  1.12,  0.08,  0.00,  146393200,  142406000,    3983000,  159395183, c++, iotlab1, mult, 8
3052100.exe ,  2.72,  1.16,  1.12,  0.08,  0.00,  146153970,  142171000,    4004000,  159707227, c++, iotlab1, mult, 8
3052100.exe ,  2.72,  1.16,  1.12,  0.07,  0.00,  145890671,  140767000,    4991000,  158734874, c++, iotlab1, mult, 8
3052100.exe ,  2.71,  1.16,  1.12,  0.07,  0.00,  145481523,  142434000,    2988000,  158945611, c++, iotlab1, mult, 8
3052100.exe ,  2.69,  1.15,  1.11,  0.07,  0.00,  145183271,  141191000,    4005000,  158004164, c++, iotlab1, mult, 8
315901.exe  ,  1.00,  0.42,  0.40,  0.03,  0.00,   53687127,   53684000,          0,   67152164, c++, iotlab1, mult, 8
315901.exe  ,  0.98,  0.42,  0.41,  0.03,  0.00,   53250240,   53157000,          0,   66294436, c++, iotlab1, mult, 8
315901.exe  ,  0.99,  0.42,  0.41,  0.03,  0.00,   52975701,   51961000,    1018000,   66510795, c++, iotlab1, mult, 8
315901.exe  ,  0.99,  0.42,  0.40,  0.03,  0.00,   53979653,   52890000,     997000,   67834639, c++, iotlab1, mult, 8
315901.exe  ,  0.99,  0.41,  0.40,  0.03,  0.00,   54383097,   54396000,          0,   68165330, c++, iotlab1, mult, 8
315901.exe  ,  0.99,  0.42,  0.40,  0.03,  0.00,   53770115,   51784000,    1991000,   66719066, c++, iotlab1, mult, 8
315901.exe  ,  0.98,  0.42,  0.41,  0.03,  0.00,   53327445,   51299000,    2011000,   66057696, c++, iotlab1, mult, 8
315901.exe  ,  0.98,  0.42,  0.41,  0.03,  0.00,   53348895,   50392000,    2964000,   66318932, c++, iotlab1, mult, 8
315901.exe  ,  0.98,  0.42,  0.41,  0.03,  0.00,   53262814,   52266000,    1005000,   66161049, c++, iotlab1, mult, 8
315901.exe  ,  1.00,  0.42,  0.40,  0.03,  0.00,   53863200,   50861000,    2991000,   66734842, c++, iotlab1, mult, 8
3310511.exe ,  1.03,  0.44,  0.42,  0.03,  0.00,   54890263,   50894000,    3991000,   68686987, c++, iotlab1, mult, 8
3310511.exe ,  1.02,  0.44,  0.42,  0.03,  0.00,   54641928,   53629000,    1011000,   67488958, c++, iotlab1, mult, 8
3310511.exe ,  1.01,  0.43,  0.42,  0.03,  0.00,   54738822,   49700000,    4970000,   67484362, c++, iotlab1, mult, 8
3310511.exe ,  1.02,  0.43,  0.41,  0.03,  0.00,   56883818,   53820000,    3046000,   70660001, c++, iotlab1, mult, 8
3310511.exe ,  1.02,  0.43,  0.41,  0.03,  0.00,   55761381,   53770000,    1991000,   69314285, c++, iotlab1, mult, 8
3310511.exe ,  1.02,  0.43,  0.42,  0.03,  0.00,   54682237,   52692000,    1988000,   67864814, c++, iotlab1, mult, 8
3310511.exe ,  1.02,  0.43,  0.42,  0.03,  0.00,   54151196,   47104000,    7015000,   67845636, c++, iotlab1, mult, 8
3310511.exe ,  1.01,  0.43,  0.42,  0.03,  0.00,   54319082,   51321000,    2960000,   68223504, c++, iotlab1, mult, 8
3310511.exe ,  1.00,  0.41,  0.40,  0.03,  0.00,   56554934,   52581000,    3968000,   70366289, c++, iotlab1, mult, 8
3310511.exe ,  1.02,  0.43,  0.42,  0.03,  0.00,   55106932,   52102000,    3005000,   68044982, c++, iotlab1, mult, 8
3432659.exe ,  0.99,  0.42,  0.41,  0.03,  0.00,   53015480,   50955000,    1998000,   66119160, c++, iotlab1, mult, 8
3432659.exe ,  0.97,  0.41,  0.40,  0.03,  0.00,   53473855,   49398000,    4032000,   67612871, c++, iotlab1, mult, 8
3432659.exe ,  1.01,  0.42,  0.41,  0.03,  0.00,   53454931,   52459000,     989000,   66908980, c++, iotlab1, mult, 8
3432659.exe ,  0.99,  0.42,  0.40,  0.03,  0.00,   52880253,   51818000,     996000,   65690067, c++, iotlab1, mult, 8
3432659.exe ,  0.99,  0.42,  0.41,  0.03,  0.00,   52931045,   51929000,     998000,   66006964, c++, iotlab1, mult, 8
3432659.exe ,  0.99,  0.42,  0.41,  0.03,  0.00,   52784479,   49801000,    2988000,   65874832, c++, iotlab1, mult, 8
3432659.exe ,  1.00,  0.41,  0.39,  0.03,  0.00,   55092169,   49187000,    5902000,   68953036, c++, iotlab1, mult, 8
3432659.exe ,  1.00,  0.43,  0.41,  0.03,  0.00,   53146726,   49107000,    4008000,   66011106, c++, iotlab1, mult, 8
3432659.exe ,  0.98,  0.42,  0.41,  0.03,  0.00,   53024824,   51028000,    2001000,   65643027, c++, iotlab1, mult, 8
3432659.exe ,  0.97,  0.41,  0.40,  0.03,  0.00,   53633295,   47698000,    5962000,   66760859, c++, iotlab1, mult, 8
3448452.exe ,  1.02,  0.43,  0.41,  0.03,  0.00,   54035100,   52037000,    2001000,   67519572, c++, iotlab1, mult, 8
3448452.exe ,  1.00,  0.43,  0.41,  0.03,  0.00,   53776697,   51787000,    1991000,   67761731, c++, iotlab1, mult, 8
3448452.exe ,  1.01,  0.43,  0.41,  0.03,  0.00,   53538184,   52496000,     990000,   66966978, c++, iotlab1, mult, 8
3448452.exe ,  1.01,  0.42,  0.40,  0.03,  0.00,   54840854,   49930000,    4895000,   68376241, c++, iotlab1, mult, 8
3448452.exe ,  1.01,  0.43,  0.41,  0.03,  0.00,   53685936,   50703000,    2982000,   67021163, c++, iotlab1, mult, 8
3448452.exe ,  1.02,  0.44,  0.42,  0.03,  0.00,   54203615,   51141000,    2950000,   67479324, c++, iotlab1, mult, 8
3448452.exe ,  1.00,  0.43,  0.41,  0.03,  0.00,   54042331,   49967000,    3997000,   67059811, c++, iotlab1, mult, 8
3448452.exe ,  1.02,  0.42,  0.41,  0.03,  0.00,   55456692,   51505000,    3961000,   69347773, c++, iotlab1, mult, 8
3448452.exe ,  1.00,  0.43,  0.41,  0.03,  0.00,   54260268,   53258000,    1004000,   67122426, c++, iotlab1, mult, 8
3448452.exe ,  1.00,  0.43,  0.41,  0.03,  0.00,   54039392,   52943000,     998000,   67293641, c++, iotlab1, mult, 8
3513191.exe ,  3.76,  1.60,  1.54,  0.12,  0.00,  201893625,  190980000,   10941000,  214584705, c++, iotlab1, mult, 8
3513191.exe ,  3.78,  1.58,  1.52,  0.13,  0.00,  205021704,  196982000,    7999000,  218477968, c++, iotlab1, mult, 8
3513191.exe ,  3.73,  1.58,  1.52,  0.12,  0.00,  199464521,  194470000,    4986000,  212235136, c++, iotlab1, mult, 8
3513191.exe ,  3.74,  1.58,  1.52,  0.12,  0.00,  199414495,  192403000,    7014000,  212986510, c++, iotlab1, mult, 8
3513191.exe ,  3.75,  1.59,  1.52,  0.12,  0.00,  199181248,  195143000,    4002000,  212075618, c++, iotlab1, mult, 8
3513191.exe ,  3.74,  1.59,  1.53,  0.12,  0.00,  199673747,  193539000,    5985000,  212920158, c++, iotlab1, mult, 8
3513191.exe ,  3.74,  1.59,  1.53,  0.12,  0.00,  199502721,  190453000,    9021000,  213019990, c++, iotlab1, mult, 8
3513191.exe ,  3.74,  1.59,  1.53,  0.12,  0.00,  200321225,  193240000,    7008000,  213340021, c++, iotlab1, mult, 8
3513191.exe ,  3.76,  1.60,  1.54,  0.12,  0.00,  200742829,  192732000,    7988000,  213845040, c++, iotlab1, mult, 8
3513191.exe ,  3.77,  1.60,  1.54,  0.12,  0.00,  200875703,  194867000,    5995000,  213834921, c++, iotlab1, mult, 8
3533053.exe ,  2.77,  1.20,  1.16,  0.08,  0.00,  151502652,  147519000,    3987000,  164408643, c++, iotlab1, mult, 8
3533053.exe ,  2.82,  1.20,  1.15,  0.08,  0.00,  154729608,  152695000,    2009000,  168235218, c++, iotlab1, mult, 8
3533053.exe ,  2.78,  1.20,  1.16,  0.08,  0.00,  152255668,  144998000,    6999000,  165262473, c++, iotlab1, mult, 8
3533053.exe ,  2.80,  1.21,  1.16,  0.08,  0.00,  151994322,  149002000,    3000000,  164954720, c++, iotlab1, mult, 8
3533053.exe ,  2.78,  1.21,  1.16,  0.08,  0.00,  151909229,  148922000,    2998000,  164932293, c++, iotlab1, mult, 8
3533053.exe ,  2.77,  1.20,  1.16,  0.08,  0.00,  151380439,  147399000,    3983000,  164578153, c++, iotlab1, mult, 8
3533053.exe ,  2.82,  1.22,  1.16,  0.08,  0.00,  152234519,  148206000,    4005000,  165015708, c++, iotlab1, mult, 8
3533053.exe ,  2.81,  1.21,  1.16,  0.08,  0.00,  151950077,  144839000,    6992000,  164958487, c++, iotlab1, mult, 8
3533053.exe ,  2.79,  1.20,  1.15,  0.08,  0.00,  151005609,  144000000,    7000000,  164017155, c++, iotlab1, mult, 8
3533053.exe ,  2.79,  1.21,  1.16,  0.08,  0.00,  151268416,  149309000,    1990000,  164481290, c++, iotlab1, mult, 8
3576195.exe ,  1.01,  0.43,  0.41,  0.03,  0.00,   53705183,   52600000,    1011000,   67194425, c++, iotlab1, mult, 8
3576195.exe ,  1.00,  0.42,  0.40,  0.03,  0.00,   54609344,   54537000,          0,   68463331, c++, iotlab1, mult, 8
3576195.exe ,  1.00,  0.42,  0.41,  0.03,  0.00,   54207783,   52123000,    2004000,   67274615, c++, iotlab1, mult, 8
3576195.exe ,  1.02,  0.43,  0.41,  0.03,  0.00,   53793523,   50607000,    3036000,   66539312, c++, iotlab1, mult, 8
3576195.exe ,  0.99,  0.42,  0.41,  0.03,  0.00,   53248988,   49301000,    3944000,   66577532, c++, iotlab1, mult, 8
3576195.exe ,  1.01,  0.43,  0.41,  0.03,  0.00,   53679261,   49697000,    3975000,   66957191, c++, iotlab1, mult, 8
3576195.exe ,  0.99,  0.42,  0.41,  0.03,  0.00,   53117444,   48112000,    5011000,   67080166, c++, iotlab1, mult, 8
3576195.exe ,  0.99,  0.42,  0.40,  0.03,  0.00,   54120412,   51125000,    3007000,   67959104, c++, iotlab1, mult, 8
3576195.exe ,  0.99,  0.42,  0.41,  0.03,  0.00,   53142732,   51148000,    2005000,   66006226, c++, iotlab1, mult, 8
3576195.exe ,  1.01,  0.43,  0.41,  0.03,  0.00,   53250357,   51243000,    2009000,   66992489, c++, iotlab1, mult, 8
3581799.exe ,  2.77,  1.19,  1.14,  0.08,  0.00,  150396329,  147393000,    3008000,  164196728, c++, iotlab1, mult, 8
3581799.exe ,  2.74,  1.19,  1.14,  0.08,  0.00,  149036898,  144054000,    5001000,  162586766, c++, iotlab1, mult, 8
3581799.exe ,  2.76,  1.19,  1.14,  0.08,  0.00,  149157456,  148074000,    1000000,  162158713, c++, iotlab1, mult, 8
3581799.exe ,  2.76,  1.20,  1.15,  0.08,  0.00,  150040060,  145001000,    4965000,  162965963, c++, iotlab1, mult, 8
3581799.exe ,  2.79,  1.20,  1.16,  0.08,  0.00,  150793102,  146728000,    3992000,  163784523, c++, iotlab1, mult, 8
3581799.exe ,  2.80,  1.20,  1.15,  0.08,  0.00,  149987603,  147001000,    3000000,  162845972, c++, iotlab1, mult, 8
3581799.exe ,  2.78,  1.19,  1.14,  0.08,  0.00,  149923145,  146766000,    2995000,  163598132, c++, iotlab1, mult, 8
3581799.exe ,  2.78,  1.19,  1.14,  0.08,  0.00,  148605839,  148623000,          0,  162132356, c++, iotlab1, mult, 8
3581799.exe ,  2.86,  1.21,  1.16,  0.08,  0.00,  150250603,  146237000,    4006000,  163130490, c++, iotlab1, mult, 8
3581799.exe ,  2.77,  1.20,  1.15,  0.08,  0.00,  149338790,  144343000,    4977000,  162422798, c++, iotlab1, mult, 8
3642321.exe ,  1.04,  0.44,  0.43,  0.03,  0.00,   56205883,   54204000,    2007000,   69372770, c++, iotlab1, mult, 8
3642321.exe ,  1.06,  0.45,  0.43,  0.03,  0.00,   56439313,   52466000,    3959000,   69524500, c++, iotlab1, mult, 8
3642321.exe ,  1.04,  0.45,  0.43,  0.03,  0.00,   56108536,   54100000,    2003000,   69282414, c++, iotlab1, mult, 8
3642321.exe ,  1.04,  0.45,  0.42,  0.03,  0.00,   56573208,   51612000,    4962000,   69471739, c++, iotlab1, mult, 8
3642321.exe ,  1.05,  0.44,  0.42,  0.03,  0.00,   56721240,   53739000,    2985000,   70292675, c++, iotlab1, mult, 8
3642321.exe ,  1.04,  0.45,  0.43,  0.03,  0.00,   55638747,   52667000,    2981000,   69519946, c++, iotlab1, mult, 8
3642321.exe ,  1.04,  0.44,  0.43,  0.03,  0.00,   55779561,   54763000,    1014000,   69005911, c++, iotlab1, mult, 8
3642321.exe ,  1.06,  0.45,  0.43,  0.03,  0.00,   55896641,   51992000,    3923000,   69099580, c++, iotlab1, mult, 8
3642321.exe ,  1.04,  0.44,  0.43,  0.03,  0.00,   55995320,   55001000,    1000000,   68938019, c++, iotlab1, mult, 8
3642321.exe ,  1.04,  0.45,  0.43,  0.03,  0.00,   55979357,   54983000,     999000,   68843219, c++, iotlab1, mult, 8
3686555.exe ,  0.99,  0.42,  0.40,  0.03,  0.00,   53076992,   51055000,    2002000,   66594539, c++, iotlab1, mult, 8
3686555.exe ,  0.99,  0.42,  0.41,  0.03,  0.00,   52858747,   51759000,    1014000,   66327060, c++, iotlab1, mult, 8
3686555.exe ,  1.00,  0.42,  0.40,  0.03,  0.00,   53733906,   51627000,    1985000,   67600251, c++, iotlab1, mult, 8
3686555.exe ,  1.00,  0.43,  0.40,  0.03,  0.00,   53163088,   51069000,    2002000,   65949499, c++, iotlab1, mult, 8
3686555.exe ,  0.99,  0.42,  0.40,  0.03,  0.00,   52463674,   49391000,    3023000,   65673339, c++, iotlab1, mult, 8
3686555.exe ,  0.98,  0.42,  0.40,  0.03,  0.00,   52640488,   49656000,    2979000,   65394578, c++, iotlab1, mult, 8
3686555.exe ,  0.99,  0.41,  0.40,  0.03,  0.00,   53299490,   50352000,    2961000,   66446546, c++, iotlab1, mult, 8
3686555.exe ,  0.99,  0.41,  0.39,  0.03,  0.00,   53432154,   51425000,    2016000,   66912634, c++, iotlab1, mult, 8
3686555.exe ,  0.97,  0.41,  0.40,  0.03,  0.00,   52560455,   51572000,     991000,   65783043, c++, iotlab1, mult, 8
3686555.exe ,  0.98,  0.42,  0.40,  0.03,  0.00,   52637634,   50601000,    2024000,   65946908, c++, iotlab1, mult, 8
3707962.exe ,  0.99,  0.42,  0.41,  0.03,  0.00,   52862706,   46821000,    5977000,   66412134, c++, iotlab1, mult, 8
3707962.exe ,  0.97,  0.42,  0.40,  0.03,  0.00,   52144432,   47134000,    5014000,   65276032, c++, iotlab1, mult, 8
3707962.exe ,  0.97,  0.41,  0.40,  0.03,  0.00,   52618632,   49566000,    2973000,   65929829, c++, iotlab1, mult, 8
3707962.exe ,  0.97,  0.41,  0.40,  0.03,  0.00,   52576430,   49606000,    2976000,   66160865, c++, iotlab1, mult, 8
3707962.exe ,  0.99,  0.42,  0.40,  0.03,  0.00,   52498733,   48552000,    3963000,   65365584, c++, iotlab1, mult, 8
3707962.exe ,  1.00,  0.42,  0.40,  0.03,  0.00,   52644416,   50657000,    1986000,   65290078, c++, iotlab1, mult, 8
3707962.exe ,  0.97,  0.42,  0.40,  0.03,  0.00,   52277009,   50274000,    2010000,   65529522, c++, iotlab1, mult, 8
3707962.exe ,  0.99,  0.42,  0.40,  0.03,  0.00,   52557706,   48523000,    4043000,   65596177, c++, iotlab1, mult, 8
3707962.exe ,  0.99,  0.42,  0.41,  0.03,  0.00,   52798021,   49766000,    3046000,   65693910, c++, iotlab1, mult, 8
3707962.exe ,  0.97,  0.42,  0.41,  0.03,  0.00,   52415432,   48458000,    3955000,   66171777, c++, iotlab1, mult, 8
3753320.exe ,  1.02,  0.44,  0.42,  0.03,  0.00,   55282712,   52342000,    2962000,   68489624, c++, iotlab1, mult, 8
3753320.exe ,  1.03,  0.44,  0.43,  0.03,  0.00,   55239864,   52239000,    3013000,   68771027, c++, iotlab1, mult, 8
3753320.exe ,  1.05,  0.44,  0.42,  0.03,  0.00,   55274338,   52254000,    3014000,   68196133, c++, iotlab1, mult, 8
3753320.exe ,  1.06,  0.44,  0.42,  0.03,  0.00,   54986327,   51992000,    2999000,   68808898, c++, iotlab1, mult, 8
3753320.exe ,  1.03,  0.43,  0.42,  0.03,  0.00,   55113732,   52113000,    3006000,   68857492, c++, iotlab1, mult, 8
3753320.exe ,  1.04,  0.44,  0.42,  0.03,  0.00,   55491183,   53482000,    2018000,   68242789, c++, iotlab1, mult, 8
3753320.exe ,  1.04,  0.44,  0.42,  0.03,  0.00,   55491166,   52478000,    3027000,   68354204, c++, iotlab1, mult, 8
3753320.exe ,  1.02,  0.43,  0.42,  0.03,  0.00,   54872551,   51878000,    2992000,   68354021, c++, iotlab1, mult, 8
3753320.exe ,  1.02,  0.43,  0.42,  0.03,  0.00,   54855771,   51869000,    2992000,   68041766, c++, iotlab1, mult, 8
3753320.exe ,  1.01,  0.43,  0.42,  0.03,  0.00,   54818576,   52837000,    1993000,   68563685, c++, iotlab1, mult, 8
3754416.exe ,  0.98,  0.42,  0.41,  0.03,  0.00,   52607939,   50590000,    2023000,   66196611, c++, iotlab1, mult, 8
3754416.exe ,  0.99,  0.41,  0.39,  0.03,  0.00,   54346083,   51342000,    3020000,   67870386, c++, iotlab1, mult, 8
3754416.exe ,  0.98,  0.41,  0.40,  0.03,  0.00,   53879749,   50866000,    2992000,   67511627, c++, iotlab1, mult, 8
3754416.exe ,  0.99,  0.42,  0.41,  0.03,  0.00,   53149965,   50128000,    3007000,   66275381, c++, iotlab1, mult, 8
3754416.exe ,  0.98,  0.41,  0.40,  0.03,  0.00,   53162792,   51108000,    2004000,   66244772, c++, iotlab1, mult, 8
3754416.exe ,  0.99,  0.42,  0.40,  0.03,  0.00,   53883777,   50855000,    2991000,   67735012, c++, iotlab1, mult, 8
3754416.exe ,  0.99,  0.41,  0.40,  0.03,  0.00,   54068199,   52083000,    1965000,   67614286, c++, iotlab1, mult, 8
3754416.exe ,  0.99,  0.42,  0.41,  0.03,  0.00,   52882070,   50903000,    1996000,   66346666, c++, iotlab1, mult, 8
3754416.exe ,  1.00,  0.42,  0.41,  0.03,  0.00,   53153808,   51159000,    2006000,   66164233, c++, iotlab1, mult, 8
3754416.exe ,  0.99,  0.42,  0.41,  0.03,  0.00,   52647279,   51581000,    1011000,   65993429, c++, iotlab1, mult, 8
385823.exe  ,  1.62,  0.70,  0.67,  0.05,  0.00,   87333973,   82250000,    5015000,  100939759, c++, iotlab1, mult, 8
385823.exe  ,  1.64,  0.70,  0.67,  0.05,  0.00,   87111122,   84033000,    3001000,   99882480, c++, iotlab1, mult, 8
385823.exe  ,  1.65,  0.69,  0.66,  0.05,  0.00,   88576482,   83614000,    4977000,  102488147, c++, iotlab1, mult, 8
385823.exe  ,  1.64,  0.69,  0.67,  0.05,  0.00,   87969320,   84027000,    3954000,  101079075, c++, iotlab1, mult, 8
385823.exe  ,  1.62,  0.69,  0.67,  0.05,  0.00,   87497444,   82472000,    5028000,  101143871, c++, iotlab1, mult, 8
385823.exe  ,  1.63,  0.70,  0.67,  0.05,  0.00,   87138728,   83140000,    4006000,  101047477, c++, iotlab1, mult, 8
385823.exe  ,  1.65,  0.71,  0.67,  0.05,  0.00,   87493717,   82470000,    5028000,  101037134, c++, iotlab1, mult, 8
385823.exe  ,  1.65,  0.68,  0.65,  0.05,  0.00,   89783354,   87786000,    2018000,  103002018, c++, iotlab1, mult, 8
385823.exe  ,  1.64,  0.70,  0.66,  0.05,  0.00,   88508731,   86535000,    1989000,  102159523, c++, iotlab1, mult, 8
385823.exe  ,  1.63,  0.69,  0.67,  0.05,  0.00,   87464910,   80510000,    6957000,  100646653, c++, iotlab1, mult, 8
4010334.exe ,  1.06,  0.45,  0.44,  0.03,  0.00,   56876119,   53893000,    2994000,   71165949, c++, iotlab1, mult, 8
4010334.exe ,  1.09,  0.46,  0.44,  0.03,  0.00,   57478832,   50543000,    6937000,   70767167, c++, iotlab1, mult, 8
4010334.exe ,  1.08,  0.45,  0.43,  0.03,  0.00,   57636934,   53672000,    3975000,   70454802, c++, iotlab1, mult, 8
4010334.exe ,  1.09,  0.46,  0.44,  0.03,  0.00,   57434814,   50506000,    6932000,   70730441, c++, iotlab1, mult, 8
4010334.exe ,  1.07,  0.45,  0.44,  0.03,  0.00,   56829870,   52850000,    3988000,   70023500, c++, iotlab1, mult, 8
4010334.exe ,  1.07,  0.45,  0.43,  0.03,  0.00,   57917380,   53910000,    3993000,   71875771, c++, iotlab1, mult, 8
4010334.exe ,  1.07,  0.45,  0.44,  0.03,  0.00,   57659717,   52524000,    5050000,   70805175, c++, iotlab1, mult, 8
4010334.exe ,  1.07,  0.44,  0.42,  0.03,  0.00,   58818235,   54836000,    3988000,   72797094, c++, iotlab1, mult, 8
4010334.exe ,  1.07,  0.45,  0.44,  0.03,  0.00,   57703817,   53565000,    4042000,   70587343, c++, iotlab1, mult, 8
4010334.exe ,  1.07,  0.45,  0.44,  0.03,  0.00,   57527291,   50455000,    7063000,   70373125, c++, iotlab1, mult, 8
402806.exe  ,  0.98,  0.41,  0.40,  0.03,  0.00,   53524882,   50566000,    2974000,   66997763, c++, iotlab1, mult, 8
402806.exe  ,  0.99,  0.41,  0.40,  0.03,  0.00,   52477967,   51461000,    1009000,   65577411, c++, iotlab1, mult, 8
402806.exe  ,  1.00,  0.42,  0.40,  0.03,  0.00,   52659244,   50632000,    2025000,   66026093, c++, iotlab1, mult, 8
402806.exe  ,  0.98,  0.42,  0.41,  0.03,  0.00,   53181278,   51175000,    2006000,   66215636, c++, iotlab1, mult, 8
402806.exe  ,  0.99,  0.42,  0.40,  0.03,  0.00,   52655868,   50669000,    1987000,   65416306, c++, iotlab1, mult, 8
402806.exe  ,  0.99,  0.42,  0.41,  0.03,  0.00,   52969158,   49957000,    2997000,   66583373, c++, iotlab1, mult, 8
402806.exe  ,  0.98,  0.40,  0.38,  0.03,  0.00,   54798238,   52852000,    1957000,   68625520, c++, iotlab1, mult, 8
402806.exe  ,  0.96,  0.41,  0.40,  0.03,  0.00,   52659584,   48611000,    3968000,   66098664, c++, iotlab1, mult, 8
402806.exe  ,  0.97,  0.42,  0.40,  0.03,  0.00,   52131560,   50121000,    2004000,   65885045, c++, iotlab1, mult, 8
402806.exe  ,  0.98,  0.42,  0.40,  0.03,  0.00,   53233495,   50205000,    3012000,   66257227, c++, iotlab1, mult, 8
4110986.exe ,  2.89,  1.24,  1.19,  0.08,  0.00,  155145230,  152131000,    3002000,  169590972, c++, iotlab1, mult, 8
4110986.exe ,  2.90,  1.24,  1.20,  0.08,  0.00,  156525077,  152583000,    3989000,  169474345, c++, iotlab1, mult, 8
4110986.exe ,  2.94,  1.26,  1.21,  0.08,  0.00,  157776752,  152811000,    4993000,  171179283, c++, iotlab1, mult, 8
4110986.exe ,  2.94,  1.25,  1.21,  0.08,  0.00,  157347620,  156384000,    1002000,  170942136, c++, iotlab1, mult, 8
4110986.exe ,  2.93,  1.25,  1.20,  0.08,  0.00,  155456382,  149495000,    5979000,  168773458, c++, iotlab1, mult, 8
4110986.exe ,  2.93,  1.25,  1.20,  0.08,  0.00,  156428461,  151466000,    4982000,  169294625, c++, iotlab1, mult, 8
4110986.exe ,  2.90,  1.24,  1.19,  0.08,  0.00,  154868012,  152892000,    1998000,  167936445, c++, iotlab1, mult, 8
4110986.exe ,  2.93,  1.26,  1.21,  0.08,  0.00,  156915117,  154920000,    2011000,  170201715, c++, iotlab1, mult, 8
4110986.exe ,  2.97,  1.25,  1.20,  0.08,  0.00,  156412691,  154432000,    2005000,  170233363, c++, iotlab1, mult, 8
4110986.exe ,  2.94,  1.25,  1.20,  0.08,  0.00,  156812844,  154833000,    1997000,  170270120, c++, iotlab1, mult, 8
4292167.exe ,  2.76,  1.18,  1.14,  0.08,  0.00,  148145696,  146101000,    2001000,  160731441, c++, iotlab1, mult, 8
4292167.exe ,  2.77,  1.18,  1.14,  0.08,  0.00,  149470807,  146514000,    2990000,  162950429, c++, iotlab1, mult, 8
4292167.exe ,  2.75,  1.18,  1.14,  0.08,  0.00,  148418446,  146414000,    1992000,  162036216, c++, iotlab1, mult, 8
4292167.exe ,  2.78,  1.19,  1.14,  0.08,  0.00,  149249786,  146315000,    2986000,  162115619, c++, iotlab1, mult, 8
4292167.exe ,  2.75,  1.18,  1.13,  0.08,  0.00,  147857514,  143896000,    3997000,  160685620, c++, iotlab1, mult, 8
4292167.exe ,  2.75,  1.18,  1.13,  0.08,  0.00,  149049316,  148099000,    1000000,  162755991, c++, iotlab1, mult, 8
4292167.exe ,  2.77,  1.19,  1.14,  0.08,  0.00,  148723546,  146658000,    1995000,  161925257, c++, iotlab1, mult, 8
4292167.exe ,  2.75,  1.18,  1.14,  0.08,  0.00,  148085368,  144078000,    4030000,  161142596, c++, iotlab1, mult, 8
4292167.exe ,  2.81,  1.20,  1.15,  0.08,  0.00,  150295499,  144348000,    5973000,  163255474, c++, iotlab1, mult, 8
4292167.exe ,  2.76,  1.18,  1.13,  0.08,  0.00,  149865160,  147890000,    1998000,  163756558, c++, iotlab1, mult, 8
4327744.exe ,  6.28,  2.66,  2.56,  0.21,  0.00,  336931485,  328993000,    7999000,  350801574, c++, iotlab1, mult, 8
4327744.exe ,  6.26,  2.65,  2.56,  0.20,  0.00,  335300956,  326346000,    9009000,  348113854, c++, iotlab1, mult, 8
4327744.exe ,  6.29,  2.68,  2.58,  0.20,  0.00,  336522031,  328568000,    7989000,  349767084, c++, iotlab1, mult, 8
4327744.exe ,  6.28,  2.68,  2.58,  0.20,  0.00,  336746889,  325778000,   11026000,  349720505, c++, iotlab1, mult, 8
4327744.exe ,  6.31,  2.68,  2.58,  0.20,  0.00,  336263730,  328290000,    8007000,  349004462, c++, iotlab1, mult, 8
4327744.exe ,  6.31,  2.68,  2.58,  0.21,  0.00,  336557406,  328550000,    7989000,  349449609, c++, iotlab1, mult, 8
4327744.exe ,  6.36,  2.68,  2.59,  0.20,  0.00,  337674053,  326730000,   10990000,  351396546, c++, iotlab1, mult, 8
4327744.exe ,  6.41,  2.70,  2.60,  0.21,  0.00,  338874683,  330840000,    7996000,  352114441, c++, iotlab1, mult, 8
4327744.exe ,  6.27,  2.68,  2.58,  0.20,  0.00,  336381666,  327408000,    9011000,  349590987, c++, iotlab1, mult, 8
4327744.exe ,  6.32,  2.68,  2.59,  0.20,  0.00,  337130818,  328135000,    9003000,  350503636, c++, iotlab1, mult, 8
4340748.exe ,  0.99,  0.42,  0.41,  0.03,  0.00,   53416775,   51440000,    2017000,   67660795, c++, iotlab1, mult, 8
4340748.exe ,  1.01,  0.43,  0.41,  0.03,  0.00,   53690869,   50716000,    2983000,   67112090, c++, iotlab1, mult, 8
4340748.exe ,  1.01,  0.42,  0.41,  0.03,  0.00,   53886598,   48864000,    4986000,   66657250, c++, iotlab1, mult, 8
4340748.exe ,  1.02,  0.42,  0.40,  0.03,  0.00,   54922691,   53936000,     998000,   68367949, c++, iotlab1, mult, 8
4340748.exe ,  1.02,  0.44,  0.41,  0.03,  0.00,   54319621,   50294000,    4023000,   67074513, c++, iotlab1, mult, 8
4340748.exe ,  1.00,  0.43,  0.41,  0.03,  0.00,   53753270,   51737000,    2028000,   66484826, c++, iotlab1, mult, 8
4340748.exe ,  1.01,  0.43,  0.41,  0.03,  0.00,   53969037,   51967000,    1998000,   66725922, c++, iotlab1, mult, 8
4340748.exe ,  1.02,  0.43,  0.41,  0.03,  0.00,   53701112,   52690000,    1013000,   66960297, c++, iotlab1, mult, 8
4340748.exe ,  1.01,  0.43,  0.41,  0.03,  0.00,   54257128,   51233000,    3013000,   67108682, c++, iotlab1, mult, 8
4340748.exe ,  1.00,  0.43,  0.41,  0.03,  0.00,   53849097,   47942000,    5870000,   66587245, c++, iotlab1, mult, 8
4455594.exe ,  1.05,  0.43,  0.41,  0.03,  0.00,   58125388,   57161000,    1002000,   72007821, c++, iotlab1, mult, 8
4455594.exe ,  1.05,  0.45,  0.43,  0.03,  0.00,   55952426,   53959000,    1998000,   69290941, c++, iotlab1, mult, 8
4455594.exe ,  1.06,  0.46,  0.43,  0.03,  0.00,   56216063,   53120000,    3006000,   69932810, c++, iotlab1, mult, 8
4455594.exe ,  1.05,  0.43,  0.42,  0.03,  0.00,   57982511,   55957000,    2034000,   71791375, c++, iotlab1, mult, 8
4455594.exe ,  1.07,  0.45,  0.43,  0.03,  0.00,   56325655,   52307000,    4023000,   69425999, c++, iotlab1, mult, 8
4455594.exe ,  1.07,  0.45,  0.43,  0.03,  0.00,   56222594,   53141000,    3008000,   68986156, c++, iotlab1, mult, 8
4455594.exe ,  1.04,  0.44,  0.43,  0.03,  0.00,   57131394,   54088000,    3004000,   70717183, c++, iotlab1, mult, 8
4455594.exe ,  1.06,  0.46,  0.44,  0.03,  0.00,   56556764,   55550000,    1010000,   69986697, c++, iotlab1, mult, 8
4455594.exe ,  1.06,  0.45,  0.43,  0.03,  0.00,   56934307,   55921000,    1016000,   70413107, c++, iotlab1, mult, 8
4455594.exe ,  1.05,  0.43,  0.42,  0.03,  0.00,   57992080,   55905000,    1996000,   72037891, c++, iotlab1, mult, 8
4555067.exe ,  1.09,  0.47,  0.45,  0.03,  0.00,   57941400,   55937000,    1997000,   71832933, c++, iotlab1, mult, 8
4555067.exe ,  1.08,  0.46,  0.45,  0.03,  0.00,   58184634,   55239000,    2959000,   71395694, c++, iotlab1, mult, 8
4555067.exe ,  1.09,  0.46,  0.44,  0.03,  0.00,   57824176,   55799000,    2029000,   71017963, c++, iotlab1, mult, 8
4555067.exe ,  1.08,  0.46,  0.45,  0.03,  0.00,   58336687,   53399000,    4944000,   71434960, c++, iotlab1, mult, 8
4555067.exe ,  1.07,  0.46,  0.45,  0.03,  0.00,   57771102,   53795000,    3984000,   71332403, c++, iotlab1, mult, 8
4555067.exe ,  1.08,  0.46,  0.44,  0.03,  0.00,   57887974,   54898000,    2994000,   71052037, c++, iotlab1, mult, 8
4555067.exe ,  1.08,  0.46,  0.44,  0.03,  0.00,   57913787,   55886000,    2032000,   70863618, c++, iotlab1, mult, 8
4555067.exe ,  1.09,  0.46,  0.44,  0.03,  0.00,   58590863,   55625000,    2979000,   72228091, c++, iotlab1, mult, 8
4555067.exe ,  1.08,  0.45,  0.44,  0.03,  0.00,   58371309,   54391000,    3955000,   71600907, c++, iotlab1, mult, 8
4555067.exe ,  1.09,  0.46,  0.45,  0.03,  0.00,   57983462,   54972000,    2998000,   71223032, c++, iotlab1, mult, 8
4625115.exe ,  2.86,  1.18,  1.14,  0.08,  0.00,  148612910,  145632000,    3013000,  162079813, c++, iotlab1, mult, 8
4625115.exe ,  2.75,  1.19,  1.14,  0.08,  0.00,  149277690,  146287000,    3005000,  162307643, c++, iotlab1, mult, 8
4625115.exe ,  2.73,  1.18,  1.14,  0.08,  0.00,  148584444,  145575000,    2991000,  162371675, c++, iotlab1, mult, 8
4625115.exe ,  2.73,  1.18,  1.14,  0.08,  0.00,  148142972,  143148000,    5005000,  161059506, c++, iotlab1, mult, 8
4625115.exe ,  2.72,  1.17,  1.13,  0.08,  0.00,  148310656,  147337000,    1002000,  161240069, c++, iotlab1, mult, 8
4625115.exe ,  2.75,  1.17,  1.12,  0.08,  0.00,  149577423,  145614000,    3989000,  163492440, c++, iotlab1, mult, 8
4625115.exe ,  2.76,  1.18,  1.13,  0.08,  0.00,  147479474,  143517000,    3986000,  160454271, c++, iotlab1, mult, 8
4625115.exe ,  2.75,  1.17,  1.13,  0.08,  0.00,  147640406,  145549000,    2007000,  160880016, c++, iotlab1, mult, 8
4625115.exe ,  2.82,  1.20,  1.16,  0.08,  0.00,  151370444,  148360000,    3007000,  164895801, c++, iotlab1, mult, 8
4625115.exe ,  2.75,  1.18,  1.13,  0.08,  0.00,  147600677,  144656000,    2992000,  160717965, c++, iotlab1, mult, 8
4646902.exe ,  1.11,  0.44,  0.43,  0.03,  0.00,   63454536,   60448000,    3022000,   78209976, c++, iotlab1, mult, 8
4646902.exe ,  1.11,  0.47,  0.46,  0.03,  0.00,   59331954,   57332000,    2011000,   72889151, c++, iotlab1, mult, 8
4646902.exe ,  1.12,  0.48,  0.46,  0.03,  0.00,   59660992,   55672000,    3976000,   72612485, c++, iotlab1, mult, 8
4646902.exe ,  1.11,  0.47,  0.46,  0.03,  0.00,   59509137,   58514000,    1008000,   72179570, c++, iotlab1, mult, 8
4646902.exe ,  1.12,  0.48,  0.45,  0.03,  0.00,   59358000,   56399000,    2968000,   72366694, c++, iotlab1, mult, 8
4646902.exe ,  1.13,  0.48,  0.46,  0.03,  0.00,   59589704,   55618000,    3972000,   72789682, c++, iotlab1, mult, 8
4646902.exe ,  1.11,  0.47,  0.46,  0.03,  0.00,   59485937,   56477000,    3025000,   72312904, c++, iotlab1, mult, 8
4646902.exe ,  1.12,  0.47,  0.45,  0.03,  0.00,   60532103,   57492000,    3025000,   74044134, c++, iotlab1, mult, 8
4646902.exe ,  1.13,  0.48,  0.46,  0.03,  0.00,   59421141,   56406000,    3021000,   72766200, c++, iotlab1, mult, 8
4646902.exe ,  1.14,  0.48,  0.46,  0.03,  0.00,   59556886,   57529000,    2018000,   72972857, c++, iotlab1, mult, 8
466493.exe  ,  1.64,  0.68,  0.65,  0.05,  0.00,   90060350,   86051000,    4002000,  103973182, c++, iotlab1, mult, 8
466493.exe  ,  1.64,  0.70,  0.67,  0.05,  0.00,   87976789,   81994000,    5999000,  100862024, c++, iotlab1, mult, 8
466493.exe  ,  1.66,  0.70,  0.67,  0.05,  0.00,   88770417,   83715000,    4983000,  101680510, c++, iotlab1, mult, 8
466493.exe  ,  1.65,  0.70,  0.68,  0.05,  0.00,   88022797,   83982000,    4047000,  101009223, c++, iotlab1, mult, 8
466493.exe  ,  1.66,  0.69,  0.67,  0.05,  0.00,   88831818,   81848000,    6987000,  102602845, c++, iotlab1, mult, 8
466493.exe  ,  1.65,  0.70,  0.68,  0.05,  0.00,   88185946,   84158000,    4007000,  101220325, c++, iotlab1, mult, 8
466493.exe  ,  1.66,  0.71,  0.68,  0.05,  0.00,   88279791,   86296000,    1983000,  101585670, c++, iotlab1, mult, 8
466493.exe  ,  1.68,  0.71,  0.68,  0.05,  0.00,   88051217,   85115000,    2969000,  101246296, c++, iotlab1, mult, 8
466493.exe  ,  1.64,  0.70,  0.67,  0.05,  0.00,   87944461,   81924000,    5994000,  100810089, c++, iotlab1, mult, 8
466493.exe  ,  1.65,  0.70,  0.67,  0.05,  0.00,   88005375,   85008000,    3000000,  100960280, c++, iotlab1, mult, 8
4699989.exe ,  1.06,  0.45,  0.43,  0.03,  0.00,   55668444,   54665000,    1012000,   68550315, c++, iotlab1, mult, 8
4699989.exe ,  1.03,  0.43,  0.42,  0.03,  0.00,   55227328,   55242000,          0,   68086564, c++, iotlab1, mult, 8
4699989.exe ,  1.05,  0.44,  0.43,  0.03,  0.00,   55274691,   53189000,    2007000,   68800820, c++, iotlab1, mult, 8
4699989.exe ,  1.03,  0.44,  0.42,  0.03,  0.00,   55363250,   54371000,    1006000,   68802299, c++, iotlab1, mult, 8
4699989.exe ,  1.03,  0.44,  0.42,  0.03,  0.00,   55259537,   54261000,    1004000,   68220920, c++, iotlab1, mult, 8
4699989.exe ,  1.04,  0.42,  0.40,  0.03,  0.00,   57818293,   54790000,    3043000,   72154124, c++, iotlab1, mult, 8
4699989.exe ,  1.02,  0.43,  0.42,  0.03,  0.00,   55886444,   54902000,     998000,   69156669, c++, iotlab1, mult, 8
4699989.exe ,  1.03,  0.44,  0.43,  0.03,  0.00,   55279159,   53261000,    2009000,   68785483, c++, iotlab1, mult, 8
4699989.exe ,  1.04,  0.44,  0.42,  0.03,  0.00,   55797418,   52817000,    2989000,   69341193, c++, iotlab1, mult, 8
4699989.exe ,  1.04,  0.44,  0.42,  0.03,  0.00,   54984326,   52990000,    1999000,   67786870, c++, iotlab1, mult, 8
4878682.exe ,  1.07,  0.44,  0.43,  0.03,  0.00,   58093138,   56098000,    2003000,   71757452, c++, iotlab1, mult, 8
4878682.exe ,  1.08,  0.45,  0.44,  0.03,  0.00,   57173414,   55173000,    2006000,   69932262, c++, iotlab1, mult, 8
4878682.exe ,  1.08,  0.46,  0.44,  0.03,  0.00,   57310691,   56312000,    1005000,   70779388, c++, iotlab1, mult, 8
4878682.exe ,  1.08,  0.46,  0.44,  0.03,  0.00,   57004236,   54006000,    3000000,   70630728, c++, iotlab1, mult, 8
4878682.exe ,  1.07,  0.46,  0.44,  0.03,  0.00,   57023360,   54026000,    3001000,   70376858, c++, iotlab1, mult, 8
4878682.exe ,  1.07,  0.45,  0.44,  0.03,  0.00,   57331594,   53374000,    3953000,   70036721, c++, iotlab1, mult, 8
4878682.exe ,  1.06,  0.46,  0.44,  0.03,  0.00,   57497867,   54516000,    2973000,   70787448, c++, iotlab1, mult, 8
4878682.exe ,  1.08,  0.46,  0.44,  0.03,  0.00,   57952053,   55962000,    1998000,   70835671, c++, iotlab1, mult, 8
4878682.exe ,  1.09,  0.47,  0.44,  0.03,  0.00,   57277640,   53238000,    4017000,   70358037, c++, iotlab1, mult, 8
4878682.exe ,  1.09,  0.46,  0.44,  0.03,  0.00,   57382828,   55372000,    2013000,   70238059, c++, iotlab1, mult, 8
4888119.exe ,  0.98,  0.41,  0.40,  0.03,  0.00,   51768515,   47787000,    3982000,   64471240, c++, iotlab1, mult, 8
4888119.exe ,  0.98,  0.42,  0.40,  0.03,  0.00,   51905980,   47908000,    3992000,   65292296, c++, iotlab1, mult, 8
4888119.exe ,  0.98,  0.42,  0.40,  0.03,  0.00,   51775019,   49745000,    2030000,   65396200, c++, iotlab1, mult, 8
4888119.exe ,  0.99,  0.40,  0.38,  0.03,  0.00,   53202842,   51143000,    2005000,   66838489, c++, iotlab1, mult, 8
4888119.exe ,  0.98,  0.42,  0.40,  0.03,  0.00,   51904851,   47915000,    3992000,   65287291, c++, iotlab1, mult, 8
4888119.exe ,  0.96,  0.41,  0.40,  0.03,  0.00,   51736012,   50728000,    1014000,   64622579, c++, iotlab1, mult, 8
4888119.exe ,  0.98,  0.41,  0.40,  0.03,  0.00,   52058400,   50009000,    2000000,   64938729, c++, iotlab1, mult, 8
4888119.exe ,  0.98,  0.41,  0.39,  0.03,  0.00,   53049397,   49037000,    4003000,   66522024, c++, iotlab1, mult, 8
4888119.exe ,  0.99,  0.41,  0.40,  0.03,  0.00,   51889449,   49857000,    2034000,   65245091, c++, iotlab1, mult, 8
4888119.exe ,  1.00,  0.42,  0.40,  0.03,  0.00,   52650561,   51557000,     991000,   66003959, c++, iotlab1, mult, 8
4909871.exe ,  1.59,  0.65,  0.62,  0.07,  0.00,   81963876,   74935000,    6993000,   95477786, c++, iotlab1, mult, 8
4909871.exe ,  1.57,  0.65,  0.62,  0.07,  0.00,   81990660,   73995000,    7999000,   95903998, c++, iotlab1, mult, 8
4909871.exe ,  1.57,  0.65,  0.62,  0.07,  0.00,   81159795,   76155000,    5010000,   94390496, c++, iotlab1, mult, 8
4909871.exe ,  1.56,  0.65,  0.62,  0.07,  0.00,   82061913,   71047000,   11007000,   95614064, c++, iotlab1, mult, 8
4909871.exe ,  1.58,  0.66,  0.63,  0.07,  0.00,   81432320,   76399000,    5026000,   94738532, c++, iotlab1, mult, 8
4909871.exe ,  1.55,  0.64,  0.62,  0.07,  0.00,   81218380,   76202000,    5013000,   94438457, c++, iotlab1, mult, 8
4909871.exe ,  1.60,  0.62,  0.59,  0.07,  0.00,   85674067,   79740000,    5980000,  100395769, c++, iotlab1, mult, 8
4909871.exe ,  1.55,  0.64,  0.62,  0.07,  0.00,   81326547,   77367000,    3967000,   94355288, c++, iotlab1, mult, 8
4909871.exe ,  1.56,  0.65,  0.63,  0.07,  0.00,   81921254,   78927000,    2997000,   94748402, c++, iotlab1, mult, 8
4909871.exe ,  1.57,  0.65,  0.62,  0.07,  0.00,   81187612,   75182000,    6014000,   95022232, c++, iotlab1, mult, 8
4958343.exe ,  2.76,  1.19,  1.15,  0.08,  0.00,  149222309,  146261000,    2984000,  162760677, c++, iotlab1, mult, 8
4958343.exe ,  2.78,  1.20,  1.15,  0.08,  0.00,  150073450,  146093000,    4002000,  162942499, c++, iotlab1, mult, 8
4958343.exe ,  2.76,  1.19,  1.14,  0.08,  0.00,  149189003,  147203000,    2002000,  161958105, c++, iotlab1, mult, 8
4958343.exe ,  2.77,  1.19,  1.15,  0.08,  0.00,  149260577,  145245000,    4006000,  162091933, c++, iotlab1, mult, 8
4958343.exe ,  2.79,  1.20,  1.15,  0.08,  0.00,  150628084,  149623000,    1004000,  164009406, c++, iotlab1, mult, 8
4958343.exe ,  2.76,  1.18,  1.14,  0.08,  0.00,  149325293,  144034000,    5001000,  162972239, c++, iotlab1, mult, 8
4958343.exe ,  2.80,  1.20,  1.15,  0.08,  0.00,  149703916,  147723000,    2009000,  163085189, c++, iotlab1, mult, 8
4958343.exe ,  2.75,  1.19,  1.14,  0.08,  0.00,  149090913,  146053000,    3001000,  162906469, c++, iotlab1, mult, 8
4958343.exe ,  2.78,  1.19,  1.15,  0.08,  0.00,  149465412,  146476000,    2989000,  162447811, c++, iotlab1, mult, 8
4958343.exe ,  2.77,  1.19,  1.14,  0.08,  0.00,  149013369,  146031000,    3000000,  161684196, c++, iotlab1, mult, 8
5160992.exe ,  1.10,  0.47,  0.45,  0.03,  0.00,   58400728,   57384000,    1006000,   71324212, c++, iotlab1, mult, 8
5160992.exe ,  1.07,  0.45,  0.43,  0.03,  0.00,   56987842,   56019000,    1000000,   69646132, c++, iotlab1, mult, 8
5160992.exe ,  1.05,  0.45,  0.43,  0.03,  0.00,   57373036,   57385000,          0,   70720906, c++, iotlab1, mult, 8
5160992.exe ,  1.06,  0.45,  0.44,  0.03,  0.00,   57268754,   54245000,    2958000,   70566624, c++, iotlab1, mult, 8
5160992.exe ,  1.06,  0.45,  0.44,  0.03,  0.00,   57059267,   52995000,    3999000,   70566380, c++, iotlab1, mult, 8
5160992.exe ,  1.06,  0.45,  0.43,  0.03,  0.00,   57205808,   54208000,    3011000,   70239436, c++, iotlab1, mult, 8
5160992.exe ,  1.06,  0.44,  0.43,  0.03,  0.00,   58286718,   56179000,    2006000,   72554545, c++, iotlab1, mult, 8
5160992.exe ,  1.08,  0.46,  0.44,  0.03,  0.00,   57557201,   55577000,    1984000,   70535194, c++, iotlab1, mult, 8
5160992.exe ,  1.05,  0.45,  0.44,  0.03,  0.00,   57182724,   51167000,    6019000,   70371783, c++, iotlab1, mult, 8
5160992.exe ,  1.05,  0.45,  0.44,  0.03,  0.00,   56697587,   53711000,    2983000,   69874308, c++, iotlab1, mult, 8
5253674.exe ,  2.69,  1.16,  1.11,  0.07,  0.00,  144774933,  140781000,    3993000,  157759985, c++, iotlab1, mult, 8
5253674.exe ,  2.70,  1.15,  1.11,  0.08,  0.00,  145185539,  138202000,    7010000,  158087484, c++, iotlab1, mult, 8
5253674.exe ,  2.70,  1.16,  1.12,  0.07,  0.00,  145390410,  142398000,    2987000,  158730764, c++, iotlab1, mult, 8
5253674.exe ,  2.68,  1.15,  1.10,  0.07,  0.00,  144790632,  139819000,    4993000,  157672930, c++, iotlab1, mult, 8
5253674.exe ,  2.84,  1.18,  1.13,  0.08,  0.00,  148077292,  145073000,    3001000,  161163000, c++, iotlab1, mult, 8
5253674.exe ,  2.78,  1.15,  1.11,  0.07,  0.00,  144381865,  139254000,    4973000,  158420235, c++, iotlab1, mult, 8
5253674.exe ,  2.75,  1.15,  1.11,  0.07,  0.00,  144733805,  137722000,    7036000,  157616260, c++, iotlab1, mult, 8
5253674.exe ,  2.70,  1.15,  1.11,  0.07,  0.00,  144998201,  142010000,    3000000,  158345770, c++, iotlab1, mult, 8
5253674.exe ,  2.68,  1.14,  1.10,  0.07,  0.00,  144369273,  140407000,    3983000,  159311779, c++, iotlab1, mult, 8
5253674.exe ,  2.71,  1.15,  1.11,  0.07,  0.00,  145241122,  142247000,    3005000,  158458023, c++, iotlab1, mult, 8
5266960.exe ,  2.88,  1.24,  1.19,  0.08,  0.00,  156544180,  154468000,    2006000,  169877174, c++, iotlab1, mult, 8
5266960.exe ,  2.88,  1.23,  1.18,  0.08,  0.00,  156777668,  148869000,    7939000,  170723525, c++, iotlab1, mult, 8
5266960.exe ,  2.88,  1.24,  1.20,  0.08,  0.00,  155833485,  151855000,    3996000,  168646499, c++, iotlab1, mult, 8
5266960.exe ,  2.87,  1.24,  1.19,  0.08,  0.00,  156517338,  152532000,    4014000,  170449585, c++, iotlab1, mult, 8
5266960.exe ,  2.93,  1.24,  1.19,  0.08,  0.00,  155693184,  147721000,    7984000,  168642672, c++, iotlab1, mult, 8
5266960.exe ,  2.87,  1.23,  1.19,  0.08,  0.00,  156261861,  150304000,    5972000,  169412341, c++, iotlab1, mult, 8
5266960.exe ,  2.90,  1.24,  1.19,  0.08,  0.00,  155416275,  152357000,    2987000,  168339689, c++, iotlab1, mult, 8
5266960.exe ,  2.91,  1.24,  1.20,  0.08,  0.00,  155963752,  149981000,    5999000,  168916626, c++, iotlab1, mult, 8
5266960.exe ,  2.90,  1.24,  1.20,  0.08,  0.00,  156377483,  150357000,    5974000,  169303869, c++, iotlab1, mult, 8
5266960.exe ,  2.89,  1.24,  1.19,  0.08,  0.00,  155508418,  151507000,    4013000,  168315810, c++, iotlab1, mult, 8
5400133.exe ,  1.07,  0.45,  0.44,  0.03,  0.00,   57193100,   55194000,    2007000,   70333946, c++, iotlab1, mult, 8
5400133.exe ,  1.07,  0.45,  0.44,  0.03,  0.00,   57025466,   55019000,    2000000,   69763493, c++, iotlab1, mult, 8
5400133.exe ,  1.10,  0.45,  0.43,  0.03,  0.00,   58121323,   56099000,    2003000,   72017929, c++, iotlab1, mult, 8
5400133.exe ,  1.12,  0.46,  0.44,  0.03,  0.00,   57156291,   55154000,    2005000,   69990550, c++, iotlab1, mult, 8
5400133.exe ,  1.09,  0.41,  0.39,  0.03,  0.00,   63390786,   62406000,    1006000,   79138923, c++, iotlab1, mult, 8
5400133.exe ,  1.07,  0.45,  0.43,  0.03,  0.00,   57942682,   54954000,    2997000,   71390974, c++, iotlab1, mult, 8
5400133.exe ,  1.08,  0.43,  0.41,  0.03,  0.00,   60480989,   56467000,    4033000,   74124670, c++, iotlab1, mult, 8
5400133.exe ,  1.07,  0.45,  0.43,  0.03,  0.00,   56897407,   56899000,          0,   70590192, c++, iotlab1, mult, 8
5400133.exe ,  1.05,  0.45,  0.43,  0.03,  0.00,   57435733,   55457000,    1980000,   70398240, c++, iotlab1, mult, 8
5400133.exe ,  1.07,  0.45,  0.44,  0.03,  0.00,   57277615,   56262000,    1004000,   70625183, c++, iotlab1, mult, 8
5470489.exe ,  0.98,  0.42,  0.41,  0.03,  0.00,   52680707,   50633000,    1985000,   65817409, c++, iotlab1, mult, 8
5470489.exe ,  0.97,  0.42,  0.40,  0.03,  0.00,   52385348,   49369000,    3022000,   65299159, c++, iotlab1, mult, 8
5470489.exe ,  0.99,  0.43,  0.41,  0.03,  0.00,   52504194,   49546000,    2972000,   66053908, c++, iotlab1, mult, 8
5470489.exe ,  0.98,  0.42,  0.40,  0.03,  0.00,   52586499,   51583000,    1011000,   65480819, c++, iotlab1, mult, 8
5470489.exe ,  0.99,  0.42,  0.41,  0.03,  0.00,   52472081,   47528000,    4950000,   66136042, c++, iotlab1, mult, 8
5470489.exe ,  0.97,  0.42,  0.40,  0.03,  0.00,   52245461,   51268000,     985000,   65691572, c++, iotlab1, mult, 8
5470489.exe ,  0.98,  0.42,  0.40,  0.03,  0.00,   52523182,   49545000,    2972000,   65324832, c++, iotlab1, mult, 8
5470489.exe ,  0.99,  0.42,  0.40,  0.03,  0.00,   52217404,   52242000,          0,   65186575, c++, iotlab1, mult, 8
5470489.exe ,  0.98,  0.42,  0.40,  0.03,  0.00,   52348569,   52357000,          0,   65160807, c++, iotlab1, mult, 8
5470489.exe ,  0.98,  0.40,  0.39,  0.03,  0.00,   53799763,   51824000,    1993000,   67688392, c++, iotlab1, mult, 8
5473977.exe ,  1.01,  0.44,  0.42,  0.03,  0.00,   55316691,   54329000,    1006000,   69165964, c++, iotlab1, mult, 8
5473977.exe ,  1.03,  0.44,  0.42,  0.03,  0.00,   54804450,   53780000,    1014000,   67744495, c++, iotlab1, mult, 8
5473977.exe ,  1.03,  0.44,  0.42,  0.03,  0.00,   54931801,   49063000,    5887000,   68588531, c++, iotlab1, mult, 8
5473977.exe ,  1.02,  0.43,  0.41,  0.03,  0.00,   55831620,   52849000,    2991000,   69711520, c++, iotlab1, mult, 8
5473977.exe ,  1.03,  0.44,  0.42,  0.03,  0.00,   55008810,   53014000,    2000000,   67909684, c++, iotlab1, mult, 8
5473977.exe ,  1.03,  0.44,  0.42,  0.03,  0.00,   55038513,   53044000,    2001000,   68564840, c++, iotlab1, mult, 8
5473977.exe ,  1.02,  0.44,  0.42,  0.03,  0.00,   55261528,   53291000,    1973000,   68136916, c++, iotlab1, mult, 8
5473977.exe ,  1.02,  0.44,  0.42,  0.03,  0.00,   55108590,   54127000,    1002000,   68079757, c++, iotlab1, mult, 8
5473977.exe ,  1.02,  0.44,  0.42,  0.03,  0.00,   55159185,   53140000,    1968000,   68597591, c++, iotlab1, mult, 8
5473977.exe ,  1.01,  0.43,  0.42,  0.03,  0.00,   54735362,   53741000,     995000,   68165269, c++, iotlab1, mult, 8
5494547.exe ,  0.98,  0.42,  0.41,  0.03,  0.00,   53080278,   50077000,    3004000,   66195738, c++, iotlab1, mult, 8
5494547.exe ,  0.97,  0.41,  0.40,  0.03,  0.00,   53556969,   47619000,    5952000,   66454096, c++, iotlab1, mult, 8
5494547.exe ,  0.98,  0.42,  0.40,  0.03,  0.00,   52939850,   50913000,    1996000,   65494552, c++, iotlab1, mult, 8
5494547.exe ,  0.99,  0.42,  0.40,  0.03,  0.00,   52808693,   48822000,    3985000,   65969810, c++, iotlab1, mult, 8
5494547.exe ,  0.98,  0.42,  0.40,  0.03,  0.00,   53819128,   50830000,    2990000,   67261564, c++, iotlab1, mult, 8
5494547.exe ,  0.99,  0.41,  0.39,  0.03,  0.00,   54479867,   53475000,    1008000,   68196087, c++, iotlab1, mult, 8
5494547.exe ,  0.97,  0.42,  0.40,  0.03,  0.00,   53415523,   49454000,    3956000,   66854016, c++, iotlab1, mult, 8
5494547.exe ,  1.00,  0.43,  0.41,  0.03,  0.00,   53667391,   52653000,    1012000,   66621853, c++, iotlab1, mult, 8
5494547.exe ,  0.98,  0.41,  0.40,  0.03,  0.00,   54603600,   53622000,     993000,   67512648, c++, iotlab1, mult, 8
5494547.exe ,  0.99,  0.42,  0.40,  0.03,  0.00,   53675811,   52638000,    1012000,   67115847, c++, iotlab1, mult, 8
5550352.exe ,  0.98,  0.42,  0.40,  0.03,  0.00,   52484428,   50470000,    2018000,   65229143, c++, iotlab1, mult, 8
5550352.exe ,  0.99,  0.42,  0.40,  0.03,  0.00,   52584867,   48619000,    3968000,   65572885, c++, iotlab1, mult, 8
5550352.exe ,  0.98,  0.42,  0.40,  0.03,  0.00,   52855949,   52873000,          0,   66014883, c++, iotlab1, mult, 8
5550352.exe ,  0.98,  0.41,  0.39,  0.03,  0.00,   53833533,   50806000,    2988000,   67619996, c++, iotlab1, mult, 8
5550352.exe ,  0.97,  0.41,  0.40,  0.03,  0.00,   52298638,   50291000,    2011000,   65343635, c++, iotlab1, mult, 8
5550352.exe ,  0.97,  0.42,  0.40,  0.03,  0.00,   52172738,   47076000,    5008000,   65217275, c++, iotlab1, mult, 8
5550352.exe ,  0.97,  0.41,  0.40,  0.03,  0.00,   52255134,   51257000,    1005000,   65485657, c++, iotlab1, mult, 8
5550352.exe ,  0.97,  0.41,  0.40,  0.03,  0.00,   52824304,   50801000,    2032000,   65682368, c++, iotlab1, mult, 8
5550352.exe ,  0.98,  0.42,  0.40,  0.03,  0.00,   52754621,   49776000,    2986000,   66414923, c++, iotlab1, mult, 8
5550352.exe ,  0.99,  0.41,  0.40,  0.03,  0.00,   53024167,   52033000,    1000000,   66489397, c++, iotlab1, mult, 8
5755609.exe ,  1.08,  0.46,  0.45,  0.03,  0.00,   58612861,   56596000,    2021000,   71814960, c++, iotlab1, mult, 8
5755609.exe ,  1.09,  0.47,  0.45,  0.03,  0.00,   58330069,   55375000,    2966000,   72268890, c++, iotlab1, mult, 8
5755609.exe ,  1.09,  0.46,  0.44,  0.03,  0.00,   59115642,   56117000,    3006000,   72647817, c++, iotlab1, mult, 8
5755609.exe ,  1.08,  0.45,  0.44,  0.03,  0.00,   59369426,   56370000,    3019000,   73387063, c++, iotlab1, mult, 8
5755609.exe ,  1.09,  0.46,  0.44,  0.03,  0.00,   59163868,   54154000,    5014000,   72068975, c++, iotlab1, mult, 8
5755609.exe ,  1.10,  0.47,  0.45,  0.03,  0.00,   58291065,   55277000,    3015000,   72085336, c++, iotlab1, mult, 8
5755609.exe ,  1.09,  0.46,  0.45,  0.03,  0.00,   58108325,   57042000,    1000000,   71671564, c++, iotlab1, mult, 8
5755609.exe ,  1.10,  0.46,  0.44,  0.03,  0.00,   59300457,   56325000,    2964000,   73361816, c++, iotlab1, mult, 8
5755609.exe ,  1.10,  0.47,  0.45,  0.03,  0.00,   58657287,   51704000,    6960000,   71388139, c++, iotlab1, mult, 8
5755609.exe ,  1.08,  0.44,  0.43,  0.03,  0.00,   60265802,   56327000,    3952000,   74221581, c++, iotlab1, mult, 8
576026.exe  ,  1.05,  0.45,  0.43,  0.03,  0.00,   56086587,   52050000,    4003000,   69111228, c++, iotlab1, mult, 8
576026.exe  ,  1.05,  0.45,  0.43,  0.03,  0.00,   55967529,   51960000,    3996000,   69082077, c++, iotlab1, mult, 8
576026.exe  ,  1.05,  0.45,  0.43,  0.03,  0.00,   55815159,   51833000,    3987000,   68985087, c++, iotlab1, mult, 8
576026.exe  ,  1.08,  0.45,  0.43,  0.03,  0.00,   56395199,   54420000,    1978000,   69127672, c++, iotlab1, mult, 8
576026.exe  ,  1.05,  0.44,  0.42,  0.03,  0.00,   56370009,   53352000,    3019000,   69867098, c++, iotlab1, mult, 8
576026.exe  ,  1.04,  0.43,  0.41,  0.03,  0.00,   56860725,   51820000,    4982000,   70737368, c++, iotlab1, mult, 8
576026.exe  ,  1.03,  0.43,  0.42,  0.03,  0.00,   57130978,   53068000,    4005000,   71058278, c++, iotlab1, mult, 8
576026.exe  ,  1.05,  0.45,  0.43,  0.03,  0.00,   55784857,   52734000,    3042000,   69215799, c++, iotlab1, mult, 8
576026.exe  ,  1.04,  0.44,  0.43,  0.03,  0.00,   55690208,   50676000,    4968000,   69238171, c++, iotlab1, mult, 8
576026.exe  ,  1.03,  0.44,  0.43,  0.03,  0.00,   55994375,   50917000,    4991000,   69546948, c++, iotlab1, mult, 8
5794115.exe ,  1.06,  0.45,  0.44,  0.03,  0.00,   57131327,   53055000,    4004000,   70071633, c++, iotlab1, mult, 8
5794115.exe ,  1.07,  0.45,  0.44,  0.03,  0.00,   57095724,   54107000,    3005000,   70678947, c++, iotlab1, mult, 8
5794115.exe ,  1.05,  0.45,  0.44,  0.03,  0.00,   56313913,   53292000,    3016000,   70106793, c++, iotlab1, mult, 8
5794115.exe ,  1.06,  0.45,  0.43,  0.03,  0.00,   57792774,   54741000,    2985000,   71829479, c++, iotlab1, mult, 8
5794115.exe ,  1.06,  0.45,  0.43,  0.03,  0.00,   57837990,   52826000,    4983000,   71429305, c++, iotlab1, mult, 8
5794115.exe ,  1.07,  0.46,  0.44,  0.03,  0.00,   56741846,   55732000,    1013000,   70440106, c++, iotlab1, mult, 8
5794115.exe ,  1.07,  0.45,  0.44,  0.03,  0.00,   58036876,   51041000,    7005000,   71857741, c++, iotlab1, mult, 8
5794115.exe ,  1.06,  0.46,  0.44,  0.03,  0.00,   57183054,   54175000,    3009000,   70301694, c++, iotlab1, mult, 8
5794115.exe ,  1.07,  0.44,  0.43,  0.03,  0.00,   58019526,   53030000,    5002000,   71701530, c++, iotlab1, mult, 8
5794115.exe ,  1.06,  0.44,  0.42,  0.03,  0.00,   58635679,   56624000,    2022000,   72554776, c++, iotlab1, mult, 8
596008.exe  ,  0.95,  0.40,  0.39,  0.03,  0.00,   51427789,   48399000,    3024000,   65272299, c++, iotlab1, mult, 8
596008.exe  ,  0.96,  0.41,  0.39,  0.03,  0.00,   51322819,   47370000,    3947000,   64429679, c++, iotlab1, mult, 8
596008.exe  ,  0.93,  0.38,  0.37,  0.03,  0.00,   52826801,   48840000,    3986000,   66697346, c++, iotlab1, mult, 8
596008.exe  ,  0.96,  0.41,  0.39,  0.03,  0.00,   51977212,   47972000,    3997000,   65304149, c++, iotlab1, mult, 8
596008.exe  ,  0.97,  0.41,  0.39,  0.03,  0.00,   51560487,   47591000,    3965000,   64633930, c++, iotlab1, mult, 8
596008.exe  ,  1.03,  0.41,  0.40,  0.03,  0.00,   51948749,   49895000,    2036000,   64371608, c++, iotlab1, mult, 8
596008.exe  ,  0.96,  0.40,  0.39,  0.03,  0.00,   51442571,   49440000,    2017000,   63849099, c++, iotlab1, mult, 8
596008.exe  ,  0.99,  0.41,  0.39,  0.03,  0.00,   51364509,   50359000,    1007000,   64291545, c++, iotlab1, mult, 8
596008.exe  ,  0.97,  0.41,  0.40,  0.03,  0.00,   51275068,   48161000,    3010000,   64175666, c++, iotlab1, mult, 8
596008.exe  ,  0.97,  0.41,  0.39,  0.03,  0.00,   51198804,   48191000,    3011000,   64194702, c++, iotlab1, mult, 8
5961211.exe ,  1.09,  0.46,  0.44,  0.03,  0.00,   59936969,   53938000,    5993000,   73157519, c++, iotlab1, mult, 8
5961211.exe ,  1.16,  0.47,  0.45,  0.03,  0.00,   59522438,   56545000,    2976000,   72707722, c++, iotlab1, mult, 8
5961211.exe ,  1.10,  0.46,  0.45,  0.03,  0.00,   59444046,   54472000,    4952000,   72985766, c++, iotlab1, mult, 8
5961211.exe ,  1.11,  0.47,  0.45,  0.03,  0.00,   59345053,   57334000,    2011000,   72322223, c++, iotlab1, mult, 8
5961211.exe ,  1.10,  0.47,  0.45,  0.03,  0.00,   59107168,   57108000,    2003000,   72067245, c++, iotlab1, mult, 8
5961211.exe ,  1.09,  0.47,  0.45,  0.03,  0.00,   58920987,   52923000,    5991000,   71914839, c++, iotlab1, mult, 8
5961211.exe ,  1.10,  0.47,  0.45,  0.03,  0.00,   58825678,   56735000,    2026000,   71775092, c++, iotlab1, mult, 8
5961211.exe ,  1.09,  0.47,  0.45,  0.03,  0.00,   58507722,   55541000,    2975000,   71984715, c++, iotlab1, mult, 8
5961211.exe ,  1.09,  0.46,  0.45,  0.03,  0.00,   58689339,   55632000,    2980000,   72026333, c++, iotlab1, mult, 8
5961211.exe ,  1.11,  0.47,  0.45,  0.03,  0.00,   58613064,   57576000,    1010000,   72435935, c++, iotlab1, mult, 8
5975913.exe ,  1.05,  0.44,  0.43,  0.03,  0.00,   56311675,   51219000,    5021000,   69264391, c++, iotlab1, mult, 8
5975913.exe ,  1.03,  0.44,  0.43,  0.03,  0.00,   55496856,   50471000,    4948000,   68572193, c++, iotlab1, mult, 8
5975913.exe ,  1.04,  0.44,  0.42,  0.03,  0.00,   55278384,   53266000,    2010000,   68063593, c++, iotlab1, mult, 8
5975913.exe ,  1.05,  0.45,  0.43,  0.03,  0.00,   55472349,   55450000,          0,   68906131, c++, iotlab1, mult, 8
5975913.exe ,  1.02,  0.44,  0.42,  0.03,  0.00,   55539394,   50584000,    4959000,   68219834, c++, iotlab1, mult, 8
5975913.exe ,  1.05,  0.44,  0.42,  0.03,  0.00,   56439794,   54409000,    2015000,   69888995, c++, iotlab1, mult, 8
5975913.exe ,  1.02,  0.44,  0.42,  0.03,  0.00,   55229444,   51222000,    4017000,   68132063, c++, iotlab1, mult, 8
5975913.exe ,  1.05,  0.45,  0.43,  0.03,  0.00,   55524771,   51487000,    4038000,   68837010, c++, iotlab1, mult, 8
5975913.exe ,  1.04,  0.44,  0.42,  0.03,  0.00,   55534214,   52566000,    2975000,   68465413, c++, iotlab1, mult, 8
5975913.exe ,  1.04,  0.43,  0.41,  0.03,  0.00,   56342971,   54332000,    2012000,   69820359, c++, iotlab1, mult, 8
5976780.exe ,  1.05,  0.45,  0.44,  0.03,  0.00,   56767251,   56718000,          0,   70378836, c++, iotlab1, mult, 8
5976780.exe ,  1.05,  0.45,  0.43,  0.03,  0.00,   56528028,   54507000,    2018000,   69348730, c++, iotlab1, mult, 8
5976780.exe ,  1.07,  0.45,  0.44,  0.03,  0.00,   56868382,   52796000,    3984000,   69819723, c++, iotlab1, mult, 8
5976780.exe ,  1.05,  0.45,  0.44,  0.03,  0.00,   56464037,   55466000,    1008000,   70004498, c++, iotlab1, mult, 8
5976780.exe ,  1.04,  0.45,  0.43,  0.03,  0.00,   56121361,   54046000,    2001000,   69601645, c++, iotlab1, mult, 8
5976780.exe ,  1.06,  0.45,  0.44,  0.03,  0.00,   56876808,   53884000,    2993000,   70384603, c++, iotlab1, mult, 8
5976780.exe ,  1.06,  0.45,  0.43,  0.03,  0.00,   56522666,   53476000,    2970000,   69807694, c++, iotlab1, mult, 8
5976780.exe ,  1.06,  0.45,  0.43,  0.03,  0.00,   57134983,   54108000,    3006000,   70327359, c++, iotlab1, mult, 8
5976780.exe ,  1.07,  0.46,  0.44,  0.03,  0.00,   56768448,   49787000,    6970000,   69696583, c++, iotlab1, mult, 8
5976780.exe ,  1.10,  0.46,  0.44,  0.03,  0.00,   56986665,   54946000,    2035000,   70174479, c++, iotlab1, mult, 8
5976816.exe ,  2.72,  1.16,  1.12,  0.07,  0.00,  147274830,  145318000,    1990000,  161609648, c++, iotlab1, mult, 8
5976816.exe ,  2.73,  1.18,  1.13,  0.08,  0.00,  147550132,  145575000,    1994000,  161171732, c++, iotlab1, mult, 8
5976816.exe ,  2.74,  1.18,  1.13,  0.08,  0.00,  147520131,  140504000,    7025000,  161333996, c++, iotlab1, mult, 8
5976816.exe ,  2.73,  1.17,  1.13,  0.08,  0.00,  147707578,  144734000,    2994000,  161257367, c++, iotlab1, mult, 8
5976816.exe ,  3.32,  1.39,  1.33,  0.09,  0.00,  173846088,  169661000,    3992000,  188286004, c++, iotlab1, mult, 8
5976816.exe ,  2.75,  1.18,  1.13,  0.08,  0.00,  147476023,  140451000,    7022000,  160144969, c++, iotlab1, mult, 8
5976816.exe ,  2.75,  1.17,  1.13,  0.08,  0.00,  146922962,  145939000,     999000,  160211680, c++, iotlab1, mult, 8
5976816.exe ,  2.79,  1.19,  1.14,  0.08,  0.00,  148446592,  145468000,    2989000,  161270266, c++, iotlab1, mult, 8
5976816.exe ,  2.80,  1.18,  1.13,  0.08,  0.00,  148562130,  145544000,    3011000,  161366157, c++, iotlab1, mult, 8
5976816.exe ,  2.76,  1.18,  1.13,  0.08,  0.00,  147591552,  142574000,    4985000,  160781356, c++, iotlab1, mult, 8
5978424.exe ,  2.92,  1.16,  1.12,  0.08,  0.00,  148431490,  144380000,    3982000,  162340687, c++, iotlab1, mult, 8
5978424.exe ,  2.78,  1.17,  1.13,  0.08,  0.00,  147585503,  141566000,    5981000,  161203015, c++, iotlab1, mult, 8
5978424.exe ,  2.78,  1.17,  1.13,  0.08,  0.00,  147423618,  144454000,    2988000,  160361970, c++, iotlab1, mult, 8
5978424.exe ,  2.77,  1.18,  1.14,  0.08,  0.00,  147960786,  145952000,    2013000,  161431737, c++, iotlab1, mult, 8
5978424.exe ,  2.75,  1.18,  1.14,  0.08,  0.00,  147911401,  143925000,    3997000,  161191596, c++, iotlab1, mult, 8
5978424.exe ,  2.76,  1.19,  1.14,  0.08,  0.00,  148846374,  145851000,    2996000,  161766570, c++, iotlab1, mult, 8
5978424.exe ,  2.90,  1.17,  1.12,  0.08,  0.00,  153306456,  151215000,    2002000,  169383733, c++, iotlab1, mult, 8
5978424.exe ,  2.85,  1.18,  1.14,  0.08,  0.00,  148182311,  143184000,    5006000,  161968491, c++, iotlab1, mult, 8
5978424.exe ,  2.77,  1.19,  1.14,  0.08,  0.00,  149058862,  144124000,    4969000,  162180318, c++, iotlab1, mult, 8
5978424.exe ,  2.78,  1.19,  1.14,  0.08,  0.00,  148420459,  148437000,          0,  161386390, c++, iotlab1, mult, 8
5979286.exe ,  1.05,  0.45,  0.44,  0.03,  0.00,   56680614,   52711000,    3978000,   69913598, c++, iotlab1, mult, 8
5979286.exe ,  1.04,  0.43,  0.42,  0.03,  0.00,   57585620,   55614000,    1986000,   71291793, c++, iotlab1, mult, 8
5979286.exe ,  1.05,  0.45,  0.43,  0.03,  0.00,   56060727,   54060000,    2002000,   69446637, c++, iotlab1, mult, 8
5979286.exe ,  1.06,  0.43,  0.42,  0.03,  0.00,   57322767,   52381000,    4941000,   70943987, c++, iotlab1, mult, 8
5979286.exe ,  1.05,  0.45,  0.43,  0.03,  0.00,   56404763,   53378000,    3021000,   70013605, c++, iotlab1, mult, 8
5979286.exe ,  1.07,  0.45,  0.43,  0.03,  0.00,   56402834,   56409000,          0,   69158323, c++, iotlab1, mult, 8
5979286.exe ,  1.04,  0.44,  0.42,  0.03,  0.00,   57054637,   55967000,     999000,   70892838, c++, iotlab1, mult, 8
5979286.exe ,  1.07,  0.44,  0.43,  0.03,  0.00,   56294197,   53217000,    3012000,   69447935, c++, iotlab1, mult, 8
5979286.exe ,  1.09,  0.45,  0.44,  0.03,  0.00,   57205401,   55106000,    2003000,   70509229, c++, iotlab1, mult, 8
5979286.exe ,  1.06,  0.45,  0.43,  0.03,  0.00,   56410407,   53395000,    3022000,   69488042, c++, iotlab1, mult, 8
5979571.exe ,  1.06,  0.45,  0.44,  0.03,  0.00,   57242637,   56241000,    1004000,   70423051, c++, iotlab1, mult, 8
5979571.exe ,  1.13,  0.46,  0.44,  0.03,  0.00,   57058296,   54970000,    1998000,   69652096, c++, iotlab1, mult, 8
5979571.exe ,  1.04,  0.45,  0.44,  0.03,  0.00,   56724733,   54713000,    2026000,   69927350, c++, iotlab1, mult, 8
5979571.exe ,  1.05,  0.45,  0.43,  0.03,  0.00,   57612367,   54660000,    2981000,   70408281, c++, iotlab1, mult, 8
5979571.exe ,  1.04,  0.45,  0.44,  0.03,  0.00,   56336534,   54338000,    2012000,   69431547, c++, iotlab1, mult, 8
5979571.exe ,  1.07,  0.46,  0.44,  0.03,  0.00,   56637563,   53651000,    2980000,   69741152, c++, iotlab1, mult, 8
5979571.exe ,  1.06,  0.46,  0.44,  0.03,  0.00,   56691032,   53705000,    2983000,   69757373, c++, iotlab1, mult, 8
5979571.exe ,  1.07,  0.46,  0.44,  0.03,  0.00,   56738776,   54715000,    1989000,   69770630, c++, iotlab1, mult, 8
5979571.exe ,  1.06,  0.45,  0.43,  0.03,  0.00,   56891801,   53931000,    2941000,   69828154, c++, iotlab1, mult, 8
5979571.exe ,  1.05,  0.44,  0.43,  0.03,  0.00,   56616910,   53663000,    2981000,   69456846, c++, iotlab1, mult, 8
5980827.exe ,  2.79,  1.18,  1.13,  0.08,  0.00,  150045784,  145981000,    3999000,  163861023, c++, iotlab1, mult, 8
5980827.exe ,  2.78,  1.18,  1.13,  0.08,  0.00,  148850609,  145862000,    2997000,  162638928, c++, iotlab1, mult, 8
5980827.exe ,  2.81,  1.19,  1.14,  0.08,  0.00,  149173716,  146159000,    3003000,  162119460, c++, iotlab1, mult, 8
5980827.exe ,  2.75,  1.17,  1.13,  0.08,  0.00,  148213557,  146190000,    2002000,  161789281, c++, iotlab1, mult, 8
5980827.exe ,  2.79,  1.18,  1.14,  0.08,  0.00,  147922809,  144938000,    2998000,  161536803, c++, iotlab1, mult, 8
5980827.exe ,  2.74,  1.17,  1.14,  0.08,  0.00,  148488564,  144515000,    3986000,  161193691, c++, iotlab1, mult, 8
5980827.exe ,  2.76,  1.17,  1.13,  0.08,  0.00,  147905146,  145904000,    2012000,  160647586, c++, iotlab1, mult, 8
5980827.exe ,  2.76,  1.18,  1.14,  0.08,  0.00,  148323943,  144203000,    3978000,  161029864, c++, iotlab1, mult, 8
5980827.exe ,  2.75,  1.18,  1.14,  0.08,  0.00,  148318376,  146330000,    2004000,  161916303, c++, iotlab1, mult, 8
5980827.exe ,  2.79,  1.19,  1.15,  0.08,  0.00,  149710729,  146733000,    2994000,  162942380, c++, iotlab1, mult, 8
5981368.exe ,  1.10,  0.47,  0.45,  0.03,  0.00,   58956819,   54954000,    3996000,   71553380, c++, iotlab1, mult, 8
5981368.exe ,  1.12,  0.47,  0.45,  0.03,  0.00,   58943105,   55875000,    3047000,   72174859, c++, iotlab1, mult, 8
5981368.exe ,  1.11,  0.48,  0.45,  0.03,  0.00,   59219615,   56210000,    3011000,   72129302, c++, iotlab1, mult, 8
5981368.exe ,  1.12,  0.48,  0.46,  0.03,  0.00,   59314716,   56250000,    2960000,   72051055, c++, iotlab1, mult, 8
5981368.exe ,  1.11,  0.47,  0.46,  0.03,  0.00,   59584043,   57604000,    1986000,   72750141, c++, iotlab1, mult, 8
5981368.exe ,  1.10,  0.47,  0.45,  0.03,  0.00,   59888268,   55990000,    3929000,   73489210, c++, iotlab1, mult, 8
5981368.exe ,  1.09,  0.47,  0.46,  0.03,  0.00,   58794704,   56799000,    1992000,   72435036, c++, iotlab1, mult, 8
5981368.exe ,  1.10,  0.47,  0.46,  0.03,  0.00,   59518859,   56540000,    2975000,   72643218, c++, iotlab1, mult, 8
5981368.exe ,  1.11,  0.48,  0.46,  0.03,  0.00,   59119828,   57109000,    2003000,   72372631, c++, iotlab1, mult, 8
5981368.exe ,  1.10,  0.47,  0.45,  0.03,  0.00,   59512281,   57464000,    1981000,   73026135, c++, iotlab1, mult, 8
5987243.exe ,  1.03,  0.43,  0.42,  0.03,  0.00,   54191315,   51188000,    3011000,   68476364, c++, iotlab1, mult, 8
5987243.exe ,  1.04,  0.42,  0.40,  0.03,  0.00,   56700139,   53715000,    2984000,   70579255, c++, iotlab1, mult, 8
5987243.exe ,  1.02,  0.43,  0.41,  0.03,  0.00,   54175229,   52212000,    1970000,   67124772, c++, iotlab1, mult, 8
5987243.exe ,  1.06,  0.42,  0.41,  0.03,  0.00,   55333407,   52314000,    3018000,   68820910, c++, iotlab1, mult, 8
5987243.exe ,  1.03,  0.44,  0.42,  0.03,  0.00,   54454069,   52429000,    1978000,   67170590, c++, iotlab1, mult, 8
5987243.exe ,  1.01,  0.43,  0.42,  0.03,  0.00,   54478312,   51485000,    2970000,   68137215, c++, iotlab1, mult, 8
5987243.exe ,  1.03,  0.44,  0.42,  0.03,  0.00,   54696290,   53611000,    1011000,   67532381, c++, iotlab1, mult, 8
5987243.exe ,  1.02,  0.44,  0.42,  0.03,  0.00,   54750290,   53724000,    1013000,   67569714, c++, iotlab1, mult, 8
5987243.exe ,  1.03,  0.44,  0.42,  0.03,  0.00,   54388365,   49446000,    4944000,   67845062, c++, iotlab1, mult, 8
5987243.exe ,  1.02,  0.44,  0.42,  0.03,  0.00,   54891942,   51897000,    2994000,   67311695, c++, iotlab1, mult, 8
5990492.exe ,  2.71,  1.16,  1.12,  0.07,  0.00,  146256960,  143071000,    3001000,  159790063, c++, iotlab1, mult, 8
5990492.exe ,  2.72,  1.16,  1.12,  0.07,  0.00,  145418584,  142451000,    2988000,  158206857, c++, iotlab1, mult, 8
5990492.exe ,  2.72,  1.16,  1.12,  0.08,  0.00,  145646729,  143665000,    1995000,  158985096, c++, iotlab1, mult, 8
5990492.exe ,  2.71,  1.16,  1.11,  0.08,  0.00,  145217881,  142220000,    3004000,  158058560, c++, iotlab1, mult, 8
5990492.exe ,  2.79,  1.19,  1.14,  0.08,  0.00,  151478050,  148475000,    3009000,  165317903, c++, iotlab1, mult, 8
5990492.exe ,  2.74,  1.17,  1.13,  0.08,  0.00,  148718275,  146619000,    1994000,  161675781, c++, iotlab1, mult, 8
5990492.exe ,  2.72,  1.16,  1.12,  0.08,  0.00,  147386360,  146409000,    1002000,  160224528, c++, iotlab1, mult, 8
5990492.exe ,  2.71,  1.16,  1.12,  0.07,  0.00,  146315533,  145354000,    1002000,  159187495, c++, iotlab1, mult, 8
5990492.exe ,  2.69,  1.16,  1.12,  0.07,  0.00,  145755426,  143765000,    2010000,  159618785, c++, iotlab1, mult, 8
5990492.exe ,  2.84,  1.16,  1.13,  0.07,  0.00,  146466586,  146421000,          0,  159643358, c++, iotlab1, mult, 8
6040995.exe ,  2.90,  1.23,  1.18,  0.08,  0.00,  154325737,  153145000,    1000000,  168119709, c++, iotlab1, mult, 8
6040995.exe ,  2.90,  1.24,  1.18,  0.08,  0.00,  154130901,  151109000,    3002000,  167155744, c++, iotlab1, mult, 8
6040995.exe ,  2.88,  1.23,  1.18,  0.08,  0.00,  153824837,  146850000,    6992000,  167595328, c++, iotlab1, mult, 8
6040995.exe ,  3.00,  1.24,  1.19,  0.08,  0.00,  155058637,  150074000,    5002000,  167990630, c++, iotlab1, mult, 8
6040995.exe ,  2.93,  1.23,  1.18,  0.08,  0.00,  153948258,  150958000,    2999000,  166904334, c++, iotlab1, mult, 8
6040995.exe ,  2.90,  1.23,  1.18,  0.08,  0.00,  154210604,  147168000,    7008000,  167165221, c++, iotlab1, mult, 8
6040995.exe ,  2.89,  1.22,  1.17,  0.08,  0.00,  153030085,  148042000,    5001000,  165762108, c++, iotlab1, mult, 8
6040995.exe ,  2.91,  1.22,  1.18,  0.08,  0.00,  153636175,  146675000,    6984000,  167367745, c++, iotlab1, mult, 8
6040995.exe ,  2.90,  1.23,  1.18,  0.08,  0.00,  153422574,  149456000,    3985000,  166234167, c++, iotlab1, mult, 8
6040995.exe ,  2.88,  1.22,  1.18,  0.08,  0.00,  153437629,  150439000,    3008000,  166359639, c++, iotlab1, mult, 8
6236007.exe ,  1.07,  0.45,  0.43,  0.03,  0.00,   56957866,   53920000,    2995000,   70236443, c++, iotlab1, mult, 8
6236007.exe ,  1.07,  0.45,  0.43,  0.03,  0.00,   56928012,   52932000,    3994000,   69970896, c++, iotlab1, mult, 8
6236007.exe ,  1.10,  0.46,  0.44,  0.03,  0.00,   57315541,   54305000,    3016000,   70587307, c++, iotlab1, mult, 8
6236007.exe ,  1.06,  0.44,  0.42,  0.03,  0.00,   58109774,   55030000,    3001000,   71990245, c++, iotlab1, mult, 8
6236007.exe ,  1.05,  0.44,  0.43,  0.03,  0.00,   57776719,   50935000,    6856000,   70707185, c++, iotlab1, mult, 8
6236007.exe ,  1.05,  0.45,  0.44,  0.03,  0.00,   56561728,   53589000,    2977000,   69822123, c++, iotlab1, mult, 8
6236007.exe ,  1.07,  0.45,  0.43,  0.03,  0.00,   56758196,   52783000,    3983000,   70194983, c++, iotlab1, mult, 8
6236007.exe ,  1.08,  0.45,  0.43,  0.03,  0.00,   57485640,   53524000,    3964000,   70672074, c++, iotlab1, mult, 8
6236007.exe ,  1.08,  0.45,  0.44,  0.03,  0.00,   57297268,   55112000,    2004000,   69972087, c++, iotlab1, mult, 8
6236007.exe ,  1.06,  0.44,  0.43,  0.03,  0.00,   58338810,   55303000,    3016000,   72227064, c++, iotlab1, mult, 8
6322230.exe ,  2.71,  1.15,  1.10,  0.08,  0.00,  145693703,  143622000,    2008000,  159510025, c++, iotlab1, mult, 8
6322230.exe ,  2.73,  1.16,  1.11,  0.08,  0.00,  147019684,  143064000,    3974000,  160498911, c++, iotlab1, mult, 8
6322230.exe ,  2.71,  1.15,  1.11,  0.07,  0.00,  145123406,  143124000,    2001000,  158184071, c++, iotlab1, mult, 8
6322230.exe ,  2.74,  1.16,  1.11,  0.08,  0.00,  145754037,  141776000,    3993000,  158533684, c++, iotlab1, mult, 8
6322230.exe ,  2.74,  1.15,  1.11,  0.07,  0.00,  145520739,  144452000,    1003000,  158385089, c++, iotlab1, mult, 8
6322230.exe ,  2.72,  1.16,  1.11,  0.07,  0.00,  144707263,  143681000,    1004000,  157860324, c++, iotlab1, mult, 8
6322230.exe ,  2.74,  1.16,  1.11,  0.08,  0.00,  145672797,  143655000,    2009000,  159239931, c++, iotlab1, mult, 8
6322230.exe ,  2.73,  1.16,  1.11,  0.08,  0.00,  145557160,  140535000,    4983000,  158719888, c++, iotlab1, mult, 8
6322230.exe ,  2.79,  1.18,  1.14,  0.08,  0.00,  148637736,  147562000,    1003000,  161316851, c++, iotlab1, mult, 8
6322230.exe ,  2.73,  1.14,  1.10,  0.07,  0.00,  145427405,  143411000,    2005000,  159339953, c++, iotlab1, mult, 8
6463124.exe ,  1.60,  0.66,  0.63,  0.07,  0.00,   84082658,   76971000,    6997000,   97803164, c++, iotlab1, mult, 8
6463124.exe ,  1.60,  0.65,  0.63,  0.07,  0.00,   84061305,   78056000,    6004000,   97711177, c++, iotlab1, mult, 8
6463124.exe ,  1.61,  0.66,  0.63,  0.07,  0.00,   82786538,   75806000,    6982000,   95836012, c++, iotlab1, mult, 8
6463124.exe ,  1.61,  0.66,  0.63,  0.07,  0.00,   83014572,   75998000,    6999000,   96148354, c++, iotlab1, mult, 8
6463124.exe ,  1.61,  0.66,  0.63,  0.07,  0.00,   82558540,   77576000,    4972000,   96603869, c++, iotlab1, mult, 8
6463124.exe ,  1.60,  0.66,  0.63,  0.07,  0.00,   83189317,   78120000,    5007000,   96110097, c++, iotlab1, mult, 8
6463124.exe ,  1.63,  0.67,  0.64,  0.07,  0.00,   83580077,   77615000,    5970000,   97181258, c++, iotlab1, mult, 8
6463124.exe ,  1.61,  0.66,  0.64,  0.07,  0.00,   83050155,   76968000,    5997000,   95868385, c++, iotlab1, mult, 8
6463124.exe ,  1.61,  0.66,  0.64,  0.07,  0.00,   83481316,   78334000,    5021000,   96180807, c++, iotlab1, mult, 8
6463124.exe ,  1.60,  0.66,  0.63,  0.07,  0.00,   83351953,   79247000,    4012000,   96120420, c++, iotlab1, mult, 8
6521284.exe ,  1.08,  0.45,  0.43,  0.03,  0.00,   55785460,   52676000,    2981000,   69742401, c++, iotlab1, mult, 8
6521284.exe ,  1.05,  0.45,  0.43,  0.03,  0.00,   55588990,   53571000,    2021000,   69236665, c++, iotlab1, mult, 8
6521284.exe ,  1.06,  0.45,  0.43,  0.03,  0.00,   55800530,   51807000,    3985000,   68634649, c++, iotlab1, mult, 8
6521284.exe ,  1.06,  0.45,  0.43,  0.03,  0.00,   55709058,   50733000,    4973000,   69070589, c++, iotlab1, mult, 8
6521284.exe ,  1.11,  0.46,  0.44,  0.03,  0.00,   57586444,   54418000,    3023000,   70551147, c++, iotlab1, mult, 8
6521284.exe ,  1.06,  0.45,  0.43,  0.03,  0.00,   55853368,   52719000,    3041000,   68540862, c++, iotlab1, mult, 8
6521284.exe ,  1.05,  0.45,  0.43,  0.03,  0.00,   55997398,   50916000,    4991000,   68673934, c++, iotlab1, mult, 8
6521284.exe ,  1.04,  0.44,  0.42,  0.03,  0.00,   56180376,   53038000,    3002000,   69670648, c++, iotlab1, mult, 8
6521284.exe ,  1.05,  0.45,  0.43,  0.03,  0.00,   55929550,   52781000,    3045000,   68598598, c++, iotlab1, mult, 8
6521284.exe ,  1.04,  0.44,  0.43,  0.03,  0.00,   56345378,   51323000,    4934000,   69832479, c++, iotlab1, mult, 8
703894.exe  ,  2.76,  1.17,  1.13,  0.08,  0.00,  147549639,  143578000,    3988000,  160557644, c++, iotlab1, mult, 8
703894.exe  ,  2.78,  1.19,  1.14,  0.08,  0.00,  148376047,  145352000,    3007000,  161045499, c++, iotlab1, mult, 8
703894.exe  ,  2.79,  1.19,  1.14,  0.08,  0.00,  148502754,  147488000,     996000,  161476630, c++, iotlab1, mult, 8
703894.exe  ,  2.77,  1.17,  1.12,  0.08,  0.00,  146572769,  144521000,    1993000,  159530942, c++, iotlab1, mult, 8
703894.exe  ,  2.78,  1.17,  1.12,  0.08,  0.00,  146562545,  146569000,          0,  159406715, c++, iotlab1, mult, 8
703894.exe  ,  2.75,  1.17,  1.13,  0.07,  0.00,  146616183,  144600000,    2008000,  160271444, c++, iotlab1, mult, 8
703894.exe  ,  2.77,  1.17,  1.13,  0.08,  0.00,  147050981,  145063000,    2000000,  160253974, c++, iotlab1, mult, 8
703894.exe  ,  2.79,  1.17,  1.12,  0.08,  0.00,  146967968,  143998000,    2999000,  159934415, c++, iotlab1, mult, 8
703894.exe  ,  2.76,  1.17,  1.13,  0.08,  0.00,  146726169,  145742000,     998000,  160016778, c++, iotlab1, mult, 8
703894.exe  ,  2.75,  1.17,  1.12,  0.07,  0.00,  146573192,  142592000,    3988000,  159269472, c++, iotlab1, mult, 8
7091608.exe ,  2.74,  1.16,  1.12,  0.08,  0.00,  145878533,  142864000,    2997000,  158547230, c++, iotlab1, mult, 8
7091608.exe ,  2.73,  1.16,  1.12,  0.08,  0.00,  145944623,  141809000,    3994000,  159433810, c++, iotlab1, mult, 8
7091608.exe ,  2.76,  1.16,  1.11,  0.07,  0.00,  144866787,  143884000,     999000,  158472197, c++, iotlab1, mult, 8
7091608.exe ,  2.72,  1.16,  1.11,  0.07,  0.00,  144860273,  144744000,          0,  158551052, c++, iotlab1, mult, 8
7091608.exe ,  2.76,  1.17,  1.13,  0.07,  0.00,  146963401,  144879000,    1998000,  160072816, c++, iotlab1, mult, 8
7091608.exe ,  2.70,  1.15,  1.11,  0.07,  0.00,  144276137,  141173000,    3003000,  157378341, c++, iotlab1, mult, 8
7091608.exe ,  2.73,  1.16,  1.11,  0.07,  0.00,  145322569,  143173000,    1988000,  158197495, c++, iotlab1, mult, 8
7091608.exe ,  2.69,  1.14,  1.11,  0.07,  0.00,  144444394,  141482000,    2989000,  157307680, c++, iotlab1, mult, 8
7091608.exe ,  2.74,  1.15,  1.11,  0.07,  0.00,  145167494,  142135000,    3002000,  157957084, c++, iotlab1, mult, 8
7091608.exe ,  2.72,  1.16,  1.12,  0.07,  0.00,  146275502,  144299000,    2004000,  159025119, c++, iotlab1, mult, 8
7103208.exe ,  1.05,  0.44,  0.42,  0.03,  0.00,   56766171,   55755000,    1013000,   70234273, c++, iotlab1, mult, 8
7103208.exe ,  1.06,  0.45,  0.43,  0.03,  0.00,   56138587,   54118000,    2004000,   68901931, c++, iotlab1, mult, 8
7103208.exe ,  1.06,  0.44,  0.43,  0.03,  0.00,   55951407,   53903000,    2034000,   69076726, c++, iotlab1, mult, 8
7103208.exe ,  1.03,  0.43,  0.42,  0.03,  0.00,   56430515,   52377000,    4029000,   70414326, c++, iotlab1, mult, 8
7103208.exe ,  1.04,  0.44,  0.42,  0.03,  0.00,   55730008,   51747000,    3980000,   68856821, c++, iotlab1, mult, 8
7103208.exe ,  1.05,  0.44,  0.43,  0.03,  0.00,   55899587,   54880000,    1016000,   69413440, c++, iotlab1, mult, 8
7103208.exe ,  1.04,  0.42,  0.41,  0.03,  0.00,   57302556,   53291000,    4021000,   71193545, c++, iotlab1, mult, 8
7103208.exe ,  1.04,  0.44,  0.42,  0.03,  0.00,   55875883,   48848000,    6978000,   69376960, c++, iotlab1, mult, 8
7103208.exe ,  1.02,  0.44,  0.43,  0.03,  0.00,   55623985,   53569000,    1984000,   68675194, c++, iotlab1, mult, 8
7103208.exe ,  1.03,  0.44,  0.42,  0.03,  0.00,   55088607,   49074000,    6009000,   68684738, c++, iotlab1, mult, 8
7162730.exe ,  1.05,  0.44,  0.43,  0.03,  0.00,   56103472,   54103000,    2003000,   68931731, c++, iotlab1, mult, 8
7162730.exe ,  1.05,  0.45,  0.43,  0.03,  0.00,   55803659,   50822000,    4982000,   69098947, c++, iotlab1, mult, 8
7162730.exe ,  1.05,  0.45,  0.43,  0.03,  0.00,   56268391,   54250000,    2009000,   69367743, c++, iotlab1, mult, 8
7162730.exe ,  1.05,  0.45,  0.43,  0.03,  0.00,   56125146,   53123000,    3006000,   69198045, c++, iotlab1, mult, 8
7162730.exe ,  1.06,  0.44,  0.43,  0.03,  0.00,   55982942,   51973000,    3997000,   69108562, c++, iotlab1, mult, 8
7162730.exe ,  1.05,  0.45,  0.43,  0.03,  0.00,   56053706,   53066000,    3003000,   68626337, c++, iotlab1, mult, 8
7162730.exe ,  1.05,  0.45,  0.43,  0.03,  0.00,   55714191,   52738000,    2985000,   69278654, c++, iotlab1, mult, 8
7162730.exe ,  1.06,  0.43,  0.42,  0.03,  0.00,   57547231,   56517000,    1009000,   71523176, c++, iotlab1, mult, 8
7162730.exe ,  1.07,  0.45,  0.43,  0.03,  0.00,   55654350,   51634000,    3971000,   68376345, c++, iotlab1, mult, 8
7162730.exe ,  1.04,  0.43,  0.42,  0.03,  0.00,   57352023,   53358000,    3952000,   71195308, c++, iotlab1, mult, 8
7663493.exe ,  2.74,  1.17,  1.13,  0.08,  0.00,  147305677,  147300000,          0,  160424978, c++, iotlab1, mult, 8
7663493.exe ,  2.73,  1.18,  1.13,  0.08,  0.00,  147838437,  144862000,    2997000,  161364265, c++, iotlab1, mult, 8
7663493.exe ,  2.74,  1.17,  1.13,  0.08,  0.00,  148568771,  146601000,    1994000,  162146992, c++, iotlab1, mult, 8
7663493.exe ,  2.75,  1.17,  1.13,  0.08,  0.00,  149499228,  147512000,    2006000,  163460176, c++, iotlab1, mult, 8
7663493.exe ,  2.73,  1.17,  1.13,  0.08,  0.00,  146759165,  142775000,    3993000,  160108089, c++, iotlab1, mult, 8
7663493.exe ,  2.72,  1.16,  1.12,  0.07,  0.00,  147081202,  143100000,    4002000,  161093504, c++, iotlab1, mult, 8
7663493.exe ,  2.71,  1.16,  1.12,  0.07,  0.00,  146228737,  140281000,    5969000,  159016476, c++, iotlab1, mult, 8
7663493.exe ,  2.74,  1.17,  1.13,  0.07,  0.00,  147526613,  143530000,    4014000,  160390078, c++, iotlab1, mult, 8
7663493.exe ,  2.73,  1.17,  1.13,  0.08,  0.00,  147309508,  146171000,    1001000,  160156483, c++, iotlab1, mult, 8
7663493.exe ,  2.74,  1.18,  1.14,  0.08,  0.00,  147945823,  142937000,    4963000,  161517871, c++, iotlab1, mult, 8
766743.exe  ,  2.76,  1.18,  1.14,  0.08,  0.00,  147998192,  143008000,    5000000,  161202497, c++, iotlab1, mult, 8
766743.exe  ,  2.75,  1.18,  1.14,  0.08,  0.00,  148180750,  145070000,    3001000,  161390464, c++, iotlab1, mult, 8
766743.exe  ,  2.76,  1.19,  1.14,  0.08,  0.00,  148746724,  145732000,    3015000,  161667927, c++, iotlab1, mult, 8
766743.exe  ,  2.74,  1.17,  1.14,  0.08,  0.00,  147815344,  145821000,    1997000,  160884593, c++, iotlab1, mult, 8
766743.exe  ,  2.78,  1.20,  1.15,  0.08,  0.00,  149711409,  148728000,     998000,  163410175, c++, iotlab1, mult, 8
766743.exe  ,  2.77,  1.18,  1.14,  0.08,  0.00,  148359141,  144341000,    4009000,  162107491, c++, iotlab1, mult, 8
766743.exe  ,  2.76,  1.18,  1.14,  0.08,  0.00,  148015573,  144986000,    2999000,  161608159, c++, iotlab1, mult, 8
766743.exe  ,  2.74,  1.17,  1.13,  0.08,  0.00,  147885926,  143690000,    4019000,  161061684, c++, iotlab1, mult, 8
766743.exe  ,  2.76,  1.18,  1.14,  0.08,  0.00,  147875683,  142908000,    4996000,  161063874, c++, iotlab1, mult, 8
766743.exe  ,  2.76,  1.18,  1.14,  0.08,  0.00,  147514763,  144500000,    3010000,  161125466, c++, iotlab1, mult, 8
7856160.exe ,  5.23,  2.19,  2.10,  0.20,  0.00,  275485115,  252367000,   23033000,  288579995, c++, iotlab1, mult, 8
7856160.exe ,  5.19,  2.18,  2.10,  0.19,  0.00,  273824439,  260842000,   12992000,  287351325, c++, iotlab1, mult, 8
7856160.exe ,  5.26,  2.19,  2.11,  0.20,  0.00,  274926387,  254941000,   19995000,  288368120, c++, iotlab1, mult, 8
7856160.exe ,  5.23,  2.18,  2.09,  0.20,  0.00,  273365515,  254334000,   18950000,  286303744, c++, iotlab1, mult, 8
7856160.exe ,  5.23,  2.19,  2.11,  0.20,  0.00,  274864971,  255791000,   18984000,  288240433, c++, iotlab1, mult, 8
7856160.exe ,  5.26,  2.20,  2.11,  0.20,  0.00,  275565611,  256483000,   18961000,  288811668, c++, iotlab1, mult, 8
7856160.exe ,  5.32,  2.20,  2.11,  0.20,  0.00,  275759769,  259732000,   16045000,  289058857, c++, iotlab1, mult, 8
7856160.exe ,  5.25,  2.19,  2.10,  0.20,  0.00,  274949496,  257810000,   17053000,  288178020, c++, iotlab1, mult, 8
7856160.exe ,  5.27,  2.21,  2.12,  0.20,  0.00,  276743558,  259681000,   17044000,  290376867, c++, iotlab1, mult, 8
7856160.exe ,  5.25,  2.20,  2.11,  0.20,  0.00,  275804139,  256835000,   18987000,  289005533, c++, iotlab1, mult, 8
7891135.exe ,  2.69,  1.15,  1.12,  0.07,  0.00,  145606499,  142548000,    2990000,  158311720, c++, iotlab1, mult, 8
7891135.exe ,  2.70,  1.16,  1.12,  0.07,  0.00,  145398613,  143426000,    1992000,  159147592, c++, iotlab1, mult, 8
7891135.exe ,  2.70,  1.17,  1.12,  0.08,  0.00,  146026430,  143003000,    2979000,  159929033, c++, iotlab1, mult, 8
7891135.exe ,  2.68,  1.15,  1.12,  0.07,  0.00,  145873242,  144882000,    1006000,  158717438, c++, iotlab1, mult, 8
7891135.exe ,  2.69,  1.16,  1.12,  0.07,  0.00,  145685900,  145709000,          0,  158922397, c++, iotlab1, mult, 8
7891135.exe ,  2.70,  1.16,  1.12,  0.07,  0.00,  146069673,  143789000,    1997000,  158782210, c++, iotlab1, mult, 8
7891135.exe ,  2.69,  1.15,  1.12,  0.07,  0.00,  145497829,  144483000,     996000,  159034628, c++, iotlab1, mult, 8
7891135.exe ,  2.71,  1.16,  1.12,  0.07,  0.00,  146319002,  144327000,    2004000,  159259852, c++, iotlab1, mult, 8
7891135.exe ,  2.70,  1.15,  1.11,  0.07,  0.00,  144859191,  143789000,    1005000,  157761743, c++, iotlab1, mult, 8
7891135.exe ,  2.70,  1.15,  1.11,  0.07,  0.00,  144870869,  144854000,          0,  158365393, c++, iotlab1, mult, 8
793821.exe  ,  1.09,  0.46,  0.45,  0.03,  0.00,   57980454,   53985000,    3998000,   71222571, c++, iotlab1, mult, 8
793821.exe  ,  1.08,  0.45,  0.44,  0.03,  0.00,   58286043,   57285000,    1005000,   71984295, c++, iotlab1, mult, 8
793821.exe  ,  1.09,  0.46,  0.44,  0.03,  0.00,   57707114,   52734000,    4974000,   70684622, c++, iotlab1, mult, 8
793821.exe  ,  1.09,  0.45,  0.43,  0.03,  0.00,   58490945,   53536000,    4957000,   72061722, c++, iotlab1, mult, 8
793821.exe  ,  1.09,  0.47,  0.44,  0.03,  0.00,   57436205,   54368000,    3020000,   71394791, c++, iotlab1, mult, 8
793821.exe  ,  1.07,  0.45,  0.44,  0.03,  0.00,   57527682,   51583000,    5951000,   71352558, c++, iotlab1, mult, 8
793821.exe  ,  1.09,  0.47,  0.44,  0.03,  0.00,   57518962,   53410000,    4030000,   71361134, c++, iotlab1, mult, 8
793821.exe  ,  1.10,  0.46,  0.44,  0.03,  0.00,   57569130,   55538000,    2019000,   70766514, c++, iotlab1, mult, 8
793821.exe  ,  1.09,  0.47,  0.44,  0.03,  0.00,   57320280,   54250000,    3013000,   71682519, c++, iotlab1, mult, 8
793821.exe  ,  1.09,  0.45,  0.43,  0.03,  0.00,   58676429,   55636000,    3034000,   71703657, c++, iotlab1, mult, 8
798360.exe  ,  4.27,  1.79,  1.72,  0.14,  0.00,  225961805,  220935000,    5021000,  239172327, c++, iotlab1, mult, 8
798360.exe  ,  4.27,  1.79,  1.73,  0.15,  0.00,  228422917,  223429000,    4987000,  242038229, c++, iotlab1, mult, 8
798360.exe  ,  4.28,  1.81,  1.74,  0.14,  0.00,  227843798,  218846000,    8993000,  240678520, c++, iotlab1, mult, 8
798360.exe  ,  4.30,  1.80,  1.73,  0.15,  0.00,  229334899,  224222000,    5004000,  242440851, c++, iotlab1, mult, 8
798360.exe  ,  4.37,  1.83,  1.76,  0.15,  0.00,  232150354,  225110000,    7003000,  245775421, c++, iotlab1, mult, 8
798360.exe  ,  4.36,  1.82,  1.74,  0.15,  0.00,  228720622,  221710000,    6990000,  241567688, c++, iotlab1, mult, 8
798360.exe  ,  4.35,  1.80,  1.73,  0.15,  0.00,  227336428,  222353000,    4985000,  240207275, c++, iotlab1, mult, 8
798360.exe  ,  4.30,  1.80,  1.73,  0.15,  0.00,  227437518,  218446000,    8977000,  240477659, c++, iotlab1, mult, 8
798360.exe  ,  4.29,  1.80,  1.73,  0.15,  0.00,  227417266,  218386000,    9015000,  240666147, c++, iotlab1, mult, 8
798360.exe  ,  4.33,  1.81,  1.74,  0.15,  0.00,  228110910,  216182000,   11954000,  241806768, c++, iotlab1, mult, 8
8028891.exe ,  1.02,  0.43,  0.41,  0.03,  0.00,   55051081,   52055000,    3003000,   67698303, c++, iotlab1, mult, 8
8028891.exe ,  1.05,  0.44,  0.42,  0.03,  0.00,   54519001,   50458000,    3957000,   67808462, c++, iotlab1, mult, 8
8028891.exe ,  1.03,  0.44,  0.42,  0.03,  0.00,   54600636,   53589000,    1011000,   67913679, c++, iotlab1, mult, 8
8028891.exe ,  1.03,  0.42,  0.40,  0.03,  0.00,   56642273,   49686000,    6956000,   70692196, c++, iotlab1, mult, 8
8028891.exe ,  1.01,  0.43,  0.42,  0.03,  0.00,   54763965,   51714000,    3042000,   68130040, c++, iotlab1, mult, 8
8028891.exe ,  1.03,  0.42,  0.40,  0.03,  0.00,   55758478,   49702000,    5964000,   69704761, c++, iotlab1, mult, 8
8028891.exe ,  1.05,  0.44,  0.41,  0.03,  0.00,   55062328,   53064000,    2002000,   68788079, c++, iotlab1, mult, 8
8028891.exe ,  1.03,  0.41,  0.39,  0.03,  0.00,   57586522,   51634000,    5957000,   71953231, c++, iotlab1, mult, 8
8028891.exe ,  1.03,  0.44,  0.42,  0.03,  0.00,   54712819,   49669000,    5068000,   67854796, c++, iotlab1, mult, 8
8028891.exe ,  1.03,  0.43,  0.41,  0.03,  0.00,   55304381,   47190000,    8032000,   69202678, c++, iotlab1, mult, 8
849073.exe  ,  1.03,  0.43,  0.42,  0.03,  0.00,   55005972,   52964000,    1998000,   68032729, c++, iotlab1, mult, 8
849073.exe  ,  1.01,  0.43,  0.42,  0.03,  0.00,   54560356,   53566000,    1010000,   67865361, c++, iotlab1, mult, 8
849073.exe  ,  1.04,  0.44,  0.42,  0.03,  0.00,   54925614,   50899000,    3992000,   68158618, c++, iotlab1, mult, 8
849073.exe  ,  1.03,  0.44,  0.42,  0.03,  0.00,   55359002,   52401000,    2966000,   68402402, c++, iotlab1, mult, 8
849073.exe  ,  1.05,  0.44,  0.42,  0.03,  0.00,   55002053,   52997000,    1999000,   67661279, c++, iotlab1, mult, 8
849073.exe  ,  1.03,  0.43,  0.42,  0.03,  0.00,   55566177,   51600000,    3969000,   68291229, c++, iotlab1, mult, 8
849073.exe  ,  1.04,  0.40,  0.38,  0.03,  0.00,   59944246,   57958000,    1998000,   73693625, c++, iotlab1, mult, 8
849073.exe  ,  1.02,  0.43,  0.42,  0.03,  0.00,   54667168,   53636000,    1012000,   68178860, c++, iotlab1, mult, 8
849073.exe  ,  1.03,  0.44,  0.42,  0.03,  0.00,   55098757,   53014000,    2000000,   68320093, c++, iotlab1, mult, 8
849073.exe  ,  1.02,  0.42,  0.41,  0.03,  0.00,   56477129,   53494000,    2971000,   70226629, c++, iotlab1, mult, 8
8519892.exe ,  1.02,  0.43,  0.42,  0.03,  0.00,   55667402,   53685000,    1988000,   68828108, c++, iotlab1, mult, 8
8519892.exe ,  1.02,  0.44,  0.42,  0.03,  0.00,   55216373,   51132000,    4010000,   68093666, c++, iotlab1, mult, 8
8519892.exe ,  1.03,  0.44,  0.42,  0.03,  0.00,   55056695,   54065000,    1001000,   68523592, c++, iotlab1, mult, 8
8519892.exe ,  1.05,  0.45,  0.43,  0.03,  0.00,   55354249,   53340000,    2012000,   68704387, c++, iotlab1, mult, 8
8519892.exe ,  1.04,  0.43,  0.42,  0.03,  0.00,   55677881,   54690000,     994000,   68389104, c++, iotlab1, mult, 8
8519892.exe ,  1.04,  0.44,  0.42,  0.03,  0.00,   55410383,   52358000,    3020000,   68961037, c++, iotlab1, mult, 8
8519892.exe ,  1.04,  0.44,  0.42,  0.03,  0.00,   55952965,   53936000,    1997000,   69079565, c++, iotlab1, mult, 8
8519892.exe ,  1.04,  0.44,  0.42,  0.03,  0.00,   55345034,   54339000,    1006000,   68056749, c++, iotlab1, mult, 8
8519892.exe ,  1.05,  0.45,  0.42,  0.03,  0.00,   55328710,   54322000,    1005000,   68399675, c++, iotlab1, mult, 8
8519892.exe ,  1.03,  0.44,  0.42,  0.03,  0.00,   55016766,   54011000,    1000000,   68171876, c++, iotlab1, mult, 8
856959.exe  ,  1.11,  0.47,  0.45,  0.03,  0.00,   58513642,   55497000,    3027000,   71205280, c++, iotlab1, mult, 8
856959.exe  ,  1.11,  0.47,  0.45,  0.03,  0.00,   58851880,   56818000,    2029000,   72195740, c++, iotlab1, mult, 8
856959.exe  ,  1.10,  0.47,  0.45,  0.03,  0.00,   58979851,   56044000,    2949000,   71886823, c++, iotlab1, mult, 8
856959.exe  ,  1.08,  0.46,  0.45,  0.03,  0.00,   58594316,   54614000,    3971000,   71979251, c++, iotlab1, mult, 8
856959.exe  ,  1.12,  0.47,  0.45,  0.03,  0.00,   58846674,   57747000,    1013000,   71745234, c++, iotlab1, mult, 8
856959.exe  ,  1.09,  0.47,  0.45,  0.03,  0.00,   58616376,   53651000,    4967000,   72358046, c++, iotlab1, mult, 8
856959.exe  ,  1.11,  0.47,  0.45,  0.03,  0.00,   58734093,   55756000,    2986000,   71892374, c++, iotlab1, mult, 8
856959.exe  ,  1.10,  0.45,  0.43,  0.03,  0.00,   60818747,   54938000,    5886000,   74682299, c++, iotlab1, mult, 8
856959.exe  ,  1.10,  0.46,  0.44,  0.03,  0.00,   59165381,   56093000,    3005000,   72601617, c++, iotlab1, mult, 8
856959.exe  ,  1.13,  0.47,  0.45,  0.03,  0.00,   59370172,   59386000,          0,   73344487, c++, iotlab1, mult, 8
908301.exe  ,  2.71,  1.17,  1.12,  0.07,  0.00,  146020560,  145003000,    1000000,  159727237, c++, iotlab1, mult, 8
908301.exe  ,  2.76,  1.18,  1.13,  0.08,  0.00,  147059993,  145071000,    2000000,  160563565, c++, iotlab1, mult, 8
908301.exe  ,  2.75,  1.17,  1.13,  0.08,  0.00,  147222314,  145232000,    2003000,  160219216, c++, iotlab1, mult, 8
908301.exe  ,  2.75,  1.18,  1.13,  0.08,  0.00,  147488125,  145449000,    2006000,  160817918, c++, iotlab1, mult, 8
908301.exe  ,  2.76,  1.18,  1.13,  0.08,  0.00,  147904543,  146919000,     999000,  160795688, c++, iotlab1, mult, 8
908301.exe  ,  2.79,  1.19,  1.15,  0.08,  0.00,  149845133,  148875000,    1005000,  162746545, c++, iotlab1, mult, 8
908301.exe  ,  2.76,  1.18,  1.14,  0.08,  0.00,  147777327,  146817000,    1005000,  161085315, c++, iotlab1, mult, 8
908301.exe  ,  2.75,  1.17,  1.13,  0.08,  0.00,  146729295,  143730000,    2994000,  160637801, c++, iotlab1, mult, 8
908301.exe  ,  2.77,  1.17,  1.13,  0.08,  0.00,  147939427,  145956000,    1999000,  160668144, c++, iotlab1, mult, 8
908301.exe  ,  2.77,  1.18,  1.14,  0.08,  0.00,  147740793,  145761000,    2010000,  160979621, c++, iotlab1, mult, 8
