file,psys,pkg,cores,ram,gpu,duration_time,user_time,system_time,perf_time,lang,machine,cores,power_limit
10042170    , 1096.41, 538.11, 525.66, 20.67,  0.00, 41120323622, 41075286000,   17998000, 41182610576, python, iotlab1, mult, 0
10042170    , 1157.83, 558.28, 545.31, 21.52,  0.00, 42743036230, 42716388000,   23998000, 42755431078, python, iotlab1, mult, 0
10042170    , 1102.60, 530.18, 517.98, 20.29,  0.00, 40285703399, 40259035000,   23998000, 40297911527, python, iotlab1, mult, 0
10042170    , 1170.14, 564.00, 551.11, 21.48,  0.00, 42695924106, 42679585000,   15999000, 42708214619, python, iotlab1, mult, 0
10042170    , 1106.31, 533.02, 520.91, 20.23,  0.00, 40152715418, 40139620000,   13000000, 40165063259, python, iotlab1, mult, 0
10042170    , 1130.19, 543.59, 531.23, 20.62,  0.00, 40940817792, 40924625000,   15999000, 40953260843, python, iotlab1, mult, 0
10042170    , 1128.20, 538.46, 526.07, 20.59,  0.00, 40953193386, 40941939000,    8999000, 40965665752, python, iotlab1, mult, 0
10042170    , 1132.33, 541.53, 529.14, 20.62,  0.00, 40954350890, 40932548000,   18998000, 40966789863, python, iotlab1, mult, 0
10042170    , 1079.76, 518.54, 506.79, 19.61,  0.00, 38930110301, 38902379000,   24998000, 38942539156, python, iotlab1, mult, 0
10042170    , 1156.90, 556.13, 543.36, 21.03,  0.00, 41827085664, 41804582000,   21999000, 41839601529, python, iotlab1, mult, 0
10178893    ,  0.64,  0.21,  0.19,  0.02,  0.00,   32583249,    8467000,    3175000,   44942239, python, iotlab1, mult, 0
10178893    ,  0.28,  0.13,  0.13,  0.01,  0.00,   10975230,    5982000,    4985000,   23115901, python, iotlab1, mult, 0
10178893    ,  0.30,  0.14,  0.14,  0.01,  0.00,   11410334,    9458000,    1891000,   23802888, python, iotlab1, mult, 0
10178893    ,  0.31,  0.14,  0.14,  0.01,  0.00,   11330274,    8240000,    3090000,   23986524, python, iotlab1, mult, 0
10178893    ,  0.29,  0.14,  0.14,  0.01,  0.00,   11221371,    6124000,    5103000,   23745304, python, iotlab1, mult, 0
10178893    ,  0.28,  0.12,  0.12,  0.01,  0.00,   12042287,    9029000,    3009000,   24948481, python, iotlab1, mult, 0
10178893    ,  0.31,  0.15,  0.14,  0.01,  0.00,   11270321,    6559000,    4685000,   23705171, python, iotlab1, mult, 0
10178893    ,  0.31,  0.13,  0.13,  0.01,  0.00,   11188367,   10175000,    1017000,   23741203, python, iotlab1, mult, 0
10178893    ,  0.31,  0.13,  0.13,  0.01,  0.00,   11132980,    7077000,    4044000,   23405722, python, iotlab1, mult, 0
10178893    ,  0.29,  0.14,  0.14,  0.01,  0.00,   11049701,    9040000,    2009000,   23435534, python, iotlab1, mult, 0
10654326    , 840.20, 402.39, 393.20, 17.06,  0.00, 30038292926, 30019271000,   18999000, 30050752647, python, iotlab1, mult, 0
10654326    , 871.92, 415.46, 405.98, 17.57,  0.00, 31210593472, 31192812000,   15998000, 31222951538, python, iotlab1, mult, 0
10654326    , 823.28, 392.88, 383.95, 16.67,  0.00, 29349551754, 29331725000,   15998000, 29361890941, python, iotlab1, mult, 0
10654326    , 817.37, 389.93, 381.07, 16.50,  0.00, 29193124957, 29170633000,   20998000, 29205653378, python, iotlab1, mult, 0
10654326    , 821.76, 394.26, 385.34, 16.64,  0.00, 29228347279, 29215337000,   13000000, 29240861052, python, iotlab1, mult, 0
10654326    , 833.47, 396.79, 387.79, 16.80,  0.00, 29672952114, 29649179000,   21998000, 29685294314, python, iotlab1, mult, 0
10654326    , 854.67, 409.19, 399.85, 17.31,  0.00, 30598164658, 30584011000,   14000000, 30610530400, python, iotlab1, mult, 0
10654326    , 837.42, 398.11, 389.04, 16.88,  0.00, 29803856553, 29785030000,   16998000, 29816307836, python, iotlab1, mult, 0
10654326    , 855.51, 409.15, 399.94, 17.16,  0.00, 30299610440, 30279736000,   17999000, 30312081438, python, iotlab1, mult, 0
10654326    , 823.81, 390.63, 381.70, 16.58,  0.00, 29225547574, 29211431000,   14000000, 29237943354, python, iotlab1, mult, 0
1076207     , 498.49, 255.75, 249.96,  9.65,  0.00, 19058236284, 19034978000,   22999000, 19070672676, python, iotlab1, mult, 0
1076207     , 515.45, 258.21, 252.33,  9.83,  0.00, 19346650828, 19308440000,   37998000, 19359086701, python, iotlab1, mult, 0
1076207     , 488.55, 241.44, 235.89,  9.26,  0.00, 18284513816, 18245440000,   39000000, 18296922506, python, iotlab1, mult, 0
1076207     , 483.15, 244.65, 239.08,  9.28,  0.00, 18322449102, 18289348000,   33000000, 18334916363, python, iotlab1, mult, 0
1076207     , 493.98, 254.79, 249.06,  9.57,  0.00, 18831457715, 18796327000,   34998000, 18843790448, python, iotlab1, mult, 0
1076207     , 568.52, 271.95, 265.63, 10.51,  0.00, 20780363962, 20745006000,   32996000, 20792777757, python, iotlab1, mult, 0
1076207     , 509.36, 249.86, 244.11,  9.54,  0.00, 18839271078, 18809172000,   30000000, 18851658042, python, iotlab1, mult, 0
1076207     , 507.91, 244.71, 239.11,  9.30,  0.00, 18368901310, 18338751000,   28999000, 18381299832, python, iotlab1, mult, 0
1076207     , 556.85, 267.37, 261.25, 10.18,  0.00, 20045582592, 20007226000,   36998000, 20058043737, python, iotlab1, mult, 0
1076207     , 507.49, 259.01, 253.13,  9.80,  0.00, 19355390023, 19319175000,   34998000, 19367718792, python, iotlab1, mult, 0
10775514    , 738.74, 355.12, 347.07, 13.31,  0.00, 26401951924, 26366168000,   18998000, 26415356060, python, iotlab1, mult, 0
10775514    , 727.35, 348.91, 340.91, 13.16,  0.00, 26170033140, 26148107000,   22000000, 26182526169, python, iotlab1, mult, 0
10775514    , 731.74, 350.89, 342.84, 13.25,  0.00, 26349708265, 26335787000,   14000000, 26362027251, python, iotlab1, mult, 0
10775514    , 732.53, 352.17, 344.15, 13.26,  0.00, 26299615309, 26277988000,   19999000, 26311968187, python, iotlab1, mult, 0
10775514    , 735.30, 353.33, 345.31, 13.24,  0.00, 26329042147, 26306643000,   20998000, 26341516662, python, iotlab1, mult, 0
10775514    , 733.36, 351.94, 343.93, 13.19,  0.00, 26153839553, 26135353000,   16998000, 26166135451, python, iotlab1, mult, 0
10775514    , 729.26, 349.30, 341.32, 13.14,  0.00, 26125942985, 26107005000,   19000000, 26138357324, python, iotlab1, mult, 0
10775514    , 738.14, 356.79, 348.71, 13.34,  0.00, 26452086684, 26431037000,   20999000, 26464455456, python, iotlab1, mult, 0
10775514    , 734.22, 353.67, 345.60, 13.31,  0.00, 26447641620, 26434572000,   13000000, 26460009064, python, iotlab1, mult, 0
10775514    , 734.58, 356.40, 348.34, 13.31,  0.00, 26465304735, 26442258000,   22999000, 26477693138, python, iotlab1, mult, 0
10913476    , 601.78, 291.33, 284.84, 12.53,  0.00, 21308557754, 21287427000,   19000000, 21321037141, python, iotlab1, mult, 0
10913476    , 598.15, 289.36, 282.89, 12.40,  0.00, 21299262244, 21284254000,   15000000, 21311780929, python, iotlab1, mult, 0
10913476    , 601.52, 290.46, 283.93, 12.48,  0.00, 21410505284, 21395323000,   15000000, 21422911557, python, iotlab1, mult, 0
10913476    , 598.18, 289.32, 282.85, 12.41,  0.00, 21249733754, 21232352000,   15998000, 21262048636, python, iotlab1, mult, 0
10913476    , 594.49, 286.52, 280.04, 12.42,  0.00, 21249385767, 21236280000,   13000000, 21261888943, python, iotlab1, mult, 0
10913476    , 599.44, 286.63, 280.07, 12.45,  0.00, 21448334579, 21434370000,   13999000, 21460952621, python, iotlab1, mult, 0
10913476    , 598.40, 289.26, 282.77, 12.39,  0.00, 21257145444, 21241008000,   16000000, 21269532948, python, iotlab1, mult, 0
10913476    , 602.80, 291.42, 284.88, 12.50,  0.00, 21418996549, 21397987000,   20999000, 21431442699, python, iotlab1, mult, 0
10913476    , 600.05, 289.42, 282.95, 12.44,  0.00, 21290122000, 21270908000,   18999000, 21302631282, python, iotlab1, mult, 0
10913476    , 602.38, 291.62, 285.16, 12.48,  0.00, 21291686405, 21267030000,   22997000, 21304319677, python, iotlab1, mult, 0
11650633    , 862.90, 417.64, 408.39, 17.18,  0.00, 30611647134, 30597844000,   10999000, 30624065523, python, iotlab1, mult, 0
11650633    , 836.04, 403.66, 394.71, 16.61,  0.00, 29569469915, 29555219000,   11998000, 29581923430, python, iotlab1, mult, 0
11650633    , 827.22, 395.30, 386.35, 16.54,  0.00, 29345478118, 29331292000,   14000000, 29357807912, python, iotlab1, mult, 0
11650633    , 875.01, 421.79, 412.36, 17.34,  0.00, 30990963560, 30964869000,   23998000, 31003374237, python, iotlab1, mult, 0
11650633    , 839.07, 401.18, 392.10, 16.68,  0.00, 29844721341, 29822747000,   19998000, 29857162064, python, iotlab1, mult, 0
11650633    , 844.67, 406.64, 397.52, 16.81,  0.00, 29960055365, 29939999000,   19999000, 29972404550, python, iotlab1, mult, 0
11650633    , 842.97, 405.14, 396.08, 16.76,  0.00, 29849926033, 29828135000,   19998000, 29862320755, python, iotlab1, mult, 0
11650633    , 834.26, 401.21, 392.20, 16.65,  0.00, 29485310176, 29464491000,   18999000, 29497691747, python, iotlab1, mult, 0
11650633    , 842.92, 403.81, 394.69, 16.80,  0.00, 29947849380, 29926968000,   18998000, 29960286675, python, iotlab1, mult, 0
11650633    , 929.33, 445.26, 435.18, 18.35,  0.00, 32915459674, 32898462000,   15000000, 32927788773, python, iotlab1, mult, 0
11799285    , 1002.31, 482.41, 471.39, 18.11,  0.00, 36013607707, 35987124000,   25999000, 36026034737, python, iotlab1, mult, 0
11799285    , 970.42, 467.17, 456.67, 17.40,  0.00, 34532881244, 34502987000,   27999000, 34545188854, python, iotlab1, mult, 0
11799285    , 1036.37, 497.22, 485.83, 18.74,  0.00, 37265908125, 37248827000,   16999000, 37278284396, python, iotlab1, mult, 0
11799285    , 1025.02, 492.28, 481.09, 18.47,  0.00, 36656812360, 36641739000,   12999000, 36669246206, python, iotlab1, mult, 0
11799285    , 1032.39, 494.83, 483.50, 18.63,  0.00, 36968053517, 36949654000,   15998000, 36980578759, python, iotlab1, mult, 0
11799285    , 1018.43, 490.68, 479.54, 18.39,  0.00, 36577159946, 36564983000,   11999000, 36589546953, python, iotlab1, mult, 0
11799285    , 1099.92, 528.75, 516.75, 19.83,  0.00, 39361281820, 39343949000,   14998000, 39373681923, python, iotlab1, mult, 0
11799285    , 1079.66, 519.13, 507.22, 19.52,  0.00, 38798043409, 38784477000,   13000000, 38810500516, python, iotlab1, mult, 0
11799285    , 1073.71, 516.83, 505.02, 19.47,  0.00, 38663115256, 38645101000,   18000000, 38675433162, python, iotlab1, mult, 0
11799285    , 1020.88, 492.19, 481.07, 18.38,  0.00, 36469544215, 36448509000,   21000000, 36481949913, python, iotlab1, mult, 0
1190450     , 821.84, 395.50, 386.62, 16.59,  0.00, 29195812465, 29182589000,   13000000, 29208460843, python, iotlab1, mult, 0
1190450     , 845.64, 405.12, 395.96, 17.05,  0.00, 30021142605, 30000592000,   18999000, 30033830588, python, iotlab1, mult, 0
1190450     , 845.23, 409.01, 399.93, 17.01,  0.00, 30056101011, 30037345000,   16999000, 30068548537, python, iotlab1, mult, 0
1190450     , 874.13, 422.12, 412.72, 17.52,  0.00, 31020303591, 30996655000,   21998000, 31032736472, python, iotlab1, mult, 0
1190450     , 858.51, 414.71, 405.42, 17.31,  0.00, 30671896868, 30648073000,   21998000, 30684246371, python, iotlab1, mult, 0
1190450     , 867.19, 415.84, 406.41, 17.47,  0.00, 30916164217, 30897390000,   17000000, 30928420268, python, iotlab1, mult, 0
1190450     , 847.95, 406.20, 397.06, 17.03,  0.00, 30106309111, 30088579000,   15999000, 30118720400, python, iotlab1, mult, 0
1190450     , 885.49, 425.87, 416.26, 17.80,  0.00, 31517405567, 31501646000,   13999000, 31529790762, python, iotlab1, mult, 0
1190450     , 853.06, 410.67, 401.39, 17.15,  0.00, 30313953608, 30300777000,   13000000, 30326359951, python, iotlab1, mult, 0
1190450     , 826.13, 399.10, 390.15, 16.66,  0.00, 29245270469, 29223431000,   20001000, 29257676389, python, iotlab1, mult, 0
11949618    , 593.11, 284.69, 278.28, 12.26,  0.00, 21071279042, 21057908000,   11999000, 21083502217, python, iotlab1, mult, 0
11949618    , 606.63, 288.01, 281.46, 12.53,  0.00, 21499797564, 21477687000,   21999000, 21512121283, python, iotlab1, mult, 0
11949618    , 601.87, 289.49, 282.98, 12.44,  0.00, 21307277928, 21286104000,   20999000, 21319646065, python, iotlab1, mult, 0
11949618    , 598.99, 287.61, 281.10, 12.33,  0.00, 21238947483, 21227816000,   11000000, 21251249168, python, iotlab1, mult, 0
11949618    , 603.57, 288.65, 282.11, 12.44,  0.00, 21416979983, 21399769000,   16999000, 21429576333, python, iotlab1, mult, 0
11949618    , 610.80, 293.54, 286.94, 12.72,  0.00, 21638133685, 21624967000,   12999000, 21650613327, python, iotlab1, mult, 0
11949618    , 587.00, 280.28, 273.87, 12.22,  0.00, 20932062538, 20912005000,   20000000, 20944561910, python, iotlab1, mult, 0
11949618    , 607.85, 289.59, 283.01, 12.56,  0.00, 21579808428, 21564332000,   13998000, 21592183480, python, iotlab1, mult, 0
11949618    , 600.00, 287.60, 281.11, 12.44,  0.00, 21191925201, 21179148000,   10999000, 21204314052, python, iotlab1, mult, 0
11949618    , 607.13, 288.84, 282.26, 12.50,  0.00, 21543892828, 21524605000,   17998000, 21556292037, python, iotlab1, mult, 0
11960990    , 881.40, 425.30, 415.74, 17.55,  0.00, 31222350803, 31204199000,   15999000, 31234807961, python, iotlab1, mult, 0
11960990    , 906.38, 434.58, 424.75, 18.04,  0.00, 32280621625, 32266521000,   13999000, 32293008578, python, iotlab1, mult, 0
11960990    , 912.39, 439.67, 429.85, 17.99,  0.00, 32264269014, 32242371000,   19998000, 32276786699, python, iotlab1, mult, 0
11960990    , 891.87, 427.63, 417.97, 17.67,  0.00, 31670365380, 31652307000,   17999000, 31682709620, python, iotlab1, mult, 0
11960990    , 949.10, 458.70, 448.53, 18.73,  0.00, 33540432671, 33518378000,   19998000, 33552995633, python, iotlab1, mult, 0
11960990    , 881.75, 425.80, 416.37, 17.53,  0.00, 31220680098, 31202703000,   15998000, 31232985665, python, iotlab1, mult, 0
11960990    , 884.57, 426.60, 417.01, 17.58,  0.00, 31379415857, 31361340000,   18000000, 31391918368, python, iotlab1, mult, 0
11960990    , 899.58, 431.84, 422.10, 17.91,  0.00, 32002772774, 31986521000,   16000000, 32015303979, python, iotlab1, mult, 0
11960990    , 894.97, 429.12, 419.45, 17.80,  0.00, 31698992543, 31684776000,   13999000, 31711303632, python, iotlab1, mult, 0
11960990    , 913.39, 440.20, 430.30, 18.09,  0.00, 32400834265, 32383685000,   16999000, 32413301030, python, iotlab1, mult, 0
11995517    , 1175.62, 565.13, 552.22, 21.26,  0.00, 42224591061, 42202500000,   18998000, 42236994682, python, iotlab1, mult, 0
11995517    , 1145.68, 552.63, 540.07, 20.74,  0.00, 41182200780, 41169872000,   11999000, 41194686355, python, iotlab1, mult, 0
11995517    , 1093.74, 530.38, 518.41, 19.73,  0.00, 39245054255, 39230967000,   13999000, 39257319642, python, iotlab1, mult, 0
11995517    , 1192.09, 575.76, 562.73, 21.53,  0.00, 42760120110, 42746988000,   12999000, 42772633599, python, iotlab1, mult, 0
11995517    , 1166.89, 561.06, 548.20, 21.11,  0.00, 41920255668, 41900143000,   17998000, 41932776630, python, iotlab1, mult, 0
11995517    , 1078.26, 518.41, 506.52, 19.53,  0.00, 38842427649, 38822303000,   17999000, 38854873507, python, iotlab1, mult, 0
11995517    , 1124.20, 543.18, 530.78, 20.42,  0.00, 40543556850, 40527423000,   16000000, 40556000800, python, iotlab1, mult, 0
11995517    , 1184.99, 569.85, 556.81, 21.44,  0.00, 42566405828, 42546664000,   17999000, 42578803213, python, iotlab1, mult, 0
11995517    , 1365.61, 653.92, 638.94, 24.64,  0.00, 49030284783, 49012903000,   13999000, 49042908489, python, iotlab1, mult, 0
11995517    , 1111.86, 535.10, 523.00, 20.03,  0.00, 39762587565, 39742500000,   16998000, 39775133318, python, iotlab1, mult, 0
12051342    , 846.56, 409.16, 399.99, 16.83,  0.00, 30089023436, 30072782000,   15999000, 30101482763, python, iotlab1, mult, 0
12051342    , 835.70, 402.25, 393.26, 16.66,  0.00, 29522746955, 29492614000,   27997000, 29535246190, python, iotlab1, mult, 0
12051342    , 843.84, 402.15, 392.96, 16.92,  0.00, 30068920601, 30052668000,   15999000, 30081324052, python, iotlab1, mult, 0
12051342    , 876.46, 418.17, 408.70, 17.40,  0.00, 31071638776, 31057905000,   11999000, 31084008276, python, iotlab1, mult, 0
12051342    , 850.60, 404.75, 395.54, 16.96,  0.00, 30210469792, 30189385000,   21000000, 30222846207, python, iotlab1, mult, 0
12051342    , 894.34, 426.38, 416.71, 17.78,  0.00, 31774121856, 31753222000,   18998000, 31786518773, python, iotlab1, mult, 0
12051342    , 829.94, 395.35, 386.34, 16.55,  0.00, 29524862518, 29506824000,   18000000, 29537242441, python, iotlab1, mult, 0
12051342    , 850.95, 404.12, 394.93, 16.92,  0.00, 30107989647, 30087153000,   18999000, 30120639168, python, iotlab1, mult, 0
12051342    , 825.44, 396.13, 387.15, 16.47,  0.00, 29396376365, 29382174000,   14000000, 29408736087, python, iotlab1, mult, 0
12051342    , 866.40, 416.68, 407.30, 17.25,  0.00, 30685378302, 30660426000,   22998000, 30697846331, python, iotlab1, mult, 0
12101129    , 901.86, 433.65, 423.82, 17.94,  0.00, 32196139236, 32178814000,   16999000, 32209179190, python, iotlab1, mult, 0
12101129    , 891.70, 430.96, 421.34, 17.71,  0.00, 31698553978, 31676394000,   21999000, 31710871206, python, iotlab1, mult, 0
12101129    , 874.35, 424.81, 415.32, 17.44,  0.00, 31215558744, 31191285000,   24000000, 31227960735, python, iotlab1, mult, 0
12101129    , 875.03, 422.47, 412.95, 17.44,  0.00, 31161912758, 31140132000,   19999000, 31174406394, python, iotlab1, mult, 0
12101129    , 906.80, 437.98, 428.16, 18.04,  0.00, 32247024519, 32222246000,   22998000, 32259486449, python, iotlab1, mult, 0
12101129    , 894.71, 432.15, 422.43, 17.76,  0.00, 31750006181, 31726252000,   21999000, 31762383014, python, iotlab1, mult, 0
12101129    , 919.36, 442.47, 432.48, 18.17,  0.00, 32670423044, 32655363000,   15000000, 32682874549, python, iotlab1, mult, 0
12101129    , 876.75, 421.18, 411.69, 17.42,  0.00, 31102257337, 31085374000,   14999000, 31114645682, python, iotlab1, mult, 0
12101129    , 896.81, 430.80, 421.07, 17.73,  0.00, 31933794524, 31912798000,   18998000, 31946166252, python, iotlab1, mult, 0
12101129    , 903.88, 435.08, 425.31, 17.86,  0.00, 32009094100, 31992181000,   15000000, 32021555711, python, iotlab1, mult, 0
12166832    , 978.75, 468.77, 458.18, 19.21,  0.00, 34699382442, 34678374000,   18999000, 34712158197, python, iotlab1, mult, 0
12166832    , 1067.55, 511.25, 499.62, 20.89,  0.00, 38124082841, 38104055000,   20000000, 38136548352, python, iotlab1, mult, 0
12166832    , 1003.89, 482.23, 471.33, 19.73,  0.00, 35670325371, 35646798000,   22000000, 35682504552, python, iotlab1, mult, 0
12166832    , 969.48, 467.04, 456.58, 19.07,  0.00, 34401011286, 34375260000,   23998000, 34413348534, python, iotlab1, mult, 0
12166832    , 998.37, 480.22, 469.50, 19.54,  0.00, 35309594701, 35289714000,   17999000, 35322006126, python, iotlab1, mult, 0
12166832    , 1001.56, 482.19, 471.46, 19.60,  0.00, 35449887604, 35428039000,   19998000, 35462369398, python, iotlab1, mult, 0
12166832    , 1021.86, 494.17, 483.20, 19.99,  0.00, 36117970624, 36101098000,   14999000, 36130274344, python, iotlab1, mult, 0
12166832    , 1045.23, 504.48, 493.25, 20.35,  0.00, 36948167118, 36925951000,   19998000, 36960724798, python, iotlab1, mult, 0
12166832    , 998.14, 481.89, 471.05, 19.48,  0.00, 35341787219, 35321926000,   19999000, 35354253528, python, iotlab1, mult, 0
12166832    , 1046.91, 504.25, 492.94, 20.40,  0.00, 36984716490, 36960105000,   23000000, 36997061491, python, iotlab1, mult, 0
12380423    , 847.77, 408.45, 399.33, 16.80,  0.00, 29992547131, 29972626000,   17998000, 30004937651, python, iotlab1, mult, 0
12380423    , 826.16, 398.97, 390.13, 16.44,  0.00, 29161460184, 29143864000,   15999000, 29173811964, python, iotlab1, mult, 0
12380423    , 822.16, 396.14, 387.23, 16.38,  0.00, 29140344791, 29122386000,   18000000, 29152670420, python, iotlab1, mult, 0
12380423    , 847.07, 408.94, 399.88, 16.81,  0.00, 29848838219, 29829744000,   16998000, 29861206435, python, iotlab1, mult, 0
12380423    , 859.43, 413.78, 404.48, 17.08,  0.00, 30462005826, 30443901000,   18000000, 30474371603, python, iotlab1, mult, 0
12380423    , 845.92, 407.74, 398.58, 16.83,  0.00, 29931501080, 29906833000,   23000000, 29943873206, python, iotlab1, mult, 0
12380423    , 857.00, 412.95, 403.66, 17.03,  0.00, 30407334902, 30393275000,   13999000, 30419807467, python, iotlab1, mult, 0
12380423    , 822.92, 397.06, 388.25, 16.37,  0.00, 29029450422, 29015399000,   11999000, 29041899164, python, iotlab1, mult, 0
12380423    , 862.26, 416.19, 406.84, 17.07,  0.00, 30537940407, 30525886000,   12000000, 30550231736, python, iotlab1, mult, 0
12380423    , 832.85, 402.21, 393.22, 16.63,  0.00, 29445897014, 29421780000,   23999000, 29458265509, python, iotlab1, mult, 0
12440598    , 386.55, 200.01, 195.50,  7.43,  0.00, 14722021842, 14701908000,   19999000, 14734354359, python, iotlab1, mult, 0
12440598    , 388.20, 199.65, 195.21,  7.46,  0.00, 14782371676, 14762404000,   20000000, 14794822347, python, iotlab1, mult, 0
12440598    , 384.12, 200.60, 196.19,  7.36,  0.00, 14587039709, 14571322000,   14999000, 14599530746, python, iotlab1, mult, 0
12440598    , 378.05, 197.46, 193.09,  7.27,  0.00, 14335413050, 14314315000,   20998000, 14347785808, python, iotlab1, mult, 0
12440598    , 375.81, 195.49, 191.16,  7.23,  0.00, 14328635535, 14309643000,   18999000, 14341094031, python, iotlab1, mult, 0
12440598    , 389.98, 201.91, 197.40,  7.52,  0.00, 14905679295, 14878827000,   25997000, 14918012356, python, iotlab1, mult, 0
12440598    , 378.62, 197.24, 192.85,  7.29,  0.00, 14435876305, 14415762000,   20001000, 14448179851, python, iotlab1, mult, 0
12440598    , 375.76, 194.71, 190.37,  7.28,  0.00, 14384458816, 14356680000,   26999000, 14396848629, python, iotlab1, mult, 0
12440598    , 370.32, 192.96, 188.68,  7.15,  0.00, 14124660717, 14103836000,   19999000, 14137040458, python, iotlab1, mult, 0
12440598    , 370.58, 192.15, 187.85,  7.16,  0.00, 14180933436, 14158970000,   20998000, 14193474745, python, iotlab1, mult, 0
12463474    , 286.08, 146.98, 143.63,  6.86,  0.00, 10908545449, 10890343000,   18000000, 10920999729, python, iotlab1, mult, 0
12463474    , 285.26, 145.69, 142.37,  6.87,  0.00, 10896155442, 10877154000,   18998000, 10908518898, python, iotlab1, mult, 0
12463474    , 286.94, 145.21, 141.87,  6.88,  0.00, 10916747249, 10892745000,   21999000, 10929056815, python, iotlab1, mult, 0
12463474    , 293.04, 150.08, 146.71,  7.04,  0.00, 10995410751, 10979550000,   14999000, 11008217306, python, iotlab1, mult, 0
12463474    , 286.09, 146.39, 143.03,  6.87,  0.00, 10911380827, 10896290000,   15000000, 10923849501, python, iotlab1, mult, 0
12463474    , 286.01, 146.05, 142.74,  6.91,  0.00, 10898717294, 10884177000,   13998000, 10911216804, python, iotlab1, mult, 0
12463474    , 285.30, 145.03, 141.70,  6.88,  0.00, 10895638882, 10878572000,   17000000, 10908111379, python, iotlab1, mult, 0
12463474    , 286.87, 146.84, 143.49,  7.01,  0.00, 10893229245, 10864172000,   29000000, 10905706549, python, iotlab1, mult, 0
12463474    , 289.95, 148.67, 145.33,  6.93,  0.00, 10927373052, 10905564000,   20997000, 10939713509, python, iotlab1, mult, 0
12463474    , 287.50, 146.84, 143.53,  6.95,  0.00, 10917815037, 10903236000,   13999000, 10930140579, python, iotlab1, mult, 0
12481903    , 738.60, 353.16, 345.07, 13.33,  0.00, 26444935399, 26432708000,    6000000, 26457300822, python, iotlab1, mult, 0
12481903    , 759.16, 365.11, 356.80, 13.81,  0.00, 27301560202, 27290651000,    8999000, 27313986241, python, iotlab1, mult, 0
12481903    , 733.18, 353.15, 345.11, 13.31,  0.00, 26414206944, 26408519000,    3999000, 26426531054, python, iotlab1, mult, 0
12481903    , 731.22, 352.79, 344.70, 13.32,  0.00, 26421806962, 26410638000,   10999000, 26434058942, python, iotlab1, mult, 0
12481903    , 743.85, 358.22, 350.09, 13.47,  0.00, 26628800397, 26622337000,    4999000, 26641258228, python, iotlab1, mult, 0
12481903    , 743.37, 356.11, 348.01, 13.41,  0.00, 26583218026, 26573688000,    7999000, 26595586681, python, iotlab1, mult, 0
12481903    , 739.86, 356.39, 348.25, 13.47,  0.00, 26620603203, 26611034000,    7999000, 26633074592, python, iotlab1, mult, 0
12481903    , 744.46, 357.54, 349.42, 13.44,  0.00, 26647187070, 26635702000,    9999000, 26659566494, python, iotlab1, mult, 0
12481903    , 751.90, 359.63, 351.46, 13.55,  0.00, 26781486662, 26768697000,   10999000, 26793964214, python, iotlab1, mult, 0
12481903    , 733.38, 351.25, 343.25, 13.27,  0.00, 26324960957, 26317970000,    6999000, 26337394635, python, iotlab1, mult, 0
12508095    , 1203.46, 580.34, 567.26, 21.66,  0.00, 43011832681, 42994161000,   14999000, 43024204599, python, iotlab1, mult, 0
12508095    , 1247.64, 599.27, 585.60, 22.54,  0.00, 44840326856, 44823512000,   13999000, 44852844167, python, iotlab1, mult, 0
12508095    , 1320.52, 637.79, 623.26, 23.91,  0.00, 47493363198, 47477254000,   16000000, 47505662726, python, iotlab1, mult, 0
12508095    , 1275.65, 617.32, 603.39, 23.01,  0.00, 45701711241, 45689481000,   11999000, 45714079206, python, iotlab1, mult, 0
12508095    , 1237.79, 598.35, 584.85, 22.31,  0.00, 44303719325, 44290463000,   12999000, 44316033685, python, iotlab1, mult, 0
12508095    , 1256.49, 605.56, 591.75, 22.74,  0.00, 45230823277, 45215740000,   14999000, 45243468147, python, iotlab1, mult, 0
12508095    , 1218.65, 592.01, 578.85, 21.77,  0.00, 43232834014, 43213775000,   18999000, 43245252001, python, iotlab1, mult, 0
12508095    , 1237.05, 597.51, 583.97, 22.31,  0.00, 44303508998, 44284712000,   16999000, 44315897168, python, iotlab1, mult, 0
12508095    , 1226.39, 595.47, 582.12, 22.06,  0.00, 43822507958, 43802483000,   19999000, 43834854479, python, iotlab1, mult, 0
12508095    , 1224.85, 588.49, 575.19, 21.97,  0.00, 43701209613, 43685149000,   12999000, 43713904816, python, iotlab1, mult, 0
12558785    , 1149.04, 552.94, 540.46, 20.64,  0.00, 40969288627, 40945614000,   20998000, 40981574637, python, iotlab1, mult, 0
12558785    , 1111.05, 535.31, 523.25, 19.95,  0.00, 39608345583, 39587795000,   17998000, 39620731408, python, iotlab1, mult, 0
12558785    , 1165.19, 558.28, 545.63, 20.90,  0.00, 41567523356, 41549973000,   14998000, 41580070512, python, iotlab1, mult, 0
12558785    , 1093.32, 527.80, 515.89, 19.67,  0.00, 39045999593, 39026377000,   18999000, 39058448668, python, iotlab1, mult, 0
12558785    , 1178.22, 570.29, 557.47, 21.18,  0.00, 42107278734, 42090278000,   17000000, 42119514713, python, iotlab1, mult, 0
12558785    , 1093.54, 527.84, 515.95, 19.64,  0.00, 39029911793, 39010715000,   18999000, 39042284106, python, iotlab1, mult, 0
12558785    , 1143.71, 550.07, 537.53, 20.61,  0.00, 40923296799, 40904380000,   16999000, 40935648042, python, iotlab1, mult, 0
12558785    , 1223.27, 587.77, 574.40, 22.06,  0.00, 43851619561, 43826979000,   21998000, 43863991311, python, iotlab1, mult, 0
12558785    , 1093.69, 528.52, 516.60, 19.69,  0.00, 39122621556, 39110410000,   12000000, 39135075074, python, iotlab1, mult, 0
12558785    , 1172.52, 564.47, 551.67, 21.14,  0.00, 41979715974, 41957859000,   19999000, 41992047017, python, iotlab1, mult, 0
12601282    , 590.42, 282.10, 275.73, 12.22,  0.00, 20935146255, 20918507000,   14998000, 20947436595, python, iotlab1, mult, 0
12601282    , 588.86, 280.83, 274.45, 12.24,  0.00, 20946075732, 20926347000,   18999000, 20958484934, python, iotlab1, mult, 0
12601282    , 597.32, 287.31, 280.86, 12.37,  0.00, 21119094225, 21104957000,   13999000, 21131515856, python, iotlab1, mult, 0
12601282    , 590.92, 281.90, 275.50, 12.30,  0.00, 20999475292, 20978417000,   20999000, 21011927040, python, iotlab1, mult, 0
12601282    , 593.21, 284.80, 278.39, 12.27,  0.00, 20982346814, 20964118000,   18000000, 20994689424, python, iotlab1, mult, 0
12601282    , 595.28, 285.11, 278.67, 12.34,  0.00, 21145932383, 21128977000,   17000000, 21158411430, python, iotlab1, mult, 0
12601282    , 593.67, 284.28, 277.86, 12.30,  0.00, 21083304374, 21061334000,   21999000, 21095693644, python, iotlab1, mult, 0
12601282    , 592.17, 282.00, 275.58, 12.28,  0.00, 20971567579, 20952911000,   16999000, 20984030457, python, iotlab1, mult, 0
12601282    , 602.63, 287.31, 280.74, 12.49,  0.00, 21445111996, 21425064000,   20000000, 21457496994, python, iotlab1, mult, 0
12601282    , 592.02, 282.63, 276.20, 12.37,  0.00, 21049381282, 21033428000,   15999000, 21061746021, python, iotlab1, mult, 0
12601660    , 851.39, 405.27, 396.05, 16.93,  0.00, 30155649712, 30137744000,   15999000, 30168910493, python, iotlab1, mult, 0
12601660    , 815.56, 389.24, 380.41, 16.29,  0.00, 28967063609, 28949031000,   18000000, 28979412196, python, iotlab1, mult, 0
12601660    , 830.34, 395.38, 386.43, 16.55,  0.00, 29369956488, 29344768000,   22999000, 29382377350, python, iotlab1, mult, 0
12601660    , 845.35, 403.57, 394.43, 16.82,  0.00, 30018735651, 30002797000,   16000000, 30030998101, python, iotlab1, mult, 0
12601660    , 858.28, 412.95, 403.68, 16.97,  0.00, 30284702835, 30264993000,   17999000, 30297127397, python, iotlab1, mult, 0
12601660    , 855.03, 410.95, 401.73, 16.93,  0.00, 30278032388, 30264349000,   11999000, 30290374598, python, iotlab1, mult, 0
12601660    , 868.73, 418.83, 409.44, 17.23,  0.00, 30716406854, 30697627000,   16998000, 30728722554, python, iotlab1, mult, 0
12601660    , 929.94, 450.33, 440.28, 18.34,  0.00, 33045000386, 33031990000,   12999000, 33057309534, python, iotlab1, mult, 0
12601660    , 844.86, 408.69, 399.56, 16.80,  0.00, 29917096242, 29894399000,   20998000, 29929539298, python, iotlab1, mult, 0
12601660    , 879.52, 424.36, 414.79, 17.46,  0.00, 31264007760, 31246086000,   18000000, 31276289746, python, iotlab1, mult, 0
12608563    , 734.58, 355.89, 347.88, 13.25,  0.00, 26286540797, 26268659000,   15999000, 26299689303, python, iotlab1, mult, 0
12608563    , 764.53, 372.54, 364.18, 13.77,  0.00, 27389540698, 27374539000,   15000000, 27401997461, python, iotlab1, mult, 0
12608563    , 736.62, 356.52, 348.49, 13.27,  0.00, 26391511306, 26370994000,   18999000, 26404037014, python, iotlab1, mult, 0
12608563    , 733.29, 355.53, 347.56, 13.22,  0.00, 26218855458, 26194715000,   23999000, 26231179073, python, iotlab1, mult, 0
12608563    , 760.13, 368.10, 359.83, 13.66,  0.00, 27159977029, 27153919000,    5999000, 27172407508, python, iotlab1, mult, 0
12608563    , 731.04, 352.39, 344.38, 13.24,  0.00, 26254587034, 26236716000,   15999000, 26267014753, python, iotlab1, mult, 0
12608563    , 735.95, 352.69, 344.64, 13.29,  0.00, 26424750503, 26408625000,   16000000, 26437127571, python, iotlab1, mult, 0
12608563    , 741.54, 358.84, 350.72, 13.41,  0.00, 26595052362, 26575884000,   19000000, 26607329140, python, iotlab1, mult, 0
12608563    , 736.73, 354.90, 346.82, 13.34,  0.00, 26531253673, 26510838000,   18999000, 26543612772, python, iotlab1, mult, 0
12608563    , 751.45, 364.60, 356.37, 13.61,  0.00, 27080763460, 27059229000,   19999000, 27093051005, python, iotlab1, mult, 0
12752055    , 381.58, 184.78, 180.61,  6.92,  0.00, 13678723218, 13665800000,   11999000, 13691192901, python, iotlab1, mult, 0
12752055    , 374.10, 179.20, 175.07,  6.85,  0.00, 13615341516, 13595348000,   19999000, 13627820267, python, iotlab1, mult, 0
12752055    , 376.59, 179.65, 175.51,  6.88,  0.00, 13654409297, 13635400000,   18999000, 13666706549, python, iotlab1, mult, 0
12752055    , 376.15, 179.43, 175.28,  6.88,  0.00, 13652449365, 13636382000,   16000000, 13664744871, python, iotlab1, mult, 0
12752055    , 379.80, 183.98, 179.82,  6.91,  0.00, 13645131823, 13622285000,   21998000, 13657560006, python, iotlab1, mult, 0
12752055    , 376.31, 180.58, 176.41,  6.86,  0.00, 13626235442, 13613150000,   13000000, 13638636091, python, iotlab1, mult, 0
12752055    , 377.30, 181.80, 177.64,  6.88,  0.00, 13657582357, 13637874000,   18999000, 13669983789, python, iotlab1, mult, 0
12752055    , 377.49, 181.08, 176.89,  6.89,  0.00, 13676148091, 13666151000,   10000000, 13688689659, python, iotlab1, mult, 0
12752055    , 374.46, 179.91, 175.76,  6.83,  0.00, 13570140045, 13552358000,   16999000, 13582529904, python, iotlab1, mult, 0
12752055    , 377.34, 182.09, 177.95,  6.89,  0.00, 13601835736, 13583889000,   16998000, 13614129805, python, iotlab1, mult, 0
12822069    , 1149.40, 554.32, 541.84, 20.64,  0.00, 41062969302, 41048395000,   11999000, 41075380448, python, iotlab1, mult, 0
12822069    , 1171.09, 564.31, 551.59, 21.04,  0.00, 41790442740, 41771030000,   16999000, 41802815453, python, iotlab1, mult, 0
12822069    , 1177.72, 564.41, 551.60, 21.17,  0.00, 42044604555, 42019174000,   22998000, 42057002050, python, iotlab1, mult, 0
12822069    , 1106.18, 530.55, 518.49, 19.88,  0.00, 39549946049, 39533752000,   15999000, 39562428559, python, iotlab1, mult, 0
12822069    , 1118.80, 539.40, 527.22, 20.13,  0.00, 39972905590, 39946452000,   23999000, 39985390253, python, iotlab1, mult, 0
12822069    , 1167.25, 567.17, 554.59, 20.92,  0.00, 41534803890, 41511350000,   20998000, 41547216548, python, iotlab1, mult, 0
12822069    , 1191.51, 578.19, 565.41, 21.32,  0.00, 42410105661, 42392621000,   14999000, 42422330694, python, iotlab1, mult, 0
12822069    , 1094.73, 532.98, 521.17, 19.67,  0.00, 39051670590, 39036433000,   12999000, 39064019313, python, iotlab1, mult, 0
12822069    , 1164.64, 565.62, 553.10, 20.90,  0.00, 41495618364, 41473181000,   19998000, 41508007666, python, iotlab1, mult, 0
12822069    , 1102.68, 531.61, 519.66, 19.80,  0.00, 39383012408, 39364783000,   15999000, 39395274476, python, iotlab1, mult, 0
12877434    , 631.18, 305.63, 298.81, 11.35,  0.00, 22485949960, 22461353000,   22998000, 22498594873, python, iotlab1, mult, 0
12877434    , 620.96, 300.46, 293.73, 11.17,  0.00, 22201886546, 22178620000,   21997000, 22214296365, python, iotlab1, mult, 0
12877434    , 612.56, 298.71, 292.09, 11.03,  0.00, 21920616957, 21896334000,   22999000, 21932925896, python, iotlab1, mult, 0
12877434    , 620.43, 301.78, 295.13, 11.13,  0.00, 22050763076, 22036501000,   12999000, 22063149501, python, iotlab1, mult, 0
12877434    , 608.92, 295.53, 288.84, 11.02,  0.00, 21908829119, 21888671000,   19999000, 21921321807, python, iotlab1, mult, 0
12877434    , 613.86, 297.80, 291.11, 11.10,  0.00, 22059113134, 22039792000,   17999000, 22071500305, python, iotlab1, mult, 0
12877434    , 613.03, 297.44, 290.75, 11.06,  0.00, 21913463980, 21896669000,   14999000, 21926030308, python, iotlab1, mult, 0
12877434    , 608.49, 292.90, 286.23, 11.01,  0.00, 21886561686, 21867564000,   18999000, 21898884530, python, iotlab1, mult, 0
12877434    , 623.55, 302.09, 295.28, 11.21,  0.00, 22280315083, 22268295000,   11999000, 22292699171, python, iotlab1, mult, 0
12877434    , 617.21, 299.99, 293.36, 11.06,  0.00, 21910620415, 21892337000,   16998000, 21922981152, python, iotlab1, mult, 0
12890951    , 845.54, 409.17, 400.01, 16.94,  0.00, 29916803629, 29899447000,   16999000, 29929245422, python, iotlab1, mult, 0
12890951    , 852.27, 412.45, 403.30, 17.07,  0.00, 30112122288, 30094887000,   16999000, 30124603370, python, iotlab1, mult, 0
12890951    , 872.43, 419.43, 409.96, 17.47,  0.00, 31046848031, 31022880000,   23999000, 31059249125, python, iotlab1, mult, 0
12890951    , 838.34, 404.49, 395.49, 16.82,  0.00, 29568086931, 29545984000,   21999000, 29580413134, python, iotlab1, mult, 0
12890951    , 865.68, 418.96, 409.52, 17.35,  0.00, 30725119213, 30707125000,   18000000, 30737664051, python, iotlab1, mult, 0
12890951    , 834.44, 402.43, 393.47, 16.78,  0.00, 29516141720, 29495398000,   18998000, 29528711235, python, iotlab1, mult, 0
12890951    , 832.90, 398.97, 389.96, 16.77,  0.00, 29561425065, 29539403000,   22000000, 29573918359, python, iotlab1, mult, 0
12890951    , 877.32, 424.20, 414.72, 17.54,  0.00, 31113499982, 31087666000,   23998000, 31125922812, python, iotlab1, mult, 0
12890951    , 851.73, 411.49, 402.28, 17.07,  0.00, 30170247507, 30156098000,   14000000, 30182537440, python, iotlab1, mult, 0
12890951    , 865.87, 416.58, 407.26, 17.33,  0.00, 30640254073, 30616396000,   21998000, 30652528348, python, iotlab1, mult, 0
12937572    , 203.58, 96.37, 94.13,  3.73,  0.00, 7407419081, 7400177000,    7000000, 7419772981, python, iotlab1, mult, 0
12937572    , 203.93, 96.73, 94.49,  3.73,  0.00, 7411207273, 7407192000,    4000000, 7423547134, python, iotlab1, mult, 0
12937572    , 203.32, 96.21, 93.98,  3.72,  0.00, 7398164035, 7392010000,    6000000, 7410580587, python, iotlab1, mult, 0
12937572    , 202.79, 96.21, 93.97,  3.72,  0.00, 7397089725, 7388918000,    7999000, 7409470302, python, iotlab1, mult, 0
12937572    , 203.61, 96.28, 94.05,  3.72,  0.00, 7396968626, 7393894000,    2999000, 7409447155, python, iotlab1, mult, 0
12937572    , 204.12, 96.27, 94.02,  3.72,  0.00, 7395729729, 7391315000,    4000000, 7408016991, python, iotlab1, mult, 0
12937572    , 206.37, 98.29, 96.04,  3.77,  0.00, 7418951668, 7411761000,    6999000, 7431273460, python, iotlab1, mult, 0
12937572    , 202.96, 95.67, 93.44,  3.72,  0.00, 7395365920, 7393344000,    2000000, 7407796929, python, iotlab1, mult, 0
12937572    , 202.99, 96.10, 93.86,  3.72,  0.00, 7383278600, 7378263000,    5000000, 7395646947, python, iotlab1, mult, 0
12937572    , 203.08, 96.07, 93.83,  3.72,  0.00, 7395925452, 7389799000,    6000000, 7408378393, python, iotlab1, mult, 0
12954163    , 492.88, 253.22, 247.42, 11.01,  0.00, 18918827106, 18905323000,   11000000, 18931325543, python, iotlab1, mult, 0
12954163    , 496.26, 252.64, 246.82, 11.01,  0.00, 18929970065, 18907145000,   21000000, 18942383512, python, iotlab1, mult, 0
12954163    , 493.11, 250.54, 244.74, 10.96,  0.00, 18921682598, 18908523000,   13000000, 18934002882, python, iotlab1, mult, 0
12954163    , 493.74, 251.11, 245.33, 11.00,  0.00, 18893740268, 18877547000,   14998000, 18906219350, python, iotlab1, mult, 0
12954163    , 496.33, 253.79, 248.05, 11.35,  0.00, 18923405629, 18898353000,   23997000, 18935737160, python, iotlab1, mult, 0
12954163    , 498.62, 252.89, 247.11, 11.25,  0.00, 18941108566, 18923352000,   15999000, 18953397000, python, iotlab1, mult, 0
12954163    , 494.67, 251.98, 246.23, 11.21,  0.00, 18914286293, 18893200000,   19999000, 18926639017, python, iotlab1, mult, 0
12954163    , 493.96, 251.17, 245.44, 11.33,  0.00, 18904883865, 18889852000,   14999000, 18917327925, python, iotlab1, mult, 0
12954163    , 497.02, 253.34, 247.52, 11.01,  0.00, 18936789388, 18921634000,   14999000, 18949358185, python, iotlab1, mult, 0
12954163    , 494.90, 250.85, 245.14, 11.40,  0.00, 18937142897, 18920025000,   17000000, 18949631371, python, iotlab1, mult, 0
12998225    , 841.33, 399.45, 390.34, 16.87,  0.00, 29984543116, 29969367000,   14999000, 29997646817, python, iotlab1, mult, 0
12998225    , 821.47, 394.42, 385.52, 16.47,  0.00, 29189364507, 29170436000,   16999000, 29201720693, python, iotlab1, mult, 0
12998225    , 820.91, 392.25, 383.31, 16.39,  0.00, 29234723902, 29210774000,   23999000, 29247328360, python, iotlab1, mult, 0
12998225    , 822.79, 394.35, 385.49, 16.47,  0.00, 29131902945, 29108154000,   21999000, 29144226868, python, iotlab1, mult, 0
12998225    , 845.62, 404.38, 395.20, 16.94,  0.00, 30165837853, 30146927000,   18999000, 30178288722, python, iotlab1, mult, 0
12998225    , 827.91, 401.11, 392.17, 16.50,  0.00, 29315441786, 29291746000,   21998000, 29327692410, python, iotlab1, mult, 0
12998225    , 815.05, 395.18, 386.30, 16.30,  0.00, 29026913100, 29009977000,   17000000, 29039340558, python, iotlab1, mult, 0
12998225    , 823.00, 397.79, 388.93, 16.44,  0.00, 29090789881, 29069046000,   19997000, 29103223005, python, iotlab1, mult, 0
12998225    , 840.86, 406.97, 397.85, 16.76,  0.00, 29933209583, 29917474000,   13999000, 29945611380, python, iotlab1, mult, 0
12998225    , 832.80, 401.08, 392.02, 16.69,  0.00, 29654195761, 29635220000,   19000000, 29666659422, python, iotlab1, mult, 0
13166199    , 286.91, 146.70, 143.36,  6.94,  0.00, 10888998083, 10872706000,   16001000, 10901314643, python, iotlab1, mult, 0
13166199    , 286.11, 145.78, 142.45,  6.86,  0.00, 10888603738, 10867010000,   20998000, 10900924347, python, iotlab1, mult, 0
13166199    , 298.52, 144.06, 140.71,  6.90,  0.00, 10958153018, 10946127000,   12000000, 10970610056, python, iotlab1, mult, 0
13166199    , 286.17, 144.78, 141.45,  6.87,  0.00, 10886817726, 10873787000,   12999000, 10899091283, python, iotlab1, mult, 0
13166199    , 289.90, 148.04, 144.69,  6.94,  0.00, 10915121273, 10894252000,   19998000, 10927403318, python, iotlab1, mult, 0
13166199    , 285.51, 144.94, 141.61,  6.88,  0.00, 10919470804, 10905443000,   13999000, 10931895517, python, iotlab1, mult, 0
13166199    , 284.05, 146.14, 142.78,  6.84,  0.00, 10882481652, 10862460000,   20000000, 10894897862, python, iotlab1, mult, 0
13166199    , 285.27, 144.70, 141.38,  6.91,  0.00, 10885858095, 10869861000,   15999000, 10898262316, python, iotlab1, mult, 0
13166199    , 286.93, 146.90, 143.61,  6.97,  0.00, 10889951256, 10872298000,   16998000, 10902408387, python, iotlab1, mult, 0
13166199    , 287.05, 147.56, 144.23,  6.94,  0.00, 10895537344, 10883881000,   10998000, 10907819866, python, iotlab1, mult, 0
13232150    , 1133.48, 543.80, 531.36, 20.51,  0.00, 40757141441, 40743541000,   10999000, 40769588521, python, iotlab1, mult, 0
13232150    , 1127.23, 542.70, 530.36, 20.37,  0.00, 40446852957, 40420272000,   23998000, 40459186839, python, iotlab1, mult, 0
13232150    , 1153.96, 555.71, 543.11, 20.88,  0.00, 41544857152, 41530870000,   13999000, 41557262964, python, iotlab1, mult, 0
13232150    , 1162.10, 561.57, 548.83, 21.01,  0.00, 41721899776, 41707622000,   13999000, 41734315684, python, iotlab1, mult, 0
13232150    , 1156.53, 559.23, 546.58, 20.88,  0.00, 41462519534, 41442364000,   20000000, 41474973914, python, iotlab1, mult, 0
13232150    , 1096.72, 525.82, 513.78, 19.87,  0.00, 39523470167, 39509345000,   14000000, 39535961939, python, iotlab1, mult, 0
13232150    , 1136.10, 548.01, 535.46, 20.62,  0.00, 40937566652, 40920415000,   16999000, 40949958736, python, iotlab1, mult, 0
13232150    , 1175.36, 564.48, 551.57, 21.26,  0.00, 42211333075, 42185200000,   25999000, 42223758396, python, iotlab1, mult, 0
13232150    , 1194.30, 572.91, 559.83, 21.57,  0.00, 42877858530, 42864270000,   10999000, 42890205283, python, iotlab1, mult, 0
13232150    , 1139.82, 547.85, 535.36, 20.57,  0.00, 40871332454, 40854232000,   17000000, 40883737338, python, iotlab1, mult, 0
13286328    , 843.98, 406.26, 397.12, 16.82,  0.00, 29907818304, 29885908000,   19999000, 29920222772, python, iotlab1, mult, 0
13286328    , 841.86, 405.41, 396.29, 16.86,  0.00, 30020600911, 29999815000,   18998000, 30032975546, python, iotlab1, mult, 0
13286328    , 858.77, 411.84, 402.54, 17.07,  0.00, 30349020814, 30324279000,   22999000, 30361381913, python, iotlab1, mult, 0
13286328    , 835.74, 401.66, 392.65, 16.60,  0.00, 29555887875, 29540270000,   13999000, 29568364158, python, iotlab1, mult, 0
13286328    , 844.19, 402.64, 393.54, 16.79,  0.00, 29873279467, 29855286000,   16000000, 29885718101, python, iotlab1, mult, 0
13286328    , 833.90, 401.36, 392.36, 16.58,  0.00, 29515916632, 29501098000,   12999000, 29528234262, python, iotlab1, mult, 0
13286328    , 838.56, 405.29, 396.19, 16.66,  0.00, 29601696706, 29585908000,   13999000, 29613964764, python, iotlab1, mult, 0
13286328    , 862.03, 411.58, 402.25, 17.11,  0.00, 30596259327, 30568213000,   28000000, 30608654801, python, iotlab1, mult, 0
13286328    , 872.31, 421.04, 411.60, 17.32,  0.00, 30942844128, 30919870000,   22999000, 30955239139, python, iotlab1, mult, 0
13286328    , 1068.27, 509.46, 497.82, 20.97,  0.00, 38255701611, 38240587000,   15000000, 38268151481, python, iotlab1, mult, 0
13491037    , 679.29, 326.23, 318.86, 12.20,  0.00, 24198136838, 24176151000,   19998000, 24210638276, python, iotlab1, mult, 0
13491037    , 681.58, 326.87, 319.44, 12.32,  0.00, 24490601860, 24476376000,   13999000, 24503074305, python, iotlab1, mult, 0
13491037    , 677.89, 324.11, 316.73, 12.23,  0.00, 24313769567, 24295706000,   18000000, 24326334224, python, iotlab1, mult, 0
13491037    , 686.24, 328.84, 321.36, 12.36,  0.00, 24509041078, 24489522000,   17998000, 24521439480, python, iotlab1, mult, 0
13491037    , 679.66, 323.56, 316.19, 12.19,  0.00, 24241059957, 24222963000,   17999000, 24253486799, python, iotlab1, mult, 0
13491037    , 674.34, 323.05, 315.69, 12.15,  0.00, 24135516725, 24115003000,   18999000, 24147910231, python, iotlab1, mult, 0
13491037    , 686.26, 328.19, 320.70, 12.34,  0.00, 24503029535, 24482045000,   21000000, 24515394890, python, iotlab1, mult, 0
13491037    , 675.45, 324.86, 317.51, 12.15,  0.00, 24165478291, 24152119000,   11999000, 24177874561, python, iotlab1, mult, 0
13491037    , 683.37, 331.41, 323.99, 12.30,  0.00, 24385837027, 24365221000,   18999000, 24398228503, python, iotlab1, mult, 0
13491037    , 673.88, 322.25, 314.90, 12.16,  0.00, 24176760796, 24156724000,   19999000, 24189099314, python, iotlab1, mult, 0
1351422     , 940.91, 453.83, 443.63, 16.89,  0.00, 33500824668, 33480239000,   17999000, 33513245405, python, iotlab1, mult, 0
1351422     , 927.17, 446.28, 436.26, 16.59,  0.00, 32961149512, 32933976000,   24998000, 32973547526, python, iotlab1, mult, 0
1351422     , 913.24, 437.57, 427.66, 16.41,  0.00, 32541610454, 32518258000,   20998000, 32554036429, python, iotlab1, mult, 0
1351422     , 968.42, 465.44, 454.92, 17.37,  0.00, 34532411554, 34512454000,   20000000, 34544884543, python, iotlab1, mult, 0
1351422     , 950.64, 457.16, 446.83, 17.11,  0.00, 33929856207, 33904515000,   22998000, 33942283470, python, iotlab1, mult, 0
1351422     , 942.35, 454.12, 443.89, 16.94,  0.00, 33672284080, 33649122000,   20998000, 33684563465, python, iotlab1, mult, 0
1351422     , 947.69, 458.72, 448.43, 17.04,  0.00, 33785212953, 33762307000,   20998000, 33797595515, python, iotlab1, mult, 0
1351422     , 929.63, 448.60, 438.47, 16.68,  0.00, 33157182187, 33135061000,   22000000, 33169595126, python, iotlab1, mult, 0
1351422     , 913.88, 443.67, 433.68, 16.51,  0.00, 32725300630, 32699538000,   24000000, 32737654965, python, iotlab1, mult, 0
1351422     , 918.09, 442.61, 432.57, 16.60,  0.00, 32982517144, 32967504000,   15000000, 32994954003, python, iotlab1, mult, 0
1354617     , 933.26, 455.93, 445.74, 16.82,  0.00, 33344730415, 33327571000,   17000000, 33357137794, python, iotlab1, mult, 0
1354617     , 944.67, 461.16, 450.87, 17.02,  0.00, 33757811396, 33735902000,   19998000, 33770183163, python, iotlab1, mult, 0
1354617     , 941.19, 455.28, 444.94, 17.09,  0.00, 33967577821, 33942541000,   22998000, 33980098202, python, iotlab1, mult, 0
1354617     , 988.01, 482.12, 471.33, 17.83,  0.00, 35368253363, 35357110000,   11000000, 35380507586, python, iotlab1, mult, 0
1354617     , 899.51, 436.07, 426.27, 16.19,  0.00, 32182107943, 32153111000,   26998000, 32194584514, python, iotlab1, mult, 0
1354617     , 938.06, 451.01, 440.80, 16.91,  0.00, 33526662587, 33511698000,   12999000, 33539327022, python, iotlab1, mult, 0
1354617     , 897.45, 435.03, 425.31, 16.14,  0.00, 32082876869, 32065069000,   15999000, 32095236425, python, iotlab1, mult, 0
1354617     , 931.54, 453.79, 443.71, 16.77,  0.00, 33245044302, 33222906000,   19998000, 33257537310, python, iotlab1, mult, 0
1354617     , 916.72, 444.05, 434.02, 16.61,  0.00, 33001756366, 32976907000,   22998000, 33014255046, python, iotlab1, mult, 0
1354617     , 951.23, 461.37, 451.05, 17.16,  0.00, 34036373675, 34015320000,   18998000, 34048931286, python, iotlab1, mult, 0
14095005    , 598.58, 309.81, 302.89, 13.19,  0.00, 22734847989, 22721381000,   11999000, 22747761154, python, iotlab1, mult, 0
14095005    , 662.86, 342.95, 335.18, 14.38,  0.00, 25237937674, 25223861000,   13999000, 25250297837, python, iotlab1, mult, 0
14095005    , 692.08, 358.68, 350.67, 14.95,  0.00, 26396874843, 26382331000,   12999000, 26409452914, python, iotlab1, mult, 0
14095005    , 605.72, 314.87, 307.84, 13.27,  0.00, 23089161451, 23073960000,   14999000, 23101557755, python, iotlab1, mult, 0
14095005    , 603.18, 313.87, 306.92, 13.27,  0.00, 22855689398, 22834057000,   19998000, 22868117060, python, iotlab1, mult, 0
14095005    , 648.13, 335.11, 327.67, 14.24,  0.00, 24695477595, 24681452000,   14000000, 24707859641, python, iotlab1, mult, 0
14095005    , 606.50, 315.30, 308.34, 13.34,  0.00, 22961503194, 22946669000,   12999000, 22973861613, python, iotlab1, mult, 0
14095005    , 667.47, 346.55, 338.81, 14.55,  0.00, 25403478020, 25384495000,   18999000, 25415855006, python, iotlab1, mult, 0
14095005    , 580.81, 300.05, 293.38, 12.80,  0.00, 22125888635, 22113872000,   11999000, 22138553390, python, iotlab1, mult, 0
14095005    , 586.58, 303.23, 296.44, 12.80,  0.00, 22272643387, 22259159000,   11999000, 22285151621, python, iotlab1, mult, 0
14110531    , 990.85, 475.11, 464.23, 17.87,  0.00, 35535918458, 35515600000,   19999000, 35548338230, python, iotlab1, mult, 0
14110531    , 929.42, 448.25, 438.16, 16.71,  0.00, 33143916360, 33127770000,   15999000, 33156141128, python, iotlab1, mult, 0
14110531    , 885.34, 424.03, 414.39, 15.91,  0.00, 31628273901, 31610205000,   15999000, 31640584815, python, iotlab1, mult, 0
14110531    , 962.80, 462.85, 452.29, 17.41,  0.00, 34541982882, 34526780000,   12999000, 34554366504, python, iotlab1, mult, 0
14110531    , 872.83, 420.97, 411.44, 15.73,  0.00, 31283803325, 31264843000,   16998000, 31296251184, python, iotlab1, mult, 0
14110531    , 1034.73, 500.56, 489.27, 18.68,  0.00, 37086413894, 37069077000,   14999000, 37098793160, python, iotlab1, mult, 0
14110531    , 891.94, 431.23, 421.48, 16.09,  0.00, 31940992042, 31922265000,   18000000, 31953342756, python, iotlab1, mult, 0
14110531    , 972.22, 468.09, 457.44, 17.55,  0.00, 34898005721, 34882970000,   14999000, 34912762128, python, iotlab1, mult, 0
14110531    , 966.50, 467.51, 456.95, 17.47,  0.00, 34672097926, 34650075000,   19998000, 34684453486, python, iotlab1, mult, 0
14110531    , 872.77, 419.63, 410.07, 15.80,  0.00, 31410658703, 31391419000,   19000000, 31422990141, python, iotlab1, mult, 0
14111255    , 1313.03, 631.02, 616.70, 23.66,  0.00, 46977676023, 46953524000,   20998000, 46990142895, python, iotlab1, mult, 0
14111255    , 1264.36, 609.47, 595.53, 22.91,  0.00, 45495901372, 45478771000,   16999000, 45508365947, python, iotlab1, mult, 0
14111255    , 1211.51, 582.64, 569.24, 21.94,  0.00, 43641674820, 43633705000,    8000000, 43654052167, python, iotlab1, mult, 0
14111255    , 1247.78, 598.09, 584.48, 22.52,  0.00, 44713862084, 44691942000,   19999000, 44726416683, python, iotlab1, mult, 0
14111255    , 1281.93, 623.04, 609.13, 23.12,  0.00, 45917381864, 45901283000,   16000000, 45929579437, python, iotlab1, mult, 0
14111255    , 1342.80, 650.17, 635.42, 24.31,  0.00, 48287579774, 48273935000,   11999000, 48300220897, python, iotlab1, mult, 0
14111255    , 1300.08, 625.45, 611.19, 23.51,  0.00, 46767110695, 46741728000,   21998000, 46779447641, python, iotlab1, mult, 0
14111255    , 1278.65, 617.72, 603.83, 23.00,  0.00, 45659752886, 45639891000,   16999000, 45672402878, python, iotlab1, mult, 0
14111255    , 1322.48, 639.81, 625.43, 23.80,  0.00, 47267278768, 47242504000,   21998000, 47279663519, python, iotlab1, mult, 0
14111255    , 1316.40, 631.50, 617.15, 23.71,  0.00, 47081764179, 47063921000,   14999000, 47094094967, python, iotlab1, mult, 0
14247129    , 947.67, 456.28, 446.00, 18.63,  0.00, 33616198829, 33594898000,   20999000, 33628673240, python, iotlab1, mult, 0
14247129    , 941.01, 453.37, 443.19, 18.54,  0.00, 33376732197, 33362794000,   14000000, 33389165492, python, iotlab1, mult, 0
14247129    , 963.18, 464.09, 453.69, 18.86,  0.00, 34174841807, 34152728000,   19998000, 34187156808, python, iotlab1, mult, 0
14247129    , 976.23, 470.34, 459.77, 19.16,  0.00, 34724331551, 34704211000,   17998000, 34736666690, python, iotlab1, mult, 0
14247129    , 956.09, 462.49, 452.20, 18.77,  0.00, 33876956648, 33855901000,   18998000, 33889170466, python, iotlab1, mult, 0
14247129    , 982.01, 473.37, 462.72, 19.34,  0.00, 34903939473, 34881034000,   20999000, 34916344505, python, iotlab1, mult, 0
14247129    , 944.97, 457.68, 447.42, 18.64,  0.00, 33565073174, 33545023000,   20000000, 33577480041, python, iotlab1, mult, 0
14247129    , 965.73, 467.11, 456.74, 18.91,  0.00, 34138161051, 34118470000,   16998000, 34150524714, python, iotlab1, mult, 0
14247129    , 948.39, 457.15, 446.89, 18.67,  0.00, 33630286272, 33611344000,   16999000, 33642675248, python, iotlab1, mult, 0
14247129    , 967.57, 464.34, 453.82, 18.98,  0.00, 34436985714, 34427771000,    9000000, 34449399284, python, iotlab1, mult, 0
1432049     , 879.41, 422.42, 412.80, 15.86,  0.00, 31461843206, 31438925000,   20999000, 31474212533, python, iotlab1, mult, 0
1432049     , 916.87, 438.51, 428.52, 16.45,  0.00, 32704288022, 32685250000,   19000000, 32716609242, python, iotlab1, mult, 0
1432049     , 896.74, 435.77, 426.05, 16.07,  0.00, 31871687627, 31854592000,   17000000, 31884333408, python, iotlab1, mult, 0
1432049     , 887.86, 428.44, 418.76, 15.97,  0.00, 31758778454, 31737591000,   21000000, 31771200328, python, iotlab1, mult, 0
1432049     , 924.54, 446.19, 436.16, 16.56,  0.00, 32852617843, 32834649000,   15999000, 32864987546, python, iotlab1, mult, 0
1432049     , 920.87, 444.57, 434.53, 16.55,  0.00, 32901189579, 32887935000,   12999000, 32913633169, python, iotlab1, mult, 0
1432049     , 999.31, 477.90, 467.05, 17.92,  0.00, 35565515739, 35540668000,   22998000, 35577888297, python, iotlab1, mult, 0
1432049     , 894.87, 431.07, 421.34, 16.09,  0.00, 31980813080, 31960856000,   17998000, 31993245918, python, iotlab1, mult, 0
1432049     , 924.04, 446.03, 436.00, 16.56,  0.00, 32855048682, 32835061000,   20000000, 32867384894, python, iotlab1, mult, 0
1432049     , 923.91, 445.89, 435.90, 16.53,  0.00, 32862918298, 32841858000,   18998000, 32875425502, python, iotlab1, mult, 0
14387058    , 596.70, 286.63, 280.21, 12.34,  0.00, 21055170179, 21038903000,   15999000, 21067642564, python, iotlab1, mult, 0
14387058    , 596.25, 286.44, 280.04, 12.33,  0.00, 21074968130, 21054699000,   18998000, 21087363001, python, iotlab1, mult, 0
14387058    , 604.11, 290.46, 283.97, 12.46,  0.00, 21386509002, 21367965000,   16999000, 21398912754, python, iotlab1, mult, 0
14387058    , 597.29, 288.34, 281.95, 12.34,  0.00, 21060638424, 21037266000,   21998000, 21072988933, python, iotlab1, mult, 0
14387058    , 593.22, 286.08, 279.64, 12.31,  0.00, 21034640777, 21021639000,   13000000, 21047120835, python, iotlab1, mult, 0
14387058    , 596.87, 287.48, 281.01, 12.32,  0.00, 21200545360, 21182225000,   16998000, 21212931507, python, iotlab1, mult, 0
14387058    , 595.74, 289.02, 282.61, 12.31,  0.00, 21078907810, 21058886000,   19999000, 21091267579, python, iotlab1, mult, 0
14387058    , 602.95, 289.37, 282.83, 12.39,  0.00, 21337602200, 21314459000,   22999000, 21349807872, python, iotlab1, mult, 0
14387058    , 597.86, 288.84, 282.40, 12.37,  0.00, 21202361780, 21182926000,   17999000, 21214742644, python, iotlab1, mult, 0
14387058    , 599.70, 289.94, 283.51, 12.45,  0.00, 21196954382, 21175698000,   19998000, 21209274194, python, iotlab1, mult, 0
14420623    , 484.74, 251.80, 246.20, 10.69,  0.00, 18365751582, 18347290000,   16999000, 18378666709, python, iotlab1, mult, 0
14420623    , 520.53, 269.43, 263.43, 11.35,  0.00, 19671597568, 19651261000,   18998000, 19684009018, python, iotlab1, mult, 0
14420623    , 516.77, 266.83, 260.94, 11.33,  0.00, 19413463375, 19387947000,   23997000, 19426008339, python, iotlab1, mult, 0
14420623    , 514.14, 267.41, 261.53, 11.33,  0.00, 19463569864, 19442572000,   21000000, 19476100658, python, iotlab1, mult, 0
14420623    , 489.60, 253.45, 247.85, 10.83,  0.00, 18538240275, 18514208000,   23998000, 18550650913, python, iotlab1, mult, 0
14420623    , 539.97, 278.97, 272.77, 11.80,  0.00, 20360935922, 20337928000,   22999000, 20373346838, python, iotlab1, mult, 0
14420623    , 559.15, 290.12, 283.66, 12.20,  0.00, 21318251400, 21305202000,   13000000, 21330731926, python, iotlab1, mult, 0
14420623    , 505.74, 263.25, 257.43, 11.14,  0.00, 19207340126, 19187358000,   20000000, 19219800125, python, iotlab1, mult, 0
14420623    , 525.73, 269.84, 263.85, 11.47,  0.00, 19866680256, 19842864000,   21998000, 19879160248, python, iotlab1, mult, 0
14420623    , 492.90, 254.75, 249.11, 10.84,  0.00, 18604428552, 18586370000,   17999000, 18616789634, python, iotlab1, mult, 0
14868119    , 977.53, 469.65, 459.09, 19.16,  0.00, 34631944657, 34611784000,   17998000, 34644417639, python, iotlab1, mult, 0
14868119    , 980.45, 472.21, 461.61, 19.28,  0.00, 34792969358, 34768701000,   21998000, 34805483680, python, iotlab1, mult, 0
14868119    , 966.97, 461.67, 451.21, 18.97,  0.00, 34253054622, 34234432000,   17000000, 34265336921, python, iotlab1, mult, 0
14868119    , 961.54, 463.87, 453.49, 18.91,  0.00, 34114632361, 34096473000,   15998000, 34127022904, python, iotlab1, mult, 0
14868119    , 1000.71, 484.35, 473.48, 19.60,  0.00, 35515627022, 35501741000,   11999000, 35528071299, python, iotlab1, mult, 0
14868119    , 959.63, 458.50, 448.09, 18.90,  0.00, 34187163315, 34165161000,   22000000, 34199553214, python, iotlab1, mult, 0
14868119    , 998.50, 481.80, 471.03, 19.55,  0.00, 35423515829, 35400009000,   20998000, 35435885522, python, iotlab1, mult, 0
14868119    , 997.61, 480.30, 469.47, 19.67,  0.00, 35556148848, 35535988000,   19999000, 35568554140, python, iotlab1, mult, 0
14868119    , 954.18, 462.24, 451.98, 18.74,  0.00, 33808542459, 33792517000,   15999000, 33820995350, python, iotlab1, mult, 0
14868119    , 966.00, 463.60, 453.13, 18.97,  0.00, 34339886673, 34318937000,   20999000, 34352209667, python, iotlab1, mult, 0
14972653    , 968.44, 471.26, 460.79, 17.38,  0.00, 34541892733, 34526698000,   15000000, 34554294712, python, iotlab1, mult, 0
14972653    , 950.75, 461.86, 451.47, 17.15,  0.00, 34012744557, 33987053000,   24000000, 34025234151, python, iotlab1, mult, 0
14972653    , 981.75, 475.95, 465.19, 17.69,  0.00, 35167046479, 35153966000,   12999000, 35179354395, python, iotlab1, mult, 0
14972653    , 964.72, 469.34, 458.78, 17.37,  0.00, 34454693069, 34427881000,   24999000, 34466969984, python, iotlab1, mult, 0
14972653    , 971.42, 468.65, 458.11, 17.41,  0.00, 34604397418, 34583344000,   21000000, 34616870335, python, iotlab1, mult, 0
14972653    , 971.91, 472.19, 461.66, 17.40,  0.00, 34501818078, 34485705000,   13999000, 34514181768, python, iotlab1, mult, 0
14972653    , 1046.49, 510.32, 498.80, 18.81,  0.00, 37360227557, 37337427000,   21999000, 37372617757, python, iotlab1, mult, 0
14972653    , 1049.00, 512.27, 500.88, 18.87,  0.00, 37464733298, 37444608000,   20000000, 37477067559, python, iotlab1, mult, 0
14972653    , 953.49, 463.11, 452.75, 17.16,  0.00, 34025952785, 34005908000,   19999000, 34038250764, python, iotlab1, mult, 0
14972653    , 1049.04, 504.94, 493.47, 18.94,  0.00, 37649982826, 37632944000,   14999000, 37662278119, python, iotlab1, mult, 0
14988400    , 489.29, 255.56, 249.91,  9.40,  0.00, 18599190676, 18582742000,   14998000, 18611729699, python, iotlab1, mult, 0
14988400    , 482.18, 249.32, 243.80,  9.27,  0.00, 18408009782, 18387951000,   19999000, 18420364082, python, iotlab1, mult, 0
14988400    , 535.01, 276.85, 270.68, 10.32,  0.00, 20505598834, 20489511000,   16000000, 20518040795, python, iotlab1, mult, 0
14988400    , 496.89, 257.33, 251.59,  9.55,  0.00, 18938738221, 18916722000,   20998000, 18951152229, python, iotlab1, mult, 0
14988400    , 507.68, 263.40, 257.57,  9.72,  0.00, 19264461605, 19249046000,   13999000, 19276873104, python, iotlab1, mult, 0
14988400    , 532.24, 274.29, 268.16, 10.25,  0.00, 20369173240, 20352106000,   17000000, 20381549404, python, iotlab1, mult, 0
14988400    , 490.14, 255.56, 249.85,  9.45,  0.00, 18761031292, 18745006000,   16000000, 18773430788, python, iotlab1, mult, 0
14988400    , 486.84, 252.44, 246.81,  9.36,  0.00, 18518314894, 18499071000,   17999000, 18530718882, python, iotlab1, mult, 0
14988400    , 525.17, 272.04, 266.01, 10.10,  0.00, 20052691582, 20035685000,   17000000, 20065290074, python, iotlab1, mult, 0
14988400    , 492.36, 256.33, 250.67,  9.44,  0.00, 18748941629, 18730934000,   17999000, 18761274988, python, iotlab1, mult, 0
15011299    , 890.70, 426.17, 416.43, 16.02,  0.00, 31784068159, 31765215000,   16999000, 31797085244, python, iotlab1, mult, 0
15011299    , 901.84, 431.26, 421.41, 16.20,  0.00, 32220034092, 32204047000,   16000000, 32232287670, python, iotlab1, mult, 0
15011299    , 913.82, 442.13, 432.23, 16.37,  0.00, 32478145914, 32456095000,   21999000, 32490498473, python, iotlab1, mult, 0
15011299    , 898.84, 433.52, 423.74, 16.17,  0.00, 32146926870, 32131906000,   12999000, 32159294098, python, iotlab1, mult, 0
15011299    , 928.58, 448.30, 438.26, 16.66,  0.00, 33041911582, 33020909000,   18998000, 33054385559, python, iotlab1, mult, 0
15011299    , 900.60, 437.77, 427.99, 16.17,  0.00, 32115904307, 32100954000,   12999000, 32128384412, python, iotlab1, mult, 0
15011299    , 909.79, 439.19, 429.35, 16.28,  0.00, 32327457841, 32311519000,   13998000, 32339853421, python, iotlab1, mult, 0
15011299    , 930.14, 451.55, 441.45, 16.68,  0.00, 33097006371, 33078914000,   17999000, 33109840976, python, iotlab1, mult, 0
15011299    , 898.45, 430.59, 420.71, 16.24,  0.00, 32293167381, 32280126000,   13000000, 32305497716, python, iotlab1, mult, 0
15011299    , 903.89, 435.97, 426.12, 16.29,  0.00, 32304277251, 32287009000,   17000000, 32316728230, python, iotlab1, mult, 0
15034008    , 845.68, 406.51, 397.42, 16.99,  0.00, 29999572265, 29980283000,   18999000, 30012181307, python, iotlab1, mult, 0
15034008    , 843.86, 408.13, 399.03, 17.01,  0.00, 29968086660, 29950142000,   15999000, 29980570111, python, iotlab1, mult, 0
15034008    , 822.03, 394.33, 385.43, 16.56,  0.00, 29156418784, 29131345000,   25000000, 29168771549, python, iotlab1, mult, 0
15034008    , 819.24, 395.54, 386.67, 16.57,  0.00, 29177606922, 29163350000,   14000000, 29189873893, python, iotlab1, mult, 0
15034008    , 831.76, 400.67, 391.72, 16.73,  0.00, 29496689589, 29471494000,   21998000, 29509032426, python, iotlab1, mult, 0
15034008    , 836.89, 401.94, 392.86, 16.85,  0.00, 29783967826, 29764883000,   18999000, 29796264462, python, iotlab1, mult, 0
15034008    , 848.25, 405.36, 396.17, 17.08,  0.00, 30109899202, 30089963000,   17999000, 30122293141, python, iotlab1, mult, 0
15034008    , 823.01, 397.17, 388.29, 16.59,  0.00, 29190325063, 29173240000,   16999000, 29202767237, python, iotlab1, mult, 0
15034008    , 834.98, 400.26, 391.24, 16.80,  0.00, 29545812498, 29531978000,   11999000, 29558161057, python, iotlab1, mult, 0
15034008    , 873.74, 423.22, 413.77, 17.54,  0.00, 31118029756, 31096990000,   20999000, 31130386070, python, iotlab1, mult, 0
1507456     , 751.17, 360.54, 352.34, 13.53,  0.00, 26825420657, 26805602000,   17999000, 26837750935, python, iotlab1, mult, 0
1507456     , 738.22, 355.78, 347.71, 13.29,  0.00, 26438270952, 26420241000,   18000000, 26450680604, python, iotlab1, mult, 0
1507456     , 738.59, 356.03, 347.97, 13.34,  0.00, 26452188493, 26436101000,   16000000, 26464599718, python, iotlab1, mult, 0
1507456     , 737.81, 354.49, 346.40, 13.35,  0.00, 26553186695, 26537924000,   14999000, 26565492649, python, iotlab1, mult, 0
1507456     , 735.02, 352.99, 344.93, 13.31,  0.00, 26391472154, 26378365000,   12999000, 26403899021, python, iotlab1, mult, 0
1507456     , 738.54, 353.42, 345.33, 13.31,  0.00, 26462061820, 26447501000,   12999000, 26474476622, python, iotlab1, mult, 0
1507456     , 729.14, 350.62, 342.58, 13.24,  0.00, 26335066744, 26314609000,   18998000, 26347381453, python, iotlab1, mult, 0
1507456     , 749.28, 360.35, 352.14, 13.55,  0.00, 26873105254, 26852370000,   18998000, 26885633094, python, iotlab1, mult, 0
1507456     , 733.07, 352.16, 344.13, 13.26,  0.00, 26369528990, 26348950000,   18998000, 26381923388, python, iotlab1, mult, 0
1507456     , 752.11, 364.72, 356.57, 13.50,  0.00, 26781912735, 26756334000,   23998000, 26794278244, python, iotlab1, mult, 0
15260861    , 593.32, 285.95, 279.49, 10.69,  0.00, 21258081294, 21240669000,   15998000, 21270458922, python, iotlab1, mult, 0
15260861    , 598.61, 287.19, 280.67, 10.78,  0.00, 21438608083, 21423568000,   15000000, 21451125824, python, iotlab1, mult, 0
15260861    , 593.85, 286.05, 279.55, 10.75,  0.00, 21292124882, 21273931000,   16998000, 21304445337, python, iotlab1, mult, 0
15260861    , 600.23, 288.78, 282.23, 10.83,  0.00, 21532799287, 21511491000,   19998000, 21545237471, python, iotlab1, mult, 0
15260861    , 594.19, 285.85, 279.33, 10.75,  0.00, 21374843703, 21357632000,   15998000, 21387210781, python, iotlab1, mult, 0
15260861    , 596.23, 289.73, 283.26, 10.74,  0.00, 21276054516, 21259091000,   16999000, 21288575109, python, iotlab1, mult, 0
15260861    , 593.78, 284.11, 277.62, 10.69,  0.00, 21249974260, 21237982000,   11999000, 21262489692, python, iotlab1, mult, 0
15260861    , 594.40, 284.11, 277.63, 10.69,  0.00, 21256299721, 21238065000,   16999000, 21268751920, python, iotlab1, mult, 0
15260861    , 598.62, 287.33, 280.85, 10.73,  0.00, 21252494349, 21234005000,   16999000, 21264968104, python, iotlab1, mult, 0
15260861    , 593.88, 284.47, 278.01, 10.67,  0.00, 21218657413, 21197441000,   19999000, 21230981662, python, iotlab1, mult, 0
15459940    , 1206.11, 584.71, 571.78, 21.57,  0.00, 42767059159, 42743285000,   20998000, 42780731253, python, iotlab1, mult, 0
15459940    , 1209.77, 579.31, 566.17, 21.78,  0.00, 43201351036, 43175546000,   23999000, 43213854711, python, iotlab1, mult, 0
15459940    , 1178.03, 561.71, 548.91, 21.14,  0.00, 41980802058, 41959412000,   18999000, 41993022270, python, iotlab1, mult, 0
15459940    , 1167.23, 557.93, 545.21, 21.04,  0.00, 41724411182, 41700276000,   21999000, 41736774189, python, iotlab1, mult, 0
15459940    , 1179.20, 563.30, 550.47, 21.16,  0.00, 41963661253, 41944546000,   18999000, 41976016798, python, iotlab1, mult, 0
15459940    , 1204.72, 574.35, 561.19, 21.69,  0.00, 43078216773, 43053610000,   21998000, 43090607103, python, iotlab1, mult, 0
15459940    , 1193.92, 573.55, 560.57, 21.45,  0.00, 42529543726, 42511253000,   18000000, 42542017719, python, iotlab1, mult, 0
15459940    , 1210.32, 581.05, 567.91, 21.72,  0.00, 43077085774, 43056418000,   17998000, 43089521161, python, iotlab1, mult, 0
15459940    , 1206.41, 583.17, 570.07, 21.69,  0.00, 43079454798, 43050997000,   25998000, 43091907082, python, iotlab1, mult, 0
15459940    , 1196.06, 581.97, 568.98, 21.47,  0.00, 42579527860, 42557300000,   21999000, 42591907566, python, iotlab1, mult, 0
15637848    , 614.28, 292.09, 285.40, 12.70,  0.00, 21877596080, 21858301000,   19000000, 21890740559, python, iotlab1, mult, 0
15637848    , 608.85, 292.01, 285.43, 12.59,  0.00, 21569349223, 21541958000,   25997000, 21581757189, python, iotlab1, mult, 0
15637848    , 620.23, 297.10, 290.37, 12.78,  0.00, 22054820671, 22035608000,   18999000, 22067311726, python, iotlab1, mult, 0
15637848    , 604.56, 288.76, 282.20, 12.52,  0.00, 21536498705, 21517019000,   17999000, 21548916877, python, iotlab1, mult, 0
15637848    , 608.75, 290.07, 283.48, 12.60,  0.00, 21591139171, 21572400000,   16999000, 21603523874, python, iotlab1, mult, 0
15637848    , 607.58, 291.64, 285.08, 12.53,  0.00, 21567562891, 21551072000,   14999000, 21579753162, python, iotlab1, mult, 0
15637848    , 612.69, 293.25, 286.64, 12.63,  0.00, 21726907377, 21703504000,   21998000, 21739326693, python, iotlab1, mult, 0
15637848    , 612.41, 294.55, 287.95, 12.65,  0.00, 21731591112, 21713330000,   16998000, 21743910701, python, iotlab1, mult, 0
15637848    , 608.75, 292.94, 286.43, 12.55,  0.00, 21568257922, 21535953000,   30997000, 21580706142, python, iotlab1, mult, 0
15637848    , 609.01, 290.22, 283.64, 12.57,  0.00, 21561613560, 21538505000,   20998000, 21573996053, python, iotlab1, mult, 0
15643471    , 442.72, 227.01, 221.94,  9.91,  0.00, 16761865312, 16741615000,   19999000, 16774405618, python, iotlab1, mult, 0
15643471    , 439.02, 226.00, 220.96,  9.87,  0.00, 16601107854, 16580995000,   18998000, 16613463129, python, iotlab1, mult, 0
15643471    , 422.12, 217.27, 212.40,  9.51,  0.00, 16051561066, 16036523000,   15000000, 16064198786, python, iotlab1, mult, 0
15643471    , 436.98, 225.01, 220.02,  9.83,  0.00, 16460735450, 16438923000,   19999000, 16473133499, python, iotlab1, mult, 0
15643471    , 450.21, 232.27, 227.09, 10.15,  0.00, 17070641972, 17057488000,   11998000, 17083014108, python, iotlab1, mult, 0
15643471    , 439.64, 225.35, 220.29,  9.88,  0.00, 16738821578, 16721687000,   17000000, 16751126284, python, iotlab1, mult, 0
15643471    , 459.71, 237.62, 232.28, 10.21,  0.00, 17464233632, 17453135000,   11000000, 17477051165, python, iotlab1, mult, 0
15643471    , 432.95, 222.32, 217.38,  9.71,  0.00, 16294739986, 16277845000,   14998000, 16307211202, python, iotlab1, mult, 0
15643471    , 432.03, 221.36, 216.42,  9.77,  0.00, 16401918681, 16374821000,   26999000, 16414237636, python, iotlab1, mult, 0
15643471    , 452.59, 230.97, 225.80, 10.14,  0.00, 17091871346, 17073744000,   17999000, 17104139188, python, iotlab1, mult, 0
15715208    , 287.12, 145.72, 142.38,  6.91,  0.00, 10918400247, 10898172000,   19998000, 10930782738, python, iotlab1, mult, 0
15715208    , 291.40, 147.91, 144.56,  6.99,  0.00, 10961926416, 10940001000,   20998000, 10974319217, python, iotlab1, mult, 0
15715208    , 288.31, 147.09, 143.73,  6.96,  0.00, 10920671958, 10899562000,   20999000, 10933161560, python, iotlab1, mult, 0
15715208    , 287.52, 145.32, 142.02,  6.99,  0.00, 10894697347, 10883765000,    9999000, 10907041661, python, iotlab1, mult, 0
15715208    , 286.83, 144.58, 141.27,  7.00,  0.00, 10911685787, 10899492000,   11999000, 10924135229, python, iotlab1, mult, 0
15715208    , 285.89, 144.98, 141.65,  6.85,  0.00, 10885044550, 10871041000,   13000000, 10897308020, python, iotlab1, mult, 0
15715208    , 287.40, 146.29, 142.93,  6.92,  0.00, 10944763168, 10931652000,   13000000, 10957152227, python, iotlab1, mult, 0
15715208    , 289.50, 147.06, 143.71,  6.95,  0.00, 10946629605, 10921714000,   22997000, 10959115846, python, iotlab1, mult, 0
15715208    , 286.45, 145.98, 142.63,  6.93,  0.00, 10926125344, 10907046000,   19000000, 10938542365, python, iotlab1, mult, 0
15715208    , 287.00, 144.82, 141.47,  6.87,  0.00, 10922253470, 10906367000,   14999000, 10934583420, python, iotlab1, mult, 0
15715271    , 511.62, 260.86, 254.92, 11.35,  0.00, 19424952401, 19387459000,   20000000, 19437280474, python, iotlab1, mult, 0
15715271    , 496.80, 255.57, 249.78, 10.96,  0.00, 18786275720, 18775118000,   10999000, 18798599592, python, iotlab1, mult, 0
15715271    , 513.29, 262.20, 256.33, 11.25,  0.00, 19374290171, 19351946000,   20997000, 19386765241, python, iotlab1, mult, 0
15715271    , 525.04, 270.38, 264.26, 11.46,  0.00, 19954756708, 19939705000,   14999000, 19967230279, python, iotlab1, mult, 0
15715271    , 511.66, 262.89, 257.04, 11.26,  0.00, 19376129248, 19359260000,   14999000, 19388567724, python, iotlab1, mult, 0
15715271    , 483.62, 249.26, 243.64, 10.72,  0.00, 18377742089, 18360623000,   16999000, 18390088546, python, iotlab1, mult, 0
15715271    , 483.38, 248.11, 242.55, 10.71,  0.00, 18407923585, 18392841000,   15000000, 18420346149, python, iotlab1, mult, 0
15715271    , 480.52, 249.02, 243.42, 10.66,  0.00, 18309197130, 18290208000,   18999000, 18321522685, python, iotlab1, mult, 0
15715271    , 485.30, 252.65, 247.07, 10.74,  0.00, 18322470691, 18309381000,   12999000, 18334851591, python, iotlab1, mult, 0
15715271    , 507.55, 260.21, 254.32, 11.19,  0.00, 19359426321, 19342390000,   16999000, 19371738369, python, iotlab1, mult, 0
15715377    , 585.64, 278.30, 271.89, 12.21,  0.00, 20912610019, 20894197000,   16998000, 20925193516, python, iotlab1, mult, 0
15715377    , 588.82, 281.20, 274.78, 12.24,  0.00, 20941827667, 20925924000,   14000000, 20954236348, python, iotlab1, mult, 0
15715377    , 592.02, 282.49, 276.06, 12.30,  0.00, 21072836424, 21054553000,   16998000, 21085109739, python, iotlab1, mult, 0
15715377    , 588.97, 283.13, 276.72, 12.26,  0.00, 21007434971, 20990407000,   17000000, 21019939683, python, iotlab1, mult, 0
15715377    , 595.20, 284.21, 277.76, 12.35,  0.00, 21081343274, 21061448000,   17998000, 21093782285, python, iotlab1, mult, 0
15715377    , 596.49, 286.95, 280.48, 12.37,  0.00, 21222556673, 21201225000,   19999000, 21234888931, python, iotlab1, mult, 0
15715377    , 589.63, 284.70, 278.32, 12.24,  0.00, 20935958495, 20916862000,   19000000, 20948368771, python, iotlab1, mult, 0
15715377    , 593.93, 286.65, 280.29, 12.31,  0.00, 20971431503, 20955141000,   14999000, 20983737556, python, iotlab1, mult, 0
15715377    , 590.47, 284.66, 278.25, 12.24,  0.00, 20933770076, 20918721000,   15000000, 20946197409, python, iotlab1, mult, 0
15715377    , 587.48, 280.40, 274.00, 12.19,  0.00, 20903815462, 20888650000,   13999000, 20916132198, python, iotlab1, mult, 0
15818813    , 448.93, 232.30, 227.09,  8.59,  0.00, 16978597993, 16958339000,   18998000, 16990981234, python, iotlab1, mult, 0
15818813    , 421.85, 217.98, 213.11,  8.14,  0.00, 16147476062, 16131368000,   16000000, 16159860985, python, iotlab1, mult, 0
15818813    , 442.57, 228.44, 223.35,  8.51,  0.00, 16889476174, 16873436000,   16000000, 16901767481, python, iotlab1, mult, 0
15818813    , 407.58, 213.03, 208.32,  7.80,  0.00, 15412434819, 15390362000,   22000000, 15424830596, python, iotlab1, mult, 0
15818813    , 416.47, 215.40, 210.57,  7.98,  0.00, 15834624889, 15817689000,   15999000, 15847119398, python, iotlab1, mult, 0
15818813    , 426.51, 220.69, 215.72,  8.22,  0.00, 16311543267, 16291584000,   18998000, 16324003503, python, iotlab1, mult, 0
15818813    , 434.95, 225.49, 220.38,  8.38,  0.00, 16635935586, 16618854000,   16999000, 16648300892, python, iotlab1, mult, 0
15818813    , 437.87, 227.58, 222.56,  8.38,  0.00, 16553126050, 16532345000,   19002000, 16565568111, python, iotlab1, mult, 0
15818813    , 431.37, 224.13, 219.15,  8.26,  0.00, 16390964875, 16377879000,   12999000, 16403288015, python, iotlab1, mult, 0
15818813    , 419.56, 216.64, 211.79,  8.04,  0.00, 15950333290, 15928315000,   20997000, 15962760815, python, iotlab1, mult, 0
15832046    , 569.26, 292.56, 285.93, 12.39,  0.00, 21633370147, 21618996000,   13999000, 21646217020, python, iotlab1, mult, 0
15832046    , 596.76, 307.25, 300.32, 12.85,  0.00, 22619640578, 22608614000,   11000000, 22631997077, python, iotlab1, mult, 0
15832046    , 677.27, 347.63, 339.76, 14.49,  0.00, 25793620632, 25775499000,   18000000, 25806110484, python, iotlab1, mult, 0
15832046    , 570.28, 295.81, 289.21, 12.40,  0.00, 21653711385, 21639359000,   12999000, 21666058677, python, iotlab1, mult, 0
15832046    , 585.47, 300.99, 294.19, 12.62,  0.00, 22282042142, 22265578000,   14999000, 22294523325, python, iotlab1, mult, 0
15832046    , 580.20, 301.23, 294.44, 12.62,  0.00, 22207132388, 22191128000,   15999000, 22219624627, python, iotlab1, mult, 0
15832046    , 579.79, 298.33, 291.64, 12.55,  0.00, 22013832115, 21998090000,   13999000, 22026351711, python, iotlab1, mult, 0
15832046    , 639.39, 328.79, 321.37, 13.82,  0.00, 24474327273, 24454300000,   19999000, 24486638148, python, iotlab1, mult, 0
15832046    , 626.53, 320.14, 312.89, 13.52,  0.00, 23798982515, 23775610000,   21997000, 23811345070, python, iotlab1, mult, 0
15832046    , 586.64, 300.75, 293.98, 12.70,  0.00, 22205555754, 22187091000,   16999000, 22217972517, python, iotlab1, mult, 0
1831541     , 954.41, 456.46, 446.06, 18.90,  0.00, 34109597485, 34011332000,   25997000, 34122131235, python, iotlab1, mult, 0
1831541     , 960.60, 465.31, 454.99, 18.91,  0.00, 34097306777, 34079923000,   14998000, 34109714520, python, iotlab1, mult, 0
1831541     , 938.47, 452.09, 441.84, 18.63,  0.00, 33570232920, 33546101000,   24000000, 33582639659, python, iotlab1, mult, 0
1831541     , 999.61, 481.87, 471.09, 19.56,  0.00, 35447865423, 35428862000,   16999000, 35460272621, python, iotlab1, mult, 0
1831541     , 971.58, 465.98, 455.44, 19.05,  0.00, 34440388833, 34420544000,   17999000, 34452710516, python, iotlab1, mult, 0
1831541     , 1014.12, 487.63, 476.59, 19.80,  0.00, 36099333251, 36084294000,   15000000, 36111911577, python, iotlab1, mult, 0
1831541     , 985.28, 472.21, 461.52, 19.28,  0.00, 34929831598, 34909133000,   19000000, 34942278650, python, iotlab1, mult, 0
1831541     , 959.85, 461.17, 450.76, 18.90,  0.00, 34098254882, 34077219000,   21000000, 34110921047, python, iotlab1, mult, 0
1831541     , 931.02, 448.41, 438.36, 18.31,  0.00, 32994766464, 32972538000,   19998000, 33007215861, python, iotlab1, mult, 0
1831541     , 949.61, 458.45, 448.11, 18.71,  0.00, 33807726669, 33791723000,   16000000, 33820078719, python, iotlab1, mult, 0
2109317     , 904.25, 439.85, 429.98, 16.37,  0.00, 32440072778, 32398292000,   20000000, 32452986649, python, iotlab1, mult, 0
2109317     , 924.63, 451.49, 441.39, 16.71,  0.00, 33195440856, 33173661000,   19998000, 33207865240, python, iotlab1, mult, 0
2109317     , 908.77, 444.34, 434.42, 16.36,  0.00, 32419263034, 32402390000,   17000000, 32431886169, python, iotlab1, mult, 0
2109317     , 1019.15, 515.45, 504.29, 19.27,  0.00, 32959815229, 32944599000,   14999000, 32972200994, python, iotlab1, mult, 0
2109317     , 897.07, 437.14, 426.99, 16.21,  0.00, 31884914954, 31860040000,   25000000, 31899076335, python, iotlab1, mult, 0
2109317     , 885.62, 434.18, 424.47, 16.02,  0.00, 31760622402, 31742500000,   17999000, 31773084973, python, iotlab1, mult, 0
2109317     , 934.06, 452.91, 442.71, 16.88,  0.00, 33518264429, 33497476000,   18999000, 33530942972, python, iotlab1, mult, 0
2109317     , 919.08, 446.34, 436.41, 16.48,  0.00, 32654361101, 32626508000,   25998000, 32666584775, python, iotlab1, mult, 0
2109317     , 907.11, 441.62, 431.73, 16.37,  0.00, 32510440812, 32489768000,   18999000, 32522950930, python, iotlab1, mult, 0
2109317     , 903.73, 441.56, 431.71, 16.33,  0.00, 32355649373, 32338613000,   17000000, 32368108038, python, iotlab1, mult, 0
2337087     , 1036.73, 506.85, 495.55, 18.73,  0.00, 37237665507, 37207886000,   11999000, 37250018134, python, iotlab1, mult, 0
2337087     , 1058.34, 515.57, 504.03, 19.15,  0.00, 38000186251, 37980013000,   17999000, 38012503752, python, iotlab1, mult, 0
2337087     , 1010.57, 485.96, 474.84, 18.25,  0.00, 36289903551, 36275813000,   14000000, 36302370057, python, iotlab1, mult, 0
2337087     , 979.30, 478.59, 467.90, 17.67,  0.00, 35056984989, 35035042000,   22000000, 35069338933, python, iotlab1, mult, 0
2337087     , 1063.22, 519.78, 508.11, 19.27,  0.00, 38244181718, 38227001000,   17000000, 38256346539, python, iotlab1, mult, 0
2337087     , 958.30, 465.66, 455.19, 17.31,  0.00, 34424424509, 34410365000,   13999000, 34436789071, python, iotlab1, mult, 0
2337087     , 978.25, 477.87, 467.23, 17.58,  0.00, 34878623013, 34866577000,   11999000, 34891228916, python, iotlab1, mult, 0
2337087     , 1004.73, 485.57, 474.58, 18.16,  0.00, 36114541520, 36092494000,   19998000, 36126993307, python, iotlab1, mult, 0
2337087     , 965.87, 467.29, 456.68, 17.51,  0.00, 34735276954, 34714489000,   18999000, 34747626320, python, iotlab1, mult, 0
2337087     , 1031.91, 496.52, 485.22, 18.64,  0.00, 37074878424, 37050536000,   21998000, 37087442590, python, iotlab1, mult, 0
2337425     , 973.34, 467.82, 457.23, 19.23,  0.00, 34703679978, 34676384000,   24998000, 34716105284, python, iotlab1, mult, 0
2337425     , 1016.74, 494.44, 483.56, 20.34,  0.00, 35570070334, 35551746000,   15998000, 35582552358, python, iotlab1, mult, 0
2337425     , 959.11, 462.59, 452.16, 18.93,  0.00, 34267209361, 34248179000,   19000000, 34279589951, python, iotlab1, mult, 0
2337425     , 1025.13, 495.64, 484.51, 20.14,  0.00, 36539573470, 36520265000,   16999000, 36552020524, python, iotlab1, mult, 0
2337425     , 975.78, 467.68, 457.08, 19.27,  0.00, 34830649732, 34808507000,   19999000, 34842986126, python, iotlab1, mult, 0
2337425     , 978.21, 474.06, 463.47, 19.23,  0.00, 34727813551, 34710687000,   14999000, 34740176375, python, iotlab1, mult, 0
2337425     , 991.50, 477.79, 467.07, 19.45,  0.00, 35219084001, 35193891000,   22998000, 35231470624, python, iotlab1, mult, 0
2337425     , 1016.16, 490.17, 479.18, 19.93,  0.00, 36098433964, 36077303000,   18998000, 36111136162, python, iotlab1, mult, 0
2337425     , 976.22, 471.52, 460.91, 19.25,  0.00, 34825982032, 34803866000,   19998000, 34838281460, python, iotlab1, mult, 0
2337425     , 973.89, 466.47, 455.91, 19.26,  0.00, 34655903683, 34632850000,   22999000, 34668365943, python, iotlab1, mult, 0
2382538     , 863.97, 418.44, 409.16, 17.12,  0.00, 30569877850, 30507758000,   18999000, 30582341710, python, iotlab1, mult, 0
2382538     , 875.96, 421.66, 412.25, 17.30,  0.00, 31037403717, 31018514000,   16998000, 31049838308, python, iotlab1, mult, 0
2382538     , 866.58, 418.82, 409.44, 17.17,  0.00, 30666659569, 30648493000,   17999000, 30679128304, python, iotlab1, mult, 0
2382538     , 889.15, 430.08, 420.49, 17.57,  0.00, 31449509708, 31429484000,   17999000, 31461886952, python, iotlab1, mult, 0
2382538     , 1126.58, 540.98, 528.59, 22.10,  0.00, 40409011846, 40390851000,   17999000, 40421400726, python, iotlab1, mult, 0
2382538     , 903.13, 431.81, 422.01, 17.95,  0.00, 32153769333, 32136649000,   17000000, 32166211244, python, iotlab1, mult, 0
2382538     , 878.88, 426.93, 417.52, 17.33,  0.00, 30943193885, 30923307000,   17999000, 30955726251, python, iotlab1, mult, 0
2382538     , 829.83, 400.60, 391.65, 16.55,  0.00, 29498843759, 29485962000,   10999000, 29511288060, python, iotlab1, mult, 0
2382538     , 866.89, 421.06, 411.76, 17.20,  0.00, 30743218215, 30717160000,   23998000, 30755714956, python, iotlab1, mult, 0
2382538     , 871.60, 422.70, 413.35, 17.27,  0.00, 30954178867, 30930814000,   20998000, 30966621313, python, iotlab1, mult, 0
2397228     , 674.23, 324.54, 317.21, 12.15,  0.00, 24082823504, 24037827000,   24000000, 24095341366, python, iotlab1, mult, 0
2397228     , 670.35, 323.36, 316.04, 12.11,  0.00, 24070198034, 24047100000,   23000000, 24082668262, python, iotlab1, mult, 0
2397228     , 673.30, 325.91, 318.55, 12.17,  0.00, 24197024433, 24179341000,   15998000, 24209406047, python, iotlab1, mult, 0
2397228     , 688.43, 335.41, 327.98, 12.36,  0.00, 24505120202, 24484344000,   18997000, 24517678386, python, iotlab1, mult, 0
2397228     , 674.34, 323.94, 316.57, 12.13,  0.00, 24110545832, 24086472000,   23999000, 24122906271, python, iotlab1, mult, 0
2397228     , 683.72, 333.44, 325.97, 12.32,  0.00, 24427414245, 24408318000,   18999000, 24439792979, python, iotlab1, mult, 0
2397228     , 694.19, 337.47, 329.92, 12.50,  0.00, 24855999805, 24832942000,   22999000, 24868476841, python, iotlab1, mult, 0
2397228     , 673.50, 326.61, 319.25, 12.16,  0.00, 24184711669, 24161158000,   21999000, 24197131177, python, iotlab1, mult, 0
2397228     , 673.45, 327.85, 320.50, 12.16,  0.00, 24090950651, 24067268000,   21998000, 24103490134, python, iotlab1, mult, 0
2397228     , 675.30, 328.60, 321.25, 12.20,  0.00, 24253851067, 24233137000,   18999000, 24266481166, python, iotlab1, mult, 0
2473154     , 671.20, 325.09, 317.67, 12.20,  0.00, 24182874059, 24163592000,   18999000, 24196178085, python, iotlab1, mult, 0
2473154     , 677.78, 329.48, 322.07, 12.26,  0.00, 24376189866, 24348784000,   25998000, 24388605770, python, iotlab1, mult, 0
2473154     , 681.35, 331.61, 324.16, 12.33,  0.00, 24515919432, 24501490000,   12999000, 24528415178, python, iotlab1, mult, 0
2473154     , 691.17, 335.24, 327.67, 12.52,  0.00, 24818655992, 24802513000,   13999000, 24831236394, python, iotlab1, mult, 0
2473154     , 692.49, 336.14, 328.55, 12.56,  0.00, 24969808905, 24951050000,   16998000, 24982363047, python, iotlab1, mult, 0
2473154     , 686.93, 334.60, 327.09, 12.44,  0.00, 24650636001, 24627579000,   22999000, 24662989669, python, iotlab1, mult, 0
2473154     , 670.50, 322.92, 315.53, 12.17,  0.00, 24193472503, 24183504000,   10000000, 24205812686, python, iotlab1, mult, 0
2473154     , 670.45, 323.74, 316.42, 12.10,  0.00, 24050498238, 24033181000,   15999000, 24062918297, python, iotlab1, mult, 0
2473154     , 676.68, 329.60, 322.22, 12.22,  0.00, 24230478257, 24210328000,   20000000, 24242911681, python, iotlab1, mult, 0
2473154     , 671.38, 323.01, 315.63, 12.17,  0.00, 24189518047, 24174035000,   13999000, 24202015205, python, iotlab1, mult, 0
2619093     , 339.11, 173.88, 169.92,  6.59,  0.00, 13085922924, 13063950000,   20999000, 13098297539, python, iotlab1, mult, 0
2619093     , 342.30, 175.21, 171.24,  6.64,  0.00, 13106649103, 13090810000,   14999000, 13118982681, python, iotlab1, mult, 0
2619093     , 338.99, 174.29, 170.32,  6.60,  0.00, 13106424935, 13089405000,   17000000, 13118968142, python, iotlab1, mult, 0
2619093     , 339.36, 174.57, 170.59,  6.60,  0.00, 13107841853, 13090808000,   17001000, 13120136133, python, iotlab1, mult, 0
2619093     , 340.06, 175.08, 171.11,  6.60,  0.00, 13091055741, 13077194000,   12999000, 13103440932, python, iotlab1, mult, 0
2619093     , 340.07, 175.79, 171.83,  6.58,  0.00, 13057738142, 13039684000,   16999000, 13070126042, python, iotlab1, mult, 0
2619093     , 341.04, 174.90, 170.94,  6.64,  0.00, 13107307666, 13086498000,   18997000, 13119778288, python, iotlab1, mult, 0
2619093     , 338.54, 173.27, 169.32,  6.59,  0.00, 13082164549, 13064449000,   16999000, 13094625958, python, iotlab1, mult, 0
2619093     , 338.99, 174.82, 170.86,  6.59,  0.00, 13092723437, 13075555000,   16999000, 13105183086, python, iotlab1, mult, 0
2619093     , 351.82, 169.33, 165.36,  6.59,  0.00, 13088606348, 13073407000,   15000000, 13100962263, python, iotlab1, mult, 0
2678481     , 494.45, 255.38, 249.69,  9.54,  0.00, 18869585357, 18846630000,   21000000, 18882095162, python, iotlab1, mult, 0
2678481     , 498.63, 258.92, 253.07,  9.61,  0.00, 19071784954, 19055743000,   15999000, 19084179031, python, iotlab1, mult, 0
2678481     , 493.73, 255.96, 250.18,  9.50,  0.00, 18863649325, 18850625000,   12999000, 18875981634, python, iotlab1, mult, 0
2678481     , 488.51, 253.59, 247.89,  9.39,  0.00, 18606489887, 18591483000,   14999000, 18618799745, python, iotlab1, mult, 0
2678481     , 501.38, 260.11, 254.35,  9.67,  0.00, 19172607726, 19155419000,   17000000, 19188042595, python, iotlab1, mult, 0
2678481     , 484.01, 251.62, 245.90,  9.37,  0.00, 18611855425, 18589782000,   22000000, 18624261908, python, iotlab1, mult, 0
2678481     , 498.16, 259.64, 253.83,  9.59,  0.00, 19034361488, 19016017000,   16999000, 19046777200, python, iotlab1, mult, 0
2678481     , 502.43, 263.48, 257.67,  9.64,  0.00, 19074746747, 19055728000,   18999000, 19087234627, python, iotlab1, mult, 0
2678481     , 475.11, 246.57, 241.08,  9.20,  0.00, 18254592806, 18242635000,   11999000, 18266838188, python, iotlab1, mult, 0
2678481     , 497.36, 261.10, 255.33,  9.56,  0.00, 18971786290, 18955810000,   16000000, 18984127866, python, iotlab1, mult, 0
2988270     , 839.71, 416.88, 407.42, 15.71,  0.00, 31154430529, 31131571000,   20998000, 31166795105, python, iotlab1, mult, 0
2988270     , 723.94, 363.45, 355.21, 13.65,  0.00, 27130552787, 27109963000,   18998000, 27142862387, python, iotlab1, mult, 0
2988270     , 711.80, 355.25, 347.23, 13.30,  0.00, 26334304524, 26307250000,   27000000, 26346746141, python, iotlab1, mult, 0
2988270     , 703.00, 353.18, 345.18, 13.24,  0.00, 26309444907, 26287873000,   19998000, 26321870940, python, iotlab1, mult, 0
2988270     , 723.04, 361.41, 353.28, 13.52,  0.00, 26796235048, 26778783000,   15999000, 26808646397, python, iotlab1, mult, 0
2988270     , 788.40, 395.82, 386.89, 14.80,  0.00, 29412079065, 29400179000,   12000000, 29424440661, python, iotlab1, mult, 0
2988270     , 677.27, 338.41, 330.73, 12.75,  0.00, 25329740087, 25308209000,   19999000, 25342303271, python, iotlab1, mult, 0
2988270     , 756.01, 381.46, 372.83, 14.32,  0.00, 28384464818, 28366487000,   17999000, 28396921844, python, iotlab1, mult, 0
2988270     , 740.52, 369.98, 361.68, 13.76,  0.00, 27342451197, 27319911000,   20999000, 27354870920, python, iotlab1, mult, 0
2988270     , 703.20, 356.90, 348.93, 13.22,  0.00, 26199399566, 26176900000,   20999000, 26211830692, python, iotlab1, mult, 0
3051893     , 859.08, 414.02, 404.74, 17.12,  0.00, 30612866695, 30600743000,    9999000, 30625679976, python, iotlab1, mult, 0
3051893     , 850.97, 412.42, 403.27, 16.99,  0.00, 30133068905, 30113333000,   17999000, 30145498300, python, iotlab1, mult, 0
3051893     , 878.29, 426.25, 416.76, 17.44,  0.00, 31316669646, 31300471000,   15999000, 31329101846, python, iotlab1, mult, 0
3051893     , 849.69, 411.83, 402.63, 16.96,  0.00, 30212328323, 30183701000,   26997000, 30224801606, python, iotlab1, mult, 0
3051893     , 907.58, 438.74, 428.90, 18.01,  0.00, 32316584773, 32302719000,   11999000, 32329118292, python, iotlab1, mult, 0
3051893     , 820.31, 398.91, 390.01, 16.42,  0.00, 29124540047, 29106794000,   15999000, 29136989760, python, iotlab1, mult, 0
3051893     , 846.58, 410.14, 400.94, 16.93,  0.00, 30169565870, 30150839000,   16999000, 30181916687, python, iotlab1, mult, 0
3051893     , 852.69, 413.09, 403.82, 17.07,  0.00, 30440682222, 30419917000,   18998000, 30453060499, python, iotlab1, mult, 0
3051893     , 851.21, 412.02, 402.80, 16.95,  0.00, 30318611668, 30308797000,    7999000, 30331000032, python, iotlab1, mult, 0
3051893     , 857.12, 418.10, 408.79, 17.09,  0.00, 30495701229, 30483585000,   11999000, 30508103174, python, iotlab1, mult, 0
4046059     , 1187.11, 577.71, 564.74, 21.47,  0.00, 42695460286, 42673306000,   22000000, 42707882888, python, iotlab1, mult, 0
4046059     , 1228.92, 596.93, 583.53, 22.16,  0.00, 44010090553, 43993579000,   13999000, 44022537668, python, iotlab1, mult, 0
4046059     , 1266.13, 612.99, 599.13, 22.91,  0.00, 45511398006, 45497633000,   10999000, 45523887738, python, iotlab1, mult, 0
4046059     , 1139.42, 547.03, 534.58, 20.61,  0.00, 40955803278, 40936287000,   18999000, 40968203566, python, iotlab1, mult, 0
4046059     , 1095.52, 525.23, 513.27, 19.76,  0.00, 39258746476, 39238677000,   18999000, 39271159793, python, iotlab1, mult, 0
4046059     , 1150.54, 551.65, 539.19, 20.60,  0.00, 40907416822, 40883806000,   20998000, 40919736192, python, iotlab1, mult, 0
4046059     , 1147.69, 552.00, 539.51, 20.55,  0.00, 40875874967, 40853924000,   21999000, 40888432374, python, iotlab1, mult, 0
4046059     , 1205.06, 583.69, 570.64, 21.56,  0.00, 42812688446, 42793456000,   19000000, 42825077657, python, iotlab1, mult, 0
4046059     , 1183.04, 573.70, 560.89, 21.24,  0.00, 42165579668, 42146279000,   18999000, 42178213138, python, iotlab1, mult, 0
4046059     , 1162.51, 561.09, 548.46, 20.91,  0.00, 41551461999, 41529248000,   22000000, 41563792720, python, iotlab1, mult, 0
4111795     , 913.45, 440.31, 430.42, 16.40,  0.00, 32507049564, 32483782000,   22999000, 32519733657, python, iotlab1, mult, 0
4111795     , 901.21, 436.50, 426.73, 16.19,  0.00, 32068060742, 32045891000,   19998000, 32080537298, python, iotlab1, mult, 0
4111795     , 929.80, 450.07, 439.90, 16.68,  0.00, 33116963273, 33098986000,   17999000, 33129557155, python, iotlab1, mult, 0
4111795     , 902.47, 435.88, 426.07, 16.19,  0.00, 32060096757, 32035487000,   23000000, 32072430033, python, iotlab1, mult, 0
4111795     , 889.74, 431.47, 421.78, 15.93,  0.00, 31627610768, 31609274000,   15999000, 31640010566, python, iotlab1, mult, 0
4111795     , 923.73, 448.19, 438.11, 16.60,  0.00, 32890340811, 32873706000,   15000000, 32902716837, python, iotlab1, mult, 0
4111795     , 908.55, 435.86, 425.97, 16.35,  0.00, 32461806112, 32446753000,   15000000, 32474277135, python, iotlab1, mult, 0
4111795     , 923.15, 447.30, 437.33, 16.52,  0.00, 32709995455, 32694144000,   13999000, 32722433282, python, iotlab1, mult, 0
4111795     , 897.36, 434.54, 424.80, 16.10,  0.00, 31954643912, 31926944000,   25998000, 31967147748, python, iotlab1, mult, 0
4111795     , 902.79, 435.80, 425.99, 16.23,  0.00, 32153346297, 32129653000,   21999000, 32165821585, python, iotlab1, mult, 0
4273650     , 1196.56, 572.99, 559.96, 23.18,  0.00, 42681699746, 42661212000,   20000000, 42694036162, python, iotlab1, mult, 0
4273650     , 1194.05, 577.45, 564.60, 23.04,  0.00, 42327718231, 42299252000,   25998000, 42340139953, python, iotlab1, mult, 0
4273650     , 1170.10, 566.61, 553.96, 22.70,  0.00, 41642436763, 41620085000,   19998000, 41654814654, python, iotlab1, mult, 0
4273650     , 1198.80, 580.60, 567.66, 23.16,  0.00, 42639428090, 42615973000,   20998000, 42651849920, python, iotlab1, mult, 0
4273650     , 1185.79, 573.63, 560.99, 22.85,  0.00, 41925540887, 41900091000,   22998000, 41937867430, python, iotlab1, mult, 0
4273650     , 1269.72, 611.06, 597.40, 24.42,  0.00, 45057686397, 45038893000,   15999000, 45070060000, python, iotlab1, mult, 0
4273650     , 1194.01, 575.72, 562.86, 23.06,  0.00, 42356501586, 42327085000,   26998000, 42368817493, python, iotlab1, mult, 0
4273650     , 1195.45, 577.53, 564.68, 23.06,  0.00, 42438768731, 42409152000,   26998000, 42450982079, python, iotlab1, mult, 0
4273650     , 1208.69, 582.04, 569.00, 23.26,  0.00, 42728300510, 42712517000,   14000000, 42740874069, python, iotlab1, mult, 0
4273650     , 1251.73, 600.09, 586.60, 24.08,  0.00, 44389468274, 44371811000,   14999000, 44401948941, python, iotlab1, mult, 0
4582664     , 943.15, 453.38, 443.20, 16.89,  0.00, 33591006559, 33572982000,   15998000, 33603916922, python, iotlab1, mult, 0
4582664     , 946.38, 451.65, 441.42, 16.92,  0.00, 33570272967, 33548221000,   19998000, 33582701289, python, iotlab1, mult, 0
4582664     , 932.56, 448.24, 438.13, 16.67,  0.00, 33145144101, 33128085000,   17000000, 33157572279, python, iotlab1, mult, 0
4582664     , 938.07, 451.38, 441.29, 16.72,  0.00, 33177020493, 33163961000,   12999000, 33189362504, python, iotlab1, mult, 0
4582664     , 915.56, 442.59, 432.68, 16.41,  0.00, 32623473483, 32602395000,   21000000, 32635881680, python, iotlab1, mult, 0
4582664     , 932.69, 451.48, 441.37, 16.77,  0.00, 33270522545, 33258509000,   12000000, 33283086222, python, iotlab1, mult, 0
4582664     , 926.70, 444.83, 434.69, 16.71,  0.00, 33234819884, 33211964000,   20999000, 33247178218, python, iotlab1, mult, 0
4582664     , 944.77, 453.69, 443.38, 16.99,  0.00, 33718385771, 33698379000,   19999000, 33730811381, python, iotlab1, mult, 0
4582664     , 920.22, 439.72, 429.69, 16.56,  0.00, 32935877864, 32914935000,   20999000, 32948374024, python, iotlab1, mult, 0
4582664     , 958.37, 461.14, 450.72, 17.21,  0.00, 34154910091, 34142208000,   11000000, 34167303473, python, iotlab1, mult, 0
4588791     , 728.12, 347.96, 340.00, 13.13,  0.00, 26114919937, 26096689000,   18000000, 26127282162, python, iotlab1, mult, 0
4588791     , 732.00, 352.36, 344.38, 13.20,  0.00, 26181491550, 26159029000,   20998000, 26193770784, python, iotlab1, mult, 0
4588791     , 740.78, 356.05, 347.93, 13.34,  0.00, 26522000624, 26503995000,   17999000, 26534438243, python, iotlab1, mult, 0
4588791     , 739.61, 355.16, 347.07, 13.33,  0.00, 26435989936, 26416968000,   18999000, 26448332800, python, iotlab1, mult, 0
4588791     , 726.65, 348.16, 340.21, 13.13,  0.00, 26099824158, 26081302000,   16998000, 26112126292, python, iotlab1, mult, 0
4588791     , 734.48, 351.10, 343.13, 13.21,  0.00, 26191219200, 26165610000,   23997000, 26203594941, python, iotlab1, mult, 0
4588791     , 737.43, 352.12, 344.04, 13.26,  0.00, 26377836891, 26361687000,   16000000, 26390180942, python, iotlab1, mult, 0
4588791     , 733.62, 349.77, 341.80, 13.20,  0.00, 26250065545, 26228117000,   22000000, 26262489042, python, iotlab1, mult, 0
4588791     , 749.13, 358.49, 350.31, 13.48,  0.00, 26737617907, 26720582000,   16999000, 26750032777, python, iotlab1, mult, 0
4588791     , 735.90, 349.19, 341.23, 13.19,  0.00, 26221764137, 26200799000,   20999000, 26234186938, python, iotlab1, mult, 0
4638459     , 1120.81, 534.38, 522.27, 20.10,  0.00, 39910348955, 39886468000,   22000000, 39922715731, python, iotlab1, mult, 0
4638459     , 1090.50, 526.07, 514.19, 19.60,  0.00, 38918035585, 38895005000,   23000000, 38930364351, python, iotlab1, mult, 0
4638459     , 1185.18, 568.07, 555.19, 21.28,  0.00, 42332415208, 42311939000,   17999000, 42344866452, python, iotlab1, mult, 0
4638459     , 1141.34, 546.54, 534.05, 20.57,  0.00, 40835103464, 40816652000,   15999000, 40847633216, python, iotlab1, mult, 0
4638459     , 1090.24, 525.29, 513.42, 19.61,  0.00, 38935338547, 38919191000,   15999000, 38947756968, python, iotlab1, mult, 0
4638459     , 1143.07, 551.48, 539.04, 20.55,  0.00, 40866544881, 40856580000,    9999000, 40878881048, python, iotlab1, mult, 0
4638459     , 1158.26, 557.85, 545.21, 20.85,  0.00, 41407789931, 41394512000,   13000000, 41420200800, python, iotlab1, mult, 0
4638459     , 1150.24, 552.81, 540.22, 20.78,  0.00, 41261743581, 41241174000,   17999000, 41274176753, python, iotlab1, mult, 0
4638459     , 1165.75, 564.24, 551.50, 21.03,  0.00, 41837320977, 41815226000,   22000000, 41849724427, python, iotlab1, mult, 0
4638459     , 1148.43, 557.29, 544.82, 20.63,  0.00, 40963311699, 40940705000,   19998000, 40975741933, python, iotlab1, mult, 0
4728227     , 1192.42, 576.64, 563.64, 21.50,  0.00, 42686412482, 42665084000,   21000000, 42698970694, python, iotlab1, mult, 0
4728227     , 1169.46, 561.79, 549.02, 21.03,  0.00, 41832233811, 41812086000,   20000000, 41844568009, python, iotlab1, mult, 0
4728227     , 1113.24, 538.41, 526.19, 20.19,  0.00, 40089186319, 40073414000,   13999000, 40101518175, python, iotlab1, mult, 0
4728227     , 1121.93, 542.42, 530.10, 20.36,  0.00, 40426445790, 40409517000,   14999000, 40438770478, python, iotlab1, mult, 0
4728227     , 1132.58, 548.68, 536.35, 20.33,  0.00, 40441293952, 40415930000,   22998000, 40453767515, python, iotlab1, mult, 0
4728227     , 1125.26, 541.60, 529.35, 20.33,  0.00, 40358100302, 40340424000,   16000000, 40370502694, python, iotlab1, mult, 0
4728227     , 1151.83, 556.63, 544.10, 20.69,  0.00, 41119541935, 41104536000,   15000000, 41131895594, python, iotlab1, mult, 0
4728227     , 1090.82, 526.91, 515.08, 19.56,  0.00, 38859804700, 38843448000,   13999000, 38872184613, python, iotlab1, mult, 0
4728227     , 1142.38, 550.06, 537.65, 20.57,  0.00, 40842273006, 40820705000,   19999000, 40854569080, python, iotlab1, mult, 0
4728227     , 1135.95, 544.30, 531.86, 20.59,  0.00, 40952273536, 40937898000,   13999000, 40964869877, python, iotlab1, mult, 0
4956838     , 649.44, 333.89, 326.37, 12.51,  0.00, 24792282725, 24772375000,   17998000, 24804729586, python, iotlab1, mult, 0
4956838     , 649.58, 336.04, 328.52, 12.50,  0.00, 24830741445, 24815057000,   13998000, 24843269055, python, iotlab1, mult, 0
4956838     , 642.88, 331.99, 324.53, 12.41,  0.00, 24591124905, 24572525000,   16998000, 24603608561, python, iotlab1, mult, 0
4956838     , 657.94, 341.18, 333.39, 12.72,  0.00, 25274335008, 25248339000,   25999000, 25286812546, python, iotlab1, mult, 0
4956838     , 669.40, 344.35, 336.58, 12.92,  0.00, 25676031142, 25656039000,   19999000, 25688416216, python, iotlab1, mult, 0
4956838     , 662.34, 339.97, 332.25, 12.77,  0.00, 25298406558, 25282332000,   16000000, 25310793892, python, iotlab1, mult, 0
4956838     , 657.88, 337.84, 330.20, 12.70,  0.00, 25235744566, 25217839000,   15999000, 25248115423, python, iotlab1, mult, 0
4956838     , 667.02, 343.33, 335.54, 12.85,  0.00, 25461974028, 25432851000,   28999000, 25474534827, python, iotlab1, mult, 0
4956838     , 642.88, 328.41, 320.93, 12.46,  0.00, 24752811153, 24741798000,   11000000, 24765239603, python, iotlab1, mult, 0
4956838     , 645.76, 333.80, 326.26, 12.50,  0.00, 24806447860, 24782760000,   21998000, 24818827747, python, iotlab1, mult, 0
5018091     , 928.71, 446.46, 436.32, 16.73,  0.00, 33216902484, 33199633000,   16999000, 33229424101, python, iotlab1, mult, 0
5018091     , 922.33, 447.62, 437.60, 16.59,  0.00, 32923219980, 32905115000,   18000000, 32935692587, python, iotlab1, mult, 0
5018091     , 937.41, 450.12, 439.85, 16.91,  0.00, 33621877752, 33602873000,   16999000, 33634260950, python, iotlab1, mult, 0
5018091     , 904.59, 434.56, 424.73, 16.27,  0.00, 32283060389, 32260185000,   21001000, 32295467795, python, iotlab1, mult, 0
5018091     , 940.08, 454.89, 444.67, 16.87,  0.00, 33533588577, 33509725000,   21998000, 33546141221, python, iotlab1, mult, 0
5018091     , 920.73, 445.01, 435.08, 16.44,  0.00, 32609853458, 32591788000,   15999000, 32622297503, python, iotlab1, mult, 0
5018091     , 913.74, 437.68, 427.72, 16.47,  0.00, 32748666083, 32734659000,   14000000, 32761238500, python, iotlab1, mult, 0
5018091     , 930.98, 450.22, 440.15, 16.65,  0.00, 33037231656, 33013201000,   21998000, 33049623367, python, iotlab1, mult, 0
5018091     , 908.95, 439.35, 429.49, 16.26,  0.00, 32329053825, 32306101000,   20998000, 32341305148, python, iotlab1, mult, 0
5018091     , 907.49, 438.89, 429.11, 16.21,  0.00, 32148971496, 32127867000,   20999000, 32161551735, python, iotlab1, mult, 0
5831782     , 1085.60, 525.78, 513.93, 19.49,  0.00, 38773327450, 38750871000,   22000000, 38785575557, python, iotlab1, mult, 0
5831782     , 1217.04, 588.13, 574.91, 21.88,  0.00, 43458966970, 43437778000,   20999000, 43471325852, python, iotlab1, mult, 0
5831782     , 1176.47, 566.40, 553.58, 21.18,  0.00, 42055835713, 42027812000,   27999000, 42068202109, python, iotlab1, mult, 0
5831782     , 1087.14, 521.61, 509.67, 19.64,  0.00, 39056443908, 39035253000,   18999000, 39068777811, python, iotlab1, mult, 0
5831782     , 1165.53, 559.87, 547.11, 21.05,  0.00, 41797714681, 41781254000,   13999000, 41810043944, python, iotlab1, mult, 0
5831782     , 1144.60, 547.80, 535.34, 20.57,  0.00, 40842777636, 40816392000,   23998000, 40855231171, python, iotlab1, mult, 0
5831782     , 1153.42, 552.10, 539.54, 20.79,  0.00, 41350516284, 41327104000,   23000000, 41363014370, python, iotlab1, mult, 0
5831782     , 1162.01, 556.44, 543.81, 20.93,  0.00, 41562837573, 41544813000,   16000000, 41575305866, python, iotlab1, mult, 0
5831782     , 1135.93, 545.07, 532.64, 20.53,  0.00, 40766355566, 40744829000,   18998000, 40778711267, python, iotlab1, mult, 0
5831782     , 1091.32, 521.73, 509.78, 19.65,  0.00, 39086083743, 39067957000,   17999000, 39098457649, python, iotlab1, mult, 0
6493035     , 620.47, 298.46, 291.75, 11.10,  0.00, 21997147906, 21976644000,   18998000, 22009488862, python, iotlab1, mult, 0
6493035     , 618.35, 298.52, 291.82, 11.05,  0.00, 21965313052, 21941994000,   21998000, 21977692246, python, iotlab1, mult, 0
6493035     , 616.62, 295.61, 288.93, 11.05,  0.00, 21972366969, 21953176000,   18999000, 21984693135, python, iotlab1, mult, 0
6493035     , 618.03, 297.17, 290.42, 11.13,  0.00, 22059612023, 22041223000,   17999000, 22071942480, python, iotlab1, mult, 0
6493035     , 625.67, 298.07, 291.29, 11.24,  0.00, 22346983805, 22332916000,   13999000, 22359488778, python, iotlab1, mult, 0
6493035     , 615.40, 295.86, 289.17, 11.11,  0.00, 22027733635, 22002959000,   23001000, 22040092524, python, iotlab1, mult, 0
6493035     , 619.68, 298.07, 291.34, 11.12,  0.00, 22119363121, 22099870000,   17999000, 22131800817, python, iotlab1, mult, 0
6493035     , 625.79, 301.12, 294.28, 11.26,  0.00, 22387357944, 22370145000,   17000000, 22399831967, python, iotlab1, mult, 0
6493035     , 613.55, 294.01, 287.33, 11.04,  0.00, 21874434232, 21856938000,   15999000, 21887017450, python, iotlab1, mult, 0
6493035     , 616.86, 294.27, 287.58, 11.10,  0.00, 22075766378, 22057737000,   17999000, 22088068543, python, iotlab1, mult, 0
6493159     , 624.50, 300.48, 293.67, 11.24,  0.00, 22343557302, 22327055000,   14999000, 22355825792, python, iotlab1, mult, 0
6493159     , 619.94, 299.87, 293.14, 11.15,  0.00, 22093546084, 22075288000,   17999000, 22105993182, python, iotlab1, mult, 0
6493159     , 609.72, 293.09, 286.42, 10.98,  0.00, 21826170957, 21812894000,   12999000, 21838709882, python, iotlab1, mult, 0
6493159     , 606.26, 290.85, 284.23, 10.98,  0.00, 21823096708, 21802961000,   19999000, 21835660827, python, iotlab1, mult, 0
6493159     , 608.93, 293.93, 287.30, 11.03,  0.00, 21846492008, 21826756000,   17998000, 21858810254, python, iotlab1, mult, 0
6493159     , 619.56, 299.88, 293.09, 11.23,  0.00, 22321575726, 22296121000,   23999000, 22334001151, python, iotlab1, mult, 0
6493159     , 617.43, 297.28, 290.53, 11.20,  0.00, 22260020844, 22237010000,   23000000, 22272472310, python, iotlab1, mult, 0
6493159     , 621.34, 299.55, 292.77, 11.21,  0.00, 22208010076, 22182581000,   23998000, 22220356297, python, iotlab1, mult, 0
6493159     , 611.94, 295.52, 288.82, 11.08,  0.00, 22025537417, 22003520000,   21999000, 22037790818, python, iotlab1, mult, 0
6493159     , 616.57, 297.23, 290.52, 11.12,  0.00, 22029344353, 22009759000,   18000000, 22041677742, python, iotlab1, mult, 0
6584848     , 1272.97, 617.31, 603.38, 22.95,  0.00, 45650810099, 45631307000,   17999000, 45663261846, python, iotlab1, mult, 0
6584848     , 1368.20, 661.78, 646.87, 24.64,  0.00, 48945000014, 48924219000,   17998000, 48957413819, python, iotlab1, mult, 0
6584848     , 1325.24, 645.62, 631.20, 23.76,  0.00, 47202820094, 47182744000,   19999000, 47215135079, python, iotlab1, mult, 0
6584848     , 1305.26, 625.94, 611.78, 23.46,  0.00, 46600734306, 46578999000,   19999000, 46613150005, python, iotlab1, mult, 0
6584848     , 1300.06, 624.60, 610.48, 23.31,  0.00, 46378164517, 46358122000,   20000000, 46390590269, python, iotlab1, mult, 0
6584848     , 1331.39, 642.67, 628.20, 23.92,  0.00, 47503301649, 47480330000,   19998000, 47515730823, python, iotlab1, mult, 0
6584848     , 1373.38, 666.34, 651.43, 24.62,  0.00, 48917756503, 48904599000,   12999000, 48930069181, python, iotlab1, mult, 0
6584848     , 1298.03, 629.44, 615.37, 23.29,  0.00, 46248691061, 46227764000,   17999000, 46261141973, python, iotlab1, mult, 0
6584848     , 1280.65, 622.50, 608.56, 22.94,  0.00, 45634305711, 45620163000,   14000000, 45646803013, python, iotlab1, mult, 0
6584848     , 1324.88, 639.57, 625.27, 23.69,  0.00, 47060139171, 47038397000,   18998000, 47072648570, python, iotlab1, mult, 0
6845591     , 1122.92, 541.24, 529.14, 21.84,  0.00, 39802217534, 39782524000,   16998000, 39815175913, python, iotlab1, mult, 0
6845591     , 1106.46, 526.17, 514.19, 21.54,  0.00, 39358385072, 39329438000,   28999000, 39370835523, python, iotlab1, mult, 0
6845591     , 1127.55, 537.96, 525.78, 21.94,  0.00, 39959488688, 39941568000,   14999000, 39971965591, python, iotlab1, mult, 0
6845591     , 1121.83, 537.42, 525.23, 21.86,  0.00, 39961241442, 39950628000,    9000000, 39973624879, python, iotlab1, mult, 0
6845591     , 1123.89, 537.00, 524.82, 21.89,  0.00, 39991738846, 39974292000,   14998000, 40004102581, python, iotlab1, mult, 0
6845591     , 1127.34, 540.76, 528.56, 21.97,  0.00, 40094075083, 40066038000,   28000000, 40106830012, python, iotlab1, mult, 0
6845591     , 1109.17, 532.06, 520.07, 21.55,  0.00, 39360542586, 39339997000,   17999000, 39373090508, python, iotlab1, mult, 0
6845591     , 1116.08, 535.37, 523.24, 21.77,  0.00, 39772705166, 39756587000,   16000000, 39785062056, python, iotlab1, mult, 0
6845591     , 1092.95, 524.72, 512.97, 21.33,  0.00, 38740700549, 38713401000,   24998000, 38753181372, python, iotlab1, mult, 0
6845591     , 1113.98, 533.41, 521.39, 21.66,  0.00, 39506636420, 39478294000,   25998000, 39519013578, python, iotlab1, mult, 0
7014956     , 920.09, 439.65, 429.63, 16.51,  0.00, 32819160313, 32801863000,   16999000, 32831701101, python, iotlab1, mult, 0
7014956     , 911.72, 439.46, 429.55, 16.41,  0.00, 32557000898, 32545058000,    9999000, 32569388940, python, iotlab1, mult, 0
7014956     , 879.12, 425.38, 415.86, 15.81,  0.00, 31429541622, 31411681000,   15998000, 31441927005, python, iotlab1, mult, 0
7014956     , 948.79, 457.19, 446.93, 16.98,  0.00, 33677251606, 33651069000,   26000000, 33689702983, python, iotlab1, mult, 0
7014956     , 928.49, 443.19, 433.09, 16.63,  0.00, 33071574755, 33045631000,   23999000, 33084042056, python, iotlab1, mult, 0
7014956     , 926.50, 443.51, 433.41, 16.64,  0.00, 33018353674, 32999704000,   17000000, 33030816490, python, iotlab1, mult, 0
7014956     , 885.79, 425.40, 415.79, 15.85,  0.00, 31513949080, 31495882000,   17999000, 31526471560, python, iotlab1, mult, 0
7014956     , 909.18, 435.07, 425.20, 16.31,  0.00, 32345115543, 32319283000,   23997000, 32357813826, python, iotlab1, mult, 0
7014956     , 909.39, 436.19, 426.18, 16.44,  0.00, 32678887635, 32663830000,   15000000, 32691336398, python, iotlab1, mult, 0
7014956     , 907.21, 432.98, 423.08, 16.30,  0.00, 32327996392, 32306990000,   18998000, 32340571191, python, iotlab1, mult, 0
7202644     , 724.71, 368.86, 360.55, 13.81,  0.00, 27456502545, 27431746000,   22998000, 27469252442, python, iotlab1, mult, 0
7202644     , 742.61, 375.11, 366.67, 14.03,  0.00, 27812188334, 27789393000,   20998000, 27824569419, python, iotlab1, mult, 0
7202644     , 739.11, 360.50, 352.29, 13.59,  0.00, 27017013402, 26996930000,   19999000, 27029334953, python, iotlab1, mult, 0
7202644     , 776.53, 392.41, 383.54, 14.75,  0.00, 29258343083, 29237612000,   18999000, 29270781531, python, iotlab1, mult, 0
7202644     , 739.64, 376.64, 368.19, 13.98,  0.00, 27798460862, 27781375000,   16999000, 27810837508, python, iotlab1, mult, 0
7202644     , 764.93, 386.50, 377.78, 14.43,  0.00, 28619226800, 28602996000,   15999000, 28631631520, python, iotlab1, mult, 0
7202644     , 712.10, 364.57, 356.25, 13.72,  0.00, 27261731350, 27243676000,   17999000, 27274277357, python, iotlab1, mult, 0
7202644     , 727.45, 362.05, 353.76, 13.72,  0.00, 27280556998, 27267567000,   13000000, 27293058655, python, iotlab1, mult, 0
7202644     , 740.74, 367.49, 359.09, 13.94,  0.00, 27645647392, 27618008000,   25999000, 27658015378, python, iotlab1, mult, 0
7202644     , 744.36, 373.86, 365.38, 14.06,  0.00, 27951096418, 27928431000,   20998000, 27963415509, python, iotlab1, mult, 0
7392764     , 854.26, 405.77, 396.46, 16.98,  0.00, 30330873534, 30311650000,   19000000, 30343288761, python, iotlab1, mult, 0
7392764     , 844.01, 401.22, 392.12, 16.92,  0.00, 29875382338, 29846413000,   26998000, 29887687650, python, iotlab1, mult, 0
7392764     , 833.83, 398.12, 389.16, 16.79,  0.00, 29528138772, 29509450000,   16999000, 29540409080, python, iotlab1, mult, 0
7392764     , 878.34, 421.39, 411.92, 17.56,  0.00, 31161763344, 31141677000,   19999000, 31174109257, python, iotlab1, mult, 0
7392764     , 840.01, 400.23, 391.15, 16.86,  0.00, 29807214031, 29784557000,   20999000, 29819745148, python, iotlab1, mult, 0
7392764     , 819.88, 391.08, 382.22, 16.49,  0.00, 29145015819, 29126995000,   17999000, 29157255496, python, iotlab1, mult, 0
7392764     , 867.19, 417.38, 408.03, 17.37,  0.00, 30693186428, 30680884000,   11999000, 30705481046, python, iotlab1, mult, 0
7392764     , 833.08, 399.71, 390.78, 16.70,  0.00, 29475277378, 29462152000,   12999000, 29487610927, python, iotlab1, mult, 0
7392764     , 833.61, 396.93, 387.96, 16.78,  0.00, 29530881595, 29514210000,   14999000, 29543392370, python, iotlab1, mult, 0
7392764     , 832.27, 394.83, 385.83, 16.73,  0.00, 29518049322, 29504050000,   14000000, 29530402118, python, iotlab1, mult, 0
742166      , 923.66, 441.66, 431.71, 18.37,  0.00, 32704031910, 32685514000,   15999000, 32716441717, python, iotlab1, mult, 0
742166      , 935.90, 451.89, 441.72, 18.55,  0.00, 33145700304, 33129739000,   15999000, 33158920648, python, iotlab1, mult, 0
742166      , 922.59, 442.12, 432.13, 18.41,  0.00, 32789856521, 32774119000,   13999000, 32802496156, python, iotlab1, mult, 0
742166      , 929.23, 448.74, 438.80, 18.49,  0.00, 33003582601, 32982528000,   18999000, 33016122858, python, iotlab1, mult, 0
742166      , 951.44, 459.80, 449.73, 18.81,  0.00, 33555094532, 33528057000,   24998000, 33567651010, python, iotlab1, mult, 0
742166      , 971.50, 466.67, 456.24, 19.23,  0.00, 34531965286, 34506996000,   22998000, 34544393372, python, iotlab1, mult, 0
742166      , 915.70, 440.29, 430.49, 18.19,  0.00, 32425171854, 32397014000,   25998000, 32437618343, python, iotlab1, mult, 0
742166      , 915.55, 440.67, 430.91, 18.21,  0.00, 32438463726, 32413501000,   22998000, 32450782986, python, iotlab1, mult, 0
742166      , 927.82, 447.95, 438.09, 18.38,  0.00, 32739473578, 32714528000,   22998000, 32751821821, python, iotlab1, mult, 0
742166      , 906.21, 436.94, 427.10, 18.08,  0.00, 32192819729, 32167851000,   24999000, 32205133346, python, iotlab1, mult, 0
7481197     , 856.17, 414.12, 404.88, 17.02,  0.00, 30313484181, 30293393000,   18000000, 30326505177, python, iotlab1, mult, 0
7481197     , 845.76, 409.12, 399.93, 16.79,  0.00, 29964233403, 29945141000,   19000000, 29976639382, python, iotlab1, mult, 0
7481197     , 826.66, 396.41, 387.46, 16.45,  0.00, 29250911733, 29231142000,   17998000, 29263376438, python, iotlab1, mult, 0
7481197     , 850.35, 410.36, 401.13, 16.91,  0.00, 30166287116, 30149215000,   17000000, 30178966338, python, iotlab1, mult, 0
7481197     , 823.75, 393.78, 384.86, 16.48,  0.00, 29231799077, 29214815000,   14999000, 29244210797, python, iotlab1, mult, 0
7481197     , 817.05, 392.11, 383.27, 16.36,  0.00, 29069388978, 29047733000,   19998000, 29081950951, python, iotlab1, mult, 0
7481197     , 865.84, 416.40, 406.96, 17.29,  0.00, 30867677232, 30852793000,   12999000, 30880163476, python, iotlab1, mult, 0
7481197     , 818.38, 395.67, 386.92, 16.30,  0.00, 29045956824, 29025306000,   18998000, 29058444603, python, iotlab1, mult, 0
7481197     , 845.08, 406.16, 397.08, 16.86,  0.00, 29937871804, 29914978000,   20998000, 29950252215, python, iotlab1, mult, 0
7481197     , 857.04, 413.72, 404.49, 17.05,  0.00, 30527348434, 30505496000,   19999000, 30539792925, python, iotlab1, mult, 0
7481228     , 851.32, 411.74, 402.67, 16.95,  0.00, 30163350582, 30142291000,   18998000, 30176124424, python, iotlab1, mult, 0
7481228     , 814.96, 391.91, 383.06, 16.31,  0.00, 29016287926, 28992295000,   23999000, 29028621650, python, iotlab1, mult, 0
7481228     , 853.67, 410.85, 401.68, 17.06,  0.00, 30266843260, 30240976000,   23998000, 30279352550, python, iotlab1, mult, 0
7481228     , 833.87, 397.58, 388.47, 16.64,  0.00, 29710670512, 29697668000,   12999000, 29723142698, python, iotlab1, mult, 0
7481228     , 845.27, 406.19, 397.12, 16.79,  0.00, 29879058205, 29854050000,   22998000, 29891485327, python, iotlab1, mult, 0
7481228     , 850.59, 409.40, 400.19, 16.87,  0.00, 30139743559, 30128654000,   10999000, 30152088780, python, iotlab1, mult, 0
7481228     , 836.46, 402.63, 393.62, 16.71,  0.00, 29699382995, 29679565000,   17998000, 29711758035, python, iotlab1, mult, 0
7481228     , 885.82, 423.76, 414.13, 17.60,  0.00, 31554511383, 31540512000,   13999000, 31566880578, python, iotlab1, mult, 0
7481228     , 840.13, 404.14, 395.05, 16.74,  0.00, 29737578093, 29725464000,   11999000, 29750034007, python, iotlab1, mult, 0
7481228     , 852.74, 409.43, 400.18, 16.96,  0.00, 30302021332, 30281896000,   19999000, 30314769782, python, iotlab1, mult, 0
750651      , 891.27, 431.39, 421.70, 16.01,  0.00, 31745836005, 31728579000,   16999000, 31758787402, python, iotlab1, mult, 0
750651      , 929.25, 448.78, 438.73, 16.67,  0.00, 33140748801, 33122286000,   15998000, 33153213643, python, iotlab1, mult, 0
750651      , 945.11, 457.88, 447.82, 16.84,  0.00, 33417689986, 33397880000,   16998000, 33430235843, python, iotlab1, mult, 0
750651      , 935.61, 453.25, 443.23, 16.72,  0.00, 33247350634, 33223819000,   20997000, 33259867837, python, iotlab1, mult, 0
750651      , 893.75, 434.46, 424.71, 16.01,  0.00, 31756282351, 31741089000,   15000000, 31768694979, python, iotlab1, mult, 0
750651      , 876.43, 422.88, 413.33, 15.76,  0.00, 31325950702, 31301889000,   23999000, 31338374140, python, iotlab1, mult, 0
750651      , 897.33, 432.47, 422.71, 16.16,  0.00, 32058114327, 32034134000,   21998000, 32070467093, python, iotlab1, mult, 0
750651      , 906.23, 436.87, 427.14, 16.10,  0.00, 31843342562, 31820443000,   20998000, 31855728060, python, iotlab1, mult, 0
750651      , 946.46, 457.02, 446.72, 17.02,  0.00, 33749894725, 33732886000,   16999000, 33762411911, python, iotlab1, mult, 0
750651      , 911.55, 437.99, 428.00, 16.47,  0.00, 32737790351, 32712830000,   24999000, 32750271587, python, iotlab1, mult, 0
7938586     , 390.57, 201.09, 196.55,  7.57,  0.00, 14952765384, 14912374000,   15999000, 14965251677, python, iotlab1, mult, 0
7938586     , 388.55, 199.25, 194.72,  7.53,  0.00, 14966319860, 14946287000,   18997000, 14978834297, python, iotlab1, mult, 0
7938586     , 389.75, 200.01, 195.47,  7.54,  0.00, 14983691682, 14964780000,   17998000, 14996151961, python, iotlab1, mult, 0
7938586     , 383.98, 196.55, 192.03,  7.49,  0.00, 14877631206, 14863588000,   13999000, 14889991876, python, iotlab1, mult, 0
7938586     , 390.23, 199.13, 194.60,  7.58,  0.00, 14949393154, 14931487000,   16999000, 14961853423, python, iotlab1, mult, 0
7938586     , 431.48, 214.96, 210.09,  8.01,  0.00, 15449526411, 15426285000,   21998000, 15462034167, python, iotlab1, mult, 0
7938586     , 385.85, 198.13, 193.61,  7.54,  0.00, 14928596580, 14909721000,   17999000, 14941157773, python, iotlab1, mult, 0
7938586     , 386.02, 198.53, 193.99,  7.53,  0.00, 14943939162, 14930860000,   12999000, 14956344688, python, iotlab1, mult, 0
7938586     , 389.42, 199.06, 194.52,  7.57,  0.00, 14945173251, 14932436000,   11999000, 14957613010, python, iotlab1, mult, 0
7938586     , 383.66, 196.65, 192.14,  7.50,  0.00, 14877197068, 14856299000,   19999000, 14889935627, python, iotlab1, mult, 0
879955      , 890.38, 425.72, 415.96, 16.12,  0.00, 31924491417, 31889719000,   17999000, 31937823574, python, iotlab1, mult, 0
879955      , 880.80, 425.09, 415.51, 15.86,  0.00, 31426158420, 31407023000,   18999000, 31438661457, python, iotlab1, mult, 0
879955      , 902.10, 433.98, 424.07, 16.35,  0.00, 32483612657, 32463909000,   17999000, 32496021095, python, iotlab1, mult, 0
879955      , 909.51, 443.10, 433.28, 16.34,  0.00, 32385157220, 32368662000,   14999000, 32397516334, python, iotlab1, mult, 0
879955      , 889.63, 429.22, 419.45, 16.10,  0.00, 32004867621, 31985818000,   18999000, 32017173357, python, iotlab1, mult, 0
879955      , 899.88, 434.87, 425.03, 16.28,  0.00, 32274791411, 32250696000,   21999000, 32287084231, python, iotlab1, mult, 0
879955      , 911.54, 441.06, 431.15, 16.38,  0.00, 32553330926, 32537329000,   15999000, 32565717919, python, iotlab1, mult, 0
879955      , 937.69, 455.07, 444.83, 16.95,  0.00, 33604189352, 33585603000,   16999000, 33616608667, python, iotlab1, mult, 0
879955      , 924.41, 451.78, 441.68, 16.65,  0.00, 33009798555, 32987085000,   21999000, 33022146248, python, iotlab1, mult, 0
879955      , 875.97, 426.93, 417.39, 15.80,  0.00, 31396533038, 31378310000,   17999000, 31408995540, python, iotlab1, mult, 0
8946865     , 623.48, 301.92, 295.18, 12.89,  0.00, 22206129319, 22164159000,   21000000, 22219155257, python, iotlab1, mult, 0
8946865     , 629.35, 303.89, 297.13, 12.93,  0.00, 22258036943, 22241909000,   15999000, 22270591178, python, iotlab1, mult, 0
8946865     , 623.67, 300.06, 293.27, 12.91,  0.00, 22112307946, 22099210000,   12999000, 22124844869, python, iotlab1, mult, 0
8946865     , 626.92, 302.14, 295.36, 12.85,  0.00, 22207573419, 22193688000,   12999000, 22219936853, python, iotlab1, mult, 0
8946865     , 622.28, 297.59, 290.84, 12.87,  0.00, 22081091342, 22069302000,   10000000, 22093477385, python, iotlab1, mult, 0
8946865     , 637.85, 305.00, 298.08, 13.10,  0.00, 22697946361, 22678921000,   17999000, 22710418804, python, iotlab1, mult, 0
8946865     , 623.13, 300.49, 293.79, 12.84,  0.00, 22064418456, 22041389000,   21999000, 22076841352, python, iotlab1, mult, 0
8946865     , 618.04, 294.89, 288.16, 12.79,  0.00, 22042002944, 22026008000,   15000000, 22054395384, python, iotlab1, mult, 0
8946865     , 620.23, 295.97, 289.24, 12.79,  0.00, 22055900801, 22039786000,   14999000, 22068383615, python, iotlab1, mult, 0
8946865     , 633.09, 306.61, 299.85, 13.05,  0.00, 22361837622, 22346871000,   13999000, 22374241119, python, iotlab1, mult, 0
9055088     , 886.43, 426.42, 416.82, 17.71,  0.00, 31604693952, 31585027000,   17999000, 31617584269, python, iotlab1, mult, 0
9055088     , 841.77, 405.89, 396.77, 16.97,  0.00, 29891380797, 29880726000,    9000000, 29903705560, python, iotlab1, mult, 0
9055088     , 867.26, 416.97, 407.51, 17.40,  0.00, 31055882497, 31033763000,   21999000, 31068248705, python, iotlab1, mult, 0
9055088     , 855.45, 410.18, 400.92, 17.19,  0.00, 30340862099, 30321197000,   18000000, 30353455296, python, iotlab1, mult, 0
9055088     , 820.79, 392.30, 383.40, 16.54,  0.00, 29202641348, 29189409000,   12999000, 29215034205, python, iotlab1, mult, 0
9055088     , 833.65, 400.29, 391.26, 16.83,  0.00, 29643312114, 29617061000,   24998000, 29655625397, python, iotlab1, mult, 0
9055088     , 879.41, 424.15, 414.60, 17.66,  0.00, 31377883084, 31362769000,   14000000, 31390204876, python, iotlab1, mult, 0
9055088     , 848.94, 408.88, 399.62, 17.18,  0.00, 30352750120, 30339599000,   13000000, 30365288815, python, iotlab1, mult, 0
9055088     , 840.95, 407.73, 398.64, 16.97,  0.00, 30018412820, 30001918000,   14998000, 30030752108, python, iotlab1, mult, 0
9055088     , 851.24, 414.32, 405.07, 17.11,  0.00, 30310074815, 30300930000,    8999000, 30322436593, python, iotlab1, mult, 0
9074030     , 1132.10, 547.05, 534.67, 20.45,  0.00, 40680338397, 40662345000,   15999000, 40692766183, python, iotlab1, mult, 0
9074030     , 1109.00, 537.22, 525.06, 20.07,  0.00, 39837105106, 39818832000,   17999000, 39849459256, python, iotlab1, mult, 0
9074030     , 1133.57, 545.00, 532.54, 20.53,  0.00, 40798257722, 40776856000,   18999000, 40810879185, python, iotlab1, mult, 0
9074030     , 1160.25, 558.97, 546.21, 21.03,  0.00, 41784726325, 41758482000,   23999000, 41797169222, python, iotlab1, mult, 0
9074030     , 1141.36, 549.95, 537.40, 20.73,  0.00, 41152538148, 41134029000,   15999000, 41164796832, python, iotlab1, mult, 0
9074030     , 1176.54, 568.77, 555.88, 21.29,  0.00, 42281348802, 42261738000,   16999000, 42293745479, python, iotlab1, mult, 0
9074030     , 1087.06, 521.85, 509.89, 19.67,  0.00, 39121691995, 39102583000,   18999000, 39134221591, python, iotlab1, mult, 0
9074030     , 1100.37, 527.28, 515.28, 19.79,  0.00, 39233190645, 39211163000,   19999000, 39245604028, python, iotlab1, mult, 0
9074030     , 1122.51, 539.01, 526.75, 20.22,  0.00, 40208370408, 40188272000,   20000000, 40220657986, python, iotlab1, mult, 0
9074030     , 1168.33, 559.10, 546.26, 21.06,  0.00, 41812061255, 41795895000,   15999000, 41824499172, python, iotlab1, mult, 0
930328      , 673.05, 322.79, 315.41, 12.16,  0.00, 24146814697, 24109661000,   17999000, 24159105059, python, iotlab1, mult, 0
930328      , 684.74, 327.71, 320.21, 12.35,  0.00, 24510007477, 24487307000,   20999000, 24522374899, python, iotlab1, mult, 0
930328      , 672.61, 324.22, 316.86, 12.15,  0.00, 24164938364, 24151594000,   11999000, 24177263180, python, iotlab1, mult, 0
930328      , 688.36, 333.54, 326.05, 12.42,  0.00, 24623064801, 24604893000,   16999000, 24635416933, python, iotlab1, mult, 0
930328      , 672.61, 325.13, 317.81, 12.12,  0.00, 24104383043, 24079208000,   23999000, 24116788612, python, iotlab1, mult, 0
930328      , 672.26, 325.08, 317.75, 12.14,  0.00, 24128134395, 24108104000,   18999000, 24140490578, python, iotlab1, mult, 0
930328      , 697.23, 336.79, 329.21, 12.53,  0.00, 24832820955, 24814051000,   16999000, 24845077430, python, iotlab1, mult, 0
930328      , 685.33, 327.88, 320.37, 12.37,  0.00, 24591833359, 24575712000,   16000000, 24604337747, python, iotlab1, mult, 0
930328      , 676.26, 326.19, 318.81, 12.21,  0.00, 24209309910, 24191117000,   18000000, 24222134885, python, iotlab1, mult, 0
930328      , 679.78, 326.17, 318.75, 12.23,  0.00, 24322407083, 24306863000,   13999000, 24334872495, python, iotlab1, mult, 0
9587279     , 1145.46, 547.72, 535.23, 20.59,  0.00, 40872830512, 40849958000,   19999000, 40885892883, python, iotlab1, mult, 0
9587279     , 1147.98, 550.17, 537.57, 20.71,  0.00, 41193994255, 41171962000,   21999000, 41206486200, python, iotlab1, mult, 0
9587279     , 1163.77, 558.06, 545.34, 20.98,  0.00, 41660110967, 41636936000,   20998000, 41672491818, python, iotlab1, mult, 0
9587279     , 1229.32, 590.16, 576.66, 22.26,  0.00, 44198907215, 44176957000,   19999000, 44211274339, python, iotlab1, mult, 0
9587279     , 1217.79, 585.06, 571.64, 22.08,  0.00, 43922637778, 43906519000,   16000000, 43935069428, python, iotlab1, mult, 0
9587279     , 1179.27, 566.71, 553.77, 21.29,  0.00, 42273474790, 42251936000,   18999000, 42285821506, python, iotlab1, mult, 0
9587279     , 1152.80, 553.54, 540.90, 20.82,  0.00, 41329591536, 41314710000,   12999000, 41342021683, python, iotlab1, mult, 0
9587279     , 1177.48, 564.31, 551.38, 21.24,  0.00, 42221108025, 42208279000,   11999000, 42233547695, python, iotlab1, mult, 0
9587279     , 1162.08, 558.00, 545.44, 20.81,  0.00, 41337271242, 41319227000,   15999000, 41349628845, python, iotlab1, mult, 0
9587279     , 1165.79, 559.83, 547.22, 20.89,  0.00, 41476292989, 41463510000,   10999000, 41488681326, python, iotlab1, mult, 0
9603172     , 737.77, 352.42, 344.36, 13.26,  0.00, 26375076339, 26354747000,   18998000, 26388035388, python, iotlab1, mult, 0
9603172     , 746.64, 357.05, 348.94, 13.39,  0.00, 26542555209, 26527214000,   13999000, 26554989648, python, iotlab1, mult, 0
9603172     , 738.17, 352.88, 344.84, 13.32,  0.00, 26483585771, 26468526000,   15000000, 26495998067, python, iotlab1, mult, 0
9603172     , 738.51, 352.56, 344.51, 13.28,  0.00, 26340568120, 26321524000,   18999000, 26352949961, python, iotlab1, mult, 0
9603172     , 735.80, 352.56, 344.49, 13.28,  0.00, 26408574012, 26387375000,   19998000, 26420856234, python, iotlab1, mult, 0
9603172     , 728.71, 349.94, 341.91, 13.20,  0.00, 26254920317, 26239776000,   13999000, 26267486379, python, iotlab1, mult, 0
9603172     , 733.83, 352.51, 344.53, 13.23,  0.00, 26243567233, 26226223000,   16999000, 26255934571, python, iotlab1, mult, 0
9603172     , 727.43, 349.65, 341.61, 13.19,  0.00, 26220339759, 26199272000,   21000000, 26232735967, python, iotlab1, mult, 0
9603172     , 732.85, 352.07, 344.00, 13.25,  0.00, 26273272770, 26258135000,   15000000, 26285882297, python, iotlab1, mult, 0
9603172     , 742.21, 355.49, 347.33, 13.42,  0.00, 26692369940, 26672114000,   18998000, 26704770610, python, iotlab1, mult, 0
9650083     , 958.33, 463.38, 453.01, 17.20,  0.00, 34111159347, 34095431000,   13999000, 34123576365, python, iotlab1, mult, 0
9650083     , 986.70, 474.43, 463.61, 17.80,  0.00, 35398784114, 35379727000,   18999000, 35411205323, python, iotlab1, mult, 0
9650083     , 967.09, 468.15, 457.63, 17.40,  0.00, 34530339276, 34508142000,   22000000, 34542707668, python, iotlab1, mult, 0
9650083     , 1056.88, 505.17, 493.68, 18.97,  0.00, 37734715448, 37717073000,   15999000, 37747107272, python, iotlab1, mult, 0
9650083     , 988.89, 476.75, 466.03, 17.77,  0.00, 35252598374, 35237903000,   12999000, 35264976906, python, iotlab1, mult, 0
9650083     , 1011.00, 484.44, 473.42, 18.24,  0.00, 36186904271, 36171411000,   13000000, 36199353022, python, iotlab1, mult, 0
9650083     , 974.61, 472.49, 462.01, 17.45,  0.00, 34695196270, 34672344000,   20998000, 34707581654, python, iotlab1, mult, 0
9650083     , 990.71, 475.14, 464.33, 17.82,  0.00, 35352776003, 35327683000,   22999000, 35365146412, python, iotlab1, mult, 0
9650083     , 1029.94, 493.26, 481.98, 18.58,  0.00, 36944233340, 36930978000,   12999000, 36956666456, python, iotlab1, mult, 0
9650083     , 1032.36, 497.80, 486.55, 18.63,  0.00, 36969121731, 36955758000,   12999000, 36981602832, python, iotlab1, mult, 0
