file,psys,pkg,cores,ram,gpu,duration_time,user_time,system_time,perf_time,lang,machine,cores,power_limit
entry_10041984.class,  7.84,  3.75,  3.65,  0.20,  0.00,  358828046,  307621000,   22971000,  410162220, java, iotlab1, sing, 15
entry_10041984.class,  7.04,  3.72,  3.63,  0.16,  0.00,  292860911,  302476000,   11979000,  305087811, java, iotlab1, sing, 15
entry_10041984.class,  7.04,  3.70,  3.61,  0.16,  0.00,  293942783,  301026000,   15895000,  306357302, java, iotlab1, sing, 15
entry_10041984.class,  7.08,  3.73,  3.65,  0.16,  0.00,  294620092,  305896000,   12154000,  306875369, java, iotlab1, sing, 15
entry_10041984.class,  7.11,  3.74,  3.65,  0.16,  0.00,  295112964,  305289000,   12090000,  307496414, java, iotlab1, sing, 15
entry_10041984.class,  7.08,  3.72,  3.63,  0.16,  0.00,  293827973,  305317000,   17073000,  306163715, java, iotlab1, sing, 15
entry_10041984.class,  7.34,  3.76,  3.66,  0.17,  0.00,  311645462,  307847000,    9995000,  324238728, java, iotlab1, sing, 15
entry_10041984.class,  7.06,  3.72,  3.63,  0.16,  0.00,  294201676,  304610000,   12983000,  307419244, java, iotlab1, sing, 15
entry_10041984.class,  7.06,  3.69,  3.60,  0.16,  0.00,  293914614,  303816000,   13165000,  306294925, java, iotlab1, sing, 15
entry_10041984.class,  7.06,  3.71,  3.62,  0.16,  0.00,  292949174,  303048000,   13002000,  305315620, java, iotlab1, sing, 15
entry_10232436.class,  7.48,  3.85,  3.74,  0.27,  0.00,  295669488,  310263000,   14011000,  307995305, java, iotlab1, sing, 15
entry_10232436.class,  7.53,  3.80,  3.69,  0.27,  0.00,  291842887,  296169000,   19010000,  304219751, java, iotlab1, sing, 15
entry_10232436.class,  7.43,  3.81,  3.70,  0.27,  0.00,  291699271,  297210000,   15267000,  304108576, java, iotlab1, sing, 15
entry_10232436.class,  7.49,  3.85,  3.75,  0.27,  0.00,  294577148,  303588000,   19163000,  307095260, java, iotlab1, sing, 15
entry_10232436.class,  7.40,  3.77,  3.67,  0.26,  0.00,  292026449,  301006000,   15000000,  304488643, java, iotlab1, sing, 15
entry_10232436.class,  7.49,  3.79,  3.69,  0.27,  0.00,  295711391,  310288000,   14196000,  308115614, java, iotlab1, sing, 15
entry_10232436.class,  7.51,  3.84,  3.75,  0.26,  0.00,  294228733,  308152000,   14006000,  306558038, java, iotlab1, sing, 15
entry_10232436.class,  7.48,  3.81,  3.71,  0.27,  0.00,  295276396,  305023000,   18120000,  307844907, java, iotlab1, sing, 15
entry_10232436.class,  7.45,  3.80,  3.70,  0.28,  0.00,  291290178,  300022000,   15001000,  303610675, java, iotlab1, sing, 15
entry_10232436.class,  7.39,  3.77,  3.66,  0.27,  0.00,  290920127,  298304000,   16016000,  303254738, java, iotlab1, sing, 15
entry_10266345.class,  7.09,  3.62,  3.52,  0.17,  0.00,  293892159,  309066000,   12080000,  306393863, java, iotlab1, sing, 15
entry_10266345.class,  7.11,  3.71,  3.63,  0.17,  0.00,  293241128,  308320000,   10175000,  305592991, java, iotlab1, sing, 15
entry_10266345.class,  7.05,  3.63,  3.54,  0.17,  0.00,  292654159,  306639000,   14215000,  305096680, java, iotlab1, sing, 15
entry_10266345.class,  7.17,  3.69,  3.60,  0.17,  0.00,  296615758,  302605000,   19229000,  309080647, java, iotlab1, sing, 15
entry_10266345.class,  7.16,  3.68,  3.59,  0.17,  0.00,  294196274,  303754000,   15934000,  306600056, java, iotlab1, sing, 15
entry_10266345.class,  7.13,  3.69,  3.60,  0.17,  0.00,  291749125,  299387000,   20025000,  304145887, java, iotlab1, sing, 15
entry_10266345.class,  7.26,  3.73,  3.64,  0.17,  0.00,  296552510,  312604000,   16030000,  308976600, java, iotlab1, sing, 15
entry_10266345.class,  6.66,  3.41,  3.33,  0.16,  0.00,  270219955,  278278000,   18018000,  282641974, java, iotlab1, sing, 15
entry_10266345.class,  7.15,  3.69,  3.60,  0.17,  0.00,  293623448,  304160000,   16897000,  305909432, java, iotlab1, sing, 15
entry_10266345.class,  7.13,  3.69,  3.60,  0.17,  0.00,  291549262,  304071000,   15003000,  303940035, java, iotlab1, sing, 15
entry_10381952.class,  4.74,  2.12,  2.05,  0.13,  0.00,  215415140,  205018000,   14928000,  227747765, java, iotlab1, sing, 15
entry_10381952.class,  4.03,  2.05,  2.00,  0.10,  0.00,  159950955,  182333000,   22285000,  172313453, java, iotlab1, sing, 15
entry_10381952.class,  4.04,  2.05,  2.00,  0.10,  0.00,  160929716,  193831000,   13124000,  173287435, java, iotlab1, sing, 15
entry_10381952.class,  4.25,  2.06,  2.00,  0.11,  0.00,  176955390,  188281000,   18927000,  189829424, java, iotlab1, sing, 15
entry_10381952.class,  4.02,  1.99,  1.94,  0.10,  0.00,  162807063,  185707000,   22325000,  176406332, java, iotlab1, sing, 15
entry_10381952.class,  4.06,  2.00,  1.94,  0.10,  0.00,  163044676,  196907000,   13060000,  175373303, java, iotlab1, sing, 15
entry_10381952.class,  4.03,  2.06,  2.01,  0.10,  0.00,  159652327,  188919000,   15909000,  172007156, java, iotlab1, sing, 15
entry_10381952.class,  4.02,  2.03,  1.99,  0.10,  0.00,  161219999,  187667000,   19754000,  173690609, java, iotlab1, sing, 15
entry_10381952.class,  4.03,  2.01,  1.96,  0.10,  0.00,  163296552,  189374000,   19624000,  176371860, java, iotlab1, sing, 15
entry_10381952.class,  4.04,  2.04,  1.99,  0.10,  0.00,  161981156,  195222000,   12201000,  174536693, java, iotlab1, sing, 15
entry_10626078.class,  5.52,  2.83,  2.76,  0.13,  0.00,  223780425,  256337000,   13329000,  236261717, java, iotlab1, sing, 15
entry_10626078.class,  5.54,  2.87,  2.80,  0.13,  0.00,  222507649,  254463000,   13861000,  234893054, java, iotlab1, sing, 15
entry_10626078.class,  5.59,  2.87,  2.79,  0.13,  0.00,  224337658,  249071000,   21830000,  236765034, java, iotlab1, sing, 15
entry_10626078.class,  5.49,  2.80,  2.73,  0.13,  0.00,  226779297,  260216000,   15070000,  239175619, java, iotlab1, sing, 15
entry_10626078.class,  5.46,  2.76,  2.68,  0.13,  0.00,  226752216,  260362000,   14019000,  239148895, java, iotlab1, sing, 15
entry_10626078.class,  5.50,  2.81,  2.74,  0.13,  0.00,  227827703,  253852000,   21987000,  240234925, java, iotlab1, sing, 15
entry_10626078.class,  5.53,  2.85,  2.79,  0.13,  0.00,  223993552,  250209000,   19015000,  236324357, java, iotlab1, sing, 15
entry_10626078.class,  5.51,  2.84,  2.77,  0.13,  0.00,  222051288,  250260000,   16815000,  234389311, java, iotlab1, sing, 15
entry_10626078.class,  5.50,  2.82,  2.75,  0.13,  0.00,  223687025,  253484000,   16094000,  236730237, java, iotlab1, sing, 15
entry_10626078.class,  5.53,  2.86,  2.79,  0.13,  0.00,  224088109,  253239000,   17016000,  236498970, java, iotlab1, sing, 15
entry_10645029.class,  4.92,  2.51,  2.45,  0.12,  0.00,  196583478,  222558000,   19133000,  209127638, java, iotlab1, sing, 15
entry_10645029.class,  4.96,  2.54,  2.48,  0.12,  0.00,  196584555,  222874000,   19074000,  208965900, java, iotlab1, sing, 15
entry_10645029.class,  4.96,  2.53,  2.46,  0.12,  0.00,  198340866,  233761000,    9947000,  210644540, java, iotlab1, sing, 15
entry_10645029.class,  4.93,  2.54,  2.48,  0.12,  0.00,  198036242,  231685000,   13038000,  210330606, java, iotlab1, sing, 15
entry_10645029.class,  4.93,  2.56,  2.50,  0.12,  0.00,  197599470,  225395000,   16171000,  209960920, java, iotlab1, sing, 15
entry_10645029.class,  4.93,  2.54,  2.47,  0.12,  0.00,  196285172,  232735000,    8913000,  208932830, java, iotlab1, sing, 15
entry_10645029.class,  4.92,  2.53,  2.46,  0.12,  0.00,  196113819,  228485000,   12970000,  208487146, java, iotlab1, sing, 15
entry_10645029.class,  4.96,  2.52,  2.45,  0.12,  0.00,  198456066,  227369000,   15432000,  211502098, java, iotlab1, sing, 15
entry_10645029.class,  4.90,  2.48,  2.42,  0.12,  0.00,  200332062,  232980000,   12943000,  214011856, java, iotlab1, sing, 15
entry_10645029.class,  5.00,  2.59,  2.52,  0.12,  0.00,  198588639,  228007000,   15133000,  211035965, java, iotlab1, sing, 15
entry_10669998.class, 18.20,  8.98,  8.71,  0.69,  0.00,  719941107,  779004000,  162747000,  733801497, java, iotlab1, sing, 15
entry_10669998.class, 18.24,  9.12,  8.87,  0.69,  0.00,  713737031,  754085000,  175019000,  726252041, java, iotlab1, sing, 15
entry_10669998.class, 18.16,  9.02,  8.76,  0.68,  0.00,  700087534,  753147000,  141839000,  712628856, java, iotlab1, sing, 15
entry_10669998.class, 17.49,  8.75,  8.50,  0.66,  0.00,  677323166,  706620000,  138942000,  689825239, java, iotlab1, sing, 15
entry_10669998.class, 17.98,  8.99,  8.72,  0.68,  0.00,  697515654,  743873000,  159684000,  709928066, java, iotlab1, sing, 15
entry_10669998.class, 17.79,  8.89,  8.63,  0.68,  0.00,  694664204,  727056000,  165240000,  707025521, java, iotlab1, sing, 15
entry_10669998.class, 17.94,  8.95,  8.69,  0.68,  0.00,  697621690,  739967000,  164217000,  710346827, java, iotlab1, sing, 15
entry_10669998.class, 17.65,  8.84,  8.59,  0.67,  0.00,  689101745,  706639000,  166735000,  701548786, java, iotlab1, sing, 15
entry_10669998.class, 17.87,  8.82,  8.56,  0.69,  0.00,  710624124,  734667000,  180918000,  723235619, java, iotlab1, sing, 15
entry_10669998.class, 18.06,  9.06,  8.80,  0.68,  0.00,  700084901,  719347000,  175818000,  712534850, java, iotlab1, sing, 15
entry_1069554.class,  6.99,  3.61,  3.52,  0.16,  0.00,  291495130,  293838000,   18797000,  303821881, java, iotlab1, sing, 15
entry_1069554.class,  7.11,  3.66,  3.57,  0.16,  0.00,  298753945,  312459000,   12173000,  311968421, java, iotlab1, sing, 15
entry_1069554.class,  7.02,  3.61,  3.53,  0.16,  0.00,  292299853,  298706000,   14985000,  304716428, java, iotlab1, sing, 15
entry_1069554.class,  7.02,  3.64,  3.55,  0.16,  0.00,  293134564,  300882000,   12035000,  305504684, java, iotlab1, sing, 15
entry_1069554.class,  7.03,  3.65,  3.55,  0.16,  0.00,  292601882,  298172000,   15212000,  304977881, java, iotlab1, sing, 15
entry_1069554.class,  7.01,  3.62,  3.52,  0.16,  0.00,  293890493,  299210000,   17126000,  307020439, java, iotlab1, sing, 15
entry_1069554.class,  6.99,  3.57,  3.48,  0.16,  0.00,  295720225,  305534000,   13152000,  310433437, java, iotlab1, sing, 15
entry_1069554.class,  6.97,  3.61,  3.52,  0.16,  0.00,  291369195,  292910000,   19858000,  303962502, java, iotlab1, sing, 15
entry_1069554.class,  7.02,  3.62,  3.53,  0.16,  0.00,  291503384,  296460000,   17026000,  303901642, java, iotlab1, sing, 15
entry_1069554.class,  6.99,  3.61,  3.52,  0.16,  0.00,  291363788,  298453000,   14972000,  303863440, java, iotlab1, sing, 15
entry_11111668.class,  4.60,  2.37,  2.31,  0.11,  0.00,  180827538,  207201000,   16853000,  193166740, java, iotlab1, sing, 15
entry_11111668.class,  4.57,  2.34,  2.29,  0.11,  0.00,  181948039,  210174000,   15303000,  194248149, java, iotlab1, sing, 15
entry_11111668.class,  4.89,  2.42,  2.35,  0.12,  0.00,  204887829,  205506000,   20949000,  217251173, java, iotlab1, sing, 15
entry_11111668.class,  4.55,  2.34,  2.29,  0.11,  0.00,  181379125,  201913000,   22322000,  193952139, java, iotlab1, sing, 15
entry_11111668.class,  4.59,  2.34,  2.28,  0.11,  0.00,  181584944,  203068000,   21216000,  194036331, java, iotlab1, sing, 15
entry_11111668.class,  4.57,  2.33,  2.28,  0.11,  0.00,  182952223,  210263000,   15868000,  195074263, java, iotlab1, sing, 15
entry_11111668.class,  4.56,  2.35,  2.30,  0.11,  0.00,  182107292,  208882000,   15839000,  194510037, java, iotlab1, sing, 15
entry_11111668.class,  4.55,  2.35,  2.30,  0.11,  0.00,  182085027,  210423000,   15030000,  194469401, java, iotlab1, sing, 15
entry_11111668.class,  4.55,  2.30,  2.25,  0.11,  0.00,  182927454,  204357000,   23040000,  195204630, java, iotlab1, sing, 15
entry_11111668.class,  4.56,  2.33,  2.27,  0.11,  0.00,  182695674,  201549000,   24944000,  195217800, java, iotlab1, sing, 15
entry_11135711.class, 12.47,  5.98,  5.79,  0.44,  0.00,  515541467,  487391000,  199075000,  527797374, java, iotlab1, sing, 15
entry_11135711.class, 11.94,  5.79,  5.61,  0.42,  0.00,  480436857,  442408000,  209300000,  492811727, java, iotlab1, sing, 15
entry_11135711.class, 12.35,  6.05,  5.87,  0.43,  0.00,  496634891,  473964000,  191352000,  509144977, java, iotlab1, sing, 15
entry_11135711.class, 12.47,  6.18,  6.00,  0.43,  0.00,  493489667,  458022000,  200817000,  506029771, java, iotlab1, sing, 15
entry_11135711.class, 11.93,  5.84,  5.66,  0.42,  0.00,  470723661,  430988000,  207072000,  483163334, java, iotlab1, sing, 15
entry_11135711.class, 12.01,  5.87,  5.69,  0.42,  0.00,  473652438,  440324000,  198597000,  485947069, java, iotlab1, sing, 15
entry_11135711.class, 11.85,  5.85,  5.68,  0.41,  0.00,  467733306,  429274000,  196211000,  480171670, java, iotlab1, sing, 15
entry_11135711.class, 11.90,  5.83,  5.66,  0.41,  0.00,  468375879,  423849000,  213399000,  481216698, java, iotlab1, sing, 15
entry_11135711.class, 12.42,  6.13,  5.96,  0.43,  0.00,  489773857,  458805000,  196079000,  502343608, java, iotlab1, sing, 15
entry_11135711.class, 12.36,  6.10,  5.92,  0.43,  0.00,  491701953,  451513000,  207478000,  504025989, java, iotlab1, sing, 15
entry_11485958.class,  4.56,  2.33,  2.27,  0.11,  0.00,  182752738,  201675000,   22849000,  195702659, java, iotlab1, sing, 15
entry_11485958.class,  4.56,  2.32,  2.26,  0.11,  0.00,  182510649,  205292000,   21555000,  194689372, java, iotlab1, sing, 15
entry_11485958.class,  4.55,  2.33,  2.27,  0.11,  0.00,  181798711,  209972000,   15846000,  194092896, java, iotlab1, sing, 15
entry_11485958.class,  4.56,  2.34,  2.28,  0.11,  0.00,  181749192,  207370000,   18032000,  194298258, java, iotlab1, sing, 15
entry_11485958.class,  4.54,  2.29,  2.24,  0.11,  0.00,  184327684,  205363000,   23470000,  196816173, java, iotlab1, sing, 15
entry_11485958.class,  4.54,  2.32,  2.26,  0.11,  0.00,  182132228,  210108000,   15932000,  194485718, java, iotlab1, sing, 15
entry_11485958.class,  4.57,  2.33,  2.27,  0.11,  0.00,  183532588,  209021000,   19001000,  196743180, java, iotlab1, sing, 15
entry_11485958.class,  4.52,  2.29,  2.24,  0.11,  0.00,  182989094,  207898000,   18990000,  196697929, java, iotlab1, sing, 15
entry_11485958.class,  4.61,  2.35,  2.29,  0.11,  0.00,  181483762,  205897000,   19703000,  193911006, java, iotlab1, sing, 15
entry_11485958.class,  4.83,  2.36,  2.29,  0.12,  0.00,  197348452,  205823000,   20780000,  210131409, java, iotlab1, sing, 15
entry_11509821.class,  5.47,  2.82,  2.75,  0.13,  0.00,  215277031,  237098000,   16211000,  227516071, java, iotlab1, sing, 15
entry_11509821.class,  5.57,  2.86,  2.79,  0.13,  0.00,  218196922,  235341000,   18103000,  230599412, java, iotlab1, sing, 15
entry_11509821.class,  5.46,  2.83,  2.77,  0.13,  0.00,  216595225,  235133000,   20183000,  229325091, java, iotlab1, sing, 15
entry_11509821.class,  5.50,  2.83,  2.76,  0.13,  0.00,  215718921,  234250000,   19520000,  228152918, java, iotlab1, sing, 15
entry_11509821.class,  5.46,  2.83,  2.75,  0.13,  0.00,  216181794,  236757000,   18134000,  228694414, java, iotlab1, sing, 15
entry_11509821.class,  5.47,  2.84,  2.77,  0.13,  0.00,  215960153,  234306000,   19106000,  228274748, java, iotlab1, sing, 15
entry_11509821.class,  5.51,  2.82,  2.76,  0.13,  0.00,  215933159,  234764000,   19309000,  228380598, java, iotlab1, sing, 15
entry_11509821.class,  5.57,  2.87,  2.80,  0.13,  0.00,  217731075,  240190000,   15946000,  230056141, java, iotlab1, sing, 15
entry_11509821.class,  5.50,  2.81,  2.74,  0.13,  0.00,  216864301,  236331000,   18946000,  229284717, java, iotlab1, sing, 15
entry_11509821.class,  5.49,  2.82,  2.75,  0.13,  0.00,  216259214,  237060000,   18080000,  228754092, java, iotlab1, sing, 15
entry_11530625.class,  4.86,  2.48,  2.42,  0.12,  0.00,  194990382,  222862000,   15264000,  207401359, java, iotlab1, sing, 15
entry_11530625.class,  4.81,  2.45,  2.39,  0.12,  0.00,  195252273,  222444000,   17716000,  207613096, java, iotlab1, sing, 15
entry_11530625.class,  4.80,  2.43,  2.37,  0.12,  0.00,  196164957,  225854000,   15260000,  208472626, java, iotlab1, sing, 15
entry_11530625.class,  4.58,  2.32,  2.26,  0.11,  0.00,  182639868,  210720000,   15123000,  194971951, java, iotlab1, sing, 15
entry_11530625.class,  4.61,  2.33,  2.26,  0.11,  0.00,  183581895,  212782000,   13664000,  196182707, java, iotlab1, sing, 15
entry_11530625.class,  4.89,  2.39,  2.33,  0.12,  0.00,  200855322,  212981000,   13247000,  213237807, java, iotlab1, sing, 15
entry_11530625.class,  4.59,  2.33,  2.27,  0.11,  0.00,  182341538,  208929000,   17075000,  194665862, java, iotlab1, sing, 15
entry_11530625.class,  4.83,  2.44,  2.37,  0.12,  0.00,  195835962,  223057000,   17004000,  208135235, java, iotlab1, sing, 15
entry_11530625.class,  4.58,  2.32,  2.26,  0.11,  0.00,  181954858,  210176000,   14801000,  194358193, java, iotlab1, sing, 15
entry_11530625.class,  4.58,  2.33,  2.27,  0.11,  0.00,  182273122,  207478000,   19043000,  194615139, java, iotlab1, sing, 15
entry_11907993.class,  4.46,  2.25,  2.19,  0.10,  0.00,  181932064,  187669000,   15971000,  194226626, java, iotlab1, sing, 15
entry_11907993.class,  4.49,  2.27,  2.21,  0.11,  0.00,  183401253,  194518000,   15561000,  195850279, java, iotlab1, sing, 15
entry_11907993.class,  4.43,  2.27,  2.22,  0.10,  0.00,  181521255,  190451000,   13169000,  193933350, java, iotlab1, sing, 15
entry_11907993.class,  4.46,  2.26,  2.21,  0.11,  0.00,  183509477,  192473000,   12897000,  196748445, java, iotlab1, sing, 15
entry_11907993.class,  4.41,  2.24,  2.18,  0.11,  0.00,  183205482,  190945000,   14995000,  195632148, java, iotlab1, sing, 15
entry_11907993.class,  4.53,  2.33,  2.26,  0.11,  0.00,  184657706,  188004000,   15161000,  197191169, java, iotlab1, sing, 15
entry_11907993.class,  4.41,  2.26,  2.21,  0.10,  0.00,  182214703,  194095000,   10004000,  194622645, java, iotlab1, sing, 15
entry_11907993.class,  4.49,  2.24,  2.18,  0.11,  0.00,  184704415,  193100000,   14853000,  197142456, java, iotlab1, sing, 15
entry_11907993.class,  4.43,  2.25,  2.19,  0.10,  0.00,  183275423,  191583000,   13108000,  196628749, java, iotlab1, sing, 15
entry_11907993.class,  4.46,  2.24,  2.19,  0.11,  0.00,  185075897,  191878000,   14990000,  198856863, java, iotlab1, sing, 15
entry_11912323.class, 13.66,  6.67,  6.45,  0.68,  0.00,  523503891,  555854000,   22113000,  535834203, java, iotlab1, sing, 15
entry_11912323.class, 14.34,  6.97,  6.75,  0.71,  0.00,  534636307,  560562000,   25979000,  547016920, java, iotlab1, sing, 15
entry_11912323.class, 14.10,  6.87,  6.64,  0.69,  0.00,  530341801,  561701000,   25120000,  543540680, java, iotlab1, sing, 15
entry_11912323.class, 13.65,  6.69,  6.47,  0.68,  0.00,  523940714,  556460000,   22218000,  536577093, java, iotlab1, sing, 15
entry_11912323.class, 15.55,  7.57,  7.34,  0.76,  0.00,  561521991,  587723000,   25073000,  573846596, java, iotlab1, sing, 15
entry_11912323.class, 13.82,  6.77,  6.55,  0.68,  0.00,  525471969,  557124000,   21080000,  537851791, java, iotlab1, sing, 15
entry_11912323.class, 13.66,  6.70,  6.49,  0.68,  0.00,  521369692,  559420000,   16069000,  533791942, java, iotlab1, sing, 15
entry_11912323.class, 13.83,  6.71,  6.50,  0.68,  0.00,  526262972,  555469000,   25021000,  538751896, java, iotlab1, sing, 15
entry_11912323.class, 13.66,  6.67,  6.46,  0.67,  0.00,  520898200,  550351000,   24970000,  533431159, java, iotlab1, sing, 15
entry_11912323.class, 13.63,  6.71,  6.50,  0.67,  0.00,  522617880,  556417000,   19979000,  535198352, java, iotlab1, sing, 15
entry_11918582.class,  7.72,  3.94,  3.85,  0.18,  0.00,  316242713,  345001000,   10936000,  328816695, java, iotlab1, sing, 15
entry_11918582.class,  7.71,  3.91,  3.82,  0.18,  0.00,  316469874,  337099000,   19655000,  328832033, java, iotlab1, sing, 15
entry_11918582.class,  7.79,  3.98,  3.87,  0.18,  0.00,  317764358,  338148000,   19008000,  331023161, java, iotlab1, sing, 15
entry_11918582.class,  7.72,  3.96,  3.86,  0.18,  0.00,  316024951,  341647000,   13101000,  328292649, java, iotlab1, sing, 15
entry_11918582.class,  7.79,  3.98,  3.88,  0.18,  0.00,  315711901,  340182000,   15008000,  328097307, java, iotlab1, sing, 15
entry_11918582.class,  7.76,  3.99,  3.90,  0.18,  0.00,  315128930,  336299000,   16864000,  327604590, java, iotlab1, sing, 15
entry_11918582.class,  7.76,  3.97,  3.87,  0.18,  0.00,  318334039,  334153000,   22805000,  331307253, java, iotlab1, sing, 15
entry_11918582.class,  7.75,  3.94,  3.85,  0.18,  0.00,  315347390,  334984000,   18774000,  327886970, java, iotlab1, sing, 15
entry_11918582.class,  7.81,  3.98,  3.88,  0.18,  0.00,  315812384,  332671000,   21782000,  328292862, java, iotlab1, sing, 15
entry_11918582.class,  7.78,  3.97,  3.87,  0.18,  0.00,  314836625,  334258000,   19014000,  327267361, java, iotlab1, sing, 15
entry_11987884.class,  5.27,  2.69,  2.63,  0.13,  0.00,  210143692,  239663000,   15911000,  222551447, java, iotlab1, sing, 15
entry_11987884.class,  5.30,  2.72,  2.65,  0.13,  0.00,  210109070,  235402000,   20597000,  222453190, java, iotlab1, sing, 15
entry_11987884.class,  6.24,  2.84,  2.75,  0.16,  0.00,  282591114,  238104000,   15940000,  296624662, java, iotlab1, sing, 15
entry_11987884.class,  5.55,  2.75,  2.68,  0.13,  0.00,  223205418,  242431000,   14024000,  235772230, java, iotlab1, sing, 15
entry_11987884.class,  5.29,  2.72,  2.65,  0.13,  0.00,  209268567,  239675000,   14979000,  221655363, java, iotlab1, sing, 15
entry_11987884.class,  5.32,  2.71,  2.65,  0.13,  0.00,  211205820,  235323000,   20763000,  223668789, java, iotlab1, sing, 15
entry_11987884.class,  5.28,  2.68,  2.61,  0.13,  0.00,  213112001,  244174000,   15946000,  225567207, java, iotlab1, sing, 15
entry_11987884.class,  5.28,  2.69,  2.63,  0.13,  0.00,  211409678,  238787000,   18059000,  223904928, java, iotlab1, sing, 15
entry_11987884.class,  5.31,  2.66,  2.59,  0.13,  0.00,  215330544,  245455000,   16295000,  228748411, java, iotlab1, sing, 15
entry_11987884.class,  5.33,  2.73,  2.66,  0.13,  0.00,  209527554,  236642000,   16903000,  221952457, java, iotlab1, sing, 15
entry_12228081.class,  5.53,  2.78,  2.72,  0.13,  0.00,  222478025,  252992000,   14167000,  234855724, java, iotlab1, sing, 15
entry_12228081.class,  5.58,  2.81,  2.73,  0.13,  0.00,  223677801,  246574000,   21134000,  236691816, java, iotlab1, sing, 15
entry_12228081.class,  5.50,  2.79,  2.73,  0.13,  0.00,  221957473,  251457000,   14967000,  234425467, java, iotlab1, sing, 15
entry_12228081.class,  5.53,  2.78,  2.71,  0.13,  0.00,  224679788,  244411000,   25042000,  237792411, java, iotlab1, sing, 15
entry_12228081.class,  5.55,  2.81,  2.73,  0.13,  0.00,  223623557,  253152000,   19777000,  237372434, java, iotlab1, sing, 15
entry_12228081.class,  5.52,  2.84,  2.76,  0.13,  0.00,  221569152,  250898000,   14875000,  233792759, java, iotlab1, sing, 15
entry_12228081.class,  5.53,  2.83,  2.77,  0.13,  0.00,  221813270,  251639000,   14205000,  234358081, java, iotlab1, sing, 15
entry_12228081.class,  5.54,  2.82,  2.76,  0.13,  0.00,  221503948,  250210000,   14952000,  233943475, java, iotlab1, sing, 15
entry_12228081.class,  5.46,  2.78,  2.72,  0.13,  0.00,  221736465,  243781000,   21713000,  234054695, java, iotlab1, sing, 15
entry_12228081.class,  5.81,  2.86,  2.78,  0.14,  0.00,  244035437,  250928000,   16188000,  256449581, java, iotlab1, sing, 15
entry_12673736.class,  5.71,  2.86,  2.79,  0.14,  0.00,  234528935,  261644000,   15917000,  246806655, java, iotlab1, sing, 15
entry_12673736.class,  5.70,  2.88,  2.81,  0.14,  0.00,  234286086,  256957000,   20754000,  246709060, java, iotlab1, sing, 15
entry_12673736.class,  5.70,  2.87,  2.80,  0.14,  0.00,  235259536,  261287000,   18663000,  247664403, java, iotlab1, sing, 15
entry_12673736.class,  5.71,  2.91,  2.84,  0.14,  0.00,  234440868,  257334000,   21858000,  246776040, java, iotlab1, sing, 15
entry_12673736.class,  5.73,  2.93,  2.86,  0.14,  0.00,  234010982,  266322000,   11013000,  246430337, java, iotlab1, sing, 15
entry_12673736.class,  5.78,  2.91,  2.85,  0.14,  0.00,  234334469,  264511000,   14804000,  246937610, java, iotlab1, sing, 15
entry_12673736.class,  5.76,  2.94,  2.86,  0.14,  0.00,  234746533,  267683000,   10025000,  247144587, java, iotlab1, sing, 15
entry_12673736.class,  5.71,  2.91,  2.84,  0.14,  0.00,  233124831,  260871000,   16991000,  245656008, java, iotlab1, sing, 15
entry_12673736.class,  5.75,  2.92,  2.84,  0.14,  0.00,  233504823,  257892000,   19065000,  245899008, java, iotlab1, sing, 15
entry_12673736.class,  5.75,  2.93,  2.86,  0.14,  0.00,  234440788,  264154000,   15123000,  246925777, java, iotlab1, sing, 15
entry_12674861.class,  8.46,  4.39,  4.29,  0.20,  0.00,  338651056,  365721000,   16803000,  351007448, java, iotlab1, sing, 15
entry_12674861.class,  8.47,  4.38,  4.26,  0.20,  0.00,  337284382,  361727000,   19984000,  349527632, java, iotlab1, sing, 15
entry_12674861.class,  8.81,  4.49,  4.37,  0.21,  0.00,  354699604,  365727000,   15029000,  367206436, java, iotlab1, sing, 15
entry_12674861.class,  8.50,  4.44,  4.34,  0.20,  0.00,  340460814,  363004000,   17755000,  352923412, java, iotlab1, sing, 15
entry_12674861.class,  8.45,  4.39,  4.29,  0.20,  0.00,  340240357,  364612000,   19137000,  353356467, java, iotlab1, sing, 15
entry_12674861.class,  8.41,  4.36,  4.26,  0.20,  0.00,  336959233,  363828000,   17085000,  349419136, java, iotlab1, sing, 15
entry_12674861.class,  8.51,  4.44,  4.33,  0.20,  0.00,  337701480,  360647000,   23105000,  350247772, java, iotlab1, sing, 15
entry_12674861.class,  8.49,  4.38,  4.27,  0.20,  0.00,  338963278,  367051000,   17002000,  351355948, java, iotlab1, sing, 15
entry_12674861.class,  8.57,  4.39,  4.28,  0.20,  0.00,  341229382,  360088000,   23873000,  354469551, java, iotlab1, sing, 15
entry_12674861.class,  8.59,  4.40,  4.29,  0.20,  0.00,  338753874,  368340000,   15013000,  351235753, java, iotlab1, sing, 15
entry_12748201.class, 13.13,  6.41,  6.22,  0.44,  0.00,  517136053,  483499000,  200475000,  529809343, java, iotlab1, sing, 15
entry_12748201.class, 13.11,  6.47,  6.28,  0.44,  0.00,  519213024,  486324000,  199264000,  531765372, java, iotlab1, sing, 15
entry_12748201.class, 13.13,  6.45,  6.27,  0.44,  0.00,  513566005,  469690000,  213679000,  525975984, java, iotlab1, sing, 15
entry_12748201.class, 13.23,  6.35,  6.16,  0.44,  0.00,  522413387,  494989000,  194211000,  534806516, java, iotlab1, sing, 15
entry_12748201.class, 13.12,  6.45,  6.26,  0.44,  0.00,  519697924,  490738000,  195705000,  532009619, java, iotlab1, sing, 15
entry_12748201.class, 13.11,  6.41,  6.21,  0.44,  0.00,  523913649,  497450000,  195604000,  536280066, java, iotlab1, sing, 15
entry_12748201.class, 13.05,  6.41,  6.22,  0.44,  0.00,  514966980,  476857000,  201823000,  527342555, java, iotlab1, sing, 15
entry_12748201.class, 13.06,  6.28,  6.09,  0.45,  0.00,  537722095,  486600000,  229642000,  550278305, java, iotlab1, sing, 15
entry_12748201.class, 13.10,  6.47,  6.29,  0.44,  0.00,  515881121,  484314000,  198539000,  528286762, java, iotlab1, sing, 15
entry_12748201.class, 12.98,  6.35,  6.16,  0.44,  0.00,  523125012,  493440000,  200336000,  535356410, java, iotlab1, sing, 15
entry_12810299.class,  3.33,  1.68,  1.64,  0.08,  0.00,  135056858,  142569000,   15951000,  147466365, java, iotlab1, sing, 15
entry_12810299.class,  3.33,  1.66,  1.62,  0.08,  0.00,  136343768,  148775000,   12144000,  148747910, java, iotlab1, sing, 15
entry_12810299.class,  3.62,  1.73,  1.68,  0.09,  0.00,  156112256,  150353000,    8961000,  168538588, java, iotlab1, sing, 15
entry_12810299.class,  3.29,  1.64,  1.60,  0.08,  0.00,  138617076,  151603000,   13051000,  150994516, java, iotlab1, sing, 15
entry_12810299.class,  3.29,  1.64,  1.60,  0.08,  0.00,  137635961,  145402000,   16930000,  150122296, java, iotlab1, sing, 15
entry_12810299.class,  3.33,  1.66,  1.62,  0.08,  0.00,  137333749,  149995000,   12161000,  149676961, java, iotlab1, sing, 15
entry_12810299.class,  3.33,  1.68,  1.62,  0.08,  0.00,  135344806,  143872000,   15659000,  147609169, java, iotlab1, sing, 15
entry_12810299.class,  3.32,  1.63,  1.59,  0.08,  0.00,  139412332,  142353000,   22580000,  152696866, java, iotlab1, sing, 15
entry_12810299.class,  3.29,  1.64,  1.60,  0.08,  0.00,  135763919,  143638000,   15959000,  148416641, java, iotlab1, sing, 15
entry_12810299.class,  3.32,  1.68,  1.64,  0.08,  0.00,  135195316,  146140000,   13012000,  147687566, java, iotlab1, sing, 15
entry_13030671.class,  6.41,  3.27,  3.19,  0.16,  0.00,  255785695,  281927000,   17995000,  268728001, java, iotlab1, sing, 15
entry_13030671.class,  6.63,  3.39,  3.31,  0.16,  0.00,  262338511,  289847000,   19650000,  274656629, java, iotlab1, sing, 15
entry_13030671.class,  6.36,  3.26,  3.19,  0.15,  0.00,  254357934,  283730000,   15038000,  266756982, java, iotlab1, sing, 15
entry_13030671.class,  6.46,  3.32,  3.24,  0.15,  0.00,  254865750,  284900000,   11912000,  267329945, java, iotlab1, sing, 15
entry_13030671.class,  6.42,  3.33,  3.26,  0.16,  0.00,  254618072,  284640000,   13121000,  267281483, java, iotlab1, sing, 15
entry_13030671.class,  6.40,  3.29,  3.21,  0.15,  0.00,  255935068,  283586000,   16856000,  268387159, java, iotlab1, sing, 15
entry_13030671.class,  6.43,  3.30,  3.23,  0.16,  0.00,  256360665,  282560000,   17908000,  268748359, java, iotlab1, sing, 15
entry_13030671.class,  6.49,  3.31,  3.23,  0.16,  0.00,  256481612,  283596000,   17035000,  269813889, java, iotlab1, sing, 15
entry_13030671.class,  6.42,  3.30,  3.23,  0.16,  0.00,  254132559,  278476000,   20252000,  266393808, java, iotlab1, sing, 15
entry_13030671.class,  6.37,  3.29,  3.21,  0.15,  0.00,  253918761,  282527000,   14922000,  266508769, java, iotlab1, sing, 15
entry_13208003.class,  6.51,  3.33,  3.25,  0.15,  0.00,  266027646,  277405000,   10050000,  278993915, java, iotlab1, sing, 15
entry_13208003.class,  6.46,  3.36,  3.28,  0.15,  0.00,  263549423,  274219000,   10929000,  276021831, java, iotlab1, sing, 15
entry_13208003.class,  6.79,  3.53,  3.45,  0.15,  0.00,  274357968,  291460000,   14870000,  286742533, java, iotlab1, sing, 15
entry_13208003.class,  6.48,  3.39,  3.30,  0.15,  0.00,  263550701,  269544000,   15797000,  276008715, java, iotlab1, sing, 15
entry_13208003.class,  6.51,  3.43,  3.34,  0.15,  0.00,  263709297,  275690000,    9088000,  276099855, java, iotlab1, sing, 15
entry_13208003.class,  6.53,  3.41,  3.33,  0.15,  0.00,  263545052,  276144000,    9070000,  275971380, java, iotlab1, sing, 15
entry_13208003.class,  6.82,  3.58,  3.50,  0.15,  0.00,  274469197,  295486000,   10980000,  286876534, java, iotlab1, sing, 15
entry_13208003.class,  6.78,  3.53,  3.46,  0.15,  0.00,  275978445,  292754000,   15038000,  288321590, java, iotlab1, sing, 15
entry_13208003.class,  6.51,  3.40,  3.32,  0.15,  0.00,  264408838,  270253000,   14013000,  276740132, java, iotlab1, sing, 15
entry_13208003.class,  6.53,  3.39,  3.30,  0.15,  0.00,  266509699,  279144000,   15007000,  279623060, java, iotlab1, sing, 15
entry_13274277.class,  6.48,  3.38,  3.31,  0.15,  0.00,  253131846,  277791000,   18783000,  265639566, java, iotlab1, sing, 15
entry_13274277.class,  6.53,  3.42,  3.34,  0.16,  0.00,  253742580,  284902000,   13753000,  266184031, java, iotlab1, sing, 15
entry_13274277.class,  6.69,  3.49,  3.41,  0.16,  0.00,  260457378,  293940000,   16824000,  272851679, java, iotlab1, sing, 15
entry_13274277.class,  6.71,  3.44,  3.35,  0.16,  0.00,  265934267,  282966000,   15998000,  278319725, java, iotlab1, sing, 15
entry_13274277.class,  6.54,  3.40,  3.32,  0.16,  0.00,  257016772,  284525000,   18033000,  269323400, java, iotlab1, sing, 15
entry_13274277.class,  6.52,  3.44,  3.37,  0.15,  0.00,  253802868,  282155000,   16008000,  266239799, java, iotlab1, sing, 15
entry_13274277.class,  6.55,  3.39,  3.31,  0.16,  0.00,  255811787,  286676000,   14333000,  268350634, java, iotlab1, sing, 15
entry_13274277.class,  6.46,  3.37,  3.29,  0.15,  0.00,  254255813,  283671000,   14877000,  266719357, java, iotlab1, sing, 15
entry_13274277.class,  6.54,  3.45,  3.36,  0.16,  0.00,  254146092,  279900000,   19061000,  266727049, java, iotlab1, sing, 15
entry_13274277.class,  6.51,  3.43,  3.35,  0.15,  0.00,  254196330,  285500000,   13114000,  266724679, java, iotlab1, sing, 15
entry_13314427.class,  4.94,  2.54,  2.49,  0.12,  0.00,  195490250,  222502000,   18873000,  207999226, java, iotlab1, sing, 15
entry_13314427.class,  4.91,  2.51,  2.45,  0.12,  0.00,  198550466,  226988000,   18915000,  210849057, java, iotlab1, sing, 15
entry_13314427.class,  4.89,  2.50,  2.45,  0.12,  0.00,  195549969,  225783000,   14919000,  207919607, java, iotlab1, sing, 15
entry_13314427.class,  4.91,  2.53,  2.47,  0.12,  0.00,  195192179,  225011000,   15000000,  207613860, java, iotlab1, sing, 15
entry_13314427.class,  4.95,  2.51,  2.44,  0.12,  0.00,  199647910,  226098000,   16078000,  212797523, java, iotlab1, sing, 15
entry_13314427.class,  4.87,  2.48,  2.42,  0.12,  0.00,  197018429,  224195000,   18096000,  209451898, java, iotlab1, sing, 15
entry_13314427.class,  4.93,  2.52,  2.46,  0.12,  0.00,  196855650,  225798000,   16910000,  209246992, java, iotlab1, sing, 15
entry_13314427.class,  4.93,  2.52,  2.46,  0.12,  0.00,  195363912,  223072000,   16929000,  207872502, java, iotlab1, sing, 15
entry_13314427.class,  4.97,  2.52,  2.45,  0.12,  0.00,  195785795,  223328000,   18107000,  208108962, java, iotlab1, sing, 15
entry_13314427.class,  4.89,  2.51,  2.45,  0.12,  0.00,  196397926,  227570000,   13973000,  208858084, java, iotlab1, sing, 15
entry_13415591.class,  8.05,  4.17,  4.07,  0.18,  0.00,  333795597,  350213000,   12007000,  346411487, java, iotlab1, sing, 15
entry_13415591.class,  8.08,  4.16,  4.06,  0.18,  0.00,  333796229,  351580000,   10955000,  346308644, java, iotlab1, sing, 15
entry_13415591.class,  8.12,  4.16,  4.06,  0.18,  0.00,  333772383,  349831000,   12097000,  346199722, java, iotlab1, sing, 15
entry_13415591.class,  8.09,  4.14,  4.04,  0.18,  0.00,  333280402,  349839000,   12063000,  345708250, java, iotlab1, sing, 15
entry_13415591.class,  8.11,  4.15,  4.04,  0.18,  0.00,  334503890,  348012000,   15863000,  346846324, java, iotlab1, sing, 15
entry_13415591.class,  8.06,  4.14,  4.03,  0.18,  0.00,  333459205,  344420000,   17120000,  345823058, java, iotlab1, sing, 15
entry_13415591.class,  8.16,  4.17,  4.07,  0.18,  0.00,  338332393,  349237000,   13929000,  350842408, java, iotlab1, sing, 15
entry_13415591.class,  8.12,  4.18,  4.07,  0.18,  0.00,  332383746,  345483000,   14934000,  344833476, java, iotlab1, sing, 15
entry_13415591.class,  8.06,  4.15,  4.05,  0.18,  0.00,  333976934,  350307000,   12044000,  346355865, java, iotlab1, sing, 15
entry_13415591.class,  8.08,  4.16,  4.07,  0.18,  0.00,  333297979,  349812000,   12097000,  345656309, java, iotlab1, sing, 15
entry_13669826.class,  4.66,  2.29,  2.24,  0.12,  0.00,  192242425,  187088000,   32015000,  204584819, java, iotlab1, sing, 15
entry_13669826.class,  4.79,  2.42,  2.36,  0.12,  0.00,  191782435,  197578000,   24697000,  204149889, java, iotlab1, sing, 15
entry_13669826.class,  4.66,  2.38,  2.32,  0.11,  0.00,  187697555,  187100000,   26728000,  200104473, java, iotlab1, sing, 15
entry_13669826.class,  4.68,  2.34,  2.28,  0.12,  0.00,  191367346,  186410000,   31236000,  204397109, java, iotlab1, sing, 15
entry_13669826.class,  4.68,  2.39,  2.33,  0.12,  0.00,  188550812,  189456000,   25522000,  200930573, java, iotlab1, sing, 15
entry_13669826.class,  4.70,  2.37,  2.31,  0.11,  0.00,  187671094,  185693000,   27397000,  200269259, java, iotlab1, sing, 15
entry_13669826.class,  4.64,  2.37,  2.31,  0.11,  0.00,  187407642,  196140000,   17921000,  199879540, java, iotlab1, sing, 15
entry_13669826.class,  4.69,  2.36,  2.30,  0.12,  0.00,  191796750,  197901000,   21989000,  204097691, java, iotlab1, sing, 15
entry_13669826.class,  4.66,  2.38,  2.32,  0.11,  0.00,  188705402,  187897000,   26985000,  200894977, java, iotlab1, sing, 15
entry_13669826.class,  4.70,  2.41,  2.34,  0.12,  0.00,  188387889,  187735000,   27378000,  200577335, java, iotlab1, sing, 15
entry_13750788.class,  5.21,  2.68,  2.61,  0.12,  0.00,  205726530,  230070000,   17079000,  218134249, java, iotlab1, sing, 15
entry_13750788.class,  5.19,  2.66,  2.60,  0.12,  0.00,  207590166,  227236000,   20929000,  220880087, java, iotlab1, sing, 15
entry_13750788.class,  5.16,  2.64,  2.57,  0.12,  0.00,  209538043,  232629000,   19051000,  222734281, java, iotlab1, sing, 15
entry_13750788.class,  5.73,  2.90,  2.83,  0.14,  0.00,  233187409,  258597000,   15913000,  246754918, java, iotlab1, sing, 15
entry_13750788.class,  5.18,  2.66,  2.60,  0.12,  0.00,  205269596,  225308000,   20571000,  217818332, java, iotlab1, sing, 15
entry_13750788.class,  5.69,  2.91,  2.84,  0.13,  0.00,  232692360,  262752000,   10989000,  244901217, java, iotlab1, sing, 15
entry_13750788.class,  5.70,  2.93,  2.85,  0.13,  0.00,  230992846,  259644000,   12218000,  243345717, java, iotlab1, sing, 15
entry_13750788.class,  5.74,  2.94,  2.87,  0.14,  0.00,  230878153,  256547000,   15909000,  243408677, java, iotlab1, sing, 15
entry_13750788.class,  5.92,  2.98,  2.90,  0.14,  0.00,  245229013,  254090000,   16742000,  257675518, java, iotlab1, sing, 15
entry_13750788.class,  5.25,  2.65,  2.58,  0.12,  0.00,  209095486,  226953000,   22290000,  222252285, java, iotlab1, sing, 15
entry_13752564.class,  4.55,  2.31,  2.26,  0.11,  0.00,  175555943,  204604000,   12974000,  187960555, java, iotlab1, sing, 15
entry_13752564.class,  5.74,  2.94,  2.87,  0.14,  0.00,  226971049,  252898000,   15868000,  239176850, java, iotlab1, sing, 15
entry_13752564.class,  4.57,  2.33,  2.28,  0.11,  0.00,  176479436,  201690000,   16054000,  188990193, java, iotlab1, sing, 15
entry_13752564.class,  4.55,  2.32,  2.28,  0.11,  0.00,  175853015,  200137000,   17922000,  188192782, java, iotlab1, sing, 15
entry_13752564.class,  5.49,  2.84,  2.77,  0.13,  0.00,  207557633,  238534000,   17182000,  219910803, java, iotlab1, sing, 15
entry_13752564.class,  4.52,  2.29,  2.24,  0.11,  0.00,  176764578,  194245000,   25161000,  189300964, java, iotlab1, sing, 15
entry_13752564.class,  4.53,  2.32,  2.27,  0.11,  0.00,  175823763,  196564000,   21951000,  188146623, java, iotlab1, sing, 15
entry_13752564.class,  4.59,  2.33,  2.27,  0.12,  0.00,  176535159,  206227000,   13272000,  188932419, java, iotlab1, sing, 15
entry_13752564.class,  6.03,  3.05,  2.98,  0.15,  0.00,  235937952,  263497000,   22041000,  248305718, java, iotlab1, sing, 15
entry_13752564.class,  4.63,  2.35,  2.29,  0.12,  0.00,  178906517,  202244000,   14016000,  191231249, java, iotlab1, sing, 15
entry_13875810.class, 12.78,  6.21,  6.02,  0.50,  0.00,  488618303,  542573000,   56371000,  501221263, java, iotlab1, sing, 15
entry_13875810.class, 12.74,  6.26,  6.08,  0.50,  0.00,  480027406,  522208000,   61024000,  492398227, java, iotlab1, sing, 15
entry_13875810.class, 12.97,  6.26,  6.08,  0.50,  0.00,  492254796,  518651000,   64956000,  504862576, java, iotlab1, sing, 15
entry_13875810.class, 12.56,  6.30,  6.13,  0.49,  0.00,  476671459,  527069000,   53904000,  489258997, java, iotlab1, sing, 15
entry_13875810.class, 12.64,  6.28,  6.10,  0.50,  0.00,  480083158,  522612000,   62357000,  492385729, java, iotlab1, sing, 15
entry_13875810.class, 14.13,  6.94,  6.75,  0.55,  0.00,  512686312,  537325000,   71576000,  525348428, java, iotlab1, sing, 15
entry_13875810.class, 12.70,  6.33,  6.15,  0.50,  0.00,  480121802,  514933000,   67337000,  492472687, java, iotlab1, sing, 15
entry_13875810.class, 12.62,  6.33,  6.15,  0.50,  0.00,  480073948,  512516000,   68335000,  492356876, java, iotlab1, sing, 15
entry_13875810.class, 14.13,  6.95,  6.75,  0.56,  0.00,  513818602,  567307000,   56528000,  526176875, java, iotlab1, sing, 15
entry_13875810.class, 12.72,  6.23,  6.06,  0.50,  0.00,  484446363,  523995000,   65873000,  497326877, java, iotlab1, sing, 15
entry_14275833.class,  4.57,  2.35,  2.30,  0.11,  0.00,  182408791,  212922000,   12995000,  195369851, java, iotlab1, sing, 15
entry_14275833.class,  4.70,  2.42,  2.37,  0.11,  0.00,  188453886,  208910000,   19083000,  200903644, java, iotlab1, sing, 15
entry_14275833.class,  4.93,  2.50,  2.44,  0.12,  0.00,  195268658,  220917000,   18157000,  207732374, java, iotlab1, sing, 15
entry_14275833.class,  4.89,  2.46,  2.40,  0.12,  0.00,  197227338,  228104000,   13297000,  210406314, java, iotlab1, sing, 15
entry_14275833.class,  4.61,  2.36,  2.31,  0.11,  0.00,  184156061,  212888000,   15279000,  196673701, java, iotlab1, sing, 15
entry_14275833.class,  4.85,  2.47,  2.41,  0.12,  0.00,  194409103,  221278000,   16944000,  206785155, java, iotlab1, sing, 15
entry_14275833.class,  4.64,  2.34,  2.27,  0.12,  0.00,  187338735,  215153000,   15863000,  200478499, java, iotlab1, sing, 15
entry_14275833.class,  4.82,  2.44,  2.39,  0.12,  0.00,  196602565,  221239000,   19931000,  209197591, java, iotlab1, sing, 15
entry_14275833.class,  4.86,  2.47,  2.40,  0.12,  0.00,  194628094,  221754000,   16201000,  207215477, java, iotlab1, sing, 15
entry_14275833.class,  4.59,  2.33,  2.28,  0.11,  0.00,  183244640,  216646000,   12148000,  195581539, java, iotlab1, sing, 15
entry_14318362.class,  5.88,  2.88,  2.80,  0.15,  0.00,  258274340,  293627000,   22198000,  272410623, java, iotlab1, sing, 15
entry_14318362.class,  5.74,  2.97,  2.90,  0.13,  0.00,  232240929,  248606000,   18044000,  244563738, java, iotlab1, sing, 15
entry_14318362.class,  6.26,  3.25,  3.18,  0.14,  0.00,  250063038,  283471000,   17840000,  262539300, java, iotlab1, sing, 15
entry_14318362.class,  5.77,  2.99,  2.92,  0.13,  0.00,  231194439,  249731000,   14983000,  243600921, java, iotlab1, sing, 15
entry_14318362.class,  6.35,  3.27,  3.19,  0.14,  0.00,  249474411,  284178000,   16123000,  261826470, java, iotlab1, sing, 15
entry_14318362.class,  5.77,  2.97,  2.90,  0.13,  0.00,  231571801,  253407000,   11972000,  243996339, java, iotlab1, sing, 15
entry_14318362.class,  6.29,  3.29,  3.20,  0.14,  0.00,  249698058,  285124000,   15951000,  261891640, java, iotlab1, sing, 15
entry_14318362.class,  5.78,  2.96,  2.89,  0.13,  0.00,  231950739,  249017000,   15873000,  244222858, java, iotlab1, sing, 15
entry_14318362.class,  5.95,  3.03,  2.97,  0.13,  0.00,  234524275,  259182000,   17011000,  246831985, java, iotlab1, sing, 15
entry_14318362.class,  5.91,  3.02,  2.94,  0.14,  0.00,  241598979,  245462000,   18958000,  254098284, java, iotlab1, sing, 15
entry_14318370.class,  7.40,  3.66,  3.57,  0.16,  0.00,  283424220,  312405000,   33042000,  295948613, java, iotlab1, sing, 15
entry_14318370.class,  7.39,  3.64,  3.56,  0.16,  0.00,  283241880,  327856000,   19930000,  295487370, java, iotlab1, sing, 15
entry_14318370.class,  7.45,  3.65,  3.55,  0.16,  0.00,  283703060,  326119000,   23008000,  296224090, java, iotlab1, sing, 15
entry_14318370.class,  7.30,  3.61,  3.52,  0.16,  0.00,  278871431,  318650000,   20781000,  291295469, java, iotlab1, sing, 15
entry_14318370.class,  7.44,  3.67,  3.59,  0.16,  0.00,  283326483,  330938000,   17942000,  295811375, java, iotlab1, sing, 15
entry_14318370.class,  7.42,  3.65,  3.55,  0.16,  0.00,  284926515,  321904000,   28078000,  298132650, java, iotlab1, sing, 15
entry_14318370.class,  7.12,  3.52,  3.42,  0.16,  0.00,  274444621,  299508000,   25785000,  288473240, java, iotlab1, sing, 15
entry_14318370.class,  7.16,  3.56,  3.47,  0.16,  0.00,  275377251,  309547000,   23115000,  287809406, java, iotlab1, sing, 15
entry_14318370.class,  6.87,  3.36,  3.29,  0.15,  0.00,  262256987,  288741000,   20765000,  274639222, java, iotlab1, sing, 15
entry_14318370.class,  6.87,  3.31,  3.22,  0.15,  0.00,  267937536,  296781000,   19719000,  281237424, java, iotlab1, sing, 15
entry_14327543.class,  5.57,  2.84,  2.77,  0.13,  0.00,  223911157,  249989000,   19840000,  236246028, java, iotlab1, sing, 15
entry_14327543.class,  5.58,  2.87,  2.80,  0.13,  0.00,  222656851,  256170000,   11868000,  235122174, java, iotlab1, sing, 15
entry_14327543.class,  5.60,  2.85,  2.78,  0.13,  0.00,  223106358,  253545000,   15032000,  235393528, java, iotlab1, sing, 15
entry_14327543.class,  5.58,  2.84,  2.77,  0.13,  0.00,  223170242,  256742000,   10988000,  235696579, java, iotlab1, sing, 15
entry_14327543.class,  5.63,  2.90,  2.83,  0.13,  0.00,  225222670,  261654000,   18114000,  237495642, java, iotlab1, sing, 15
entry_14327543.class,  5.57,  2.87,  2.81,  0.13,  0.00,  223257555,  251603000,   16973000,  235668513, java, iotlab1, sing, 15
entry_14327543.class,  5.57,  2.85,  2.79,  0.13,  0.00,  222838757,  253737000,   14695000,  235123393, java, iotlab1, sing, 15
entry_14327543.class,  5.54,  2.85,  2.79,  0.13,  0.00,  221911649,  251442000,   15838000,  234288248, java, iotlab1, sing, 15
entry_14327543.class,  5.62,  2.90,  2.83,  0.13,  0.00,  222671069,  248655000,   19127000,  235036211, java, iotlab1, sing, 15
entry_14327543.class,  5.58,  2.87,  2.80,  0.13,  0.00,  222813044,  248044000,   19608000,  235091184, java, iotlab1, sing, 15
entry_14520872.class,  5.80,  2.98,  2.90,  0.14,  0.00,  228380547,  251634000,   19971000,  240759074, java, iotlab1, sing, 15
entry_14520872.class,  4.54,  2.32,  2.26,  0.12,  0.00,  179404729,  201536000,   17958000,  192622422, java, iotlab1, sing, 15
entry_14520872.class,  4.54,  2.33,  2.28,  0.11,  0.00,  176812664,  201895000,   17161000,  189514067, java, iotlab1, sing, 15
entry_14520872.class,  4.56,  2.35,  2.29,  0.11,  0.00,  176712157,  208201000,   12011000,  189072000, java, iotlab1, sing, 15
entry_14520872.class,  4.55,  2.36,  2.31,  0.11,  0.00,  176749926,  198878000,   20987000,  189178129, java, iotlab1, sing, 15
entry_14520872.class,  4.55,  2.33,  2.28,  0.11,  0.00,  176869587,  204406000,   14956000,  189373695, java, iotlab1, sing, 15
entry_14520872.class,  5.73,  2.94,  2.88,  0.14,  0.00,  229501393,  254638000,   17904000,  241943435, java, iotlab1, sing, 15
entry_14520872.class,  5.83,  3.00,  2.93,  0.14,  0.00,  227962455,  255479000,   14853000,  240389211, java, iotlab1, sing, 15
entry_14520872.class,  5.73,  2.99,  2.92,  0.14,  0.00,  227162023,  255335000,   14902000,  239704221, java, iotlab1, sing, 15
entry_14520872.class,  6.00,  3.04,  2.96,  0.15,  0.00,  246658108,  255827000,   13882000,  259058884, java, iotlab1, sing, 15
entry_14583300.class,  5.67,  2.89,  2.82,  0.14,  0.00,  227348600,  255674000,   17179000,  239858784, java, iotlab1, sing, 15
entry_14583300.class,  5.51,  2.78,  2.71,  0.13,  0.00,  225797538,  249194000,   22564000,  238662906, java, iotlab1, sing, 15
entry_14583300.class,  5.58,  2.89,  2.82,  0.13,  0.00,  222884585,  247560000,   19964000,  235295862, java, iotlab1, sing, 15
entry_14583300.class,  5.61,  2.86,  2.78,  0.13,  0.00,  224292664,  253608000,   15527000,  236685698, java, iotlab1, sing, 15
entry_14583300.class,  5.54,  2.85,  2.78,  0.13,  0.00,  221944074,  249758000,   16716000,  234462328, java, iotlab1, sing, 15
entry_14583300.class,  5.58,  2.87,  2.81,  0.13,  0.00,  222855970,  255189000,   11051000,  235253830, java, iotlab1, sing, 15
entry_14583300.class,  5.60,  2.86,  2.79,  0.13,  0.00,  223140572,  244841000,   22258000,  235594088, java, iotlab1, sing, 15
entry_14583300.class,  5.54,  2.87,  2.80,  0.13,  0.00,  222060047,  248694000,   17977000,  234412885, java, iotlab1, sing, 15
entry_14583300.class,  5.51,  2.84,  2.77,  0.13,  0.00,  223160158,  254826000,   13198000,  235633329, java, iotlab1, sing, 15
entry_14583300.class,  5.63,  2.90,  2.82,  0.13,  0.00,  222304765,  260379000,   13913000,  234768355, java, iotlab1, sing, 15
entry_14621565.class,  4.60,  2.35,  2.30,  0.11,  0.00,  183702353,  213843000,   15913000,  196190440, java, iotlab1, sing, 15
entry_14621565.class,  4.66,  2.39,  2.32,  0.11,  0.00,  181522818,  210297000,   14740000,  193905209, java, iotlab1, sing, 15
entry_14621565.class,  4.63,  2.38,  2.32,  0.11,  0.00,  181579286,  212065000,   14137000,  193881909, java, iotlab1, sing, 15
entry_14621565.class,  4.65,  2.40,  2.33,  0.11,  0.00,  182177917,  210201000,   16698000,  194636189, java, iotlab1, sing, 15
entry_14621565.class,  4.66,  2.34,  2.29,  0.11,  0.00,  186406507,  221040000,   11841000,  198755167, java, iotlab1, sing, 15
entry_14621565.class,  4.89,  2.40,  2.34,  0.12,  0.00,  202480414,  210864000,   16750000,  214992603, java, iotlab1, sing, 15
entry_14621565.class,  4.63,  2.38,  2.33,  0.11,  0.00,  182488595,  212102000,   15007000,  194857684, java, iotlab1, sing, 15
entry_14621565.class,  4.60,  2.36,  2.30,  0.11,  0.00,  182113550,  210455000,   16034000,  194760657, java, iotlab1, sing, 15
entry_14621565.class,  4.68,  2.38,  2.32,  0.11,  0.00,  182282368,  212356000,   12840000,  194829306, java, iotlab1, sing, 15
entry_14621565.class,  4.64,  2.36,  2.31,  0.11,  0.00,  182942944,  211217000,   17849000,  195380843, java, iotlab1, sing, 15
entry_15090294.class,  3.95,  2.03,  1.99,  0.09,  0.00,  162503751,  172139000,   14839000,  174863923, java, iotlab1, sing, 15
entry_15090294.class,  4.01,  2.01,  1.95,  0.10,  0.00,  166676098,  176012000,   15001000,  179830669, java, iotlab1, sing, 15
entry_15090294.class,  3.94,  2.02,  1.97,  0.09,  0.00,  163418934,  167551000,   19946000,  176069779, java, iotlab1, sing, 15
entry_15090294.class,  3.99,  2.02,  1.98,  0.10,  0.00,  164870644,  171012000,   17793000,  177209130, java, iotlab1, sing, 15
entry_15090294.class,  3.93,  2.01,  1.97,  0.09,  0.00,  162901170,  169007000,   17101000,  175313625, java, iotlab1, sing, 15
entry_15090294.class,  3.96,  2.01,  1.96,  0.10,  0.00,  165356712,  173315000,   16122000,  178598419, java, iotlab1, sing, 15
entry_15090294.class,  3.95,  1.99,  1.94,  0.10,  0.00,  164393544,  174931000,   12848000,  176876735, java, iotlab1, sing, 15
entry_15090294.class,  3.97,  2.03,  1.98,  0.10,  0.00,  164805017,  172143000,   16297000,  178048047, java, iotlab1, sing, 15
entry_15090294.class,  4.05,  2.05,  2.00,  0.10,  0.00,  163274937,  173881000,   13910000,  176595331, java, iotlab1, sing, 15
entry_15090294.class,  4.01,  1.99,  1.94,  0.10,  0.00,  166285725,  176189000,   14176000,  179547233, java, iotlab1, sing, 15
entry_15350813.class,  4.30,  2.17,  2.11,  0.10,  0.00,  174189181,  181623000,   18857000,  187950507, java, iotlab1, sing, 15
entry_15350813.class,  4.21,  2.13,  2.08,  0.10,  0.00,  173614406,  180641000,   19850000,  187368052, java, iotlab1, sing, 15
entry_15350813.class,  4.27,  2.19,  2.13,  0.10,  0.00,  171546553,  183409000,   14108000,  183986915, java, iotlab1, sing, 15
entry_15350813.class,  4.31,  2.19,  2.13,  0.10,  0.00,  173048139,  179030000,   20344000,  186263353, java, iotlab1, sing, 15
entry_15350813.class,  4.55,  2.25,  2.19,  0.11,  0.00,  185925541,  183802000,   13687000,  198443765, java, iotlab1, sing, 15
entry_15350813.class,  4.29,  2.18,  2.11,  0.10,  0.00,  171986476,  185482000,   12894000,  184854821, java, iotlab1, sing, 15
entry_15350813.class,  4.27,  2.18,  2.12,  0.10,  0.00,  171180838,  184756000,   13124000,  183439875, java, iotlab1, sing, 15
entry_15350813.class,  4.21,  2.14,  2.09,  0.10,  0.00,  170865130,  186594000,   10196000,  183184290, java, iotlab1, sing, 15
entry_15350813.class,  4.29,  2.18,  2.13,  0.10,  0.00,  171454708,  179574000,   18159000,  183699667, java, iotlab1, sing, 15
entry_15350813.class,  4.33,  2.21,  2.15,  0.10,  0.00,  172340199,  181936000,   16994000,  184772689, java, iotlab1, sing, 15
entry_15603777.class,  4.63,  2.38,  2.32,  0.11,  0.00,  181933967,  213993000,   12055000,  194239824, java, iotlab1, sing, 15
entry_15603777.class,  4.65,  2.39,  2.34,  0.11,  0.00,  182342308,  213687000,   14045000,  194712868, java, iotlab1, sing, 15
entry_15603777.class,  4.63,  2.34,  2.28,  0.11,  0.00,  185351724,  212232000,   19293000,  198432826, java, iotlab1, sing, 15
entry_15603777.class,  4.65,  2.39,  2.34,  0.11,  0.00,  182451360,  210501000,   16192000,  195013652, java, iotlab1, sing, 15
entry_15603777.class,  4.67,  2.41,  2.35,  0.11,  0.00,  182380041,  219638000,   11032000,  194767002, java, iotlab1, sing, 15
entry_15603777.class,  4.66,  2.40,  2.34,  0.11,  0.00,  182390640,  209422000,   17781000,  194672761, java, iotlab1, sing, 15
entry_15603777.class,  4.66,  2.42,  2.36,  0.11,  0.00,  183592528,  208293000,   19932000,  195996668, java, iotlab1, sing, 15
entry_15603777.class,  4.63,  2.40,  2.35,  0.11,  0.00,  182185567,  214736000,   13918000,  194529729, java, iotlab1, sing, 15
entry_15603777.class,  4.66,  2.40,  2.34,  0.11,  0.00,  184681586,  209678000,   20967000,  197109258, java, iotlab1, sing, 15
entry_15603777.class,  4.67,  2.41,  2.35,  0.11,  0.00,  183850228,  213163000,   12888000,  196292483, java, iotlab1, sing, 15
entry_15650924.class,  5.32,  2.78,  2.72,  0.13,  0.00,  204015495,  233892000,   14993000,  216383182, java, iotlab1, sing, 15
entry_15650924.class,  4.62,  2.37,  2.32,  0.12,  0.00,  179418667,  206141000,   17753000,  191932569, java, iotlab1, sing, 15
entry_15650924.class,  4.90,  2.45,  2.39,  0.13,  0.00,  195684462,  206044000,   17830000,  208392720, java, iotlab1, sing, 15
entry_15650924.class,  4.63,  2.39,  2.33,  0.12,  0.00,  178976256,  204756000,   18977000,  191406705, java, iotlab1, sing, 15
entry_15650924.class,  5.81,  3.00,  2.94,  0.14,  0.00,  230530879,  258055000,   17136000,  242983498, java, iotlab1, sing, 15
entry_15650924.class,  5.32,  2.77,  2.70,  0.13,  0.00,  204045505,  228133000,   20099000,  216449364, java, iotlab1, sing, 15
entry_15650924.class,  4.66,  2.38,  2.31,  0.12,  0.00,  180160888,  211562000,   13096000,  192561645, java, iotlab1, sing, 15
entry_15650924.class,  4.62,  2.37,  2.32,  0.12,  0.00,  181358641,  216201000,   10810000,  194142257, java, iotlab1, sing, 15
entry_15650924.class,  4.58,  2.36,  2.30,  0.11,  0.00,  178568086,  203614000,   20060000,  190885730, java, iotlab1, sing, 15
entry_15650924.class,  5.34,  2.76,  2.70,  0.13,  0.00,  204999556,  233022000,   16929000,  217527748, java, iotlab1, sing, 15
entry_15752062.class,  4.93,  2.53,  2.46,  0.12,  0.00,  194770800,  220065000,   19915000,  207155668, java, iotlab1, sing, 15
entry_15752062.class,  5.01,  2.59,  2.52,  0.12,  0.00,  195463691,  224881000,   16135000,  207814720, java, iotlab1, sing, 15
entry_15752062.class,  5.68,  2.69,  2.63,  0.14,  0.00,  212742961,  226936000,   20810000,  226049460, java, iotlab1, sing, 15
entry_15752062.class,  5.05,  2.55,  2.49,  0.13,  0.00,  198151585,  224711000,   19974000,  211293395, java, iotlab1, sing, 15
entry_15752062.class,  4.89,  2.52,  2.47,  0.12,  0.00,  194629676,  222638000,   15179000,  206869708, java, iotlab1, sing, 15
entry_15752062.class,  4.91,  2.51,  2.44,  0.12,  0.00,  195615889,  224203000,   17015000,  208004572, java, iotlab1, sing, 15
entry_15752062.class,  4.90,  2.52,  2.46,  0.12,  0.00,  198210297,  226255000,   14015000,  210671999, java, iotlab1, sing, 15
entry_15752062.class,  4.88,  2.52,  2.46,  0.12,  0.00,  193961646,  222474000,   17113000,  206143847, java, iotlab1, sing, 15
entry_15752062.class,  4.92,  2.53,  2.46,  0.12,  0.00,  194664219,  221275000,   18270000,  207092460, java, iotlab1, sing, 15
entry_15752062.class,  4.91,  2.52,  2.45,  0.12,  0.00,  194322870,  223175000,   16084000,  206969546, java, iotlab1, sing, 15
entry_15765336.class, 13.55,  6.48,  6.27,  0.56,  0.00,  499399340,  528312000,  111433000,  511869118, java, iotlab1, sing, 15
entry_15765336.class, 13.27,  6.52,  6.32,  0.56,  0.00,  497885782,  525531000,  116117000,  510324920, java, iotlab1, sing, 15
entry_15765336.class, 14.43,  7.02,  6.81,  0.59,  0.00,  547374768,  568282000,  115246000,  559676682, java, iotlab1, sing, 15
entry_15765336.class, 13.34,  6.58,  6.39,  0.55,  0.00,  495631461,  529314000,  109820000,  508239163, java, iotlab1, sing, 15
entry_15765336.class, 13.33,  6.43,  6.23,  0.57,  0.00,  513967686,  528970000,  119092000,  526208363, java, iotlab1, sing, 15
entry_15765336.class, 15.00,  7.40,  7.18,  0.60,  0.00,  573352697,  607593000,  115164000,  585726139, java, iotlab1, sing, 15
entry_15765336.class, 13.30,  6.59,  6.39,  0.56,  0.00,  491033357,  527911000,  108162000,  503456457, java, iotlab1, sing, 15
entry_15765336.class, 13.27,  6.50,  6.29,  0.56,  0.00,  503463567,  537740000,  115944000,  515914651, java, iotlab1, sing, 15
entry_15765336.class, 13.22,  6.41,  6.21,  0.56,  0.00,  501145336,  514815000,  124955000,  513482032, java, iotlab1, sing, 15
entry_15765336.class, 14.37,  7.02,  6.82,  0.58,  0.00,  543662262,  558357000,  121077000,  556038207, java, iotlab1, sing, 15
entry_15794963.class,  7.30,  3.76,  3.66,  0.17,  0.00,  303132708,  313597000,   12983000,  316300298, java, iotlab1, sing, 15
entry_15794963.class,  7.35,  3.82,  3.74,  0.17,  0.00,  301815130,  306108000,   17831000,  314137198, java, iotlab1, sing, 15
entry_15794963.class,  7.35,  3.84,  3.74,  0.17,  0.00,  302105374,  312170000,   13007000,  314470955, java, iotlab1, sing, 15
entry_15794963.class,  7.34,  3.80,  3.70,  0.17,  0.00,  302157209,  309587000,   15978000,  314588189, java, iotlab1, sing, 15
entry_15794963.class,  7.27,  3.75,  3.67,  0.17,  0.00,  301617196,  312470000,   11979000,  314072520, java, iotlab1, sing, 15
entry_15794963.class,  7.35,  3.76,  3.67,  0.17,  0.00,  302151028,  312349000,   12052000,  314567560, java, iotlab1, sing, 15
entry_15794963.class,  7.32,  3.70,  3.60,  0.17,  0.00,  307580248,  314424000,   17022000,  320889435, java, iotlab1, sing, 15
entry_15794963.class,  7.29,  3.77,  3.69,  0.17,  0.00,  303467565,  313991000,   11999000,  317272190, java, iotlab1, sing, 15
entry_15794963.class,  7.33,  3.77,  3.68,  0.17,  0.00,  301097825,  310594000,   12983000,  313367991, java, iotlab1, sing, 15
entry_15794963.class,  7.37,  3.77,  3.67,  0.17,  0.00,  301096698,  309024000,   15001000,  313396025, java, iotlab1, sing, 15
entry_15806601.class,  4.91,  2.51,  2.44,  0.12,  0.00,  196201814,  223621000,   17201000,  209187949, java, iotlab1, sing, 15
entry_15806601.class,  4.96,  2.53,  2.47,  0.12,  0.00,  196638059,  225255000,   14015000,  209069474, java, iotlab1, sing, 15
entry_15806601.class,  4.97,  2.51,  2.45,  0.12,  0.00,  194230718,  224676000,   14232000,  206548017, java, iotlab1, sing, 15
entry_15806601.class,  4.93,  2.53,  2.46,  0.12,  0.00,  194168878,  224082000,   15072000,  206531781, java, iotlab1, sing, 15
entry_15806601.class,  4.92,  2.51,  2.46,  0.12,  0.00,  195033857,  225866000,   15261000,  207439335, java, iotlab1, sing, 15
entry_15806601.class,  4.91,  2.52,  2.45,  0.12,  0.00,  193795402,  222843000,   16060000,  206177523, java, iotlab1, sing, 15
entry_15806601.class,  4.87,  2.42,  2.36,  0.12,  0.00,  200674645,  233054000,   15068000,  213990775, java, iotlab1, sing, 15
entry_15806601.class,  4.93,  2.53,  2.47,  0.12,  0.00,  194992577,  220866000,   18902000,  207382032, java, iotlab1, sing, 15
entry_15806601.class,  4.99,  2.47,  2.42,  0.12,  0.00,  196374975,  227645000,   14101000,  208857007, java, iotlab1, sing, 15
entry_15806601.class,  4.95,  2.52,  2.46,  0.12,  0.00,  194186673,  221766000,   16905000,  206533173, java, iotlab1, sing, 15
entry_15835808.class,  3.42,  1.72,  1.67,  0.08,  0.00,  137231916,  150404000,   12863000,  149690288, java, iotlab1, sing, 15
entry_15835808.class,  3.37,  1.66,  1.62,  0.08,  0.00,  140885586,  155189000,   12932000,  153958798, java, iotlab1, sing, 15
entry_15835808.class,  3.39,  1.69,  1.64,  0.08,  0.00,  137790775,  153658000,   10834000,  150214663, java, iotlab1, sing, 15
entry_15835808.class,  3.40,  1.72,  1.68,  0.08,  0.00,  137196431,  149134000,   14107000,  149652806, java, iotlab1, sing, 15
entry_15835808.class,  3.39,  1.69,  1.64,  0.08,  0.00,  137911954,  153190000,   11159000,  150294550, java, iotlab1, sing, 15
entry_15835808.class,  3.41,  1.70,  1.65,  0.09,  0.00,  139615709,  146590000,   20219000,  152027019, java, iotlab1, sing, 15
entry_15835808.class,  3.36,  1.68,  1.63,  0.08,  0.00,  138085710,  150103000,   15111000,  150392422, java, iotlab1, sing, 15
entry_15835808.class,  3.45,  1.72,  1.67,  0.08,  0.00,  137289511,  150628000,   11891000,  149820892, java, iotlab1, sing, 15
entry_15835808.class,  3.54,  1.76,  1.72,  0.09,  0.00,  144535234,  158879000,   10119000,  156869823, java, iotlab1, sing, 15
entry_15835808.class,  3.40,  1.71,  1.66,  0.08,  0.00,  138927835,  151152000,   12759000,  152102859, java, iotlab1, sing, 15
entry_15885859.class,  6.81,  3.35,  3.25,  0.17,  0.00,  294758787,  279751000,   16924000,  308212753, java, iotlab1, sing, 15
entry_15885859.class,  6.61,  3.40,  3.31,  0.15,  0.00,  273618913,  279442000,   13020000,  286732473, java, iotlab1, sing, 15
entry_15885859.class,  6.64,  3.39,  3.31,  0.15,  0.00,  273924437,  279967000,   12952000,  286320729, java, iotlab1, sing, 15
entry_15885859.class,  6.61,  3.38,  3.31,  0.15,  0.00,  273742084,  282417000,    9143000,  286072675, java, iotlab1, sing, 15
entry_15885859.class,  6.61,  3.37,  3.28,  0.15,  0.00,  273562590,  274713000,   17981000,  286150317, java, iotlab1, sing, 15
entry_15885859.class,  6.60,  3.37,  3.28,  0.15,  0.00,  275841848,  283479000,   11935000,  287996464, java, iotlab1, sing, 15
entry_15885859.class,  6.63,  3.35,  3.27,  0.15,  0.00,  276732060,  276691000,   20122000,  289146517, java, iotlab1, sing, 15
entry_15885859.class,  6.79,  3.42,  3.33,  0.15,  0.00,  275175968,  282299000,   11970000,  287623644, java, iotlab1, sing, 15
entry_15885859.class,  6.67,  3.42,  3.32,  0.15,  0.00,  276230230,  277108000,   14158000,  288538350, java, iotlab1, sing, 15
entry_15885859.class,  6.60,  3.32,  3.23,  0.16,  0.00,  277929535,  280069000,   17004000,  290407046, java, iotlab1, sing, 15
entry_16035164.class,  4.60,  2.22,  2.16,  0.12,  0.00,  200034002,  215176000,   16087000,  212521704, java, iotlab1, sing, 15
entry_16035164.class,  4.63,  2.34,  2.28,  0.11,  0.00,  187663846,  200063000,   13934000,  200041222, java, iotlab1, sing, 15
entry_16035164.class,  4.64,  2.34,  2.28,  0.11,  0.00,  188176974,  200778000,   14125000,  200613346, java, iotlab1, sing, 15
entry_16035164.class,  4.62,  2.32,  2.26,  0.11,  0.00,  191519233,  200719000,   16138000,  204681007, java, iotlab1, sing, 15
entry_16035164.class,  4.61,  2.32,  2.26,  0.11,  0.00,  187642475,  204918000,    9899000,  200046075, java, iotlab1, sing, 15
entry_16035164.class,  4.75,  2.37,  2.30,  0.11,  0.00,  187425466,  202563000,   11085000,  199906579, java, iotlab1, sing, 15
entry_16035164.class,  4.68,  2.33,  2.27,  0.11,  0.00,  188928992,  200224000,   14868000,  201993632, java, iotlab1, sing, 15
entry_16035164.class,  4.64,  2.33,  2.28,  0.11,  0.00,  186118038,  197098000,   14931000,  199559779, java, iotlab1, sing, 15
entry_16035164.class,  4.65,  2.35,  2.29,  0.11,  0.00,  187716728,  196739000,   16639000,  200180883, java, iotlab1, sing, 15
entry_16035164.class,  4.71,  2.36,  2.30,  0.11,  0.00,  190673920,  196201000,   18110000,  203608700, java, iotlab1, sing, 15
entry_1680635.class,  4.54,  2.24,  2.19,  0.12,  0.00,  172669352,  208161000,   16851000,  185192198, java, iotlab1, sing, 15
entry_1680635.class,  4.09,  2.03,  1.98,  0.10,  0.00,  160114502,  180193000,   24571000,  172387820, java, iotlab1, sing, 15
entry_1680635.class,  4.12,  2.05,  1.99,  0.10,  0.00,  159547085,  190047000,   18612000,  171883418, java, iotlab1, sing, 15
entry_1680635.class,  4.02,  2.00,  1.95,  0.10,  0.00,  160431167,  190265000,   14942000,  172682385, java, iotlab1, sing, 15
entry_1680635.class,  4.11,  2.05,  2.00,  0.10,  0.00,  160545651,  188644000,   14893000,  172841458, java, iotlab1, sing, 15
entry_1680635.class,  4.06,  2.00,  1.95,  0.10,  0.00,  161642306,  190234000,   16931000,  174010213, java, iotlab1, sing, 15
entry_1680635.class,  4.13,  2.05,  2.01,  0.10,  0.00,  161318258,  188020000,   15833000,  173698525, java, iotlab1, sing, 15
entry_1680635.class,  4.59,  2.29,  2.24,  0.12,  0.00,  170556201,  193153000,   20658000,  182901275, java, iotlab1, sing, 15
entry_1680635.class,  4.93,  2.44,  2.38,  0.13,  0.00,  183428110,  199196000,   18108000,  196566496, java, iotlab1, sing, 15
entry_1680635.class,  4.22,  2.13,  2.07,  0.11,  0.00,  165062065,  186629000,   18761000,  177360325, java, iotlab1, sing, 15
entry_1736006.class,  8.73,  4.28,  4.17,  0.20,  0.00,  352275068,  350827000,   18042000,  364675454, java, iotlab1, sing, 15
entry_1736006.class,  7.61,  3.85,  3.76,  0.18,  0.00,  317480036,  340714000,   16936000,  329988933, java, iotlab1, sing, 15
entry_1736006.class,  7.87,  3.92,  3.82,  0.19,  0.00,  331745483,  331746000,   27728000,  344218785, java, iotlab1, sing, 15
entry_1736006.class,  7.60,  3.83,  3.73,  0.18,  0.00,  319228904,  342286000,   20016000,  332426907, java, iotlab1, sing, 15
entry_1736006.class,  7.65,  3.84,  3.74,  0.18,  0.00,  319078875,  341858000,   19047000,  331534519, java, iotlab1, sing, 15
entry_1736006.class,  7.58,  3.80,  3.71,  0.18,  0.00,  317641484,  334964000,   24775000,  329993728, java, iotlab1, sing, 15
entry_1736006.class,  7.80,  3.88,  3.78,  0.19,  0.00,  319961445,  341793000,   18823000,  332345913, java, iotlab1, sing, 15
entry_1736006.class,  7.78,  3.86,  3.76,  0.18,  0.00,  320056114,  342160000,   19721000,  332459756, java, iotlab1, sing, 15
entry_1736006.class,  7.65,  3.83,  3.73,  0.18,  0.00,  316913429,  343804000,   15079000,  329419649, java, iotlab1, sing, 15
entry_1736006.class,  7.67,  3.80,  3.70,  0.18,  0.00,  317698682,  346025000,   17200000,  330130027, java, iotlab1, sing, 15
entry_1830730.class,  6.29,  3.17,  3.09,  0.15,  0.00,  259791165,  279588000,   14977000,  272156034, java, iotlab1, sing, 15
entry_1830730.class,  6.36,  3.23,  3.14,  0.15,  0.00,  255622019,  272657000,   17846000,  268102778, java, iotlab1, sing, 15
entry_1830730.class,  6.35,  3.23,  3.15,  0.15,  0.00,  255894090,  275486000,   14918000,  268115580, java, iotlab1, sing, 15
entry_1830730.class,  6.31,  3.22,  3.14,  0.15,  0.00,  255365584,  275545000,   14027000,  267750516, java, iotlab1, sing, 15
entry_1830730.class,  6.33,  3.22,  3.14,  0.15,  0.00,  256233628,  273897000,   17181000,  268687852, java, iotlab1, sing, 15
entry_1830730.class,  6.33,  3.21,  3.13,  0.15,  0.00,  254992489,  270365000,   18955000,  267446630, java, iotlab1, sing, 15
entry_1830730.class,  6.39,  3.21,  3.13,  0.15,  0.00,  255784431,  270557000,   20041000,  268203567, java, iotlab1, sing, 15
entry_1830730.class,  6.32,  3.23,  3.15,  0.15,  0.00,  257016220,  269618000,   20892000,  269472159, java, iotlab1, sing, 15
entry_1830730.class,  6.33,  3.22,  3.14,  0.15,  0.00,  255482710,  272002000,   18000000,  267862415, java, iotlab1, sing, 15
entry_1830730.class,  6.34,  3.23,  3.15,  0.15,  0.00,  255753582,  273342000,   17274000,  268023870, java, iotlab1, sing, 15
entry_1920276.class,  3.45,  1.72,  1.66,  0.08,  0.00,  137343631,  153177000,   13015000,  149733930, java, iotlab1, sing, 15
entry_1920276.class,  3.41,  1.71,  1.65,  0.08,  0.00,  137167062,  152742000,   13326000,  149470980, java, iotlab1, sing, 15
entry_1920276.class,  3.37,  1.68,  1.64,  0.08,  0.00,  137359577,  144640000,   20947000,  149760330, java, iotlab1, sing, 15
entry_1920276.class,  3.44,  1.70,  1.66,  0.08,  0.00,  136965199,  153219000,   12768000,  149233531, java, iotlab1, sing, 15
entry_1920276.class,  3.38,  1.71,  1.66,  0.08,  0.00,  137256756,  148694000,   16852000,  149797908, java, iotlab1, sing, 15
entry_1920276.class,  3.41,  1.74,  1.69,  0.08,  0.00,  136809003,  154614000,   11116000,  149276949, java, iotlab1, sing, 15
entry_1920276.class,  3.37,  1.71,  1.68,  0.08,  0.00,  138276676,  155265000,   12098000,  150590950, java, iotlab1, sing, 15
entry_1920276.class,  3.41,  1.72,  1.67,  0.09,  0.00,  139122174,  158352000,   10086000,  151507212, java, iotlab1, sing, 15
entry_1920276.class,  3.36,  1.67,  1.63,  0.08,  0.00,  138766462,  154570000,   13871000,  151736068, java, iotlab1, sing, 15
entry_1920276.class,  3.38,  1.71,  1.67,  0.08,  0.00,  137394411,  146702000,   18833000,  149821202, java, iotlab1, sing, 15
entry_1961381.class,  4.11,  2.03,  1.98,  0.10,  0.00,  172123423,  182786000,   18177000,  185038802, java, iotlab1, sing, 15
entry_1961381.class,  4.11,  2.04,  1.99,  0.10,  0.00,  171923136,  176451000,   18253000,  184249447, java, iotlab1, sing, 15
entry_1961381.class,  3.91,  1.98,  1.93,  0.09,  0.00,  158924269,  163357000,   16933000,  172111870, java, iotlab1, sing, 15
entry_1961381.class,  4.09,  2.04,  2.00,  0.10,  0.00,  170623958,  179962000,   13143000,  184515119, java, iotlab1, sing, 15
entry_1961381.class,  4.22,  2.11,  2.06,  0.10,  0.00,  173268888,  181364000,   16848000,  185691154, java, iotlab1, sing, 15
entry_1961381.class,  4.30,  2.07,  2.01,  0.10,  0.00,  171127714,  182417000,   16305000,  183561218, java, iotlab1, sing, 15
entry_1961381.class,  3.90,  1.99,  1.93,  0.09,  0.00,  157948653,  166638000,   13050000,  170360519, java, iotlab1, sing, 15
entry_1961381.class,  3.89,  2.00,  1.95,  0.09,  0.00,  156565692,  163007000,   16099000,  169013073, java, iotlab1, sing, 15
entry_1961381.class,  4.19,  2.11,  2.05,  0.10,  0.00,  174305391,  175295000,   17826000,  187481708, java, iotlab1, sing, 15
entry_1961381.class,  3.96,  2.04,  1.99,  0.09,  0.00,  158380685,  169833000,   17773000,  172658332, java, iotlab1, sing, 15
entry_2032187.class,  7.93,  4.08,  3.98,  0.18,  0.00,  326818823,  350817000,   14992000,  339211898, java, iotlab1, sing, 15
entry_2032187.class,  7.91,  4.06,  3.95,  0.18,  0.00,  326411597,  350243000,   14967000,  338895152, java, iotlab1, sing, 15
entry_2032187.class,  7.85,  4.00,  3.90,  0.18,  0.00,  323509691,  348225000,   13771000,  335909831, java, iotlab1, sing, 15
entry_2032187.class,  7.92,  4.06,  3.96,  0.18,  0.00,  325745359,  345605000,   18869000,  338120915, java, iotlab1, sing, 15
entry_2032187.class,  8.02,  4.04,  3.94,  0.18,  0.00,  328407293,  353993000,   14999000,  340819063, java, iotlab1, sing, 15
entry_2032187.class,  7.92,  4.07,  3.97,  0.18,  0.00,  325196945,  344231000,   18957000,  337533196, java, iotlab1, sing, 15
entry_2032187.class,  7.92,  4.04,  3.93,  0.18,  0.00,  327543870,  349053000,   18158000,  339784463, java, iotlab1, sing, 15
entry_2032187.class,  7.96,  4.06,  3.95,  0.18,  0.00,  326403345,  350450000,   15019000,  338754457, java, iotlab1, sing, 15
entry_2032187.class,  8.08,  4.09,  3.98,  0.19,  0.00,  337358416,  338610000,   21655000,  349748530, java, iotlab1, sing, 15
entry_2032187.class,  7.94,  4.08,  3.98,  0.18,  0.00,  325894849,  346726000,   17882000,  338282822, java, iotlab1, sing, 15
entry_2217376.class,  4.70,  2.36,  2.29,  0.11,  0.00,  189470315,  211740000,   16820000,  202424486, java, iotlab1, sing, 15
entry_2217376.class,  4.69,  2.34,  2.27,  0.12,  0.00,  190456052,  213796000,   16904000,  202656387, java, iotlab1, sing, 15
entry_2217376.class,  4.67,  2.36,  2.30,  0.11,  0.00,  188039687,  214491000,   13091000,  200395918, java, iotlab1, sing, 15
entry_2217376.class,  4.67,  2.36,  2.30,  0.11,  0.00,  189257579,  207715000,   20870000,  201743905, java, iotlab1, sing, 15
entry_2217376.class,  4.68,  2.37,  2.31,  0.11,  0.00,  190078576,  206421000,   23932000,  202431265, java, iotlab1, sing, 15
entry_2217376.class,  4.72,  2.37,  2.31,  0.11,  0.00,  189474886,  208248000,   20023000,  202160177, java, iotlab1, sing, 15
entry_2217376.class,  4.66,  2.35,  2.30,  0.11,  0.00,  190211497,  211943000,   18905000,  202584783, java, iotlab1, sing, 15
entry_2217376.class,  4.68,  2.38,  2.32,  0.11,  0.00,  188129713,  210184000,   16934000,  200441576, java, iotlab1, sing, 15
entry_2217376.class,  4.71,  2.39,  2.33,  0.11,  0.00,  188936114,  211170000,   17176000,  201303536, java, iotlab1, sing, 15
entry_2217376.class,  4.69,  2.35,  2.29,  0.11,  0.00,  189905094,  212263000,   17526000,  202333179, java, iotlab1, sing, 15
entry_2506418.class,  5.08,  2.50,  2.43,  0.13,  0.00,  218887708,  212134000,   27145000,  232568803, java, iotlab1, sing, 15
entry_2506418.class,  5.23,  2.62,  2.56,  0.13,  0.00,  217255728,  207793000,   32967000,  229603396, java, iotlab1, sing, 15
entry_2506418.class,  5.12,  2.57,  2.50,  0.13,  0.00,  216090884,  203886000,   32139000,  228528598, java, iotlab1, sing, 15
entry_2506418.class,  5.11,  2.58,  2.52,  0.13,  0.00,  216766421,  200706000,   35123000,  229071398, java, iotlab1, sing, 15
entry_2506418.class,  5.27,  2.59,  2.53,  0.13,  0.00,  222674180,  197888000,   32981000,  235224302, java, iotlab1, sing, 15
entry_2506418.class,  5.11,  2.56,  2.50,  0.13,  0.00,  212111635,  203207000,   27027000,  224462910, java, iotlab1, sing, 15
entry_2506418.class,  5.09,  2.54,  2.49,  0.13,  0.00,  214710354,  208864000,   24983000,  227149875, java, iotlab1, sing, 15
entry_2506418.class,  5.21,  2.59,  2.53,  0.13,  0.00,  213160442,  203435000,   29062000,  225503060, java, iotlab1, sing, 15
entry_2506418.class,  5.13,  2.59,  2.52,  0.13,  0.00,  213777831,  203748000,   29963000,  226253069, java, iotlab1, sing, 15
entry_2506418.class,  5.10,  2.56,  2.49,  0.13,  0.00,  214985072,  197610000,   36376000,  227327335, java, iotlab1, sing, 15
entry_2529614.class,  6.44,  3.28,  3.20,  0.15,  0.00,  260346330,  286962000,   17117000,  273671236, java, iotlab1, sing, 15
entry_2529614.class,  6.49,  3.33,  3.25,  0.15,  0.00,  259260061,  283106000,   19074000,  271635063, java, iotlab1, sing, 15
entry_2529614.class,  6.45,  3.30,  3.22,  0.15,  0.00,  258355183,  279974000,   18127000,  270776044, java, iotlab1, sing, 15
entry_2529614.class,  6.64,  3.41,  3.34,  0.15,  0.00,  265864293,  296748000,   16204000,  278255826, java, iotlab1, sing, 15
entry_2529614.class,  6.48,  3.32,  3.24,  0.15,  0.00,  259623666,  290483000,   12976000,  272092603, java, iotlab1, sing, 15
entry_2529614.class,  6.68,  3.45,  3.36,  0.15,  0.00,  264519638,  294473000,   17907000,  276877318, java, iotlab1, sing, 15
entry_2529614.class,  6.50,  3.33,  3.25,  0.15,  0.00,  261245621,  287044000,   18192000,  274399260, java, iotlab1, sing, 15
entry_2529614.class,  6.66,  3.38,  3.30,  0.16,  0.00,  270731122,  298308000,   20362000,  286052653, java, iotlab1, sing, 15
entry_2529614.class,  6.53,  3.36,  3.28,  0.15,  0.00,  259758316,  287113000,   15005000,  272250135, java, iotlab1, sing, 15
entry_2529614.class,  6.65,  3.42,  3.34,  0.15,  0.00,  265556120,  298232000,   14010000,  277953306, java, iotlab1, sing, 15
entry_2827251.class,  6.20,  3.13,  3.05,  0.15,  0.00,  260002114,  270749000,    9990000,  272301520, java, iotlab1, sing, 15
entry_2827251.class,  6.12,  3.15,  3.08,  0.14,  0.00,  249063321,  266669000,   12030000,  261601528, java, iotlab1, sing, 15
entry_2827251.class,  6.11,  3.13,  3.05,  0.14,  0.00,  250035567,  269129000,   11046000,  262434734, java, iotlab1, sing, 15
entry_2827251.class,  6.19,  3.13,  3.05,  0.14,  0.00,  248903484,  262038000,   17067000,  261141164, java, iotlab1, sing, 15
entry_2827251.class,  6.24,  3.15,  3.08,  0.15,  0.00,  259247827,  258543000,   21792000,  271725179, java, iotlab1, sing, 15
entry_2827251.class,  6.25,  3.17,  3.09,  0.15,  0.00,  259028261,  261382000,   19952000,  271479512, java, iotlab1, sing, 15
entry_2827251.class,  6.12,  3.13,  3.05,  0.14,  0.00,  248472576,  264535000,   14135000,  260846472, java, iotlab1, sing, 15
entry_2827251.class,  6.22,  3.14,  3.07,  0.15,  0.00,  258619460,  260359000,   17955000,  271031514, java, iotlab1, sing, 15
entry_2827251.class,  6.23,  3.13,  3.04,  0.14,  0.00,  251209656,  269479000,   12111000,  263612861, java, iotlab1, sing, 15
entry_2827251.class,  6.31,  3.17,  3.09,  0.15,  0.00,  259476935,  263904000,   14994000,  271798619, java, iotlab1, sing, 15
entry_2929115.class,  6.37,  3.25,  3.17,  0.15,  0.00,  257354824,  266813000,   14042000,  270188770, java, iotlab1, sing, 15
entry_2929115.class,  6.41,  3.27,  3.20,  0.15,  0.00,  258782080,  265137000,   17874000,  271319447, java, iotlab1, sing, 15
entry_2929115.class,  6.36,  3.25,  3.17,  0.15,  0.00,  257156202,  269717000,   10988000,  269500357, java, iotlab1, sing, 15
entry_2929115.class,  6.61,  3.36,  3.28,  0.15,  0.00,  265676214,  285381000,   13017000,  278100323, java, iotlab1, sing, 15
entry_2929115.class,  6.75,  3.39,  3.30,  0.16,  0.00,  267576945,  287639000,   12894000,  280121250, java, iotlab1, sing, 15
entry_2929115.class,  6.35,  3.24,  3.17,  0.15,  0.00,  257143932,  266464000,   13971000,  269511184, java, iotlab1, sing, 15
entry_2929115.class,  6.62,  3.37,  3.28,  0.16,  0.00,  267519976,  284047000,   17002000,  279907463, java, iotlab1, sing, 15
entry_2929115.class,  6.35,  3.25,  3.17,  0.15,  0.00,  256874640,  267638000,   13031000,  269199106, java, iotlab1, sing, 15
entry_2929115.class,  6.62,  3.39,  3.30,  0.16,  0.00,  265831694,  284936000,   13135000,  278374446, java, iotlab1, sing, 15
entry_2929115.class,  6.35,  3.20,  3.12,  0.15,  0.00,  258212943,  268951000,   13095000,  270584093, java, iotlab1, sing, 15
entry_2932697.class,  7.67,  4.01,  3.92,  0.18,  0.00,  306684540,  287394000,   46577000,  319100349, java, iotlab1, sing, 15
entry_2932697.class,  7.71,  3.97,  3.89,  0.18,  0.00,  306708581,  286129000,   49163000,  319099622, java, iotlab1, sing, 15
entry_2932697.class,  7.78,  3.96,  3.86,  0.18,  0.00,  311940191,  292883000,   48310000,  324304140, java, iotlab1, sing, 15
entry_2932697.class,  7.68,  3.99,  3.89,  0.18,  0.00,  308133885,  288739000,   48452000,  320529153, java, iotlab1, sing, 15
entry_2932697.class,  7.65,  3.97,  3.89,  0.18,  0.00,  305767283,  295108000,   38536000,  318158680, java, iotlab1, sing, 15
entry_2932697.class,  7.65,  3.99,  3.90,  0.18,  0.00,  306504256,  288558000,   45771000,  318850313, java, iotlab1, sing, 15
entry_2932697.class,  7.69,  4.01,  3.91,  0.18,  0.00,  306581078,  286413000,   48069000,  318958798, java, iotlab1, sing, 15
entry_2932697.class,  7.65,  4.00,  3.90,  0.18,  0.00,  305646831,  299241000,   35383000,  318060742, java, iotlab1, sing, 15
entry_2932697.class,  7.69,  3.95,  3.86,  0.18,  0.00,  310753029,  302177000,   38512000,  323300425, java, iotlab1, sing, 15
entry_2932697.class,  7.65,  3.99,  3.89,  0.18,  0.00,  306954366,  289319000,   46409000,  319316350, java, iotlab1, sing, 15
entry_2939188.class,  7.18,  3.68,  3.59,  0.16,  0.00,  296898802,  307191000,   11006000,  309476952, java, iotlab1, sing, 15
entry_2939188.class,  7.29,  3.74,  3.65,  0.17,  0.00,  297486321,  309193000,   21013000,  310537164, java, iotlab1, sing, 15
entry_2939188.class,  7.33,  3.78,  3.68,  0.17,  0.00,  298922412,  309870000,   15840000,  311365467, java, iotlab1, sing, 15
entry_2939188.class,  7.21,  3.70,  3.61,  0.16,  0.00,  295402281,  304257000,   13920000,  307815800, java, iotlab1, sing, 15
entry_2939188.class,  7.19,  3.66,  3.58,  0.17,  0.00,  297753641,  303330000,   16017000,  309995925, java, iotlab1, sing, 15
entry_2939188.class,  7.18,  3.65,  3.56,  0.17,  0.00,  299089415,  306643000,   15080000,  311484883, java, iotlab1, sing, 15
entry_2939188.class,  7.26,  3.74,  3.64,  0.17,  0.00,  296336856,  317075000,   13003000,  308729397, java, iotlab1, sing, 15
entry_2939188.class,  7.30,  3.77,  3.67,  0.17,  0.00,  296163544,  306665000,   21904000,  308529140, java, iotlab1, sing, 15
entry_2939188.class,  7.20,  3.73,  3.64,  0.16,  0.00,  294896985,  295358000,   21025000,  307334591, java, iotlab1, sing, 15
entry_2939188.class,  7.21,  3.72,  3.63,  0.16,  0.00,  294532864,  304900000,   10996000,  307061273, java, iotlab1, sing, 15
entry_3267317.class,  5.87,  3.00,  2.93,  0.14,  0.00,  236758869,  261478000,   14079000,  249340950, java, iotlab1, sing, 15
entry_3267317.class,  5.84,  3.02,  2.95,  0.14,  0.00,  234626090,  253908000,   19220000,  247067736, java, iotlab1, sing, 15
entry_3267317.class,  5.97,  3.06,  2.99,  0.14,  0.00,  235639600,  249306000,   24029000,  247908125, java, iotlab1, sing, 15
entry_3267317.class,  5.87,  3.06,  2.99,  0.14,  0.00,  235228071,  252799000,   20737000,  247518754, java, iotlab1, sing, 15
entry_3267317.class,  5.85,  2.97,  2.90,  0.14,  0.00,  238185867,  259546000,   19040000,  250492460, java, iotlab1, sing, 15
entry_3267317.class,  5.89,  3.02,  2.95,  0.14,  0.00,  235425285,  255518000,   17966000,  247910523, java, iotlab1, sing, 15
entry_3267317.class,  5.89,  3.01,  2.94,  0.14,  0.00,  237714123,  258029000,   19925000,  250245127, java, iotlab1, sing, 15
entry_3267317.class,  5.89,  3.03,  2.95,  0.14,  0.00,  234991321,  253090000,   20086000,  247429528, java, iotlab1, sing, 15
entry_3267317.class,  5.88,  3.03,  2.96,  0.14,  0.00,  235319069,  260093000,   14168000,  247601539, java, iotlab1, sing, 15
entry_3267317.class,  5.90,  3.04,  2.96,  0.14,  0.00,  235941880,  256030000,   18360000,  248329252, java, iotlab1, sing, 15
entry_3312646.class,  4.63,  2.29,  2.22,  0.11,  0.00,  197635276,  212179000,   16013000,  209933559, java, iotlab1, sing, 15
entry_3312646.class,  4.64,  2.39,  2.33,  0.11,  0.00,  186107032,  195489000,   16869000,  198610433, java, iotlab1, sing, 15
entry_3312646.class,  4.62,  2.37,  2.32,  0.11,  0.00,  187455915,  198550000,   15805000,  199833603, java, iotlab1, sing, 15
entry_3312646.class,  4.64,  2.39,  2.33,  0.11,  0.00,  187462259,  202169000,   10901000,  199896838, java, iotlab1, sing, 15
entry_3312646.class,  4.66,  2.40,  2.33,  0.11,  0.00,  186495005,  194325000,   18123000,  198844832, java, iotlab1, sing, 15
entry_3312646.class,  4.66,  2.39,  2.33,  0.11,  0.00,  186663079,  201485000,   11026000,  199039107, java, iotlab1, sing, 15
entry_3312646.class,  4.85,  2.44,  2.38,  0.11,  0.00,  198930578,  195967000,   17815000,  211398349, java, iotlab1, sing, 15
entry_3312646.class,  4.71,  2.37,  2.31,  0.11,  0.00,  189020865,  201285000,   14800000,  201491715, java, iotlab1, sing, 15
entry_3312646.class,  4.73,  2.39,  2.33,  0.11,  0.00,  188528970,  199104000,   15007000,  201692171, java, iotlab1, sing, 15
entry_3312646.class,  4.67,  2.37,  2.30,  0.11,  0.00,  189287025,  198086000,   17358000,  202702959, java, iotlab1, sing, 15
entry_3425385.class,  5.79,  2.95,  2.87,  0.13,  0.00,  238906245,  242683000,   16839000,  251369950, java, iotlab1, sing, 15
entry_3425385.class,  5.78,  2.98,  2.91,  0.13,  0.00,  235455332,  246622000,    8949000,  247850336, java, iotlab1, sing, 15
entry_3425385.class,  5.77,  2.98,  2.91,  0.13,  0.00,  235199056,  239638000,   14792000,  247492131, java, iotlab1, sing, 15
entry_3425385.class,  5.79,  2.99,  2.91,  0.13,  0.00,  237085469,  243435000,   12864000,  249540234, java, iotlab1, sing, 15
entry_3425385.class,  5.80,  3.00,  2.92,  0.13,  0.00,  235670522,  241742000,   13927000,  248240701, java, iotlab1, sing, 15
entry_3425385.class,  5.77,  2.98,  2.92,  0.13,  0.00,  235428485,  245512000,   10145000,  247694898, java, iotlab1, sing, 15
entry_3425385.class,  5.84,  3.00,  2.92,  0.13,  0.00,  238762017,  241229000,   16945000,  251964917, java, iotlab1, sing, 15
entry_3425385.class,  5.85,  2.98,  2.90,  0.13,  0.00,  238612771,  239930000,   19234000,  252142847, java, iotlab1, sing, 15
entry_3425385.class,  5.79,  2.97,  2.89,  0.13,  0.00,  237832038,  239642000,   18048000,  250231250, java, iotlab1, sing, 15
entry_3425385.class,  5.77,  2.97,  2.90,  0.13,  0.00,  236423876,  240875000,   15117000,  248748798, java, iotlab1, sing, 15
entry_3498705.class,  7.30,  3.75,  3.67,  0.17,  0.00,  296791553,  325290000,   16014000,  309106522, java, iotlab1, sing, 15
entry_3498705.class,  7.32,  3.77,  3.68,  0.17,  0.00,  296328165,  327848000,   13113000,  308639723, java, iotlab1, sing, 15
entry_3498705.class,  7.18,  3.71,  3.62,  0.17,  0.00,  289859721,  313496000,   16232000,  302313450, java, iotlab1, sing, 15
entry_3498705.class,  7.20,  3.72,  3.64,  0.16,  0.00,  290780036,  313260000,   16064000,  303047927, java, iotlab1, sing, 15
entry_3498705.class,  7.21,  3.72,  3.63,  0.17,  0.00,  291268966,  311956000,   18936000,  303787200, java, iotlab1, sing, 15
entry_3498705.class,  7.22,  3.74,  3.65,  0.17,  0.00,  290682445,  312776000,   17152000,  303043930, java, iotlab1, sing, 15
entry_3498705.class,  7.35,  3.81,  3.72,  0.17,  0.00,  296182477,  321476000,   20155000,  308628533, java, iotlab1, sing, 15
entry_3498705.class,  7.34,  3.79,  3.69,  0.17,  0.00,  295728477,  321322000,   19019000,  308268487, java, iotlab1, sing, 15
entry_3498705.class,  7.34,  3.76,  3.66,  0.17,  0.00,  298012954,  324519000,   18855000,  311285107, java, iotlab1, sing, 15
entry_3498705.class,  7.34,  3.77,  3.67,  0.17,  0.00,  295810771,  330683000,    9990000,  308116978, java, iotlab1, sing, 15
entry_3649916.class,  4.40,  2.25,  2.20,  0.10,  0.00,  180645251,  182517000,   20056000,  192922674, java, iotlab1, sing, 15
entry_3649916.class,  4.53,  2.29,  2.23,  0.11,  0.00,  186622168,  200359000,   12894000,  198999847, java, iotlab1, sing, 15
entry_3649916.class,  4.41,  2.24,  2.18,  0.11,  0.00,  182962673,  195446000,   10074000,  195311089, java, iotlab1, sing, 15
entry_3649916.class,  4.40,  2.18,  2.12,  0.11,  0.00,  185671836,  190695000,   18580000,  198028632, java, iotlab1, sing, 15
entry_3649916.class,  4.41,  2.21,  2.15,  0.11,  0.00,  182995730,  189669000,   14973000,  196188730, java, iotlab1, sing, 15
entry_3649916.class,  4.42,  2.23,  2.18,  0.10,  0.00,  181113991,  186742000,   15893000,  193671895, java, iotlab1, sing, 15
entry_3649916.class,  4.66,  2.30,  2.22,  0.11,  0.00,  198160766,  187677000,   15135000,  210730201, java, iotlab1, sing, 15
entry_3649916.class,  4.37,  2.18,  2.12,  0.11,  0.00,  183633597,  190526000,   16869000,  196048817, java, iotlab1, sing, 15
entry_3649916.class,  4.42,  2.22,  2.17,  0.10,  0.00,  182516827,  192537000,   12835000,  194978979, java, iotlab1, sing, 15
entry_3649916.class,  4.39,  2.24,  2.18,  0.10,  0.00,  180390890,  190504000,   10914000,  192665699, java, iotlab1, sing, 15
entry_3706629.class,  5.21,  2.66,  2.60,  0.12,  0.00,  208556732,  234270000,   19103000,  221019686, java, iotlab1, sing, 15
entry_3706629.class,  5.21,  2.66,  2.60,  0.12,  0.00,  208005579,  233412000,   18187000,  220421017, java, iotlab1, sing, 15
entry_3706629.class,  5.21,  2.66,  2.60,  0.12,  0.00,  209848444,  238103000,   15939000,  223061993, java, iotlab1, sing, 15
entry_3706629.class,  5.92,  3.01,  2.94,  0.14,  0.00,  221122695,  246798000,   18206000,  236467632, java, iotlab1, sing, 15
entry_3706629.class,  5.50,  2.80,  2.74,  0.13,  0.00,  213361116,  239241000,   17160000,  228465196, java, iotlab1, sing, 15
entry_3706629.class,  5.21,  2.67,  2.60,  0.12,  0.00,  208060256,  231876000,   21171000,  220359474, java, iotlab1, sing, 15
entry_3706629.class,  5.23,  2.66,  2.59,  0.13,  0.00,  208579174,  235000000,   17848000,  221026183, java, iotlab1, sing, 15
entry_3706629.class,  5.29,  2.66,  2.60,  0.13,  0.00,  209164958,  238292000,   15275000,  221623190, java, iotlab1, sing, 15
entry_3706629.class,  5.24,  2.68,  2.62,  0.12,  0.00,  208329310,  242087000,   11049000,  220875492, java, iotlab1, sing, 15
entry_3706629.class,  5.28,  2.67,  2.62,  0.13,  0.00,  210915982,  234671000,   20406000,  223470593, java, iotlab1, sing, 15
entry_3770659.class,  6.91,  3.54,  3.45,  0.16,  0.00,  281512463,  281661000,   17286000,  293969047, java, iotlab1, sing, 15
entry_3770659.class,  7.21,  3.61,  3.51,  0.17,  0.00,  302584879,  283374000,   15019000,  314998382, java, iotlab1, sing, 15
entry_3770659.class,  6.85,  3.51,  3.42,  0.15,  0.00,  279931479,  279467000,   18030000,  294129107, java, iotlab1, sing, 15
entry_3770659.class,  6.89,  3.55,  3.46,  0.16,  0.00,  280943164,  284718000,   12896000,  293558013, java, iotlab1, sing, 15
entry_3770659.class,  6.70,  3.48,  3.40,  0.15,  0.00,  270494627,  284699000,   12072000,  282886491, java, iotlab1, sing, 15
entry_3770659.class,  6.89,  3.50,  3.42,  0.16,  0.00,  282048956,  279598000,   19971000,  294434132, java, iotlab1, sing, 15
entry_3770659.class,  6.88,  3.48,  3.39,  0.16,  0.00,  281707496,  280978000,   16998000,  294044065, java, iotlab1, sing, 15
entry_3770659.class,  6.91,  3.45,  3.37,  0.16,  0.00,  283722716,  292730000,    9116000,  296267385, java, iotlab1, sing, 15
entry_3770659.class,  6.93,  3.53,  3.45,  0.16,  0.00,  282229457,  282066000,   18004000,  294615224, java, iotlab1, sing, 15
entry_3770659.class,  6.82,  3.47,  3.38,  0.16,  0.00,  281047960,  280846000,   16990000,  293567570, java, iotlab1, sing, 15
entry_3857606.class,  3.68,  1.78,  1.73,  0.10,  0.00,  152925639,  173536000,   14874000,  165579177, java, iotlab1, sing, 15
entry_3857606.class,  3.76,  1.85,  1.79,  0.10,  0.00,  153628679,  171911000,   17090000,  165890383, java, iotlab1, sing, 15
entry_3857606.class,  3.70,  1.81,  1.76,  0.09,  0.00,  151106171,  174786000,   11178000,  163485884, java, iotlab1, sing, 15
entry_3857606.class,  3.69,  1.81,  1.76,  0.09,  0.00,  151245221,  164752000,   21834000,  163701170, java, iotlab1, sing, 15
entry_3857606.class,  3.72,  1.83,  1.79,  0.10,  0.00,  151547277,  181690000,   12112000,  163969365, java, iotlab1, sing, 15
entry_3857606.class,  3.75,  1.86,  1.82,  0.09,  0.00,  150314511,  177837000,   15156000,  162638217, java, iotlab1, sing, 15
entry_3857606.class,  3.69,  1.80,  1.75,  0.09,  0.00,  151658225,  161050000,   24619000,  164010791, java, iotlab1, sing, 15
entry_3857606.class,  3.73,  1.85,  1.81,  0.09,  0.00,  152556599,  167046000,   20248000,  165046985, java, iotlab1, sing, 15
entry_3857606.class,  3.70,  1.82,  1.77,  0.09,  0.00,  151478295,  168040000,   18221000,  163927871, java, iotlab1, sing, 15
entry_3857606.class,  4.03,  1.86,  1.81,  0.10,  0.00,  171862103,  177265000,   16300000,  184915570, java, iotlab1, sing, 15
entry_3994532.class,  6.59,  3.40,  3.31,  0.16,  0.00,  265742002,  280485000,   17840000,  278106474, java, iotlab1, sing, 15
entry_3994532.class,  6.37,  3.24,  3.15,  0.15,  0.00,  262510084,  268831000,   17988000,  275714210, java, iotlab1, sing, 15
entry_3994532.class,  6.37,  3.27,  3.20,  0.15,  0.00,  259443183,  265459000,   15026000,  271748858, java, iotlab1, sing, 15
entry_3994532.class,  6.37,  3.26,  3.17,  0.15,  0.00,  257482864,  268541000,   13026000,  269870826, java, iotlab1, sing, 15
entry_3994532.class,  6.59,  3.40,  3.31,  0.16,  0.00,  265662095,  279562000,   18036000,  278014159, java, iotlab1, sing, 15
entry_3994532.class,  6.60,  3.34,  3.25,  0.16,  0.00,  267962525,  288142000,   13143000,  280352222, java, iotlab1, sing, 15
entry_3994532.class,  6.35,  3.25,  3.16,  0.15,  0.00,  257404339,  268633000,   12164000,  269877468, java, iotlab1, sing, 15
entry_3994532.class,  6.37,  3.27,  3.19,  0.15,  0.00,  257371640,  266762000,   14040000,  269613522, java, iotlab1, sing, 15
entry_3994532.class,  6.35,  3.24,  3.17,  0.15,  0.00,  257275551,  268083000,   13201000,  269702602, java, iotlab1, sing, 15
entry_3994532.class,  6.39,  3.29,  3.21,  0.15,  0.00,  259272779,  271861000,   10994000,  271584438, java, iotlab1, sing, 15
entry_432601.class,  6.28,  3.13,  3.04,  0.15,  0.00,  262171485,  257604000,   17173000,  275403651, java, iotlab1, sing, 15
entry_432601.class,  6.16,  3.12,  3.04,  0.14,  0.00,  248792556,  270874000,   16051000,  261104142, java, iotlab1, sing, 15
entry_432601.class,  6.34,  3.18,  3.10,  0.15,  0.00,  263831220,  252752000,   16983000,  276374744, java, iotlab1, sing, 15
entry_432601.class,  6.05,  3.10,  3.03,  0.14,  0.00,  247189523,  260482000,   12162000,  259406561, java, iotlab1, sing, 15
entry_432601.class,  6.14,  3.16,  3.08,  0.14,  0.00,  246671407,  271667000,   11897000,  258981176, java, iotlab1, sing, 15
entry_432601.class,  6.16,  3.16,  3.08,  0.14,  0.00,  246206238,  263255000,   19793000,  258544897, java, iotlab1, sing, 15
entry_432601.class,  6.15,  3.16,  3.09,  0.14,  0.00,  246201003,  267261000,   16136000,  258607270, java, iotlab1, sing, 15
entry_432601.class,  6.05,  3.11,  3.03,  0.14,  0.00,  247895606,  257689000,   15158000,  261134376, java, iotlab1, sing, 15
entry_432601.class,  6.14,  3.18,  3.10,  0.14,  0.00,  246097460,  265621000,   16975000,  258536088, java, iotlab1, sing, 15
entry_432601.class,  6.05,  3.07,  3.00,  0.14,  0.00,  249759856,  263424000,   12158000,  262925362, java, iotlab1, sing, 15
entry_4389922.class,  4.03,  2.01,  1.96,  0.10,  0.00,  161081700,  182566000,   22190000,  173443686, java, iotlab1, sing, 15
entry_4389922.class,  4.01,  2.02,  1.96,  0.10,  0.00,  159032783,  186008000,   15915000,  171391207, java, iotlab1, sing, 15
entry_4389922.class,  4.04,  2.01,  1.96,  0.10,  0.00,  161568878,  184903000,   20431000,  174063724, java, iotlab1, sing, 15
entry_4389922.class,  4.01,  2.01,  1.96,  0.10,  0.00,  160722477,  183823000,   21327000,  173145157, java, iotlab1, sing, 15
entry_4389922.class,  4.03,  2.03,  1.98,  0.10,  0.00,  160774658,  188051000,   17187000,  173122746, java, iotlab1, sing, 15
entry_4389922.class,  3.98,  1.99,  1.93,  0.10,  0.00,  159088406,  189379000,   13026000,  171649186, java, iotlab1, sing, 15
entry_4389922.class,  3.99,  1.95,  1.91,  0.10,  0.00,  161265091,  188130000,   18714000,  173524330, java, iotlab1, sing, 15
entry_4389922.class,  4.01,  2.02,  1.97,  0.10,  0.00,  158699969,  188587000,   13324000,  170977915, java, iotlab1, sing, 15
entry_4389922.class,  4.00,  2.00,  1.95,  0.10,  0.00,  159717341,  188542000,   14191000,  172092632, java, iotlab1, sing, 15
entry_4389922.class,  4.04,  2.01,  1.95,  0.10,  0.00,  159730804,  189148000,   14160000,  172127641, java, iotlab1, sing, 15
entry_4745434.class,  5.16,  2.58,  2.51,  0.12,  0.00,  211324270,  234261000,   24026000,  224554961, java, iotlab1, sing, 15
entry_4745434.class,  5.30,  2.69,  2.63,  0.13,  0.00,  212372697,  243572000,   20963000,  224809774, java, iotlab1, sing, 15
entry_4745434.class,  5.26,  2.59,  2.53,  0.13,  0.00,  219551175,  239782000,   16984000,  232367156, java, iotlab1, sing, 15
entry_4745434.class,  5.16,  2.61,  2.54,  0.12,  0.00,  206709472,  240371000,   12966000,  219140020, java, iotlab1, sing, 15
entry_4745434.class,  5.15,  2.61,  2.55,  0.12,  0.00,  208820874,  236503000,   19874000,  221260164, java, iotlab1, sing, 15
entry_4745434.class,  5.14,  2.64,  2.58,  0.12,  0.00,  206968742,  234793000,   18138000,  219330038, java, iotlab1, sing, 15
entry_4745434.class,  5.15,  2.64,  2.57,  0.12,  0.00,  205798488,  231025000,   22002000,  218462657, java, iotlab1, sing, 15
entry_4745434.class,  5.21,  2.66,  2.59,  0.12,  0.00,  206136611,  241756000,   16117000,  218552806, java, iotlab1, sing, 15
entry_4745434.class,  5.33,  2.68,  2.61,  0.13,  0.00,  217608473,  236284000,   17945000,  230038355, java, iotlab1, sing, 15
entry_4745434.class,  5.30,  2.68,  2.61,  0.13,  0.00,  216419491,  232918000,   18993000,  228950998, java, iotlab1, sing, 15
entry_4753317.class,  4.89,  2.49,  2.42,  0.12,  0.00,  192695964,  224220000,   19842000,  205207606, java, iotlab1, sing, 15
entry_4753317.class,  4.84,  2.48,  2.43,  0.12,  0.00,  191635683,  216256000,   26151000,  203915806, java, iotlab1, sing, 15
entry_4753317.class,  4.86,  2.50,  2.44,  0.12,  0.00,  192079962,  222041000,   20541000,  204515716, java, iotlab1, sing, 15
entry_4753317.class,  4.87,  2.50,  2.44,  0.12,  0.00,  190951638,  221680000,   19232000,  203565858, java, iotlab1, sing, 15
entry_4753317.class,  4.90,  2.48,  2.42,  0.12,  0.00,  194172908,  223397000,   21650000,  207248318, java, iotlab1, sing, 15
entry_4753317.class,  4.73,  2.35,  2.28,  0.11,  0.00,  185142851,  212354000,   23257000,  198882204, java, iotlab1, sing, 15
entry_4753317.class,  4.85,  2.48,  2.42,  0.12,  0.00,  191090214,  225324000,   17100000,  203443495, java, iotlab1, sing, 15
entry_4753317.class,  4.76,  2.38,  2.31,  0.12,  0.00,  192778635,  207885000,   22768000,  205208890, java, iotlab1, sing, 15
entry_4753317.class,  4.83,  2.45,  2.39,  0.12,  0.00,  193494388,  226740000,   19802000,  205889171, java, iotlab1, sing, 15
entry_4753317.class,  4.64,  2.33,  2.28,  0.11,  0.00,  181270079,  208999000,   22539000,  193631442, java, iotlab1, sing, 15
entry_4812136.class,  3.25,  1.64,  1.61,  0.08,  0.00,  133865999,  142875000,   13987000,  146247406, java, iotlab1, sing, 15
entry_4812136.class,  3.36,  1.71,  1.67,  0.08,  0.00,  135102130,  156949000,   12913000,  147530023, java, iotlab1, sing, 15
entry_4812136.class,  3.30,  1.64,  1.59,  0.08,  0.00,  137520621,  145133000,   16014000,  150727637, java, iotlab1, sing, 15
entry_4812136.class,  3.25,  1.62,  1.59,  0.08,  0.00,  135641433,  142561000,   18071000,  147910744, java, iotlab1, sing, 15
entry_4812136.class,  3.24,  1.63,  1.60,  0.08,  0.00,  133638777,  143461000,   13851000,  146129308, java, iotlab1, sing, 15
entry_4812136.class,  3.29,  1.66,  1.63,  0.08,  0.00,  135707787,  144623000,   15170000,  148301596, java, iotlab1, sing, 15
entry_4812136.class,  3.27,  1.65,  1.61,  0.08,  0.00,  133381808,  143231000,   13021000,  145692242, java, iotlab1, sing, 15
entry_4812136.class,  3.30,  1.67,  1.63,  0.08,  0.00,  135112751,  146178000,   11616000,  147499268, java, iotlab1, sing, 15
entry_4812136.class,  3.26,  1.64,  1.60,  0.08,  0.00,  133315285,  143500000,   13230000,  145634379, java, iotlab1, sing, 15
entry_4812136.class,  3.28,  1.64,  1.60,  0.08,  0.00,  135438582,  142822000,   16206000,  147789204, java, iotlab1, sing, 15
entry_5086713.class,  7.10,  3.64,  3.55,  0.17,  0.00,  288905879,  311478000,   18322000,  301363886, java, iotlab1, sing, 15
entry_5086713.class,  7.10,  3.65,  3.56,  0.17,  0.00,  287639127,  312268000,   16221000,  300012973, java, iotlab1, sing, 15
entry_5086713.class,  7.10,  3.68,  3.59,  0.17,  0.00,  287857116,  312763000,   15987000,  300335351, java, iotlab1, sing, 15
entry_5086713.class,  7.06,  3.66,  3.57,  0.17,  0.00,  287167058,  309927000,   17880000,  299473360, java, iotlab1, sing, 15
entry_5086713.class,  7.08,  3.63,  3.54,  0.17,  0.00,  289522357,  311702000,   18860000,  301827858, java, iotlab1, sing, 15
entry_5086713.class,  7.12,  3.63,  3.54,  0.17,  0.00,  290987672,  312572000,   19972000,  303391097, java, iotlab1, sing, 15
entry_5086713.class,  7.08,  3.64,  3.55,  0.17,  0.00,  287782197,  314610000,   14347000,  300336897, java, iotlab1, sing, 15
entry_5086713.class,  7.13,  3.67,  3.58,  0.17,  0.00,  288885160,  308763000,   21841000,  301366882, java, iotlab1, sing, 15
entry_5086713.class,  7.05,  3.63,  3.54,  0.17,  0.00,  288061862,  308602000,   20905000,  300467951, java, iotlab1, sing, 15
entry_5086713.class,  7.00,  3.61,  3.52,  0.17,  0.00,  284009016,  302635000,   21973000,  296445915, java, iotlab1, sing, 15
entry_5312981.class,  4.91,  2.51,  2.44,  0.12,  0.00,  204000610,  220178000,   15868000,  216379421, java, iotlab1, sing, 15
entry_5312981.class,  4.94,  2.52,  2.45,  0.12,  0.00,  203527425,  213999000,   20999000,  215912621, java, iotlab1, sing, 15
entry_5312981.class,  4.95,  2.57,  2.50,  0.11,  0.00,  199442599,  212190000,   14873000,  211743596, java, iotlab1, sing, 15
entry_5312981.class,  4.98,  2.56,  2.50,  0.11,  0.00,  199881453,  206903000,   21989000,  212272423, java, iotlab1, sing, 15
entry_5312981.class,  4.97,  2.57,  2.51,  0.12,  0.00,  201179780,  213681000,   14111000,  213612822, java, iotlab1, sing, 15
entry_5312981.class,  5.00,  2.57,  2.51,  0.12,  0.00,  201746669,  214678000,   15261000,  214153753, java, iotlab1, sing, 15
entry_5312981.class,  4.97,  2.57,  2.51,  0.11,  0.00,  200207876,  213955000,   14927000,  212637673, java, iotlab1, sing, 15
entry_5312981.class,  4.97,  2.57,  2.51,  0.12,  0.00,  201386328,  217857000,   12932000,  213805317, java, iotlab1, sing, 15
entry_5312981.class,  5.00,  2.57,  2.50,  0.12,  0.00,  200418422,  211933000,   17075000,  212795174, java, iotlab1, sing, 15
entry_5312981.class,  4.99,  2.57,  2.51,  0.11,  0.00,  200307994,  214476000,   14894000,  212740157, java, iotlab1, sing, 15
entry_5634551.class, 13.54,  6.51,  6.31,  0.56,  0.00,  502036063,  523647000,  107516000,  514876105, java, iotlab1, sing, 15
entry_5634551.class, 13.45,  6.64,  6.43,  0.56,  0.00,  497106995,  526996000,   97701000,  509429099, java, iotlab1, sing, 15
entry_5634551.class, 13.39,  6.55,  6.36,  0.56,  0.00,  497481270,  527155000,   95754000,  509959426, java, iotlab1, sing, 15
entry_5634551.class, 13.48,  6.51,  6.31,  0.56,  0.00,  506722099,  531471000,  104698000,  519164944, java, iotlab1, sing, 15
entry_5634551.class, 13.51,  6.57,  6.37,  0.56,  0.00,  499872089,  524176000,  100458000,  512168335, java, iotlab1, sing, 15
entry_5634551.class, 13.54,  6.56,  6.36,  0.56,  0.00,  499206574,  510419000,  111872000,  511796771, java, iotlab1, sing, 15
entry_5634551.class, 13.46,  6.49,  6.29,  0.56,  0.00,  506979632,  526849000,  115185000,  519406735, java, iotlab1, sing, 15
entry_5634551.class, 13.48,  6.46,  6.26,  0.56,  0.00,  506401752,  532393000,  109874000,  518868526, java, iotlab1, sing, 15
entry_5634551.class, 13.60,  6.58,  6.37,  0.56,  0.00,  497440705,  523847000,  104168000,  509767615, java, iotlab1, sing, 15
entry_5634551.class, 13.64,  6.54,  6.35,  0.55,  0.00,  499489147,  522607000,  105323000,  511982364, java, iotlab1, sing, 15
entry_5822024.class,  6.03,  3.13,  3.05,  0.14,  0.00,  240085987,  250392000,   13855000,  252547062, java, iotlab1, sing, 15
entry_5822024.class,  5.89,  3.04,  2.97,  0.13,  0.00,  238301432,  245223000,   15013000,  250653938, java, iotlab1, sing, 15
entry_5822024.class,  5.92,  3.06,  2.99,  0.13,  0.00,  238134747,  241557000,   16968000,  250523318, java, iotlab1, sing, 15
entry_5822024.class,  5.93,  3.04,  2.96,  0.13,  0.00,  238806050,  251260000,    9931000,  251182361, java, iotlab1, sing, 15
entry_5822024.class,  5.98,  3.10,  3.03,  0.13,  0.00,  241202038,  253723000,   12082000,  253562626, java, iotlab1, sing, 15
entry_5822024.class,  5.89,  3.05,  2.99,  0.13,  0.00,  236540488,  244395000,   13074000,  248991304, java, iotlab1, sing, 15
entry_5822024.class,  5.90,  3.06,  2.98,  0.13,  0.00,  237908383,  245292000,   14016000,  250392224, java, iotlab1, sing, 15
entry_5822024.class,  5.91,  3.03,  2.96,  0.13,  0.00,  239741566,  247577000,   14089000,  252947121, java, iotlab1, sing, 15
entry_5822024.class,  5.86,  3.06,  2.98,  0.13,  0.00,  237210157,  244160000,   13952000,  249620795, java, iotlab1, sing, 15
entry_5822024.class,  6.03,  3.10,  3.02,  0.14,  0.00,  241591950,  252007000,   14056000,  254042413, java, iotlab1, sing, 15
entry_6834819.class,  7.41,  3.70,  3.60,  0.17,  0.00,  312094463,  314555000,   21308000,  325009506, java, iotlab1, sing, 15
entry_6834819.class,  7.64,  3.81,  3.70,  0.18,  0.00,  322154697,  311348000,   20087000,  334653221, java, iotlab1, sing, 15
entry_6834819.class,  7.39,  3.73,  3.64,  0.17,  0.00,  310553643,  316041000,   18002000,  323059649, java, iotlab1, sing, 15
entry_6834819.class,  7.41,  3.79,  3.71,  0.17,  0.00,  310626741,  322659000,   10020000,  323040190, java, iotlab1, sing, 15
entry_6834819.class,  7.47,  3.83,  3.73,  0.17,  0.00,  308828966,  319328000,   20020000,  321292651, java, iotlab1, sing, 15
entry_6834819.class,  7.42,  3.76,  3.67,  0.17,  0.00,  311112733,  317494000,   16919000,  323436260, java, iotlab1, sing, 15
entry_6834819.class,  7.40,  3.78,  3.68,  0.17,  0.00,  310878401,  317402000,   17239000,  323293475, java, iotlab1, sing, 15
entry_6834819.class,  7.44,  3.78,  3.68,  0.17,  0.00,  308546069,  324009000,   14954000,  320921073, java, iotlab1, sing, 15
entry_6834819.class,  7.45,  3.77,  3.68,  0.17,  0.00,  310540746,  319818000,   21120000,  323095420, java, iotlab1, sing, 15
entry_6834819.class,  7.41,  3.78,  3.67,  0.17,  0.00,  310274785,  313656000,   19851000,  322656567, java, iotlab1, sing, 15
entry_6839549.class,  7.11,  3.67,  3.58,  0.16,  0.00,  290141378,  311125000,   16162000,  303900292, java, iotlab1, sing, 15
entry_6839549.class,  7.09,  3.65,  3.57,  0.16,  0.00,  289441248,  312677000,   15080000,  301794609, java, iotlab1, sing, 15
entry_6839549.class,  7.12,  3.67,  3.58,  0.17,  0.00,  291430375,  314331000,   16803000,  303774441, java, iotlab1, sing, 15
entry_6839549.class,  7.13,  3.69,  3.60,  0.16,  0.00,  289039155,  311647000,   14983000,  301448383, java, iotlab1, sing, 15
entry_6839549.class,  7.39,  3.75,  3.65,  0.17,  0.00,  304689841,  302319000,   24699000,  317268441, java, iotlab1, sing, 15
entry_6839549.class,  7.13,  3.69,  3.61,  0.16,  0.00,  289145585,  307323000,   18137000,  301559780, java, iotlab1, sing, 15
entry_6839549.class,  7.17,  3.67,  3.58,  0.17,  0.00,  288393721,  313907000,   13206000,  300877768, java, iotlab1, sing, 15
entry_6839549.class,  7.18,  3.65,  3.56,  0.16,  0.00,  290068639,  314235000,   15011000,  302560905, java, iotlab1, sing, 15
entry_6839549.class,  7.09,  3.63,  3.55,  0.16,  0.00,  288484710,  308199000,   18011000,  300930582, java, iotlab1, sing, 15
entry_6839549.class,  7.14,  3.66,  3.57,  0.16,  0.00,  289957032,  308385000,   19023000,  303208879, java, iotlab1, sing, 15
entry_6942570.class,  7.23,  3.76,  3.66,  0.17,  0.00,  290483048,  315778000,   15988000,  302841919, java, iotlab1, sing, 15
entry_6942570.class,  7.23,  3.73,  3.63,  0.17,  0.00,  294754498,  319595000,   18975000,  307288989, java, iotlab1, sing, 15
entry_6942570.class,  7.25,  3.79,  3.69,  0.17,  0.00,  290567248,  309083000,   23006000,  303012808, java, iotlab1, sing, 15
entry_6942570.class,  7.20,  3.78,  3.69,  0.17,  0.00,  290106846,  312034000,   19124000,  302386886, java, iotlab1, sing, 15
entry_6942570.class,  7.28,  3.77,  3.67,  0.17,  0.00,  293542163,  319949000,   14904000,  306766314, java, iotlab1, sing, 15
entry_6942570.class,  7.25,  3.80,  3.71,  0.17,  0.00,  291002503,  308989000,   23073000,  303477265, java, iotlab1, sing, 15
entry_6942570.class,  7.26,  3.79,  3.70,  0.17,  0.00,  291323536,  312363000,   21815000,  303727151, java, iotlab1, sing, 15
entry_6942570.class,  7.22,  3.73,  3.65,  0.17,  0.00,  291357133,  311507000,   21170000,  303910374, java, iotlab1, sing, 15
entry_6942570.class,  7.42,  3.78,  3.69,  0.17,  0.00,  302442094,  308866000,   22915000,  314983406, java, iotlab1, sing, 15
entry_6942570.class,  7.28,  3.80,  3.71,  0.17,  0.00,  291517621,  314260000,   16960000,  303869662, java, iotlab1, sing, 15
entry_7091193.class,  5.75,  2.89,  2.81,  0.14,  0.00,  241695949,  253060000,   12951000,  254850564, java, iotlab1, sing, 15
entry_7091193.class,  5.90,  3.01,  2.94,  0.14,  0.00,  239471757,  266100000,   13004000,  251788056, java, iotlab1, sing, 15
entry_7091193.class,  5.89,  3.02,  2.95,  0.14,  0.00,  239445468,  262597000,   16973000,  251924772, java, iotlab1, sing, 15
entry_7091193.class,  5.83,  2.98,  2.91,  0.13,  0.00,  238625955,  252761000,   13986000,  250981929, java, iotlab1, sing, 15
entry_7091193.class,  5.82,  2.99,  2.92,  0.14,  0.00,  239673142,  248081000,   14884000,  252063062, java, iotlab1, sing, 15
entry_7091193.class,  5.77,  2.95,  2.88,  0.14,  0.00,  239959520,  245577000,   18663000,  252447170, java, iotlab1, sing, 15
entry_7091193.class,  5.76,  2.96,  2.88,  0.13,  0.00,  239367352,  248732000,   14098000,  251744799, java, iotlab1, sing, 15
entry_7091193.class,  5.78,  2.94,  2.86,  0.14,  0.00,  241607689,  248952000,   14997000,  254060982, java, iotlab1, sing, 15
entry_7091193.class,  5.89,  3.01,  2.94,  0.14,  0.00,  241173562,  270066000,   10077000,  253924199, java, iotlab1, sing, 15
entry_7091193.class,  5.81,  2.93,  2.86,  0.13,  0.00,  238232570,  247745000,   14042000,  250640852, java, iotlab1, sing, 15
entry_7440967.class,  5.56,  2.86,  2.79,  0.13,  0.00,  221094403,  241461000,   21951000,  233422601, java, iotlab1, sing, 15
entry_7440967.class,  5.59,  2.85,  2.78,  0.13,  0.00,  221664140,  253396000,   17026000,  233995233, java, iotlab1, sing, 15
entry_7440967.class,  5.84,  2.91,  2.83,  0.14,  0.00,  238420393,  250006000,   15182000,  251031868, java, iotlab1, sing, 15
entry_7440967.class,  5.60,  2.86,  2.78,  0.13,  0.00,  220762686,  244372000,   19471000,  233059485, java, iotlab1, sing, 15
entry_7440967.class,  5.68,  2.86,  2.80,  0.13,  0.00,  220294305,  244374000,   20030000,  232711967, java, iotlab1, sing, 15
entry_7440967.class,  5.55,  2.84,  2.78,  0.13,  0.00,  220667183,  247394000,   18028000,  232984265, java, iotlab1, sing, 15
entry_7440967.class,  5.58,  2.84,  2.77,  0.13,  0.00,  223040929,  254175000,   14177000,  236216644, java, iotlab1, sing, 15
entry_7440967.class,  5.58,  2.85,  2.78,  0.13,  0.00,  221645341,  249303000,   17020000,  234080051, java, iotlab1, sing, 15
entry_7440967.class,  5.57,  2.86,  2.80,  0.13,  0.00,  220186510,  253619000,   11159000,  232647875, java, iotlab1, sing, 15
entry_7440967.class,  5.54,  2.82,  2.76,  0.13,  0.00,  221613142,  251842000,   13991000,  233996312, java, iotlab1, sing, 15
entry_7590943.class, 11.54,  6.03,  5.89,  0.25,  0.00,  440875639,  465261000,   17120000,  453300039, java, iotlab1, sing, 15
entry_7590943.class, 11.15,  5.84,  5.71,  0.25,  0.00,  431500628,  465844000,   17030000,  447086030, java, iotlab1, sing, 15
entry_7590943.class, 10.86,  5.67,  5.53,  0.24,  0.00,  425946841,  456444000,   23022000,  438250102, java, iotlab1, sing, 15
entry_7590943.class, 10.89,  5.69,  5.56,  0.24,  0.00,  427033049,  454522000,   25972000,  439423184, java, iotlab1, sing, 15
entry_7590943.class, 12.38,  6.36,  6.22,  0.28,  0.00,  460140521,  476362000,   20928000,  472613536, java, iotlab1, sing, 15
entry_7590943.class, 11.12,  5.74,  5.60,  0.25,  0.00,  440589105,  447088000,   21004000,  453029213, java, iotlab1, sing, 15
entry_7590943.class, 10.93,  5.69,  5.56,  0.24,  0.00,  426905272,  447649000,   18985000,  439347776, java, iotlab1, sing, 15
entry_7590943.class, 10.73,  5.62,  5.50,  0.24,  0.00,  424148860,  444856000,   21183000,  436563984, java, iotlab1, sing, 15
entry_7590943.class, 10.82,  5.70,  5.56,  0.24,  0.00,  425436770,  452277000,   15177000,  437777192, java, iotlab1, sing, 15
entry_7590943.class, 10.76,  5.63,  5.49,  0.24,  0.00,  426589733,  454818000,   14025000,  438909756, java, iotlab1, sing, 15
entry_7743354.class, 13.48,  6.52,  6.31,  0.56,  0.00,  518120972,  479634000,  213618000,  530492369, java, iotlab1, sing, 15
entry_7743354.class, 13.38,  6.52,  6.32,  0.56,  0.00,  512289893,  476248000,  201565000,  524716196, java, iotlab1, sing, 15
entry_7743354.class, 13.51,  6.58,  6.37,  0.56,  0.00,  518557404,  496547000,  197635000,  530825059, java, iotlab1, sing, 15
entry_7743354.class, 14.54,  7.15,  6.93,  0.58,  0.00,  552770312,  526985000,  201046000,  565190550, java, iotlab1, sing, 15
entry_7743354.class, 14.76,  7.17,  6.95,  0.58,  0.00,  549603735,  515505000,  205806000,  561978130, java, iotlab1, sing, 15
entry_7743354.class, 13.52,  6.53,  6.33,  0.56,  0.00,  519990290,  488748000,  205530000,  532357387, java, iotlab1, sing, 15
entry_7743354.class, 13.62,  6.62,  6.41,  0.56,  0.00,  516891221,  493129000,  197842000,  529767664, java, iotlab1, sing, 15
entry_7743354.class, 14.58,  7.18,  6.97,  0.58,  0.00,  550242545,  511315000,  210426000,  562651267, java, iotlab1, sing, 15
entry_7743354.class, 13.53,  6.68,  6.47,  0.56,  0.00,  517681190,  482160000,  206922000,  530086025, java, iotlab1, sing, 15
entry_7743354.class, 14.42,  7.01,  6.79,  0.59,  0.00,  557622755,  525864000,  203429000,  569950750, java, iotlab1, sing, 15
entry_7757853.class,  7.40,  3.87,  3.78,  0.17,  0.00,  290611896,  305354000,   24785000,  303070507, java, iotlab1, sing, 15
entry_7757853.class,  7.43,  3.88,  3.79,  0.17,  0.00,  294972613,  306569000,   24883000,  308047155, java, iotlab1, sing, 15
entry_7757853.class,  7.44,  3.90,  3.80,  0.17,  0.00,  291644326,  314502000,   16866000,  304107216, java, iotlab1, sing, 15
entry_7757853.class,  7.44,  3.90,  3.81,  0.17,  0.00,  292032694,  308506000,   24117000,  304470400, java, iotlab1, sing, 15
entry_7757853.class,  7.66,  3.89,  3.80,  0.18,  0.00,  308768559,  312454000,   19088000,  321108593, java, iotlab1, sing, 15
entry_7757853.class,  7.39,  3.86,  3.76,  0.17,  0.00,  290550846,  313986000,   16101000,  302790320, java, iotlab1, sing, 15
entry_7757853.class,  7.40,  3.87,  3.78,  0.17,  0.00,  291101523,  308733000,   21981000,  303522764, java, iotlab1, sing, 15
entry_7757853.class,  7.44,  3.88,  3.78,  0.17,  0.00,  292669119,  316250000,   15204000,  305155677, java, iotlab1, sing, 15
entry_7757853.class,  7.36,  3.83,  3.74,  0.17,  0.00,  292207605,  315397000,   16755000,  304646075, java, iotlab1, sing, 15
entry_7757853.class,  7.45,  3.86,  3.77,  0.17,  0.00,  292923575,  313779000,   18689000,  305442922, java, iotlab1, sing, 15
entry_8076005.class,  7.35,  3.74,  3.64,  0.18,  0.00,  290353237,  326433000,   13138000,  303683220, java, iotlab1, sing, 15
entry_8076005.class,  7.29,  3.80,  3.71,  0.17,  0.00,  287688175,  315998000,   20191000,  299945815, java, iotlab1, sing, 15
entry_8076005.class,  7.30,  3.79,  3.70,  0.17,  0.00,  287629545,  323056000,   12962000,  299922286, java, iotlab1, sing, 15
entry_8076005.class,  7.29,  3.77,  3.67,  0.17,  0.00,  288565797,  315034000,   20869000,  301758808, java, iotlab1, sing, 15
entry_8076005.class,  7.32,  3.79,  3.69,  0.17,  0.00,  288435153,  322799000,   15084000,  300876549, java, iotlab1, sing, 15
entry_8076005.class,  7.28,  3.76,  3.67,  0.17,  0.00,  287391424,  325878000,    9052000,  299830687, java, iotlab1, sing, 15
entry_8076005.class,  7.33,  3.78,  3.69,  0.17,  0.00,  286927614,  311903000,   21993000,  299135653, java, iotlab1, sing, 15
entry_8076005.class,  7.31,  3.78,  3.69,  0.17,  0.00,  287948013,  310387000,   26604000,  300387379, java, iotlab1, sing, 15
entry_8076005.class,  7.54,  3.86,  3.77,  0.18,  0.00,  294387227,  332234000,   18176000,  306741485, java, iotlab1, sing, 15
entry_8076005.class,  7.33,  3.75,  3.66,  0.17,  0.00,  289385957,  326767000,   12951000,  301980686, java, iotlab1, sing, 15
entry_8252772.class,  6.46,  3.28,  3.20,  0.15,  0.00,  270516765,  278988000,   13899000,  283177488, java, iotlab1, sing, 15
entry_8252772.class,  6.50,  3.33,  3.26,  0.15,  0.00,  267779159,  272352000,   17697000,  280299933, java, iotlab1, sing, 15
entry_8252772.class,  6.51,  3.32,  3.23,  0.15,  0.00,  267465471,  271624000,   17843000,  279728812, java, iotlab1, sing, 15
entry_8252772.class,  6.56,  3.32,  3.23,  0.15,  0.00,  271883475,  276822000,   15932000,  285200226, java, iotlab1, sing, 15
entry_8252772.class,  6.50,  3.34,  3.26,  0.15,  0.00,  267341497,  271373000,   17827000,  279850456, java, iotlab1, sing, 15
entry_8252772.class,  6.50,  3.32,  3.24,  0.15,  0.00,  267320988,  277369000,   12059000,  279732649, java, iotlab1, sing, 15
entry_8252772.class,  6.53,  3.34,  3.26,  0.15,  0.00,  267617827,  275729000,   13786000,  280111670, java, iotlab1, sing, 15
entry_8252772.class,  6.47,  3.29,  3.22,  0.15,  0.00,  268545683,  279325000,   11971000,  280827273, java, iotlab1, sing, 15
entry_8252772.class,  6.52,  3.30,  3.22,  0.15,  0.00,  267815323,  271971000,   16998000,  280157285, java, iotlab1, sing, 15
entry_8252772.class,  6.51,  3.33,  3.25,  0.15,  0.00,  267316055,  275499000,   13974000,  279660196, java, iotlab1, sing, 15
entry_8495784.class,  7.47,  3.66,  3.56,  0.19,  0.00,  295849202,  310303000,   16961000,  308652160, java, iotlab1, sing, 15
entry_8495784.class,  7.26,  3.62,  3.54,  0.19,  0.00,  280914925,  308175000,   18247000,  293259210, java, iotlab1, sing, 15
entry_8495784.class,  7.55,  3.73,  3.64,  0.20,  0.00,  286052192,  319525000,   17081000,  298460048, java, iotlab1, sing, 15
entry_8495784.class,  7.38,  3.67,  3.58,  0.19,  0.00,  283473543,  305967000,   20129000,  295874234, java, iotlab1, sing, 15
entry_8495784.class,  7.25,  3.61,  3.53,  0.19,  0.00,  280861410,  306771000,   19300000,  293221590, java, iotlab1, sing, 15
entry_8495784.class,  7.26,  3.61,  3.53,  0.19,  0.00,  279442182,  308055000,   17114000,  291706410, java, iotlab1, sing, 15
entry_8495784.class,  7.25,  3.62,  3.54,  0.19,  0.00,  279922662,  306516000,   18908000,  292323398, java, iotlab1, sing, 15
entry_8495784.class,  7.33,  3.66,  3.58,  0.19,  0.00,  282661769,  303104000,   22007000,  295471835, java, iotlab1, sing, 15
entry_8495784.class,  7.28,  3.61,  3.52,  0.19,  0.00,  282398270,  314864000,   13949000,  294851288, java, iotlab1, sing, 15
entry_8495784.class,  7.28,  3.62,  3.53,  0.19,  0.00,  280495453,  308029000,   18462000,  292925213, java, iotlab1, sing, 15
entry_8565036.class,  5.82,  2.98,  2.91,  0.14,  0.00,  228848879,  256311000,   17222000,  241157396, java, iotlab1, sing, 15
entry_8565036.class,  5.87,  3.02,  2.94,  0.14,  0.00,  229361224,  254224000,   19861000,  241741383, java, iotlab1, sing, 15
entry_8565036.class,  5.93,  3.07,  3.00,  0.14,  0.00,  229633762,  255616000,   17833000,  242035472, java, iotlab1, sing, 15
entry_8565036.class,  5.93,  3.09,  3.03,  0.14,  0.00,  230282068,  257077000,   18146000,  242622313, java, iotlab1, sing, 15
entry_8565036.class,  5.86,  3.01,  2.94,  0.14,  0.00,  230077174,  255840000,   17918000,  242435042, java, iotlab1, sing, 15
entry_8565036.class,  6.05,  3.09,  3.02,  0.15,  0.00,  238856671,  251574000,   21876000,  251268133, java, iotlab1, sing, 15
entry_8565036.class,  5.97,  3.08,  3.01,  0.14,  0.00,  230117727,  251311000,   21597000,  242457852, java, iotlab1, sing, 15
entry_8565036.class,  5.84,  3.04,  2.97,  0.14,  0.00,  230432914,  258369000,   16828000,  242770075, java, iotlab1, sing, 15
entry_8565036.class,  5.92,  3.08,  3.00,  0.14,  0.00,  229781454,  259736000,   14039000,  242066156, java, iotlab1, sing, 15
entry_8565036.class,  5.89,  3.03,  2.95,  0.14,  0.00,  230836795,  258488000,   17964000,  243266350, java, iotlab1, sing, 15
entry_8791700.class, 15.05,  7.37,  7.15,  0.60,  0.00,  563239714,  609403000,  101071000,  575743565, java, iotlab1, sing, 15
entry_8791700.class, 14.96,  7.34,  7.12,  0.60,  0.00,  559952975,  585572000,  118307000,  572342271, java, iotlab1, sing, 15
entry_8791700.class, 15.12,  7.38,  7.16,  0.60,  0.00,  565437863,  620389000,  100314000,  578274061, java, iotlab1, sing, 15
entry_8791700.class, 15.12,  7.43,  7.21,  0.60,  0.00,  559130477,  598336000,  109959000,  571617829, java, iotlab1, sing, 15
entry_8791700.class, 15.06,  7.38,  7.17,  0.60,  0.00,  558312383,  591202000,  116253000,  570878405, java, iotlab1, sing, 15
entry_8791700.class, 15.17,  7.30,  7.09,  0.60,  0.00,  566839634,  603608000,  112299000,  579145179, java, iotlab1, sing, 15
entry_8791700.class, 15.13,  7.38,  7.16,  0.60,  0.00,  556087524,  585971000,  112228000,  568654293, java, iotlab1, sing, 15
entry_8791700.class, 15.08,  7.30,  7.08,  0.60,  0.00,  567162643,  600929000,  114704000,  579572443, java, iotlab1, sing, 15
entry_8791700.class, 15.05,  7.35,  7.13,  0.60,  0.00,  563597998,  604093000,  107550000,  576335598, java, iotlab1, sing, 15
entry_8791700.class, 15.00,  7.32,  7.10,  0.60,  0.00,  558903111,  593006000,  111006000,  571308543, java, iotlab1, sing, 15
entry_8801190.class,  6.43,  3.33,  3.25,  0.16,  0.00,  252693454,  276572000,   18902000,  265048096, java, iotlab1, sing, 15
entry_8801190.class,  6.45,  3.31,  3.23,  0.16,  0.00,  255092240,  275494000,   20331000,  268215225, java, iotlab1, sing, 15
entry_8801190.class,  6.47,  3.33,  3.24,  0.16,  0.00,  254322485,  276199000,   18809000,  266728839, java, iotlab1, sing, 15
entry_8801190.class,  6.45,  3.32,  3.25,  0.15,  0.00,  253887657,  274186000,   19294000,  266221806, java, iotlab1, sing, 15
entry_8801190.class,  6.42,  3.31,  3.23,  0.16,  0.00,  253130659,  279404000,   17771000,  265496451, java, iotlab1, sing, 15
entry_8801190.class,  6.44,  3.33,  3.25,  0.15,  0.00,  253791899,  277929000,   18125000,  266218255, java, iotlab1, sing, 15
entry_8801190.class,  6.64,  3.33,  3.25,  0.15,  0.00,  253517558,  279676000,   16919000,  265959718, java, iotlab1, sing, 15
entry_8801190.class,  6.46,  3.31,  3.22,  0.15,  0.00,  254607618,  276604000,   21122000,  267751420, java, iotlab1, sing, 15
entry_8801190.class,  6.43,  3.31,  3.22,  0.15,  0.00,  253222870,  276779000,   19840000,  265602491, java, iotlab1, sing, 15
entry_8801190.class,  6.44,  3.32,  3.25,  0.15,  0.00,  252912090,  279405000,   15852000,  265470281, java, iotlab1, sing, 15
entry_8934974.class, 11.76,  6.20,  6.05,  0.25,  0.00,  466345130,  492778000,   17061000,  478731557, java, iotlab1, sing, 15
entry_8934974.class, 11.70,  6.20,  6.07,  0.25,  0.00,  461894729,  484997000,   19917000,  474148851, java, iotlab1, sing, 15
entry_8934974.class, 11.80,  6.19,  6.05,  0.25,  0.00,  461827256,  488095000,   16035000,  474551729, java, iotlab1, sing, 15
entry_8934974.class,  7.17,  3.65,  3.56,  0.16,  0.00,  284205985,  323712000,   15079000,  296620236, java, iotlab1, sing, 15
entry_8934974.class, 11.77,  6.17,  6.03,  0.25,  0.00,  462130423,  491334000,   12956000,  474699269, java, iotlab1, sing, 15
entry_8934974.class, 11.74,  6.11,  5.98,  0.25,  0.00,  461644519,  486593000,   16951000,  473995912, java, iotlab1, sing, 15
entry_8934974.class, 11.86,  6.18,  6.02,  0.26,  0.00,  464119339,  488755000,   18102000,  476631646, java, iotlab1, sing, 15
entry_8934974.class, 11.86,  6.20,  6.06,  0.25,  0.00,  462193335,  490762000,   14050000,  474599845, java, iotlab1, sing, 15
entry_8934974.class, 11.73,  6.19,  6.05,  0.25,  0.00,  463333632,  482626000,   22982000,  475738845, java, iotlab1, sing, 15
entry_8934974.class, 12.12,  6.47,  6.33,  0.26,  0.00,  469525704,  503442000,   20057000,  481931656, java, iotlab1, sing, 15
entry_9253560.class,  6.76,  3.49,  3.40,  0.16,  0.00,  271599171,  293203000,   17070000,  284519553, java, iotlab1, sing, 15
entry_9253560.class,  6.80,  3.49,  3.40,  0.16,  0.00,  273789723,  286640000,   25321000,  286956016, java, iotlab1, sing, 15
entry_9253560.class,  6.79,  3.49,  3.40,  0.16,  0.00,  274251084,  291299000,   20949000,  288443173, java, iotlab1, sing, 15
entry_9253560.class,  6.80,  3.50,  3.41,  0.16,  0.00,  275312135,  289769000,   24894000,  288516301, java, iotlab1, sing, 15
entry_9253560.class,  6.80,  3.52,  3.42,  0.16,  0.00,  270192573,  289409000,   20097000,  282810008, java, iotlab1, sing, 15
entry_9253560.class,  6.82,  3.52,  3.43,  0.16,  0.00,  271585258,  292403000,   18211000,  284172910, java, iotlab1, sing, 15
entry_9253560.class,  6.79,  3.43,  3.35,  0.16,  0.00,  275840424,  297165000,   18820000,  288946372, java, iotlab1, sing, 15
entry_9253560.class,  6.79,  3.42,  3.34,  0.16,  0.00,  275329903,  295101000,   17706000,  289358429, java, iotlab1, sing, 15
entry_9253560.class,  6.80,  3.45,  3.36,  0.16,  0.00,  271790526,  295581000,   14928000,  284334076, java, iotlab1, sing, 15
entry_9253560.class,  7.03,  3.56,  3.48,  0.17,  0.00,  286492418,  295674000,   15240000,  298910401, java, iotlab1, sing, 15
entry_9492350.class,  7.09,  3.60,  3.51,  0.17,  0.00,  294243892,  305219000,   12048000,  307085885, java, iotlab1, sing, 15
entry_9492350.class,  7.11,  3.62,  3.53,  0.16,  0.00,  293745498,  302771000,   13897000,  305988359, java, iotlab1, sing, 15
entry_9492350.class,  7.16,  3.62,  3.53,  0.17,  0.00,  293649324,  300074000,   16111000,  306112909, java, iotlab1, sing, 15
entry_9492350.class,  7.15,  3.64,  3.54,  0.16,  0.00,  293798101,  302108000,   14955000,  306271606, java, iotlab1, sing, 15
entry_9492350.class,  7.12,  3.64,  3.55,  0.16,  0.00,  293321980,  300976000,   14899000,  305687048, java, iotlab1, sing, 15
entry_9492350.class,  7.11,  3.64,  3.55,  0.16,  0.00,  292860564,  296498000,   18904000,  305178446, java, iotlab1, sing, 15
entry_9492350.class,  7.16,  3.64,  3.54,  0.16,  0.00,  294406274,  299673000,   17980000,  306766100, java, iotlab1, sing, 15
entry_9492350.class,  7.12,  3.63,  3.54,  0.17,  0.00,  295538799,  299468000,   18966000,  308746736, java, iotlab1, sing, 15
entry_9492350.class,  7.12,  3.63,  3.54,  0.16,  0.00,  294184822,  295907000,   20852000,  306532068, java, iotlab1, sing, 15
entry_9492350.class,  7.10,  3.62,  3.53,  0.16,  0.00,  293917016,  302959000,   13952000,  306277009, java, iotlab1, sing, 15
entry_9577650.class,  5.56,  2.83,  2.77,  0.13,  0.00,  221213802,  248412000,   17028000,  233677176, java, iotlab1, sing, 15
entry_9577650.class,  5.82,  2.90,  2.82,  0.14,  0.00,  240847789,  249890000,   17849000,  253875345, java, iotlab1, sing, 15
entry_9577650.class,  5.60,  2.84,  2.76,  0.13,  0.00,  223221627,  252150000,   15189000,  236396897, java, iotlab1, sing, 15
entry_9577650.class,  5.58,  2.84,  2.77,  0.13,  0.00,  222053857,  245141000,   20674000,  234677190, java, iotlab1, sing, 15
entry_9577650.class,  5.59,  2.86,  2.79,  0.13,  0.00,  221098587,  246405000,   19031000,  233428067, java, iotlab1, sing, 15
entry_9577650.class,  5.58,  2.86,  2.79,  0.13,  0.00,  221009306,  247452000,   17960000,  233371384, java, iotlab1, sing, 15
entry_9577650.class,  5.58,  2.85,  2.77,  0.13,  0.00,  220466970,  248149000,   16941000,  232810675, java, iotlab1, sing, 15
entry_9577650.class,  5.61,  2.89,  2.82,  0.13,  0.00,  221924368,  249290000,   17088000,  234238704, java, iotlab1, sing, 15
entry_9577650.class,  5.57,  2.83,  2.75,  0.13,  0.00,  223376578,  254375000,   13070000,  235603080, java, iotlab1, sing, 15
entry_9577650.class,  5.58,  2.86,  2.80,  0.13,  0.00,  222748317,  248140000,   17147000,  235147384, java, iotlab1, sing, 15
entry_9803783.class,  4.74,  2.42,  2.37,  0.12,  0.00,  187751652,  208955000,   18815000,  200274698, java, iotlab1, sing, 15
entry_9803783.class,  4.79,  2.46,  2.40,  0.12,  0.00,  188139315,  211437000,   14095000,  200360639, java, iotlab1, sing, 15
entry_9803783.class,  4.87,  2.46,  2.41,  0.12,  0.00,  187014237,  206918000,   18992000,  199594056, java, iotlab1, sing, 15
entry_9803783.class,  4.80,  2.47,  2.41,  0.12,  0.00,  186909147,  204665000,   21751000,  199324451, java, iotlab1, sing, 15
entry_9803783.class,  4.78,  2.44,  2.38,  0.12,  0.00,  189825694,  207051000,   21525000,  202121926, java, iotlab1, sing, 15
entry_9803783.class,  4.95,  2.53,  2.47,  0.12,  0.00,  195258724,  217589000,   16968000,  207626658, java, iotlab1, sing, 15
entry_9803783.class,  4.80,  2.47,  2.41,  0.12,  0.00,  186856200,  206951000,   17995000,  199162350, java, iotlab1, sing, 15
entry_9803783.class,  4.81,  2.45,  2.39,  0.12,  0.00,  191594245,  207027000,   23003000,  204975897, java, iotlab1, sing, 15
entry_9803783.class,  4.77,  2.42,  2.36,  0.12,  0.00,  189898776,  208022000,   21587000,  203700548, java, iotlab1, sing, 15
entry_9803783.class,  4.98,  2.48,  2.42,  0.12,  0.00,  199989925,  205880000,   20987000,  212512299, java, iotlab1, sing, 15
entry_9844287.class,  3.89,  1.83,  1.78,  0.10,  0.00,  176937127,  191526000,   20267000,  190357189, java, iotlab1, sing, 15
entry_9844287.class,  3.92,  2.01,  1.96,  0.09,  0.00,  156672882,  164395000,   16835000,  169003314, java, iotlab1, sing, 15
entry_9844287.class,  3.92,  2.03,  1.98,  0.09,  0.00,  156739141,  163495000,   17156000,  169148787, java, iotlab1, sing, 15
entry_9844287.class,  3.94,  2.03,  1.98,  0.09,  0.00,  157672293,  170436000,   11890000,  170100586, java, iotlab1, sing, 15
entry_9844287.class,  3.94,  2.04,  1.99,  0.09,  0.00,  157723851,  169253000,   13097000,  170206910, java, iotlab1, sing, 15
entry_9844287.class,  3.93,  2.02,  1.96,  0.09,  0.00,  157333133,  168402000,   13109000,  169596303, java, iotlab1, sing, 15
entry_9844287.class,  3.93,  2.01,  1.96,  0.09,  0.00,  158138663,  171408000,   11958000,  170603327, java, iotlab1, sing, 15
entry_9844287.class,  3.91,  1.99,  1.95,  0.09,  0.00,  158326117,  168130000,   14265000,  170781594, java, iotlab1, sing, 15
entry_9844287.class,  3.91,  2.02,  1.97,  0.09,  0.00,  156973787,  167781000,   14150000,  169449665, java, iotlab1, sing, 15
entry_9844287.class,  3.92,  2.02,  1.97,  0.09,  0.00,  156822694,  165876000,   15892000,  169074592, java, iotlab1, sing, 15
