file,psys,pkg,cores,ram,gpu,duration_time,user_time,system_time,perf_time,lang,machine,cores,power_limit
1091584.exe ,  2.76,  1.15,  1.10,  0.08,  0.00,  147506602,  140309000,    4008000,  208931818, c++, iotlab1, sing, 8
1091584.exe ,  2.73,  1.14,  1.10,  0.08,  0.00,  143905270,  141011000,    3021000,  156651256, c++, iotlab1, sing, 8
1091584.exe ,  2.73,  1.15,  1.10,  0.08,  0.00,  143764753,  138816000,    4993000,  156453026, c++, iotlab1, sing, 8
1091584.exe ,  2.73,  1.13,  1.08,  0.08,  0.00,  144668768,  141803000,    2995000,  157657199, c++, iotlab1, sing, 8
1091584.exe ,  2.72,  1.14,  1.10,  0.08,  0.00,  145041766,  141052000,    4001000,  158711008, c++, iotlab1, sing, 8
1091584.exe ,  2.72,  1.12,  1.08,  0.08,  0.00,  146630678,  143696000,    3014000,  160117484, c++, iotlab1, sing, 8
1091584.exe ,  2.70,  1.13,  1.09,  0.07,  0.00,  144372016,  139465000,    4980000,  157836221, c++, iotlab1, sing, 8
1091584.exe ,  2.73,  1.14,  1.10,  0.08,  0.00,  143611264,  140710000,    3015000,  156544384, c++, iotlab1, sing, 8
1091584.exe ,  2.73,  1.14,  1.09,  0.08,  0.00,  144407473,  141518000,    3011000,  157156248, c++, iotlab1, sing, 8
1091584.exe ,  2.72,  1.14,  1.10,  0.08,  0.00,  143619696,  139740000,    3992000,  156984001, c++, iotlab1, sing, 8
1680187.exe ,  2.99,  1.25,  1.19,  0.08,  0.00,  155875197,  149984000,    5999000,  168415355, c++, iotlab1, sing, 8
1680187.exe ,  2.92,  1.24,  1.20,  0.08,  0.00,  155764770,  151883000,    3996000,  168898496, c++, iotlab1, sing, 8
1680187.exe ,  2.92,  1.24,  1.20,  0.08,  0.00,  155115173,  153194000,    2002000,  168621615, c++, iotlab1, sing, 8
1680187.exe ,  2.93,  1.23,  1.19,  0.08,  0.00,  155850954,  150970000,    4999000,  169357468, c++, iotlab1, sing, 8
1680187.exe ,  2.94,  1.23,  1.18,  0.08,  0.00,  154087060,  152175000,    2002000,  166683592, c++, iotlab1, sing, 8
1680187.exe ,  2.92,  1.23,  1.19,  0.08,  0.00,  155337914,  154460000,    1002000,  168625454, c++, iotlab1, sing, 8
1680187.exe ,  2.93,  1.22,  1.18,  0.08,  0.00,  156617870,  150759000,    5990000,  170068202, c++, iotlab1, sing, 8
1680187.exe ,  2.93,  1.24,  1.20,  0.08,  0.00,  155870542,  152983000,    2999000,  168646406, c++, iotlab1, sing, 8
1680187.exe ,  2.93,  1.24,  1.19,  0.08,  0.00,  156825408,  156959000,          0,  170294396, c++, iotlab1, sing, 8
1680187.exe ,  2.95,  1.24,  1.20,  0.08,  0.00,  155830760,  154895000,    1005000,  168663356, c++, iotlab1, sing, 8
1723554.exe ,  2.63,  1.09,  1.05,  0.07,  0.00,  141124407,  137227000,    4006000,  154677492, c++, iotlab1, sing, 8
1723554.exe ,  2.65,  1.12,  1.08,  0.07,  0.00,  140202609,  137305000,    3006000,  153101881, c++, iotlab1, sing, 8
1723554.exe ,  2.66,  1.12,  1.08,  0.07,  0.00,  140351464,  133436000,    7022000,  153162717, c++, iotlab1, sing, 8
1723554.exe ,  2.65,  1.11,  1.07,  0.07,  0.00,  139869433,  137942000,    2013000,  152725648, c++, iotlab1, sing, 8
1723554.exe ,  2.64,  1.10,  1.07,  0.07,  0.00,  139356676,  132447000,    7023000,  152930922, c++, iotlab1, sing, 8
1723554.exe ,  2.65,  1.11,  1.06,  0.07,  0.00,  139540650,  138587000,    1004000,  152773383, c++, iotlab1, sing, 8
1723554.exe ,  2.66,  1.11,  1.07,  0.07,  0.00,  139456124,  132520000,    7027000,  152166473, c++, iotlab1, sing, 8
1723554.exe ,  2.65,  1.12,  1.08,  0.07,  0.00,  140046982,  133149000,    7007000,  152977366, c++, iotlab1, sing, 8
1723554.exe ,  2.65,  1.10,  1.06,  0.07,  0.00,  140200626,  131284000,    8951000,  153142059, c++, iotlab1, sing, 8
1723554.exe ,  2.64,  1.09,  1.05,  0.07,  0.00,  140047465,  136117000,    4033000,  153187052, c++, iotlab1, sing, 8
1727828.exe ,  6.53,  2.61,  2.48,  0.34,  0.00,  326882422,  172048000,  155044000,  340580775, c++, iotlab1, sing, 8
1727828.exe ,  6.54,  2.58,  2.46,  0.34,  0.00,  327164606,  157697000,  169674000,  340143561, c++, iotlab1, sing, 8
1727828.exe ,  6.57,  2.61,  2.49,  0.34,  0.00,  328018731,  174061000,  154054000,  340679819, c++, iotlab1, sing, 8
1727828.exe ,  6.52,  2.61,  2.48,  0.34,  0.00,  327513710,  160353000,  167368000,  340803159, c++, iotlab1, sing, 8
1727828.exe ,  6.47,  2.60,  2.47,  0.34,  0.00,  326315066,  151233000,  175270000,  339150010, c++, iotlab1, sing, 8
1727828.exe ,  6.45,  2.59,  2.47,  0.34,  0.00,  327213763,  160170000,  167178000,  340119388, c++, iotlab1, sing, 8
1727828.exe ,  6.54,  2.62,  2.49,  0.34,  0.00,  328638704,  159918000,  168913000,  341624091, c++, iotlab1, sing, 8
1727828.exe ,  6.57,  2.62,  2.49,  0.34,  0.00,  328076439,  167140000,  161135000,  341660391, c++, iotlab1, sing, 8
1727828.exe ,  6.51,  2.61,  2.48,  0.34,  0.00,  327414348,  165229000,  162225000,  340330759, c++, iotlab1, sing, 8
1727828.exe ,  6.53,  2.61,  2.48,  0.34,  0.00,  327416463,  173319000,  154284000,  340027657, c++, iotlab1, sing, 8
176146.exe  ,  2.98,  1.25,  1.20,  0.08,  0.00,  157939388,  157031000,    1006000,  170444631, c++, iotlab1, sing, 8
176146.exe  ,  2.97,  1.24,  1.19,  0.08,  0.00,  156299851,  153386000,    3007000,  169933565, c++, iotlab1, sing, 8
176146.exe  ,  2.98,  1.25,  1.20,  0.08,  0.00,  156179890,  155274000,    1001000,  169572902, c++, iotlab1, sing, 8
176146.exe  ,  2.97,  1.24,  1.20,  0.08,  0.00,  156433828,  155493000,    1003000,  169346892, c++, iotlab1, sing, 8
176146.exe  ,  2.98,  1.25,  1.20,  0.08,  0.00,  155766966,  155799000,          0,  169248634, c++, iotlab1, sing, 8
176146.exe  ,  2.99,  1.24,  1.19,  0.08,  0.00,  155451361,  155450000,          0,  168117914, c++, iotlab1, sing, 8
176146.exe  ,  2.99,  1.24,  1.19,  0.08,  0.00,  155927734,  154020000,    2000000,  168778905, c++, iotlab1, sing, 8
176146.exe  ,  2.97,  1.24,  1.20,  0.08,  0.00,  156026066,  153074000,    3001000,  168752063, c++, iotlab1, sing, 8
176146.exe  ,  2.98,  1.24,  1.19,  0.08,  0.00,  155449125,  154496000,    1003000,  168132913, c++, iotlab1, sing, 8
176146.exe  ,  3.01,  1.23,  1.19,  0.08,  0.00,  155741180,  155724000,          0,  169202389, c++, iotlab1, sing, 8
1910626.exe ,  2.80,  1.17,  1.12,  0.08,  0.00,  146276867,  142342000,    4009000,  158747655, c++, iotlab1, sing, 8
1910626.exe ,  2.80,  1.14,  1.09,  0.08,  0.00,  148560201,  142618000,    5983000,  162314634, c++, iotlab1, sing, 8
1910626.exe ,  2.77,  1.14,  1.10,  0.08,  0.00,  148366864,  145439000,    3009000,  161615229, c++, iotlab1, sing, 8
1910626.exe ,  2.79,  1.17,  1.12,  0.08,  0.00,  146905461,  141980000,    4999000,  159667125, c++, iotlab1, sing, 8
1910626.exe ,  2.75,  1.15,  1.11,  0.08,  0.00,  146357104,  143426000,    3008000,  159322159, c++, iotlab1, sing, 8
1910626.exe ,  2.78,  1.17,  1.12,  0.08,  0.00,  146948109,  143994000,    2999000,  160617774, c++, iotlab1, sing, 8
1910626.exe ,  2.81,  1.17,  1.12,  0.08,  0.00,  147004521,  141082000,    6003000,  160516624, c++, iotlab1, sing, 8
1910626.exe ,  2.78,  1.16,  1.11,  0.08,  0.00,  146065928,  141122000,    5004000,  158761350, c++, iotlab1, sing, 8
1910626.exe ,  2.81,  1.16,  1.11,  0.08,  0.00,  147519757,  144618000,    2992000,  160267628, c++, iotlab1, sing, 8
1910626.exe ,  2.80,  1.16,  1.11,  0.08,  0.00,  147300753,  144363000,    3007000,  160004588, c++, iotlab1, sing, 8
1953417.exe ,  1.88,  0.77,  0.74,  0.05,  0.00,   99901907,   94886000,    4942000,  113002309, c++, iotlab1, sing, 8
1953417.exe ,  1.93,  0.79,  0.76,  0.05,  0.00,   98700765,   95754000,    2992000,  111725458, c++, iotlab1, sing, 8
1953417.exe ,  1.88,  0.78,  0.75,  0.05,  0.00,   98947605,   95984000,    2999000,  112422867, c++, iotlab1, sing, 8
1953417.exe ,  1.95,  0.79,  0.76,  0.05,  0.00,   98772802,   95813000,    2994000,  112052748, c++, iotlab1, sing, 8
1953417.exe ,  1.89,  0.78,  0.75,  0.05,  0.00,   99107149,   97151000,    2003000,  111790337, c++, iotlab1, sing, 8
1953417.exe ,  1.89,  0.79,  0.76,  0.05,  0.00,   98968774,   95010000,    4000000,  111778121, c++, iotlab1, sing, 8
1953417.exe ,  1.89,  0.77,  0.74,  0.06,  0.00,  100803887,   96862000,    3994000,  113857773, c++, iotlab1, sing, 8
1953417.exe ,  1.89,  0.78,  0.74,  0.06,  0.00,  100795153,   97792000,    2993000,  114044553, c++, iotlab1, sing, 8
1953417.exe ,  1.91,  0.79,  0.76,  0.05,  0.00,   99898325,   97820000,    2016000,  112687946, c++, iotlab1, sing, 8
1953417.exe ,  1.87,  0.79,  0.76,  0.05,  0.00,   99610165,   98656000,    1006000,  112516199, c++, iotlab1, sing, 8
2004438.exe ,  3.04,  1.26,  1.21,  0.08,  0.00,  158750250,  153837000,    4994000,  171618438, c++, iotlab1, sing, 8
2004438.exe ,  3.00,  1.23,  1.18,  0.08,  0.00,  161477810,  157529000,    4013000,  174965684, c++, iotlab1, sing, 8
2004438.exe ,  3.00,  1.24,  1.20,  0.08,  0.00,  161142069,  157199000,    4005000,  174083286, c++, iotlab1, sing, 8
2004438.exe ,  3.02,  1.27,  1.22,  0.08,  0.00,  160096787,  155161000,    5005000,  173286686, c++, iotlab1, sing, 8
2004438.exe ,  3.01,  1.23,  1.19,  0.08,  0.00,  161189840,  156252000,    5008000,  174761358, c++, iotlab1, sing, 8
2004438.exe ,  3.02,  1.27,  1.22,  0.08,  0.00,  158766031,  157830000,     998000,  171496901, c++, iotlab1, sing, 8
2004438.exe ,  3.00,  1.26,  1.21,  0.08,  0.00,  158653345,  157695000,    1004000,  171514785, c++, iotlab1, sing, 8
2004438.exe ,  3.01,  1.26,  1.21,  0.08,  0.00,  158055161,  153112000,    5003000,  171036309, c++, iotlab1, sing, 8
2004438.exe ,  3.04,  1.26,  1.21,  0.08,  0.00,  159118735,  156199000,    3003000,  171954235, c++, iotlab1, sing, 8
2004438.exe ,  3.03,  1.26,  1.21,  0.08,  0.00,  158697467,  156764000,    1997000,  172219986, c++, iotlab1, sing, 8
202443.exe  ,  2.85,  1.18,  1.13,  0.08,  0.00,  147346973,  145302000,    2004000,  159982949, c++, iotlab1, sing, 8
202443.exe  ,  2.83,  1.17,  1.13,  0.08,  0.00,  148420019,  148449000,          0,  161332112, c++, iotlab1, sing, 8
202443.exe  ,  2.83,  1.17,  1.13,  0.08,  0.00,  147461682,  145529000,    1993000,  160313249, c++, iotlab1, sing, 8
202443.exe  ,  2.85,  1.18,  1.13,  0.08,  0.00,  149924508,  146994000,    2999000,  162603495, c++, iotlab1, sing, 8
202443.exe  ,  2.83,  1.18,  1.13,  0.08,  0.00,  147574887,  143649000,    3990000,  161016043, c++, iotlab1, sing, 8
202443.exe  ,  2.82,  1.18,  1.13,  0.08,  0.00,  147231936,  145247000,    2003000,  160724019, c++, iotlab1, sing, 8
202443.exe  ,  2.81,  1.18,  1.13,  0.08,  0.00,  148109735,  146167000,    2002000,  160886255, c++, iotlab1, sing, 8
202443.exe  ,  2.84,  1.18,  1.12,  0.08,  0.00,  149070574,  147108000,    2001000,  161859288, c++, iotlab1, sing, 8
202443.exe  ,  2.82,  1.18,  1.13,  0.08,  0.00,  147758133,  144818000,    2996000,  160213379, c++, iotlab1, sing, 8
202443.exe  ,  2.84,  1.18,  1.13,  0.08,  0.00,  149303676,  147357000,    2004000,  161999664, c++, iotlab1, sing, 8
2046266.exe ,  2.69,  1.12,  1.08,  0.08,  0.00,  141947170,  138909000,    3019000,  154978968, c++, iotlab1, sing, 8
2046266.exe ,  2.69,  1.09,  1.04,  0.08,  0.00,  145068029,  143117000,    2001000,  158520525, c++, iotlab1, sing, 8
2046266.exe ,  2.67,  1.10,  1.06,  0.08,  0.00,  144052227,  141116000,    3002000,  157186848, c++, iotlab1, sing, 8
2046266.exe ,  2.69,  1.12,  1.08,  0.08,  0.00,  141945754,  137998000,    3999000,  155642218, c++, iotlab1, sing, 8
2046266.exe ,  2.68,  1.12,  1.08,  0.08,  0.00,  142140360,  138207000,    4006000,  155008057, c++, iotlab1, sing, 8
2046266.exe ,  2.69,  1.12,  1.08,  0.07,  0.00,  142822824,  137808000,    4993000,  155606471, c++, iotlab1, sing, 8
2046266.exe ,  2.69,  1.10,  1.05,  0.08,  0.00,  143644237,  140704000,    2993000,  156755100, c++, iotlab1, sing, 8
2046266.exe ,  2.67,  1.11,  1.08,  0.07,  0.00,  140382091,  137428000,    3009000,  153628153, c++, iotlab1, sing, 8
2046266.exe ,  2.73,  1.13,  1.08,  0.08,  0.00,  142944392,  140010000,    3000000,  156811945, c++, iotlab1, sing, 8
2046266.exe ,  2.74,  1.12,  1.08,  0.07,  0.00,  141517378,  137561000,    4016000,  154957168, c++, iotlab1, sing, 8
2084242.exe ,  2.76,  1.14,  1.10,  0.08,  0.00,  148095966,  145145000,    3003000,  161199529, c++, iotlab1, sing, 8
2084242.exe ,  2.79,  1.16,  1.11,  0.08,  0.00,  145648285,  142713000,    3015000,  159045596, c++, iotlab1, sing, 8
2084242.exe ,  2.77,  1.15,  1.10,  0.08,  0.00,  147521837,  142549000,    5019000,  161028759, c++, iotlab1, sing, 8
2084242.exe ,  2.77,  1.16,  1.12,  0.08,  0.00,  145956340,  140000000,    6000000,  158778569, c++, iotlab1, sing, 8
2084242.exe ,  2.76,  1.15,  1.10,  0.08,  0.00,  147046973,  141986000,    4999000,  160486854, c++, iotlab1, sing, 8
2084242.exe ,  2.78,  1.16,  1.12,  0.08,  0.00,  145931414,  138897000,    6994000,  158539691, c++, iotlab1, sing, 8
2084242.exe ,  2.76,  1.15,  1.11,  0.08,  0.00,  145185814,  143214000,    2002000,  158403432, c++, iotlab1, sing, 8
2084242.exe ,  2.78,  1.16,  1.12,  0.08,  0.00,  145679644,  140736000,    4990000,  158610196, c++, iotlab1, sing, 8
2084242.exe ,  2.77,  1.17,  1.12,  0.08,  0.00,  145834878,  139817000,    5992000,  159227012, c++, iotlab1, sing, 8
2084242.exe ,  2.76,  1.16,  1.12,  0.08,  0.00,  146292917,  143372000,    2986000,  159774938, c++, iotlab1, sing, 8
2307838.exe ,  1.98,  0.77,  0.73,  0.12,  0.00,   96603395,   90550000,    5970000,  109514793, c++, iotlab1, sing, 8
2307838.exe ,  2.06,  0.79,  0.75,  0.14,  0.00,   98610086,   95557000,    2986000,  112572906, c++, iotlab1, sing, 8
2307838.exe ,  1.97,  0.77,  0.74,  0.12,  0.00,   96684050,   92655000,    3985000,  110043275, c++, iotlab1, sing, 8
2307838.exe ,  1.97,  0.76,  0.73,  0.12,  0.00,   96508478,   92539000,    3980000,  109678492, c++, iotlab1, sing, 8
2307838.exe ,  1.97,  0.75,  0.72,  0.12,  0.00,   97728877,   92767000,    4987000,  111266754, c++, iotlab1, sing, 8
2307838.exe ,  2.00,  0.77,  0.73,  0.12,  0.00,   95901973,   92889000,    3028000,  109174074, c++, iotlab1, sing, 8
2307838.exe ,  1.97,  0.77,  0.73,  0.12,  0.00,   96199959,   93216000,    3006000,  108768372, c++, iotlab1, sing, 8
2307838.exe ,  1.99,  0.75,  0.71,  0.12,  0.00,   96432186,   89501000,    6961000,  109939545, c++, iotlab1, sing, 8
2307838.exe ,  1.95,  0.75,  0.71,  0.12,  0.00,   96104716,   91127000,    5007000,  109362138, c++, iotlab1, sing, 8
2307838.exe ,  1.98,  0.77,  0.73,  0.12,  0.00,   95942183,   91957000,    3998000,  108657969, c++, iotlab1, sing, 8
2337463.exe ,  2.13,  0.89,  0.86,  0.06,  0.00,  111173122,  100170000,   11018000,  124251176, c++, iotlab1, sing, 8
2337463.exe ,  2.17,  0.89,  0.86,  0.06,  0.00,  111661867,   99659000,   11959000,  124403886, c++, iotlab1, sing, 8
2337463.exe ,  2.11,  0.87,  0.84,  0.06,  0.00,  111906868,  100945000,   10994000,  125408701, c++, iotlab1, sing, 8
2337463.exe ,  2.17,  0.89,  0.85,  0.07,  0.00,  111044136,  103052000,    8004000,  123774294, c++, iotlab1, sing, 8
2337463.exe ,  2.13,  0.89,  0.85,  0.06,  0.00,  110567683,  102626000,    7970000,  124112707, c++, iotlab1, sing, 8
2337463.exe ,  2.14,  0.89,  0.85,  0.06,  0.00,  110492105,  100437000,   10043000,  123894860, c++, iotlab1, sing, 8
2337463.exe ,  2.13,  0.87,  0.84,  0.07,  0.00,  111849040,   98019000,   13861000,  125341654, c++, iotlab1, sing, 8
2337463.exe ,  2.12,  0.86,  0.83,  0.07,  0.00,  112996209,   99161000,   13882000,  126599766, c++, iotlab1, sing, 8
2337463.exe ,  2.13,  0.89,  0.85,  0.06,  0.00,  111040969,   99047000,   12005000,  124590214, c++, iotlab1, sing, 8
2337463.exe ,  2.13,  0.88,  0.85,  0.06,  0.00,  111884176,  100924000,   10991000,  124847715, c++, iotlab1, sing, 8
2409014.exe ,  2.92,  1.22,  1.17,  0.08,  0.00,  156313144,  152368000,    3983000,  169869902, c++, iotlab1, sing, 8
2409014.exe ,  2.92,  1.24,  1.18,  0.08,  0.00,  155361051,  148325000,    7015000,  169396471, c++, iotlab1, sing, 8
2409014.exe ,  2.93,  1.22,  1.17,  0.08,  0.00,  156375681,  153419000,    3008000,  169670856, c++, iotlab1, sing, 8
2409014.exe ,  2.91,  1.23,  1.19,  0.08,  0.00,  155193947,  150228000,    5007000,  167946104, c++, iotlab1, sing, 8
2409014.exe ,  2.90,  1.22,  1.18,  0.08,  0.00,  155556878,  148561000,    6979000,  168287044, c++, iotlab1, sing, 8
2409014.exe ,  2.92,  1.23,  1.19,  0.08,  0.00,  155174151,  151203000,    4005000,  168071412, c++, iotlab1, sing, 8
2409014.exe ,  2.96,  1.24,  1.19,  0.08,  0.00,  155140800,  151172000,    4004000,  168010761, c++, iotlab1, sing, 8
2409014.exe ,  2.94,  1.24,  1.19,  0.08,  0.00,  155114572,  152147000,    3002000,  167881328, c++, iotlab1, sing, 8
2409014.exe ,  2.93,  1.23,  1.18,  0.08,  0.00,  154609942,  152647000,    2008000,  167397768, c++, iotlab1, sing, 8
2409014.exe ,  2.94,  1.24,  1.19,  0.08,  0.00,  155490210,  149545000,    5981000,  168292767, c++, iotlab1, sing, 8
2451062.exe ,  2.93,  1.21,  1.17,  0.08,  0.00,  155126343,  150073000,    5002000,  167869770, c++, iotlab1, sing, 8
2451062.exe ,  2.91,  1.21,  1.17,  0.08,  0.00,  154372084,  151403000,    3008000,  167921773, c++, iotlab1, sing, 8
2451062.exe ,  2.94,  1.20,  1.15,  0.08,  0.00,  155497276,  149493000,    6019000,  168732403, c++, iotlab1, sing, 8
2451062.exe ,  2.90,  1.20,  1.15,  0.08,  0.00,  154219420,  148289000,    5971000,  167150755, c++, iotlab1, sing, 8
2451062.exe ,  2.91,  1.23,  1.18,  0.08,  0.00,  153548874,  150573000,    3011000,  166618127, c++, iotlab1, sing, 8
2451062.exe ,  2.92,  1.22,  1.17,  0.08,  0.00,  154015316,  150048000,    4001000,  166692715, c++, iotlab1, sing, 8
2451062.exe ,  2.92,  1.21,  1.16,  0.08,  0.00,  153885596,  149896000,    4024000,  166748434, c++, iotlab1, sing, 8
2451062.exe ,  2.92,  1.19,  1.14,  0.08,  0.00,  157881837,  155926000,    1999000,  171856841, c++, iotlab1, sing, 8
2451062.exe ,  2.92,  1.23,  1.18,  0.08,  0.00,  154215237,  151172000,    3003000,  167680444, c++, iotlab1, sing, 8
2451062.exe ,  2.89,  1.23,  1.18,  0.08,  0.00,  154065939,  149036000,    5001000,  167507855, c++, iotlab1, sing, 8
2516802.exe ,  3.08,  1.28,  1.23,  0.09,  0.00,  162692336,  155676000,    7030000,  176798277, c++, iotlab1, sing, 8
2516802.exe ,  3.06,  1.26,  1.21,  0.09,  0.00,  163705165,  153761000,    9984000,  177399778, c++, iotlab1, sing, 8
2516802.exe ,  3.08,  1.28,  1.24,  0.09,  0.00,  161412233,  155329000,    6051000,  174503231, c++, iotlab1, sing, 8
2516802.exe ,  3.05,  1.28,  1.24,  0.09,  0.00,  162240015,  154266000,    8013000,  175487443, c++, iotlab1, sing, 8
2516802.exe ,  3.06,  1.26,  1.22,  0.09,  0.00,  163747319,  155791000,    7989000,  177406939, c++, iotlab1, sing, 8
2516802.exe ,  3.06,  1.27,  1.22,  0.09,  0.00,  162966297,  154993000,    7999000,  175835115, c++, iotlab1, sing, 8
2516802.exe ,  3.05,  1.28,  1.23,  0.09,  0.00,  161022687,  152064000,    9003000,  174533259, c++, iotlab1, sing, 8
2516802.exe ,  3.06,  1.28,  1.23,  0.09,  0.00,  160753621,  151780000,    8987000,  173639443, c++, iotlab1, sing, 8
2516802.exe ,  3.04,  1.26,  1.22,  0.09,  0.00,  161949674,  153951000,    7997000,  174688395, c++, iotlab1, sing, 8
2516802.exe ,  3.04,  1.27,  1.23,  0.09,  0.00,  162123878,  151234000,   11017000,  175353921, c++, iotlab1, sing, 8
2534515.exe ,  2.04,  0.85,  0.83,  0.06,  0.00,  107739264,  104676000,    2990000,  121301351, c++, iotlab1, sing, 8
2534515.exe ,  2.06,  0.85,  0.81,  0.06,  0.00,  108311859,  104321000,    4012000,  121182296, c++, iotlab1, sing, 8
2534515.exe ,  2.05,  0.86,  0.82,  0.06,  0.00,  107625076,  102589000,    5028000,  121364359, c++, iotlab1, sing, 8
2534515.exe ,  2.04,  0.86,  0.82,  0.06,  0.00,  107535394,  102592000,    4980000,  120631422, c++, iotlab1, sing, 8
2534515.exe ,  2.04,  0.86,  0.83,  0.06,  0.00,  107937055,  104929000,    2969000,  121109287, c++, iotlab1, sing, 8
2534515.exe ,  2.04,  0.85,  0.81,  0.06,  0.00,  108162155,  103169000,    5008000,  121761220, c++, iotlab1, sing, 8
2534515.exe ,  2.05,  0.85,  0.82,  0.06,  0.00,  108147619,  103164000,    5007000,  120773800, c++, iotlab1, sing, 8
2534515.exe ,  2.04,  0.84,  0.82,  0.06,  0.00,  108360721,  103410000,    4971000,  121611199, c++, iotlab1, sing, 8
2534515.exe ,  2.05,  0.86,  0.83,  0.06,  0.00,  107776057,  101793000,    5987000,  120736177, c++, iotlab1, sing, 8
2534515.exe ,  2.05,  0.84,  0.82,  0.06,  0.00,  108538077,  103568000,    4979000,  121298537, c++, iotlab1, sing, 8
2538223.exe ,  3.20,  1.35,  1.30,  0.09,  0.00,  172134679,  171148000,    1006000,  185318708, c++, iotlab1, sing, 8
2538223.exe ,  3.19,  1.33,  1.29,  0.09,  0.00,  172447491,  171464000,    1002000,  185630573, c++, iotlab1, sing, 8
2538223.exe ,  3.22,  1.36,  1.31,  0.09,  0.00,  169907954,  165946000,    3998000,  183277724, c++, iotlab1, sing, 8
2538223.exe ,  3.24,  1.35,  1.30,  0.09,  0.00,  171150563,  169099000,    2001000,  184595887, c++, iotlab1, sing, 8
2538223.exe ,  3.24,  1.35,  1.30,  0.09,  0.00,  170282207,  167276000,    3004000,  183188359, c++, iotlab1, sing, 8
2538223.exe ,  3.20,  1.35,  1.29,  0.09,  0.00,  169150731,  167164000,    2001000,  181832404, c++, iotlab1, sing, 8
2538223.exe ,  3.20,  1.33,  1.28,  0.09,  0.00,  172046432,  168092000,    4002000,  185397523, c++, iotlab1, sing, 8
2538223.exe ,  3.19,  1.35,  1.30,  0.09,  0.00,  170820168,  168852000,    2010000,  183709166, c++, iotlab1, sing, 8
2538223.exe ,  3.19,  1.37,  1.31,  0.09,  0.00,  171528087,  169558000,    2006000,  184441905, c++, iotlab1, sing, 8
2538223.exe ,  3.18,  1.36,  1.31,  0.09,  0.00,  172165985,  169198000,    3003000,  185005198, c++, iotlab1, sing, 8
2838507.exe ,  1.52,  0.65,  0.63,  0.04,  0.00,   81517225,   75472000,    5958000,   94147460, c++, iotlab1, sing, 8
2838507.exe ,  1.55,  0.64,  0.61,  0.05,  0.00,   82443004,   77381000,    5024000,   96388959, c++, iotlab1, sing, 8
2838507.exe ,  1.52,  0.64,  0.61,  0.04,  0.00,   81290157,   76230000,    5015000,   94523716, c++, iotlab1, sing, 8
2838507.exe ,  1.54,  0.65,  0.63,  0.05,  0.00,   81614444,   76581000,    4972000,   94381411, c++, iotlab1, sing, 8
2838507.exe ,  1.53,  0.64,  0.62,  0.04,  0.00,   81420116,   75391000,    5951000,   94213004, c++, iotlab1, sing, 8
2838507.exe ,  1.61,  0.65,  0.63,  0.05,  0.00,   82068279,   75064000,    7006000,   94962642, c++, iotlab1, sing, 8
2838507.exe ,  1.70,  0.57,  0.53,  0.06,  0.00,  102766786,   93860000,    8986000,  125806439, c++, iotlab1, sing, 8
2838507.exe ,  1.55,  0.63,  0.60,  0.05,  0.00,   84613459,   79527000,    5033000,   98611810, c++, iotlab1, sing, 8
2838507.exe ,  1.53,  0.64,  0.62,  0.04,  0.00,   81204255,   76187000,    5012000,   94287316, c++, iotlab1, sing, 8
2838507.exe ,  1.52,  0.65,  0.62,  0.04,  0.00,   80968440,   75978000,    4998000,   95020104, c++, iotlab1, sing, 8
2970400.exe ,  5.69,  2.40,  2.30,  0.15,  0.00,  299540989,  296603000,    3006000,  313111681, c++, iotlab1, sing, 8
2970400.exe ,  5.71,  2.39,  2.30,  0.16,  0.00,  302826792,  297902000,    4998000,  317066616, c++, iotlab1, sing, 8
2970400.exe ,  5.71,  2.41,  2.31,  0.15,  0.00,  301452895,  298454000,    3004000,  314394362, c++, iotlab1, sing, 8
2970400.exe ,  5.68,  2.40,  2.31,  0.15,  0.00,  300942954,  293888000,    7021000,  314293871, c++, iotlab1, sing, 8
2970400.exe ,  5.70,  2.39,  2.30,  0.15,  0.00,  300475054,  295536000,    4992000,  314099838, c++, iotlab1, sing, 8
2970400.exe ,  5.68,  2.40,  2.31,  0.15,  0.00,  301225613,  296271000,    5004000,  314014382, c++, iotlab1, sing, 8
2970400.exe ,  5.67,  2.39,  2.31,  0.15,  0.00,  300708183,  297671000,    2996000,  313698099, c++, iotlab1, sing, 8
2970400.exe ,  5.69,  2.41,  2.31,  0.15,  0.00,  301407313,  296379000,    5006000,  314232443, c++, iotlab1, sing, 8
2970400.exe ,  5.70,  2.41,  2.31,  0.15,  0.00,  301197544,  296265000,    4987000,  314316021, c++, iotlab1, sing, 8
2970400.exe ,  5.74,  2.41,  2.31,  0.15,  0.00,  301324612,  295359000,    6007000,  314085511, c++, iotlab1, sing, 8
2992391.exe ,  2.67,  1.14,  1.10,  0.07,  0.00,  143295279,  142288000,    1002000,  157116152, c++, iotlab1, sing, 8
2992391.exe ,  2.68,  1.10,  1.06,  0.07,  0.00,  145126921,  143048000,    2000000,  159105275, c++, iotlab1, sing, 8
2992391.exe ,  2.67,  1.11,  1.07,  0.07,  0.00,  143171064,  140195000,    3004000,  155837142, c++, iotlab1, sing, 8
2992391.exe ,  2.67,  1.12,  1.08,  0.07,  0.00,  141117765,  139130000,    2001000,  154627440, c++, iotlab1, sing, 8
2992391.exe ,  2.69,  1.11,  1.07,  0.07,  0.00,  143880345,  141894000,    2012000,  157415549, c++, iotlab1, sing, 8
2992391.exe ,  2.68,  1.12,  1.08,  0.07,  0.00,  142233199,  140231000,    2003000,  155016528, c++, iotlab1, sing, 8
2992391.exe ,  2.65,  1.10,  1.06,  0.07,  0.00,  144367126,  143394000,    1002000,  157912417, c++, iotlab1, sing, 8
2992391.exe ,  2.69,  1.13,  1.09,  0.07,  0.00,  141673780,  137711000,    3991000,  154486688, c++, iotlab1, sing, 8
2992391.exe ,  2.69,  1.13,  1.09,  0.07,  0.00,  142881295,  139936000,    2977000,  156000748, c++, iotlab1, sing, 8
2992391.exe ,  2.66,  1.12,  1.08,  0.07,  0.00,  142239632,  141246000,    1001000,  155024900, c++, iotlab1, sing, 8
3079464.exe ,  2.68,  1.12,  1.08,  0.07,  0.00,  145446658,  141503000,    3986000,  159654623, c++, iotlab1, sing, 8
3079464.exe ,  2.71,  1.15,  1.10,  0.07,  0.00,  144663803,  142687000,    2009000,  158322579, c++, iotlab1, sing, 8
3079464.exe ,  2.70,  1.11,  1.08,  0.08,  0.00,  145536344,  140571000,    4984000,  158367082, c++, iotlab1, sing, 8
3079464.exe ,  2.73,  1.14,  1.09,  0.08,  0.00,  144654410,  142686000,    1995000,  157366526, c++, iotlab1, sing, 8
3079464.exe ,  2.73,  1.14,  1.09,  0.08,  0.00,  145644149,  143671000,    2009000,  158222560, c++, iotlab1, sing, 8
3079464.exe ,  2.75,  1.14,  1.10,  0.07,  0.00,  143654643,  143678000,          0,  156498900, c++, iotlab1, sing, 8
3079464.exe ,  2.72,  1.13,  1.09,  0.07,  0.00,  145727367,  142556000,    2990000,  158523314, c++, iotlab1, sing, 8
3079464.exe ,  2.75,  1.13,  1.08,  0.08,  0.00,  145722977,  142748000,    2994000,  158473070, c++, iotlab1, sing, 8
3079464.exe ,  2.80,  1.14,  1.10,  0.08,  0.00,  145056728,  143069000,    2000000,  157806356, c++, iotlab1, sing, 8
3079464.exe ,  2.71,  1.12,  1.08,  0.07,  0.00,  144941784,  141943000,    3020000,  157485120, c++, iotlab1, sing, 8
3229339.exe ,  1.94,  0.81,  0.78,  0.06,  0.00,  102276460,   98269000,    4011000,  115463210, c++, iotlab1, sing, 8
3229339.exe ,  1.94,  0.81,  0.78,  0.06,  0.00,  102013647,  100005000,    2020000,  115127924, c++, iotlab1, sing, 8
3229339.exe ,  1.94,  0.81,  0.78,  0.06,  0.00,  102719413,   97656000,    4982000,  116270056, c++, iotlab1, sing, 8
3229339.exe ,  1.94,  0.81,  0.78,  0.06,  0.00,  101936180,   95834000,    5989000,  114688789, c++, iotlab1, sing, 8
3229339.exe ,  1.93,  0.81,  0.78,  0.06,  0.00,  102301659,   97292000,    5015000,  114911201, c++, iotlab1, sing, 8
3229339.exe ,  1.95,  0.81,  0.78,  0.06,  0.00,  102376823,   98319000,    4013000,  115184375, c++, iotlab1, sing, 8
3229339.exe ,  1.94,  0.81,  0.79,  0.06,  0.00,  102518390,   99399000,    3012000,  115327663, c++, iotlab1, sing, 8
3229339.exe ,  1.96,  0.80,  0.77,  0.06,  0.00,  103650262,   98619000,    5031000,  116625109, c++, iotlab1, sing, 8
3229339.exe ,  1.93,  0.79,  0.77,  0.06,  0.00,  104404157,   99458000,    4972000,  118086611, c++, iotlab1, sing, 8
3229339.exe ,  1.94,  0.81,  0.78,  0.06,  0.00,  102066553,   96964000,    4998000,  114724714, c++, iotlab1, sing, 8
3370629.exe ,  2.91,  1.22,  1.18,  0.08,  0.00,  156277290,  153282000,    3005000,  169858798, c++, iotlab1, sing, 8
3370629.exe ,  2.97,  1.23,  1.19,  0.08,  0.00,  156620438,  151667000,    4989000,  170007021, c++, iotlab1, sing, 8
3370629.exe ,  3.04,  1.21,  1.16,  0.08,  0.00,  158252577,  151269000,    7012000,  172035171, c++, iotlab1, sing, 8
3370629.exe ,  2.94,  1.22,  1.18,  0.08,  0.00,  156449731,  153445000,    3008000,  169157796, c++, iotlab1, sing, 8
3370629.exe ,  2.93,  1.23,  1.19,  0.08,  0.00,  155397921,  153401000,    2005000,  168941659, c++, iotlab1, sing, 8
3370629.exe ,  2.92,  1.22,  1.18,  0.08,  0.00,  157367886,  153410000,    3984000,  170619398, c++, iotlab1, sing, 8
3370629.exe ,  2.95,  1.22,  1.17,  0.08,  0.00,  158901543,  152922000,    5996000,  172158941, c++, iotlab1, sing, 8
3370629.exe ,  2.94,  1.25,  1.20,  0.08,  0.00,  156684827,  151697000,    4990000,  169524724, c++, iotlab1, sing, 8
3370629.exe ,  2.92,  1.23,  1.19,  0.08,  0.00,  156255729,  153278000,    3005000,  169436429, c++, iotlab1, sing, 8
3370629.exe ,  2.93,  1.24,  1.19,  0.08,  0.00,  157278123,  152300000,    5009000,  170008702, c++, iotlab1, sing, 8
3372074.exe ,  1.96,  0.81,  0.78,  0.06,  0.00,  104065780,   98004000,    6000000,  117254151, c++, iotlab1, sing, 8
3372074.exe ,  1.97,  0.83,  0.79,  0.06,  0.00,  103543633,   98474000,    4973000,  116474591, c++, iotlab1, sing, 8
3372074.exe ,  1.94,  0.81,  0.78,  0.05,  0.00,  102608898,  100609000,    2012000,  115359074, c++, iotlab1, sing, 8
3372074.exe ,  1.97,  0.82,  0.78,  0.06,  0.00,  102135129,  101134000,    1001000,  114976118, c++, iotlab1, sing, 8
3372074.exe ,  1.95,  0.82,  0.78,  0.06,  0.00,  102507737,   98487000,    4019000,  115858225, c++, iotlab1, sing, 8
3372074.exe ,  1.94,  0.80,  0.77,  0.06,  0.00,  103040600,  100004000,    3030000,  116146060, c++, iotlab1, sing, 8
3372074.exe ,  1.95,  0.79,  0.76,  0.06,  0.00,  103982626,   98989000,    4999000,  117479454, c++, iotlab1, sing, 8
3372074.exe ,  1.96,  0.82,  0.78,  0.06,  0.00,  102740305,   98584000,    3983000,  115363501, c++, iotlab1, sing, 8
3372074.exe ,  1.95,  0.81,  0.79,  0.06,  0.00,  102247403,   96303000,    5956000,  114998268, c++, iotlab1, sing, 8
3372074.exe ,  1.94,  0.81,  0.78,  0.06,  0.00,  102121285,   99115000,    3003000,  114883407, c++, iotlab1, sing, 8
3375350.exe ,  6.25,  2.64,  2.53,  0.17,  0.00,  330199804,  319147000,   11005000,  342952012, c++, iotlab1, sing, 8
3375350.exe ,  6.24,  2.64,  2.54,  0.17,  0.00,  330893605,  320864000,    9995000,  343941559, c++, iotlab1, sing, 8
3375350.exe ,  6.28,  2.65,  2.54,  0.17,  0.00,  331686928,  320604000,   11020000,  344622343, c++, iotlab1, sing, 8
3375350.exe ,  6.20,  2.64,  2.53,  0.17,  0.00,  330303221,  321358000,    8982000,  343317433, c++, iotlab1, sing, 8
3375350.exe ,  6.19,  2.63,  2.53,  0.17,  0.00,  329385793,  316454000,   12977000,  343196303, c++, iotlab1, sing, 8
3375350.exe ,  6.18,  2.62,  2.52,  0.17,  0.00,  328910321,  319964000,    8999000,  341796935, c++, iotlab1, sing, 8
3375350.exe ,  6.24,  2.63,  2.53,  0.17,  0.00,  329807686,  317862000,   11957000,  342599655, c++, iotlab1, sing, 8
3375350.exe ,  6.28,  2.62,  2.52,  0.17,  0.00,  328628265,  320653000,    8016000,  341504904, c++, iotlab1, sing, 8
3375350.exe ,  6.23,  2.62,  2.52,  0.17,  0.00,  328806198,  316857000,   11994000,  341695559, c++, iotlab1, sing, 8
3375350.exe ,  6.18,  2.63,  2.53,  0.17,  0.00,  329905242,  321939000,    7998000,  343290505, c++, iotlab1, sing, 8
3385679.exe ,  5.78,  2.16,  2.01,  0.48,  0.00,  270162784,  263200000,    7005000,  283704462, c++, iotlab1, sing, 8
3385679.exe ,  5.86,  2.17,  2.03,  0.48,  0.00,  272972131,  263046000,    9963000,  286636729, c++, iotlab1, sing, 8
3385679.exe ,  5.80,  2.16,  2.02,  0.48,  0.00,  271942133,  262935000,    9032000,  285535313, c++, iotlab1, sing, 8
3385679.exe ,  5.77,  2.15,  2.01,  0.48,  0.00,  270200580,  260262000,    9971000,  282945866, c++, iotlab1, sing, 8
3385679.exe ,  5.80,  2.16,  2.03,  0.48,  0.00,  272767220,  264726000,    8022000,  285749573, c++, iotlab1, sing, 8
3385679.exe ,  5.82,  2.17,  2.03,  0.49,  0.00,  272239065,  263255000,    9008000,  285484704, c++, iotlab1, sing, 8
3385679.exe ,  5.81,  2.17,  2.03,  0.48,  0.00,  272169486,  263195000,    9006000,  285600431, c++, iotlab1, sing, 8
3385679.exe ,  5.84,  2.17,  2.03,  0.49,  0.00,  272768465,  261794000,   10991000,  285702935, c++, iotlab1, sing, 8
3385679.exe ,  5.81,  2.16,  2.01,  0.48,  0.00,  272409270,  260455000,   11974000,  285434854, c++, iotlab1, sing, 8
3385679.exe ,  5.77,  2.15,  2.01,  0.48,  0.00,  270263917,  260283000,   10010000,  283498340, c++, iotlab1, sing, 8
3422843.exe ,  7.07,  2.92,  2.80,  0.19,  0.00,  366108580,  361152000,    5002000,  378756172, c++, iotlab1, sing, 8
3422843.exe ,  7.11,  2.90,  2.79,  0.19,  0.00,  364104055,  357146000,    7002000,  376757374, c++, iotlab1, sing, 8
3422843.exe ,  7.00,  2.92,  2.80,  0.19,  0.00,  366028780,  359057000,    7001000,  378889327, c++, iotlab1, sing, 8
3422843.exe ,  6.96,  2.91,  2.80,  0.19,  0.00,  365311550,  358291000,    6986000,  378387514, c++, iotlab1, sing, 8
3422843.exe ,  6.95,  2.91,  2.80,  0.19,  0.00,  364939204,  358935000,    5998000,  378108716, c++, iotlab1, sing, 8
3422843.exe ,  6.90,  2.89,  2.79,  0.19,  0.00,  363482807,  360547000,    2996000,  376370457, c++, iotlab1, sing, 8
3422843.exe ,  6.88,  2.92,  2.81,  0.19,  0.00,  365924678,  357903000,    7997000,  379609237, c++, iotlab1, sing, 8
3422843.exe ,  6.89,  2.93,  2.81,  0.19,  0.00,  366649918,  360638000,    5993000,  379697343, c++, iotlab1, sing, 8
3422843.exe ,  6.91,  2.92,  2.81,  0.19,  0.00,  366324997,  362375000,    4004000,  379186511, c++, iotlab1, sing, 8
3422843.exe ,  6.94,  2.92,  2.81,  0.19,  0.00,  369263095,  365275000,    3992000,  382869704, c++, iotlab1, sing, 8
3424191.exe ,  2.72,  1.14,  1.10,  0.07,  0.00,  143634826,  138657000,    4987000,  156984177, c++, iotlab1, sing, 8
3424191.exe ,  2.70,  1.14,  1.10,  0.07,  0.00,  143163920,  138168000,    5006000,  155761387, c++, iotlab1, sing, 8
3424191.exe ,  2.72,  1.13,  1.09,  0.07,  0.00,  142422574,  138429000,    4012000,  156243779, c++, iotlab1, sing, 8
3424191.exe ,  2.72,  1.11,  1.06,  0.08,  0.00,  146684338,  146670000,          0,  159749314, c++, iotlab1, sing, 8
3424191.exe ,  2.69,  1.13,  1.09,  0.07,  0.00,  142792673,  140726000,    1996000,  155681968, c++, iotlab1, sing, 8
3424191.exe ,  2.70,  1.11,  1.07,  0.07,  0.00,  145033798,  143926000,    1006000,  158426142, c++, iotlab1, sing, 8
3424191.exe ,  2.72,  1.13,  1.09,  0.07,  0.00,  142010179,  138028000,    4000000,  154587138, c++, iotlab1, sing, 8
3424191.exe ,  2.71,  1.12,  1.08,  0.07,  0.00,  143693953,  141733000,    1996000,  156758238, c++, iotlab1, sing, 8
3424191.exe ,  2.71,  1.09,  1.05,  0.08,  0.00,  149069289,  148090000,    1000000,  162645871, c++, iotlab1, sing, 8
3424191.exe ,  2.70,  1.12,  1.08,  0.07,  0.00,  142656340,  140591000,    1994000,  155416048, c++, iotlab1, sing, 8
3425234.exe ,  2.77,  1.15,  1.11,  0.08,  0.00,  145405167,  143426000,    2005000,  158916464, c++, iotlab1, sing, 8
3425234.exe ,  2.75,  1.11,  1.07,  0.08,  0.00,  148400936,  143411000,    5014000,  161931872, c++, iotlab1, sing, 8
3425234.exe ,  2.75,  1.14,  1.09,  0.08,  0.00,  145726489,  139733000,    5988000,  158604455, c++, iotlab1, sing, 8
3425234.exe ,  2.76,  1.15,  1.11,  0.08,  0.00,  144806010,  141820000,    2996000,  157906788, c++, iotlab1, sing, 8
3425234.exe ,  2.73,  1.15,  1.11,  0.08,  0.00,  144774486,  138777000,    5990000,  158296512, c++, iotlab1, sing, 8
3425234.exe ,  2.74,  1.13,  1.09,  0.08,  0.00,  147251679,  143254000,    4007000,  160749588, c++, iotlab1, sing, 8
3425234.exe ,  2.76,  1.16,  1.11,  0.08,  0.00,  144809871,  144840000,          0,  158348250, c++, iotlab1, sing, 8
3425234.exe ,  2.75,  1.16,  1.11,  0.08,  0.00,  144998878,  140019000,    5000000,  158608993, c++, iotlab1, sing, 8
3425234.exe ,  2.76,  1.14,  1.10,  0.08,  0.00,  145802920,  140830000,    4993000,  158954017, c++, iotlab1, sing, 8
3425234.exe ,  2.73,  1.14,  1.11,  0.08,  0.00,  144873646,  142868000,    2012000,  157598220, c++, iotlab1, sing, 8
3428138.exe ,  2.70,  1.13,  1.09,  0.07,  0.00,  142693038,  140640000,    1994000,  156163364, c++, iotlab1, sing, 8
3428138.exe ,  2.80,  1.12,  1.08,  0.07,  0.00,  144163878,  142181000,    2002000,  157422157, c++, iotlab1, sing, 8
3428138.exe ,  2.73,  1.14,  1.10,  0.07,  0.00,  142808277,  138801000,    4023000,  155901465, c++, iotlab1, sing, 8
3428138.exe ,  2.71,  1.12,  1.07,  0.07,  0.00,  145181331,  142167000,    2982000,  158729093, c++, iotlab1, sing, 8
3428138.exe ,  2.73,  1.13,  1.08,  0.07,  0.00,  142866247,  139753000,    2994000,  155383569, c++, iotlab1, sing, 8
3428138.exe ,  2.71,  1.13,  1.09,  0.07,  0.00,  141586875,  139607000,    1994000,  155064258, c++, iotlab1, sing, 8
3428138.exe ,  2.71,  1.13,  1.09,  0.07,  0.00,  143341736,  139351000,    4010000,  156794982, c++, iotlab1, sing, 8
3428138.exe ,  2.74,  1.14,  1.09,  0.07,  0.00,  142366323,  141368000,    1002000,  155097581, c++, iotlab1, sing, 8
3428138.exe ,  2.71,  1.14,  1.10,  0.07,  0.00,  142954675,  140944000,    2013000,  156328536, c++, iotlab1, sing, 8
3428138.exe ,  2.72,  1.13,  1.09,  0.07,  0.00,  142576473,  139592000,    2991000,  155518656, c++, iotlab1, sing, 8
3523688.exe ,  3.39,  1.41,  1.36,  0.09,  0.00,  178305078,  174348000,    3985000,  191763918, c++, iotlab1, sing, 8
3523688.exe ,  3.35,  1.40,  1.36,  0.09,  0.00,  177636218,  172668000,    4990000,  190471008, c++, iotlab1, sing, 8
3523688.exe ,  3.39,  1.41,  1.35,  0.09,  0.00,  179024965,  176038000,    3000000,  191710759, c++, iotlab1, sing, 8
3523688.exe ,  3.40,  1.40,  1.34,  0.10,  0.00,  180570629,  176566000,    4012000,  194397885, c++, iotlab1, sing, 8
3523688.exe ,  3.37,  1.42,  1.37,  0.09,  0.00,  178397729,  174317000,    4007000,  191574454, c++, iotlab1, sing, 8
3523688.exe ,  3.39,  1.41,  1.36,  0.09,  0.00,  177862397,  171885000,    5996000,  191023190, c++, iotlab1, sing, 8
3523688.exe ,  3.39,  1.41,  1.35,  0.09,  0.00,  177462653,  172490000,    4985000,  191009015, c++, iotlab1, sing, 8
3523688.exe ,  3.39,  1.39,  1.34,  0.09,  0.00,  180131781,  175186000,    4976000,  193910207, c++, iotlab1, sing, 8
3523688.exe ,  3.39,  1.42,  1.35,  0.09,  0.00,  178190671,  175194000,    3003000,  191504044, c++, iotlab1, sing, 8
3523688.exe ,  3.36,  1.39,  1.34,  0.09,  0.00,  178664426,  176664000,    2007000,  191500547, c++, iotlab1, sing, 8
3529361.exe ,  1.97,  0.82,  0.80,  0.06,  0.00,  104786611,  102781000,    2015000,  117591220, c++, iotlab1, sing, 8
3529361.exe ,  1.99,  0.82,  0.79,  0.06,  0.00,  102967578,  100971000,    1999000,  115972251, c++, iotlab1, sing, 8
3529361.exe ,  1.99,  0.82,  0.79,  0.06,  0.00,  104633791,   99662000,    4983000,  117757734, c++, iotlab1, sing, 8
3529361.exe ,  1.98,  0.83,  0.80,  0.06,  0.00,  103890575,  101867000,    1997000,  117149989, c++, iotlab1, sing, 8
3529361.exe ,  2.05,  0.83,  0.80,  0.06,  0.00,  103605646,   98621000,    4980000,  116645513, c++, iotlab1, sing, 8
3529361.exe ,  1.98,  0.82,  0.79,  0.06,  0.00,  103898080,   99894000,    3995000,  116703808, c++, iotlab1, sing, 8
3529361.exe ,  1.97,  0.82,  0.80,  0.06,  0.00,  104407615,  100381000,    3975000,  118044565, c++, iotlab1, sing, 8
3529361.exe ,  1.98,  0.82,  0.79,  0.06,  0.00,  104986803,   99998000,    4999000,  118225440, c++, iotlab1, sing, 8
3529361.exe ,  1.99,  0.83,  0.79,  0.06,  0.00,  103340499,  100286000,    3008000,  116972521, c++, iotlab1, sing, 8
3529361.exe ,  1.98,  0.82,  0.79,  0.06,  0.00,  103212018,   98206000,    5010000,  116053688, c++, iotlab1, sing, 8
3661212.exe ,  2.94,  1.23,  1.18,  0.08,  0.00,  156109269,  152150000,    3977000,  168597857, c++, iotlab1, sing, 8
3661212.exe ,  2.95,  1.23,  1.18,  0.08,  0.00,  155138808,  151159000,    4004000,  167633636, c++, iotlab1, sing, 8
3661212.exe ,  2.96,  1.22,  1.17,  0.08,  0.00,  155538461,  153520000,    2006000,  168213060, c++, iotlab1, sing, 8
3661212.exe ,  2.97,  1.23,  1.18,  0.08,  0.00,  155683382,  151713000,    3992000,  168687857, c++, iotlab1, sing, 8
3661212.exe ,  2.95,  1.22,  1.18,  0.08,  0.00,  156177694,  152202000,    4005000,  169042417, c++, iotlab1, sing, 8
3661212.exe ,  2.96,  1.24,  1.19,  0.08,  0.00,  155442178,  152454000,    3008000,  168709010, c++, iotlab1, sing, 8
3661212.exe ,  2.96,  1.23,  1.18,  0.08,  0.00,  156953352,  152965000,    3999000,  169800991, c++, iotlab1, sing, 8
3661212.exe ,  2.95,  1.23,  1.19,  0.08,  0.00,  156851273,  150830000,    5993000,  169800996, c++, iotlab1, sing, 8
3661212.exe ,  3.00,  1.21,  1.17,  0.08,  0.00,  157990272,  155994000,    1999000,  171645928, c++, iotlab1, sing, 8
3661212.exe ,  2.96,  1.22,  1.18,  0.08,  0.00,  154821607,  149892000,    4963000,  168393123, c++, iotlab1, sing, 8
3663182.exe ,  2.74,  1.13,  1.08,  0.08,  0.00,  145558655,  144576000,    1004000,  158775850, c++, iotlab1, sing, 8
3663182.exe ,  2.74,  1.14,  1.10,  0.08,  0.00,  143378315,  138349000,    5012000,  156841483, c++, iotlab1, sing, 8
3663182.exe ,  2.75,  1.15,  1.10,  0.08,  0.00,  143475972,  139503000,    3985000,  156709162, c++, iotlab1, sing, 8
3663182.exe ,  2.73,  1.13,  1.09,  0.08,  0.00,  144433026,  141440000,    3009000,  157377133, c++, iotlab1, sing, 8
3663182.exe ,  2.75,  1.15,  1.11,  0.08,  0.00,  144611547,  140606000,    4017000,  157311364, c++, iotlab1, sing, 8
3663182.exe ,  2.74,  1.14,  1.10,  0.08,  0.00,  145393954,  139381000,    5973000,  158989043, c++, iotlab1, sing, 8
3663182.exe ,  2.76,  1.15,  1.11,  0.08,  0.00,  143920899,  138867000,    4995000,  157469051, c++, iotlab1, sing, 8
3663182.exe ,  2.75,  1.15,  1.10,  0.08,  0.00,  143368751,  139313000,    3980000,  156176207, c++, iotlab1, sing, 8
3663182.exe ,  2.75,  1.14,  1.10,  0.08,  0.00,  143479419,  140397000,    3008000,  156192166, c++, iotlab1, sing, 8
3663182.exe ,  2.76,  1.14,  1.10,  0.08,  0.00,  143904315,  139917000,    3997000,  156411356, c++, iotlab1, sing, 8
3760856.exe ,  2.96,  1.22,  1.17,  0.08,  0.00,  157354326,  152343000,    5011000,  171186010, c++, iotlab1, sing, 8
3760856.exe ,  2.93,  1.23,  1.19,  0.08,  0.00,  155591031,  150614000,    4987000,  169143465, c++, iotlab1, sing, 8
3760856.exe ,  2.95,  1.23,  1.19,  0.08,  0.00,  155418861,  153420000,    2005000,  168257725, c++, iotlab1, sing, 8
3760856.exe ,  2.93,  1.23,  1.19,  0.08,  0.00,  154952582,  149950000,    4998000,  167938870, c++, iotlab1, sing, 8
3760856.exe ,  2.95,  1.23,  1.19,  0.08,  0.00,  154642536,  151641000,    3012000,  168200760, c++, iotlab1, sing, 8
3760856.exe ,  2.95,  1.23,  1.19,  0.08,  0.00,  155163535,  151172000,    4004000,  168343533, c++, iotlab1, sing, 8
3760856.exe ,  2.96,  1.21,  1.16,  0.08,  0.00,  156990790,  154010000,    3000000,  170573625, c++, iotlab1, sing, 8
3760856.exe ,  2.95,  1.24,  1.20,  0.08,  0.00,  155826604,  150845000,    4994000,  169132429, c++, iotlab1, sing, 8
3760856.exe ,  2.94,  1.24,  1.19,  0.08,  0.00,  154587146,  148609000,    5984000,  168306134, c++, iotlab1, sing, 8
3760856.exe ,  2.96,  1.23,  1.18,  0.08,  0.00,  156121620,  152128000,    4003000,  169754257, c++, iotlab1, sing, 8
3881005.exe ,  2.83,  1.18,  1.14,  0.08,  0.00,  149080115,  146082000,    3001000,  161717999, c++, iotlab1, sing, 8
3881005.exe ,  2.83,  1.15,  1.10,  0.08,  0.00,  153327602,  150340000,    3006000,  166865576, c++, iotlab1, sing, 8
3881005.exe ,  2.84,  1.19,  1.14,  0.08,  0.00,  149056838,  148058000,    1007000,  162328736, c++, iotlab1, sing, 8
3881005.exe ,  2.85,  1.16,  1.12,  0.08,  0.00,  152270585,  149269000,    3005000,  165366626, c++, iotlab1, sing, 8
3881005.exe ,  2.82,  1.18,  1.13,  0.08,  0.00,  150267483,  147278000,    3005000,  162926763, c++, iotlab1, sing, 8
3881005.exe ,  2.86,  1.15,  1.10,  0.08,  0.00,  155721806,  153625000,    1995000,  169275296, c++, iotlab1, sing, 8
3881005.exe ,  2.84,  1.20,  1.15,  0.08,  0.00,  149625672,  146573000,    2991000,  163488078, c++, iotlab1, sing, 8
3881005.exe ,  2.84,  1.19,  1.15,  0.08,  0.00,  149660854,  147543000,    2007000,  162310216, c++, iotlab1, sing, 8
3881005.exe ,  2.83,  1.18,  1.14,  0.08,  0.00,  150030843,  146968000,    2999000,  162810366, c++, iotlab1, sing, 8
3881005.exe ,  2.85,  1.18,  1.14,  0.08,  0.00,  148811379,  145834000,    2996000,  161836216, c++, iotlab1, sing, 8
3883785.exe ,  2.59,  1.09,  1.05,  0.07,  0.00,  136226266,  133206000,    3004000,  149745686, c++, iotlab1, sing, 8
3883785.exe ,  2.60,  1.09,  1.05,  0.07,  0.00,  136909672,  131924000,    4997000,  150089485, c++, iotlab1, sing, 8
3883785.exe ,  2.61,  1.09,  1.05,  0.07,  0.00,  137048419,  133068000,    4002000,  150548285, c++, iotlab1, sing, 8
3883785.exe ,  2.60,  1.09,  1.05,  0.07,  0.00,  136646196,  130671000,    5984000,  150231368, c++, iotlab1, sing, 8
3883785.exe ,  2.61,  1.09,  1.05,  0.07,  0.00,  136334356,  132249000,    4007000,  149073403, c++, iotlab1, sing, 8
3883785.exe ,  2.60,  1.09,  1.05,  0.07,  0.00,  137366111,  133371000,    4011000,  150213687, c++, iotlab1, sing, 8
3883785.exe ,  2.61,  1.10,  1.06,  0.07,  0.00,  137862543,  134871000,    2997000,  150671801, c++, iotlab1, sing, 8
3883785.exe ,  2.60,  1.09,  1.05,  0.07,  0.00,  136791582,  131730000,    5027000,  149799887, c++, iotlab1, sing, 8
3883785.exe ,  2.59,  1.08,  1.03,  0.07,  0.00,  138772031,  134795000,    3993000,  152374169, c++, iotlab1, sing, 8
3883785.exe ,  2.61,  1.10,  1.05,  0.07,  0.00,  137617928,  135617000,    2009000,  150480083, c++, iotlab1, sing, 8
3994586.exe ,  1.98,  0.75,  0.71,  0.13,  0.00,   94361976,   88213000,    6014000,  107594080, c++, iotlab1, sing, 8
3994586.exe ,  1.98,  0.73,  0.69,  0.13,  0.00,   95409827,   89305000,    6020000,  109783463, c++, iotlab1, sing, 8
3994586.exe ,  1.91,  0.73,  0.70,  0.12,  0.00,   91971237,   89976000,    1999000,  106240254, c++, iotlab1, sing, 8
3994586.exe ,  1.89,  0.74,  0.70,  0.12,  0.00,   92142100,   87117000,    5006000,  105915997, c++, iotlab1, sing, 8
3994586.exe ,  1.90,  0.73,  0.70,  0.12,  0.00,   92349724,   86382000,    5957000,  105576792, c++, iotlab1, sing, 8
3994586.exe ,  1.87,  0.72,  0.69,  0.12,  0.00,   91148958,   89141000,    2003000,  104107473, c++, iotlab1, sing, 8
3994586.exe ,  1.88,  0.72,  0.68,  0.12,  0.00,   92942247,   87835000,    5048000,  106778395, c++, iotlab1, sing, 8
3994586.exe ,  1.88,  0.71,  0.68,  0.12,  0.00,   93258186,   89184000,    4008000,  106869712, c++, iotlab1, sing, 8
3994586.exe ,  1.87,  0.72,  0.68,  0.12,  0.00,   92017851,   86983000,    4999000,  105249144, c++, iotlab1, sing, 8
3994586.exe ,  1.88,  0.73,  0.69,  0.12,  0.00,   91844457,   86832000,    4990000,  104640071, c++, iotlab1, sing, 8
4184640.exe ,  2.30,  0.96,  0.92,  0.07,  0.00,  120788805,  116797000,    3993000,  133636396, c++, iotlab1, sing, 8
4184640.exe ,  2.28,  0.96,  0.93,  0.07,  0.00,  120947083,  116874000,    3995000,  134467492, c++, iotlab1, sing, 8
4184640.exe ,  2.28,  0.94,  0.90,  0.07,  0.00,  124095364,  121081000,    3027000,  137956832, c++, iotlab1, sing, 8
4184640.exe ,  2.30,  0.96,  0.92,  0.07,  0.00,  121422822,  117370000,    3978000,  135041470, c++, iotlab1, sing, 8
4184640.exe ,  2.29,  0.96,  0.93,  0.07,  0.00,  120905731,  117807000,    2995000,  133934067, c++, iotlab1, sing, 8
4184640.exe ,  2.30,  0.96,  0.92,  0.07,  0.00,  121830344,  117840000,    3994000,  134619238, c++, iotlab1, sing, 8
4184640.exe ,  2.28,  0.96,  0.93,  0.07,  0.00,  120596866,  117610000,    3015000,  133864005, c++, iotlab1, sing, 8
4184640.exe ,  2.28,  0.94,  0.90,  0.07,  0.00,  122565000,  117591000,    4982000,  136161761, c++, iotlab1, sing, 8
4184640.exe ,  2.29,  0.96,  0.93,  0.07,  0.00,  121343614,  116331000,    5014000,  134173728, c++, iotlab1, sing, 8
4184640.exe ,  2.30,  0.97,  0.93,  0.07,  0.00,  120596963,  117593000,    3015000,  134313946, c++, iotlab1, sing, 8
4212368.exe ,  2.75,  1.16,  1.11,  0.07,  0.00,  144167969,  141173000,    3003000,  157290684, c++, iotlab1, sing, 8
4212368.exe ,  2.73,  1.12,  1.08,  0.08,  0.00,  146938153,  143952000,    2999000,  160417808, c++, iotlab1, sing, 8
4212368.exe ,  2.72,  1.14,  1.10,  0.07,  0.00,  144541871,  141566000,    2990000,  157176932, c++, iotlab1, sing, 8
4212368.exe ,  2.72,  1.14,  1.10,  0.07,  0.00,  144260531,  142265000,    2003000,  157092184, c++, iotlab1, sing, 8
4212368.exe ,  2.72,  1.15,  1.10,  0.07,  0.00,  143979349,  142904000,     999000,  156679208, c++, iotlab1, sing, 8
4212368.exe ,  2.72,  1.14,  1.10,  0.07,  0.00,  144224229,  142174000,    2002000,  156962143, c++, iotlab1, sing, 8
4212368.exe ,  2.73,  1.12,  1.08,  0.07,  0.00,  146378602,  144380000,    2005000,  159876059, c++, iotlab1, sing, 8
4212368.exe ,  2.71,  1.15,  1.11,  0.07,  0.00,  144298246,  140326000,    3980000,  157748652, c++, iotlab1, sing, 8
4212368.exe ,  2.70,  1.14,  1.10,  0.07,  0.00,  144200036,  142189000,    2002000,  157483412, c++, iotlab1, sing, 8
4212368.exe ,  2.74,  1.14,  1.10,  0.07,  0.00,  143654282,  142669000,    1004000,  156284893, c++, iotlab1, sing, 8
421866.exe  ,  2.91,  1.18,  1.13,  0.08,  0.00,  156859152,  152899000,    3971000,  170548899, c++, iotlab1, sing, 8
421866.exe  ,  2.91,  1.23,  1.18,  0.08,  0.00,  153141098,  148143000,    5004000,  166140262, c++, iotlab1, sing, 8
421866.exe  ,  2.91,  1.22,  1.17,  0.08,  0.00,  152987775,  147996000,    4999000,  165786293, c++, iotlab1, sing, 8
421866.exe  ,  2.93,  1.23,  1.18,  0.08,  0.00,  153891693,  148821000,    4994000,  167129053, c++, iotlab1, sing, 8
421866.exe  ,  2.90,  1.22,  1.17,  0.08,  0.00,  153218520,  149194000,    4005000,  166113924, c++, iotlab1, sing, 8
421866.exe  ,  2.94,  1.23,  1.17,  0.08,  0.00,  153476020,  146375000,    6970000,  166710627, c++, iotlab1, sing, 8
421866.exe  ,  2.90,  1.21,  1.17,  0.08,  0.00,  153498882,  148468000,    5015000,  166248659, c++, iotlab1, sing, 8
421866.exe  ,  2.91,  1.22,  1.17,  0.08,  0.00,  152724690,  145741000,    6987000,  165939558, c++, iotlab1, sing, 8
421866.exe  ,  2.92,  1.21,  1.16,  0.08,  0.00,  153726381,  147732000,    5989000,  167048923, c++, iotlab1, sing, 8
421866.exe  ,  2.91,  1.22,  1.17,  0.08,  0.00,  152715756,  146690000,    5987000,  166013302, c++, iotlab1, sing, 8
424396.exe  ,  2.89,  1.21,  1.16,  0.08,  0.00,  152784409,  150790000,    2010000,  167058713, c++, iotlab1, sing, 8
424396.exe  ,  2.91,  1.16,  1.11,  0.08,  0.00,  158692207,  152713000,    5988000,  172765121, c++, iotlab1, sing, 8
424396.exe  ,  2.89,  1.18,  1.14,  0.08,  0.00,  155030649,  150034000,    5001000,  169139788, c++, iotlab1, sing, 8
424396.exe  ,  2.88,  1.21,  1.17,  0.08,  0.00,  152754689,  145700000,    6985000,  166314273, c++, iotlab1, sing, 8
424396.exe  ,  2.91,  1.21,  1.16,  0.08,  0.00,  152863034,  148867000,    3996000,  165725454, c++, iotlab1, sing, 8
424396.exe  ,  2.91,  1.21,  1.17,  0.08,  0.00,  152883093,  145891000,    6994000,  165499923, c++, iotlab1, sing, 8
424396.exe  ,  2.89,  1.22,  1.17,  0.08,  0.00,  152933996,  149915000,    3018000,  165758778, c++, iotlab1, sing, 8
424396.exe  ,  2.92,  1.22,  1.17,  0.08,  0.00,  153426751,  148458000,    4981000,  166278846, c++, iotlab1, sing, 8
424396.exe  ,  2.91,  1.21,  1.17,  0.08,  0.00,  152330068,  148320000,    4008000,  165129521, c++, iotlab1, sing, 8
424396.exe  ,  2.92,  1.22,  1.17,  0.08,  0.00,  153727930,  146743000,    6987000,  166902290, c++, iotlab1, sing, 8
4448337.exe ,  2.67,  1.10,  1.07,  0.07,  0.00,  141441446,  139440000,    2006000,  155248189, c++, iotlab1, sing, 8
4448337.exe ,  2.69,  1.09,  1.05,  0.07,  0.00,  143067589,  141015000,    2000000,  156672910, c++, iotlab1, sing, 8
4448337.exe ,  2.67,  1.10,  1.07,  0.07,  0.00,  140725743,  136747000,    3992000,  153976387, c++, iotlab1, sing, 8
4448337.exe ,  2.69,  1.11,  1.07,  0.07,  0.00,  140059227,  137058000,    3001000,  152751492, c++, iotlab1, sing, 8
4448337.exe ,  2.68,  1.11,  1.07,  0.07,  0.00,  140936759,  137952000,    2998000,  154183328, c++, iotlab1, sing, 8
4448337.exe ,  2.69,  1.11,  1.07,  0.07,  0.00,  140550150,  137558000,    2990000,  153924194, c++, iotlab1, sing, 8
4448337.exe ,  2.69,  1.10,  1.05,  0.07,  0.00,  141673061,  138651000,    2992000,  155107261, c++, iotlab1, sing, 8
4448337.exe ,  2.67,  1.10,  1.07,  0.07,  0.00,  139626352,  136570000,    2990000,  152313783, c++, iotlab1, sing, 8
4448337.exe ,  2.70,  1.12,  1.07,  0.07,  0.00,  140330494,  135365000,    4976000,  153193960, c++, iotlab1, sing, 8
4448337.exe ,  2.68,  1.11,  1.07,  0.07,  0.00,  140446248,  140386000,          0,  153333176, c++, iotlab1, sing, 8
4492853.exe ,  2.79,  1.14,  1.10,  0.08,  0.00,  151504413,  149514000,    2006000,  165457206, c++, iotlab1, sing, 8
4492853.exe ,  2.79,  1.18,  1.14,  0.08,  0.00,  147967684,  145940000,    1999000,  161470054, c++, iotlab1, sing, 8
4492853.exe ,  2.81,  1.18,  1.13,  0.08,  0.00,  147587635,  144595000,    2991000,  160975482, c++, iotlab1, sing, 8
4492853.exe ,  2.86,  1.18,  1.13,  0.08,  0.00,  150767118,  147788000,    2995000,  163660567, c++, iotlab1, sing, 8
4492853.exe ,  2.86,  1.18,  1.13,  0.08,  0.00,  147342405,  144354000,    3007000,  160239339, c++, iotlab1, sing, 8
4492853.exe ,  2.83,  1.18,  1.13,  0.08,  0.00,  147907867,  145834000,    2011000,  161311485, c++, iotlab1, sing, 8
4492853.exe ,  2.84,  1.19,  1.13,  0.08,  0.00,  148587480,  147403000,    1002000,  161435710, c++, iotlab1, sing, 8
4492853.exe ,  2.82,  1.17,  1.13,  0.08,  0.00,  147440066,  145432000,    2005000,  160361917, c++, iotlab1, sing, 8
4492853.exe ,  2.84,  1.19,  1.13,  0.08,  0.00,  148515943,  144437000,    3984000,  161283599, c++, iotlab1, sing, 8
4492853.exe ,  2.81,  1.15,  1.10,  0.08,  0.00,  151397033,  149401000,    2005000,  164980086, c++, iotlab1, sing, 8
4504170.exe ,  5.50,  2.29,  2.21,  0.15,  0.00,  290761792,  279790000,   10991000,  303900264, c++, iotlab1, sing, 8
4504170.exe ,  5.57,  2.32,  2.23,  0.15,  0.00,  290798633,  282790000,    8022000,  304338201, c++, iotlab1, sing, 8
4504170.exe ,  5.54,  2.31,  2.23,  0.15,  0.00,  290406936,  281310000,    9009000,  303388896, c++, iotlab1, sing, 8
4504170.exe ,  5.54,  2.31,  2.22,  0.15,  0.00,  289362677,  283376000,    6007000,  302023631, c++, iotlab1, sing, 8
4504170.exe ,  5.53,  2.30,  2.22,  0.15,  0.00,  293514889,  282509000,   11019000,  307251279, c++, iotlab1, sing, 8
4504170.exe ,  5.49,  2.30,  2.21,  0.15,  0.00,  289458335,  280437000,    9014000,  302190223, c++, iotlab1, sing, 8
4504170.exe ,  5.49,  2.31,  2.22,  0.15,  0.00,  289569747,  280601000,    8987000,  302369061, c++, iotlab1, sing, 8
4504170.exe ,  5.49,  2.30,  2.21,  0.15,  0.00,  288782402,  279746000,    8959000,  301327309, c++, iotlab1, sing, 8
4504170.exe ,  5.49,  2.29,  2.20,  0.15,  0.00,  290855364,  281852000,    8995000,  304420118, c++, iotlab1, sing, 8
4504170.exe ,  5.49,  2.31,  2.22,  0.15,  0.00,  289394119,  279426000,    9979000,  302689790, c++, iotlab1, sing, 8
4549023.exe ,  7.01,  2.78,  2.64,  0.37,  0.00,  349393212,  192223000,  157182000,  362936769, c++, iotlab1, sing, 8
4549023.exe ,  7.04,  2.78,  2.65,  0.37,  0.00,  348987503,  200954000,  147966000,  362476201, c++, iotlab1, sing, 8
4549023.exe ,  6.92,  2.77,  2.63,  0.37,  0.00,  347306033,  201140000,  146101000,  360531004, c++, iotlab1, sing, 8
4549023.exe ,  6.95,  2.77,  2.64,  0.37,  0.00,  348675454,  209770000,  138847000,  361323272, c++, iotlab1, sing, 8
4549023.exe ,  6.93,  2.74,  2.61,  0.37,  0.00,  351275997,  186153000,  165136000,  365178978, c++, iotlab1, sing, 8
4549023.exe ,  6.91,  2.76,  2.62,  0.36,  0.00,  345546080,  187157000,  158133000,  358379589, c++, iotlab1, sing, 8
4549023.exe ,  6.93,  2.76,  2.63,  0.37,  0.00,  346660675,  200402000,  146293000,  359415759, c++, iotlab1, sing, 8
4549023.exe ,  6.90,  2.74,  2.60,  0.37,  0.00,  348252524,  198150000,  150113000,  361829965, c++, iotlab1, sing, 8
4549023.exe ,  6.99,  2.75,  2.61,  0.37,  0.00,  349140459,  208100000,  141067000,  361957092, c++, iotlab1, sing, 8
4549023.exe ,  7.04,  2.77,  2.64,  0.37,  0.00,  348233725,  197581000,  150680000,  361723173, c++, iotlab1, sing, 8
4742667.exe ,  2.80,  1.14,  1.09,  0.08,  0.00,  147633634,  143661000,    3990000,  160703996, c++, iotlab1, sing, 8
4742667.exe ,  2.78,  1.14,  1.10,  0.08,  0.00,  146026290,  141996000,    4028000,  158942615, c++, iotlab1, sing, 8
4742667.exe ,  2.76,  1.15,  1.11,  0.08,  0.00,  146230612,  140238000,    6010000,  158964237, c++, iotlab1, sing, 8
4742667.exe ,  2.89,  1.17,  1.13,  0.08,  0.00,  147208477,  143206000,    4005000,  159997565, c++, iotlab1, sing, 8
4742667.exe ,  2.79,  1.15,  1.10,  0.07,  0.00,  145096312,  140103000,    5003000,  158893583, c++, iotlab1, sing, 8
4742667.exe ,  2.77,  1.15,  1.11,  0.07,  0.00,  144682241,  141696000,    2993000,  158231645, c++, iotlab1, sing, 8
4742667.exe ,  2.77,  1.15,  1.11,  0.07,  0.00,  145285627,  140257000,    5009000,  157972608, c++, iotlab1, sing, 8
4742667.exe ,  2.76,  1.15,  1.10,  0.07,  0.00,  145644565,  140654000,    4987000,  158357992, c++, iotlab1, sing, 8
4742667.exe ,  2.76,  1.15,  1.10,  0.07,  0.00,  147181912,  146104000,    1000000,  160419279, c++, iotlab1, sing, 8
4742667.exe ,  2.77,  1.15,  1.10,  0.08,  0.00,  146980024,  146994000,          0,  160177784, c++, iotlab1, sing, 8
4782128.exe ,  2.95,  1.23,  1.19,  0.08,  0.00,  155034407,  150049000,    5001000,  167626998, c++, iotlab1, sing, 8
4782128.exe ,  2.97,  1.24,  1.19,  0.08,  0.00,  156131887,  152141000,    4003000,  168710875, c++, iotlab1, sing, 8
4782128.exe ,  2.95,  1.23,  1.19,  0.08,  0.00,  155931171,  151937000,    3998000,  168505129, c++, iotlab1, sing, 8
4782128.exe ,  2.98,  1.24,  1.19,  0.08,  0.00,  155554531,  149576000,    5983000,  168465235, c++, iotlab1, sing, 8
4782128.exe ,  2.97,  1.23,  1.18,  0.08,  0.00,  156509166,  150540000,    5981000,  169188904, c++, iotlab1, sing, 8
4782128.exe ,  2.96,  1.24,  1.20,  0.08,  0.00,  156265171,  151040000,    5001000,  170133207, c++, iotlab1, sing, 8
4782128.exe ,  2.95,  1.22,  1.18,  0.08,  0.00,  155224667,  152204000,    3004000,  167913943, c++, iotlab1, sing, 8
4782128.exe ,  3.00,  1.24,  1.20,  0.08,  0.00,  156464788,  153419000,    3008000,  169150902, c++, iotlab1, sing, 8
4782128.exe ,  2.95,  1.24,  1.20,  0.08,  0.00,  156543973,  153558000,    2991000,  169306852, c++, iotlab1, sing, 8
4782128.exe ,  2.96,  1.24,  1.20,  0.08,  0.00,  156046324,  151007000,    5000000,  169848392, c++, iotlab1, sing, 8
4828917.exe ,  8.43,  3.38,  3.23,  0.41,  0.00,  424727125,  237421000,  187332000,  438031803, c++, iotlab1, sing, 8
4828917.exe ,  8.33,  3.36,  3.21,  0.41,  0.00,  421863320,  230928000,  190941000,  434819860, c++, iotlab1, sing, 8
4828917.exe ,  8.35,  3.35,  3.20,  0.41,  0.00,  421635611,  220341000,  201311000,  434532942, c++, iotlab1, sing, 8
4828917.exe ,  8.38,  3.34,  3.19,  0.41,  0.00,  420443826,  232702000,  187759000,  433346962, c++, iotlab1, sing, 8
4828917.exe ,  8.39,  3.35,  3.20,  0.41,  0.00,  420748144,  236841000,  183877000,  433429204, c++, iotlab1, sing, 8
4828917.exe ,  8.43,  3.37,  3.21,  0.41,  0.00,  422561642,  230690000,  191742000,  435427427, c++, iotlab1, sing, 8
4828917.exe ,  8.38,  3.32,  3.17,  0.41,  0.00,  420204672,  231533000,  188619000,  433790138, c++, iotlab1, sing, 8
4828917.exe ,  8.42,  3.36,  3.21,  0.41,  0.00,  421632382,  223286000,  198254000,  434479923, c++, iotlab1, sing, 8
4828917.exe ,  8.45,  3.36,  3.21,  0.41,  0.00,  421821765,  227431000,  194368000,  434727782, c++, iotlab1, sing, 8
4828917.exe ,  8.46,  3.35,  3.21,  0.41,  0.00,  421473110,  228270000,  193228000,  434125370, c++, iotlab1, sing, 8
483031.exe  ,  2.02,  0.77,  0.73,  0.13,  0.00,   97053568,   92024000,    5001000,  109786773, c++, iotlab1, sing, 8
483031.exe  ,  1.97,  0.76,  0.72,  0.12,  0.00,   96000672,   91921000,    3996000,  108494099, c++, iotlab1, sing, 8
483031.exe  ,  1.96,  0.76,  0.73,  0.12,  0.00,   95471454,   91473000,    3977000,  108882674, c++, iotlab1, sing, 8
483031.exe  ,  1.97,  0.75,  0.71,  0.12,  0.00,   97104988,   94104000,    3003000,  110733280, c++, iotlab1, sing, 8
483031.exe  ,  1.96,  0.76,  0.72,  0.12,  0.00,   95353159,   92336000,    3010000,  109057902, c++, iotlab1, sing, 8
483031.exe  ,  1.98,  0.76,  0.72,  0.12,  0.00,   95491657,   91454000,    3976000,  108007267, c++, iotlab1, sing, 8
483031.exe  ,  2.00,  0.76,  0.73,  0.12,  0.00,   96046197,   90028000,    5935000,  108887102, c++, iotlab1, sing, 8
483031.exe  ,  1.99,  0.76,  0.73,  0.12,  0.00,   96614754,   92582000,    4025000,  109515946, c++, iotlab1, sing, 8
483031.exe  ,  1.99,  0.78,  0.73,  0.13,  0.00,   96189277,   90116000,    6007000,  109382822, c++, iotlab1, sing, 8
483031.exe  ,  2.00,  0.78,  0.73,  0.13,  0.00,   96296449,   90343000,    5956000,  109949619, c++, iotlab1, sing, 8
5172847.exe ,  2.85,  1.19,  1.14,  0.08,  0.00,  149653475,  144666000,    4988000,  163046125, c++, iotlab1, sing, 8
5172847.exe ,  2.86,  1.19,  1.15,  0.08,  0.00,  149569340,  146588000,    2991000,  163095905, c++, iotlab1, sing, 8
5172847.exe ,  2.94,  1.16,  1.12,  0.08,  0.00,  151532538,  148515000,    2990000,  165395284, c++, iotlab1, sing, 8
5172847.exe ,  2.89,  1.18,  1.14,  0.08,  0.00,  148639824,  146553000,    2007000,  161366602, c++, iotlab1, sing, 8
5172847.exe ,  2.86,  1.18,  1.14,  0.08,  0.00,  150039209,  147067000,    2981000,  162678433, c++, iotlab1, sing, 8
5172847.exe ,  2.86,  1.18,  1.14,  0.08,  0.00,  150010740,  145932000,    3998000,  162835187, c++, iotlab1, sing, 8
5172847.exe ,  2.85,  1.20,  1.15,  0.08,  0.00,  149418280,  146427000,    2988000,  163016572, c++, iotlab1, sing, 8
5172847.exe ,  2.84,  1.19,  1.15,  0.08,  0.00,  150607482,  146598000,    4016000,  163334319, c++, iotlab1, sing, 8
5172847.exe ,  2.85,  1.20,  1.15,  0.08,  0.00,  150172989,  148182000,    2002000,  163505029, c++, iotlab1, sing, 8
5172847.exe ,  2.84,  1.19,  1.14,  0.08,  0.00,  151010049,  147015000,    4000000,  163881599, c++, iotlab1, sing, 8
5192715.exe ,  2.51,  1.05,  1.01,  0.07,  0.00,  132690896,  130688000,    2010000,  145333889, c++, iotlab1, sing, 8
5192715.exe ,  2.50,  1.05,  1.02,  0.07,  0.00,  132480065,  126504000,    5976000,  145149724, c++, iotlab1, sing, 8
5192715.exe ,  2.54,  1.04,  1.00,  0.07,  0.00,  133347387,  128280000,    5010000,  146483253, c++, iotlab1, sing, 8
5192715.exe ,  2.51,  1.05,  1.01,  0.07,  0.00,  132304010,  129271000,    2983000,  145019314, c++, iotlab1, sing, 8
5192715.exe ,  2.51,  1.05,  1.01,  0.07,  0.00,  132157371,  128123000,    3972000,  145254486, c++, iotlab1, sing, 8
5192715.exe ,  2.52,  1.05,  1.01,  0.07,  0.00,  132620182,  130539000,    2008000,  145942027, c++, iotlab1, sing, 8
5192715.exe ,  2.50,  1.05,  1.01,  0.07,  0.00,  132138604,  129093000,    3002000,  144921807, c++, iotlab1, sing, 8
5192715.exe ,  2.52,  1.05,  1.01,  0.07,  0.00,  132255869,  129266000,    2983000,  144948755, c++, iotlab1, sing, 8
5192715.exe ,  2.52,  1.05,  1.01,  0.07,  0.00,  131824474,  127799000,    4025000,  144527880, c++, iotlab1, sing, 8
5192715.exe ,  2.55,  1.05,  1.01,  0.07,  0.00,  131918297,  126986000,    4960000,  145535840, c++, iotlab1, sing, 8
526197.exe  ,  3.33,  1.38,  1.33,  0.09,  0.00,  174615650,  169646000,    4989000,  188088792, c++, iotlab1, sing, 8
526197.exe  ,  3.30,  1.34,  1.29,  0.09,  0.00,  177605580,  171624000,    5986000,  191140684, c++, iotlab1, sing, 8
526197.exe  ,  3.37,  1.39,  1.34,  0.09,  0.00,  174546710,  171580000,    2992000,  187245308, c++, iotlab1, sing, 8
526197.exe  ,  3.30,  1.37,  1.32,  0.09,  0.00,  174404444,  170423000,    3986000,  187029439, c++, iotlab1, sing, 8
526197.exe  ,  3.32,  1.38,  1.33,  0.09,  0.00,  174063063,  171068000,    3001000,  186717050, c++, iotlab1, sing, 8
526197.exe  ,  3.31,  1.39,  1.33,  0.09,  0.00,  173761971,  169676000,    3992000,  186892756, c++, iotlab1, sing, 8
526197.exe  ,  3.31,  1.39,  1.33,  0.09,  0.00,  174052508,  167976000,    5963000,  186942635, c++, iotlab1, sing, 8
526197.exe  ,  3.32,  1.39,  1.33,  0.09,  0.00,  173583031,  169550000,    3989000,  187037032, c++, iotlab1, sing, 8
526197.exe  ,  3.32,  1.37,  1.31,  0.09,  0.00,  175783191,  172783000,    3013000,  188418893, c++, iotlab1, sing, 8
526197.exe  ,  3.34,  1.36,  1.31,  0.09,  0.00,  175203096,  170199000,    5005000,  188096688, c++, iotlab1, sing, 8
5388267.exe ,  2.93,  1.20,  1.16,  0.08,  0.00,  156305727,  155325000,    1002000,  170152474, c++, iotlab1, sing, 8
5388267.exe ,  2.92,  1.21,  1.16,  0.08,  0.00,  153870397,  149876000,    3996000,  166657301, c++, iotlab1, sing, 8
5388267.exe ,  2.90,  1.21,  1.17,  0.08,  0.00,  153451496,  150452000,    3009000,  166463129, c++, iotlab1, sing, 8
5388267.exe ,  2.91,  1.20,  1.16,  0.08,  0.00,  154706868,  151700000,    3013000,  167848518, c++, iotlab1, sing, 8
5388267.exe ,  2.90,  1.22,  1.17,  0.08,  0.00,  153083003,  149028000,    4000000,  165860193, c++, iotlab1, sing, 8
5388267.exe ,  2.92,  1.22,  1.16,  0.08,  0.00,  153171081,  150094000,    3001000,  166234572, c++, iotlab1, sing, 8
5388267.exe ,  2.91,  1.19,  1.14,  0.08,  0.00,  156725365,  150738000,    5989000,  170316593, c++, iotlab1, sing, 8
5388267.exe ,  2.92,  1.21,  1.16,  0.08,  0.00,  153506333,  147521000,    5980000,  166640438, c++, iotlab1, sing, 8
5388267.exe ,  2.91,  1.21,  1.16,  0.08,  0.00,  154105844,  151111000,    3002000,  166766606, c++, iotlab1, sing, 8
5388267.exe ,  2.92,  1.23,  1.18,  0.08,  0.00,  153864666,  151773000,    2010000,  166598778, c++, iotlab1, sing, 8
5391029.exe ,  2.13,  0.87,  0.84,  0.06,  0.00,  110656509,  106622000,    3985000,  123887369, c++, iotlab1, sing, 8
5391029.exe ,  2.11,  0.88,  0.84,  0.06,  0.00,  109599800,  106614000,    2989000,  122959177, c++, iotlab1, sing, 8
5391029.exe ,  2.10,  0.87,  0.84,  0.06,  0.00,  110951141,  108943000,    1998000,  124156929, c++, iotlab1, sing, 8
5391029.exe ,  2.12,  0.88,  0.85,  0.06,  0.00,  110366519,  105385000,    4970000,  123903319, c++, iotlab1, sing, 8
5391029.exe ,  2.12,  0.88,  0.85,  0.06,  0.00,  110224131,  107205000,    3005000,  123247710, c++, iotlab1, sing, 8
5391029.exe ,  2.13,  0.88,  0.85,  0.06,  0.00,  110678370,  108671000,    2012000,  123461002, c++, iotlab1, sing, 8
5391029.exe ,  2.10,  0.86,  0.83,  0.06,  0.00,  111646131,  109632000,    2011000,  125152236, c++, iotlab1, sing, 8
5391029.exe ,  2.13,  0.87,  0.84,  0.06,  0.00,  110502430,  108506000,    2009000,  123481285, c++, iotlab1, sing, 8
5391029.exe ,  2.10,  0.87,  0.84,  0.06,  0.00,  109992920,  106001000,    4000000,  122757942, c++, iotlab1, sing, 8
5391029.exe ,  2.10,  0.86,  0.83,  0.06,  0.00,  112387745,  111400000,    1003000,  126065159, c++, iotlab1, sing, 8
5402227.exe ,  3.22,  1.35,  1.30,  0.09,  0.00,  170713349,  169640000,    1003000,  184188967, c++, iotlab1, sing, 8
5402227.exe ,  3.23,  1.35,  1.30,  0.09,  0.00,  170230601,  168242000,    2002000,  183858276, c++, iotlab1, sing, 8
5402227.exe ,  3.24,  1.35,  1.30,  0.09,  0.00,  169789665,  167804000,    1997000,  182541313, c++, iotlab1, sing, 8
5402227.exe ,  3.24,  1.36,  1.31,  0.09,  0.00,  170223760,  167234000,    3004000,  183394552, c++, iotlab1, sing, 8
5402227.exe ,  3.26,  1.33,  1.28,  0.09,  0.00,  173275059,  170294000,    3005000,  186750385, c++, iotlab1, sing, 8
5402227.exe ,  3.22,  1.35,  1.31,  0.09,  0.00,  170714603,  166744000,    3993000,  183494937, c++, iotlab1, sing, 8
5402227.exe ,  3.26,  1.35,  1.30,  0.09,  0.00,  170339961,  168358000,    2004000,  183006426, c++, iotlab1, sing, 8
5402227.exe ,  3.23,  1.36,  1.30,  0.09,  0.00,  170206742,  166136000,    3979000,  183540623, c++, iotlab1, sing, 8
5402227.exe ,  3.25,  1.35,  1.29,  0.09,  0.00,  171498824,  168518000,    2991000,  184139633, c++, iotlab1, sing, 8
5402227.exe ,  3.25,  1.36,  1.31,  0.09,  0.00,  170754926,  168800000,    2009000,  184268345, c++, iotlab1, sing, 8
5610753.exe ,  2.99,  1.23,  1.18,  0.08,  0.00,  159105795,  155955000,    2999000,  171728370, c++, iotlab1, sing, 8
5610753.exe ,  3.00,  1.25,  1.20,  0.08,  0.00,  157574329,  154602000,    2992000,  170921704, c++, iotlab1, sing, 8
5610753.exe ,  3.02,  1.24,  1.20,  0.08,  0.00,  157809112,  154830000,    2996000,  171286824, c++, iotlab1, sing, 8
5610753.exe ,  2.99,  1.24,  1.20,  0.08,  0.00,  157722174,  153650000,    3990000,  171446530, c++, iotlab1, sing, 8
5610753.exe ,  3.06,  1.24,  1.20,  0.08,  0.00,  158513033,  155509000,    2990000,  171841279, c++, iotlab1, sing, 8
5610753.exe ,  2.98,  1.22,  1.18,  0.08,  0.00,  160427901,  157463000,    2989000,  174046215, c++, iotlab1, sing, 8
5610753.exe ,  2.97,  1.25,  1.20,  0.08,  0.00,  156941053,  156939000,          0,  170342004, c++, iotlab1, sing, 8
5610753.exe ,  2.99,  1.25,  1.20,  0.08,  0.00,  157767281,  154772000,    2995000,  170935640, c++, iotlab1, sing, 8
5610753.exe ,  2.97,  1.25,  1.20,  0.08,  0.00,  156953424,  155957000,    1006000,  169977176, c++, iotlab1, sing, 8
5610753.exe ,  3.00,  1.25,  1.20,  0.08,  0.00,  157266831,  154273000,    3005000,  170024689, c++, iotlab1, sing, 8
5748910.exe ,  2.72,  1.15,  1.11,  0.07,  0.00,  144092582,  139093000,    5003000,  157593208, c++, iotlab1, sing, 8
5748910.exe ,  2.74,  1.14,  1.10,  0.07,  0.00,  144065066,  140064000,    4001000,  157196762, c++, iotlab1, sing, 8
5748910.exe ,  2.75,  1.16,  1.11,  0.07,  0.00,  144960388,  139898000,    4996000,  158375978, c++, iotlab1, sing, 8
5748910.exe ,  2.74,  1.15,  1.11,  0.07,  0.00,  145014720,  143026000,    2000000,  157838620, c++, iotlab1, sing, 8
5748910.exe ,  2.71,  1.14,  1.10,  0.07,  0.00,  144107815,  141090000,    3001000,  157951554, c++, iotlab1, sing, 8
5748910.exe ,  2.73,  1.14,  1.10,  0.07,  0.00,  145200127,  143196000,    1988000,  158298450, c++, iotlab1, sing, 8
5748910.exe ,  2.72,  1.14,  1.10,  0.07,  0.00,  143957425,  140908000,    2998000,  156894898, c++, iotlab1, sing, 8
5748910.exe ,  2.73,  1.15,  1.10,  0.07,  0.00,  144227762,  140250000,    3978000,  157000533, c++, iotlab1, sing, 8
5748910.exe ,  2.74,  1.13,  1.09,  0.08,  0.00,  145433978,  140426000,    5015000,  158139665, c++, iotlab1, sing, 8
5748910.exe ,  2.73,  1.15,  1.11,  0.07,  0.00,  144242694,  138148000,    6006000,  157318543, c++, iotlab1, sing, 8
5945339.exe ,  3.12,  1.32,  1.27,  0.09,  0.00,  164634119,  159561000,    4986000,  177911468, c++, iotlab1, sing, 8
5945339.exe ,  3.11,  1.32,  1.27,  0.09,  0.00,  165507414,  161502000,    4012000,  178762361, c++, iotlab1, sing, 8
5945339.exe ,  3.13,  1.32,  1.27,  0.09,  0.00,  165817042,  160822000,    4994000,  178724033, c++, iotlab1, sing, 8
5945339.exe ,  3.11,  1.31,  1.26,  0.09,  0.00,  164993275,  161939000,    2998000,  177688651, c++, iotlab1, sing, 8
5945339.exe ,  3.12,  1.29,  1.24,  0.09,  0.00,  165994827,  162004000,    4000000,  179892815, c++, iotlab1, sing, 8
5945339.exe ,  3.11,  1.30,  1.25,  0.09,  0.00,  166599529,  162628000,    3990000,  180168829, c++, iotlab1, sing, 8
5945339.exe ,  3.12,  1.30,  1.26,  0.09,  0.00,  165589659,  165615000,          0,  178872644, c++, iotlab1, sing, 8
5945339.exe ,  3.15,  1.32,  1.26,  0.09,  0.00,  165536474,  162527000,    3009000,  178235555, c++, iotlab1, sing, 8
5945339.exe ,  3.13,  1.31,  1.26,  0.09,  0.00,  164308785,  160347000,    3983000,  177253345, c++, iotlab1, sing, 8
5945339.exe ,  3.13,  1.30,  1.25,  0.09,  0.00,  165450456,  162452000,    3008000,  179150080, c++, iotlab1, sing, 8
5947083.exe ,  2.82,  1.15,  1.10,  0.08,  0.00,  153448975,  150453000,    3009000,  167301650, c++, iotlab1, sing, 8
5947083.exe ,  2.81,  1.19,  1.15,  0.08,  0.00,  149283872,  145328000,    3981000,  162734210, c++, iotlab1, sing, 8
5947083.exe ,  2.84,  1.19,  1.14,  0.08,  0.00,  149347260,  146259000,    3005000,  162134817, c++, iotlab1, sing, 8
5947083.exe ,  2.82,  1.18,  1.14,  0.08,  0.00,  148774372,  144777000,    3993000,  161524069, c++, iotlab1, sing, 8
5947083.exe ,  2.82,  1.18,  1.14,  0.08,  0.00,  149162903,  147163000,    2002000,  162578861, c++, iotlab1, sing, 8
5947083.exe ,  2.83,  1.19,  1.14,  0.08,  0.00,  149884700,  146784000,    2995000,  162839065, c++, iotlab1, sing, 8
5947083.exe ,  2.82,  1.18,  1.13,  0.08,  0.00,  148416838,  144451000,    3984000,  161622999, c++, iotlab1, sing, 8
5947083.exe ,  2.83,  1.18,  1.13,  0.08,  0.00,  147911568,  143825000,    3995000,  160726389, c++, iotlab1, sing, 8
5947083.exe ,  2.82,  1.16,  1.11,  0.08,  0.00,  150275525,  148285000,    2003000,  162992814, c++, iotlab1, sing, 8
5947083.exe ,  2.81,  1.18,  1.13,  0.08,  0.00,  148788337,  144798000,    3994000,  161869215, c++, iotlab1, sing, 8
5949274.exe ,  2.98,  1.25,  1.21,  0.08,  0.00,  158761117,  152782000,    5991000,  171959562, c++, iotlab1, sing, 8
5949274.exe ,  3.01,  1.25,  1.20,  0.08,  0.00,  157882397,  154877000,    3017000,  170687758, c++, iotlab1, sing, 8
5949274.exe ,  2.98,  1.24,  1.19,  0.08,  0.00,  159186237,  154189000,    5006000,  172883049, c++, iotlab1, sing, 8
5949274.exe ,  3.03,  1.25,  1.20,  0.08,  0.00,  156835780,  152861000,    3996000,  169902893, c++, iotlab1, sing, 8
5949274.exe ,  3.02,  1.26,  1.21,  0.08,  0.00,  157905651,  154886000,    3017000,  171071539, c++, iotlab1, sing, 8
5949274.exe ,  3.01,  1.25,  1.20,  0.08,  0.00,  159409992,  154303000,    5009000,  173276833, c++, iotlab1, sing, 8
5949274.exe ,  3.13,  1.28,  1.23,  0.09,  0.00,  161221367,  152273000,    8957000,  173992433, c++, iotlab1, sing, 8
5949274.exe ,  3.08,  1.26,  1.21,  0.08,  0.00,  157501129,  151538000,    5981000,  170274453, c++, iotlab1, sing, 8
5949274.exe ,  2.99,  1.25,  1.20,  0.08,  0.00,  156841172,  150851000,    5994000,  170646340, c++, iotlab1, sing, 8
5949274.exe ,  2.99,  1.26,  1.21,  0.08,  0.00,  157354989,  153359000,    4009000,  170645967, c++, iotlab1, sing, 8
5953163.exe ,  6.04,  2.45,  2.35,  0.25,  0.00,  311356535,  157115000,  154113000,  324609989, c++, iotlab1, sing, 8
5953163.exe ,  6.04,  2.48,  2.38,  0.25,  0.00,  311179771,  161541000,  149575000,  324730379, c++, iotlab1, sing, 8
5953163.exe ,  6.13,  2.48,  2.37,  0.25,  0.00,  310603615,  151773000,  158762000,  323619444, c++, iotlab1, sing, 8
5953163.exe ,  6.16,  2.48,  2.38,  0.26,  0.00,  315856824,  166933000,  148940000,  329341795, c++, iotlab1, sing, 8
5953163.exe ,  6.05,  2.46,  2.36,  0.25,  0.00,  309938701,  169392000,  140496000,  323211339, c++, iotlab1, sing, 8
5953163.exe ,  6.04,  2.47,  2.37,  0.25,  0.00,  310693886,  163854000,  146869000,  323435860, c++, iotlab1, sing, 8
5953163.exe ,  6.05,  2.43,  2.33,  0.25,  0.00,  311672633,  171836000,  139866000,  325237663, c++, iotlab1, sing, 8
5953163.exe ,  6.10,  2.45,  2.34,  0.25,  0.00,  311289587,  172146000,  139118000,  325158319, c++, iotlab1, sing, 8
5953163.exe ,  6.30,  2.48,  2.38,  0.26,  0.00,  311665167,  174793000,  136838000,  324951332, c++, iotlab1, sing, 8
5953163.exe ,  6.07,  2.46,  2.36,  0.25,  0.00,  308558364,  176275000,  132206000,  321881096, c++, iotlab1, sing, 8
5955123.exe ,  2.81,  1.17,  1.12,  0.08,  0.00,  146552750,  144447000,    2006000,  159253448, c++, iotlab1, sing, 8
5955123.exe ,  2.82,  1.17,  1.12,  0.08,  0.00,  146379839,  144412000,    1991000,  159846684, c++, iotlab1, sing, 8
5955123.exe ,  2.78,  1.15,  1.11,  0.08,  0.00,  146839092,  143854000,    2996000,  159496478, c++, iotlab1, sing, 8
5955123.exe ,  2.79,  1.14,  1.09,  0.08,  0.00,  149843374,  146853000,    2997000,  163195478, c++, iotlab1, sing, 8
5955123.exe ,  2.81,  1.17,  1.12,  0.08,  0.00,  146330814,  143369000,    2986000,  158937730, c++, iotlab1, sing, 8
5955123.exe ,  2.85,  1.14,  1.10,  0.08,  0.00,  149845234,  147804000,    2010000,  163408682, c++, iotlab1, sing, 8
5955123.exe ,  2.79,  1.14,  1.10,  0.08,  0.00,  148210547,  145209000,    3004000,  161464936, c++, iotlab1, sing, 8
5955123.exe ,  2.79,  1.16,  1.12,  0.07,  0.00,  146521391,  144508000,    2007000,  159815246, c++, iotlab1, sing, 8
5955123.exe ,  2.79,  1.16,  1.13,  0.07,  0.00,  146612498,  142635000,    3989000,  159903935, c++, iotlab1, sing, 8
5955123.exe ,  2.79,  1.16,  1.12,  0.07,  0.00,  146178907,  143202000,    2983000,  159516297, c++, iotlab1, sing, 8
6012416.exe ,  6.24,  2.51,  2.40,  0.26,  0.00,  321407320,  172694000,  148736000,  335305098, c++, iotlab1, sing, 8
6012416.exe ,  6.22,  2.54,  2.43,  0.25,  0.00,  318901415,  175448000,  143366000,  332105318, c++, iotlab1, sing, 8
6012416.exe ,  6.19,  2.54,  2.43,  0.25,  0.00,  317955566,  173976000,  143980000,  330977459, c++, iotlab1, sing, 8
6012416.exe ,  6.21,  2.53,  2.42,  0.25,  0.00,  318635652,  180804000,  137851000,  332737348, c++, iotlab1, sing, 8
6012416.exe ,  6.23,  2.53,  2.42,  0.25,  0.00,  318554529,  185749000,  132820000,  331796182, c++, iotlab1, sing, 8
6012416.exe ,  6.18,  2.54,  2.43,  0.26,  0.00,  319023152,  189962000,  128974000,  331700682, c++, iotlab1, sing, 8
6012416.exe ,  6.16,  2.52,  2.41,  0.25,  0.00,  318886364,  187937000,  130956000,  332468043, c++, iotlab1, sing, 8
6012416.exe ,  6.20,  2.53,  2.42,  0.25,  0.00,  317286475,  164122000,  153114000,  330209730, c++, iotlab1, sing, 8
6012416.exe ,  6.20,  2.52,  2.41,  0.25,  0.00,  317785181,  176890000,  140912000,  331069532, c++, iotlab1, sing, 8
6012416.exe ,  6.18,  2.50,  2.40,  0.25,  0.00,  319151351,  163089000,  156085000,  332709128, c++, iotlab1, sing, 8
6043669.exe ,  3.55,  1.47,  1.41,  0.09,  0.00,  184134991,  181147000,    3002000,  196651568, c++, iotlab1, sing, 8
6043669.exe ,  3.53,  1.47,  1.41,  0.10,  0.00,  184314167,  184207000,          0,  196904147, c++, iotlab1, sing, 8
6043669.exe ,  3.54,  1.47,  1.41,  0.09,  0.00,  183777044,  182791000,    1004000,  196422346, c++, iotlab1, sing, 8
6043669.exe ,  3.52,  1.46,  1.40,  0.09,  0.00,  184107427,  181116000,    3001000,  196575453, c++, iotlab1, sing, 8
6043669.exe ,  3.58,  1.48,  1.42,  0.10,  0.00,  185841212,  182730000,    2995000,  199009332, c++, iotlab1, sing, 8
6043669.exe ,  3.53,  1.46,  1.40,  0.09,  0.00,  185051132,  182047000,    3000000,  197747336, c++, iotlab1, sing, 8
6043669.exe ,  3.54,  1.47,  1.41,  0.09,  0.00,  183831148,  182840000,    1004000,  197204040, c++, iotlab1, sing, 8
6043669.exe ,  3.52,  1.46,  1.41,  0.09,  0.00,  184484179,  179433000,    4984000,  197233638, c++, iotlab1, sing, 8
6043669.exe ,  3.54,  1.46,  1.40,  0.10,  0.00,  185460211,  184375000,    1002000,  198834010, c++, iotlab1, sing, 8
6043669.exe ,  3.53,  1.46,  1.41,  0.09,  0.00,  184201135,  183133000,    1000000,  197590702, c++, iotlab1, sing, 8
6062852.exe ,  2.94,  1.19,  1.14,  0.08,  0.00,  158467097,  153484000,    4983000,  172347821, c++, iotlab1, sing, 8
6062852.exe ,  2.96,  1.21,  1.17,  0.08,  0.00,  155001302,  150995000,    3999000,  168424299, c++, iotlab1, sing, 8
6062852.exe ,  2.95,  1.20,  1.15,  0.08,  0.00,  156877976,  152812000,    4021000,  170394236, c++, iotlab1, sing, 8
6062852.exe ,  2.97,  1.22,  1.17,  0.08,  0.00,  154542520,  149542000,    4984000,  167146055, c++, iotlab1, sing, 8
6062852.exe ,  2.94,  1.22,  1.18,  0.08,  0.00,  153510657,  151498000,    2006000,  166179575, c++, iotlab1, sing, 8
6062852.exe ,  2.95,  1.23,  1.17,  0.08,  0.00,  154250028,  150245000,    4006000,  166830343, c++, iotlab1, sing, 8
6062852.exe ,  2.94,  1.19,  1.14,  0.08,  0.00,  156497294,  151492000,    5016000,  169535312, c++, iotlab1, sing, 8
6062852.exe ,  2.92,  1.19,  1.15,  0.08,  0.00,  156323043,  150320000,    6012000,  169965515, c++, iotlab1, sing, 8
6062852.exe ,  2.90,  1.22,  1.18,  0.08,  0.00,  153580485,  150559000,    3011000,  166888651, c++, iotlab1, sing, 8
6062852.exe ,  2.92,  1.22,  1.17,  0.08,  0.00,  153742041,  151734000,    2009000,  167412477, c++, iotlab1, sing, 8
6083074.exe ,  3.00,  1.24,  1.20,  0.08,  0.00,  157065085,  151981000,    4999000,  169903722, c++, iotlab1, sing, 8
6083074.exe ,  2.99,  1.23,  1.18,  0.08,  0.00,  158889021,  150962000,    7945000,  172487894, c++, iotlab1, sing, 8
6083074.exe ,  2.99,  1.24,  1.20,  0.08,  0.00,  157681419,  151693000,    5987000,  170614794, c++, iotlab1, sing, 8
6083074.exe ,  3.01,  1.24,  1.19,  0.08,  0.00,  157679720,  154669000,    3013000,  170359621, c++, iotlab1, sing, 8
6083074.exe ,  2.99,  1.23,  1.19,  0.08,  0.00,  157086407,  151001000,    6000000,  169728455, c++, iotlab1, sing, 8
6083074.exe ,  2.99,  1.25,  1.21,  0.08,  0.00,  157963867,  154969000,    2999000,  171842707, c++, iotlab1, sing, 8
6083074.exe ,  3.03,  1.22,  1.18,  0.09,  0.00,  161071079,  156012000,    5000000,  174541469, c++, iotlab1, sing, 8
6083074.exe ,  3.01,  1.24,  1.19,  0.08,  0.00,  157867729,  154855000,    3016000,  170660416, c++, iotlab1, sing, 8
6083074.exe ,  3.00,  1.24,  1.19,  0.08,  0.00,  156825046,  153810000,    3015000,  169362487, c++, iotlab1, sing, 8
6083074.exe ,  3.00,  1.24,  1.19,  0.08,  0.00,  156391721,  152376000,    4009000,  169659761, c++, iotlab1, sing, 8
6085360.exe ,  2.66,  1.08,  1.04,  0.07,  0.00,  142417281,  138424000,    4012000,  154931245, c++, iotlab1, sing, 8
6085360.exe ,  2.69,  1.11,  1.07,  0.07,  0.00,  139872136,  135867000,    3996000,  153225482, c++, iotlab1, sing, 8
6085360.exe ,  2.68,  1.11,  1.07,  0.07,  0.00,  140603487,  137606000,    2991000,  153296026, c++, iotlab1, sing, 8
6085360.exe ,  2.69,  1.11,  1.07,  0.07,  0.00,  139155436,  136155000,    3003000,  152553231, c++, iotlab1, sing, 8
6085360.exe ,  2.67,  1.09,  1.05,  0.07,  0.00,  141882307,  137906000,    3997000,  154686828, c++, iotlab1, sing, 8
6085360.exe ,  2.70,  1.11,  1.06,  0.07,  0.00,  141166946,  138110000,    3002000,  153997288, c++, iotlab1, sing, 8
6085360.exe ,  2.68,  1.08,  1.04,  0.07,  0.00,  142923790,  141918000,    1006000,  156427943, c++, iotlab1, sing, 8
6085360.exe ,  2.66,  1.11,  1.07,  0.07,  0.00,  140119697,  137054000,    3001000,  152731696, c++, iotlab1, sing, 8
6085360.exe ,  2.67,  1.11,  1.07,  0.07,  0.00,  140062970,  137077000,    3001000,  152594768, c++, iotlab1, sing, 8
6085360.exe ,  2.65,  1.10,  1.06,  0.07,  0.00,  140581175,  138539000,    2007000,  153332352, c++, iotlab1, sing, 8
6086206.exe ,  7.71,  3.24,  3.11,  0.21,  0.00,  405672920,  400569000,    5007000,  418511471, c++, iotlab1, sing, 8
6086206.exe ,  7.71,  3.23,  3.10,  0.21,  0.00,  404773252,  398817000,    5997000,  417891410, c++, iotlab1, sing, 8
6086206.exe ,  7.71,  3.23,  3.11,  0.21,  0.00,  405574194,  399593000,    6008000,  418375657, c++, iotlab1, sing, 8
6086206.exe ,  7.75,  3.24,  3.12,  0.21,  0.00,  406762486,  400742000,    5996000,  419529179, c++, iotlab1, sing, 8
6086206.exe ,  7.74,  3.23,  3.10,  0.21,  0.00,  404644368,  399655000,    5008000,  417227164, c++, iotlab1, sing, 8
6086206.exe ,  7.71,  3.22,  3.10,  0.21,  0.00,  403970062,  398946000,    4999000,  416930312, c++, iotlab1, sing, 8
6086206.exe ,  7.73,  3.21,  3.10,  0.21,  0.00,  404552932,  398585000,    5993000,  417813699, c++, iotlab1, sing, 8
6086206.exe ,  7.75,  3.25,  3.12,  0.21,  0.00,  406433961,  400368000,    6005000,  419333280, c++, iotlab1, sing, 8
6086206.exe ,  7.75,  3.24,  3.12,  0.21,  0.00,  406579651,  401580000,    5007000,  419526325, c++, iotlab1, sing, 8
6086206.exe ,  7.74,  3.23,  3.11,  0.21,  0.00,  405562873,  398554000,    7009000,  418356566, c++, iotlab1, sing, 8
6099013.exe ,  1.56,  0.64,  0.62,  0.04,  0.00,   83291524,   79274000,    3963000,   96398780, c++, iotlab1, sing, 8
6099013.exe ,  1.59,  0.66,  0.63,  0.04,  0.00,   82456275,   77436000,    4963000,   95773138, c++, iotlab1, sing, 8
6099013.exe ,  1.59,  0.66,  0.63,  0.04,  0.00,   82280955,   80278000,    2006000,   95180062, c++, iotlab1, sing, 8
6099013.exe ,  1.56,  0.65,  0.62,  0.04,  0.00,   83254403,   77247000,    5942000,   96662447, c++, iotlab1, sing, 8
6099013.exe ,  1.58,  0.64,  0.62,  0.04,  0.00,   83884286,   78895000,    4993000,   96812029, c++, iotlab1, sing, 8
6099013.exe ,  1.57,  0.65,  0.63,  0.04,  0.00,   82374785,   78330000,    4016000,   96084949, c++, iotlab1, sing, 8
6099013.exe ,  1.58,  0.66,  0.63,  0.04,  0.00,   82655957,   80673000,    1991000,   95266536, c++, iotlab1, sing, 8
6099013.exe ,  1.57,  0.65,  0.62,  0.04,  0.00,   83085602,   79087000,    4004000,   96129548, c++, iotlab1, sing, 8
6099013.exe ,  1.56,  0.63,  0.61,  0.04,  0.00,   84123116,   82136000,    2003000,   97504124, c++, iotlab1, sing, 8
6099013.exe ,  1.57,  0.65,  0.62,  0.04,  0.00,   83795992,   81810000,    1995000,   96886290, c++, iotlab1, sing, 8
6110657.exe ,  1.97,  0.81,  0.78,  0.06,  0.00,  102315811,   99294000,    3008000,  114868771, c++, iotlab1, sing, 8
6110657.exe ,  1.95,  0.82,  0.79,  0.06,  0.00,  102487673,   99483000,    3014000,  116071720, c++, iotlab1, sing, 8
6110657.exe ,  1.96,  0.80,  0.77,  0.06,  0.00,  104368431,   99352000,    5017000,  117895495, c++, iotlab1, sing, 8
6110657.exe ,  1.97,  0.81,  0.78,  0.06,  0.00,  103489186,   99470000,    4019000,  116654797, c++, iotlab1, sing, 8
6110657.exe ,  1.96,  0.81,  0.78,  0.06,  0.00,  102803471,   99776000,    3023000,  116086699, c++, iotlab1, sing, 8
6110657.exe ,  1.97,  0.82,  0.79,  0.06,  0.00,  102701706,   97718000,    4985000,  116039658, c++, iotlab1, sing, 8
6110657.exe ,  1.96,  0.80,  0.77,  0.06,  0.00,  104585644,  100604000,    3984000,  118344935, c++, iotlab1, sing, 8
6110657.exe ,  1.97,  0.82,  0.79,  0.06,  0.00,  102262436,  100259000,    2005000,  115643657, c++, iotlab1, sing, 8
6110657.exe ,  1.96,  0.81,  0.78,  0.05,  0.00,  102228182,   97185000,    4958000,  114956584, c++, iotlab1, sing, 8
6110657.exe ,  1.99,  0.83,  0.79,  0.06,  0.00,  102999152,   98930000,    3997000,  115957317, c++, iotlab1, sing, 8
6111112.exe ,  2.41,  1.01,  0.98,  0.07,  0.00,  127170312,  125173000,    2002000,  139915980, c++, iotlab1, sing, 8
6111112.exe ,  2.45,  1.01,  0.97,  0.07,  0.00,  127532557,  126540000,    1004000,  141433176, c++, iotlab1, sing, 8
6111112.exe ,  2.35,  0.97,  0.94,  0.06,  0.00,  125380146,  122407000,    2985000,  138570933, c++, iotlab1, sing, 8
6111112.exe ,  2.40,  1.00,  0.97,  0.06,  0.00,  126510714,  123528000,    2988000,  139859483, c++, iotlab1, sing, 8
6111112.exe ,  2.43,  1.01,  0.97,  0.07,  0.00,  126646988,  125658000,     997000,  140029191, c++, iotlab1, sing, 8
6111112.exe ,  2.40,  1.01,  0.98,  0.07,  0.00,  127703227,  126710000,     997000,  140504677, c++, iotlab1, sing, 8
6111112.exe ,  2.36,  1.00,  0.96,  0.06,  0.00,  125189645,  121216000,    3974000,  138802406, c++, iotlab1, sing, 8
6111112.exe ,  2.40,  1.01,  0.97,  0.07,  0.00,  126983099,  123951000,    2998000,  140650168, c++, iotlab1, sing, 8
6111112.exe ,  2.40,  1.01,  0.97,  0.07,  0.00,  126999342,  124939000,    1999000,  139756131, c++, iotlab1, sing, 8
6111112.exe ,  2.40,  1.01,  0.98,  0.06,  0.00,  127296939,  125230000,    2003000,  140090400, c++, iotlab1, sing, 8
6113121.exe ,  5.55,  2.32,  2.23,  0.15,  0.00,  291309957,  290215000,    1000000,  304241847, c++, iotlab1, sing, 8
6113121.exe ,  5.55,  2.32,  2.23,  0.15,  0.00,  291662665,  286678000,    4994000,  304369608, c++, iotlab1, sing, 8
6113121.exe ,  5.54,  2.33,  2.23,  0.15,  0.00,  291096415,  287122000,    4001000,  303735366, c++, iotlab1, sing, 8
6113121.exe ,  5.55,  2.33,  2.24,  0.15,  0.00,  292417896,  290447000,    1996000,  305199108, c++, iotlab1, sing, 8
6113121.exe ,  5.54,  2.32,  2.23,  0.15,  0.00,  292237096,  289270000,    3002000,  305837462, c++, iotlab1, sing, 8
6113121.exe ,  5.59,  2.33,  2.24,  0.15,  0.00,  291972281,  288894000,    3009000,  304783432, c++, iotlab1, sing, 8
6113121.exe ,  5.60,  2.33,  2.23,  0.15,  0.00,  291610811,  288621000,    2996000,  304509811, c++, iotlab1, sing, 8
6113121.exe ,  5.56,  2.33,  2.24,  0.15,  0.00,  292269988,  288292000,    4004000,  305458294, c++, iotlab1, sing, 8
6113121.exe ,  5.53,  2.32,  2.23,  0.15,  0.00,  291978103,  288002000,    4000000,  304923666, c++, iotlab1, sing, 8
6113121.exe ,  5.55,  2.33,  2.24,  0.15,  0.00,  291628706,  288664000,    2996000,  304893457, c++, iotlab1, sing, 8
6114549.exe ,  5.84,  2.43,  2.34,  0.16,  0.00,  305550974,  303473000,    2003000,  319066069, c++, iotlab1, sing, 8
6114549.exe ,  5.80,  2.42,  2.34,  0.16,  0.00,  304405304,  299432000,    4990000,  317373072, c++, iotlab1, sing, 8
6114549.exe ,  5.81,  2.43,  2.34,  0.16,  0.00,  304747476,  302782000,    2005000,  318290611, c++, iotlab1, sing, 8
6114549.exe ,  5.80,  2.43,  2.34,  0.16,  0.00,  307266312,  306297000,    1000000,  320835770, c++, iotlab1, sing, 8
6114549.exe ,  5.81,  2.43,  2.34,  0.16,  0.00,  304711915,  300740000,    3996000,  317599671, c++, iotlab1, sing, 8
6114549.exe ,  5.78,  2.42,  2.34,  0.15,  0.00,  304538250,  299557000,    4992000,  317284371, c++, iotlab1, sing, 8
6114549.exe ,  5.80,  2.43,  2.34,  0.16,  0.00,  304926728,  301962000,    2999000,  318280707, c++, iotlab1, sing, 8
6114549.exe ,  5.83,  2.44,  2.34,  0.16,  0.00,  305853358,  299835000,    5976000,  318753179, c++, iotlab1, sing, 8
6114549.exe ,  5.93,  2.44,  2.35,  0.16,  0.00,  306248768,  302272000,    3990000,  318908525, c++, iotlab1, sing, 8
6114549.exe ,  5.80,  2.43,  2.33,  0.16,  0.00,  304572491,  299588000,    4993000,  317287504, c++, iotlab1, sing, 8
6114886.exe ,  2.75,  1.13,  1.09,  0.07,  0.00,  143727017,  139671000,    3990000,  156741084, c++, iotlab1, sing, 8
6114886.exe ,  2.77,  1.14,  1.10,  0.07,  0.00,  143298055,  140314000,    2985000,  156528844, c++, iotlab1, sing, 8
6114886.exe ,  2.75,  1.13,  1.09,  0.07,  0.00,  143885226,  139898000,    3997000,  156648987, c++, iotlab1, sing, 8
6114886.exe ,  2.79,  1.13,  1.09,  0.08,  0.00,  144560118,  141495000,    2989000,  157326397, c++, iotlab1, sing, 8
6114886.exe ,  2.73,  1.13,  1.09,  0.07,  0.00,  143180649,  141185000,    2002000,  156551105, c++, iotlab1, sing, 8
6114886.exe ,  2.74,  1.12,  1.08,  0.07,  0.00,  143884045,  140893000,    2997000,  156787850, c++, iotlab1, sing, 8
6114886.exe ,  2.73,  1.14,  1.10,  0.07,  0.00,  143662740,  140675000,    2993000,  156414247, c++, iotlab1, sing, 8
6114886.exe ,  2.72,  1.14,  1.09,  0.07,  0.00,  143775139,  139769000,    3993000,  157140811, c++, iotlab1, sing, 8
6114886.exe ,  2.73,  1.13,  1.09,  0.07,  0.00,  144436792,  143451000,    1003000,  157203545, c++, iotlab1, sing, 8
6114886.exe ,  2.71,  1.14,  1.10,  0.07,  0.00,  143454902,  142478000,     996000,  156894428, c++, iotlab1, sing, 8
6134791.exe ,  3.08,  1.28,  1.23,  0.08,  0.00,  161028852,  157993000,    2999000,  174369149, c++, iotlab1, sing, 8
6134791.exe ,  3.09,  1.28,  1.23,  0.08,  0.00,  160206212,  158226000,    2002000,  173728176, c++, iotlab1, sing, 8
6134791.exe ,  3.05,  1.27,  1.22,  0.08,  0.00,  159688862,  158693000,    1004000,  172291370, c++, iotlab1, sing, 8
6134791.exe ,  3.08,  1.28,  1.23,  0.08,  0.00,  160225819,  158243000,    2003000,  173458948, c++, iotlab1, sing, 8
6134791.exe ,  3.06,  1.27,  1.22,  0.08,  0.00,  161814330,  159824000,    2010000,  176116135, c++, iotlab1, sing, 8
6134791.exe ,  3.06,  1.27,  1.23,  0.08,  0.00,  160335535,  158365000,    1992000,  173284927, c++, iotlab1, sing, 8
6134791.exe ,  3.04,  1.26,  1.21,  0.08,  0.00,  162049297,  160075000,    2000000,  175678484, c++, iotlab1, sing, 8
6134791.exe ,  3.06,  1.27,  1.22,  0.08,  0.00,  160826909,  155892000,    4964000,  174443215, c++, iotlab1, sing, 8
6134791.exe ,  3.06,  1.28,  1.23,  0.08,  0.00,  160251527,  158270000,    2003000,  173455042, c++, iotlab1, sing, 8
6134791.exe ,  3.05,  1.27,  1.22,  0.08,  0.00,  160295841,  157314000,    2986000,  173009374, c++, iotlab1, sing, 8
6170599.exe ,  2.80,  1.14,  1.10,  0.08,  0.00,  150295060,  148302000,    2004000,  163722100, c++, iotlab1, sing, 8
6170599.exe ,  2.82,  1.17,  1.12,  0.07,  0.00,  146988270,  142981000,    3999000,  159965321, c++, iotlab1, sing, 8
6170599.exe ,  2.81,  1.16,  1.12,  0.08,  0.00,  147842259,  145761000,    2010000,  161020221, c++, iotlab1, sing, 8
6170599.exe ,  2.80,  1.16,  1.12,  0.07,  0.00,  147853076,  145816000,    1997000,  160997846, c++, iotlab1, sing, 8
6170599.exe ,  2.81,  1.17,  1.12,  0.08,  0.00,  147841978,  142837000,    5029000,  161867353, c++, iotlab1, sing, 8
6170599.exe ,  2.82,  1.14,  1.09,  0.08,  0.00,  150724372,  147741000,    3015000,  164259276, c++, iotlab1, sing, 8
6170599.exe ,  2.80,  1.17,  1.13,  0.08,  0.00,  147279141,  144263000,    3005000,  160158656, c++, iotlab1, sing, 8
6170599.exe ,  2.81,  1.17,  1.13,  0.08,  0.00,  147820620,  144826000,    2996000,  160882119, c++, iotlab1, sing, 8
6170599.exe ,  2.79,  1.14,  1.10,  0.08,  0.00,  150756802,  150782000,          0,  164662692, c++, iotlab1, sing, 8
6170599.exe ,  2.79,  1.15,  1.11,  0.08,  0.00,  148880309,  147889000,    1006000,  161699387, c++, iotlab1, sing, 8
6237236.exe ,  3.19,  1.33,  1.27,  0.09,  0.00,  167185455,  164047000,    3000000,  180421595, c++, iotlab1, sing, 8
6237236.exe ,  3.18,  1.32,  1.26,  0.09,  0.00,  167804924,  161798000,    5992000,  181026935, c++, iotlab1, sing, 8
6237236.exe ,  3.27,  1.32,  1.27,  0.09,  0.00,  167333315,  162354000,    4980000,  180523454, c++, iotlab1, sing, 8
6237236.exe ,  3.16,  1.31,  1.26,  0.09,  0.00,  168309038,  162311000,    6011000,  181474038, c++, iotlab1, sing, 8
6237236.exe ,  3.18,  1.32,  1.27,  0.09,  0.00,  166990089,  161971000,    5030000,  179873178, c++, iotlab1, sing, 8
6237236.exe ,  3.17,  1.32,  1.27,  0.09,  0.00,  166250702,  159314000,    6970000,  179421104, c++, iotlab1, sing, 8
6237236.exe ,  3.19,  1.32,  1.27,  0.09,  0.00,  166696863,  162717000,    3993000,  180319353, c++, iotlab1, sing, 8
6237236.exe ,  3.26,  1.32,  1.27,  0.09,  0.00,  166188353,  160189000,    6007000,  178931730, c++, iotlab1, sing, 8
6237236.exe ,  3.16,  1.31,  1.27,  0.09,  0.00,  166462674,  160445000,    6016000,  179811752, c++, iotlab1, sing, 8
6237236.exe ,  3.17,  1.33,  1.28,  0.09,  0.00,  167269113,  164269000,    3004000,  180629051, c++, iotlab1, sing, 8
6306884.exe ,  2.27,  0.95,  0.91,  0.06,  0.00,  118779769,  115789000,    2994000,  131630893, c++, iotlab1, sing, 8
6306884.exe ,  2.25,  0.95,  0.91,  0.06,  0.00,  118970274,  114974000,    3999000,  132223271, c++, iotlab1, sing, 8
6306884.exe ,  2.26,  0.95,  0.91,  0.06,  0.00,  118705875,  117705000,    1006000,  131818106, c++, iotlab1, sing, 8
6306884.exe ,  2.26,  0.95,  0.91,  0.06,  0.00,  118509662,  116484000,    2008000,  131877361, c++, iotlab1, sing, 8
6306884.exe ,  2.25,  0.95,  0.91,  0.06,  0.00,  118887205,  114830000,    3994000,  131551819, c++, iotlab1, sing, 8
6306884.exe ,  2.26,  0.94,  0.90,  0.06,  0.00,  119591596,  118587000,    1004000,  132816737, c++, iotlab1, sing, 8
6306884.exe ,  2.26,  0.94,  0.91,  0.06,  0.00,  118032813,  115001000,    3000000,  131491789, c++, iotlab1, sing, 8
6306884.exe ,  2.27,  0.95,  0.91,  0.06,  0.00,  118748865,  114690000,    3989000,  132047161, c++, iotlab1, sing, 8
6306884.exe ,  2.28,  0.94,  0.90,  0.06,  0.00,  119041451,  117045000,    2000000,  131867596, c++, iotlab1, sing, 8
6306884.exe ,  2.25,  0.93,  0.90,  0.06,  0.00,  119218168,  118227000,    1001000,  132727956, c++, iotlab1, sing, 8
6422109.exe ,  7.47,  3.14,  3.02,  0.21,  0.00,  394863015,  389892000,    4998000,  408014523, c++, iotlab1, sing, 8
6422109.exe ,  7.53,  3.15,  3.03,  0.21,  0.00,  394651010,  389678000,    4995000,  407385035, c++, iotlab1, sing, 8
6422109.exe ,  7.44,  3.13,  3.02,  0.20,  0.00,  393700978,  386725000,    6995000,  406470622, c++, iotlab1, sing, 8
6422109.exe ,  7.49,  3.15,  3.03,  0.20,  0.00,  395400667,  391428000,    4004000,  408695552, c++, iotlab1, sing, 8
6422109.exe ,  7.46,  3.14,  3.02,  0.20,  0.00,  394287639,  386184000,    8003000,  407114828, c++, iotlab1, sing, 8
6422109.exe ,  7.46,  3.16,  3.04,  0.20,  0.00,  396242528,  391099000,    5001000,  409284644, c++, iotlab1, sing, 8
6422109.exe ,  7.43,  3.12,  3.00,  0.20,  0.00,  392474040,  386521000,    5992000,  406460505, c++, iotlab1, sing, 8
6422109.exe ,  7.43,  3.14,  3.02,  0.20,  0.00,  394524141,  389504000,    5006000,  407298190, c++, iotlab1, sing, 8
6422109.exe ,  7.50,  3.17,  3.05,  0.21,  0.00,  397905332,  392897000,    4998000,  410747134, c++, iotlab1, sing, 8
6422109.exe ,  7.52,  3.15,  3.04,  0.21,  0.00,  396657282,  390621000,    6009000,  409352663, c++, iotlab1, sing, 8
6426234.exe ,  3.11,  1.29,  1.24,  0.09,  0.00,  164901653,  162915000,    1998000,  178046817, c++, iotlab1, sing, 8
6426234.exe ,  3.08,  1.30,  1.25,  0.09,  0.00,  163564672,  157575000,    5983000,  176361528, c++, iotlab1, sing, 8
6426234.exe ,  3.12,  1.31,  1.26,  0.09,  0.00,  164946864,  161954000,    2999000,  178050563, c++, iotlab1, sing, 8
6426234.exe ,  3.09,  1.30,  1.25,  0.09,  0.00,  163841473,  159898000,    3972000,  177478034, c++, iotlab1, sing, 8
6426234.exe ,  3.10,  1.30,  1.25,  0.09,  0.00,  163230078,  160165000,    3003000,  176005452, c++, iotlab1, sing, 8
6426234.exe ,  3.11,  1.30,  1.25,  0.09,  0.00,  163554376,  159563000,    3989000,  176286606, c++, iotlab1, sing, 8
6426234.exe ,  3.11,  1.30,  1.25,  0.09,  0.00,  163126599,  158135000,    5004000,  175717589, c++, iotlab1, sing, 8
6426234.exe ,  3.15,  1.30,  1.25,  0.09,  0.00,  164044471,  159055000,    5001000,  176978203, c++, iotlab1, sing, 8
6426234.exe ,  3.17,  1.29,  1.24,  0.09,  0.00,  162787353,  158751000,    3993000,  175957946, c++, iotlab1, sing, 8
6426234.exe ,  3.10,  1.30,  1.25,  0.09,  0.00,  162645470,  156664000,    5987000,  175117585, c++, iotlab1, sing, 8
6677723.exe ,  3.27,  1.33,  1.28,  0.09,  0.00,  167924336,  164838000,    2997000,  181198015, c++, iotlab1, sing, 8
6677723.exe ,  3.15,  1.32,  1.27,  0.09,  0.00,  165288867,  160290000,    5009000,  178947727, c++, iotlab1, sing, 8
6677723.exe ,  3.18,  1.32,  1.27,  0.09,  0.00,  165569378,  159581000,    5984000,  178535013, c++, iotlab1, sing, 8
6677723.exe ,  3.17,  1.32,  1.27,  0.09,  0.00,  165195609,  161190000,    4004000,  178490257, c++, iotlab1, sing, 8
6677723.exe ,  3.17,  1.32,  1.27,  0.09,  0.00,  165941125,  161947000,    3998000,  178694478, c++, iotlab1, sing, 8
6677723.exe ,  3.18,  1.32,  1.27,  0.09,  0.00,  165674373,  160691000,    4990000,  179516516, c++, iotlab1, sing, 8
6677723.exe ,  3.16,  1.31,  1.26,  0.09,  0.00,  165608914,  161637000,    3991000,  178333619, c++, iotlab1, sing, 8
6677723.exe ,  3.21,  1.32,  1.26,  0.09,  0.00,  166677004,  161676000,    4990000,  179856766, c++, iotlab1, sing, 8
6677723.exe ,  3.19,  1.30,  1.25,  0.09,  0.00,  168317587,  164319000,    4007000,  181938995, c++, iotlab1, sing, 8
6677723.exe ,  3.15,  1.31,  1.27,  0.09,  0.00,  165812799,  161786000,    4019000,  178528260, c++, iotlab1, sing, 8
6801212.exe ,  5.40,  2.24,  2.16,  0.14,  0.00,  285023062,  281057000,    4000000,  298545180, c++, iotlab1, sing, 8
6801212.exe ,  5.42,  2.27,  2.19,  0.14,  0.00,  285538286,  281570000,    3993000,  298433412, c++, iotlab1, sing, 8
6801212.exe ,  5.44,  2.28,  2.20,  0.15,  0.00,  286113366,  283131000,    3001000,  298974346, c++, iotlab1, sing, 8
6801212.exe ,  5.46,  2.29,  2.20,  0.15,  0.00,  286519378,  283552000,    2995000,  299528813, c++, iotlab1, sing, 8
6801212.exe ,  5.43,  2.27,  2.18,  0.15,  0.00,  286881292,  284898000,    2006000,  300409598, c++, iotlab1, sing, 8
6801212.exe ,  5.44,  2.28,  2.19,  0.15,  0.00,  285595893,  282604000,    3006000,  298382135, c++, iotlab1, sing, 8
6801212.exe ,  5.40,  2.26,  2.17,  0.14,  0.00,  283055004,  281081000,    2000000,  295970291, c++, iotlab1, sing, 8
6801212.exe ,  5.44,  2.27,  2.19,  0.14,  0.00,  284935535,  282921000,    1999000,  298749508, c++, iotlab1, sing, 8
6801212.exe ,  5.41,  2.27,  2.19,  0.14,  0.00,  284452679,  280499000,    3992000,  297961963, c++, iotlab1, sing, 8
6801212.exe ,  5.43,  2.27,  2.18,  0.15,  0.00,  285911370,  282940000,    2999000,  299243854, c++, iotlab1, sing, 8
6866729.exe , 13.08,  5.45,  5.24,  0.38,  0.00,  685346154,  654389000,   31018000,  698161700, c++, iotlab1, sing, 8
6866729.exe , 13.08,  5.46,  5.26,  0.38,  0.00,  686632037,  654581000,   32028000,  699387171, c++, iotlab1, sing, 8
6866729.exe , 13.12,  5.48,  5.27,  0.38,  0.00,  687971822,  653951000,   33997000,  701060180, c++, iotlab1, sing, 8
6866729.exe , 13.06,  5.50,  5.28,  0.38,  0.00,  689391315,  659325000,   29969000,  702274509, c++, iotlab1, sing, 8
6866729.exe , 13.08,  5.49,  5.28,  0.38,  0.00,  689277564,  657334000,   32016000,  702871084, c++, iotlab1, sing, 8
6866729.exe , 13.07,  5.45,  5.25,  0.38,  0.00,  686381916,  654468000,   32022000,  699234153, c++, iotlab1, sing, 8
6866729.exe , 13.08,  5.45,  5.25,  0.38,  0.00,  684632503,  653684000,   30985000,  697572796, c++, iotlab1, sing, 8
6866729.exe , 13.10,  5.47,  5.26,  0.38,  0.00,  687120902,  653172000,   34008000,  700164697, c++, iotlab1, sing, 8
6866729.exe , 13.15,  5.48,  5.27,  0.38,  0.00,  688117420,  654202000,   34010000,  701095981, c++, iotlab1, sing, 8
6866729.exe , 13.03,  5.46,  5.26,  0.38,  0.00,  686873198,  651936000,   34996000,  699784133, c++, iotlab1, sing, 8
6952877.exe ,  2.82,  1.17,  1.13,  0.08,  0.00,  146841423,  145708000,    1004000,  160431142, c++, iotlab1, sing, 8
6952877.exe ,  2.78,  1.15,  1.11,  0.07,  0.00,  147612633,  144613000,    3012000,  161381619, c++, iotlab1, sing, 8
6952877.exe ,  2.80,  1.15,  1.10,  0.08,  0.00,  148360315,  146356000,    2004000,  161401279, c++, iotlab1, sing, 8
6952877.exe ,  2.79,  1.16,  1.11,  0.08,  0.00,  146650442,  144652000,    2009000,  160475071, c++, iotlab1, sing, 8
6952877.exe ,  2.76,  1.15,  1.10,  0.08,  0.00,  146526633,  144546000,    1993000,  159644689, c++, iotlab1, sing, 8
6952877.exe ,  2.80,  1.14,  1.09,  0.08,  0.00,  149462664,  147487000,    1993000,  162936849, c++, iotlab1, sing, 8
6952877.exe ,  2.77,  1.14,  1.10,  0.08,  0.00,  148573902,  146546000,    2007000,  161727495, c++, iotlab1, sing, 8
6952877.exe ,  2.79,  1.17,  1.12,  0.08,  0.00,  146930098,  142895000,    3997000,  159552936, c++, iotlab1, sing, 8
6952877.exe ,  2.79,  1.15,  1.11,  0.08,  0.00,  146858737,  144861000,    2011000,  159495991, c++, iotlab1, sing, 8
6952877.exe ,  2.78,  1.14,  1.10,  0.08,  0.00,  148323270,  146333000,    2004000,  160908166, c++, iotlab1, sing, 8
7096116.exe ,  7.61,  3.18,  3.06,  0.20,  0.00,  399745346,  393712000,    5995000,  414021764, c++, iotlab1, sing, 8
7096116.exe ,  7.64,  3.22,  3.09,  0.21,  0.00,  403271061,  400303000,    3002000,  416296720, c++, iotlab1, sing, 8
7096116.exe ,  7.57,  3.19,  3.06,  0.20,  0.00,  399457783,  393423000,    5991000,  412233913, c++, iotlab1, sing, 8
7096116.exe ,  7.54,  3.17,  3.05,  0.20,  0.00,  398887783,  394817000,    3998000,  411736663, c++, iotlab1, sing, 8
7096116.exe ,  7.62,  3.19,  3.07,  0.21,  0.00,  400529866,  396537000,    4005000,  414196501, c++, iotlab1, sing, 8
7096116.exe ,  7.59,  3.17,  3.05,  0.20,  0.00,  397959228,  392982000,    4999000,  410816773, c++, iotlab1, sing, 8
7096116.exe ,  7.60,  3.19,  3.07,  0.21,  0.00,  401391567,  397290000,    4002000,  414549102, c++, iotlab1, sing, 8
7096116.exe ,  7.53,  3.17,  3.05,  0.20,  0.00,  397772290,  393789000,    3997000,  411002188, c++, iotlab1, sing, 8
7096116.exe ,  7.56,  3.19,  3.07,  0.20,  0.00,  399815204,  395843000,    3998000,  412610220, c++, iotlab1, sing, 8
7096116.exe ,  7.62,  3.18,  3.06,  0.21,  0.00,  402078815,  398102000,    4001000,  415646659, c++, iotlab1, sing, 8
7111492.exe ,  3.05,  1.28,  1.23,  0.08,  0.00,  160258919,  158261000,    2003000,  173030164, c++, iotlab1, sing, 8
7111492.exe ,  3.07,  1.28,  1.23,  0.08,  0.00,  160565350,  157469000,    2989000,  173960198, c++, iotlab1, sing, 8
7111492.exe ,  3.07,  1.28,  1.23,  0.08,  0.00,  159601927,  158607000,    1003000,  173147400, c++, iotlab1, sing, 8
7111492.exe ,  3.04,  1.27,  1.23,  0.08,  0.00,  160620312,  157641000,    2993000,  173868272, c++, iotlab1, sing, 8
7111492.exe ,  3.05,  1.28,  1.23,  0.08,  0.00,  160181111,  159108000,    1000000,  173596605, c++, iotlab1, sing, 8
7111492.exe ,  3.03,  1.27,  1.23,  0.08,  0.00,  160720134,  157679000,    3012000,  174329456, c++, iotlab1, sing, 8
7111492.exe ,  3.05,  1.27,  1.23,  0.08,  0.00,  161005589,  157789000,    2996000,  174201314, c++, iotlab1, sing, 8
7111492.exe ,  3.06,  1.28,  1.23,  0.08,  0.00,  160473701,  156486000,    3986000,  173267298, c++, iotlab1, sing, 8
7111492.exe ,  3.07,  1.29,  1.23,  0.08,  0.00,  160194884,  157179000,    3003000,  173589638, c++, iotlab1, sing, 8
7111492.exe ,  3.04,  1.28,  1.23,  0.08,  0.00,  160068127,  157086000,    3001000,  173560840, c++, iotlab1, sing, 8
7114591.exe ,  2.97,  1.24,  1.19,  0.08,  0.00,  155352994,  151131000,    4003000,  168173748, c++, iotlab1, sing, 8
7114591.exe ,  2.96,  1.23,  1.18,  0.08,  0.00,  155029293,  153036000,    2000000,  168662629, c++, iotlab1, sing, 8
7114591.exe ,  2.96,  1.20,  1.15,  0.08,  0.00,  157534880,  155548000,    2007000,  171168171, c++, iotlab1, sing, 8
7114591.exe ,  2.94,  1.22,  1.18,  0.08,  0.00,  154537711,  150554000,    3988000,  167182963, c++, iotlab1, sing, 8
7114591.exe ,  2.96,  1.23,  1.19,  0.08,  0.00,  154650409,  151665000,    2993000,  168393478, c++, iotlab1, sing, 8
7114591.exe ,  2.97,  1.23,  1.18,  0.08,  0.00,  154614972,  149643000,    4988000,  167817172, c++, iotlab1, sing, 8
7114591.exe ,  2.95,  1.21,  1.17,  0.08,  0.00,  155662960,  150688000,    4989000,  168688277, c++, iotlab1, sing, 8
7114591.exe ,  3.03,  1.25,  1.20,  0.08,  0.00,  156722233,  148738000,    7985000,  170213166, c++, iotlab1, sing, 8
7114591.exe ,  3.02,  1.21,  1.16,  0.08,  0.00,  157462629,  154446000,    3008000,  170906353, c++, iotlab1, sing, 8
7114591.exe ,  2.93,  1.20,  1.15,  0.08,  0.00,  157647813,  153603000,    4015000,  171101848, c++, iotlab1, sing, 8
722901.exe  ,  2.10,  0.87,  0.84,  0.06,  0.00,  109440706,  106428000,    3012000,  123080174, c++, iotlab1, sing, 8
722901.exe  ,  2.09,  0.86,  0.83,  0.06,  0.00,  110730629,  106636000,    3986000,  124633281, c++, iotlab1, sing, 8
722901.exe  ,  2.10,  0.87,  0.84,  0.06,  0.00,  110005222,  105008000,    5000000,  122904668, c++, iotlab1, sing, 8
722901.exe  ,  2.09,  0.85,  0.82,  0.06,  0.00,  111894884,  106853000,    5040000,  125686172, c++, iotlab1, sing, 8
722901.exe  ,  2.11,  0.87,  0.84,  0.06,  0.00,  109787982,  105755000,    4028000,  123202685, c++, iotlab1, sing, 8
722901.exe  ,  2.11,  0.88,  0.84,  0.06,  0.00,  110163493,  106166000,    4006000,  123289474, c++, iotlab1, sing, 8
722901.exe  ,  2.10,  0.87,  0.83,  0.06,  0.00,  110822953,  104704000,    5983000,  124549578, c++, iotlab1, sing, 8
722901.exe  ,  2.09,  0.86,  0.82,  0.06,  0.00,  111084062,  106084000,    5003000,  124325975, c++, iotlab1, sing, 8
722901.exe  ,  2.10,  0.87,  0.83,  0.06,  0.00,  111095930,  108104000,    3002000,  124332064, c++, iotlab1, sing, 8
722901.exe  ,  2.10,  0.87,  0.84,  0.06,  0.00,  110653746,  105679000,    4984000,  123495066, c++, iotlab1, sing, 8
7350815.exe ,  3.05,  1.28,  1.23,  0.08,  0.00,  159785274,  158781000,    1004000,  172791715, c++, iotlab1, sing, 8
7350815.exe ,  3.04,  1.25,  1.21,  0.08,  0.00,  160296490,  157298000,    3005000,  173524376, c++, iotlab1, sing, 8
7350815.exe ,  3.04,  1.27,  1.22,  0.08,  0.00,  158760861,  155775000,    2995000,  171598151, c++, iotlab1, sing, 8
7350815.exe ,  3.04,  1.27,  1.22,  0.08,  0.00,  158966726,  155974000,    2999000,  172226500, c++, iotlab1, sing, 8
7350815.exe ,  3.02,  1.26,  1.22,  0.08,  0.00,  159688238,  156649000,    3012000,  172390621, c++, iotlab1, sing, 8
7350815.exe ,  3.05,  1.27,  1.22,  0.08,  0.00,  159466587,  154447000,    5014000,  172116454, c++, iotlab1, sing, 8
7350815.exe ,  3.04,  1.28,  1.23,  0.08,  0.00,  159985216,  155814000,    3995000,  172839073, c++, iotlab1, sing, 8
7350815.exe ,  3.02,  1.27,  1.22,  0.08,  0.00,  159093860,  154110000,    5003000,  172638989, c++, iotlab1, sing, 8
7350815.exe ,  3.03,  1.27,  1.22,  0.08,  0.00,  159035231,  156037000,    3000000,  172353151, c++, iotlab1, sing, 8
7350815.exe ,  3.03,  1.28,  1.23,  0.08,  0.00,  160160513,  153227000,    6964000,  173680806, c++, iotlab1, sing, 8
7356693.exe ,  3.19,  1.33,  1.28,  0.09,  0.00,  168564736,  166594000,    1995000,  181946684, c++, iotlab1, sing, 8
7356693.exe ,  3.20,  1.34,  1.29,  0.09,  0.00,  167902134,  165834000,    1998000,  181390334, c++, iotlab1, sing, 8
7356693.exe ,  3.20,  1.34,  1.29,  0.09,  0.00,  168738275,  164744000,    3993000,  182022618, c++, iotlab1, sing, 8
7356693.exe ,  3.19,  1.33,  1.27,  0.09,  0.00,  169655898,  166614000,    3011000,  182568815, c++, iotlab1, sing, 8
7356693.exe ,  3.20,  1.31,  1.26,  0.09,  0.00,  171205579,  167260000,    3982000,  185000641, c++, iotlab1, sing, 8
7356693.exe ,  3.20,  1.33,  1.29,  0.09,  0.00,  168503753,  164512000,    3988000,  181397668, c++, iotlab1, sing, 8
7356693.exe ,  3.19,  1.33,  1.29,  0.09,  0.00,  168343053,  166367000,    1992000,  181466023, c++, iotlab1, sing, 8
7356693.exe ,  3.21,  1.33,  1.29,  0.09,  0.00,  168388965,  166409000,    1992000,  181821065, c++, iotlab1, sing, 8
7356693.exe ,  3.19,  1.31,  1.26,  0.09,  0.00,  170016934,  166058000,    3977000,  183211599, c++, iotlab1, sing, 8
7356693.exe ,  3.19,  1.33,  1.28,  0.09,  0.00,  168934486,  165934000,    2998000,  182596942, c++, iotlab1, sing, 8
7474778.exe ,  6.51,  2.71,  2.61,  0.18,  0.00,  340505754,  336502000,    3994000,  354833821, c++, iotlab1, sing, 8
7474778.exe ,  6.53,  2.70,  2.60,  0.17,  0.00,  339105988,  334151000,    4987000,  351768330, c++, iotlab1, sing, 8
7474778.exe ,  6.45,  2.71,  2.60,  0.18,  0.00,  339164132,  332131000,    6981000,  351841075, c++, iotlab1, sing, 8
7474778.exe ,  6.45,  2.70,  2.60,  0.17,  0.00,  339188478,  333197000,    6003000,  352754871, c++, iotlab1, sing, 8
7474778.exe ,  6.42,  2.70,  2.60,  0.17,  0.00,  339540162,  335579000,    3994000,  352388413, c++, iotlab1, sing, 8
7474778.exe ,  6.43,  2.70,  2.60,  0.17,  0.00,  339006540,  335972000,    2999000,  352475063, c++, iotlab1, sing, 8
7474778.exe ,  6.45,  2.69,  2.59,  0.17,  0.00,  339001192,  336027000,    3009000,  352550658, c++, iotlab1, sing, 8
7474778.exe ,  6.58,  2.70,  2.60,  0.17,  0.00,  338454898,  334491000,    3993000,  352172262, c++, iotlab1, sing, 8
7474778.exe ,  6.45,  2.69,  2.59,  0.17,  0.00,  338622414,  337633000,    1001000,  351280168, c++, iotlab1, sing, 8
7474778.exe ,  6.45,  2.68,  2.59,  0.17,  0.00,  337373810,  333359000,    4004000,  350171794, c++, iotlab1, sing, 8
7512000.exe ,  5.79,  2.42,  2.33,  0.16,  0.00,  304178655,  300130000,    4001000,  316734464, c++, iotlab1, sing, 8
7512000.exe ,  5.81,  2.43,  2.34,  0.16,  0.00,  304897028,  298917000,    5998000,  317625736, c++, iotlab1, sing, 8
7512000.exe ,  5.80,  2.41,  2.32,  0.16,  0.00,  303220504,  297152000,    6003000,  316087006, c++, iotlab1, sing, 8
7512000.exe ,  5.79,  2.41,  2.32,  0.16,  0.00,  304432825,  299461000,    4991000,  317596704, c++, iotlab1, sing, 8
7512000.exe ,  5.82,  2.43,  2.33,  0.16,  0.00,  305551417,  299591000,    5991000,  318813020, c++, iotlab1, sing, 8
7512000.exe ,  5.83,  2.44,  2.35,  0.16,  0.00,  305660976,  301631000,    4008000,  318586267, c++, iotlab1, sing, 8
7512000.exe ,  5.86,  2.43,  2.34,  0.16,  0.00,  304889588,  299875000,    5014000,  318102647, c++, iotlab1, sing, 8
7512000.exe ,  5.82,  2.44,  2.34,  0.16,  0.00,  305859952,  302874000,    3008000,  318989590, c++, iotlab1, sing, 8
7512000.exe ,  5.82,  2.44,  2.34,  0.16,  0.00,  306763665,  303787000,    3007000,  320010960, c++, iotlab1, sing, 8
7512000.exe ,  5.83,  2.44,  2.34,  0.16,  0.00,  305581495,  301600000,    4007000,  318442491, c++, iotlab1, sing, 8
7779130.exe ,  6.02,  2.50,  2.41,  0.16,  0.00,  315201427,  311219000,    4002000,  329120694, c++, iotlab1, sing, 8
7779130.exe ,  5.95,  2.49,  2.40,  0.16,  0.00,  314020131,  311020000,    3009000,  327231014, c++, iotlab1, sing, 8
7779130.exe ,  6.01,  2.51,  2.41,  0.16,  0.00,  314406626,  310359000,    4004000,  327035024, c++, iotlab1, sing, 8
7779130.exe ,  5.99,  2.49,  2.40,  0.16,  0.00,  315920958,  313926000,    2005000,  329544568, c++, iotlab1, sing, 8
7779130.exe ,  5.97,  2.50,  2.41,  0.16,  0.00,  313976035,  307972000,    5999000,  326835121, c++, iotlab1, sing, 8
7779130.exe ,  5.98,  2.51,  2.42,  0.16,  0.00,  314820924,  310762000,    3996000,  327715101, c++, iotlab1, sing, 8
7779130.exe ,  5.98,  2.51,  2.41,  0.16,  0.00,  314097725,  312107000,    2000000,  326822553, c++, iotlab1, sing, 8
7779130.exe ,  5.97,  2.50,  2.41,  0.16,  0.00,  314094339,  313126000,    1000000,  327026404, c++, iotlab1, sing, 8
7779130.exe ,  5.93,  2.51,  2.41,  0.16,  0.00,  314927853,  309963000,    4999000,  328438657, c++, iotlab1, sing, 8
7779130.exe ,  5.99,  2.51,  2.41,  0.16,  0.00,  314482895,  312422000,    2002000,  328049109, c++, iotlab1, sing, 8
8247616.exe ,  2.93,  1.22,  1.18,  0.08,  0.00,  155157271,  151153000,    4004000,  168066398, c++, iotlab1, sing, 8
8247616.exe ,  2.94,  1.23,  1.18,  0.08,  0.00,  155507283,  153486000,    2006000,  169250254, c++, iotlab1, sing, 8
8247616.exe ,  2.94,  1.22,  1.18,  0.08,  0.00,  155873165,  152870000,    2997000,  168825540, c++, iotlab1, sing, 8
8247616.exe ,  2.94,  1.21,  1.16,  0.08,  0.00,  156897091,  151957000,    4965000,  170071843, c++, iotlab1, sing, 8
8247616.exe ,  3.04,  1.19,  1.14,  0.08,  0.00,  159544460,  153552000,    6021000,  173874575, c++, iotlab1, sing, 8
8247616.exe ,  2.93,  1.23,  1.19,  0.08,  0.00,  154804021,  150604000,    3989000,  167718829, c++, iotlab1, sing, 8
8247616.exe ,  2.96,  1.23,  1.18,  0.08,  0.00,  154747107,  149685000,    4989000,  167397786, c++, iotlab1, sing, 8
8247616.exe ,  2.95,  1.22,  1.17,  0.08,  0.00,  155714899,  152729000,    2994000,  168768656, c++, iotlab1, sing, 8
8247616.exe ,  2.93,  1.23,  1.18,  0.08,  0.00,  154358260,  151355000,    3007000,  167688958, c++, iotlab1, sing, 8
8247616.exe ,  2.95,  1.22,  1.18,  0.08,  0.00,  155904909,  151905000,    3997000,  168572208, c++, iotlab1, sing, 8
8445631.exe ,  3.08,  1.30,  1.25,  0.08,  0.00,  162568857,  161563000,    1003000,  175612491, c++, iotlab1, sing, 8
8445631.exe ,  3.06,  1.28,  1.23,  0.08,  0.00,  163478404,  160399000,    3007000,  177263781, c++, iotlab1, sing, 8
8445631.exe ,  3.07,  1.29,  1.24,  0.08,  0.00,  161930028,  160946000,    1005000,  174657915, c++, iotlab1, sing, 8
8445631.exe ,  3.08,  1.30,  1.25,  0.08,  0.00,  162705791,  159712000,    2994000,  176381201, c++, iotlab1, sing, 8
8445631.exe ,  3.07,  1.29,  1.24,  0.08,  0.00,  162004191,  159014000,    3000000,  175130464, c++, iotlab1, sing, 8
8445631.exe ,  3.08,  1.29,  1.24,  0.08,  0.00,  162210755,  159214000,    3004000,  175032872, c++, iotlab1, sing, 8
8445631.exe ,  3.09,  1.30,  1.25,  0.08,  0.00,  162542363,  157557000,    4986000,  176262623, c++, iotlab1, sing, 8
8445631.exe ,  3.08,  1.29,  1.24,  0.08,  0.00,  162609195,  158636000,    3990000,  175896186, c++, iotlab1, sing, 8
8445631.exe ,  3.07,  1.29,  1.25,  0.08,  0.00,  162360561,  160361000,    2004000,  176018274, c++, iotlab1, sing, 8
8445631.exe ,  3.09,  1.29,  1.24,  0.08,  0.00,  163524456,  162438000,    1002000,  176366153, c++, iotlab1, sing, 8
907797.exe  ,  3.74,  1.55,  1.48,  0.10,  0.00,  197408603,  192409000,    5010000,  210563323, c++, iotlab1, sing, 8
907797.exe  ,  3.72,  1.55,  1.49,  0.10,  0.00,  197756267,  189778000,    7990000,  211221491, c++, iotlab1, sing, 8
907797.exe  ,  3.74,  1.56,  1.50,  0.10,  0.00,  195957972,  186972000,    8998000,  208739256, c++, iotlab1, sing, 8
907797.exe  ,  3.73,  1.56,  1.50,  0.10,  0.00,  195808443,  192708000,    3011000,  208263648, c++, iotlab1, sing, 8
907797.exe  ,  3.76,  1.57,  1.50,  0.10,  0.00,  196127455,  187114000,    9005000,  208997891, c++, iotlab1, sing, 8
907797.exe  ,  3.73,  1.55,  1.50,  0.10,  0.00,  196677739,  188695000,    7987000,  209420869, c++, iotlab1, sing, 8
907797.exe  ,  3.74,  1.56,  1.50,  0.10,  0.00,  195663711,  191656000,    4013000,  209178237, c++, iotlab1, sing, 8
907797.exe  ,  3.74,  1.56,  1.50,  0.10,  0.00,  195900983,  186864000,    9041000,  209295015, c++, iotlab1, sing, 8
907797.exe  ,  3.71,  1.55,  1.50,  0.10,  0.00,  195682398,  189695000,    5990000,  208572931, c++, iotlab1, sing, 8
907797.exe  ,  3.73,  1.56,  1.50,  0.10,  0.00,  195823715,  188836000,    6993000,  209616260, c++, iotlab1, sing, 8
911603.exe  ,  2.66,  1.08,  1.04,  0.07,  0.00,  142322570,  136300000,    6013000,  155604335, c++, iotlab1, sing, 8
911603.exe  ,  2.68,  1.11,  1.07,  0.07,  0.00,  140332307,  134369000,    5971000,  153028064, c++, iotlab1, sing, 8
911603.exe  ,  2.67,  1.09,  1.05,  0.07,  0.00,  142172612,  137172000,    5006000,  155786592, c++, iotlab1, sing, 8
911603.exe  ,  2.67,  1.11,  1.07,  0.07,  0.00,  139970597,  135960000,    3998000,  152915706, c++, iotlab1, sing, 8
911603.exe  ,  2.67,  1.10,  1.06,  0.07,  0.00,  140268182,  133302000,    6963000,  153703551, c++, iotlab1, sing, 8
911603.exe  ,  2.68,  1.11,  1.07,  0.07,  0.00,  141027566,  134960000,    5998000,  153939713, c++, iotlab1, sing, 8
911603.exe  ,  2.66,  1.10,  1.06,  0.07,  0.00,  141127273,  137005000,    4000000,  154458324, c++, iotlab1, sing, 8
911603.exe  ,  2.66,  1.11,  1.06,  0.07,  0.00,  140082147,  135076000,    5002000,  153112043, c++, iotlab1, sing, 8
911603.exe  ,  2.67,  1.10,  1.06,  0.07,  0.00,  140319746,  136305000,    4008000,  152969968, c++, iotlab1, sing, 8
911603.exe  ,  2.67,  1.11,  1.07,  0.07,  0.00,  139994899,  133993000,    5999000,  153260304, c++, iotlab1, sing, 8
993680.exe  ,  3.01,  1.24,  1.19,  0.09,  0.00,  157971560,  148955000,    8997000,  171904871, c++, iotlab1, sing, 8
993680.exe  ,  3.00,  1.24,  1.20,  0.09,  0.00,  157882317,  153888000,    3997000,  171163621, c++, iotlab1, sing, 8
993680.exe  ,  3.01,  1.24,  1.20,  0.08,  0.00,  157868708,  149955000,    7944000,  170792102, c++, iotlab1, sing, 8
993680.exe  ,  3.02,  1.24,  1.18,  0.09,  0.00,  159338780,  152378000,    6971000,  172613847, c++, iotlab1, sing, 8
993680.exe  ,  3.01,  1.25,  1.19,  0.09,  0.00,  158703408,  154707000,    3992000,  171879182, c++, iotlab1, sing, 8
993680.exe  ,  3.01,  1.24,  1.19,  0.09,  0.00,  159684274,  151634000,    8033000,  172662518, c++, iotlab1, sing, 8
993680.exe  ,  3.02,  1.26,  1.21,  0.09,  0.00,  157946773,  152916000,    5030000,  170576248, c++, iotlab1, sing, 8
993680.exe  ,  3.00,  1.26,  1.21,  0.08,  0.00,  157880947,  153787000,    4020000,  171028585, c++, iotlab1, sing, 8
993680.exe  ,  2.99,  1.24,  1.19,  0.08,  0.00,  158169665,  152173000,    6006000,  170745052, c++, iotlab1, sing, 8
993680.exe  ,  2.99,  1.25,  1.21,  0.08,  0.00,  157598708,  150583000,    7027000,  170381804, c++, iotlab1, sing, 8
