file,psys,pkg,cores,ram,gpu,duration_time,user_time,system_time,perf_time,lang,machine,cores,power_limit
10047712    , 593.13, 303.65, 296.60, 11.74,  0.00, 23315854089, 23250933000,   30997000, 23355293370, python, iotlab1, mult, 0
10047712    , 595.46, 304.05, 296.99, 11.75,  0.00, 23346367395, 23328973000,   18000000, 23358777595, python, iotlab1, mult, 0
10047712    , 577.39, 297.40, 290.63, 11.35,  0.00, 22483178870, 22461468000,   20998000, 22495642120, python, iotlab1, mult, 0
10047712    , 567.50, 290.40, 283.70, 11.15,  0.00, 22153148703, 22139557000,   11999000, 22165572689, python, iotlab1, mult, 0
10047712    , 592.63, 303.94, 296.95, 11.62,  0.00, 23094983651, 23076068000,   17999000, 23107435206, python, iotlab1, mult, 0
10047712    , 582.19, 297.58, 290.87, 11.30,  0.00, 22381389927, 22362183000,   16997000, 22393735399, python, iotlab1, mult, 0
10047712    , 582.37, 297.05, 290.31, 11.29,  0.00, 22409949358, 22383860000,   23997000, 22422278353, python, iotlab1, mult, 0
10047712    , 582.98, 299.41, 292.62, 11.41,  0.00, 22657469058, 22642211000,   13999000, 22670004639, python, iotlab1, mult, 0
10047712    , 580.66, 297.29, 290.54, 11.25,  0.00, 22244380111, 22220857000,   20997000, 22256831162, python, iotlab1, mult, 0
10047712    , 596.57, 305.43, 298.36, 11.67,  0.00, 23194913378, 23172617000,   20997000, 23207280238, python, iotlab1, mult, 0
10558568    , 610.37, 310.32, 303.21, 11.85,  0.00, 23469226356, 23417598000,   19997000, 23481580957, python, iotlab1, mult, 0
10558568    , 617.61, 312.57, 305.39, 11.92,  0.00, 23690311004, 23668899000,   18998000, 23702687724, python, iotlab1, mult, 0
10558568    , 582.04, 298.63, 291.80, 11.40,  0.00, 22648438571, 22627962000,   18999000, 22660971588, python, iotlab1, mult, 0
10558568    , 646.48, 311.39, 304.22, 11.94,  0.00, 23651923248, 23628507000,   21998000, 23664343059, python, iotlab1, mult, 0
10558568    , 615.61, 309.93, 302.84, 11.79,  0.00, 23411398753, 23397866000,   10998000, 23423701216, python, iotlab1, mult, 0
10558568    , 573.44, 294.64, 287.84, 11.26,  0.00, 22360024653, 22339687000,   18998000, 22372580078, python, iotlab1, mult, 0
10558568    , 615.61, 300.19, 293.30, 11.45,  0.00, 22668303310, 22648924000,   16998000, 22680786435, python, iotlab1, mult, 0
10558568    , 631.94, 321.47, 314.15, 12.13,  0.00, 24102110655, 24082734000,   16998000, 24114474335, python, iotlab1, mult, 0
10558568    , 592.52, 304.72, 297.80, 11.56,  0.00, 22898373951, 22878830000,   16998000, 22910798860, python, iotlab1, mult, 0
10558568    , 599.19, 307.07, 300.07, 11.64,  0.00, 23130770350, 23109341000,   18997000, 23143177138, python, iotlab1, mult, 0
10584343    , 229.04, 117.56, 114.88,  4.46,  0.00, 8833252865, 8814199000,   18000000, 8846085453, python, iotlab1, mult, 0
10584343    , 231.82, 119.45, 116.74,  4.48,  0.00, 8879410051, 8861349000,   16996000, 8891781484, python, iotlab1, mult, 0
10584343    , 224.84, 115.82, 113.19,  4.38,  0.00, 8674261313, 8657780000,   15997000, 8686938610, python, iotlab1, mult, 0
10584343    , 235.04, 121.81, 119.11,  4.53,  0.00, 8910084149, 8885351000,   23995000, 8922546917, python, iotlab1, mult, 0
10584343    , 230.46, 118.43, 115.75,  4.47,  0.00, 8853407040, 8826871000,   25999000, 8866147271, python, iotlab1, mult, 0
10584343    , 228.14, 117.72, 115.06,  4.40,  0.00, 8727241164, 8707383000,   18996000, 8739602835, python, iotlab1, mult, 0
10584343    , 227.95, 117.64, 114.98,  4.42,  0.00, 8763166522, 8742596000,   19999000, 8775651409, python, iotlab1, mult, 0
10584343    , 226.64, 116.38, 113.74,  4.39,  0.00, 8708437095, 8690538000,   16999000, 8720801787, python, iotlab1, mult, 0
10584343    , 226.10, 115.49, 112.87,  4.38,  0.00, 8690346239, 8672502000,   16997000, 8702810546, python, iotlab1, mult, 0
10584343    , 225.94, 115.49, 112.86,  4.38,  0.00, 8692999588, 8669400000,   23001000, 8705334966, python, iotlab1, mult, 0
10584443    , 305.21, 144.52, 141.19,  5.57,  0.00, 10976794709, 10950505000,   24996000, 10989789024, python, iotlab1, mult, 0
10584443    , 289.79, 148.79, 145.42,  5.59,  0.00, 11082763994, 11059319000,   21996000, 11095093223, python, iotlab1, mult, 0
10584443    , 299.53, 145.65, 142.31,  5.54,  0.00, 11000516578, 10983894000,   15998000, 11012988118, python, iotlab1, mult, 0
10584443    , 300.57, 144.00, 140.68,  5.52,  0.00, 10950367956, 10930255000,   18996000, 10962853031, python, iotlab1, mult, 0
10584443    , 286.35, 147.04, 143.72,  5.54,  0.00, 10998256097, 10977166000,   19998000, 11010623617, python, iotlab1, mult, 0
10584443    , 295.93, 145.09, 141.75,  5.54,  0.00, 10984352787, 10972689000,   10999000, 10996657918, python, iotlab1, mult, 0
10584443    , 290.12, 147.94, 144.60,  5.59,  0.00, 11009070236, 10981776000,   24997000, 11021373486, python, iotlab1, mult, 0
10584443    , 287.64, 146.59, 143.25,  5.56,  0.00, 11029653623, 11009011000,   19998000, 11041983022, python, iotlab1, mult, 0
10584443    , 292.75, 150.70, 147.30,  5.64,  0.00, 11192530134, 11176876000,   14998000, 11204915693, python, iotlab1, mult, 0
10584443    , 289.83, 149.45, 146.09,  5.58,  0.00, 11064088841, 11047042000,   15998000, 11076547987, python, iotlab1, mult, 0
10778147    , 849.90, 435.31, 425.41, 16.53,  0.00, 32784612205, 32760175000,   20997000, 32797086909, python, iotlab1, mult, 0
10778147    , 847.77, 436.77, 426.84, 16.44,  0.00, 32691733236, 32677498000,   10998000, 32704071491, python, iotlab1, mult, 0
10778147    , 862.71, 442.21, 432.16, 16.76,  0.00, 33238005500, 33209417000,   24997000, 33250268995, python, iotlab1, mult, 0
10778147    , 892.99, 459.15, 448.71, 17.28,  0.00, 34349834843, 34329407000,   16998000, 34362193020, python, iotlab1, mult, 0
10778147    , 856.48, 440.64, 430.68, 16.55,  0.00, 32820866978, 32787360000,   29998000, 32833207342, python, iotlab1, mult, 0
10778147    , 886.84, 459.03, 448.70, 17.13,  0.00, 34067899010, 34050941000,   14999000, 34080204996, python, iotlab1, mult, 0
10778147    , 841.68, 435.86, 425.99, 16.40,  0.00, 32542669903, 32526270000,   12998000, 32555068855, python, iotlab1, mult, 0
10778147    , 865.10, 446.77, 436.67, 16.75,  0.00, 33311169731, 33291260000,   17999000, 33323553554, python, iotlab1, mult, 0
10778147    , 844.44, 435.59, 425.74, 16.31,  0.00, 32338008613, 32334319000,   13003000, 32350394181, python, iotlab1, mult, 0
10778147    , 862.02, 443.79, 433.72, 16.84,  0.00, 33400974537, 33391589000,   17004000, 33413300960, python, iotlab1, mult, 0
10901864    , 939.44, 485.54, 474.65, 18.11,  0.00, 36004477176, 35978630000,   15003000, 36017603263, python, iotlab1, mult, 0
10901864    , 926.97, 478.82, 468.07, 17.86,  0.00, 35429476409, 35412310000,   21001000, 35441932032, python, iotlab1, mult, 0
10901864    , 971.05, 500.55, 489.21, 18.76,  0.00, 37287732722, 37268088000,   24002000, 37300361605, python, iotlab1, mult, 0
10901864    , 1036.64, 533.31, 521.30, 19.98,  0.00, 39656119116, 39643750000,   14001000, 39668527756, python, iotlab1, mult, 0
10901864    , 969.46, 499.53, 488.25, 18.73,  0.00, 37177495633, 37165677000,   14001000, 37189868040, python, iotlab1, mult, 0
10901864    , 997.36, 514.83, 503.20, 19.32,  0.00, 38413560335, 38396167000,   19000000, 38425871975, python, iotlab1, mult, 0
10901864    , 985.46, 510.76, 499.21, 19.03,  0.00, 37759496576, 37735617000,   25000000, 37771696142, python, iotlab1, mult, 0
10901864    , 979.38, 509.78, 498.24, 19.01,  0.00, 37793038745, 37771672000,   22000000, 37805369118, python, iotlab1, mult, 0
10901864    , 996.24, 516.52, 504.96, 19.22,  0.00, 38136377642, 38119050000,   15999000, 38148985556, python, iotlab1, mult, 0
10901864    , 1007.72, 511.58, 500.09, 19.09,  0.00, 37890439601, 37872155000,   16999000, 37902896898, python, iotlab1, mult, 0
11011655    , 521.11, 268.00, 261.90, 10.18,  0.00, 20223997757, 20198918000,   23998000, 20236373385, python, iotlab1, mult, 0
11011655    , 523.87, 269.36, 263.19, 10.22,  0.00, 20306475303, 20289532000,   17000000, 20318965419, python, iotlab1, mult, 0
11011655    , 523.99, 269.82, 263.70, 10.23,  0.00, 20252171346, 20233566000,   16999000, 20264686942, python, iotlab1, mult, 0
11011655    , 523.85, 270.31, 264.16, 10.18,  0.00, 20238068580, 20217363000,   19999000, 20250536285, python, iotlab1, mult, 0
11011655    , 524.53, 269.40, 263.28, 10.20,  0.00, 20280742924, 20263827000,   15999000, 20293130032, python, iotlab1, mult, 0
11011655    , 526.53, 270.48, 264.36, 10.22,  0.00, 20246317998, 20224594000,   20999000, 20258663738, python, iotlab1, mult, 0
11011655    , 518.20, 267.55, 261.48, 10.18,  0.00, 20223119865, 20205161000,   18000000, 20235504260, python, iotlab1, mult, 0
11011655    , 521.42, 270.77, 264.64, 10.17,  0.00, 20213537510, 20194721000,   17998000, 20225869785, python, iotlab1, mult, 0
11011655    , 524.02, 271.95, 265.80, 10.22,  0.00, 20245881118, 20229928000,   14999000, 20258295731, python, iotlab1, mult, 0
11011655    , 521.67, 268.94, 262.83, 10.18,  0.00, 20229434564, 20212459000,   17000000, 20241742459, python, iotlab1, mult, 0
11058015    , 708.35, 368.12, 359.81, 13.67,  0.00, 27160590786, 27134319000,   25999000, 27173096161, python, iotlab1, mult, 0
11058015    , 745.38, 385.11, 376.42, 14.44,  0.00, 28626197438, 28605575000,   18999000, 28638618418, python, iotlab1, mult, 0
11058015    , 739.17, 374.26, 365.80, 14.01,  0.00, 27848753361, 27828455000,   18998000, 27861046108, python, iotlab1, mult, 0
11058015    , 730.43, 380.85, 372.36, 14.04,  0.00, 27823517287, 27802344000,   20999000, 27835960921, python, iotlab1, mult, 0
11058015    , 699.04, 360.29, 352.16, 13.40,  0.00, 26631728853, 26606599000,   24999000, 26644181087, python, iotlab1, mult, 0
11058015    , 736.01, 380.92, 372.32, 14.14,  0.00, 28034329288, 28019242000,   15000000, 28046628620, python, iotlab1, mult, 0
11058015    , 709.31, 365.48, 357.23, 13.66,  0.00, 27150121038, 27129955000,   18999000, 27162481349, python, iotlab1, mult, 0
11058015    , 695.98, 355.72, 347.64, 13.46,  0.00, 26746417415, 26727397000,   18999000, 26758938748, python, iotlab1, mult, 0
11058015    , 728.92, 376.25, 367.80, 14.01,  0.00, 27775633368, 27752246000,   21998000, 27787910314, python, iotlab1, mult, 0
11058015    , 719.37, 370.68, 362.35, 13.85,  0.00, 27529196686, 27506152000,   23000000, 27541549177, python, iotlab1, mult, 0
11100196    , 965.26, 498.99, 487.69, 18.58,  0.00, 36840590393, 36817284000,   22999000, 36853085901, python, iotlab1, mult, 0
11100196    , 991.40, 508.93, 497.41, 19.20,  0.00, 38087985965, 38067198000,   19000000, 38100339261, python, iotlab1, mult, 0
11100196    , 1021.07, 523.44, 511.57, 19.55,  0.00, 38850987789, 38835804000,   15000000, 38863333853, python, iotlab1, mult, 0
11100196    , 981.76, 507.46, 496.04, 18.92,  0.00, 37523044317, 37496038000,   24998000, 37535499697, python, iotlab1, mult, 0
11100196    , 998.27, 517.19, 505.45, 19.26,  0.00, 38279383970, 38265175000,   14000000, 38291869888, python, iotlab1, mult, 0
11100196    , 935.99, 484.25, 473.40, 18.02,  0.00, 35738331562, 35721661000,   14999000, 35750843445, python, iotlab1, mult, 0
11100196    , 969.95, 503.02, 491.63, 18.75,  0.00, 37190881118, 37175018000,   13999000, 37203309466, python, iotlab1, mult, 0
11100196    , 981.10, 506.28, 494.88, 18.95,  0.00, 37650069229, 37629898000,   19999000, 37662405792, python, iotlab1, mult, 0
11100196    , 991.46, 511.61, 500.09, 19.14,  0.00, 37966537330, 37954755000,    9999000, 37978959085, python, iotlab1, mult, 0
11100196    , 990.45, 512.31, 500.67, 19.09,  0.00, 37931324658, 37909123000,   21999000, 37943696975, python, iotlab1, mult, 0
11127186    , 652.01, 338.22, 330.56, 12.72,  0.00, 25176716615, 25142504000,   32000000, 25189173535, python, iotlab1, mult, 0
11127186    , 659.61, 342.24, 334.45, 12.82,  0.00, 25458659873, 25438398000,   19999000, 25470969755, python, iotlab1, mult, 0
11127186    , 668.63, 348.61, 340.73, 13.00,  0.00, 25742410744, 25721225000,   21000000, 25754824940, python, iotlab1, mult, 0
11127186    , 670.56, 348.03, 340.17, 13.05,  0.00, 25915091319, 25885760000,   27998000, 25927351723, python, iotlab1, mult, 0
11127186    , 655.73, 340.67, 333.00, 12.73,  0.00, 25283389573, 25254209000,   27998000, 25295812585, python, iotlab1, mult, 0
11127186    , 681.53, 352.95, 345.09, 13.14,  0.00, 26025322673, 25997419000,   25998000, 26037797458, python, iotlab1, mult, 0
11127186    , 676.78, 350.80, 342.83, 13.08,  0.00, 25981693107, 25956547000,   24999000, 25994061053, python, iotlab1, mult, 0
11127186    , 653.52, 337.65, 330.00, 12.66,  0.00, 25063896380, 25041722000,   21999000, 25076462585, python, iotlab1, mult, 0
11127186    , 714.18, 369.41, 361.03, 13.78,  0.00, 27364749811, 27341590000,   22999000, 27377131381, python, iotlab1, mult, 0
11127186    , 663.01, 343.38, 335.62, 12.88,  0.00, 25498469409, 25475408000,   22999000, 25510813131, python, iotlab1, mult, 0
11432197    , 1097.73, 570.00, 557.09, 21.38,  0.00, 42495267769, 42351896000,   23000000, 42507696514, python, iotlab1, mult, 0
11432197    , 1213.88, 581.99, 568.70, 21.93,  0.00, 43511892676, 43495899000,   15999000, 43524365872, python, iotlab1, mult, 0
11432197    , 1104.70, 569.62, 556.73, 21.29,  0.00, 42246808311, 42228196000,   17000000, 42259228322, python, iotlab1, mult, 0
11432197    , 1161.38, 589.79, 576.36, 22.34,  0.00, 44415201236, 44398243000,   14999000, 44427575227, python, iotlab1, mult, 0
11432197    , 1127.72, 583.52, 570.48, 21.68,  0.00, 43034873165, 43014626000,   17999000, 43047185255, python, iotlab1, mult, 0
11432197    , 1163.26, 581.69, 568.44, 21.99,  0.00, 43634800417, 43607141000,   26000000, 43647132800, python, iotlab1, mult, 0
11432197    , 1180.04, 612.83, 599.10, 22.87,  0.00, 45442355402, 45420922000,   20999000, 45454749694, python, iotlab1, mult, 0
11432197    , 1209.71, 625.63, 611.55, 23.42,  0.00, 46502965801, 46486857000,   14999000, 46517971836, python, iotlab1, mult, 0
11432197    , 1087.46, 562.31, 549.80, 20.90,  0.00, 41473306330, 41454396000,   16999000, 41485771337, python, iotlab1, mult, 0
11432197    , 1177.17, 607.46, 593.91, 22.65,  0.00, 44965852656, 44947068000,   17000000, 44978189350, python, iotlab1, mult, 0
11525797    , 665.65, 343.56, 335.90, 12.84,  0.00, 25495968220, 25441943000,   28998000, 25509042868, python, iotlab1, mult, 0
11525797    , 670.41, 346.54, 338.81, 12.92,  0.00, 25651470340, 25627375000,   23999000, 25663868402, python, iotlab1, mult, 0
11525797    , 669.05, 345.33, 337.61, 12.92,  0.00, 25584736162, 25564924000,   17999000, 25597270006, python, iotlab1, mult, 0
11525797    , 658.73, 341.19, 333.42, 12.71,  0.00, 25236974876, 25214990000,   21999000, 25249399193, python, iotlab1, mult, 0
11525797    , 645.53, 333.86, 326.37, 12.45,  0.00, 24648660451, 24620292000,   26998000, 24661081981, python, iotlab1, mult, 0
11525797    , 649.28, 335.85, 328.26, 12.57,  0.00, 24971695084, 24949754000,   20999000, 24983984989, python, iotlab1, mult, 0
11525797    , 646.84, 334.27, 326.79, 12.52,  0.00, 24842554381, 24813497000,   27000000, 24855005568, python, iotlab1, mult, 0
11525797    , 648.56, 336.26, 328.81, 12.52,  0.00, 24809863358, 24792486000,   15999000, 24822303124, python, iotlab1, mult, 0
11525797    , 639.21, 332.24, 324.69, 12.36,  0.00, 24545198857, 24527148000,   18000000, 24557644047, python, iotlab1, mult, 0
11525797    , 689.62, 356.67, 348.78, 13.26,  0.00, 26262140276, 26237432000,   22998000, 26274571306, python, iotlab1, mult, 0
11761846    , 367.50, 190.42, 186.09,  7.13,  0.00, 14159697332, 14147469000,   11999000, 14172143425, python, iotlab1, mult, 0
11761846    , 370.19, 191.31, 187.02,  7.14,  0.00, 14184278137, 14163112000,   20998000, 14196654633, python, iotlab1, mult, 0
11761846    , 372.64, 192.65, 188.27,  7.18,  0.00, 14253061869, 14234035000,   19000000, 14265301341, python, iotlab1, mult, 0
11761846    , 372.57, 192.65, 188.30,  7.18,  0.00, 14186547925, 14159387000,   26998000, 14198909624, python, iotlab1, mult, 0
11761846    , 371.57, 191.92, 187.59,  7.16,  0.00, 14211089270, 14189340000,   20999000, 14223472996, python, iotlab1, mult, 0
11761846    , 373.24, 193.08, 188.77,  7.15,  0.00, 14202981218, 14184053000,   17998000, 14215423838, python, iotlab1, mult, 0
11761846    , 369.55, 191.26, 186.96,  7.12,  0.00, 14147680942, 14129000000,   18000000, 14160294020, python, iotlab1, mult, 0
11761846    , 373.72, 192.42, 188.10,  7.18,  0.00, 14183442389, 14166766000,   15998000, 14195942974, python, iotlab1, mult, 0
11761846    , 370.28, 189.20, 184.90,  7.14,  0.00, 14186177742, 14167004000,   18998000, 14198560244, python, iotlab1, mult, 0
11761846    , 373.94, 194.63, 190.30,  7.17,  0.00, 14243192762, 14224034000,   18998000, 14255604033, python, iotlab1, mult, 0
11793757    , 705.82, 363.96, 355.75, 13.54,  0.00, 26920738260, 26898342000,   20998000, 26933183679, python, iotlab1, mult, 0
11793757    , 687.71, 354.16, 346.16, 13.22,  0.00, 26202469157, 26180337000,   20999000, 26214752620, python, iotlab1, mult, 0
11793757    , 743.28, 382.52, 373.99, 14.25,  0.00, 28321718446, 28304707000,   16999000, 28334181738, python, iotlab1, mult, 0
11793757    , 733.92, 379.29, 370.73, 14.10,  0.00, 27959075306, 27932973000,   25999000, 27971510750, python, iotlab1, mult, 0
11793757    , 706.64, 365.39, 357.19, 13.56,  0.00, 26956703819, 26936460000,   18998000, 26969074718, python, iotlab1, mult, 0
11793757    , 761.54, 394.33, 385.41, 14.64,  0.00, 29026633184, 29010427000,   16000000, 29038954346, python, iotlab1, mult, 0
11793757    , 727.29, 376.10, 367.72, 14.03,  0.00, 27889171933, 27872128000,   16999000, 27901534266, python, iotlab1, mult, 0
11793757    , 728.32, 377.22, 368.87, 13.98,  0.00, 27708552892, 27691838000,   15000000, 27720921187, python, iotlab1, mult, 0
11793757    , 681.77, 354.65, 346.76, 13.23,  0.00, 26289788960, 26277725000,   11999000, 26302039822, python, iotlab1, mult, 0
11793757    , 708.95, 368.46, 360.13, 13.67,  0.00, 27175628000, 27164588000,   10999000, 27188186047, python, iotlab1, mult, 0
11818032    , 694.41, 361.85, 353.75, 13.40,  0.00, 26506712906, 26477392000,   28999000, 26519038526, python, iotlab1, mult, 0
11818032    , 713.29, 369.75, 361.40, 13.84,  0.00, 27459331839, 27431069000,   26999000, 27471794917, python, iotlab1, mult, 0
11818032    , 690.30, 356.77, 348.85, 13.25,  0.00, 26207202501, 26176453000,   29001000, 26219717399, python, iotlab1, mult, 0
11818032    , 670.46, 347.79, 339.94, 12.94,  0.00, 25675279252, 25647087000,   27999000, 25687606475, python, iotlab1, mult, 0
11818032    , 676.52, 350.79, 342.89, 13.16,  0.00, 26024509506, 26000692000,   21999000, 26037124321, python, iotlab1, mult, 0
11818032    , 655.85, 340.33, 332.70, 12.70,  0.00, 25199534031, 25176413000,   23000000, 25211858128, python, iotlab1, mult, 0
11818032    , 674.15, 350.68, 342.80, 13.04,  0.00, 25862795810, 25836636000,   25999000, 25875141272, python, iotlab1, mult, 0
11818032    , 657.07, 341.26, 333.69, 12.70,  0.00, 25117861431, 25087997000,   27999000, 25130291269, python, iotlab1, mult, 0
11818032    , 635.05, 329.11, 321.68, 12.37,  0.00, 24526954405, 24500847000,   25999000, 24539497545, python, iotlab1, mult, 0
11818032    , 689.20, 360.47, 352.36, 13.46,  0.00, 26634556390, 26595958000,   36997000, 26646853129, python, iotlab1, mult, 0
11870281    , 872.88, 451.25, 440.97, 17.05,  0.00, 33892078681, 33860108000,   29999000, 33904719487, python, iotlab1, mult, 0
11870281    , 874.04, 452.04, 441.78, 17.09,  0.00, 33906259182, 33880571000,   23998000, 33918691753, python, iotlab1, mult, 0
11870281    , 947.03, 487.01, 475.92, 18.47,  0.00, 36721325936, 36701733000,   17998000, 36733625550, python, iotlab1, mult, 0
11870281    , 890.05, 458.92, 448.46, 17.37,  0.00, 34453842415, 34427969000,   23999000, 34466196438, python, iotlab1, mult, 0
11870281    , 915.19, 471.60, 460.89, 17.80,  0.00, 35388949608, 35370391000,   16999000, 35401406897, python, iotlab1, mult, 0
11870281    , 927.72, 476.73, 465.87, 18.12,  0.00, 35954371981, 35930578000,   21999000, 35966742666, python, iotlab1, mult, 0
11870281    , 899.25, 464.44, 453.84, 17.64,  0.00, 34992410844, 34960769000,   29998000, 35004818477, python, iotlab1, mult, 0
11870281    , 897.99, 463.01, 452.33, 17.64,  0.00, 35063251980, 35044149000,   19000000, 35075661758, python, iotlab1, mult, 0
11870281    , 904.03, 469.02, 458.39, 17.66,  0.00, 35034520615, 35018771000,   13999000, 35046861129, python, iotlab1, mult, 0
11870281    , 888.51, 457.89, 447.36, 17.40,  0.00, 34587720698, 34566568000,   20999000, 34600134992, python, iotlab1, mult, 0
12162685    , 414.01, 214.16, 209.38,  8.02,  0.00, 15734983162, 15688905000,   43994000, 15748264591, python, iotlab1, mult, 0
12162685    , 424.78, 220.32, 215.35,  8.27,  0.00, 16307998398, 16261792000,   45999000, 16320357124, python, iotlab1, mult, 0
12162685    , 418.80, 216.56, 211.69,  8.12,  0.00, 16008519173, 15962274000,   45997000, 16020818874, python, iotlab1, mult, 0
12162685    , 394.59, 203.24, 198.62,  7.73,  0.00, 15232290576, 15187103000,   44997000, 15244642875, python, iotlab1, mult, 0
12162685    , 401.95, 207.81, 203.15,  7.80,  0.00, 15317538848, 15269665000,   46995000, 15329770579, python, iotlab1, mult, 0
12162685    , 433.67, 224.66, 219.58,  8.46,  0.00, 16697777376, 16651731000,   44999000, 16710156653, python, iotlab1, mult, 0
12162685    , 395.61, 203.41, 198.79,  7.72,  0.00, 15210528109, 15159598000,   49995000, 15222891760, python, iotlab1, mult, 0
12162685    , 398.22, 204.79, 200.13,  7.78,  0.00, 15343096646, 15296935000,   45999000, 15355575622, python, iotlab1, mult, 0
12162685    , 420.58, 218.96, 214.04,  8.21,  0.00, 16120500309, 16074288000,   46000000, 16132958669, python, iotlab1, mult, 0
12162685    , 396.97, 205.60, 201.02,  7.68,  0.00, 15126900840, 15075014000,   50996000, 15139393502, python, iotlab1, mult, 0
12248922    , 890.17, 458.60, 448.16, 17.45,  0.00, 34688600644, 34662918000,   23999000, 34700949370, python, iotlab1, mult, 0
12248922    , 954.10, 455.28, 444.69, 17.54,  0.00, 34803375350, 34782194000,   21000000, 34815758780, python, iotlab1, mult, 0
12248922    , 881.53, 454.71, 444.40, 17.25,  0.00, 34255361256, 34231772000,   21999000, 34267795771, python, iotlab1, mult, 0
12248922    , 884.56, 455.60, 445.28, 17.29,  0.00, 34333158379, 34310464000,   20999000, 34345568257, python, iotlab1, mult, 0
12248922    , 879.97, 454.62, 444.33, 17.31,  0.00, 34340533260, 34321472000,   17999000, 34352946577, python, iotlab1, mult, 0
12248922    , 893.73, 461.78, 451.29, 17.46,  0.00, 34712051655, 34695827000,   17000000, 34724564176, python, iotlab1, mult, 0
12248922    , 938.67, 484.54, 473.56, 18.45,  0.00, 36615850532, 36595968000,   18999000, 36628392009, python, iotlab1, mult, 0
12248922    , 886.55, 457.85, 447.34, 17.48,  0.00, 34752573301, 34736095000,   17000000, 34765014884, python, iotlab1, mult, 0
12248922    , 894.29, 465.43, 454.90, 17.56,  0.00, 34835243322, 34813783000,   22000000, 34847674940, python, iotlab1, mult, 0
12248922    , 896.87, 463.46, 452.82, 17.67,  0.00, 35137397071, 35121991000,   15999000, 35149851179, python, iotlab1, mult, 0
12372779    , 481.70, 247.50, 241.95,  9.25,  0.00, 18280399655, 18261431000,   17999000, 18292813976, python, iotlab1, mult, 0
12372779    , 472.68, 245.81, 240.28,  9.18,  0.00, 18230419601, 18213658000,   15998000, 18242866182, python, iotlab1, mult, 0
12372779    , 471.86, 243.80, 238.25,  9.23,  0.00, 18326595597, 18308806000,   18000000, 18338920585, python, iotlab1, mult, 0
12372779    , 477.25, 247.49, 241.94,  9.26,  0.00, 18321265988, 18299744000,   20999000, 18333659283, python, iotlab1, mult, 0
12372779    , 495.67, 254.81, 248.95,  9.72,  0.00, 19294478344, 19282755000,   12000000, 19306861557, python, iotlab1, mult, 0
12372779    , 479.58, 247.85, 242.22,  9.38,  0.00, 18631801365, 18613291000,   17999000, 18644256856, python, iotlab1, mult, 0
12372779    , 486.05, 251.59, 245.92,  9.46,  0.00, 18721674040, 18703361000,   16999000, 18733948713, python, iotlab1, mult, 0
12372779    , 511.10, 264.97, 258.98,  9.97,  0.00, 19794004411, 19765441000,   27997000, 19806457880, python, iotlab1, mult, 0
12372779    , 498.63, 257.45, 251.61,  9.71,  0.00, 19272368724, 19256587000,   16000000, 19284770486, python, iotlab1, mult, 0
12372779    , 506.92, 262.20, 256.28,  9.86,  0.00, 19554466524, 19540724000,   13999000, 19566846921, python, iotlab1, mult, 0
12373038    , 655.75, 310.05, 302.83, 12.00,  0.00, 23788696539, 23771449000,   15999000, 23800964518, python, iotlab1, mult, 0
12373038    , 626.59, 309.88, 302.69, 11.94,  0.00, 23722645766, 23698906000,   22999000, 23734992804, python, iotlab1, mult, 0
12373038    , 643.98, 305.93, 298.78, 11.90,  0.00, 23565552179, 23543813000,   22000000, 23578063705, python, iotlab1, mult, 0
12373038    , 649.26, 310.01, 302.80, 11.99,  0.00, 23828510353, 23817745000,   11000000, 23840946173, python, iotlab1, mult, 0
12373038    , 656.58, 310.78, 303.56, 12.01,  0.00, 23857123336, 23834388000,   21999000, 23869632085, python, iotlab1, mult, 0
12373038    , 618.61, 309.96, 302.87, 11.84,  0.00, 23446474610, 23432147000,   12998000, 23458869923, python, iotlab1, mult, 0
12373038    , 618.20, 293.09, 286.26, 11.34,  0.00, 22530606717, 22506758000,   22998000, 22542955094, python, iotlab1, mult, 0
12373038    , 639.34, 304.26, 297.18, 11.73,  0.00, 23234681247, 23214093000,   19000000, 23247040490, python, iotlab1, mult, 0
12373038    , 683.21, 325.01, 317.47, 12.54,  0.00, 24912695641, 24893832000,   19000000, 24925143763, python, iotlab1, mult, 0
12373038    , 633.06, 301.01, 293.93, 11.72,  0.00, 23289269927, 23274478000,   14999000, 23301832598, python, iotlab1, mult, 0
12373469    , 628.21, 300.44, 293.41, 11.69,  0.00, 23149312389, 23104384000,   24000000, 23162253450, python, iotlab1, mult, 0
12373469    , 619.97, 294.44, 287.56, 11.41,  0.00, 22666952431, 22641120000,   24999000, 22679238194, python, iotlab1, mult, 0
12373469    , 639.49, 307.58, 300.39, 11.94,  0.00, 23729100866, 23709315000,   18999000, 23741549810, python, iotlab1, mult, 0
12373469    , 639.09, 303.62, 296.52, 11.82,  0.00, 23403627873, 23383028000,   18999000, 23416012726, python, iotlab1, mult, 0
12373469    , 597.40, 304.21, 297.10, 11.77,  0.00, 23376481980, 23362598000,   13999000, 23388927308, python, iotlab1, mult, 0
12373469    , 662.77, 311.72, 304.36, 12.22,  0.00, 24204706906, 24189202000,   13999000, 24217015878, python, iotlab1, mult, 0
12373469    , 664.51, 314.54, 307.19, 12.19,  0.00, 24215487565, 24201421000,   12999000, 24227948998, python, iotlab1, mult, 0
12373469    , 616.78, 292.26, 285.40, 11.38,  0.00, 22609512511, 22593622000,   14999000, 22622038893, python, iotlab1, mult, 0
12373469    , 651.31, 310.29, 303.11, 11.97,  0.00, 23715198657, 23695158000,   18998000, 23727618487, python, iotlab1, mult, 0
12373469    , 613.13, 293.47, 286.55, 11.48,  0.00, 22800863819, 22781938000,   18999000, 22813251883, python, iotlab1, mult, 0
12385753    , 517.77, 263.54, 257.54,  9.99,  0.00, 19833496861, 19808355000,   25000000, 19845986480, python, iotlab1, mult, 0
12385753    , 527.72, 270.74, 264.54, 10.32,  0.00, 20427216356, 20412690000,   12999000, 20439539482, python, iotlab1, mult, 0
12385753    , 481.61, 249.81, 244.23,  9.35,  0.00, 18563330617, 18543626000,   18998000, 18575717370, python, iotlab1, mult, 0
12385753    , 512.29, 265.47, 259.51,  9.92,  0.00, 19705820474, 19693056000,   12000000, 19718232058, python, iotlab1, mult, 0
12385753    , 519.61, 269.82, 263.73, 10.17,  0.00, 20120568853, 20102552000,   18000000, 20132887341, python, iotlab1, mult, 0
12385753    , 500.26, 258.19, 252.32,  9.83,  0.00, 19520953827, 19503143000,   16999000, 19533359996, python, iotlab1, mult, 0
12385753    , 496.22, 255.25, 249.37,  9.75,  0.00, 19366923904, 19353039000,   14000000, 19379398048, python, iotlab1, mult, 0
12385753    , 487.66, 250.38, 244.73,  9.47,  0.00, 18725740236, 18712867000,   11999000, 18738153978, python, iotlab1, mult, 0
12385753    , 472.84, 243.19, 237.67,  9.24,  0.00, 18337725390, 18310673000,   27000000, 18350163260, python, iotlab1, mult, 0
12385753    , 490.24, 252.84, 247.14,  9.49,  0.00, 18843753618, 18821861000,   20998000, 18856196159, python, iotlab1, mult, 0
12439594    , 473.49, 244.04, 238.53,  9.21,  0.00, 18209701578, 18188758000,   20000000, 18222561529, python, iotlab1, mult, 0
12439594    , 472.24, 241.47, 235.92,  9.21,  0.00, 18274782329, 18261823000,   13000000, 18287338273, python, iotlab1, mult, 0
12439594    , 493.27, 252.34, 246.54,  9.63,  0.00, 19131367072, 19114387000,   16999000, 19143795304, python, iotlab1, mult, 0
12439594    , 496.67, 254.49, 248.70,  9.66,  0.00, 19169599380, 19151582000,   17999000, 19181973545, python, iotlab1, mult, 0
12439594    , 507.90, 256.22, 250.40,  9.75,  0.00, 19295574072, 19275590000,   18998000, 19308045989, python, iotlab1, mult, 0
12439594    , 484.63, 248.04, 242.32,  9.46,  0.00, 18791396740, 18773401000,   18000000, 18803819268, python, iotlab1, mult, 0
12439594    , 475.64, 244.60, 239.04,  9.36,  0.00, 18582155544, 18567141000,   15000000, 18594576890, python, iotlab1, mult, 0
12439594    , 492.26, 252.19, 246.47,  9.58,  0.00, 18955629047, 18935844000,   18998000, 18968039464, python, iotlab1, mult, 0
12439594    , 492.33, 252.25, 246.49,  9.63,  0.00, 19117631551, 19098659000,   17999000, 19130008996, python, iotlab1, mult, 0
12439594    , 480.22, 246.03, 240.40,  9.38,  0.00, 18632123820, 18609383000,   21999000, 18644526606, python, iotlab1, mult, 0
12443314    , 471.85, 241.80, 236.30,  9.22,  0.00, 18240631371, 18218536000,   20999000, 18253039552, python, iotlab1, mult, 0
12443314    , 487.23, 248.26, 242.49,  9.57,  0.00, 19009562682, 18991580000,   18000000, 19022107606, python, iotlab1, mult, 0
12443314    , 501.69, 256.72, 250.85,  9.81,  0.00, 19472147749, 19453328000,   17999000, 19484471419, python, iotlab1, mult, 0
12443314    , 485.77, 249.96, 244.24,  9.56,  0.00, 18943967053, 18929028000,   13999000, 18956343562, python, iotlab1, mult, 0
12443314    , 466.22, 239.53, 234.01,  9.19,  0.00, 18192335868, 18175203000,   16000000, 18204639818, python, iotlab1, mult, 0
12443314    , 511.88, 262.72, 256.70, 10.05,  0.00, 19969256361, 19953293000,   16000000, 19981743351, python, iotlab1, mult, 0
12443314    , 480.73, 245.93, 240.33,  9.36,  0.00, 18593990290, 18576271000,   16999000, 18606373008, python, iotlab1, mult, 0
12443314    , 491.95, 252.16, 246.44,  9.60,  0.00, 18990292945, 18972469000,   16999000, 19002678434, python, iotlab1, mult, 0
12443314    , 487.88, 250.66, 244.95,  9.56,  0.00, 18986585964, 18962862000,   22998000, 18998948971, python, iotlab1, mult, 0
12443314    , 469.38, 240.01, 234.51,  9.19,  0.00, 18242131625, 18223348000,   17999000, 18254623055, python, iotlab1, mult, 0
12468849    , 545.16, 279.22, 272.78, 10.73,  0.00, 21255312537, 21234091000,   21000000, 21267759351, python, iotlab1, mult, 0
12468849    , 553.04, 281.54, 275.01, 10.88,  0.00, 21634785588, 21619699000,   15000000, 21647288262, python, iotlab1, mult, 0
12468849    , 537.54, 273.45, 267.03, 10.68,  0.00, 21224819881, 21214860000,    9999000, 21237534634, python, iotlab1, mult, 0
12468849    , 543.14, 275.40, 268.96, 10.73,  0.00, 21252419943, 21226672000,   23998000, 21264809729, python, iotlab1, mult, 0
12468849    , 541.11, 274.18, 267.75, 10.69,  0.00, 21240978415, 21225923000,   14999000, 21253229265, python, iotlab1, mult, 0
12468849    , 540.41, 275.92, 269.50, 10.68,  0.00, 21221504565, 21201499000,   18998000, 21233893680, python, iotlab1, mult, 0
12468849    , 543.22, 276.99, 270.56, 10.73,  0.00, 21243199954, 21222180000,   19999000, 21255527188, python, iotlab1, mult, 0
12468849    , 539.63, 274.74, 268.31, 10.70,  0.00, 21258704563, 21241725000,   15999000, 21271224726, python, iotlab1, mult, 0
12468849    , 536.57, 273.73, 267.28, 10.68,  0.00, 21219625095, 21198771000,   19998000, 21231938997, python, iotlab1, mult, 0
12468849    , 546.62, 279.37, 272.89, 10.84,  0.00, 21466732537, 21450653000,   15999000, 21479062937, python, iotlab1, mult, 0
12599215    , 886.88, 456.80, 446.32, 17.45,  0.00, 34686078853, 34668903000,   16999000, 34699178427, python, iotlab1, mult, 0
12599215    , 906.07, 465.18, 454.49, 17.88,  0.00, 35473705742, 35451241000,   20998000, 35486341352, python, iotlab1, mult, 0
12599215    , 900.56, 460.06, 449.31, 17.84,  0.00, 35469314116, 35455806000,   11999000, 35481704373, python, iotlab1, mult, 0
12599215    , 871.39, 444.82, 434.48, 17.17,  0.00, 34061198573, 34042568000,   16999000, 34073638135, python, iotlab1, mult, 0
12599215    , 913.26, 470.94, 460.09, 18.02,  0.00, 35746720114, 35732023000,   13000000, 35759086687, python, iotlab1, mult, 0
12599215    , 898.72, 459.53, 448.81, 17.78,  0.00, 35350362085, 35341367000,    9000000, 35362844480, python, iotlab1, mult, 0
12599215    , 872.75, 447.92, 437.55, 17.28,  0.00, 34287229793, 34266797000,   18999000, 34299717874, python, iotlab1, mult, 0
12599215    , 884.74, 455.54, 444.96, 17.60,  0.00, 34984611691, 34964505000,   20000000, 34996992623, python, iotlab1, mult, 0
12599215    , 904.94, 466.84, 456.20, 17.85,  0.00, 35407967277, 35387374000,   18998000, 35420238133, python, iotlab1, mult, 0
12599215    , 910.19, 463.40, 452.52, 18.02,  0.00, 35817468611, 35800866000,   14999000, 35829803254, python, iotlab1, mult, 0
12683343    , 491.43, 253.43, 247.72,  9.66,  0.00, 19103228489, 19085084000,   16999000, 19115615340, python, iotlab1, mult, 0
12683343    , 507.87, 261.35, 255.39, 10.02,  0.00, 19890763980, 19864896000,   24998000, 19903151208, python, iotlab1, mult, 0
12683343    , 476.75, 245.59, 239.99,  9.42,  0.00, 18701278691, 18682483000,   17998000, 18713686454, python, iotlab1, mult, 0
12683343    , 501.31, 258.34, 252.52,  9.83,  0.00, 19450693693, 19434871000,   14999000, 19462955133, python, iotlab1, mult, 0
12683343    , 483.17, 250.40, 244.75,  9.43,  0.00, 18724279457, 18714396000,   10000000, 18736750254, python, iotlab1, mult, 0
12683343    , 479.18, 245.93, 240.33,  9.41,  0.00, 18681150543, 18664290000,   15999000, 18693439105, python, iotlab1, mult, 0
12683343    , 469.47, 241.58, 236.13,  9.19,  0.00, 18166485133, 18150871000,   14999000, 18178922625, python, iotlab1, mult, 0
12683343    , 480.56, 246.00, 240.33,  9.41,  0.00, 18683649857, 18664739000,   19000000, 18696112055, python, iotlab1, mult, 0
12683343    , 473.54, 242.84, 237.27,  9.32,  0.00, 18507659756, 18481988000,   24999000, 18519972103, python, iotlab1, mult, 0
12683343    , 525.55, 269.80, 263.65, 10.33,  0.00, 20444549996, 20423700000,   19999000, 20456966440, python, iotlab1, mult, 0
13115187    , 583.09, 291.63, 284.81, 11.34,  0.00, 22526340383, 22510205000,   15999000, 22539654571, python, iotlab1, mult, 0
13115187    , 623.02, 309.06, 301.86, 11.97,  0.00, 23783510436, 23768494000,   15000000, 23795985014, python, iotlab1, mult, 0
13115187    , 640.52, 304.50, 297.43, 11.80,  0.00, 23374611825, 23354425000,   18999000, 23387004177, python, iotlab1, mult, 0
13115187    , 589.57, 302.20, 295.24, 11.61,  0.00, 23076290608, 23057403000,   19000000, 23088691582, python, iotlab1, mult, 0
13115187    , 635.96, 315.10, 307.79, 12.18,  0.00, 24211689089, 24189400000,   20999000, 24224291525, python, iotlab1, mult, 0
13115187    , 577.94, 294.61, 287.83, 11.34,  0.00, 22454334524, 22437109000,   15999000, 22466862431, python, iotlab1, mult, 0
13115187    , 636.23, 306.39, 299.17, 11.99,  0.00, 23828252619, 23813341000,   15000000, 23840675090, python, iotlab1, mult, 0
13115187    , 593.38, 300.98, 293.98, 11.64,  0.00, 23060307407, 23036782000,   21998000, 23072702965, python, iotlab1, mult, 0
13115187    , 584.92, 292.42, 285.57, 11.35,  0.00, 22545036218, 22526995000,   17999000, 22557297968, python, iotlab1, mult, 0
13115187    , 632.01, 306.24, 299.10, 11.91,  0.00, 23667387417, 23651433000,   14999000, 23679686243, python, iotlab1, mult, 0
13154037    , 874.98, 447.49, 437.14, 17.24,  0.00, 34204511557, 34186920000,   15999000, 34217610322, python, iotlab1, mult, 0
13154037    , 924.89, 473.06, 462.06, 18.24,  0.00, 36259207734, 36245340000,   14000000, 36271647538, python, iotlab1, mult, 0
13154037    , 899.49, 459.79, 449.12, 17.73,  0.00, 35184825096, 35156071000,   26999000, 35197130609, python, iotlab1, mult, 0
13154037    , 907.24, 462.65, 451.83, 17.97,  0.00, 35652554549, 35630961000,   19999000, 35665044276, python, iotlab1, mult, 0
13154037    , 875.22, 448.91, 438.53, 17.25,  0.00, 34286647428, 34265686000,   21000000, 34299069893, python, iotlab1, mult, 0
13154037    , 900.89, 464.66, 454.02, 17.76,  0.00, 35242882373, 35225962000,   16999000, 35255413147, python, iotlab1, mult, 0
13154037    , 908.00, 467.89, 457.15, 17.93,  0.00, 35658062982, 35637129000,   21000000, 35670373345, python, iotlab1, mult, 0
13154037    , 909.73, 462.71, 451.89, 18.01,  0.00, 35738590149, 35717260000,   19999000, 35751013579, python, iotlab1, mult, 0
13154037    , 860.66, 439.70, 429.37, 17.12,  0.00, 34046278428, 34024385000,   22000000, 34058625745, python, iotlab1, mult, 0
13154037    , 946.97, 485.02, 473.76, 18.75,  0.00, 37210926304, 37193392000,   15999000, 37223228757, python, iotlab1, mult, 0
13251368    , 952.79, 489.09, 477.81, 18.74,  0.00, 37181071049, 37163318000,   16000000, 37193350836, python, iotlab1, mult, 0
13251368    , 883.12, 453.02, 442.53, 17.41,  0.00, 34617721102, 34598809000,   19000000, 34629979206, python, iotlab1, mult, 0
13251368    , 914.76, 466.54, 455.68, 18.06,  0.00, 35832493269, 35813940000,   16999000, 35844819389, python, iotlab1, mult, 0
13251368    , 893.87, 457.93, 447.27, 17.71,  0.00, 35213163446, 35193747000,   17999000, 35225504272, python, iotlab1, mult, 0
13251368    , 885.99, 453.67, 443.17, 17.47,  0.00, 34658694059, 34641044000,   16000000, 34671111511, python, iotlab1, mult, 0
13251368    , 903.33, 466.37, 455.66, 17.79,  0.00, 35377505618, 35357981000,   17999000, 35389896067, python, iotlab1, mult, 0
13251368    , 896.49, 459.40, 448.68, 17.81,  0.00, 35340111661, 35320564000,   17999000, 35352379421, python, iotlab1, mult, 0
13251368    , 905.29, 462.93, 452.23, 17.84,  0.00, 35394376444, 35378433000,   15999000, 35406722151, python, iotlab1, mult, 0
13251368    , 906.96, 464.78, 454.02, 17.87,  0.00, 35529873250, 35510862000,   19000000, 35542343219, python, iotlab1, mult, 0
13251368    , 869.60, 443.65, 433.32, 17.19,  0.00, 34104658524, 34091162000,   11999000, 34117047513, python, iotlab1, mult, 0
13260582    , 582.41, 295.40, 288.45, 11.54,  0.00, 22949815057, 22939579000,   10000000, 22962686325, python, iotlab1, mult, 0
13260582    , 584.30, 296.37, 289.41, 11.56,  0.00, 22981790712, 22966912000,   13999000, 22994219855, python, iotlab1, mult, 0
13260582    , 593.91, 302.05, 294.94, 11.80,  0.00, 23374495157, 23350270000,   22998000, 23386929388, python, iotlab1, mult, 0
13260582    , 584.39, 301.37, 294.46, 11.55,  0.00, 22967076606, 22951130000,   16000000, 22979545069, python, iotlab1, mult, 0
13260582    , 593.61, 302.20, 295.07, 11.78,  0.00, 23344805209, 23327709000,   15999000, 23357198640, python, iotlab1, mult, 0
13260582    , 580.04, 296.65, 289.69, 11.53,  0.00, 22922634976, 22908717000,   12999000, 22934925686, python, iotlab1, mult, 0
13260582    , 581.58, 294.60, 287.65, 11.53,  0.00, 22926722109, 22903628000,   22999000, 22939087953, python, iotlab1, mult, 0
13260582    , 583.34, 297.71, 290.71, 11.60,  0.00, 22978788324, 22956740000,   20998000, 22991273506, python, iotlab1, mult, 0
13260582    , 577.53, 293.47, 286.51, 11.53,  0.00, 22920952291, 22903919000,   15999000, 22933423438, python, iotlab1, mult, 0
13260582    , 579.04, 295.33, 288.35, 11.54,  0.00, 22930876902, 22907822000,   21999000, 22943478284, python, iotlab1, mult, 0
13286639    , 417.64, 215.14, 210.27,  8.15,  0.00, 16103773096, 16088583000,   13999000, 16116976144, python, iotlab1, mult, 0
13286639    , 430.18, 220.70, 215.60,  8.48,  0.00, 16834719213, 16812543000,   21999000, 16847108592, python, iotlab1, mult, 0
13286639    , 443.05, 227.03, 221.83,  8.67,  0.00, 17214458116, 17196770000,   16999000, 17226823950, python, iotlab1, mult, 0
13286639    , 453.54, 233.72, 228.44,  8.88,  0.00, 17561419247, 17547361000,   14000000, 17573793652, python, iotlab1, mult, 0
13286639    , 435.23, 221.85, 216.74,  8.53,  0.00, 16931065296, 16913212000,   16999000, 16943501801, python, iotlab1, mult, 0
13286639    , 471.69, 240.67, 235.11,  9.26,  0.00, 18390116826, 18372290000,   16999000, 18402474355, python, iotlab1, mult, 0
13286639    , 437.82, 223.04, 217.88,  8.56,  0.00, 16986237291, 16966227000,   20000000, 16998638515, python, iotlab1, mult, 0
13286639    , 460.08, 236.58, 231.24,  8.97,  0.00, 17734859769, 17718788000,   15998000, 17747538637, python, iotlab1, mult, 0
13286639    , 454.33, 234.90, 229.57,  8.91,  0.00, 17693758451, 17672767000,   20999000, 17706106416, python, iotlab1, mult, 0
13286639    , 438.42, 224.54, 219.35,  8.64,  0.00, 17150854836, 17130078000,   19998000, 17163237200, python, iotlab1, mult, 0
13305449    , 1120.05, 537.65, 524.90, 21.24,  0.00, 42162237411, 42143208000,   16999000, 42174693300, python, iotlab1, mult, 0
13305449    , 1105.22, 541.33, 528.54, 21.30,  0.00, 42286017484, 42261267000,   22999000, 42298401656, python, iotlab1, mult, 0
13305449    , 1134.93, 555.08, 542.06, 21.66,  0.00, 43078114119, 43062962000,   14999000, 43090480280, python, iotlab1, mult, 0
13305449    , 1060.57, 530.08, 517.67, 20.66,  0.00, 41019120065, 40990482000,   26999000, 41031525795, python, iotlab1, mult, 0
13305449    , 1027.48, 522.79, 510.57, 20.30,  0.00, 40291662945, 40264665000,   24998000, 40303952750, python, iotlab1, mult, 0
13305449    , 1144.04, 547.61, 534.68, 21.53,  0.00, 42815648343, 42794862000,   18999000, 42828044488, python, iotlab1, mult, 0
13305449    , 1066.97, 533.33, 520.86, 20.74,  0.00, 41179824921, 41156865000,   20998000, 41192199712, python, iotlab1, mult, 0
13305449    , 1100.53, 534.96, 522.34, 21.01,  0.00, 41715616247, 41700928000,   12999000, 41727940706, python, iotlab1, mult, 0
13305449    , 1135.45, 551.06, 538.10, 21.56,  0.00, 42872546868, 42851700000,   18999000, 42885017302, python, iotlab1, mult, 0
13305449    , 1083.56, 536.81, 524.36, 20.77,  0.00, 41228393374, 41214372000,   14000000, 41240911862, python, iotlab1, mult, 0
13332043    , 1171.47, 597.97, 584.01, 23.19,  0.00, 46110563651, 46084194000,   11000000, 46123804813, python, iotlab1, mult, 0
13332043    , 1182.45, 611.83, 597.92, 23.28,  0.00, 46358891655, 46350021000,    9000000, 46371240751, python, iotlab1, mult, 0
13332043    , 1200.60, 615.21, 600.96, 23.71,  0.00, 47127064656, 47121160000,    6000000, 47139392784, python, iotlab1, mult, 0
13332043    , 1197.32, 609.74, 595.42, 23.77,  0.00, 47250374116, 47242760000,    5999000, 47262771411, python, iotlab1, mult, 0
13332043    , 1176.76, 600.03, 585.98, 23.34,  0.00, 46408063269, 46398387000,    7999000, 46420419221, python, iotlab1, mult, 0
13332043    , 1134.23, 581.55, 568.10, 22.32,  0.00, 44446070833, 44432874000,   10999000, 44458478809, python, iotlab1, mult, 0
13332043    , 1138.33, 581.03, 567.48, 22.56,  0.00, 44848881181, 44841506000,    5999000, 44861343016, python, iotlab1, mult, 0
13332043    , 1167.21, 601.25, 587.44, 22.95,  0.00, 45633533330, 45624400000,    6999000, 45645875408, python, iotlab1, mult, 0
13332043    , 1141.09, 586.54, 573.06, 22.42,  0.00, 44562263630, 44551217000,    8999000, 44574717217, python, iotlab1, mult, 0
13332043    , 1156.78, 593.96, 580.11, 22.97,  0.00, 45747582102, 45740732000,    7000000, 45760004347, python, iotlab1, mult, 0
13423905    , 422.32, 218.94, 214.01,  8.31,  0.00, 16419096409, 16402846000,   16000000, 16432050536, python, iotlab1, mult, 0
13423905    , 432.85, 221.99, 216.90,  8.49,  0.00, 16843543027, 16825810000,   16999000, 16856006991, python, iotlab1, mult, 0
13423905    , 414.03, 214.05, 209.22,  8.10,  0.00, 16068376044, 16050202000,   18000000, 16080759971, python, iotlab1, mult, 0
13423905    , 424.30, 218.66, 213.60,  8.40,  0.00, 16671216518, 16648158000,   22998000, 16683691914, python, iotlab1, mult, 0
13423905    , 422.22, 217.52, 212.55,  8.30,  0.00, 16408942271, 16389303000,   18999000, 16421538401, python, iotlab1, mult, 0
13423905    , 425.81, 220.09, 215.07,  8.39,  0.00, 16658527358, 16634531000,   24000000, 16670921938, python, iotlab1, mult, 0
13423905    , 437.59, 223.75, 218.55,  8.65,  0.00, 17163085713, 17147081000,   16000000, 17175609732, python, iotlab1, mult, 0
13423905    , 430.58, 221.92, 216.82,  8.48,  0.00, 16755633576, 16732984000,   20999000, 16767961169, python, iotlab1, mult, 0
13423905    , 444.03, 227.50, 222.27,  8.73,  0.00, 17315251539, 17294532000,   19999000, 17327605216, python, iotlab1, mult, 0
13423905    , 448.47, 229.68, 224.38,  8.82,  0.00, 17514540814, 17497788000,   15999000, 17527183302, python, iotlab1, mult, 0
13687005    , 480.99, 245.34, 239.61,  9.53,  0.00, 18925158604, 18903919000,   20999000, 18937652395, python, iotlab1, mult, 0
13687005    , 498.10, 255.22, 249.32,  9.84,  0.00, 19464871073, 19445233000,   18001000, 19507789323, python, iotlab1, mult, 0
13687005    , 480.76, 249.39, 243.75,  9.44,  0.00, 18748116317, 18734125000,   14000000, 18760381610, python, iotlab1, mult, 0
13687005    , 468.64, 243.81, 238.31,  9.20,  0.00, 18258120773, 18242126000,   16000000, 18270517122, python, iotlab1, mult, 0
13687005    , 474.27, 243.58, 237.95,  9.40,  0.00, 18591130380, 18570332000,   18999000, 18603678906, python, iotlab1, mult, 0
13687005    , 474.94, 243.67, 237.99,  9.44,  0.00, 18745121309, 18725058000,   20000000, 18757552794, python, iotlab1, mult, 0
13687005    , 481.70, 248.55, 242.84,  9.50,  0.00, 18864669004, 18850005000,   13999000, 18877115154, python, iotlab1, mult, 0
13687005    , 466.81, 240.93, 235.42,  9.19,  0.00, 18176219832, 18156286000,   18999000, 18188666916, python, iotlab1, mult, 0
13687005    , 473.95, 243.74, 238.14,  9.34,  0.00, 18542601109, 18525826000,   15998000, 18554942973, python, iotlab1, mult, 0
13687005    , 523.50, 269.59, 263.41, 10.29,  0.00, 20440866579, 20423846000,   15999000, 20453326405, python, iotlab1, mult, 0
14134383    , 617.60, 303.45, 296.37, 11.83,  0.00, 23431177050, 23410032000,   19999000, 23443509981, python, iotlab1, mult, 0
14134383    , 573.41, 290.39, 283.60, 11.30,  0.00, 22447701887, 22430614000,   15999000, 22460108668, python, iotlab1, mult, 0
14134383    , 605.81, 309.55, 302.36, 11.98,  0.00, 23811379306, 23787414000,   22998000, 23823855263, python, iotlab1, mult, 0
14134383    , 620.32, 302.34, 295.29, 11.77,  0.00, 23306105114, 23291108000,   13999000, 23318592650, python, iotlab1, mult, 0
14134383    , 590.79, 300.03, 292.97, 11.71,  0.00, 23260263057, 23245257000,   13999000, 23272781627, python, iotlab1, mult, 0
14134383    , 632.53, 297.04, 289.94, 11.80,  0.00, 23442455096, 23421343000,   19998000, 23454763263, python, iotlab1, mult, 0
14134383    , 684.67, 324.15, 316.51, 12.72,  0.00, 25201011546, 25181397000,   17999000, 25213316370, python, iotlab1, mult, 0
14134383    , 586.62, 294.81, 287.90, 11.49,  0.00, 22833033744, 22810001000,   23000000, 22845394918, python, iotlab1, mult, 0
14134383    , 661.97, 312.71, 305.28, 12.35,  0.00, 24461947383, 24440336000,   19998000, 24474409302, python, iotlab1, mult, 0
14134383    , 620.30, 295.69, 288.73, 11.57,  0.00, 22992657253, 22973504000,   19000000, 23005081580, python, iotlab1, mult, 0
14164971    , 442.94, 229.65, 224.45,  8.71,  0.00, 17287896887, 17271673000,   16000000, 17300185731, python, iotlab1, mult, 0
14164971    , 411.75, 212.85, 207.99,  8.10,  0.00, 16040190221, 16017519000,   21999000, 16052589519, python, iotlab1, mult, 0
14164971    , 423.36, 216.55, 211.52,  8.39,  0.00, 16610045422, 16589775000,   18999000, 16622494898, python, iotlab1, mult, 0
14164971    , 417.86, 216.50, 211.58,  8.24,  0.00, 16360849387, 16333831000,   26999000, 16373174754, python, iotlab1, mult, 0
14164971    , 430.13, 222.42, 217.40,  8.40,  0.00, 16678063639, 16661354000,   15999000, 16690452968, python, iotlab1, mult, 0
14164971    , 451.29, 232.62, 227.29,  8.90,  0.00, 17589299052, 17565294000,   22999000, 17601811379, python, iotlab1, mult, 0
14164971    , 439.16, 227.12, 221.92,  8.67,  0.00, 17214666052, 17201783000,   11999000, 17227152534, python, iotlab1, mult, 0
14164971    , 437.49, 226.22, 221.10,  8.61,  0.00, 17084282254, 17068315000,   16000000, 17096722599, python, iotlab1, mult, 0
14164971    , 448.38, 231.91, 226.64,  8.85,  0.00, 17559259557, 17538242000,   21000000, 17571639181, python, iotlab1, mult, 0
14164971    , 452.43, 232.60, 227.25,  8.90,  0.00, 17601209414, 17578492000,   20999000, 17613680481, python, iotlab1, mult, 0
14180944    , 488.62, 253.02, 247.33,  9.54,  0.00, 18947519236, 18927300000,   19999000, 18959879631, python, iotlab1, mult, 0
14180944    , 415.51, 214.36, 209.50,  8.15,  0.00, 16183716783, 16162711000,   20999000, 16196124634, python, iotlab1, mult, 0
14180944    , 427.59, 218.87, 213.81,  8.44,  0.00, 16680382466, 16662761000,   15999000, 16692916216, python, iotlab1, mult, 0
14180944    , 453.63, 231.34, 225.99,  8.90,  0.00, 17663231847, 17643500000,   18999000, 17675657690, python, iotlab1, mult, 0
14180944    , 440.72, 226.64, 221.51,  8.61,  0.00, 17099719169, 17085674000,   13999000, 17112171515, python, iotlab1, mult, 0
14180944    , 411.45, 211.31, 206.51,  8.06,  0.00, 16003308957, 15980244000,   23000000, 16015863799, python, iotlab1, mult, 0
14180944    , 488.36, 250.20, 244.47,  9.61,  0.00, 19012986946, 18989882000,   22999000, 19025492021, python, iotlab1, mult, 0
14180944    , 440.49, 226.24, 221.10,  8.62,  0.00, 17118102347, 17101017000,   17000000, 17130298061, python, iotlab1, mult, 0
14180944    , 432.32, 219.87, 214.77,  8.46,  0.00, 16794679759, 16778633000,   16000000, 16807098237, python, iotlab1, mult, 0
14180944    , 442.32, 226.84, 221.66,  8.66,  0.00, 17155410737, 17139427000,   15999000, 17167717806, python, iotlab1, mult, 0
14528204    , 893.13, 455.87, 445.27, 17.64,  0.00, 35023941157, 35003755000,   19999000, 35036837867, python, iotlab1, mult, 0
14528204    , 949.44, 484.41, 473.06, 18.85,  0.00, 37414786454, 37400042000,   12999000, 37427239690, python, iotlab1, mult, 0
14528204    , 907.38, 464.92, 454.20, 17.88,  0.00, 35559562044, 35538516000,   21000000, 35572276683, python, iotlab1, mult, 0
14528204    , 869.23, 442.74, 432.40, 17.20,  0.00, 34118779167, 34103073000,   14000000, 34131190202, python, iotlab1, mult, 0
14528204    , 868.54, 442.76, 432.37, 17.24,  0.00, 34275126252, 34255818000,   17999000, 34287597124, python, iotlab1, mult, 0
14528204    , 927.45, 474.28, 463.24, 18.38,  0.00, 36466913267, 36449301000,   15999000, 36479269678, python, iotlab1, mult, 0
14528204    , 877.32, 448.47, 438.08, 17.29,  0.00, 34339124416, 34321427000,   15998000, 34351569694, python, iotlab1, mult, 0
14528204    , 895.61, 454.73, 444.06, 17.72,  0.00, 35166310686, 35142259000,   24000000, 35178827082, python, iotlab1, mult, 0
14528204    , 890.85, 450.19, 439.58, 17.61,  0.00, 34933366064, 34913713000,   17998000, 34945743039, python, iotlab1, mult, 0
14528204    , 910.53, 461.16, 450.29, 18.02,  0.00, 35836896548, 35822420000,   12999000, 35849409187, python, iotlab1, mult, 0
14995148    , 632.64, 296.89, 289.85, 11.75,  0.00, 23276660265, 23252506000,   22999000, 23289911344, python, iotlab1, mult, 0
14995148    , 583.07, 295.37, 288.46, 11.51,  0.00, 22862370080, 22847383000,   15000000, 22874781884, python, iotlab1, mult, 0
14995148    , 585.66, 296.58, 289.60, 11.57,  0.00, 22986392566, 22968372000,   18000000, 22998823057, python, iotlab1, mult, 0
14995148    , 583.79, 292.26, 285.38, 11.46,  0.00, 22687996552, 22666302000,   19999000, 22700429957, python, iotlab1, mult, 0
14995148    , 587.91, 295.24, 288.27, 11.56,  0.00, 22961287223, 22946269000,   15000000, 22973801531, python, iotlab1, mult, 0
14995148    , 631.41, 308.36, 301.09, 12.08,  0.00, 24010087422, 23993058000,   17000000, 24022380915, python, iotlab1, mult, 0
14995148    , 584.53, 291.78, 284.94, 11.38,  0.00, 22529630817, 22506946000,   20999000, 22542066081, python, iotlab1, mult, 0
14995148    , 611.73, 299.54, 292.50, 11.69,  0.00, 23219246173, 23199223000,   19999000, 23231553726, python, iotlab1, mult, 0
14995148    , 629.02, 315.37, 308.06, 12.19,  0.00, 24142007135, 24127000000,   15000000, 24154393747, python, iotlab1, mult, 0
14995148    , 623.79, 300.44, 293.40, 11.71,  0.00, 23264746691, 23250632000,   14000000, 23277234716, python, iotlab1, mult, 0
14995156    , 627.75, 305.99, 298.81, 11.94,  0.00, 23731778993, 23714561000,   16999000, 23744447907, python, iotlab1, mult, 0
14995156    , 616.14, 294.09, 287.21, 11.47,  0.00, 22711092104, 22697435000,   11999000, 22723469666, python, iotlab1, mult, 0
14995156    , 632.52, 301.80, 294.76, 11.70,  0.00, 23255242811, 23239239000,   16000000, 23267736571, python, iotlab1, mult, 0
14995156    , 641.77, 304.28, 297.13, 11.89,  0.00, 23619329920, 23604356000,   15000000, 23631772871, python, iotlab1, mult, 0
14995156    , 629.65, 300.55, 293.52, 11.70,  0.00, 23160854399, 23146897000,   12999000, 23173243814, python, iotlab1, mult, 0
14995156    , 617.64, 293.88, 287.03, 11.41,  0.00, 22661262633, 22645414000,   14998000, 22673702142, python, iotlab1, mult, 0
14995156    , 623.82, 298.21, 291.26, 11.60,  0.00, 22964972049, 22948804000,   14999000, 22977415399, python, iotlab1, mult, 0
14995156    , 620.57, 295.59, 288.61, 11.57,  0.00, 22995075555, 22980011000,   13999000, 23007445758, python, iotlab1, mult, 0
14995156    , 609.70, 290.65, 283.82, 11.32,  0.00, 22487971826, 22464944000,   22998000, 22500338669, python, iotlab1, mult, 0
14995156    , 652.26, 310.69, 303.50, 11.99,  0.00, 23756580409, 23735437000,   19999000, 23768993640, python, iotlab1, mult, 0
15002911    , 469.40, 240.78, 235.26,  9.24,  0.00, 18349727123, 18328575000,   19998000, 18362882218, python, iotlab1, mult, 0
15002911    , 443.39, 228.27, 223.07,  8.71,  0.00, 17285655235, 17269807000,   14999000, 17297994423, python, iotlab1, mult, 0
15002911    , 429.63, 222.29, 217.29,  8.37,  0.00, 16541592628, 16528457000,   13000000, 16554096876, python, iotlab1, mult, 0
15002911    , 449.83, 230.37, 225.05,  8.88,  0.00, 17629178305, 17607346000,   20999000, 17641593201, python, iotlab1, mult, 0
15002911    , 442.52, 227.98, 222.73,  8.72,  0.00, 17321540943, 17305444000,   16000000, 17333957071, python, iotlab1, mult, 0
15002911    , 465.42, 237.15, 231.70,  9.08,  0.00, 18034691314, 18008587000,   25999000, 18046946726, python, iotlab1, mult, 0
15002911    , 423.73, 217.65, 212.68,  8.31,  0.00, 16417698246, 16389793000,   26001000, 16430044237, python, iotlab1, mult, 0
15002911    , 415.92, 212.67, 207.74,  8.20,  0.00, 16284016483, 16273902000,    9999000, 16296414447, python, iotlab1, mult, 0
15002911    , 438.84, 224.80, 219.63,  8.61,  0.00, 17093148228, 17072049000,   21000000, 17105444443, python, iotlab1, mult, 0
15002911    , 457.57, 235.49, 230.17,  8.87,  0.00, 17575611825, 17557580000,   16999000, 17587900473, python, iotlab1, mult, 0
15020061    , 360.81, 185.17, 180.94,  7.07,  0.00, 13989742660, 13970637000,   17999000, 14002111242, python, iotlab1, mult, 0
15020061    , 357.39, 183.82, 179.62,  7.03,  0.00, 13959906413, 13943779000,   15999000, 13972253289, python, iotlab1, mult, 0
15020061    , 356.93, 181.96, 177.71,  7.05,  0.00, 13996456622, 13972323000,   23998000, 14008667675, python, iotlab1, mult, 0
15020061    , 357.79, 183.88, 179.65,  7.04,  0.00, 13980485216, 13958355000,   22000000, 13992843441, python, iotlab1, mult, 0
15020061    , 362.83, 186.48, 182.27,  7.09,  0.00, 14011463396, 13995295000,   16000000, 14024001808, python, iotlab1, mult, 0
15020061    , 354.93, 181.95, 177.72,  7.02,  0.00, 13945047267, 13930981000,   13999000, 13957538873, python, iotlab1, mult, 0
15020061    , 359.38, 185.11, 180.90,  7.07,  0.00, 14033099691, 14018041000,   15000000, 14045461079, python, iotlab1, mult, 0
15020061    , 356.00, 183.87, 179.66,  7.03,  0.00, 13957847562, 13942917000,   13998000, 13970404278, python, iotlab1, mult, 0
15020061    , 360.77, 186.12, 181.92,  7.09,  0.00, 14007474685, 13991325000,   16000000, 14019760991, python, iotlab1, mult, 0
15020061    , 356.47, 184.05, 179.85,  7.04,  0.00, 13967665111, 13948397000,   19000000, 13980193401, python, iotlab1, mult, 0
15020162    , 391.04, 200.82, 196.18,  7.75,  0.00, 15311339450, 15262740000,   47996000, 15324071265, python, iotlab1, mult, 0
15020162    , 392.94, 202.81, 198.21,  7.74,  0.00, 15294021233, 15253726000,   39996000, 15306457317, python, iotlab1, mult, 0
15020162    , 397.27, 206.71, 202.06,  7.79,  0.00, 15360767292, 15310401000,   49998000, 15373158332, python, iotlab1, mult, 0
15020162    , 408.67, 210.26, 205.46,  8.06,  0.00, 15868358927, 15823071000,   44997000, 15880879702, python, iotlab1, mult, 0
15020162    , 410.12, 210.43, 205.65,  8.03,  0.00, 15857123402, 15805822000,   50999000, 15869571085, python, iotlab1, mult, 0
15020162    , 412.26, 212.46, 207.57,  8.14,  0.00, 16088193198, 16047882000,   39999000, 16100688199, python, iotlab1, mult, 0
15020162    , 398.66, 205.29, 200.66,  7.80,  0.00, 15332527958, 15292609000,   38999000, 15344962943, python, iotlab1, mult, 0
15020162    , 400.34, 205.56, 200.88,  7.88,  0.00, 15562659501, 15510637000,   50998000, 15575079890, python, iotlab1, mult, 0
15020162    , 395.33, 202.64, 197.99,  7.77,  0.00, 15341525762, 15297200000,   44000000, 15353969515, python, iotlab1, mult, 0
15020162    , 395.87, 204.05, 199.43,  7.75,  0.00, 15309357203, 15257583000,   50998000, 15321985163, python, iotlab1, mult, 0
15342824    , 446.70, 229.23, 224.01,  8.77,  0.00, 17328173337, 17308115000,   18999000, 17340592500, python, iotlab1, mult, 0
15342824    , 431.28, 221.80, 216.77,  8.45,  0.00, 16776746531, 16761038000,   14999000, 16789128951, python, iotlab1, mult, 0
15342824    , 419.46, 215.80, 210.90,  8.23,  0.00, 16330515776, 16312515000,   16999000, 16343030892, python, iotlab1, mult, 0
15342824    , 484.78, 249.02, 243.38,  9.48,  0.00, 18820900037, 18800985000,   18998000, 18833394366, python, iotlab1, mult, 0
15342824    , 428.61, 221.15, 216.16,  8.42,  0.00, 16639186805, 16625397000,   12999000, 16651542593, python, iotlab1, mult, 0
15342824    , 454.22, 221.93, 216.80,  8.53,  0.00, 16921398929, 16905480000,   14999000, 16933770291, python, iotlab1, mult, 0
15342824    , 444.73, 228.33, 223.12,  8.69,  0.00, 17244521496, 17230460000,   13999000, 17256781712, python, iotlab1, mult, 0
15342824    , 456.58, 233.95, 228.61,  8.90,  0.00, 17637145225, 17614005000,   23000000, 17649485763, python, iotlab1, mult, 0
15342824    , 432.47, 223.24, 218.21,  8.41,  0.00, 16653989440, 16632118000,   20998000, 16666462454, python, iotlab1, mult, 0
15342824    , 463.57, 236.92, 231.52,  9.04,  0.00, 17953061848, 17931199000,   20999000, 17965498371, python, iotlab1, mult, 0
15360667    , 423.84, 217.41, 212.46,  8.25,  0.00, 16381028983, 16355037000,   24997000, 16393855003, python, iotlab1, mult, 0
15360667    , 435.26, 223.65, 218.60,  8.43,  0.00, 16656809563, 16640761000,   16000000, 16669241045, python, iotlab1, mult, 0
15360667    , 420.40, 215.65, 210.72,  8.25,  0.00, 16385804846, 16366008000,   19000000, 16398104193, python, iotlab1, mult, 0
15360667    , 435.48, 222.70, 217.57,  8.54,  0.00, 16944141901, 16925063000,   18998000, 16956547018, python, iotlab1, mult, 0
15360667    , 469.11, 240.34, 234.82,  9.19,  0.00, 18256661771, 18243467000,   12999000, 18269021730, python, iotlab1, mult, 0
15360667    , 442.01, 226.65, 221.46,  8.65,  0.00, 17100890419, 17081124000,   17999000, 17113213591, python, iotlab1, mult, 0
15360667    , 422.09, 216.42, 211.43,  8.30,  0.00, 16479189002, 16467102000,   12000000, 16491494377, python, iotlab1, mult, 0
15360667    , 428.97, 219.51, 214.50,  8.34,  0.00, 16556266542, 16539426000,   15998000, 16568657661, python, iotlab1, mult, 0
15360667    , 423.02, 216.60, 211.64,  8.28,  0.00, 16408425597, 16385336000,   22999000, 16420832702, python, iotlab1, mult, 0
15360667    , 443.38, 226.88, 221.67,  8.68,  0.00, 17201647081, 17178275000,   20999000, 17217807584, python, iotlab1, mult, 0
15364919    , 658.08, 307.16, 299.92, 12.04,  0.00, 23920337065, 23901062000,   17998000, 23933082972, python, iotlab1, mult, 0
15364919    , 641.82, 302.54, 295.42, 11.85,  0.00, 23482393056, 23462324000,   18998000, 23494710751, python, iotlab1, mult, 0
15364919    , 628.48, 313.74, 306.49, 12.07,  0.00, 23971088735, 23948934000,   20999000, 23983434295, python, iotlab1, mult, 0
15364919    , 627.74, 296.69, 289.78, 11.51,  0.00, 22861075393, 22837894000,   21998000, 22873520213, python, iotlab1, mult, 0
15364919    , 680.07, 323.39, 315.92, 12.47,  0.00, 24704421166, 24692265000,   10999000, 24716790620, python, iotlab1, mult, 0
15364919    , 641.31, 305.15, 298.03, 11.82,  0.00, 23481067301, 23464920000,   15999000, 23493459665, python, iotlab1, mult, 0
15364919    , 655.05, 312.71, 305.42, 12.11,  0.00, 24060365490, 24043223000,   16999000, 24072825903, python, iotlab1, mult, 0
15364919    , 615.16, 298.50, 291.58, 11.52,  0.00, 22814658548, 22793479000,   21000000, 22827017288, python, iotlab1, mult, 0
15364919    , 676.22, 328.08, 320.50, 12.59,  0.00, 25018813333, 25003795000,   15000000, 25031057325, python, iotlab1, mult, 0
15364919    , 642.68, 310.20, 302.96, 12.05,  0.00, 23868891728, 23846102000,   20999000, 23881354158, python, iotlab1, mult, 0
15411720    , 626.89, 298.37, 291.36, 11.62,  0.00, 23078665316, 23061379000,   16999000, 23091179737, python, iotlab1, mult, 0
15411720    , 620.85, 294.48, 287.62, 11.39,  0.00, 22621945088, 22593859000,   27999000, 22634291015, python, iotlab1, mult, 0
15411720    , 660.77, 316.18, 308.91, 12.09,  0.00, 23955528684, 23928637000,   24998000, 23967919023, python, iotlab1, mult, 0
15411720    , 630.68, 300.59, 293.59, 11.59,  0.00, 23036704423, 23023557000,   12999000, 23049015191, python, iotlab1, mult, 0
15411720    , 642.05, 308.58, 301.49, 11.76,  0.00, 23303106979, 23283018000,   20000000, 23315496026, python, iotlab1, mult, 0
15411720    , 673.69, 324.81, 317.40, 12.30,  0.00, 24446795597, 24431460000,   13999000, 24459374534, python, iotlab1, mult, 0
15411720    , 656.62, 314.39, 307.10, 12.07,  0.00, 23989597422, 23972577000,   16999000, 24001945509, python, iotlab1, mult, 0
15411720    , 621.08, 296.36, 289.48, 11.39,  0.00, 22555622420, 22541136000,   12999000, 22567989061, python, iotlab1, mult, 0
15411720    , 633.34, 304.37, 297.36, 11.58,  0.00, 23014951694, 23000964000,   13999000, 23027418895, python, iotlab1, mult, 0
15411720    , 631.49, 301.29, 294.26, 11.64,  0.00, 23118991437, 23099590000,   17998000, 23131456242, python, iotlab1, mult, 0
15414614    , 807.42, 414.31, 404.73, 15.87,  0.00, 31458527238, 31438711000,   17999000, 31471497682, python, iotlab1, mult, 0
15414614    , 633.22, 324.86, 317.36, 12.44,  0.00, 24713621783, 24702533000,   11000000, 24725963579, python, iotlab1, mult, 0
15414614    , 814.14, 418.65, 409.12, 15.92,  0.00, 31555145085, 31538721000,   14999000, 31567382923, python, iotlab1, mult, 0
15414614    , 666.93, 340.82, 333.04, 12.94,  0.00, 25698494193, 25676342000,   20999000, 25710890666, python, iotlab1, mult, 0
15414614    , 660.43, 339.46, 331.73, 12.89,  0.00, 25526672561, 25502388000,   22998000, 25539046222, python, iotlab1, mult, 0
15414614    , 694.07, 358.01, 349.84, 13.59,  0.00, 26986854902, 26971513000,   13999000, 26999313268, python, iotlab1, mult, 0
15414614    , 651.66, 335.76, 328.10, 12.78,  0.00, 25355128098, 25335008000,   18999000, 25367477888, python, iotlab1, mult, 0
15414614    , 659.14, 339.19, 331.43, 12.86,  0.00, 25504248700, 25488018000,   14999000, 25516615200, python, iotlab1, mult, 0
15414614    , 707.52, 362.53, 354.17, 13.82,  0.00, 27443181816, 27426115000,   17000000, 27455537854, python, iotlab1, mult, 0
15414614    , 703.09, 360.92, 352.61, 13.77,  0.00, 27279590248, 27259034000,   19000000, 27292000869, python, iotlab1, mult, 0
15436897    , 924.71, 478.27, 467.41, 18.02,  0.00, 35841147688, 35822417000,   16999000, 35853515087, python, iotlab1, mult, 0
15436897    , 939.20, 484.90, 473.77, 18.40,  0.00, 36512950136, 36498235000,   13000000, 36525206141, python, iotlab1, mult, 0
15436897    , 941.12, 453.54, 443.01, 17.48,  0.00, 34680788575, 34661368000,   17999000, 34693146477, python, iotlab1, mult, 0
15436897    , 908.77, 467.70, 456.95, 17.78,  0.00, 35354341459, 35337124000,   17000000, 35366646643, python, iotlab1, mult, 0
15436897    , 912.69, 470.32, 459.51, 17.90,  0.00, 35506739551, 35488838000,   15999000, 35519215676, python, iotlab1, mult, 0
15436897    , 886.48, 454.70, 444.27, 17.25,  0.00, 34285218007, 34267123000,   17999000, 34297584513, python, iotlab1, mult, 0
15436897    , 921.20, 474.95, 464.19, 17.92,  0.00, 35555421265, 35537921000,   15999000, 35567673812, python, iotlab1, mult, 0
15436897    , 942.18, 487.25, 476.22, 18.31,  0.00, 36415462476, 36396437000,   18999000, 36427890480, python, iotlab1, mult, 0
15436897    , 941.89, 484.90, 473.86, 18.42,  0.00, 36540643202, 36520064000,   18998000, 36552908046, python, iotlab1, mult, 0
15436897    , 938.12, 481.59, 470.56, 18.25,  0.00, 36224526491, 36207563000,   15000000, 36237008935, python, iotlab1, mult, 0
15626504    , 425.63, 218.75, 213.79,  8.25,  0.00, 16325064067, 16294803000,   29999000, 16337570389, python, iotlab1, mult, 0
15626504    , 397.71, 205.74, 201.12,  7.71,  0.00, 15270732825, 15240706000,   29999000, 15283131253, python, iotlab1, mult, 0
15626504    , 397.92, 206.79, 202.17,  7.71,  0.00, 15269060245, 15239041000,   30000000, 15281658256, python, iotlab1, mult, 0
15626504    , 399.47, 208.17, 203.51,  7.75,  0.00, 15265391629, 15235638000,   28999000, 15278008446, python, iotlab1, mult, 0
15626504    , 409.82, 212.61, 207.84,  7.91,  0.00, 15659865537, 15631216000,   27996000, 15672292331, python, iotlab1, mult, 0
15626504    , 404.58, 209.65, 204.91,  7.83,  0.00, 15505835006, 15483082000,   22000000, 15518531984, python, iotlab1, mult, 0
15626504    , 404.91, 210.75, 206.03,  7.84,  0.00, 15516933493, 15490148000,   25998000, 15529247851, python, iotlab1, mult, 0
15626504    , 394.89, 204.74, 200.14,  7.63,  0.00, 15041235183, 15003560000,   36998000, 15053723207, python, iotlab1, mult, 0
15626504    , 406.41, 211.22, 206.47,  7.85,  0.00, 15537825713, 15508223000,   28998000, 15550345761, python, iotlab1, mult, 0
15626504    , 408.96, 212.13, 207.39,  7.90,  0.00, 15637186335, 15610527000,   27000000, 15649715719, python, iotlab1, mult, 0
15670866    , 946.15, 482.00, 470.91, 18.39,  0.00, 36488860361, 36471649000,   16000000, 36501147487, python, iotlab1, mult, 0
15670866    , 955.34, 487.19, 476.06, 18.49,  0.00, 36756931597, 36737143000,   18999000, 36769352860, python, iotlab1, mult, 0
15670866    , 915.92, 470.36, 459.66, 17.88,  0.00, 35474672022, 35455314000,   20000000, 35487184673, python, iotlab1, mult, 0
15670866    , 1007.11, 509.06, 497.44, 19.28,  0.00, 38345063988, 38327728000,   18000000, 38357400893, python, iotlab1, mult, 0
15670866    , 985.50, 494.79, 483.48, 18.77,  0.00, 37253288057, 37239231000,   12999000, 37265640154, python, iotlab1, mult, 0
15670866    , 932.97, 476.97, 466.12, 18.00,  0.00, 35719024409, 35694039000,   23999000, 35731287739, python, iotlab1, mult, 0
15670866    , 1002.13, 477.71, 466.64, 18.29,  0.00, 36369363037, 36358042000,    9999000, 36381793937, python, iotlab1, mult, 0
15670866    , 961.19, 491.54, 480.36, 18.56,  0.00, 36822771071, 36802614000,   18999000, 36835411660, python, iotlab1, mult, 0
15670866    , 947.54, 484.31, 473.25, 18.41,  0.00, 36608629584, 36588654000,   18999000, 36620991548, python, iotlab1, mult, 0
15670866    , 974.56, 491.58, 480.36, 18.67,  0.00, 37042196299, 37020811000,   19998000, 37054588537, python, iotlab1, mult, 0
15764513    , 446.46, 229.63, 224.43,  8.63,  0.00, 17125508302, 17105819000,   18999000, 17137814883, python, iotlab1, mult, 0
15764513    , 455.67, 234.17, 228.87,  8.81,  0.00, 17410291512, 17385464000,   25000000, 17422685311, python, iotlab1, mult, 0
15764513    , 425.52, 219.53, 214.60,  8.19,  0.00, 16255813400, 16239066000,   16000000, 16268284090, python, iotlab1, mult, 0
15764513    , 435.68, 223.84, 218.77,  8.41,  0.00, 16697775096, 16674937000,   22999000, 16710003294, python, iotlab1, mult, 0
15764513    , 435.48, 221.80, 216.72,  8.44,  0.00, 16752138020, 16737299000,   15000000, 16764427719, python, iotlab1, mult, 0
15764513    , 464.09, 237.88, 232.51,  8.91,  0.00, 17616717729, 17599887000,   16999000, 17628903799, python, iotlab1, mult, 0
15764513    , 498.27, 256.02, 250.20,  9.60,  0.00, 19061941825, 19038078000,   24001000, 19074377152, python, iotlab1, mult, 0
15764513    , 423.93, 218.14, 213.23,  8.13,  0.00, 16127136580, 16110193000,   17000000, 16139752573, python, iotlab1, mult, 0
15764513    , 418.20, 215.64, 210.79,  8.07,  0.00, 16014916872, 15987369000,   26998000, 16027278330, python, iotlab1, mult, 0
15764513    , 447.17, 231.01, 225.79,  8.64,  0.00, 17065052799, 17050058000,   15000000, 17077593969, python, iotlab1, mult, 0
1586218     , 658.69, 326.02, 318.50, 12.46,  0.00, 24733634796, 24717611000,   16000000, 24746116247, python, iotlab1, mult, 0
1586218     , 656.92, 336.92, 329.23, 12.78,  0.00, 25309188064, 25278631000,   28999000, 25321662312, python, iotlab1, mult, 0
1586218     , 628.22, 322.26, 314.86, 12.29,  0.00, 24393890856, 24369024000,   25000000, 24406291672, python, iotlab1, mult, 0
1586218     , 650.87, 333.45, 325.83, 12.63,  0.00, 25088707271, 25063796000,   24999000, 25101233945, python, iotlab1, mult, 0
1586218     , 626.39, 320.75, 313.47, 12.17,  0.00, 24093504770, 24065651000,   26998000, 24105834894, python, iotlab1, mult, 0
1586218     , 642.54, 329.25, 321.75, 12.49,  0.00, 24792992024, 24767144000,   26000000, 24805354584, python, iotlab1, mult, 0
1586218     , 671.55, 344.43, 336.58, 13.09,  0.00, 25927366124, 25903888000,   21999000, 25939728224, python, iotlab1, mult, 0
1586218     , 647.60, 333.96, 326.35, 12.62,  0.00, 25054727318, 25033851000,   20999000, 25067208552, python, iotlab1, mult, 0
1586218     , 652.53, 334.21, 326.55, 12.73,  0.00, 25277523519, 25258668000,   18999000, 25290041757, python, iotlab1, mult, 0
1586218     , 634.94, 325.97, 318.59, 12.34,  0.00, 24427872632, 24399920000,   26999000, 24440317325, python, iotlab1, mult, 0
15936594    , 479.88, 249.31, 243.75,  9.21,  0.00, 18281689314, 18261566000,   20000000, 18294133202, python, iotlab1, mult, 0
15936594    , 507.91, 263.29, 257.41,  9.79,  0.00, 19440414496, 19425468000,   15000000, 19452788481, python, iotlab1, mult, 0
15936594    , 487.88, 253.51, 247.86,  9.38,  0.00, 18551435493, 18533391000,   17999000, 18563870392, python, iotlab1, mult, 0
15936594    , 513.88, 266.54, 260.60,  9.91,  0.00, 19674670582, 19659785000,   15000000, 19686997177, python, iotlab1, mult, 0
15936594    , 522.44, 269.99, 263.95, 10.04,  0.00, 19944988125, 19928140000,   15999000, 19957332829, python, iotlab1, mult, 0
15936594    , 587.08, 281.67, 275.22, 10.70,  0.00, 21173043205, 21149135000,   22999000, 21185455232, python, iotlab1, mult, 0
15936594    , 487.73, 251.87, 246.15,  9.40,  0.00, 18669448077, 18652474000,   17000000, 18681858570, python, iotlab1, mult, 0
15936594    , 525.82, 266.98, 260.89, 10.16,  0.00, 20182536518, 20167626000,   15000000, 20195009786, python, iotlab1, mult, 0
15936594    , 490.24, 252.49, 246.79,  9.44,  0.00, 18679229500, 18665231000,   14000000, 18691746768, python, iotlab1, mult, 0
15936594    , 484.26, 249.94, 244.33,  9.35,  0.00, 18569988974, 18548277000,   20998000, 18582521959, python, iotlab1, mult, 0
1804898     , 521.81, 267.02, 260.89, 10.16,  0.00, 20193344800, 20179244000,   14000000, 20205709462, python, iotlab1, mult, 0
1804898     , 524.67, 268.96, 262.85, 10.21,  0.00, 20210186648, 20190228000,   18999000, 20222641109, python, iotlab1, mult, 0
1804898     , 524.01, 268.83, 262.69, 10.23,  0.00, 20321611667, 20299841000,   20999000, 20334029420, python, iotlab1, mult, 0
1804898     , 521.96, 268.94, 262.82, 10.16,  0.00, 20199680868, 20174692000,   24999000, 20212050395, python, iotlab1, mult, 0
1804898     , 528.51, 271.37, 265.23, 10.23,  0.00, 20251901174, 20226090000,   24998000, 20264321520, python, iotlab1, mult, 0
1804898     , 533.05, 274.37, 268.17, 10.28,  0.00, 20423019132, 20406059000,   15999000, 20435287565, python, iotlab1, mult, 0
1804898     , 519.96, 266.92, 260.83, 10.15,  0.00, 20180926451, 20161104000,   18999000, 20193354116, python, iotlab1, mult, 0
1804898     , 524.84, 270.82, 264.68, 10.23,  0.00, 20256739516, 20235202000,   19999000, 20268982478, python, iotlab1, mult, 0
1804898     , 516.85, 265.47, 259.38, 10.14,  0.00, 20142683373, 20126721000,   16000000, 20155071810, python, iotlab1, mult, 0
1804898     , 522.78, 268.69, 262.58, 10.20,  0.00, 20278639673, 20252773000,   24998000, 20291002413, python, iotlab1, mult, 0
2211065     , 848.65, 441.07, 431.16, 16.44,  0.00, 32597172721, 32575507000,   19999000, 32609613318, python, iotlab1, mult, 0
2211065     , 832.71, 431.86, 422.18, 16.07,  0.00, 31949932793, 31927797000,   20999000, 31962310148, python, iotlab1, mult, 0
2211065     , 913.19, 469.09, 458.46, 17.71,  0.00, 35132082176, 35112566000,   17999000, 35144391274, python, iotlab1, mult, 0
2211065     , 891.65, 457.68, 447.24, 17.34,  0.00, 34462844102, 34444968000,   17999000, 34475223655, python, iotlab1, mult, 0
2211065     , 852.28, 439.17, 429.18, 16.62,  0.00, 32966607343, 32949149000,   16000000, 32978852788, python, iotlab1, mult, 0
2211065     , 836.99, 433.85, 424.03, 16.29,  0.00, 32384404249, 32372118000,   10999000, 32396795656, python, iotlab1, mult, 0
2211065     , 909.48, 472.43, 461.83, 17.64,  0.00, 34992571503, 34973998000,   16999000, 35004983576, python, iotlab1, mult, 0
2211065     , 847.71, 440.86, 431.03, 16.32,  0.00, 32407727723, 32382444000,   23998000, 32420049344, python, iotlab1, mult, 0
2211065     , 870.77, 453.70, 443.49, 16.94,  0.00, 33621830167, 33606385000,   13999000, 33634238025, python, iotlab1, mult, 0
2211065     , 876.55, 455.89, 445.66, 16.96,  0.00, 33625871431, 33606563000,   17999000, 33638301227, python, iotlab1, mult, 0
2649390     , 635.15, 327.86, 320.47, 12.24,  0.00, 24316598379, 24296305000,   18999000, 24329473160, python, iotlab1, mult, 0
2649390     , 617.82, 321.19, 313.91, 11.99,  0.00, 23827251986, 23807320000,   18998000, 23839634505, python, iotlab1, mult, 0
2649390     , 622.19, 323.82, 316.56, 12.02,  0.00, 23807090582, 23780214000,   26000000, 23819469061, python, iotlab1, mult, 0
2649390     , 631.06, 326.66, 319.34, 12.14,  0.00, 24122540974, 24101529000,   19999000, 24135004767, python, iotlab1, mult, 0
2649390     , 631.62, 328.11, 320.75, 12.22,  0.00, 24203766077, 24185653000,   16999000, 24216100786, python, iotlab1, mult, 0
2649390     , 663.59, 342.36, 334.64, 12.77,  0.00, 25374222785, 25353263000,   19999000, 25386576935, python, iotlab1, mult, 0
2649390     , 630.38, 325.79, 318.46, 12.16,  0.00, 24173367758, 24160421000,   13000000, 24185693482, python, iotlab1, mult, 0
2649390     , 635.89, 328.18, 320.79, 12.27,  0.00, 24304600329, 24277995000,   23999000, 24317022909, python, iotlab1, mult, 0
2649390     , 665.02, 344.41, 336.65, 12.81,  0.00, 25464872982, 25443736000,   21000000, 25477252720, python, iotlab1, mult, 0
2649390     , 609.71, 314.98, 307.87, 11.82,  0.00, 23449514147, 23428983000,   19999000, 23461860960, python, iotlab1, mult, 0
2716997     , 534.01, 273.42, 267.19, 10.37,  0.00, 20543241364, 20512740000,   29999000, 20555637719, python, iotlab1, mult, 0
2716997     , 532.90, 273.14, 266.94, 10.33,  0.00, 20516670281, 20492906000,   22998000, 20529087571, python, iotlab1, mult, 0
2716997     , 533.95, 275.14, 268.90, 10.41,  0.00, 20645820307, 20619383000,   24999000, 20658088766, python, iotlab1, mult, 0
2716997     , 535.55, 274.93, 268.70, 10.43,  0.00, 20676824638, 20661711000,   14000000, 20689145994, python, iotlab1, mult, 0
2716997     , 534.59, 277.24, 270.95, 10.41,  0.00, 20665279301, 20629349000,   36000000, 20677659474, python, iotlab1, mult, 0
2716997     , 533.89, 274.63, 268.41, 10.43,  0.00, 20690110437, 20661360000,   28000000, 20702612149, python, iotlab1, mult, 0
2716997     , 538.22, 278.14, 271.87, 10.43,  0.00, 20665668633, 20641396000,   22998000, 20678211186, python, iotlab1, mult, 0
2716997     , 524.02, 269.48, 263.31, 10.30,  0.00, 20464381497, 20439324000,   24999000, 20476783812, python, iotlab1, mult, 0
2716997     , 540.86, 278.28, 271.96, 10.52,  0.00, 20873031072, 20854184000,   17999000, 20885457753, python, iotlab1, mult, 0
2716997     , 547.16, 283.09, 276.69, 10.66,  0.00, 21124216596, 21102007000,   22000000, 21136566322, python, iotlab1, mult, 0
3016897     , 1087.25, 552.43, 539.83, 20.91,  0.00, 41519992171, 41500187000,   18000000, 41532352502, python, iotlab1, mult, 0
3016897     , 1087.61, 553.47, 540.78, 21.01,  0.00, 41796601737, 41772080000,   23999000, 41809009717, python, iotlab1, mult, 0
3016897     , 990.90, 510.36, 498.84, 19.13,  0.00, 37965214662, 37947574000,   14999000, 37977784616, python, iotlab1, mult, 0
3016897     , 1048.25, 535.37, 523.18, 20.29,  0.00, 40355630801, 40332347000,   20998000, 40368096241, python, iotlab1, mult, 0
3016897     , 999.85, 509.84, 498.30, 19.40,  0.00, 38514538485, 38486564000,   25999000, 38526900294, python, iotlab1, mult, 0
3016897     , 1009.22, 519.22, 507.47, 19.60,  0.00, 38901369089, 38878231000,   20999000, 38913677194, python, iotlab1, mult, 0
3016897     , 998.58, 514.92, 503.25, 19.37,  0.00, 38526052008, 38507585000,   15998000, 38538447846, python, iotlab1, mult, 0
3016897     , 1035.99, 524.03, 512.06, 19.90,  0.00, 39509134342, 39490463000,   15998000, 39521605443, python, iotlab1, mult, 0
3016897     , 983.92, 508.79, 497.31, 19.07,  0.00, 37851254376, 37832113000,   16998000, 37863662670, python, iotlab1, mult, 0
3016897     , 1002.66, 516.41, 504.65, 19.54,  0.00, 38864787802, 38847534000,   16999000, 38877101454, python, iotlab1, mult, 0
3052265     , 700.67, 361.45, 353.35, 13.48,  0.00, 26723330411, 26699307000,   21999000, 26735801800, python, iotlab1, mult, 0
3052265     , 650.04, 337.68, 330.02, 12.56,  0.00, 24962880880, 24939624000,   23000000, 24975410085, python, iotlab1, mult, 0
3052265     , 704.34, 367.94, 359.79, 13.49,  0.00, 26812902730, 26797740000,   14999000, 26825241285, python, iotlab1, mult, 0
3052265     , 683.66, 354.54, 346.62, 13.13,  0.00, 26025466897, 26011048000,   12999000, 26037964026, python, iotlab1, mult, 0
3052265     , 665.43, 344.71, 336.95, 12.87,  0.00, 25555509666, 25536305000,   18999000, 25567965431, python, iotlab1, mult, 0
3052265     , 669.06, 346.08, 338.35, 12.87,  0.00, 25496988906, 25480595000,   14999000, 25509439610, python, iotlab1, mult, 0
3052265     , 716.79, 369.67, 361.33, 13.83,  0.00, 27485422675, 27464917000,   18998000, 27497950735, python, iotlab1, mult, 0
3052265     , 741.63, 383.74, 375.05, 14.29,  0.00, 28335620707, 28311521000,   23999000, 28348050728, python, iotlab1, mult, 0
3052265     , 671.27, 347.98, 340.18, 12.95,  0.00, 25728327816, 25702119000,   24998000, 25740678248, python, iotlab1, mult, 0
3052265     , 656.29, 340.76, 333.11, 12.70,  0.00, 25241931648, 25219687000,   20998000, 25254378360, python, iotlab1, mult, 0
3144754     , 644.85, 334.58, 327.00, 12.48,  0.00, 24713583248, 24688183000,   25000000, 24725926365, python, iotlab1, mult, 0
3144754     , 642.62, 331.09, 323.61, 12.44,  0.00, 24706860519, 24686815000,   20000000, 24719234717, python, iotlab1, mult, 0
3144754     , 650.37, 338.70, 331.22, 12.51,  0.00, 24758477936, 24733261000,   23998000, 24770930427, python, iotlab1, mult, 0
3144754     , 654.21, 339.93, 332.20, 12.68,  0.00, 25184661058, 25162523000,   22000000, 25197169790, python, iotlab1, mult, 0
3144754     , 656.53, 341.10, 333.39, 12.67,  0.00, 25146966830, 25126904000,   19999000, 25159377338, python, iotlab1, mult, 0
3144754     , 663.35, 343.61, 335.90, 12.79,  0.00, 25325858398, 25296152000,   28001000, 25338373747, python, iotlab1, mult, 0
3144754     , 667.14, 345.61, 337.83, 12.92,  0.00, 25657145422, 25635081000,   22000000, 25669528651, python, iotlab1, mult, 0
3144754     , 659.70, 340.77, 333.07, 12.79,  0.00, 25327559532, 25303124000,   21998000, 25340160145, python, iotlab1, mult, 0
3144754     , 644.32, 332.96, 325.48, 12.42,  0.00, 24661899276, 24636638000,   23998000, 24674531204, python, iotlab1, mult, 0
3144754     , 684.64, 354.37, 346.47, 13.17,  0.00, 26089561521, 26064338000,   23998000, 26101934243, python, iotlab1, mult, 0
3343899     , 732.64, 380.18, 371.69, 14.14,  0.00, 28088772013, 28069431000,   19000000, 28103483688, python, iotlab1, mult, 0
3343899     , 686.11, 353.74, 345.67, 13.30,  0.00, 26426807766, 26416791000,    9999000, 26439061104, python, iotlab1, mult, 0
3343899     , 706.20, 366.99, 358.79, 13.65,  0.00, 27049414347, 27022266000,   25998000, 27061813068, python, iotlab1, mult, 0
3343899     , 698.85, 365.74, 357.42, 13.63,  0.00, 27077167789, 27058136000,   19000000, 27089599784, python, iotlab1, mult, 0
3343899     , 697.03, 362.96, 354.87, 13.47,  0.00, 26681645445, 26661877000,   17999000, 26694034006, python, iotlab1, mult, 0
3343899     , 707.12, 366.97, 358.74, 13.70,  0.00, 27216316118, 27195052000,   19999000, 27228727216, python, iotlab1, mult, 0
3343899     , 695.88, 361.82, 353.71, 13.52,  0.00, 26778785324, 26757540000,   19999000, 26791015934, python, iotlab1, mult, 0
3343899     , 694.47, 358.63, 350.50, 13.51,  0.00, 26829025190, 26809975000,   18999000, 26841375159, python, iotlab1, mult, 0
3343899     , 731.81, 378.78, 370.23, 14.21,  0.00, 28228671053, 28204432000,   22998000, 28241037489, python, iotlab1, mult, 0
3343899     , 695.99, 361.54, 353.49, 13.45,  0.00, 26634413810, 26611649000,   20998000, 26646741964, python, iotlab1, mult, 0
3513208     , 900.44, 468.51, 457.96, 17.51,  0.00, 34820008123, 34803724000,   15999000, 34832937370, python, iotlab1, mult, 0
3513208     , 937.47, 483.51, 472.58, 18.17,  0.00, 36055231198, 36037480000,   15999000, 36067530840, python, iotlab1, mult, 0
3513208     , 975.32, 503.58, 492.29, 18.76,  0.00, 37226628502, 37203596000,   20999000, 37238894243, python, iotlab1, mult, 0
3513208     , 917.36, 474.77, 464.11, 17.74,  0.00, 35270709299, 35254664000,   15999000, 35283057832, python, iotlab1, mult, 0
3513208     , 907.58, 470.07, 459.57, 17.46,  0.00, 34640372057, 34613249000,   24998000, 34652859972, python, iotlab1, mult, 0
3513208     , 920.59, 475.08, 464.30, 17.90,  0.00, 35588051123, 35563975000,   23999000, 35600383685, python, iotlab1, mult, 0
3513208     , 925.14, 480.27, 469.62, 17.78,  0.00, 35272947228, 35246155000,   24999000, 35285338081, python, iotlab1, mult, 0
3513208     , 880.04, 454.17, 443.89, 17.10,  0.00, 33991243103, 33971161000,   20000000, 34003614933, python, iotlab1, mult, 0
3513208     , 899.41, 466.90, 456.51, 17.31,  0.00, 34338243750, 34316819000,   19999000, 34350625443, python, iotlab1, mult, 0
3513208     , 916.39, 478.15, 467.30, 17.81,  0.00, 35341702435, 35322522000,   19000000, 35354205815, python, iotlab1, mult, 0
3583214     , 663.47, 344.12, 336.43, 12.85,  0.00, 25509027822, 25488715000,   19999000, 25521513551, python, iotlab1, mult, 0
3583214     , 664.85, 345.11, 337.31, 12.95,  0.00, 25721120373, 25682078000,   39000000, 25733565566, python, iotlab1, mult, 0
3583214     , 712.10, 369.40, 361.14, 13.76,  0.00, 27252938647, 27237718000,   13999000, 27265273389, python, iotlab1, mult, 0
3583214     , 660.25, 341.91, 334.25, 12.74,  0.00, 25306758946, 25278560000,   26998000, 25319079305, python, iotlab1, mult, 0
3583214     , 682.97, 353.96, 346.04, 13.20,  0.00, 26137354024, 26113253000,   22999000, 26149753148, python, iotlab1, mult, 0
3583214     , 674.30, 348.73, 340.90, 13.02,  0.00, 25864336601, 25837985000,   24999000, 25876766537, python, iotlab1, mult, 0
3583214     , 684.61, 354.81, 346.88, 13.25,  0.00, 26239897230, 26219009000,   19000000, 26252338545, python, iotlab1, mult, 0
3583214     , 677.23, 349.29, 341.47, 13.06,  0.00, 25930951985, 25905872000,   24999000, 25943436397, python, iotlab1, mult, 0
3583214     , 666.09, 344.70, 336.95, 12.89,  0.00, 25593300937, 25566266000,   27000000, 25605749289, python, iotlab1, mult, 0
3583214     , 647.65, 335.20, 327.69, 12.54,  0.00, 24815652914, 24793973000,   19998000, 24827974443, python, iotlab1, mult, 0
3594686     , 493.41, 254.90, 249.23,  9.49,  0.00, 18854236149, 18839953000,   13999000, 18867309033, python, iotlab1, mult, 0
3594686     , 497.91, 259.56, 253.76,  9.58,  0.00, 19032808184, 19020814000,   11999000, 19045208266, python, iotlab1, mult, 0
3594686     , 504.52, 264.24, 258.42,  9.66,  0.00, 19105784906, 19087737000,   18000000, 19118246168, python, iotlab1, mult, 0
3594686     , 492.33, 257.52, 251.82,  9.45,  0.00, 18758942547, 18742919000,   15999000, 18771322856, python, iotlab1, mult, 0
3594686     , 497.59, 259.14, 253.35,  9.56,  0.00, 18980478294, 18959481000,   21000000, 18992827091, python, iotlab1, mult, 0
3594686     , 550.00, 284.50, 278.14, 10.56,  0.00, 20904968436, 20880980000,   22998000, 20917339057, python, iotlab1, mult, 0
3594686     , 493.93, 256.29, 250.59,  9.49,  0.00, 18841186144, 18828228000,   11999000, 18853503667, python, iotlab1, mult, 0
3594686     , 528.85, 273.95, 267.83, 10.18,  0.00, 20216204075, 20193248000,   21999000, 20228505602, python, iotlab1, mult, 0
3594686     , 507.12, 265.22, 259.38,  9.70,  0.00, 19188500099, 19177232000,   11000000, 19200888959, python, iotlab1, mult, 0
3594686     , 511.72, 265.07, 259.06,  9.85,  0.00, 19568611397, 19554612000,   13999000, 19580882306, python, iotlab1, mult, 0
3723925     , 681.90, 352.93, 344.90, 13.15,  0.00, 26104078807, 26078860000,   24999000, 26116555432, python, iotlab1, mult, 0
3723925     , 668.68, 345.51, 337.68, 12.87,  0.00, 25471845498, 25445808000,   26000000, 25484113401, python, iotlab1, mult, 0
3723925     , 686.72, 354.68, 346.63, 13.22,  0.00, 26257440066, 26236457000,   21000000, 26269934682, python, iotlab1, mult, 0
3723925     , 686.13, 353.13, 345.15, 13.25,  0.00, 26228971648, 26203945000,   23999000, 26241406088, python, iotlab1, mult, 0
3723925     , 663.83, 342.30, 334.59, 12.84,  0.00, 25500392167, 25472005000,   29001000, 25512802699, python, iotlab1, mult, 0
3723925     , 677.52, 350.16, 342.26, 13.09,  0.00, 25986862743, 25955393000,   30999000, 25999170915, python, iotlab1, mult, 0
3723925     , 659.72, 341.73, 334.10, 12.71,  0.00, 25151275440, 25127667000,   22999000, 25163690564, python, iotlab1, mult, 0
3723925     , 663.71, 341.93, 334.18, 12.90,  0.00, 25608506316, 25577069000,   32001000, 25620872202, python, iotlab1, mult, 0
3723925     , 673.74, 347.15, 339.28, 13.08,  0.00, 25883760353, 25850478000,   31999000, 25896092590, python, iotlab1, mult, 0
3723925     , 651.91, 335.74, 328.09, 12.63,  0.00, 25081489008, 25053965000,   27999000, 25093810594, python, iotlab1, mult, 0
3764448     , 952.00, 489.50, 478.53, 18.13,  0.00, 35942761600, 35922133000,   21000000, 35955147981, python, iotlab1, mult, 0
3764448     , 957.31, 481.87, 470.94, 18.04,  0.00, 35846176716, 35827749000,   19000000, 35858560102, python, iotlab1, mult, 0
3764448     , 951.01, 482.73, 471.86, 18.02,  0.00, 35751743906, 35734315000,   15999000, 35764199478, python, iotlab1, mult, 0
3764448     , 881.57, 449.39, 439.30, 16.74,  0.00, 33272735198, 33253858000,   17999000, 33284971538, python, iotlab1, mult, 0
3764448     , 957.64, 478.49, 467.75, 17.88,  0.00, 35468425440, 35447213000,   20000000, 35480736262, python, iotlab1, mult, 0
3764448     , 899.91, 455.93, 445.70, 16.91,  0.00, 33613986797, 33591553000,   23000000, 33626418994, python, iotlab1, mult, 0
3764448     , 874.37, 453.07, 442.98, 16.73,  0.00, 33193549355, 33179632000,   12999000, 33206013322, python, iotlab1, mult, 0
3764448     , 933.50, 474.65, 463.98, 17.69,  0.00, 35096786864, 35076758000,   18999000, 35109175566, python, iotlab1, mult, 0
3764448     , 930.64, 470.89, 460.28, 17.68,  0.00, 35141667127, 35120112000,   22000000, 35154088373, python, iotlab1, mult, 0
3764448     , 924.14, 464.47, 454.06, 17.28,  0.00, 34273080043, 34257637000,   14000000, 34285406986, python, iotlab1, mult, 0
3895043     , 724.14, 375.72, 367.28, 13.92,  0.00, 27658021827, 27640820000,   15998000, 27670423160, python, iotlab1, mult, 0
3895043     , 724.87, 376.06, 367.73, 13.96,  0.00, 27672585805, 27652120000,   18999000, 27685048968, python, iotlab1, mult, 0
3895043     , 733.09, 384.75, 376.22, 14.08,  0.00, 27985358396, 27970514000,   15000000, 27997747624, python, iotlab1, mult, 0
3895043     , 695.85, 362.15, 353.97, 13.43,  0.00, 26694543177, 26681806000,   12999000, 26706961493, python, iotlab1, mult, 0
3895043     , 722.27, 376.96, 368.56, 13.90,  0.00, 27547203144, 27532445000,   15000000, 27559735142, python, iotlab1, mult, 0
3895043     , 708.40, 368.33, 359.98, 13.68,  0.00, 27196304553, 27176442000,   19999000, 27208733074, python, iotlab1, mult, 0
3895043     , 778.68, 404.64, 395.63, 14.96,  0.00, 29668070588, 29647955000,   17998000, 29680629246, python, iotlab1, mult, 0
3895043     , 744.99, 387.69, 378.98, 14.34,  0.00, 28506960636, 28482225000,   25000000, 28519369589, python, iotlab1, mult, 0
3895043     , 731.68, 382.14, 373.73, 13.98,  0.00, 27718896843, 27697055000,   22000000, 27731327871, python, iotlab1, mult, 0
3895043     , 729.67, 378.40, 369.80, 14.08,  0.00, 27994350010, 27970583000,   24000000, 28006746670, python, iotlab1, mult, 0
4569402     , 949.38, 489.76, 478.91, 18.02,  0.00, 35751566529, 35735679000,   16000000, 35763930669, python, iotlab1, mult, 0
4569402     , 860.14, 448.72, 438.73, 16.62,  0.00, 33045875895, 33026683000,   17998000, 33058350217, python, iotlab1, mult, 0
4569402     , 975.18, 476.28, 465.52, 17.81,  0.00, 35325345013, 35299852000,   23998000, 35337731968, python, iotlab1, mult, 0
4569402     , 943.40, 490.33, 479.38, 18.17,  0.00, 36133175221, 36116868000,   14999000, 36145561328, python, iotlab1, mult, 0
4569402     , 927.46, 480.93, 470.24, 17.82,  0.00, 35348082262, 35327482000,   18999000, 35360519454, python, iotlab1, mult, 0
4569402     , 921.45, 477.29, 466.59, 17.75,  0.00, 35209578784, 35180311000,   27998000, 35222017951, python, iotlab1, mult, 0
4569402     , 920.98, 477.06, 466.24, 17.73,  0.00, 35248572064, 35223655000,   25000000, 35260876921, python, iotlab1, mult, 0
4569402     , 936.49, 484.14, 473.36, 18.00,  0.00, 35708458570, 35694852000,   11999000, 35720972889, python, iotlab1, mult, 0
4569402     , 945.80, 488.81, 477.68, 18.26,  0.00, 36303463076, 36288571000,   14999000, 36315787031, python, iotlab1, mult, 0
4569402     , 865.77, 446.70, 436.72, 16.67,  0.00, 33069605441, 33051064000,   17000000, 33082000059, python, iotlab1, mult, 0
4696547     , 845.36, 433.67, 423.79, 16.39,  0.00, 32573950209, 32558858000,   15000000, 32586499912, python, iotlab1, mult, 0
4696547     , 830.42, 430.50, 420.74, 16.03,  0.00, 31795799249, 31779935000,   16000000, 31808195623, python, iotlab1, mult, 0
4696547     , 894.76, 459.46, 449.04, 17.29,  0.00, 34369285348, 34345417000,   23999000, 34381784856, python, iotlab1, mult, 0
4696547     , 849.99, 440.37, 430.43, 16.48,  0.00, 32695061121, 32675715000,   17999000, 32707359778, python, iotlab1, mult, 0
4696547     , 828.47, 431.00, 421.21, 16.07,  0.00, 31919096487, 31903118000,   16000000, 31931701461, python, iotlab1, mult, 0
4696547     , 858.66, 444.06, 434.11, 16.57,  0.00, 32905127498, 32885737000,   17999000, 32917705997, python, iotlab1, mult, 0
4696547     , 845.03, 436.78, 426.87, 16.36,  0.00, 32442726338, 32418864000,   23999000, 32455146206, python, iotlab1, mult, 0
4696547     , 836.01, 432.25, 422.49, 16.14,  0.00, 32084974033, 32069715000,   13999000, 32097523141, python, iotlab1, mult, 0
4696547     , 833.48, 428.86, 419.12, 16.04,  0.00, 31819672800, 31797751000,   22000000, 31832006662, python, iotlab1, mult, 0
4696547     , 875.89, 453.69, 443.53, 16.92,  0.00, 33650779358, 33632864000,   17999000, 33663360056, python, iotlab1, mult, 0
4957375     , 883.50, 456.76, 446.52, 16.96,  0.00, 33637770595, 33613318000,   22999000, 33650199866, python, iotlab1, mult, 0
4957375     , 947.08, 490.96, 479.84, 18.25,  0.00, 36274622829, 36253807000,   20999000, 36287050163, python, iotlab1, mult, 0
4957375     , 930.29, 483.84, 473.05, 17.89,  0.00, 35496055423, 35471530000,   22999000, 35508384616, python, iotlab1, mult, 0
4957375     , 919.19, 478.90, 468.27, 17.67,  0.00, 35121143622, 35102169000,   19000000, 35133733852, python, iotlab1, mult, 0
4957375     , 948.62, 492.57, 481.54, 18.21,  0.00, 36128266385, 36102776000,   23999000, 36140738948, python, iotlab1, mult, 0
4957375     , 924.00, 478.58, 467.97, 17.80,  0.00, 35313148410, 35294604000,   17000000, 35325570388, python, iotlab1, mult, 0
4957375     , 865.40, 451.31, 441.27, 16.60,  0.00, 32987931677, 32969982000,   17999000, 33000289870, python, iotlab1, mult, 0
4957375     , 967.97, 505.63, 494.49, 18.48,  0.00, 36658882439, 36632052000,   27000000, 36671214014, python, iotlab1, mult, 0
4957375     , 916.69, 473.09, 462.46, 17.64,  0.00, 35063160815, 35037675000,   23998000, 35075565553, python, iotlab1, mult, 0
4957375     , 971.12, 503.74, 492.46, 18.68,  0.00, 37061272627, 37036477000,   22999000, 37073653572, python, iotlab1, mult, 0
5000183     , 656.86, 327.00, 319.62, 12.22,  0.00, 24285605799, 24264443000,   20999000, 24298010500, python, iotlab1, mult, 0
5000183     , 688.93, 342.11, 334.38, 12.81,  0.00, 25392450378, 25369372000,   21998000, 25404823123, python, iotlab1, mult, 0
5000183     , 600.33, 299.80, 293.00, 11.32,  0.00, 22480611623, 22465684000,   15000000, 22492980080, python, iotlab1, mult, 0
5000183     , 659.54, 331.71, 324.22, 12.37,  0.00, 24580978202, 24560947000,   18999000, 24593327794, python, iotlab1, mult, 0
5000183     , 624.00, 321.37, 314.25, 11.98,  0.00, 23725398251, 23709737000,   13999000, 23737732014, python, iotlab1, mult, 0
5000183     , 603.38, 307.20, 300.27, 11.44,  0.00, 22734490595, 22719489000,   15000000, 22746999493, python, iotlab1, mult, 0
5000183     , 608.06, 314.51, 307.53, 11.57,  0.00, 22906204778, 22883161000,   21999000, 22918668124, python, iotlab1, mult, 0
5000183     , 674.75, 323.95, 316.53, 12.20,  0.00, 24234975243, 24218972000,   15999000, 24247412374, python, iotlab1, mult, 0
5000183     , 696.53, 336.52, 328.93, 12.57,  0.00, 24971453978, 24955544000,   14999000, 24983815986, python, iotlab1, mult, 0
5000183     , 637.43, 317.42, 310.30, 11.87,  0.00, 23517061564, 23492220000,   22999000, 23529508900, python, iotlab1, mult, 0
5287771     , 866.10, 448.16, 438.21, 16.68,  0.00, 33160911301, 33144054000,   15999000, 33173499893, python, iotlab1, mult, 0
5287771     , 882.48, 461.64, 451.41, 16.93,  0.00, 33579494165, 33562498000,   14999000, 33591984110, python, iotlab1, mult, 0
5287771     , 989.13, 475.50, 464.59, 17.93,  0.00, 35647263253, 35628652000,   17999000, 35659682728, python, iotlab1, mult, 0
5287771     , 949.87, 484.08, 473.26, 17.99,  0.00, 35706666933, 35685483000,   18999000, 35719070144, python, iotlab1, mult, 0
5287771     , 912.43, 473.97, 463.46, 17.62,  0.00, 35010071767, 34993075000,   16000000, 35022430985, python, iotlab1, mult, 0
5287771     , 903.88, 468.71, 458.25, 17.27,  0.00, 34277717396, 34259161000,   18000000, 34290139763, python, iotlab1, mult, 0
5287771     , 965.50, 494.99, 483.96, 18.26,  0.00, 36233528422, 36216019000,   17000000, 36245923643, python, iotlab1, mult, 0
5287771     , 897.32, 465.11, 454.68, 17.32,  0.00, 34430806148, 34410679000,   17998000, 34443111426, python, iotlab1, mult, 0
5287771     , 911.08, 472.30, 461.82, 17.55,  0.00, 34823255718, 34800190000,   20999000, 34835559589, python, iotlab1, mult, 0
5287771     , 890.93, 460.26, 449.96, 17.19,  0.00, 34170872380, 34145536000,   25000000, 34183230919, python, iotlab1, mult, 0
5287775     , 919.98, 476.51, 465.75, 17.69,  0.00, 35098130445, 35085698000,   11999000, 35110484194, python, iotlab1, mult, 0
5287775     , 885.01, 458.46, 448.14, 17.07,  0.00, 33931629026, 33911810000,   17999000, 33944036704, python, iotlab1, mult, 0
5287775     , 892.61, 464.94, 454.66, 17.16,  0.00, 34036298784, 34014219000,   19999000, 34048603323, python, iotlab1, mult, 0
5287775     , 883.95, 462.41, 452.13, 16.99,  0.00, 33709090101, 33690751000,   17999000, 33721430504, python, iotlab1, mult, 0
5287775     , 883.19, 459.84, 449.50, 17.01,  0.00, 33823864242, 33807624000,   15999000, 33836240428, python, iotlab1, mult, 0
5287775     , 901.00, 468.39, 457.99, 17.31,  0.00, 34337274747, 34312287000,   22998000, 34349650528, python, iotlab1, mult, 0
5287775     , 885.40, 461.87, 451.56, 17.19,  0.00, 34186308955, 34172106000,   13999000, 34198815668, python, iotlab1, mult, 0
5287775     , 908.55, 473.68, 463.11, 17.45,  0.00, 34621191698, 34605020000,   16000000, 34633633778, python, iotlab1, mult, 0
5287775     , 858.44, 445.86, 435.89, 16.63,  0.00, 33066689637, 33046514000,   20000000, 33079189737, python, iotlab1, mult, 0
5287775     , 889.42, 460.35, 450.02, 17.21,  0.00, 34135944210, 34108058000,   26000000, 34148327164, python, iotlab1, mult, 0
6077867     , 1148.33, 595.61, 582.27, 22.02,  0.00, 43724444100, 43706937000,   16999000, 43737565896, python, iotlab1, mult, 0
6077867     , 1101.04, 572.03, 559.19, 21.15,  0.00, 42064607045, 42045487000,   18999000, 42077106109, python, iotlab1, mult, 0
6077867     , 1135.29, 588.90, 575.79, 21.80,  0.00, 43290104055, 43260915000,   26998000, 43302534667, python, iotlab1, mult, 0
6077867     , 1113.78, 579.63, 566.73, 21.37,  0.00, 42426739179, 42412829000,   11999000, 42439229376, python, iotlab1, mult, 0
6077867     , 1114.20, 584.43, 571.48, 21.33,  0.00, 42417638967, 42396470000,   18998000, 42429977903, python, iotlab1, mult, 0
6077867     , 1113.98, 582.92, 570.05, 21.41,  0.00, 42499308453, 42485487000,   11999000, 42511754819, python, iotlab1, mult, 0
6077867     , 1096.78, 570.76, 558.11, 21.04,  0.00, 41759060531, 41733183000,   23998000, 41771384385, python, iotlab1, mult, 0
6077867     , 1136.30, 592.08, 578.87, 21.88,  0.00, 43508051798, 43482971000,   22998000, 43520462623, python, iotlab1, mult, 0
6077867     , 1053.45, 552.10, 539.87, 20.21,  0.00, 40120188062, 40098155000,   19999000, 40132654772, python, iotlab1, mult, 0
6077867     , 1110.80, 576.10, 563.29, 21.23,  0.00, 42136707204, 42110800000,   23999000, 42149043393, python, iotlab1, mult, 0
6102741     , 525.85, 270.73, 264.60, 10.19,  0.00, 20241966396, 20224703000,   16999000, 20254827150, python, iotlab1, mult, 0
6102741     , 529.84, 273.04, 266.87, 10.21,  0.00, 20284070664, 20264265000,   18999000, 20296420194, python, iotlab1, mult, 0
6102741     , 531.45, 275.00, 268.80, 10.23,  0.00, 20261983062, 20249685000,   11999000, 20274391889, python, iotlab1, mult, 0
6102741     , 528.06, 272.23, 266.10, 10.21,  0.00, 20291451598, 20277389000,   14000000, 20303824985, python, iotlab1, mult, 0
6102741     , 527.44, 271.34, 265.22, 10.19,  0.00, 20245430242, 20221349000,   23999000, 20257793114, python, iotlab1, mult, 0
6102741     , 530.60, 275.13, 268.95, 10.25,  0.00, 20303889473, 20290890000,   11999000, 20316369424, python, iotlab1, mult, 0
6102741     , 524.18, 272.31, 266.12, 10.18,  0.00, 20224528588, 20208440000,   16000000, 20237120382, python, iotlab1, mult, 0
6102741     , 525.75, 272.05, 265.93, 10.20,  0.00, 20278870662, 20265816000,   13000000, 20291346358, python, iotlab1, mult, 0
6102741     , 526.93, 271.32, 265.18, 10.23,  0.00, 20260383116, 20240590000,   18000000, 20272657406, python, iotlab1, mult, 0
6102741     , 527.41, 272.09, 265.91, 10.20,  0.00, 20271700169, 20251511000,   18998000, 20284039953, python, iotlab1, mult, 0
6102749     , 553.77, 285.89, 279.38, 10.70,  0.00, 21269139856, 21248000000,   21000000, 21282415125, python, iotlab1, mult, 0
6102749     , 555.83, 285.34, 278.89, 10.73,  0.00, 21257683182, 21223973000,   31999000, 21270015146, python, iotlab1, mult, 0
6102749     , 555.41, 286.84, 280.34, 10.68,  0.00, 21233610571, 21218533000,   14999000, 21245868638, python, iotlab1, mult, 0
6102749     , 552.55, 283.22, 276.78, 10.69,  0.00, 21253211046, 21239136000,   14000000, 21265937612, python, iotlab1, mult, 0
6102749     , 558.05, 287.36, 280.87, 10.78,  0.00, 21357991621, 21339999000,   16998000, 21370535201, python, iotlab1, mult, 0
6102749     , 555.85, 285.05, 278.56, 10.69,  0.00, 21252766199, 21238736000,   13999000, 21265250339, python, iotlab1, mult, 0
6102749     , 551.95, 283.85, 277.41, 10.66,  0.00, 21181888853, 21165936000,   14999000, 21194338184, python, iotlab1, mult, 0
6102749     , 567.25, 291.86, 285.31, 10.96,  0.00, 21704229667, 21675433000,   26998000, 21716843484, python, iotlab1, mult, 0
6102749     , 556.70, 288.39, 281.92, 10.77,  0.00, 21399011733, 21382097000,   16000000, 21411458098, python, iotlab1, mult, 0
6102749     , 550.09, 285.56, 279.08, 10.64,  0.00, 21151063737, 21129977000,   20999000, 21163512013, python, iotlab1, mult, 0
6102800     , 554.44, 285.20, 278.76, 10.72,  0.00, 21234667804, 21215489000,   16999000, 21247010358, python, iotlab1, mult, 0
6102800     , 565.25, 290.75, 284.20, 10.88,  0.00, 21618105539, 21599155000,   17999000, 21630511682, python, iotlab1, mult, 0
6102800     , 554.18, 286.69, 280.29, 10.71,  0.00, 21288841084, 21275789000,   12999000, 21301303813, python, iotlab1, mult, 0
6102800     , 560.74, 289.95, 283.42, 10.84,  0.00, 21466287635, 21446306000,   18999000, 21478678883, python, iotlab1, mult, 0
6102800     , 554.36, 281.22, 274.78, 10.67,  0.00, 21210029602, 21195975000,   13999000, 21222541953, python, iotlab1, mult, 0
6102800     , 550.96, 282.65, 276.20, 10.70,  0.00, 21277709431, 21260669000,   16999000, 21290115702, python, iotlab1, mult, 0
6102800     , 561.22, 288.51, 282.04, 10.80,  0.00, 21399840443, 21376028000,   22000000, 21412427686, python, iotlab1, mult, 0
6102800     , 559.40, 287.96, 281.46, 10.82,  0.00, 21509300274, 21486207000,   23000000, 21521635532, python, iotlab1, mult, 0
6102800     , 561.73, 290.68, 284.20, 10.83,  0.00, 21494099720, 21476284000,   17001000, 21506468235, python, iotlab1, mult, 0
6102800     , 556.00, 288.14, 281.65, 10.75,  0.00, 21322835391, 21301892000,   19998000, 21335152186, python, iotlab1, mult, 0
6317771     , 905.16, 469.76, 459.33, 17.42,  0.00, 34620798156, 34604365000,   16000000, 34633136397, python, iotlab1, mult, 0
6317771     , 914.87, 474.78, 464.13, 17.57,  0.00, 34829595233, 34802910000,   26000000, 34842014289, python, iotlab1, mult, 0
6317771     , 1002.06, 519.39, 507.87, 19.25,  0.00, 38190388548, 38167781000,   20999000, 38202865674, python, iotlab1, mult, 0
6317771     , 910.50, 470.38, 459.89, 17.56,  0.00, 34893779057, 34879745000,   14000000, 34906119556, python, iotlab1, mult, 0
6317771     , 888.06, 459.79, 449.59, 17.11,  0.00, 33928493648, 33907773000,   18999000, 33940775044, python, iotlab1, mult, 0
6317771     , 929.23, 480.68, 469.74, 17.94,  0.00, 35654804228, 35631709000,   23000000, 35667070574, python, iotlab1, mult, 0
6317771     , 937.11, 484.92, 474.07, 18.14,  0.00, 35986384883, 35969604000,   14999000, 35998784010, python, iotlab1, mult, 0
6317771     , 902.56, 466.55, 456.18, 17.36,  0.00, 34487043110, 34469958000,   16999000, 34499346891, python, iotlab1, mult, 0
6317771     , 934.55, 481.30, 470.59, 17.96,  0.00, 35613569052, 35596643000,   14999000, 35625944873, python, iotlab1, mult, 0
6317771     , 969.44, 499.47, 488.35, 18.52,  0.00, 36731395719, 36711197000,   17999000, 36743904483, python, iotlab1, mult, 0
6448576     , 845.80, 418.36, 408.84, 15.72,  0.00, 31250363609, 31230187000,   17998000, 31262751512, python, iotlab1, mult, 0
6448576     , 796.63, 400.12, 391.07, 15.05,  0.00, 29843770948, 29824786000,   16998000, 29856081341, python, iotlab1, mult, 0
6448576     , 760.30, 392.16, 383.40, 14.63,  0.00, 29069105057, 29043874000,   24999000, 29081416461, python, iotlab1, mult, 0
6448576     , 877.65, 420.92, 411.32, 15.83,  0.00, 31398323976, 31374556000,   21998000, 31410813027, python, iotlab1, mult, 0
6448576     , 778.72, 402.15, 393.09, 14.96,  0.00, 29729594734, 29705983000,   21998000, 29741926458, python, iotlab1, mult, 0
6448576     , 820.87, 423.81, 414.31, 15.71,  0.00, 31152581513, 31136990000,   13999000, 31165010820, python, iotlab1, mult, 0
6448576     , 872.48, 447.73, 437.69, 16.59,  0.00, 32994242495, 32973580000,   18999000, 33006712051, python, iotlab1, mult, 0
6448576     , 786.34, 407.17, 398.01, 15.10,  0.00, 29943164342, 29920931000,   21999000, 29956049489, python, iotlab1, mult, 0
6448576     , 767.58, 390.76, 381.87, 14.75,  0.00, 29327710933, 29309512000,   17999000, 29340327093, python, iotlab1, mult, 0
6448576     , 778.22, 397.32, 388.36, 14.92,  0.00, 29629805141, 29613059000,   16000000, 29642741994, python, iotlab1, mult, 0
6453280     , 948.10, 489.76, 478.87, 18.24,  0.00, 36218740146, 36204203000,   13000000, 36231781427, python, iotlab1, mult, 0
6453280     , 960.06, 498.09, 486.95, 18.47,  0.00, 36652284980, 36634653000,   15999000, 36664577515, python, iotlab1, mult, 0
6453280     , 933.05, 482.20, 471.32, 17.95,  0.00, 35680396537, 35657644000,   20998000, 35692962289, python, iotlab1, mult, 0
6453280     , 938.01, 485.59, 474.74, 17.99,  0.00, 35697485246, 35678803000,   16998000, 35709870282, python, iotlab1, mult, 0
6453280     , 938.59, 484.61, 473.79, 18.07,  0.00, 35919090258, 35897962000,   20999000, 35931402537, python, iotlab1, mult, 0
6453280     , 933.97, 482.21, 471.39, 17.90,  0.00, 35519774812, 35500082000,   17999000, 35532068294, python, iotlab1, mult, 0
6453280     , 914.37, 473.34, 462.81, 17.61,  0.00, 34929510416, 34908692000,   18999000, 34941980575, python, iotlab1, mult, 0
6453280     , 909.28, 473.62, 463.07, 17.47,  0.00, 34735446577, 34717761000,   15998000, 34747690174, python, iotlab1, mult, 0
6453280     , 892.89, 465.00, 454.71, 17.16,  0.00, 34051998608, 34028196000,   21999000, 34064482428, python, iotlab1, mult, 0
6453280     , 970.10, 495.16, 484.07, 18.32,  0.00, 36436893153, 36407189000,   27999000, 36449372883, python, iotlab1, mult, 0
6556655     , 742.94, 389.67, 381.07, 14.24,  0.00, 28200813514, 28176206000,   22999000, 28213223702, python, iotlab1, mult, 0
6556655     , 707.35, 367.02, 358.81, 13.57,  0.00, 26932200391, 26910133000,   22000000, 26944547041, python, iotlab1, mult, 0
6556655     , 738.35, 383.66, 375.34, 13.84,  0.00, 27405543279, 27384462000,   21000000, 27418033851, python, iotlab1, mult, 0
6556655     , 722.05, 368.87, 360.63, 13.66,  0.00, 27111509887, 27091195000,   20000000, 27123850449, python, iotlab1, mult, 0
6556655     , 721.08, 373.05, 364.74, 13.81,  0.00, 27415616387, 27391330000,   22998000, 27427932989, python, iotlab1, mult, 0
6556655     , 717.96, 365.15, 357.01, 13.52,  0.00, 26761403262, 26740299000,   21000000, 26773850458, python, iotlab1, mult, 0
6556655     , 707.26, 368.40, 360.16, 13.59,  0.00, 26984061455, 26966995000,   16999000, 26996522703, python, iotlab1, mult, 0
6556655     , 696.11, 360.77, 352.72, 13.38,  0.00, 26496593808, 26475291000,   19999000, 26508940932, python, iotlab1, mult, 0
6556655     , 704.09, 364.96, 356.80, 13.56,  0.00, 26922562950, 26898280000,   22998000, 26935017800, python, iotlab1, mult, 0
6556655     , 735.37, 380.46, 371.99, 14.08,  0.00, 27884213449, 27864843000,   17999000, 27896739493, python, iotlab1, mult, 0
6611523     , 785.63, 406.25, 397.21, 15.13,  0.00, 30060182174, 30001996000,   21999000, 30072528084, python, iotlab1, mult, 0
6611523     , 760.71, 396.06, 387.25, 14.61,  0.00, 28945355941, 28920872000,   22999000, 28957844332, python, iotlab1, mult, 0
6611523     , 775.43, 402.38, 393.45, 14.95,  0.00, 29679885981, 29656783000,   23000000, 29692304217, python, iotlab1, mult, 0
6611523     , 747.47, 389.64, 380.99, 14.36,  0.00, 28452803300, 28434511000,   16999000, 28465171089, python, iotlab1, mult, 0
6611523     , 766.07, 399.40, 390.57, 14.54,  0.00, 28865170862, 28842751000,   20999000, 28877599698, python, iotlab1, mult, 0
6611523     , 773.16, 391.08, 382.31, 14.46,  0.00, 28706070282, 28690980000,   14999000, 28718487657, python, iotlab1, mult, 0
6611523     , 836.22, 434.85, 425.21, 16.06,  0.00, 31818019854, 31795129000,   21000000, 31830470206, python, iotlab1, mult, 0
6611523     , 887.90, 424.56, 414.90, 15.95,  0.00, 31652580623, 31628880000,   22999000, 31665071764, python, iotlab1, mult, 0
6611523     , 812.14, 420.79, 411.38, 15.60,  0.00, 30946267058, 30920889000,   23998000, 30958712382, python, iotlab1, mult, 0
6611523     , 900.10, 466.32, 455.94, 17.20,  0.00, 34105395521, 34083781000,   19998000, 34117722197, python, iotlab1, mult, 0
7221261     , 486.19, 252.57, 246.96,  9.30,  0.00, 18454732057, 18436371000,   17999000, 18467962718, python, iotlab1, mult, 0
7221261     , 481.56, 250.10, 244.55,  9.18,  0.00, 18216881175, 18195114000,   21000000, 18229379102, python, iotlab1, mult, 0
7221261     , 533.28, 278.12, 271.97, 10.13,  0.00, 20127104224, 20112218000,   13999000, 20139482704, python, iotlab1, mult, 0
7221261     , 518.40, 271.02, 265.07,  9.87,  0.00, 19519119501, 19499207000,   18999000, 19531477743, python, iotlab1, mult, 0
7221261     , 507.14, 263.96, 258.10,  9.69,  0.00, 19244792122, 19223909000,   19999000, 19257259344, python, iotlab1, mult, 0
7221261     , 488.76, 255.82, 250.15,  9.37,  0.00, 18596114063, 18577313000,   17999000, 18608378595, python, iotlab1, mult, 0
7221261     , 491.55, 257.22, 251.57,  9.36,  0.00, 18516460937, 18496609000,   18998000, 18528878543, python, iotlab1, mult, 0
7221261     , 515.30, 268.92, 262.99,  9.83,  0.00, 19511795338, 19492679000,   18999000, 19524134226, python, iotlab1, mult, 0
7221261     , 486.64, 254.77, 249.12,  9.30,  0.00, 18467513311, 18449731000,   16999000, 18479875154, python, iotlab1, mult, 0
7221261     , 502.22, 262.41, 256.64,  9.57,  0.00, 18936379805, 18915247000,   21000000, 18948779232, python, iotlab1, mult, 0
7296418     , 993.70, 515.04, 503.52, 19.02,  0.00, 37824861570, 37810548000,   14000000, 37837290225, python, iotlab1, mult, 0
7296418     , 952.19, 495.74, 484.79, 18.27,  0.00, 36254164294, 36233465000,   18999000, 36266576619, python, iotlab1, mult, 0
7296418     , 1001.43, 520.58, 508.95, 19.25,  0.00, 38283495227, 38261951000,   19999000, 38295852040, python, iotlab1, mult, 0
7296418     , 977.52, 509.02, 497.72, 18.78,  0.00, 37266229520, 37244575000,   19999000, 37278680570, python, iotlab1, mult, 0
7296418     , 1002.63, 519.45, 507.91, 19.26,  0.00, 38227563284, 38199659000,   26000000, 38239910319, python, iotlab1, mult, 0
7296418     , 924.62, 483.62, 472.88, 17.73,  0.00, 35264453778, 35243318000,   20999000, 35276671552, python, iotlab1, mult, 0
7296418     , 1052.39, 546.13, 533.82, 20.27,  0.00, 40243002614, 40226944000,   15999000, 40255518604, python, iotlab1, mult, 0
7296418     , 981.88, 510.10, 498.67, 18.86,  0.00, 37491166595, 37469166000,   22000000, 37503493849, python, iotlab1, mult, 0
7296418     , 927.29, 479.70, 469.06, 17.84,  0.00, 35407071097, 35386339000,   18999000, 35419297725, python, iotlab1, mult, 0
7296418     , 1055.62, 549.47, 537.26, 20.29,  0.00, 40281441573, 40261723000,   17998000, 40293854681, python, iotlab1, mult, 0
7392865     , 910.93, 472.17, 461.53, 17.52,  0.00, 34827387048, 34808180000,   19000000, 34839738408, python, iotlab1, mult, 0
7392865     , 930.26, 483.29, 472.38, 17.97,  0.00, 35645279138, 35633069000,   12000000, 35657645960, python, iotlab1, mult, 0
7392865     , 897.42, 468.45, 458.07, 17.37,  0.00, 34533653216, 34521587000,   12000000, 34546054088, python, iotlab1, mult, 0
7392865     , 983.06, 515.25, 503.88, 18.83,  0.00, 37375656537, 37342826000,   30999000, 37388001314, python, iotlab1, mult, 0
7392865     , 931.72, 484.90, 474.06, 17.97,  0.00, 35660834377, 35644049000,   14999000, 35673270404, python, iotlab1, mult, 0
7392865     , 908.28, 477.60, 467.01, 17.43,  0.00, 34657246355, 34637462000,   20000000, 34669685282, python, iotlab1, mult, 0
7392865     , 930.82, 481.49, 470.64, 17.91,  0.00, 35524767232, 35500992000,   23999000, 35537112957, python, iotlab1, mult, 0
7392865     , 903.08, 468.09, 457.48, 17.42,  0.00, 34619784165, 34601011000,   19000000, 34632162145, python, iotlab1, mult, 0
7392865     , 939.45, 490.48, 479.62, 17.99,  0.00, 35697104873, 35684206000,   13000000, 35709636644, python, iotlab1, mult, 0
7392865     , 957.17, 497.63, 486.42, 18.43,  0.00, 36641580304, 36630773000,   10999000, 36653865596, python, iotlab1, mult, 0
7392868     , 914.30, 474.92, 464.16, 17.66,  0.00, 35022987010, 35004764000,   18000000, 35035349960, python, iotlab1, mult, 0
7392868     , 892.34, 464.01, 453.49, 17.28,  0.00, 34278655590, 34261648000,   17000000, 34291017834, python, iotlab1, mult, 0
7392868     , 890.20, 462.69, 452.35, 17.14,  0.00, 34080430794, 34062045000,   16999000, 34092837005, python, iotlab1, mult, 0
7392868     , 931.38, 485.77, 474.98, 17.92,  0.00, 35545631447, 35527098000,   16999000, 35558090229, python, iotlab1, mult, 0
7392868     , 921.28, 479.31, 468.57, 17.84,  0.00, 35471341704, 35447851000,   21999000, 35483769258, python, iotlab1, mult, 0
7392868     , 919.45, 476.48, 465.91, 17.70,  0.00, 35116771368, 35101300000,   14000000, 35129052382, python, iotlab1, mult, 0
7392868     , 885.49, 460.72, 450.41, 17.11,  0.00, 34022930683, 34007632000,   13999000, 34035340799, python, iotlab1, mult, 0
7392868     , 944.49, 491.84, 480.74, 18.26,  0.00, 36234466282, 36207516000,   27000000, 36246959163, python, iotlab1, mult, 0
7392868     , 907.14, 472.01, 461.48, 17.55,  0.00, 34814944830, 34793342000,   19998000, 34827326284, python, iotlab1, mult, 0
7392868     , 900.05, 466.98, 456.56, 17.23,  0.00, 34246354417, 34229340000,   17000000, 34258778318, python, iotlab1, mult, 0
7392878     , 912.42, 472.14, 461.64, 17.59,  0.00, 34888223714, 34875289000,   11000000, 34900729002, python, iotlab1, mult, 0
7392878     , 902.68, 469.12, 458.69, 17.44,  0.00, 34670288445, 34652351000,   17999000, 34682657814, python, iotlab1, mult, 0
7392878     , 993.39, 517.50, 505.99, 19.11,  0.00, 37922134083, 37902625000,   17999000, 37934423091, python, iotlab1, mult, 0
7392878     , 927.90, 481.37, 470.54, 17.82,  0.00, 35437968221, 35420048000,   18000000, 35450388765, python, iotlab1, mult, 0
7392878     , 922.31, 475.88, 465.26, 17.68,  0.00, 35066263736, 35049935000,   14999000, 35078620446, python, iotlab1, mult, 0
7392878     , 978.78, 505.67, 494.29, 18.89,  0.00, 37490691749, 37471205000,   17999000, 37503135602, python, iotlab1, mult, 0
7392878     , 908.75, 470.53, 459.96, 17.63,  0.00, 35048343551, 35030365000,   18000000, 35060792022, python, iotlab1, mult, 0
7392878     , 912.94, 472.45, 461.88, 17.60,  0.00, 34909067833, 34890392000,   16999000, 34921480736, python, iotlab1, mult, 0
7392878     , 890.61, 461.03, 450.56, 17.18,  0.00, 34158770503, 34140848000,   17999000, 34171221281, python, iotlab1, mult, 0
7392878     , 916.73, 475.39, 464.61, 17.71,  0.00, 35128427079, 35114474000,   13999000, 35140796367, python, iotlab1, mult, 0
7493012     , 958.60, 494.54, 483.28, 18.47,  0.00, 36716436780, 36705257000,   11000000, 36729344477, python, iotlab1, mult, 0
7493012     , 953.10, 493.24, 482.20, 18.34,  0.00, 36391295025, 36371815000,   17998000, 36403655492, python, iotlab1, mult, 0
7493012     , 939.01, 484.67, 473.84, 18.11,  0.00, 35931394974, 35907675000,   21998000, 35943906793, python, iotlab1, mult, 0
7493012     , 1036.10, 531.56, 519.43, 20.05,  0.00, 39876092632, 39857986000,   17999000, 39888527207, python, iotlab1, mult, 0
7493012     , 873.78, 453.21, 443.15, 16.85,  0.00, 33432006599, 33410340000,   19999000, 33444342928, python, iotlab1, mult, 0
7493012     , 874.90, 456.89, 446.77, 16.72,  0.00, 33239745519, 33217158000,   20999000, 33252132803, python, iotlab1, mult, 0
7493012     , 933.97, 482.89, 472.07, 17.92,  0.00, 35559926753, 35544340000,   13999000, 35572302021, python, iotlab1, mult, 0
7493012     , 967.22, 501.94, 490.79, 18.41,  0.00, 36610694362, 36587666000,   22999000, 36623192020, python, iotlab1, mult, 0
7493012     , 942.19, 486.66, 475.78, 18.01,  0.00, 35734187655, 35711051000,   20998000, 35746560262, python, iotlab1, mult, 0
7493012     , 933.27, 485.16, 474.33, 17.92,  0.00, 35556706470, 35533767000,   20998000, 35569133801, python, iotlab1, mult, 0
7643111     , 975.40, 503.24, 491.93, 18.72,  0.00, 37227383190, 37208042000,   16998000, 37240340660, python, iotlab1, mult, 0
7643111     , 874.37, 452.37, 442.26, 16.73,  0.00, 33187950960, 33166914000,   20999000, 33200473743, python, iotlab1, mult, 0
7643111     , 867.80, 448.39, 438.24, 16.69,  0.00, 33179863103, 33159893000,   19999000, 33192136739, python, iotlab1, mult, 0
7643111     , 877.24, 452.90, 442.64, 16.84,  0.00, 33412067802, 33395967000,   15999000, 33424442177, python, iotlab1, mult, 0
7643111     , 928.50, 474.78, 464.01, 17.85,  0.00, 35484006974, 35466445000,   15999000, 35496481072, python, iotlab1, mult, 0
7643111     , 924.35, 476.29, 465.61, 17.73,  0.00, 35174471641, 35164790000,    7999000, 35186924230, python, iotlab1, mult, 0
7643111     , 942.31, 457.68, 447.33, 17.16,  0.00, 34055686075, 34036755000,   18999000, 34068203313, python, iotlab1, mult, 0
7643111     , 924.04, 477.00, 466.13, 17.80,  0.00, 35371261916, 35350136000,   21000000, 35384061561, python, iotlab1, mult, 0
7643111     , 966.55, 493.14, 481.98, 18.47,  0.00, 36643991554, 36618218000,   23998000, 36656348678, python, iotlab1, mult, 0
7643111     , 959.26, 488.32, 477.31, 18.25,  0.00, 36275740553, 36253180000,   20998000, 36288177923, python, iotlab1, mult, 0
7653566     , 531.45, 273.66, 267.49, 10.25,  0.00, 20297283931, 20280017000,   15999000, 20310170239, python, iotlab1, mult, 0
7653566     , 526.53, 271.36, 265.19, 10.18,  0.00, 20238827325, 20217847000,   21000000, 20251187901, python, iotlab1, mult, 0
7653566     , 526.46, 269.78, 263.63, 10.18,  0.00, 20233744799, 20214906000,   17999000, 20246096349, python, iotlab1, mult, 0
7653566     , 526.63, 272.00, 265.86, 10.23,  0.00, 20254319451, 20233592000,   18998000, 20266684800, python, iotlab1, mult, 0
7653566     , 526.26, 272.05, 265.93, 10.19,  0.00, 20250620847, 20233394000,   17000000, 20263317226, python, iotlab1, mult, 0
7653566     , 528.28, 271.84, 265.65, 10.20,  0.00, 20278109240, 20261281000,   15999000, 20290415201, python, iotlab1, mult, 0
7653566     , 529.99, 272.17, 266.02, 10.24,  0.00, 20276150376, 20252333000,   21998000, 20288507402, python, iotlab1, mult, 0
7653566     , 529.08, 272.53, 266.34, 10.23,  0.00, 20327501149, 20306491000,   21000000, 20339812070, python, iotlab1, mult, 0
7653566     , 526.90, 272.63, 266.47, 10.19,  0.00, 20255306847, 20238493000,   15999000, 20267692500, python, iotlab1, mult, 0
7653566     , 528.67, 272.97, 266.80, 10.23,  0.00, 20264326436, 20250479000,   12999000, 20276763152, python, iotlab1, mult, 0
8001444     , 1107.41, 575.63, 562.84, 21.33,  0.00, 42420764906, 42405452000,   15000000, 42433168078, python, iotlab1, mult, 0
8001444     , 1058.70, 548.43, 536.10, 20.34,  0.00, 40384146663, 40366223000,   18000000, 40396453208, python, iotlab1, mult, 0
8001444     , 1072.88, 551.97, 539.56, 20.57,  0.00, 40828669434, 40809719000,   16999000, 40841199987, python, iotlab1, mult, 0
8001444     , 1093.61, 563.75, 551.02, 21.05,  0.00, 41868486400, 41849645000,   16999000, 41880914067, python, iotlab1, mult, 0
8001444     , 1082.00, 557.95, 545.52, 20.78,  0.00, 41263241061, 41242633000,   19000000, 41275574881, python, iotlab1, mult, 0
8001444     , 1144.49, 559.55, 546.91, 20.91,  0.00, 41521817654, 41503911000,   17000000, 41534235460, python, iotlab1, mult, 0
8001444     , 1180.08, 573.35, 560.31, 21.52,  0.00, 42792822125, 42778585000,   11999000, 42805213188, python, iotlab1, mult, 0
8001444     , 1122.50, 576.58, 563.54, 21.44,  0.00, 42554614173, 42535524000,   19000000, 42567036039, python, iotlab1, mult, 0
8001444     , 1105.53, 572.16, 559.31, 21.26,  0.00, 42201560683, 42180250000,   18999000, 42213990569, python, iotlab1, mult, 0
8001444     , 1136.17, 588.82, 575.57, 21.80,  0.00, 43358285446, 43337398000,   20999000, 43370653062, python, iotlab1, mult, 0
8063845     , 879.77, 451.90, 441.71, 16.86,  0.00, 33443421987, 33419661000,   21999000, 33455886764, python, iotlab1, mult, 0
8063845     , 906.63, 467.61, 457.11, 17.50,  0.00, 34797979338, 34777055000,   21000000, 34810367257, python, iotlab1, mult, 0
8063845     , 891.85, 460.69, 450.23, 17.24,  0.00, 34195140570, 34175228000,   20000000, 34207558024, python, iotlab1, mult, 0
8063845     , 858.14, 442.21, 432.21, 16.64,  0.00, 33055808077, 33041299000,   13000000, 33068241438, python, iotlab1, mult, 0
8063845     , 868.50, 449.78, 439.69, 16.78,  0.00, 33322276197, 33300458000,   19999000, 33334715174, python, iotlab1, mult, 0
8063845     , 930.55, 479.73, 468.97, 17.91,  0.00, 35541147983, 35520501000,   18999000, 35553570699, python, iotlab1, mult, 0
8063845     , 931.02, 483.21, 472.26, 18.00,  0.00, 35795986155, 35781077000,   15000000, 35808252175, python, iotlab1, mult, 0
8063845     , 879.70, 457.27, 446.98, 17.03,  0.00, 33777020307, 33759647000,   15998000, 33789338927, python, iotlab1, mult, 0
8063845     , 936.41, 457.95, 447.45, 17.38,  0.00, 34550599992, 34536539000,   13999000, 34562921437, python, iotlab1, mult, 0
8063845     , 934.74, 473.38, 462.66, 17.69,  0.00, 35095614748, 35073423000,   22000000, 35107949110, python, iotlab1, mult, 0
8637158     , 302.65, 156.30, 152.78,  5.81,  0.00, 11516741561, 11499520000,   17000000, 11529711291, python, iotlab1, mult, 0
8637158     , 301.95, 155.26, 151.78,  5.79,  0.00, 11487657821, 11468106000,   18998000, 11500049637, python, iotlab1, mult, 0
8637158     , 310.08, 159.63, 156.05,  5.94,  0.00, 11786080292, 11760510000,   24998000, 11798458048, python, iotlab1, mult, 0
8637158     , 342.60, 176.69, 172.75,  6.56,  0.00, 12930302342, 12909807000,   19999000, 12942748591, python, iotlab1, mult, 0
8637158     , 301.87, 155.84, 152.34,  5.80,  0.00, 11511504891, 11489938000,   20999000, 11523939930, python, iotlab1, mult, 0
8637158     , 338.53, 174.60, 170.67,  6.50,  0.00, 12897895588, 12872345000,   24998000, 12910198298, python, iotlab1, mult, 0
8637158     , 323.24, 166.82, 163.07,  6.20,  0.00, 12289286936, 12264213000,   24998000, 12301676619, python, iotlab1, mult, 0
8637158     , 299.72, 154.26, 150.80,  5.75,  0.00, 11394861317, 11375469000,   19000000, 11407378493, python, iotlab1, mult, 0
8637158     , 335.12, 172.90, 169.08,  6.41,  0.00, 12631967636, 12603254000,   26998000, 12644502790, python, iotlab1, mult, 0
8637158     , 305.48, 157.81, 154.30,  5.87,  0.00, 11649003615, 11625966000,   22999000, 11661308705, python, iotlab1, mult, 0
8853979     , 496.17, 255.32, 249.57,  9.57,  0.00, 18998546795, 18988393000,    9999000, 19011883415, python, iotlab1, mult, 0
8853979     , 491.94, 255.78, 250.06,  9.45,  0.00, 18765248410, 18737305000,   26998000, 18777606474, python, iotlab1, mult, 0
8853979     , 492.68, 257.36, 251.66,  9.45,  0.00, 18699318723, 18677549000,   20998000, 18711737530, python, iotlab1, mult, 0
8853979     , 507.48, 264.89, 259.00,  9.72,  0.00, 19295888052, 19277066000,   17999000, 19308268735, python, iotlab1, mult, 0
8853979     , 483.00, 250.91, 245.30,  9.27,  0.00, 18395573619, 18374643000,   19998000, 18408109151, python, iotlab1, mult, 0
8853979     , 522.54, 272.04, 266.01, 10.00,  0.00, 19770860719, 19750714000,   18998000, 19783462070, python, iotlab1, mult, 0
8853979     , 477.63, 248.40, 242.86,  9.14,  0.00, 18149789644, 18137845000,   10999000, 18162246475, python, iotlab1, mult, 0
8853979     , 498.42, 258.16, 252.44,  9.45,  0.00, 18755915061, 18736956000,   18999000, 18768319150, python, iotlab1, mult, 0
8853979     , 523.61, 271.91, 265.91,  9.95,  0.00, 19687919803, 19669717000,   17998000, 19700288675, python, iotlab1, mult, 0
8853979     , 494.11, 258.30, 252.56,  9.44,  0.00, 18744206878, 18720476000,   22999000, 18756563597, python, iotlab1, mult, 0
8863292     , 504.42, 262.83, 257.04,  9.58,  0.00, 19015300179, 18998107000,   17000000, 19027693001, python, iotlab1, mult, 0
8863292     , 512.46, 265.96, 260.12,  9.69,  0.00, 19212175756, 19197181000,   15000000, 19224678331, python, iotlab1, mult, 0
8863292     , 497.00, 256.62, 250.94,  9.51,  0.00, 18828543388, 18812389000,   14998000, 18841104745, python, iotlab1, mult, 0
8863292     , 519.62, 271.29, 265.27,  9.95,  0.00, 19754824086, 19735865000,   19000000, 19767187057, python, iotlab1, mult, 0
8863292     , 500.84, 262.70, 256.92,  9.57,  0.00, 18998999156, 18976938000,   21999000, 19011533058, python, iotlab1, mult, 0
8863292     , 516.34, 268.30, 262.37,  9.91,  0.00, 19611641732, 19592965000,   16999000, 19624228312, python, iotlab1, mult, 0
8863292     , 523.08, 273.92, 267.86, 10.05,  0.00, 19961473688, 19942623000,   17998000, 19973878412, python, iotlab1, mult, 0
8863292     , 493.32, 257.17, 251.44,  9.49,  0.00, 18840313280, 18812276000,   26997000, 18852766108, python, iotlab1, mult, 0
8863292     , 482.45, 252.75, 247.16,  9.25,  0.00, 18299053662, 18284316000,   13999000, 18311418876, python, iotlab1, mult, 0
8863292     , 481.22, 252.04, 246.43,  9.23,  0.00, 18333420967, 18321561000,   10999000, 18346003306, python, iotlab1, mult, 0
9384336     , 662.44, 328.11, 320.68, 12.26,  0.00, 24364000589, 24347850000,   15999000, 24376481950, python, iotlab1, mult, 0
9384336     , 653.67, 329.83, 322.46, 12.25,  0.00, 24266527943, 24246438000,   18999000, 24278972675, python, iotlab1, mult, 0
9384336     , 633.78, 327.27, 319.96, 12.09,  0.00, 24022696461, 24003709000,   19000000, 24035255666, python, iotlab1, mult, 0
9384336     , 592.08, 304.87, 298.07, 11.38,  0.00, 22579058257, 22553484000,   25001000, 22591626359, python, iotlab1, mult, 0
9384336     , 655.69, 315.89, 308.66, 11.94,  0.00, 23669501937, 23643370000,   25000000, 23681954190, python, iotlab1, mult, 0
9384336     , 609.10, 300.26, 293.40, 11.35,  0.00, 22549279078, 22524144000,   24999000, 22561617700, python, iotlab1, mult, 0
9384336     , 708.05, 340.93, 333.16, 12.85,  0.00, 25459726952, 25441024000,   16998000, 25472171007, python, iotlab1, mult, 0
9384336     , 645.50, 318.96, 311.71, 11.96,  0.00, 23765227008, 23743192000,   20999000, 23777629863, python, iotlab1, mult, 0
9384336     , 689.62, 331.20, 323.71, 12.40,  0.00, 24640057993, 24621965000,   16998000, 24652373276, python, iotlab1, mult, 0
9384336     , 623.62, 312.83, 305.79, 11.69,  0.00, 23138993296, 23118281000,   18999000, 23151378311, python, iotlab1, mult, 0
9789888     , 771.76, 398.22, 389.30, 14.83,  0.00, 29470775402, 29442584000,   27998000, 29483663050, python, iotlab1, mult, 0
9789888     , 810.06, 421.01, 411.68, 15.45,  0.00, 30634844551, 30616895000,   17999000, 30647248030, python, iotlab1, mult, 0
9789888     , 838.34, 437.25, 427.52, 16.01,  0.00, 31825162561, 31803899000,   19998000, 31837541426, python, iotlab1, mult, 0
9789888     , 782.63, 406.30, 397.25, 14.96,  0.00, 29673117273, 29650908000,   20999000, 29685532424, python, iotlab1, mult, 0
9789888     , 843.92, 436.73, 426.98, 16.15,  0.00, 32107913565, 32086821000,   20999000, 32120371738, python, iotlab1, mult, 0
9789888     , 792.19, 412.00, 402.91, 15.04,  0.00, 29833395470, 29815432000,   18000000, 29845740823, python, iotlab1, mult, 0
9789888     , 762.54, 393.92, 385.14, 14.66,  0.00, 29146612353, 29132521000,   13999000, 29158963536, python, iotlab1, mult, 0
9789888     , 953.90, 464.80, 454.36, 17.33,  0.00, 34389790840, 34374823000,   14999000, 34402139285, python, iotlab1, mult, 0
9789888     , 786.33, 407.67, 398.61, 15.07,  0.00, 29950207222, 29930177000,   19999000, 29962616428, python, iotlab1, mult, 0
9789888     , 769.20, 397.52, 388.61, 14.74,  0.00, 29222295807, 29204914000,   15999000, 29234568950, python, iotlab1, mult, 0
