file,psys,pkg,cores,ram,gpu,duration_time,user_time,system_time,perf_time,lang,machine,cores,power_limit
entry_10005437.class, 17.11,  3.06,  2.68,  0.74,  0.00, 1263159510, 1330389000,  257819000, 1329845421, java, iotlab1, mult, 2
entry_10005437.class, 16.05,  2.97,  2.61,  0.70,  0.00, 1188817396, 1334871000,  280762000, 1240516841, java, iotlab1, mult, 2
entry_10005437.class, 15.90,  2.94,  2.58,  0.70,  0.00, 1185921744, 1359182000,  261612000, 1237370493, java, iotlab1, mult, 2
entry_10005437.class, 16.17,  2.98,  2.62,  0.71,  0.00, 1196411325, 1325884000,  287889000, 1248083182, java, iotlab1, mult, 2
entry_10005437.class, 15.96,  2.95,  2.59,  0.70,  0.00, 1186776720, 1353311000,  271265000, 1238047246, java, iotlab1, mult, 2
entry_10005437.class, 15.98,  2.97,  2.61,  0.70,  0.00, 1189331244, 1356860000,  267947000, 1240833182, java, iotlab1, mult, 2
entry_10005437.class, 16.02,  2.97,  2.61,  0.70,  0.00, 1187775942, 1359363000,  259597000, 1239517630, java, iotlab1, mult, 2
entry_10005437.class, 16.02,  3.00,  2.63,  0.71,  0.00, 1195096624, 1351531000,  274701000, 1246749475, java, iotlab1, mult, 2
entry_10005437.class, 16.10,  2.98,  2.62,  0.71,  0.00, 1195188478, 1349727000,  264946000, 1246704676, java, iotlab1, mult, 2
entry_10005437.class, 15.95,  2.93,  2.57,  0.70,  0.00, 1184843673, 1334454000,  278885000, 1236343185, java, iotlab1, mult, 2
entry_10102008.class, 13.94,  2.59,  2.28,  0.63,  0.00, 1029708320, 1167567000,  286876000, 1081213642, java, iotlab1, mult, 2
entry_10102008.class, 13.98,  2.59,  2.27,  0.63,  0.00, 1032458715, 1200752000,  256306000, 1084133519, java, iotlab1, mult, 2
entry_10102008.class, 14.08,  2.59,  2.28,  0.63,  0.00, 1031642426, 1160360000,  300197000, 1083289585, java, iotlab1, mult, 2
entry_10102008.class, 13.97,  2.60,  2.28,  0.62,  0.00, 1028057985, 1160291000,  284296000, 1079656040, java, iotlab1, mult, 2
entry_10102008.class, 14.07,  2.61,  2.30,  0.63,  0.00, 1030867400, 1180413000,  279809000, 1082577015, java, iotlab1, mult, 2
entry_10102008.class, 13.89,  2.62,  2.31,  0.62,  0.00, 1027649388, 1176079000,  275018000, 1079223763, java, iotlab1, mult, 2
entry_10102008.class, 13.96,  2.58,  2.27,  0.63,  0.00, 1027792283, 1187057000,  270926000, 1079164515, java, iotlab1, mult, 2
entry_10102008.class, 13.90,  2.60,  2.29,  0.63,  0.00, 1028664404, 1177318000,  275074000, 1080505187, java, iotlab1, mult, 2
entry_10102008.class, 13.97,  2.63,  2.32,  0.63,  0.00, 1033322590, 1189781000,  262172000, 1085003686, java, iotlab1, mult, 2
entry_10102008.class, 13.85,  2.62,  2.30,  0.63,  0.00, 1027375111, 1174807000,  279954000, 1078758568, java, iotlab1, mult, 2
entry_10272169.class, 12.38,  2.22,  1.94,  0.56,  0.00,  913887798,  897422000,  267722000,  965422493, java, iotlab1, mult, 2
entry_10272169.class, 12.25,  2.23,  1.96,  0.56,  0.00,  912553385,  887019000,  276694000,  964260219, java, iotlab1, mult, 2
entry_10272169.class, 12.10,  2.23,  1.96,  0.56,  0.00,  910190840,  902488000,  277918000,  961872667, java, iotlab1, mult, 2
entry_10272169.class, 12.31,  2.19,  1.92,  0.56,  0.00,  909963851,  902701000,  257627000,  961333667, java, iotlab1, mult, 2
entry_10272169.class, 12.27,  2.19,  1.91,  0.56,  0.00,  911639534,  896645000,  265077000,  963219743, java, iotlab1, mult, 2
entry_10272169.class, 12.23,  2.18,  1.91,  0.56,  0.00,  912362276,  921066000,  244017000,  963930260, java, iotlab1, mult, 2
entry_10272169.class, 12.30,  2.23,  1.95,  0.56,  0.00,  910569829,  920415000,  256953000,  961966026, java, iotlab1, mult, 2
entry_10272169.class, 12.12,  2.22,  1.95,  0.56,  0.00,  909404755,  905566000,  273059000,  961040765, java, iotlab1, mult, 2
entry_10272169.class, 12.24,  2.19,  1.92,  0.56,  0.00,  908525407,  904420000,  267716000,  959991385, java, iotlab1, mult, 2
entry_10272169.class, 12.13,  2.21,  1.93,  0.56,  0.00,  910823076,  911862000,  249142000,  962558821, java, iotlab1, mult, 2
entry_10554599.class, 12.00,  2.26,  1.99,  0.56,  0.00,  900970697,  922927000,  280192000,  952713772, java, iotlab1, mult, 2
entry_10554599.class, 12.14,  2.22,  1.94,  0.55,  0.00,  903825131,  920644000,  268353000,  955318459, java, iotlab1, mult, 2
entry_10554599.class, 12.48,  2.26,  1.99,  0.57,  0.00,  919230230,  938144000,  260484000,  971117609, java, iotlab1, mult, 2
entry_10554599.class, 12.06,  2.33,  2.06,  0.55,  0.00,  900039987,  933567000,  251883000,  951814616, java, iotlab1, mult, 2
entry_10554599.class, 12.14,  2.30,  2.03,  0.55,  0.00,  897270147,  930404000,  268116000,  948725511, java, iotlab1, mult, 2
entry_10554599.class, 12.22,  2.24,  1.96,  0.55,  0.00,  900741537,  934301000,  254081000,  952247238, java, iotlab1, mult, 2
entry_10554599.class, 12.26,  2.21,  1.94,  0.55,  0.00,  900460369,  941896000,  246234000,  951828919, java, iotlab1, mult, 2
entry_10554599.class, 12.19,  2.23,  1.96,  0.55,  0.00,  902417420,  929255000,  260632000,  953809992, java, iotlab1, mult, 2
entry_10554599.class, 12.26,  2.24,  1.97,  0.56,  0.00,  899934712,  931166000,  267910000,  951648560, java, iotlab1, mult, 2
entry_10554599.class, 12.20,  2.22,  1.95,  0.56,  0.00,  903121761,  936754000,  253557000,  954795022, java, iotlab1, mult, 2
entry_11240133.class, 14.29,  2.82,  2.51,  0.66,  0.00, 1033817190, 1170734000,  275643000, 1086147733, java, iotlab1, mult, 2
entry_11240133.class, 13.65,  2.54,  2.24,  0.62,  0.00, 1008143285, 1129447000,  292150000, 1059701547, java, iotlab1, mult, 2
entry_11240133.class, 13.77,  2.53,  2.23,  0.61,  0.00,  993769591, 1123875000,  283446000, 1045602013, java, iotlab1, mult, 2
entry_11240133.class, 13.55,  2.49,  2.19,  0.61,  0.00,  995167798, 1107364000,  274347000, 1046652034, java, iotlab1, mult, 2
entry_11240133.class, 13.54,  2.52,  2.22,  0.61,  0.00,  993909838, 1122876000,  280970000, 1045238529, java, iotlab1, mult, 2
entry_11240133.class, 13.47,  2.46,  2.16,  0.61,  0.00,  995811449, 1087570000,  280177000, 1047558161, java, iotlab1, mult, 2
entry_11240133.class, 13.59,  2.51,  2.21,  0.62,  0.00, 1002365243, 1144323000,  285831000, 1053983562, java, iotlab1, mult, 2
entry_11240133.class, 13.47,  2.46,  2.16,  0.61,  0.00,  999414904, 1093867000,  267234000, 1050875836, java, iotlab1, mult, 2
entry_11240133.class, 13.52,  2.49,  2.19,  0.61,  0.00,  994485618, 1129814000,  270518000, 1046317177, java, iotlab1, mult, 2
entry_11240133.class, 13.59,  2.48,  2.17,  0.61,  0.00, 1003431626, 1135803000,  259640000, 1054982115, java, iotlab1, mult, 2
entry_1125214.class, 13.73,  2.54,  2.23,  0.62,  0.00, 1015450005, 1160889000,  265576000, 1066932250, java, iotlab1, mult, 2
entry_1125214.class, 13.74,  2.53,  2.23,  0.62,  0.00, 1009450434, 1174459000,  262998000, 1060884093, java, iotlab1, mult, 2
entry_1125214.class, 13.77,  2.54,  2.24,  0.62,  0.00, 1008331492, 1150346000,  285582000, 1059808518, java, iotlab1, mult, 2
entry_1125214.class, 13.71,  2.52,  2.22,  0.62,  0.00, 1006940134, 1163059000,  266157000, 1058564872, java, iotlab1, mult, 2
entry_1125214.class, 13.67,  2.52,  2.21,  0.62,  0.00, 1010108980, 1170252000,  259163000, 1061593615, java, iotlab1, mult, 2
entry_1125214.class, 13.50,  2.53,  2.23,  0.62,  0.00, 1006446927, 1166491000,  273819000, 1057800330, java, iotlab1, mult, 2
entry_1125214.class, 13.54,  2.54,  2.23,  0.62,  0.00, 1007264540, 1168578000,  261235000, 1058652486, java, iotlab1, mult, 2
entry_1125214.class, 13.71,  2.55,  2.24,  0.62,  0.00, 1010138846, 1174934000,  267808000, 1061622137, java, iotlab1, mult, 2
entry_1125214.class, 13.64,  2.54,  2.24,  0.62,  0.00, 1007686510, 1167326000,  265438000, 1059417295, java, iotlab1, mult, 2
entry_1125214.class, 13.51,  2.54,  2.24,  0.62,  0.00, 1005030414, 1169886000,  270128000, 1056509816, java, iotlab1, mult, 2
entry_1129082.class, 12.15,  2.21,  1.94,  0.55,  0.00,  884067877,  956368000,  279275000,  935506703, java, iotlab1, mult, 2
entry_1129082.class, 12.05,  2.20,  1.93,  0.55,  0.00,  882162558,  962294000,  270927000,  933732034, java, iotlab1, mult, 2
entry_1129082.class, 11.93,  2.16,  1.90,  0.55,  0.00,  884084035,  972128000,  263576000,  935720636, java, iotlab1, mult, 2
entry_1129082.class, 11.99,  2.16,  1.89,  0.55,  0.00,  875476187,  957247000,  278906000,  927072811, java, iotlab1, mult, 2
entry_1129082.class, 11.86,  2.19,  1.92,  0.55,  0.00,  881889450,  964777000,  277511000,  933703928, java, iotlab1, mult, 2
entry_1129082.class, 11.89,  2.24,  1.97,  0.56,  0.00,  882524460, 1013283000,  264904000,  934193361, java, iotlab1, mult, 2
entry_1129082.class, 11.88,  2.25,  1.98,  0.55,  0.00,  882832596, 1003345000,  275289000,  934465468, java, iotlab1, mult, 2
entry_1129082.class, 11.86,  2.16,  1.90,  0.55,  0.00,  878387289,  952661000,  287006000,  929724453, java, iotlab1, mult, 2
entry_1129082.class, 11.94,  2.18,  1.91,  0.55,  0.00,  874752989,  964866000,  272219000,  926258416, java, iotlab1, mult, 2
entry_1129082.class, 12.01,  2.24,  1.97,  0.56,  0.00,  885523982, 1004232000,  276994000,  937117385, java, iotlab1, mult, 2
entry_11498650.class, 10.59,  1.89,  1.66,  0.49,  0.00,  772486509,  761435000,  286787000,  824122866, java, iotlab1, mult, 2
entry_11498650.class, 10.24,  1.85,  1.62,  0.48,  0.00,  756378959,  764797000,  257931000,  807891754, java, iotlab1, mult, 2
entry_11498650.class, 10.44,  1.83,  1.60,  0.48,  0.00,  756372821,  753059000,  267799000,  808012491, java, iotlab1, mult, 2
entry_11498650.class, 10.27,  1.85,  1.62,  0.48,  0.00,  759072368,  756760000,  265266000,  810694830, java, iotlab1, mult, 2
entry_11498650.class, 10.37,  1.86,  1.63,  0.48,  0.00,  763066403,  749100000,  264507000,  814420285, java, iotlab1, mult, 2
entry_11498650.class, 10.32,  1.87,  1.64,  0.49,  0.00,  759784609,  750884000,  275691000,  811278059, java, iotlab1, mult, 2
entry_11498650.class, 10.34,  1.82,  1.58,  0.48,  0.00,  763261793,  744304000,  271288000,  814858751, java, iotlab1, mult, 2
entry_11498650.class, 10.21,  1.83,  1.60,  0.48,  0.00,  754713670,  753249000,  268225000,  806142916, java, iotlab1, mult, 2
entry_11498650.class, 10.21,  1.82,  1.59,  0.48,  0.00,  757352247,  768033000,  252681000,  809052898, java, iotlab1, mult, 2
entry_11498650.class, 10.17,  1.78,  1.55,  0.48,  0.00,  755663752,  762264000,  259109000,  807316421, java, iotlab1, mult, 2
entry_11579348.class, 12.74,  2.30,  2.01,  0.53,  0.00,  960363390, 1023416000,  203288000, 1012010598, java, iotlab1, mult, 2
entry_11579348.class, 12.48,  2.31,  2.02,  0.52,  0.00,  953109393, 1017254000,  216479000, 1004589400, java, iotlab1, mult, 2
entry_11579348.class, 12.59,  2.28,  1.99,  0.52,  0.00,  949279070, 1009966000,  217639000, 1000796436, java, iotlab1, mult, 2
entry_11579348.class, 12.53,  2.30,  2.02,  0.52,  0.00,  950851346, 1042493000,  188450000, 1002784496, java, iotlab1, mult, 2
entry_11579348.class, 12.67,  2.32,  2.03,  0.52,  0.00,  950144936, 1020179000,  209421000, 1002039165, java, iotlab1, mult, 2
entry_11579348.class, 12.47,  2.26,  1.98,  0.52,  0.00,  949398352, 1018882000,  211807000, 1001031136, java, iotlab1, mult, 2
entry_11579348.class, 12.49,  2.31,  2.02,  0.52,  0.00,  952317515, 1024628000,  206341000, 1003799899, java, iotlab1, mult, 2
entry_11579348.class, 13.24,  2.66,  2.37,  0.55,  0.00,  955088020, 1028595000,  206320000, 1007549822, java, iotlab1, mult, 2
entry_11579348.class, 12.57,  2.30,  2.01,  0.52,  0.00,  955534305, 1035532000,  196670000, 1007439656, java, iotlab1, mult, 2
entry_11579348.class, 11.06,  2.16,  1.92,  0.46,  0.00,  792579853,  812181000,  220592000,  846563336, java, iotlab1, mult, 2
entry_11613466.class, 15.60,  2.89,  2.53,  0.74,  0.00, 1150308328, 1246126000,  414028000, 1201877896, java, iotlab1, mult, 2
entry_11613466.class, 16.64,  3.10,  2.72,  0.79,  0.00, 1217675957, 1286881000,  492102000, 1269099441, java, iotlab1, mult, 2
entry_11613466.class, 16.52,  3.08,  2.70,  0.79,  0.00, 1224417102, 1270929000,  476473000, 1276049371, java, iotlab1, mult, 2
entry_11613466.class, 16.62,  3.02,  2.65,  0.79,  0.00, 1221478012, 1255765000,  489908000, 1272941140, java, iotlab1, mult, 2
entry_11613466.class, 16.51,  3.07,  2.69,  0.79,  0.00, 1221725855, 1288251000,  491239000, 1273364166, java, iotlab1, mult, 2
entry_11613466.class, 16.62,  3.03,  2.65,  0.79,  0.00, 1223740883, 1254760000,  490078000, 1275531234, java, iotlab1, mult, 2
entry_11613466.class, 15.53,  2.87,  2.51,  0.74,  0.00, 1145611656, 1213028000,  410362000, 1197392290, java, iotlab1, mult, 2
entry_11613466.class, 16.49,  3.06,  2.69,  0.79,  0.00, 1222962796, 1230466000,  513612000, 1274375084, java, iotlab1, mult, 2
entry_11613466.class, 15.48,  2.87,  2.51,  0.74,  0.00, 1142756481, 1213972000,  405664000, 1194774701, java, iotlab1, mult, 2
entry_11613466.class, 15.51,  2.88,  2.53,  0.74,  0.00, 1144324142, 1232353000,  387944000, 1195648883, java, iotlab1, mult, 2
entry_11763468.class, 16.98,  3.08,  2.70,  0.74,  0.00, 1269936931, 1354809000,  271361000, 1321320627, java, iotlab1, mult, 2
entry_11763468.class, 16.97,  3.10,  2.72,  0.74,  0.00, 1262711490, 1397947000,  274614000, 1314444736, java, iotlab1, mult, 2
entry_11763468.class, 16.91,  3.12,  2.73,  0.74,  0.00, 1272568509, 1342307000,  295609000, 1324440787, java, iotlab1, mult, 2
entry_11763468.class, 16.84,  3.09,  2.71,  0.74,  0.00, 1269090123, 1375251000,  261715000, 1320859115, java, iotlab1, mult, 2
entry_11763468.class, 17.03,  3.12,  2.74,  0.74,  0.00, 1271040544, 1406836000,  276983000, 1322554080, java, iotlab1, mult, 2
entry_11763468.class, 17.02,  3.11,  2.73,  0.74,  0.00, 1268845996, 1362225000,  275843000, 1320513062, java, iotlab1, mult, 2
entry_11763468.class, 16.82,  3.13,  2.74,  0.74,  0.00, 1267854004, 1371535000,  261053000, 1319507124, java, iotlab1, mult, 2
entry_11763468.class, 16.77,  3.11,  2.73,  0.74,  0.00, 1266503419, 1368972000,  265156000, 1318273418, java, iotlab1, mult, 2
entry_11763468.class, 18.36,  3.45,  3.05,  0.80,  0.00, 1296531187, 1446779000,  280927000, 1348465295, java, iotlab1, mult, 2
entry_11763468.class, 16.88,  3.14,  2.76,  0.74,  0.00, 1264968306, 1383334000,  249586000, 1316939224, java, iotlab1, mult, 2
entry_1178219.class, 12.58,  2.30,  2.01,  0.57,  0.00,  941728959,  936537000,  268012000,  993188709, java, iotlab1, mult, 2
entry_1178219.class, 12.45,  2.26,  1.98,  0.57,  0.00,  942159744,  930314000,  273976000,  993584791, java, iotlab1, mult, 2
entry_1178219.class, 12.49,  2.28,  1.99,  0.57,  0.00,  943423268,  959731000,  247446000,  994960439, java, iotlab1, mult, 2
entry_1178219.class, 12.45,  2.25,  1.96,  0.57,  0.00,  939011577,  942763000,  259209000,  990427806, java, iotlab1, mult, 2
entry_1178219.class, 12.50,  2.28,  2.00,  0.57,  0.00,  940898618,  949429000,  252443000,  992586228, java, iotlab1, mult, 2
entry_1178219.class, 12.42,  2.28,  1.99,  0.57,  0.00,  941327467,  954624000,  250067000,  992741317, java, iotlab1, mult, 2
entry_1178219.class, 12.59,  2.27,  1.99,  0.57,  0.00,  945384322,  940960000,  260265000,  997001691, java, iotlab1, mult, 2
entry_1178219.class, 12.49,  2.26,  1.97,  0.57,  0.00,  940475561,  930716000,  274390000,  992137594, java, iotlab1, mult, 2
entry_1178219.class, 12.55,  2.24,  1.95,  0.57,  0.00,  942639408,  948167000,  256315000,  994163029, java, iotlab1, mult, 2
entry_1178219.class, 12.48,  2.25,  1.96,  0.57,  0.00,  942190740,  937678000,  267622000,  993809264, java, iotlab1, mult, 2
entry_12092876.class, 14.02,  2.60,  2.29,  0.63,  0.00, 1032123694, 1187413000,  270094000, 1083622509, java, iotlab1, mult, 2
entry_12092876.class, 13.83,  2.54,  2.23,  0.62,  0.00, 1030462331, 1117094000,  287080000, 1081939960, java, iotlab1, mult, 2
entry_12092876.class, 13.93,  2.61,  2.30,  0.63,  0.00, 1029938273, 1169754000,  282354000, 1081540137, java, iotlab1, mult, 2
entry_12092876.class, 14.07,  2.64,  2.33,  0.63,  0.00, 1034059913, 1173893000,  273440000, 1085624044, java, iotlab1, mult, 2
entry_12092876.class, 13.79,  2.56,  2.25,  0.62,  0.00, 1027235374, 1173867000,  279875000, 1079061179, java, iotlab1, mult, 2
entry_12092876.class, 14.03,  2.59,  2.27,  0.63,  0.00, 1032981286, 1184106000,  272946000, 1084713875, java, iotlab1, mult, 2
entry_12092876.class, 14.05,  2.57,  2.25,  0.63,  0.00, 1030441574, 1165329000,  273014000, 1082293139, java, iotlab1, mult, 2
entry_12092876.class, 14.08,  2.56,  2.24,  0.63,  0.00, 1032395848, 1170536000,  277839000, 1083903431, java, iotlab1, mult, 2
entry_12092876.class, 13.90,  2.53,  2.22,  0.63,  0.00, 1030475458, 1157018000,  255562000, 1082018583, java, iotlab1, mult, 2
entry_12092876.class, 14.03,  2.61,  2.30,  0.63,  0.00, 1035321074, 1165049000,  281461000, 1087031277, java, iotlab1, mult, 2
entry_12270964.class, 10.39,  1.86,  1.63,  0.49,  0.00,  761877309,  778406000,  249372000,  813457844, java, iotlab1, mult, 2
entry_12270964.class, 10.41,  1.84,  1.60,  0.49,  0.00,  765210979,  751807000,  277086000,  816820446, java, iotlab1, mult, 2
entry_12270964.class, 10.27,  1.87,  1.64,  0.49,  0.00,  760500652,  748199000,  290301000,  812184638, java, iotlab1, mult, 2
entry_12270964.class, 10.27,  1.84,  1.61,  0.48,  0.00,  763273026,  769410000,  259148000,  814657490, java, iotlab1, mult, 2
entry_12270964.class, 10.38,  1.83,  1.60,  0.49,  0.00,  761288832,  773567000,  270103000,  813033935, java, iotlab1, mult, 2
entry_12270964.class, 10.37,  1.86,  1.63,  0.48,  0.00,  762378567,  788138000,  238555000,  814179041, java, iotlab1, mult, 2
entry_12270964.class, 10.31,  1.88,  1.64,  0.49,  0.00,  767010737,  772534000,  258513000,  818792795, java, iotlab1, mult, 2
entry_12270964.class, 10.24,  1.85,  1.62,  0.49,  0.00,  761589983,  760724000,  281006000,  813076207, java, iotlab1, mult, 2
entry_12270964.class, 10.67,  2.05,  1.82,  0.49,  0.00,  765189302,  757692000,  271101000,  816822234, java, iotlab1, mult, 2
entry_12270964.class, 10.20,  1.87,  1.64,  0.49,  0.00,  764870886,  780822000,  248669000,  816608944, java, iotlab1, mult, 2
entry_12450171.class, 14.89,  2.77,  2.44,  0.66,  0.00, 1103521262, 1280338000,  275072000, 1155075469, java, iotlab1, mult, 2
entry_12450171.class, 15.03,  2.79,  2.46,  0.66,  0.00, 1107440426, 1286546000,  267905000, 1158952098, java, iotlab1, mult, 2
entry_12450171.class, 14.83,  2.81,  2.48,  0.66,  0.00, 1098163214, 1280419000,  262650000, 1149807017, java, iotlab1, mult, 2
entry_12450171.class, 15.05,  2.80,  2.47,  0.67,  0.00, 1103999619, 1286289000,  266984000, 1155786148, java, iotlab1, mult, 2
entry_12450171.class, 14.86,  2.79,  2.46,  0.66,  0.00, 1100030778, 1260606000,  287594000, 1151686867, java, iotlab1, mult, 2
entry_12450171.class, 15.02,  2.84,  2.50,  0.67,  0.00, 1106702354, 1286303000,  269692000, 1158128680, java, iotlab1, mult, 2
entry_12450171.class, 14.96,  2.79,  2.45,  0.66,  0.00, 1101276065, 1290727000,  261170000, 1152816347, java, iotlab1, mult, 2
entry_12450171.class, 14.82,  2.79,  2.46,  0.66,  0.00, 1103922064, 1275468000,  278758000, 1155682188, java, iotlab1, mult, 2
entry_12450171.class, 14.86,  2.76,  2.43,  0.67,  0.00, 1101171702, 1262268000,  285739000, 1152870500, java, iotlab1, mult, 2
entry_12450171.class, 15.06,  2.73,  2.40,  0.66,  0.00, 1103027788, 1270073000,  280805000, 1154840268, java, iotlab1, mult, 2
entry_12521508.class, 15.10,  2.73,  2.39,  0.60,  0.00, 1149450589, 1312998000,   82062000, 1201150586, java, iotlab1, mult, 2
entry_12521508.class, 15.17,  2.74,  2.40,  0.60,  0.00, 1147344049, 1300462000,   59203000, 1198779573, java, iotlab1, mult, 2
entry_12521508.class, 15.26,  2.80,  2.46,  0.61,  0.00, 1158653741, 1338987000,   65802000, 1210468855, java, iotlab1, mult, 2
entry_12521508.class, 15.14,  2.83,  2.48,  0.60,  0.00, 1151521085, 1315566000,   81724000, 1203177367, java, iotlab1, mult, 2
entry_12521508.class, 15.04,  2.77,  2.43,  0.60,  0.00, 1147147465, 1281512000,   73086000, 1198869449, java, iotlab1, mult, 2
entry_12521508.class, 15.06,  2.77,  2.43,  0.60,  0.00, 1150185001, 1341909000,   65897000, 1201897636, java, iotlab1, mult, 2
entry_12521508.class, 15.25,  2.75,  2.41,  0.61,  0.00, 1161995523, 1336717000,   72038000, 1213595992, java, iotlab1, mult, 2
entry_12521508.class, 15.23,  2.78,  2.44,  0.60,  0.00, 1154755951, 1337067000,   74003000, 1206220425, java, iotlab1, mult, 2
entry_12521508.class, 15.07,  2.78,  2.44,  0.60,  0.00, 1149372006, 1330516000,   77029000, 1201229844, java, iotlab1, mult, 2
entry_12521508.class, 15.01,  2.70,  2.36,  0.60,  0.00, 1146605627, 1301406000,   55186000, 1198249940, java, iotlab1, mult, 2
entry_12602656.class, 13.48,  2.47,  2.17,  0.63,  0.00, 1004735081, 1065559000,  277972000, 1056497895, java, iotlab1, mult, 2
entry_12602656.class, 13.48,  2.46,  2.15,  0.63,  0.00, 1003926702, 1079102000,  260507000, 1055552562, java, iotlab1, mult, 2
entry_12602656.class, 14.02,  2.62,  2.31,  0.65,  0.00, 1043387691, 1168878000,  257413000, 1095218217, java, iotlab1, mult, 2
entry_12602656.class, 13.41,  2.53,  2.23,  0.63,  0.00, 1000984542, 1071672000,  267419000, 1052382611, java, iotlab1, mult, 2
entry_12602656.class, 13.44,  2.50,  2.20,  0.63,  0.00, 1004475654, 1064357000,  276092000, 1056074719, java, iotlab1, mult, 2
entry_12602656.class, 13.37,  2.50,  2.20,  0.63,  0.00,  999553525, 1069400000,  268602000, 1050990830, java, iotlab1, mult, 2
entry_12602656.class, 13.61,  2.54,  2.24,  0.63,  0.00,  999313045, 1082717000,  270182000, 1050938992, java, iotlab1, mult, 2
entry_12602656.class, 13.52,  2.52,  2.22,  0.63,  0.00, 1004431173, 1068360000,  270091000, 1056410069, java, iotlab1, mult, 2
entry_12602656.class, 13.60,  2.45,  2.14,  0.63,  0.00, 1003481949, 1064972000,  277211000, 1055216225, java, iotlab1, mult, 2
entry_12602656.class, 13.46,  2.49,  2.19,  0.63,  0.00, 1004495305, 1066315000,  275113000, 1056211573, java, iotlab1, mult, 2
entry_12774819.class, 12.43,  2.29,  2.01,  0.57,  0.00,  923859211,  996922000,  271251000,  975658054, java, iotlab1, mult, 2
entry_12774819.class, 12.44,  2.26,  1.98,  0.57,  0.00,  916543360,  987694000,  282054000,  968197053, java, iotlab1, mult, 2
entry_12774819.class, 12.52,  2.26,  1.98,  0.57,  0.00,  914326088, 1001605000,  271081000,  965768531, java, iotlab1, mult, 2
entry_12774819.class, 12.37,  2.26,  1.98,  0.57,  0.00,  913374787,  996775000,  270667000,  965115986, java, iotlab1, mult, 2
entry_12774819.class, 13.74,  2.75,  2.45,  0.63,  0.00,  977192178, 1056007000,  275785000, 1032828070, java, iotlab1, mult, 2
entry_12774819.class, 13.27,  2.70,  2.42,  0.60,  0.00,  923073959,  991241000,  282780000,  974682695, java, iotlab1, mult, 2
entry_12774819.class, 12.43,  2.32,  2.04,  0.57,  0.00,  917711720, 1006896000,  266029000,  970227679, java, iotlab1, mult, 2
entry_12774819.class, 12.37,  2.30,  2.03,  0.57,  0.00,  912615009, 1006241000,  267596000,  964040455, java, iotlab1, mult, 2
entry_12774819.class, 12.62,  2.31,  2.03,  0.57,  0.00,  917858902,  986497000,  279723000,  969602531, java, iotlab1, mult, 2
entry_12774819.class, 12.37,  2.28,  2.00,  0.57,  0.00,  910897005,  991594000,  275774000,  962333698, java, iotlab1, mult, 2
entry_1297253.class,  9.43,  1.74,  1.53,  0.45,  0.00,  685398087,  721775000,  267511000,  737059657, java, iotlab1, mult, 2
entry_1297253.class,  9.38,  1.72,  1.51,  0.45,  0.00,  684967046,  732297000,  260528000,  736787036, java, iotlab1, mult, 2
entry_1297253.class,  9.39,  1.74,  1.54,  0.45,  0.00,  686689369,  720100000,  268410000,  738373141, java, iotlab1, mult, 2
entry_1297253.class,  9.45,  1.75,  1.54,  0.45,  0.00,  688049745,  734095000,  254686000,  739694035, java, iotlab1, mult, 2
entry_1297253.class,  9.40,  1.73,  1.52,  0.45,  0.00,  681934617,  719720000,  268895000,  733472742, java, iotlab1, mult, 2
entry_1297253.class,  9.42,  1.72,  1.52,  0.45,  0.00,  685282324,  736557000,  249850000,  736894696, java, iotlab1, mult, 2
entry_1297253.class,  9.36,  1.73,  1.52,  0.45,  0.00,  689211447,  718903000,  260964000,  740731313, java, iotlab1, mult, 2
entry_1297253.class,  9.31,  1.67,  1.46,  0.45,  0.00,  685382670,  713867000,  278287000,  736983636, java, iotlab1, mult, 2
entry_1297253.class,  9.32,  1.69,  1.48,  0.45,  0.00,  682980099,  723988000,  264553000,  734711658, java, iotlab1, mult, 2
entry_1297253.class,  9.31,  1.72,  1.52,  0.45,  0.00,  682080642,  724888000,  262772000,  733729918, java, iotlab1, mult, 2
entry_13124387.class, 10.21,  1.87,  1.64,  0.48,  0.00,  754265103,  760099000,  262725000,  806060175, java, iotlab1, mult, 2
entry_13124387.class, 10.23,  1.89,  1.66,  0.48,  0.00,  758955198,  749824000,  277043000,  810465285, java, iotlab1, mult, 2
entry_13124387.class, 10.23,  1.85,  1.62,  0.48,  0.00,  758003951,  755943000,  254317000,  810200558, java, iotlab1, mult, 2
entry_13124387.class, 10.32,  1.84,  1.61,  0.48,  0.00,  756305469,  748365000,  260824000,  807658574, java, iotlab1, mult, 2
entry_13124387.class, 10.27,  1.85,  1.62,  0.48,  0.00,  758071914,  736578000,  273959000,  809733521, java, iotlab1, mult, 2
entry_13124387.class, 10.19,  1.86,  1.63,  0.48,  0.00,  755322004,  750426000,  257431000,  806889321, java, iotlab1, mult, 2
entry_13124387.class, 10.35,  1.86,  1.63,  0.48,  0.00,  759025793,  739130000,  271783000,  810833009, java, iotlab1, mult, 2
entry_13124387.class, 10.36,  1.84,  1.61,  0.48,  0.00,  758014770,  749906000,  276440000,  809407068, java, iotlab1, mult, 2
entry_13124387.class, 10.30,  1.82,  1.59,  0.48,  0.00,  759830949,  757732000,  268905000,  811821642, java, iotlab1, mult, 2
entry_13124387.class, 10.27,  1.80,  1.57,  0.48,  0.00,  757796416,  733845000,  275941000,  809764499, java, iotlab1, mult, 2
entry_13178766.class, 18.49,  3.26,  2.84,  0.91,  0.00, 1374026948, 1291507000,  451225000, 1425513582, java, iotlab1, mult, 2
entry_13178766.class, 18.64,  3.24,  2.82,  0.91,  0.00, 1375391585, 1298598000,  449553000, 1427167366, java, iotlab1, mult, 2
entry_13178766.class, 18.67,  3.23,  2.80,  0.91,  0.00, 1371633901, 1290495000,  450872000, 1423157038, java, iotlab1, mult, 2
entry_13178766.class, 18.63,  3.21,  2.79,  0.91,  0.00, 1370747888, 1279488000,  462815000, 1422275080, java, iotlab1, mult, 2
entry_13178766.class, 18.61,  3.22,  2.79,  0.91,  0.00, 1372974241, 1301455000,  441171000, 1424380563, java, iotlab1, mult, 2
entry_13178766.class, 18.59,  3.27,  2.85,  0.91,  0.00, 1369972287, 1296345000,  441799000, 1421371203, java, iotlab1, mult, 2
entry_13178766.class, 18.61,  3.27,  2.85,  0.91,  0.00, 1372848333, 1317536000,  430501000, 1424216756, java, iotlab1, mult, 2
entry_13178766.class, 18.60,  3.27,  2.85,  0.91,  0.00, 1369995364, 1307835000,  431918000, 1421409187, java, iotlab1, mult, 2
entry_13178766.class, 19.02,  3.36,  2.93,  0.93,  0.00, 1397801450, 1323168000,  490433000, 1449567153, java, iotlab1, mult, 2
entry_13178766.class, 19.16,  3.33,  2.90,  0.93,  0.00, 1400961751, 1280627000,  536425000, 1452770994, java, iotlab1, mult, 2
entry_13388310.class, 13.57,  2.44,  2.14,  0.61,  0.00,  989975972, 1124778000,  263117000, 1041275945, java, iotlab1, mult, 2
entry_13388310.class, 13.68,  2.41,  2.11,  0.61,  0.00,  997480306, 1140829000,  270959000, 1048892171, java, iotlab1, mult, 2
entry_13388310.class, 13.61,  2.39,  2.09,  0.61,  0.00,  994168470, 1089327000,  272831000, 1045711781, java, iotlab1, mult, 2
entry_13388310.class, 13.81,  2.46,  2.16,  0.61,  0.00,  993881484, 1111659000,  283637000, 1045471397, java, iotlab1, mult, 2
entry_13388310.class, 13.51,  2.45,  2.15,  0.61,  0.00,  995809225, 1143137000,  256376000, 1047483424, java, iotlab1, mult, 2
entry_13388310.class, 13.72,  2.50,  2.20,  0.62,  0.00, 1003944481, 1159608000,  271312000, 1055661368, java, iotlab1, mult, 2
entry_13388310.class, 13.78,  2.49,  2.19,  0.62,  0.00, 1006151782, 1125101000,  291026000, 1057769065, java, iotlab1, mult, 2
entry_13388310.class, 13.57,  2.47,  2.17,  0.61,  0.00,  995181942, 1135076000,  261478000, 1046762829, java, iotlab1, mult, 2
entry_13388310.class, 13.65,  2.40,  2.10,  0.61,  0.00,  999873862, 1089175000,  267534000, 1051704834, java, iotlab1, mult, 2
entry_13388310.class, 13.62,  2.45,  2.15,  0.61,  0.00,  995558519, 1132385000,  272611000, 1046959193, java, iotlab1, mult, 2
entry_13391301.class, 10.79,  2.07,  1.83,  0.50,  0.00,  765283260,  755005000,  258291000,  816861525, java, iotlab1, mult, 2
entry_13391301.class, 10.62,  1.94,  1.70,  0.49,  0.00,  765109237,  755623000,  259243000,  817370538, java, iotlab1, mult, 2
entry_13391301.class, 12.06,  2.36,  2.11,  0.55,  0.00,  825107401,  781221000,  251035000,  877098360, java, iotlab1, mult, 2
entry_13391301.class, 10.65,  1.81,  1.58,  0.49,  0.00,  761527463,  747500000,  263120000,  813036501, java, iotlab1, mult, 2
entry_13391301.class, 10.37,  1.83,  1.60,  0.48,  0.00,  758559768,  755175000,  255720000,  809863402, java, iotlab1, mult, 2
entry_13391301.class, 10.38,  1.85,  1.62,  0.48,  0.00,  757454046,  744708000,  264316000,  808906432, java, iotlab1, mult, 2
entry_13391301.class, 10.40,  1.85,  1.62,  0.49,  0.00,  759190678,  740702000,  286884000,  810775427, java, iotlab1, mult, 2
entry_13391301.class, 10.34,  1.84,  1.61,  0.48,  0.00,  761018805,  742538000,  270195000,  812724476, java, iotlab1, mult, 2
entry_13391301.class, 10.37,  1.85,  1.62,  0.48,  0.00,  761874943,  748802000,  262984000,  813316099, java, iotlab1, mult, 2
entry_13391301.class, 10.39,  1.85,  1.62,  0.48,  0.00,  760569489,  759620000,  254203000,  812088262, java, iotlab1, mult, 2
entry_13565498.class, 10.25,  1.82,  1.59,  0.41,  0.00,  761994195,  938614000,   65391000,  813718735, java, iotlab1, mult, 2
entry_13565498.class, 10.30,  1.83,  1.60,  0.41,  0.00,  762891474,  931244000,   71094000,  814198074, java, iotlab1, mult, 2
entry_13565498.class, 10.12,  1.81,  1.58,  0.40,  0.00,  759234440,  886935000,   66919000,  811240301, java, iotlab1, mult, 2
entry_13565498.class, 10.45,  1.83,  1.60,  0.40,  0.00,  761838920,  913024000,   77511000,  813751549, java, iotlab1, mult, 2
entry_13565498.class, 10.25,  1.80,  1.57,  0.41,  0.00,  763900653,  930653000,   62581000,  815437818, java, iotlab1, mult, 2
entry_13565498.class, 10.29,  1.78,  1.55,  0.41,  0.00,  764336817,  936391000,   69325000,  816140019, java, iotlab1, mult, 2
entry_13565498.class, 10.20,  1.76,  1.53,  0.41,  0.00,  763638122,  929529000,   73516000,  815412463, java, iotlab1, mult, 2
entry_13565498.class, 10.35,  1.80,  1.57,  0.41,  0.00,  777033527,  889525000,   66412000,  828798365, java, iotlab1, mult, 2
entry_13565498.class, 10.21,  1.86,  1.63,  0.41,  0.00,  765320406,  942010000,   63269000,  816856808, java, iotlab1, mult, 2
entry_13565498.class, 10.19,  1.86,  1.63,  0.41,  0.00,  764559087,  926994000,   66855000,  816198905, java, iotlab1, mult, 2
entry_13584620.class, 14.02,  2.44,  2.13,  0.61,  0.00, 1031590490, 1031150000,  265553000, 1083469339, java, iotlab1, mult, 2
entry_13584620.class, 13.92,  2.41,  2.10,  0.61,  0.00, 1033845517, 1045768000,  251980000, 1085555449, java, iotlab1, mult, 2
entry_13584620.class, 13.91,  2.46,  2.15,  0.61,  0.00, 1030958092, 1026764000,  269200000, 1082391829, java, iotlab1, mult, 2
entry_13584620.class, 13.89,  2.42,  2.11,  0.61,  0.00, 1027512820, 1029935000,  265042000, 1079269398, java, iotlab1, mult, 2
entry_13584620.class, 13.90,  2.45,  2.14,  0.61,  0.00, 1033054636, 1039347000,  260585000, 1084555984, java, iotlab1, mult, 2
entry_13584620.class, 13.80,  2.44,  2.12,  0.61,  0.00, 1029866941, 1033836000,  259457000, 1081563593, java, iotlab1, mult, 2
entry_13584620.class, 13.78,  2.47,  2.16,  0.61,  0.00, 1030518319, 1025188000,  273851000, 1082064740, java, iotlab1, mult, 2
entry_13584620.class, 13.82,  2.46,  2.15,  0.61,  0.00, 1029741264, 1010291000,  284518000, 1081312208, java, iotlab1, mult, 2
entry_13584620.class, 13.79,  2.45,  2.14,  0.61,  0.00, 1029399852, 1030392000,  265843000, 1081063434, java, iotlab1, mult, 2
entry_13584620.class, 13.85,  2.43,  2.12,  0.61,  0.00, 1029467094, 1042784000,  251430000, 1081073288, java, iotlab1, mult, 2
entry_13744570.class, 13.96,  2.53,  2.22,  0.63,  0.00, 1032935757, 1180742000,  274871000, 1084641776, java, iotlab1, mult, 2
entry_13744570.class, 13.86,  2.51,  2.20,  0.63,  0.00, 1028203235, 1190117000,  269157000, 1079839989, java, iotlab1, mult, 2
entry_13744570.class, 14.22,  2.56,  2.25,  0.63,  0.00, 1037687505, 1182481000,  271880000, 1089617878, java, iotlab1, mult, 2
entry_13744570.class, 13.95,  2.55,  2.23,  0.63,  0.00, 1034378174, 1182812000,  275422000, 1086120102, java, iotlab1, mult, 2
entry_13744570.class, 13.93,  2.48,  2.16,  0.63,  0.00, 1031792012, 1179140000,  282834000, 1083339110, java, iotlab1, mult, 2
entry_13744570.class, 13.98,  2.49,  2.18,  0.63,  0.00, 1035002359, 1196019000,  269710000, 1086423905, java, iotlab1, mult, 2
entry_13744570.class, 13.90,  2.49,  2.17,  0.63,  0.00, 1028341156, 1177530000,  280411000, 1079996584, java, iotlab1, mult, 2
entry_13744570.class, 13.93,  2.54,  2.23,  0.63,  0.00, 1030225988, 1200714000,  257864000, 1081780742, java, iotlab1, mult, 2
entry_13744570.class, 13.92,  2.52,  2.21,  0.63,  0.00, 1031112972, 1186334000,  276215000, 1082635465, java, iotlab1, mult, 2
entry_13744570.class, 13.84,  2.54,  2.23,  0.63,  0.00, 1028645668, 1196532000,  260291000, 1080508096, java, iotlab1, mult, 2
entry_13929133.class,  7.93,  1.59,  1.42,  0.38,  0.00,  555393171,  815056000,  311550000,  607057321, java, iotlab1, mult, 2
entry_13929133.class,  7.98,  1.58,  1.40,  0.38,  0.00,  559988506,  832581000,  296494000,  611292541, java, iotlab1, mult, 2
entry_13929133.class,  8.01,  1.57,  1.39,  0.38,  0.00,  560259337,  829991000,  304095000,  611993531, java, iotlab1, mult, 2
entry_13929133.class,  7.93,  1.55,  1.38,  0.38,  0.00,  551715160,  823658000,  306477000,  603185977, java, iotlab1, mult, 2
entry_13929133.class,  8.18,  1.55,  1.38,  0.38,  0.00,  558089277,  836341000,  303398000,  609631132, java, iotlab1, mult, 2
entry_13929133.class,  8.05,  1.57,  1.40,  0.38,  0.00,  562532359,  843851000,  293688000,  614111574, java, iotlab1, mult, 2
entry_13929133.class,  7.98,  1.57,  1.39,  0.38,  0.00,  557573805,  842402000,  293052000,  609110106, java, iotlab1, mult, 2
entry_13929133.class,  7.86,  1.55,  1.38,  0.38,  0.00,  553339322,  844428000,  284153000,  604843622, java, iotlab1, mult, 2
entry_13929133.class,  7.98,  1.55,  1.38,  0.38,  0.00,  558771748,  865002000,  275725000,  610532794, java, iotlab1, mult, 2
entry_13929133.class,  7.87,  1.56,  1.39,  0.38,  0.00,  552071751,  828132000,  300499000,  603781646, java, iotlab1, mult, 2
entry_1410507.class, 20.44,  3.54,  3.07,  0.98,  0.00, 1509468615, 1456981000,  454930000, 1560957980, java, iotlab1, mult, 2
entry_1410507.class, 21.46,  4.06,  3.59,  1.02,  0.00, 1539791627, 1533790000,  442228000, 1591429915, java, iotlab1, mult, 2
entry_1410507.class, 21.61,  4.05,  3.58,  1.01,  0.00, 1511374963, 1477592000,  435879000, 1562966990, java, iotlab1, mult, 2
entry_1410507.class, 20.21,  3.63,  3.17,  0.98,  0.00, 1512646445, 1460358000,  453111000, 1564575972, java, iotlab1, mult, 2
entry_1410507.class, 20.34,  3.60,  3.14,  0.98,  0.00, 1509457245, 1504226000,  408974000, 1561080465, java, iotlab1, mult, 2
entry_1410507.class, 20.37,  3.63,  3.16,  0.98,  0.00, 1510337653, 1460163000,  446968000, 1562127775, java, iotlab1, mult, 2
entry_1410507.class, 20.34,  3.65,  3.19,  0.98,  0.00, 1509189166, 1460358000,  446638000, 1561106171, java, iotlab1, mult, 2
entry_1410507.class, 20.82,  3.82,  3.35,  1.01,  0.00, 1547852981, 1543134000,  443038000, 1599332516, java, iotlab1, mult, 2
entry_1410507.class, 20.32,  3.72,  3.26,  0.99,  0.00, 1513758726, 1465549000,  445687000, 1565376260, java, iotlab1, mult, 2
entry_1410507.class, 20.60,  3.73,  3.26,  1.00,  0.00, 1539504670, 1538814000,  435099000, 1591010882, java, iotlab1, mult, 2
entry_14150216.class,  6.41,  1.26,  1.12,  0.32,  0.00,  455708413,  598792000,  277293000,  507222530, java, iotlab1, mult, 2
entry_14150216.class,  6.50,  1.26,  1.12,  0.32,  0.00,  459971707,  561861000,  299459000,  511437940, java, iotlab1, mult, 2
entry_14150216.class,  6.53,  1.25,  1.10,  0.32,  0.00,  462350297,  585392000,  289157000,  513773521, java, iotlab1, mult, 2
entry_14150216.class,  6.51,  1.26,  1.11,  0.32,  0.00,  458717551,  586219000,  292608000,  510156144, java, iotlab1, mult, 2
entry_14150216.class,  6.56,  1.25,  1.10,  0.32,  0.00,  462165978,  572508000,  296333000,  513994903, java, iotlab1, mult, 2
entry_14150216.class,  6.43,  1.25,  1.11,  0.32,  0.00,  455099291,  574751000,  300392000,  506737340, java, iotlab1, mult, 2
entry_14150216.class,  6.48,  1.25,  1.11,  0.32,  0.00,  462026103,  586821000,  286401000,  513540946, java, iotlab1, mult, 2
entry_14150216.class,  6.57,  1.25,  1.11,  0.32,  0.00,  462319981,  574752000,  286872000,  514072616, java, iotlab1, mult, 2
entry_14150216.class,  6.49,  1.26,  1.11,  0.32,  0.00,  459673678,  587420000,  278725000,  511159158, java, iotlab1, mult, 2
entry_14150216.class,  6.46,  1.27,  1.13,  0.32,  0.00,  461176810,  572414000,  294788000,  512657840, java, iotlab1, mult, 2
entry_1426004.class, 13.91,  2.54,  2.23,  0.63,  0.00, 1045012478, 1141357000,  258573000, 1096504278, java, iotlab1, mult, 2
entry_1426004.class, 13.94,  2.47,  2.15,  0.63,  0.00, 1045569604, 1133316000,  265479000, 1097009057, java, iotlab1, mult, 2
entry_1426004.class, 13.92,  2.56,  2.25,  0.64,  0.00, 1044328066, 1169049000,  274419000, 1095798313, java, iotlab1, mult, 2
entry_1426004.class, 14.07,  2.56,  2.24,  0.64,  0.00, 1049861079, 1164953000,  284988000, 1101443689, java, iotlab1, mult, 2
entry_1426004.class, 13.94,  2.46,  2.14,  0.63,  0.00, 1040614509, 1126628000,  265147000, 1092129439, java, iotlab1, mult, 2
entry_1426004.class, 14.00,  2.54,  2.23,  0.63,  0.00, 1045506253, 1170078000,  264373000, 1097228353, java, iotlab1, mult, 2
entry_1426004.class, 13.93,  2.49,  2.17,  0.63,  0.00, 1044103138, 1111649000,  290739000, 1095406688, java, iotlab1, mult, 2
entry_1426004.class, 13.93,  2.52,  2.20,  0.64,  0.00, 1048080234, 1111493000,  289954000, 1099948161, java, iotlab1, mult, 2
entry_1426004.class, 13.87,  2.48,  2.16,  0.63,  0.00, 1046204807, 1120677000,  271862000, 1097697643, java, iotlab1, mult, 2
entry_1426004.class, 14.16,  2.54,  2.22,  0.65,  0.00, 1058833242, 1172411000,  292352000, 1110213546, java, iotlab1, mult, 2
entry_14279791.class, 28.26,  5.64,  5.06,  1.23,  0.00, 1926515167, 1944692000,  277670000, 1978794241, java, iotlab1, mult, 2
entry_14279791.class, 26.63,  5.02,  4.44,  1.16,  0.00, 1877704541, 1908561000,  268078000, 1929486980, java, iotlab1, mult, 2
entry_14279791.class, 26.87,  4.98,  4.39,  1.20,  0.00, 1929740130, 1969501000,  263334000, 1981619191, java, iotlab1, mult, 2
entry_14279791.class, 25.09,  4.67,  4.11,  1.12,  0.00, 1887723494, 1936026000,  254134000, 1939330056, java, iotlab1, mult, 2
entry_14279791.class, 25.33,  4.64,  4.07,  1.12,  0.00, 1903416861, 1949259000,  252422000, 1954942314, java, iotlab1, mult, 2
entry_14279791.class, 25.26,  4.55,  3.99,  1.11,  0.00, 1882450845, 1902488000,  279365000, 1934068466, java, iotlab1, mult, 2
entry_14279791.class, 25.66,  4.59,  4.02,  1.13,  0.00, 1911761680, 1957030000,  256659000, 1963472570, java, iotlab1, mult, 2
entry_14279791.class, 25.56,  4.58,  4.00,  1.13,  0.00, 1907210787, 1935895000,  273843000, 1958813880, java, iotlab1, mult, 2
entry_14279791.class, 25.69,  4.56,  3.98,  1.13,  0.00, 1914979343, 1969628000,  262817000, 1966495476, java, iotlab1, mult, 2
entry_14279791.class, 25.25,  4.43,  3.86,  1.11,  0.00, 1885909186, 1907153000,  278022000, 1937429867, java, iotlab1, mult, 2
entry_14458102.class, 15.72,  2.95,  2.61,  0.70,  0.00, 1109706921, 1199846000,  278500000, 1161616470, java, iotlab1, mult, 2
entry_14458102.class, 15.08,  2.88,  2.56,  0.66,  0.00, 1049807703, 1140244000,  275334000, 1101465074, java, iotlab1, mult, 2
entry_14458102.class, 14.13,  2.47,  2.15,  0.63,  0.00, 1043776456, 1166615000,  278146000, 1095553426, java, iotlab1, mult, 2
entry_14458102.class, 14.05,  2.57,  2.25,  0.63,  0.00, 1042190735, 1150190000,  289544000, 1093866755, java, iotlab1, mult, 2
entry_14458102.class, 14.06,  2.56,  2.24,  0.63,  0.00, 1044472880, 1134208000,  268231000, 1096252300, java, iotlab1, mult, 2
entry_14458102.class, 14.05,  2.55,  2.24,  0.63,  0.00, 1045145796, 1133981000,  277709000, 1096658887, java, iotlab1, mult, 2
entry_14458102.class, 14.21,  2.60,  2.29,  0.63,  0.00, 1041805753, 1170800000,  281988000, 1093474710, java, iotlab1, mult, 2
entry_14458102.class, 14.08,  2.55,  2.23,  0.63,  0.00, 1043164170, 1146546000,  263191000, 1094679113, java, iotlab1, mult, 2
entry_14458102.class, 14.03,  2.51,  2.19,  0.63,  0.00, 1048451155, 1157041000,  250961000, 1099981687, java, iotlab1, mult, 2
entry_14458102.class, 14.14,  2.48,  2.16,  0.63,  0.00, 1049796342, 1172847000,  275729000, 1101522679, java, iotlab1, mult, 2
entry_14476797.class, 12.81,  2.20,  1.91,  0.58,  0.00,  948638233,  925312000,  279396000, 1000282557, java, iotlab1, mult, 2
entry_14476797.class, 12.72,  2.19,  1.90,  0.58,  0.00,  947950664,  951926000,  250082000,  999840209, java, iotlab1, mult, 2
entry_14476797.class, 12.76,  2.25,  1.96,  0.58,  0.00,  949019586,  944724000,  261370000, 1000526237, java, iotlab1, mult, 2
entry_14476797.class, 12.73,  2.25,  1.96,  0.58,  0.00,  947054420,  936302000,  268373000,  998771515, java, iotlab1, mult, 2
entry_14476797.class, 12.85,  2.24,  1.95,  0.58,  0.00,  946469292,  930774000,  272103000,  998216383, java, iotlab1, mult, 2
entry_14476797.class, 12.75,  2.25,  1.97,  0.58,  0.00,  946969565,  952906000,  249191000,  998624116, java, iotlab1, mult, 2
entry_14476797.class, 12.73,  2.24,  1.96,  0.57,  0.00,  943585978,  934510000,  264427000,  995128425, java, iotlab1, mult, 2
entry_14476797.class, 12.73,  2.29,  2.01,  0.58,  0.00,  948161334,  955191000,  250264000,  999952570, java, iotlab1, mult, 2
entry_14476797.class, 12.68,  2.28,  2.00,  0.58,  0.00,  946206705,  957288000,  264739000,  997849007, java, iotlab1, mult, 2
entry_14476797.class, 12.73,  2.25,  1.96,  0.58,  0.00,  947406458,  932361000,  270848000,  999005371, java, iotlab1, mult, 2
entry_1472966.class, 12.11,  2.18,  1.91,  0.55,  0.00,  888085351,  978337000,  280096000,  939730621, java, iotlab1, mult, 2
entry_1472966.class, 11.99,  2.15,  1.89,  0.55,  0.00,  887659392,  911228000,  270254000,  939121908, java, iotlab1, mult, 2
entry_1472966.class, 11.99,  2.20,  1.93,  0.55,  0.00,  885029297,  971586000,  284464000,  936509477, java, iotlab1, mult, 2
entry_1472966.class, 11.86,  2.16,  1.89,  0.55,  0.00,  885310648,  905264000,  273174000,  936793626, java, iotlab1, mult, 2
entry_1472966.class, 11.80,  2.11,  1.84,  0.54,  0.00,  880036547,  905235000,  266069000,  931530451, java, iotlab1, mult, 2
entry_1472966.class, 12.06,  2.17,  1.90,  0.55,  0.00,  884112728,  972898000,  282100000,  935437570, java, iotlab1, mult, 2
entry_1472966.class, 11.96,  2.10,  1.83,  0.55,  0.00,  885060331,  921266000,  256239000,  936499845, java, iotlab1, mult, 2
entry_1472966.class, 12.01,  2.17,  1.90,  0.55,  0.00,  886190039,  995075000,  262755000,  938073533, java, iotlab1, mult, 2
entry_1472966.class, 11.81,  2.14,  1.87,  0.54,  0.00,  882474154,  906795000,  269345000,  933944622, java, iotlab1, mult, 2
entry_1472966.class, 11.82,  2.14,  1.87,  0.55,  0.00,  884852455,  921371000,  255825000,  936866386, java, iotlab1, mult, 2
entry_15081438.class, 15.29,  2.73,  2.39,  0.67,  0.00, 1129709634, 1229990000,  272326000, 1181373025, java, iotlab1, mult, 2
entry_15081438.class, 15.01,  2.65,  2.32,  0.67,  0.00, 1119627330, 1201234000,  277747000, 1171053227, java, iotlab1, mult, 2
entry_15081438.class, 15.05,  2.61,  2.27,  0.67,  0.00, 1119071404, 1210760000,  278404000, 1170987198, java, iotlab1, mult, 2
entry_15081438.class, 15.18,  2.65,  2.31,  0.67,  0.00, 1120671709, 1243789000,  280276000, 1172434630, java, iotlab1, mult, 2
entry_15081438.class, 15.01,  2.65,  2.32,  0.67,  0.00, 1114911342, 1266503000,  264687000, 1166267338, java, iotlab1, mult, 2
entry_15081438.class, 14.99,  2.68,  2.34,  0.67,  0.00, 1123440265, 1243485000,  281430000, 1175289665, java, iotlab1, mult, 2
entry_15081438.class, 14.95,  2.62,  2.28,  0.67,  0.00, 1117340692, 1214578000,  272146000, 1168819012, java, iotlab1, mult, 2
entry_15081438.class, 14.92,  2.64,  2.31,  0.67,  0.00, 1115503969, 1213827000,  271618000, 1166936941, java, iotlab1, mult, 2
entry_15081438.class, 14.98,  2.66,  2.32,  0.67,  0.00, 1117619408, 1210806000,  277643000, 1169214009, java, iotlab1, mult, 2
entry_15081438.class, 14.94,  2.61,  2.27,  0.66,  0.00, 1113588791, 1206117000,  273292000, 1165042206, java, iotlab1, mult, 2
entry_15313407.class, 13.37,  2.39,  2.08,  0.61,  0.00,  994015335, 1117762000,  278940000, 1045458024, java, iotlab1, mult, 2
entry_15313407.class, 13.42,  2.39,  2.09,  0.61,  0.00, 1001836555, 1093463000,  261871000, 1053642566, java, iotlab1, mult, 2
entry_15313407.class, 13.45,  2.43,  2.13,  0.61,  0.00,  998385915, 1122208000,  275805000, 1049918558, java, iotlab1, mult, 2
entry_15313407.class, 13.54,  2.35,  2.05,  0.61,  0.00,  993254844, 1116437000,  278105000, 1044808052, java, iotlab1, mult, 2
entry_15313407.class, 13.34,  2.31,  2.00,  0.61,  0.00,  994440847, 1073857000,  286627000, 1046031574, java, iotlab1, mult, 2
entry_15313407.class, 13.58,  2.52,  2.22,  0.62,  0.00,  990939545, 1125533000,  266126000, 1042837333, java, iotlab1, mult, 2
entry_15313407.class, 14.10,  2.62,  2.31,  0.65,  0.00, 1017057598, 1141537000,  307762000, 1069599694, java, iotlab1, mult, 2
entry_15313407.class, 15.12,  2.99,  2.66,  0.69,  0.00, 1058148438, 1136631000,  258143000, 1110044808, java, iotlab1, mult, 2
entry_15313407.class, 13.46,  2.39,  2.09,  0.61,  0.00,  998205822, 1115435000,  295850000, 1049884306, java, iotlab1, mult, 2
entry_15313407.class, 13.51,  2.39,  2.08,  0.61,  0.00,  994505868, 1084249000,  278578000, 1046508195, java, iotlab1, mult, 2
entry_15471161.class, 16.76,  3.00,  2.63,  0.74,  0.00, 1239973784, 1373435000,  277087000, 1291746250, java, iotlab1, mult, 2
entry_15471161.class, 16.70,  2.92,  2.55,  0.74,  0.00, 1242387534, 1325600000,  287781000, 1294215488, java, iotlab1, mult, 2
entry_15471161.class, 16.73,  2.87,  2.50,  0.74,  0.00, 1240803373, 1340031000,  269010000, 1292262338, java, iotlab1, mult, 2
entry_15471161.class, 16.64,  2.89,  2.51,  0.74,  0.00, 1239654125, 1322001000,  286699000, 1291217199, java, iotlab1, mult, 2
entry_15471161.class, 16.56,  2.86,  2.49,  0.73,  0.00, 1236786563, 1343419000,  264279000, 1288571648, java, iotlab1, mult, 2
entry_15471161.class, 16.59,  2.93,  2.56,  0.74,  0.00, 1242449135, 1350280000,  251424000, 1294083293, java, iotlab1, mult, 2
entry_15471161.class, 16.59,  2.94,  2.57,  0.74,  0.00, 1240633247, 1385584000,  266304000, 1292194157, java, iotlab1, mult, 2
entry_15471161.class, 16.80,  2.84,  2.47,  0.74,  0.00, 1234337045, 1376642000,  264931000, 1285958672, java, iotlab1, mult, 2
entry_15471161.class, 16.53,  2.82,  2.44,  0.73,  0.00, 1232690824, 1346301000,  292065000, 1284184617, java, iotlab1, mult, 2
entry_15471161.class, 16.71,  2.89,  2.51,  0.74,  0.00, 1237885521, 1390553000,  262406000, 1289575509, java, iotlab1, mult, 2
entry_15514224.class, 11.52,  1.98,  1.72,  0.53,  0.00,  850108413,  845972000,  301126000,  901482620, java, iotlab1, mult, 2
entry_15514224.class, 11.43,  1.99,  1.73,  0.54,  0.00,  851908896,  869109000,  280358000,  903391119, java, iotlab1, mult, 2
entry_15514224.class, 11.43,  1.96,  1.70,  0.53,  0.00,  837641227,  842000000,  273324000,  888863118, java, iotlab1, mult, 2
entry_15514224.class, 11.59,  2.01,  1.75,  0.53,  0.00,  849361088,  854364000,  290180000,  900860172, java, iotlab1, mult, 2
entry_15514224.class, 11.57,  1.97,  1.71,  0.54,  0.00,  852202541,  874762000,  271306000,  903656101, java, iotlab1, mult, 2
entry_15514224.class, 11.35,  1.97,  1.71,  0.53,  0.00,  842676387,  832993000,  287031000,  893958313, java, iotlab1, mult, 2
entry_15514224.class, 11.43,  1.99,  1.73,  0.53,  0.00,  849668699,  853252000,  293179000,  901181140, java, iotlab1, mult, 2
entry_15514224.class, 11.48,  2.00,  1.74,  0.53,  0.00,  848619489,  860821000,  283961000,  900120272, java, iotlab1, mult, 2
entry_15514224.class, 11.54,  1.98,  1.72,  0.54,  0.00,  849984385,  865992000,  278246000,  901687856, java, iotlab1, mult, 2
entry_15514224.class, 11.39,  1.94,  1.68,  0.53,  0.00,  836918308,  842444000,  272112000,  888699187, java, iotlab1, mult, 2
entry_15620834.class, 13.48,  2.36,  2.06,  0.61,  0.00,  992244292, 1099255000,  261822000, 1043904587, java, iotlab1, mult, 2
entry_15620834.class, 13.40,  2.35,  2.05,  0.61,  0.00,  992579415, 1085419000,  264564000, 1044270976, java, iotlab1, mult, 2
entry_15620834.class, 13.45,  2.32,  2.02,  0.61,  0.00,  988775949, 1130282000,  263230000, 1040081151, java, iotlab1, mult, 2
entry_15620834.class, 13.44,  2.37,  2.07,  0.61,  0.00,  991830184, 1095727000,  265078000, 1043763371, java, iotlab1, mult, 2
entry_15620834.class, 13.36,  2.34,  2.04,  0.61,  0.00,  993845270, 1085136000,  266033000, 1045406243, java, iotlab1, mult, 2
entry_15620834.class, 13.43,  2.40,  2.09,  0.61,  0.00,  994021537, 1121377000,  274358000, 1045539818, java, iotlab1, mult, 2
entry_15620834.class, 13.44,  2.35,  2.05,  0.61,  0.00,  996297201, 1089476000,  269861000, 1048013303, java, iotlab1, mult, 2
entry_15620834.class, 13.44,  2.37,  2.06,  0.61,  0.00,  992559064, 1133248000,  252724000, 1044358598, java, iotlab1, mult, 2
entry_15620834.class, 13.37,  2.44,  2.15,  0.61,  0.00,  991138701, 1143761000,  260173000, 1042618890, java, iotlab1, mult, 2
entry_15620834.class, 13.37,  2.35,  2.05,  0.61,  0.00,  990023430, 1088214000,  260852000, 1041516300, java, iotlab1, mult, 2
entry_15628741.class, 13.83,  2.48,  2.17,  0.57,  0.00, 1045379894, 1073926000,  203745000, 1097104160, java, iotlab1, mult, 2
entry_15628741.class, 13.81,  2.48,  2.16,  0.56,  0.00, 1040125350, 1137918000,  186986000, 1091549825, java, iotlab1, mult, 2
entry_15628741.class, 13.98,  2.50,  2.18,  0.57,  0.00, 1042466749, 1130004000,  183675000, 1093709149, java, iotlab1, mult, 2
entry_15628741.class, 13.80,  2.45,  2.14,  0.56,  0.00, 1041041821, 1125024000,  188338000, 1092651023, java, iotlab1, mult, 2
entry_15628741.class, 13.78,  2.51,  2.20,  0.56,  0.00, 1041556406, 1085854000,  191326000, 1093393488, java, iotlab1, mult, 2
entry_15628741.class, 13.75,  2.49,  2.18,  0.56,  0.00, 1039829607, 1122037000,  200363000, 1091842865, java, iotlab1, mult, 2
entry_15628741.class, 13.80,  2.47,  2.16,  0.56,  0.00, 1042719792, 1127968000,  196517000, 1094593446, java, iotlab1, mult, 2
entry_15628741.class, 13.78,  2.46,  2.14,  0.56,  0.00, 1041884524, 1066785000,  209973000, 1093397853, java, iotlab1, mult, 2
entry_15628741.class, 13.80,  2.47,  2.16,  0.57,  0.00, 1042091145, 1097443000,  183073000, 1093759280, java, iotlab1, mult, 2
entry_15628741.class, 13.76,  2.40,  2.09,  0.56,  0.00, 1039183467, 1089696000,  187636000, 1090835249, java, iotlab1, mult, 2
entry_15734581.class, 13.18,  2.60,  2.31,  0.60,  0.00,  934198865,  930993000,  260718000,  989632469, java, iotlab1, mult, 2
entry_15734581.class, 11.75,  2.10,  1.84,  0.54,  0.00,  867948647,  874234000,  262867000,  919490091, java, iotlab1, mult, 2
entry_15734581.class, 11.77,  2.06,  1.80,  0.54,  0.00,  865299738,  872799000,  261437000,  916758845, java, iotlab1, mult, 2
entry_15734581.class, 11.81,  2.03,  1.76,  0.54,  0.00,  866126936,  863096000,  269654000,  917658173, java, iotlab1, mult, 2
entry_15734581.class, 11.67,  2.07,  1.80,  0.54,  0.00,  864677440,  864858000,  267885000,  916185192, java, iotlab1, mult, 2
entry_15734581.class, 11.68,  2.08,  1.82,  0.54,  0.00,  864468636,  871021000,  274953000,  916088673, java, iotlab1, mult, 2
entry_15734581.class, 11.67,  2.06,  1.80,  0.54,  0.00,  863017328,  881726000,  263111000,  914550166, java, iotlab1, mult, 2
entry_15734581.class, 11.65,  2.05,  1.79,  0.54,  0.00,  868586352,  855100000,  280704000,  920509185, java, iotlab1, mult, 2
entry_15734581.class, 11.65,  2.07,  1.81,  0.54,  0.00,  859527279,  882074000,  262510000,  911249443, java, iotlab1, mult, 2
entry_15734581.class, 11.67,  2.04,  1.78,  0.53,  0.00,  864363986,  866554000,  265863000,  915963491, java, iotlab1, mult, 2
entry_15770531.class, 11.23,  1.92,  1.67,  0.52,  0.00,  837398713,  851173000,  251346000,  888965892, java, iotlab1, mult, 2
entry_15770531.class, 11.30,  1.98,  1.73,  0.52,  0.00,  836287184,  835652000,  264154000,  888202671, java, iotlab1, mult, 2
entry_15770531.class, 11.23,  2.01,  1.76,  0.53,  0.00,  839097732,  860566000,  258771000,  890706721, java, iotlab1, mult, 2
entry_15770531.class, 11.48,  1.95,  1.69,  0.52,  0.00,  838536271,  856619000,  244892000,  889916576, java, iotlab1, mult, 2
entry_15770531.class, 11.31,  1.96,  1.70,  0.52,  0.00,  840424722,  847420000,  259045000,  891855351, java, iotlab1, mult, 2
entry_15770531.class, 11.25,  2.01,  1.75,  0.52,  0.00,  840929812,  838414000,  266768000,  892479388, java, iotlab1, mult, 2
entry_15770531.class, 11.33,  1.98,  1.73,  0.52,  0.00,  841077018,  839937000,  266469000,  892885853, java, iotlab1, mult, 2
entry_15770531.class, 11.27,  1.98,  1.73,  0.52,  0.00,  840820609,  838526000,  268488000,  892696077, java, iotlab1, mult, 2
entry_15770531.class, 11.33,  1.92,  1.66,  0.52,  0.00,  842441950,  841565000,  265493000,  894014650, java, iotlab1, mult, 2
entry_15770531.class, 11.24,  1.97,  1.72,  0.52,  0.00,  836001913,  865299000,  251833000,  887589374, java, iotlab1, mult, 2
entry_15776899.class,  6.48,  1.24,  1.09,  0.32,  0.00,  461674462,  614219000,  286033000,  513468827, java, iotlab1, mult, 2
entry_15776899.class,  6.49,  1.29,  1.14,  0.32,  0.00,  460597022,  587834000,  312318000,  512273737, java, iotlab1, mult, 2
entry_15776899.class,  6.65,  1.28,  1.13,  0.33,  0.00,  471042209,  636354000,  295091000,  522695995, java, iotlab1, mult, 2
entry_15776899.class,  6.55,  1.29,  1.14,  0.32,  0.00,  462106373,  618113000,  297573000,  513633007, java, iotlab1, mult, 2
entry_15776899.class,  6.57,  1.30,  1.15,  0.32,  0.00,  466051257,  598827000,  304949000,  518036113, java, iotlab1, mult, 2
entry_15776899.class,  6.56,  1.29,  1.15,  0.32,  0.00,  460741126,  620546000,  286174000,  512510119, java, iotlab1, mult, 2
entry_15776899.class,  6.53,  1.31,  1.16,  0.32,  0.00,  459918245,  644402000,  271010000,  511452729, java, iotlab1, mult, 2
entry_15776899.class,  6.53,  1.30,  1.16,  0.32,  0.00,  463863179,  607498000,  295729000,  515532447, java, iotlab1, mult, 2
entry_15776899.class,  6.51,  1.30,  1.15,  0.32,  0.00,  461986932,  627418000,  267605000,  514192408, java, iotlab1, mult, 2
entry_15776899.class,  6.53,  1.27,  1.12,  0.32,  0.00,  464466046,  634827000,  272925000,  516215802, java, iotlab1, mult, 2
entry_15779267.class, 11.29,  2.01,  1.76,  0.52,  0.00,  842087493,  874726000,  259326000,  893931223, java, iotlab1, mult, 2
entry_15779267.class, 11.29,  2.02,  1.77,  0.52,  0.00,  839840048,  891684000,  254478000,  891708486, java, iotlab1, mult, 2
entry_15779267.class, 11.18,  2.01,  1.76,  0.52,  0.00,  836027635,  871181000,  243329000,  887960566, java, iotlab1, mult, 2
entry_15779267.class, 11.27,  2.02,  1.77,  0.52,  0.00,  830762567,  867583000,  267179000,  882375100, java, iotlab1, mult, 2
entry_15779267.class, 11.08,  2.04,  1.78,  0.52,  0.00,  831181579,  869071000,  267174000,  883111845, java, iotlab1, mult, 2
entry_15779267.class, 11.18,  2.03,  1.77,  0.52,  0.00,  836493196,  851304000,  262093000,  888025016, java, iotlab1, mult, 2
entry_15779267.class, 11.15,  2.02,  1.77,  0.52,  0.00,  832678626,  857765000,  281579000,  884357426, java, iotlab1, mult, 2
entry_15779267.class, 11.26,  2.04,  1.79,  0.52,  0.00,  838899008,  869742000,  257106000,  890585911, java, iotlab1, mult, 2
entry_15779267.class, 11.15,  2.04,  1.78,  0.52,  0.00,  836545445,  866905000,  261368000,  888221423, java, iotlab1, mult, 2
entry_15779267.class, 11.16,  2.01,  1.75,  0.52,  0.00,  835722795,  878679000,  235378000,  887641772, java, iotlab1, mult, 2
entry_15804287.class, 14.24,  2.60,  2.28,  0.64,  0.00, 1056550253, 1208225000,  279979000, 1108125367, java, iotlab1, mult, 2
entry_15804287.class, 14.15,  2.60,  2.28,  0.64,  0.00, 1056581394, 1223402000,  267214000, 1108480156, java, iotlab1, mult, 2
entry_15804287.class, 14.29,  2.58,  2.26,  0.64,  0.00, 1052253375, 1206119000,  280656000, 1103748123, java, iotlab1, mult, 2
entry_15804287.class, 14.20,  2.56,  2.24,  0.64,  0.00, 1053967384, 1212669000,  272700000, 1105788478, java, iotlab1, mult, 2
entry_15804287.class, 14.27,  2.55,  2.23,  0.64,  0.00, 1059576700, 1209691000,  265027000, 1111290805, java, iotlab1, mult, 2
entry_15804287.class, 14.16,  2.48,  2.16,  0.64,  0.00, 1053988558, 1199671000,  281802000, 1105695076, java, iotlab1, mult, 2
entry_15804287.class, 14.22,  2.57,  2.26,  0.64,  0.00, 1053889936, 1204167000,  283746000, 1105453617, java, iotlab1, mult, 2
entry_15804287.class, 14.20,  2.63,  2.31,  0.64,  0.00, 1053443664, 1199197000,  278277000, 1105174816, java, iotlab1, mult, 2
entry_15804287.class, 14.20,  2.59,  2.27,  0.64,  0.00, 1054987298, 1211735000,  275760000, 1106443860, java, iotlab1, mult, 2
entry_15804287.class, 14.21,  2.58,  2.26,  0.64,  0.00, 1054763529, 1208984000,  267996000, 1106493409, java, iotlab1, mult, 2
entry_15930737.class, 11.31,  1.94,  1.68,  0.52,  0.00,  839137119,  841728000,  262539000,  890657444, java, iotlab1, mult, 2
entry_15930737.class, 12.61,  2.44,  2.16,  0.58,  0.00,  889899452,  870029000,  261610000,  941895750, java, iotlab1, mult, 2
entry_15930737.class, 11.58,  2.10,  1.84,  0.54,  0.00,  835645605,  842755000,  272537000,  887307559, java, iotlab1, mult, 2
entry_15930737.class, 11.98,  2.24,  1.98,  0.55,  0.00,  856479796,  858064000,  282668000,  909247749, java, iotlab1, mult, 2
entry_15930737.class, 11.23,  1.93,  1.67,  0.52,  0.00,  838493121,  840220000,  264011000,  890212792, java, iotlab1, mult, 2
entry_15930737.class, 11.20,  1.97,  1.72,  0.52,  0.00,  839606553,  843924000,  260285000,  891230391, java, iotlab1, mult, 2
entry_15930737.class, 11.22,  1.94,  1.68,  0.52,  0.00,  838141347,  844293000,  259090000,  889448560, java, iotlab1, mult, 2
entry_15930737.class, 11.20,  2.00,  1.74,  0.52,  0.00,  837290223,  848452000,  253836000,  888652780, java, iotlab1, mult, 2
entry_15930737.class, 11.16,  2.00,  1.75,  0.52,  0.00,  833186552,  831557000,  282189000,  884818506, java, iotlab1, mult, 2
entry_15930737.class, 11.18,  2.00,  1.74,  0.52,  0.00,  839622994,  841375000,  262741000,  891142766, java, iotlab1, mult, 2
entry_15961343.class, 11.71,  2.02,  1.76,  0.55,  0.00,  873852265,  843417000,  318803000,  925578468, java, iotlab1, mult, 2
entry_15961343.class, 11.49,  2.00,  1.73,  0.54,  0.00,  861367296,  828788000,  303988000,  912924319, java, iotlab1, mult, 2
entry_15961343.class, 11.67,  2.02,  1.75,  0.54,  0.00,  859846776,  812655000,  323464000,  911756512, java, iotlab1, mult, 2
entry_15961343.class, 11.62,  2.00,  1.74,  0.54,  0.00,  863512612,  832709000,  305259000,  915023366, java, iotlab1, mult, 2
entry_15961343.class, 11.59,  2.01,  1.75,  0.54,  0.00,  861980078,  835561000,  301040000,  913570413, java, iotlab1, mult, 2
entry_15961343.class, 11.60,  2.08,  1.82,  0.54,  0.00,  862573530,  845824000,  291418000,  914078599, java, iotlab1, mult, 2
entry_15961343.class, 11.55,  2.00,  1.73,  0.54,  0.00,  860075679,  849491000,  284835000,  911681175, java, iotlab1, mult, 2
entry_15961343.class, 11.56,  2.06,  1.79,  0.54,  0.00,  862221877,  841446000,  293551000,  914209221, java, iotlab1, mult, 2
entry_15961343.class, 11.53,  2.06,  1.79,  0.54,  0.00,  858165514,  853289000,  281414000,  909929533, java, iotlab1, mult, 2
entry_15961343.class, 11.56,  2.00,  1.74,  0.54,  0.00,  861285398,  836601000,  297926000,  912791521, java, iotlab1, mult, 2
entry_1608232.class, 11.50,  2.02,  1.76,  0.53,  0.00,  855805245,  860820000,  260340000,  907333413, java, iotlab1, mult, 2
entry_1608232.class, 11.36,  2.03,  1.78,  0.53,  0.00,  853452453,  847162000,  275078000,  905304897, java, iotlab1, mult, 2
entry_1608232.class, 11.44,  2.00,  1.74,  0.53,  0.00,  853308241,  852231000,  268913000,  904787556, java, iotlab1, mult, 2
entry_1608232.class, 11.50,  2.02,  1.77,  0.53,  0.00,  848986509,  867211000,  251641000,  900568258, java, iotlab1, mult, 2
entry_1608232.class, 11.38,  2.03,  1.77,  0.53,  0.00,  848734377,  863340000,  253982000,  900150088, java, iotlab1, mult, 2
entry_1608232.class, 11.54,  2.05,  1.79,  0.53,  0.00,  859499958,  864690000,  248910000,  911343558, java, iotlab1, mult, 2
entry_1608232.class, 11.45,  2.05,  1.79,  0.53,  0.00,  856817643,  852310000,  258094000,  908297309, java, iotlab1, mult, 2
entry_1608232.class, 11.40,  2.03,  1.77,  0.53,  0.00,  852722403,  865591000,  257175000,  904277622, java, iotlab1, mult, 2
entry_1608232.class, 11.40,  2.03,  1.78,  0.53,  0.00,  851827053,  838818000,  282275000,  903490615, java, iotlab1, mult, 2
entry_1608232.class, 11.28,  2.04,  1.78,  0.53,  0.00,  849113028,  838590000,  279863000,  900589140, java, iotlab1, mult, 2
entry_1822162.class, 12.53,  2.25,  1.97,  0.57,  0.00,  940515686,  935705000,  263635000,  991834403, java, iotlab1, mult, 2
entry_1822162.class, 12.58,  2.26,  1.98,  0.57,  0.00,  940824677,  946675000,  253180000,  992446655, java, iotlab1, mult, 2
entry_1822162.class, 12.65,  2.23,  1.95,  0.57,  0.00,  937036289,  961605000,  253423000,  988651567, java, iotlab1, mult, 2
entry_1822162.class, 12.59,  2.16,  1.87,  0.57,  0.00,  936596242,  920475000,  275338000,  988163442, java, iotlab1, mult, 2
entry_1822162.class, 12.61,  2.14,  1.85,  0.57,  0.00,  940206558,  936091000,  263589000,  991743713, java, iotlab1, mult, 2
entry_1822162.class, 12.46,  2.16,  1.88,  0.57,  0.00,  938915551,  937741000,  258204000,  990287165, java, iotlab1, mult, 2
entry_1822162.class, 12.46,  2.18,  1.90,  0.57,  0.00,  938739400,  925347000,  272575000,  990212226, java, iotlab1, mult, 2
entry_1822162.class, 12.50,  2.13,  1.85,  0.58,  0.00,  939484793,  946479000,  268554000,  990730452, java, iotlab1, mult, 2
entry_1822162.class, 12.39,  2.15,  1.87,  0.57,  0.00,  939104391,  932674000,  266478000,  990683620, java, iotlab1, mult, 2
entry_1822162.class, 12.45,  2.17,  1.88,  0.57,  0.00,  938259687,  935161000,  264045000,  989869243, java, iotlab1, mult, 2
entry_1825072.class, 13.37,  2.45,  2.14,  0.61,  0.00,  999095357, 1108100000,  260729000, 1050814528, java, iotlab1, mult, 2
entry_1825072.class, 13.19,  2.44,  2.14,  0.61,  0.00,  992200129, 1084157000,  274280000, 1043769302, java, iotlab1, mult, 2
entry_1825072.class, 13.52,  2.46,  2.16,  0.61,  0.00,  994359722, 1118464000,  284863000, 1046029346, java, iotlab1, mult, 2
entry_1825072.class, 13.51,  2.36,  2.06,  0.61,  0.00,  995058473, 1089352000,  271087000, 1046534126, java, iotlab1, mult, 2
entry_1825072.class, 13.35,  2.39,  2.08,  0.61,  0.00,  995966700, 1088096000,  265023000, 1047447567, java, iotlab1, mult, 2
entry_1825072.class, 13.29,  2.38,  2.08,  0.60,  0.00,  986310057, 1087572000,  265359000, 1037913264, java, iotlab1, mult, 2
entry_1825072.class, 13.47,  2.41,  2.11,  0.61,  0.00,  994728778, 1088601000,  274136000, 1046456311, java, iotlab1, mult, 2
entry_1825072.class, 13.35,  2.38,  2.08,  0.61,  0.00,  991720710, 1124387000,  275094000, 1043197963, java, iotlab1, mult, 2
entry_1825072.class, 13.29,  2.45,  2.15,  0.61,  0.00,  990377493, 1121455000,  281116000, 1041822912, java, iotlab1, mult, 2
entry_1825072.class, 13.28,  2.38,  2.08,  0.60,  0.00,  994338404, 1070892000,  283352000, 1046068879, java, iotlab1, mult, 2
entry_1895343.class,  6.56,  1.34,  1.20,  0.32,  0.00,  457374756,  529975000,  291536000,  509322151, java, iotlab1, mult, 2
entry_1895343.class,  6.95,  1.48,  1.33,  0.33,  0.00,  471227489,  590522000,  279301000,  523964956, java, iotlab1, mult, 2
entry_1895343.class,  6.04,  1.17,  1.04,  0.28,  0.00,  428604483,  540607000,  276823000,  479862886, java, iotlab1, mult, 2
entry_1895343.class,  5.99,  1.17,  1.04,  0.28,  0.00,  430682277,  546614000,  279313000,  482202511, java, iotlab1, mult, 2
entry_1895343.class,  6.03,  1.17,  1.04,  0.28,  0.00,  429781474,  514952000,  305942000,  481505501, java, iotlab1, mult, 2
entry_1895343.class,  6.31,  1.21,  1.07,  0.28,  0.00,  437401890,  536969000,  285107000,  489093909, java, iotlab1, mult, 2
entry_1895343.class,  6.04,  1.19,  1.06,  0.28,  0.00,  431407548,  535921000,  293627000,  483217712, java, iotlab1, mult, 2
entry_1895343.class,  6.19,  1.21,  1.07,  0.29,  0.00,  439964602,  524037000,  304021000,  491580119, java, iotlab1, mult, 2
entry_1895343.class,  6.05,  1.20,  1.06,  0.28,  0.00,  431193441,  540454000,  293790000,  482726517, java, iotlab1, mult, 2
entry_1895343.class,  6.01,  1.19,  1.05,  0.28,  0.00,  428779425,  523102000,  294182000,  480519254, java, iotlab1, mult, 2
entry_1930004.class, 10.23,  1.79,  1.56,  0.49,  0.00,  761813723,  749204000,  269793000,  813483567, java, iotlab1, mult, 2
entry_1930004.class, 10.31,  1.79,  1.56,  0.49,  0.00,  765795683,  760595000,  263859000,  817638914, java, iotlab1, mult, 2
entry_1930004.class, 10.35,  1.79,  1.56,  0.49,  0.00,  760114778,  769705000,  248227000,  811660833, java, iotlab1, mult, 2
entry_1930004.class, 10.30,  1.75,  1.52,  0.49,  0.00,  763282122,  739698000,  269341000,  814684252, java, iotlab1, mult, 2
entry_1930004.class, 10.17,  1.76,  1.52,  0.48,  0.00,  759099815,  746669000,  272065000,  810562101, java, iotlab1, mult, 2
entry_1930004.class, 10.30,  1.76,  1.52,  0.49,  0.00,  765583564,  758421000,  266907000,  817071798, java, iotlab1, mult, 2
entry_1930004.class, 10.17,  1.81,  1.58,  0.49,  0.00,  761624062,  754259000,  269163000,  813466756, java, iotlab1, mult, 2
entry_1930004.class, 10.32,  1.80,  1.56,  0.49,  0.00,  761223351,  751377000,  268924000,  812729894, java, iotlab1, mult, 2
entry_1930004.class, 10.28,  1.78,  1.54,  0.49,  0.00,  761797614,  740460000,  278429000,  813305748, java, iotlab1, mult, 2
entry_1930004.class, 10.29,  1.78,  1.55,  0.49,  0.00,  764274068,  762234000,  264081000,  815837060, java, iotlab1, mult, 2
entry_1949342.class, 13.64,  2.38,  2.07,  0.62,  0.00, 1027710385, 1042089000,  256022000, 1079408731, java, iotlab1, mult, 2
entry_1949342.class, 13.62,  2.38,  2.07,  0.61,  0.00, 1026031778, 1040091000,  256763000, 1077693546, java, iotlab1, mult, 2
entry_1949342.class, 13.74,  2.39,  2.08,  0.62,  0.00, 1028999088, 1020549000,  279973000, 1080836655, java, iotlab1, mult, 2
entry_1949342.class, 13.62,  2.34,  2.03,  0.61,  0.00, 1024792817, 1037133000,  260033000, 1076495731, java, iotlab1, mult, 2
entry_1949342.class, 13.68,  2.41,  2.10,  0.62,  0.00, 1027732490, 1049873000,  247147000, 1079242634, java, iotlab1, mult, 2
entry_1949342.class, 13.66,  2.43,  2.12,  0.62,  0.00, 1022356943, 1040271000,  268296000, 1073768618, java, iotlab1, mult, 2
entry_1949342.class, 13.61,  2.42,  2.11,  0.61,  0.00, 1020693951, 1038307000,  265846000, 1072353699, java, iotlab1, mult, 2
entry_1949342.class, 13.68,  2.43,  2.12,  0.61,  0.00, 1023111662, 1036926000,  271026000, 1074769388, java, iotlab1, mult, 2
entry_1949342.class, 13.65,  2.43,  2.12,  0.62,  0.00, 1022852665, 1032141000,  279120000, 1074473842, java, iotlab1, mult, 2
entry_1949342.class, 13.72,  2.41,  2.09,  0.61,  0.00, 1025785331, 1023999000,  272733000, 1077666857, java, iotlab1, mult, 2
entry_2079326.class, 14.21,  2.55,  2.23,  0.64,  0.00, 1056760120, 1135277000,  277556000, 1108471176, java, iotlab1, mult, 2
entry_2079326.class, 14.19,  2.56,  2.24,  0.64,  0.00, 1064517310, 1133878000,  276239000, 1116351425, java, iotlab1, mult, 2
entry_2079326.class, 14.48,  2.56,  2.24,  0.64,  0.00, 1059803611, 1138907000,  264210000, 1111471000, java, iotlab1, mult, 2
entry_2079326.class, 14.11,  2.52,  2.20,  0.63,  0.00, 1054700205, 1153976000,  253894000, 1106293300, java, iotlab1, mult, 2
entry_2079326.class, 14.19,  2.51,  2.19,  0.64,  0.00, 1061508551, 1139191000,  266873000, 1113445302, java, iotlab1, mult, 2
entry_2079326.class, 14.06,  2.51,  2.18,  0.64,  0.00, 1056615788, 1144988000,  268701000, 1108252793, java, iotlab1, mult, 2
entry_2079326.class, 14.16,  2.52,  2.20,  0.64,  0.00, 1062511998, 1136087000,  270355000, 1114626135, java, iotlab1, mult, 2
entry_2079326.class, 14.15,  2.60,  2.28,  0.64,  0.00, 1063777100, 1120793000,  288629000, 1115425961, java, iotlab1, mult, 2
entry_2079326.class, 14.12,  2.60,  2.28,  0.64,  0.00, 1055802917, 1154054000,  256234000, 1107789147, java, iotlab1, mult, 2
entry_2079326.class, 14.16,  2.59,  2.27,  0.64,  0.00, 1062914704, 1146099000,  264331000, 1114655749, java, iotlab1, mult, 2
entry_2079358.class, 14.05,  2.51,  2.19,  0.64,  0.00, 1060056251, 1132726000,  271329000, 1111928205, java, iotlab1, mult, 2
entry_2079358.class, 14.13,  2.51,  2.18,  0.64,  0.00, 1062415276, 1154824000,  248177000, 1113863385, java, iotlab1, mult, 2
entry_2079358.class, 14.25,  2.53,  2.20,  0.64,  0.00, 1058364817, 1136863000,  273967000, 1109533232, java, iotlab1, mult, 2
entry_2079358.class, 14.16,  2.52,  2.20,  0.64,  0.00, 1061923905, 1153561000,  249771000, 1113417806, java, iotlab1, mult, 2
entry_2079358.class, 14.18,  2.48,  2.16,  0.64,  0.00, 1060713844, 1142892000,  263284000, 1112288751, java, iotlab1, mult, 2
entry_2079358.class, 14.08,  2.57,  2.25,  0.64,  0.00, 1053968048, 1140110000,  269607000, 1105625987, java, iotlab1, mult, 2
entry_2079358.class, 14.13,  2.56,  2.24,  0.64,  0.00, 1059590946, 1140959000,  276990000, 1111343804, java, iotlab1, mult, 2
entry_2079358.class, 14.09,  2.53,  2.21,  0.64,  0.00, 1057655643, 1124397000,  290619000, 1109411218, java, iotlab1, mult, 2
entry_2079358.class, 14.10,  2.59,  2.27,  0.64,  0.00, 1058621374, 1136335000,  279836000, 1110656751, java, iotlab1, mult, 2
entry_2079358.class, 14.22,  2.54,  2.22,  0.64,  0.00, 1061311759, 1166335000,  248645000, 1113162273, java, iotlab1, mult, 2
entry_2392529.class, 18.82,  3.40,  2.99,  0.90,  0.00, 1376177448, 1435422000,  277046000, 1431329707, java, iotlab1, mult, 2
entry_2392529.class, 18.83,  3.38,  2.97,  0.90,  0.00, 1386782899, 1448593000,  285496000, 1438923156, java, iotlab1, mult, 2
entry_2392529.class, 18.49,  3.24,  2.84,  0.87,  0.00, 1351854296, 1422306000,  264801000, 1403551781, java, iotlab1, mult, 2
entry_2392529.class, 18.47,  3.22,  2.82,  0.87,  0.00, 1354246032, 1406443000,  279690000, 1405914377, java, iotlab1, mult, 2
entry_2392529.class, 18.73,  3.34,  2.93,  0.89,  0.00, 1369595351, 1452093000,  266300000, 1421112024, java, iotlab1, mult, 2
entry_2392529.class, 18.77,  3.33,  2.92,  0.89,  0.00, 1384402710, 1469809000,  263965000, 1436196752, java, iotlab1, mult, 2
entry_2392529.class, 18.38,  3.35,  2.95,  0.88,  0.00, 1356818650, 1435379000,  256677000, 1408372517, java, iotlab1, mult, 2
entry_2392529.class, 18.62,  3.30,  2.90,  0.89,  0.00, 1369718138, 1427860000,  263604000, 1421304952, java, iotlab1, mult, 2
entry_2392529.class, 18.70,  3.33,  2.93,  0.89,  0.00, 1380553241, 1450516000,  265827000, 1431988901, java, iotlab1, mult, 2
entry_2392529.class, 18.65,  3.37,  2.97,  0.89,  0.00, 1362255241, 1433819000,  277158000, 1414264942, java, iotlab1, mult, 2
entry_2542254.class, 11.45,  2.05,  1.79,  0.53,  0.00,  853015370,  853039000,  273371000,  904604181, java, iotlab1, mult, 2
entry_2542254.class, 11.47,  2.06,  1.80,  0.53,  0.00,  853653988,  865780000,  261840000,  905357131, java, iotlab1, mult, 2
entry_2542254.class, 11.51,  2.06,  1.80,  0.53,  0.00,  853479493,  860543000,  269797000,  905240125, java, iotlab1, mult, 2
entry_2542254.class, 11.60,  2.05,  1.79,  0.53,  0.00,  859609739,  874101000,  244028000,  911353627, java, iotlab1, mult, 2
entry_2542254.class, 11.60,  2.06,  1.79,  0.54,  0.00,  856700686,  886848000,  244890000,  908300009, java, iotlab1, mult, 2
entry_2542254.class, 11.62,  2.06,  1.80,  0.54,  0.00,  858429568,  854807000,  274580000,  910194785, java, iotlab1, mult, 2
entry_2542254.class, 11.57,  2.07,  1.81,  0.54,  0.00,  856082825,  870721000,  258323000,  907712618, java, iotlab1, mult, 2
entry_2542254.class, 11.59,  2.10,  1.84,  0.54,  0.00,  859662094,  865640000,  264971000,  911400728, java, iotlab1, mult, 2
entry_2542254.class, 11.54,  2.09,  1.83,  0.54,  0.00,  856430316,  866713000,  261819000,  908325388, java, iotlab1, mult, 2
entry_2542254.class, 11.56,  2.06,  1.80,  0.53,  0.00,  858004540,  881164000,  241235000,  909623494, java, iotlab1, mult, 2
entry_2544050.class, 13.73,  2.50,  2.19,  0.62,  0.00, 1004478385, 1173532000,  258882000, 1055796058, java, iotlab1, mult, 2
entry_2544050.class, 13.58,  2.45,  2.15,  0.61,  0.00, 1000194959, 1139405000,  286101000, 1051855271, java, iotlab1, mult, 2
entry_2544050.class, 13.51,  2.44,  2.14,  0.61,  0.00,  996880224, 1156865000,  267811000, 1048621367, java, iotlab1, mult, 2
entry_2544050.class, 13.52,  2.48,  2.17,  0.61,  0.00, 1001850721, 1155606000,  275288000, 1053562248, java, iotlab1, mult, 2
entry_2544050.class, 13.58,  2.50,  2.19,  0.62,  0.00, 1005577940, 1160705000,  273464000, 1057105375, java, iotlab1, mult, 2
entry_2544050.class, 13.68,  2.49,  2.18,  0.62,  0.00, 1009524641, 1154792000,  275141000, 1061220792, java, iotlab1, mult, 2
entry_2544050.class, 13.56,  2.49,  2.18,  0.61,  0.00, 1003288585, 1134399000,  298156000, 1054872059, java, iotlab1, mult, 2
entry_2544050.class, 13.55,  2.46,  2.15,  0.61,  0.00, 1000807553, 1147382000,  280093000, 1052316620, java, iotlab1, mult, 2
entry_2544050.class, 13.48,  2.44,  2.13,  0.61,  0.00,  998090579, 1150969000,  277233000, 1049869985, java, iotlab1, mult, 2
entry_2544050.class, 13.49,  2.49,  2.19,  0.61,  0.00, 1003262071, 1151470000,  276312000, 1054856387, java, iotlab1, mult, 2
entry_2552748.class, 13.96,  2.45,  2.13,  0.64,  0.00, 1029094352, 1069912000,  262978000, 1080600122, java, iotlab1, mult, 2
entry_2552748.class, 13.89,  2.45,  2.13,  0.64,  0.00, 1034189750, 1076012000,  253002000, 1085872757, java, iotlab1, mult, 2
entry_2552748.class, 13.71,  2.48,  2.17,  0.63,  0.00, 1026602232, 1070956000,  264741000, 1078140436, java, iotlab1, mult, 2
entry_2552748.class, 13.83,  2.45,  2.14,  0.64,  0.00, 1033802853, 1077873000,  249738000, 1085373152, java, iotlab1, mult, 2
entry_2552748.class, 13.74,  2.42,  2.11,  0.64,  0.00, 1029570594, 1061064000,  274083000, 1081163397, java, iotlab1, mult, 2
entry_2552748.class, 13.92,  2.42,  2.10,  0.64,  0.00, 1035707886, 1063709000,  284654000, 1087271203, java, iotlab1, mult, 2
entry_2552748.class, 13.75,  2.42,  2.10,  0.63,  0.00, 1026567770, 1071903000,  260518000, 1078019262, java, iotlab1, mult, 2
entry_2552748.class, 13.83,  2.48,  2.17,  0.64,  0.00, 1034232201, 1078545000,  250591000, 1085759454, java, iotlab1, mult, 2
entry_2552748.class, 13.89,  2.47,  2.15,  0.64,  0.00, 1037693063, 1070251000,  260548000, 1089120863, java, iotlab1, mult, 2
entry_2552748.class, 13.75,  2.50,  2.19,  0.63,  0.00, 1033691483, 1071622000,  256430000, 1085096583, java, iotlab1, mult, 2
entry_2718201.class, 12.14,  2.20,  1.92,  0.56,  0.00,  910247363,  914592000,  257730000,  961830010, java, iotlab1, mult, 2
entry_2718201.class, 12.65,  2.46,  2.19,  0.58,  0.00,  913928522,  904520000,  272664000,  966259256, java, iotlab1, mult, 2
entry_2718201.class, 12.85,  2.58,  2.30,  0.58,  0.00,  910823281,  902160000,  267047000,  964414996, java, iotlab1, mult, 2
entry_2718201.class, 12.33,  2.17,  1.89,  0.56,  0.00,  909792134,  890087000,  281027000,  961374270, java, iotlab1, mult, 2
entry_2718201.class, 12.14,  2.15,  1.87,  0.56,  0.00,  907838319,  912792000,  252773000,  959517645, java, iotlab1, mult, 2
entry_2718201.class, 12.23,  2.10,  1.83,  0.56,  0.00,  909275265,  897734000,  273528000,  961091770, java, iotlab1, mult, 2
entry_2718201.class, 12.18,  2.10,  1.82,  0.56,  0.00,  911505455,  927598000,  243156000,  963184714, java, iotlab1, mult, 2
entry_2718201.class, 12.26,  2.17,  1.90,  0.56,  0.00,  912296972,  918210000,  253887000,  964050857, java, iotlab1, mult, 2
entry_2718201.class, 12.20,  2.16,  1.89,  0.56,  0.00,  908003039,  903690000,  264248000,  959304823, java, iotlab1, mult, 2
entry_2718201.class, 12.18,  2.16,  1.89,  0.56,  0.00,  909785978,  913648000,  257619000,  961288707, java, iotlab1, mult, 2
entry_2840578.class, 12.19,  2.16,  1.88,  0.58,  0.00,  906450935,  939509000,  253677000,  958032163, java, iotlab1, mult, 2
entry_2840578.class, 12.10,  2.09,  1.81,  0.58,  0.00,  896755533,  905040000,  291369000,  948196053, java, iotlab1, mult, 2
entry_2840578.class, 12.26,  2.19,  1.92,  0.58,  0.00,  901539109,  899339000,  289465000,  953134883, java, iotlab1, mult, 2
entry_2840578.class, 12.17,  2.18,  1.91,  0.58,  0.00,  901897057,  940087000,  255655000,  953795547, java, iotlab1, mult, 2
entry_2840578.class, 12.02,  2.15,  1.88,  0.58,  0.00,  895733989,  922868000,  272619000,  947097717, java, iotlab1, mult, 2
entry_2840578.class, 12.12,  2.18,  1.90,  0.58,  0.00,  899891060,  921270000,  278990000,  951337958, java, iotlab1, mult, 2
entry_2840578.class, 12.03,  2.14,  1.86,  0.58,  0.00,  896529285,  923567000,  273167000,  948523459, java, iotlab1, mult, 2
entry_2840578.class, 12.06,  2.14,  1.87,  0.58,  0.00,  898441460,  933563000,  266015000,  950441215, java, iotlab1, mult, 2
entry_2840578.class, 12.14,  2.15,  1.88,  0.58,  0.00,  901875143,  913513000,  274454000,  953475318, java, iotlab1, mult, 2
entry_2840578.class, 12.07,  2.15,  1.87,  0.58,  0.00,  898124588,  924741000,  271982000,  949668855, java, iotlab1, mult, 2
entry_2845393.class, 11.64,  2.04,  1.78,  0.53,  0.00,  857237417,  885160000,  246323000,  908680383, java, iotlab1, mult, 2
entry_2845393.class, 11.58,  2.11,  1.85,  0.54,  0.00,  860884746,  870778000,  276790000,  912133083, java, iotlab1, mult, 2
entry_2845393.class, 11.62,  2.08,  1.82,  0.53,  0.00,  858183074,  894317000,  251089000,  909680121, java, iotlab1, mult, 2
entry_2845393.class, 11.68,  2.09,  1.83,  0.54,  0.00,  863363406,  860084000,  290366000,  914931042, java, iotlab1, mult, 2
entry_2845393.class, 11.60,  2.09,  1.83,  0.53,  0.00,  859652657,  883459000,  262731000,  911187511, java, iotlab1, mult, 2
entry_2845393.class, 11.62,  2.09,  1.83,  0.53,  0.00,  859937879,  885821000,  260947000,  911444824, java, iotlab1, mult, 2
entry_2845393.class, 11.72,  2.11,  1.85,  0.54,  0.00,  864303655,  882912000,  269278000,  915801408, java, iotlab1, mult, 2
entry_2845393.class, 11.58,  2.09,  1.83,  0.53,  0.00,  857983173,  880003000,  265302000,  909556311, java, iotlab1, mult, 2
entry_2845393.class, 11.60,  2.11,  1.85,  0.54,  0.00,  859700742,  881136000,  266343000,  911106224, java, iotlab1, mult, 2
entry_2845393.class, 11.60,  2.09,  1.83,  0.54,  0.00,  857312122,  873023000,  287987000,  908563548, java, iotlab1, mult, 2
entry_2859314.class, 11.28,  2.03,  1.78,  0.52,  0.00,  838225780,  851298000,  250676000,  889820797, java, iotlab1, mult, 2
entry_2859314.class, 11.34,  2.01,  1.76,  0.52,  0.00,  839855747,  842798000,  262872000,  891445472, java, iotlab1, mult, 2
entry_2859314.class, 11.30,  2.00,  1.74,  0.52,  0.00,  838535572,  842995000,  261069000,  890000364, java, iotlab1, mult, 2
entry_2859314.class, 11.30,  1.98,  1.73,  0.52,  0.00,  836234007,  845652000,  257722000,  887894950, java, iotlab1, mult, 2
entry_2859314.class, 11.58,  2.03,  1.77,  0.54,  0.00,  859335381,  867771000,  258013000,  910783420, java, iotlab1, mult, 2
entry_2859314.class, 11.28,  1.95,  1.70,  0.52,  0.00,  840539366,  836808000,  265845000,  891951324, java, iotlab1, mult, 2
entry_2859314.class, 11.30,  1.99,  1.74,  0.52,  0.00,  839293067,  836393000,  285111000,  890953135, java, iotlab1, mult, 2
entry_2859314.class, 11.25,  1.98,  1.72,  0.52,  0.00,  839556522,  850332000,  254398000,  891146919, java, iotlab1, mult, 2
entry_2859314.class, 11.22,  1.99,  1.74,  0.52,  0.00,  836386661,  856503000,  246721000,  887932362, java, iotlab1, mult, 2
entry_2859314.class, 11.27,  2.01,  1.75,  0.52,  0.00,  836500719,  836022000,  265372000,  888069851, java, iotlab1, mult, 2
entry_3260512.class, 12.25,  2.11,  1.83,  0.56,  0.00,  917253620,  924472000,  268556000,  968800488, java, iotlab1, mult, 2
entry_3260512.class, 12.24,  2.12,  1.84,  0.56,  0.00,  914409371,  924391000,  265675000,  965908968, java, iotlab1, mult, 2
entry_3260512.class, 12.52,  2.11,  1.83,  0.56,  0.00,  917557847,  933823000,  260344000,  969190253, java, iotlab1, mult, 2
entry_3260512.class, 12.26,  2.12,  1.84,  0.56,  0.00,  915136212,  910685000,  277734000,  966776406, java, iotlab1, mult, 2
entry_3260512.class, 12.26,  2.17,  1.89,  0.56,  0.00,  917609487,  922954000,  269153000,  969058748, java, iotlab1, mult, 2
entry_3260512.class, 12.40,  2.18,  1.90,  0.57,  0.00,  928183939,  922367000,  267526000,  980076592, java, iotlab1, mult, 2
entry_3260512.class, 12.28,  2.15,  1.87,  0.56,  0.00,  916705275,  910326000,  281026000,  968294516, java, iotlab1, mult, 2
entry_3260512.class, 12.31,  2.15,  1.87,  0.56,  0.00,  917015622,  923422000,  270658000,  968512260, java, iotlab1, mult, 2
entry_3260512.class, 12.18,  2.19,  1.91,  0.56,  0.00,  916803476,  924223000,  268774000,  968255032, java, iotlab1, mult, 2
entry_3260512.class, 12.23,  2.10,  1.82,  0.56,  0.00,  915529967,  932907000,  260137000,  967245035, java, iotlab1, mult, 2
entry_3302098.class, 14.13,  2.74,  2.44,  0.64,  0.00,  999378313, 1053098000,  292471000, 1051164417, java, iotlab1, mult, 2
entry_3302098.class, 13.46,  2.34,  2.04,  0.62,  0.00, 1007223967, 1074275000,  263576000, 1058736069, java, iotlab1, mult, 2
entry_3302098.class, 13.63,  2.32,  2.02,  0.61,  0.00,  998678922, 1065930000,  277721000, 1050311477, java, iotlab1, mult, 2
entry_3302098.class, 13.60,  2.35,  2.04,  0.62,  0.00, 1006516034, 1055947000,  283449000, 1058203645, java, iotlab1, mult, 2
entry_3302098.class, 13.34,  2.34,  2.04,  0.61,  0.00,  998985525, 1081788000,  262433000, 1050965635, java, iotlab1, mult, 2
entry_3302098.class, 13.38,  2.33,  2.02,  0.61,  0.00, 1000359121, 1073647000,  274700000, 1052082181, java, iotlab1, mult, 2
entry_3302098.class, 13.51,  2.34,  2.04,  0.61,  0.00, 1003627127, 1050519000,  280138000, 1055071788, java, iotlab1, mult, 2
entry_3302098.class, 13.44,  2.38,  2.07,  0.61,  0.00,  998645240, 1071877000,  271999000, 1050042022, java, iotlab1, mult, 2
entry_3302098.class, 13.49,  2.37,  2.07,  0.61,  0.00,  998110353, 1076739000,  265182000, 1049695771, java, iotlab1, mult, 2
entry_3302098.class, 13.42,  2.43,  2.13,  0.61,  0.00,  995282773, 1055617000,  281966000, 1046811333, java, iotlab1, mult, 2
entry_3475285.class, 11.48,  2.04,  1.78,  0.53,  0.00,  855811332,  857355000,  273023000,  907247387, java, iotlab1, mult, 2
entry_3475285.class, 11.55,  2.04,  1.78,  0.53,  0.00,  857429249,  861935000,  268224000,  909307983, java, iotlab1, mult, 2
entry_3475285.class, 11.70,  2.04,  1.78,  0.53,  0.00,  860793317,  849755000,  270834000,  912263040, java, iotlab1, mult, 2
entry_3475285.class, 11.64,  2.05,  1.79,  0.53,  0.00,  858010226,  845175000,  273025000,  909588067, java, iotlab1, mult, 2
entry_3475285.class, 11.57,  2.01,  1.75,  0.53,  0.00,  853853347,  869540000,  258565000,  905253342, java, iotlab1, mult, 2
entry_3475285.class, 11.57,  2.03,  1.77,  0.53,  0.00,  854243042,  848650000,  279226000,  905920125, java, iotlab1, mult, 2
entry_3475285.class, 11.69,  2.09,  1.83,  0.53,  0.00,  861112193,  857453000,  263524000,  913000060, java, iotlab1, mult, 2
entry_3475285.class, 11.55,  2.08,  1.81,  0.54,  0.00,  859953554,  874332000,  259098000,  911521808, java, iotlab1, mult, 2
entry_3475285.class, 11.47,  2.01,  1.75,  0.53,  0.00,  851501133,  861275000,  265392000,  903229629, java, iotlab1, mult, 2
entry_3475285.class, 11.52,  2.05,  1.79,  0.54,  0.00,  858522930,  844846000,  287247000,  909979659, java, iotlab1, mult, 2
entry_3525267.class, 12.50,  2.20,  1.91,  0.57,  0.00,  943894980,  916170000,  280501000,  995467157, java, iotlab1, mult, 2
entry_3525267.class, 12.62,  2.20,  1.91,  0.58,  0.00,  948669932,  928932000,  273685000, 1000303177, java, iotlab1, mult, 2
entry_3525267.class, 12.57,  2.24,  1.95,  0.58,  0.00,  945632149,  939394000,  257478000,  997376103, java, iotlab1, mult, 2
entry_3525267.class, 12.80,  2.25,  1.96,  0.58,  0.00,  948864438,  941979000,  260165000, 1000141603, java, iotlab1, mult, 2
entry_3525267.class, 12.65,  2.20,  1.91,  0.58,  0.00,  946928863,  934307000,  265518000,  998272741, java, iotlab1, mult, 2
entry_3525267.class, 12.65,  2.24,  1.95,  0.57,  0.00,  946860258,  944878000,  253038000,  998651997, java, iotlab1, mult, 2
entry_3525267.class, 12.59,  2.22,  1.93,  0.58,  0.00,  943553202,  943572000,  270457000,  995266941, java, iotlab1, mult, 2
entry_3525267.class, 12.61,  2.24,  1.95,  0.58,  0.00,  947573442,  941851000,  259160000,  999259180, java, iotlab1, mult, 2
entry_3525267.class, 12.58,  2.24,  1.96,  0.57,  0.00,  944789066,  935168000,  261606000,  996296413, java, iotlab1, mult, 2
entry_3525267.class, 12.74,  2.27,  1.98,  0.58,  0.00,  946379925,  943811000,  268368000,  998113083, java, iotlab1, mult, 2
entry_3560342.class, 12.77,  2.28,  1.99,  0.60,  0.00,  949990901,  982560000,  256885000, 1001584569, java, iotlab1, mult, 2
entry_3560342.class, 13.45,  2.41,  2.10,  0.63,  0.00, 1006542283, 1020471000,  261917000, 1058386080, java, iotlab1, mult, 2
entry_3560342.class, 13.07,  2.29,  2.00,  0.60,  0.00,  951630797,  980858000,  261962000, 1003823561, java, iotlab1, mult, 2
entry_3560342.class, 12.76,  2.20,  1.91,  0.60,  0.00,  951766851,  957058000,  285315000, 1003345858, java, iotlab1, mult, 2
entry_3560342.class, 12.89,  2.28,  1.99,  0.61,  0.00,  957822880,  990151000,  258300000, 1009539472, java, iotlab1, mult, 2
entry_3560342.class, 12.90,  2.26,  1.97,  0.60,  0.00,  956642777,  969872000,  259698000, 1008247255, java, iotlab1, mult, 2
entry_3560342.class, 12.83,  2.28,  1.99,  0.60,  0.00,  953056428,  980448000,  259118000, 1004228845, java, iotlab1, mult, 2
entry_3560342.class, 12.88,  2.29,  2.00,  0.60,  0.00,  950628872,  967884000,  273835000, 1002359240, java, iotlab1, mult, 2
entry_3560342.class, 12.75,  2.27,  1.98,  0.60,  0.00,  948032530,  960840000,  274954000,  999664230, java, iotlab1, mult, 2
entry_3560342.class, 12.82,  2.27,  1.97,  0.60,  0.00,  951745478,  978038000,  262667000, 1003432570, java, iotlab1, mult, 2
entry_3683143.class, 11.51,  2.07,  1.81,  0.53,  0.00,  854927077,  868121000,  276266000,  906637986, java, iotlab1, mult, 2
entry_3683143.class, 11.38,  2.06,  1.80,  0.53,  0.00,  851817586,  864062000,  278342000,  903242084, java, iotlab1, mult, 2
entry_3683143.class, 11.16,  2.03,  1.77,  0.52,  0.00,  837495516,  862717000,  254802000,  889180695, java, iotlab1, mult, 2
entry_3683143.class, 11.29,  2.04,  1.78,  0.52,  0.00,  838344664,  836645000,  281553000,  889871308, java, iotlab1, mult, 2
entry_3683143.class, 11.43,  2.04,  1.78,  0.53,  0.00,  851061613,  852246000,  288111000,  902264656, java, iotlab1, mult, 2
entry_3683143.class, 11.28,  2.05,  1.80,  0.52,  0.00,  837981197,  838773000,  280256000,  889601174, java, iotlab1, mult, 2
entry_3683143.class, 11.46,  2.05,  1.79,  0.53,  0.00,  855966401,  846325000,  301048000,  907651365, java, iotlab1, mult, 2
entry_3683143.class, 11.46,  2.01,  1.75,  0.53,  0.00,  851481433,  869369000,  272368000,  903023539, java, iotlab1, mult, 2
entry_3683143.class, 12.41,  2.49,  2.22,  0.58,  0.00,  879543881,  868633000,  275150000,  931095870, java, iotlab1, mult, 2
entry_3683143.class, 11.81,  2.21,  1.95,  0.55,  0.00,  852909331,  850905000,  290650000,  904508313, java, iotlab1, mult, 2
entry_3717710.class, 10.53,  1.89,  1.66,  0.49,  0.00,  769530953,  840230000,  273376000,  821380758, java, iotlab1, mult, 2
entry_3717710.class, 10.53,  1.86,  1.63,  0.49,  0.00,  773141132,  807042000,  251701000,  825600092, java, iotlab1, mult, 2
entry_3717710.class, 10.42,  1.87,  1.63,  0.49,  0.00,  771262888,  801916000,  254656000,  822433510, java, iotlab1, mult, 2
entry_3717710.class, 10.37,  1.85,  1.62,  0.49,  0.00,  768359289,  808530000,  260816000,  820463554, java, iotlab1, mult, 2
entry_3717710.class, 10.52,  1.90,  1.66,  0.49,  0.00,  776741662,  793582000,  265525000,  828307004, java, iotlab1, mult, 2
entry_3717710.class, 10.42,  1.86,  1.62,  0.49,  0.00,  772619137,  795687000,  262905000,  824163684, java, iotlab1, mult, 2
entry_3717710.class, 10.43,  1.87,  1.63,  0.49,  0.00,  773706366,  814974000,  244191000,  825320399, java, iotlab1, mult, 2
entry_3717710.class, 10.44,  1.86,  1.63,  0.49,  0.00,  775496980,  799855000,  261607000,  827547508, java, iotlab1, mult, 2
entry_3717710.class, 10.40,  1.83,  1.59,  0.49,  0.00,  772454520,  806979000,  265663000,  824177551, java, iotlab1, mult, 2
entry_3717710.class, 10.34,  1.83,  1.60,  0.49,  0.00,  766441296,  808575000,  257501000,  817938367, java, iotlab1, mult, 2
entry_3730209.class, 13.67,  2.41,  2.10,  0.62,  0.00, 1018860122, 1144706000,  271352000, 1070326102, java, iotlab1, mult, 2
entry_3730209.class, 13.76,  2.39,  2.08,  0.62,  0.00, 1024631043, 1113809000,  282967000, 1076341786, java, iotlab1, mult, 2
entry_3730209.class, 13.84,  2.37,  2.06,  0.62,  0.00, 1026432153, 1107082000,  277527000, 1078028632, java, iotlab1, mult, 2
entry_3730209.class, 13.72,  2.47,  2.16,  0.62,  0.00, 1018126224, 1151992000,  280973000, 1069477344, java, iotlab1, mult, 2
entry_3730209.class, 13.70,  2.36,  2.05,  0.62,  0.00, 1024621143, 1106405000,  278598000, 1076302919, java, iotlab1, mult, 2
entry_3730209.class, 13.63,  2.39,  2.08,  0.62,  0.00, 1018441030, 1118727000,  267652000, 1069971623, java, iotlab1, mult, 2
entry_3730209.class, 13.83,  2.41,  2.09,  0.62,  0.00, 1026119668, 1125954000,  269989000, 1077688403, java, iotlab1, mult, 2
entry_3730209.class, 13.84,  2.41,  2.10,  0.62,  0.00, 1028622650, 1123562000,  275382000, 1080353270, java, iotlab1, mult, 2
entry_3730209.class, 13.81,  2.45,  2.14,  0.62,  0.00, 1021500533, 1170097000,  252020000, 1073266496, java, iotlab1, mult, 2
entry_3730209.class, 13.79,  2.45,  2.14,  0.62,  0.00, 1020066395, 1142580000,  289640000, 1071729735, java, iotlab1, mult, 2
entry_4012851.class, 17.41,  3.03,  2.63,  0.83,  0.00, 1283855919, 1222434000,  450264000, 1335646294, java, iotlab1, mult, 2
entry_4012851.class, 17.45,  3.02,  2.62,  0.83,  0.00, 1285547258, 1212932000,  461496000, 1337255611, java, iotlab1, mult, 2
entry_4012851.class, 17.36,  3.01,  2.62,  0.83,  0.00, 1276944028, 1241578000,  430547000, 1328488899, java, iotlab1, mult, 2
entry_4012851.class, 17.46,  3.06,  2.66,  0.83,  0.00, 1282585095, 1213817000,  457177000, 1334090612, java, iotlab1, mult, 2
entry_4012851.class, 17.48,  3.00,  2.61,  0.83,  0.00, 1287387174, 1237873000,  443028000, 1339096316, java, iotlab1, mult, 2
entry_4012851.class, 17.42,  3.01,  2.61,  0.83,  0.00, 1283099440, 1224718000,  452111000, 1334638284, java, iotlab1, mult, 2
entry_4012851.class, 17.25,  3.07,  2.67,  0.83,  0.00, 1279769659, 1207973000,  465457000, 1331336258, java, iotlab1, mult, 2
entry_4012851.class, 17.42,  3.04,  2.64,  0.83,  0.00, 1284316587, 1215458000,  460416000, 1335781547, java, iotlab1, mult, 2
entry_4012851.class, 17.43,  2.97,  2.57,  0.83,  0.00, 1288427922, 1211678000,  471821000, 1340004857, java, iotlab1, mult, 2
entry_4012851.class, 17.54,  3.06,  2.67,  0.83,  0.00, 1287029192, 1235712000,  446981000, 1338757428, java, iotlab1, mult, 2
entry_4478367.class, 14.14,  2.56,  2.24,  0.65,  0.00, 1042370708, 1180427000,  266224000, 1093993826, java, iotlab1, mult, 2
entry_4478367.class, 14.16,  2.50,  2.18,  0.65,  0.00, 1042656532, 1183329000,  266651000, 1094190582, java, iotlab1, mult, 2
entry_4478367.class, 14.19,  2.54,  2.22,  0.65,  0.00, 1039290026, 1207863000,  266528000, 1090691313, java, iotlab1, mult, 2
entry_4478367.class, 14.15,  2.51,  2.19,  0.65,  0.00, 1046479739, 1184320000,  256937000, 1098199266, java, iotlab1, mult, 2
entry_4478367.class, 14.32,  2.55,  2.23,  0.66,  0.00, 1048990419, 1193388000,  282037000, 1100572295, java, iotlab1, mult, 2
entry_4478367.class, 14.24,  2.60,  2.28,  0.66,  0.00, 1046401323, 1200585000,  285566000, 1098128629, java, iotlab1, mult, 2
entry_4478367.class, 14.18,  2.51,  2.19,  0.65,  0.00, 1043135076, 1187528000,  273351000, 1094872002, java, iotlab1, mult, 2
entry_4478367.class, 14.20,  2.56,  2.24,  0.65,  0.00, 1043062196, 1212174000,  275812000, 1094562473, java, iotlab1, mult, 2
entry_4478367.class, 14.06,  2.59,  2.27,  0.65,  0.00, 1038807481, 1201406000,  275342000, 1090188870, java, iotlab1, mult, 2
entry_4478367.class, 14.52,  2.62,  2.30,  0.67,  0.00, 1074124282, 1225600000,  274807000, 1125371462, java, iotlab1, mult, 2
entry_4510340.class, 19.78,  3.83,  3.40,  0.94,  0.00, 1423639162, 1461812000,  533931000, 1475165808, java, iotlab1, mult, 2
entry_4510340.class, 20.32,  3.97,  3.53,  0.96,  0.00, 1447193451, 1492236000,  526083000, 1499179146, java, iotlab1, mult, 2
entry_4510340.class, 19.73,  3.62,  3.18,  0.94,  0.00, 1430152809, 1470960000,  525486000, 1482984684, java, iotlab1, mult, 2
entry_4510340.class, 19.39,  3.52,  3.09,  0.93,  0.00, 1428330019, 1459481000,  544179000, 1479955757, java, iotlab1, mult, 2
entry_4510340.class, 18.77,  3.35,  2.93,  0.90,  0.00, 1380149035, 1451370000,  482126000, 1431711402, java, iotlab1, mult, 2
entry_4510340.class, 19.39,  3.46,  3.03,  0.92,  0.00, 1424974586, 1492554000,  509922000, 1476478759, java, iotlab1, mult, 2
entry_4510340.class, 19.37,  3.42,  2.98,  0.92,  0.00, 1420088146, 1463452000,  529525000, 1471551046, java, iotlab1, mult, 2
entry_4510340.class, 19.50,  3.52,  3.08,  0.93,  0.00, 1432181713, 1496704000,  506561000, 1483849144, java, iotlab1, mult, 2
entry_4510340.class, 19.28,  3.50,  3.06,  0.92,  0.00, 1423399476, 1474315000,  520642000, 1474840134, java, iotlab1, mult, 2
entry_4510340.class, 19.36,  3.47,  3.04,  0.93,  0.00, 1429221520, 1480236000,  520137000, 1480890309, java, iotlab1, mult, 2
entry_4556675.class,  7.09,  1.44,  1.28,  0.33,  0.00,  500187560,  743448000,  285635000,  551672965, java, iotlab1, mult, 2
entry_4556675.class,  7.10,  1.39,  1.24,  0.33,  0.00,  506198389,  699607000,  275451000,  557713915, java, iotlab1, mult, 2
entry_4556675.class,  6.97,  1.38,  1.23,  0.32,  0.00,  494343994,  692198000,  280485000,  545739614, java, iotlab1, mult, 2
entry_4556675.class,  6.94,  1.36,  1.21,  0.32,  0.00,  491501198,  683541000,  287386000,  542774789, java, iotlab1, mult, 2
entry_4556675.class,  7.17,  1.48,  1.33,  0.33,  0.00,  497126654,  683987000,  275606000,  551648091, java, iotlab1, mult, 2
entry_4556675.class,  7.12,  1.41,  1.26,  0.33,  0.00,  504506445,  726274000,  280263000,  555967315, java, iotlab1, mult, 2
entry_4556675.class,  7.06,  1.41,  1.26,  0.33,  0.00,  499707738,  743993000,  257957000,  551007862, java, iotlab1, mult, 2
entry_4556675.class,  7.15,  1.43,  1.27,  0.33,  0.00,  506672948,  715980000,  276697000,  558235853, java, iotlab1, mult, 2
entry_4556675.class,  7.10,  1.40,  1.24,  0.33,  0.00,  502513394,  686596000,  300448000,  554180654, java, iotlab1, mult, 2
entry_4556675.class,  7.08,  1.40,  1.25,  0.32,  0.00,  501622649,  697787000,  276915000,  553164415, java, iotlab1, mult, 2
entry_4609932.class, 21.97,  3.95,  3.45,  0.97,  0.00, 1637185323, 1760170000,  272730000, 1688873885, java, iotlab1, mult, 2
entry_4609932.class, 22.46,  3.98,  3.48,  1.00,  0.00, 1681469181, 1791585000,  276863000, 1733178549, java, iotlab1, mult, 2
entry_4609932.class, 22.38,  4.02,  3.52,  1.00,  0.00, 1681980500, 1792540000,  278326000, 1733839657, java, iotlab1, mult, 2
entry_4609932.class, 22.35,  4.08,  3.58,  0.99,  0.00, 1678428921, 1788653000,  279321000, 1729878212, java, iotlab1, mult, 2
entry_4609932.class, 22.40,  3.99,  3.49,  0.99,  0.00, 1676324297, 1789816000,  258551000, 1727797996, java, iotlab1, mult, 2
entry_4609932.class, 21.87,  3.89,  3.40,  0.97,  0.00, 1638871380, 1707851000,  307613000, 1690302402, java, iotlab1, mult, 2
entry_4609932.class, 22.43,  3.95,  3.44,  1.00,  0.00, 1682357820, 1787011000,  280844000, 1734173238, java, iotlab1, mult, 2
entry_4609932.class, 22.00,  3.84,  3.34,  0.97,  0.00, 1639353755, 1747845000,  288635000, 1690868666, java, iotlab1, mult, 2
entry_4609932.class, 22.54,  3.94,  3.43,  0.99,  0.00, 1678912349, 1803831000,  260698000, 1730337031, java, iotlab1, mult, 2
entry_4609932.class, 22.70,  3.95,  3.44,  1.00,  0.00, 1685759799, 1773305000,  282207000, 1737217302, java, iotlab1, mult, 2
entry_4619030.class, 15.05,  2.62,  2.28,  0.69,  0.00, 1113556399, 1251350000,  267787000, 1165115733, java, iotlab1, mult, 2
entry_4619030.class, 15.19,  2.66,  2.31,  0.70,  0.00, 1127097648, 1258870000,  272487000, 1178771488, java, iotlab1, mult, 2
entry_4619030.class, 15.54,  2.72,  2.37,  0.71,  0.00, 1155686844, 1283251000,  283834000, 1207268719, java, iotlab1, mult, 2
entry_4619030.class, 15.21,  2.62,  2.27,  0.69,  0.00, 1120824574, 1245448000,  285018000, 1172484474, java, iotlab1, mult, 2
entry_4619030.class, 15.20,  2.60,  2.25,  0.69,  0.00, 1122082589, 1241569000,  290302000, 1173683854, java, iotlab1, mult, 2
entry_4619030.class, 15.23,  2.74,  2.40,  0.69,  0.00, 1121536508, 1265017000,  268276000, 1173285044, java, iotlab1, mult, 2
entry_4619030.class, 15.14,  2.73,  2.39,  0.69,  0.00, 1120580786, 1241434000,  290270000, 1172540651, java, iotlab1, mult, 2
entry_4619030.class, 15.10,  2.69,  2.35,  0.69,  0.00, 1122247347, 1256228000,  274831000, 1173855616, java, iotlab1, mult, 2
entry_4619030.class, 15.06,  2.77,  2.43,  0.69,  0.00, 1119394342, 1243733000,  285315000, 1171041194, java, iotlab1, mult, 2
entry_4619030.class, 15.12,  2.81,  2.46,  0.69,  0.00, 1123409630, 1269678000,  267142000, 1175305405, java, iotlab1, mult, 2
entry_4653882.class,  2.48,  0.43,  0.38,  0.11,  0.00,  181277207,  201775000,   44169000,  232800730, java, iotlab1, mult, 2
entry_4653882.class,  3.04,  0.61,  0.54,  0.14,  0.00,  208383654,  193305000,   55820000,  260195970, java, iotlab1, mult, 2
entry_4653882.class,  2.66,  0.53,  0.48,  0.11,  0.00,  175043852,  185482000,   63535000,  227265597, java, iotlab1, mult, 2
entry_4653882.class,  2.36,  0.42,  0.36,  0.10,  0.00,  169989382,  192489000,   54571000,  221660214, java, iotlab1, mult, 2
entry_4653882.class,  2.36,  0.42,  0.37,  0.10,  0.00,  170605383,  192344000,   54530000,  222157996, java, iotlab1, mult, 2
entry_4653882.class,  2.35,  0.42,  0.37,  0.10,  0.00,  169418897,  193275000,   53522000,  221227819, java, iotlab1, mult, 2
entry_4653882.class,  2.67,  0.56,  0.50,  0.12,  0.00,  178850154,  186202000,   63068000,  231329424, java, iotlab1, mult, 2
entry_4653882.class,  2.49,  0.51,  0.46,  0.11,  0.00,  170781571,  187612000,   59833000,  222976254, java, iotlab1, mult, 2
entry_4653882.class,  2.34,  0.40,  0.35,  0.10,  0.00,  167598161,  186774000,   57694000,  219421406, java, iotlab1, mult, 2
entry_4653882.class,  2.40,  0.41,  0.36,  0.10,  0.00,  168081120,  187854000,   52560000,  219834851, java, iotlab1, mult, 2
entry_4658688.class, 10.99,  1.94,  1.69,  0.52,  0.00,  817226101,  804266000,  279788000,  868815656, java, iotlab1, mult, 2
entry_4658688.class, 11.00,  1.94,  1.69,  0.51,  0.00,  821967346,  816388000,  260762000,  873585181, java, iotlab1, mult, 2
entry_4658688.class, 11.35,  1.92,  1.66,  0.52,  0.00,  822539571,  807070000,  271706000,  874101109, java, iotlab1, mult, 2
entry_4658688.class, 10.99,  1.97,  1.72,  0.51,  0.00,  819566744,  820428000,  254998000,  870982992, java, iotlab1, mult, 2
entry_4658688.class, 11.00,  1.96,  1.71,  0.51,  0.00,  818499514,  794895000,  276963000,  870209839, java, iotlab1, mult, 2
entry_4658688.class, 10.99,  1.99,  1.75,  0.51,  0.00,  815575402,  800325000,  279813000,  867125728, java, iotlab1, mult, 2
entry_4658688.class, 10.96,  1.97,  1.72,  0.51,  0.00,  816521376,  819658000,  267868000,  868580052, java, iotlab1, mult, 2
entry_4658688.class, 10.92,  1.96,  1.71,  0.51,  0.00,  813801537,  817855000,  265277000,  865342689, java, iotlab1, mult, 2
entry_4658688.class, 10.98,  1.96,  1.71,  0.51,  0.00,  816423499,  815218000,  255068000,  868419178, java, iotlab1, mult, 2
entry_4658688.class, 10.99,  1.92,  1.67,  0.51,  0.00,  820503816,  802313000,  269760000,  872481332, java, iotlab1, mult, 2
entry_4824569.class, 13.74,  2.50,  2.19,  0.62,  0.00, 1025776685, 1116281000,  281331000, 1077464435, java, iotlab1, mult, 2
entry_4824569.class, 13.75,  2.51,  2.19,  0.63,  0.00, 1033400493, 1087591000,  311025000, 1085150470, java, iotlab1, mult, 2
entry_4824569.class, 13.75,  2.50,  2.19,  0.62,  0.00, 1022371829, 1105307000,  295280000, 1073828619, java, iotlab1, mult, 2
entry_4824569.class, 13.81,  2.50,  2.18,  0.62,  0.00, 1031289771, 1118913000,  279478000, 1082897003, java, iotlab1, mult, 2
entry_4824569.class, 13.63,  2.48,  2.17,  0.62,  0.00, 1015849383, 1093350000,  293825000, 1067594938, java, iotlab1, mult, 2
entry_4824569.class, 13.63,  2.49,  2.18,  0.62,  0.00, 1017237279, 1090838000,  299406000, 1068654932, java, iotlab1, mult, 2
entry_4824569.class, 13.72,  2.47,  2.16,  0.62,  0.00, 1021453211, 1110812000,  287175000, 1073027032, java, iotlab1, mult, 2
entry_4824569.class, 13.60,  2.49,  2.19,  0.62,  0.00, 1017254037, 1105745000,  286711000, 1068796058, java, iotlab1, mult, 2
entry_4824569.class, 13.63,  2.49,  2.19,  0.62,  0.00, 1016858110, 1127973000,  264636000, 1068551576, java, iotlab1, mult, 2
entry_4824569.class, 13.60,  2.49,  2.18,  0.62,  0.00, 1016740816, 1118740000,  270387000, 1068199155, java, iotlab1, mult, 2
entry_5026263.class, 23.99,  4.30,  3.76,  1.06,  0.00, 1801604274, 1862159000,  240537000, 1853399876, java, iotlab1, mult, 2
entry_5026263.class, 24.60,  4.38,  3.83,  1.08,  0.00, 1829355844, 1861249000,  285577000, 1881002831, java, iotlab1, mult, 2
entry_5026263.class, 23.94,  4.28,  3.74,  1.06,  0.00, 1796000014, 1811119000,  283018000, 1847906363, java, iotlab1, mult, 2
entry_5026263.class, 25.45,  4.57,  4.00,  1.12,  0.00, 1913718750, 1956471000,  275207000, 1965438913, java, iotlab1, mult, 2
entry_5026263.class, 24.10,  4.26,  3.71,  1.07,  0.00, 1810823397, 1870186000,  260723000, 1862751639, java, iotlab1, mult, 2
entry_5026263.class, 24.03,  4.36,  3.81,  1.07,  0.00, 1821065506, 1851087000,  273308000, 1872785139, java, iotlab1, mult, 2
entry_5026263.class, 24.30,  4.37,  3.82,  1.08,  0.00, 1830305302, 1867451000,  281766000, 1882185845, java, iotlab1, mult, 2
entry_5026263.class, 24.15,  4.25,  3.70,  1.07,  0.00, 1810402616, 1853223000,  277183000, 1862102952, java, iotlab1, mult, 2
entry_5026263.class, 24.22,  4.32,  3.78,  1.07,  0.00, 1819346561, 1860563000,  260817000, 1871228927, java, iotlab1, mult, 2
entry_5026263.class, 25.41,  4.48,  3.90,  1.13,  0.00, 1917637935, 1937860000,  295131000, 1969143391, java, iotlab1, mult, 2
entry_5142653.class, 12.16,  2.06,  1.79,  0.56,  0.00,  906300167,  919451000,  283062000,  958005966, java, iotlab1, mult, 2
entry_5142653.class, 12.15,  2.09,  1.81,  0.56,  0.00,  910815635,  918376000,  276113000,  962317491, java, iotlab1, mult, 2
entry_5142653.class, 12.11,  2.12,  1.84,  0.56,  0.00,  906189887,  935717000,  267923000,  957593531, java, iotlab1, mult, 2
entry_5142653.class, 12.10,  2.06,  1.78,  0.56,  0.00,  907391724,  944651000,  247695000,  958985134, java, iotlab1, mult, 2
entry_5142653.class, 12.12,  2.05,  1.78,  0.56,  0.00,  908465504,  928531000,  265437000,  959861072, java, iotlab1, mult, 2
entry_5142653.class, 12.13,  2.09,  1.81,  0.56,  0.00,  910100761,  935364000,  258653000,  961514770, java, iotlab1, mult, 2
entry_5142653.class, 12.13,  2.07,  1.79,  0.56,  0.00,  906747236,  937590000,  267739000,  958179703, java, iotlab1, mult, 2
entry_5142653.class, 12.68,  2.41,  2.13,  0.58,  0.00,  904748589,  926253000,  275562000,  956386582, java, iotlab1, mult, 2
entry_5142653.class, 12.16,  2.09,  1.81,  0.56,  0.00,  909138143,  917988000,  273400000,  960680531, java, iotlab1, mult, 2
entry_5142653.class, 13.10,  2.48,  2.20,  0.61,  0.00,  944615924,  962611000,  269171000,  999432442, java, iotlab1, mult, 2
entry_585131.class, 11.47,  1.97,  1.71,  0.53,  0.00,  844419229,  845972000,  270075000,  896427218, java, iotlab1, mult, 2
entry_585131.class, 11.31,  1.99,  1.73,  0.53,  0.00,  849424110,  818509000,  287126000,  900926003, java, iotlab1, mult, 2
entry_585131.class, 11.35,  2.02,  1.76,  0.53,  0.00,  845842249,  834609000,  283546000,  897505260, java, iotlab1, mult, 2
entry_585131.class, 11.34,  2.02,  1.76,  0.53,  0.00,  843970260,  835158000,  280053000,  895414336, java, iotlab1, mult, 2
entry_585131.class, 11.28,  2.04,  1.79,  0.53,  0.00,  846829956,  855564000,  248616000,  898227726, java, iotlab1, mult, 2
entry_585131.class, 11.30,  1.99,  1.73,  0.53,  0.00,  847450977,  840921000,  277643000,  898989057, java, iotlab1, mult, 2
entry_585131.class, 11.26,  1.96,  1.70,  0.53,  0.00,  845593975,  828309000,  276434000,  897147314, java, iotlab1, mult, 2
entry_585131.class, 11.24,  1.94,  1.68,  0.53,  0.00,  843133094,  836938000,  276300000,  895072594, java, iotlab1, mult, 2
entry_585131.class, 11.29,  1.96,  1.70,  0.53,  0.00,  846333269,  828109000,  273705000,  897892016, java, iotlab1, mult, 2
entry_585131.class, 11.27,  1.96,  1.70,  0.53,  0.00,  846386669,  843736000,  257529000,  897848702, java, iotlab1, mult, 2
entry_5920852.class, 26.50,  4.73,  4.14,  1.16,  0.00, 1981882962, 2024608000,  282084000, 2033462210, java, iotlab1, mult, 2
entry_5920852.class, 26.39,  4.66,  4.07,  1.16,  0.00, 1977090591, 2007762000,  300713000, 2028709583, java, iotlab1, mult, 2
entry_5920852.class, 27.19,  4.76,  4.14,  1.20,  0.00, 2052378684, 2044820000,  290400000, 2104485606, java, iotlab1, mult, 2
entry_5920852.class, 26.11,  4.61,  4.02,  1.15,  0.00, 1963407395, 2027382000,  257939000, 2015012191, java, iotlab1, mult, 2
entry_5920852.class, 26.71,  4.62,  4.02,  1.17,  0.00, 2007711468, 2023891000,  284984000, 2059281042, java, iotlab1, mult, 2
entry_5920852.class, 26.54,  4.55,  3.96,  1.16,  0.00, 1985989799, 2033426000,  279195000, 2037631015, java, iotlab1, mult, 2
entry_5920852.class, 26.51,  4.57,  3.98,  1.16,  0.00, 1973703173, 2009066000,  291864000, 2025239747, java, iotlab1, mult, 2
entry_5920852.class, 26.80,  4.60,  3.99,  1.17,  0.00, 2003399901, 2009555000,  297082000, 2054917788, java, iotlab1, mult, 2
entry_5920852.class, 26.70,  4.61,  4.02,  1.17,  0.00, 2003950750, 2013787000,  300371000, 2055719591, java, iotlab1, mult, 2
entry_5920852.class, 26.64,  4.64,  4.04,  1.17,  0.00, 2006557684, 2055465000,  282889000, 2058066933, java, iotlab1, mult, 2
entry_5937131.class, 13.79,  2.50,  2.18,  0.62,  0.00, 1025956925, 1187603000,  270275000, 1077689783, java, iotlab1, mult, 2
entry_5937131.class, 13.73,  2.45,  2.13,  0.62,  0.00, 1028948701, 1171941000,  275632000, 1080476475, java, iotlab1, mult, 2
entry_5937131.class, 13.86,  2.48,  2.17,  0.62,  0.00, 1020619957, 1171391000,  279616000, 1072058094, java, iotlab1, mult, 2
entry_5937131.class, 13.78,  2.48,  2.16,  0.62,  0.00, 1022172617, 1184319000,  263629000, 1073949602, java, iotlab1, mult, 2
entry_5937131.class, 13.76,  2.42,  2.11,  0.62,  0.00, 1023664932, 1208334000,  244472000, 1075467758, java, iotlab1, mult, 2
entry_5937131.class, 13.80,  2.37,  2.06,  0.62,  0.00, 1024324791, 1164277000,  278742000, 1076064677, java, iotlab1, mult, 2
entry_5937131.class, 13.80,  2.42,  2.11,  0.62,  0.00, 1023087682, 1165836000,  284179000, 1074863753, java, iotlab1, mult, 2
entry_5937131.class, 13.82,  2.49,  2.18,  0.62,  0.00, 1028131356, 1175013000,  273537000, 1079595454, java, iotlab1, mult, 2
entry_5937131.class, 13.82,  2.42,  2.11,  0.62,  0.00, 1028071008, 1161543000,  281373000, 1079708366, java, iotlab1, mult, 2
entry_5937131.class, 13.77,  2.44,  2.13,  0.62,  0.00, 1021286800, 1161639000,  283351000, 1073282001, java, iotlab1, mult, 2
entry_6156486.class,  9.85,  1.65,  1.42,  0.47,  0.00,  726724897,  725445000,  265357000,  778828555, java, iotlab1, mult, 2
entry_6156486.class,  9.85,  1.68,  1.46,  0.47,  0.00,  729367599,  710079000,  266902000,  781262346, java, iotlab1, mult, 2
entry_6156486.class,  9.81,  1.67,  1.45,  0.47,  0.00,  728529726,  715870000,  272616000,  779990244, java, iotlab1, mult, 2
entry_6156486.class,  9.91,  1.66,  1.44,  0.47,  0.00,  725952682,  722752000,  267388000,  777658127, java, iotlab1, mult, 2
entry_6156486.class,  9.89,  1.65,  1.43,  0.47,  0.00,  729110862,  714393000,  262776000,  780661101, java, iotlab1, mult, 2
entry_6156486.class,  9.90,  1.65,  1.43,  0.47,  0.00,  727820861,  722545000,  270195000,  779821874, java, iotlab1, mult, 2
entry_6156486.class,  9.88,  1.65,  1.43,  0.47,  0.00,  728862529,  710990000,  280390000,  780669572, java, iotlab1, mult, 2
entry_6156486.class, 10.10,  1.76,  1.54,  0.48,  0.00,  727299851,  716060000,  272879000,  779045974, java, iotlab1, mult, 2
entry_6156486.class, 10.54,  1.89,  1.66,  0.51,  0.00,  758970871,  747093000,  281921000,  811424069, java, iotlab1, mult, 2
entry_6156486.class, 10.49,  2.02,  1.79,  0.49,  0.00,  736414398,  723282000,  256810000,  788251227, java, iotlab1, mult, 2
entry_6249178.class, 11.72,  1.92,  1.66,  0.54,  0.00,  866912127,  875121000,  257329000,  918368307, java, iotlab1, mult, 2
entry_6249178.class, 11.84,  1.93,  1.66,  0.54,  0.00,  868010404,  852795000,  277933000,  919598934, java, iotlab1, mult, 2
entry_6249178.class, 11.64,  1.96,  1.70,  0.54,  0.00,  863307153,  875837000,  269257000,  914628891, java, iotlab1, mult, 2
entry_6249178.class, 11.61,  1.93,  1.67,  0.54,  0.00,  864046458,  875540000,  254156000,  915269123, java, iotlab1, mult, 2
entry_6249178.class, 11.65,  1.94,  1.67,  0.54,  0.00,  865103903,  863390000,  268052000,  916815714, java, iotlab1, mult, 2
entry_6249178.class, 11.56,  1.90,  1.64,  0.53,  0.00,  862485390,  864442000,  263047000,  914012658, java, iotlab1, mult, 2
entry_6249178.class, 11.62,  1.97,  1.71,  0.54,  0.00,  866203390,  874013000,  254167000,  917847761, java, iotlab1, mult, 2
entry_6249178.class, 11.60,  1.93,  1.67,  0.54,  0.00,  862091266,  874523000,  269084000,  913776882, java, iotlab1, mult, 2
entry_6249178.class, 11.68,  1.93,  1.67,  0.54,  0.00,  866581927,  872983000,  259292000,  918419846, java, iotlab1, mult, 2
entry_6249178.class, 11.62,  1.93,  1.67,  0.54,  0.00,  862888052,  861255000,  279110000,  914768369, java, iotlab1, mult, 2
entry_632140.class, 11.96,  2.00,  1.73,  0.55,  0.00,  890887700,  915139000,  255920000,  942599331, java, iotlab1, mult, 2
entry_632140.class, 12.04,  2.02,  1.75,  0.56,  0.00,  896680714,  913337000,  266557000,  948522261, java, iotlab1, mult, 2
entry_632140.class, 12.07,  2.00,  1.73,  0.55,  0.00,  894026084,  903141000,  274167000,  945853750, java, iotlab1, mult, 2
entry_632140.class, 12.00,  2.02,  1.75,  0.55,  0.00,  892306436,  908257000,  251005000,  944103059, java, iotlab1, mult, 2
entry_632140.class, 12.05,  1.98,  1.71,  0.55,  0.00,  891431208,  915625000,  259327000,  943030173, java, iotlab1, mult, 2
entry_632140.class, 12.08,  2.01,  1.74,  0.55,  0.00,  889907570,  895693000,  274293000,  941797769, java, iotlab1, mult, 2
entry_632140.class, 12.03,  1.99,  1.72,  0.55,  0.00,  894539134,  881592000,  266481000,  946157016, java, iotlab1, mult, 2
entry_632140.class, 12.07,  1.99,  1.72,  0.55,  0.00,  893046457,  911549000,  262294000,  944556214, java, iotlab1, mult, 2
entry_632140.class, 12.04,  1.97,  1.70,  0.55,  0.00,  896781201,  896875000,  267471000,  948929177, java, iotlab1, mult, 2
entry_632140.class, 11.96,  1.98,  1.71,  0.55,  0.00,  892056149,  908760000,  267929000,  944085858, java, iotlab1, mult, 2
entry_6973929.class, 14.09,  2.43,  2.11,  0.64,  0.00, 1042946335, 1168087000,  289517000, 1094527819, java, iotlab1, mult, 2
entry_6973929.class, 13.92,  2.44,  2.12,  0.63,  0.00, 1040732348, 1127039000,  282766000, 1092462919, java, iotlab1, mult, 2
entry_6973929.class, 14.04,  2.38,  2.06,  0.63,  0.00, 1043793660, 1144067000,  267547000, 1095361800, java, iotlab1, mult, 2
entry_6973929.class, 13.90,  2.39,  2.07,  0.63,  0.00, 1039961747, 1165158000,  257920000, 1091729630, java, iotlab1, mult, 2
entry_6973929.class, 13.92,  2.45,  2.13,  0.63,  0.00, 1041297670, 1184582000,  269955000, 1092929692, java, iotlab1, mult, 2
entry_6973929.class, 13.96,  2.43,  2.12,  0.63,  0.00, 1041498700, 1190596000,  272450000, 1093347466, java, iotlab1, mult, 2
entry_6973929.class, 13.95,  2.52,  2.20,  0.63,  0.00, 1043258383, 1139968000,  271278000, 1094832900, java, iotlab1, mult, 2
entry_6973929.class, 14.01,  2.54,  2.23,  0.63,  0.00, 1046082384, 1168852000,  273368000, 1097725568, java, iotlab1, mult, 2
entry_6973929.class, 13.98,  2.47,  2.16,  0.63,  0.00, 1038141114, 1142413000,  275376000, 1089876384, java, iotlab1, mult, 2
entry_6973929.class, 14.00,  2.44,  2.12,  0.63,  0.00, 1043937415, 1153003000,  269234000, 1095259529, java, iotlab1, mult, 2
entry_7610685.class, 15.74,  2.80,  2.44,  0.70,  0.00, 1166005220, 1353543000,  285114000, 1217460004, java, iotlab1, mult, 2
entry_7610685.class, 15.85,  2.85,  2.50,  0.70,  0.00, 1169727207, 1386413000,  282287000, 1221256418, java, iotlab1, mult, 2
entry_7610685.class, 15.96,  2.84,  2.49,  0.70,  0.00, 1166689065, 1363060000,  283804000, 1218239784, java, iotlab1, mult, 2
entry_7610685.class, 15.86,  2.78,  2.43,  0.70,  0.00, 1170825516, 1387935000,  270521000, 1222791526, java, iotlab1, mult, 2
entry_7610685.class, 15.71,  2.75,  2.39,  0.70,  0.00, 1160312292, 1386511000,  271054000, 1211842503, java, iotlab1, mult, 2
entry_7610685.class, 15.81,  2.81,  2.46,  0.70,  0.00, 1169740781, 1375276000,  291270000, 1221335354, java, iotlab1, mult, 2
entry_7610685.class, 15.88,  2.81,  2.45,  0.70,  0.00, 1163548425, 1352882000,  303951000, 1215143336, java, iotlab1, mult, 2
entry_7610685.class, 15.86,  2.85,  2.49,  0.70,  0.00, 1168285123, 1371529000,  282696000, 1220105358, java, iotlab1, mult, 2
entry_7610685.class, 15.69,  2.87,  2.52,  0.70,  0.00, 1166766625, 1348802000,  302404000, 1218310808, java, iotlab1, mult, 2
entry_7610685.class, 15.74,  2.78,  2.42,  0.70,  0.00, 1162724453, 1404850000,  256155000, 1214501907, java, iotlab1, mult, 2
entry_7920573.class, 13.36,  2.33,  2.03,  0.63,  0.00,  983984051, 1131865000,  270771000, 1035826191, java, iotlab1, mult, 2
entry_7920573.class, 13.39,  2.32,  2.02,  0.63,  0.00,  981532794, 1114494000,  298132000, 1033110001, java, iotlab1, mult, 2
entry_7920573.class, 13.58,  2.41,  2.10,  0.64,  0.00,  982624883, 1127356000,  275308000, 1035191456, java, iotlab1, mult, 2
entry_7920573.class, 14.06,  2.62,  2.31,  0.66,  0.00, 1016792553, 1139189000,  270045000, 1071728242, java, iotlab1, mult, 2
entry_7920573.class, 15.55,  3.05,  2.71,  0.74,  0.00, 1086428667, 1189767000,  291678000, 1138133675, java, iotlab1, mult, 2
entry_7920573.class, 13.38,  2.37,  2.07,  0.63,  0.00,  983970220, 1112245000,  298797000, 1035500074, java, iotlab1, mult, 2
entry_7920573.class, 13.36,  2.42,  2.11,  0.63,  0.00,  983535449, 1125721000,  268694000, 1035359660, java, iotlab1, mult, 2
entry_7920573.class, 13.49,  2.42,  2.12,  0.63,  0.00,  982521324, 1116107000,  285820000, 1034007565, java, iotlab1, mult, 2
entry_7920573.class, 13.34,  2.39,  2.08,  0.63,  0.00,  984966065, 1095455000,  275377000, 1036517439, java, iotlab1, mult, 2
entry_7920573.class, 13.33,  2.45,  2.15,  0.63,  0.00,  984651231, 1142826000,  274117000, 1036297512, java, iotlab1, mult, 2
entry_828341.class, 12.26,  2.12,  1.84,  0.57,  0.00,  919863966,  928645000,  251717000,  971526609, java, iotlab1, mult, 2
entry_828341.class, 12.26,  2.14,  1.86,  0.56,  0.00,  918049213,  918777000,  261367000,  969756404, java, iotlab1, mult, 2
entry_828341.class, 12.21,  2.13,  1.85,  0.56,  0.00,  916116291,  918630000,  274383000,  967915043, java, iotlab1, mult, 2
entry_828341.class, 12.44,  2.13,  1.84,  0.57,  0.00,  917578680,  909452000,  289143000,  969366309, java, iotlab1, mult, 2
entry_828341.class, 12.25,  2.16,  1.88,  0.56,  0.00,  916468456,  913796000,  263807000,  968491408, java, iotlab1, mult, 2
entry_828341.class, 12.19,  2.17,  1.89,  0.56,  0.00,  914177625,  910374000,  263264000,  965683224, java, iotlab1, mult, 2
entry_828341.class, 12.27,  2.14,  1.86,  0.56,  0.00,  915228871,  924149000,  270043000,  966729089, java, iotlab1, mult, 2
entry_828341.class, 12.15,  2.13,  1.86,  0.56,  0.00,  914623429,  906195000,  267648000,  966196785, java, iotlab1, mult, 2
entry_828341.class, 12.16,  2.17,  1.90,  0.56,  0.00,  916356820,  906712000,  270914000,  967678807, java, iotlab1, mult, 2
entry_828341.class, 12.13,  2.12,  1.84,  0.56,  0.00,  915868329,  909732000,  266801000,  967563040, java, iotlab1, mult, 2
entry_873542.class, 18.55,  3.25,  2.83,  0.81,  0.00, 1390618733, 1554662000,  281751000, 1442332486, java, iotlab1, mult, 2
entry_873542.class, 18.56,  3.26,  2.84,  0.80,  0.00, 1388660825, 1558442000,  276967000, 1440204560, java, iotlab1, mult, 2
entry_873542.class, 18.75,  3.27,  2.85,  0.81,  0.00, 1391265099, 1582335000,  259201000, 1442975084, java, iotlab1, mult, 2
entry_873542.class, 18.49,  3.26,  2.83,  0.81,  0.00, 1392207754, 1576846000,  268677000, 1443887465, java, iotlab1, mult, 2
entry_873542.class, 18.51,  3.21,  2.79,  0.80,  0.00, 1391328999, 1565672000,  264295000, 1442956866, java, iotlab1, mult, 2
entry_873542.class, 18.43,  3.32,  2.89,  0.80,  0.00, 1388187089, 1558657000,  274821000, 1439583719, java, iotlab1, mult, 2
entry_873542.class, 18.47,  3.28,  2.86,  0.80,  0.00, 1382601372, 1551020000,  280280000, 1434125419, java, iotlab1, mult, 2
entry_873542.class, 18.46,  3.26,  2.84,  0.80,  0.00, 1387475560, 1547200000,  286407000, 1438930725, java, iotlab1, mult, 2
entry_873542.class, 18.42,  3.23,  2.81,  0.80,  0.00, 1387678759, 1569726000,  269670000, 1439149277, java, iotlab1, mult, 2
entry_873542.class, 18.59,  3.24,  2.81,  0.80,  0.00, 1389958961, 1552660000,  283031000, 1441428873, java, iotlab1, mult, 2
entry_9012193.class, 13.69,  2.45,  2.13,  0.62,  0.00, 1028412893, 1076901000,  271732000, 1079782781, java, iotlab1, mult, 2
entry_9012193.class, 13.62,  2.42,  2.11,  0.62,  0.00, 1024336168, 1089514000,  252509000, 1076408022, java, iotlab1, mult, 2
entry_9012193.class, 13.84,  2.49,  2.17,  0.62,  0.00, 1028428238, 1073801000,  269459000, 1080280698, java, iotlab1, mult, 2
entry_9012193.class, 13.66,  2.46,  2.15,  0.62,  0.00, 1024507922, 1055520000,  289224000, 1076269641, java, iotlab1, mult, 2
entry_9012193.class, 13.62,  2.34,  2.03,  0.62,  0.00, 1022581911, 1066252000,  272064000, 1074277225, java, iotlab1, mult, 2
entry_9012193.class, 13.70,  2.44,  2.12,  0.62,  0.00, 1028851269, 1065555000,  267637000, 1080337441, java, iotlab1, mult, 2
entry_9012193.class, 13.60,  2.45,  2.14,  0.62,  0.00, 1020953554, 1065193000,  276050000, 1072438460, java, iotlab1, mult, 2
entry_9012193.class, 13.76,  2.47,  2.16,  0.62,  0.00, 1026112230, 1075813000,  264199000, 1077666095, java, iotlab1, mult, 2
entry_9012193.class, 13.60,  2.47,  2.16,  0.62,  0.00, 1021012614, 1060236000,  280650000, 1072617201, java, iotlab1, mult, 2
entry_9012193.class, 13.64,  2.45,  2.14,  0.62,  0.00, 1025009069, 1052896000,  289622000, 1076632683, java, iotlab1, mult, 2
entry_903760.class, 12.62,  2.25,  1.96,  0.58,  0.00,  943642539,  988746000,  267743000,  995274836, java, iotlab1, mult, 2
entry_903760.class, 12.65,  2.29,  2.00,  0.58,  0.00,  945742122, 1001930000,  252486000,  997222709, java, iotlab1, mult, 2
entry_903760.class, 12.78,  2.29,  2.00,  0.58,  0.00,  942954305,  989943000,  265252000,  994638771, java, iotlab1, mult, 2
entry_903760.class, 12.40,  2.12,  1.84,  0.57,  0.00,  918039893,  928583000,  296866000,  969325745, java, iotlab1, mult, 2
entry_903760.class, 12.83,  2.26,  1.98,  0.58,  0.00,  945598806,  985527000,  271044000,  997202589, java, iotlab1, mult, 2
entry_903760.class, 12.60,  2.44,  2.17,  0.57,  0.00,  908332878,  930434000,  263424000,  960314315, java, iotlab1, mult, 2
entry_903760.class, 12.17,  2.19,  1.91,  0.56,  0.00,  912853298,  927117000,  269195000,  964882587, java, iotlab1, mult, 2
entry_903760.class, 13.38,  2.63,  2.34,  0.62,  0.00,  957670131,  962172000,  259586000, 1013518912, java, iotlab1, mult, 2
entry_903760.class, 12.17,  2.09,  1.81,  0.56,  0.00,  910953628,  943906000,  252580000,  962797762, java, iotlab1, mult, 2
entry_903760.class, 12.21,  2.12,  1.85,  0.56,  0.00,  909207165,  930595000,  264729000,  960756448, java, iotlab1, mult, 2
entry_9269560.class, 13.84,  2.49,  2.18,  0.63,  0.00, 1034959341, 1175610000,  267366000, 1086489588, java, iotlab1, mult, 2
entry_9269560.class, 13.84,  2.51,  2.19,  0.63,  0.00, 1029820885, 1186029000,  273237000, 1081441814, java, iotlab1, mult, 2
entry_9269560.class, 13.95,  2.48,  2.17,  0.63,  0.00, 1031820225, 1166739000,  291179000, 1083606425, java, iotlab1, mult, 2
entry_9269560.class, 13.90,  2.51,  2.20,  0.63,  0.00, 1027492544, 1180226000,  271900000, 1078799130, java, iotlab1, mult, 2
entry_9269560.class, 13.83,  2.57,  2.26,  0.63,  0.00, 1027638713, 1178257000,  281976000, 1079143525, java, iotlab1, mult, 2
entry_9269560.class, 13.94,  2.51,  2.19,  0.63,  0.00, 1033862799, 1178582000,  275668000, 1085517202, java, iotlab1, mult, 2
entry_9269560.class, 13.96,  2.50,  2.19,  0.63,  0.00, 1032544697, 1182598000,  275605000, 1084160709, java, iotlab1, mult, 2
entry_9269560.class, 13.93,  2.46,  2.14,  0.63,  0.00, 1031527360, 1193800000,  265736000, 1083209188, java, iotlab1, mult, 2
entry_9269560.class, 13.91,  2.46,  2.15,  0.63,  0.00, 1026793658, 1173660000,  272850000, 1078491418, java, iotlab1, mult, 2
entry_9269560.class, 13.94,  2.53,  2.22,  0.63,  0.00, 1032735026, 1160988000,  286713000, 1084247315, java, iotlab1, mult, 2
entry_932625.class, 12.62,  2.18,  1.90,  0.58,  0.00,  937543697,  948761000,  284928000,  989106597, java, iotlab1, mult, 2
entry_932625.class, 12.57,  2.16,  1.87,  0.57,  0.00,  935999156,  952897000,  263631000,  987520061, java, iotlab1, mult, 2
entry_932625.class, 12.61,  2.17,  1.89,  0.57,  0.00,  937701438,  960106000,  278189000,  989417911, java, iotlab1, mult, 2
entry_932625.class, 12.13,  2.07,  1.80,  0.56,  0.00,  908924029,  922705000,  250004000,  960748555, java, iotlab1, mult, 2
entry_932625.class, 12.06,  2.05,  1.78,  0.56,  0.00,  902793577,  880103000,  286406000,  954195404, java, iotlab1, mult, 2
entry_932625.class, 12.14,  2.15,  1.88,  0.56,  0.00,  907518417,  900890000,  271569000,  958701117, java, iotlab1, mult, 2
entry_932625.class, 12.16,  2.16,  1.88,  0.56,  0.00,  905698885,  914096000,  268851000,  957068874, java, iotlab1, mult, 2
entry_932625.class, 12.56,  2.21,  1.93,  0.58,  0.00,  938612123,  974288000,  264349000,  990194273, java, iotlab1, mult, 2
entry_932625.class, 12.51,  2.21,  1.92,  0.57,  0.00,  936746369,  948379000,  270247000,  988362594, java, iotlab1, mult, 2
entry_932625.class, 12.13,  2.16,  1.88,  0.56,  0.00,  905751127,  894228000,  275378000,  957356057, java, iotlab1, mult, 2
entry_9580570.class, 12.59,  2.23,  1.94,  0.58,  0.00,  937103253,  982841000,  290952000,  988488310, java, iotlab1, mult, 2
entry_9580570.class, 12.62,  2.21,  1.92,  0.58,  0.00,  935242714, 1004599000,  270813000,  987182560, java, iotlab1, mult, 2
entry_9580570.class, 12.72,  2.23,  1.95,  0.58,  0.00,  937477327, 1010441000,  263115000,  988947101, java, iotlab1, mult, 2
entry_9580570.class, 12.55,  2.25,  1.96,  0.57,  0.00,  934539927,  989182000,  282767000,  986157487, java, iotlab1, mult, 2
entry_9580570.class, 12.54,  2.21,  1.92,  0.57,  0.00,  933798657,  996499000,  275691000,  985549389, java, iotlab1, mult, 2
entry_9580570.class, 12.64,  2.23,  1.95,  0.57,  0.00,  934928032,  992643000,  279056000,  986385444, java, iotlab1, mult, 2
entry_9580570.class, 12.63,  2.25,  1.97,  0.58,  0.00,  936459745,  999749000,  276206000,  987886472, java, iotlab1, mult, 2
entry_9580570.class, 12.61,  2.26,  1.97,  0.57,  0.00,  933303079,  991377000,  279645000,  984822639, java, iotlab1, mult, 2
entry_9580570.class, 12.58,  2.24,  1.95,  0.58,  0.00,  936306027, 1004124000,  271574000,  987915230, java, iotlab1, mult, 2
entry_9580570.class, 12.57,  2.17,  1.89,  0.58,  0.00,  934924282, 1005851000,  269764000,  986648028, java, iotlab1, mult, 2
entry_9580615.class, 12.98,  2.26,  1.97,  0.59,  0.00,  960947294, 1042240000,  280873000, 1012842745, java, iotlab1, mult, 2
entry_9580615.class, 12.96,  2.27,  1.97,  0.59,  0.00,  964210720, 1037478000,  276594000, 1015818346, java, iotlab1, mult, 2
entry_9580615.class, 13.04,  2.23,  1.94,  0.59,  0.00,  957983251, 1043916000,  279781000, 1009673607, java, iotlab1, mult, 2
entry_9580615.class, 12.90,  2.33,  2.04,  0.59,  0.00,  962053015, 1025105000,  286470000, 1013754555, java, iotlab1, mult, 2
entry_9580615.class, 12.82,  2.33,  2.04,  0.59,  0.00,  957957300, 1060229000,  262817000, 1009560783, java, iotlab1, mult, 2
entry_9580615.class, 13.08,  2.33,  2.04,  0.59,  0.00,  958651839, 1064780000,  260168000, 1010196945, java, iotlab1, mult, 2
entry_9580615.class, 12.96,  2.36,  2.07,  0.59,  0.00,  958718090, 1048979000,  275731000, 1010251129, java, iotlab1, mult, 2
entry_9580615.class, 12.94,  2.37,  2.08,  0.59,  0.00,  960054071, 1042738000,  284474000, 1011985981, java, iotlab1, mult, 2
entry_9580615.class, 12.87,  2.39,  2.10,  0.59,  0.00,  957711730, 1044618000,  278230000, 1009185105, java, iotlab1, mult, 2
entry_9580615.class, 13.07,  2.35,  2.06,  0.59,  0.00,  969298161, 1060209000,  255327000, 1021120226, java, iotlab1, mult, 2
entry_9597681.class, 17.61,  3.17,  2.76,  0.79,  0.00, 1313198841, 1493143000,  280090000, 1364863269, java, iotlab1, mult, 2
entry_9597681.class, 19.24,  3.69,  3.26,  0.87,  0.00, 1401800867, 1571496000,  308490000, 1454360371, java, iotlab1, mult, 2
entry_9597681.class, 18.85,  3.58,  3.16,  0.85,  0.00, 1368912218, 1510635000,  271574000, 1425676966, java, iotlab1, mult, 2
entry_9597681.class, 17.64,  3.14,  2.73,  0.79,  0.00, 1319901279, 1465705000,  272619000, 1371345294, java, iotlab1, mult, 2
entry_9597681.class, 17.80,  3.17,  2.76,  0.79,  0.00, 1318032949, 1441425000,  295754000, 1369458216, java, iotlab1, mult, 2
entry_9597681.class, 17.67,  3.17,  2.77,  0.79,  0.00, 1321930956, 1441391000,  299496000, 1373455205, java, iotlab1, mult, 2
entry_9597681.class, 17.65,  3.17,  2.77,  0.79,  0.00, 1315234633, 1494549000,  277328000, 1367259900, java, iotlab1, mult, 2
entry_9597681.class, 18.29,  3.31,  2.90,  0.82,  0.00, 1362137294, 1534225000,  306044000, 1413773152, java, iotlab1, mult, 2
entry_9597681.class, 17.66,  3.25,  2.85,  0.79,  0.00, 1321097865, 1458855000,  279739000, 1373201877, java, iotlab1, mult, 2
entry_9597681.class, 18.33,  3.30,  2.89,  0.82,  0.00, 1367476193, 1515456000,  294505000, 1419194027, java, iotlab1, mult, 2
