file,psys,pkg,cores,ram,gpu,duration_time,user_time,system_time,perf_time,lang,machine,cores,power_limit
10249193    ,  2.07,  0.89,  0.86,  0.07,  0.00,   97117918,   73124000,   11018000,  147157614, python, iotlab1, mult, 25
10249193    ,  1.87,  0.93,  0.91,  0.06,  0.00,   74417241,   58479000,   15858000,   86852450, python, iotlab1, mult, 25
10249193    ,  1.89,  0.93,  0.91,  0.06,  0.00,   74399570,   65351000,    9048000,   86713851, python, iotlab1, mult, 25
10249193    ,  1.95,  0.94,  0.91,  0.06,  0.00,   74266714,   60205000,   14047000,   86720461, python, iotlab1, mult, 25
10249193    ,  1.91,  0.93,  0.91,  0.06,  0.00,   74254336,   60368000,   13854000,   86590742, python, iotlab1, mult, 25
10249193    ,  1.97,  0.96,  0.92,  0.06,  0.00,   74293149,   62241000,   12046000,   86771306, python, iotlab1, mult, 25
10249193    ,  1.98,  0.95,  0.92,  0.06,  0.00,   74209451,   65163000,    9022000,   86585823, python, iotlab1, mult, 25
10249193    ,  1.94,  0.94,  0.92,  0.06,  0.00,   74138085,   61092000,   13019000,   86524794, python, iotlab1, mult, 25
10249193    ,  1.94,  0.93,  0.91,  0.06,  0.00,   74887134,   59887000,   14971000,   87271594, python, iotlab1, mult, 25
10249193    ,  2.02,  0.97,  0.94,  0.06,  0.00,   74911064,   62913000,   11983000,   87403252, python, iotlab1, mult, 25
10638788    ,  2.03,  0.90,  0.87,  0.06,  0.00,   89863936,   65382000,    9052000,  102198245, python, iotlab1, mult, 25
10638788    ,  1.82,  0.88,  0.86,  0.05,  0.00,   71419932,   57324000,   14079000,   83919012, python, iotlab1, mult, 25
10638788    ,  1.84,  0.89,  0.86,  0.05,  0.00,   70791861,   55807000,   14948000,   83265178, python, iotlab1, mult, 25
10638788    ,  1.84,  0.89,  0.87,  0.05,  0.00,   71213758,   58148000,   13033000,   83664484, python, iotlab1, mult, 25
10638788    ,  1.87,  0.90,  0.88,  0.05,  0.00,   71123707,   60079000,   11014000,   83515778, python, iotlab1, mult, 25
10638788    ,  1.85,  0.90,  0.88,  0.05,  0.00,   70914577,   58896000,   11978000,   83304320, python, iotlab1, mult, 25
10638788    ,  1.88,  0.91,  0.87,  0.05,  0.00,   71105048,   64072000,    7007000,   83498275, python, iotlab1, mult, 25
10638788    ,  1.87,  0.90,  0.87,  0.05,  0.00,   71072079,   56839000,   14209000,   83495859, python, iotlab1, mult, 25
10638788    ,  1.84,  0.89,  0.87,  0.05,  0.00,   70948731,   63930000,    6992000,   83296913, python, iotlab1, mult, 25
10638788    ,  1.86,  0.89,  0.86,  0.05,  0.00,   71628121,   60509000,   11093000,   84166664, python, iotlab1, mult, 25
10695078    ,  2.56,  1.21,  1.17,  0.09,  0.00,   98264527,   86021000,   12003000,  110777458, python, iotlab1, mult, 25
10695078    ,  2.50,  1.21,  1.17,  0.09,  0.00,   96901940,   81896000,   14981000,  109355991, python, iotlab1, mult, 25
10695078    ,  2.50,  1.21,  1.17,  0.09,  0.00,   97055747,   82003000,   15000000,  109484569, python, iotlab1, mult, 25
10695078    ,  2.52,  1.20,  1.16,  0.09,  0.00,   97647326,   87556000,   10064000,  109831581, python, iotlab1, mult, 25
10695078    ,  2.50,  1.21,  1.17,  0.09,  0.00,   97049661,   90030000,    7002000,  109600622, python, iotlab1, mult, 25
10695078    ,  2.55,  1.20,  1.16,  0.09,  0.00,   97248262,   80193000,   17041000,  109670663, python, iotlab1, mult, 25
10695078    ,  2.55,  1.22,  1.18,  0.09,  0.00,   98004899,   87994000,    9999000,  110412077, python, iotlab1, mult, 25
10695078    ,  2.58,  1.21,  1.16,  0.09,  0.00,   97190310,   86155000,   11019000,  109641414, python, iotlab1, mult, 25
10695078    ,  2.52,  1.19,  1.16,  0.09,  0.00,   97146984,   81268000,   15857000,  109654714, python, iotlab1, mult, 25
10695078    ,  2.53,  1.20,  1.17,  0.09,  0.00,   98033533,   78002000,   20000000,  110525364, python, iotlab1, mult, 25
10870979    ,  1.90,  0.91,  0.89,  0.05,  0.00,   72428424,   55194000,   17060000,   84789132, python, iotlab1, mult, 25
10870979    ,  1.93,  0.91,  0.88,  0.05,  0.00,   72368986,   59889000,   11977000,   84814981, python, iotlab1, mult, 25
10870979    ,  1.86,  0.90,  0.87,  0.05,  0.00,   71934860,   61801000,   10131000,   84324510, python, iotlab1, mult, 25
10870979    ,  1.95,  0.91,  0.88,  0.05,  0.00,   71906999,   58730000,   13163000,   84412786, python, iotlab1, mult, 25
10870979    ,  1.89,  0.90,  0.88,  0.05,  0.00,   72224535,   63167000,    9023000,   84791080, python, iotlab1, mult, 25
10870979    ,  1.86,  0.89,  0.87,  0.05,  0.00,   71946750,   58930000,   12984000,   84378339, python, iotlab1, mult, 25
10870979    ,  1.87,  0.89,  0.87,  0.05,  0.00,   72269501,   60207000,   12041000,   84662682, python, iotlab1, mult, 25
10870979    ,  1.84,  0.88,  0.86,  0.05,  0.00,   72710163,   56755000,   15931000,   85048796, python, iotlab1, mult, 25
10870979    ,  1.88,  0.90,  0.87,  0.05,  0.00,   71875828,   57882000,   13971000,   84427466, python, iotlab1, mult, 25
10870979    ,  1.91,  0.90,  0.88,  0.05,  0.00,   72461555,   64492000,    7937000,   84848420, python, iotlab1, mult, 25
11262109    ,  0.83,  0.40,  0.39,  0.02,  0.00,   33300742,   27173000,    5822000,   45823374, python, iotlab1, mult, 25
11262109    ,  0.85,  0.41,  0.40,  0.02,  0.00,   32738969,   27736000,    4952000,   45131530, python, iotlab1, mult, 25
11262109    ,  0.86,  0.42,  0.40,  0.02,  0.00,   33358636,   29287000,    4039000,   45812569, python, iotlab1, mult, 25
11262109    ,  0.87,  0.42,  0.41,  0.02,  0.00,   33085478,   27061000,    6013000,   45444109, python, iotlab1, mult, 25
11262109    ,  0.86,  0.41,  0.40,  0.02,  0.00,   33087784,   24064000,    9024000,   45505014, python, iotlab1, mult, 25
11262109    ,  0.83,  0.40,  0.38,  0.02,  0.00,   34410863,   29343000,    5059000,   46843167, python, iotlab1, mult, 25
11262109    ,  0.86,  0.41,  0.40,  0.02,  0.00,   32947914,   27775000,    5143000,   45306969, python, iotlab1, mult, 25
11262109    ,  0.85,  0.41,  0.40,  0.02,  0.00,   33014229,   29992000,    2999000,   45435626, python, iotlab1, mult, 25
11262109    ,  0.86,  0.41,  0.40,  0.02,  0.00,   32965025,   28128000,    4849000,   45429638, python, iotlab1, mult, 25
11262109    ,  0.82,  0.40,  0.39,  0.02,  0.00,   33238332,   29182000,    4025000,   45601547, python, iotlab1, mult, 25
11301645    ,  0.99,  0.48,  0.47,  0.02,  0.00,   38290605,   32060000,    6011000,   50721674, python, iotlab1, mult, 25
11301645    ,  0.96,  0.47,  0.46,  0.02,  0.00,   37282176,   32233000,    5036000,   49584633, python, iotlab1, mult, 25
11301645    ,  0.94,  0.45,  0.45,  0.02,  0.00,   37732386,   35629000,    1979000,   50099667, python, iotlab1, mult, 25
11301645    ,  0.99,  0.48,  0.46,  0.02,  0.00,   37617940,   36588000,    1016000,   50085459, python, iotlab1, mult, 25
11301645    ,  0.92,  0.46,  0.45,  0.02,  0.00,   37624365,   32652000,    4947000,   49986810, python, iotlab1, mult, 25
11301645    ,  0.96,  0.46,  0.46,  0.02,  0.00,   37457485,   30486000,    6884000,   49942769, python, iotlab1, mult, 25
11301645    ,  0.99,  0.46,  0.45,  0.02,  0.00,   37906575,   33897000,    3987000,   50324228, python, iotlab1, mult, 25
11301645    ,  0.96,  0.47,  0.45,  0.02,  0.00,   37524293,   34464000,    3040000,   49961221, python, iotlab1, mult, 25
11301645    ,  0.93,  0.46,  0.45,  0.02,  0.00,   37712132,   34711000,    2975000,   50145915, python, iotlab1, mult, 25
11301645    ,  0.95,  0.47,  0.46,  0.02,  0.00,   38102322,   36085000,    2004000,   50498380, python, iotlab1, mult, 25
11670762    ,  1.81,  0.87,  0.85,  0.06,  0.00,   69975634,   58665000,   11126000,   82314181, python, iotlab1, mult, 25
11670762    ,  1.81,  0.86,  0.84,  0.06,  0.00,   69774311,   57993000,   11795000,   82208016, python, iotlab1, mult, 25
11670762    ,  1.80,  0.86,  0.84,  0.06,  0.00,   69995439,   62973000,    6997000,   82362725, python, iotlab1, mult, 25
11670762    ,  1.82,  0.86,  0.84,  0.06,  0.00,   69577010,   59555000,    9925000,   82027876, python, iotlab1, mult, 25
11670762    ,  1.81,  0.86,  0.84,  0.06,  0.00,   69413553,   59403000,    9900000,   81722045, python, iotlab1, mult, 25
11670762    ,  1.83,  0.86,  0.85,  0.06,  0.00,   69519807,   56595000,   12907000,   81918064, python, iotlab1, mult, 25
11670762    ,  1.82,  0.86,  0.83,  0.06,  0.00,   69125512,   61035000,    8004000,   81594722, python, iotlab1, mult, 25
11670762    ,  1.83,  0.86,  0.84,  0.06,  0.00,   69169970,   54101000,   15028000,   81549656, python, iotlab1, mult, 25
11670762    ,  1.81,  0.87,  0.84,  0.06,  0.00,   69987070,   58964000,   10993000,   82385014, python, iotlab1, mult, 25
11670762    ,  1.84,  0.88,  0.85,  0.06,  0.00,   69421960,   60269000,    9040000,   81957131, python, iotlab1, mult, 25
11691117    ,  2.02,  0.96,  0.94,  0.06,  0.00,   77907038,   67504000,   10075000,   90330568, python, iotlab1, mult, 25
11691117    ,  2.00,  0.95,  0.92,  0.06,  0.00,   79466992,   66367000,   13072000,   91947837, python, iotlab1, mult, 25
11691117    ,  2.03,  0.96,  0.94,  0.06,  0.00,   78098631,   69976000,    7997000,   90603158, python, iotlab1, mult, 25
11691117    ,  2.00,  0.96,  0.94,  0.06,  0.00,   77529594,   67565000,    9936000,   89873780, python, iotlab1, mult, 25
11691117    ,  2.06,  0.97,  0.94,  0.06,  0.00,   77680653,   67698000,    9955000,   90121655, python, iotlab1, mult, 25
11691117    ,  2.05,  0.97,  0.95,  0.06,  0.00,   77402302,   60444000,   16845000,   89786225, python, iotlab1, mult, 25
11691117    ,  2.03,  0.97,  0.94,  0.06,  0.00,   77827229,   63037000,   14774000,   90265570, python, iotlab1, mult, 25
11691117    ,  2.06,  0.97,  0.94,  0.06,  0.00,   77360127,   63283000,   14063000,   90029006, python, iotlab1, mult, 25
11691117    ,  2.05,  0.96,  0.94,  0.06,  0.00,   77626932,   62635000,   14913000,   90062247, python, iotlab1, mult, 25
11691117    ,  2.04,  0.96,  0.93,  0.06,  0.00,   77208580,   68082000,    9010000,   89686260, python, iotlab1, mult, 25
11928781    ,  3.77,  1.74,  1.69,  0.17,  0.00,  145791568,  132583000,   12959000,  158183893, python, iotlab1, mult, 25
11928781    ,  3.85,  1.77,  1.71,  0.17,  0.00,  146619193,  136471000,    9961000,  159117516, python, iotlab1, mult, 25
11928781    ,  3.79,  1.75,  1.69,  0.17,  0.00,  145520785,  137477000,    8027000,  157903262, python, iotlab1, mult, 25
11928781    ,  3.92,  1.81,  1.74,  0.17,  0.00,  149247411,  133199000,   16024000,  161683530, python, iotlab1, mult, 25
11928781    ,  3.73,  1.74,  1.69,  0.17,  0.00,  144489861,  133431000,   11035000,  156927368, python, iotlab1, mult, 25
11928781    ,  3.79,  1.77,  1.72,  0.17,  0.00,  146550886,  130446000,   16054000,  158841469, python, iotlab1, mult, 25
11928781    ,  3.83,  1.77,  1.71,  0.17,  0.00,  146438112,  137397000,    9026000,  158901257, python, iotlab1, mult, 25
11928781    ,  3.77,  1.72,  1.67,  0.17,  0.00,  144631360,  130639000,   13961000,  156980134, python, iotlab1, mult, 25
11928781    ,  3.74,  1.72,  1.67,  0.17,  0.00,  144425171,  128342000,   15918000,  156819397, python, iotlab1, mult, 25
11928781    ,  3.80,  1.75,  1.68,  0.17,  0.00,  144182148,  131139000,   13013000,  156680479, python, iotlab1, mult, 25
11967527    ,  2.17,  1.03,  1.00,  0.06,  0.00,   81738197,   73397000,    7934000,   94294887, python, iotlab1, mult, 25
11967527    ,  2.14,  1.01,  0.98,  0.06,  0.00,   81615384,   69666000,   11942000,   94142933, python, iotlab1, mult, 25
11967527    ,  2.16,  1.01,  0.99,  0.06,  0.00,   81681317,   68620000,   12928000,   94100957, python, iotlab1, mult, 25
11967527    ,  2.21,  1.03,  1.00,  0.06,  0.00,   81574987,   71617000,    9946000,   93984687, python, iotlab1, mult, 25
11967527    ,  2.22,  1.04,  1.01,  0.06,  0.00,   82447313,   73414000,    8928000,   94741963, python, iotlab1, mult, 25
11967527    ,  2.17,  1.03,  0.99,  0.06,  0.00,   81286107,   72220000,    9027000,   93644405, python, iotlab1, mult, 25
11967527    ,  2.13,  1.02,  1.00,  0.06,  0.00,   81388847,   70236000,   11037000,   93911807, python, iotlab1, mult, 25
11967527    ,  2.18,  1.04,  1.01,  0.06,  0.00,   82668757,   71578000,   10935000,   95105300, python, iotlab1, mult, 25
11967527    ,  2.13,  1.00,  0.98,  0.06,  0.00,   82368007,   67278000,   15062000,   94639769, python, iotlab1, mult, 25
11967527    ,  2.18,  1.03,  1.00,  0.06,  0.00,   82648308,   71593000,   10937000,   95071073, python, iotlab1, mult, 25
12171581    ,  0.85,  0.40,  0.39,  0.02,  0.00,   33005525,   27704000,    5130000,   45921678, python, iotlab1, mult, 25
12171581    ,  0.86,  0.41,  0.39,  0.02,  0.00,   32362808,   30254000,    2016000,   44840649, python, iotlab1, mult, 25
12171581    ,  0.85,  0.41,  0.40,  0.02,  0.00,   32863242,   29775000,    2977000,   45301399, python, iotlab1, mult, 25
12171581    ,  0.82,  0.40,  0.39,  0.02,  0.00,   32988965,   27971000,    4994000,   45305295, python, iotlab1, mult, 25
12171581    ,  0.82,  0.40,  0.38,  0.02,  0.00,   33413061,   32377000,    1011000,   45857724, python, iotlab1, mult, 25
12171581    ,  0.83,  0.40,  0.39,  0.02,  0.00,   32460566,   26552000,    5900000,   44851778, python, iotlab1, mult, 25
12171581    ,  0.81,  0.39,  0.39,  0.02,  0.00,   32849812,   26826000,    5961000,   45265605, python, iotlab1, mult, 25
12171581    ,  0.84,  0.40,  0.39,  0.02,  0.00,   32463084,   25495000,    6864000,   44828159, python, iotlab1, mult, 25
12171581    ,  0.82,  0.39,  0.39,  0.02,  0.00,   32682752,   29500000,    3051000,   45147718, python, iotlab1, mult, 25
12171581    ,  0.83,  0.40,  0.39,  0.02,  0.00,   32447981,   24558000,    7858000,   44832271, python, iotlab1, mult, 25
12174213    ,  0.81,  0.40,  0.38,  0.02,  0.00,   32799966,   28617000,    3947000,   45264788, python, iotlab1, mult, 25
12174213    ,  0.83,  0.40,  0.38,  0.02,  0.00,   32442676,   29295000,    3030000,   45023703, python, iotlab1, mult, 25
12174213    ,  0.83,  0.39,  0.39,  0.02,  0.00,   32433064,   27425000,    4897000,   44819742, python, iotlab1, mult, 25
12174213    ,  0.84,  0.40,  0.38,  0.02,  0.00,   32502714,   31489000,     984000,   44879695, python, iotlab1, mult, 25
12174213    ,  0.83,  0.40,  0.38,  0.02,  0.00,   32413866,   30253000,    2016000,   44933640, python, iotlab1, mult, 25
12174213    ,  0.85,  0.41,  0.40,  0.02,  0.00,   32568238,   28577000,    3941000,   44982615, python, iotlab1, mult, 25
12174213    ,  0.81,  0.39,  0.38,  0.02,  0.00,   32432615,   27479000,    4907000,   44963308, python, iotlab1, mult, 25
12174213    ,  0.86,  0.41,  0.39,  0.02,  0.00,   32492026,   25553000,    6879000,   44947832, python, iotlab1, mult, 25
12174213    ,  0.81,  0.38,  0.38,  0.02,  0.00,   32557846,   27538000,    4917000,   45041735, python, iotlab1, mult, 25
12174213    ,  0.79,  0.39,  0.38,  0.02,  0.00,   32451819,   23578000,    8841000,   44827570, python, iotlab1, mult, 25
12205197    ,  1.87,  0.88,  0.85,  0.05,  0.00,   71608468,   59475000,   11895000,   84028439, python, iotlab1, mult, 25
12205197    ,  1.86,  0.87,  0.85,  0.05,  0.00,   71292850,   55431000,   15837000,   83522651, python, iotlab1, mult, 25
12205197    ,  1.88,  0.88,  0.86,  0.05,  0.00,   71007299,   56932000,   13983000,   83311290, python, iotlab1, mult, 25
12205197    ,  1.88,  0.88,  0.85,  0.05,  0.00,   71806429,   62682000,    9099000,   84089461, python, iotlab1, mult, 25
12205197    ,  1.88,  0.88,  0.86,  0.05,  0.00,   70908338,   60675000,   10112000,   83352716, python, iotlab1, mult, 25
12205197    ,  1.87,  0.88,  0.86,  0.05,  0.00,   71075088,   61022000,   10003000,   83705542, python, iotlab1, mult, 25
12205197    ,  1.86,  0.86,  0.83,  0.05,  0.00,   71522264,   61402000,   10066000,   83933402, python, iotlab1, mult, 25
12205197    ,  1.89,  0.89,  0.85,  0.05,  0.00,   71211003,   62185000,    9026000,   83583075, python, iotlab1, mult, 25
12205197    ,  1.86,  0.87,  0.85,  0.05,  0.00,   71351474,   59271000,   12055000,   83718867, python, iotlab1, mult, 25
12205197    ,  1.87,  0.88,  0.85,  0.05,  0.00,   70971410,   59899000,   10981000,   83369214, python, iotlab1, mult, 25
12520916    ,  0.76,  0.37,  0.36,  0.02,  0.00,   31086203,   27862000,    2985000,   43559255, python, iotlab1, mult, 25
12520916    ,  0.77,  0.37,  0.36,  0.02,  0.00,   31139355,   25238000,    5824000,   43638239, python, iotlab1, mult, 25
12520916    ,  0.77,  0.37,  0.37,  0.02,  0.00,   31147193,   25095000,    6022000,   43553354, python, iotlab1, mult, 25
12520916    ,  0.79,  0.39,  0.37,  0.02,  0.00,   31083076,   30064000,    1002000,   43588095, python, iotlab1, mult, 25
12520916    ,  0.79,  0.39,  0.37,  0.02,  0.00,   31350946,   23483000,    7827000,   43848225, python, iotlab1, mult, 25
12520916    ,  0.78,  0.38,  0.38,  0.02,  0.00,   30773907,   26725000,    3959000,   43288920, python, iotlab1, mult, 25
12520916    ,  0.77,  0.38,  0.37,  0.02,  0.00,   31147755,   23371000,    7790000,   43528340, python, iotlab1, mult, 25
12520916    ,  0.75,  0.37,  0.37,  0.02,  0.00,   30745776,   26757000,    3964000,   43123665, python, iotlab1, mult, 25
12520916    ,  0.74,  0.36,  0.37,  0.02,  0.00,   30884503,   24884000,    5972000,   43275509, python, iotlab1, mult, 25
12520916    ,  0.77,  0.38,  0.37,  0.02,  0.00,   31163126,   27120000,    4017000,   43669629, python, iotlab1, mult, 25
12583203    ,  0.78,  0.37,  0.36,  0.02,  0.00,   31821233,   25665000,    5922000,   44253674, python, iotlab1, mult, 25
12583203    ,  0.79,  0.39,  0.37,  0.02,  0.00,   31353434,   24271000,    7079000,   43790722, python, iotlab1, mult, 25
12583203    ,  0.77,  0.37,  0.37,  0.02,  0.00,   31318426,   29260000,    2017000,   43645827, python, iotlab1, mult, 25
12583203    ,  0.78,  0.38,  0.37,  0.02,  0.00,   31243343,   29200000,    2013000,   43652552, python, iotlab1, mult, 25
12583203    ,  0.78,  0.38,  0.38,  0.02,  0.00,   31252134,   26188000,    5036000,   43612042, python, iotlab1, mult, 25
12583203    ,  0.77,  0.37,  0.37,  0.02,  0.00,   31114733,   24063000,    7018000,   43576834, python, iotlab1, mult, 25
12583203    ,  0.80,  0.38,  0.37,  0.02,  0.00,   31785932,   27291000,    3898000,   44145381, python, iotlab1, mult, 25
12583203    ,  0.84,  0.40,  0.38,  0.02,  0.00,   31114252,   26011000,    5002000,   43654310, python, iotlab1, mult, 25
12583203    ,  0.78,  0.37,  0.37,  0.02,  0.00,   30897475,   27786000,    2977000,   43378649, python, iotlab1, mult, 25
12583203    ,  0.81,  0.38,  0.38,  0.02,  0.00,   31200763,   26079000,    5015000,   43681199, python, iotlab1, mult, 25
12784097    ,  0.76,  0.38,  0.37,  0.02,  0.00,   31665657,   24538000,    6870000,   44166021, python, iotlab1, mult, 25
12784097    ,  0.82,  0.38,  0.38,  0.02,  0.00,   31145215,   29029000,    2002000,   43620552, python, iotlab1, mult, 25
12784097    ,  0.84,  0.40,  0.38,  0.02,  0.00,   31242927,   26187000,    5035000,   43744131, python, iotlab1, mult, 25
12784097    ,  0.77,  0.37,  0.37,  0.02,  0.00,   31296455,   25222000,    6053000,   43660977, python, iotlab1, mult, 25
12784097    ,  0.77,  0.37,  0.36,  0.02,  0.00,   32036718,   27012000,    5002000,   44378006, python, iotlab1, mult, 25
12784097    ,  0.80,  0.39,  0.37,  0.02,  0.00,   31173152,   25060000,    6014000,   43612172, python, iotlab1, mult, 25
12784097    ,  0.77,  0.38,  0.38,  0.02,  0.00,   30891305,   25894000,    4979000,   43265493, python, iotlab1, mult, 25
12784097    ,  0.79,  0.39,  0.38,  0.02,  0.00,   31145517,   25077000,    6018000,   43508289, python, iotlab1, mult, 25
12784097    ,  0.80,  0.39,  0.38,  0.02,  0.00,   31590757,   25641000,    5917000,   44107412, python, iotlab1, mult, 25
12784097    ,  0.79,  0.38,  0.37,  0.02,  0.00,   31053917,   25006000,    6001000,   43456360, python, iotlab1, mult, 25
12811249    ,  1.87,  0.89,  0.87,  0.06,  0.00,   72072943,   61826000,    9972000,   84456744, python, iotlab1, mult, 25
12811249    ,  1.90,  0.90,  0.87,  0.06,  0.00,   71269421,   62155000,    9022000,   83661178, python, iotlab1, mult, 25
12811249    ,  1.87,  0.90,  0.87,  0.06,  0.00,   71962391,   60919000,   10985000,   84297929, python, iotlab1, mult, 25
12811249    ,  1.84,  0.88,  0.86,  0.05,  0.00,   71114775,   58243000,   12833000,   83556504, python, iotlab1, mult, 25
12811249    ,  1.93,  0.91,  0.88,  0.06,  0.00,   72135786,   60018000,   12003000,   84608393, python, iotlab1, mult, 25
12811249    ,  1.85,  0.88,  0.86,  0.05,  0.00,   71713236,   56745000,   14932000,   84120884, python, iotlab1, mult, 25
12811249    ,  1.88,  0.89,  0.86,  0.06,  0.00,   70802890,   62588000,    8075000,   83236501, python, iotlab1, mult, 25
12811249    ,  1.90,  0.89,  0.87,  0.05,  0.00,   71496683,   59550000,   11910000,   83857612, python, iotlab1, mult, 25
12811249    ,  1.90,  0.89,  0.86,  0.06,  0.00,   70880734,   59705000,   11131000,   83304979, python, iotlab1, mult, 25
12811249    ,  1.88,  0.89,  0.87,  0.05,  0.00,   71544432,   60507000,   10911000,   84038845, python, iotlab1, mult, 25
12832048    ,  1.33,  0.63,  0.61,  0.04,  0.00,   50219391,   42985000,    6997000,   62591367, python, iotlab1, mult, 25
12832048    ,  1.32,  0.62,  0.61,  0.04,  0.00,   50039407,   41105000,    8808000,   62573383, python, iotlab1, mult, 25
12832048    ,  1.28,  0.61,  0.60,  0.04,  0.00,   50047307,   41028000,    9006000,   62481164, python, iotlab1, mult, 25
12832048    ,  1.29,  0.61,  0.60,  0.04,  0.00,   50415684,   41216000,    9047000,   62914029, python, iotlab1, mult, 25
12832048    ,  1.28,  0.61,  0.60,  0.04,  0.00,   49876608,   42803000,    6967000,   62281158, python, iotlab1, mult, 25
12832048    ,  1.30,  0.62,  0.60,  0.04,  0.00,   49856746,   41791000,    7960000,   62246172, python, iotlab1, mult, 25
12832048    ,  1.29,  0.60,  0.59,  0.04,  0.00,   50961577,   40751000,   10187000,   63274785, python, iotlab1, mult, 25
12832048    ,  1.30,  0.61,  0.60,  0.04,  0.00,   49910411,   34918000,   14965000,   62272019, python, iotlab1, mult, 25
12832048    ,  1.28,  0.60,  0.60,  0.03,  0.00,   49845650,   41752000,    7952000,   62298056, python, iotlab1, mult, 25
12832048    ,  1.32,  0.62,  0.61,  0.04,  0.00,   50085773,   41982000,    7996000,   62640006, python, iotlab1, mult, 25
12845650    ,  2.52,  1.19,  1.17,  0.07,  0.00,   96620560,   85341000,   11044000,  108987356, python, iotlab1, mult, 25
12845650    ,  2.50,  1.18,  1.14,  0.07,  0.00,   93410828,   81344000,   12051000,  105856113, python, iotlab1, mult, 25
12845650    ,  2.49,  1.18,  1.15,  0.07,  0.00,   93716100,   77753000,   15949000,  106163417, python, iotlab1, mult, 25
12845650    ,  2.47,  1.17,  1.14,  0.07,  0.00,   94019908,   84968000,    8996000,  106560439, python, iotlab1, mult, 25
12845650    ,  2.47,  1.17,  1.13,  0.07,  0.00,   93630143,   80659000,   12945000,  106150452, python, iotlab1, mult, 25
12845650    ,  2.49,  1.19,  1.17,  0.07,  0.00,   94738411,   79770000,   14956000,  107233845, python, iotlab1, mult, 25
12845650    ,  2.59,  1.23,  1.20,  0.07,  0.00,   97987517,   86975000,   10996000,  110491712, python, iotlab1, mult, 25
12845650    ,  2.47,  1.17,  1.13,  0.07,  0.00,   93225590,   83178000,   10021000,  105682232, python, iotlab1, mult, 25
12845650    ,  2.55,  1.21,  1.17,  0.07,  0.00,   95188303,   84160000,   11021000,  107554614, python, iotlab1, mult, 25
12845650    ,  2.49,  1.19,  1.15,  0.07,  0.00,   93685063,   81578000,   12085000,  106175208, python, iotlab1, mult, 25
13128961    ,  2.08,  0.98,  0.95,  0.06,  0.00,   78558989,   69290000,    9037000,   90956420, python, iotlab1, mult, 25
13128961    ,  2.06,  0.96,  0.93,  0.06,  0.00,   77763177,   63761000,   13947000,   90121721, python, iotlab1, mult, 25
13128961    ,  2.03,  0.95,  0.94,  0.06,  0.00,   77457367,   68382000,    9050000,   89899429, python, iotlab1, mult, 25
13128961    ,  2.05,  0.96,  0.93,  0.06,  0.00,   77543354,   63604000,   13913000,   90012992, python, iotlab1, mult, 25
13128961    ,  2.02,  0.95,  0.93,  0.06,  0.00,   77603947,   63648000,   13923000,   90018225, python, iotlab1, mult, 25
13128961    ,  2.02,  0.95,  0.94,  0.06,  0.00,   77792940,   66658000,   11109000,   90312528, python, iotlab1, mult, 25
13128961    ,  2.07,  0.97,  0.95,  0.06,  0.00,   78053506,   63024000,   15005000,   90604624, python, iotlab1, mult, 25
13128961    ,  2.06,  0.97,  0.95,  0.06,  0.00,   77902671,   71001000,    6902000,   90392674, python, iotlab1, mult, 25
13128961    ,  2.08,  0.96,  0.94,  0.06,  0.00,   77409269,   69303000,    8035000,   89825157, python, iotlab1, mult, 25
13128961    ,  2.03,  0.96,  0.93,  0.06,  0.00,   77839801,   65040000,   12810000,   90316920, python, iotlab1, mult, 25
13157040    ,  0.78,  0.37,  0.36,  0.02,  0.00,   31104013,   27881000,    2987000,   43421011, python, iotlab1, mult, 25
13157040    ,  0.80,  0.39,  0.38,  0.02,  0.00,   30575772,   25467000,    5093000,   42992264, python, iotlab1, mult, 25
13157040    ,  0.78,  0.37,  0.36,  0.02,  0.00,   30545561,   26452000,    4069000,   42978299, python, iotlab1, mult, 25
13157040    ,  0.78,  0.37,  0.37,  0.02,  0.00,   30379393,   21552000,    8817000,   42766212, python, iotlab1, mult, 25
13157040    ,  0.77,  0.37,  0.36,  0.02,  0.00,   30501059,   29461000,    1015000,   42954875, python, iotlab1, mult, 25
13157040    ,  0.77,  0.37,  0.36,  0.02,  0.00,   30640185,   23709000,    6915000,   43161897, python, iotlab1, mult, 25
13157040    ,  0.78,  0.37,  0.37,  0.02,  0.00,   30427657,   27374000,    3041000,   42819446, python, iotlab1, mult, 25
13157040    ,  0.77,  0.37,  0.36,  0.02,  0.00,   30782930,   24805000,    5953000,   43154999, python, iotlab1, mult, 25
13157040    ,  0.76,  0.37,  0.36,  0.02,  0.00,   30807781,   22845000,    7946000,   43453266, python, iotlab1, mult, 25
13157040    ,  0.77,  0.37,  0.36,  0.02,  0.00,   30848205,   27755000,    3083000,   43375843, python, iotlab1, mult, 25
13291010    ,  3.12,  1.44,  1.40,  0.12,  0.00,  120174296,  111926000,    7994000,  132565229, python, iotlab1, mult, 25
13291010    ,  3.11,  1.43,  1.39,  0.11,  0.00,  118169863,  102193000,   15874000,  130602259, python, iotlab1, mult, 25
13291010    ,  3.05,  1.39,  1.36,  0.11,  0.00,  116807287,  101729000,   14960000,  129124448, python, iotlab1, mult, 25
13291010    ,  3.10,  1.43,  1.38,  0.11,  0.00,  118311564,  102337000,   15897000,  130800047, python, iotlab1, mult, 25
13291010    ,  3.06,  1.42,  1.38,  0.11,  0.00,  117304524,  101195000,   16030000,  129758000, python, iotlab1, mult, 25
13291010    ,  3.15,  1.45,  1.40,  0.12,  0.00,  119251963,  108198000,   11020000,  131687135, python, iotlab1, mult, 25
13291010    ,  3.11,  1.44,  1.40,  0.11,  0.00,  118571562,  101581000,   16930000,  130990015, python, iotlab1, mult, 25
13291010    ,  3.11,  1.44,  1.40,  0.11,  0.00,  119212817,  106158000,   13019000,  131764008, python, iotlab1, mult, 25
13291010    ,  3.09,  1.43,  1.40,  0.11,  0.00,  117716305,  106664000,   10965000,  130129330, python, iotlab1, mult, 25
13291010    ,  3.14,  1.45,  1.41,  0.11,  0.00,  118802780,  105726000,   12966000,  131328368, python, iotlab1, mult, 25
13354272    ,  0.85,  0.41,  0.40,  0.02,  0.00,   32713753,   27408000,    5075000,   45082992, python, iotlab1, mult, 25
13354272    ,  0.86,  0.41,  0.39,  0.02,  0.00,   32535733,   28569000,    3940000,   44901924, python, iotlab1, mult, 25
13354272    ,  0.81,  0.40,  0.39,  0.02,  0.00,   32474062,   25289000,    7080000,   44933148, python, iotlab1, mult, 25
13354272    ,  0.87,  0.42,  0.40,  0.02,  0.00,   32496946,   24606000,    7874000,   44978436, python, iotlab1, mult, 25
13354272    ,  0.84,  0.40,  0.39,  0.02,  0.00,   32503069,   28311000,    4044000,   44864781, python, iotlab1, mult, 25
13354272    ,  0.83,  0.40,  0.39,  0.02,  0.00,   32235026,   29203000,    3021000,   44552932, python, iotlab1, mult, 25
13354272    ,  0.82,  0.39,  0.39,  0.02,  0.00,   32454108,   25262000,    7073000,   44821171, python, iotlab1, mult, 25
13354272    ,  0.86,  0.41,  0.40,  0.02,  0.00,   32510492,   24619000,    7878000,   44934220, python, iotlab1, mult, 25
13354272    ,  0.84,  0.41,  0.39,  0.02,  0.00,   32424110,   25482000,    6860000,   44722788, python, iotlab1, mult, 25
13354272    ,  0.83,  0.40,  0.40,  0.02,  0.00,   32469912,   28401000,    4057000,   44807825, python, iotlab1, mult, 25
13421220    ,  0.86,  0.41,  0.40,  0.02,  0.00,   33595387,   30228000,    3022000,   46008034, python, iotlab1, mult, 25
13421220    ,  0.86,  0.42,  0.41,  0.02,  0.00,   33553174,   28608000,    4932000,   45866582, python, iotlab1, mult, 25
13421220    ,  0.88,  0.42,  0.40,  0.02,  0.00,   33655217,   28584000,    4928000,   46129167, python, iotlab1, mult, 25
13421220    ,  0.83,  0.40,  0.40,  0.02,  0.00,   33512172,   28562000,    4924000,   45841572, python, iotlab1, mult, 25
13421220    ,  0.87,  0.42,  0.41,  0.02,  0.00,   33648176,   24723000,    8900000,   45983427, python, iotlab1, mult, 25
13421220    ,  0.85,  0.41,  0.40,  0.02,  0.00,   33711995,   27740000,    5944000,   46146427, python, iotlab1, mult, 25
13421220    ,  0.81,  0.40,  0.40,  0.02,  0.00,   33597846,   28480000,    5085000,   45934561, python, iotlab1, mult, 25
13421220    ,  0.85,  0.41,  0.40,  0.02,  0.00,   33341503,   28245000,    5043000,   45615849, python, iotlab1, mult, 25
13421220    ,  0.87,  0.42,  0.40,  0.02,  0.00,   33614742,   27470000,    6104000,   46219958, python, iotlab1, mult, 25
13421220    ,  0.87,  0.42,  0.41,  0.02,  0.00,   33731038,   30733000,    2974000,   46040156, python, iotlab1, mult, 25
13467125    ,  1.97,  0.92,  0.90,  0.06,  0.00,   74801584,   63568000,   10925000,   87227110, python, iotlab1, mult, 25
13467125    ,  1.96,  0.92,  0.89,  0.06,  0.00,   74368139,   64297000,   10046000,   86796176, python, iotlab1, mult, 25
13467125    ,  1.98,  0.93,  0.91,  0.06,  0.00,   75784011,   64785000,   10963000,   88246950, python, iotlab1, mult, 25
13467125    ,  1.98,  0.92,  0.90,  0.06,  0.00,   74911992,   67444000,    6942000,   87319594, python, iotlab1, mult, 25
13467125    ,  1.96,  0.91,  0.89,  0.06,  0.00,   74627509,   62495000,   12095000,   87093853, python, iotlab1, mult, 25
13467125    ,  1.95,  0.91,  0.89,  0.06,  0.00,   74433964,   65355000,    9049000,   86735660, python, iotlab1, mult, 25
13467125    ,  1.94,  0.91,  0.89,  0.06,  0.00,   74394373,   61485000,   12892000,   86991967, python, iotlab1, mult, 25
13467125    ,  2.00,  0.93,  0.90,  0.06,  0.00,   74727732,   56807000,   17939000,   87301212, python, iotlab1, mult, 25
13467125    ,  1.96,  0.91,  0.89,  0.06,  0.00,   74678358,   64560000,   10087000,   87154764, python, iotlab1, mult, 25
13467125    ,  1.97,  0.92,  0.90,  0.06,  0.00,   74896479,   66826000,    7979000,   87311830, python, iotlab1, mult, 25
13815641    ,  0.82,  0.38,  0.37,  0.02,  0.00,   31724646,   26402000,    5077000,   44132321, python, iotlab1, mult, 25
13815641    ,  0.80,  0.38,  0.37,  0.02,  0.00,   30937447,   24939000,    5985000,   43412913, python, iotlab1, mult, 25
13815641    ,  0.80,  0.38,  0.38,  0.02,  0.00,   31190996,   26152000,    5029000,   43660758, python, iotlab1, mult, 25
13815641    ,  0.80,  0.38,  0.37,  0.02,  0.00,   30873521,   23892000,    6968000,   43422866, python, iotlab1, mult, 25
13815641    ,  0.78,  0.37,  0.36,  0.02,  0.00,   31194808,   25140000,    6033000,   43559900, python, iotlab1, mult, 25
13815641    ,  0.80,  0.38,  0.37,  0.02,  0.00,   30843573,   24864000,    5967000,   43337150, python, iotlab1, mult, 25
13815641    ,  0.80,  0.38,  0.37,  0.02,  0.00,   30630547,   27653000,    2962000,   43234220, python, iotlab1, mult, 25
13815641    ,  0.82,  0.39,  0.37,  0.02,  0.00,   31448942,   27494000,    3927000,   43769996, python, iotlab1, mult, 25
13815641    ,  0.80,  0.38,  0.37,  0.02,  0.00,   30954569,   23940000,    6982000,   43463011, python, iotlab1, mult, 25
13815641    ,  0.80,  0.38,  0.37,  0.02,  0.00,   31062229,   26019000,    5003000,   43490654, python, iotlab1, mult, 25
14229728    ,  1.96,  0.91,  0.89,  0.06,  0.00,   73014460,   63676000,    9096000,   85488997, python, iotlab1, mult, 25
14229728    ,  1.87,  0.88,  0.86,  0.06,  0.00,   72897798,   61900000,   10982000,   85326243, python, iotlab1, mult, 25
14229728    ,  1.92,  0.90,  0.87,  0.06,  0.00,   72345472,   61421000,   10897000,   84621829, python, iotlab1, mult, 25
14229728    ,  1.91,  0.90,  0.88,  0.06,  0.00,   73451926,   59315000,   14074000,   85922526, python, iotlab1, mult, 25
14229728    ,  1.94,  0.90,  0.88,  0.06,  0.00,   72862894,   60457000,   11893000,   85284404, python, iotlab1, mult, 25
14229728    ,  1.92,  0.89,  0.86,  0.06,  0.00,   72529408,   59561000,   12904000,   84975009, python, iotlab1, mult, 25
14229728    ,  1.89,  0.89,  0.86,  0.06,  0.00,   72958760,   59944000,   12987000,   85418602, python, iotlab1, mult, 25
14229728    ,  1.90,  0.89,  0.87,  0.06,  0.00,   72816719,   58641000,   14154000,   85367447, python, iotlab1, mult, 25
14229728    ,  1.93,  0.90,  0.88,  0.06,  0.00,   72815563,   59831000,   12963000,   85109098, python, iotlab1, mult, 25
14229728    ,  1.93,  0.91,  0.88,  0.06,  0.00,   72359758,   62308000,   10049000,   84976029, python, iotlab1, mult, 25
14323285    ,  1.83,  0.87,  0.85,  0.05,  0.00,   70855259,   62675000,    7958000,   83381575, python, iotlab1, mult, 25
14323285    ,  1.85,  0.87,  0.85,  0.05,  0.00,   69921155,   59921000,    9986000,   82352234, python, iotlab1, mult, 25
14323285    ,  1.86,  0.87,  0.85,  0.05,  0.00,   70032928,   61995000,    7999000,   82539192, python, iotlab1, mult, 25
14323285    ,  1.86,  0.87,  0.84,  0.05,  0.00,   70055832,   54029000,   16008000,   82493497, python, iotlab1, mult, 25
14323285    ,  1.84,  0.86,  0.84,  0.05,  0.00,   70183450,   55147000,   15040000,   82612906, python, iotlab1, mult, 25
14323285    ,  1.87,  0.88,  0.85,  0.05,  0.00,   70370409,   58464000,   11891000,   82844329, python, iotlab1, mult, 25
14323285    ,  1.86,  0.88,  0.85,  0.05,  0.00,   69988246,   58973000,   10995000,   82437743, python, iotlab1, mult, 25
14323285    ,  1.83,  0.86,  0.84,  0.05,  0.00,   69900529,   60883000,    8982000,   82192269, python, iotlab1, mult, 25
14323285    ,  1.83,  0.86,  0.83,  0.05,  0.00,   70122522,   61084000,    9012000,   82475230, python, iotlab1, mult, 25
14323285    ,  1.84,  0.86,  0.84,  0.05,  0.00,   70021473,   54992000,   14997000,   82564606, python, iotlab1, mult, 25
14333520    ,  2.33,  1.07,  1.05,  0.07,  0.00,   90357806,   79047000,   11006000,  103545343, python, iotlab1, mult, 25
14333520    ,  2.37,  1.11,  1.08,  0.07,  0.00,   88155578,   76042000,   12006000,  100653710, python, iotlab1, mult, 25
14333520    ,  2.37,  1.11,  1.07,  0.06,  0.00,   88455552,   77497000,   10929000,  100879141, python, iotlab1, mult, 25
14333520    ,  2.33,  1.11,  1.07,  0.07,  0.00,   88411253,   74483000,   13903000,  100989066, python, iotlab1, mult, 25
14333520    ,  2.40,  1.13,  1.10,  0.07,  0.00,   89487549,   76467000,   12910000,  101987783, python, iotlab1, mult, 25
14333520    ,  2.35,  1.11,  1.08,  0.07,  0.00,   88741938,   73763000,   14952000,  101136764, python, iotlab1, mult, 25
14333520    ,  2.35,  1.11,  1.07,  0.07,  0.00,   87361676,   73296000,   14056000,   99746678, python, iotlab1, mult, 25
14333520    ,  2.28,  1.08,  1.05,  0.06,  0.00,   87222259,   75070000,   12011000,   99717987, python, iotlab1, mult, 25
14333520    ,  2.28,  1.09,  1.06,  0.06,  0.00,   87084256,   75050000,   12008000,   99385676, python, iotlab1, mult, 25
14333520    ,  2.31,  1.10,  1.06,  0.07,  0.00,   87499181,   74550000,   12922000,   99803441, python, iotlab1, mult, 25
14386378    ,  1.74,  0.82,  0.80,  0.05,  0.00,   66912097,   55700000,   10941000,   79427181, python, iotlab1, mult, 25
14386378    ,  1.78,  0.83,  0.81,  0.05,  0.00,   66451750,   54537000,   11898000,   79014557, python, iotlab1, mult, 25
14386378    ,  1.76,  0.82,  0.80,  0.05,  0.00,   66273478,   57221000,    9034000,   78778727, python, iotlab1, mult, 25
14386378    ,  1.77,  0.83,  0.80,  0.05,  0.00,   66502071,   56558000,    9922000,   79060658, python, iotlab1, mult, 25
14386378    ,  1.81,  0.84,  0.81,  0.05,  0.00,   66861740,   54867000,   11971000,   79253933, python, iotlab1, mult, 25
14386378    ,  1.77,  0.83,  0.80,  0.05,  0.00,   66559178,   53601000,   12903000,   78922600, python, iotlab1, mult, 25
14386378    ,  1.78,  0.83,  0.80,  0.05,  0.00,   66469135,   54546000,   11901000,   78951668, python, iotlab1, mult, 25
14386378    ,  1.87,  0.88,  0.85,  0.05,  0.00,   67676728,   54728000,   12935000,   80075039, python, iotlab1, mult, 25
14386378    ,  1.81,  0.84,  0.81,  0.05,  0.00,   66560557,   56542000,    9919000,   78958478, python, iotlab1, mult, 25
14386378    ,  1.75,  0.83,  0.80,  0.05,  0.00,   66779156,   57661000,    9104000,   79296659, python, iotlab1, mult, 25
14440012    ,  0.39,  0.18,  0.17,  0.01,  0.00,   14622731,   10563000,    3841000,   27046717, python, iotlab1, mult, 25
14440012    ,  0.36,  0.17,  0.18,  0.01,  0.00,   14501281,   11354000,    3096000,   27031262, python, iotlab1, mult, 25
14440012    ,  0.35,  0.17,  0.17,  0.01,  0.00,   14547029,   11402000,    3109000,   26991191, python, iotlab1, mult, 25
14440012    ,  0.38,  0.19,  0.18,  0.01,  0.00,   14527946,   11610000,    2902000,   26979744, python, iotlab1, mult, 25
14440012    ,  0.38,  0.19,  0.18,  0.01,  0.00,   14618995,    9746000,    4873000,   27162408, python, iotlab1, mult, 25
14440012    ,  0.38,  0.19,  0.18,  0.01,  0.00,   14578056,    8741000,    5827000,   27057709, python, iotlab1, mult, 25
14440012    ,  0.40,  0.18,  0.17,  0.01,  0.00,   14792052,   12713000,    1955000,   27227785, python, iotlab1, mult, 25
14440012    ,  0.36,  0.17,  0.16,  0.01,  0.00,   14631804,   13571000,    1043000,   26950388, python, iotlab1, mult, 25
14440012    ,  0.36,  0.17,  0.16,  0.01,  0.00,   14812582,   10845000,    3943000,   27161369, python, iotlab1, mult, 25
14440012    ,  0.38,  0.19,  0.18,  0.01,  0.00,   14549403,   11632000,    2908000,   27028180, python, iotlab1, mult, 25
14510183    ,  3.98,  1.63,  1.57,  0.16,  0.00,  182103536,  128344000,   11116000,  194488690, python, iotlab1, mult, 25
14510183    ,  3.47,  1.64,  1.59,  0.13,  0.00,  133260884,  119216000,   14025000,  145594834, python, iotlab1, mult, 25
14510183    ,  3.46,  1.63,  1.59,  0.13,  0.00,  133219941,  124147000,    9010000,  145553475, python, iotlab1, mult, 25
14510183    ,  3.48,  1.63,  1.58,  0.13,  0.00,  132477075,  118419000,   13931000,  144795225, python, iotlab1, mult, 25
14510183    ,  3.47,  1.62,  1.57,  0.13,  0.00,  133266602,  126204000,    7011000,  145655684, python, iotlab1, mult, 25
14510183    ,  3.48,  1.63,  1.58,  0.13,  0.00,  132869843,  127698000,    5027000,  145486387, python, iotlab1, mult, 25
14510183    ,  3.49,  1.64,  1.58,  0.13,  0.00,  132435470,  121463000,   10951000,  144782639, python, iotlab1, mult, 25
14510183    ,  3.44,  1.62,  1.58,  0.13,  0.00,  132758577,  125693000,    7038000,  145199105, python, iotlab1, mult, 25
14510183    ,  3.49,  1.64,  1.59,  0.13,  0.00,  133311730,  124277000,    9020000,  145655829, python, iotlab1, mult, 25
14510183    ,  3.50,  1.64,  1.58,  0.13,  0.00,  132453934,  119495000,   12945000,  144973157, python, iotlab1, mult, 25
14510199    ,  0.87,  0.42,  0.40,  0.02,  0.00,   33365978,   29100000,    3880000,   45731564, python, iotlab1, mult, 25
14510199    ,  0.87,  0.42,  0.40,  0.02,  0.00,   33323052,   25464000,    7835000,   45686759, python, iotlab1, mult, 25
14510199    ,  0.87,  0.41,  0.40,  0.02,  0.00,   33042371,   26934000,    5985000,   45604257, python, iotlab1, mult, 25
14510199    ,  0.85,  0.40,  0.39,  0.02,  0.00,   32868455,   25826000,    6953000,   45308266, python, iotlab1, mult, 25
14510199    ,  0.85,  0.41,  0.40,  0.02,  0.00,   33003415,   26988000,    5997000,   45399441, python, iotlab1, mult, 25
14510199    ,  0.88,  0.41,  0.40,  0.02,  0.00,   32995026,   25978000,    6994000,   45472088, python, iotlab1, mult, 25
14510199    ,  0.84,  0.40,  0.39,  0.02,  0.00,   32890748,   26817000,    5959000,   45278969, python, iotlab1, mult, 25
14510199    ,  0.87,  0.41,  0.40,  0.02,  0.00,   32803036,   30721000,    1982000,   45303559, python, iotlab1, mult, 25
14510199    ,  0.84,  0.40,  0.38,  0.02,  0.00,   33470095,   26564000,    6886000,   45788756, python, iotlab1, mult, 25
14510199    ,  0.85,  0.41,  0.40,  0.02,  0.00,   32937761,   27785000,    5145000,   45423467, python, iotlab1, mult, 25
14580718    ,  0.82,  0.40,  0.39,  0.02,  0.00,   34374183,   34145000,          0,   46792685, python, iotlab1, mult, 25
14580718    ,  0.86,  0.41,  0.40,  0.02,  0.00,   33115450,   29094000,    4012000,   45566400, python, iotlab1, mult, 25
14580718    ,  0.85,  0.41,  0.40,  0.02,  0.00,   33285869,   24188000,    9070000,   45804443, python, iotlab1, mult, 25
14580718    ,  0.84,  0.40,  0.39,  0.02,  0.00,   33131647,   25081000,    8026000,   45363304, python, iotlab1, mult, 25
14580718    ,  0.88,  0.42,  0.41,  0.02,  0.00,   33422031,   26532000,    6878000,   45773141, python, iotlab1, mult, 25
14580718    ,  0.86,  0.41,  0.40,  0.02,  0.00,   33218622,   29181000,    4025000,   45655048, python, iotlab1, mult, 25
14580718    ,  0.85,  0.42,  0.40,  0.02,  0.00,   33236558,   28339000,    4886000,   45544968, python, iotlab1, mult, 25
14580718    ,  0.86,  0.41,  0.41,  0.02,  0.00,   33398290,   26518000,    6875000,   45680205, python, iotlab1, mult, 25
14580718    ,  0.89,  0.43,  0.41,  0.02,  0.00,   33670259,   28700000,    4948000,   46261891, python, iotlab1, mult, 25
14580718    ,  0.86,  0.41,  0.41,  0.02,  0.00,   33431919,   26544000,    6881000,   46048450, python, iotlab1, mult, 25
14590205    ,  0.99,  0.49,  0.47,  0.02,  0.00,   37544325,   31427000,    5892000,   49926662, python, iotlab1, mult, 25
14590205    ,  0.94,  0.45,  0.44,  0.02,  0.00,   37609978,   30659000,    6923000,   50152877, python, iotlab1, mult, 25
14590205    ,  0.94,  0.45,  0.44,  0.02,  0.00,   37103695,   33073000,    4008000,   49592513, python, iotlab1, mult, 25
14590205    ,  0.93,  0.45,  0.44,  0.02,  0.00,   37915874,   31883000,    5978000,   50498960, python, iotlab1, mult, 25
14590205    ,  0.99,  0.48,  0.47,  0.02,  0.00,   37728832,   31755000,    5954000,   50122145, python, iotlab1, mult, 25
14590205    ,  0.94,  0.46,  0.45,  0.02,  0.00,   37091329,   30050000,    7011000,   49562196, python, iotlab1, mult, 25
14590205    ,  1.01,  0.48,  0.46,  0.02,  0.00,   38366688,   30482000,    7866000,   50786923, python, iotlab1, mult, 25
14590205    ,  0.95,  0.46,  0.45,  0.02,  0.00,   37066730,   32047000,    5007000,   49337068, python, iotlab1, mult, 25
14590205    ,  0.92,  0.46,  0.46,  0.02,  0.00,   37832395,   36804000,    1022000,   50416475, python, iotlab1, mult, 25
14590205    ,  0.96,  0.47,  0.46,  0.02,  0.00,   37225994,   32182000,    5028000,   49552280, python, iotlab1, mult, 25
14759062    ,  0.81,  0.39,  0.38,  0.02,  0.00,   33959525,   29877000,    3855000,   46395368, python, iotlab1, mult, 25
14759062    ,  0.83,  0.41,  0.40,  0.02,  0.00,   32973689,   26887000,    5974000,   45374932, python, iotlab1, mult, 25
14759062    ,  0.83,  0.39,  0.38,  0.02,  0.00,   32962051,   26899000,    5977000,   45311165, python, iotlab1, mult, 25
14759062    ,  0.86,  0.41,  0.39,  0.02,  0.00,   32524958,   27509000,    4912000,   44810725, python, iotlab1, mult, 25
14759062    ,  0.86,  0.41,  0.40,  0.02,  0.00,   33006855,   27897000,    4981000,   45514984, python, iotlab1, mult, 25
14759062    ,  0.82,  0.39,  0.38,  0.02,  0.00,   33133753,   31103000,    2006000,   45460228, python, iotlab1, mult, 25
14759062    ,  0.84,  0.41,  0.40,  0.02,  0.00,   32749098,   23708000,    8890000,   45058290, python, iotlab1, mult, 25
14759062    ,  0.81,  0.39,  0.39,  0.02,  0.00,   33603447,   30526000,    3052000,   46013547, python, iotlab1, mult, 25
14759062    ,  0.84,  0.42,  0.40,  0.02,  0.00,   32940607,   26154000,    6780000,   45212588, python, iotlab1, mult, 25
14759062    ,  0.81,  0.39,  0.39,  0.02,  0.00,   33418422,   29351000,    4048000,   45793794, python, iotlab1, mult, 25
14877161    ,  2.09,  0.99,  0.96,  0.06,  0.00,   79939305,   67742000,   11954000,   92419982, python, iotlab1, mult, 25
14877161    ,  2.09,  0.98,  0.95,  0.06,  0.00,   79552451,   66607000,   12923000,   91950928, python, iotlab1, mult, 25
14877161    ,  2.06,  0.96,  0.94,  0.06,  0.00,   79471832,   65342000,   14073000,   91859404, python, iotlab1, mult, 25
14877161    ,  2.11,  0.98,  0.95,  0.06,  0.00,   79220024,   69250000,    9892000,   91660049, python, iotlab1, mult, 25
14877161    ,  2.09,  0.98,  0.95,  0.06,  0.00,   79576188,   64628000,   14914000,   91908913, python, iotlab1, mult, 25
14877161    ,  2.09,  0.98,  0.95,  0.06,  0.00,   79697420,   70701000,    8962000,   92084804, python, iotlab1, mult, 25
14877161    ,  2.09,  0.98,  0.95,  0.06,  0.00,   79876862,   66879000,   12976000,   92220866, python, iotlab1, mult, 25
14877161    ,  2.13,  1.00,  0.96,  0.06,  0.00,   79302725,   66229000,   13045000,   91719613, python, iotlab1, mult, 25
14877161    ,  2.11,  1.00,  0.97,  0.06,  0.00,   79016035,   66187000,   12842000,   91520714, python, iotlab1, mult, 25
14877161    ,  2.12,  0.99,  0.96,  0.06,  0.00,   79440247,   65345000,   14074000,   91783955, python, iotlab1, mult, 25
14905615    ,  1.95,  0.92,  0.90,  0.06,  0.00,   75098393,   61878000,   12974000,   87366133, python, iotlab1, mult, 25
14905615    ,  1.97,  0.92,  0.89,  0.06,  0.00,   74818021,   62822000,   11966000,   87209725, python, iotlab1, mult, 25
14905615    ,  1.99,  0.93,  0.90,  0.06,  0.00,   74456729,   58562000,   15881000,   86812929, python, iotlab1, mult, 25
14905615    ,  1.96,  0.92,  0.89,  0.06,  0.00,   74982002,   67093000,    7893000,   87397918, python, iotlab1, mult, 25
14905615    ,  1.98,  0.92,  0.89,  0.06,  0.00,   75320262,   62427000,   12881000,   87678908, python, iotlab1, mult, 25
14905615    ,  1.95,  0.93,  0.90,  0.06,  0.00,   74742052,   64752000,    9961000,   87066793, python, iotlab1, mult, 25
14905615    ,  1.97,  0.93,  0.90,  0.06,  0.00,   75436581,   59531000,   15875000,   87772176, python, iotlab1, mult, 25
14905615    ,  1.94,  0.91,  0.89,  0.06,  0.00,   75148327,   62031000,   13006000,   87738652, python, iotlab1, mult, 25
14905615    ,  2.00,  0.93,  0.90,  0.06,  0.00,   74603507,   60394000,   14091000,   87073605, python, iotlab1, mult, 25
14905615    ,  1.99,  0.92,  0.90,  0.06,  0.00,   74558711,   57634000,   16892000,   86906068, python, iotlab1, mult, 25
14916645    ,  2.42,  0.95,  0.91,  0.08,  0.00,  115111727,   76133000,   20302000,  127596812, python, iotlab1, mult, 25
14916645    ,  2.08,  0.97,  0.94,  0.06,  0.00,   79007645,   61986000,   16996000,   91343665, python, iotlab1, mult, 25
14916645    ,  2.04,  0.97,  0.94,  0.06,  0.00,   79008034,   72986000,    5998000,   91419389, python, iotlab1, mult, 25
14916645    ,  2.09,  0.98,  0.96,  0.06,  0.00,   78766205,   65785000,   12957000,   91200592, python, iotlab1, mult, 25
14916645    ,  2.06,  0.97,  0.95,  0.06,  0.00,   78823546,   58844000,   19947000,   91147790, python, iotlab1, mult, 25
14916645    ,  2.06,  0.96,  0.94,  0.06,  0.00,   79168945,   67122000,   12021000,   91365418, python, iotlab1, mult, 25
14916645    ,  2.07,  0.98,  0.95,  0.06,  0.00,   78406061,   67431000,   10907000,   90763985, python, iotlab1, mult, 25
14916645    ,  2.07,  0.97,  0.93,  0.06,  0.00,   79113162,   62993000,   15998000,   91606293, python, iotlab1, mult, 25
14916645    ,  2.09,  0.98,  0.95,  0.06,  0.00,   78651648,   62694000,   15922000,   91118193, python, iotlab1, mult, 25
14916645    ,  2.05,  0.96,  0.93,  0.06,  0.00,   79993583,   64969000,   14992000,   92509142, python, iotlab1, mult, 25
14974775    ,  2.05,  0.95,  0.92,  0.07,  0.00,   78559996,   65255000,   13051000,   90883719, python, iotlab1, mult, 25
14974775    ,  2.05,  0.95,  0.92,  0.06,  0.00,   77210478,   68163000,    9021000,   89642960, python, iotlab1, mult, 25
14974775    ,  2.06,  0.96,  0.93,  0.06,  0.00,   78006470,   66167000,   11850000,   90716558, python, iotlab1, mult, 25
14974775    ,  2.09,  0.97,  0.94,  0.06,  0.00,   78116150,   66225000,   11861000,   90537484, python, iotlab1, mult, 25
14974775    ,  2.03,  0.94,  0.91,  0.06,  0.00,   78202455,   64144000,   14031000,   90572495, python, iotlab1, mult, 25
14974775    ,  2.03,  0.96,  0.93,  0.07,  0.00,   78084124,   63046000,   15011000,   90414987, python, iotlab1, mult, 25
14974775    ,  2.07,  0.96,  0.92,  0.06,  0.00,   77435095,   65500000,   11909000,   89957898, python, iotlab1, mult, 25
14974775    ,  2.06,  0.96,  0.94,  0.06,  0.00,   77741381,   65607000,   12112000,   90212442, python, iotlab1, mult, 25
14974775    ,  2.08,  0.96,  0.93,  0.06,  0.00,   77571237,   62636000,   14913000,   90001268, python, iotlab1, mult, 25
14974775    ,  2.07,  0.97,  0.94,  0.07,  0.00,   77860171,   66863000,   10977000,   90407931, python, iotlab1, mult, 25
15016606    ,  1.84,  0.88,  0.85,  0.06,  0.00,   71159474,   56788000,   14197000,   83624043, python, iotlab1, mult, 25
15016606    ,  1.84,  0.87,  0.85,  0.06,  0.00,   70619563,   58663000,   11931000,   83012346, python, iotlab1, mult, 25
15016606    ,  1.84,  0.87,  0.85,  0.06,  0.00,   70115563,   58069000,   12014000,   82545198, python, iotlab1, mult, 25
15016606    ,  1.85,  0.87,  0.85,  0.06,  0.00,   70108260,   53063000,   17020000,   82494143, python, iotlab1, mult, 25
15016606    ,  1.85,  0.87,  0.84,  0.06,  0.00,   70821678,   54835000,   15952000,   83241547, python, iotlab1, mult, 25
15016606    ,  1.89,  0.89,  0.86,  0.06,  0.00,   70426374,   60347000,   10057000,   82862898, python, iotlab1, mult, 25
15016606    ,  1.86,  0.88,  0.86,  0.06,  0.00,   70432264,   59337000,   11062000,   82991740, python, iotlab1, mult, 25
15016606    ,  1.84,  0.87,  0.85,  0.05,  0.00,   70177005,   60131000,   10021000,   82611205, python, iotlab1, mult, 25
15016606    ,  1.85,  0.89,  0.86,  0.06,  0.00,   70791497,   62784000,    7972000,   83448245, python, iotlab1, mult, 25
15016606    ,  1.87,  0.89,  0.87,  0.05,  0.00,   70336430,   49204000,   21087000,   82857309, python, iotlab1, mult, 25
15041155    ,  2.23,  1.07,  1.05,  0.06,  0.00,   85291369,   77047000,    8004000,   97705873, python, iotlab1, mult, 25
15041155    ,  2.25,  1.07,  1.05,  0.06,  0.00,   85440897,   78317000,    7028000,   98032394, python, iotlab1, mult, 25
15041155    ,  2.30,  1.09,  1.06,  0.06,  0.00,   85459522,   74517000,   10929000,   97937645, python, iotlab1, mult, 25
15041155    ,  2.26,  1.09,  1.05,  0.06,  0.00,   85655402,   72679000,   12943000,   98106489, python, iotlab1, mult, 25
15041155    ,  2.28,  1.08,  1.05,  0.06,  0.00,   84697168,   73719000,   10958000,   97121563, python, iotlab1, mult, 25
15041155    ,  2.31,  1.09,  1.06,  0.06,  0.00,   85368966,   72456000,   12903000,   97808786, python, iotlab1, mult, 25
15041155    ,  2.25,  1.07,  1.05,  0.06,  0.00,   84521126,   75446000,    9053000,   97089076, python, iotlab1, mult, 25
15041155    ,  2.27,  1.07,  1.03,  0.06,  0.00,   84467599,   69540000,   14901000,   97080713, python, iotlab1, mult, 25
15041155    ,  2.27,  1.07,  1.05,  0.06,  0.00,   85295469,   74160000,   11023000,   97936779, python, iotlab1, mult, 25
15041155    ,  2.28,  1.07,  1.04,  0.06,  0.00,   84726448,   73745000,   10962000,   97241495, python, iotlab1, mult, 25
15083662    ,  1.96,  0.92,  0.90,  0.06,  0.00,   74300346,   62060000,   12011000,   86666122, python, iotlab1, mult, 25
15083662    ,  2.04,  0.96,  0.92,  0.06,  0.00,   74924736,   60929000,   13983000,   87408992, python, iotlab1, mult, 25
15083662    ,  1.96,  0.92,  0.89,  0.06,  0.00,   74011354,   62831000,   11147000,   86464307, python, iotlab1, mult, 25
15083662    ,  1.96,  0.94,  0.92,  0.06,  0.00,   75025313,   61010000,   14002000,   87376216, python, iotlab1, mult, 25
15083662    ,  1.97,  0.92,  0.89,  0.06,  0.00,   74183589,   65150000,    9020000,   86631512, python, iotlab1, mult, 25
15083662    ,  1.95,  0.92,  0.90,  0.06,  0.00,   74553915,   66479000,    8058000,   86806905, python, iotlab1, mult, 25
15083662    ,  1.97,  0.94,  0.91,  0.06,  0.00,   74674990,   70655000,    3980000,   87050717, python, iotlab1, mult, 25
15083662    ,  1.97,  0.92,  0.90,  0.06,  0.00,   74182970,   63147000,   11025000,   86674316, python, iotlab1, mult, 25
15083662    ,  2.02,  0.96,  0.93,  0.06,  0.00,   76167583,   67683000,    7962000,   88605222, python, iotlab1, mult, 25
15083662    ,  1.99,  0.93,  0.90,  0.06,  0.00,   74248771,   64195000,   10030000,   86524211, python, iotlab1, mult, 25
15095183    ,  0.82,  0.40,  0.39,  0.02,  0.00,   33086789,   31785000,     993000,   45554047, python, iotlab1, mult, 25
15095183    ,  0.82,  0.40,  0.39,  0.02,  0.00,   32776037,   24813000,    7940000,   45236672, python, iotlab1, mult, 25
15095183    ,  0.86,  0.41,  0.41,  0.02,  0.00,   32408523,   26524000,    5894000,   44853015, python, iotlab1, mult, 25
15095183    ,  0.84,  0.41,  0.39,  0.02,  0.00,   32705805,   28640000,    3950000,   45200865, python, iotlab1, mult, 25
15095183    ,  0.86,  0.41,  0.40,  0.02,  0.00,   32736253,   27497000,    5092000,   45165460, python, iotlab1, mult, 25
15095183    ,  0.85,  0.40,  0.39,  0.02,  0.00,   32709931,   28719000,    3961000,   44985487, python, iotlab1, mult, 25
15095183    ,  0.86,  0.40,  0.39,  0.02,  0.00,   32885405,   29906000,    2894000,   45248653, python, iotlab1, mult, 25
15095183    ,  0.82,  0.41,  0.39,  0.02,  0.00,   32741820,   29737000,    2973000,   45059014, python, iotlab1, mult, 25
15095183    ,  0.86,  0.41,  0.39,  0.02,  0.00,   32425049,   24553000,    7857000,   44939841, python, iotlab1, mult, 25
15095183    ,  0.86,  0.41,  0.40,  0.02,  0.00,   32451887,   26535000,    5896000,   44859853, python, iotlab1, mult, 25
15118693    ,  2.62,  1.23,  1.19,  0.10,  0.00,  102446626,   78449000,   23832000,  114838097, python, iotlab1, mult, 25
15118693    ,  2.62,  1.23,  1.20,  0.09,  0.00,  100891294,   83086000,   17804000,  113353742, python, iotlab1, mult, 25
15118693    ,  2.68,  1.25,  1.20,  0.09,  0.00,  100130281,   83991000,   15998000,  112545433, python, iotlab1, mult, 25
15118693    ,  2.63,  1.24,  1.19,  0.09,  0.00,  100522062,   79588000,   20892000,  112876604, python, iotlab1, mult, 25
15118693    ,  2.62,  1.23,  1.20,  0.09,  0.00,  100233017,   82065000,   18014000,  112784714, python, iotlab1, mult, 25
15118693    ,  2.60,  1.23,  1.20,  0.09,  0.00,  100621051,   80713000,   19929000,  113108472, python, iotlab1, mult, 25
15118693    ,  2.62,  1.24,  1.20,  0.09,  0.00,  100612017,   85639000,   14937000,  113008161, python, iotlab1, mult, 25
15118693    ,  2.67,  1.25,  1.21,  0.09,  0.00,  100689083,   88698000,   11959000,  113049490, python, iotlab1, mult, 25
15118693    ,  2.69,  1.24,  1.20,  0.09,  0.00,  100402484,   88286000,   12039000,  112872719, python, iotlab1, mult, 25
15118693    ,  2.66,  1.23,  1.20,  0.09,  0.00,  100128841,   90096000,   10010000,  112505440, python, iotlab1, mult, 25
15273495    ,  2.00,  0.94,  0.91,  0.06,  0.00,   75589021,   65196000,   10030000,   88047830, python, iotlab1, mult, 25
15273495    ,  1.98,  0.92,  0.90,  0.05,  0.00,   74996741,   62950000,   11990000,   87404058, python, iotlab1, mult, 25
15273495    ,  1.98,  0.93,  0.90,  0.06,  0.00,   74822419,   64821000,    9972000,   87337060, python, iotlab1, mult, 25
15273495    ,  1.97,  0.93,  0.90,  0.05,  0.00,   75012738,   63920000,   10986000,   87386250, python, iotlab1, mult, 25
15273495    ,  1.98,  0.94,  0.91,  0.06,  0.00,   75400770,   64459000,   10908000,   87841465, python, iotlab1, mult, 25
15273495    ,  2.00,  0.94,  0.91,  0.05,  0.00,   74588813,   64633000,    9943000,   86972940, python, iotlab1, mult, 25
15273495    ,  1.96,  0.93,  0.91,  0.05,  0.00,   74945704,   61932000,   12985000,   87385041, python, iotlab1, mult, 25
15273495    ,  2.04,  0.96,  0.92,  0.06,  0.00,   75171573,   59108000,   16029000,   87728763, python, iotlab1, mult, 25
15273495    ,  1.93,  0.92,  0.90,  0.05,  0.00,   74790082,   63802000,   10966000,   87223465, python, iotlab1, mult, 25
15273495    ,  1.99,  0.94,  0.91,  0.06,  0.00,   75316867,   62229000,   13048000,   87733410, python, iotlab1, mult, 25
15281880    ,  0.91,  0.43,  0.41,  0.02,  0.00,   34055354,   28758000,    4958000,   46483425, python, iotlab1, mult, 25
15281880    ,  0.85,  0.41,  0.40,  0.02,  0.00,   33502106,   26584000,    6892000,   45781734, python, iotlab1, mult, 25
15281880    ,  0.86,  0.41,  0.41,  0.02,  0.00,   33321848,   26237000,    7063000,   45743448, python, iotlab1, mult, 25
15281880    ,  0.84,  0.40,  0.40,  0.02,  0.00,   33523069,   26601000,    6896000,   45906124, python, iotlab1, mult, 25
15281880    ,  0.89,  0.43,  0.41,  0.02,  0.00,   33705474,   27724000,    5941000,   46159855, python, iotlab1, mult, 25
15281880    ,  0.86,  0.41,  0.39,  0.02,  0.00,   33514204,   25611000,    7880000,   45874891, python, iotlab1, mult, 25
15281880    ,  0.87,  0.41,  0.40,  0.02,  0.00,   33504142,   28415000,    5074000,   45950869, python, iotlab1, mult, 25
15281880    ,  0.85,  0.41,  0.40,  0.02,  0.00,   33414076,   27526000,    5898000,   45854609, python, iotlab1, mult, 25
15281880    ,  0.87,  0.42,  0.40,  0.02,  0.00,   33386405,   27480000,    5888000,   45895427, python, iotlab1, mult, 25
15281880    ,  0.85,  0.41,  0.40,  0.02,  0.00,   33137570,   31123000,    2007000,   45487204, python, iotlab1, mult, 25
15324007    ,  2.23,  1.05,  1.02,  0.06,  0.00,   83632884,   74451000,    8934000,   96103200, python, iotlab1, mult, 25
15324007    ,  2.25,  1.06,  1.03,  0.06,  0.00,   83833691,   68861000,   14969000,   96313446, python, iotlab1, mult, 25
15324007    ,  2.22,  1.06,  1.02,  0.06,  0.00,   83333087,   74218000,    9026000,   95748632, python, iotlab1, mult, 25
15324007    ,  2.21,  1.05,  1.02,  0.06,  0.00,   83618315,   71512000,   12086000,   95979221, python, iotlab1, mult, 25
15324007    ,  2.20,  1.05,  1.02,  0.06,  0.00,   83739981,   70600000,   13111000,   96181768, python, iotlab1, mult, 25
15324007    ,  2.22,  1.04,  1.02,  0.06,  0.00,   83248670,   73111000,   10015000,   95695003, python, iotlab1, mult, 25
15324007    ,  2.19,  1.04,  1.01,  0.06,  0.00,   85048412,   76028000,    9003000,   97536034, python, iotlab1, mult, 25
15324007    ,  2.19,  1.05,  1.02,  0.06,  0.00,   83361840,   70294000,   13054000,   95752249, python, iotlab1, mult, 25
15324007    ,  2.26,  1.07,  1.04,  0.06,  0.00,   83771818,   70788000,   12961000,   96195435, python, iotlab1, mult, 25
15324007    ,  2.23,  1.05,  1.02,  0.06,  0.00,   83036024,   71019000,   12003000,   95460198, python, iotlab1, mult, 25
15329441    ,  2.25,  1.02,  1.00,  0.07,  0.00,   90584364,   64719000,   13939000,  102946596, python, iotlab1, mult, 25
15329441    ,  2.14,  0.99,  0.96,  0.07,  0.00,   78742210,   66638000,   11935000,   91191096, python, iotlab1, mult, 25
15329441    ,  2.17,  1.02,  0.98,  0.07,  0.00,   79399419,   61155000,   17754000,   91923722, python, iotlab1, mult, 25
15329441    ,  2.11,  0.99,  0.97,  0.06,  0.00,   79133819,   71117000,    8013000,   91529701, python, iotlab1, mult, 25
15329441    ,  2.12,  0.99,  0.96,  0.07,  0.00,   78658879,   62716000,   15928000,   91127903, python, iotlab1, mult, 25
15329441    ,  2.12,  1.00,  0.97,  0.06,  0.00,   79218612,   66131000,   13025000,   91654741, python, iotlab1, mult, 25
15329441    ,  2.09,  0.99,  0.96,  0.07,  0.00,   78844433,   64856000,   13969000,   91341201, python, iotlab1, mult, 25
15329441    ,  2.06,  0.98,  0.95,  0.06,  0.00,   79132939,   62082000,   17022000,   91664164, python, iotlab1, mult, 25
15329441    ,  2.11,  0.99,  0.96,  0.07,  0.00,   78636718,   69656000,    8955000,   91136055, python, iotlab1, mult, 25
15329441    ,  2.09,  0.98,  0.96,  0.06,  0.00,   78242563,   69200000,    9026000,   90834693, python, iotlab1, mult, 25
15498093    ,  2.33,  1.10,  1.07,  0.06,  0.00,   87268114,   75991000,   10998000,   99771111, python, iotlab1, mult, 25
15498093    ,  2.27,  1.08,  1.05,  0.06,  0.00,   85955541,   70943000,   14988000,   98328926, python, iotlab1, mult, 25
15498093    ,  2.33,  1.10,  1.05,  0.06,  0.00,   86205311,   76257000,    9903000,   98574121, python, iotlab1, mult, 25
15498093    ,  2.32,  1.09,  1.06,  0.06,  0.00,   86478221,   72546000,   13912000,   98955829, python, iotlab1, mult, 25
15498093    ,  2.36,  1.10,  1.06,  0.07,  0.00,   87461503,   71542000,   15898000,   99843215, python, iotlab1, mult, 25
15498093    ,  2.26,  1.07,  1.05,  0.06,  0.00,   86241099,   76210000,   10027000,   98560196, python, iotlab1, mult, 25
15498093    ,  2.45,  1.16,  1.13,  0.07,  0.00,   89974974,   79963000,    9995000,  102372199, python, iotlab1, mult, 25
15498093    ,  2.25,  1.06,  1.04,  0.06,  0.00,   85764568,   74647000,   11096000,   98307502, python, iotlab1, mult, 25
15498093    ,  2.26,  1.07,  1.04,  0.06,  0.00,   86422505,   76926000,    8991000,   98720321, python, iotlab1, mult, 25
15498093    ,  2.34,  1.09,  1.06,  0.06,  0.00,   86904996,   71909000,   14981000,   99314023, python, iotlab1, mult, 25
15589519    ,  2.28,  1.07,  1.05,  0.06,  0.00,   86345749,   74987000,   10998000,   98810835, python, iotlab1, mult, 25
15589519    ,  2.30,  1.08,  1.05,  0.06,  0.00,   85969090,   72883000,   12979000,   98239147, python, iotlab1, mult, 25
15589519    ,  2.35,  1.11,  1.08,  0.07,  0.00,   88982504,   76891000,   11983000,  101410385, python, iotlab1, mult, 25
15589519    ,  2.33,  1.10,  1.08,  0.06,  0.00,   87756411,   74604000,   13106000,  100061765, python, iotlab1, mult, 25
15589519    ,  2.39,  1.12,  1.09,  0.07,  0.00,   89879797,   78874000,   10982000,  102317800, python, iotlab1, mult, 25
15589519    ,  2.35,  1.10,  1.07,  0.07,  0.00,   88597780,   79608000,    8955000,  100973035, python, iotlab1, mult, 25
15589519    ,  2.26,  1.07,  1.05,  0.06,  0.00,   85957598,   76825000,    9097000,   98400626, python, iotlab1, mult, 25
15589519    ,  2.36,  1.11,  1.09,  0.07,  0.00,   88308347,   76410000,   11908000,  100921041, python, iotlab1, mult, 25
15589519    ,  2.30,  1.09,  1.05,  0.06,  0.00,   86748278,   78655000,    8067000,   99041863, python, iotlab1, mult, 25
15589519    ,  2.30,  1.08,  1.06,  0.06,  0.00,   85917603,   73899000,   11983000,   98327309, python, iotlab1, mult, 25
15699308    ,  1.92,  0.90,  0.88,  0.06,  0.00,   73143579,   57000000,   16000000,   85535430, python, iotlab1, mult, 25
15699308    ,  1.94,  0.90,  0.88,  0.06,  0.00,   72114740,   59006000,   13001000,   84529699, python, iotlab1, mult, 25
15699308    ,  1.95,  0.90,  0.87,  0.06,  0.00,   72463225,   56561000,   15876000,   84766383, python, iotlab1, mult, 25
15699308    ,  1.91,  0.90,  0.87,  0.06,  0.00,   72869951,   60800000,   11960000,   85303202, python, iotlab1, mult, 25
15699308    ,  1.92,  0.89,  0.87,  0.06,  0.00,   72603454,   59476000,   13105000,   84965657, python, iotlab1, mult, 25
15699308    ,  1.92,  0.90,  0.87,  0.06,  0.00,   72708381,   67636000,    5047000,   85046244, python, iotlab1, mult, 25
15699308    ,  1.89,  0.90,  0.88,  0.06,  0.00,   72780887,   57034000,   15733000,   85154919, python, iotlab1, mult, 25
15699308    ,  1.94,  0.90,  0.88,  0.06,  0.00,   72954754,   57133000,   15760000,   85428345, python, iotlab1, mult, 25
15699308    ,  1.93,  0.90,  0.87,  0.06,  0.00,   72563624,   62603000,    9937000,   84836623, python, iotlab1, mult, 25
15699308    ,  1.92,  0.90,  0.87,  0.06,  0.00,   73078678,   66055000,    7005000,   85432739, python, iotlab1, mult, 25
15709809    ,  2.04,  0.92,  0.89,  0.06,  0.00,   80835733,   63320000,    9045000,   93184843, python, iotlab1, mult, 25
15709809    ,  1.94,  0.89,  0.87,  0.06,  0.00,   72570832,   58634000,   13913000,   85026805, python, iotlab1, mult, 25
15709809    ,  1.92,  0.90,  0.87,  0.06,  0.00,   72182696,   63123000,    9017000,   84764793, python, iotlab1, mult, 25
15709809    ,  1.92,  0.90,  0.87,  0.06,  0.00,   72534016,   61430000,   11077000,   85137505, python, iotlab1, mult, 25
15709809    ,  1.92,  0.88,  0.86,  0.06,  0.00,   72085211,   61049000,   11008000,   84557491, python, iotlab1, mult, 25
15709809    ,  1.93,  0.91,  0.87,  0.06,  0.00,   72210855,   61144000,   11026000,   84583187, python, iotlab1, mult, 25
15709809    ,  1.90,  0.88,  0.87,  0.06,  0.00,   72467890,   57484000,   14866000,   84864924, python, iotlab1, mult, 25
15709809    ,  1.94,  0.89,  0.87,  0.06,  0.00,   71925937,   63920000,    7990000,   84322633, python, iotlab1, mult, 25
15709809    ,  1.89,  0.88,  0.86,  0.06,  0.00,   72175919,   66137000,    6012000,   84637299, python, iotlab1, mult, 25
15709809    ,  1.89,  0.88,  0.86,  0.06,  0.00,   72132472,   57085000,   15022000,   84517709, python, iotlab1, mult, 25
15794224    ,  0.77,  0.38,  0.37,  0.02,  0.00,   30901591,   25691000,    4940000,   43336281, python, iotlab1, mult, 25
15794224    ,  0.77,  0.38,  0.37,  0.02,  0.00,   30848739,   25857000,    4972000,   43255374, python, iotlab1, mult, 25
15794224    ,  0.74,  0.37,  0.37,  0.02,  0.00,   30571189,   26473000,    4072000,   42977045, python, iotlab1, mult, 25
15794224    ,  0.77,  0.38,  0.37,  0.02,  0.00,   30458169,   22582000,    7854000,   42977623, python, iotlab1, mult, 25
15794224    ,  0.99,  0.52,  0.51,  0.03,  0.00,   32465863,   25359000,    7100000,   45111651, python, iotlab1, mult, 25
15794224    ,  0.98,  0.50,  0.49,  0.02,  0.00,   31148720,   27019000,    4002000,   46330719, python, iotlab1, mult, 25
15794224    ,  1.03,  0.55,  0.53,  0.02,  0.00,   31274560,   27234000,    4034000,   44129486, python, iotlab1, mult, 25
15794224    ,  0.78,  0.37,  0.36,  0.02,  0.00,   30242077,   24179000,    6044000,   42686467, python, iotlab1, mult, 25
15794224    ,  0.75,  0.35,  0.34,  0.02,  0.00,   32419956,   27487000,    4908000,   44808037, python, iotlab1, mult, 25
15794224    ,  0.77,  0.37,  0.36,  0.02,  0.00,   30286324,   25202000,    5040000,   42855415, python, iotlab1, mult, 25
15846193    ,  2.12,  0.98,  0.95,  0.08,  0.00,   83079179,   72860000,    9980000,   95546306, python, iotlab1, mult, 25
15846193    ,  2.15,  1.00,  0.97,  0.07,  0.00,   79899530,   63917000,   15979000,   92392100, python, iotlab1, mult, 25
15846193    ,  2.12,  0.99,  0.96,  0.07,  0.00,   79826575,   66825000,   12966000,   92239462, python, iotlab1, mult, 25
15846193    ,  2.13,  0.99,  0.97,  0.07,  0.00,   79656973,   64431000,   15101000,   92147352, python, iotlab1, mult, 25
15846193    ,  2.15,  1.00,  0.97,  0.07,  0.00,   79681922,   65705000,   13937000,   92124956, python, iotlab1, mult, 25
15846193    ,  2.12,  0.99,  0.96,  0.07,  0.00,   80051089,   69997000,    9999000,   92456097, python, iotlab1, mult, 25
15846193    ,  2.12,  0.99,  0.96,  0.07,  0.00,   79738837,   70746000,    8967000,   92101812, python, iotlab1, mult, 25
15846193    ,  2.14,  0.99,  0.97,  0.07,  0.00,   80162644,   71170000,    8896000,   92654097, python, iotlab1, mult, 25
15846193    ,  2.17,  1.01,  0.98,  0.07,  0.00,   80201455,   63280000,   16808000,   92680014, python, iotlab1, mult, 25
15846193    ,  2.74,  1.41,  1.38,  0.09,  0.00,   86056390,   71031000,   13005000,   98465208, python, iotlab1, mult, 25
15855521    ,  2.79,  1.36,  1.32,  0.08,  0.00,   91520839,   61169000,   12033000,  104256404, python, iotlab1, mult, 25
15855521    ,  1.86,  0.87,  0.85,  0.06,  0.00,   70741629,   60750000,    9959000,   83168809, python, iotlab1, mult, 25
15855521    ,  1.87,  0.88,  0.85,  0.06,  0.00,   70367909,   62295000,    8038000,   82761486, python, iotlab1, mult, 25
15855521    ,  1.88,  0.88,  0.86,  0.06,  0.00,   71220829,   59120000,   12024000,   83577274, python, iotlab1, mult, 25
15855521    ,  1.86,  0.87,  0.85,  0.06,  0.00,   70255498,   59279000,   10867000,   82597867, python, iotlab1, mult, 25
15855521    ,  1.86,  0.87,  0.84,  0.06,  0.00,   70071897,   57036000,   13008000,   82441847, python, iotlab1, mult, 25
15855521    ,  1.86,  0.87,  0.84,  0.06,  0.00,   69782669,   62782000,    6975000,   82209299, python, iotlab1, mult, 25
15855521    ,  1.83,  0.87,  0.84,  0.06,  0.00,   69800795,   58810000,   10964000,   82019885, python, iotlab1, mult, 25
15855521    ,  1.83,  0.85,  0.84,  0.06,  0.00,   70675221,   55509000,   15139000,   82997369, python, iotlab1, mult, 25
15855521    ,  1.85,  0.87,  0.85,  0.06,  0.00,   70029842,   63869000,    6082000,   82331926, python, iotlab1, mult, 25
15855935    ,  0.88,  0.42,  0.41,  0.02,  0.00,   33800723,   27639000,    5922000,   46340368, python, iotlab1, mult, 25
15855935    ,  0.86,  0.41,  0.40,  0.02,  0.00,   33596441,   25619000,    7883000,   46064725, python, iotlab1, mult, 25
15855935    ,  0.88,  0.43,  0.41,  0.02,  0.00,   33709518,   29592000,    4081000,   46093300, python, iotlab1, mult, 25
15855935    ,  0.87,  0.42,  0.41,  0.02,  0.00,   33332134,   30284000,    3028000,   45606851, python, iotlab1, mult, 25
15855935    ,  0.87,  0.41,  0.40,  0.02,  0.00,   33370434,   28362000,    4890000,   45863778, python, iotlab1, mult, 25
15855935    ,  0.86,  0.41,  0.41,  0.02,  0.00,   33610543,   29518000,    4071000,   45948643, python, iotlab1, mult, 25
15855935    ,  0.87,  0.41,  0.41,  0.02,  0.00,   33422607,   29376000,    3916000,   45814638, python, iotlab1, mult, 25
15855935    ,  0.86,  0.41,  0.40,  0.02,  0.00,   33730551,   30733000,    2974000,   46120540, python, iotlab1, mult, 25
15855935    ,  0.85,  0.41,  0.41,  0.02,  0.00,   33494412,   25580000,    7871000,   46154811, python, iotlab1, mult, 25
15855935    ,  0.87,  0.41,  0.41,  0.02,  0.00,   33312491,   29265000,    4036000,   45820780, python, iotlab1, mult, 25
15867045    ,  1.89,  0.86,  0.84,  0.05,  0.00,   73859753,   58695000,   14922000,   86819437, python, iotlab1, mult, 25
15867045    ,  1.84,  0.86,  0.84,  0.05,  0.00,   73617049,   56709000,   16913000,   86074687, python, iotlab1, mult, 25
15867045    ,  1.90,  0.90,  0.87,  0.05,  0.00,   71157842,   56088000,   15023000,   83798532, python, iotlab1, mult, 25
15867045    ,  1.85,  0.87,  0.86,  0.05,  0.00,   71671619,   59526000,   12107000,   84043735, python, iotlab1, mult, 25
15867045    ,  1.96,  0.91,  0.88,  0.05,  0.00,   71666201,   61626000,    9939000,   84186563, python, iotlab1, mult, 25
15867045    ,  1.89,  0.89,  0.86,  0.05,  0.00,   71435516,   58513000,   12892000,   83948824, python, iotlab1, mult, 25
15867045    ,  1.86,  0.88,  0.86,  0.05,  0.00,   71513725,   56570000,   14887000,   83982187, python, iotlab1, mult, 25
15867045    ,  1.93,  0.90,  0.88,  0.05,  0.00,   71688760,   55650000,   15900000,   84057867, python, iotlab1, mult, 25
15867045    ,  1.86,  0.89,  0.87,  0.05,  0.00,   71324788,   63259000,    8032000,   83761779, python, iotlab1, mult, 25
15867045    ,  1.93,  0.90,  0.87,  0.05,  0.00,   71576810,   56499000,   14868000,   84023413, python, iotlab1, mult, 25
15876378    ,  2.08,  1.00,  0.98,  0.06,  0.00,   78648416,   68739000,    8966000,   91042223, python, iotlab1, mult, 25
15876378    ,  2.05,  0.98,  0.95,  0.06,  0.00,   77306520,   66279000,   11046000,   90021844, python, iotlab1, mult, 25
15876378    ,  2.10,  0.98,  0.95,  0.06,  0.00,   76959074,   61922000,   14981000,   89457532, python, iotlab1, mult, 25
15876378    ,  2.00,  0.95,  0.92,  0.06,  0.00,   75862655,   61866000,   13969000,   88215458, python, iotlab1, mult, 25
15876378    ,  2.05,  0.97,  0.94,  0.06,  0.00,   76736997,   63695000,   12938000,   89188291, python, iotlab1, mult, 25
15876378    ,  2.00,  0.95,  0.93,  0.06,  0.00,   76514674,   65430000,   11072000,   88964723, python, iotlab1, mult, 25
15876378    ,  2.04,  0.97,  0.95,  0.06,  0.00,   77341882,   68294000,    9038000,   89724253, python, iotlab1, mult, 25
15876378    ,  2.02,  0.94,  0.92,  0.06,  0.00,   75477243,   61490000,   13884000,   88009263, python, iotlab1, mult, 25
15876378    ,  2.04,  0.96,  0.93,  0.06,  0.00,   76502564,   64304000,   12057000,   88896527, python, iotlab1, mult, 25
15876378    ,  2.06,  0.96,  0.93,  0.06,  0.00,   75479146,   59576000,   15886000,   87901934, python, iotlab1, mult, 25
15948692    ,  0.86,  0.41,  0.40,  0.02,  0.00,   34160152,   30778000,    2978000,   46627700, python, iotlab1, mult, 25
15948692    ,  0.87,  0.41,  0.40,  0.02,  0.00,   33457086,   29376000,    4051000,   45950362, python, iotlab1, mult, 25
15948692    ,  0.84,  0.40,  0.39,  0.02,  0.00,   34067391,   32037000,    2002000,   46456542, python, iotlab1, mult, 25
15948692    ,  0.85,  0.40,  0.40,  0.02,  0.00,   33162125,   28018000,    5003000,   45755891, python, iotlab1, mult, 25
15948692    ,  0.86,  0.41,  0.40,  0.02,  0.00,   33734021,   30738000,    2974000,   46119860, python, iotlab1, mult, 25
15948692    ,  0.87,  0.41,  0.41,  0.02,  0.00,   33374142,   27475000,    5887000,   45900426, python, iotlab1, mult, 25
15948692    ,  0.82,  0.40,  0.40,  0.02,  0.00,   33524082,   25614000,    7881000,   45774060, python, iotlab1, mult, 25
15948692    ,  0.86,  0.41,  0.40,  0.02,  0.00,   33274496,   29229000,    4031000,   45617751, python, iotlab1, mult, 25
15948692    ,  0.87,  0.41,  0.40,  0.02,  0.00,   33180416,   26141000,    7037000,   45639768, python, iotlab1, mult, 25
15948692    ,  0.87,  0.42,  0.40,  0.02,  0.00,   33650066,   28652000,    4940000,   46048572, python, iotlab1, mult, 25
1908583     ,  4.94,  2.39,  2.34,  0.10,  0.00,  183879217,  180646000,    2994000,  196371285, python, iotlab1, mult, 25
1908583     ,  4.88,  2.37,  2.31,  0.09,  0.00,  178661021,  174620000,    4014000,  191320088, python, iotlab1, mult, 25
1908583     ,  4.81,  2.32,  2.26,  0.09,  0.00,  177285589,  171276000,    6009000,  189862314, python, iotlab1, mult, 25
1908583     ,  4.92,  2.38,  2.32,  0.09,  0.00,  180268403,  173241000,    7009000,  192756953, python, iotlab1, mult, 25
1908583     ,  4.90,  2.38,  2.33,  0.09,  0.00,  181496747,  178982000,    1999000,  193882675, python, iotlab1, mult, 25
1908583     ,  4.92,  2.39,  2.33,  0.09,  0.00,  180815211,  176783000,    3995000,  193299902, python, iotlab1, mult, 25
1908583     ,  5.00,  2.43,  2.38,  0.09,  0.00,  183729222,  178619000,    5017000,  196196891, python, iotlab1, mult, 25
1908583     ,  4.82,  2.34,  2.28,  0.09,  0.00,  176672083,  169575000,    6982000,  189097833, python, iotlab1, mult, 25
1908583     ,  4.80,  2.34,  2.29,  0.09,  0.00,  177066617,  173027000,    3977000,  189605396, python, iotlab1, mult, 25
1908583     ,  4.81,  2.34,  2.29,  0.09,  0.00,  177244667,  175222000,    2002000,  189759504, python, iotlab1, mult, 25
2896030     ,  0.83,  0.40,  0.39,  0.02,  0.00,   31756171,   25426000,    6102000,   44226034, python, iotlab1, mult, 25
2896030     ,  0.80,  0.38,  0.38,  0.02,  0.00,   31664283,   25711000,    5933000,   44160868, python, iotlab1, mult, 25
2896030     ,  0.84,  0.38,  0.38,  0.02,  0.00,   31333984,   25363000,    5853000,   43782030, python, iotlab1, mult, 25
2896030     ,  0.79,  0.38,  0.37,  0.02,  0.00,   31356827,   26364000,    4882000,   43775391, python, iotlab1, mult, 25
2896030     ,  0.78,  0.38,  0.38,  0.02,  0.00,   31540281,   25605000,    5909000,   43887251, python, iotlab1, mult, 25
2896030     ,  0.83,  0.40,  0.38,  0.02,  0.00,   31175671,   28139000,    3014000,   43564570, python, iotlab1, mult, 25
2896030     ,  0.83,  0.40,  0.38,  0.02,  0.00,   31348478,   28416000,    2939000,   43938390, python, iotlab1, mult, 25
2896030     ,  0.81,  0.39,  0.38,  0.02,  0.00,   31287073,   21507000,    9776000,   43469802, python, iotlab1, mult, 25
2896030     ,  0.80,  0.39,  0.38,  0.02,  0.00,   31295162,   25419000,    5866000,   43609475, python, iotlab1, mult, 25
2896030     ,  0.83,  0.40,  0.39,  0.02,  0.00,   31484357,   26392000,    5075000,   43883312, python, iotlab1, mult, 25
3289558     ,  2.37,  1.20,  1.17,  0.05,  0.00,   92922382,   89734000,    2991000,  105365225, python, iotlab1, mult, 25
3289558     ,  2.29,  1.17,  1.15,  0.05,  0.00,   90982250,   88946000,    1998000,  103580066, python, iotlab1, mult, 25
3289558     ,  2.47,  1.26,  1.23,  0.05,  0.00,   97000678,   88923000,    7993000,  109424808, python, iotlab1, mult, 25
3289558     ,  2.47,  1.25,  1.22,  0.05,  0.00,   97025216,   93976000,    2999000,  109431557, python, iotlab1, mult, 25
3289558     ,  2.32,  1.18,  1.16,  0.05,  0.00,   92101207,   86081000,    6005000,  104586814, python, iotlab1, mult, 25
3289558     ,  2.48,  1.25,  1.22,  0.05,  0.00,   96847540,   93843000,    2995000,  109221831, python, iotlab1, mult, 25
3289558     ,  2.36,  1.18,  1.16,  0.05,  0.00,   91618424,   85549000,    6038000,  104096928, python, iotlab1, mult, 25
3289558     ,  2.36,  1.18,  1.16,  0.05,  0.00,   92182842,   89160000,    3005000,  104590211, python, iotlab1, mult, 25
3289558     ,  2.38,  1.21,  1.18,  0.05,  0.00,   94008727,   89996000,    3999000,  106559112, python, iotlab1, mult, 25
3289558     ,  2.38,  1.21,  1.18,  0.05,  0.00,   93483287,   87524000,    5967000,  106019573, python, iotlab1, mult, 25
3296831     ,  1.88,  0.91,  0.89,  0.04,  0.00,   73333780,   69092000,    4005000,   85861201, python, iotlab1, mult, 25
3296831     ,  1.92,  0.92,  0.90,  0.04,  0.00,   72548778,   66474000,    5952000,   84962368, python, iotlab1, mult, 25
3296831     ,  1.90,  0.91,  0.89,  0.04,  0.00,   73115829,   71083000,    2002000,   85622805, python, iotlab1, mult, 25
3296831     ,  1.92,  0.91,  0.89,  0.04,  0.00,   72415173,   65464000,    6943000,   84877207, python, iotlab1, mult, 25
3296831     ,  1.95,  0.93,  0.91,  0.04,  0.00,   73245730,   67208000,    6018000,   85672008, python, iotlab1, mult, 25
3296831     ,  1.88,  0.91,  0.90,  0.04,  0.00,   72600714,   68614000,    3977000,   84961847, python, iotlab1, mult, 25
3296831     ,  1.90,  0.91,  0.88,  0.04,  0.00,   72718788,   68160000,    4009000,   85159223, python, iotlab1, mult, 25
3296831     ,  1.95,  0.92,  0.89,  0.04,  0.00,   72500157,   68429000,    4025000,   84789838, python, iotlab1, mult, 25
3296831     ,  1.91,  0.91,  0.90,  0.04,  0.00,   72518278,   68538000,    3973000,   85085900, python, iotlab1, mult, 25
3296831     ,  1.88,  0.91,  0.89,  0.04,  0.00,   72152253,   68121000,    4007000,   84699770, python, iotlab1, mult, 25
3304578     ,  1.74,  0.85,  0.82,  0.04,  0.00,   66262122,   60032000,    6003000,   78668436, python, iotlab1, mult, 25
3304578     ,  1.65,  0.82,  0.80,  0.04,  0.00,   64775461,   58695000,    6071000,   77154903, python, iotlab1, mult, 25
3304578     ,  1.64,  0.81,  0.79,  0.04,  0.00,   63734484,   56638000,    6955000,   76140607, python, iotlab1, mult, 25
3304578     ,  1.63,  0.81,  0.79,  0.04,  0.00,   63818241,   60805000,    2990000,   76207738, python, iotlab1, mult, 25
3304578     ,  1.67,  0.82,  0.80,  0.04,  0.00,   64526290,   58533000,    5952000,   77037724, python, iotlab1, mult, 25
3304578     ,  1.65,  0.81,  0.79,  0.04,  0.00,   63891217,   55722000,    8105000,   76321641, python, iotlab1, mult, 25
3304578     ,  1.67,  0.82,  0.80,  0.04,  0.00,   64295655,   61264000,    3012000,   76857625, python, iotlab1, mult, 25
3304578     ,  1.68,  0.82,  0.81,  0.04,  0.00,   64190216,   60163000,    4010000,   76731741, python, iotlab1, mult, 25
3304578     ,  1.72,  0.86,  0.84,  0.04,  0.00,   67007092,   61979000,    4998000,   79419869, python, iotlab1, mult, 25
3304578     ,  1.66,  0.83,  0.80,  0.04,  0.00,   64186006,   61223000,    2962000,   76652388, python, iotlab1, mult, 25
3394686     ,  4.75,  2.27,  2.22,  0.09,  0.00,  174629503,  171376000,    3006000,  187068140, python, iotlab1, mult, 25
3394686     ,  4.62,  2.25,  2.20,  0.09,  0.00,  172005782,  163988000,    7999000,  184790102, python, iotlab1, mult, 25
3394686     ,  4.66,  2.23,  2.18,  0.09,  0.00,  172142883,  167118000,    5003000,  184432192, python, iotlab1, mult, 25
3394686     ,  4.72,  2.26,  2.20,  0.09,  0.00,  173616208,  167611000,    5986000,  185914930, python, iotlab1, mult, 25
3394686     ,  4.71,  2.28,  2.23,  0.09,  0.00,  174112911,  173018000,    1000000,  186605884, python, iotlab1, mult, 25
3394686     ,  4.65,  2.23,  2.18,  0.09,  0.00,  171695108,  166650000,    5019000,  183999481, python, iotlab1, mult, 25
3394686     ,  4.59,  2.21,  2.16,  0.09,  0.00,  169893263,  163845000,    5994000,  182334451, python, iotlab1, mult, 25
3394686     ,  4.57,  2.19,  2.14,  0.09,  0.00,  169122913,  165094000,    4002000,  181662521, python, iotlab1, mult, 25
3394686     ,  4.60,  2.21,  2.16,  0.09,  0.00,  172042445,  165915000,    5996000,  184613003, python, iotlab1, mult, 25
3394686     ,  4.53,  2.21,  2.16,  0.09,  0.00,  169407117,  167379000,    2004000,  181992138, python, iotlab1, mult, 25
3455856     ,  3.07,  1.44,  1.39,  0.11,  0.00,  116862224,  102559000,   14076000,  129303799, python, iotlab1, mult, 25
3455856     ,  3.13,  1.46,  1.42,  0.11,  0.00,  121113009,  107087000,   14011000,  133517540, python, iotlab1, mult, 25
3455856     ,  3.04,  1.42,  1.38,  0.11,  0.00,  116458670,  105396000,   11041000,  128806256, python, iotlab1, mult, 25
3455856     ,  3.10,  1.43,  1.40,  0.11,  0.00,  117673359,  107566000,    9959000,  130196236, python, iotlab1, mult, 25
3455856     ,  3.10,  1.44,  1.40,  0.11,  0.00,  118645120,  107656000,   10965000,  131172281, python, iotlab1, mult, 25
3455856     ,  3.11,  1.44,  1.41,  0.11,  0.00,  117792413,  108778000,    8981000,  130353762, python, iotlab1, mult, 25
3455856     ,  3.06,  1.42,  1.38,  0.11,  0.00,  116625756,  102652000,   13952000,  129124934, python, iotlab1, mult, 25
3455856     ,  3.11,  1.45,  1.40,  0.11,  0.00,  117350279,  105284000,   12032000,  129613575, python, iotlab1, mult, 25
3455856     ,  3.09,  1.43,  1.39,  0.11,  0.00,  116866585,   99804000,   16966000,  129284572, python, iotlab1, mult, 25
3455856     ,  3.15,  1.48,  1.43,  0.11,  0.00,  118764947,  105769000,   12971000,  131150209, python, iotlab1, mult, 25
3649665     ,  0.90,  0.43,  0.42,  0.02,  0.00,   35818174,   28649000,    6915000,   48298165, python, iotlab1, mult, 25
3649665     ,  0.89,  0.42,  0.42,  0.02,  0.00,   35305270,   31200000,    4025000,   47726490, python, iotlab1, mult, 25
3649665     ,  0.94,  0.44,  0.43,  0.02,  0.00,   35495119,   30466000,    4913000,   47947197, python, iotlab1, mult, 25
3649665     ,  0.88,  0.42,  0.41,  0.02,  0.00,   35466193,   26476000,    8825000,   48154653, python, iotlab1, mult, 25
3649665     ,  0.91,  0.44,  0.43,  0.02,  0.00,   35561678,   31481000,    4062000,   47893494, python, iotlab1, mult, 25
3649665     ,  0.93,  0.45,  0.43,  0.02,  0.00,   35449000,   28463000,    6870000,   47958063, python, iotlab1, mult, 25
3649665     ,  0.91,  0.43,  0.43,  0.02,  0.00,   35213666,   30174000,    5029000,   47526855, python, iotlab1, mult, 25
3649665     ,  0.91,  0.43,  0.42,  0.02,  0.00,   35125353,   29027000,    6005000,   47575058, python, iotlab1, mult, 25
3649665     ,  0.91,  0.44,  0.43,  0.02,  0.00,   35451080,   27543000,    7869000,   47722340, python, iotlab1, mult, 25
3649665     ,  0.91,  0.43,  0.41,  0.02,  0.00,   35722869,   32576000,    3054000,   48044656, python, iotlab1, mult, 25
391134      ,  3.20,  1.50,  1.45,  0.09,  0.00,  116610180,   96243000,   20050000,  129079113, python, iotlab1, mult, 25
391134      ,  3.10,  1.47,  1.44,  0.09,  0.00,  116944456,  100924000,   15987000,  129262463, python, iotlab1, mult, 25
391134      ,  3.16,  1.48,  1.44,  0.09,  0.00,  116714030,  100626000,   15940000,  129117895, python, iotlab1, mult, 25
391134      ,  3.14,  1.49,  1.46,  0.09,  0.00,  116725527,   97754000,   18952000,  129288346, python, iotlab1, mult, 25
391134      ,  3.11,  1.47,  1.43,  0.09,  0.00,  115802775,   99811000,   15969000,  128087875, python, iotlab1, mult, 25
391134      ,  3.15,  1.49,  1.45,  0.09,  0.00,  117263839,  101209000,   16033000,  129480648, python, iotlab1, mult, 25
391134      ,  3.13,  1.48,  1.44,  0.09,  0.00,  115739508,   92583000,   23145000,  128174694, python, iotlab1, mult, 25
391134      ,  3.13,  1.47,  1.42,  0.09,  0.00,  115122853,   98265000,   16873000,  127723980, python, iotlab1, mult, 25
391134      ,  3.13,  1.48,  1.44,  0.09,  0.00,  116242931,   91181000,   25049000,  128730229, python, iotlab1, mult, 25
391134      ,  3.10,  1.47,  1.44,  0.09,  0.00,  116275870,   93206000,   23051000,  128658016, python, iotlab1, mult, 25
4207602     ,  0.40,  0.19,  0.18,  0.01,  0.00,   15673098,   11615000,    3871000,   28064485, python, iotlab1, mult, 25
4207602     ,  0.41,  0.20,  0.19,  0.01,  0.00,   15328284,   13270000,    2041000,   27845701, python, iotlab1, mult, 25
4207602     ,  0.41,  0.20,  0.19,  0.01,  0.00,   15546257,   11658000,    3886000,   28003910, python, iotlab1, mult, 25
4207602     ,  0.37,  0.18,  0.19,  0.01,  0.00,   15680241,   10764000,    4892000,   28119743, python, iotlab1, mult, 25
4207602     ,  0.38,  0.19,  0.19,  0.01,  0.00,   15532530,    8716000,    6779000,   27930571, python, iotlab1, mult, 25
4207602     ,  0.39,  0.19,  0.18,  0.01,  0.00,   15294409,   13223000,    2034000,   27689073, python, iotlab1, mult, 25
4207602     ,  0.37,  0.18,  0.18,  0.01,  0.00,   15197659,   11132000,    4048000,   27652095, python, iotlab1, mult, 25
4207602     ,  0.40,  0.20,  0.19,  0.01,  0.00,   15502060,   13547000,    1935000,   27806501, python, iotlab1, mult, 25
4207602     ,  0.36,  0.17,  0.17,  0.01,  0.00,   15481814,   11344000,    4125000,   27803223, python, iotlab1, mult, 25
4207602     ,  0.38,  0.18,  0.17,  0.01,  0.00,   15572834,   12637000,    2916000,   27905500, python, iotlab1, mult, 25
4370891     ,  3.31,  1.53,  1.48,  0.14,  0.00,  126680744,  111386000,   15052000,  139119935, python, iotlab1, mult, 25
4370891     ,  3.30,  1.53,  1.48,  0.14,  0.00,  125882826,  108834000,   16974000,  138300408, python, iotlab1, mult, 25
4370891     ,  3.27,  1.52,  1.48,  0.14,  0.00,  126135882,  113093000,   13010000,  138632647, python, iotlab1, mult, 25
4370891     ,  3.28,  1.52,  1.47,  0.14,  0.00,  126026733,  110990000,   14998000,  138454027, python, iotlab1, mult, 25
4370891     ,  3.33,  1.54,  1.48,  0.14,  0.00,  126253676,  107349000,   18885000,  138655624, python, iotlab1, mult, 25
4370891     ,  3.31,  1.53,  1.48,  0.14,  0.00,  125606631,  113640000,   11962000,  138050898, python, iotlab1, mult, 25
4370891     ,  3.28,  1.53,  1.49,  0.14,  0.00,  126861852,  114840000,   11983000,  139261934, python, iotlab1, mult, 25
4370891     ,  3.35,  1.54,  1.48,  0.14,  0.00,  125568527,  111492000,   13936000,  137865606, python, iotlab1, mult, 25
4370891     ,  3.30,  1.54,  1.49,  0.14,  0.00,  126999793,  109935000,   16989000,  139599547, python, iotlab1, mult, 25
4370891     ,  3.29,  1.51,  1.47,  0.14,  0.00,  126502592,  110444000,   15919000,  138932239, python, iotlab1, mult, 25
4628836     ,  2.33,  1.13,  1.09,  0.07,  0.00,   88349772,   77256000,   10895000,  100965505, python, iotlab1, mult, 25
4628836     ,  2.31,  1.10,  1.07,  0.06,  0.00,   87713061,   74738000,   12954000,  100130233, python, iotlab1, mult, 25
4628836     ,  2.39,  1.13,  1.10,  0.07,  0.00,   89387700,   78434000,   10921000,  101904168, python, iotlab1, mult, 25
4628836     ,  2.33,  1.10,  1.08,  0.06,  0.00,   87340035,   73429000,   13891000,   99796464, python, iotlab1, mult, 25
4628836     ,  2.29,  1.09,  1.06,  0.06,  0.00,   86893499,   71888000,   14976000,   99427922, python, iotlab1, mult, 25
4628836     ,  2.31,  1.10,  1.07,  0.06,  0.00,   86840248,   68848000,   17960000,   99147023, python, iotlab1, mult, 25
4628836     ,  2.36,  1.12,  1.09,  0.06,  0.00,   89025257,   78995000,    9999000,  101306663, python, iotlab1, mult, 25
4628836     ,  2.34,  1.11,  1.09,  0.06,  0.00,   87771333,   74781000,   12962000,  100257853, python, iotlab1, mult, 25
4628836     ,  2.30,  1.09,  1.06,  0.06,  0.00,   86904584,   72895000,   13979000,   99282274, python, iotlab1, mult, 25
4628836     ,  2.32,  1.09,  1.06,  0.06,  0.00,   86934471,   75909000,   10986000,   99549152, python, iotlab1, mult, 25
486989      ,  0.86,  0.40,  0.40,  0.02,  0.00,   37475154,   28427000,    8822000,   49846499, python, iotlab1, mult, 25
486989      ,  0.92,  0.43,  0.42,  0.02,  0.00,   35025687,   32013000,    3001000,   47493962, python, iotlab1, mult, 25
486989      ,  0.91,  0.43,  0.42,  0.02,  0.00,   34961628,   28959000,    5991000,   47477309, python, iotlab1, mult, 25
486989      ,  0.88,  0.43,  0.42,  0.02,  0.00,   35279038,   29209000,    6043000,   47754649, python, iotlab1, mult, 25
486989      ,  0.88,  0.42,  0.42,  0.02,  0.00,   35202285,   33142000,    2008000,   47490121, python, iotlab1, mult, 25
486989      ,  0.91,  0.44,  0.43,  0.02,  0.00,   35117085,   31085000,    4010000,   47632199, python, iotlab1, mult, 25
486989      ,  0.92,  0.44,  0.43,  0.02,  0.00,   35253155,   31210000,    4027000,   47917153, python, iotlab1, mult, 25
486989      ,  0.91,  0.43,  0.42,  0.02,  0.00,   34921919,   26939000,    7982000,   47313318, python, iotlab1, mult, 25
486989      ,  0.91,  0.43,  0.42,  0.02,  0.00,   34856040,   26859000,    7958000,   47384876, python, iotlab1, mult, 25
486989      ,  0.92,  0.43,  0.42,  0.02,  0.00,   35353219,   29260000,    6053000,   47953608, python, iotlab1, mult, 25
4927995     ,  1.87,  0.86,  0.84,  0.06,  0.00,   69005844,   54050000,   14741000,   81471005, python, iotlab1, mult, 25
4927995     ,  1.86,  0.86,  0.84,  0.06,  0.00,   68837281,   53837000,   14954000,   81411574, python, iotlab1, mult, 25
4927995     ,  1.84,  0.86,  0.83,  0.06,  0.00,   68622629,   53460000,   15130000,   81056096, python, iotlab1, mult, 25
4927995     ,  1.82,  0.86,  0.83,  0.06,  0.00,   68565799,   55436000,   13103000,   81048673, python, iotlab1, mult, 25
4927995     ,  1.82,  0.86,  0.83,  0.06,  0.00,   68846014,   56855000,   11969000,   81354249, python, iotlab1, mult, 25
4927995     ,  1.83,  0.85,  0.83,  0.05,  0.00,   68458358,   55474000,   12878000,   80912361, python, iotlab1, mult, 25
4927995     ,  1.83,  0.86,  0.83,  0.06,  0.00,   68771091,   58722000,    9952000,   81058891, python, iotlab1, mult, 25
4927995     ,  1.86,  0.86,  0.84,  0.06,  0.00,   68776767,   57801000,   10962000,   81188270, python, iotlab1, mult, 25
4927995     ,  1.84,  0.86,  0.84,  0.06,  0.00,   68857846,   60802000,    7974000,   81263443, python, iotlab1, mult, 25
4927995     ,  1.85,  0.86,  0.84,  0.06,  0.00,   68790278,   50835000,   17942000,   81139889, python, iotlab1, mult, 25
5001364     ,  0.79,  0.39,  0.38,  0.02,  0.00,   31703706,   26518000,    4910000,   44170721, python, iotlab1, mult, 25
5001364     ,  0.81,  0.39,  0.38,  0.02,  0.00,   30967623,   28952000,    1996000,   43405139, python, iotlab1, mult, 25
5001364     ,  0.78,  0.38,  0.37,  0.02,  0.00,   31039955,   27141000,    3877000,   43449089, python, iotlab1, mult, 25
5001364     ,  0.78,  0.38,  0.37,  0.02,  0.00,   30971365,   25885000,    4978000,   43491563, python, iotlab1, mult, 25
5001364     ,  0.80,  0.38,  0.37,  0.02,  0.00,   30892159,   26755000,    4116000,   43232157, python, iotlab1, mult, 25
5001364     ,  0.81,  0.38,  0.37,  0.02,  0.00,   30827884,   25751000,    4952000,   43343673, python, iotlab1, mult, 25
5001364     ,  0.81,  0.39,  0.38,  0.02,  0.00,   30982204,   23977000,    6993000,   43333835, python, iotlab1, mult, 25
5001364     ,  0.78,  0.38,  0.37,  0.02,  0.00,   30934508,   26927000,    3989000,   43273829, python, iotlab1, mult, 25
5001364     ,  0.81,  0.39,  0.38,  0.02,  0.00,   30804502,   27811000,    2979000,   43077287, python, iotlab1, mult, 25
5001364     ,  0.81,  0.39,  0.38,  0.02,  0.00,   30890917,   24887000,    5973000,   43294830, python, iotlab1, mult, 25
5105490     ,  3.18,  1.50,  1.45,  0.12,  0.00,  118633713,  100419000,   17896000,  130979457, python, iotlab1, mult, 25
5105490     ,  3.11,  1.45,  1.41,  0.11,  0.00,  117281826,  109235000,    8017000,  129692395, python, iotlab1, mult, 25
5105490     ,  3.04,  1.41,  1.37,  0.11,  0.00,  116570438,  106594000,    9962000,  129005147, python, iotlab1, mult, 25
5105490     ,  3.06,  1.42,  1.38,  0.11,  0.00,  115835623,  106831000,    8985000,  128172857, python, iotlab1, mult, 25
5105490     ,  3.14,  1.46,  1.42,  0.11,  0.00,  118136304,  104110000,   14014000,  130521290, python, iotlab1, mult, 25
5105490     ,  3.14,  1.45,  1.42,  0.11,  0.00,  119477750,  108457000,   10945000,  131831355, python, iotlab1, mult, 25
5105490     ,  3.08,  1.44,  1.40,  0.11,  0.00,  116405855,   97301000,   19059000,  128769821, python, iotlab1, mult, 25
5105490     ,  3.15,  1.44,  1.39,  0.11,  0.00,  116084902,  101952000,   13993000,  128629918, python, iotlab1, mult, 25
5105490     ,  3.08,  1.44,  1.40,  0.11,  0.00,  116705989,  103655000,   12956000,  129139530, python, iotlab1, mult, 25
5105490     ,  3.16,  1.47,  1.42,  0.11,  0.00,  118654768,  106528000,   12059000,  131187485, python, iotlab1, mult, 25
5394299     ,  2.23,  1.05,  1.02,  0.06,  0.00,   82942940,   77625000,    4975000,   95421048, python, iotlab1, mult, 25
5394299     ,  2.24,  1.04,  1.01,  0.06,  0.00,   83684395,   67537000,   16128000,   95950469, python, iotlab1, mult, 25
5394299     ,  2.17,  1.02,  1.00,  0.06,  0.00,   82453476,   72433000,    9922000,   94746421, python, iotlab1, mult, 25
5394299     ,  2.21,  1.03,  1.00,  0.06,  0.00,   82851492,   72732000,   10101000,   95227983, python, iotlab1, mult, 25
5394299     ,  2.21,  1.04,  1.02,  0.06,  0.00,   82616079,   69658000,   12936000,   94981001, python, iotlab1, mult, 25
5394299     ,  2.20,  1.04,  1.01,  0.06,  0.00,   82911260,   72827000,    9976000,   95422038, python, iotlab1, mult, 25
5394299     ,  2.24,  1.06,  1.04,  0.06,  0.00,   83570999,   64570000,   18874000,   95990812, python, iotlab1, mult, 25
5394299     ,  2.21,  1.05,  1.01,  0.06,  0.00,   82474718,   63347000,   19104000,   94738470, python, iotlab1, mult, 25
5394299     ,  2.24,  1.05,  1.03,  0.06,  0.00,   82980145,   69972000,   12994000,   95312351, python, iotlab1, mult, 25
5394299     ,  2.20,  1.04,  1.01,  0.06,  0.00,   82443243,   67343000,   15076000,   94797580, python, iotlab1, mult, 25
5666796     ,  2.34,  1.12,  1.09,  0.05,  0.00,   89226554,   83917000,    4995000,  101414341, python, iotlab1, mult, 25
5666796     ,  2.35,  1.12,  1.09,  0.05,  0.00,   87769459,   76585000,   11084000,  100270124, python, iotlab1, mult, 25
5666796     ,  2.39,  1.14,  1.10,  0.06,  0.00,   91692394,   83700000,    7971000,  104177905, python, iotlab1, mult, 25
5666796     ,  2.36,  1.14,  1.11,  0.05,  0.00,   90070897,   82033000,    8003000,  102466672, python, iotlab1, mult, 25
5666796     ,  2.31,  1.11,  1.09,  0.05,  0.00,   88143008,   76054000,   12008000,  100584532, python, iotlab1, mult, 25
5666796     ,  2.34,  1.13,  1.10,  0.05,  0.00,   89071225,   84039000,    5002000,  101439712, python, iotlab1, mult, 25
5666796     ,  2.35,  1.13,  1.11,  0.05,  0.00,   89317560,   80375000,    8930000,  101825884, python, iotlab1, mult, 25
5666796     ,  2.26,  1.10,  1.08,  0.05,  0.00,   87601304,   74619000,   12933000,  100012432, python, iotlab1, mult, 25
5666796     ,  2.38,  1.13,  1.11,  0.05,  0.00,   89368558,   82315000,    6942000,  101790805, python, iotlab1, mult, 25
5666796     ,  2.36,  1.13,  1.10,  0.05,  0.00,   88877125,   79772000,    9088000,  101269073, python, iotlab1, mult, 25
5800935     ,  2.69,  1.22,  1.18,  0.11,  0.00,  100689564,   90326000,   10036000,  113027574, python, iotlab1, mult, 25
5800935     ,  2.64,  1.23,  1.19,  0.11,  0.00,  100885282,   86750000,   14122000,  113157482, python, iotlab1, mult, 25
5800935     ,  2.64,  1.23,  1.19,  0.11,  0.00,  100537189,   93471000,    7035000,  112820957, python, iotlab1, mult, 25
5800935     ,  2.68,  1.24,  1.19,  0.11,  0.00,  100194880,   89157000,   11019000,  112675837, python, iotlab1, mult, 25
5800935     ,  2.71,  1.24,  1.19,  0.11,  0.00,  101053496,   87955000,   12993000,  113519386, python, iotlab1, mult, 25
5800935     ,  2.64,  1.23,  1.19,  0.10,  0.00,  100308113,   87165000,   13024000,  112814535, python, iotlab1, mult, 25
5800935     ,  2.69,  1.23,  1.19,  0.11,  0.00,  101058510,   90946000,    9994000,  113523055, python, iotlab1, mult, 25
5800935     ,  2.62,  1.21,  1.17,  0.11,  0.00,  102197325,   80349000,   21823000,  114538938, python, iotlab1, mult, 25
5800935     ,  2.65,  1.23,  1.19,  0.11,  0.00,  100530396,   90469000,   10052000,  112906506, python, iotlab1, mult, 25
5800935     ,  2.65,  1.22,  1.19,  0.10,  0.00,  100499848,   89545000,   10944000,  113020576, python, iotlab1, mult, 25
5901050     ,  3.26,  1.50,  1.46,  0.14,  0.00,  124163960,  105919000,   17986000,  136607324, python, iotlab1, mult, 25
5901050     ,  3.23,  1.49,  1.44,  0.14,  0.00,  123912526,  107899000,   15985000,  136336094, python, iotlab1, mult, 25
5901050     ,  3.23,  1.48,  1.43,  0.14,  0.00,  123848270,  107799000,   15970000,  136214617, python, iotlab1, mult, 25
5901050     ,  3.23,  1.48,  1.43,  0.14,  0.00,  123650112,  106642000,   16943000,  136033300, python, iotlab1, mult, 25
5901050     ,  3.22,  1.48,  1.43,  0.14,  0.00,  123989806,  110953000,   12994000,  136470682, python, iotlab1, mult, 25
5901050     ,  3.26,  1.50,  1.45,  0.14,  0.00,  123976455,  105952000,   17991000,  136234915, python, iotlab1, mult, 25
5901050     ,  3.28,  1.50,  1.45,  0.14,  0.00,  123955662,  107934000,   15990000,  136448077, python, iotlab1, mult, 25
5901050     ,  3.24,  1.50,  1.45,  0.14,  0.00,  123158929,  111097000,   12010000,  135619578, python, iotlab1, mult, 25
5901050     ,  3.28,  1.51,  1.46,  0.14,  0.00,  123858647,  108850000,   14979000,  136240331, python, iotlab1, mult, 25
5901050     ,  3.25,  1.49,  1.44,  0.14,  0.00,  123377916,  119329000,    4011000,  135755686, python, iotlab1, mult, 25
602453      ,  2.08,  0.99,  0.97,  0.06,  0.00,   79207485,   67138000,   11848000,   91650591, python, iotlab1, mult, 25
602453      ,  2.01,  0.95,  0.94,  0.06,  0.00,   77869315,   69849000,    7982000,   90227958, python, iotlab1, mult, 25
602453      ,  2.05,  0.97,  0.96,  0.06,  0.00,   78560146,   62620000,   15903000,   91027151, python, iotlab1, mult, 25
602453      ,  2.05,  0.97,  0.95,  0.06,  0.00,   78076407,   61027000,   17007000,   90529044, python, iotlab1, mult, 25
602453      ,  2.10,  0.99,  0.96,  0.06,  0.00,   78362058,   60146000,   18043000,   90806481, python, iotlab1, mult, 25
602453      ,  2.12,  0.99,  0.97,  0.06,  0.00,   79229270,   68236000,   10878000,   91579833, python, iotlab1, mult, 25
602453      ,  2.06,  0.98,  0.95,  0.06,  0.00,   77901103,   66886000,   10981000,   90349760, python, iotlab1, mult, 25
602453      ,  2.05,  0.97,  0.95,  0.06,  0.00,   78147575,   65090000,   13018000,   90469893, python, iotlab1, mult, 25
602453      ,  2.07,  0.97,  0.95,  0.06,  0.00,   78048503,   69004000,    9000000,   90328259, python, iotlab1, mult, 25
602453      ,  2.09,  0.99,  0.96,  0.06,  0.00,   78181464,   69141000,    9018000,   90729127, python, iotlab1, mult, 25
6516804     ,  5.66,  1.05,  0.91,  0.24,  0.00,  401689041,  132849000,   27553000,  414985818, python, iotlab1, mult, 25
6516804     ,  1.91,  0.89,  0.87,  0.05,  0.00,   75256227,   64270000,   10876000,   87600794, python, iotlab1, mult, 25
6516804     ,  1.92,  0.91,  0.88,  0.05,  0.00,   74856678,   63841000,   10972000,   87222082, python, iotlab1, mult, 25
6516804     ,  1.97,  0.92,  0.90,  0.05,  0.00,   74521765,   64312000,   10048000,   87138298, python, iotlab1, mult, 25
6516804     ,  1.93,  0.92,  0.89,  0.05,  0.00,   75487854,   67381000,    8045000,   87779681, python, iotlab1, mult, 25
6516804     ,  1.93,  0.89,  0.88,  0.05,  0.00,   74695776,   62641000,   11931000,   87092168, python, iotlab1, mult, 25
6516804     ,  1.94,  0.89,  0.87,  0.05,  0.00,   75040494,   63097000,   11830000,   87403028, python, iotlab1, mult, 25
6516804     ,  1.97,  0.91,  0.89,  0.05,  0.00,   74639802,   65441000,    9061000,   87170903, python, iotlab1, mult, 25
6516804     ,  1.97,  0.90,  0.88,  0.05,  0.00,   75091898,   66045000,    9006000,   87573426, python, iotlab1, mult, 25
6516804     ,  1.97,  0.90,  0.88,  0.05,  0.00,   74869919,   62824000,   11966000,   87377857, python, iotlab1, mult, 25
6733036     ,  2.11,  0.85,  0.82,  0.07,  0.00,  100793242,   63060000,   15014000,  113427577, python, iotlab1, mult, 25
6733036     ,  1.82,  0.86,  0.84,  0.06,  0.00,   70479898,   58545000,   11907000,   82882691, python, iotlab1, mult, 25
6733036     ,  1.85,  0.88,  0.85,  0.06,  0.00,   70329098,   58275000,   12057000,   82780408, python, iotlab1, mult, 25
6733036     ,  1.91,  0.88,  0.85,  0.06,  0.00,   70596093,   53540000,   16855000,   82994814, python, iotlab1, mult, 25
6733036     ,  1.84,  0.85,  0.82,  0.06,  0.00,   72550922,   61436000,   11078000,   84922471, python, iotlab1, mult, 25
6733036     ,  1.85,  0.87,  0.84,  0.06,  0.00,   70540506,   61596000,    8941000,   82965332, python, iotlab1, mult, 25
6733036     ,  1.83,  0.86,  0.84,  0.06,  0.00,   70216603,   57167000,   13038000,   82639305, python, iotlab1, mult, 25
6733036     ,  1.86,  0.87,  0.85,  0.06,  0.00,   70450666,   59353000,   11065000,   82912362, python, iotlab1, mult, 25
6733036     ,  1.87,  0.87,  0.84,  0.06,  0.00,   70062272,   55020000,   15005000,   82519194, python, iotlab1, mult, 25
6733036     ,  1.86,  0.86,  0.84,  0.06,  0.00,   69879317,   60835000,    8975000,   82477910, python, iotlab1, mult, 25
681818      ,  1.82,  0.85,  0.83,  0.05,  0.00,   68896864,   57532000,   11102000,   81326256, python, iotlab1, mult, 25
681818      ,  1.84,  0.85,  0.83,  0.05,  0.00,   68368501,   54395000,   13846000,   80812804, python, iotlab1, mult, 25
681818      ,  1.81,  0.85,  0.83,  0.05,  0.00,   68971068,   60957000,    7994000,   81355771, python, iotlab1, mult, 25
681818      ,  1.82,  0.86,  0.84,  0.05,  0.00,   69414376,   60207000,    9031000,   81852879, python, iotlab1, mult, 25
681818      ,  1.84,  0.85,  0.84,  0.05,  0.00,   68892853,   55827000,   12959000,   81424076, python, iotlab1, mult, 25
681818      ,  1.83,  0.86,  0.84,  0.05,  0.00,   68253220,   60298000,    7907000,   80703952, python, iotlab1, mult, 25
681818      ,  1.86,  0.88,  0.85,  0.05,  0.00,   69644537,   51717000,   17902000,   82083702, python, iotlab1, mult, 25
681818      ,  1.84,  0.86,  0.84,  0.05,  0.00,   68760175,   56718000,   11940000,   81285827, python, iotlab1, mult, 25
681818      ,  1.80,  0.85,  0.84,  0.05,  0.00,   68619626,   61637000,    6959000,   80956796, python, iotlab1, mult, 25
681818      ,  1.86,  0.87,  0.85,  0.05,  0.00,   68804769,   55618000,   13146000,   81144888, python, iotlab1, mult, 25
6895799     ,  0.39,  0.19,  0.19,  0.01,  0.00,   15983262,   12872000,    2970000,   28672452, python, iotlab1, mult, 25
6895799     ,  0.41,  0.20,  0.19,  0.01,  0.00,   15783746,   12815000,    2957000,   28247056, python, iotlab1, mult, 25
6895799     ,  0.40,  0.19,  0.18,  0.01,  0.00,   15831202,   12846000,    2964000,   28259070, python, iotlab1, mult, 25
6895799     ,  0.41,  0.18,  0.18,  0.01,  0.00,   16113406,   13080000,    3018000,   28469384, python, iotlab1, mult, 25
6895799     ,  0.39,  0.18,  0.18,  0.01,  0.00,   16065803,   12035000,    4011000,   28357253, python, iotlab1, mult, 25
6895799     ,  0.40,  0.19,  0.18,  0.01,  0.00,   15861046,   10896000,    4952000,   28231080, python, iotlab1, mult, 25
6895799     ,  0.39,  0.18,  0.19,  0.01,  0.00,   15649777,   11729000,    3909000,   28080365, python, iotlab1, mult, 25
6895799     ,  0.40,  0.19,  0.19,  0.01,  0.00,   15945626,    9951000,    5971000,   28389574, python, iotlab1, mult, 25
6895799     ,  0.39,  0.19,  0.18,  0.01,  0.00,   15797825,   13813000,    1973000,   28265712, python, iotlab1, mult, 25
6895799     ,  0.42,  0.20,  0.20,  0.01,  0.00,   15951494,   13947000,    1992000,   28402789, python, iotlab1, mult, 25
7346819     ,  0.98,  0.46,  0.44,  0.02,  0.00,   36681681,   29347000,    7083000,   48974301, python, iotlab1, mult, 25
7346819     ,  0.98,  0.45,  0.44,  0.02,  0.00,   36202207,   29078000,    7019000,   48648128, python, iotlab1, mult, 25
7346819     ,  0.95,  0.44,  0.43,  0.02,  0.00,   36155783,   30106000,    6021000,   48768890, python, iotlab1, mult, 25
7346819     ,  0.96,  0.45,  0.43,  0.02,  0.00,   36427697,   31324000,    5052000,   49012840, python, iotlab1, mult, 25
7346819     ,  0.96,  0.45,  0.43,  0.02,  0.00,   36374493,   27407000,    8809000,   48909766, python, iotlab1, mult, 25
7346819     ,  0.94,  0.45,  0.43,  0.02,  0.00,   36232818,   32180000,    4022000,   48736161, python, iotlab1, mult, 25
7346819     ,  0.97,  0.46,  0.44,  0.02,  0.00,   36348373,   31285000,    5046000,   48878598, python, iotlab1, mult, 25
7346819     ,  0.92,  0.43,  0.42,  0.02,  0.00,   36586069,   32492000,    4061000,   48903969, python, iotlab1, mult, 25
7346819     ,  0.92,  0.45,  0.44,  0.02,  0.00,   36730811,   33639000,    3058000,   49245774, python, iotlab1, mult, 25
7346819     ,  0.94,  0.44,  0.44,  0.02,  0.00,   36412181,   24583000,   11800000,   48858141, python, iotlab1, mult, 25
7628256     ,  1.39,  0.67,  0.65,  0.03,  0.00,   53646095,   48455000,    4944000,   66118496, python, iotlab1, mult, 25
7628256     ,  1.34,  0.65,  0.65,  0.03,  0.00,   52625266,   47539000,    4952000,   65078624, python, iotlab1, mult, 25
7628256     ,  1.36,  0.66,  0.65,  0.03,  0.00,   53251417,   48198000,    5020000,   65604081, python, iotlab1, mult, 25
7628256     ,  1.34,  0.65,  0.64,  0.03,  0.00,   51634610,   46644000,    4962000,   64060742, python, iotlab1, mult, 25
7628256     ,  1.39,  0.66,  0.65,  0.03,  0.00,   53542004,   45584000,    7927000,   65810783, python, iotlab1, mult, 25
7628256     ,  1.44,  0.69,  0.67,  0.03,  0.00,   54226600,   51121000,    3007000,   66859592, python, iotlab1, mult, 25
7628256     ,  1.38,  0.67,  0.65,  0.03,  0.00,   52659317,   48662000,    3972000,   65085195, python, iotlab1, mult, 25
7628256     ,  1.39,  0.66,  0.65,  0.03,  0.00,   52513401,   48459000,    3955000,   64907977, python, iotlab1, mult, 25
7628256     ,  1.39,  0.67,  0.65,  0.03,  0.00,   52945033,   46832000,    5978000,   65346993, python, iotlab1, mult, 25
7628256     ,  1.35,  0.65,  0.64,  0.03,  0.00,   52695513,   45712000,    6956000,   64943794, python, iotlab1, mult, 25
7939685     ,  0.81,  0.38,  0.38,  0.02,  0.00,   31780940,   27427000,    4063000,   44222674, python, iotlab1, mult, 25
7939685     ,  0.80,  0.38,  0.37,  0.02,  0.00,   31006993,   28915000,    1994000,   43326979, python, iotlab1, mult, 25
7939685     ,  0.78,  0.38,  0.38,  0.02,  0.00,   31772338,   28773000,    2976000,   44196436, python, iotlab1, mult, 25
7939685     ,  0.84,  0.39,  0.37,  0.02,  0.00,   31099565,   26054000,    5010000,   43522363, python, iotlab1, mult, 25
7939685     ,  0.84,  0.40,  0.38,  0.02,  0.00,   31258578,   29211000,    2014000,   43845885, python, iotlab1, mult, 25
7939685     ,  0.77,  0.38,  0.38,  0.02,  0.00,   31520834,   26586000,    4923000,   44020358, python, iotlab1, mult, 25
7939685     ,  0.77,  0.38,  0.37,  0.02,  0.00,   31338740,   25249000,    6059000,   43792355, python, iotlab1, mult, 25
7939685     ,  0.81,  0.39,  0.38,  0.02,  0.00,   31328418,   25404000,    5862000,   43787739, python, iotlab1, mult, 25
7939685     ,  0.83,  0.40,  0.38,  0.02,  0.00,   31142100,   26090000,    5017000,   43568811, python, iotlab1, mult, 25
7939685     ,  0.81,  0.38,  0.37,  0.02,  0.00,   30986381,   26857000,    4131000,   43439167, python, iotlab1, mult, 25
7953243     ,  2.30,  1.07,  1.04,  0.08,  0.00,   86558229,   67469000,   18851000,   99157999, python, iotlab1, mult, 25
7953243     ,  2.32,  1.07,  1.05,  0.08,  0.00,   86087213,   77075000,    9008000,   98567171, python, iotlab1, mult, 25
7953243     ,  2.25,  1.06,  1.03,  0.07,  0.00,   85351204,   74411000,   10913000,   97774259, python, iotlab1, mult, 25
7953243     ,  2.30,  1.07,  1.04,  0.08,  0.00,   85669302,   71541000,   14106000,   98015976, python, iotlab1, mult, 25
7953243     ,  2.32,  1.08,  1.05,  0.07,  0.00,   85958738,   71949000,   13990000,   98328711, python, iotlab1, mult, 25
7953243     ,  2.30,  1.08,  1.05,  0.08,  0.00,   86936246,   70928000,   15983000,   99464182, python, iotlab1, mult, 25
7953243     ,  2.31,  1.07,  1.05,  0.08,  0.00,   86801438,   75801000,   10971000,   99172949, python, iotlab1, mult, 25
7953243     ,  2.29,  1.06,  1.04,  0.07,  0.00,   85395864,   71478000,   13898000,   97821297, python, iotlab1, mult, 25
7953243     ,  2.32,  1.08,  1.05,  0.08,  0.00,   85659958,   74693000,   10955000,   98108893, python, iotlab1, mult, 25
7953243     ,  2.27,  1.06,  1.03,  0.07,  0.00,   86397998,   76327000,   10043000,   98741318, python, iotlab1, mult, 25
8156693     ,  0.78,  0.38,  0.37,  0.02,  0.00,   30898510,   23737000,    6923000,   43302048, python, iotlab1, mult, 25
8156693     ,  0.81,  0.39,  0.37,  0.02,  0.00,   30595167,   24664000,    5919000,   42930383, python, iotlab1, mult, 25
8156693     ,  0.79,  0.37,  0.36,  0.02,  0.00,   30421392,   26488000,    3924000,   42905564, python, iotlab1, mult, 25
8156693     ,  0.77,  0.38,  0.36,  0.02,  0.00,   30770687,   24807000,    5953000,   43244971, python, iotlab1, mult, 25
8156693     ,  0.81,  0.38,  0.37,  0.02,  0.00,   30703414,   28638000,    2045000,   42995949, python, iotlab1, mult, 25
8156693     ,  0.78,  0.37,  0.37,  0.02,  0.00,   30612149,   26511000,    4078000,   43041583, python, iotlab1, mult, 25
8156693     ,  0.81,  0.39,  0.37,  0.02,  0.00,   30596149,   24666000,    5919000,   43013259, python, iotlab1, mult, 25
8156693     ,  0.78,  0.37,  0.36,  0.02,  0.00,   30505628,   24577000,    5898000,   42888579, python, iotlab1, mult, 25
8156693     ,  0.82,  0.39,  0.37,  0.02,  0.00,   30721893,   25585000,    5117000,   43344236, python, iotlab1, mult, 25
8156693     ,  0.77,  0.38,  0.37,  0.02,  0.00,   30674648,   25711000,    4944000,   43174859, python, iotlab1, mult, 25
8157903     ,  1.85,  0.87,  0.84,  0.06,  0.00,   69799432,   57567000,   11910000,   82210307, python, iotlab1, mult, 25
8157903     ,  1.84,  0.86,  0.84,  0.06,  0.00,   69000398,   58988000,    9998000,   81495340, python, iotlab1, mult, 25
8157903     ,  1.83,  0.85,  0.83,  0.06,  0.00,   68957186,   51945000,   16982000,   81321026, python, iotlab1, mult, 25
8157903     ,  1.83,  0.85,  0.83,  0.06,  0.00,   68938254,   55922000,   12982000,   81344615, python, iotlab1, mult, 25
8157903     ,  1.85,  0.86,  0.83,  0.06,  0.00,   69482316,   61960000,    6995000,   81904950, python, iotlab1, mult, 25
8157903     ,  1.88,  0.88,  0.84,  0.06,  0.00,   69071243,   55027000,   14006000,   81503042, python, iotlab1, mult, 25
8157903     ,  1.86,  0.86,  0.84,  0.06,  0.00,   69281656,   53309000,   15795000,   81765745, python, iotlab1, mult, 25
8157903     ,  1.87,  0.85,  0.83,  0.06,  0.00,   68941874,   49907000,   18964000,   81393457, python, iotlab1, mult, 25
8157903     ,  1.84,  0.85,  0.83,  0.06,  0.00,   69137344,   59204000,    9867000,   81721103, python, iotlab1, mult, 25
8157903     ,  1.86,  0.86,  0.83,  0.06,  0.00,   69569301,   61508000,    8066000,   81784487, python, iotlab1, mult, 25
8579084     ,  0.81,  0.38,  0.37,  0.02,  0.00,   31583796,   23459000,    7819000,   43989057, python, iotlab1, mult, 25
8579084     ,  0.81,  0.39,  0.37,  0.02,  0.00,   31397407,   26279000,    5053000,   43821113, python, iotlab1, mult, 25
8579084     ,  0.79,  0.38,  0.38,  0.02,  0.00,   31433163,   23480000,    7826000,   43732766, python, iotlab1, mult, 25
8579084     ,  0.81,  0.39,  0.38,  0.02,  0.00,   31114020,   29089000,    2006000,   43578857, python, iotlab1, mult, 25
8579084     ,  0.84,  0.40,  0.38,  0.02,  0.00,   31047105,   28026000,    3002000,   43432299, python, iotlab1, mult, 25
8579084     ,  0.81,  0.39,  0.38,  0.02,  0.00,   31072683,   26056000,    5010000,   43505235, python, iotlab1, mult, 25
8579084     ,  0.81,  0.39,  0.37,  0.02,  0.00,   31160320,   28093000,    3009000,   43554679, python, iotlab1, mult, 25
8579084     ,  0.79,  0.38,  0.38,  0.02,  0.00,   31383838,   26463000,    4900000,   43843285, python, iotlab1, mult, 25
8579084     ,  0.79,  0.38,  0.38,  0.02,  0.00,   30812638,   22857000,    7950000,   43467604, python, iotlab1, mult, 25
8579084     ,  0.80,  0.39,  0.38,  0.02,  0.00,   30727630,   25745000,    4951000,   43268810, python, iotlab1, mult, 25
8708398     ,  1.83,  0.86,  0.85,  0.06,  0.00,   69596272,   58218000,   11235000,   81932441, python, iotlab1, mult, 25
8708398     ,  1.86,  0.87,  0.84,  0.05,  0.00,   68942421,   54942000,   13985000,   81357821, python, iotlab1, mult, 25
8708398     ,  1.83,  0.86,  0.85,  0.06,  0.00,   68903009,   57908000,   10982000,   81397216, python, iotlab1, mult, 25
8708398     ,  1.88,  0.88,  0.85,  0.06,  0.00,   69181951,   52128000,   17041000,   81671422, python, iotlab1, mult, 25
8708398     ,  1.85,  0.86,  0.84,  0.06,  0.00,   69048923,   61027000,    8003000,   81563996, python, iotlab1, mult, 25
8708398     ,  1.86,  0.86,  0.84,  0.06,  0.00,   68980111,   60853000,    7980000,   81440242, python, iotlab1, mult, 25
8708398     ,  1.85,  0.87,  0.85,  0.06,  0.00,   68937716,   56910000,   11981000,   81548739, python, iotlab1, mult, 25
8708398     ,  1.86,  0.87,  0.84,  0.06,  0.00,   69014256,   55008000,   14002000,   81587807, python, iotlab1, mult, 25
8708398     ,  1.80,  0.86,  0.84,  0.06,  0.00,   69137685,   57086000,   12018000,   81835191, python, iotlab1, mult, 25
8708398     ,  1.80,  0.85,  0.84,  0.06,  0.00,   69317957,   61260000,    8034000,   81864576, python, iotlab1, mult, 25
8797779     ,  0.77,  0.35,  0.34,  0.02,  0.00,   34979157,   28810000,    5960000,   48341898, python, iotlab1, mult, 25
8797779     ,  0.77,  0.38,  0.37,  0.02,  0.00,   31233606,   25166000,    6040000,   43593615, python, iotlab1, mult, 25
8797779     ,  0.81,  0.39,  0.38,  0.02,  0.00,   31329932,   24468000,    6851000,   43724165, python, iotlab1, mult, 25
8797779     ,  0.83,  0.40,  0.39,  0.02,  0.00,   31407091,   29357000,    2024000,   43988465, python, iotlab1, mult, 25
8797779     ,  0.79,  0.39,  0.38,  0.02,  0.00,   31474374,   23334000,    8116000,   44109386, python, iotlab1, mult, 25
8797779     ,  0.79,  0.38,  0.37,  0.02,  0.00,   31384965,   27257000,    4038000,   43964997, python, iotlab1, mult, 25
8797779     ,  0.84,  0.40,  0.39,  0.02,  0.00,   31242247,   28209000,    3022000,   43848005, python, iotlab1, mult, 25
8797779     ,  0.78,  0.38,  0.38,  0.02,  0.00,   31543284,   28567000,    2955000,   43931127, python, iotlab1, mult, 25
8797779     ,  0.83,  0.40,  0.38,  0.02,  0.00,   31155771,   26095000,    5018000,   43653316, python, iotlab1, mult, 25
8797779     ,  0.80,  0.39,  0.38,  0.02,  0.00,   31346575,   28387000,    2936000,   43729013, python, iotlab1, mult, 25
8842280     ,  0.79,  0.40,  0.38,  0.02,  0.00,   31766008,   27456000,    4067000,   44174295, python, iotlab1, mult, 25
8842280     ,  0.81,  0.38,  0.38,  0.02,  0.00,   31089491,   28033000,    3003000,   43579707, python, iotlab1, mult, 25
8842280     ,  0.80,  0.39,  0.38,  0.02,  0.00,   31513606,   27548000,    3935000,   43812538, python, iotlab1, mult, 25
8842280     ,  0.82,  0.39,  0.38,  0.02,  0.00,   31212113,   25160000,    6038000,   43591995, python, iotlab1, mult, 25
8842280     ,  0.82,  0.39,  0.38,  0.02,  0.00,   31250310,   27213000,    4031000,   43658982, python, iotlab1, mult, 25
8842280     ,  0.77,  0.38,  0.37,  0.02,  0.00,   31243580,   24170000,    7049000,   43626226, python, iotlab1, mult, 25
8842280     ,  0.85,  0.40,  0.39,  0.02,  0.00,   31719941,   25743000,    5940000,   44256146, python, iotlab1, mult, 25
8842280     ,  0.81,  0.39,  0.38,  0.02,  0.00,   31092559,   29076000,    2005000,   43546319, python, iotlab1, mult, 25
8842280     ,  0.79,  0.39,  0.38,  0.02,  0.00,   31668502,   25722000,    5935000,   44047370, python, iotlab1, mult, 25
8842280     ,  0.80,  0.39,  0.37,  0.02,  0.00,   31423416,   28374000,    3040000,   43956254, python, iotlab1, mult, 25
9018382     ,  2.03,  0.99,  0.96,  0.05,  0.00,   77747727,   68456000,    9060000,   90246577, python, iotlab1, mult, 25
9018382     ,  1.99,  0.93,  0.92,  0.05,  0.00,   74304685,   65151000,    9021000,   86864557, python, iotlab1, mult, 25
9018382     ,  1.97,  0.94,  0.91,  0.05,  0.00,   74644471,   65652000,    8952000,   87026133, python, iotlab1, mult, 25
9018382     ,  1.95,  0.93,  0.91,  0.05,  0.00,   73703907,   60489000,   13106000,   86130731, python, iotlab1, mult, 25
9018382     ,  1.97,  0.94,  0.92,  0.05,  0.00,   74457715,   67495000,    6948000,   86804536, python, iotlab1, mult, 25
9018382     ,  1.99,  0.95,  0.92,  0.05,  0.00,   74315082,   66186000,    8022000,   86723470, python, iotlab1, mult, 25
9018382     ,  1.98,  0.94,  0.91,  0.05,  0.00,   73486659,   63497000,    9921000,   85985005, python, iotlab1, mult, 25
9018382     ,  2.02,  0.96,  0.95,  0.05,  0.00,   77567198,   65402000,   12074000,   90022434, python, iotlab1, mult, 25
9018382     ,  1.98,  0.93,  0.90,  0.05,  0.00,   73402608,   64192000,    9027000,   85913286, python, iotlab1, mult, 25
9018382     ,  1.93,  0.92,  0.90,  0.05,  0.00,   72944731,   64754000,    8094000,   85376134, python, iotlab1, mult, 25
9180735     ,  1.89,  0.88,  0.85,  0.06,  0.00,   69781551,   59461000,   10078000,   82177979, python, iotlab1, mult, 25
9180735     ,  1.84,  0.87,  0.85,  0.06,  0.00,   70258766,   53342000,   16793000,   82694579, python, iotlab1, mult, 25
9180735     ,  1.86,  0.87,  0.84,  0.06,  0.00,   69397947,   56438000,   12871000,   81757627, python, iotlab1, mult, 25
9180735     ,  1.85,  0.87,  0.85,  0.06,  0.00,   70164889,   55094000,   15025000,   82522815, python, iotlab1, mult, 25
9180735     ,  1.82,  0.86,  0.84,  0.05,  0.00,   69399139,   56297000,   13068000,   81656646, python, iotlab1, mult, 25
9180735     ,  1.86,  0.88,  0.85,  0.06,  0.00,   69716934,   50764000,   18912000,   82177381, python, iotlab1, mult, 25
9180735     ,  1.84,  0.88,  0.85,  0.06,  0.00,   69775515,   59794000,    9965000,   82207662, python, iotlab1, mult, 25
9180735     ,  1.86,  0.87,  0.84,  0.06,  0.00,   69485475,   59306000,   10052000,   81788593, python, iotlab1, mult, 25
9180735     ,  1.83,  0.86,  0.84,  0.06,  0.00,   70764149,   58778000,   11954000,   83048986, python, iotlab1, mult, 25
9180735     ,  1.88,  0.88,  0.85,  0.06,  0.00,   69782265,   59687000,    9947000,   82189702, python, iotlab1, mult, 25
9340470     ,  0.89,  0.43,  0.42,  0.02,  0.00,   33946075,   30742000,    2975000,   46412928, python, iotlab1, mult, 25
9340470     ,  0.86,  0.41,  0.41,  0.02,  0.00,   33829738,   28848000,    4973000,   46092131, python, iotlab1, mult, 25
9340470     ,  0.89,  0.42,  0.40,  0.02,  0.00,   33568380,   29525000,    3936000,   46080055, python, iotlab1, mult, 25
9340470     ,  0.86,  0.41,  0.41,  0.02,  0.00,   33421732,   27513000,    5895000,   45773227, python, iotlab1, mult, 25
9340470     ,  0.90,  0.42,  0.41,  0.02,  0.00,   33735549,   28757000,    4958000,   46186531, python, iotlab1, mult, 25
9340470     ,  0.85,  0.42,  0.41,  0.02,  0.00,   34085367,   30053000,    4007000,   46461682, python, iotlab1, mult, 25
9340470     ,  0.88,  0.42,  0.41,  0.02,  0.00,   33835724,   29822000,    3976000,   46100901, python, iotlab1, mult, 25
9340470     ,  0.86,  0.41,  0.40,  0.02,  0.00,   33465082,   28534000,    4919000,   45744037, python, iotlab1, mult, 25
9340470     ,  0.84,  0.40,  0.40,  0.02,  0.00,   33394865,   28398000,    4896000,   45630214, python, iotlab1, mult, 25
9340470     ,  0.86,  0.40,  0.40,  0.02,  0.00,   33587766,   28484000,    5086000,   45964758, python, iotlab1, mult, 25
9340872     ,  0.90,  0.42,  0.41,  0.02,  0.00,   33818009,   30510000,    3051000,   46205580, python, iotlab1, mult, 25
9340872     ,  0.85,  0.40,  0.39,  0.02,  0.00,   34085560,   30054000,    4007000,   46406153, python, iotlab1, mult, 25
9340872     ,  0.86,  0.41,  0.40,  0.02,  0.00,   33790861,   28788000,    4963000,   46377923, python, iotlab1, mult, 25
9340872     ,  0.87,  0.42,  0.40,  0.02,  0.00,   33713250,   28743000,    4955000,   46173648, python, iotlab1, mult, 25
9340872     ,  0.84,  0.40,  0.40,  0.02,  0.00,   33650512,   27691000,    5933000,   46028140, python, iotlab1, mult, 25
9340872     ,  0.89,  0.42,  0.41,  0.02,  0.00,   33878026,   29857000,    3981000,   46407651, python, iotlab1, mult, 25
9340872     ,  0.86,  0.41,  0.41,  0.02,  0.00,   33472529,   26569000,    6888000,   45760401, python, iotlab1, mult, 25
9340872     ,  0.88,  0.42,  0.41,  0.02,  0.00,   33893175,   28890000,    4981000,   46384766, python, iotlab1, mult, 25
9340872     ,  0.84,  0.42,  0.41,  0.02,  0.00,   34220702,   31167000,    3016000,   46623817, python, iotlab1, mult, 25
9340872     ,  0.88,  0.42,  0.41,  0.02,  0.00,   33755419,   28784000,    4962000,   46164091, python, iotlab1, mult, 25
9537478     ,  1.82,  0.88,  0.86,  0.05,  0.00,   70318827,   58132000,   12027000,   82573731, python, iotlab1, mult, 25
9537478     ,  1.88,  0.89,  0.86,  0.05,  0.00,   69861583,   54660000,   15183000,   82324945, python, iotlab1, mult, 25
9537478     ,  1.86,  0.88,  0.85,  0.05,  0.00,   70555430,   56613000,   13905000,   82982318, python, iotlab1, mult, 25
9537478     ,  1.86,  0.87,  0.86,  0.05,  0.00,   69628091,   56681000,   12927000,   82027324, python, iotlab1, mult, 25
9537478     ,  1.89,  0.88,  0.85,  0.05,  0.00,   69862088,   55653000,   14166000,   82356887, python, iotlab1, mult, 25
9537478     ,  1.85,  0.88,  0.86,  0.05,  0.00,   70421805,   55331000,   15090000,   82866270, python, iotlab1, mult, 25
9537478     ,  1.86,  0.87,  0.85,  0.05,  0.00,   69729024,   60778000,    8967000,   82028960, python, iotlab1, mult, 25
9537478     ,  1.91,  0.90,  0.87,  0.05,  0.00,   70666532,   61693000,    8955000,   83124767, python, iotlab1, mult, 25
9537478     ,  2.00,  0.94,  0.90,  0.06,  0.00,   71246117,   56215000,   15057000,   83719338, python, iotlab1, mult, 25
9537478     ,  1.87,  0.87,  0.85,  0.05,  0.00,   69624059,   55683000,   13920000,   82051455, python, iotlab1, mult, 25
