file,psys,pkg,cores,ram,gpu,duration_time,user_time,system_time,perf_time,lang,machine,cores,power_limit
1099920.exe ,  0.26,  0.06,  0.05,  0.01,  0.00,   17929921,   13466000,    2071000,   88907997, c++, iotlab1, mult, 4
1099920.exe ,  0.22,  0.06,  0.05,  0.01,  0.00,   14094993,   12111000,    2018000,   31596485, c++, iotlab1, mult, 4
1099920.exe ,  0.21,  0.06,  0.05,  0.01,  0.00,   14159556,   12147000,    2024000,   31232753, c++, iotlab1, mult, 4
1099920.exe ,  0.21,  0.06,  0.05,  0.01,  0.00,   14240458,   13241000,    1018000,   31916223, c++, iotlab1, mult, 4
1099920.exe ,  0.21,  0.06,  0.05,  0.01,  0.00,   14034612,   13019000,    1001000,   31496260, c++, iotlab1, mult, 4
1099920.exe ,  0.22,  0.06,  0.05,  0.01,  0.00,   14205851,   13149000,    1011000,   30895933, c++, iotlab1, mult, 4
1099920.exe ,  0.22,  0.06,  0.05,  0.01,  0.00,   14568146,   13608000,     972000,   31657529, c++, iotlab1, mult, 4
1099920.exe ,  0.22,  0.06,  0.05,  0.01,  0.00,   14211789,   13209000,    1016000,   31207175, c++, iotlab1, mult, 4
1099920.exe ,  0.21,  0.06,  0.05,  0.01,  0.00,   14001365,   13016000,    1001000,   31363641, c++, iotlab1, mult, 4
1099920.exe ,  0.21,  0.06,  0.05,  0.01,  0.00,   14224771,   13218000,    1016000,   31823822, c++, iotlab1, mult, 4
1141254.exe ,  0.22,  0.06,  0.06,  0.01,  0.00,   15701474,   12768000,    2946000,   32884880, c++, iotlab1, mult, 4
1141254.exe ,  0.22,  0.06,  0.06,  0.01,  0.00,   15498159,   12414000,    3103000,   33062528, c++, iotlab1, mult, 4
1141254.exe ,  0.24,  0.06,  0.06,  0.01,  0.00,   15790826,   13835000,    1976000,   33215925, c++, iotlab1, mult, 4
1141254.exe ,  0.23,  0.06,  0.06,  0.01,  0.00,   15596332,   14598000,     973000,   33074136, c++, iotlab1, mult, 4
1141254.exe ,  0.24,  0.07,  0.06,  0.01,  0.00,   15651932,   13703000,    1957000,   33278177, c++, iotlab1, mult, 4
1141254.exe ,  0.23,  0.06,  0.06,  0.01,  0.00,   15994821,   13911000,    1987000,   33498490, c++, iotlab1, mult, 4
1141254.exe ,  0.22,  0.06,  0.06,  0.01,  0.00,   15494219,   13446000,    2068000,   32874414, c++, iotlab1, mult, 4
1141254.exe ,  0.24,  0.07,  0.06,  0.01,  0.00,   15992384,   12999000,    2999000,   33486607, c++, iotlab1, mult, 4
1141254.exe ,  0.22,  0.06,  0.06,  0.01,  0.00,   15565147,   13643000,    1949000,   32902616, c++, iotlab1, mult, 4
1141254.exe ,  0.24,  0.07,  0.06,  0.01,  0.00,   15675135,   13596000,    2091000,   33308876, c++, iotlab1, mult, 4
1164955.exe ,  0.27,  0.07,  0.07,  0.01,  0.00,   18005845,   16015000,    2001000,   35157803, c++, iotlab1, mult, 4
1164955.exe ,  0.28,  0.08,  0.07,  0.01,  0.00,   18270101,   16250000,    2031000,   36253531, c++, iotlab1, mult, 4
1164955.exe ,  0.27,  0.07,  0.07,  0.01,  0.00,   18113344,   15112000,    3022000,   35828062, c++, iotlab1, mult, 4
1164955.exe ,  0.26,  0.07,  0.07,  0.01,  0.00,   18058844,   16056000,    2007000,   35782402, c++, iotlab1, mult, 4
1164955.exe ,  0.26,  0.07,  0.07,  0.01,  0.00,   17718113,   14595000,    3127000,   34523153, c++, iotlab1, mult, 4
1164955.exe ,  0.26,  0.07,  0.07,  0.01,  0.00,   18052377,   16054000,    2006000,   35405350, c++, iotlab1, mult, 4
1164955.exe ,  0.26,  0.07,  0.07,  0.01,  0.00,   18034667,   17031000,    1001000,   35552267, c++, iotlab1, mult, 4
1164955.exe ,  0.26,  0.07,  0.07,  0.01,  0.00,   17865000,   17871000,          0,   34580664, c++, iotlab1, mult, 4
1164955.exe ,  0.26,  0.07,  0.07,  0.01,  0.00,   18152331,   15134000,    3026000,   35904693, c++, iotlab1, mult, 4
1164955.exe ,  0.26,  0.07,  0.07,  0.01,  0.00,   18012806,   16954000,    1059000,   35711727, c++, iotlab1, mult, 4
1192925.exe ,  0.52,  0.14,  0.13,  0.02,  0.00,   36171160,   34065000,    2003000,   53236549, c++, iotlab1, mult, 4
1192925.exe ,  0.52,  0.14,  0.13,  0.02,  0.00,   36255670,   33317000,    2939000,   53300963, c++, iotlab1, mult, 4
1192925.exe ,  0.53,  0.14,  0.13,  0.02,  0.00,   36138273,   34144000,    2008000,   52987155, c++, iotlab1, mult, 4
1192925.exe ,  0.53,  0.14,  0.13,  0.02,  0.00,   35562319,   32609000,    2964000,   52663768, c++, iotlab1, mult, 4
1192925.exe ,  0.53,  0.14,  0.13,  0.02,  0.00,   35727955,   33762000,    1986000,   52604689, c++, iotlab1, mult, 4
1192925.exe ,  0.51,  0.14,  0.14,  0.02,  0.00,   34654230,   31666000,    2968000,   52356375, c++, iotlab1, mult, 4
1192925.exe ,  0.51,  0.14,  0.13,  0.02,  0.00,   35758951,   33739000,    1984000,   52674139, c++, iotlab1, mult, 4
1192925.exe ,  0.53,  0.14,  0.13,  0.02,  0.00,   35972102,   34955000,     998000,   53432393, c++, iotlab1, mult, 4
1192925.exe ,  0.53,  0.14,  0.13,  0.02,  0.00,   35936792,   34940000,    1027000,   53193092, c++, iotlab1, mult, 4
1192925.exe ,  0.53,  0.14,  0.13,  0.02,  0.00,   35989617,   34009000,    2000000,   53354448, c++, iotlab1, mult, 4
1253138.exe ,  0.51,  0.14,  0.13,  0.02,  0.00,   35340290,   33382000,    1963000,   52273391, c++, iotlab1, mult, 4
1253138.exe ,  0.51,  0.14,  0.13,  0.02,  0.00,   35367380,   35345000,          0,   52966768, c++, iotlab1, mult, 4
1253138.exe ,  0.51,  0.14,  0.13,  0.02,  0.00,   35594430,   29619000,    5923000,   53228306, c++, iotlab1, mult, 4
1253138.exe ,  0.51,  0.14,  0.13,  0.02,  0.00,   35054852,   33013000,    2000000,   52536317, c++, iotlab1, mult, 4
1253138.exe ,  0.59,  0.16,  0.15,  0.02,  0.00,   39351731,   38284000,     981000,   56725328, c++, iotlab1, mult, 4
1253138.exe ,  0.56,  0.14,  0.13,  0.02,  0.00,   36072475,   35120000,    1003000,   53344873, c++, iotlab1, mult, 4
1253138.exe ,  0.53,  0.14,  0.13,  0.02,  0.00,   35722734,   33809000,    1931000,   52957393, c++, iotlab1, mult, 4
1253138.exe ,  0.52,  0.14,  0.13,  0.02,  0.00,   36051299,   33946000,    1996000,   52565551, c++, iotlab1, mult, 4
1253138.exe ,  0.52,  0.14,  0.13,  0.02,  0.00,   35936386,   34938000,     998000,   53014422, c++, iotlab1, mult, 4
1253138.exe ,  0.52,  0.14,  0.13,  0.02,  0.00,   35948097,   32971000,    2997000,   53394021, c++, iotlab1, mult, 4
1346798.exe ,  0.55,  0.15,  0.14,  0.02,  0.00,   37947582,   33945000,    3993000,   55405067, c++, iotlab1, mult, 4
1346798.exe ,  0.56,  0.16,  0.14,  0.02,  0.00,   38219058,   32198000,    6037000,   55787728, c++, iotlab1, mult, 4
1346798.exe ,  0.56,  0.15,  0.14,  0.02,  0.00,   37932108,   33954000,    3994000,   55453783, c++, iotlab1, mult, 4
1346798.exe ,  0.57,  0.16,  0.14,  0.02,  0.00,   38503086,   35474000,    3040000,   55681963, c++, iotlab1, mult, 4
1346798.exe ,  0.55,  0.15,  0.14,  0.02,  0.00,   38003303,   34016000,    4001000,   55996146, c++, iotlab1, mult, 4
1346798.exe ,  0.56,  0.15,  0.14,  0.02,  0.00,   37936419,   32984000,    4997000,   55099219, c++, iotlab1, mult, 4
1346798.exe ,  0.55,  0.15,  0.14,  0.02,  0.00,   37919510,   32936000,    4990000,   55257982, c++, iotlab1, mult, 4
1346798.exe ,  0.56,  0.16,  0.14,  0.02,  0.00,   38228688,   34313000,    3921000,   55540804, c++, iotlab1, mult, 4
1346798.exe ,  0.54,  0.15,  0.14,  0.02,  0.00,   37412990,   34471000,    2954000,   54784529, c++, iotlab1, mult, 4
1346798.exe ,  0.54,  0.15,  0.14,  0.02,  0.00,   37465419,   32540000,    4930000,   54974619, c++, iotlab1, mult, 4
1399024.exe ,  0.51,  0.14,  0.13,  0.02,  0.00,   35389977,   33358000,    1962000,   52621022, c++, iotlab1, mult, 4
1399024.exe ,  0.52,  0.14,  0.13,  0.02,  0.00,   35076900,   33014000,    2000000,   52327448, c++, iotlab1, mult, 4
1399024.exe ,  0.52,  0.14,  0.13,  0.02,  0.00,   34887610,   34907000,          0,   52083639, c++, iotlab1, mult, 4
1399024.exe ,  0.50,  0.14,  0.13,  0.02,  0.00,   34623238,   32654000,    1979000,   52186031, c++, iotlab1, mult, 4
1399024.exe ,  0.50,  0.14,  0.13,  0.02,  0.00,   34550365,   31513000,    2954000,   51352470, c++, iotlab1, mult, 4
1399024.exe ,  0.51,  0.14,  0.13,  0.02,  0.00,   35275650,   33265000,    2016000,   52624205, c++, iotlab1, mult, 4
1399024.exe ,  0.51,  0.14,  0.13,  0.02,  0.00,   34989949,   33018000,    1942000,   51565461, c++, iotlab1, mult, 4
1399024.exe ,  0.50,  0.14,  0.13,  0.02,  0.00,   34779667,   33770000,     993000,   51795862, c++, iotlab1, mult, 4
1399024.exe ,  0.52,  0.14,  0.13,  0.02,  0.00,   35491556,   34490000,    1014000,   52970802, c++, iotlab1, mult, 4
1399024.exe ,  0.51,  0.14,  0.13,  0.02,  0.00,   35275747,   34276000,    1008000,   52632658, c++, iotlab1, mult, 4
1604797.exe ,  0.22,  0.06,  0.06,  0.01,  0.00,   15750896,   13611000,    2094000,   33314115, c++, iotlab1, mult, 4
1604797.exe ,  0.22,  0.06,  0.06,  0.01,  0.00,   15476049,   12520000,    2889000,   32916834, c++, iotlab1, mult, 4
1604797.exe ,  0.23,  0.06,  0.06,  0.01,  0.00,   15591262,   13523000,    2080000,   33168514, c++, iotlab1, mult, 4
1604797.exe ,  0.22,  0.06,  0.06,  0.01,  0.00,   15267803,   13256000,    2039000,   32768528, c++, iotlab1, mult, 4
1604797.exe ,  0.23,  0.06,  0.06,  0.01,  0.00,   15818406,   14770000,    1055000,   33229516, c++, iotlab1, mult, 4
1604797.exe ,  0.24,  0.06,  0.06,  0.01,  0.00,   15597261,   12670000,    2924000,   32885943, c++, iotlab1, mult, 4
1604797.exe ,  0.24,  0.06,  0.06,  0.01,  0.00,   15467324,   11622000,    3874000,   32618050, c++, iotlab1, mult, 4
1604797.exe ,  0.24,  0.06,  0.06,  0.01,  0.00,   15591749,   13652000,    1950000,   32924517, c++, iotlab1, mult, 4
1604797.exe ,  0.24,  0.06,  0.06,  0.01,  0.00,   15458219,   14456000,    1032000,   32920253, c++, iotlab1, mult, 4
1604797.exe ,  0.22,  0.06,  0.06,  0.01,  0.00,   15378900,   12465000,    2876000,   31698674, c++, iotlab1, mult, 4
166404.exe  ,  0.51,  0.14,  0.13,  0.02,  0.00,   34411509,   32345000,    2021000,   51508972, c++, iotlab1, mult, 4
166404.exe  ,  0.51,  0.14,  0.13,  0.02,  0.00,   34493042,   32540000,    1972000,   51559670, c++, iotlab1, mult, 4
166404.exe  ,  0.51,  0.14,  0.13,  0.02,  0.00,   36043447,   35059000,    1001000,   53283821, c++, iotlab1, mult, 4
166404.exe  ,  0.50,  0.14,  0.13,  0.02,  0.00,   34988323,   32035000,    2912000,   52475460, c++, iotlab1, mult, 4
166404.exe  ,  0.51,  0.14,  0.13,  0.02,  0.00,   34656681,   34659000,          0,   51458462, c++, iotlab1, mult, 4
166404.exe  ,  0.51,  0.14,  0.13,  0.02,  0.00,   35061623,   34042000,    1001000,   52158802, c++, iotlab1, mult, 4
166404.exe  ,  0.52,  0.14,  0.13,  0.02,  0.00,   35473325,   34501000,     985000,   52713731, c++, iotlab1, mult, 4
166404.exe  ,  0.50,  0.14,  0.13,  0.02,  0.00,   34825248,   33791000,     993000,   51946349, c++, iotlab1, mult, 4
166404.exe  ,  0.51,  0.14,  0.13,  0.02,  0.00,   34615134,   33594000,     988000,   51813808, c++, iotlab1, mult, 4
166404.exe  ,  0.49,  0.14,  0.13,  0.02,  0.00,   34572487,   34601000,          0,   51072418, c++, iotlab1, mult, 4
182932.exe  ,  0.33,  0.09,  0.08,  0.01,  0.00,   21773300,   19697000,    2073000,   38946251, c++, iotlab1, mult, 4
182932.exe  ,  0.33,  0.09,  0.08,  0.01,  0.00,   21792393,   17830000,    3962000,   38649291, c++, iotlab1, mult, 4
182932.exe  ,  0.31,  0.08,  0.08,  0.01,  0.00,   21815005,   17654000,    4154000,   39004010, c++, iotlab1, mult, 4
182932.exe  ,  0.33,  0.09,  0.08,  0.01,  0.00,   21622606,   18532000,    3088000,   38762165, c++, iotlab1, mult, 4
182932.exe  ,  0.33,  0.09,  0.08,  0.01,  0.00,   21828397,   17850000,    3966000,   39169800, c++, iotlab1, mult, 4
182932.exe  ,  0.32,  0.09,  0.08,  0.01,  0.00,   21881862,   15888000,    5958000,   39125237, c++, iotlab1, mult, 4
182932.exe  ,  0.32,  0.09,  0.08,  0.01,  0.00,   21786480,   17800000,    3955000,   39061109, c++, iotlab1, mult, 4
182932.exe  ,  0.32,  0.09,  0.08,  0.01,  0.00,   22082863,   19986000,    1998000,   39095502, c++, iotlab1, mult, 4
182932.exe  ,  0.32,  0.09,  0.08,  0.01,  0.00,   21899162,   18868000,    2979000,   39267433, c++, iotlab1, mult, 4
182932.exe  ,  0.31,  0.08,  0.08,  0.01,  0.00,   21495228,   19448000,    2047000,   37352043, c++, iotlab1, mult, 4
1840297.exe ,  0.24,  0.06,  0.06,  0.01,  0.00,   15393596,   14375000,    1026000,   32236620, c++, iotlab1, mult, 4
1840297.exe ,  0.24,  0.07,  0.06,  0.01,  0.00,   15488644,   14459000,    1032000,   32491254, c++, iotlab1, mult, 4
1840297.exe ,  0.24,  0.06,  0.06,  0.01,  0.00,   15359327,   11512000,    3837000,   32453864, c++, iotlab1, mult, 4
1840297.exe ,  0.24,  0.06,  0.06,  0.01,  0.00,   15663254,   13713000,    1959000,   32810723, c++, iotlab1, mult, 4
1840297.exe ,  0.24,  0.06,  0.06,  0.01,  0.00,   15390772,   13244000,    2037000,   32403256, c++, iotlab1, mult, 4
1840297.exe ,  0.24,  0.06,  0.06,  0.01,  0.00,   15623137,   12688000,    2928000,   32301427, c++, iotlab1, mult, 4
1840297.exe ,  0.22,  0.06,  0.06,  0.01,  0.00,   15589052,   13490000,    2075000,   33149715, c++, iotlab1, mult, 4
1840297.exe ,  0.23,  0.06,  0.06,  0.01,  0.00,   15910693,   14922000,     994000,   33044097, c++, iotlab1, mult, 4
1840297.exe ,  0.22,  0.06,  0.06,  0.01,  0.00,   15724618,   12579000,    3144000,   33087549, c++, iotlab1, mult, 4
1840297.exe ,  0.22,  0.06,  0.06,  0.01,  0.00,   15491308,   13411000,    2063000,   33209769, c++, iotlab1, mult, 4
1859305.exe ,  0.23,  0.06,  0.06,  0.01,  0.00,   15282899,   13390000,    1912000,   32523769, c++, iotlab1, mult, 4
1859305.exe ,  0.22,  0.06,  0.06,  0.01,  0.00,   15573533,   12635000,    2915000,   33132953, c++, iotlab1, mult, 4
1859305.exe ,  0.23,  0.06,  0.06,  0.01,  0.00,   15138460,   13265000,    1895000,   32299859, c++, iotlab1, mult, 4
1859305.exe ,  0.24,  0.06,  0.06,  0.01,  0.00,   15697752,   13618000,    2095000,   32872378, c++, iotlab1, mult, 4
1859305.exe ,  0.22,  0.06,  0.06,  0.01,  0.00,   15165115,   14237000,     949000,   32344961, c++, iotlab1, mult, 4
1859305.exe ,  0.22,  0.06,  0.06,  0.01,  0.00,   15507155,   14446000,    1031000,   32635917, c++, iotlab1, mult, 4
1859305.exe ,  0.24,  0.06,  0.06,  0.01,  0.00,   15163120,   12102000,    3025000,   32248366, c++, iotlab1, mult, 4
1859305.exe ,  0.24,  0.07,  0.06,  0.01,  0.00,   15600374,   12470000,    3117000,   31696288, c++, iotlab1, mult, 4
1859305.exe ,  0.22,  0.06,  0.06,  0.01,  0.00,   15004137,   12209000,    2817000,   32356626, c++, iotlab1, mult, 4
1859305.exe ,  0.24,  0.07,  0.06,  0.01,  0.00,   15548254,   12355000,    3088000,   32575497, c++, iotlab1, mult, 4
1863270.exe ,  0.25,  0.06,  0.06,  0.01,  0.00,   15460847,   13366000,    2056000,   32329659, c++, iotlab1, mult, 4
1863270.exe ,  0.24,  0.06,  0.06,  0.01,  0.00,   15308054,   12436000,    2869000,   32681451, c++, iotlab1, mult, 4
1863270.exe ,  0.24,  0.06,  0.06,  0.01,  0.00,   15374817,   13295000,    2045000,   32867756, c++, iotlab1, mult, 4
1863270.exe ,  0.22,  0.06,  0.06,  0.01,  0.00,   15285910,   12424000,    2867000,   32061159, c++, iotlab1, mult, 4
1863270.exe ,  0.24,  0.06,  0.06,  0.01,  0.00,   15342136,   13322000,    2049000,   32402294, c++, iotlab1, mult, 4
1863270.exe ,  0.23,  0.06,  0.06,  0.01,  0.00,   15325796,   13413000,    1916000,   32064990, c++, iotlab1, mult, 4
1863270.exe ,  0.24,  0.06,  0.06,  0.01,  0.00,   15250590,   13226000,    2034000,   32487181, c++, iotlab1, mult, 4
1863270.exe ,  0.24,  0.07,  0.06,  0.01,  0.00,   15314172,   13283000,    2043000,   32230781, c++, iotlab1, mult, 4
1863270.exe ,  0.24,  0.06,  0.06,  0.01,  0.00,   15626320,   12507000,    3126000,   33299483, c++, iotlab1, mult, 4
1863270.exe ,  0.22,  0.06,  0.06,  0.01,  0.00,   15080150,   14082000,    1005000,   32107058, c++, iotlab1, mult, 4
1923894.exe ,  0.25,  0.07,  0.06,  0.01,  0.00,   17007638,   13933000,    2985000,   33910280, c++, iotlab1, mult, 4
1923894.exe ,  0.25,  0.07,  0.06,  0.01,  0.00,   16976239,   13899000,    2978000,   33958484, c++, iotlab1, mult, 4
1923894.exe ,  0.25,  0.07,  0.06,  0.01,  0.00,   16914554,   13935000,    2986000,   34298873, c++, iotlab1, mult, 4
1923894.exe ,  0.25,  0.07,  0.06,  0.01,  0.00,   16832635,   13870000,    2972000,   34438505, c++, iotlab1, mult, 4
1923894.exe ,  0.26,  0.07,  0.06,  0.01,  0.00,   16798999,   12844000,    3952000,   34852640, c++, iotlab1, mult, 4
1923894.exe ,  0.25,  0.07,  0.06,  0.01,  0.00,   16861548,   12898000,    3968000,   34577458, c++, iotlab1, mult, 4
1923894.exe ,  0.25,  0.07,  0.06,  0.01,  0.00,   16998936,   14994000,    1999000,   34535744, c++, iotlab1, mult, 4
1923894.exe ,  0.25,  0.07,  0.06,  0.01,  0.00,   16827235,   13841000,    2965000,   34108043, c++, iotlab1, mult, 4
1923894.exe ,  0.25,  0.07,  0.06,  0.01,  0.00,   16750660,   13614000,    3141000,   34431670, c++, iotlab1, mult, 4
1923894.exe ,  0.25,  0.07,  0.07,  0.01,  0.00,   17330398,   16256000,    1016000,   35007478, c++, iotlab1, mult, 4
1956910.exe ,  0.26,  0.07,  0.06,  0.01,  0.00,   18011416,   15015000,    3003000,   35367124, c++, iotlab1, mult, 4
1956910.exe ,  0.27,  0.07,  0.06,  0.01,  0.00,   17209603,   13147000,    4045000,   34434977, c++, iotlab1, mult, 4
1956910.exe ,  0.26,  0.07,  0.06,  0.01,  0.00,   17356663,   15275000,    2036000,   34648541, c++, iotlab1, mult, 4
1956910.exe ,  0.26,  0.07,  0.06,  0.01,  0.00,   17316953,   15396000,    1924000,   34456476, c++, iotlab1, mult, 4
1956910.exe ,  0.26,  0.07,  0.07,  0.01,  0.00,   17364326,   14265000,    3056000,   34577146, c++, iotlab1, mult, 4
1956910.exe ,  0.27,  0.07,  0.07,  0.01,  0.00,   17447788,   14350000,    3075000,   34274236, c++, iotlab1, mult, 4
1956910.exe ,  0.27,  0.07,  0.06,  0.01,  0.00,   17516287,   11687000,    5843000,   34884887, c++, iotlab1, mult, 4
1956910.exe ,  0.27,  0.07,  0.07,  0.01,  0.00,   18059550,   16049000,    2006000,   35460048, c++, iotlab1, mult, 4
1956910.exe ,  0.27,  0.07,  0.06,  0.01,  0.00,   17545558,   13663000,    3903000,   33985899, c++, iotlab1, mult, 4
1956910.exe ,  0.26,  0.07,  0.06,  0.01,  0.00,   17715556,   14689000,    2937000,   35179610, c++, iotlab1, mult, 4
2025154.exe ,  0.24,  0.07,  0.06,  0.01,  0.00,   15701950,   13617000,    2094000,   33368213, c++, iotlab1, mult, 4
2025154.exe ,  0.23,  0.06,  0.06,  0.01,  0.00,   16297030,   14225000,    2032000,   33159245, c++, iotlab1, mult, 4
2025154.exe ,  0.24,  0.06,  0.06,  0.01,  0.00,   15376470,   13315000,    2048000,   32676119, c++, iotlab1, mult, 4
2025154.exe ,  0.22,  0.06,  0.06,  0.01,  0.00,   15263007,   13235000,    2036000,   32593886, c++, iotlab1, mult, 4
2025154.exe ,  0.22,  0.06,  0.06,  0.01,  0.00,   15259589,   12403000,    2862000,   32394760, c++, iotlab1, mult, 4
2025154.exe ,  0.22,  0.06,  0.06,  0.01,  0.00,   15465505,   12584000,    2904000,   32519141, c++, iotlab1, mult, 4
2025154.exe ,  0.22,  0.06,  0.06,  0.01,  0.00,   15393104,   13349000,    2053000,   32547855, c++, iotlab1, mult, 4
2025154.exe ,  0.23,  0.06,  0.06,  0.01,  0.00,   15175681,   12149000,    3037000,   32279120, c++, iotlab1, mult, 4
2025154.exe ,  0.23,  0.06,  0.06,  0.01,  0.00,   14911321,   10945000,    3980000,   32054711, c++, iotlab1, mult, 4
2025154.exe ,  0.24,  0.07,  0.06,  0.01,  0.00,   15450072,   12368000,    3092000,   32652781, c++, iotlab1, mult, 4
211894.exe  ,  0.25,  0.07,  0.06,  0.01,  0.00,   17581167,   13674000,    3907000,   34085667, c++, iotlab1, mult, 4
211894.exe  ,  0.25,  0.07,  0.06,  0.01,  0.00,   17225462,   13175000,    4054000,   34650161, c++, iotlab1, mult, 4
211894.exe  ,  0.25,  0.07,  0.06,  0.01,  0.00,   17271019,   14133000,    3028000,   33333972, c++, iotlab1, mult, 4
211894.exe  ,  0.25,  0.07,  0.06,  0.01,  0.00,   17268532,   12195000,    5081000,   34758399, c++, iotlab1, mult, 4
211894.exe  ,  0.26,  0.07,  0.06,  0.01,  0.00,   16823649,   15803000,    1053000,   33894045, c++, iotlab1, mult, 4
211894.exe  ,  0.28,  0.07,  0.07,  0.01,  0.00,   17622817,   12727000,    4895000,   34885656, c++, iotlab1, mult, 4
211894.exe  ,  0.26,  0.07,  0.06,  0.01,  0.00,   17199088,   13156000,    4048000,   34465337, c++, iotlab1, mult, 4
211894.exe  ,  0.25,  0.07,  0.06,  0.01,  0.00,   17288214,   13222000,    4068000,   34821297, c++, iotlab1, mult, 4
211894.exe  ,  0.25,  0.07,  0.06,  0.01,  0.00,   17478403,   13593000,    3883000,   34867201, c++, iotlab1, mult, 4
211894.exe  ,  0.25,  0.07,  0.06,  0.01,  0.00,   16966040,   15906000,    1060000,   34425704, c++, iotlab1, mult, 4
2158936.exe ,  0.55,  0.15,  0.14,  0.02,  0.00,   37765619,   34690000,    2973000,   54849327, c++, iotlab1, mult, 4
2158936.exe ,  0.55,  0.15,  0.14,  0.02,  0.00,   37613412,   32669000,    4949000,   54995905, c++, iotlab1, mult, 4
2158936.exe ,  0.56,  0.15,  0.14,  0.02,  0.00,   37761274,   33711000,    4086000,   54948624, c++, iotlab1, mult, 4
2158936.exe ,  0.54,  0.15,  0.14,  0.02,  0.00,   37084161,   31077000,    6015000,   53731602, c++, iotlab1, mult, 4
2158936.exe ,  0.54,  0.15,  0.14,  0.02,  0.00,   37325162,   32401000,    4909000,   54274012, c++, iotlab1, mult, 4
2158936.exe ,  0.56,  0.15,  0.14,  0.02,  0.00,   37777956,   34806000,    2983000,   54815474, c++, iotlab1, mult, 4
2158936.exe ,  0.56,  0.15,  0.14,  0.02,  0.00,   37823709,   36807000,    1022000,   54914176, c++, iotlab1, mult, 4
2158936.exe ,  0.54,  0.15,  0.14,  0.02,  0.00,   36995386,   32136000,    4869000,   54180771, c++, iotlab1, mult, 4
2158936.exe ,  0.55,  0.15,  0.14,  0.02,  0.00,   37544430,   32613000,    4941000,   54317945, c++, iotlab1, mult, 4
2158936.exe ,  0.56,  0.15,  0.14,  0.02,  0.00,   37913966,   36914000,     997000,   54771293, c++, iotlab1, mult, 4
2165152.exe ,  0.54,  0.15,  0.14,  0.02,  0.00,   37459885,   34511000,    2958000,   54139921, c++, iotlab1, mult, 4
2165152.exe ,  0.54,  0.15,  0.14,  0.02,  0.00,   37800829,   34738000,    2977000,   55047024, c++, iotlab1, mult, 4
2165152.exe ,  0.56,  0.15,  0.14,  0.02,  0.00,   38151848,   35138000,    3011000,   54719921, c++, iotlab1, mult, 4
2165152.exe ,  0.54,  0.15,  0.14,  0.02,  0.00,   37071288,   34074000,    3006000,   54120213, c++, iotlab1, mult, 4
2165152.exe ,  0.54,  0.15,  0.14,  0.02,  0.00,   37944085,   34969000,    2997000,   54581209, c++, iotlab1, mult, 4
2165152.exe ,  0.55,  0.15,  0.14,  0.02,  0.00,   37363513,   35211000,    2012000,   54387626, c++, iotlab1, mult, 4
2165152.exe ,  0.56,  0.15,  0.14,  0.02,  0.00,   37876687,   32903000,    4985000,   54720381, c++, iotlab1, mult, 4
2165152.exe ,  0.54,  0.15,  0.14,  0.02,  0.00,   37010614,   35016000,    2000000,   53954269, c++, iotlab1, mult, 4
2165152.exe ,  0.54,  0.15,  0.14,  0.02,  0.00,   37494330,   33541000,    3946000,   54365066, c++, iotlab1, mult, 4
2165152.exe ,  0.56,  0.15,  0.14,  0.02,  0.00,   37648766,   32660000,    4948000,   54671087, c++, iotlab1, mult, 4
217838.exe  ,  0.54,  0.15,  0.14,  0.02,  0.00,   37272410,   34240000,    2934000,   53244184, c++, iotlab1, mult, 4
217838.exe  ,  0.54,  0.15,  0.14,  0.02,  0.00,   37266236,   37280000,          0,   54276182, c++, iotlab1, mult, 4
217838.exe  ,  0.54,  0.15,  0.14,  0.02,  0.00,   37444372,   35426000,    2024000,   54609577, c++, iotlab1, mult, 4
217838.exe  ,  0.54,  0.15,  0.14,  0.02,  0.00,   37694649,   35546000,    2031000,   54977428, c++, iotlab1, mult, 4
217838.exe  ,  0.55,  0.15,  0.14,  0.02,  0.00,   37896483,   34827000,    3073000,   55217924, c++, iotlab1, mult, 4
217838.exe  ,  0.55,  0.15,  0.14,  0.02,  0.00,   37781483,   35753000,    2043000,   55288548, c++, iotlab1, mult, 4
217838.exe  ,  0.55,  0.15,  0.14,  0.02,  0.00,   37608044,   31673000,    5938000,   55044883, c++, iotlab1, mult, 4
217838.exe  ,  0.55,  0.15,  0.14,  0.02,  0.00,   38036054,   36045000,    2002000,   55717172, c++, iotlab1, mult, 4
217838.exe  ,  0.55,  0.15,  0.14,  0.02,  0.00,   37892792,   34838000,    2986000,   55373025, c++, iotlab1, mult, 4
217838.exe  ,  0.56,  0.15,  0.14,  0.02,  0.00,   38064664,   32053000,    6010000,   55662055, c++, iotlab1, mult, 4
2255569.exe ,  0.24,  0.06,  0.06,  0.01,  0.00,   15799844,   11832000,    3944000,   33297446, c++, iotlab1, mult, 4
2255569.exe ,  0.24,  0.06,  0.06,  0.01,  0.00,   15419130,   13483000,    1926000,   32596685, c++, iotlab1, mult, 4
2255569.exe ,  0.24,  0.06,  0.06,  0.01,  0.00,   15958072,   12977000,    2994000,   33254487, c++, iotlab1, mult, 4
2255569.exe ,  0.22,  0.06,  0.06,  0.01,  0.00,   15568481,   12677000,    2925000,   33032264, c++, iotlab1, mult, 4
2255569.exe ,  0.22,  0.06,  0.06,  0.01,  0.00,   15926123,   14872000,    1062000,   32993185, c++, iotlab1, mult, 4
2255569.exe ,  0.24,  0.06,  0.06,  0.01,  0.00,   15713891,   13746000,    1963000,   33392018, c++, iotlab1, mult, 4
2255569.exe ,  0.23,  0.06,  0.06,  0.01,  0.00,   15145280,   12135000,    3033000,   31895355, c++, iotlab1, mult, 4
2255569.exe ,  0.24,  0.06,  0.06,  0.01,  0.00,   15743379,   13776000,    1968000,   32690891, c++, iotlab1, mult, 4
2255569.exe ,  0.24,  0.06,  0.06,  0.01,  0.00,   15762221,   13788000,    1969000,   32783555, c++, iotlab1, mult, 4
2255569.exe ,  0.23,  0.06,  0.06,  0.01,  0.00,   15089876,   14093000,    1006000,   32142875, c++, iotlab1, mult, 4
2320041.exe ,  0.53,  0.15,  0.14,  0.02,  0.00,   35099023,   33097000,    2005000,   52847230, c++, iotlab1, mult, 4
2320041.exe ,  0.53,  0.14,  0.13,  0.02,  0.00,   36069533,   34061000,    2003000,   52907991, c++, iotlab1, mult, 4
2320041.exe ,  0.51,  0.14,  0.13,  0.02,  0.00,   35367818,   33356000,    2021000,   52695477, c++, iotlab1, mult, 4
2320041.exe ,  0.52,  0.14,  0.14,  0.02,  0.00,   36362317,   33332000,    2941000,   53230244, c++, iotlab1, mult, 4
2320041.exe ,  0.54,  0.15,  0.13,  0.02,  0.00,   36334594,   35311000,    1008000,   53452970, c++, iotlab1, mult, 4
2320041.exe ,  0.53,  0.15,  0.13,  0.02,  0.00,   35484203,   32453000,    2950000,   52969363, c++, iotlab1, mult, 4
2320041.exe ,  0.53,  0.14,  0.13,  0.02,  0.00,   35747514,   34760000,     993000,   52824583, c++, iotlab1, mult, 4
2320041.exe ,  0.53,  0.14,  0.13,  0.02,  0.00,   36305838,   34275000,    2016000,   53355092, c++, iotlab1, mult, 4
2320041.exe ,  0.52,  0.14,  0.13,  0.02,  0.00,   36011753,   33918000,    1995000,   53239989, c++, iotlab1, mult, 4
2320041.exe ,  0.54,  0.15,  0.13,  0.02,  0.00,   36572469,   32620000,    3954000,   53532981, c++, iotlab1, mult, 4
2543436.exe ,  0.25,  0.07,  0.06,  0.01,  0.00,   17112989,   15007000,    2000000,   34157840, c++, iotlab1, mult, 4
2543436.exe ,  0.26,  0.07,  0.06,  0.01,  0.00,   17040475,   13022000,    4006000,   34334423, c++, iotlab1, mult, 4
2543436.exe ,  0.25,  0.07,  0.06,  0.01,  0.00,   17096557,   15088000,    2011000,   34352906, c++, iotlab1, mult, 4
2543436.exe ,  0.24,  0.06,  0.06,  0.01,  0.00,   16464507,   12542000,    3859000,   33727461, c++, iotlab1, mult, 4
2543436.exe ,  0.26,  0.07,  0.06,  0.01,  0.00,   16966145,   13914000,    2981000,   33778348, c++, iotlab1, mult, 4
2543436.exe ,  0.25,  0.07,  0.06,  0.01,  0.00,   17044332,   14041000,    3008000,   34260176, c++, iotlab1, mult, 4
2543436.exe ,  0.26,  0.07,  0.06,  0.01,  0.00,   16881324,   11921000,    4967000,   34125111, c++, iotlab1, mult, 4
2543436.exe ,  0.25,  0.07,  0.06,  0.01,  0.00,   17049881,   13858000,    3198000,   34662134, c++, iotlab1, mult, 4
2543436.exe ,  0.25,  0.07,  0.06,  0.01,  0.00,   17014375,   15022000,    2003000,   34406336, c++, iotlab1, mult, 4
2543436.exe ,  0.26,  0.07,  0.06,  0.01,  0.00,   17340146,   14292000,    3062000,   34779284, c++, iotlab1, mult, 4
2595975.exe ,  0.23,  0.06,  0.06,  0.01,  0.00,   15200564,   13180000,    2027000,   32214021, c++, iotlab1, mult, 4
2595975.exe ,  0.23,  0.06,  0.06,  0.01,  0.00,   15179179,   13074000,    2011000,   32313052, c++, iotlab1, mult, 4
2595975.exe ,  0.24,  0.06,  0.06,  0.01,  0.00,   15665275,   12707000,    2932000,   32838289, c++, iotlab1, mult, 4
2595975.exe ,  0.23,  0.06,  0.06,  0.01,  0.00,   14960376,   14976000,          0,   32022351, c++, iotlab1, mult, 4
2595975.exe ,  0.22,  0.06,  0.06,  0.01,  0.00,   15332514,   13295000,    2045000,   32376430, c++, iotlab1, mult, 4
2595975.exe ,  0.24,  0.06,  0.06,  0.01,  0.00,   15237956,   15222000,          0,   32576730, c++, iotlab1, mult, 4
2595975.exe ,  0.23,  0.06,  0.06,  0.01,  0.00,   15270956,   14252000,    1018000,   32165644, c++, iotlab1, mult, 4
2595975.exe ,  0.24,  0.06,  0.06,  0.01,  0.00,   15528349,   14456000,    1032000,   32416936, c++, iotlab1, mult, 4
2595975.exe ,  0.24,  0.06,  0.06,  0.01,  0.00,   15733944,   13687000,    1955000,   33160076, c++, iotlab1, mult, 4
2595975.exe ,  0.23,  0.06,  0.06,  0.01,  0.00,   15211308,   12177000,    3044000,   32235119, c++, iotlab1, mult, 4
2605208.exe ,  0.24,  0.06,  0.06,  0.01,  0.00,   15376276,   12311000,    3077000,   32542006, c++, iotlab1, mult, 4
2605208.exe ,  0.24,  0.06,  0.06,  0.01,  0.00,   15792042,   13833000,    1976000,   32974421, c++, iotlab1, mult, 4
2605208.exe ,  0.23,  0.06,  0.06,  0.01,  0.00,   15584076,   11695000,    3898000,   32845520, c++, iotlab1, mult, 4
2605208.exe ,  0.24,  0.06,  0.06,  0.01,  0.00,   15413044,   13355000,    2054000,   32431656, c++, iotlab1, mult, 4
2605208.exe ,  0.22,  0.06,  0.06,  0.01,  0.00,   15398899,   12339000,    3084000,   33121844, c++, iotlab1, mult, 4
2605208.exe ,  0.23,  0.06,  0.06,  0.01,  0.00,   15610541,   14610000,    1043000,   32832701, c++, iotlab1, mult, 4
2605208.exe ,  0.24,  0.06,  0.06,  0.01,  0.00,   15762214,   12059000,    3710000,   32422713, c++, iotlab1, mult, 4
2605208.exe ,  0.24,  0.06,  0.06,  0.01,  0.00,   15630923,   11712000,    3904000,   33029202, c++, iotlab1, mult, 4
2605208.exe ,  0.25,  0.06,  0.06,  0.01,  0.00,   15959691,   13832000,    2128000,   34669831, c++, iotlab1, mult, 4
2605208.exe ,  0.25,  0.06,  0.06,  0.01,  0.00,   15583157,   12626000,    2913000,   33091265, c++, iotlab1, mult, 4
2605331.exe ,  0.23,  0.06,  0.06,  0.01,  0.00,   15112965,   13103000,    2015000,   31418277, c++, iotlab1, mult, 4
2605331.exe ,  0.23,  0.07,  0.06,  0.01,  0.00,   14902806,   11853000,    2963000,   32116544, c++, iotlab1, mult, 4
2605331.exe ,  0.23,  0.06,  0.06,  0.01,  0.00,   15357804,   13439000,    1919000,   32525049, c++, iotlab1, mult, 4
2605331.exe ,  0.22,  0.06,  0.06,  0.01,  0.00,   15368842,   13318000,    2049000,   32413238, c++, iotlab1, mult, 4
2605331.exe ,  0.24,  0.07,  0.06,  0.01,  0.00,   15309203,   12241000,    3060000,   32558947, c++, iotlab1, mult, 4
2605331.exe ,  0.24,  0.06,  0.06,  0.01,  0.00,   15878424,   12903000,    2977000,   33337855, c++, iotlab1, mult, 4
2605331.exe ,  0.23,  0.06,  0.06,  0.01,  0.00,   15947125,   13766000,    2117000,   33274724, c++, iotlab1, mult, 4
2605331.exe ,  0.22,  0.06,  0.06,  0.01,  0.00,   15557971,   12455000,    3113000,   33075086, c++, iotlab1, mult, 4
2605331.exe ,  0.24,  0.07,  0.06,  0.01,  0.00,   15628014,   11727000,    3909000,   32981211, c++, iotlab1, mult, 4
2605331.exe ,  0.24,  0.06,  0.06,  0.01,  0.00,   15794497,   13829000,    1975000,   33037875, c++, iotlab1, mult, 4
2607963.exe ,  0.22,  0.06,  0.05,  0.01,  0.00,   14978214,   12898000,    1984000,   32591077, c++, iotlab1, mult, 4
2607963.exe ,  0.21,  0.06,  0.05,  0.01,  0.00,   14397315,   12498000,    1922000,   31662370, c++, iotlab1, mult, 4
2607963.exe ,  0.22,  0.06,  0.06,  0.01,  0.00,   15014674,   13024000,    2003000,   32673478, c++, iotlab1, mult, 4
2607963.exe ,  0.22,  0.06,  0.06,  0.01,  0.00,   15073520,   15023000,          0,   32422554, c++, iotlab1, mult, 4
2607963.exe ,  0.22,  0.06,  0.06,  0.01,  0.00,   15108676,   14112000,    1008000,   32137039, c++, iotlab1, mult, 4
2607963.exe ,  0.22,  0.06,  0.06,  0.01,  0.00,   15133054,   14135000,    1009000,   31964409, c++, iotlab1, mult, 4
2607963.exe ,  0.22,  0.06,  0.06,  0.01,  0.00,   14880194,   13876000,     925000,   31204636, c++, iotlab1, mult, 4
2607963.exe ,  0.23,  0.06,  0.05,  0.01,  0.00,   14383886,   12476000,    1919000,   31371772, c++, iotlab1, mult, 4
2607963.exe ,  0.21,  0.06,  0.05,  0.01,  0.00,   14560957,   13535000,    1041000,   31494920, c++, iotlab1, mult, 4
2607963.exe ,  0.22,  0.06,  0.06,  0.01,  0.00,   14745810,   13767000,     983000,   31759553, c++, iotlab1, mult, 4
2712872.exe ,  0.21,  0.06,  0.05,  0.01,  0.00,   14222734,   12125000,    2020000,   31978876, c++, iotlab1, mult, 4
2712872.exe ,  0.21,  0.06,  0.05,  0.01,  0.00,   14304200,   12204000,    2034000,   31525042, c++, iotlab1, mult, 4
2712872.exe ,  0.21,  0.06,  0.05,  0.01,  0.00,   14233364,   13218000,    1016000,   31281949, c++, iotlab1, mult, 4
2712872.exe ,  0.20,  0.05,  0.05,  0.01,  0.00,   13752522,   12750000,     980000,   29561104, c++, iotlab1, mult, 4
2712872.exe ,  0.21,  0.06,  0.05,  0.01,  0.00,   13940522,   12967000,     997000,   31263962, c++, iotlab1, mult, 4
2712872.exe ,  0.22,  0.06,  0.05,  0.01,  0.00,   14022673,   11015000,    3004000,   30643443, c++, iotlab1, mult, 4
2712872.exe ,  0.21,  0.06,  0.05,  0.01,  0.00,   14233026,   11188000,    3051000,   31450183, c++, iotlab1, mult, 4
2712872.exe ,  0.21,  0.06,  0.05,  0.01,  0.00,   14079823,   13095000,    1007000,   31489540, c++, iotlab1, mult, 4
2712872.exe ,  0.22,  0.06,  0.05,  0.01,  0.00,   14543113,   13481000,    1037000,   31716167, c++, iotlab1, mult, 4
2712872.exe ,  0.22,  0.06,  0.05,  0.01,  0.00,   14267535,   12153000,    2025000,   31447165, c++, iotlab1, mult, 4
2767461.exe ,  0.53,  0.14,  0.13,  0.02,  0.00,   36075722,   34067000,    2003000,   52537323, c++, iotlab1, mult, 4
2767461.exe ,  0.53,  0.14,  0.13,  0.02,  0.00,   35985312,   32993000,    2999000,   52998974, c++, iotlab1, mult, 4
2767461.exe ,  0.53,  0.15,  0.13,  0.02,  0.00,   36059065,   33020000,    3001000,   51738021, c++, iotlab1, mult, 4
2767461.exe ,  0.54,  0.15,  0.13,  0.02,  0.00,   35752877,   33717000,    2043000,   53198701, c++, iotlab1, mult, 4
2767461.exe ,  0.54,  0.14,  0.13,  0.02,  0.00,   35919284,   34831000,     995000,   52864477, c++, iotlab1, mult, 4
2767461.exe ,  0.52,  0.14,  0.14,  0.02,  0.00,   36322764,   34201000,    2011000,   53086742, c++, iotlab1, mult, 4
2767461.exe ,  0.53,  0.15,  0.13,  0.02,  0.00,   36012021,   34002000,    2000000,   52930975, c++, iotlab1, mult, 4
2767461.exe ,  0.53,  0.14,  0.13,  0.02,  0.00,   35858941,   33876000,    1992000,   53062125, c++, iotlab1, mult, 4
2767461.exe ,  0.54,  0.14,  0.13,  0.02,  0.00,   35672977,   33577000,    2035000,   52733084, c++, iotlab1, mult, 4
2767461.exe ,  0.55,  0.15,  0.13,  0.02,  0.00,   36083541,   34088000,    2005000,   53113398, c++, iotlab1, mult, 4
2768935.exe ,  0.23,  0.06,  0.06,  0.01,  0.00,   15193047,   12162000,    3040000,   31351436, c++, iotlab1, mult, 4
2768935.exe ,  0.22,  0.06,  0.06,  0.01,  0.00,   15312226,   12449000,    2872000,   32418283, c++, iotlab1, mult, 4
2768935.exe ,  0.23,  0.06,  0.06,  0.01,  0.00,   15220688,   13351000,    1907000,   32223124, c++, iotlab1, mult, 4
2768935.exe ,  0.24,  0.06,  0.06,  0.01,  0.00,   15373693,   12306000,    3076000,   32712211, c++, iotlab1, mult, 4
2768935.exe ,  0.22,  0.06,  0.06,  0.01,  0.00,   15233903,   12193000,    3048000,   32595643, c++, iotlab1, mult, 4
2768935.exe ,  0.25,  0.06,  0.06,  0.01,  0.00,   15403177,   11288000,    4104000,   33097514, c++, iotlab1, mult, 4
2768935.exe ,  0.25,  0.06,  0.06,  0.01,  0.00,   15317529,   13261000,    2040000,   32572150, c++, iotlab1, mult, 4
2768935.exe ,  0.22,  0.06,  0.06,  0.01,  0.00,   15358421,   13316000,    2048000,   32731999, c++, iotlab1, mult, 4
2768935.exe ,  0.24,  0.06,  0.06,  0.01,  0.00,   15401478,   13472000,    1924000,   32131288, c++, iotlab1, mult, 4
2768935.exe ,  0.22,  0.06,  0.06,  0.01,  0.00,   15252795,   13361000,    1908000,   31867096, c++, iotlab1, mult, 4
2789652.exe ,  0.52,  0.14,  0.13,  0.02,  0.00,   35157001,   34105000,    1003000,   51396294, c++, iotlab1, mult, 4
2789652.exe ,  0.51,  0.14,  0.13,  0.02,  0.00,   34766202,   32759000,    1985000,   51224472, c++, iotlab1, mult, 4
2789652.exe ,  0.51,  0.14,  0.13,  0.02,  0.00,   35219021,   34173000,    1005000,   52600588, c++, iotlab1, mult, 4
2789652.exe ,  0.51,  0.14,  0.13,  0.02,  0.00,   34796843,   34802000,          0,   51925049, c++, iotlab1, mult, 4
2789652.exe ,  0.51,  0.14,  0.13,  0.02,  0.00,   35173535,   34179000,    1005000,   52341521, c++, iotlab1, mult, 4
2789652.exe ,  0.52,  0.14,  0.13,  0.02,  0.00,   35777959,   35788000,          0,   52936531, c++, iotlab1, mult, 4
2789652.exe ,  0.53,  0.14,  0.13,  0.02,  0.00,   36377149,   36405000,          0,   53356927, c++, iotlab1, mult, 4
2789652.exe ,  0.50,  0.14,  0.13,  0.02,  0.00,   35621942,   35527000,          0,   52174213, c++, iotlab1, mult, 4
2789652.exe ,  0.52,  0.14,  0.13,  0.02,  0.00,   35276039,   33326000,    1960000,   52384833, c++, iotlab1, mult, 4
2789652.exe ,  0.51,  0.14,  0.13,  0.02,  0.00,   35704837,   35707000,          0,   52718886, c++, iotlab1, mult, 4
2793938.exe ,  0.51,  0.14,  0.12,  0.02,  0.00,   33717180,   27762000,    5949000,   50965758, c++, iotlab1, mult, 4
2793938.exe ,  0.52,  0.14,  0.13,  0.02,  0.00,   34687954,   25768000,    8919000,   52253176, c++, iotlab1, mult, 4
2793938.exe ,  0.51,  0.14,  0.13,  0.02,  0.00,   33843313,   24880000,    8957000,   51798363, c++, iotlab1, mult, 4
2793938.exe ,  0.51,  0.14,  0.12,  0.02,  0.00,   33737061,   24532000,    9199000,   51004984, c++, iotlab1, mult, 4
2793938.exe ,  0.51,  0.14,  0.12,  0.02,  0.00,   33948571,   23959000,    9983000,   50918925, c++, iotlab1, mult, 4
2793938.exe ,  0.51,  0.13,  0.12,  0.02,  0.00,   33972266,   25965000,    7989000,   51500697, c++, iotlab1, mult, 4
2793938.exe ,  0.51,  0.14,  0.12,  0.02,  0.00,   33514991,   27588000,    5911000,   50677389, c++, iotlab1, mult, 4
2793938.exe ,  0.49,  0.13,  0.12,  0.02,  0.00,   33867639,   24872000,    8954000,   51182085, c++, iotlab1, mult, 4
2793938.exe ,  0.54,  0.14,  0.12,  0.02,  0.00,   33845390,   27869000,    5971000,   51135900, c++, iotlab1, mult, 4
2793938.exe ,  0.52,  0.14,  0.13,  0.02,  0.00,   33985321,   22575000,   11287000,   51264782, c++, iotlab1, mult, 4
2823544.exe ,  0.52,  0.14,  0.14,  0.02,  0.00,   36698597,   32742000,    3968000,   54051924, c++, iotlab1, mult, 4
2823544.exe ,  0.52,  0.14,  0.13,  0.02,  0.00,   36267705,   35258000,    1007000,   53757994, c++, iotlab1, mult, 4
2823544.exe ,  0.54,  0.15,  0.14,  0.02,  0.00,   36470486,   34453000,    2026000,   54082425, c++, iotlab1, mult, 4
2823544.exe ,  0.53,  0.15,  0.14,  0.02,  0.00,   37290255,   35189000,    2010000,   55038777, c++, iotlab1, mult, 4
2823544.exe ,  0.52,  0.14,  0.14,  0.02,  0.00,   36538076,   33586000,    2963000,   54316362, c++, iotlab1, mult, 4
2823544.exe ,  0.52,  0.14,  0.13,  0.02,  0.00,   36404488,   34383000,    2022000,   53679343, c++, iotlab1, mult, 4
2823544.exe ,  0.53,  0.15,  0.13,  0.02,  0.00,   36049558,   34044000,    2002000,   52759805, c++, iotlab1, mult, 4
2823544.exe ,  0.54,  0.15,  0.13,  0.02,  0.00,   36404881,   34399000,    2023000,   53635081, c++, iotlab1, mult, 4
2823544.exe ,  0.52,  0.15,  0.14,  0.02,  0.00,   36275038,   32255000,    4031000,   53411711, c++, iotlab1, mult, 4
2823544.exe ,  0.54,  0.15,  0.14,  0.02,  0.00,   36395065,   36297000,          0,   53602962, c++, iotlab1, mult, 4
2942166.exe ,  0.55,  0.15,  0.14,  0.02,  0.00,   36763144,   33655000,    2969000,   53653357, c++, iotlab1, mult, 4
2942166.exe ,  0.53,  0.14,  0.13,  0.02,  0.00,   35938169,   32947000,    2995000,   53253465, c++, iotlab1, mult, 4
2942166.exe ,  0.52,  0.14,  0.14,  0.02,  0.00,   36490443,   33525000,    2958000,   53481636, c++, iotlab1, mult, 4
2942166.exe ,  0.53,  0.14,  0.13,  0.02,  0.00,   35604437,   32562000,    3052000,   52693527, c++, iotlab1, mult, 4
2942166.exe ,  0.51,  0.14,  0.13,  0.02,  0.00,   35255239,   34252000,    1007000,   52421362, c++, iotlab1, mult, 4
2942166.exe ,  0.51,  0.14,  0.13,  0.02,  0.00,   35362625,   33349000,    2021000,   51974818, c++, iotlab1, mult, 4
2942166.exe ,  0.52,  0.15,  0.13,  0.02,  0.00,   35208654,   32183000,    3017000,   52053150, c++, iotlab1, mult, 4
2942166.exe ,  0.53,  0.14,  0.13,  0.02,  0.00,   35476287,   33457000,    2027000,   52123198, c++, iotlab1, mult, 4
2942166.exe ,  0.53,  0.14,  0.13,  0.02,  0.00,   35967253,   32934000,    2994000,   53319912, c++, iotlab1, mult, 4
2942166.exe ,  0.54,  0.15,  0.13,  0.02,  0.00,   36335350,   34298000,    2017000,   53506604, c++, iotlab1, mult, 4
2951975.exe ,  0.51,  0.14,  0.13,  0.02,  0.00,   35247083,   33150000,    2009000,   51584233, c++, iotlab1, mult, 4
2951975.exe ,  0.51,  0.14,  0.13,  0.02,  0.00,   35372013,   33417000,    1965000,   52642200, c++, iotlab1, mult, 4
2951975.exe ,  0.52,  0.14,  0.13,  0.02,  0.00,   35231209,   32217000,    3020000,   52610802, c++, iotlab1, mult, 4
2951975.exe ,  0.52,  0.14,  0.13,  0.02,  0.00,   35445817,   34321000,    1009000,   52858551, c++, iotlab1, mult, 4
2951975.exe ,  0.54,  0.15,  0.13,  0.02,  0.00,   36658656,   33628000,    3057000,   54043505, c++, iotlab1, mult, 4
2951975.exe ,  0.51,  0.14,  0.13,  0.02,  0.00,   35373311,   33362000,    2021000,   52678538, c++, iotlab1, mult, 4
2951975.exe ,  0.54,  0.15,  0.14,  0.02,  0.00,   36630772,   34558000,    1974000,   54157219, c++, iotlab1, mult, 4
2951975.exe ,  0.54,  0.14,  0.13,  0.02,  0.00,   35857635,   33647000,    1979000,   52594147, c++, iotlab1, mult, 4
2951975.exe ,  0.53,  0.15,  0.13,  0.02,  0.00,   36513103,   33560000,    2961000,   53469070, c++, iotlab1, mult, 4
2951975.exe ,  0.52,  0.14,  0.13,  0.02,  0.00,   35996226,   33004000,    3000000,   52971631, c++, iotlab1, mult, 4
2974603.exe ,  0.23,  0.06,  0.06,  0.01,  0.00,   15275604,   13251000,    2038000,   32184204, c++, iotlab1, mult, 4
2974603.exe ,  0.25,  0.06,  0.05,  0.01,  0.00,   15629441,   13645000,    1949000,   32222169, c++, iotlab1, mult, 4
2974603.exe ,  0.23,  0.06,  0.06,  0.01,  0.00,   15511816,   13339000,    2052000,   32643920, c++, iotlab1, mult, 4
2974603.exe ,  0.23,  0.06,  0.06,  0.01,  0.00,   15519148,   13451000,    2069000,   32377233, c++, iotlab1, mult, 4
2974603.exe ,  0.22,  0.06,  0.06,  0.01,  0.00,   15629455,   14601000,    1042000,   33029195, c++, iotlab1, mult, 4
2974603.exe ,  0.22,  0.06,  0.06,  0.01,  0.00,   15618008,   14657000,     977000,   32995326, c++, iotlab1, mult, 4
2974603.exe ,  0.22,  0.06,  0.06,  0.01,  0.00,   15231434,   13213000,    2032000,   32521379, c++, iotlab1, mult, 4
2974603.exe ,  0.22,  0.06,  0.06,  0.01,  0.00,   15387280,   13392000,    1913000,   32632638, c++, iotlab1, mult, 4
2974603.exe ,  0.22,  0.06,  0.06,  0.01,  0.00,   15320468,   14214000,    1015000,   32177270, c++, iotlab1, mult, 4
2974603.exe ,  0.24,  0.06,  0.06,  0.01,  0.00,   15285158,   12260000,    3065000,   32476419, c++, iotlab1, mult, 4
3144096.exe ,  2.17,  0.58,  0.53,  0.10,  0.00,  145829307,   63342000,   82446000,  162880245, c++, iotlab1, mult, 4
3144096.exe ,  2.15,  0.57,  0.53,  0.10,  0.00,  144456267,   56773000,   87649000,  161244525, c++, iotlab1, mult, 4
3144096.exe ,  2.17,  0.58,  0.53,  0.10,  0.00,  144350105,   58134000,   86200000,  161095379, c++, iotlab1, mult, 4
3144096.exe ,  2.15,  0.57,  0.53,  0.10,  0.00,  144243622,   59635000,   84483000,  161368017, c++, iotlab1, mult, 4
3144096.exe ,  2.16,  0.58,  0.53,  0.10,  0.00,  144864746,   62929000,   81908000,  161791193, c++, iotlab1, mult, 4
3144096.exe ,  2.17,  0.58,  0.53,  0.10,  0.00,  146382420,   56139000,   90223000,  163387789, c++, iotlab1, mult, 4
3144096.exe ,  2.16,  0.58,  0.53,  0.10,  0.00,  145842874,   60846000,   84786000,  162919126, c++, iotlab1, mult, 4
3144096.exe ,  2.16,  0.58,  0.53,  0.10,  0.00,  145991674,   61991000,   83988000,  162717035, c++, iotlab1, mult, 4
3144096.exe ,  2.16,  0.58,  0.53,  0.10,  0.00,  146104577,   62038000,   84051000,  163059648, c++, iotlab1, mult, 4
3144096.exe ,  2.15,  0.58,  0.53,  0.10,  0.00,  145020309,   58002000,   87003000,  162367529, c++, iotlab1, mult, 4
3300816.exe ,  0.24,  0.06,  0.06,  0.01,  0.00,   15572185,   12659000,    2921000,   31973607, c++, iotlab1, mult, 4
3300816.exe ,  0.22,  0.06,  0.06,  0.01,  0.00,   15197648,   14163000,    1011000,   32145708, c++, iotlab1, mult, 4
3300816.exe ,  0.24,  0.06,  0.06,  0.01,  0.00,   15632934,   13570000,    2087000,   32736243, c++, iotlab1, mult, 4
3300816.exe ,  0.24,  0.06,  0.06,  0.01,  0.00,   15635214,   10749000,    4885000,   32830699, c++, iotlab1, mult, 4
3300816.exe ,  0.24,  0.06,  0.06,  0.01,  0.00,   15792420,   14733000,    1052000,   32737225, c++, iotlab1, mult, 4
3300816.exe ,  0.23,  0.06,  0.06,  0.01,  0.00,   15694975,   13620000,    2095000,   33122243, c++, iotlab1, mult, 4
3300816.exe ,  0.24,  0.06,  0.06,  0.01,  0.00,   15727586,   11755000,    3918000,   32755866, c++, iotlab1, mult, 4
3300816.exe ,  0.24,  0.06,  0.06,  0.01,  0.00,   15718838,   14742000,     982000,   32961635, c++, iotlab1, mult, 4
3300816.exe ,  0.24,  0.06,  0.06,  0.01,  0.00,   15417613,   13362000,    2055000,   32609373, c++, iotlab1, mult, 4
3300816.exe ,  0.24,  0.06,  0.06,  0.01,  0.00,   15616682,   14662000,     977000,   32932902, c++, iotlab1, mult, 4
3373883.exe ,  0.51,  0.14,  0.13,  0.02,  0.00,   35102127,   33051000,    2003000,   52471653, c++, iotlab1, mult, 4
3373883.exe ,  0.52,  0.14,  0.14,  0.02,  0.00,   36361394,   35318000,     981000,   53895025, c++, iotlab1, mult, 4
3373883.exe ,  0.52,  0.15,  0.14,  0.02,  0.00,   36424236,   36425000,          0,   53938766, c++, iotlab1, mult, 4
3373883.exe ,  0.52,  0.14,  0.13,  0.02,  0.00,   36157842,   34128000,    2007000,   53469732, c++, iotlab1, mult, 4
3373883.exe ,  0.51,  0.14,  0.13,  0.02,  0.00,   35610770,   33579000,    2035000,   53076581, c++, iotlab1, mult, 4
3373883.exe ,  0.53,  0.15,  0.13,  0.02,  0.00,   36272888,   33333000,    2941000,   53381659, c++, iotlab1, mult, 4
3373883.exe ,  0.51,  0.14,  0.13,  0.02,  0.00,   34984992,   31996000,    2999000,   52647171, c++, iotlab1, mult, 4
3373883.exe ,  0.51,  0.14,  0.13,  0.02,  0.00,   35409408,   32480000,    2952000,   52654599, c++, iotlab1, mult, 4
3373883.exe ,  0.51,  0.14,  0.13,  0.02,  0.00,   35324929,   34305000,    1008000,   52689593, c++, iotlab1, mult, 4
3373883.exe ,  0.51,  0.14,  0.13,  0.02,  0.00,   35305725,   34305000,    1008000,   52570239, c++, iotlab1, mult, 4
3500180.exe ,  0.51,  0.14,  0.13,  0.02,  0.00,   35364693,   32348000,    2940000,   52300171, c++, iotlab1, mult, 4
3500180.exe ,  0.53,  0.15,  0.13,  0.02,  0.00,   36234018,   33196000,    3017000,   53300269, c++, iotlab1, mult, 4
3500180.exe ,  0.51,  0.14,  0.13,  0.02,  0.00,   35426060,   33403000,    2024000,   52415848, c++, iotlab1, mult, 4
3500180.exe ,  0.52,  0.14,  0.13,  0.02,  0.00,   36314410,   34266000,    2015000,   53351905, c++, iotlab1, mult, 4
3500180.exe ,  0.54,  0.15,  0.13,  0.02,  0.00,   36759119,   36764000,          0,   53929547, c++, iotlab1, mult, 4
3500180.exe ,  0.53,  0.15,  0.13,  0.02,  0.00,   35454332,   33420000,    1965000,   52868281, c++, iotlab1, mult, 4
3500180.exe ,  0.53,  0.15,  0.13,  0.02,  0.00,   36078758,   34013000,    2000000,   53090877, c++, iotlab1, mult, 4
3500180.exe ,  0.52,  0.14,  0.13,  0.02,  0.00,   36419452,   34307000,    2018000,   53691173, c++, iotlab1, mult, 4
3500180.exe ,  0.54,  0.15,  0.14,  0.02,  0.00,   36665377,   33481000,    3043000,   54152747, c++, iotlab1, mult, 4
3500180.exe ,  0.54,  0.15,  0.14,  0.02,  0.00,   36380141,   33432000,    2949000,   53749615, c++, iotlab1, mult, 4
3630111.exe ,  0.24,  0.06,  0.06,  0.01,  0.00,   16086708,   15087000,    1005000,   33401922, c++, iotlab1, mult, 4
3630111.exe ,  0.23,  0.06,  0.06,  0.01,  0.00,   15634077,   13630000,    1947000,   32083474, c++, iotlab1, mult, 4
3630111.exe ,  0.22,  0.06,  0.06,  0.01,  0.00,   15563124,   12654000,    2920000,   32956694, c++, iotlab1, mult, 4
3630111.exe ,  0.23,  0.06,  0.06,  0.01,  0.00,   15540454,   14479000,    1034000,   32707000, c++, iotlab1, mult, 4
3630111.exe ,  0.24,  0.06,  0.06,  0.01,  0.00,   15903450,   13869000,    1981000,   33275511, c++, iotlab1, mult, 4
3630111.exe ,  0.24,  0.06,  0.06,  0.01,  0.00,   16075511,   13079000,    3018000,   33087640, c++, iotlab1, mult, 4
3630111.exe ,  0.22,  0.06,  0.06,  0.01,  0.00,   15482938,   13557000,    1936000,   32878831, c++, iotlab1, mult, 4
3630111.exe ,  0.24,  0.07,  0.06,  0.01,  0.00,   15384956,   14339000,    1024000,   33000757, c++, iotlab1, mult, 4
3630111.exe ,  0.24,  0.06,  0.06,  0.01,  0.00,   15772387,   12823000,    2959000,   32651226, c++, iotlab1, mult, 4
3630111.exe ,  0.25,  0.07,  0.06,  0.01,  0.00,   16254937,   15219000,    1014000,   33511903, c++, iotlab1, mult, 4
3636636.exe ,  0.26,  0.07,  0.06,  0.01,  0.00,   16766841,   13729000,    2941000,   32999884, c++, iotlab1, mult, 4
3636636.exe ,  0.26,  0.07,  0.06,  0.01,  0.00,   16687484,   10800000,    5891000,   33576364, c++, iotlab1, mult, 4
3636636.exe ,  0.25,  0.07,  0.06,  0.01,  0.00,   16776625,   11846000,    4936000,   33847031, c++, iotlab1, mult, 4
3636636.exe ,  0.26,  0.07,  0.06,  0.01,  0.00,   16545744,   12644000,    3890000,   33893617, c++, iotlab1, mult, 4
3636636.exe ,  0.25,  0.06,  0.06,  0.01,  0.00,   16736676,   12760000,    3926000,   33888225, c++, iotlab1, mult, 4
3636636.exe ,  0.25,  0.06,  0.06,  0.01,  0.00,   17259504,   14132000,    3028000,   34144676, c++, iotlab1, mult, 4
3636636.exe ,  0.25,  0.07,  0.06,  0.01,  0.00,   17001331,   13920000,    2982000,   34478696, c++, iotlab1, mult, 4
3636636.exe ,  0.26,  0.07,  0.06,  0.01,  0.00,   16690889,   13700000,    2935000,   33723332, c++, iotlab1, mult, 4
3636636.exe ,  0.25,  0.07,  0.06,  0.01,  0.00,   17139101,   14123000,    3026000,   34694079, c++, iotlab1, mult, 4
3636636.exe ,  0.25,  0.07,  0.06,  0.01,  0.00,   17065842,   13057000,    4017000,   34348292, c++, iotlab1, mult, 4
3806795.exe ,  0.21,  0.06,  0.05,  0.01,  0.00,   14400503,   13379000,    1029000,   31718548, c++, iotlab1, mult, 4
3806795.exe ,  0.22,  0.06,  0.05,  0.01,  0.00,   14425686,   12504000,    1923000,   31713426, c++, iotlab1, mult, 4
3806795.exe ,  0.21,  0.06,  0.05,  0.01,  0.00,   14639894,   13588000,    1045000,   32026982, c++, iotlab1, mult, 4
3806795.exe ,  0.22,  0.06,  0.06,  0.01,  0.00,   14652238,   13653000,     975000,   31477620, c++, iotlab1, mult, 4
3806795.exe ,  0.21,  0.06,  0.05,  0.01,  0.00,   14434953,   12357000,    2059000,   31944040, c++, iotlab1, mult, 4
3806795.exe ,  0.22,  0.06,  0.06,  0.01,  0.00,   14680332,   13706000,     979000,   32136187, c++, iotlab1, mult, 4
3806795.exe ,  0.22,  0.06,  0.05,  0.01,  0.00,   14803402,   11827000,    2956000,   31796847, c++, iotlab1, mult, 4
3806795.exe ,  0.22,  0.06,  0.06,  0.01,  0.00,   14915358,   13917000,     994000,   32008766, c++, iotlab1, mult, 4
3806795.exe ,  0.22,  0.06,  0.06,  0.01,  0.00,   15088696,   14091000,    1006000,   31935664, c++, iotlab1, mult, 4
3806795.exe ,  0.22,  0.06,  0.06,  0.01,  0.00,   14794077,   13814000,     986000,   32257232, c++, iotlab1, mult, 4
3868191.exe ,  1.01,  0.27,  0.25,  0.04,  0.00,   68806370,   60668000,    8089000,   86093081, c++, iotlab1, mult, 4
3868191.exe ,  1.02,  0.28,  0.26,  0.04,  0.00,   71057785,   62043000,    9006000,   88619645, c++, iotlab1, mult, 4
3868191.exe ,  0.99,  0.27,  0.25,  0.04,  0.00,   69409428,   65376000,    4023000,   86391421, c++, iotlab1, mult, 4
3868191.exe ,  1.01,  0.28,  0.26,  0.04,  0.00,   70075027,   62180000,    7895000,   87517078, c++, iotlab1, mult, 4
3868191.exe ,  1.00,  0.27,  0.25,  0.04,  0.00,   68975792,   65957000,    2998000,   86142574, c++, iotlab1, mult, 4
3868191.exe ,  1.01,  0.27,  0.25,  0.04,  0.00,   69640453,   61555000,    8072000,   87175623, c++, iotlab1, mult, 4
3868191.exe ,  1.02,  0.27,  0.25,  0.04,  0.00,   68361961,   60310000,    8041000,   86105957, c++, iotlab1, mult, 4
3868191.exe ,  1.01,  0.27,  0.25,  0.04,  0.00,   68550002,   59449000,    9068000,   86014349, c++, iotlab1, mult, 4
3868191.exe ,  1.01,  0.27,  0.25,  0.04,  0.00,   68968801,   58964000,    9993000,   86220376, c++, iotlab1, mult, 4
3868191.exe ,  1.01,  0.28,  0.26,  0.04,  0.00,   69656876,   63586000,    6055000,   87401098, c++, iotlab1, mult, 4
3876123.exe ,  0.22,  0.06,  0.06,  0.01,  0.00,   15481948,   13556000,    1936000,   33115712, c++, iotlab1, mult, 4
3876123.exe ,  0.24,  0.06,  0.06,  0.01,  0.00,   15409507,   14390000,    1027000,   33009577, c++, iotlab1, mult, 4
3876123.exe ,  0.23,  0.06,  0.06,  0.01,  0.00,   15496271,   14483000,    1034000,   33148539, c++, iotlab1, mult, 4
3876123.exe ,  0.22,  0.06,  0.06,  0.01,  0.00,   15281555,   14277000,    1019000,   32745679, c++, iotlab1, mult, 4
3876123.exe ,  0.22,  0.06,  0.06,  0.01,  0.00,   15128479,   11102000,    4037000,   32515508, c++, iotlab1, mult, 4
3876123.exe ,  0.24,  0.06,  0.06,  0.01,  0.00,   15164655,   13148000,    2022000,   32405852, c++, iotlab1, mult, 4
3876123.exe ,  0.23,  0.06,  0.06,  0.01,  0.00,   15434607,   13358000,    2055000,   32799445, c++, iotlab1, mult, 4
3876123.exe ,  0.22,  0.06,  0.06,  0.01,  0.00,   15208077,   14171000,    1012000,   32508826, c++, iotlab1, mult, 4
3876123.exe ,  0.24,  0.06,  0.06,  0.01,  0.00,   15464143,   13410000,    2063000,   32620939, c++, iotlab1, mult, 4
3876123.exe ,  0.22,  0.06,  0.06,  0.01,  0.00,   15475696,   14465000,    1033000,   33054965, c++, iotlab1, mult, 4
3941489.exe ,  0.52,  0.15,  0.14,  0.02,  0.00,   36415395,   34285000,    2016000,   53000414, c++, iotlab1, mult, 4
3941489.exe ,  0.53,  0.14,  0.13,  0.02,  0.00,   36437616,   33390000,    2946000,   53082539, c++, iotlab1, mult, 4
3941489.exe ,  0.55,  0.15,  0.14,  0.02,  0.00,   37299989,   34261000,    3023000,   54386125, c++, iotlab1, mult, 4
3941489.exe ,  0.52,  0.15,  0.14,  0.02,  0.00,   36305157,   34294000,    2017000,   53891287, c++, iotlab1, mult, 4
3941489.exe ,  0.54,  0.15,  0.14,  0.02,  0.00,   36276758,   34268000,    2015000,   53802771, c++, iotlab1, mult, 4
3941489.exe ,  0.54,  0.15,  0.14,  0.02,  0.00,   36984039,   34988000,    1999000,   53955901, c++, iotlab1, mult, 4
3941489.exe ,  0.53,  0.14,  0.13,  0.02,  0.00,   36086429,   33043000,    3003000,   53073982, c++, iotlab1, mult, 4
3941489.exe ,  0.53,  0.15,  0.13,  0.02,  0.00,   35868110,   33856000,    1991000,   52960926, c++, iotlab1, mult, 4
3941489.exe ,  0.52,  0.14,  0.13,  0.02,  0.00,   36298113,   34276000,    2016000,   53516220, c++, iotlab1, mult, 4
3941489.exe ,  0.52,  0.15,  0.14,  0.02,  0.00,   36356407,   34306000,    2018000,   54068414, c++, iotlab1, mult, 4
405152.exe  ,  0.56,  0.15,  0.14,  0.02,  0.00,   37925656,   33076000,    4864000,   55125940, c++, iotlab1, mult, 4
405152.exe  ,  0.54,  0.15,  0.14,  0.02,  0.00,   36809705,   34817000,    1989000,   54288836, c++, iotlab1, mult, 4
405152.exe  ,  0.54,  0.15,  0.14,  0.02,  0.00,   37155126,   35093000,    2005000,   54130937, c++, iotlab1, mult, 4
405152.exe  ,  0.55,  0.15,  0.14,  0.02,  0.00,   36717265,   34734000,    1984000,   53791800, c++, iotlab1, mult, 4
405152.exe  ,  0.52,  0.14,  0.14,  0.02,  0.00,   36444170,   35406000,    1011000,   53055024, c++, iotlab1, mult, 4
405152.exe  ,  0.54,  0.15,  0.14,  0.02,  0.00,   36317168,   34290000,    2017000,   53694056, c++, iotlab1, mult, 4
405152.exe  ,  0.54,  0.15,  0.14,  0.02,  0.00,   36411256,   35404000,    1011000,   53857035, c++, iotlab1, mult, 4
405152.exe  ,  0.54,  0.15,  0.13,  0.02,  0.00,   36699861,   33739000,    2976000,   54159644, c++, iotlab1, mult, 4
405152.exe  ,  0.54,  0.15,  0.14,  0.02,  0.00,   36724702,   33631000,    2967000,   54390222, c++, iotlab1, mult, 4
405152.exe  ,  0.54,  0.15,  0.14,  0.02,  0.00,   36692111,   34613000,    1977000,   54107922, c++, iotlab1, mult, 4
4061439.exe ,  0.54,  0.15,  0.14,  0.02,  0.00,   37111210,   36058000,    1030000,   53716061, c++, iotlab1, mult, 4
4061439.exe ,  0.53,  0.15,  0.14,  0.02,  0.00,   37107721,   34030000,    3002000,   54409684, c++, iotlab1, mult, 4
4061439.exe ,  0.53,  0.15,  0.14,  0.02,  0.00,   37440229,   35223000,    2012000,   55252196, c++, iotlab1, mult, 4
4061439.exe ,  0.54,  0.15,  0.14,  0.02,  0.00,   37061813,   36054000,    1001000,   54364742, c++, iotlab1, mult, 4
4061439.exe ,  0.53,  0.15,  0.14,  0.02,  0.00,   37291125,   34371000,    2946000,   54675592, c++, iotlab1, mult, 4
4061439.exe ,  0.53,  0.15,  0.14,  0.02,  0.00,   37051366,   32953000,    3994000,   54574395, c++, iotlab1, mult, 4
4061439.exe ,  0.54,  0.15,  0.14,  0.02,  0.00,   37072233,   34972000,    1998000,   54528679, c++, iotlab1, mult, 4
4061439.exe ,  0.55,  0.15,  0.13,  0.02,  0.00,   36464575,   35467000,    1013000,   53661399, c++, iotlab1, mult, 4
4061439.exe ,  0.52,  0.14,  0.14,  0.02,  0.00,   36626804,   33552000,    2960000,   53869458, c++, iotlab1, mult, 4
4061439.exe ,  0.54,  0.15,  0.14,  0.02,  0.00,   36838698,   31033000,    5818000,   54206881, c++, iotlab1, mult, 4
4091019.exe ,  0.22,  0.06,  0.06,  0.01,  0.00,   15478862,   14447000,    1031000,   32265071, c++, iotlab1, mult, 4
4091019.exe ,  0.22,  0.06,  0.06,  0.01,  0.00,   15581867,   13524000,    2080000,   32885193, c++, iotlab1, mult, 4
4091019.exe ,  0.24,  0.06,  0.06,  0.01,  0.00,   15689745,   12666000,    2923000,   33276693, c++, iotlab1, mult, 4
4091019.exe ,  0.22,  0.06,  0.06,  0.01,  0.00,   15524027,   12616000,    2911000,   33048991, c++, iotlab1, mult, 4
4091019.exe ,  0.24,  0.06,  0.06,  0.01,  0.00,   15728886,   13652000,    2100000,   33464157, c++, iotlab1, mult, 4
4091019.exe ,  0.24,  0.06,  0.06,  0.01,  0.00,   15611548,   13667000,    1952000,   32999979, c++, iotlab1, mult, 4
4091019.exe ,  0.24,  0.07,  0.06,  0.01,  0.00,   15192443,   12100000,    3025000,   32768291, c++, iotlab1, mult, 4
4091019.exe ,  0.24,  0.06,  0.06,  0.01,  0.00,   15925877,   14875000,    1062000,   33439714, c++, iotlab1, mult, 4
4091019.exe ,  0.24,  0.06,  0.06,  0.01,  0.00,   15986297,   12998000,    2999000,   33572032, c++, iotlab1, mult, 4
4091019.exe ,  0.24,  0.06,  0.06,  0.01,  0.00,   15467925,   12490000,    2882000,   32661792, c++, iotlab1, mult, 4
4137155.exe ,  0.52,  0.14,  0.13,  0.02,  0.00,   36209698,   36233000,          0,   53910857, c++, iotlab1, mult, 4
4137155.exe ,  0.53,  0.14,  0.13,  0.02,  0.00,   35864062,   32889000,    2989000,   52878606, c++, iotlab1, mult, 4
4137155.exe ,  0.53,  0.14,  0.13,  0.02,  0.00,   36157912,   32149000,    4018000,   53821607, c++, iotlab1, mult, 4
4137155.exe ,  0.52,  0.14,  0.13,  0.02,  0.00,   36323906,   34309000,    2018000,   53430046, c++, iotlab1, mult, 4
4137155.exe ,  0.54,  0.15,  0.13,  0.02,  0.00,   36637744,   34655000,    1980000,   53827535, c++, iotlab1, mult, 4
4137155.exe ,  0.52,  0.14,  0.13,  0.02,  0.00,   35668716,   32618000,    2965000,   53174544, c++, iotlab1, mult, 4
4137155.exe ,  0.53,  0.15,  0.14,  0.02,  0.00,   36656955,   35634000,    1018000,   54142064, c++, iotlab1, mult, 4
4137155.exe ,  0.54,  0.15,  0.14,  0.02,  0.00,   37496589,   36493000,    1013000,   55347782, c++, iotlab1, mult, 4
4137155.exe ,  0.52,  0.15,  0.14,  0.02,  0.00,   36379210,   34339000,    2019000,   54291152, c++, iotlab1, mult, 4
4137155.exe ,  0.54,  0.15,  0.14,  0.02,  0.00,   36524735,   34561000,    1974000,   54285958, c++, iotlab1, mult, 4
4229381.exe ,  0.24,  0.06,  0.06,  0.01,  0.00,   15417867,   11570000,    3856000,   32111634, c++, iotlab1, mult, 4
4229381.exe ,  0.22,  0.06,  0.06,  0.01,  0.00,   15239131,   13213000,    2032000,   32707176, c++, iotlab1, mult, 4
4229381.exe ,  0.22,  0.06,  0.06,  0.01,  0.00,   15573005,   12601000,    2908000,   32556454, c++, iotlab1, mult, 4
4229381.exe ,  0.23,  0.06,  0.06,  0.01,  0.00,   14964846,   12837000,    2139000,   32172865, c++, iotlab1, mult, 4
4229381.exe ,  0.24,  0.06,  0.06,  0.01,  0.00,   15392300,   13357000,    2054000,   32807948, c++, iotlab1, mult, 4
4229381.exe ,  0.22,  0.06,  0.06,  0.01,  0.00,   15602819,   11720000,    3906000,   33010582, c++, iotlab1, mult, 4
4229381.exe ,  0.22,  0.06,  0.06,  0.01,  0.00,   15275712,   13376000,    1910000,   31991200, c++, iotlab1, mult, 4
4229381.exe ,  0.24,  0.07,  0.06,  0.01,  0.00,   15485714,   13383000,    2058000,   32858584, c++, iotlab1, mult, 4
4229381.exe ,  0.22,  0.06,  0.06,  0.01,  0.00,   15140194,   12297000,    2837000,   31442591, c++, iotlab1, mult, 4
4229381.exe ,  0.24,  0.07,  0.06,  0.01,  0.00,   15272658,   12222000,    3055000,   32603713, c++, iotlab1, mult, 4
4246029.exe ,  0.27,  0.07,  0.06,  0.01,  0.00,   17469726,   13359000,    4110000,   34057877, c++, iotlab1, mult, 4
4246029.exe ,  0.26,  0.07,  0.06,  0.01,  0.00,   17100238,   15090000,    2012000,   34545869, c++, iotlab1, mult, 4
4246029.exe ,  0.27,  0.07,  0.06,  0.01,  0.00,   17214320,   12440000,    4784000,   34855324, c++, iotlab1, mult, 4
4246029.exe ,  0.27,  0.07,  0.06,  0.01,  0.00,   17677455,   13515000,    4158000,   35076913, c++, iotlab1, mult, 4
4246029.exe ,  0.25,  0.07,  0.06,  0.01,  0.00,   17117858,   12382000,    4762000,   33770560, c++, iotlab1, mult, 4
4246029.exe ,  0.25,  0.07,  0.06,  0.01,  0.00,   17384198,   11265000,    6144000,   34333067, c++, iotlab1, mult, 4
4246029.exe ,  0.27,  0.07,  0.06,  0.01,  0.00,   17742021,   15655000,    2087000,   34087378, c++, iotlab1, mult, 4
4246029.exe ,  0.30,  0.07,  0.07,  0.01,  0.00,   18930027,   13410000,    5747000,   36583832, c++, iotlab1, mult, 4
4246029.exe ,  0.28,  0.08,  0.07,  0.01,  0.00,   16654857,   11697000,    4874000,   32775254, c++, iotlab1, mult, 4
4246029.exe ,  0.26,  0.07,  0.06,  0.01,  0.00,   17205788,   13386000,    3824000,   34770611, c++, iotlab1, mult, 4
4259947.exe ,  0.53,  0.14,  0.13,  0.02,  0.00,   36438628,   34424000,    2024000,   53752104, c++, iotlab1, mult, 4
4259947.exe ,  0.53,  0.14,  0.13,  0.02,  0.00,   35691512,   32717000,    2974000,   52234944, c++, iotlab1, mult, 4
4259947.exe ,  0.55,  0.15,  0.13,  0.02,  0.00,   36268878,   34251000,    2014000,   53675233, c++, iotlab1, mult, 4
4259947.exe ,  0.54,  0.15,  0.13,  0.02,  0.00,   36606541,   33630000,    2967000,   53726148, c++, iotlab1, mult, 4
4259947.exe ,  0.53,  0.14,  0.13,  0.02,  0.00,   35993950,   35004000,    1000000,   52741860, c++, iotlab1, mult, 4
4259947.exe ,  0.53,  0.14,  0.13,  0.02,  0.00,   35930427,   33902000,    1994000,   52861242, c++, iotlab1, mult, 4
4259947.exe ,  0.53,  0.14,  0.13,  0.02,  0.00,   36062284,   33030000,    3002000,   53279132, c++, iotlab1, mult, 4
4259947.exe ,  0.53,  0.15,  0.13,  0.02,  0.00,   35843494,   33730000,    1984000,   52611990, c++, iotlab1, mult, 4
4259947.exe ,  0.53,  0.14,  0.13,  0.02,  0.00,   36122688,   35122000,    1003000,   53074239, c++, iotlab1, mult, 4
4259947.exe ,  0.53,  0.15,  0.14,  0.02,  0.00,   36392962,   33355000,    3032000,   54001314, c++, iotlab1, mult, 4
4264435.exe ,  0.77,  0.21,  0.19,  0.03,  0.00,   53262124,   42406000,   10848000,   69372041, c++, iotlab1, mult, 4
4264435.exe ,  0.78,  0.21,  0.19,  0.03,  0.00,   52684416,   41490000,   11131000,   70131013, c++, iotlab1, mult, 4
4264435.exe ,  0.77,  0.21,  0.19,  0.03,  0.00,   51573150,   43432000,    8080000,   68968972, c++, iotlab1, mult, 4
4264435.exe ,  0.79,  0.21,  0.20,  0.03,  0.00,   53684824,   45481000,    8085000,   70960398, c++, iotlab1, mult, 4
4264435.exe ,  0.78,  0.21,  0.19,  0.03,  0.00,   52635526,   44658000,    7939000,   69643579, c++, iotlab1, mult, 4
4264435.exe ,  0.79,  0.21,  0.20,  0.03,  0.00,   53201837,   45140000,    8024000,   70848561, c++, iotlab1, mult, 4
4264435.exe ,  0.77,  0.21,  0.19,  0.03,  0.00,   52512183,   49458000,    3028000,   69592384, c++, iotlab1, mult, 4
4264435.exe ,  0.77,  0.21,  0.19,  0.03,  0.00,   52276749,   49151000,    3009000,   69371203, c++, iotlab1, mult, 4
4264435.exe ,  0.76,  0.21,  0.19,  0.03,  0.00,   52173139,   43160000,    9033000,   69380981, c++, iotlab1, mult, 4
4264435.exe ,  0.79,  0.21,  0.19,  0.03,  0.00,   52584835,   46481000,    6062000,   70264997, c++, iotlab1, mult, 4
4294775.exe ,  0.53,  0.14,  0.13,  0.02,  0.00,   35988292,   34950000,     998000,   53322762, c++, iotlab1, mult, 4
4294775.exe ,  0.53,  0.14,  0.13,  0.02,  0.00,   35805520,   32926000,    2905000,   53310927, c++, iotlab1, mult, 4
4294775.exe ,  0.56,  0.14,  0.13,  0.02,  0.00,   36174540,   35179000,    1005000,   53296515, c++, iotlab1, mult, 4
4294775.exe ,  0.52,  0.14,  0.13,  0.02,  0.00,   35181150,   32181000,    2925000,   52299382, c++, iotlab1, mult, 4
4294775.exe ,  0.53,  0.14,  0.13,  0.02,  0.00,   35660616,   33557000,    1973000,   52662705, c++, iotlab1, mult, 4
4294775.exe ,  0.53,  0.14,  0.13,  0.02,  0.00,   35096856,   34057000,    1001000,   52211137, c++, iotlab1, mult, 4
4294775.exe ,  0.52,  0.14,  0.13,  0.02,  0.00,   35411234,   33400000,    2024000,   51928925, c++, iotlab1, mult, 4
4294775.exe ,  0.52,  0.14,  0.13,  0.02,  0.00,   35496533,   33479000,    2029000,   52837231, c++, iotlab1, mult, 4
4294775.exe ,  0.53,  0.14,  0.13,  0.02,  0.00,   36072506,   34067000,    2003000,   53214460, c++, iotlab1, mult, 4
4294775.exe ,  0.53,  0.14,  0.13,  0.02,  0.00,   35736271,   33752000,    1985000,   53084000, c++, iotlab1, mult, 4
4327196.exe ,  0.53,  0.14,  0.13,  0.02,  0.00,   35745777,   33715000,    1983000,   52956663, c++, iotlab1, mult, 4
4327196.exe ,  0.51,  0.14,  0.13,  0.02,  0.00,   35594029,   35501000,          0,   52924263, c++, iotlab1, mult, 4
4327196.exe ,  0.51,  0.14,  0.13,  0.02,  0.00,   35705978,   34705000,    1020000,   52776657, c++, iotlab1, mult, 4
4327196.exe ,  0.52,  0.14,  0.13,  0.02,  0.00,   35032823,   34020000,    1000000,   51894818, c++, iotlab1, mult, 4
4327196.exe ,  0.51,  0.14,  0.13,  0.02,  0.00,   35567269,   33540000,    2032000,   52119286, c++, iotlab1, mult, 4
4327196.exe ,  0.53,  0.14,  0.13,  0.02,  0.00,   35992348,   34000000,    2000000,   52994705, c++, iotlab1, mult, 4
4327196.exe ,  0.52,  0.14,  0.13,  0.02,  0.00,   35744814,   33709000,    2043000,   52793023, c++, iotlab1, mult, 4
4327196.exe ,  0.53,  0.14,  0.13,  0.02,  0.00,   36151477,   34156000,    2009000,   53586040, c++, iotlab1, mult, 4
4327196.exe ,  0.52,  0.14,  0.13,  0.02,  0.00,   35462286,   33422000,    1966000,   52672517, c++, iotlab1, mult, 4
4327196.exe ,  0.53,  0.14,  0.13,  0.02,  0.00,   35707064,   33634000,    1978000,   52943620, c++, iotlab1, mult, 4
4386985.exe ,  0.23,  0.06,  0.06,  0.01,  0.00,   14959287,   10978000,    3992000,   31384327, c++, iotlab1, mult, 4
4386985.exe ,  0.24,  0.06,  0.06,  0.01,  0.00,   15629802,   12663000,    2922000,   32647343, c++, iotlab1, mult, 4
4386985.exe ,  0.22,  0.06,  0.06,  0.01,  0.00,   15744428,   13687000,    1955000,   33005729, c++, iotlab1, mult, 4
4386985.exe ,  0.24,  0.06,  0.06,  0.01,  0.00,   15609328,   14641000,     976000,   32953049, c++, iotlab1, mult, 4
4386985.exe ,  0.22,  0.06,  0.06,  0.01,  0.00,   15121355,   13115000,    2017000,   32420313, c++, iotlab1, mult, 4
4386985.exe ,  0.22,  0.06,  0.06,  0.01,  0.00,   15631019,   13681000,    1954000,   32126056, c++, iotlab1, mult, 4
4386985.exe ,  0.24,  0.06,  0.06,  0.01,  0.00,   15917196,   14750000,    1053000,   33360124, c++, iotlab1, mult, 4
4386985.exe ,  0.22,  0.06,  0.06,  0.01,  0.00,   15209257,   13191000,    2029000,   32686705, c++, iotlab1, mult, 4
4386985.exe ,  0.23,  0.06,  0.06,  0.01,  0.00,   15599076,   14573000,    1040000,   33134177, c++, iotlab1, mult, 4
4386985.exe ,  0.22,  0.06,  0.06,  0.01,  0.00,   15538333,   13604000,    1943000,   32808170, c++, iotlab1, mult, 4
4388131.exe ,  0.22,  0.06,  0.06,  0.01,  0.00,   15382184,   12507000,    2886000,   32989178, c++, iotlab1, mult, 4
4388131.exe ,  0.22,  0.06,  0.06,  0.01,  0.00,   14828318,   11870000,    2967000,   31768213, c++, iotlab1, mult, 4
4388131.exe ,  0.23,  0.06,  0.05,  0.01,  0.00,   15422007,   13368000,    2056000,   32772247, c++, iotlab1, mult, 4
4388131.exe ,  0.23,  0.06,  0.06,  0.01,  0.00,   15412973,   15419000,          0,   32841329, c++, iotlab1, mult, 4
4388131.exe ,  0.24,  0.06,  0.06,  0.01,  0.00,   14928927,   12945000,    1991000,   31909182, c++, iotlab1, mult, 4
4388131.exe ,  0.22,  0.06,  0.06,  0.01,  0.00,   15223886,   12189000,    3047000,   32625397, c++, iotlab1, mult, 4
4388131.exe ,  0.24,  0.06,  0.06,  0.01,  0.00,   15411797,   13365000,    2056000,   32536548, c++, iotlab1, mult, 4
4388131.exe ,  0.24,  0.06,  0.06,  0.01,  0.00,   15471072,   12485000,    2881000,   32811899, c++, iotlab1, mult, 4
4388131.exe ,  0.24,  0.06,  0.06,  0.01,  0.00,   15643147,   11694000,    3898000,   33185780, c++, iotlab1, mult, 4
4388131.exe ,  0.24,  0.06,  0.06,  0.01,  0.00,   15431449,   14412000,    1029000,   32860445, c++, iotlab1, mult, 4
4453075.exe ,  0.53,  0.14,  0.13,  0.02,  0.00,   34854628,   31787000,    2980000,   51428751, c++, iotlab1, mult, 4
4453075.exe ,  0.52,  0.15,  0.13,  0.02,  0.00,   35586641,   34591000,     988000,   53183898, c++, iotlab1, mult, 4
4453075.exe ,  0.52,  0.14,  0.13,  0.02,  0.00,   35387776,   33433000,    1966000,   52715689, c++, iotlab1, mult, 4
4453075.exe ,  0.51,  0.14,  0.13,  0.02,  0.00,   35103358,   34121000,    1003000,   52440845, c++, iotlab1, mult, 4
4453075.exe ,  0.51,  0.14,  0.13,  0.02,  0.00,   35375932,   33358000,    2021000,   52680526, c++, iotlab1, mult, 4
4453075.exe ,  0.51,  0.14,  0.13,  0.02,  0.00,   35713339,   34706000,    1020000,   53043812, c++, iotlab1, mult, 4
4453075.exe ,  0.51,  0.14,  0.13,  0.02,  0.00,   34634263,   33620000,    1018000,   52113007, c++, iotlab1, mult, 4
4453075.exe ,  0.53,  0.14,  0.13,  0.02,  0.00,   35548568,   34556000,     987000,   52678215, c++, iotlab1, mult, 4
4453075.exe ,  0.50,  0.14,  0.13,  0.02,  0.00,   34314365,   33309000,    1009000,   51696826, c++, iotlab1, mult, 4
4453075.exe ,  0.51,  0.14,  0.13,  0.02,  0.00,   34858980,   32942000,    1937000,   52264113, c++, iotlab1, mult, 4
4457827.exe ,  0.21,  0.06,  0.05,  0.01,  0.00,   14216675,   12155000,    2025000,   31073702, c++, iotlab1, mult, 4
4457827.exe ,  0.21,  0.06,  0.05,  0.01,  0.00,   14065679,   13065000,    1005000,   31413480, c++, iotlab1, mult, 4
4457827.exe ,  0.21,  0.06,  0.05,  0.01,  0.00,   13777691,   13781000,          0,   30039305, c++, iotlab1, mult, 4
4457827.exe ,  0.21,  0.06,  0.05,  0.01,  0.00,   13799797,   12814000,     985000,   31040883, c++, iotlab1, mult, 4
4457827.exe ,  0.21,  0.06,  0.05,  0.01,  0.00,   13850033,   11877000,    1979000,   31020808, c++, iotlab1, mult, 4
4457827.exe ,  0.21,  0.06,  0.05,  0.01,  0.00,   13817000,   11837000,    1972000,   30595675, c++, iotlab1, mult, 4
4457827.exe ,  0.21,  0.06,  0.05,  0.01,  0.00,   14101908,   12093000,    2015000,   31505893, c++, iotlab1, mult, 4
4457827.exe ,  0.21,  0.06,  0.05,  0.01,  0.00,   13965733,   13992000,          0,   31557975, c++, iotlab1, mult, 4
4457827.exe ,  0.21,  0.06,  0.05,  0.01,  0.00,   14143148,   13137000,    1010000,   31307816, c++, iotlab1, mult, 4
4457827.exe ,  0.22,  0.06,  0.05,  0.01,  0.00,   14374740,   12472000,    1918000,   31529768, c++, iotlab1, mult, 4
4509738.exe ,  0.21,  0.06,  0.05,  0.01,  0.00,   13469729,   11565000,    1927000,   30606038, c++, iotlab1, mult, 4
4509738.exe ,  0.33,  0.08,  0.07,  0.01,  0.00,   18826612,   16944000,    1882000,   36707745, c++, iotlab1, mult, 4
4509738.exe ,  0.24,  0.06,  0.05,  0.01,  0.00,   14274745,   14274000,          0,   31908319, c++, iotlab1, mult, 4
4509738.exe ,  0.28,  0.06,  0.05,  0.01,  0.00,   18856084,   15907000,    2982000,   42370667, c++, iotlab1, mult, 4
4509738.exe ,  0.24,  0.06,  0.05,  0.01,  0.00,   15967294,   13024000,    3005000,   34920572, c++, iotlab1, mult, 4
4509738.exe ,  0.30,  0.08,  0.07,  0.01,  0.00,   18968357,   15941000,    2989000,   37150390, c++, iotlab1, mult, 4
4509738.exe ,  0.21,  0.06,  0.05,  0.01,  0.00,   14094288,   12093000,    2015000,   32747449, c++, iotlab1, mult, 4
4509738.exe ,  0.21,  0.06,  0.05,  0.01,  0.00,   14322837,   12421000,    1911000,   31757495, c++, iotlab1, mult, 4
4509738.exe ,  0.20,  0.06,  0.05,  0.01,  0.00,   14025596,   13035000,    1002000,   31568652, c++, iotlab1, mult, 4
4509738.exe ,  0.19,  0.05,  0.05,  0.01,  0.00,   13503220,   12477000,    1039000,   30528893, c++, iotlab1, mult, 4
4541520.exe ,  0.22,  0.06,  0.06,  0.01,  0.00,   15796351,   13636000,    2097000,   32876826, c++, iotlab1, mult, 4
4541520.exe ,  0.24,  0.06,  0.06,  0.01,  0.00,   15709671,   14736000,     982000,   33084939, c++, iotlab1, mult, 4
4541520.exe ,  0.24,  0.06,  0.06,  0.01,  0.00,   15677474,   14709000,     980000,   33095643, c++, iotlab1, mult, 4
4541520.exe ,  0.22,  0.06,  0.06,  0.01,  0.00,   15773103,   15780000,          0,   32622659, c++, iotlab1, mult, 4
4541520.exe ,  0.22,  0.06,  0.06,  0.01,  0.00,   15533688,   11671000,    3890000,   32817048, c++, iotlab1, mult, 4
4541520.exe ,  0.23,  0.06,  0.06,  0.01,  0.00,   15537802,   13493000,    2075000,   33183392, c++, iotlab1, mult, 4
4541520.exe ,  0.24,  0.07,  0.06,  0.01,  0.00,   15850039,   12037000,    3703000,   33457198, c++, iotlab1, mult, 4
4541520.exe ,  0.24,  0.06,  0.06,  0.01,  0.00,   15883811,   11901000,    3967000,   33353294, c++, iotlab1, mult, 4
4541520.exe ,  0.24,  0.06,  0.06,  0.01,  0.00,   15628982,   13685000,    1955000,   32936328, c++, iotlab1, mult, 4
4541520.exe ,  0.22,  0.06,  0.06,  0.01,  0.00,   15214494,   13191000,    2029000,   31301497, c++, iotlab1, mult, 4
4546781.exe ,  0.22,  0.06,  0.06,  0.01,  0.00,   15685176,   14709000,     980000,   33068569, c++, iotlab1, mult, 4
4546781.exe ,  0.24,  0.07,  0.06,  0.01,  0.00,   15778002,   14728000,    1052000,   33384756, c++, iotlab1, mult, 4
4546781.exe ,  0.24,  0.06,  0.06,  0.01,  0.00,   15924135,   12942000,    2986000,   33131770, c++, iotlab1, mult, 4
4546781.exe ,  0.24,  0.06,  0.06,  0.01,  0.00,   15591999,   12419000,    3104000,   32519224, c++, iotlab1, mult, 4
4546781.exe ,  0.24,  0.06,  0.06,  0.01,  0.00,   15703688,   12562000,    3140000,   33159823, c++, iotlab1, mult, 4
4546781.exe ,  0.24,  0.06,  0.06,  0.01,  0.00,   15709276,   11114000,    4630000,   32640664, c++, iotlab1, mult, 4
4546781.exe ,  0.24,  0.06,  0.06,  0.01,  0.00,   15445663,   13490000,    1927000,   31802981, c++, iotlab1, mult, 4
4546781.exe ,  0.23,  0.06,  0.06,  0.01,  0.00,   15692160,   15641000,          0,   33026626, c++, iotlab1, mult, 4
4546781.exe ,  0.24,  0.07,  0.06,  0.01,  0.00,   15735367,   11128000,    4636000,   33304177, c++, iotlab1, mult, 4
4546781.exe ,  0.24,  0.06,  0.06,  0.01,  0.00,   15435553,   12359000,    3089000,   32435717, c++, iotlab1, mult, 4
4624508.exe ,  0.52,  0.14,  0.13,  0.02,  0.00,   36062799,   35021000,     972000,   53044349, c++, iotlab1, mult, 4
4624508.exe ,  0.54,  0.15,  0.14,  0.02,  0.00,   36631753,   33647000,    2968000,   53820147, c++, iotlab1, mult, 4
4624508.exe ,  0.52,  0.14,  0.13,  0.02,  0.00,   36344549,   34386000,    1964000,   53845715, c++, iotlab1, mult, 4
4624508.exe ,  0.54,  0.15,  0.13,  0.02,  0.00,   36623915,   32675000,    3960000,   53781678, c++, iotlab1, mult, 4
4624508.exe ,  0.54,  0.15,  0.13,  0.02,  0.00,   36147220,   34134000,    2007000,   53338556, c++, iotlab1, mult, 4
4624508.exe ,  0.54,  0.15,  0.14,  0.02,  0.00,   36907871,   34918000,    1995000,   54267734, c++, iotlab1, mult, 4
4624508.exe ,  0.53,  0.14,  0.13,  0.02,  0.00,   36096765,   32223000,    3905000,   53679577, c++, iotlab1, mult, 4
4624508.exe ,  0.53,  0.15,  0.13,  0.02,  0.00,   36856247,   32847000,    3981000,   53812684, c++, iotlab1, mult, 4
4624508.exe ,  0.52,  0.15,  0.14,  0.02,  0.00,   36332046,   33311000,    3028000,   54107900, c++, iotlab1, mult, 4
4624508.exe ,  0.54,  0.15,  0.14,  0.02,  0.00,   37048209,   36039000,    1001000,   54358385, c++, iotlab1, mult, 4
4806011.exe ,  0.23,  0.06,  0.06,  0.01,  0.00,   15515198,   12423000,    3105000,   32753194, c++, iotlab1, mult, 4
4806011.exe ,  0.24,  0.06,  0.06,  0.01,  0.00,   15371222,   15382000,          0,   32544909, c++, iotlab1, mult, 4
4806011.exe ,  0.24,  0.06,  0.06,  0.01,  0.00,   15370540,   12490000,    2882000,   32558953, c++, iotlab1, mult, 4
4806011.exe ,  0.24,  0.06,  0.06,  0.01,  0.00,   15881881,   13753000,    2115000,   33262206, c++, iotlab1, mult, 4
4806011.exe ,  0.24,  0.07,  0.06,  0.01,  0.00,   15359845,   11230000,    4083000,   32516097, c++, iotlab1, mult, 4
4806011.exe ,  0.24,  0.06,  0.06,  0.01,  0.00,   15584468,   13522000,    2080000,   33056444, c++, iotlab1, mult, 4
4806011.exe ,  0.25,  0.06,  0.06,  0.01,  0.00,   15568755,   14565000,    1040000,   33656911, c++, iotlab1, mult, 4
4806011.exe ,  0.23,  0.06,  0.06,  0.01,  0.00,   15412766,   12529000,    2891000,   32810413, c++, iotlab1, mult, 4
4806011.exe ,  0.23,  0.06,  0.06,  0.01,  0.00,   15018740,   11280000,    3760000,   32017758, c++, iotlab1, mult, 4
4806011.exe ,  0.23,  0.06,  0.06,  0.01,  0.00,   15543717,   13506000,    1929000,   32776473, c++, iotlab1, mult, 4
4823473.exe ,  0.52,  0.14,  0.13,  0.02,  0.00,   35362536,   33350000,    2021000,   53144855, c++, iotlab1, mult, 4
4823473.exe ,  0.52,  0.14,  0.13,  0.02,  0.00,   36149001,   33182000,    2927000,   53930107, c++, iotlab1, mult, 4
4823473.exe ,  0.54,  0.15,  0.13,  0.02,  0.00,   36576996,   34551000,    2032000,   53864971, c++, iotlab1, mult, 4
4823473.exe ,  0.54,  0.15,  0.13,  0.02,  0.00,   36301522,   34290000,    2017000,   53761167, c++, iotlab1, mult, 4
4823473.exe ,  0.54,  0.15,  0.13,  0.02,  0.00,   36475289,   32444000,    3932000,   54029881, c++, iotlab1, mult, 4
4823473.exe ,  0.52,  0.14,  0.13,  0.02,  0.00,   35969771,   33922000,    1995000,   53332524, c++, iotlab1, mult, 4
4823473.exe ,  0.52,  0.14,  0.13,  0.02,  0.00,   36063951,   34087000,    2005000,   53477858, c++, iotlab1, mult, 4
4823473.exe ,  0.53,  0.14,  0.14,  0.02,  0.00,   36492948,   35442000,    1012000,   53834623, c++, iotlab1, mult, 4
4823473.exe ,  0.51,  0.14,  0.13,  0.02,  0.00,   35736926,   34686000,     991000,   53343422, c++, iotlab1, mult, 4
4823473.exe ,  0.53,  0.14,  0.13,  0.02,  0.00,   36006706,   34015000,    2000000,   53159337, c++, iotlab1, mult, 4
4823855.exe ,  0.25,  0.06,  0.06,  0.01,  0.00,   15636104,   12687000,    2927000,   32097962, c++, iotlab1, mult, 4
4823855.exe ,  0.23,  0.06,  0.06,  0.01,  0.00,   15274822,   14282000,    1020000,   32539639, c++, iotlab1, mult, 4
4823855.exe ,  0.23,  0.06,  0.06,  0.01,  0.00,   15600009,   13483000,    2074000,   32928312, c++, iotlab1, mult, 4
4823855.exe ,  0.22,  0.06,  0.06,  0.01,  0.00,   15587411,   14555000,    1039000,   32581575, c++, iotlab1, mult, 4
4823855.exe ,  0.23,  0.06,  0.06,  0.01,  0.00,   15243477,   13216000,    2033000,   32354532, c++, iotlab1, mult, 4
4823855.exe ,  0.24,  0.06,  0.05,  0.01,  0.00,   15545195,   13612000,    1944000,   32703179, c++, iotlab1, mult, 4
4823855.exe ,  0.22,  0.06,  0.06,  0.01,  0.00,   15563503,   13498000,    2076000,   33228517, c++, iotlab1, mult, 4
4823855.exe ,  0.24,  0.06,  0.06,  0.01,  0.00,   15382025,   11546000,    3848000,   32741472, c++, iotlab1, mult, 4
4823855.exe ,  0.24,  0.07,  0.06,  0.01,  0.00,   15739562,   14671000,     978000,   33042673, c++, iotlab1, mult, 4
4823855.exe ,  0.23,  0.06,  0.06,  0.01,  0.00,   15404709,   14327000,    1023000,   32599163, c++, iotlab1, mult, 4
5023680.exe ,  0.25,  0.07,  0.06,  0.01,  0.00,   17204551,   12349000,    4749000,   34708940, c++, iotlab1, mult, 4
5023680.exe ,  0.25,  0.07,  0.06,  0.01,  0.00,   17074542,   16074000,    1004000,   34306310, c++, iotlab1, mult, 4
5023680.exe ,  0.25,  0.07,  0.06,  0.01,  0.00,   17418976,   10661000,    6784000,   34612468, c++, iotlab1, mult, 4
5023680.exe ,  0.25,  0.07,  0.06,  0.01,  0.00,   17592447,   13690000,    3911000,   35212613, c++, iotlab1, mult, 4
5023680.exe ,  0.25,  0.07,  0.06,  0.01,  0.00,   17209736,   16203000,    1012000,   34713140, c++, iotlab1, mult, 4
5023680.exe ,  0.25,  0.07,  0.06,  0.01,  0.00,   17027292,   11025000,    6013000,   34758463, c++, iotlab1, mult, 4
5023680.exe ,  0.25,  0.07,  0.06,  0.01,  0.00,   17232041,   14195000,    3041000,   34475628, c++, iotlab1, mult, 4
5023680.exe ,  0.26,  0.07,  0.07,  0.01,  0.00,   17544042,   14446000,    3095000,   34706183, c++, iotlab1, mult, 4
5023680.exe ,  0.25,  0.07,  0.06,  0.01,  0.00,   17298917,   13227000,    4070000,   34659047, c++, iotlab1, mult, 4
5023680.exe ,  0.26,  0.07,  0.06,  0.01,  0.00,   17944751,   12931000,    4973000,   35700472, c++, iotlab1, mult, 4
5045851.exe ,  0.22,  0.06,  0.06,  0.01,  0.00,   15246627,   14178000,    1012000,   31679020, c++, iotlab1, mult, 4
5045851.exe ,  0.22,  0.06,  0.06,  0.01,  0.00,   14833797,   13856000,     989000,   32103817, c++, iotlab1, mult, 4
5045851.exe ,  0.22,  0.06,  0.05,  0.01,  0.00,   15049811,   13071000,    2011000,   33039921, c++, iotlab1, mult, 4
5045851.exe ,  0.21,  0.06,  0.05,  0.01,  0.00,   14603793,   13639000,     974000,   32089232, c++, iotlab1, mult, 4
5045851.exe ,  0.22,  0.06,  0.06,  0.01,  0.00,   15184420,   14244000,     949000,   32415906, c++, iotlab1, mult, 4
5045851.exe ,  0.22,  0.06,  0.05,  0.01,  0.00,   14697914,   13658000,    1050000,   32474178, c++, iotlab1, mult, 4
5045851.exe ,  0.22,  0.06,  0.05,  0.01,  0.00,   15352373,   15370000,          0,   33499718, c++, iotlab1, mult, 4
5045851.exe ,  0.22,  0.06,  0.06,  0.01,  0.00,   14970909,   13887000,     991000,   32279002, c++, iotlab1, mult, 4
5045851.exe ,  0.22,  0.06,  0.06,  0.01,  0.00,   14989436,   13920000,    1070000,   32192752, c++, iotlab1, mult, 4
5045851.exe ,  0.22,  0.06,  0.06,  0.01,  0.00,   15158851,   14160000,    1011000,   32934217, c++, iotlab1, mult, 4
5118662.exe ,  0.23,  0.06,  0.06,  0.01,  0.00,   15695574,   13613000,    2094000,   32938182, c++, iotlab1, mult, 4
5118662.exe ,  0.24,  0.06,  0.06,  0.01,  0.00,   15944775,   14951000,     996000,   33339111, c++, iotlab1, mult, 4
5118662.exe ,  0.22,  0.06,  0.06,  0.01,  0.00,   15776185,   13621000,    2095000,   33221284, c++, iotlab1, mult, 4
5118662.exe ,  0.23,  0.06,  0.06,  0.01,  0.00,   15631572,   12634000,    2915000,   33122537, c++, iotlab1, mult, 4
5118662.exe ,  0.24,  0.07,  0.06,  0.01,  0.00,   16125909,   14002000,    2000000,   33506079, c++, iotlab1, mult, 4
5118662.exe ,  0.24,  0.07,  0.06,  0.01,  0.00,   15691206,   13727000,    1961000,   33128239, c++, iotlab1, mult, 4
5118662.exe ,  0.24,  0.06,  0.06,  0.01,  0.00,   15920717,   12911000,    2979000,   33182280, c++, iotlab1, mult, 4
5118662.exe ,  0.22,  0.06,  0.06,  0.01,  0.00,   15439135,   14424000,    1030000,   32641953, c++, iotlab1, mult, 4
5118662.exe ,  0.24,  0.06,  0.06,  0.01,  0.00,   15711064,   14647000,     976000,   33114879, c++, iotlab1, mult, 4
5118662.exe ,  0.22,  0.06,  0.06,  0.01,  0.00,   15702331,   13620000,    2095000,   32517000, c++, iotlab1, mult, 4
5137967.exe ,  0.54,  0.15,  0.14,  0.02,  0.00,   36972067,   34052000,    2918000,   53471923, c++, iotlab1, mult, 4
5137967.exe ,  0.54,  0.15,  0.14,  0.02,  0.00,   36879383,   35875000,     996000,   54581365, c++, iotlab1, mult, 4
5137967.exe ,  0.54,  0.15,  0.14,  0.02,  0.00,   36417796,   33388000,    3035000,   53423476, c++, iotlab1, mult, 4
5137967.exe ,  0.53,  0.14,  0.14,  0.02,  0.00,   36644153,   33677000,    2971000,   53767070, c++, iotlab1, mult, 4
5137967.exe ,  0.52,  0.15,  0.14,  0.02,  0.00,   36730972,   32633000,    3955000,   54775400, c++, iotlab1, mult, 4
5137967.exe ,  0.56,  0.15,  0.14,  0.02,  0.00,   36842822,   34794000,    2046000,   54110148, c++, iotlab1, mult, 4
5137967.exe ,  0.55,  0.15,  0.14,  0.02,  0.00,   38168455,   35163000,    3014000,   55342545, c++, iotlab1, mult, 4
5137967.exe ,  0.55,  0.15,  0.13,  0.02,  0.00,   36397548,   36402000,          0,   53765953, c++, iotlab1, mult, 4
5137967.exe ,  0.55,  0.15,  0.14,  0.02,  0.00,   36568229,   35584000,     988000,   54328963, c++, iotlab1, mult, 4
5137967.exe ,  0.54,  0.15,  0.14,  0.02,  0.00,   36721394,   33672000,    3061000,   54206707, c++, iotlab1, mult, 4
540473.exe  ,  0.54,  0.15,  0.13,  0.02,  0.00,   35717136,   34691000,    1020000,   52810788, c++, iotlab1, mult, 4
540473.exe  ,  0.54,  0.15,  0.13,  0.02,  0.00,   36576172,   32525000,    4065000,   53773210, c++, iotlab1, mult, 4
540473.exe  ,  0.53,  0.14,  0.13,  0.02,  0.00,   36138973,   35147000,    1004000,   52838798, c++, iotlab1, mult, 4
540473.exe  ,  0.55,  0.14,  0.13,  0.02,  0.00,   35870838,   33809000,    2049000,   53202321, c++, iotlab1, mult, 4
540473.exe  ,  0.53,  0.14,  0.14,  0.02,  0.00,   36514787,   34444000,    1968000,   53267072, c++, iotlab1, mult, 4
540473.exe  ,  0.54,  0.15,  0.14,  0.02,  0.00,   36696427,   33692000,    2972000,   53976521, c++, iotlab1, mult, 4
540473.exe  ,  0.54,  0.15,  0.14,  0.02,  0.00,   36734312,   35715000,    1020000,   54174186, c++, iotlab1, mult, 4
540473.exe  ,  0.52,  0.14,  0.14,  0.02,  0.00,   36424624,   34460000,    1969000,   53620103, c++, iotlab1, mult, 4
540473.exe  ,  0.53,  0.15,  0.13,  0.02,  0.00,   36724796,   31911000,    4835000,   53922688, c++, iotlab1, mult, 4
540473.exe  ,  0.52,  0.14,  0.13,  0.02,  0.00,   36134332,   34110000,    2006000,   53243821, c++, iotlab1, mult, 4
5535842.exe ,  0.39,  0.10,  0.10,  0.02,  0.00,   27378335,   22314000,    5071000,   45037155, c++, iotlab1, mult, 4
5535842.exe ,  0.40,  0.11,  0.10,  0.02,  0.00,   27276387,   18421000,    8725000,   44674214, c++, iotlab1, mult, 4
5535842.exe ,  0.40,  0.11,  0.10,  0.02,  0.00,   26963421,   18975000,    7989000,   44376473, c++, iotlab1, mult, 4
5535842.exe ,  0.40,  0.10,  0.10,  0.02,  0.00,   27635630,   18409000,    9204000,   44922612, c++, iotlab1, mult, 4
5535842.exe ,  0.41,  0.11,  0.10,  0.02,  0.00,   27091089,   20023000,    7008000,   44693129, c++, iotlab1, mult, 4
5535842.exe ,  0.40,  0.11,  0.10,  0.02,  0.00,   26957325,   20958000,    5988000,   44035531, c++, iotlab1, mult, 4
5535842.exe ,  0.40,  0.10,  0.10,  0.02,  0.00,   27519114,   18349000,    9174000,   44526415, c++, iotlab1, mult, 4
5535842.exe ,  0.40,  0.11,  0.10,  0.02,  0.00,   26784512,   18840000,    7932000,   43077696, c++, iotlab1, mult, 4
5535842.exe ,  0.40,  0.11,  0.10,  0.02,  0.00,   27039865,   18004000,    9002000,   44459430, c++, iotlab1, mult, 4
5535842.exe ,  0.41,  0.11,  0.10,  0.02,  0.00,   27677568,   18744000,    8878000,   44961737, c++, iotlab1, mult, 4
5567076.exe ,  0.22,  0.06,  0.05,  0.01,  0.00,   14164389,   13174000,    1013000,   30937837, c++, iotlab1, mult, 4
5567076.exe ,  0.22,  0.06,  0.05,  0.01,  0.00,   14325642,   13306000,    1023000,   32019616, c++, iotlab1, mult, 4
5567076.exe ,  0.21,  0.06,  0.05,  0.01,  0.00,   14413606,   11471000,    2867000,   31580732, c++, iotlab1, mult, 4
5567076.exe ,  0.22,  0.06,  0.05,  0.01,  0.00,   14450238,   13427000,    1032000,   31687071, c++, iotlab1, mult, 4
5567076.exe ,  0.21,  0.05,  0.05,  0.01,  0.00,   14257471,   13252000,    1019000,   31713250, c++, iotlab1, mult, 4
5567076.exe ,  0.21,  0.06,  0.05,  0.01,  0.00,   14118162,   13071000,    1005000,   30157268, c++, iotlab1, mult, 4
5567076.exe ,  0.21,  0.06,  0.05,  0.01,  0.00,   14282220,   12355000,    1900000,   31154559, c++, iotlab1, mult, 4
5567076.exe ,  0.21,  0.06,  0.05,  0.01,  0.00,   14163060,   13074000,    1005000,   31646636, c++, iotlab1, mult, 4
5567076.exe ,  0.21,  0.06,  0.05,  0.01,  0.00,   14258736,   13250000,    1019000,   31059460, c++, iotlab1, mult, 4
5567076.exe ,  0.22,  0.06,  0.05,  0.01,  0.00,   14612549,   14610000,          0,   31927831, c++, iotlab1, mult, 4
5606913.exe ,  0.22,  0.06,  0.06,  0.01,  0.00,   15589660,   12674000,    2924000,   33136635, c++, iotlab1, mult, 4
5606913.exe ,  0.23,  0.06,  0.06,  0.01,  0.00,   15245851,   13214000,    2032000,   32543059, c++, iotlab1, mult, 4
5606913.exe ,  0.22,  0.06,  0.06,  0.01,  0.00,   15547281,   14455000,    1032000,   33434259, c++, iotlab1, mult, 4
5606913.exe ,  0.22,  0.06,  0.06,  0.01,  0.00,   15768472,   14785000,     985000,   32851024, c++, iotlab1, mult, 4
5606913.exe ,  0.22,  0.06,  0.06,  0.01,  0.00,   15602631,   13659000,    1951000,   32133847, c++, iotlab1, mult, 4
5606913.exe ,  0.24,  0.06,  0.06,  0.01,  0.00,   15420519,   13364000,    2056000,   32812192, c++, iotlab1, mult, 4
5606913.exe ,  0.24,  0.06,  0.06,  0.01,  0.00,   15697130,   13675000,    1953000,   33079072, c++, iotlab1, mult, 4
5606913.exe ,  0.23,  0.07,  0.06,  0.01,  0.00,   15838867,   13790000,    1970000,   33143579, c++, iotlab1, mult, 4
5606913.exe ,  0.24,  0.06,  0.06,  0.01,  0.00,   15751294,   12613000,    3153000,   32956316, c++, iotlab1, mult, 4
5606913.exe ,  0.24,  0.06,  0.06,  0.01,  0.00,   15771656,   15775000,          0,   32464208, c++, iotlab1, mult, 4
5643578.exe ,  0.28,  0.06,  0.06,  0.01,  0.00,   17911237,   12993000,    4997000,   42133160, c++, iotlab1, mult, 4
5643578.exe ,  0.23,  0.06,  0.06,  0.01,  0.00,   15857215,   15867000,          0,   33797910, c++, iotlab1, mult, 4
5643578.exe ,  0.22,  0.06,  0.06,  0.01,  0.00,   15669779,   14630000,    1045000,   33259157, c++, iotlab1, mult, 4
5643578.exe ,  0.25,  0.06,  0.06,  0.01,  0.00,   15839983,   13840000,    1977000,   33855095, c++, iotlab1, mult, 4
5643578.exe ,  0.26,  0.07,  0.06,  0.01,  0.00,   16339343,   14299000,    2042000,   33950120, c++, iotlab1, mult, 4
5643578.exe ,  0.24,  0.06,  0.06,  0.01,  0.00,   16325403,   14247000,    2035000,   34631103, c++, iotlab1, mult, 4
5643578.exe ,  0.24,  0.06,  0.06,  0.01,  0.00,   16165037,   14147000,    2021000,   33933485, c++, iotlab1, mult, 4
5643578.exe ,  0.24,  0.07,  0.06,  0.01,  0.00,   16298156,   13140000,    3032000,   34291181, c++, iotlab1, mult, 4
5643578.exe ,  0.24,  0.06,  0.06,  0.01,  0.00,   15802916,   14770000,     984000,   33713642, c++, iotlab1, mult, 4
5643578.exe ,  0.24,  0.07,  0.06,  0.01,  0.00,   15684490,   13729000,    1961000,   33586899, c++, iotlab1, mult, 4
5667290.exe ,  0.23,  0.06,  0.06,  0.01,  0.00,   15736599,   12025000,    3700000,   32590593, c++, iotlab1, mult, 4
5667290.exe ,  0.24,  0.06,  0.06,  0.01,  0.00,   15794395,   11819000,    3939000,   32704336, c++, iotlab1, mult, 4
5667290.exe ,  0.24,  0.06,  0.06,  0.01,  0.00,   15789332,   11169000,    4653000,   33096412, c++, iotlab1, mult, 4
5667290.exe ,  0.24,  0.06,  0.06,  0.01,  0.00,   15928782,   12751000,    3187000,   32073898, c++, iotlab1, mult, 4
5667290.exe ,  0.22,  0.06,  0.06,  0.01,  0.00,   15789842,   12809000,    2956000,   33158688, c++, iotlab1, mult, 4
5667290.exe ,  0.25,  0.06,  0.06,  0.01,  0.00,   16330534,   14320000,    2045000,   34089257, c++, iotlab1, mult, 4
5667290.exe ,  0.24,  0.07,  0.06,  0.01,  0.00,   15741953,   13657000,    2101000,   33625753, c++, iotlab1, mult, 4
5667290.exe ,  0.24,  0.06,  0.06,  0.01,  0.00,   15972216,   13169000,    2821000,   33585032, c++, iotlab1, mult, 4
5667290.exe ,  0.24,  0.06,  0.06,  0.01,  0.00,   15676825,   13606000,    2093000,   32804545, c++, iotlab1, mult, 4
5667290.exe ,  0.24,  0.06,  0.06,  0.01,  0.00,   15830179,   13877000,    1982000,   33268854, c++, iotlab1, mult, 4
5784842.exe ,  0.27,  0.07,  0.07,  0.01,  0.00,   18497033,   14609000,    3895000,   34994693, c++, iotlab1, mult, 4
5784842.exe ,  0.27,  0.07,  0.07,  0.01,  0.00,   18500080,   15587000,    2922000,   35748180, c++, iotlab1, mult, 4
5784842.exe ,  0.27,  0.07,  0.07,  0.01,  0.00,   18416272,   15354000,    3070000,   35992196, c++, iotlab1, mult, 4
5784842.exe ,  0.27,  0.07,  0.07,  0.01,  0.00,   18406882,   15506000,    2907000,   35834685, c++, iotlab1, mult, 4
5784842.exe ,  0.28,  0.08,  0.07,  0.01,  0.00,   18708647,   14745000,    3932000,   36242848, c++, iotlab1, mult, 4
5784842.exe ,  0.28,  0.08,  0.07,  0.01,  0.00,   18413565,   14330000,    4094000,   35555451, c++, iotlab1, mult, 4
5784842.exe ,  0.27,  0.07,  0.07,  0.01,  0.00,   18222906,   16144000,    2018000,   35441808, c++, iotlab1, mult, 4
5784842.exe ,  0.28,  0.07,  0.07,  0.01,  0.00,   18550763,   15624000,    2929000,   35888312, c++, iotlab1, mult, 4
5784842.exe ,  0.28,  0.08,  0.07,  0.01,  0.00,   18312671,   15271000,    3054000,   35872252, c++, iotlab1, mult, 4
5784842.exe ,  0.26,  0.07,  0.07,  0.01,  0.00,   18545907,   16599000,    1952000,   35879516, c++, iotlab1, mult, 4
5981411.exe ,  0.24,  0.07,  0.06,  0.01,  0.00,   15375719,   13322000,    2049000,   32642159, c++, iotlab1, mult, 4
5981411.exe ,  0.23,  0.06,  0.06,  0.01,  0.00,   15835603,   10261000,    5596000,   33465272, c++, iotlab1, mult, 4
5981411.exe ,  0.23,  0.06,  0.06,  0.01,  0.00,   15803084,   12093000,    3720000,   33227685, c++, iotlab1, mult, 4
5981411.exe ,  0.22,  0.06,  0.06,  0.01,  0.00,   15537919,   14522000,    1037000,   33170678, c++, iotlab1, mult, 4
5981411.exe ,  0.25,  0.07,  0.06,  0.01,  0.00,   15703497,   13684000,    1954000,   32653705, c++, iotlab1, mult, 4
5981411.exe ,  0.22,  0.06,  0.06,  0.01,  0.00,   15632809,   13558000,    2085000,   33295905, c++, iotlab1, mult, 4
5981411.exe ,  0.25,  0.06,  0.06,  0.01,  0.00,   15559766,   12449000,    3112000,   33126990, c++, iotlab1, mult, 4
5981411.exe ,  0.22,  0.06,  0.06,  0.01,  0.00,   15591746,   14561000,    1040000,   33414188, c++, iotlab1, mult, 4
5981411.exe ,  0.23,  0.06,  0.06,  0.01,  0.00,   16051649,   13999000,    1999000,   33639975, c++, iotlab1, mult, 4
5981411.exe ,  0.22,  0.06,  0.06,  0.01,  0.00,   15466243,   12581000,    2903000,   32751523, c++, iotlab1, mult, 4
6093834.exe ,  0.53,  0.14,  0.13,  0.02,  0.00,   36159087,   34154000,    2009000,   52896868, c++, iotlab1, mult, 4
6093834.exe ,  0.54,  0.15,  0.14,  0.02,  0.00,   37313704,   35297000,    2017000,   54809070, c++, iotlab1, mult, 4
6093834.exe ,  0.54,  0.15,  0.14,  0.02,  0.00,   36408300,   34380000,    2022000,   54234954, c++, iotlab1, mult, 4
6093834.exe ,  0.52,  0.14,  0.13,  0.02,  0.00,   36169962,   31263000,    4884000,   53665988, c++, iotlab1, mult, 4
6093834.exe ,  0.54,  0.15,  0.14,  0.02,  0.00,   37089672,   34084000,    3007000,   54660800, c++, iotlab1, mult, 4
6093834.exe ,  0.52,  0.14,  0.14,  0.02,  0.00,   36619463,   35645000,     990000,   54165973, c++, iotlab1, mult, 4
6093834.exe ,  0.53,  0.15,  0.14,  0.02,  0.00,   36738617,   36739000,          0,   54447074, c++, iotlab1, mult, 4
6093834.exe ,  0.54,  0.15,  0.14,  0.02,  0.00,   36693923,   33707000,    2974000,   54333622, c++, iotlab1, mult, 4
6093834.exe ,  0.54,  0.15,  0.14,  0.02,  0.00,   36715724,   34735000,    1984000,   54242705, c++, iotlab1, mult, 4
6093834.exe ,  0.53,  0.15,  0.14,  0.02,  0.00,   36327456,   33307000,    3027000,   53693922, c++, iotlab1, mult, 4
610334.exe  ,  0.52,  0.14,  0.13,  0.02,  0.00,   36046548,   35037000,    1001000,   53258934, c++, iotlab1, mult, 4
610334.exe  ,  0.52,  0.14,  0.13,  0.02,  0.00,   35593100,   34578000,    1017000,   52990035, c++, iotlab1, mult, 4
610334.exe  ,  0.51,  0.14,  0.13,  0.02,  0.00,   35367936,   34375000,     982000,   52902410, c++, iotlab1, mult, 4
610334.exe  ,  0.52,  0.14,  0.13,  0.02,  0.00,   35152188,   35099000,          0,   52738026, c++, iotlab1, mult, 4
610334.exe  ,  0.53,  0.14,  0.13,  0.02,  0.00,   35576238,   34533000,    1015000,   52249347, c++, iotlab1, mult, 4
610334.exe  ,  0.52,  0.14,  0.13,  0.02,  0.00,   35579299,   34486000,    1014000,   53142877, c++, iotlab1, mult, 4
610334.exe  ,  0.51,  0.14,  0.13,  0.02,  0.00,   35080900,   34057000,    1001000,   52037258, c++, iotlab1, mult, 4
610334.exe  ,  0.51,  0.14,  0.13,  0.02,  0.00,   35294090,   33343000,    1961000,   51735166, c++, iotlab1, mult, 4
610334.exe  ,  0.51,  0.14,  0.13,  0.02,  0.00,   35021943,   33928000,    1028000,   51985826, c++, iotlab1, mult, 4
610334.exe  ,  0.51,  0.14,  0.13,  0.02,  0.00,   35339802,   34305000,    1008000,   52524601, c++, iotlab1, mult, 4
6275088.exe ,  0.55,  0.15,  0.14,  0.02,  0.00,   38244653,   32314000,    5875000,   55732579, c++, iotlab1, mult, 4
6275088.exe ,  0.55,  0.15,  0.14,  0.02,  0.00,   38410026,   35319000,    3027000,   55710225, c++, iotlab1, mult, 4
6275088.exe ,  0.55,  0.15,  0.14,  0.02,  0.00,   37972998,   34964000,    2996000,   55315581, c++, iotlab1, mult, 4
6275088.exe ,  0.55,  0.15,  0.14,  0.02,  0.00,   38442976,   34307000,    4036000,   55735356, c++, iotlab1, mult, 4
6275088.exe ,  0.55,  0.15,  0.14,  0.02,  0.00,   38384900,   36324000,    2018000,   55449049, c++, iotlab1, mult, 4
6275088.exe ,  0.62,  0.16,  0.15,  0.02,  0.00,   39692102,   36529000,    2961000,   57397012, c++, iotlab1, mult, 4
6275088.exe ,  0.59,  0.15,  0.14,  0.02,  0.00,   39549332,   35489000,    4055000,   55056708, c++, iotlab1, mult, 4
6275088.exe ,  0.60,  0.16,  0.14,  0.02,  0.00,   38101036,   35075000,    3006000,   55912374, c++, iotlab1, mult, 4
6275088.exe ,  0.56,  0.15,  0.14,  0.02,  0.00,   37904451,   36905000,     997000,   55520338, c++, iotlab1, mult, 4
6275088.exe ,  0.55,  0.15,  0.14,  0.02,  0.00,   38455957,   34409000,    4048000,   56059061, c++, iotlab1, mult, 4
663149.exe  ,  0.23,  0.06,  0.06,  0.01,  0.00,   16291791,   14260000,    2037000,   34069632, c++, iotlab1, mult, 4
663149.exe  ,  0.23,  0.06,  0.06,  0.01,  0.00,   15797815,   13957000,    1860000,   33129643, c++, iotlab1, mult, 4
663149.exe  ,  0.24,  0.06,  0.06,  0.01,  0.00,   16019507,   14835000,    1059000,   33575250, c++, iotlab1, mult, 4
663149.exe  ,  0.24,  0.06,  0.06,  0.01,  0.00,   15787683,   13746000,    1963000,   32833240, c++, iotlab1, mult, 4
663149.exe  ,  0.24,  0.06,  0.06,  0.01,  0.00,   15694079,   13529000,    2081000,   33017244, c++, iotlab1, mult, 4
663149.exe  ,  0.24,  0.06,  0.06,  0.01,  0.00,   15699672,   13621000,    2095000,   32919078, c++, iotlab1, mult, 4
663149.exe  ,  0.24,  0.07,  0.06,  0.01,  0.00,   15556345,   14523000,    1037000,   32717132, c++, iotlab1, mult, 4
663149.exe  ,  0.24,  0.06,  0.06,  0.01,  0.00,   15596811,   13658000,    1951000,   32768104, c++, iotlab1, mult, 4
663149.exe  ,  0.24,  0.06,  0.06,  0.01,  0.00,   15926371,   12879000,    2972000,   33295176, c++, iotlab1, mult, 4
663149.exe  ,  0.22,  0.06,  0.06,  0.01,  0.00,   15538659,   13470000,    2072000,   32969665, c++, iotlab1, mult, 4
6691947.exe ,  0.58,  0.16,  0.14,  0.02,  0.00,   39137876,   35116000,    4013000,   56159077, c++, iotlab1, mult, 4
6691947.exe ,  0.61,  0.16,  0.14,  0.02,  0.00,   39246849,   34206000,    5030000,   56314610, c++, iotlab1, mult, 4
6691947.exe ,  0.57,  0.16,  0.14,  0.02,  0.00,   39020003,   34888000,    3987000,   56027647, c++, iotlab1, mult, 4
6691947.exe ,  0.58,  0.16,  0.15,  0.02,  0.00,   40100942,   36091000,    4010000,   57165500, c++, iotlab1, mult, 4
6691947.exe ,  0.58,  0.16,  0.15,  0.02,  0.00,   39810844,   36822000,    2985000,   57162434, c++, iotlab1, mult, 4
6691947.exe ,  0.57,  0.16,  0.15,  0.02,  0.00,   39262011,   34232000,    5034000,   56742867, c++, iotlab1, mult, 4
6691947.exe ,  0.58,  0.16,  0.15,  0.02,  0.00,   39697095,   36639000,    3053000,   56943251, c++, iotlab1, mult, 4
6691947.exe ,  0.59,  0.16,  0.15,  0.02,  0.00,   39863207,   36800000,    3066000,   56942945, c++, iotlab1, mult, 4
6691947.exe ,  0.60,  0.17,  0.15,  0.02,  0.00,   40885872,   36794000,    4088000,   57943322, c++, iotlab1, mult, 4
6691947.exe ,  0.57,  0.16,  0.15,  0.02,  0.00,   39350331,   32465000,    6886000,   56789614, c++, iotlab1, mult, 4
7148062.exe ,  0.25,  0.07,  0.06,  0.01,  0.00,   16839420,   14873000,    1983000,   34178243, c++, iotlab1, mult, 4
7148062.exe ,  0.24,  0.07,  0.06,  0.01,  0.00,   16218357,   16236000,          0,   32860229, c++, iotlab1, mult, 4
7148062.exe ,  0.25,  0.07,  0.06,  0.01,  0.00,   16574174,   13578000,    2909000,   34242412, c++, iotlab1, mult, 4
7148062.exe ,  0.25,  0.07,  0.06,  0.01,  0.00,   17160881,   14316000,    2863000,   34369756, c++, iotlab1, mult, 4
7148062.exe ,  0.24,  0.06,  0.06,  0.01,  0.00,   16398900,   13334000,    3077000,   32870235, c++, iotlab1, mult, 4
7148062.exe ,  0.24,  0.07,  0.06,  0.01,  0.00,   16510234,   13616000,    2917000,   34160047, c++, iotlab1, mult, 4
7148062.exe ,  0.25,  0.07,  0.06,  0.01,  0.00,   16980444,   14999000,    1999000,   34353547, c++, iotlab1, mult, 4
7148062.exe ,  0.23,  0.06,  0.06,  0.01,  0.00,   16596975,   15515000,    1034000,   33727863, c++, iotlab1, mult, 4
7148062.exe ,  0.23,  0.06,  0.06,  0.01,  0.00,   16460589,   15404000,    1026000,   34260630, c++, iotlab1, mult, 4
7148062.exe ,  0.25,  0.07,  0.06,  0.01,  0.00,   16367393,   16308000,          0,   33681468, c++, iotlab1, mult, 4
7274517.exe ,  0.53,  0.13,  0.12,  0.02,  0.00,   37027508,   35037000,    2002000,   53808352, c++, iotlab1, mult, 4
7274517.exe ,  0.50,  0.14,  0.13,  0.02,  0.00,   34267067,   33235000,    1007000,   50247537, c++, iotlab1, mult, 4
7274517.exe ,  0.51,  0.14,  0.13,  0.02,  0.00,   34746822,   33732000,    1022000,   51856460, c++, iotlab1, mult, 4
7274517.exe ,  0.51,  0.14,  0.13,  0.02,  0.00,   34578840,   32597000,    1975000,   51888343, c++, iotlab1, mult, 4
7274517.exe ,  0.51,  0.14,  0.13,  0.02,  0.00,   35297443,   34286000,    1008000,   52422937, c++, iotlab1, mult, 4
7274517.exe ,  0.51,  0.14,  0.13,  0.02,  0.00,   34798039,   33759000,     992000,   51565522, c++, iotlab1, mult, 4
7274517.exe ,  0.51,  0.14,  0.13,  0.02,  0.00,   34966087,   33855000,     995000,   52184474, c++, iotlab1, mult, 4
7274517.exe ,  0.51,  0.14,  0.13,  0.02,  0.00,   34696402,   34717000,          0,   51894084, c++, iotlab1, mult, 4
7274517.exe ,  0.50,  0.14,  0.13,  0.02,  0.00,   34335716,   31410000,    2944000,   51891086, c++, iotlab1, mult, 4
7274517.exe ,  0.51,  0.14,  0.13,  0.02,  0.00,   34842024,   34846000,          0,   51731876, c++, iotlab1, mult, 4
7332878.exe ,  0.24,  0.07,  0.06,  0.01,  0.00,   15377997,   14358000,    1025000,   32535394, c++, iotlab1, mult, 4
7332878.exe ,  0.23,  0.06,  0.06,  0.01,  0.00,   15421406,   11570000,    3856000,   32658106, c++, iotlab1, mult, 4
7332878.exe ,  0.25,  0.07,  0.06,  0.01,  0.00,   15434948,   14397000,    1028000,   32472254, c++, iotlab1, mult, 4
7332878.exe ,  0.22,  0.06,  0.06,  0.01,  0.00,   15488054,   12592000,    2905000,   32943232, c++, iotlab1, mult, 4
7332878.exe ,  0.22,  0.06,  0.06,  0.01,  0.00,   15606816,   13656000,    1950000,   32746323, c++, iotlab1, mult, 4
7332878.exe ,  0.24,  0.06,  0.06,  0.01,  0.00,   15374173,   13416000,    1916000,   32574000, c++, iotlab1, mult, 4
7332878.exe ,  0.23,  0.06,  0.06,  0.01,  0.00,   15639991,   13558000,    2085000,   32472288, c++, iotlab1, mult, 4
7332878.exe ,  0.24,  0.06,  0.06,  0.01,  0.00,   15919314,   12946000,    2987000,   33295974, c++, iotlab1, mult, 4
7332878.exe ,  0.22,  0.06,  0.06,  0.01,  0.00,   15667972,   14628000,     975000,   31753986, c++, iotlab1, mult, 4
7332878.exe ,  0.23,  0.06,  0.06,  0.01,  0.00,   15960751,   14979000,     998000,   33030411, c++, iotlab1, mult, 4
7375390.exe ,  0.33,  0.09,  0.08,  0.01,  0.00,   22158260,   18102000,    4022000,   38888017, c++, iotlab1, mult, 4
7375390.exe ,  0.33,  0.09,  0.08,  0.01,  0.00,   22369207,   18483000,    3891000,   39745407, c++, iotlab1, mult, 4
7375390.exe ,  0.33,  0.09,  0.08,  0.01,  0.00,   21555132,   17647000,    3921000,   38594139, c++, iotlab1, mult, 4
7375390.exe ,  0.33,  0.09,  0.08,  0.01,  0.00,   21865657,   17803000,    3956000,   39037692, c++, iotlab1, mult, 4
7375390.exe ,  0.32,  0.09,  0.08,  0.01,  0.00,   22072752,   18053000,    4011000,   38866402, c++, iotlab1, mult, 4
7375390.exe ,  0.32,  0.09,  0.08,  0.01,  0.00,   22140285,   19122000,    3019000,   38878387, c++, iotlab1, mult, 4
7375390.exe ,  0.32,  0.09,  0.08,  0.01,  0.00,   22159463,   19158000,    3025000,   39687971, c++, iotlab1, mult, 4
7375390.exe ,  0.32,  0.09,  0.08,  0.01,  0.00,   22271972,   18219000,    4048000,   39746751, c++, iotlab1, mult, 4
7375390.exe ,  0.34,  0.09,  0.08,  0.01,  0.00,   22485876,   17596000,    4888000,   39811721, c++, iotlab1, mult, 4
7375390.exe ,  0.34,  0.09,  0.08,  0.01,  0.00,   22622961,   16417000,    6156000,   39609123, c++, iotlab1, mult, 4
7507851.exe ,  0.23,  0.06,  0.06,  0.01,  0.00,   15316760,   14297000,    1021000,   32386750, c++, iotlab1, mult, 4
7507851.exe ,  0.24,  0.06,  0.06,  0.01,  0.00,   15255348,   12210000,    3052000,   32381958, c++, iotlab1, mult, 4
7507851.exe ,  0.24,  0.07,  0.06,  0.01,  0.00,   15348095,   13436000,    1919000,   32907866, c++, iotlab1, mult, 4
7507851.exe ,  0.25,  0.07,  0.06,  0.01,  0.00,   15493473,   13436000,    2067000,   32482326, c++, iotlab1, mult, 4
7507851.exe ,  0.24,  0.06,  0.06,  0.01,  0.00,   15402971,   14325000,    1023000,   33004205, c++, iotlab1, mult, 4
7507851.exe ,  0.23,  0.06,  0.06,  0.01,  0.00,   15365257,   14259000,    1018000,   32421689, c++, iotlab1, mult, 4
7507851.exe ,  0.24,  0.07,  0.06,  0.01,  0.00,   15319270,   12457000,    2874000,   32562753, c++, iotlab1, mult, 4
7507851.exe ,  0.22,  0.06,  0.06,  0.01,  0.00,   15446431,   12573000,    2901000,   32662444, c++, iotlab1, mult, 4
7507851.exe ,  0.22,  0.06,  0.06,  0.01,  0.00,   15569853,   12670000,    2923000,   32723033, c++, iotlab1, mult, 4
7507851.exe ,  0.23,  0.06,  0.06,  0.01,  0.00,   15433816,   12537000,    2893000,   32857530, c++, iotlab1, mult, 4
7611471.exe ,  0.53,  0.15,  0.13,  0.02,  0.00,   36026724,   33021000,    3001000,   53821366, c++, iotlab1, mult, 4
7611471.exe ,  0.53,  0.14,  0.14,  0.02,  0.00,   36368937,   34330000,    2019000,   53697609, c++, iotlab1, mult, 4
7611471.exe ,  0.54,  0.15,  0.13,  0.02,  0.00,   36851411,   35861000,     996000,   54277914, c++, iotlab1, mult, 4
7611471.exe ,  0.53,  0.14,  0.13,  0.02,  0.00,   36225898,   33215000,    2930000,   53104004, c++, iotlab1, mult, 4
7611471.exe ,  0.53,  0.14,  0.14,  0.02,  0.00,   36545551,   33581000,    2963000,   53384925, c++, iotlab1, mult, 4
7611471.exe ,  0.55,  0.15,  0.13,  0.02,  0.00,   36316244,   33267000,    3024000,   53286262, c++, iotlab1, mult, 4
7611471.exe ,  0.54,  0.15,  0.14,  0.02,  0.00,   36330395,   34368000,    1963000,   53656314, c++, iotlab1, mult, 4
7611471.exe ,  0.54,  0.14,  0.13,  0.02,  0.00,   36235295,   35217000,    1006000,   53691297, c++, iotlab1, mult, 4
7611471.exe ,  0.56,  0.15,  0.14,  0.02,  0.00,   36467939,   35425000,    1012000,   52897859, c++, iotlab1, mult, 4
7611471.exe ,  0.53,  0.14,  0.13,  0.02,  0.00,   35972939,   35962000,          0,   53237216, c++, iotlab1, mult, 4
788876.exe  ,  0.52,  0.14,  0.13,  0.02,  0.00,   35643088,   32680000,    2970000,   51667317, c++, iotlab1, mult, 4
788876.exe  ,  0.53,  0.14,  0.13,  0.02,  0.00,   35870496,   33881000,    1993000,   52938836, c++, iotlab1, mult, 4
788876.exe  ,  0.53,  0.15,  0.14,  0.02,  0.00,   35825508,   33844000,    1990000,   53056359, c++, iotlab1, mult, 4
788876.exe  ,  0.53,  0.15,  0.13,  0.02,  0.00,   35611311,   31607000,    3950000,   52370673, c++, iotlab1, mult, 4
788876.exe  ,  0.53,  0.15,  0.13,  0.02,  0.00,   36193388,   34194000,    2011000,   53006694, c++, iotlab1, mult, 4
788876.exe  ,  0.54,  0.15,  0.13,  0.02,  0.00,   36355444,   32389000,    3926000,   53807015, c++, iotlab1, mult, 4
788876.exe  ,  0.53,  0.15,  0.13,  0.02,  0.00,   36245629,   34231000,    2013000,   53022754, c++, iotlab1, mult, 4
788876.exe  ,  0.53,  0.14,  0.13,  0.02,  0.00,   36129645,   34126000,    2007000,   53625117, c++, iotlab1, mult, 4
788876.exe  ,  0.54,  0.15,  0.14,  0.02,  0.00,   36684161,   33705000,    2973000,   53947218, c++, iotlab1, mult, 4
788876.exe  ,  0.53,  0.14,  0.13,  0.02,  0.00,   36412760,   33367000,    3033000,   53590133, c++, iotlab1, mult, 4
8059454.exe ,  0.25,  0.07,  0.07,  0.01,  0.00,   17203409,   11132000,    6072000,   34054743, c++, iotlab1, mult, 4
8059454.exe ,  0.25,  0.07,  0.07,  0.01,  0.00,   17373213,   13286000,    4088000,   34522602, c++, iotlab1, mult, 4
8059454.exe ,  0.25,  0.07,  0.06,  0.01,  0.00,   17286290,   12158000,    5065000,   34507554, c++, iotlab1, mult, 4
8059454.exe ,  0.25,  0.07,  0.06,  0.01,  0.00,   17111059,   12088000,    5036000,   34529203, c++, iotlab1, mult, 4
8059454.exe ,  0.27,  0.07,  0.06,  0.01,  0.00,   17279661,   14398000,    2879000,   33806384, c++, iotlab1, mult, 4
8059454.exe ,  0.25,  0.07,  0.06,  0.01,  0.00,   17540437,   11323000,    6176000,   35248652, c++, iotlab1, mult, 4
8059454.exe ,  0.27,  0.07,  0.06,  0.01,  0.00,   17444396,   14339000,    3072000,   33804240, c++, iotlab1, mult, 4
8059454.exe ,  0.27,  0.07,  0.06,  0.01,  0.00,   17218749,   13173000,    4053000,   34767967, c++, iotlab1, mult, 4
8059454.exe ,  0.25,  0.07,  0.06,  0.01,  0.00,   17022816,   13021000,    4006000,   34317375, c++, iotlab1, mult, 4
8059454.exe ,  0.27,  0.07,  0.06,  0.01,  0.00,   17423156,   14305000,    3065000,   34806716, c++, iotlab1, mult, 4
811745.exe  ,  0.54,  0.15,  0.13,  0.02,  0.00,   36378556,   33433000,    2950000,   53103403, c++, iotlab1, mult, 4
811745.exe  ,  0.53,  0.14,  0.13,  0.02,  0.00,   36157226,   33153000,    3013000,   53521468, c++, iotlab1, mult, 4
811745.exe  ,  0.51,  0.14,  0.13,  0.02,  0.00,   35718396,   32747000,    2977000,   53003120, c++, iotlab1, mult, 4
811745.exe  ,  0.52,  0.14,  0.13,  0.02,  0.00,   36288875,   34275000,    2016000,   53716399, c++, iotlab1, mult, 4
811745.exe  ,  0.53,  0.14,  0.13,  0.02,  0.00,   36387495,   33349000,    3031000,   53571236, c++, iotlab1, mult, 4
811745.exe  ,  0.51,  0.14,  0.13,  0.02,  0.00,   35555814,   32600000,    2963000,   51937355, c++, iotlab1, mult, 4
811745.exe  ,  0.52,  0.14,  0.13,  0.02,  0.00,   35802067,   32749000,    2977000,   53111938, c++, iotlab1, mult, 4
811745.exe  ,  0.54,  0.15,  0.13,  0.02,  0.00,   36025460,   34058000,    1946000,   53250327, c++, iotlab1, mult, 4
811745.exe  ,  0.53,  0.14,  0.13,  0.02,  0.00,   37056320,   35056000,    2003000,   53977986, c++, iotlab1, mult, 4
811745.exe  ,  0.52,  0.14,  0.13,  0.02,  0.00,   36093922,   34990000,     999000,   53374113, c++, iotlab1, mult, 4
8124566.exe ,  0.24,  0.06,  0.06,  0.01,  0.00,   16098181,   14093000,    2013000,   33302506, c++, iotlab1, mult, 4
8124566.exe ,  0.24,  0.07,  0.06,  0.01,  0.00,   16127452,   13295000,    2848000,   33518454, c++, iotlab1, mult, 4
8124566.exe ,  0.24,  0.07,  0.06,  0.01,  0.00,   15790637,   13794000,    1970000,   32093959, c++, iotlab1, mult, 4
8124566.exe ,  0.23,  0.06,  0.06,  0.01,  0.00,   15532942,   12622000,    2912000,   32715450, c++, iotlab1, mult, 4
8124566.exe ,  0.24,  0.07,  0.06,  0.01,  0.00,   15909868,   13903000,    1986000,   33163510, c++, iotlab1, mult, 4
8124566.exe ,  0.24,  0.06,  0.06,  0.01,  0.00,   15848195,   14777000,    1055000,   33087040, c++, iotlab1, mult, 4
8124566.exe ,  0.22,  0.06,  0.06,  0.01,  0.00,   15324958,   13286000,    2044000,   32310912, c++, iotlab1, mult, 4
8124566.exe ,  0.24,  0.06,  0.06,  0.01,  0.00,   15562020,   14495000,    1035000,   32544236, c++, iotlab1, mult, 4
8124566.exe ,  0.23,  0.06,  0.06,  0.01,  0.00,   15447796,   12364000,    3091000,   32865779, c++, iotlab1, mult, 4
8124566.exe ,  0.24,  0.06,  0.06,  0.01,  0.00,   15868833,   12872000,    2970000,   33033357, c++, iotlab1, mult, 4
8201251.exe ,  0.22,  0.06,  0.06,  0.01,  0.00,   15168253,   13151000,    2023000,   32050802, c++, iotlab1, mult, 4
8201251.exe ,  0.24,  0.06,  0.06,  0.01,  0.00,   15382929,   12499000,    2884000,   32318800, c++, iotlab1, mult, 4
8201251.exe ,  0.25,  0.06,  0.06,  0.01,  0.00,   16144287,   13131000,    3030000,   34236526, c++, iotlab1, mult, 4
8201251.exe ,  0.25,  0.06,  0.06,  0.01,  0.00,   15248194,   13117000,    2018000,   31343255, c++, iotlab1, mult, 4
8201251.exe ,  0.23,  0.06,  0.06,  0.01,  0.00,   15232190,   12184000,    3046000,   32094982, c++, iotlab1, mult, 4
8201251.exe ,  0.25,  0.06,  0.06,  0.01,  0.00,   15594964,   12673000,    2924000,   32903953, c++, iotlab1, mult, 4
8201251.exe ,  0.23,  0.06,  0.06,  0.01,  0.00,   15228126,   13207000,    2031000,   31110832, c++, iotlab1, mult, 4
8201251.exe ,  0.22,  0.06,  0.06,  0.01,  0.00,   15133365,   14115000,    1008000,   32039302, c++, iotlab1, mult, 4
8201251.exe ,  0.24,  0.06,  0.06,  0.01,  0.00,   15191950,   13098000,    2015000,   32495276, c++, iotlab1, mult, 4
8201251.exe ,  0.24,  0.06,  0.06,  0.01,  0.00,   15733634,   14752000,     983000,   33093791, c++, iotlab1, mult, 4
8340073.exe ,  0.52,  0.14,  0.14,  0.02,  0.00,   36381566,   34367000,    2021000,   53222725, c++, iotlab1, mult, 4
8340073.exe ,  0.55,  0.15,  0.13,  0.02,  0.00,   36415706,   34401000,    2023000,   54001375, c++, iotlab1, mult, 4
8340073.exe ,  0.52,  0.14,  0.13,  0.02,  0.00,   35561142,   32600000,    2963000,   52887061, c++, iotlab1, mult, 4
8340073.exe ,  0.53,  0.14,  0.13,  0.02,  0.00,   35443201,   33386000,    2023000,   52573075, c++, iotlab1, mult, 4
8340073.exe ,  0.51,  0.14,  0.13,  0.02,  0.00,   35710592,   31741000,    3967000,   52704151, c++, iotlab1, mult, 4
8340073.exe ,  0.51,  0.14,  0.13,  0.02,  0.00,   35609403,   35577000,          0,   51775329, c++, iotlab1, mult, 4
8340073.exe ,  0.53,  0.14,  0.13,  0.02,  0.00,   35293840,   33289000,    2017000,   52231973, c++, iotlab1, mult, 4
8340073.exe ,  0.52,  0.14,  0.13,  0.02,  0.00,   36213420,   32310000,    3916000,   53106019, c++, iotlab1, mult, 4
8340073.exe ,  0.52,  0.14,  0.13,  0.02,  0.00,   36212785,   35104000,    1002000,   53647568, c++, iotlab1, mult, 4
8340073.exe ,  0.51,  0.14,  0.13,  0.02,  0.00,   35660314,   32696000,    2972000,   52730232, c++, iotlab1, mult, 4
848361.exe  ,  0.52,  0.14,  0.13,  0.02,  0.00,   34748156,   33738000,    1022000,   51583385, c++, iotlab1, mult, 4
848361.exe  ,  0.51,  0.14,  0.13,  0.02,  0.00,   35142823,   34152000,    1004000,   52506545, c++, iotlab1, mult, 4
848361.exe  ,  0.51,  0.14,  0.13,  0.02,  0.00,   34846055,   32865000,    1991000,   52102504, c++, iotlab1, mult, 4
848361.exe  ,  0.51,  0.14,  0.13,  0.02,  0.00,   35348060,   34288000,    1008000,   52557651, c++, iotlab1, mult, 4
848361.exe  ,  0.51,  0.14,  0.13,  0.02,  0.00,   35247094,   34007000,    1000000,   52610298, c++, iotlab1, mult, 4
848361.exe  ,  0.52,  0.14,  0.13,  0.02,  0.00,   35992368,   34005000,    2000000,   52927920, c++, iotlab1, mult, 4
848361.exe  ,  0.52,  0.14,  0.13,  0.02,  0.00,   34713064,   34603000,          0,   51704159, c++, iotlab1, mult, 4
848361.exe  ,  0.51,  0.14,  0.13,  0.02,  0.00,   34774019,   33786000,     993000,   52014969, c++, iotlab1, mult, 4
848361.exe  ,  0.51,  0.14,  0.13,  0.02,  0.00,   34782951,   33776000,    1023000,   52210737, c++, iotlab1, mult, 4
848361.exe  ,  0.53,  0.14,  0.13,  0.02,  0.00,   34462494,   33450000,    1013000,   50299576, c++, iotlab1, mult, 4
8545343.exe ,  0.25,  0.06,  0.06,  0.01,  0.00,   16053579,   13028000,    3006000,   32950453, c++, iotlab1, mult, 4
8545343.exe ,  0.24,  0.06,  0.06,  0.01,  0.00,   15536136,   13547000,    1935000,   32873445, c++, iotlab1, mult, 4
8545343.exe ,  0.24,  0.07,  0.06,  0.01,  0.00,   15621644,   12648000,    2918000,   33082273, c++, iotlab1, mult, 4
8545343.exe ,  0.24,  0.07,  0.06,  0.01,  0.00,   15716198,   13608000,    2093000,   32733777, c++, iotlab1, mult, 4
8545343.exe ,  0.22,  0.06,  0.06,  0.01,  0.00,   15699569,   14663000,    1047000,   32947989, c++, iotlab1, mult, 4
8545343.exe ,  0.24,  0.06,  0.06,  0.01,  0.00,   15799003,   12649000,    3162000,   33040935, c++, iotlab1, mult, 4
8545343.exe ,  0.24,  0.06,  0.06,  0.01,  0.00,   15435368,   12547000,    2895000,   31969108, c++, iotlab1, mult, 4
8545343.exe ,  0.22,  0.06,  0.06,  0.01,  0.00,   15652282,   13489000,    2075000,   32454424, c++, iotlab1, mult, 4
8545343.exe ,  0.24,  0.07,  0.06,  0.01,  0.00,   15650180,   12655000,    2920000,   32966147, c++, iotlab1, mult, 4
8545343.exe ,  0.24,  0.06,  0.06,  0.01,  0.00,   15363791,   12494000,    2883000,   32186701, c++, iotlab1, mult, 4
8577288.exe ,  0.24,  0.06,  0.06,  0.01,  0.00,   15059405,   12220000,    2820000,   31858247, c++, iotlab1, mult, 4
8577288.exe ,  0.24,  0.06,  0.06,  0.01,  0.00,   15215469,   12165000,    3041000,   32232625, c++, iotlab1, mult, 4
8577288.exe ,  0.23,  0.06,  0.06,  0.01,  0.00,   15057087,   14028000,    1002000,   31530133, c++, iotlab1, mult, 4
8577288.exe ,  0.23,  0.06,  0.06,  0.01,  0.00,   15503644,   12517000,    2888000,   32802450, c++, iotlab1, mult, 4
8577288.exe ,  0.24,  0.06,  0.06,  0.01,  0.00,   15390365,   14366000,    1026000,   32327122, c++, iotlab1, mult, 4
8577288.exe ,  0.24,  0.06,  0.06,  0.01,  0.00,   15126722,   13116000,    2017000,   32085065, c++, iotlab1, mult, 4
8577288.exe ,  0.24,  0.06,  0.06,  0.01,  0.00,   15328819,   14321000,    1022000,   33050805, c++, iotlab1, mult, 4
8577288.exe ,  0.23,  0.06,  0.06,  0.01,  0.00,   14924170,   12817000,    2136000,   32042548, c++, iotlab1, mult, 4
8577288.exe ,  0.22,  0.06,  0.06,  0.01,  0.00,   15316819,   14311000,    1022000,   32387193, c++, iotlab1, mult, 4
8577288.exe ,  0.23,  0.06,  0.06,  0.01,  0.00,   15014413,   12866000,    2144000,   31675288, c++, iotlab1, mult, 4
950066.exe  ,  0.22,  0.06,  0.06,  0.01,  0.00,   14710906,   11648000,    2912000,   32482079, c++, iotlab1, mult, 4
950066.exe  ,  0.23,  0.06,  0.06,  0.01,  0.00,   15015647,   12025000,    3006000,   32458624, c++, iotlab1, mult, 4
950066.exe  ,  0.23,  0.06,  0.06,  0.01,  0.00,   15143715,   13130000,    2020000,   32765387, c++, iotlab1, mult, 4
950066.exe  ,  0.23,  0.06,  0.06,  0.01,  0.00,   15283466,   12237000,    3059000,   32095429, c++, iotlab1, mult, 4
950066.exe  ,  0.23,  0.06,  0.06,  0.01,  0.00,   15374497,   13454000,    1922000,   32277126, c++, iotlab1, mult, 4
950066.exe  ,  0.23,  0.06,  0.06,  0.01,  0.00,   15240144,   12384000,    2858000,   32595199, c++, iotlab1, mult, 4
950066.exe  ,  0.23,  0.06,  0.06,  0.01,  0.00,   15072787,   14072000,    1005000,   32197050, c++, iotlab1, mult, 4
950066.exe  ,  0.22,  0.06,  0.06,  0.01,  0.00,   15034204,   12035000,    3008000,   31628413, c++, iotlab1, mult, 4
950066.exe  ,  0.23,  0.06,  0.06,  0.01,  0.00,   15142759,   12110000,    3027000,   32080501, c++, iotlab1, mult, 4
950066.exe  ,  0.22,  0.06,  0.06,  0.01,  0.00,   15897290,   13916000,    1988000,   32915709, c++, iotlab1, mult, 4
