file,psys,pkg,cores,ram,gpu,duration_time,user_time,system_time,perf_time,lang,machine,cores,power_limit
entry_10087832.class, 10.73,  4.82,  4.68,  0.42,  0.00,  386385934,  927207000,   67087000,  437372397, java, iotlab1, mult, 15
entry_10087832.class,  8.99,  4.24,  4.12,  0.34,  0.00,  305912780,  854911000,   53685000,  318893221, java, iotlab1, mult, 15
entry_10087832.class,  9.02,  4.25,  4.14,  0.34,  0.00,  310815357,  837625000,   53941000,  324779911, java, iotlab1, mult, 15
entry_10087832.class,  8.70,  4.12,  4.00,  0.33,  0.00,  298155660,  816751000,   53179000,  310607707, java, iotlab1, mult, 15
entry_10087832.class,  8.98,  4.30,  4.19,  0.34,  0.00,  303437289,  840272000,   48535000,  316058479, java, iotlab1, mult, 15
entry_10087832.class,  8.76,  4.18,  4.08,  0.33,  0.00,  297469469,  854989000,   36253000,  310833679, java, iotlab1, mult, 15
entry_10087832.class,  8.76,  4.09,  3.98,  0.34,  0.00,  306674085,  827210000,   63476000,  322045173, java, iotlab1, mult, 15
entry_10087832.class,  9.14,  4.27,  4.15,  0.34,  0.00,  318881599,  836224000,   53949000,  331421388, java, iotlab1, mult, 15
entry_10087832.class,  8.99,  4.21,  4.11,  0.34,  0.00,  308916364,  833548000,   50274000,  323742111, java, iotlab1, mult, 15
entry_10087832.class,  8.70,  4.07,  3.96,  0.33,  0.00,  298921901,  802864000,   47345000,  313393378, java, iotlab1, mult, 15
entry_10302070.class, 13.34,  6.28,  6.12,  0.52,  0.00,  450560478, 1201374000,   68021000,  463201996, java, iotlab1, mult, 15
entry_10302070.class, 13.82,  6.52,  6.35,  0.54,  0.00,  466500638, 1283681000,   64983000,  479320492, java, iotlab1, mult, 15
entry_10302070.class, 13.46,  6.37,  6.21,  0.53,  0.00,  451170863, 1278243000,   69121000,  464304315, java, iotlab1, mult, 15
entry_10302070.class, 13.62,  6.39,  6.23,  0.53,  0.00,  460123573, 1287360000,   65967000,  474045378, java, iotlab1, mult, 15
entry_10302070.class, 13.30,  6.25,  6.08,  0.53,  0.00,  443857249, 1277076000,   66577000,  456279903, java, iotlab1, mult, 15
entry_10302070.class, 13.51,  6.39,  6.22,  0.53,  0.00,  449477366, 1265033000,   72001000,  462613303, java, iotlab1, mult, 15
entry_10302070.class, 13.63,  6.47,  6.31,  0.53,  0.00,  455161077, 1239539000,   73149000,  468292254, java, iotlab1, mult, 15
entry_10302070.class, 13.68,  6.49,  6.33,  0.53,  0.00,  456742526, 1268718000,   73330000,  469208876, java, iotlab1, mult, 15
entry_10302070.class, 13.38,  6.23,  6.07,  0.53,  0.00,  454422545, 1275533000,   70139000,  467665798, java, iotlab1, mult, 15
entry_10302070.class, 14.12,  6.45,  6.27,  0.55,  0.00,  488298540, 1298697000,   68036000,  500656839, java, iotlab1, mult, 15
entry_10590829.class,  4.49,  1.98,  1.91,  0.17,  0.00,  172173050,  337314000,   36924000,  186994909, java, iotlab1, mult, 15
entry_10590829.class,  4.45,  2.12,  2.07,  0.15,  0.00,  156740901,  298643000,   36199000,  169177710, java, iotlab1, mult, 15
entry_10590829.class,  4.61,  2.19,  2.14,  0.16,  0.00,  161611682,  316009000,   31000000,  173961554, java, iotlab1, mult, 15
entry_10590829.class,  4.60,  2.17,  2.13,  0.16,  0.00,  161650178,  313847000,   29701000,  174001580, java, iotlab1, mult, 15
entry_10590829.class,  4.49,  2.12,  2.06,  0.16,  0.00,  156825508,  307828000,   41840000,  169293209, java, iotlab1, mult, 15
entry_10590829.class,  4.47,  2.10,  2.04,  0.16,  0.00,  155750500,  298291000,   39569000,  168153831, java, iotlab1, mult, 15
entry_10590829.class,  4.49,  2.11,  2.06,  0.16,  0.00,  157330428,  312597000,   36068000,  169611111, java, iotlab1, mult, 15
entry_10590829.class,  4.47,  2.11,  2.06,  0.16,  0.00,  157617022,  314849000,   34653000,  170195637, java, iotlab1, mult, 15
entry_10590829.class,  4.46,  2.08,  2.03,  0.16,  0.00,  158002787,  316422000,   35049000,  170448464, java, iotlab1, mult, 15
entry_10590829.class,  4.51,  2.12,  2.07,  0.16,  0.00,  158852866,  308739000,   41964000,  171333864, java, iotlab1, mult, 15
entry_10621449.class, 11.70,  5.52,  5.37,  0.46,  0.00,  391897192, 1151540000,   64141000,  404924115, java, iotlab1, mult, 15
entry_10621449.class, 10.82,  5.03,  4.89,  0.44,  0.00,  368015094, 1090053000,   71793000,  381217686, java, iotlab1, mult, 15
entry_10621449.class, 10.94,  5.09,  4.94,  0.44,  0.00,  371095205, 1093111000,   64478000,  384428077, java, iotlab1, mult, 15
entry_10621449.class, 11.15,  4.94,  4.79,  0.46,  0.00,  407655442, 1221901000,   65940000,  422270112, java, iotlab1, mult, 15
entry_10621449.class, 10.90,  5.12,  4.98,  0.43,  0.00,  364488048, 1113930000,   49217000,  377154575, java, iotlab1, mult, 15
entry_10621449.class, 11.27,  5.24,  5.10,  0.45,  0.00,  386729437, 1120652000,   56283000,  401202666, java, iotlab1, mult, 15
entry_10621449.class, 10.84,  5.10,  4.97,  0.43,  0.00,  362001512, 1057066000,   71936000,  374395468, java, iotlab1, mult, 15
entry_10621449.class, 10.94,  5.04,  4.90,  0.44,  0.00,  374046020, 1114119000,   63777000,  386519044, java, iotlab1, mult, 15
entry_10621449.class, 10.53,  4.92,  4.79,  0.42,  0.00,  355132970, 1073726000,   47898000,  369543446, java, iotlab1, mult, 15
entry_10621449.class, 11.26,  5.26,  5.12,  0.45,  0.00,  379194932, 1159258000,   61277000,  391572377, java, iotlab1, mult, 15
entry_10637502.class,  1.16,  0.54,  0.52,  0.03,  0.00,   44034127,   42039000,   18016000,   56801014, java, iotlab1, mult, 15
entry_10637502.class,  1.15,  0.54,  0.52,  0.03,  0.00,   43063320,   45823000,   13538000,   55309025, java, iotlab1, mult, 15
entry_10637502.class,  1.13,  0.51,  0.50,  0.03,  0.00,   44545040,   53432000,    8065000,   56803283, java, iotlab1, mult, 15
entry_10637502.class,  1.17,  0.54,  0.53,  0.03,  0.00,   44093829,   50458000,   10091000,   56582608, java, iotlab1, mult, 15
entry_10637502.class,  1.14,  0.53,  0.51,  0.03,  0.00,   43745971,   51330000,    9428000,   56238133, java, iotlab1, mult, 15
entry_10637502.class,  1.19,  0.56,  0.54,  0.03,  0.00,   43731789,   44250000,   16091000,   56139110, java, iotlab1, mult, 15
entry_10637502.class,  1.16,  0.55,  0.54,  0.03,  0.00,   42917035,   44104000,   14701000,   55380642, java, iotlab1, mult, 15
entry_10637502.class,  1.18,  0.57,  0.55,  0.03,  0.00,   43070104,   43423000,   16157000,   55434228, java, iotlab1, mult, 15
entry_10637502.class,  1.17,  0.56,  0.53,  0.03,  0.00,   43140369,   51283000,    8205000,   55554889, java, iotlab1, mult, 15
entry_10637502.class,  1.13,  0.53,  0.52,  0.03,  0.00,   43615169,   48443000,   11626000,   55910066, java, iotlab1, mult, 15
entry_10675863.class,  6.93,  3.36,  3.28,  0.20,  0.00,  235941180,  584261000,   34955000,  248637597, java, iotlab1, mult, 15
entry_10675863.class,  7.45,  3.54,  3.45,  0.21,  0.00,  260804734,  572957000,   41850000,  273448424, java, iotlab1, mult, 15
entry_10675863.class,  7.16,  3.44,  3.35,  0.21,  0.00,  247196712,  571054000,   37133000,  259603947, java, iotlab1, mult, 15
entry_10675863.class,  7.22,  3.50,  3.42,  0.21,  0.00,  248257995,  572944000,   39996000,  261564269, java, iotlab1, mult, 15
entry_10675863.class,  7.15,  3.45,  3.37,  0.21,  0.00,  245929620,  580417000,   35085000,  258188354, java, iotlab1, mult, 15
entry_10675863.class,  7.09,  3.41,  3.33,  0.21,  0.00,  243074107,  578758000,   49320000,  255709203, java, iotlab1, mult, 15
entry_10675863.class,  7.17,  3.46,  3.39,  0.21,  0.00,  245057764,  579719000,   37851000,  257438425, java, iotlab1, mult, 15
entry_10675863.class,  6.81,  3.27,  3.19,  0.20,  0.00,  233094538,  531428000,   49297000,  246045123, java, iotlab1, mult, 15
entry_10675863.class,  7.12,  3.47,  3.38,  0.20,  0.00,  242995465,  558746000,   49799000,  255432955, java, iotlab1, mult, 15
entry_10675863.class,  7.00,  3.41,  3.34,  0.20,  0.00,  237643761,  565952000,   40924000,  249936336, java, iotlab1, mult, 15
entry_10696258.class,  8.01,  3.73,  3.63,  0.26,  0.00,  283674424,  684706000,   51826000,  296654454, java, iotlab1, mult, 15
entry_10696258.class,  8.12,  3.85,  3.75,  0.26,  0.00,  283453259,  664294000,   61490000,  298393743, java, iotlab1, mult, 15
entry_10696258.class,  8.15,  3.92,  3.82,  0.26,  0.00,  277795316,  658035000,   60910000,  290163996, java, iotlab1, mult, 15
entry_10696258.class,  8.16,  3.87,  3.77,  0.26,  0.00,  283397811,  662603000,   58052000,  297292631, java, iotlab1, mult, 15
entry_10696258.class,  8.15,  3.91,  3.82,  0.26,  0.00,  278588303,  674385000,   47956000,  291197728, java, iotlab1, mult, 15
entry_10696258.class,  8.09,  3.88,  3.78,  0.26,  0.00,  276016969,  666114000,   54009000,  289254186, java, iotlab1, mult, 15
entry_10696258.class,  8.51,  3.99,  3.88,  0.27,  0.00,  294313874,  676227000,   58451000,  307532967, java, iotlab1, mult, 15
entry_10696258.class,  8.08,  3.86,  3.77,  0.26,  0.00,  274439288,  661173000,   57537000,  286792134, java, iotlab1, mult, 15
entry_10696258.class,  8.19,  3.93,  3.83,  0.26,  0.00,  276962388,  668706000,   53375000,  289333569, java, iotlab1, mult, 15
entry_10696258.class,  8.13,  3.87,  3.78,  0.26,  0.00,  276242526,  648529000,   63246000,  288895005, java, iotlab1, mult, 15
entry_11030851.class,  6.74,  3.17,  3.09,  0.19,  0.00,  233643788,  551757000,   45979000,  246081543, java, iotlab1, mult, 15
entry_11030851.class,  6.75,  3.24,  3.16,  0.19,  0.00,  229880027,  555111000,   37668000,  242287575, java, iotlab1, mult, 15
entry_11030851.class,  6.71,  3.21,  3.13,  0.19,  0.00,  230183542,  547620000,   46052000,  242704688, java, iotlab1, mult, 15
entry_11030851.class,  6.68,  3.15,  3.07,  0.20,  0.00,  232868003,  549478000,   47608000,  247565675, java, iotlab1, mult, 15
entry_11030851.class,  6.79,  3.22,  3.14,  0.20,  0.00,  236732363,  561639000,   43738000,  250920442, java, iotlab1, mult, 15
entry_11030851.class,  6.60,  3.17,  3.10,  0.19,  0.00,  227157354,  541703000,   45554000,  239711162, java, iotlab1, mult, 15
entry_11030851.class,  6.63,  3.20,  3.13,  0.19,  0.00,  223726956,  559609000,   34344000,  236929460, java, iotlab1, mult, 15
entry_11030851.class,  6.78,  3.25,  3.17,  0.19,  0.00,  231350122,  551079000,   43768000,  243684053, java, iotlab1, mult, 15
entry_11030851.class,  6.56,  3.09,  3.01,  0.19,  0.00,  228861102,  526692000,   45404000,  241314509, java, iotlab1, mult, 15
entry_11030851.class,  6.78,  3.25,  3.18,  0.19,  0.00,  231723499,  538724000,   54466000,  244075891, java, iotlab1, mult, 15
entry_1105386.class,  9.28,  4.36,  4.24,  0.35,  0.00,  305623796,  895996000,   64927000,  318260124, java, iotlab1, mult, 15
entry_1105386.class,  9.59,  4.32,  4.20,  0.36,  0.00,  317469870,  943841000,   65127000,  330813091, java, iotlab1, mult, 15
entry_1105386.class,  9.37,  4.30,  4.19,  0.36,  0.00,  318807527,  914189000,   49225000,  331876628, java, iotlab1, mult, 15
entry_1105386.class,  9.08,  4.12,  4.00,  0.36,  0.00,  316840962,  904144000,   60613000,  329304042, java, iotlab1, mult, 15
entry_1105386.class,  9.22,  4.24,  4.12,  0.35,  0.00,  312651100,  880916000,   65141000,  325645968, java, iotlab1, mult, 15
entry_1105386.class,  9.30,  4.29,  4.17,  0.36,  0.00,  312235712,  905007000,   62930000,  325460948, java, iotlab1, mult, 15
entry_1105386.class,  9.67,  4.57,  4.46,  0.36,  0.00,  320147093,  904990000,   54909000,  332518627, java, iotlab1, mult, 15
entry_1105386.class,  9.52,  4.35,  4.23,  0.37,  0.00,  326263672,  935530000,   61099000,  340240053, java, iotlab1, mult, 15
entry_1105386.class,  9.46,  4.39,  4.27,  0.36,  0.00,  321684770,  903608000,   53976000,  334050317, java, iotlab1, mult, 15
entry_1105386.class,  9.32,  4.34,  4.22,  0.36,  0.00,  313626792,  916024000,   42185000,  325999895, java, iotlab1, mult, 15
entry_11177378.class,  7.37,  3.40,  3.31,  0.28,  0.00,  250765158,  687878000,   45255000,  263219795, java, iotlab1, mult, 15
entry_11177378.class,  7.29,  3.40,  3.30,  0.28,  0.00,  246659424,  672449000,   38483000,  259098159, java, iotlab1, mult, 15
entry_11177378.class,  7.62,  3.51,  3.41,  0.29,  0.00,  260072401,  710865000,   38425000,  272666628, java, iotlab1, mult, 15
entry_11177378.class,  7.33,  3.32,  3.23,  0.28,  0.00,  252403914,  674134000,   53647000,  266906858, java, iotlab1, mult, 15
entry_11177378.class,  7.31,  3.41,  3.32,  0.28,  0.00,  245683180,  655782000,   51060000,  260063022, java, iotlab1, mult, 15
entry_11177378.class,  7.39,  3.44,  3.35,  0.28,  0.00,  248814669,  690727000,   37930000,  261464170, java, iotlab1, mult, 15
entry_11177378.class,  7.32,  3.36,  3.27,  0.28,  0.00,  252182124,  687109000,   40240000,  266531482, java, iotlab1, mult, 15
entry_11177378.class,  7.57,  3.53,  3.45,  0.29,  0.00,  256514567,  680487000,   42278000,  269594052, java, iotlab1, mult, 15
entry_11177378.class,  7.29,  3.35,  3.27,  0.28,  0.00,  252468492,  685262000,   41500000,  266971288, java, iotlab1, mult, 15
entry_11177378.class,  7.45,  3.49,  3.39,  0.28,  0.00,  251401986,  672620000,   41221000,  264053993, java, iotlab1, mult, 15
entry_1127506.class,  6.00,  2.82,  2.75,  0.19,  0.00,  208746313,  490759000,   52545000,  221143593, java, iotlab1, mult, 15
entry_1127506.class,  5.99,  2.86,  2.78,  0.18,  0.00,  205314916,  488604000,   39804000,  217727211, java, iotlab1, mult, 15
entry_1127506.class,  5.98,  2.86,  2.79,  0.19,  0.00,  206138289,  492007000,   43000000,  219748720, java, iotlab1, mult, 15
entry_1127506.class,  6.05,  2.90,  2.83,  0.19,  0.00,  207262985,  505881000,   36062000,  220120622, java, iotlab1, mult, 15
entry_1127506.class,  6.09,  2.94,  2.88,  0.19,  0.00,  207496090,  493563000,   43872000,  219930593, java, iotlab1, mult, 15
entry_1127506.class,  6.06,  2.89,  2.82,  0.19,  0.00,  205512572,  491989000,   42084000,  217947158, java, iotlab1, mult, 15
entry_1127506.class,  6.01,  2.87,  2.80,  0.18,  0.00,  204967782,  493360000,   34024000,  217389563, java, iotlab1, mult, 15
entry_1127506.class,  5.98,  2.85,  2.77,  0.19,  0.00,  205534516,  476702000,   46067000,  218553473, java, iotlab1, mult, 15
entry_1127506.class,  6.06,  2.89,  2.82,  0.19,  0.00,  208078348,  491003000,   46432000,  221617774, java, iotlab1, mult, 15
entry_1127506.class,  6.04,  2.87,  2.80,  0.19,  0.00,  205214266,  486246000,   37095000,  217664746, java, iotlab1, mult, 15
entry_11321700.class, 11.44,  5.33,  5.20,  0.45,  0.00,  374079180, 1106057000,   51327000,  386427186, java, iotlab1, mult, 15
entry_11321700.class, 11.40,  5.35,  5.22,  0.42,  0.00,  380357805, 1045658000,   52739000,  393053688, java, iotlab1, mult, 15
entry_11321700.class, 11.34,  5.30,  5.16,  0.45,  0.00,  376683610, 1083289000,   55269000,  390636043, java, iotlab1, mult, 15
entry_11321700.class, 11.65,  5.48,  5.34,  0.46,  0.00,  385640831, 1128550000,   54074000,  398110390, java, iotlab1, mult, 15
entry_11321700.class, 11.78,  5.44,  5.30,  0.47,  0.00,  395034141, 1130228000,   70200000,  407381815, java, iotlab1, mult, 15
entry_11321700.class, 11.59,  5.46,  5.31,  0.46,  0.00,  379429730, 1113309000,   50559000,  391773280, java, iotlab1, mult, 15
entry_11321700.class, 11.66,  5.33,  5.18,  0.47,  0.00,  401494140, 1105403000,   62361000,  414169396, java, iotlab1, mult, 15
entry_11321700.class, 10.49,  4.88,  4.75,  0.40,  0.00,  354670093,  971455000,   54912000,  369621766, java, iotlab1, mult, 15
entry_11321700.class, 11.72,  5.45,  5.31,  0.47,  0.00,  390392882, 1112945000,   69058000,  404802544, java, iotlab1, mult, 15
entry_11321700.class, 11.77,  5.46,  5.31,  0.47,  0.00,  392023173, 1138943000,   52180000,  404401217, java, iotlab1, mult, 15
entry_11616815.class,  4.50,  2.00,  1.94,  0.16,  0.00,  167653786,  311507000,   40935000,  180543896, java, iotlab1, mult, 15
entry_11616815.class,  4.53,  2.12,  2.06,  0.16,  0.00,  159269304,  312818000,   26984000,  172182072, java, iotlab1, mult, 15
entry_11616815.class,  4.64,  2.17,  2.13,  0.16,  0.00,  163704007,  318129000,   28188000,  176071649, java, iotlab1, mult, 15
entry_11616815.class,  4.45,  2.09,  2.05,  0.15,  0.00,  155594229,  293569000,   33950000,  167984095, java, iotlab1, mult, 15
entry_11616815.class,  4.53,  2.13,  2.08,  0.16,  0.00,  158389413,  296034000,   44405000,  170693879, java, iotlab1, mult, 15
entry_11616815.class,  4.64,  2.18,  2.11,  0.16,  0.00,  161256350,  312231000,   33916000,  173730647, java, iotlab1, mult, 15
entry_11616815.class,  4.71,  2.20,  2.13,  0.16,  0.00,  165214137,  308786000,   33192000,  177689393, java, iotlab1, mult, 15
entry_11616815.class,  4.53,  2.13,  2.08,  0.16,  0.00,  158078959,  307798000,   33085000,  170481523, java, iotlab1, mult, 15
entry_11616815.class,  4.51,  2.12,  2.07,  0.15,  0.00,  157279373,  294219000,   35783000,  169600485, java, iotlab1, mult, 15
entry_11616815.class,  4.49,  2.11,  2.06,  0.15,  0.00,  158084893,  289717000,   35718000,  170554300, java, iotlab1, mult, 15
entry_11811081.class,  9.86,  4.63,  4.51,  0.39,  0.00,  325952053,  958784000,   67772000,  338957983, java, iotlab1, mult, 15
entry_11811081.class,  9.65,  4.48,  4.36,  0.39,  0.00,  324408813,  955781000,   56340000,  337652480, java, iotlab1, mult, 15
entry_11811081.class,  9.62,  4.43,  4.30,  0.38,  0.00,  326515502,  932318000,   68463000,  339534333, java, iotlab1, mult, 15
entry_11811081.class,  9.52,  4.41,  4.29,  0.38,  0.00,  316833141,  942285000,   63220000,  329358750, java, iotlab1, mult, 15
entry_11811081.class, 10.08,  4.66,  4.53,  0.40,  0.00,  338730458, 1005461000,   59322000,  352053392, java, iotlab1, mult, 15
entry_11811081.class,  9.58,  4.40,  4.28,  0.38,  0.00,  323821756,  955035000,   58062000,  338014833, java, iotlab1, mult, 15
entry_11811081.class,  9.62,  4.50,  4.38,  0.38,  0.00,  318927552,  955078000,   56240000,  331207160, java, iotlab1, mult, 15
entry_11811081.class,  9.74,  4.48,  4.35,  0.39,  0.00,  330055771,  970631000,   61229000,  342663872, java, iotlab1, mult, 15
entry_11811081.class,  9.70,  4.51,  4.40,  0.39,  0.00,  326494140,  949427000,   64504000,  339387352, java, iotlab1, mult, 15
entry_11811081.class,  9.79,  4.57,  4.44,  0.39,  0.00,  326727912,  958813000,   68986000,  339196896, java, iotlab1, mult, 15
entry_11819622.class, 12.10,  5.65,  5.51,  0.46,  0.00,  406395494, 1069683000,   53737000,  419294824, java, iotlab1, mult, 15
entry_11819622.class, 12.12,  5.69,  5.54,  0.45,  0.00,  407766523, 1022210000,   70916000,  421489132, java, iotlab1, mult, 15
entry_11819622.class, 12.07,  5.71,  5.56,  0.45,  0.00,  399591135, 1054210000,   57792000,  413230573, java, iotlab1, mult, 15
entry_11819622.class, 12.07,  5.73,  5.59,  0.45,  0.00,  400222224, 1041573000,   59489000,  412522695, java, iotlab1, mult, 15
entry_11819622.class, 12.11,  5.75,  5.60,  0.45,  0.00,  400448765, 1032096000,   58551000,  412998099, java, iotlab1, mult, 15
entry_11819622.class, 12.05,  5.65,  5.50,  0.46,  0.00,  408038802, 1041118000,   69074000,  420968985, java, iotlab1, mult, 15
entry_11819622.class, 13.91,  6.54,  6.38,  0.53,  0.00,  463130509, 1111928000,   64576000,  476256790, java, iotlab1, mult, 15
entry_11819622.class, 11.97,  5.55,  5.40,  0.46,  0.00,  404070281, 1050869000,   62992000,  416698683, java, iotlab1, mult, 15
entry_11819622.class, 12.13,  5.68,  5.54,  0.45,  0.00,  408485165, 1059037000,   54846000,  423191524, java, iotlab1, mult, 15
entry_11819622.class, 13.27,  6.22,  6.06,  0.50,  0.00,  436866027, 1094235000,   61124000,  451611328, java, iotlab1, mult, 15
entry_1183308.class,  2.05,  0.94,  0.91,  0.05,  0.00,   77378639,   96575000,   16583000,   89791840, java, iotlab1, mult, 15
entry_1183308.class,  1.97,  0.93,  0.91,  0.05,  0.00,   73169783,   97611000,   14641000,   85428853, java, iotlab1, mult, 15
entry_1183308.class,  1.99,  0.93,  0.90,  0.05,  0.00,   73357334,   93859000,   18013000,   85829763, java, iotlab1, mult, 15
entry_1183308.class,  1.96,  0.92,  0.90,  0.05,  0.00,   73104230,   96362000,   14600000,   85584821, java, iotlab1, mult, 15
entry_1183308.class,  1.94,  0.88,  0.86,  0.05,  0.00,   75062410,   99433000,   14915000,   87529921, java, iotlab1, mult, 15
entry_1183308.class,  1.95,  0.91,  0.89,  0.05,  0.00,   72967971,   99674000,   11500000,   85332012, java, iotlab1, mult, 15
entry_1183308.class,  1.94,  0.90,  0.88,  0.05,  0.00,   74144194,   97164000,   16194000,   86637911, java, iotlab1, mult, 15
entry_1183308.class,  1.93,  0.90,  0.88,  0.05,  0.00,   73281723,   99772000,   11854000,   85707073, java, iotlab1, mult, 15
entry_1183308.class,  1.95,  0.90,  0.88,  0.05,  0.00,   73410303,   95620000,   16275000,   85794268, java, iotlab1, mult, 15
entry_1183308.class,  2.00,  0.94,  0.90,  0.05,  0.00,   74522363,   92879000,   18575000,   87025808, java, iotlab1, mult, 15
entry_1207208.class,  9.33,  4.34,  4.22,  0.36,  0.00,  313181599,  897841000,   54929000,  325861952, java, iotlab1, mult, 15
entry_1207208.class,  9.34,  4.26,  4.14,  0.36,  0.00,  319289589,  881333000,   67948000,  332295680, java, iotlab1, mult, 15
entry_1207208.class,  9.18,  4.32,  4.22,  0.35,  0.00,  304616762,  863962000,   68233000,  317056576, java, iotlab1, mult, 15
entry_1207208.class,  9.36,  4.37,  4.25,  0.36,  0.00,  312508530,  887739000,   51331000,  324881456, java, iotlab1, mult, 15
entry_1207208.class,  9.49,  4.34,  4.21,  0.37,  0.00,  331813227,  923797000,   53509000,  345977888, java, iotlab1, mult, 15
entry_1207208.class,  8.98,  4.22,  4.11,  0.35,  0.00,  300242205,  888373000,   49796000,  312855611, java, iotlab1, mult, 15
entry_1207208.class,  9.31,  4.24,  4.12,  0.36,  0.00,  329382255,  855136000,   70340000,  343370491, java, iotlab1, mult, 15
entry_1207208.class,  9.50,  4.39,  4.28,  0.37,  0.00,  325234071,  885696000,   57174000,  338222698, java, iotlab1, mult, 15
entry_1207208.class,  9.27,  4.29,  4.18,  0.36,  0.00,  314391329,  908659000,   42404000,  326712109, java, iotlab1, mult, 15
entry_1207208.class,  9.29,  4.37,  4.26,  0.36,  0.00,  310601867,  871393000,   57755000,  323126522, java, iotlab1, mult, 15
entry_12103832.class,  5.66,  2.71,  2.64,  0.18,  0.00,  193650244,  456724000,   36057000,  208144195, java, iotlab1, mult, 15
entry_12103832.class,  5.49,  2.63,  2.57,  0.17,  0.00,  181620813,  446515000,   38697000,  194069282, java, iotlab1, mult, 15
entry_12103832.class,  5.74,  2.68,  2.62,  0.18,  0.00,  193075105,  450213000,   34091000,  205584014, java, iotlab1, mult, 15
entry_12103832.class,  5.68,  2.71,  2.64,  0.18,  0.00,  193970917,  451321000,   37859000,  206275276, java, iotlab1, mult, 15
entry_12103832.class,  5.57,  2.64,  2.57,  0.18,  0.00,  191541918,  437394000,   43236000,  204271177, java, iotlab1, mult, 15
entry_12103832.class,  5.51,  2.61,  2.55,  0.17,  0.00,  188432791,  432072000,   45795000,  200693266, java, iotlab1, mult, 15
entry_12103832.class,  5.59,  2.65,  2.58,  0.18,  0.00,  191188133,  446492000,   47263000,  203601728, java, iotlab1, mult, 15
entry_12103832.class,  5.63,  2.66,  2.60,  0.18,  0.00,  195178879,  447685000,   38401000,  208689750, java, iotlab1, mult, 15
entry_12103832.class,  5.85,  2.65,  2.58,  0.19,  0.00,  211361911,  455798000,   42886000,  223784304, java, iotlab1, mult, 15
entry_12103832.class,  5.64,  2.69,  2.62,  0.18,  0.00,  192616773,  445107000,   34929000,  205074167, java, iotlab1, mult, 15
entry_12176926.class,  5.64,  2.52,  2.44,  0.18,  0.00,  212241309,  471375000,   43310000,  224696193, java, iotlab1, mult, 15
entry_12176926.class,  5.54,  2.64,  2.57,  0.16,  0.00,  189606274,  433425000,   38213000,  202291222, java, iotlab1, mult, 15
entry_12176926.class,  5.59,  2.67,  2.61,  0.17,  0.00,  193099869,  429545000,   47391000,  205754137, java, iotlab1, mult, 15
entry_12176926.class,  5.68,  2.71,  2.65,  0.17,  0.00,  195907316,  442894000,   36907000,  208371491, java, iotlab1, mult, 15
entry_12176926.class,  5.62,  2.68,  2.61,  0.17,  0.00,  192530939,  423952000,   44574000,  204794393, java, iotlab1, mult, 15
entry_12176926.class,  5.66,  2.71,  2.64,  0.16,  0.00,  192575114,  429387000,   34110000,  204911645, java, iotlab1, mult, 15
entry_12176926.class,  5.76,  2.77,  2.70,  0.17,  0.00,  197196221,  442683000,   40613000,  209670945, java, iotlab1, mult, 15
entry_12176926.class,  5.50,  2.63,  2.57,  0.16,  0.00,  189224416,  431462000,   29756000,  201791940, java, iotlab1, mult, 15
entry_12176926.class,  5.81,  2.79,  2.73,  0.17,  0.00,  198258755,  446582000,   38876000,  210491791, java, iotlab1, mult, 15
entry_12176926.class,  5.89,  2.76,  2.70,  0.17,  0.00,  197691381,  455618000,   35812000,  210171829, java, iotlab1, mult, 15
entry_12591144.class,  7.29,  3.42,  3.33,  0.23,  0.00,  249328434,  610035000,   50753000,  261649007, java, iotlab1, mult, 15
entry_12591144.class,  7.38,  3.42,  3.34,  0.23,  0.00,  254481387,  615962000,   52081000,  266820065, java, iotlab1, mult, 15
entry_12591144.class,  7.27,  3.44,  3.36,  0.22,  0.00,  245017322,  594294000,   48023000,  257646308, java, iotlab1, mult, 15
entry_12591144.class,  7.36,  3.48,  3.40,  0.22,  0.00,  249960525,  590300000,   64141000,  263097372, java, iotlab1, mult, 15
entry_12591144.class,  7.29,  3.46,  3.37,  0.22,  0.00,  245837107,  600649000,   47446000,  258286716, java, iotlab1, mult, 15
entry_12591144.class,  7.46,  3.57,  3.49,  0.22,  0.00,  255193681,  614150000,   37947000,  268402328, java, iotlab1, mult, 15
entry_12591144.class,  7.37,  3.50,  3.41,  0.22,  0.00,  249655892,  583377000,   49200000,  262067236, java, iotlab1, mult, 15
entry_12591144.class,  7.52,  3.58,  3.49,  0.23,  0.00,  254499935,  624906000,   39245000,  266880037, java, iotlab1, mult, 15
entry_12591144.class,  7.40,  3.54,  3.46,  0.22,  0.00,  250835882,  595117000,   55477000,  263317395, java, iotlab1, mult, 15
entry_12591144.class,  7.44,  3.59,  3.51,  0.22,  0.00,  247793037,  605315000,   48703000,  260822223, java, iotlab1, mult, 15
entry_12605736.class,  8.83,  4.10,  3.99,  0.33,  0.00,  303070190,  802143000,   60539000,  316829197, java, iotlab1, mult, 15
entry_12605736.class,  9.05,  4.21,  4.10,  0.34,  0.00,  308194110,  828679000,   53849000,  322744194, java, iotlab1, mult, 15
entry_12605736.class,  9.10,  4.17,  4.06,  0.35,  0.00,  314890550,  851667000,   59906000,  329376705, java, iotlab1, mult, 15
entry_12605736.class,  9.09,  4.20,  4.09,  0.35,  0.00,  309636330,  854275000,   53266000,  322402257, java, iotlab1, mult, 15
entry_12605736.class,  8.95,  4.16,  4.05,  0.35,  0.00,  303928454,  871638000,   56299000,  316641236, java, iotlab1, mult, 15
entry_12605736.class,  9.32,  4.29,  4.18,  0.36,  0.00,  322837045,  859570000,   55358000,  338509889, java, iotlab1, mult, 15
entry_12605736.class,  8.69,  3.97,  3.86,  0.33,  0.00,  299778716,  805062000,   57932000,  312493572, java, iotlab1, mult, 15
entry_12605736.class,  8.95,  4.10,  3.99,  0.35,  0.00,  309167485,  835709000,   59549000,  326055791, java, iotlab1, mult, 15
entry_12605736.class,  8.79,  4.04,  3.94,  0.33,  0.00,  305262682,  787344000,   65861000,  319046869, java, iotlab1, mult, 15
entry_12605736.class,  9.11,  4.34,  4.23,  0.34,  0.00,  298460606,  835088000,   56734000,  310944157, java, iotlab1, mult, 15
entry_12640820.class,  9.27,  4.25,  4.14,  0.36,  0.00,  320355433,  877601000,   63115000,  334647750, java, iotlab1, mult, 15
entry_12640820.class,  9.10,  4.19,  4.07,  0.35,  0.00,  309407237,  847925000,   68670000,  321865535, java, iotlab1, mult, 15
entry_12640820.class,  9.01,  4.14,  4.04,  0.35,  0.00,  311612328,  860440000,   62909000,  323964309, java, iotlab1, mult, 15
entry_12640820.class,  9.13,  4.26,  4.15,  0.35,  0.00,  307502250,  855091000,   58142000,  320522504, java, iotlab1, mult, 15
entry_12640820.class,  9.25,  4.33,  4.22,  0.35,  0.00,  308331518,  830738000,   74706000,  321520915, java, iotlab1, mult, 15
entry_12640820.class,  9.16,  4.28,  4.17,  0.35,  0.00,  303984222,  878602000,   60559000,  316425859, java, iotlab1, mult, 15
entry_12640820.class,  8.97,  4.15,  4.04,  0.35,  0.00,  302728065,  839677000,   64590000,  316025632, java, iotlab1, mult, 15
entry_12640820.class,  9.33,  4.33,  4.21,  0.35,  0.00,  311803464,  850150000,   49415000,  324999321, java, iotlab1, mult, 15
entry_12640820.class,  9.52,  4.48,  4.36,  0.36,  0.00,  319230970,  864375000,   57423000,  332217751, java, iotlab1, mult, 15
entry_12640820.class,  9.23,  4.32,  4.20,  0.35,  0.00,  308560060,  864481000,   56096000,  321034657, java, iotlab1, mult, 15
entry_12672238.class,  5.12,  2.38,  2.33,  0.16,  0.00,  186464207,  401068000,   40905000,  199426545, java, iotlab1, mult, 15
entry_12672238.class,  5.47,  2.64,  2.58,  0.16,  0.00,  189240890,  403811000,   34983000,  201774672, java, iotlab1, mult, 15
entry_12672238.class,  5.31,  2.57,  2.51,  0.16,  0.00,  183322406,  394238000,   49903000,  195855713, java, iotlab1, mult, 15
entry_12672238.class,  5.42,  2.59,  2.52,  0.16,  0.00,  188492955,  406670000,   36970000,  200920198, java, iotlab1, mult, 15
entry_12672238.class,  5.44,  2.63,  2.57,  0.16,  0.00,  185874183,  421423000,   34705000,  198363408, java, iotlab1, mult, 15
entry_12672238.class,  5.47,  2.64,  2.56,  0.16,  0.00,  187050859,  420097000,   41107000,  199492403, java, iotlab1, mult, 15
entry_12672238.class,  5.37,  2.60,  2.53,  0.16,  0.00,  183598715,  400362000,   39639000,  196232172, java, iotlab1, mult, 15
entry_12672238.class,  5.28,  2.53,  2.47,  0.16,  0.00,  184062978,  395164000,   39314000,  196571258, java, iotlab1, mult, 15
entry_12672238.class,  5.64,  2.71,  2.64,  0.17,  0.00,  193619523,  424183000,   48563000,  206180161, java, iotlab1, mult, 15
entry_12672238.class,  5.52,  2.66,  2.59,  0.16,  0.00,  189859837,  422681000,   38151000,  202172275, java, iotlab1, mult, 15
entry_12777436.class, 11.52,  5.45,  5.31,  0.43,  0.00,  379940888, 1063246000,   67078000,  392462846, java, iotlab1, mult, 15
entry_12777436.class, 11.72,  5.46,  5.31,  0.46,  0.00,  390162881, 1128137000,   57260000,  403377259, java, iotlab1, mult, 15
entry_12777436.class, 11.41,  5.36,  5.22,  0.45,  0.00,  374958931, 1129341000,   66901000,  387244161, java, iotlab1, mult, 15
entry_12777436.class, 11.32,  5.22,  5.08,  0.45,  0.00,  380074347, 1113846000,   47778000,  392483895, java, iotlab1, mult, 15
entry_12777436.class, 12.51,  5.81,  5.67,  0.49,  0.00,  415417563, 1181601000,   52203000,  428662202, java, iotlab1, mult, 15
entry_12777436.class, 11.35,  5.31,  5.18,  0.44,  0.00,  379295045, 1068928000,   61224000,  392099444, java, iotlab1, mult, 15
entry_12777436.class, 11.19,  5.18,  5.04,  0.43,  0.00,  379411603, 1072045000,   59278000,  392853190, java, iotlab1, mult, 15
entry_12777436.class, 11.28,  5.27,  5.13,  0.43,  0.00,  377808046, 1058305000,   57798000,  392365325, java, iotlab1, mult, 15
entry_12777436.class, 11.63,  5.42,  5.27,  0.46,  0.00,  389958735, 1146566000,   59925000,  403596928, java, iotlab1, mult, 15
entry_12777436.class, 11.86,  5.50,  5.35,  0.47,  0.00,  398256933, 1167183000,   58158000,  410530835, java, iotlab1, mult, 15
entry_12791368.class,  5.23,  2.49,  2.42,  0.15,  0.00,  182851383,  387422000,   44588000,  195273069, java, iotlab1, mult, 15
entry_12791368.class,  5.22,  2.48,  2.42,  0.15,  0.00,  183641371,  395178000,   37110000,  196046115, java, iotlab1, mult, 15
entry_12791368.class,  5.67,  2.71,  2.64,  0.16,  0.00,  196780676,  429871000,   31916000,  209308139, java, iotlab1, mult, 15
entry_12791368.class,  5.32,  2.54,  2.47,  0.15,  0.00,  185523379,  391950000,   39893000,  197856812, java, iotlab1, mult, 15
entry_12791368.class,  5.35,  2.58,  2.51,  0.15,  0.00,  186894970,  392627000,   45654000,  199685493, java, iotlab1, mult, 15
entry_12791368.class,  5.29,  2.56,  2.50,  0.15,  0.00,  183079292,  399897000,   27060000,  195444387, java, iotlab1, mult, 15
entry_12791368.class,  5.51,  2.65,  2.59,  0.16,  0.00,  191948716,  406222000,   41123000,  204318877, java, iotlab1, mult, 15
entry_12791368.class,  5.42,  2.61,  2.55,  0.15,  0.00,  188894106,  404401000,   38132000,  201347372, java, iotlab1, mult, 15
entry_12791368.class,  5.34,  2.56,  2.50,  0.15,  0.00,  187338150,  395087000,   41588000,  199804125, java, iotlab1, mult, 15
entry_12791368.class,  5.58,  2.59,  2.52,  0.16,  0.00,  204402325,  404472000,   40346000,  216991926, java, iotlab1, mult, 15
entry_12975883.class, 10.35,  4.83,  4.69,  0.42,  0.00,  341460998, 1016650000,   54658000,  354207789, java, iotlab1, mult, 15
entry_12975883.class, 10.64,  4.90,  4.77,  0.44,  0.00,  364321140, 1074289000,   66202000,  378744405, java, iotlab1, mult, 15
entry_12975883.class, 10.26,  4.78,  4.65,  0.41,  0.00,  343719884, 1024153000,   66139000,  358069772, java, iotlab1, mult, 15
entry_12975883.class, 10.00,  4.65,  4.52,  0.41,  0.00,  334162379, 1021208000,   58240000,  346635619, java, iotlab1, mult, 15
entry_12975883.class, 10.09,  4.74,  4.62,  0.41,  0.00,  335294308,  973340000,   70313000,  348643478, java, iotlab1, mult, 15
entry_12975883.class, 10.44,  4.83,  4.70,  0.42,  0.00,  351996320, 1037993000,   67738000,  366389303, java, iotlab1, mult, 15
entry_12975883.class, 10.17,  4.76,  4.63,  0.41,  0.00,  334346292, 1013641000,   53980000,  346736824, java, iotlab1, mult, 15
entry_12975883.class, 10.07,  4.69,  4.57,  0.41,  0.00,  333768232, 1031065000,   52952000,  346692543, java, iotlab1, mult, 15
entry_12975883.class, 10.50,  4.88,  4.75,  0.42,  0.00,  350023357, 1045850000,   54992000,  362547101, java, iotlab1, mult, 15
entry_12975883.class, 10.20,  4.75,  4.62,  0.41,  0.00,  336587919, 1028845000,   59221000,  349127107, java, iotlab1, mult, 15
entry_13082122.class,  5.98,  2.74,  2.68,  0.18,  0.00,  202342336,  496673000,   32303000,  215646093, java, iotlab1, mult, 15
entry_13082122.class,  6.20,  2.95,  2.89,  0.19,  0.00,  211622245,  517276000,   35360000,  224035502, java, iotlab1, mult, 15
entry_13082122.class,  6.17,  2.94,  2.87,  0.18,  0.00,  211341783,  505944000,   41322000,  224221856, java, iotlab1, mult, 15
entry_13082122.class,  6.18,  2.96,  2.88,  0.18,  0.00,  210690894,  511320000,   40786000,  223113209, java, iotlab1, mult, 15
entry_13082122.class,  6.14,  2.90,  2.84,  0.19,  0.00,  213292137,  504090000,   40246000,  226373023, java, iotlab1, mult, 15
entry_13082122.class,  6.17,  2.90,  2.84,  0.19,  0.00,  214291660,  505874000,   44811000,  229055569, java, iotlab1, mult, 15
entry_13082122.class,  6.19,  2.92,  2.84,  0.19,  0.00,  213827545,  524363000,   29963000,  226444873, java, iotlab1, mult, 15
entry_13082122.class,  6.16,  2.85,  2.78,  0.19,  0.00,  219027297,  521882000,   37205000,  233921970, java, iotlab1, mult, 15
entry_13082122.class,  5.90,  2.81,  2.75,  0.17,  0.00,  204010893,  468402000,   38702000,  217543955, java, iotlab1, mult, 15
entry_13082122.class,  6.21,  2.97,  2.89,  0.19,  0.00,  211426485,  530872000,   36264000,  223798270, java, iotlab1, mult, 15
entry_1316617.class,  8.42,  3.82,  3.71,  0.32,  0.00,  294146295,  782559000,   47972000,  311364573, java, iotlab1, mult, 15
entry_1316617.class,  9.06,  4.13,  4.02,  0.35,  0.00,  312467110,  894957000,   49052000,  326964065, java, iotlab1, mult, 15
entry_1316617.class,  8.77,  3.99,  3.88,  0.33,  0.00,  306742401,  816718000,   57686000,  321066743, java, iotlab1, mult, 15
entry_1316617.class,  8.46,  3.97,  3.86,  0.31,  0.00,  280573602,  791005000,   56428000,  293059060, java, iotlab1, mult, 15
entry_1316617.class,  8.82,  4.11,  4.01,  0.34,  0.00,  294321380,  824390000,   48139000,  306746878, java, iotlab1, mult, 15
entry_1316617.class,  9.05,  4.11,  4.00,  0.34,  0.00,  301466117,  867921000,   55866000,  313919569, java, iotlab1, mult, 15
entry_1316617.class,  8.25,  3.77,  3.67,  0.31,  0.00,  285814627,  763886000,   55573000,  300413168, java, iotlab1, mult, 15
entry_1316617.class,  8.91,  4.14,  4.04,  0.34,  0.00,  300746684,  827285000,   58372000,  313309219, java, iotlab1, mult, 15
entry_1316617.class,  9.19,  4.20,  4.09,  0.35,  0.00,  314747242,  854895000,   58818000,  328502454, java, iotlab1, mult, 15
entry_1316617.class,  8.32,  3.82,  3.72,  0.31,  0.00,  286630969,  776818000,   55704000,  301618127, java, iotlab1, mult, 15
entry_13250033.class,  9.16,  4.34,  4.24,  0.26,  0.00,  319920524,  708307000,   53871000,  332652014, java, iotlab1, mult, 15
entry_13250033.class,  9.09,  4.37,  4.26,  0.26,  0.00,  313077251,  681360000,   70450000,  326404251, java, iotlab1, mult, 15
entry_13250033.class,  9.14,  4.39,  4.29,  0.26,  0.00,  312433082,  669628000,   79192000,  324735044, java, iotlab1, mult, 15
entry_13250033.class,  9.13,  4.37,  4.26,  0.26,  0.00,  313323400,  673709000,   77966000,  326300658, java, iotlab1, mult, 15
entry_13250033.class,  9.89,  4.77,  4.66,  0.28,  0.00,  336899649,  758591000,   55188000,  349281606, java, iotlab1, mult, 15
entry_13250033.class,  9.16,  4.44,  4.33,  0.26,  0.00,  312798326,  686339000,   67426000,  325153922, java, iotlab1, mult, 15
entry_13250033.class,  9.09,  4.40,  4.29,  0.25,  0.00,  307528525,  689811000,   67668000,  319867758, java, iotlab1, mult, 15
entry_13250033.class,  9.29,  4.45,  4.35,  0.26,  0.00,  313601163,  695578000,   59134000,  326077033, java, iotlab1, mult, 15
entry_13250033.class,  9.15,  4.41,  4.31,  0.26,  0.00,  313551553,  690921000,   57158000,  326041029, java, iotlab1, mult, 15
entry_13250033.class,  9.51,  4.58,  4.46,  0.27,  0.00,  324349057,  737996000,   58157000,  336628442, java, iotlab1, mult, 15
entry_13440540.class,  6.66,  3.14,  3.06,  0.21,  0.00,  230827912,  504379000,   49938000,  243939141, java, iotlab1, mult, 15
entry_13440540.class,  6.69,  3.13,  3.04,  0.21,  0.00,  234430380,  505914000,   63114000,  247038649, java, iotlab1, mult, 15
entry_13440540.class,  6.71,  3.19,  3.11,  0.21,  0.00,  231051597,  502420000,   42458000,  243657645, java, iotlab1, mult, 15
entry_13440540.class,  6.65,  3.13,  3.05,  0.21,  0.00,  230942275,  490659000,   47966000,  244069274, java, iotlab1, mult, 15
entry_13440540.class,  7.62,  3.64,  3.54,  0.23,  0.00,  262582417,  564345000,   49417000,  274965381, java, iotlab1, mult, 15
entry_13440540.class,  7.61,  3.63,  3.54,  0.23,  0.00,  262757311,  568683000,   43588000,  275339045, java, iotlab1, mult, 15
entry_13440540.class,  7.61,  3.61,  3.52,  0.23,  0.00,  264488300,  556958000,   53476000,  276831753, java, iotlab1, mult, 15
entry_13440540.class,  6.66,  3.16,  3.08,  0.20,  0.00,  229955148,  500673000,   47778000,  242435772, java, iotlab1, mult, 15
entry_13440540.class,  6.68,  3.15,  3.07,  0.21,  0.00,  230377087,  503745000,   46976000,  243078294, java, iotlab1, mult, 15
entry_13440540.class,  7.42,  3.57,  3.48,  0.22,  0.00,  250970548,  563201000,   51926000,  263429943, java, iotlab1, mult, 15
entry_13510401.class,  7.40,  3.52,  3.43,  0.23,  0.00,  251560828,  644805000,   43053000,  264939804, java, iotlab1, mult, 15
entry_13510401.class,  7.58,  3.62,  3.53,  0.23,  0.00,  257919874,  653532000,   50040000,  270349144, java, iotlab1, mult, 15
entry_13510401.class,  7.76,  3.66,  3.57,  0.23,  0.00,  268394379,  626594000,   55963000,  282509879, java, iotlab1, mult, 15
entry_13510401.class,  7.54,  3.61,  3.52,  0.23,  0.00,  254701446,  643311000,   51263000,  267266187, java, iotlab1, mult, 15
entry_13510401.class,  7.69,  3.62,  3.53,  0.23,  0.00,  267904182,  643913000,   48993000,  280222067, java, iotlab1, mult, 15
entry_13510401.class,  7.85,  3.76,  3.68,  0.23,  0.00,  266221991,  649827000,   60076000,  279429751, java, iotlab1, mult, 15
entry_13510401.class,  7.76,  3.67,  3.58,  0.23,  0.00,  267298044,  638189000,   56750000,  281234747, java, iotlab1, mult, 15
entry_13510401.class,  7.52,  3.60,  3.51,  0.23,  0.00,  253682774,  648339000,   49872000,  266202599, java, iotlab1, mult, 15
entry_13510401.class,  7.32,  3.51,  3.43,  0.22,  0.00,  244856481,  627245000,   57022000,  257215013, java, iotlab1, mult, 15
entry_13510401.class,  7.79,  3.75,  3.67,  0.23,  0.00,  262312114,  644501000,   48735000,  274561653, java, iotlab1, mult, 15
entry_13514353.class,  1.14,  0.49,  0.47,  0.04,  0.00,   46579422,   53492000,   11102000,   60592444, java, iotlab1, mult, 15
entry_13514353.class,  1.17,  0.55,  0.53,  0.03,  0.00,   43843342,   51655000,    8940000,   56389211, java, iotlab1, mult, 15
entry_13514353.class,  1.15,  0.54,  0.53,  0.03,  0.00,   42689008,   44797000,   13937000,   55060413, java, iotlab1, mult, 15
entry_13514353.class,  1.16,  0.56,  0.56,  0.03,  0.00,   42473414,   44928000,   14650000,   54797019, java, iotlab1, mult, 15
entry_13514353.class,  1.20,  0.55,  0.53,  0.03,  0.00,   45426045,   46649000,   15211000,   59208523, java, iotlab1, mult, 15
entry_13514353.class,  1.16,  0.53,  0.52,  0.03,  0.00,   44362229,   50053000,   10795000,   56810393, java, iotlab1, mult, 15
entry_13514353.class,  1.18,  0.56,  0.54,  0.03,  0.00,   42980055,   50128000,    9399000,   56378988, java, iotlab1, mult, 15
entry_13514353.class,  1.16,  0.55,  0.54,  0.03,  0.00,   42235515,   47176000,   11322000,   54695754, java, iotlab1, mult, 15
entry_13514353.class,  1.19,  0.57,  0.55,  0.03,  0.00,   43042656,   45042000,   14687000,   55412011, java, iotlab1, mult, 15
entry_13514353.class,  1.19,  0.56,  0.54,  0.03,  0.00,   43849564,   45069000,   15721000,   56302609, java, iotlab1, mult, 15
entry_13590288.class, 12.38,  5.74,  5.59,  0.49,  0.00,  408821275, 1213536000,   58977000,  421961335, java, iotlab1, mult, 15
entry_13590288.class, 13.33,  6.27,  6.11,  0.53,  0.00,  436251343, 1204601000,   46447000,  450934632, java, iotlab1, mult, 15
entry_13590288.class, 11.96,  5.41,  5.25,  0.49,  0.00,  423695706, 1239845000,   56265000,  436709687, java, iotlab1, mult, 15
entry_13590288.class, 12.45,  5.79,  5.63,  0.49,  0.00,  418745372, 1225347000,   63276000,  431373424, java, iotlab1, mult, 15
entry_13590288.class, 14.19,  6.59,  6.42,  0.56,  0.00,  469729944, 1232962000,   62453000,  484585668, java, iotlab1, mult, 15
entry_13590288.class, 12.12,  5.68,  5.54,  0.48,  0.00,  396736716, 1164855000,   64546000,  409198513, java, iotlab1, mult, 15
entry_13590288.class, 12.32,  5.69,  5.53,  0.49,  0.00,  415458138, 1213971000,   68828000,  428667039, java, iotlab1, mult, 15
entry_13590288.class, 12.41,  5.68,  5.53,  0.49,  0.00,  419065883, 1209994000,   51084000,  434141732, java, iotlab1, mult, 15
entry_13590288.class, 12.76,  5.88,  5.73,  0.51,  0.00,  427974505, 1273341000,   66912000,  444275137, java, iotlab1, mult, 15
entry_13590288.class, 12.10,  5.57,  5.43,  0.49,  0.00,  404596961, 1229986000,   63947000,  418577511, java, iotlab1, mult, 15
entry_13701815.class,  5.67,  2.54,  2.47,  0.18,  0.00,  207790760,  438643000,   27226000,  220312001, java, iotlab1, mult, 15
entry_13701815.class,  5.30,  2.50,  2.45,  0.16,  0.00,  185636178,  415108000,   38916000,  198686844, java, iotlab1, mult, 15
entry_13701815.class,  5.38,  2.58,  2.52,  0.16,  0.00,  184161646,  415614000,   36877000,  196611569, java, iotlab1, mult, 15
entry_13701815.class,  5.56,  2.65,  2.59,  0.17,  0.00,  191670134,  443047000,   34846000,  204082424, java, iotlab1, mult, 15
entry_13701815.class,  5.58,  2.67,  2.61,  0.17,  0.00,  192658246,  437201000,   37672000,  205220023, java, iotlab1, mult, 15
entry_13701815.class,  5.63,  2.69,  2.62,  0.17,  0.00,  193866646,  442383000,   34106000,  206357996, java, iotlab1, mult, 15
entry_13701815.class,  5.31,  2.55,  2.49,  0.16,  0.00,  184189695,  420570000,   24380000,  197530514, java, iotlab1, mult, 15
entry_13701815.class,  5.35,  2.55,  2.48,  0.16,  0.00,  184924888,  416458000,   35953000,  197750063, java, iotlab1, mult, 15
entry_13701815.class,  5.34,  2.55,  2.49,  0.16,  0.00,  183074813,  414559000,   33882000,  195637780, java, iotlab1, mult, 15
entry_13701815.class,  5.50,  2.63,  2.57,  0.16,  0.00,  188337167,  427690000,   32976000,  200721460, java, iotlab1, mult, 15
entry_1400575.class,  9.07,  4.30,  4.20,  0.35,  0.00,  294538708,  886519000,   58696000,  306850398, java, iotlab1, mult, 15
entry_1400575.class,  9.39,  4.38,  4.26,  0.36,  0.00,  314140482,  896921000,   57507000,  326540350, java, iotlab1, mult, 15
entry_1400575.class,  9.09,  4.13,  4.02,  0.35,  0.00,  317027466,  863442000,   61888000,  331487339, java, iotlab1, mult, 15
entry_1400575.class,  9.34,  4.37,  4.26,  0.36,  0.00,  314838811,  895346000,   59221000,  327316008, java, iotlab1, mult, 15
entry_1400575.class,  9.05,  4.25,  4.14,  0.35,  0.00,  298942051,  889696000,   50265000,  312320825, java, iotlab1, mult, 15
entry_1400575.class,  9.36,  4.29,  4.17,  0.37,  0.00,  322965789,  908226000,   70639000,  336820514, java, iotlab1, mult, 15
entry_1400575.class,  9.21,  4.27,  4.16,  0.36,  0.00,  309091060,  876896000,   54241000,  321563964, java, iotlab1, mult, 15
entry_1400575.class,  9.07,  4.18,  4.07,  0.36,  0.00,  311372394,  883682000,   59314000,  323664328, java, iotlab1, mult, 15
entry_1400575.class,  9.42,  4.37,  4.25,  0.36,  0.00,  309399667,  914483000,   58157000,  322141662, java, iotlab1, mult, 15
entry_1400575.class,  9.23,  4.32,  4.20,  0.35,  0.00,  305176193,  857727000,   56509000,  317603004, java, iotlab1, mult, 15
entry_14281178.class,  5.48,  2.00,  1.91,  0.22,  0.00,  255661256,  422743000,   38339000,  268508257, java, iotlab1, mult, 15
entry_14281178.class,  4.60,  2.17,  2.11,  0.16,  0.00,  161132307,  305898000,   39986000,  174255368, java, iotlab1, mult, 15
entry_14281178.class,  4.57,  2.15,  2.10,  0.16,  0.00,  160747932,  315866000,   34874000,  173263249, java, iotlab1, mult, 15
entry_14281178.class,  4.54,  2.12,  2.06,  0.16,  0.00,  160464746,  314136000,   33906000,  173028897, java, iotlab1, mult, 15
entry_14281178.class,  4.56,  2.15,  2.10,  0.16,  0.00,  160230963,  314165000,   32534000,  172806054, java, iotlab1, mult, 15
entry_14281178.class,  4.77,  2.25,  2.19,  0.16,  0.00,  166792901,  314638000,   35844000,  179358534, java, iotlab1, mult, 15
entry_14281178.class,  4.63,  2.18,  2.13,  0.16,  0.00,  161024346,  313767000,   34752000,  173338045, java, iotlab1, mult, 15
entry_14281178.class,  4.65,  2.19,  2.14,  0.16,  0.00,  162297024,  314406000,   44075000,  174877312, java, iotlab1, mult, 15
entry_14281178.class,  4.52,  2.16,  2.12,  0.15,  0.00,  153755352,  322430000,   35155000,  166192216, java, iotlab1, mult, 15
entry_14281178.class,  4.53,  2.16,  2.10,  0.16,  0.00,  154168850,  325682000,   32967000,  166615989, java, iotlab1, mult, 15
entry_14331661.class,  6.35,  2.99,  2.92,  0.20,  0.00,  222660282,  469010000,   40654000,  235187586, java, iotlab1, mult, 15
entry_14331661.class,  6.33,  2.99,  2.91,  0.20,  0.00,  219124442,  449987000,   51768000,  232460943, java, iotlab1, mult, 15
entry_14331661.class,  6.05,  2.89,  2.82,  0.19,  0.00,  209877589,  416848000,   45873000,  222486680, java, iotlab1, mult, 15
entry_14331661.class,  6.54,  3.11,  3.03,  0.21,  0.00,  222672452,  493911000,   41992000,  235014225, java, iotlab1, mult, 15
entry_14331661.class,  6.50,  3.09,  3.01,  0.21,  0.00,  223062395,  489901000,   42163000,  235386783, java, iotlab1, mult, 15
entry_14331661.class,  6.27,  2.99,  2.91,  0.20,  0.00,  217045449,  463257000,   39190000,  229391766, java, iotlab1, mult, 15
entry_14331661.class,  6.56,  3.14,  3.07,  0.21,  0.00,  223443499,  482763000,   46264000,  235950289, java, iotlab1, mult, 15
entry_14331661.class,  6.53,  3.12,  3.04,  0.21,  0.00,  222433894,  489144000,   41096000,  234855955, java, iotlab1, mult, 15
entry_14331661.class,  6.12,  2.91,  2.84,  0.19,  0.00,  213164865,  436930000,   37907000,  225696556, java, iotlab1, mult, 15
entry_14331661.class,  6.62,  3.15,  3.08,  0.21,  0.00,  228662722,  497801000,   42495000,  241079710, java, iotlab1, mult, 15
entry_14483910.class,  9.65,  4.47,  4.34,  0.39,  0.00,  326864157,  947058000,   50268000,  339335792, java, iotlab1, mult, 15
entry_14483910.class,  9.57,  4.47,  4.35,  0.37,  0.00,  321537567,  914752000,   54865000,  334488814, java, iotlab1, mult, 15
entry_14483910.class,  9.39,  4.42,  4.32,  0.37,  0.00,  312911725,  923012000,   45245000,  325299804, java, iotlab1, mult, 15
entry_14483910.class, 10.05,  4.73,  4.60,  0.39,  0.00,  334072675,  957922000,   57995000,  346551030, java, iotlab1, mult, 15
entry_14483910.class,  9.99,  4.70,  4.58,  0.39,  0.00,  334081880,  953647000,   61105000,  348189459, java, iotlab1, mult, 15
entry_14483910.class,  9.39,  4.41,  4.29,  0.37,  0.00,  307879701,  903414000,   69184000,  320225954, java, iotlab1, mult, 15
entry_14483910.class,  9.92,  4.59,  4.47,  0.40,  0.00,  329689517,  979034000,   63390000,  342079302, java, iotlab1, mult, 15
entry_14483910.class,  9.37,  4.08,  3.96,  0.39,  0.00,  351927638, 1016256000,   59365000,  365219999, java, iotlab1, mult, 15
entry_14483910.class,  9.22,  4.34,  4.23,  0.35,  0.00,  305376267,  872572000,   53340000,  317913830, java, iotlab1, mult, 15
entry_14483910.class,  9.65,  4.57,  4.46,  0.38,  0.00,  316599994,  954105000,   51166000,  329097113, java, iotlab1, mult, 15
entry_14529159.class,  9.27,  4.44,  4.34,  0.30,  0.00,  318544966,  715639000,   46430000,  330872230, java, iotlab1, mult, 15
entry_14529159.class,  9.75,  4.66,  4.55,  0.32,  0.00,  332701820,  747550000,   57503000,  345085834, java, iotlab1, mult, 15
entry_14529159.class,  9.62,  4.63,  4.52,  0.31,  0.00,  325444796,  726965000,   56074000,  337907982, java, iotlab1, mult, 15
entry_14529159.class,  9.50,  4.60,  4.48,  0.31,  0.00,  314740770,  732521000,   64753000,  327106468, java, iotlab1, mult, 15
entry_14529159.class,  9.53,  4.61,  4.50,  0.31,  0.00,  316225893,  738521000,   49167000,  328546763, java, iotlab1, mult, 15
entry_14529159.class,  9.46,  4.53,  4.42,  0.31,  0.00,  316214333,  738693000,   55750000,  329954759, java, iotlab1, mult, 15
entry_14529159.class,  9.41,  4.56,  4.45,  0.31,  0.00,  312096185,  737747000,   55604000,  324390250, java, iotlab1, mult, 15
entry_14529159.class,  9.98,  4.73,  4.62,  0.32,  0.00,  340089455,  743762000,   54908000,  352643073, java, iotlab1, mult, 15
entry_14529159.class,  9.57,  4.63,  4.53,  0.31,  0.00,  317907323,  720521000,   66139000,  330320586, java, iotlab1, mult, 15
entry_14529159.class,  9.58,  4.63,  4.52,  0.31,  0.00,  318268188,  739068000,   54930000,  330764560, java, iotlab1, mult, 15
entry_14619119.class,  8.98,  4.20,  4.09,  0.34,  0.00,  302069307,  884379000,   42547000,  314676734, java, iotlab1, mult, 15
entry_14619119.class,  8.81,  4.02,  3.92,  0.34,  0.00,  306540451,  878937000,   60270000,  321034349, java, iotlab1, mult, 15
entry_14619119.class,  8.85,  4.13,  4.03,  0.33,  0.00,  299303837,  818602000,   53039000,  312331898, java, iotlab1, mult, 15
entry_14619119.class,  9.26,  4.30,  4.19,  0.36,  0.00,  314355561,  918962000,   45244000,  326931689, java, iotlab1, mult, 15
entry_14619119.class,  9.62,  4.46,  4.35,  0.37,  0.00,  331303429,  929264000,   64785000,  346485832, java, iotlab1, mult, 15
entry_14619119.class,  9.32,  4.36,  4.24,  0.35,  0.00,  315546822,  870851000,   56054000,  327918969, java, iotlab1, mult, 15
entry_14619119.class,  9.50,  4.42,  4.30,  0.36,  0.00,  316617234,  925964000,   57183000,  329417174, java, iotlab1, mult, 15
entry_14619119.class,  9.33,  4.27,  4.16,  0.36,  0.00,  317827365,  914241000,   60949000,  332228964, java, iotlab1, mult, 15
entry_14619119.class,  8.61,  3.99,  3.89,  0.33,  0.00,  291430990,  838651000,   47375000,  304783868, java, iotlab1, mult, 15
entry_14619119.class,  9.31,  4.35,  4.23,  0.36,  0.00,  307658944,  900435000,   60095000,  320123978, java, iotlab1, mult, 15
entry_14637903.class,  4.96,  2.22,  2.16,  0.18,  0.00,  174954388,  350111000,   34911000,  187863489, java, iotlab1, mult, 15
entry_14637903.class,  5.33,  2.50,  2.44,  0.19,  0.00,  182209893,  349601000,   35262000,  194522836, java, iotlab1, mult, 15
entry_14637903.class,  5.06,  2.38,  2.32,  0.18,  0.00,  173230517,  341110000,   33501000,  185627592, java, iotlab1, mult, 15
entry_14637903.class,  5.26,  2.47,  2.39,  0.19,  0.00,  180134098,  363256000,   33114000,  192473025, java, iotlab1, mult, 15
entry_14637903.class,  5.01,  2.35,  2.28,  0.18,  0.00,  172443069,  337275000,   33727000,  184848377, java, iotlab1, mult, 15
entry_14637903.class,  5.09,  2.37,  2.32,  0.18,  0.00,  174932882,  347191000,   33535000,  187366985, java, iotlab1, mult, 15
entry_14637903.class,  4.98,  2.31,  2.24,  0.18,  0.00,  171418349,  331784000,   38741000,  183735440, java, iotlab1, mult, 15
entry_14637903.class,  5.27,  2.49,  2.44,  0.19,  0.00,  180832901,  368729000,   34067000,  193251670, java, iotlab1, mult, 15
entry_14637903.class,  5.02,  2.35,  2.29,  0.18,  0.00,  172762557,  345110000,   36116000,  185322256, java, iotlab1, mult, 15
entry_14637903.class,  5.28,  2.48,  2.41,  0.19,  0.00,  180114483,  356813000,   38870000,  192608848, java, iotlab1, mult, 15
entry_14711628.class,  5.72,  2.65,  2.59,  0.17,  0.00,  204775925,  458093000,   40830000,  218859082, java, iotlab1, mult, 15
entry_14711628.class,  5.71,  2.78,  2.70,  0.16,  0.00,  190275701,  453622000,   37050000,  202835595, java, iotlab1, mult, 15
entry_14711628.class,  5.77,  2.74,  2.68,  0.17,  0.00,  197121733,  445516000,   37873000,  210427266, java, iotlab1, mult, 15
entry_14711628.class,  5.84,  2.75,  2.69,  0.17,  0.00,  201763502,  443278000,   46028000,  216338972, java, iotlab1, mult, 15
entry_14711628.class,  5.82,  2.79,  2.73,  0.17,  0.00,  198630340,  455782000,   34306000,  211017240, java, iotlab1, mult, 15
entry_14711628.class,  5.78,  2.77,  2.70,  0.17,  0.00,  198034274,  448719000,   36547000,  210442044, java, iotlab1, mult, 15
entry_14711628.class,  5.87,  2.80,  2.73,  0.17,  0.00,  200852129,  463274000,   28322000,  213340390, java, iotlab1, mult, 15
entry_14711628.class,  6.09,  2.79,  2.71,  0.18,  0.00,  220115447,  459487000,   38123000,  233252642, java, iotlab1, mult, 15
entry_14711628.class,  5.73,  2.70,  2.63,  0.17,  0.00,  198708135,  444788000,   41165000,  212736074, java, iotlab1, mult, 15
entry_14711628.class,  5.83,  2.78,  2.71,  0.17,  0.00,  200014597,  446361000,   44434000,  212596101, java, iotlab1, mult, 15
entry_14861441.class, 12.31,  5.73,  5.58,  0.47,  0.00,  415098547, 1165774000,   72047000,  427755799, java, iotlab1, mult, 15
entry_14861441.class, 12.68,  5.76,  5.62,  0.48,  0.00,  420968929, 1150065000,   71630000,  434290702, java, iotlab1, mult, 15
entry_14861441.class, 12.23,  5.65,  5.50,  0.47,  0.00,  414381226, 1153710000,   70103000,  427721624, java, iotlab1, mult, 15
entry_14861441.class, 12.36,  5.77,  5.62,  0.47,  0.00,  406971548, 1194315000,   69959000,  420946889, java, iotlab1, mult, 15
entry_14861441.class, 12.04,  5.72,  5.58,  0.46,  0.00,  396402970, 1176606000,   53981000,  408780250, java, iotlab1, mult, 15
entry_14861441.class, 12.25,  5.77,  5.62,  0.47,  0.00,  408479763, 1157562000,   65861000,  420935003, java, iotlab1, mult, 15
entry_14861441.class, 11.58,  5.32,  5.18,  0.43,  0.00,  402998854, 1023282000,   47151000,  415916219, java, iotlab1, mult, 15
entry_14861441.class, 12.19,  5.78,  5.64,  0.46,  0.00,  392079713, 1149844000,   64439000,  404485903, java, iotlab1, mult, 15
entry_14861441.class, 12.01,  5.61,  5.46,  0.46,  0.00,  397671168, 1127374000,   72151000,  410212194, java, iotlab1, mult, 15
entry_14861441.class, 12.07,  5.66,  5.51,  0.46,  0.00,  396244117, 1131779000,   72241000,  408691918, java, iotlab1, mult, 15
entry_15003171.class,  3.46,  1.55,  1.50,  0.10,  0.00,  132879628,  226479000,   31647000,  145453525, java, iotlab1, mult, 15
entry_15003171.class,  3.74,  1.73,  1.68,  0.10,  0.00,  128415390,  225336000,   28914000,  140886611, java, iotlab1, mult, 15
entry_15003171.class,  3.62,  1.71,  1.65,  0.10,  0.00,  130445013,  226584000,   32225000,  142911454, java, iotlab1, mult, 15
entry_15003171.class,  3.62,  1.71,  1.67,  0.10,  0.00,  128949274,  235297000,   24341000,  141395921, java, iotlab1, mult, 15
entry_15003171.class,  3.57,  1.69,  1.65,  0.10,  0.00,  126351616,  226235000,   25686000,  138833468, java, iotlab1, mult, 15
entry_15003171.class,  3.53,  1.66,  1.63,  0.10,  0.00,  126804136,  225161000,   28527000,  139092810, java, iotlab1, mult, 15
entry_15003171.class,  3.39,  1.64,  1.60,  0.09,  0.00,  115102589,  214767000,   31111000,  127611523, java, iotlab1, mult, 15
entry_15003171.class,  3.64,  1.71,  1.66,  0.10,  0.00,  129377841,  232315000,   25251000,  141754613, java, iotlab1, mult, 15
entry_15003171.class,  3.60,  1.70,  1.65,  0.10,  0.00,  127148633,  225394000,   25155000,  139536110, java, iotlab1, mult, 15
entry_15003171.class,  3.56,  1.69,  1.65,  0.10,  0.00,  126705595,  228146000,   22814000,  139203806, java, iotlab1, mult, 15
entry_15308084.class,  6.19,  2.90,  2.82,  0.18,  0.00,  217194261,  486141000,   43459000,  230156906, java, iotlab1, mult, 15
entry_15308084.class,  6.19,  2.94,  2.87,  0.18,  0.00,  212014420,  487743000,   36203000,  225408375, java, iotlab1, mult, 15
entry_15308084.class,  6.20,  2.97,  2.90,  0.18,  0.00,  211903098,  479242000,   47320000,  224249079, java, iotlab1, mult, 15
entry_15308084.class,  6.16,  2.95,  2.89,  0.18,  0.00,  210116112,  487530000,   36187000,  222520728, java, iotlab1, mult, 15
entry_15308084.class,  6.10,  2.91,  2.84,  0.17,  0.00,  209312146,  470279000,   39023000,  221839456, java, iotlab1, mult, 15
entry_15308084.class,  6.14,  2.97,  2.90,  0.17,  0.00,  204869206,  499624000,   34973000,  217397955, java, iotlab1, mult, 15
entry_15308084.class,  6.05,  2.94,  2.87,  0.17,  0.00,  200789526,  485653000,   42969000,  213223207, java, iotlab1, mult, 15
entry_15308084.class,  6.24,  2.97,  2.90,  0.18,  0.00,  213099970,  481056000,   47005000,  225650335, java, iotlab1, mult, 15
entry_15308084.class,  6.46,  3.01,  2.93,  0.19,  0.00,  228313479,  479323000,   49516000,  240834656, java, iotlab1, mult, 15
entry_15308084.class,  6.20,  2.96,  2.89,  0.18,  0.00,  213654013,  491635000,   43878000,  226905639, java, iotlab1, mult, 15
entry_15312235.class,  7.97,  3.78,  3.68,  0.24,  0.00,  273378442,  693346000,   46686000,  286166137, java, iotlab1, mult, 15
entry_15312235.class,  8.20,  3.86,  3.77,  0.24,  0.00,  285576614,  697312000,   54710000,  297955400, java, iotlab1, mult, 15
entry_15312235.class,  7.96,  3.76,  3.67,  0.24,  0.00,  275358392,  659449000,   66045000,  289747394, java, iotlab1, mult, 15
entry_15312235.class,  8.30,  4.01,  3.91,  0.24,  0.00,  281162139,  692894000,   49848000,  293500871, java, iotlab1, mult, 15
entry_15312235.class,  7.93,  3.76,  3.67,  0.24,  0.00,  269073689,  682093000,   51007000,  282092540, java, iotlab1, mult, 15
entry_15312235.class,  8.32,  3.99,  3.90,  0.24,  0.00,  282116493,  699933000,   58994000,  295398951, java, iotlab1, mult, 15
entry_15312235.class,  7.95,  3.75,  3.66,  0.24,  0.00,  276519557,  680370000,   49517000,  290435616, java, iotlab1, mult, 15
entry_15312235.class,  8.03,  3.86,  3.76,  0.24,  0.00,  272074749,  687025000,   52383000,  284535271, java, iotlab1, mult, 15
entry_15312235.class,  7.95,  3.82,  3.73,  0.24,  0.00,  268117473,  660100000,   71118000,  280441436, java, iotlab1, mult, 15
entry_15312235.class,  7.92,  3.75,  3.67,  0.24,  0.00,  273856536,  688507000,   53961000,  286280187, java, iotlab1, mult, 15
entry_15429054.class,  9.46,  4.35,  4.24,  0.36,  0.00,  322082495,  932623000,   54210000,  338480180, java, iotlab1, mult, 15
entry_15429054.class,  9.81,  4.64,  4.52,  0.37,  0.00,  325365721,  962320000,   50488000,  338361307, java, iotlab1, mult, 15
entry_15429054.class,  9.38,  4.31,  4.20,  0.36,  0.00,  321121158,  960821000,   58927000,  334084928, java, iotlab1, mult, 15
entry_15429054.class,  9.33,  4.37,  4.26,  0.35,  0.00,  317348130,  919164000,   46957000,  329837960, java, iotlab1, mult, 15
entry_15429054.class,  8.94,  4.18,  4.06,  0.34,  0.00,  304668733,  831163000,   53266000,  317050841, java, iotlab1, mult, 15
entry_15429054.class,  9.23,  4.29,  4.18,  0.35,  0.00,  311012853,  921559000,   59100000,  325460407, java, iotlab1, mult, 15
entry_15429054.class,  9.37,  4.41,  4.29,  0.35,  0.00,  313017345,  916382000,   56704000,  325292799, java, iotlab1, mult, 15
entry_15429054.class,  9.79,  4.52,  4.41,  0.37,  0.00,  334095913,  985078000,   52216000,  347105496, java, iotlab1, mult, 15
entry_15429054.class,  9.47,  4.41,  4.29,  0.36,  0.00,  316022609,  925203000,   64944000,  328939771, java, iotlab1, mult, 15
entry_15429054.class,  9.53,  4.45,  4.33,  0.36,  0.00,  319573571,  946670000,   54095000,  332143502, java, iotlab1, mult, 15
entry_15518943.class, 13.64,  6.46,  6.29,  0.52,  0.00,  451811192, 1293380000,   63165000,  464735872, java, iotlab1, mult, 15
entry_15518943.class, 13.29,  6.27,  6.11,  0.51,  0.00,  440157034, 1311146000,   64648000,  452624763, java, iotlab1, mult, 15
entry_15518943.class, 14.22,  6.65,  6.48,  0.53,  0.00,  477980136, 1331569000,   78803000,  490537374, java, iotlab1, mult, 15
entry_15518943.class, 13.40,  6.30,  6.14,  0.52,  0.00,  445307615, 1320542000,   52418000,  459655100, java, iotlab1, mult, 15
entry_15518943.class, 13.70,  6.45,  6.28,  0.52,  0.00,  456680237, 1272823000,   57216000,  470595467, java, iotlab1, mult, 15
entry_15518943.class, 13.40,  6.33,  6.16,  0.51,  0.00,  440397115, 1271943000,   66625000,  452878417, java, iotlab1, mult, 15
entry_15518943.class, 13.44,  6.24,  6.07,  0.52,  0.00,  452765214, 1319230000,   55051000,  467590203, java, iotlab1, mult, 15
entry_15518943.class, 13.78,  6.49,  6.33,  0.52,  0.00,  452277567, 1328321000,   53172000,  465677882, java, iotlab1, mult, 15
entry_15518943.class, 13.45,  6.36,  6.21,  0.52,  0.00,  443413237, 1311873000,   64485000,  456666488, java, iotlab1, mult, 15
entry_15518943.class, 13.43,  6.29,  6.14,  0.52,  0.00,  441334925, 1320006000,   69157000,  453734611, java, iotlab1, mult, 15
entry_15575790.class, 11.58,  5.44,  5.31,  0.42,  0.00,  387927381, 1055338000,   72023000,  401556480, java, iotlab1, mult, 15
entry_15575790.class, 11.71,  5.51,  5.37,  0.43,  0.00,  393298333, 1068004000,   64818000,  406686858, java, iotlab1, mult, 15
entry_15575790.class, 12.20,  5.73,  5.59,  0.47,  0.00,  410462396, 1099041000,   67679000,  422925174, java, iotlab1, mult, 15
entry_15575790.class, 11.82,  5.59,  5.46,  0.42,  0.00,  390497690, 1063425000,   65148000,  403968216, java, iotlab1, mult, 15
entry_15575790.class, 11.56,  5.49,  5.35,  0.42,  0.00,  382477039, 1082529000,   57559000,  394846522, java, iotlab1, mult, 15
entry_15575790.class, 11.91,  5.66,  5.52,  0.43,  0.00,  395114697, 1069539000,   66095000,  408455897, java, iotlab1, mult, 15
entry_15575790.class, 13.12,  6.09,  5.93,  0.49,  0.00,  439838349, 1046671000,   55140000,  456232317, java, iotlab1, mult, 15
entry_15575790.class, 11.59,  5.38,  5.24,  0.43,  0.00,  396402774, 1078751000,   53234000,  409782654, java, iotlab1, mult, 15
entry_15575790.class, 11.61,  5.50,  5.37,  0.42,  0.00,  385579260, 1078069000,   42198000,  398789094, java, iotlab1, mult, 15
entry_15575790.class, 11.53,  5.42,  5.28,  0.42,  0.00,  382450081, 1047961000,   64489000,  395132905, java, iotlab1, mult, 15
entry_15691887.class,  9.48,  4.44,  4.32,  0.36,  0.00,  313932038,  888028000,   56064000,  326918643, java, iotlab1, mult, 15
entry_15691887.class,  9.48,  4.45,  4.33,  0.36,  0.00,  311568916,  891385000,   55209000,  324120165, java, iotlab1, mult, 15
entry_15691887.class,  9.21,  4.22,  4.11,  0.36,  0.00,  311315762,  872655000,   64048000,  324626375, java, iotlab1, mult, 15
entry_15691887.class,  9.38,  4.29,  4.17,  0.36,  0.00,  320201519,  869961000,   66996000,  334673644, java, iotlab1, mult, 15
entry_15691887.class,  9.49,  4.40,  4.29,  0.37,  0.00,  319058496,  859053000,   62930000,  331626800, java, iotlab1, mult, 15
entry_15691887.class,  9.25,  4.33,  4.21,  0.36,  0.00,  303316048,  873858000,   66608000,  317267541, java, iotlab1, mult, 15
entry_15691887.class,  9.26,  4.32,  4.21,  0.36,  0.00,  307423297,  883386000,   54146000,  319821074, java, iotlab1, mult, 15
entry_15691887.class,  9.23,  4.25,  4.14,  0.36,  0.00,  311578674,  893283000,   59151000,  323886855, java, iotlab1, mult, 15
entry_15691887.class,  9.13,  4.29,  4.18,  0.35,  0.00,  297467863,  872132000,   58806000,  310949487, java, iotlab1, mult, 15
entry_15691887.class,  9.43,  4.37,  4.26,  0.37,  0.00,  318557183,  874488000,   61681000,  333033130, java, iotlab1, mult, 15
entry_15789714.class,  7.22,  3.31,  3.22,  0.22,  0.00,  260618183,  619095000,   41006000,  273956081, java, iotlab1, mult, 15
entry_15789714.class,  6.94,  3.31,  3.23,  0.21,  0.00,  237796286,  568536000,   48874000,  251041850, java, iotlab1, mult, 15
entry_15789714.class,  7.30,  3.43,  3.34,  0.21,  0.00,  254958857,  582154000,   39535000,  267355157, java, iotlab1, mult, 15
entry_15789714.class,  7.04,  3.32,  3.24,  0.21,  0.00,  242690751,  587195000,   41013000,  256634906, java, iotlab1, mult, 15
entry_15789714.class,  7.70,  3.73,  3.64,  0.22,  0.00,  254478953,  589617000,   40041000,  266896609, java, iotlab1, mult, 15
entry_15789714.class,  7.21,  3.38,  3.30,  0.21,  0.00,  240613453,  575669000,   49286000,  254283440, java, iotlab1, mult, 15
entry_15789714.class,  6.88,  3.29,  3.21,  0.20,  0.00,  233536538,  558215000,   45853000,  245940372, java, iotlab1, mult, 15
entry_15789714.class,  6.97,  3.32,  3.23,  0.20,  0.00,  236567193,  572311000,   40808000,  249563607, java, iotlab1, mult, 15
entry_15789714.class,  7.07,  3.39,  3.32,  0.20,  0.00,  240298314,  563359000,   47691000,  252718971, java, iotlab1, mult, 15
entry_15789714.class,  7.14,  3.45,  3.37,  0.20,  0.00,  237007673,  579271000,   51578000,  249474117, java, iotlab1, mult, 15
entry_15814009.class,  9.05,  4.25,  4.14,  0.34,  0.00,  298972253,  858178000,   48291000,  311519914, java, iotlab1, mult, 15
entry_15814009.class,  9.21,  4.25,  4.13,  0.35,  0.00,  311353792,  864073000,   55260000,  324778748, java, iotlab1, mult, 15
entry_15814009.class,  8.88,  4.08,  3.97,  0.34,  0.00,  303058144,  832101000,   56209000,  317520478, java, iotlab1, mult, 15
entry_15814009.class,  9.09,  4.15,  4.04,  0.35,  0.00,  310305484,  891441000,   63819000,  322740322, java, iotlab1, mult, 15
entry_15814009.class,  9.30,  4.37,  4.25,  0.35,  0.00,  306468149,  889223000,   57401000,  319509391, java, iotlab1, mult, 15
entry_15814009.class,  9.26,  4.36,  4.24,  0.36,  0.00,  304896593,  889406000,   64757000,  317424613, java, iotlab1, mult, 15
entry_15814009.class,  9.47,  4.25,  4.13,  0.37,  0.00,  331373002,  944059000,   51057000,  343761147, java, iotlab1, mult, 15
entry_15814009.class,  9.22,  4.23,  4.12,  0.35,  0.00,  307453223,  865880000,   57523000,  320408589, java, iotlab1, mult, 15
entry_15814009.class,  9.00,  4.15,  4.03,  0.35,  0.00,  305585779,  862911000,   63771000,  318072382, java, iotlab1, mult, 15
entry_15814009.class,  9.46,  4.41,  4.28,  0.36,  0.00,  318442118,  894370000,   56656000,  330882592, java, iotlab1, mult, 15
entry_1595621.class, 11.08,  5.10,  4.97,  0.43,  0.00,  376345836,  983912000,   51047000,  391298908, java, iotlab1, mult, 15
entry_1595621.class, 11.04,  5.11,  4.98,  0.43,  0.00,  371480466,  993733000,   59222000,  385330956, java, iotlab1, mult, 15
entry_1595621.class, 11.08,  5.14,  5.01,  0.42,  0.00,  368396838,  975222000,   57776000,  380868031, java, iotlab1, mult, 15
entry_1595621.class, 10.94,  5.10,  4.97,  0.43,  0.00,  359973097, 1025150000,   48100000,  373994788, java, iotlab1, mult, 15
entry_1595621.class, 10.69,  5.03,  4.91,  0.41,  0.00,  351907894,  964466000,   46165000,  364309501, java, iotlab1, mult, 15
entry_1595621.class, 10.81,  5.08,  4.95,  0.42,  0.00,  357455168,  973591000,   59157000,  369835549, java, iotlab1, mult, 15
entry_1595621.class, 11.00,  5.17,  5.03,  0.42,  0.00,  363862544,  975214000,   57129000,  376346496, java, iotlab1, mult, 15
entry_1595621.class, 10.77,  5.04,  4.91,  0.42,  0.00,  357607886,  963106000,   60069000,  369910394, java, iotlab1, mult, 15
entry_1595621.class, 10.55,  4.88,  4.75,  0.41,  0.00,  356964348,  968911000,   58356000,  371037769, java, iotlab1, mult, 15
entry_1595621.class, 10.52,  4.92,  4.79,  0.41,  0.00,  347771876,  974025000,   59244000,  360236396, java, iotlab1, mult, 15
entry_15958748.class,  6.14,  2.85,  2.78,  0.18,  0.00,  215220007,  525712000,   31220000,  228235366, java, iotlab1, mult, 15
entry_15958748.class,  6.16,  2.93,  2.85,  0.18,  0.00,  210159696,  495226000,   43931000,  222885588, java, iotlab1, mult, 15
entry_15958748.class,  6.20,  2.91,  2.84,  0.18,  0.00,  215042197,  503848000,   46633000,  229062417, java, iotlab1, mult, 15
entry_15958748.class,  6.16,  2.91,  2.84,  0.18,  0.00,  210288482,  499756000,   39584000,  223555405, java, iotlab1, mult, 15
entry_15958748.class,  6.08,  2.89,  2.82,  0.18,  0.00,  206211647,  488237000,   37556000,  218632161, java, iotlab1, mult, 15
entry_15958748.class,  6.20,  2.95,  2.87,  0.18,  0.00,  211532175,  508099000,   35638000,  223987430, java, iotlab1, mult, 15
entry_15958748.class,  6.14,  2.94,  2.87,  0.18,  0.00,  210797312,  507913000,   32929000,  223740707, java, iotlab1, mult, 15
entry_15958748.class,  6.15,  2.94,  2.87,  0.18,  0.00,  210360939,  513592000,   34239000,  223022200, java, iotlab1, mult, 15
entry_15958748.class,  6.29,  3.01,  2.93,  0.18,  0.00,  212486204,  520774000,   34116000,  224806190, java, iotlab1, mult, 15
entry_15958748.class,  6.10,  2.94,  2.87,  0.18,  0.00,  203313705,  508275000,   45113000,  215750693, java, iotlab1, mult, 15
entry_15966077.class,  9.39,  4.42,  4.30,  0.36,  0.00,  310309835,  900770000,   65910000,  322771637, java, iotlab1, mult, 15
entry_15966077.class,  9.58,  4.48,  4.37,  0.36,  0.00,  318500551,  924689000,   61244000,  331843120, java, iotlab1, mult, 15
entry_15966077.class,  9.37,  4.13,  4.01,  0.37,  0.00,  335515079,  963278000,   65221000,  350025592, java, iotlab1, mult, 15
entry_15966077.class,  9.74,  4.48,  4.36,  0.37,  0.00,  334755112,  974582000,   48426000,  347185164, java, iotlab1, mult, 15
entry_15966077.class,  9.31,  4.36,  4.24,  0.35,  0.00,  307429247,  920244000,   58332000,  319994634, java, iotlab1, mult, 15
entry_15966077.class,  9.87,  4.63,  4.51,  0.37,  0.00,  326959901,  946071000,   45051000,  339331475, java, iotlab1, mult, 15
entry_15966077.class,  9.85,  4.59,  4.47,  0.37,  0.00,  326773305,  931228000,   59461000,  339086243, java, iotlab1, mult, 15
entry_15966077.class,  9.64,  4.48,  4.37,  0.36,  0.00,  324805309,  933907000,   65712000,  337344028, java, iotlab1, mult, 15
entry_15966077.class,  9.49,  4.39,  4.28,  0.36,  0.00,  320142200,  912402000,   58832000,  334375317, java, iotlab1, mult, 15
entry_15966077.class,  9.18,  4.10,  3.98,  0.36,  0.00,  327414597,  923060000,   54595000,  340604246, java, iotlab1, mult, 15
entry_16000483.class,  9.14,  4.28,  4.18,  0.35,  0.00,  303754909,  863466000,   55544000,  317171039, java, iotlab1, mult, 15
entry_16000483.class,  9.13,  4.16,  4.05,  0.35,  0.00,  314246831,  852199000,   68533000,  326475351, java, iotlab1, mult, 15
entry_16000483.class,  9.13,  4.29,  4.19,  0.35,  0.00,  303701746,  857740000,   42432000,  316420416, java, iotlab1, mult, 15
entry_16000483.class,  9.29,  4.27,  4.16,  0.35,  0.00,  315956572,  860609000,   51697000,  330092368, java, iotlab1, mult, 15
entry_16000483.class,  9.20,  4.31,  4.21,  0.35,  0.00,  307854025,  892503000,   52029000,  320376134, java, iotlab1, mult, 15
entry_16000483.class,  9.46,  4.36,  4.25,  0.36,  0.00,  322082649,  866599000,   49606000,  336819765, java, iotlab1, mult, 15
entry_16000483.class,  8.76,  4.03,  3.92,  0.33,  0.00,  300519306,  783947000,   57288000,  315410037, java, iotlab1, mult, 15
entry_16000483.class,  9.46,  4.39,  4.28,  0.36,  0.00,  322584980,  880177000,   49177000,  335248033, java, iotlab1, mult, 15
entry_16000483.class,  9.04,  4.20,  4.09,  0.34,  0.00,  301068713,  851874000,   60488000,  315820404, java, iotlab1, mult, 15
entry_16000483.class,  9.16,  4.24,  4.13,  0.35,  0.00,  309325924,  829301000,   58231000,  322828424, java, iotlab1, mult, 15
entry_1607252.class,  9.27,  4.11,  3.99,  0.37,  0.00,  328770709,  941916000,   58056000,  342280206, java, iotlab1, mult, 15
entry_1607252.class,  9.42,  4.35,  4.23,  0.36,  0.00,  317987722,  884309000,   67328000,  330438510, java, iotlab1, mult, 15
entry_1607252.class,  9.54,  4.31,  4.19,  0.37,  0.00,  332031836,  917381000,   59283000,  347076286, java, iotlab1, mult, 15
entry_1607252.class,  9.38,  4.39,  4.27,  0.36,  0.00,  310120787,  879862000,   63714000,  322899688, java, iotlab1, mult, 15
entry_1607252.class,  8.88,  4.13,  4.02,  0.33,  0.00,  298899068,  804286000,   52475000,  313084359, java, iotlab1, mult, 15
entry_1607252.class,  9.32,  4.28,  4.17,  0.36,  0.00,  314122286,  900615000,   54217000,  329445747, java, iotlab1, mult, 15
entry_1607252.class,  9.06,  4.24,  4.12,  0.35,  0.00,  298587206,  860817000,   45253000,  310959050, java, iotlab1, mult, 15
entry_1607252.class,  9.40,  4.35,  4.24,  0.36,  0.00,  309788184,  889511000,   66486000,  322135752, java, iotlab1, mult, 15
entry_1607252.class,  9.13,  4.23,  4.11,  0.35,  0.00,  305810555,  874085000,   67160000,  318162451, java, iotlab1, mult, 15
entry_1607252.class,  8.76,  4.00,  3.89,  0.33,  0.00,  302922874,  798101000,   67431000,  316068468, java, iotlab1, mult, 15
entry_1650841.class,  9.00,  4.20,  4.09,  0.34,  0.00,  298881289,  840421000,   51964000,  311380045, java, iotlab1, mult, 15
entry_1650841.class,  9.09,  4.14,  4.03,  0.35,  0.00,  309323746,  858289000,   63539000,  323002229, java, iotlab1, mult, 15
entry_1650841.class,  9.10,  4.20,  4.09,  0.35,  0.00,  305096897,  854023000,   71758000,  319077194, java, iotlab1, mult, 15
entry_1650841.class,  9.01,  4.03,  3.92,  0.35,  0.00,  313763075,  865494000,   70039000,  326368876, java, iotlab1, mult, 15
entry_1650841.class,  8.76,  4.03,  3.92,  0.34,  0.00,  293195363,  856630000,   66280000,  306835363, java, iotlab1, mult, 15
entry_1650841.class,  9.15,  4.08,  3.96,  0.36,  0.00,  317889395,  869276000,   68099000,  331417826, java, iotlab1, mult, 15
entry_1650841.class,  9.31,  4.37,  4.25,  0.35,  0.00,  303629826,  875394000,   55341000,  316269739, java, iotlab1, mult, 15
entry_1650841.class,  8.92,  4.10,  3.99,  0.34,  0.00,  299628409,  851761000,   47432000,  313303405, java, iotlab1, mult, 15
entry_1650841.class,  9.11,  4.24,  4.13,  0.35,  0.00,  301578628,  845895000,   52427000,  314560820, java, iotlab1, mult, 15
entry_1650841.class,  9.10,  4.15,  4.04,  0.36,  0.00,  312006579,  853214000,   61447000,  325404553, java, iotlab1, mult, 15
entry_1726935.class,  9.15,  4.25,  4.13,  0.35,  0.00,  306213704,  860983000,   58862000,  319053233, java, iotlab1, mult, 15
entry_1726935.class,  9.06,  4.22,  4.11,  0.35,  0.00,  302887079,  843557000,   59819000,  315551402, java, iotlab1, mult, 15
entry_1726935.class,  9.45,  4.31,  4.19,  0.36,  0.00,  321793693,  909095000,   60204000,  334686447, java, iotlab1, mult, 15
entry_1726935.class,  8.77,  4.04,  3.93,  0.33,  0.00,  299381897,  808762000,   57195000,  311933890, java, iotlab1, mult, 15
entry_1726935.class,  9.05,  4.21,  4.09,  0.34,  0.00,  303787795,  834511000,   59463000,  316368398, java, iotlab1, mult, 15
entry_1726935.class,  9.52,  4.42,  4.31,  0.36,  0.00,  319835490,  880601000,   60246000,  333518466, java, iotlab1, mult, 15
entry_1726935.class,  9.25,  4.29,  4.18,  0.35,  0.00,  301924715,  865235000,   55142000,  314457665, java, iotlab1, mult, 15
entry_1726935.class,  9.55,  4.41,  4.29,  0.37,  0.00,  325049976,  899960000,   53056000,  339502324, java, iotlab1, mult, 15
entry_1726935.class,  9.00,  4.07,  3.97,  0.35,  0.00,  313417427,  862605000,   56973000,  327854941, java, iotlab1, mult, 15
entry_1726935.class,  9.16,  4.27,  4.15,  0.35,  0.00,  306437346,  852189000,   58424000,  318863497, java, iotlab1, mult, 15
entry_1769570.class,  9.43,  4.40,  4.29,  0.38,  0.00,  314130310,  914330000,   59411000,  327677424, java, iotlab1, mult, 15
entry_1769570.class,  9.65,  4.35,  4.22,  0.40,  0.00,  336133695,  988343000,   61647000,  348596948, java, iotlab1, mult, 15
entry_1769570.class,  9.50,  4.40,  4.29,  0.38,  0.00,  318914624,  946825000,   59239000,  332313602, java, iotlab1, mult, 15
entry_1769570.class,  9.59,  4.45,  4.33,  0.38,  0.00,  320135400,  926303000,   67312000,  333498410, java, iotlab1, mult, 15
entry_1769570.class,  9.57,  4.45,  4.34,  0.38,  0.00,  319271187,  928613000,   63177000,  331653134, java, iotlab1, mult, 15
entry_1769570.class,  9.74,  4.54,  4.43,  0.38,  0.00,  321687440,  924867000,   62395000,  334300418, java, iotlab1, mult, 15
entry_1769570.class,  9.83,  4.52,  4.39,  0.39,  0.00,  330505443,  949465000,   65031000,  342954697, java, iotlab1, mult, 15
entry_1769570.class,  9.60,  4.41,  4.29,  0.38,  0.00,  324036132,  946355000,   49278000,  336424652, java, iotlab1, mult, 15
entry_1769570.class,  9.58,  4.44,  4.33,  0.38,  0.00,  319761729,  949104000,   62269000,  332215942, java, iotlab1, mult, 15
entry_1769570.class,  9.63,  4.50,  4.38,  0.38,  0.00,  316439543,  944853000,   69504000,  329467084, java, iotlab1, mult, 15
entry_1948687.class, 11.78,  5.51,  5.37,  0.45,  0.00,  393103532, 1087824000,   56510000,  406608276, java, iotlab1, mult, 15
entry_1948687.class, 11.88,  5.45,  5.31,  0.46,  0.00,  411210723, 1104078000,   60332000,  424674538, java, iotlab1, mult, 15
entry_1948687.class, 11.47,  5.28,  5.13,  0.44,  0.00,  390203024, 1072176000,   69530000,  402690584, java, iotlab1, mult, 15
entry_1948687.class, 11.81,  5.51,  5.37,  0.45,  0.00,  393173871, 1091774000,   62272000,  405682877, java, iotlab1, mult, 15
entry_1948687.class, 11.34,  5.35,  5.22,  0.43,  0.00,  376203785, 1022607000,   59801000,  388744925, java, iotlab1, mult, 15
entry_1948687.class, 11.27,  5.26,  5.12,  0.43,  0.00,  375656362, 1047091000,   49814000,  389799820, java, iotlab1, mult, 15
entry_1948687.class, 11.51,  5.34,  5.20,  0.44,  0.00,  388346444, 1058093000,   56217000,  401547923, java, iotlab1, mult, 15
entry_1948687.class, 11.66,  5.42,  5.29,  0.45,  0.00,  389145448, 1074927000,   66118000,  403930540, java, iotlab1, mult, 15
entry_1948687.class, 11.09,  5.20,  5.07,  0.42,  0.00,  369701631, 1019894000,   54047000,  382214719, java, iotlab1, mult, 15
entry_1948687.class, 11.47,  5.40,  5.27,  0.43,  0.00,  379454350, 1044040000,   64063000,  391978358, java, iotlab1, mult, 15
entry_1967280.class, 11.23,  5.26,  5.13,  0.44,  0.00,  366827427, 1013019000,   56888000,  379795270, java, iotlab1, mult, 15
entry_1967280.class, 10.53,  4.82,  4.69,  0.42,  0.00,  359400110,  930511000,   61017000,  374205670, java, iotlab1, mult, 15
entry_1967280.class, 11.79,  5.43,  5.28,  0.47,  0.00,  397866241, 1078425000,   49339000,  413215358, java, iotlab1, mult, 15
entry_1967280.class, 11.30,  5.29,  5.15,  0.44,  0.00,  373950198,  991043000,   58178000,  386758278, java, iotlab1, mult, 15
entry_1967280.class, 11.15,  5.27,  5.14,  0.44,  0.00,  361325213, 1011900000,   48090000,  374144888, java, iotlab1, mult, 15
entry_1967280.class, 11.37,  5.22,  5.08,  0.45,  0.00,  386161992, 1013122000,   71290000,  400555085, java, iotlab1, mult, 15
entry_1967280.class, 11.18,  5.22,  5.09,  0.44,  0.00,  367870917,  988665000,   56980000,  380239545, java, iotlab1, mult, 15
entry_1967280.class, 11.14,  5.25,  5.12,  0.44,  0.00,  362150459, 1038965000,   56268000,  374634148, java, iotlab1, mult, 15
entry_1967280.class, 10.66,  4.89,  4.76,  0.42,  0.00,  363663796,  968211000,   65351000,  376456186, java, iotlab1, mult, 15
entry_1967280.class, 11.41,  5.40,  5.27,  0.45,  0.00,  372441955, 1034759000,   51586000,  384900162, java, iotlab1, mult, 15
entry_2078570.class, 10.04,  4.68,  4.56,  0.41,  0.00,  333603697,  991769000,   66051000,  346566062, java, iotlab1, mult, 15
entry_2078570.class,  9.70,  4.50,  4.38,  0.39,  0.00,  326002678,  930950000,   57304000,  338493035, java, iotlab1, mult, 15
entry_2078570.class,  9.91,  4.60,  4.48,  0.40,  0.00,  327753400,  954264000,   68305000,  340430619, java, iotlab1, mult, 15
entry_2078570.class, 10.38,  4.80,  4.67,  0.42,  0.00,  344210787, 1044063000,   62422000,  356658389, java, iotlab1, mult, 15
entry_2078570.class, 10.80,  5.02,  4.89,  0.43,  0.00,  358935085, 1055814000,   60274000,  371868883, java, iotlab1, mult, 15
entry_2078570.class, 10.14,  4.69,  4.57,  0.41,  0.00,  339579128,  995742000,   55263000,  352661915, java, iotlab1, mult, 15
entry_2078570.class, 10.72,  4.84,  4.70,  0.43,  0.00,  369881463, 1060339000,   70622000,  382889835, java, iotlab1, mult, 15
entry_2078570.class, 10.28,  4.70,  4.58,  0.42,  0.00,  350821144, 1029070000,   58889000,  363859517, java, iotlab1, mult, 15
entry_2078570.class, 10.50,  4.83,  4.70,  0.42,  0.00,  352872727, 1020541000,   66969000,  367453839, java, iotlab1, mult, 15
entry_2078570.class, 11.30,  5.29,  5.14,  0.45,  0.00,  369526934, 1020005000,   73359000,  383992614, java, iotlab1, mult, 15
entry_2097119.class,  5.15,  2.41,  2.35,  0.15,  0.00,  183328749,  381878000,   35708000,  196172133, java, iotlab1, mult, 15
entry_2097119.class,  5.17,  2.47,  2.41,  0.15,  0.00,  180066556,  371034000,   37799000,  192490169, java, iotlab1, mult, 15
entry_2097119.class,  5.41,  2.63,  2.55,  0.16,  0.00,  182107095,  374220000,   37021000,  194895868, java, iotlab1, mult, 15
entry_2097119.class,  5.99,  2.85,  2.78,  0.19,  0.00,  203928840,  388848000,   44671000,  220469521, java, iotlab1, mult, 15
entry_2097119.class,  5.33,  2.53,  2.47,  0.15,  0.00,  186261582,  398525000,   30191000,  200857234, java, iotlab1, mult, 15
entry_2097119.class,  5.20,  2.49,  2.43,  0.15,  0.00,  180019187,  368550000,   40169000,  192369390, java, iotlab1, mult, 15
entry_2097119.class,  5.18,  2.48,  2.42,  0.15,  0.00,  179152343,  373487000,   36047000,  191591200, java, iotlab1, mult, 15
entry_2097119.class,  5.11,  2.45,  2.38,  0.14,  0.00,  177508172,  360828000,   35675000,  190026492, java, iotlab1, mult, 15
entry_2097119.class,  5.38,  2.48,  2.42,  0.16,  0.00,  196951516,  362397000,   48052000,  209463040, java, iotlab1, mult, 15
entry_2097119.class,  5.03,  2.40,  2.34,  0.14,  0.00,  176036191,  345321000,   44525000,  188576967, java, iotlab1, mult, 15
entry_2153042.class,  3.34,  1.50,  1.45,  0.09,  0.00,  127408686,  235157000,   17084000,  139808780, java, iotlab1, mult, 15
entry_2153042.class,  3.33,  1.60,  1.56,  0.09,  0.00,  118850836,  218065000,   21299000,  131398957, java, iotlab1, mult, 15
entry_2153042.class,  3.42,  1.65,  1.61,  0.09,  0.00,  121055676,  216561000,   23059000,  133561581, java, iotlab1, mult, 15
entry_2153042.class,  3.33,  1.62,  1.58,  0.09,  0.00,  113348774,  243415000,   17738000,  125779579, java, iotlab1, mult, 15
entry_2153042.class,  3.51,  1.68,  1.64,  0.09,  0.00,  123950393,  236104000,   27126000,  136299620, java, iotlab1, mult, 15
entry_2153042.class,  3.40,  1.62,  1.59,  0.09,  0.00,  120785653,  234703000,   23470000,  133311491, java, iotlab1, mult, 15
entry_2153042.class,  3.34,  1.60,  1.57,  0.09,  0.00,  118809984,  216224000,   17096000,  131301372, java, iotlab1, mult, 15
entry_2153042.class,  3.32,  1.57,  1.53,  0.09,  0.00,  119187783,  214337000,   24150000,  131582537, java, iotlab1, mult, 15
entry_2153042.class,  3.46,  1.66,  1.63,  0.09,  0.00,  122314535,  244161000,   17081000,  135056914, java, iotlab1, mult, 15
entry_2153042.class,  3.48,  1.64,  1.60,  0.09,  0.00,  121861631,  239447000,   19035000,  134326759, java, iotlab1, mult, 15
entry_2698212.class,  9.22,  4.25,  4.13,  0.35,  0.00,  314159330,  862831000,   73582000,  328735476, java, iotlab1, mult, 15
entry_2698212.class,  9.14,  4.25,  4.14,  0.35,  0.00,  308832773,  883468000,   45023000,  321313438, java, iotlab1, mult, 15
entry_2698212.class,  9.08,  4.13,  4.01,  0.34,  0.00,  311341457,  863506000,   48083000,  324462316, java, iotlab1, mult, 15
entry_2698212.class,  8.92,  4.20,  4.09,  0.33,  0.00,  295272937,  817609000,   51848000,  307681525, java, iotlab1, mult, 15
entry_2698212.class,  9.50,  4.32,  4.20,  0.35,  0.00,  319995962,  865710000,   59391000,  334085003, java, iotlab1, mult, 15
entry_2698212.class,  9.14,  4.23,  4.12,  0.34,  0.00,  296875002,  847368000,   49553000,  309298557, java, iotlab1, mult, 15
entry_2698212.class,  9.04,  4.18,  4.07,  0.34,  0.00,  305477537,  856201000,   47454000,  318490401, java, iotlab1, mult, 15
entry_2698212.class,  8.90,  4.18,  4.07,  0.34,  0.00,  296141299,  829698000,   58118000,  308458648, java, iotlab1, mult, 15
entry_2698212.class,  9.38,  4.37,  4.26,  0.36,  0.00,  310365293,  898432000,   60297000,  322705649, java, iotlab1, mult, 15
entry_2698212.class,  9.07,  4.19,  4.08,  0.35,  0.00,  304278676,  856087000,   60287000,  317870054, java, iotlab1, mult, 15
entry_3169002.class,  8.89,  4.10,  3.99,  0.34,  0.00,  300414587,  846807000,   49455000,  312820229, java, iotlab1, mult, 15
entry_3169002.class,  9.35,  4.36,  4.25,  0.36,  0.00,  309311439,  898978000,   63138000,  322291178, java, iotlab1, mult, 15
entry_3169002.class,  9.38,  4.27,  4.16,  0.37,  0.00,  319075729,  931661000,   59978000,  332721966, java, iotlab1, mult, 15
entry_3169002.class,  8.86,  4.15,  4.04,  0.33,  0.00,  294712412,  827776000,   50741000,  307191832, java, iotlab1, mult, 15
entry_3169002.class,  8.39,  3.79,  3.69,  0.32,  0.00,  294503253,  812342000,   54357000,  308012164, java, iotlab1, mult, 15
entry_3169002.class,  8.72,  3.94,  3.83,  0.33,  0.00,  304810640,  813735000,   51983000,  318964223, java, iotlab1, mult, 15
entry_3169002.class,  8.89,  4.15,  4.04,  0.33,  0.00,  293754018,  839687000,   41735000,  306312315, java, iotlab1, mult, 15
entry_3169002.class,  9.34,  4.34,  4.23,  0.35,  0.00,  305218279,  861685000,   66206000,  318474989, java, iotlab1, mult, 15
entry_3169002.class,  9.11,  4.16,  4.06,  0.34,  0.00,  310557172,  844720000,   53234000,  322923068, java, iotlab1, mult, 15
entry_3169002.class,  9.74,  4.51,  4.39,  0.37,  0.00,  326096359,  895173000,   64517000,  338621328, java, iotlab1, mult, 15
entry_3203535.class,  9.73,  4.53,  4.41,  0.37,  0.00,  325513525,  974383000,   60023000,  337923565, java, iotlab1, mult, 15
entry_3203535.class,  9.93,  4.63,  4.51,  0.38,  0.00,  330529504,  991033000,   65265000,  343880379, java, iotlab1, mult, 15
entry_3203535.class,  9.81,  4.56,  4.44,  0.37,  0.00,  329743347,  992946000,   50250000,  342690203, java, iotlab1, mult, 15
entry_3203535.class,  9.77,  4.55,  4.44,  0.37,  0.00,  327587121,  967545000,   55087000,  339870060, java, iotlab1, mult, 15
entry_3203535.class,  9.88,  4.56,  4.44,  0.38,  0.00,  331780321,  977043000,   68282000,  344228282, java, iotlab1, mult, 15
entry_3203535.class,  9.49,  4.29,  4.17,  0.36,  0.00,  332809879,  938631000,   58538000,  345757858, java, iotlab1, mult, 15
entry_3203535.class, 10.17,  4.71,  4.59,  0.38,  0.00,  339915823, 1024051000,   66067000,  352571661, java, iotlab1, mult, 15
entry_3203535.class, 10.40,  4.83,  4.70,  0.39,  0.00,  348926067, 1003309000,   56073000,  362860731, java, iotlab1, mult, 15
entry_3203535.class, 12.99,  6.15,  6.00,  0.42,  0.00,  433425075, 1129900000,   42182000,  445861015, java, iotlab1, mult, 15
entry_3203535.class,  9.94,  4.71,  4.60,  0.36,  0.00,  324251584,  957270000,   55957000,  336835626, java, iotlab1, mult, 15
entry_3620480.class,  9.28,  4.30,  4.18,  0.36,  0.00,  310219184,  886024000,   56383000,  322557893, java, iotlab1, mult, 15
entry_3620480.class,  8.95,  4.12,  4.01,  0.34,  0.00,  304696925,  833967000,   52311000,  317104690, java, iotlab1, mult, 15
entry_3620480.class,  9.54,  4.34,  4.22,  0.37,  0.00,  327521010,  917172000,   57575000,  341536967, java, iotlab1, mult, 15
entry_3620480.class,  9.35,  4.29,  4.18,  0.36,  0.00,  318239505,  891574000,   65335000,  333122902, java, iotlab1, mult, 15
entry_3620480.class,  9.46,  4.39,  4.28,  0.36,  0.00,  313522310,  894616000,   53856000,  326072286, java, iotlab1, mult, 15
entry_3620480.class,  9.85,  4.53,  4.40,  0.38,  0.00,  333157744,  929967000,   60997000,  346867940, java, iotlab1, mult, 15
entry_3620480.class,  8.91,  4.12,  4.00,  0.34,  0.00,  301541083,  841612000,   51976000,  314055450, java, iotlab1, mult, 15
entry_3620480.class,  9.26,  4.32,  4.19,  0.36,  0.00,  304437085,  885392000,   78767000,  317028642, java, iotlab1, mult, 15
entry_3620480.class,  9.32,  4.30,  4.19,  0.36,  0.00,  313341224,  891733000,   63623000,  328200294, java, iotlab1, mult, 15
entry_3620480.class,  9.47,  4.39,  4.27,  0.36,  0.00,  317175402,  917712000,   50148000,  329770022, java, iotlab1, mult, 15
entry_3875617.class,  7.28,  3.37,  3.28,  0.23,  0.00,  255614378,  625437000,   49875000,  268079722, java, iotlab1, mult, 15
entry_3875617.class,  7.40,  3.50,  3.41,  0.23,  0.00,  251513082,  608656000,   45898000,  264052670, java, iotlab1, mult, 15
entry_3875617.class,  7.24,  3.46,  3.37,  0.23,  0.00,  244816530,  596667000,   48809000,  257219152, java, iotlab1, mult, 15
entry_3875617.class,  7.19,  3.40,  3.32,  0.23,  0.00,  245310223,  595198000,   47935000,  257884296, java, iotlab1, mult, 15
entry_3875617.class,  7.28,  3.46,  3.38,  0.23,  0.00,  246870161,  593980000,   48589000,  259416856, java, iotlab1, mult, 15
entry_3875617.class,  7.13,  3.39,  3.31,  0.23,  0.00,  243270896,  591712000,   52884000,  256494283, java, iotlab1, mult, 15
entry_3875617.class,  7.01,  3.36,  3.28,  0.22,  0.00,  233984764,  590902000,   51514000,  246988316, java, iotlab1, mult, 15
entry_3875617.class,  7.21,  3.39,  3.30,  0.23,  0.00,  248036529,  600504000,   48797000,  260762479, java, iotlab1, mult, 15
entry_3875617.class,  7.04,  3.33,  3.25,  0.22,  0.00,  237589956,  598002000,   52174000,  250473139, java, iotlab1, mult, 15
entry_3875617.class,  7.23,  3.43,  3.36,  0.23,  0.00,  247999390,  603817000,   50318000,  260368709, java, iotlab1, mult, 15
entry_4077379.class, 11.76,  5.59,  5.45,  0.39,  0.00,  391796616, 1037218000,   42335000,  405102083, java, iotlab1, mult, 15
entry_4077379.class,  9.27,  4.24,  4.13,  0.36,  0.00,  318639885,  879020000,   66531000,  333068802, java, iotlab1, mult, 15
entry_4077379.class,  9.67,  4.49,  4.37,  0.37,  0.00,  325836695,  937922000,   55349000,  340403988, java, iotlab1, mult, 15
entry_4077379.class,  9.52,  4.36,  4.25,  0.37,  0.00,  322508687,  931579000,   56095000,  335001700, java, iotlab1, mult, 15
entry_4077379.class, 11.63,  5.45,  5.31,  0.40,  0.00,  396255706, 1039069000,   46136000,  408859620, java, iotlab1, mult, 15
entry_4077379.class,  9.77,  4.52,  4.40,  0.37,  0.00,  329302989,  929451000,   41286000,  344084949, java, iotlab1, mult, 15
entry_4077379.class, 11.72,  5.49,  5.35,  0.40,  0.00,  397264737, 1041982000,   56106000,  410667501, java, iotlab1, mult, 15
entry_4077379.class,  9.70,  4.49,  4.37,  0.37,  0.00,  324934944,  894106000,   61007000,  339414319, java, iotlab1, mult, 15
entry_4077379.class, 11.80,  5.54,  5.40,  0.40,  0.00,  393972781, 1051788000,   55882000,  407834317, java, iotlab1, mult, 15
entry_4077379.class,  9.78,  4.50,  4.38,  0.37,  0.00,  330538150,  930696000,   67122000,  343011630, java, iotlab1, mult, 15
entry_4209895.class,  8.73,  4.11,  4.01,  0.33,  0.00,  289435156,  826581000,   56971000,  301976965, java, iotlab1, mult, 15
entry_4209895.class,  9.03,  4.21,  4.11,  0.34,  0.00,  304384694,  855680000,   64201000,  316875577, java, iotlab1, mult, 15
entry_4209895.class,  9.60,  4.38,  4.27,  0.37,  0.00,  331522115,  935239000,   58014000,  344659321, java, iotlab1, mult, 15
entry_4209895.class,  9.26,  4.37,  4.26,  0.36,  0.00,  307798534,  896021000,   60473000,  320247367, java, iotlab1, mult, 15
entry_4209895.class,  9.19,  4.26,  4.15,  0.35,  0.00,  308632474,  904805000,   54167000,  320937848, java, iotlab1, mult, 15
entry_4209895.class,  9.34,  4.30,  4.18,  0.36,  0.00,  321308535,  934267000,   62150000,  334438725, java, iotlab1, mult, 15
entry_4209895.class,  8.71,  4.05,  3.95,  0.34,  0.00,  295398144,  874929000,   54181000,  307711840, java, iotlab1, mult, 15
entry_4209895.class,  8.93,  4.14,  4.03,  0.34,  0.00,  299921328,  828521000,   50335000,  312648242, java, iotlab1, mult, 15
entry_4209895.class,  9.14,  4.17,  4.06,  0.35,  0.00,  308242527,  894935000,   63207000,  322782717, java, iotlab1, mult, 15
entry_4209895.class,  9.28,  4.30,  4.19,  0.35,  0.00,  311309783,  883574000,   42901000,  323831787, java, iotlab1, mult, 15
entry_4256951.class,  4.75,  2.15,  2.08,  0.18,  0.00,  173806655,  381899000,   30830000,  186311554, java, iotlab1, mult, 15
entry_4256951.class,  4.94,  2.28,  2.22,  0.18,  0.00,  170797825,  341506000,   45666000,  184076735, java, iotlab1, mult, 15
entry_4256951.class,  5.21,  2.43,  2.36,  0.19,  0.00,  176424108,  363332000,   46169000,  188929001, java, iotlab1, mult, 15
entry_4256951.class,  5.07,  2.36,  2.30,  0.18,  0.00,  173325214,  353031000,   40772000,  185756711, java, iotlab1, mult, 15
entry_4256951.class,  5.09,  2.40,  2.34,  0.18,  0.00,  172802971,  362404000,   33128000,  185375498, java, iotlab1, mult, 15
entry_4256951.class,  4.79,  2.23,  2.18,  0.17,  0.00,  165350102,  334418000,   35149000,  178665624, java, iotlab1, mult, 15
entry_4256951.class,  4.93,  2.31,  2.24,  0.18,  0.00,  169705765,  352784000,   41974000,  182155785, java, iotlab1, mult, 15
entry_4256951.class,  5.02,  2.37,  2.31,  0.18,  0.00,  170787345,  330524000,   52923000,  183325478, java, iotlab1, mult, 15
entry_4256951.class,  5.01,  2.37,  2.30,  0.18,  0.00,  171593827,  343973000,   39807000,  184040360, java, iotlab1, mult, 15
entry_4256951.class,  5.23,  2.47,  2.40,  0.18,  0.00,  176897840,  362565000,   42535000,  189267024, java, iotlab1, mult, 15
entry_4417678.class,  4.76,  2.21,  2.16,  0.17,  0.00,  166505942,  328283000,   36588000,  179529812, java, iotlab1, mult, 15
entry_4417678.class,  4.78,  2.21,  2.16,  0.17,  0.00,  167133505,  326642000,   40955000,  180294206, java, iotlab1, mult, 15
entry_4417678.class,  4.96,  2.32,  2.25,  0.17,  0.00,  170123662,  340067000,   37116000,  182546782, java, iotlab1, mult, 15
entry_4417678.class,  4.86,  2.26,  2.21,  0.17,  0.00,  165746045,  341851000,   39444000,  178227809, java, iotlab1, mult, 15
entry_4417678.class,  4.81,  2.25,  2.19,  0.17,  0.00,  167089838,  336096000,   30098000,  179624902, java, iotlab1, mult, 15
entry_4417678.class,  4.67,  2.20,  2.14,  0.16,  0.00,  161091148,  324517000,   37522000,  173510344, java, iotlab1, mult, 15
entry_4417678.class,  4.73,  2.26,  2.20,  0.17,  0.00,  157557729,  345548000,   38394000,  170084117, java, iotlab1, mult, 15
entry_4417678.class,  4.68,  2.26,  2.20,  0.16,  0.00,  156587054,  325858000,   38336000,  168954532, java, iotlab1, mult, 15
entry_4417678.class,  4.89,  2.30,  2.24,  0.17,  0.00,  170423166,  341253000,   35921000,  182866880, java, iotlab1, mult, 15
entry_4417678.class,  4.68,  2.23,  2.18,  0.16,  0.00,  157433061,  334166000,   34119000,  170006566, java, iotlab1, mult, 15
entry_485500.class,  4.55,  2.10,  2.04,  0.17,  0.00,  158018630,  328169000,   48768000,  170965377, java, iotlab1, mult, 15
entry_485500.class,  4.57,  2.18,  2.13,  0.16,  0.00,  151937269,  329883000,   37644000,  164279649, java, iotlab1, mult, 15
entry_485500.class,  4.86,  2.28,  2.22,  0.17,  0.00,  166669208,  328618000,   36623000,  179104043, java, iotlab1, mult, 15
entry_485500.class,  4.55,  2.16,  2.11,  0.16,  0.00,  152707679,  333180000,   40021000,  165367463, java, iotlab1, mult, 15
entry_485500.class,  4.88,  2.30,  2.24,  0.17,  0.00,  168090796,  355777000,   27826000,  180505463, java, iotlab1, mult, 15
entry_485500.class,  4.79,  2.26,  2.20,  0.17,  0.00,  164038198,  345402000,   34238000,  176602684, java, iotlab1, mult, 15
entry_485500.class,  4.85,  2.25,  2.19,  0.17,  0.00,  167898275,  359075000,   27773000,  180425747, java, iotlab1, mult, 15
entry_485500.class,  4.65,  2.20,  2.14,  0.16,  0.00,  155943744,  333006000,   32488000,  168628066, java, iotlab1, mult, 15
entry_485500.class,  4.82,  2.25,  2.19,  0.17,  0.00,  165586326,  347370000,   35342000,  178096307, java, iotlab1, mult, 15
entry_485500.class,  4.75,  2.26,  2.20,  0.17,  0.00,  158676845,  348412000,   37043000,  171111503, java, iotlab1, mult, 15
entry_5029869.class,  7.66,  3.59,  3.50,  0.26,  0.00,  262940665,  576795000,   57979000,  275293669, java, iotlab1, mult, 15
entry_5029869.class,  7.79,  3.64,  3.54,  0.27,  0.00,  268455906,  596266000,   44794000,  281000410, java, iotlab1, mult, 15
entry_5029869.class,  7.71,  3.68,  3.59,  0.25,  0.00,  255962863,  543829000,   44726000,  269301412, java, iotlab1, mult, 15
entry_5029869.class,  7.80,  3.68,  3.59,  0.26,  0.00,  261327517,  590711000,   39912000,  273794792, java, iotlab1, mult, 15
entry_5029869.class,  7.77,  3.64,  3.55,  0.26,  0.00,  258106338,  585347000,   45181000,  270544002, java, iotlab1, mult, 15
entry_5029869.class,  7.59,  3.56,  3.47,  0.26,  0.00,  255949064,  583168000,   40011000,  268708205, java, iotlab1, mult, 15
entry_5029869.class,  7.41,  3.52,  3.44,  0.25,  0.00,  249941999,  520463000,   40645000,  264624927, java, iotlab1, mult, 15
entry_5029869.class,  7.79,  3.70,  3.61,  0.26,  0.00,  261063470,  596417000,   38154000,  273468066, java, iotlab1, mult, 15
entry_5029869.class,  7.60,  3.63,  3.55,  0.26,  0.00,  251795083,  584381000,   47462000,  264420820, java, iotlab1, mult, 15
entry_5029869.class,  7.69,  3.67,  3.59,  0.26,  0.00,  258742289,  589966000,   32216000,  271256566, java, iotlab1, mult, 15
entry_5046491.class, 10.17,  4.83,  4.71,  0.38,  0.00,  333659764,  925634000,   44982000,  346595662, java, iotlab1, mult, 15
entry_5046491.class, 11.20,  5.26,  5.13,  0.42,  0.00,  369739037, 1036244000,   49058000,  381984751, java, iotlab1, mult, 15
entry_5046491.class, 11.13,  5.20,  5.06,  0.42,  0.00,  373957791, 1028997000,   50540000,  386278195, java, iotlab1, mult, 15
entry_5046491.class, 10.31,  4.74,  4.60,  0.40,  0.00,  358110862,  949188000,   52564000,  370629097, java, iotlab1, mult, 15
entry_5046491.class, 11.30,  5.27,  5.13,  0.42,  0.00,  382802493, 1030802000,   56317000,  397353469, java, iotlab1, mult, 15
entry_5046491.class, 11.17,  5.18,  5.05,  0.42,  0.00,  371899411, 1033084000,   60179000,  384314575, java, iotlab1, mult, 15
entry_5046491.class, 10.83,  5.01,  4.87,  0.41,  0.00,  367800895, 1042759000,   53397000,  380177610, java, iotlab1, mult, 15
entry_5046491.class, 11.18,  5.12,  4.99,  0.43,  0.00,  384732910, 1047429000,   60254000,  397648967, java, iotlab1, mult, 15
entry_5046491.class, 10.92,  5.03,  4.90,  0.42,  0.00,  372641958, 1030080000,   58573000,  388415150, java, iotlab1, mult, 15
entry_5046491.class, 10.92,  5.11,  4.99,  0.41,  0.00,  355642072, 1051077000,   49814000,  368490708, java, iotlab1, mult, 15
entry_5060446.class,  6.67,  3.16,  3.09,  0.21,  0.00,  228696376,  481397000,   44036000,  241137776, java, iotlab1, mult, 15
entry_5060446.class,  6.76,  3.22,  3.14,  0.21,  0.00,  231194686,  480412000,   45132000,  243507998, java, iotlab1, mult, 15
entry_5060446.class,  6.65,  3.19,  3.12,  0.20,  0.00,  227721143,  473944000,   38913000,  240186833, java, iotlab1, mult, 15
entry_5060446.class,  6.50,  3.13,  3.05,  0.20,  0.00,  218321066,  465066000,   54655000,  230734045, java, iotlab1, mult, 15
entry_5060446.class,  6.80,  3.22,  3.15,  0.21,  0.00,  231263212,  459383000,   67614000,  243795872, java, iotlab1, mult, 15
entry_5060446.class,  6.43,  3.08,  3.01,  0.20,  0.00,  214861463,  467095000,   50442000,  227482197, java, iotlab1, mult, 15
entry_5060446.class,  6.70,  3.19,  3.10,  0.21,  0.00,  227164089,  473328000,   52813000,  239575776, java, iotlab1, mult, 15
entry_5060446.class,  6.75,  3.20,  3.13,  0.21,  0.00,  230675845,  473601000,   56190000,  243057930, java, iotlab1, mult, 15
entry_5060446.class,  6.78,  3.20,  3.13,  0.21,  0.00,  230227336,  470855000,   47985000,  242611227, java, iotlab1, mult, 15
entry_5060446.class,  6.73,  3.18,  3.11,  0.21,  0.00,  230182808,  485837000,   46791000,  242500051, java, iotlab1, mult, 15
entry_5060622.class,  9.61,  4.52,  4.41,  0.36,  0.00,  315039880,  882638000,   56618000,  327386388, java, iotlab1, mult, 15
entry_5060622.class,  9.35,  4.35,  4.24,  0.35,  0.00,  314119720,  881548000,   45285000,  326724624, java, iotlab1, mult, 15
entry_5060622.class,  9.41,  4.39,  4.27,  0.36,  0.00,  314791527,  858476000,   64714000,  329565014, java, iotlab1, mult, 15
entry_5060622.class,  9.46,  4.41,  4.29,  0.36,  0.00,  312408128,  868150000,   53378000,  324959601, java, iotlab1, mult, 15
entry_5060622.class,  9.37,  4.33,  4.22,  0.36,  0.00,  313020939,  866242000,   59566000,  325451589, java, iotlab1, mult, 15
entry_5060622.class,  8.99,  4.20,  4.10,  0.33,  0.00,  294904472,  807456000,   52550000,  307602832, java, iotlab1, mult, 15
entry_5060622.class,  9.69,  4.50,  4.39,  0.37,  0.00,  325173648,  913981000,   57438000,  338141794, java, iotlab1, mult, 15
entry_5060622.class,  9.78,  4.57,  4.45,  0.37,  0.00,  327328022,  904807000,   58635000,  339884605, java, iotlab1, mult, 15
entry_5060622.class,  9.42,  4.38,  4.26,  0.36,  0.00,  315774388,  846514000,   65426000,  330345095, java, iotlab1, mult, 15
entry_5060622.class,  9.26,  4.38,  4.27,  0.35,  0.00,  300930934,  882878000,   44993000,  313374116, java, iotlab1, mult, 15
entry_5542873.class,  9.04,  4.05,  3.95,  0.34,  0.00,  316410446,  845297000,   50195000,  333553811, java, iotlab1, mult, 15
entry_5542873.class,  8.81,  4.04,  3.93,  0.34,  0.00,  302897487,  826395000,   54621000,  319361091, java, iotlab1, mult, 15
entry_5542873.class, 10.09,  4.71,  4.59,  0.38,  0.00,  339889264,  944882000,   57296000,  354281301, java, iotlab1, mult, 15
entry_5542873.class,  9.52,  4.45,  4.33,  0.36,  0.00,  317084241,  908538000,   62311000,  329531932, java, iotlab1, mult, 15
entry_5542873.class,  9.72,  4.48,  4.37,  0.37,  0.00,  329067597,  923783000,   76729000,  342318693, java, iotlab1, mult, 15
entry_5542873.class,  9.94,  4.56,  4.43,  0.38,  0.00,  335763469,  986959000,   57763000,  349375876, java, iotlab1, mult, 15
entry_5542873.class, 10.46,  4.89,  4.76,  0.40,  0.00,  345024371,  841141000,   60721000,  357564275, java, iotlab1, mult, 15
entry_5542873.class,  9.58,  4.43,  4.31,  0.37,  0.00,  324893722,  920933000,   63339000,  338186333, java, iotlab1, mult, 15
entry_5542873.class,  9.47,  4.38,  4.27,  0.36,  0.00,  321174531,  901288000,   67170000,  334120961, java, iotlab1, mult, 15
entry_5542873.class,  9.69,  4.52,  4.40,  0.37,  0.00,  325032526,  936095000,   53947000,  337473821, java, iotlab1, mult, 15
entry_5600554.class,  9.55,  4.35,  4.23,  0.37,  0.00,  323088041,  904065000,   71320000,  336890227, java, iotlab1, mult, 15
entry_5600554.class,  9.61,  4.45,  4.33,  0.36,  0.00,  314792291,  910050000,   52174000,  327166790, java, iotlab1, mult, 15
entry_5600554.class,  9.69,  4.46,  4.35,  0.37,  0.00,  326138325,  900915000,   61129000,  339547683, java, iotlab1, mult, 15
entry_5600554.class,  9.65,  4.37,  4.26,  0.37,  0.00,  333645840,  933622000,   54444000,  348468570, java, iotlab1, mult, 15
entry_5600554.class,  9.60,  4.46,  4.33,  0.37,  0.00,  319299710,  932120000,   51839000,  331785276, java, iotlab1, mult, 15
entry_5600554.class,  9.04,  4.22,  4.11,  0.35,  0.00,  299785911,  858720000,   57446000,  312311468, java, iotlab1, mult, 15
entry_5600554.class,  9.72,  4.47,  4.36,  0.37,  0.00,  333744543,  927764000,   48616000,  346714092, java, iotlab1, mult, 15
entry_5600554.class,  9.35,  4.31,  4.19,  0.36,  0.00,  319263497,  902192000,   64514000,  331764882, java, iotlab1, mult, 15
entry_5600554.class,  9.21,  4.19,  4.07,  0.36,  0.00,  320803528,  878652000,   75055000,  334736240, java, iotlab1, mult, 15
entry_5600554.class,  9.59,  4.48,  4.37,  0.37,  0.00,  321969898,  894406000,   61578000,  336353386, java, iotlab1, mult, 15
entry_5761761.class,  9.99,  4.64,  4.51,  0.40,  0.00,  333511486,  976691000,   56212000,  347897229, java, iotlab1, mult, 15
entry_5761761.class, 10.15,  4.74,  4.62,  0.40,  0.00,  334989619,  957285000,   77022000,  347416461, java, iotlab1, mult, 15
entry_5761761.class,  9.33,  4.36,  4.25,  0.35,  0.00,  309019780,  862305000,   55340000,  322362432, java, iotlab1, mult, 15
entry_5761761.class,  9.70,  4.43,  4.31,  0.38,  0.00,  326635641,  931882000,   76648000,  339379665, java, iotlab1, mult, 15
entry_5761761.class, 10.16,  4.68,  4.56,  0.40,  0.00,  338007188,  962422000,   73413000,  352368397, java, iotlab1, mult, 15
entry_5761761.class,  9.57,  4.44,  4.33,  0.38,  0.00,  324845464,  931584000,   54267000,  337270439, java, iotlab1, mult, 15
entry_5761761.class, 10.01,  4.65,  4.53,  0.40,  0.00,  332415887,  997530000,   52289000,  344773857, java, iotlab1, mult, 15
entry_5761761.class,  9.94,  4.68,  4.56,  0.39,  0.00,  325562609,  960847000,   58111000,  338090959, java, iotlab1, mult, 15
entry_5761761.class,  9.96,  4.63,  4.51,  0.39,  0.00,  338199887,  931525000,   61430000,  350893283, java, iotlab1, mult, 15
entry_5761761.class, 10.42,  4.86,  4.73,  0.40,  0.00,  348513322,  977495000,   60844000,  361069042, java, iotlab1, mult, 15
entry_5808352.class,  9.51,  4.36,  4.25,  0.38,  0.00,  318007353,  932257000,   66875000,  330629755, java, iotlab1, mult, 15
entry_5808352.class,  9.76,  4.50,  4.38,  0.38,  0.00,  323374795,  939933000,   59566000,  336299633, java, iotlab1, mult, 15
entry_5808352.class,  9.97,  4.61,  4.48,  0.40,  0.00,  331449264,  966739000,   64714000,  344178349, java, iotlab1, mult, 15
entry_5808352.class,  9.74,  4.57,  4.45,  0.38,  0.00,  317974518,  935513000,   52420000,  330378800, java, iotlab1, mult, 15
entry_5808352.class,  9.45,  4.37,  4.25,  0.37,  0.00,  314092154,  892024000,   62421000,  327214190, java, iotlab1, mult, 15
entry_5808352.class,  9.88,  4.55,  4.44,  0.39,  0.00,  327544505,  963292000,   57195000,  340707792, java, iotlab1, mult, 15
entry_5808352.class,  9.55,  4.42,  4.31,  0.38,  0.00,  317086116,  945196000,   47259000,  329537867, java, iotlab1, mult, 15
entry_5808352.class,  9.98,  4.62,  4.50,  0.40,  0.00,  334219803,  959078000,   62330000,  347254910, java, iotlab1, mult, 15
entry_5808352.class,  9.90,  4.62,  4.51,  0.39,  0.00,  326460705,  974642000,   63497000,  338681814, java, iotlab1, mult, 15
entry_5808352.class,  9.27,  4.28,  4.17,  0.35,  0.00,  311794779,  883487000,   49531000,  324020623, java, iotlab1, mult, 15
entry_5816130.class,  4.09,  1.83,  1.79,  0.11,  0.00,  158487399,  276376000,   39623000,  171052340, java, iotlab1, mult, 15
entry_5816130.class,  4.15,  1.93,  1.88,  0.11,  0.00,  149899290,  269424000,   31696000,  163194568, java, iotlab1, mult, 15
entry_5816130.class,  4.16,  1.99,  1.95,  0.11,  0.00,  147417692,  267367000,   32164000,  159897127, java, iotlab1, mult, 15
entry_5816130.class,  4.17,  2.00,  1.96,  0.11,  0.00,  147188240,  263812000,   35242000,  159565273, java, iotlab1, mult, 15
entry_5816130.class,  4.17,  2.02,  1.97,  0.11,  0.00,  147742745,  265894000,   30416000,  160138463, java, iotlab1, mult, 15
entry_5816130.class,  4.22,  2.01,  1.96,  0.11,  0.00,  146952136,  267818000,   31741000,  159218796, java, iotlab1, mult, 15
entry_5816130.class,  4.19,  1.98,  1.93,  0.11,  0.00,  147396147,  265079000,   32762000,  159907672, java, iotlab1, mult, 15
entry_5816130.class,  4.28,  2.05,  1.99,  0.11,  0.00,  150527084,  273007000,   30887000,  163162699, java, iotlab1, mult, 15
entry_5816130.class,  4.18,  2.00,  1.96,  0.11,  0.00,  146436808,  271965000,   25369000,  158822784, java, iotlab1, mult, 15
entry_5816130.class,  4.15,  1.98,  1.93,  0.11,  0.00,  145491230,  261536000,   34332000,  157997552, java, iotlab1, mult, 15
entry_6257456.class,  9.84,  4.50,  4.38,  0.39,  0.00,  332798981,  988464000,   63836000,  346137225, java, iotlab1, mult, 15
entry_6257456.class,  9.82,  4.55,  4.43,  0.39,  0.00,  328480758,  988323000,   62272000,  342223907, java, iotlab1, mult, 15
entry_6257456.class, 10.16,  4.71,  4.57,  0.41,  0.00,  340030566, 1039465000,   54180000,  352403676, java, iotlab1, mult, 15
entry_6257456.class,  9.74,  4.57,  4.45,  0.39,  0.00,  318956177,  992022000,   54329000,  331402244, java, iotlab1, mult, 15
entry_6257456.class, 10.44,  4.87,  4.75,  0.41,  0.00,  346358157, 1016537000,   72180000,  358710903, java, iotlab1, mult, 15
entry_6257456.class, 10.87,  5.06,  4.93,  0.43,  0.00,  362443339, 1067983000,   60999000,  375685334, java, iotlab1, mult, 15
entry_6257456.class, 10.37,  4.80,  4.67,  0.41,  0.00,  346109338, 1047015000,   51442000,  358505483, java, iotlab1, mult, 15
entry_6257456.class,  9.92,  4.54,  4.42,  0.39,  0.00,  333436169, 1013098000,   52005000,  346159926, java, iotlab1, mult, 15
entry_6257456.class, 10.02,  4.67,  4.55,  0.39,  0.00,  330371761,  993597000,   57264000,  343871359, java, iotlab1, mult, 15
entry_6257456.class, 10.30,  4.83,  4.71,  0.40,  0.00,  337447380,  993465000,   55136000,  349729236, java, iotlab1, mult, 15
entry_710463.class, 12.66,  5.82,  5.67,  0.47,  0.00,  424524730, 1159285000,   59476000,  437261758, java, iotlab1, mult, 15
entry_710463.class, 13.34,  6.22,  6.05,  0.50,  0.00,  450697478, 1204542000,   59322000,  464093988, java, iotlab1, mult, 15
entry_710463.class, 13.10,  5.96,  5.80,  0.51,  0.00,  460273814, 1268261000,   70347000,  476504429, java, iotlab1, mult, 15
entry_710463.class, 12.85,  5.98,  5.82,  0.49,  0.00,  432540260, 1231653000,   62133000,  445119483, java, iotlab1, mult, 15
entry_710463.class, 13.01,  6.11,  5.95,  0.49,  0.00,  434651187, 1195608000,   68977000,  448833735, java, iotlab1, mult, 15
entry_710463.class, 13.02,  6.02,  5.87,  0.49,  0.00,  441777223, 1231162000,   78200000,  458088609, java, iotlab1, mult, 15
entry_710463.class, 13.21,  6.24,  6.08,  0.49,  0.00,  437346259, 1220569000,   82172000,  449743224, java, iotlab1, mult, 15
entry_710463.class, 12.78,  5.96,  5.80,  0.48,  0.00,  431005817, 1162463000,   70391000,  443281351, java, iotlab1, mult, 15
entry_710463.class, 12.68,  5.93,  5.78,  0.47,  0.00,  422740751, 1145753000,   62658000,  435367942, java, iotlab1, mult, 15
entry_710463.class, 12.79,  6.01,  5.86,  0.48,  0.00,  430182708, 1177562000,   65919000,  442710609, java, iotlab1, mult, 15
entry_7240570.class, 10.14,  4.74,  4.62,  0.38,  0.00,  338911164,  869646000,   56911000,  351756405, java, iotlab1, mult, 15
entry_7240570.class, 10.04,  4.62,  4.50,  0.38,  0.00,  343896106,  853065000,   54450000,  358712917, java, iotlab1, mult, 15
entry_7240570.class,  9.77,  4.54,  4.42,  0.37,  0.00,  328961859,  889946000,   46891000,  344265527, java, iotlab1, mult, 15
entry_7240570.class,  9.92,  4.68,  4.57,  0.37,  0.00,  328330506,  842275000,   58087000,  340779171, java, iotlab1, mult, 15
entry_7240570.class,  9.87,  4.63,  4.51,  0.38,  0.00,  330702221,  886281000,   57276000,  345810973, java, iotlab1, mult, 15
entry_7240570.class,  9.93,  4.68,  4.55,  0.37,  0.00,  329324330,  880013000,   45740000,  341773637, java, iotlab1, mult, 15
entry_7240570.class,  9.85,  4.63,  4.52,  0.37,  0.00,  327690156,  848255000,   58154000,  340630132, java, iotlab1, mult, 15
entry_7240570.class,  9.72,  4.56,  4.44,  0.37,  0.00,  320125472,  847613000,   53226000,  332500847, java, iotlab1, mult, 15
entry_7240570.class,  9.94,  4.65,  4.52,  0.37,  0.00,  334278520,  846023000,   61510000,  348417893, java, iotlab1, mult, 15
entry_7240570.class,  9.63,  4.55,  4.43,  0.36,  0.00,  317263026,  837708000,   52293000,  329722666, java, iotlab1, mult, 15
entry_7350563.class, 10.74,  5.01,  4.88,  0.43,  0.00,  355287278,  995464000,   53454000,  367793378, java, iotlab1, mult, 15
entry_7350563.class, 10.33,  4.56,  4.43,  0.42,  0.00,  360208531,  997158000,   73676000,  373358690, java, iotlab1, mult, 15
entry_7350563.class,  9.98,  4.61,  4.49,  0.41,  0.00,  334425466,  971093000,   53114000,  348442594, java, iotlab1, mult, 15
entry_7350563.class, 10.35,  4.82,  4.69,  0.42,  0.00,  343680086,  975631000,   47567000,  356125950, java, iotlab1, mult, 15
entry_7350563.class,  9.86,  4.65,  4.53,  0.41,  0.00,  320734395,  965938000,   54334000,  333176633, java, iotlab1, mult, 15
entry_7350563.class,  9.96,  4.69,  4.57,  0.38,  0.00,  332879087,  889620000,   52389000,  345289087, java, iotlab1, mult, 15
entry_7350563.class, 10.07,  4.71,  4.58,  0.41,  0.00,  332851674,  957242000,   59449000,  346328755, java, iotlab1, mult, 15
entry_7350563.class, 10.41,  4.89,  4.76,  0.42,  0.00,  347736343,  988454000,   54521000,  361531678, java, iotlab1, mult, 15
entry_7350563.class, 10.07,  4.62,  4.50,  0.39,  0.00,  343640111,  903682000,   72455000,  358609580, java, iotlab1, mult, 15
entry_7350563.class, 10.29,  4.84,  4.72,  0.41,  0.00,  332117026,  996842000,   48429000,  344426691, java, iotlab1, mult, 15
entry_7867629.class,  9.75,  4.49,  4.37,  0.39,  0.00,  335972017,  935350000,   68117000,  349391552, java, iotlab1, mult, 15
entry_7867629.class, 10.01,  4.64,  4.52,  0.40,  0.00,  335334645,  965295000,   62734000,  348912755, java, iotlab1, mult, 15
entry_7867629.class,  9.61,  4.50,  4.38,  0.38,  0.00,  316897516,  923592000,   63040000,  329795122, java, iotlab1, mult, 15
entry_7867629.class,  9.42,  4.38,  4.26,  0.37,  0.00,  314528684,  887043000,   67230000,  326974145, java, iotlab1, mult, 15
entry_7867629.class,  9.77,  4.50,  4.38,  0.39,  0.00,  326934975,  948979000,   67500000,  340231489, java, iotlab1, mult, 15
entry_7867629.class, 10.13,  4.68,  4.56,  0.40,  0.00,  338756371,  967288000,   67949000,  351242939, java, iotlab1, mult, 15
entry_7867629.class,  9.55,  4.44,  4.32,  0.38,  0.00,  319903882,  930281000,   62219000,  332256473, java, iotlab1, mult, 15
entry_7867629.class,  9.98,  4.61,  4.49,  0.40,  0.00,  334295231,  957911000,   73993000,  346645465, java, iotlab1, mult, 15
entry_7867629.class,  9.13,  4.22,  4.11,  0.36,  0.00,  308335207,  873748000,   53922000,  321261163, java, iotlab1, mult, 15
entry_7867629.class,  9.69,  4.47,  4.35,  0.38,  0.00,  327870078,  914806000,   59639000,  340410170, java, iotlab1, mult, 15
entry_8044661.class,  8.95,  4.14,  4.02,  0.34,  0.00,  299644043,  840937000,   57268000,  312095490, java, iotlab1, mult, 15
entry_8044661.class,  9.34,  4.23,  4.11,  0.35,  0.00,  310412051,  874377000,   54271000,  323795052, java, iotlab1, mult, 15
entry_8044661.class,  9.20,  4.29,  4.18,  0.35,  0.00,  303569144,  865399000,   57491000,  316680120, java, iotlab1, mult, 15
entry_8044661.class,  9.86,  4.58,  4.46,  0.38,  0.00,  331172684,  948978000,   50210000,  345558128, java, iotlab1, mult, 15
entry_8044661.class,  9.65,  4.45,  4.33,  0.37,  0.00,  326500149,  939348000,   54077000,  338983604, java, iotlab1, mult, 15
entry_8044661.class,  8.96,  4.16,  4.05,  0.34,  0.00,  302890834,  830401000,   62330000,  315862584, java, iotlab1, mult, 15
entry_8044661.class,  8.97,  4.07,  3.95,  0.35,  0.00,  311451378,  835233000,   59005000,  324793150, java, iotlab1, mult, 15
entry_8044661.class,  9.09,  4.19,  4.08,  0.35,  0.00,  303563681,  868982000,   62782000,  316013543, java, iotlab1, mult, 15
entry_8044661.class,  8.94,  4.03,  3.92,  0.34,  0.00,  298240371,  846979000,   58691000,  312528963, java, iotlab1, mult, 15
entry_8044661.class,  9.29,  4.37,  4.27,  0.35,  0.00,  307854695,  893075000,   60479000,  320765640, java, iotlab1, mult, 15
entry_8260113.class,  5.80,  2.66,  2.58,  0.18,  0.00,  206442297,  487926000,   42166000,  219152643, java, iotlab1, mult, 15
entry_8260113.class,  5.76,  2.69,  2.62,  0.17,  0.00,  203940011,  468997000,   42914000,  218632366, java, iotlab1, mult, 15
entry_8260113.class,  5.81,  2.79,  2.73,  0.17,  0.00,  198119148,  451348000,   44935000,  210558739, java, iotlab1, mult, 15
entry_8260113.class,  5.82,  2.75,  2.68,  0.17,  0.00,  203302800,  462577000,   47782000,  217218106, java, iotlab1, mult, 15
entry_8260113.class,  5.85,  2.79,  2.72,  0.17,  0.00,  199675058,  473591000,   36508000,  212470066, java, iotlab1, mult, 15
entry_8260113.class,  5.88,  2.82,  2.74,  0.17,  0.00,  199501843,  465336000,   44413000,  211762979, java, iotlab1, mult, 15
entry_8260113.class,  5.67,  2.72,  2.65,  0.17,  0.00,  189972355,  469052000,   38166000,  202629838, java, iotlab1, mult, 15
entry_8260113.class,  5.81,  2.77,  2.70,  0.17,  0.00,  198782523,  459520000,   34812000,  211193169, java, iotlab1, mult, 15
entry_8260113.class,  5.83,  2.80,  2.73,  0.17,  0.00,  197806362,  465042000,   43189000,  210309325, java, iotlab1, mult, 15
entry_8260113.class,  5.66,  2.72,  2.66,  0.17,  0.00,  191416597,  472643000,   42429000,  203692654, java, iotlab1, mult, 15
entry_8535037.class,  4.41,  2.02,  1.96,  0.15,  0.00,  153495903,  301227000,   33579000,  166168736, java, iotlab1, mult, 15
entry_8535037.class,  4.51,  2.11,  2.06,  0.15,  0.00,  156004632,  291771000,   39832000,  168566909, java, iotlab1, mult, 15
entry_8535037.class,  4.55,  2.09,  2.04,  0.16,  0.00,  160248364,  295405000,   39651000,  172779583, java, iotlab1, mult, 15
entry_8535037.class,  4.51,  2.08,  2.02,  0.15,  0.00,  156203650,  309380000,   37045000,  168817646, java, iotlab1, mult, 15
entry_8535037.class,  4.59,  2.15,  2.09,  0.15,  0.00,  157789233,  294737000,   37837000,  170286285, java, iotlab1, mult, 15
entry_8535037.class,  4.52,  2.13,  2.07,  0.15,  0.00,  156221124,  318426000,   28678000,  168779142, java, iotlab1, mult, 15
entry_8535037.class,  4.42,  2.04,  1.99,  0.15,  0.00,  150807776,  281240000,   31689000,  163254336, java, iotlab1, mult, 15
entry_8535037.class,  4.60,  2.14,  2.08,  0.15,  0.00,  157564025,  294828000,   38977000,  169954793, java, iotlab1, mult, 15
entry_8535037.class,  4.56,  2.13,  2.07,  0.16,  0.00,  156587903,  307946000,   36754000,  169157456, java, iotlab1, mult, 15
entry_8535037.class,  4.55,  2.08,  2.01,  0.16,  0.00,  161064506,  307879000,   41251000,  175502726, java, iotlab1, mult, 15
entry_8969526.class,  6.27,  2.87,  2.79,  0.19,  0.00,  225861708,  533157000,   41479000,  238202190, java, iotlab1, mult, 15
entry_8969526.class,  6.34,  3.02,  2.94,  0.19,  0.00,  216711583,  507032000,   49197000,  229583239, java, iotlab1, mult, 15
entry_8969526.class,  6.45,  3.02,  2.94,  0.19,  0.00,  224579222,  525183000,   53528000,  238802487, java, iotlab1, mult, 15
entry_8969526.class,  6.41,  3.06,  2.99,  0.19,  0.00,  218185239,  525505000,   42040000,  230671143, java, iotlab1, mult, 15
entry_8969526.class,  6.42,  3.04,  2.97,  0.19,  0.00,  218527991,  497694000,   53536000,  230977245, java, iotlab1, mult, 15
entry_8969526.class,  6.38,  3.06,  2.98,  0.19,  0.00,  216906603,  514450000,   47855000,  229394576, java, iotlab1, mult, 15
entry_8969526.class,  6.43,  3.08,  3.00,  0.19,  0.00,  218070209,  509247000,   56804000,  230290452, java, iotlab1, mult, 15
entry_8969526.class,  6.42,  3.07,  3.00,  0.19,  0.00,  218241368,  533512000,   39110000,  230651772, java, iotlab1, mult, 15
entry_8969526.class,  6.31,  3.02,  2.94,  0.18,  0.00,  215598672,  517804000,   34118000,  228161066, java, iotlab1, mult, 15
entry_8969526.class,  6.40,  3.08,  3.00,  0.19,  0.00,  217822612,  512374000,   42863000,  230281267, java, iotlab1, mult, 15
entry_9096852.class, 10.83,  5.08,  4.94,  0.41,  0.00,  359295436,  973537000,   62034000,  371886545, java, iotlab1, mult, 15
entry_9096852.class, 10.62,  4.93,  4.81,  0.41,  0.00,  362396715,  981358000,   57137000,  377337003, java, iotlab1, mult, 15
entry_9096852.class, 11.02,  5.17,  5.04,  0.42,  0.00,  369256242, 1007862000,   58933000,  383282122, java, iotlab1, mult, 15
entry_9096852.class, 11.00,  5.10,  4.97,  0.42,  0.00,  369021355, 1011020000,   66263000,  383569642, java, iotlab1, mult, 15
entry_9096852.class, 10.85,  5.01,  4.88,  0.42,  0.00,  369035737, 1019763000,   55697000,  382045088, java, iotlab1, mult, 15
entry_9096852.class, 11.06,  5.17,  5.04,  0.42,  0.00,  374173313, 1000942000,   49491000,  387473578, java, iotlab1, mult, 15
entry_9096852.class, 11.34,  5.27,  5.13,  0.43,  0.00,  383133462, 1078417000,   77029000,  396786885, java, iotlab1, mult, 15
entry_9096852.class, 11.09,  5.24,  5.10,  0.41,  0.00,  366058131, 1010782000,   55987000,  378579721, java, iotlab1, mult, 15
entry_9096852.class, 10.75,  5.02,  4.88,  0.41,  0.00,  357232166,  987434000,   53456000,  371585545, java, iotlab1, mult, 15
entry_9096852.class, 10.81,  4.95,  4.82,  0.41,  0.00,  368923044,  994030000,   54165000,  381233148, java, iotlab1, mult, 15
entry_9134619.class, 13.40,  6.28,  6.12,  0.51,  0.00,  444287583, 1277086000,   55959000,  456818990, java, iotlab1, mult, 15
entry_9134619.class, 12.85,  5.98,  5.83,  0.49,  0.00,  428116229, 1215892000,   62199000,  441584032, java, iotlab1, mult, 15
entry_9134619.class, 12.99,  6.05,  5.91,  0.49,  0.00,  433769955, 1196744000,   74607000,  446961779, java, iotlab1, mult, 15
entry_9134619.class, 12.99,  6.03,  5.87,  0.50,  0.00,  432338036, 1223488000,   61024000,  445813198, java, iotlab1, mult, 15
entry_9134619.class, 13.19,  6.15,  5.99,  0.51,  0.00,  439670677, 1278920000,   62996000,  452203152, java, iotlab1, mult, 15
entry_9134619.class, 13.38,  6.34,  6.18,  0.51,  0.00,  436389315, 1303024000,   62952000,  448718862, java, iotlab1, mult, 15
entry_9134619.class, 15.18,  7.10,  6.92,  0.59,  0.00,  502866890, 1364410000,   51712000,  515482635, java, iotlab1, mult, 15
entry_9134619.class, 12.62,  5.71,  5.56,  0.50,  0.00,  443525874, 1274628000,   69196000,  456704533, java, iotlab1, mult, 15
entry_9134619.class, 12.78,  5.97,  5.82,  0.49,  0.00,  427807902, 1219902000,   65940000,  440408171, java, iotlab1, mult, 15
entry_9134619.class, 14.24,  6.66,  6.50,  0.55,  0.00,  461326866, 1309554000,   65427000,  475382701, java, iotlab1, mult, 15
entry_9200372.class,  8.32,  3.81,  3.72,  0.30,  0.00,  286455498,  713547000,   54117000,  298993470, java, iotlab1, mult, 15
entry_9200372.class,  8.29,  3.91,  3.82,  0.29,  0.00,  278148572,  669121000,   51548000,  291353074, java, iotlab1, mult, 15
entry_9200372.class,  8.36,  3.94,  3.83,  0.30,  0.00,  280393057,  670271000,   60475000,  292875589, java, iotlab1, mult, 15
entry_9200372.class,  8.26,  3.89,  3.79,  0.30,  0.00,  279283454,  668269000,   56852000,  292942098, java, iotlab1, mult, 15
entry_9200372.class,  8.69,  4.08,  3.97,  0.31,  0.00,  285616574,  699777000,   57063000,  298068274, java, iotlab1, mult, 15
entry_9200372.class,  8.41,  3.95,  3.85,  0.30,  0.00,  282831211,  696907000,   59479000,  295271100, java, iotlab1, mult, 15
entry_9200372.class,  8.41,  3.99,  3.89,  0.31,  0.00,  281678979,  704385000,   48749000,  294128479, java, iotlab1, mult, 15
entry_9200372.class,  8.44,  3.91,  3.80,  0.31,  0.00,  291146646,  696430000,   64853000,  306416870, java, iotlab1, mult, 15
entry_9200372.class,  8.34,  3.96,  3.86,  0.30,  0.00,  277842794,  689515000,   52038000,  290366968, java, iotlab1, mult, 15
entry_9200372.class,  8.38,  3.97,  3.87,  0.30,  0.00,  277980768,  694385000,   47230000,  290271192, java, iotlab1, mult, 15
entry_9472102.class, 10.23,  4.78,  4.66,  0.39,  0.00,  339059266,  955986000,   52053000,  351443357, java, iotlab1, mult, 15
entry_9472102.class, 10.75,  4.94,  4.81,  0.40,  0.00,  360339260,  971946000,   58357000,  372757409, java, iotlab1, mult, 15
entry_9472102.class, 10.24,  4.80,  4.68,  0.40,  0.00,  338788772,  992273000,   45736000,  352001060, java, iotlab1, mult, 15
entry_9472102.class, 10.11,  4.58,  4.45,  0.40,  0.00,  352518240,  996811000,   54043000,  367894110, java, iotlab1, mult, 15
entry_9472102.class, 10.11,  4.78,  4.67,  0.39,  0.00,  334373523,  958620000,   60417000,  346983783, java, iotlab1, mult, 15
entry_9472102.class,  9.50,  4.46,  4.35,  0.36,  0.00,  316953312,  865223000,   51791000,  329441549, java, iotlab1, mult, 15
entry_9472102.class, 10.31,  4.84,  4.71,  0.40,  0.00,  340230616,  971733000,   53425000,  352859670, java, iotlab1, mult, 15
entry_9472102.class, 10.02,  4.63,  4.51,  0.39,  0.00,  340313603,  970430000,   53298000,  353524888, java, iotlab1, mult, 15
entry_9472102.class, 10.33,  4.81,  4.68,  0.40,  0.00,  347674003,  971321000,   56134000,  360185982, java, iotlab1, mult, 15
entry_9472102.class, 10.56,  4.90,  4.78,  0.41,  0.00,  357447013,  995411000,   58965000,  369908828, java, iotlab1, mult, 15
entry_9787639.class,  8.95,  4.21,  4.10,  0.35,  0.00,  295077378,  839234000,   60376000,  308309238, java, iotlab1, mult, 15
entry_9787639.class,  9.81,  4.51,  4.38,  0.39,  0.00,  331365450,  950160000,   75170000,  343747060, java, iotlab1, mult, 15
entry_9787639.class,  9.58,  4.49,  4.37,  0.38,  0.00,  317276193,  935240000,   64222000,  330485398, java, iotlab1, mult, 15
entry_9787639.class,  9.58,  4.30,  4.19,  0.39,  0.00,  336622969,  971699000,   68543000,  349022922, java, iotlab1, mult, 15
entry_9787639.class,  9.85,  4.59,  4.48,  0.38,  0.00,  326379118,  941024000,   60001000,  339256738, java, iotlab1, mult, 15
entry_9787639.class,  9.76,  4.50,  4.39,  0.39,  0.00,  328397568,  961987000,   51158000,  340692564, java, iotlab1, mult, 15
entry_9787639.class,  9.85,  4.60,  4.49,  0.39,  0.00,  327064669,  946225000,   62212000,  339403312, java, iotlab1, mult, 15
entry_9787639.class,  9.63,  4.42,  4.30,  0.38,  0.00,  329966888,  922449000,   58217000,  342357205, java, iotlab1, mult, 15
entry_9787639.class,  9.50,  4.43,  4.32,  0.37,  0.00,  318479478,  910218000,   57139000,  330886914, java, iotlab1, mult, 15
entry_9787639.class,  9.66,  4.50,  4.39,  0.39,  0.00,  322360011,  969867000,   57466000,  334751203, java, iotlab1, mult, 15
entry_9925958.class,  6.07,  2.85,  2.77,  0.20,  0.00,  210818669,  450949000,   36590000,  223438185, java, iotlab1, mult, 15
entry_9925958.class,  6.03,  2.85,  2.77,  0.20,  0.00,  210214888,  443095000,   43811000,  222584742, java, iotlab1, mult, 15
entry_9925958.class,  6.08,  2.88,  2.81,  0.20,  0.00,  210299783,  452668000,   35736000,  222698217, java, iotlab1, mult, 15
entry_9925958.class,  6.03,  2.87,  2.80,  0.20,  0.00,  209132782,  438034000,   46320000,  221525190, java, iotlab1, mult, 15
entry_9925958.class,  6.09,  2.90,  2.82,  0.20,  0.00,  211813493,  446481000,   40952000,  224316460, java, iotlab1, mult, 15
entry_9925958.class,  6.06,  2.86,  2.79,  0.20,  0.00,  210372894,  448491000,   37956000,  222820681, java, iotlab1, mult, 15
entry_9925958.class,  6.15,  2.93,  2.85,  0.20,  0.00,  210141620,  437168000,   42820000,  222537980, java, iotlab1, mult, 15
entry_9925958.class,  6.09,  2.88,  2.81,  0.20,  0.00,  210080951,  453279000,   33946000,  222812402, java, iotlab1, mult, 15
entry_9925958.class,  6.33,  2.95,  2.88,  0.20,  0.00,  222232117,  442669000,   36300000,  234637763, java, iotlab1, mult, 15
entry_9925958.class,  6.33,  2.94,  2.87,  0.20,  0.00,  211867799,  457869000,   31058000,  224852971, java, iotlab1, mult, 15
entry_9955790.class, 11.93,  5.64,  5.50,  0.44,  0.00,  391585694, 1108346000,   71828000,  404630951, java, iotlab1, mult, 15
entry_9955790.class, 12.20,  5.73,  5.58,  0.44,  0.00,  399145691, 1092318000,   81621000,  412312622, java, iotlab1, mult, 15
entry_9955790.class, 11.72,  5.44,  5.31,  0.42,  0.00,  385433545, 1015360000,   53599000,  398561636, java, iotlab1, mult, 15
entry_9955790.class, 12.02,  5.68,  5.54,  0.44,  0.00,  394812342, 1112874000,   61047000,  407499893, java, iotlab1, mult, 15
entry_9955790.class, 12.01,  5.65,  5.51,  0.44,  0.00,  403154410, 1129866000,   46870000,  415664153, java, iotlab1, mult, 15
entry_9955790.class, 12.32,  5.83,  5.69,  0.45,  0.00,  405308641, 1123689000,   67680000,  417587007, java, iotlab1, mult, 15
entry_9955790.class, 11.99,  5.50,  5.36,  0.44,  0.00,  412348398, 1135494000,   60026000,  424824526, java, iotlab1, mult, 15
entry_9955790.class, 12.03,  5.62,  5.48,  0.44,  0.00,  403437825, 1124788000,   56989000,  416653843, java, iotlab1, mult, 15
entry_9955790.class, 12.24,  5.74,  5.60,  0.45,  0.00,  412280130, 1152194000,   54103000,  424653611, java, iotlab1, mult, 15
entry_9955790.class, 12.11,  5.76,  5.61,  0.44,  0.00,  395475277, 1103076000,   73137000,  407824667, java, iotlab1, mult, 15
