file,psys,pkg,cores,ram,gpu,duration_time,user_time,system_time,perf_time,lang,machine,cores,power_limit
entry_10640597.class,  6.50,  2.86,  2.76,  0.17,  0.00,  296349423,  317554000,   19909000,  349636425, java, iotlab1, sing, 15
entry_10640597.class,  5.58,  2.84,  2.77,  0.13,  0.00,  220250431,  302784000,   22684000,  233796985, java, iotlab1, sing, 15
entry_10640597.class,  5.46,  2.77,  2.70,  0.13,  0.00,  218748757,  302866000,   14133000,  231186765, java, iotlab1, sing, 15
entry_10640597.class,  5.74,  2.87,  2.79,  0.14,  0.00,  231594442,  311374000,   19084000,  244070376, java, iotlab1, sing, 15
entry_10640597.class,  5.74,  2.87,  2.81,  0.14,  0.00,  228381211,  307115000,   16896000,  240687000, java, iotlab1, sing, 15
entry_10640597.class,  5.69,  2.85,  2.79,  0.14,  0.00,  226199400,  309395000,   11085000,  238774516, java, iotlab1, sing, 15
entry_10640597.class,  5.70,  2.88,  2.81,  0.14,  0.00,  228161897,  309703000,   14169000,  240569928, java, iotlab1, sing, 15
entry_10640597.class,  5.70,  2.88,  2.81,  0.14,  0.00,  227457214,  306652000,   16708000,  239908437, java, iotlab1, sing, 15
entry_10640597.class,  5.74,  2.89,  2.82,  0.14,  0.00,  228929257,  305653000,   19166000,  241281051, java, iotlab1, sing, 15
entry_10640597.class,  5.39,  2.71,  2.64,  0.13,  0.00,  215590419,  302037000,    9031000,  227949736, java, iotlab1, sing, 15
entry_11151037.class, 10.69,  5.46,  5.32,  0.25,  0.00,  440134256,  521696000,   24032000,  453994164, java, iotlab1, sing, 15
entry_11151037.class, 10.79,  5.56,  5.43,  0.25,  0.00,  433532221,  515766000,   23034000,  447018589, java, iotlab1, sing, 15
entry_11151037.class, 10.79,  5.58,  5.44,  0.25,  0.00,  432138710,  516729000,   20145000,  444394751, java, iotlab1, sing, 15
entry_11151037.class, 10.83,  5.60,  5.47,  0.25,  0.00,  432716269,  522047000,   16093000,  445247145, java, iotlab1, sing, 15
entry_11151037.class, 10.92,  5.62,  5.49,  0.25,  0.00,  432488233,  516881000,   19918000,  444865558, java, iotlab1, sing, 15
entry_11151037.class, 10.81,  5.56,  5.43,  0.25,  0.00,  435862017,  526113000,   16095000,  448257957, java, iotlab1, sing, 15
entry_11151037.class, 10.83,  5.56,  5.42,  0.25,  0.00,  432491918,  518373000,   19050000,  444769862, java, iotlab1, sing, 15
entry_11151037.class, 11.03,  5.62,  5.49,  0.25,  0.00,  435226108,  521607000,   22851000,  447655416, java, iotlab1, sing, 15
entry_11151037.class, 11.13,  5.66,  5.53,  0.26,  0.00,  449189608,  516934000,   24043000,  461665756, java, iotlab1, sing, 15
entry_11151037.class, 10.91,  5.64,  5.50,  0.25,  0.00,  435036700,  524721000,   20065000,  447317283, java, iotlab1, sing, 15
entry_11220532.class,  8.35,  4.10,  3.98,  0.21,  0.00,  348646443,  448607000,   26916000,  362053879, java, iotlab1, sing, 15
entry_11220532.class,  8.37,  4.28,  4.18,  0.20,  0.00,  328546064,  425879000,   23993000,  340926721, java, iotlab1, sing, 15
entry_11220532.class,  8.28,  4.24,  4.14,  0.19,  0.00,  326390553,  422430000,   18061000,  338927201, java, iotlab1, sing, 15
entry_11220532.class,  8.34,  4.27,  4.16,  0.19,  0.00,  328156088,  420543000,   24972000,  340450145, java, iotlab1, sing, 15
entry_11220532.class,  8.33,  4.27,  4.18,  0.19,  0.00,  325418067,  415182000,   28012000,  338000718, java, iotlab1, sing, 15
entry_11220532.class,  8.36,  4.24,  4.13,  0.19,  0.00,  326140054,  420408000,   21070000,  338465013, java, iotlab1, sing, 15
entry_11220532.class,  8.51,  4.33,  4.23,  0.20,  0.00,  329584062,  436583000,   25915000,  341964796, java, iotlab1, sing, 15
entry_11220532.class,  8.53,  4.35,  4.24,  0.20,  0.00,  331497710,  437754000,   27108000,  343829085, java, iotlab1, sing, 15
entry_11220532.class,  8.41,  4.33,  4.23,  0.19,  0.00,  329920699,  426909000,   23938000,  342337038, java, iotlab1, sing, 15
entry_11220532.class,  8.58,  4.38,  4.27,  0.20,  0.00,  333632962,  439814000,   18948000,  346106754, java, iotlab1, sing, 15
entry_1133816.class,  9.34,  4.81,  4.71,  0.21,  0.00,  352155373,  493537000,   18982000,  364540241, java, iotlab1, sing, 15
entry_1133816.class,  8.52,  4.32,  4.21,  0.19,  0.00,  331395782,  450280000,   20191000,  343692901, java, iotlab1, sing, 15
entry_1133816.class,  9.44,  4.85,  4.73,  0.21,  0.00,  360453988,  497302000,   26854000,  373907404, java, iotlab1, sing, 15
entry_1133816.class,  9.20,  4.75,  4.64,  0.20,  0.00,  350288989,  485831000,   24940000,  363782623, java, iotlab1, sing, 15
entry_1133816.class,  9.37,  4.86,  4.75,  0.21,  0.00,  355304933,  493807000,   24186000,  367750871, java, iotlab1, sing, 15
entry_1133816.class,  9.26,  4.81,  4.70,  0.21,  0.00,  349295713,  482568000,   29094000,  361671056, java, iotlab1, sing, 15
entry_1133816.class,  8.57,  4.32,  4.21,  0.20,  0.00,  332424337,  455353000,   13980000,  344833421, java, iotlab1, sing, 15
entry_1133816.class,  9.34,  4.76,  4.65,  0.21,  0.00,  356808154,  488366000,   29081000,  370100816, java, iotlab1, sing, 15
entry_1133816.class,  9.43,  4.87,  4.76,  0.21,  0.00,  355054689,  496130000,   19924000,  367394642, java, iotlab1, sing, 15
entry_1133816.class,  8.51,  4.32,  4.21,  0.20,  0.00,  332642850,  451311000,   19013000,  344830725, java, iotlab1, sing, 15
entry_11602852.class, 10.33,  5.21,  5.07,  0.23,  0.00,  420344594,  484560000,   19899000,  433263934, java, iotlab1, sing, 15
entry_11602852.class, 10.85,  5.59,  5.47,  0.24,  0.00,  423092999,  515000000,   15938000,  435316617, java, iotlab1, sing, 15
entry_11602852.class,  8.05,  4.14,  4.05,  0.18,  0.00,  314943594,  388092000,   12936000,  327387820, java, iotlab1, sing, 15
entry_11602852.class, 10.84,  5.59,  5.46,  0.24,  0.00,  423010085,  516174000,   16036000,  435380616, java, iotlab1, sing, 15
entry_11602852.class, 10.33,  5.33,  5.21,  0.23,  0.00,  413717305,  478834000,   15994000,  426101431, java, iotlab1, sing, 15
entry_11602852.class,  8.12,  4.16,  4.05,  0.18,  0.00,  316241306,  374408000,   23771000,  328718163, java, iotlab1, sing, 15
entry_11602852.class,  8.08,  4.13,  4.04,  0.18,  0.00,  313747256,  384807000,   13993000,  326117317, java, iotlab1, sing, 15
entry_11602852.class,  8.13,  4.16,  4.05,  0.18,  0.00,  314540140,  382612000,   17934000,  326793534, java, iotlab1, sing, 15
entry_11602852.class, 10.90,  5.58,  5.45,  0.24,  0.00,  425043091,  507257000,   22966000,  437483490, java, iotlab1, sing, 15
entry_11602852.class, 10.34,  5.30,  5.17,  0.23,  0.00,  411173516,  480418000,   13038000,  423642297, java, iotlab1, sing, 15
entry_12067795.class,  8.99,  4.60,  4.50,  0.22,  0.00,  337779265,  527529000,   23888000,  350597422, java, iotlab1, sing, 15
entry_12067795.class, 10.05,  4.83,  4.70,  0.25,  0.00,  391073079,  525719000,   23163000,  404407340, java, iotlab1, sing, 15
entry_12067795.class,  9.18,  4.70,  4.59,  0.22,  0.00,  336486710,  524270000,   28014000,  348849869, java, iotlab1, sing, 15
entry_12067795.class,  9.01,  4.63,  4.52,  0.22,  0.00,  337861316,  516629000,   29035000,  350348190, java, iotlab1, sing, 15
entry_12067795.class,  8.99,  4.67,  4.57,  0.22,  0.00,  334986345,  523691000,   23074000,  347379056, java, iotlab1, sing, 15
entry_12067795.class,  8.99,  4.64,  4.54,  0.22,  0.00,  334775505,  525414000,   18871000,  347202176, java, iotlab1, sing, 15
entry_12067795.class,  8.98,  4.65,  4.55,  0.22,  0.00,  333143105,  510010000,   31061000,  345520560, java, iotlab1, sing, 15
entry_12067795.class,  9.02,  4.65,  4.54,  0.22,  0.00,  334811116,  518578000,   26874000,  347392250, java, iotlab1, sing, 15
entry_12067795.class,  9.02,  4.67,  4.56,  0.21,  0.00,  332624231,  505716000,   34842000,  345097185, java, iotlab1, sing, 15
entry_12067795.class,  9.05,  4.66,  4.55,  0.22,  0.00,  337177933,  520199000,   29292000,  349575568, java, iotlab1, sing, 15
entry_12284401.class,  6.40,  3.18,  3.10,  0.17,  0.00,  240945603,  416389000,   40939000,  253230479, java, iotlab1, sing, 15
entry_12284401.class,  6.43,  3.22,  3.14,  0.17,  0.00,  238047712,  438055000,   26182000,  250499283, java, iotlab1, sing, 15
entry_12284401.class,  6.35,  3.17,  3.10,  0.17,  0.00,  236259339,  424127000,   28074000,  248653560, java, iotlab1, sing, 15
entry_12284401.class,  6.33,  3.13,  3.05,  0.17,  0.00,  238849388,  431036000,   23836000,  251219557, java, iotlab1, sing, 15
entry_12284401.class,  6.38,  3.10,  3.02,  0.17,  0.00,  244402881,  412067000,   38538000,  256779457, java, iotlab1, sing, 15
entry_12284401.class,  6.07,  3.02,  2.95,  0.16,  0.00,  225804323,  412528000,   33797000,  238032843, java, iotlab1, sing, 15
entry_12284401.class,  6.51,  3.23,  3.14,  0.17,  0.00,  243939103,  434264000,   36021000,  256840673, java, iotlab1, sing, 15
entry_12284401.class,  6.41,  3.20,  3.12,  0.17,  0.00,  238585847,  419542000,   35790000,  251041172, java, iotlab1, sing, 15
entry_12284401.class,  6.34,  3.18,  3.11,  0.17,  0.00,  236023840,  423057000,   33844000,  248427694, java, iotlab1, sing, 15
entry_12284401.class,  6.44,  3.23,  3.16,  0.17,  0.00,  238557806,  430044000,   26063000,  250913318, java, iotlab1, sing, 15
entry_1237443.class, 13.45,  6.39,  6.21,  0.34,  0.00,  576316335,  666914000,   21092000,  588783651, java, iotlab1, sing, 15
entry_1237443.class, 12.38,  6.34,  6.20,  0.29,  0.00,  485212925,  604325000,   23699000,  497632256, java, iotlab1, sing, 15
entry_1237443.class, 12.37,  6.38,  6.24,  0.28,  0.00,  480694617,  594791000,   27896000,  493166387, java, iotlab1, sing, 15
entry_1237443.class, 12.43,  6.40,  6.25,  0.28,  0.00,  482439964,  592712000,   31984000,  494834976, java, iotlab1, sing, 15
entry_1237443.class, 12.41,  6.40,  6.24,  0.28,  0.00,  480363618,  591434000,   29870000,  492747955, java, iotlab1, sing, 15
entry_1237443.class, 12.65,  6.42,  6.27,  0.29,  0.00,  502422713,  610771000,   15043000,  514932569, java, iotlab1, sing, 15
entry_1237443.class, 12.28,  6.31,  6.16,  0.28,  0.00,  482204718,  594259000,   27778000,  494585886, java, iotlab1, sing, 15
entry_1237443.class, 12.41,  6.36,  6.20,  0.28,  0.00,  482771297,  599084000,   25003000,  495695801, java, iotlab1, sing, 15
entry_1237443.class, 12.42,  6.40,  6.25,  0.28,  0.00,  479918764,  597234000,   26920000,  492296348, java, iotlab1, sing, 15
entry_1237443.class, 12.41,  6.40,  6.25,  0.28,  0.00,  478239402,  589148000,   27959000,  490589613, java, iotlab1, sing, 15
entry_12747196.class,  7.15,  3.46,  3.37,  0.19,  0.00,  278912068,  468380000,   32371000,  291159589, java, iotlab1, sing, 15
entry_12747196.class,  7.18,  3.56,  3.48,  0.18,  0.00,  267999752,  463785000,   23138000,  280386720, java, iotlab1, sing, 15
entry_12747196.class,  7.16,  3.59,  3.50,  0.19,  0.00,  268865506,  458451000,   43042000,  281232081, java, iotlab1, sing, 15
entry_12747196.class,  7.17,  3.59,  3.51,  0.19,  0.00,  269170851,  463257000,   38604000,  281573003, java, iotlab1, sing, 15
entry_12747196.class,  6.99,  3.51,  3.42,  0.18,  0.00,  259059101,  449924000,   30128000,  271501558, java, iotlab1, sing, 15
entry_12747196.class,  7.24,  3.59,  3.51,  0.19,  0.00,  271296481,  460270000,   36388000,  283778852, java, iotlab1, sing, 15
entry_12747196.class,  7.25,  3.62,  3.52,  0.19,  0.00,  272473248,  465242000,   37019000,  284861562, java, iotlab1, sing, 15
entry_12747196.class,  6.81,  3.43,  3.34,  0.18,  0.00,  251913501,  454046000,   25888000,  264357909, java, iotlab1, sing, 15
entry_12747196.class,  7.14,  3.57,  3.49,  0.18,  0.00,  271112305,  464152000,   29072000,  283398130, java, iotlab1, sing, 15
entry_12747196.class,  7.15,  3.58,  3.49,  0.19,  0.00,  271143505,  456870000,   40252000,  283561454, java, iotlab1, sing, 15
entry_12813837.class, 14.48,  7.45,  7.27,  0.33,  0.00,  561723703,  737186000,   28007000,  574649854, java, iotlab1, sing, 15
entry_12813837.class, 15.58,  7.95,  7.77,  0.38,  0.00,  578585503,  876410000,   27854000,  590973606, java, iotlab1, sing, 15
entry_12813837.class, 15.50,  7.90,  7.73,  0.38,  0.00,  576647646,  861800000,   38079000,  588980737, java, iotlab1, sing, 15
entry_12813837.class, 15.64,  7.95,  7.77,  0.39,  0.00,  580063430,  871159000,   32042000,  592394022, java, iotlab1, sing, 15
entry_12813837.class, 14.50,  7.45,  7.27,  0.33,  0.00,  562206135,  739458000,   27866000,  575150707, java, iotlab1, sing, 15
entry_12813837.class, 14.75,  7.51,  7.33,  0.34,  0.00,  578799822,  739968000,   28227000,  591309193, java, iotlab1, sing, 15
entry_12813837.class, 14.52,  7.46,  7.29,  0.33,  0.00,  565563317,  736473000,   28017000,  578450926, java, iotlab1, sing, 15
entry_12813837.class, 15.36,  7.84,  7.66,  0.37,  0.00,  577646663,  833927000,   29997000,  589994426, java, iotlab1, sing, 15
entry_12813837.class, 15.53,  7.92,  7.74,  0.38,  0.00,  578959449,  862261000,   41348000,  591385233, java, iotlab1, sing, 15
entry_12813837.class, 15.44,  7.90,  7.72,  0.37,  0.00,  578667412,  845643000,   28987000,  591104178, java, iotlab1, sing, 15
entry_1330908.class, 11.89,  6.06,  5.91,  0.28,  0.00,  454574168,  650505000,   28021000,  467169043, java, iotlab1, sing, 15
entry_1330908.class, 11.84,  6.05,  5.91,  0.28,  0.00,  451961277,  652722000,   21957000,  464266288, java, iotlab1, sing, 15
entry_1330908.class, 11.97,  6.14,  5.98,  0.28,  0.00,  458068082,  663521000,   29978000,  470482659, java, iotlab1, sing, 15
entry_1330908.class, 12.21,  6.11,  5.96,  0.29,  0.00,  473802977,  654572000,   33874000,  486165512, java, iotlab1, sing, 15
entry_1330908.class, 11.88,  6.02,  5.88,  0.28,  0.00,  456078325,  663879000,   21996000,  468388858, java, iotlab1, sing, 15
entry_1330908.class, 11.80,  5.93,  5.78,  0.28,  0.00,  454871695,  644948000,   22927000,  467411679, java, iotlab1, sing, 15
entry_1330908.class, 11.87,  6.09,  5.95,  0.28,  0.00,  456085162,  661012000,   28000000,  468507726, java, iotlab1, sing, 15
entry_1330908.class, 11.87,  6.06,  5.91,  0.28,  0.00,  458570662,  659387000,   30017000,  471762121, java, iotlab1, sing, 15
entry_1330908.class, 11.99,  6.14,  6.00,  0.29,  0.00,  457821364,  678622000,   22953000,  470126042, java, iotlab1, sing, 15
entry_1330908.class, 11.85,  6.02,  5.87,  0.28,  0.00,  457333108,  656168000,   29825000,  470368428, java, iotlab1, sing, 15
entry_13353307.class, 12.07,  6.09,  5.94,  0.29,  0.00,  468976805,  666979000,   26156000,  481583161, java, iotlab1, sing, 15
entry_13353307.class, 11.99,  6.15,  6.01,  0.28,  0.00,  461708856,  650238000,   25009000,  474010589, java, iotlab1, sing, 15
entry_13353307.class, 12.15,  6.18,  6.03,  0.29,  0.00,  473288790,  660951000,   30134000,  485804472, java, iotlab1, sing, 15
entry_13353307.class, 13.38,  6.69,  6.53,  0.32,  0.00,  486409300,  659177000,   37009000,  499393673, java, iotlab1, sing, 15
entry_13353307.class, 12.19,  6.21,  6.06,  0.28,  0.00,  463475760,  656876000,   36880000,  476200087, java, iotlab1, sing, 15
entry_13353307.class, 12.05,  6.16,  6.01,  0.28,  0.00,  464591032,  657670000,   33084000,  477349994, java, iotlab1, sing, 15
entry_13353307.class, 13.78,  6.88,  6.72,  0.35,  0.00,  494860998,  690950000,   30128000,  507374989, java, iotlab1, sing, 15
entry_13353307.class, 11.96,  6.15,  6.01,  0.28,  0.00,  453172296,  664610000,   26984000,  465675276, java, iotlab1, sing, 15
entry_13353307.class, 12.04,  6.16,  6.02,  0.28,  0.00,  462496442,  656187000,   32057000,  474972036, java, iotlab1, sing, 15
entry_13353307.class, 11.90,  6.08,  5.94,  0.28,  0.00,  460285653,  640325000,   31064000,  472776515, java, iotlab1, sing, 15
entry_13363423.class, 10.09,  5.10,  4.98,  0.24,  0.00,  385881603,  563923000,   34871000,  398597859, java, iotlab1, sing, 15
entry_13363423.class, 10.45,  5.25,  5.13,  0.26,  0.00,  407948316,  588016000,   22961000,  420365395, java, iotlab1, sing, 15
entry_13363423.class, 10.14,  5.17,  5.04,  0.24,  0.00,  383639215,  565251000,   26057000,  396085647, java, iotlab1, sing, 15
entry_13363423.class, 10.16,  5.17,  5.06,  0.24,  0.00,  385708338,  571160000,   33242000,  398111045, java, iotlab1, sing, 15
entry_13363423.class, 10.24,  5.22,  5.09,  0.24,  0.00,  388440289,  566525000,   29337000,  400741957, java, iotlab1, sing, 15
entry_13363423.class, 10.17,  5.15,  5.04,  0.24,  0.00,  386348179,  577409000,   25104000,  398800715, java, iotlab1, sing, 15
entry_13363423.class, 10.12,  5.12,  5.00,  0.24,  0.00,  382456932,  559189000,   33129000,  394794706, java, iotlab1, sing, 15
entry_13363423.class, 10.24,  5.19,  5.08,  0.24,  0.00,  387816412,  569980000,   35747000,  400325306, java, iotlab1, sing, 15
entry_13363423.class, 10.19,  5.17,  5.05,  0.24,  0.00,  386240197,  572374000,   29069000,  398663120, java, iotlab1, sing, 15
entry_13363423.class, 10.13,  5.16,  5.04,  0.24,  0.00,  384347897,  572723000,   27081000,  396734702, java, iotlab1, sing, 15
entry_13407937.class,  8.75,  4.51,  4.41,  0.20,  0.00,  336104192,  443516000,   18979000,  348716911, java, iotlab1, sing, 15
entry_13407937.class,  8.31,  4.26,  4.17,  0.19,  0.00,  320591368,  413337000,   21222000,  332889566, java, iotlab1, sing, 15
entry_13407937.class,  9.10,  4.61,  4.50,  0.21,  0.00,  351061334,  444996000,   19085000,  363562597, java, iotlab1, sing, 15
entry_13407937.class,  8.34,  4.28,  4.18,  0.19,  0.00,  320559983,  413830000,   20840000,  333161911, java, iotlab1, sing, 15
entry_13407937.class,  8.33,  4.25,  4.14,  0.19,  0.00,  321418452,  409307000,   25018000,  334851202, java, iotlab1, sing, 15
entry_13407937.class,  8.32,  4.29,  4.19,  0.19,  0.00,  320184072,  411775000,   19844000,  332569640, java, iotlab1, sing, 15
entry_13407937.class,  8.76,  4.50,  4.39,  0.20,  0.00,  333420696,  440323000,   18927000,  345811985, java, iotlab1, sing, 15
entry_13407937.class,  8.78,  4.51,  4.40,  0.20,  0.00,  335771029,  439647000,   24979000,  348344572, java, iotlab1, sing, 15
entry_13407937.class,  8.27,  4.24,  4.14,  0.19,  0.00,  319813657,  407325000,   22236000,  332091825, java, iotlab1, sing, 15
entry_13407937.class,  8.26,  4.20,  4.10,  0.19,  0.00,  320232829,  405481000,   26899000,  333414147, java, iotlab1, sing, 15
entry_13892216.class,  6.17,  3.10,  3.03,  0.15,  0.00,  237932867,  323738000,   18753000,  251522163, java, iotlab1, sing, 15
entry_13892216.class,  6.16,  3.14,  3.06,  0.14,  0.00,  234954084,  313378000,   16752000,  247321817, java, iotlab1, sing, 15
entry_13892216.class,  6.32,  3.10,  3.03,  0.14,  0.00,  238033368,  316462000,   18083000,  250728113, java, iotlab1, sing, 15
entry_13892216.class,  6.17,  3.16,  3.08,  0.14,  0.00,  235908531,  308642000,   25052000,  248409907, java, iotlab1, sing, 15
entry_13892216.class,  6.12,  3.09,  3.02,  0.14,  0.00,  234932646,  313468000,   21754000,  247475160, java, iotlab1, sing, 15
entry_13892216.class,  6.09,  3.09,  3.01,  0.14,  0.00,  234594512,  307607000,   20171000,  247095823, java, iotlab1, sing, 15
entry_13892216.class,  6.39,  3.14,  3.06,  0.15,  0.00,  254211379,  318000000,   18881000,  266685365, java, iotlab1, sing, 15
entry_13892216.class,  6.08,  3.04,  2.97,  0.14,  0.00,  236611635,  310311000,   18776000,  249103006, java, iotlab1, sing, 15
entry_13892216.class,  6.10,  3.09,  3.01,  0.14,  0.00,  235724254,  306050000,   25004000,  248898280, java, iotlab1, sing, 15
entry_13892216.class,  6.10,  3.10,  3.02,  0.14,  0.00,  235268496,  304770000,   22832000,  247776533, java, iotlab1, sing, 15
entry_14222013.class,  7.14,  3.57,  3.48,  0.18,  0.00,  266874971,  450471000,   26085000,  279211455, java, iotlab1, sing, 15
entry_14222013.class,  7.26,  3.66,  3.57,  0.18,  0.00,  269496612,  454362000,   26844000,  281876730, java, iotlab1, sing, 15
entry_14222013.class,  7.24,  3.66,  3.56,  0.18,  0.00,  266473270,  449323000,   25846000,  278992125, java, iotlab1, sing, 15
entry_14222013.class,  7.20,  3.63,  3.54,  0.18,  0.00,  267743979,  442923000,   37330000,  280125177, java, iotlab1, sing, 15
entry_14222013.class,  7.15,  3.60,  3.51,  0.18,  0.00,  266650497,  439788000,   34216000,  279112422, java, iotlab1, sing, 15
entry_14222013.class,  7.12,  3.61,  3.52,  0.18,  0.00,  263782327,  452231000,   21057000,  276208853, java, iotlab1, sing, 15
entry_14222013.class,  7.28,  3.65,  3.57,  0.18,  0.00,  270360846,  458551000,   27091000,  282787015, java, iotlab1, sing, 15
entry_14222013.class,  7.26,  3.64,  3.56,  0.18,  0.00,  267977862,  455721000,   23985000,  280392921, java, iotlab1, sing, 15
entry_14222013.class,  7.21,  3.58,  3.50,  0.18,  0.00,  267406299,  453924000,   26995000,  280377929, java, iotlab1, sing, 15
entry_14222013.class,  7.21,  3.58,  3.49,  0.18,  0.00,  269385223,  447014000,   29000000,  282351512, java, iotlab1, sing, 15
entry_14350341.class,  6.20,  3.11,  3.03,  0.15,  0.00,  235496572,  331092000,   24856000,  247876235, java, iotlab1, sing, 15
entry_14350341.class,  6.24,  3.15,  3.08,  0.15,  0.00,  238303187,  332772000,   23769000,  250872276, java, iotlab1, sing, 15
entry_14350341.class,  5.93,  3.01,  2.94,  0.14,  0.00,  222831505,  322592000,   22759000,  235174592, java, iotlab1, sing, 15
entry_14350341.class,  6.21,  3.14,  3.06,  0.15,  0.00,  236116207,  327966000,   23852000,  248695205, java, iotlab1, sing, 15
entry_14350341.class,  6.11,  3.05,  2.98,  0.15,  0.00,  237900507,  330052000,   25233000,  251265164, java, iotlab1, sing, 15
entry_14350341.class,  6.10,  3.08,  3.00,  0.14,  0.00,  233761542,  328905000,   17832000,  246267931, java, iotlab1, sing, 15
entry_14350341.class,  6.04,  3.05,  2.98,  0.14,  0.00,  231966578,  321327000,   20145000,  244472994, java, iotlab1, sing, 15
entry_14350341.class,  5.95,  3.04,  2.97,  0.14,  0.00,  224151556,  324830000,   20051000,  236576615, java, iotlab1, sing, 15
entry_14350341.class,  6.18,  3.11,  3.03,  0.15,  0.00,  235606252,  332833000,   19930000,  247954689, java, iotlab1, sing, 15
entry_14350341.class,  6.11,  3.05,  2.97,  0.15,  0.00,  237790047,  335495000,   22164000,  250251245, java, iotlab1, sing, 15
entry_1435745.class,  8.64,  4.41,  4.30,  0.20,  0.00,  337079522,  426659000,   23089000,  350053571, java, iotlab1, sing, 15
entry_1435745.class,  8.65,  4.39,  4.29,  0.20,  0.00,  337097077,  427257000,   22853000,  349498745, java, iotlab1, sing, 15
entry_1435745.class,  8.69,  4.45,  4.34,  0.20,  0.00,  338822022,  434296000,   20013000,  351083605, java, iotlab1, sing, 15
entry_1435745.class,  8.48,  4.35,  4.25,  0.20,  0.00,  332278596,  416942000,   21891000,  344542692, java, iotlab1, sing, 15
entry_1435745.class,  8.89,  4.41,  4.30,  0.21,  0.00,  358724355,  417594000,   24034000,  371240578, java, iotlab1, sing, 15
entry_1435745.class,  8.62,  4.40,  4.31,  0.20,  0.00,  337809166,  425012000,   22157000,  350328642, java, iotlab1, sing, 15
entry_1435745.class,  8.67,  4.42,  4.32,  0.20,  0.00,  336969735,  426472000,   22971000,  349366508, java, iotlab1, sing, 15
entry_1435745.class,  8.87,  4.47,  4.38,  0.20,  0.00,  339690489,  424425000,   30958000,  352039230, java, iotlab1, sing, 15
entry_1435745.class,  8.78,  4.41,  4.31,  0.20,  0.00,  338362622,  433768000,   19989000,  350821856, java, iotlab1, sing, 15
entry_1435745.class,  8.66,  4.39,  4.29,  0.20,  0.00,  336594517,  433097000,   15003000,  348961802, java, iotlab1, sing, 15
entry_1449727.class,  9.36,  4.76,  4.64,  0.21,  0.00,  365002131,  454714000,   14859000,  377439218, java, iotlab1, sing, 15
entry_1449727.class,  9.33,  4.77,  4.67,  0.21,  0.00,  364715618,  447001000,   23103000,  377237021, java, iotlab1, sing, 15
entry_1449727.class,  9.35,  4.74,  4.63,  0.21,  0.00,  363160620,  464720000,   17100000,  375570805, java, iotlab1, sing, 15
entry_1449727.class,  9.37,  4.84,  4.74,  0.21,  0.00,  366541281,  453253000,   21963000,  378995149, java, iotlab1, sing, 15
entry_1449727.class,  9.33,  4.77,  4.66,  0.21,  0.00,  367040602,  457300000,   16900000,  379351396, java, iotlab1, sing, 15
entry_1449727.class,  9.38,  4.78,  4.67,  0.21,  0.00,  366567599,  454176000,   16969000,  378975399, java, iotlab1, sing, 15
entry_1449727.class,  9.64,  4.86,  4.74,  0.22,  0.00,  379135603,  465396000,   19846000,  391504784, java, iotlab1, sing, 15
entry_1449727.class,  9.37,  4.79,  4.68,  0.21,  0.00,  365248445,  440815000,   26988000,  377642380, java, iotlab1, sing, 15
entry_1449727.class,  9.39,  4.77,  4.66,  0.21,  0.00,  366256869,  453167000,   19091000,  378686380, java, iotlab1, sing, 15
entry_1449727.class,  9.42,  4.80,  4.68,  0.21,  0.00,  365256277,  452416000,   16014000,  377733134, java, iotlab1, sing, 15
entry_14741196.class,  6.53,  3.17,  3.10,  0.17,  0.00,  231474937,  419780000,   31907000,  243917345, java, iotlab1, sing, 15
entry_14741196.class,  6.29,  3.15,  3.08,  0.16,  0.00,  228337723,  422200000,   22956000,  240729107, java, iotlab1, sing, 15
entry_14741196.class,  6.38,  3.20,  3.12,  0.17,  0.00,  231153387,  433475000,   22972000,  243476968, java, iotlab1, sing, 15
entry_14741196.class,  6.37,  3.17,  3.09,  0.17,  0.00,  233043202,  429618000,   27781000,  245390448, java, iotlab1, sing, 15
entry_14741196.class,  6.34,  3.16,  3.08,  0.17,  0.00,  230233109,  423939000,   28927000,  242668726, java, iotlab1, sing, 15
entry_14741196.class,  6.34,  3.17,  3.10,  0.17,  0.00,  230066680,  423987000,   27999000,  242477407, java, iotlab1, sing, 15
entry_14741196.class,  6.36,  3.18,  3.11,  0.17,  0.00,  231360916,  423178000,   32552000,  243865157, java, iotlab1, sing, 15
entry_14741196.class,  6.39,  3.21,  3.14,  0.17,  0.00,  231020391,  434987000,   23321000,  243448324, java, iotlab1, sing, 15
entry_14741196.class,  6.37,  3.19,  3.12,  0.17,  0.00,  231016558,  429737000,   21334000,  243205230, java, iotlab1, sing, 15
entry_14741196.class,  6.45,  3.23,  3.15,  0.17,  0.00,  234060487,  431030000,   20094000,  246415800, java, iotlab1, sing, 15
entry_14865641.class, 11.00,  5.62,  5.49,  0.24,  0.00,  434258006,  516049000,   18071000,  446495565, java, iotlab1, sing, 15
entry_14865641.class, 10.88,  5.55,  5.42,  0.24,  0.00,  429277991,  497390000,   25222000,  441787967, java, iotlab1, sing, 15
entry_14865641.class, 10.96,  5.57,  5.45,  0.24,  0.00,  432856182,  510182000,   21836000,  445342985, java, iotlab1, sing, 15
entry_14865641.class, 11.05,  5.59,  5.45,  0.25,  0.00,  434640530,  518679000,   16083000,  447168044, java, iotlab1, sing, 15
entry_14865641.class, 10.95,  5.58,  5.45,  0.24,  0.00,  432348638,  498661000,   31041000,  444853243, java, iotlab1, sing, 15
entry_14865641.class, 10.95,  5.55,  5.42,  0.24,  0.00,  430472174,  511497000,   17016000,  442793251, java, iotlab1, sing, 15
entry_14865641.class, 11.00,  5.61,  5.47,  0.25,  0.00,  433844185,  512640000,   21026000,  446218726, java, iotlab1, sing, 15
entry_14865641.class, 10.94,  5.59,  5.45,  0.24,  0.00,  432466621,  501621000,   29799000,  444834746, java, iotlab1, sing, 15
entry_14865641.class, 10.90,  5.55,  5.41,  0.24,  0.00,  431449813,  509281000,   20970000,  444000689, java, iotlab1, sing, 15
entry_14865641.class, 10.88,  5.54,  5.41,  0.24,  0.00,  429901679,  511611000,   14988000,  442299224, java, iotlab1, sing, 15
entry_1506063.class, 13.68,  7.00,  6.84,  0.30,  0.00,  539134363,  636223000,   35012000,  553967567, java, iotlab1, sing, 15
entry_1506063.class, 13.83,  7.28,  7.13,  0.29,  0.00,  519503156,  615479000,   18861000,  531935721, java, iotlab1, sing, 15
entry_1506063.class, 14.08,  7.39,  7.23,  0.30,  0.00,  529824706,  622906000,   21098000,  542209738, java, iotlab1, sing, 15
entry_1506063.class, 14.25,  7.46,  7.30,  0.30,  0.00,  531613938,  633610000,   20082000,  544056138, java, iotlab1, sing, 15
entry_1506063.class, 13.95,  7.28,  7.11,  0.29,  0.00,  524178768,  616667000,   22950000,  537004764, java, iotlab1, sing, 15
entry_1506063.class, 13.78,  7.24,  7.08,  0.29,  0.00,  516947076,  611429000,   24854000,  529380450, java, iotlab1, sing, 15
entry_1506063.class, 13.91,  7.27,  7.11,  0.29,  0.00,  522777347,  618160000,   19066000,  535227397, java, iotlab1, sing, 15
entry_1506063.class, 13.83,  7.26,  7.10,  0.29,  0.00,  518050611,  613733000,   16019000,  530461209, java, iotlab1, sing, 15
entry_1506063.class, 14.69,  7.72,  7.55,  0.30,  0.00,  545865255,  641542000,   21017000,  558181042, java, iotlab1, sing, 15
entry_1506063.class, 14.20,  7.48,  7.31,  0.30,  0.00,  531911993,  618494000,   26847000,  544243232, java, iotlab1, sing, 15
entry_1506117.class,  9.71,  4.99,  4.87,  0.21,  0.00,  368383995,  466803000,   16062000,  383124109, java, iotlab1, sing, 15
entry_1506117.class,  9.83,  5.14,  5.02,  0.21,  0.00,  361236991,  455724000,   20759000,  373540160, java, iotlab1, sing, 15
entry_1506117.class,  9.80,  5.13,  5.02,  0.21,  0.00,  362175831,  452088000,   21004000,  374578234, java, iotlab1, sing, 15
entry_1506117.class,  9.66,  5.07,  4.97,  0.21,  0.00,  357727969,  449996000,   17999000,  370287429, java, iotlab1, sing, 15
entry_1506117.class,  9.82,  5.17,  5.06,  0.21,  0.00,  362856020,  452609000,   21028000,  375334302, java, iotlab1, sing, 15
entry_1506117.class,  9.91,  5.21,  5.10,  0.21,  0.00,  365977945,  454931000,   26995000,  378311988, java, iotlab1, sing, 15
entry_1506117.class,  9.67,  5.05,  4.94,  0.21,  0.00,  359971675,  458831000,   14056000,  372350264, java, iotlab1, sing, 15
entry_1506117.class, 10.14,  5.24,  5.12,  0.22,  0.00,  376513552,  451554000,   28780000,  389071654, java, iotlab1, sing, 15
entry_1506117.class,  9.71,  5.11,  4.99,  0.21,  0.00,  357380293,  443025000,   23893000,  369779926, java, iotlab1, sing, 15
entry_1506117.class,  9.69,  5.10,  4.99,  0.21,  0.00,  358614667,  448240000,   23063000,  371153602, java, iotlab1, sing, 15
entry_1539806.class,  8.80,  4.40,  4.30,  0.20,  0.00,  333090323,  401692000,   29828000,  345597445, java, iotlab1, sing, 15
entry_1539806.class,  8.68,  4.42,  4.32,  0.20,  0.00,  332819070,  403359000,   23020000,  345211003, java, iotlab1, sing, 15
entry_1539806.class,  8.65,  4.41,  4.31,  0.20,  0.00,  332083482,  412324000,   17013000,  344491968, java, iotlab1, sing, 15
entry_1539806.class,  8.59,  4.44,  4.35,  0.20,  0.00,  331461183,  403036000,   25064000,  343822778, java, iotlab1, sing, 15
entry_1539806.class,  8.69,  4.47,  4.36,  0.20,  0.00,  333735725,  411659000,   17985000,  346198057, java, iotlab1, sing, 15
entry_1539806.class,  8.65,  4.43,  4.33,  0.20,  0.00,  333338708,  403708000,   25043000,  345760934, java, iotlab1, sing, 15
entry_1539806.class,  8.75,  4.49,  4.38,  0.20,  0.00,  337878242,  414433000,   23024000,  350352584, java, iotlab1, sing, 15
entry_1539806.class,  8.56,  4.39,  4.29,  0.20,  0.00,  331790684,  403378000,   26024000,  344249420, java, iotlab1, sing, 15
entry_1539806.class,  8.69,  4.43,  4.32,  0.20,  0.00,  333887644,  409095000,   21004000,  346350839, java, iotlab1, sing, 15
entry_1539806.class,  8.90,  4.46,  4.35,  0.21,  0.00,  347673039,  410577000,   22084000,  360115923, java, iotlab1, sing, 15
entry_15456302.class,  6.54,  3.27,  3.20,  0.15,  0.00,  259349227,  334888000,   14995000,  271877267, java, iotlab1, sing, 15
entry_15456302.class,  6.54,  3.25,  3.16,  0.15,  0.00,  261258053,  332003000,   19231000,  274160066, java, iotlab1, sing, 15
entry_15456302.class,  6.54,  3.25,  3.17,  0.15,  0.00,  259031902,  330818000,   18818000,  271426369, java, iotlab1, sing, 15
entry_15456302.class,  6.50,  3.24,  3.16,  0.15,  0.00,  257508025,  331451000,   16168000,  269890165, java, iotlab1, sing, 15
entry_15456302.class,  6.70,  3.26,  3.18,  0.15,  0.00,  258499624,  325844000,   23059000,  270785334, java, iotlab1, sing, 15
entry_15456302.class,  6.55,  3.26,  3.18,  0.15,  0.00,  257703144,  326809000,   21853000,  270205189, java, iotlab1, sing, 15
entry_15456302.class,  6.53,  3.28,  3.20,  0.15,  0.00,  258391400,  329932000,   19995000,  270810393, java, iotlab1, sing, 15
entry_15456302.class,  6.50,  3.26,  3.17,  0.15,  0.00,  260785991,  336204000,   15821000,  273304072, java, iotlab1, sing, 15
entry_15456302.class,  6.55,  3.29,  3.21,  0.15,  0.00,  258969856,  331262000,   19015000,  271364543, java, iotlab1, sing, 15
entry_15456302.class,  4.99,  2.50,  2.44,  0.12,  0.00,  188727730,  269780000,   18119000,  201175403, java, iotlab1, sing, 15
entry_15601501.class,  6.97,  3.44,  3.35,  0.18,  0.00,  260217828,  455438000,   30826000,  273423252, java, iotlab1, sing, 15
entry_15601501.class,  7.00,  3.50,  3.41,  0.18,  0.00,  258120432,  452261000,   30745000,  270450830, java, iotlab1, sing, 15
entry_15601501.class,  6.96,  3.47,  3.39,  0.18,  0.00,  258142337,  447134000,   28815000,  270505253, java, iotlab1, sing, 15
entry_15601501.class,  6.96,  3.46,  3.37,  0.18,  0.00,  263241313,  451302000,   27138000,  275637246, java, iotlab1, sing, 15
entry_15601501.class,  7.35,  3.54,  3.46,  0.20,  0.00,  262022587,  462542000,   27852000,  274382825, java, iotlab1, sing, 15
entry_15601501.class,  7.57,  3.73,  3.65,  0.20,  0.00,  268319057,  452236000,   36340000,  281377704, java, iotlab1, sing, 15
entry_15601501.class,  6.90,  3.39,  3.30,  0.18,  0.00,  262168118,  445280000,   37769000,  275178697, java, iotlab1, sing, 15
entry_15601501.class,  6.95,  3.45,  3.36,  0.18,  0.00,  260952370,  445817000,   29053000,  273406626, java, iotlab1, sing, 15
entry_15601501.class,  6.95,  3.43,  3.35,  0.18,  0.00,  256832647,  448619000,   30041000,  269115542, java, iotlab1, sing, 15
entry_15601501.class,  6.98,  3.47,  3.38,  0.18,  0.00,  259039944,  465051000,   25056000,  271428254, java, iotlab1, sing, 15
entry_1564986.class, 10.63,  5.20,  5.08,  0.24,  0.00,  400969717,  527128000,   76308000,  413809766, java, iotlab1, sing, 15
entry_1564986.class, 10.95,  5.43,  5.30,  0.25,  0.00,  404593689,  580797000,   82830000,  416944387, java, iotlab1, sing, 15
entry_1564986.class, 10.65,  5.26,  5.14,  0.24,  0.00,  400499001,  518325000,   88225000,  412860936, java, iotlab1, sing, 15
entry_1564986.class, 10.78,  5.33,  5.19,  0.24,  0.00,  402570392,  545982000,   91661000,  414920397, java, iotlab1, sing, 15
entry_1564986.class, 10.91,  5.30,  5.17,  0.24,  0.00,  415956601,  528471000,   81072000,  428385390, java, iotlab1, sing, 15
entry_1564986.class, 10.93,  5.39,  5.26,  0.24,  0.00,  403643102,  569457000,   84364000,  415886809, java, iotlab1, sing, 15
entry_1564986.class, 10.68,  5.26,  5.13,  0.24,  0.00,  402075684,  521421000,   92366000,  414692587, java, iotlab1, sing, 15
entry_1564986.class, 10.82,  5.35,  5.22,  0.24,  0.00,  403609757,  543054000,   94356000,  416039763, java, iotlab1, sing, 15
entry_1564986.class, 10.96,  5.41,  5.28,  0.24,  0.00,  404766382,  580914000,   90141000,  417111408, java, iotlab1, sing, 15
entry_1564986.class, 10.67,  5.31,  5.18,  0.24,  0.00,  400868613,  522709000,   89436000,  413300042, java, iotlab1, sing, 15
entry_15800923.class, 10.86,  5.50,  5.36,  0.25,  0.00,  432422281,  504714000,   25185000,  445549623, java, iotlab1, sing, 15
entry_15800923.class, 10.89,  5.52,  5.39,  0.24,  0.00,  430347430,  504407000,   22149000,  442888660, java, iotlab1, sing, 15
entry_15800923.class, 10.88,  5.52,  5.39,  0.24,  0.00,  429236847,  502717000,   24936000,  441566222, java, iotlab1, sing, 15
entry_15800923.class, 10.91,  5.57,  5.44,  0.24,  0.00,  429749191,  510723000,   17091000,  442193339, java, iotlab1, sing, 15
entry_15800923.class, 11.22,  5.60,  5.46,  0.26,  0.00,  452940876,  510119000,   23095000,  465291570, java, iotlab1, sing, 15
entry_15800923.class, 10.85,  5.50,  5.37,  0.24,  0.00,  427212818,  497028000,   20041000,  439555654, java, iotlab1, sing, 15
entry_15800923.class, 10.89,  5.54,  5.42,  0.24,  0.00,  430552806,  516065000,   13001000,  442929763, java, iotlab1, sing, 15
entry_15800923.class, 10.90,  5.47,  5.33,  0.24,  0.00,  429476300,  495672000,   24983000,  442366252, java, iotlab1, sing, 15
entry_15800923.class, 10.93,  5.55,  5.42,  0.24,  0.00,  430101736,  510275000,   14035000,  442528453, java, iotlab1, sing, 15
entry_15800923.class, 10.92,  5.54,  5.40,  0.25,  0.00,  431986348,  509685000,   20145000,  444966595, java, iotlab1, sing, 15
entry_15876248.class, 10.19,  5.25,  5.13,  0.23,  0.00,  397978140,  478102000,   16070000,  410293597, java, iotlab1, sing, 15
entry_15876248.class, 10.18,  5.24,  5.12,  0.22,  0.00,  398098626,  473579000,   18983000,  410405762, java, iotlab1, sing, 15
entry_15876248.class, 10.32,  5.28,  5.16,  0.23,  0.00,  401720582,  474831000,   19992000,  414325466, java, iotlab1, sing, 15
entry_15876248.class,  4.70,  2.35,  2.30,  0.11,  0.00,  176133951,  255757000,   19749000,  189664716, java, iotlab1, sing, 15
entry_15876248.class, 10.33,  5.21,  5.09,  0.23,  0.00,  413200779,  469770000,   17064000,  426150620, java, iotlab1, sing, 15
entry_15876248.class, 10.13,  5.22,  5.09,  0.22,  0.00,  395649059,  461178000,   22860000,  408216162, java, iotlab1, sing, 15
entry_15876248.class, 10.17,  5.24,  5.13,  0.22,  0.00,  397610915,  469935000,   20952000,  409808546, java, iotlab1, sing, 15
entry_15876248.class, 10.07,  5.19,  5.07,  0.22,  0.00,  394987231,  471171000,   14064000,  407239590, java, iotlab1, sing, 15
entry_15876248.class, 10.16,  5.26,  5.14,  0.22,  0.00,  398201800,  476095000,   18194000,  410524523, java, iotlab1, sing, 15
entry_15876248.class, 10.05,  5.21,  5.09,  0.22,  0.00,  395979356,  468574000,   18060000,  408482780, java, iotlab1, sing, 15
entry_16075108.class, 12.52,  6.48,  6.33,  0.27,  0.00,  486045564,  573853000,   20885000,  499046751, java, iotlab1, sing, 15
entry_16075108.class, 12.11,  6.30,  6.17,  0.26,  0.00,  469544255,  541537000,   21177000,  481958666, java, iotlab1, sing, 15
entry_16075108.class, 12.24,  6.34,  6.18,  0.26,  0.00,  472244571,  546242000,   19899000,  484618877, java, iotlab1, sing, 15
entry_16075108.class, 12.18,  6.32,  6.18,  0.26,  0.00,  469887656,  543836000,   21872000,  482351195, java, iotlab1, sing, 15
entry_16075108.class, 12.50,  6.36,  6.20,  0.27,  0.00,  486553960,  544987000,   17220000,  499058418, java, iotlab1, sing, 15
entry_16075108.class, 12.56,  6.51,  6.37,  0.27,  0.00,  483245282,  570034000,   22040000,  495792636, java, iotlab1, sing, 15
entry_16075108.class, 12.16,  6.32,  6.17,  0.26,  0.00,  468758017,  543874000,   19065000,  481235917, java, iotlab1, sing, 15
entry_16075108.class, 12.60,  6.54,  6.39,  0.27,  0.00,  483797722,  565399000,   26923000,  496179492, java, iotlab1, sing, 15
entry_16075108.class, 12.31,  6.33,  6.18,  0.27,  0.00,  473858425,  549873000,   23036000,  486485745, java, iotlab1, sing, 15
entry_16075108.class, 12.48,  6.37,  6.22,  0.26,  0.00,  472585016,  547834000,   22033000,  484903260, java, iotlab1, sing, 15
entry_16082697.class, 12.14,  6.19,  6.05,  0.26,  0.00,  470488942,  546481000,   19051000,  483793182, java, iotlab1, sing, 15
entry_16082697.class, 12.09,  6.26,  6.12,  0.26,  0.00,  469549548,  539986000,   22999000,  482097763, java, iotlab1, sing, 15
entry_16082697.class, 12.04,  6.20,  6.04,  0.26,  0.00,  460281841,  548268000,   17846000,  472561211, java, iotlab1, sing, 15
entry_16082697.class, 12.41,  6.33,  6.18,  0.27,  0.00,  489543415,  550333000,   16216000,  501966057, java, iotlab1, sing, 15
entry_16082697.class, 12.10,  6.24,  6.10,  0.26,  0.00,  470921199,  549689000,   17021000,  483718750, java, iotlab1, sing, 15
entry_16082697.class, 11.99,  6.22,  6.08,  0.26,  0.00,  459819286,  545234000,   20894000,  472606181, java, iotlab1, sing, 15
entry_16082697.class, 12.17,  6.29,  6.14,  0.26,  0.00,  470748778,  549815000,   16932000,  483174764, java, iotlab1, sing, 15
entry_16082697.class, 12.10,  6.26,  6.11,  0.26,  0.00,  468790660,  544165000,   22210000,  481009636, java, iotlab1, sing, 15
entry_16082697.class, 12.10,  6.27,  6.12,  0.26,  0.00,  469848578,  551420000,   19870000,  482300607, java, iotlab1, sing, 15
entry_16082697.class, 12.31,  6.32,  6.17,  0.26,  0.00,  470299419,  557725000,   14068000,  482703365, java, iotlab1, sing, 15
entry_1666038.class,  9.32,  4.52,  4.40,  0.23,  0.00,  375620140,  552955000,   29997000,  388080714, java, iotlab1, sing, 15
entry_1666038.class,  9.29,  4.69,  4.57,  0.22,  0.00,  353600462,  536989000,   22956000,  365950080, java, iotlab1, sing, 15
entry_1666038.class, 11.76,  5.94,  5.80,  0.27,  0.00,  454400703,  626314000,   26927000,  466995743, java, iotlab1, sing, 15
entry_1666038.class, 11.55,  5.90,  5.76,  0.27,  0.00,  437627574,  627209000,   24968000,  450100081, java, iotlab1, sing, 15
entry_1666038.class, 11.77,  5.97,  5.83,  0.27,  0.00,  450913546,  634678000,   29076000,  463308767, java, iotlab1, sing, 15
entry_1666038.class, 12.30,  6.09,  5.94,  0.29,  0.00,  458733758,  644295000,   23899000,  471397381, java, iotlab1, sing, 15
entry_1666038.class, 10.04,  4.93,  4.81,  0.25,  0.00,  366717180,  542771000,   26939000,  379299411, java, iotlab1, sing, 15
entry_1666038.class, 11.68,  5.97,  5.84,  0.27,  0.00,  449666159,  636578000,   25022000,  461978426, java, iotlab1, sing, 15
entry_1666038.class,  9.25,  4.72,  4.61,  0.22,  0.00,  347908642,  535168000,   25815000,  360183382, java, iotlab1, sing, 15
entry_1666038.class,  9.59,  4.80,  4.69,  0.23,  0.00,  359913735,  538639000,   32217000,  372366842, java, iotlab1, sing, 15
entry_1681965.class, 11.33,  5.70,  5.56,  0.26,  0.00,  452527776,  544779000,   21991000,  466462572, java, iotlab1, sing, 15
entry_1681965.class, 11.36,  5.75,  5.61,  0.25,  0.00,  445510864,  535616000,   20906000,  457972799, java, iotlab1, sing, 15
entry_1681965.class, 11.58,  5.80,  5.65,  0.25,  0.00,  448203828,  537980000,   19962000,  461349723, java, iotlab1, sing, 15
entry_1681965.class, 11.32,  5.73,  5.60,  0.25,  0.00,  446078783,  543084000,   13976000,  458870432, java, iotlab1, sing, 15
entry_1681965.class, 11.35,  5.72,  5.58,  0.25,  0.00,  445059526,  540195000,   15005000,  457556712, java, iotlab1, sing, 15
entry_1681965.class, 11.36,  5.75,  5.62,  0.25,  0.00,  447117754,  528854000,   23903000,  459679240, java, iotlab1, sing, 15
entry_1681965.class, 11.38,  5.78,  5.65,  0.25,  0.00,  448813134,  541044000,   20771000,  461203878, java, iotlab1, sing, 15
entry_1681965.class, 11.32,  5.76,  5.62,  0.25,  0.00,  445979210,  533982000,   22828000,  458396587, java, iotlab1, sing, 15
entry_1681965.class, 11.47,  5.81,  5.67,  0.26,  0.00,  449543275,  537703000,   27035000,  462005129, java, iotlab1, sing, 15
entry_1681965.class, 11.33,  5.76,  5.63,  0.25,  0.00,  446715008,  538550000,   15927000,  459117833, java, iotlab1, sing, 15
entry_2073364.class,  7.40,  3.68,  3.59,  0.17,  0.00,  294867113,  375372000,   19172000,  307323483, java, iotlab1, sing, 15
entry_2073364.class,  7.43,  3.71,  3.61,  0.17,  0.00,  291689995,  365680000,   22917000,  304026758, java, iotlab1, sing, 15
entry_2073364.class,  7.35,  3.69,  3.59,  0.17,  0.00,  287546567,  367997000,   14076000,  300045704, java, iotlab1, sing, 15
entry_2073364.class,  7.37,  3.68,  3.59,  0.17,  0.00,  290520424,  362439000,   26737000,  302834693, java, iotlab1, sing, 15
entry_2073364.class,  7.31,  3.69,  3.59,  0.17,  0.00,  289591819,  360125000,   25794000,  301953712, java, iotlab1, sing, 15
entry_2073364.class,  7.45,  3.77,  3.67,  0.17,  0.00,  292182751,  371772000,   18037000,  304661244, java, iotlab1, sing, 15
entry_2073364.class,  7.34,  3.70,  3.61,  0.17,  0.00,  288663372,  368707000,   16118000,  301017436, java, iotlab1, sing, 15
entry_2073364.class,  7.30,  3.63,  3.53,  0.17,  0.00,  289082130,  363035000,   22628000,  301343865, java, iotlab1, sing, 15
entry_2073364.class,  7.44,  3.73,  3.63,  0.17,  0.00,  292543947,  370237000,   20176000,  304966469, java, iotlab1, sing, 15
entry_2073364.class,  7.34,  3.71,  3.63,  0.17,  0.00,  290610043,  368996000,   19999000,  303076972, java, iotlab1, sing, 15
entry_2125252.class, 12.02,  5.98,  5.84,  0.27,  0.00,  449367488,  598604000,   86086000,  461672384, java, iotlab1, sing, 15
entry_2125252.class, 12.27,  6.14,  6.00,  0.27,  0.00,  459392895,  613368000,   80916000,  471976006, java, iotlab1, sing, 15
entry_2125252.class, 12.18,  6.07,  5.93,  0.27,  0.00,  458579676,  598802000,   89522000,  471029721, java, iotlab1, sing, 15
entry_2125252.class, 12.30,  6.14,  6.00,  0.27,  0.00,  459368212,  604843000,   86694000,  471734238, java, iotlab1, sing, 15
entry_2125252.class, 11.96,  5.94,  5.80,  0.26,  0.00,  447987155,  580344000,   98698000,  460183330, java, iotlab1, sing, 15
entry_2125252.class, 12.31,  6.14,  6.00,  0.27,  0.00,  461327432,  601865000,   99646000,  473650836, java, iotlab1, sing, 15
entry_2125252.class, 12.27,  6.11,  5.97,  0.27,  0.00,  458047919,  614309000,   78166000,  470372484, java, iotlab1, sing, 15
entry_2125252.class, 12.25,  6.09,  5.94,  0.27,  0.00,  457539831,  607629000,   83086000,  470003004, java, iotlab1, sing, 15
entry_2125252.class, 12.07,  5.99,  5.86,  0.27,  0.00,  450627361,  603188000,   84305000,  463001679, java, iotlab1, sing, 15
entry_2125252.class, 12.35,  6.13,  5.99,  0.27,  0.00,  460593610,  603018000,   95319000,  472965177, java, iotlab1, sing, 15
entry_2125911.class,  6.57,  3.27,  3.19,  0.16,  0.00,  257980359,  349925000,   21177000,  270840520, java, iotlab1, sing, 15
entry_2125911.class,  6.53,  3.28,  3.20,  0.15,  0.00,  255478423,  346957000,   19997000,  268581280, java, iotlab1, sing, 15
entry_2125911.class,  6.61,  3.31,  3.23,  0.15,  0.00,  255009406,  363920000,   12890000,  267845576, java, iotlab1, sing, 15
entry_2125911.class,  6.57,  3.28,  3.21,  0.15,  0.00,  253782754,  333960000,   30811000,  266099508, java, iotlab1, sing, 15
entry_2125911.class,  6.52,  3.31,  3.24,  0.15,  0.00,  246063600,  362489000,   15230000,  258490720, java, iotlab1, sing, 15
entry_2125911.class,  6.61,  3.29,  3.21,  0.15,  0.00,  254884501,  344116000,   20765000,  267231091, java, iotlab1, sing, 15
entry_2125911.class,  6.59,  3.32,  3.24,  0.15,  0.00,  254365993,  348536000,   18131000,  266796340, java, iotlab1, sing, 15
entry_2125911.class,  6.59,  3.32,  3.25,  0.15,  0.00,  254264524,  347051000,   17899000,  266696716, java, iotlab1, sing, 15
entry_2125911.class,  6.55,  3.28,  3.21,  0.15,  0.00,  254376409,  345782000,   19154000,  266805663, java, iotlab1, sing, 15
entry_2125911.class,  6.44,  3.29,  3.21,  0.15,  0.00,  243828098,  346232000,   18012000,  256261988, java, iotlab1, sing, 15
entry_2352538.class,  8.67,  4.47,  4.36,  0.19,  0.00,  334714401,  375857000,   12157000,  346906833, java, iotlab1, sing, 15
entry_2352538.class,  8.68,  4.49,  4.39,  0.18,  0.00,  334929835,  368769000,   18037000,  348343371, java, iotlab1, sing, 15
entry_2352538.class,  8.88,  4.60,  4.49,  0.19,  0.00,  337620101,  371195000,   19903000,  350028412, java, iotlab1, sing, 15
entry_2352538.class,  8.70,  4.49,  4.38,  0.19,  0.00,  333386312,  374111000,   12035000,  345647025, java, iotlab1, sing, 15
entry_2352538.class,  8.98,  4.56,  4.45,  0.19,  0.00,  333827864,  373934000,   13067000,  346254922, java, iotlab1, sing, 15
entry_2352538.class,  8.76,  4.52,  4.41,  0.18,  0.00,  333176673,  373123000,   12934000,  345638230, java, iotlab1, sing, 15
entry_2352538.class,  8.74,  4.52,  4.42,  0.18,  0.00,  332716740,  364028000,   22001000,  345066466, java, iotlab1, sing, 15
entry_2352538.class,  8.69,  4.51,  4.41,  0.18,  0.00,  332788783,  374752000,   11081000,  345364883, java, iotlab1, sing, 15
entry_2352538.class,  8.72,  4.53,  4.42,  0.18,  0.00,  332860846,  364821000,   21869000,  345252083, java, iotlab1, sing, 15
entry_2352538.class,  8.71,  4.53,  4.43,  0.19,  0.00,  332625377,  376191000,   10005000,  345038900, java, iotlab1, sing, 15
entry_2371098.class,  6.13,  3.14,  3.07,  0.14,  0.00,  233730579,  317556000,   16129000,  246514133, java, iotlab1, sing, 15
entry_2371098.class,  6.10,  3.11,  3.04,  0.14,  0.00,  231254238,  311655000,   19040000,  243560982, java, iotlab1, sing, 15
entry_2371098.class,  6.10,  3.09,  3.01,  0.14,  0.00,  232011213,  316462000,   14974000,  244519349, java, iotlab1, sing, 15
entry_2371098.class,  6.12,  3.08,  3.00,  0.14,  0.00,  235136700,  312182000,   23861000,  248120213, java, iotlab1, sing, 15
entry_2371098.class,  6.09,  3.09,  3.01,  0.14,  0.00,  231899811,  314765000,   17041000,  244431486, java, iotlab1, sing, 15
entry_2371098.class,  6.24,  3.13,  3.06,  0.15,  0.00,  234970487,  335121000,   26087000,  248013272, java, iotlab1, sing, 15
entry_2371098.class,  5.98,  3.00,  2.93,  0.14,  0.00,  226118866,  310822000,   25393000,  239537828, java, iotlab1, sing, 15
entry_2371098.class,  5.91,  3.05,  2.98,  0.14,  0.00,  220084648,  308474000,   20030000,  232357481, java, iotlab1, sing, 15
entry_2371098.class,  6.20,  3.12,  3.05,  0.15,  0.00,  235739017,  337383000,   22890000,  248634762, java, iotlab1, sing, 15
entry_2371098.class,  6.06,  3.09,  3.02,  0.14,  0.00,  223127923,  340241000,   17112000,  235535075, java, iotlab1, sing, 15
entry_2488326.class,  6.36,  3.14,  3.07,  0.15,  0.00,  247740016,  320823000,   25142000,  260300885, java, iotlab1, sing, 15
entry_2488326.class,  6.25,  3.16,  3.09,  0.15,  0.00,  239388985,  306794000,   26981000,  251720133, java, iotlab1, sing, 15
entry_2488326.class,  6.27,  3.19,  3.12,  0.15,  0.00,  239693725,  305422000,   28850000,  251992642, java, iotlab1, sing, 15
entry_2488326.class,  6.23,  3.17,  3.10,  0.15,  0.00,  238767775,  307068000,   25087000,  251225150, java, iotlab1, sing, 15
entry_2488326.class,  6.94,  3.54,  3.45,  0.17,  0.00,  252153960,  328069000,   31292000,  264641672, java, iotlab1, sing, 15
entry_2488326.class,  6.74,  3.39,  3.31,  0.16,  0.00,  246199728,  315764000,   28705000,  259244253, java, iotlab1, sing, 15
entry_2488326.class,  6.34,  3.22,  3.15,  0.15,  0.00,  240069623,  317229000,   27019000,  252487356, java, iotlab1, sing, 15
entry_2488326.class,  6.32,  3.19,  3.11,  0.15,  0.00,  240726666,  303980000,   31893000,  253065626, java, iotlab1, sing, 15
entry_2488326.class,  6.39,  3.26,  3.18,  0.15,  0.00,  241686598,  315739000,   25978000,  254170378, java, iotlab1, sing, 15
entry_2488326.class,  6.28,  3.18,  3.11,  0.15,  0.00,  240138530,  310511000,   23962000,  252373213, java, iotlab1, sing, 15
entry_2488396.class,  8.00,  4.17,  4.07,  0.18,  0.00,  298592730,  369936000,   26136000,  311688234, java, iotlab1, sing, 15
entry_2488396.class,  8.02,  4.20,  4.11,  0.18,  0.00,  293486809,  361802000,   30897000,  306172512, java, iotlab1, sing, 15
entry_2488396.class,  8.80,  4.48,  4.37,  0.20,  0.00,  321646598,  381631000,   27115000,  334643344, java, iotlab1, sing, 15
entry_2488396.class,  8.00,  4.19,  4.09,  0.18,  0.00,  294255759,  368861000,   24590000,  306675147, java, iotlab1, sing, 15
entry_2488396.class,  8.25,  4.25,  4.14,  0.18,  0.00,  309283300,  363866000,   27989000,  321918857, java, iotlab1, sing, 15
entry_2488396.class,  8.00,  4.17,  4.08,  0.18,  0.00,  295882035,  359616000,   34962000,  308264088, java, iotlab1, sing, 15
entry_2488396.class,  8.08,  4.22,  4.13,  0.18,  0.00,  302175793,  362483000,   25172000,  314632945, java, iotlab1, sing, 15
entry_2488396.class,  8.06,  4.21,  4.11,  0.18,  0.00,  296427143,  368265000,   26160000,  309021146, java, iotlab1, sing, 15
entry_2488396.class,  8.10,  4.20,  4.11,  0.18,  0.00,  302359991,  360588000,   27044000,  314839455, java, iotlab1, sing, 15
entry_2488396.class,  7.99,  4.19,  4.10,  0.18,  0.00,  294759032,  369768000,   24049000,  307096456, java, iotlab1, sing, 15
entry_2497550.class, 12.75,  6.38,  6.23,  0.29,  0.00,  489491722,  664929000,   30087000,  501940056, java, iotlab1, sing, 15
entry_2497550.class, 12.48,  6.35,  6.20,  0.29,  0.00,  481656219,  660881000,   24957000,  494163740, java, iotlab1, sing, 15
entry_2497550.class, 12.42,  6.38,  6.23,  0.29,  0.00,  480432783,  651657000,   31836000,  492993661, java, iotlab1, sing, 15
entry_2497550.class, 12.38,  6.33,  6.19,  0.29,  0.00,  473463832,  666194000,   26007000,  486020151, java, iotlab1, sing, 15
entry_2497550.class, 12.40,  6.27,  6.12,  0.29,  0.00,  478711467,  661270000,   26929000,  491212507, java, iotlab1, sing, 15
entry_2497550.class, 12.83,  6.35,  6.20,  0.30,  0.00,  497926442,  655887000,   31656000,  510409742, java, iotlab1, sing, 15
entry_2497550.class, 12.49,  6.31,  6.16,  0.29,  0.00,  483456779,  663385000,   26934000,  496660973, java, iotlab1, sing, 15
entry_2497550.class, 12.41,  6.30,  6.15,  0.29,  0.00,  479101930,  656536000,   26301000,  491543600, java, iotlab1, sing, 15
entry_2497550.class, 12.53,  6.34,  6.19,  0.29,  0.00,  482815958,  660894000,   30995000,  495241439, java, iotlab1, sing, 15
entry_2497550.class, 12.43,  6.29,  6.14,  0.29,  0.00,  477958467,  658187000,   28050000,  490281622, java, iotlab1, sing, 15
entry_2592576.class,  9.17,  4.72,  4.61,  0.21,  0.00,  353949990,  423635000,   28242000,  366597218, java, iotlab1, sing, 15
entry_2592576.class,  9.27,  4.78,  4.66,  0.21,  0.00,  353731993,  435310000,   22117000,  366171029, java, iotlab1, sing, 15
entry_2592576.class,  9.26,  4.75,  4.65,  0.21,  0.00,  353528425,  436364000,   21261000,  365889291, java, iotlab1, sing, 15
entry_2592576.class,  9.27,  4.76,  4.65,  0.21,  0.00,  357680619,  433327000,   27956000,  370101586, java, iotlab1, sing, 15
entry_2592576.class,  9.19,  4.73,  4.62,  0.21,  0.00,  352850523,  423553000,   26157000,  365357745, java, iotlab1, sing, 15
entry_2592576.class,  9.40,  4.72,  4.61,  0.21,  0.00,  370345731,  424794000,   26986000,  383438138, java, iotlab1, sing, 15
entry_2592576.class,  9.24,  4.73,  4.62,  0.21,  0.00,  353601641,  435926000,   22996000,  365999175, java, iotlab1, sing, 15
entry_2592576.class,  9.30,  4.76,  4.65,  0.21,  0.00,  360359875,  422413000,   21120000,  372710118, java, iotlab1, sing, 15
entry_2592576.class,  9.36,  4.78,  4.66,  0.21,  0.00,  363351298,  428101000,   23783000,  375789292, java, iotlab1, sing, 15
entry_2592576.class,  9.40,  4.78,  4.66,  0.21,  0.00,  365164296,  440516000,   22177000,  377538970, java, iotlab1, sing, 15
entry_2592751.class, 10.49,  5.43,  5.30,  0.23,  0.00,  406471010,  469821000,   25879000,  418852955, java, iotlab1, sing, 15
entry_2592751.class, 10.52,  5.47,  5.34,  0.23,  0.00,  405088235,  473998000,   21999000,  417491415, java, iotlab1, sing, 15
entry_2592751.class, 10.31,  5.36,  5.23,  0.23,  0.00,  393518940,  471936000,   20952000,  406060965, java, iotlab1, sing, 15
entry_2592751.class, 10.44,  5.42,  5.29,  0.23,  0.00,  403654953,  473536000,   18822000,  415897249, java, iotlab1, sing, 15
entry_2592751.class, 10.38,  5.38,  5.25,  0.23,  0.00,  394946405,  471121000,   23854000,  407182056, java, iotlab1, sing, 15
entry_2592751.class, 10.33,  5.39,  5.28,  0.23,  0.00,  394345309,  472997000,   20955000,  406674840, java, iotlab1, sing, 15
entry_2592751.class, 10.44,  5.38,  5.25,  0.23,  0.00,  395971555,  460311000,   33802000,  408410582, java, iotlab1, sing, 15
entry_2592751.class, 10.39,  5.36,  5.23,  0.23,  0.00,  402466499,  463258000,   21011000,  414863652, java, iotlab1, sing, 15
entry_2592751.class, 10.49,  5.38,  5.25,  0.23,  0.00,  406284813,  474671000,   22935000,  418573245, java, iotlab1, sing, 15
entry_2592751.class, 10.35,  5.33,  5.20,  0.23,  0.00,  397266614,  472290000,   25229000,  409745338, java, iotlab1, sing, 15
entry_2658416.class,  7.65,  3.83,  3.74,  0.19,  0.00,  286028116,  473920000,   20038000,  298941155, java, iotlab1, sing, 15
entry_2658416.class,  7.84,  3.97,  3.88,  0.20,  0.00,  289654685,  480123000,   25952000,  302114567, java, iotlab1, sing, 15
entry_2658416.class,  7.67,  3.88,  3.79,  0.19,  0.00,  284443306,  475593000,   23273000,  296731481, java, iotlab1, sing, 15
entry_2658416.class,  7.84,  3.93,  3.84,  0.20,  0.00,  292642555,  470791000,   38308000,  305813620, java, iotlab1, sing, 15
entry_2658416.class,  7.79,  3.88,  3.79,  0.19,  0.00,  285413486,  471357000,   26963000,  297860073, java, iotlab1, sing, 15
entry_2658416.class,  7.75,  3.93,  3.84,  0.19,  0.00,  287290275,  478092000,   20003000,  299770952, java, iotlab1, sing, 15
entry_2658416.class,  7.67,  3.88,  3.79,  0.19,  0.00,  283673313,  471336000,   23715000,  296075102, java, iotlab1, sing, 15
entry_2658416.class,  8.13,  4.12,  4.03,  0.20,  0.00,  300155195,  508923000,   20996000,  312681057, java, iotlab1, sing, 15
entry_2658416.class,  7.58,  3.85,  3.77,  0.19,  0.00,  284142269,  464443000,   29216000,  296604133, java, iotlab1, sing, 15
entry_2658416.class,  8.43,  4.17,  4.07,  0.21,  0.00,  321681652,  511173000,   19043000,  334213993, java, iotlab1, sing, 15
entry_2983703.class,  6.17,  3.07,  3.00,  0.14,  0.00,  231894971,  315916000,   17049000,  244534913, java, iotlab1, sing, 15
entry_2983703.class,  6.40,  3.22,  3.15,  0.15,  0.00,  241168746,  366312000,   11009000,  253667905, java, iotlab1, sing, 15
entry_2983703.class,  6.02,  3.03,  2.96,  0.14,  0.00,  231078308,  315545000,   19660000,  243610830, java, iotlab1, sing, 15
entry_2983703.class,  5.90,  3.04,  2.97,  0.14,  0.00,  220798490,  315105000,   19755000,  233172042, java, iotlab1, sing, 15
entry_2983703.class,  6.40,  3.23,  3.16,  0.15,  0.00,  239259480,  356337000,   17866000,  251744452, java, iotlab1, sing, 15
entry_2983703.class,  6.34,  3.21,  3.13,  0.15,  0.00,  237222733,  353818000,   16991000,  249592586, java, iotlab1, sing, 15
entry_2983703.class,  6.06,  3.07,  3.00,  0.14,  0.00,  230751761,  308621000,   22116000,  243216226, java, iotlab1, sing, 15
entry_2983703.class,  6.07,  3.08,  3.01,  0.14,  0.00,  229916008,  316824000,   16092000,  242269942, java, iotlab1, sing, 15
entry_2983703.class,  6.07,  3.07,  2.99,  0.14,  0.00,  230964079,  314907000,   14040000,  243347554, java, iotlab1, sing, 15
entry_2983703.class,  6.34,  3.19,  3.12,  0.15,  0.00,  236136525,  348000000,   21244000,  248514173, java, iotlab1, sing, 15
entry_2983738.class,  8.79,  4.38,  4.28,  0.21,  0.00,  328992315,  518178000,   25154000,  341428180, java, iotlab1, sing, 15
entry_2983738.class,  8.80,  4.36,  4.25,  0.22,  0.00,  331724219,  521187000,   21881000,  344789969, java, iotlab1, sing, 15
entry_2983738.class,  9.20,  4.49,  4.39,  0.23,  0.00,  351128340,  526525000,   24161000,  363647166, java, iotlab1, sing, 15
entry_2983738.class,  8.73,  4.37,  4.27,  0.21,  0.00,  328529507,  524419000,   19826000,  340921704, java, iotlab1, sing, 15
entry_2983738.class,  9.73,  4.80,  4.70,  0.26,  0.00,  339301388,  657290000,   34909000,  351709648, java, iotlab1, sing, 15
entry_2983738.class,  9.71,  4.78,  4.67,  0.26,  0.00,  339978562,  654838000,   36101000,  352423337, java, iotlab1, sing, 15
entry_2983738.class,  8.87,  4.45,  4.34,  0.22,  0.00,  331735514,  516101000,   27951000,  344324783, java, iotlab1, sing, 15
entry_2983738.class,  8.75,  4.39,  4.28,  0.21,  0.00,  329613497,  516383000,   25918000,  341936917, java, iotlab1, sing, 15
entry_2983738.class,  8.67,  4.36,  4.26,  0.21,  0.00,  327146575,  517335000,   25016000,  339633000, java, iotlab1, sing, 15
entry_2983738.class,  8.72,  4.36,  4.26,  0.21,  0.00,  329397335,  510691000,   33044000,  342211748, java, iotlab1, sing, 15
entry_2983741.class,  8.72,  4.35,  4.25,  0.22,  0.00,  332312093,  525364000,   23326000,  345005505, java, iotlab1, sing, 15
entry_2983741.class,  8.72,  4.39,  4.29,  0.22,  0.00,  329152053,  519817000,   25940000,  341613218, java, iotlab1, sing, 15
entry_2983741.class, 10.76,  5.28,  5.16,  0.32,  0.00,  366494033,  767352000,   41072000,  378970596, java, iotlab1, sing, 15
entry_2983741.class, 14.17,  7.10,  6.94,  0.36,  0.00,  516817531,  840299000,   30154000,  529214266, java, iotlab1, sing, 15
entry_2983741.class,  9.04,  4.45,  4.34,  0.22,  0.00,  347108517,  521972000,   23952000,  359401654, java, iotlab1, sing, 15
entry_2983741.class,  8.65,  4.35,  4.24,  0.21,  0.00,  325778349,  513615000,   22893000,  338280273, java, iotlab1, sing, 15
entry_2983741.class,  8.71,  4.39,  4.29,  0.21,  0.00,  328198579,  521955000,   22040000,  340585559, java, iotlab1, sing, 15
entry_2983741.class,  8.64,  4.33,  4.23,  0.21,  0.00,  325881796,  513726000,   20907000,  338252621, java, iotlab1, sing, 15
entry_2983741.class,  8.71,  4.36,  4.26,  0.21,  0.00,  329487024,  511598000,   29801000,  341854989, java, iotlab1, sing, 15
entry_2983741.class,  9.77,  4.85,  4.74,  0.27,  0.00,  342622317,  652383000,   43224000,  354949233, java, iotlab1, sing, 15
entry_3020584.class, 11.88,  5.97,  5.84,  0.28,  0.00,  455120965,  664460000,   28803000,  467421795, java, iotlab1, sing, 15
entry_3020584.class, 12.08,  6.15,  6.01,  0.28,  0.00,  458143786,  660103000,   31099000,  470505871, java, iotlab1, sing, 15
entry_3020584.class, 11.86,  6.06,  5.91,  0.28,  0.00,  444534470,  657974000,   25959000,  456922197, java, iotlab1, sing, 15
entry_3020584.class, 11.99,  6.09,  5.94,  0.28,  0.00,  454976703,  642633000,   34871000,  467373424, java, iotlab1, sing, 15
entry_3020584.class, 12.27,  6.18,  6.02,  0.29,  0.00,  473003042,  657420000,   26894000,  485389881, java, iotlab1, sing, 15
entry_3020584.class, 12.03,  6.09,  5.95,  0.28,  0.00,  458923699,  653752000,   37156000,  471960808, java, iotlab1, sing, 15
entry_3020584.class, 12.15,  6.18,  6.03,  0.29,  0.00,  459335774,  655087000,   34004000,  471820486, java, iotlab1, sing, 15
entry_3020584.class, 11.98,  6.06,  5.92,  0.28,  0.00,  457279871,  661347000,   25896000,  469782307, java, iotlab1, sing, 15
entry_3020584.class, 12.02,  6.09,  5.94,  0.28,  0.00,  455631150,  646383000,   38081000,  467945055, java, iotlab1, sing, 15
entry_3020584.class, 12.03,  6.11,  5.97,  0.28,  0.00,  455889895,  655662000,   33725000,  468262608, java, iotlab1, sing, 15
entry_3032835.class,  1.22,  0.52,  0.50,  0.04,  0.00,   50976393,   49325000,   13960000,   63758382, java, iotlab1, sing, 15
entry_3032835.class,  1.17,  0.57,  0.56,  0.03,  0.00,   43252352,   45597000,   13877000,   55665394, java, iotlab1, sing, 15
entry_3032835.class,  1.12,  0.53,  0.52,  0.03,  0.00,   42904577,   44081000,   15006000,   55248910, java, iotlab1, sing, 15
entry_3032835.class,  1.14,  0.55,  0.53,  0.03,  0.00,   41852974,   40739000,   16713000,   54181130, java, iotlab1, sing, 15
entry_3032835.class,  1.15,  0.56,  0.55,  0.03,  0.00,   42308738,   45750000,   12929000,   54734194, java, iotlab1, sing, 15
entry_3032835.class,  1.13,  0.54,  0.53,  0.03,  0.00,   42084740,   43357000,   14780000,   54376875, java, iotlab1, sing, 15
entry_3032835.class,  1.17,  0.56,  0.54,  0.03,  0.00,   42523503,   51361000,    7752000,   54979012, java, iotlab1, sing, 15
entry_3032835.class,  1.18,  0.55,  0.54,  0.03,  0.00,   45034366,   42138000,   18962000,   58954076, java, iotlab1, sing, 15
entry_3032835.class,  1.14,  0.54,  0.53,  0.03,  0.00,   43398695,   48616000,   11439000,   55844195, java, iotlab1, sing, 15
entry_3032835.class,  1.14,  0.55,  0.54,  0.03,  0.00,   42113648,   43893000,   14290000,   54462692, java, iotlab1, sing, 15
entry_3281649.class, 10.53,  5.33,  5.21,  0.24,  0.00,  405923057,  507662000,   16052000,  418343539, java, iotlab1, sing, 15
entry_3281649.class, 10.31,  5.26,  5.14,  0.23,  0.00,  401285014,  487808000,   22990000,  413849182, java, iotlab1, sing, 15
entry_3281649.class, 10.31,  5.26,  5.13,  0.23,  0.00,  398452245,  484068000,   21046000,  410817691, java, iotlab1, sing, 15
entry_3281649.class, 10.30,  5.25,  5.13,  0.23,  0.00,  399752244,  492536000,   14865000,  412122571, java, iotlab1, sing, 15
entry_3281649.class, 10.51,  5.35,  5.22,  0.23,  0.00,  402849146,  500427000,   24971000,  415312770, java, iotlab1, sing, 15
entry_3281649.class, 10.45,  5.32,  5.19,  0.23,  0.00,  404128629,  499859000,   16927000,  416611720, java, iotlab1, sing, 15
entry_3281649.class, 10.40,  5.31,  5.19,  0.23,  0.00,  401491415,  491153000,   18967000,  413859618, java, iotlab1, sing, 15
entry_3281649.class, 10.35,  5.27,  5.14,  0.23,  0.00,  401770023,  490097000,   20044000,  414021970, java, iotlab1, sing, 15
entry_3281649.class, 10.55,  5.37,  5.24,  0.23,  0.00,  405287865,  509236000,   21051000,  417955694, java, iotlab1, sing, 15
entry_3281649.class, 10.30,  5.26,  5.14,  0.23,  0.00,  400446473,  485898000,   22132000,  412878953, java, iotlab1, sing, 15
entry_3292090.class,  6.33,  3.18,  3.09,  0.15,  0.00,  236003527,  353993000,   19107000,  248425055, java, iotlab1, sing, 15
entry_3292090.class,  6.70,  3.27,  3.19,  0.16,  0.00,  259531487,  359235000,   19012000,  271821297, java, iotlab1, sing, 15
entry_3292090.class,  6.09,  3.08,  3.00,  0.14,  0.00,  232982068,  314352000,   20150000,  245492587, java, iotlab1, sing, 15
entry_3292090.class,  6.00,  3.01,  2.94,  0.14,  0.00,  233677419,  320265000,   18897000,  246001978, java, iotlab1, sing, 15
entry_3292090.class,  6.23,  3.13,  3.05,  0.15,  0.00,  235514725,  332257000,   18123000,  247911338, java, iotlab1, sing, 15
entry_3292090.class,  6.35,  3.19,  3.11,  0.15,  0.00,  238204282,  352295000,   20131000,  250540926, java, iotlab1, sing, 15
entry_3292090.class,  6.08,  3.06,  2.99,  0.14,  0.00,  230934814,  311520000,   18730000,  243376051, java, iotlab1, sing, 15
entry_3292090.class,  6.06,  3.06,  2.98,  0.14,  0.00,  229119444,  309690000,   21978000,  241568218, java, iotlab1, sing, 15
entry_3292090.class,  6.30,  3.18,  3.12,  0.15,  0.00,  235510158,  357182000,   14882000,  247885799, java, iotlab1, sing, 15
entry_3292090.class,  6.07,  3.06,  2.98,  0.14,  0.00,  232422100,  309835000,   24221000,  244873183, java, iotlab1, sing, 15
entry_3425954.class,  8.18,  4.04,  3.94,  0.20,  0.00,  306871458,  504815000,   32051000,  321355959, java, iotlab1, sing, 15
entry_3425954.class,  7.75,  3.89,  3.79,  0.19,  0.00,  288212370,  464949000,   31197000,  300823908, java, iotlab1, sing, 15
entry_3425954.class,  7.73,  3.88,  3.79,  0.19,  0.00,  284197374,  475573000,   22026000,  296747245, java, iotlab1, sing, 15
entry_3425954.class,  7.69,  3.86,  3.77,  0.19,  0.00,  286016787,  472725000,   24036000,  298427488, java, iotlab1, sing, 15
entry_3425954.class,  7.70,  3.88,  3.80,  0.19,  0.00,  284599955,  465200000,   32013000,  296902860, java, iotlab1, sing, 15
entry_3425954.class,  7.67,  3.88,  3.78,  0.19,  0.00,  284591277,  467539000,   25190000,  296978331, java, iotlab1, sing, 15
entry_3425954.class,  7.99,  3.97,  3.87,  0.20,  0.00,  302949359,  473261000,   26014000,  315357018, java, iotlab1, sing, 15
entry_3425954.class,  7.83,  3.88,  3.78,  0.19,  0.00,  286247694,  470763000,   28225000,  299292956, java, iotlab1, sing, 15
entry_3425954.class,  7.63,  3.85,  3.76,  0.19,  0.00,  281694747,  460539000,   30298000,  294418966, java, iotlab1, sing, 15
entry_3425954.class,  7.86,  3.87,  3.78,  0.19,  0.00,  283648591,  467602000,   25032000,  296113294, java, iotlab1, sing, 15
entry_3553346.class, 13.77,  7.17,  7.00,  0.30,  0.00,  526691917,  642945000,   27954000,  539056496, java, iotlab1, sing, 15
entry_3553346.class, 13.42,  6.82,  6.67,  0.30,  0.00,  514492041,  700353000,   29056000,  527010901, java, iotlab1, sing, 15
entry_3553346.class, 13.68,  7.12,  6.96,  0.30,  0.00,  522973506,  624324000,   30112000,  535345556, java, iotlab1, sing, 15
entry_3553346.class, 13.73,  7.12,  6.96,  0.30,  0.00,  525903513,  638248000,   34120000,  538941446, java, iotlab1, sing, 15
entry_3553346.class, 13.79,  7.08,  6.92,  0.30,  0.00,  527972092,  641312000,   32811000,  540359414, java, iotlab1, sing, 15
entry_3553346.class, 14.18,  7.26,  7.09,  0.32,  0.00,  548277563,  641078000,   33107000,  560654483, java, iotlab1, sing, 15
entry_3553346.class, 13.67,  7.01,  6.85,  0.30,  0.00,  525512305,  637126000,   30909000,  538477702, java, iotlab1, sing, 15
entry_3553346.class, 14.67,  7.58,  7.42,  0.34,  0.00,  547445071,  666492000,   24980000,  559786062, java, iotlab1, sing, 15
entry_3553346.class, 13.85,  7.14,  6.97,  0.30,  0.00,  524245799,  636608000,   29981000,  538104337, java, iotlab1, sing, 15
entry_3553346.class, 13.49,  6.87,  6.71,  0.31,  0.00,  520791153,  701407000,   29932000,  533217901, java, iotlab1, sing, 15
entry_3559157.class,  5.58,  2.69,  2.62,  0.15,  0.00,  212408188,  355523000,   35552000,  224717504, java, iotlab1, sing, 15
entry_3559157.class,  5.77,  2.90,  2.83,  0.15,  0.00,  208064739,  357974000,   33276000,  220494070, java, iotlab1, sing, 15
entry_3559157.class,  5.62,  2.79,  2.73,  0.15,  0.00,  202364678,  348755000,   29893000,  214795668, java, iotlab1, sing, 15
entry_3559157.class,  5.48,  2.72,  2.65,  0.14,  0.00,  199099088,  332252000,   36587000,  211476156, java, iotlab1, sing, 15
entry_3559157.class,  5.61,  2.80,  2.73,  0.15,  0.00,  202487172,  354573000,   27043000,  214881416, java, iotlab1, sing, 15
entry_3559157.class,  5.56,  2.78,  2.72,  0.15,  0.00,  201355714,  355018000,   29917000,  213720782, java, iotlab1, sing, 15
entry_3559157.class,  5.54,  2.77,  2.70,  0.15,  0.00,  198246547,  343188000,   28345000,  210555547, java, iotlab1, sing, 15
entry_3559157.class,  5.56,  2.79,  2.72,  0.15,  0.00,  200579341,  339866000,   35775000,  213012546, java, iotlab1, sing, 15
entry_3559157.class,  5.71,  2.78,  2.72,  0.15,  0.00,  214561330,  340746000,   27139000,  227039795, java, iotlab1, sing, 15
entry_3559157.class,  5.66,  2.80,  2.73,  0.15,  0.00,  203866006,  350617000,   28129000,  216336531, java, iotlab1, sing, 15
entry_3560230.class, 10.42,  5.27,  5.15,  0.24,  0.00,  395449003,  532662000,   22814000,  407856067, java, iotlab1, sing, 15
entry_3560230.class, 10.67,  5.37,  5.25,  0.26,  0.00,  396847359,  595864000,   26258000,  409198327, java, iotlab1, sing, 15
entry_3560230.class, 10.04,  5.15,  5.03,  0.23,  0.00,  382011023,  527446000,   20055000,  394582450, java, iotlab1, sing, 15
entry_3560230.class, 10.36,  5.28,  5.15,  0.24,  0.00,  394691000,  525341000,   28179000,  407144824, java, iotlab1, sing, 15
entry_3560230.class, 10.17,  5.16,  5.05,  0.23,  0.00,  388558738,  509952000,   27103000,  400915080, java, iotlab1, sing, 15
entry_3560230.class, 10.69,  5.43,  5.31,  0.25,  0.00,  397266784,  587251000,   34072000,  409667856, java, iotlab1, sing, 15
entry_3560230.class, 10.29,  5.25,  5.12,  0.24,  0.00,  392519153,  529303000,   18113000,  404972048, java, iotlab1, sing, 15
entry_3560230.class, 10.45,  5.34,  5.23,  0.24,  0.00,  399480842,  535897000,   30936000,  411896425, java, iotlab1, sing, 15
entry_3560230.class, 10.71,  5.42,  5.30,  0.26,  0.00,  396728632,  588018000,   36309000,  409163405, java, iotlab1, sing, 15
entry_3560230.class, 10.48,  5.25,  5.13,  0.24,  0.00,  406699782,  512061000,   27162000,  419167073, java, iotlab1, sing, 15
entry_3565253.class, 11.38,  5.89,  5.76,  0.26,  0.00,  429105637,  569494000,   22979000,  442015698, java, iotlab1, sing, 15
entry_3565253.class, 14.47,  7.45,  7.28,  0.33,  0.00,  529040979,  767308000,   31971000,  541622394, java, iotlab1, sing, 15
entry_3565253.class, 11.42,  5.88,  5.74,  0.26,  0.00,  424652331,  545952000,   40996000,  436955098, java, iotlab1, sing, 15
entry_3565253.class, 14.67,  7.52,  7.34,  0.34,  0.00,  533465199,  807229000,   30932000,  545879870, java, iotlab1, sing, 15
entry_3565253.class, 11.48,  5.88,  5.75,  0.26,  0.00,  429189985,  565753000,   31262000,  441610120, java, iotlab1, sing, 15
entry_3565253.class, 11.56,  5.93,  5.79,  0.27,  0.00,  430708246,  568280000,   30852000,  443124015, java, iotlab1, sing, 15
entry_3565253.class, 11.49,  5.96,  5.82,  0.26,  0.00,  428292537,  575094000,   22041000,  440719392, java, iotlab1, sing, 15
entry_3565253.class, 14.49,  7.41,  7.25,  0.33,  0.00,  529172842,  751349000,   35250000,  541585506, java, iotlab1, sing, 15
entry_3565253.class, 11.71,  5.96,  5.81,  0.27,  0.00,  441996508,  555928000,   30213000,  454376796, java, iotlab1, sing, 15
entry_3565253.class, 11.38,  5.81,  5.67,  0.26,  0.00,  431854218,  566088000,   33885000,  444183236, java, iotlab1, sing, 15
entry_3594762.class,  6.35,  3.17,  3.09,  0.16,  0.00,  239611481,  362189000,   25082000,  252207713, java, iotlab1, sing, 15
entry_3594762.class,  6.29,  3.18,  3.10,  0.16,  0.00,  234899340,  352170000,   21070000,  247258993, java, iotlab1, sing, 15
entry_3594762.class,  6.25,  3.16,  3.09,  0.15,  0.00,  233422193,  332948000,   33094000,  245740616, java, iotlab1, sing, 15
entry_3594762.class,  6.32,  3.19,  3.11,  0.16,  0.00,  236689265,  343401000,   27709000,  249705031, java, iotlab1, sing, 15
entry_3594762.class,  6.25,  3.15,  3.07,  0.16,  0.00,  232816515,  343555000,   28962000,  245228087, java, iotlab1, sing, 15
entry_3594762.class,  6.31,  3.19,  3.11,  0.15,  0.00,  234963620,  337810000,   27390000,  247402450, java, iotlab1, sing, 15
entry_3594762.class,  6.43,  3.24,  3.17,  0.16,  0.00,  239053303,  363457000,   24758000,  251607418, java, iotlab1, sing, 15
entry_3594762.class,  6.30,  3.16,  3.09,  0.16,  0.00,  236082152,  340301000,   29635000,  248511316, java, iotlab1, sing, 15
entry_3594762.class,  6.20,  3.15,  3.08,  0.15,  0.00,  226299261,  351945000,   20996000,  238710234, java, iotlab1, sing, 15
entry_3594762.class,  6.40,  3.23,  3.16,  0.16,  0.00,  237385232,  369308000,   22018000,  249708066, java, iotlab1, sing, 15
entry_3857694.class, 11.25,  5.71,  5.57,  0.27,  0.00,  426470582,  620126000,   21969000,  438962175, java, iotlab1, sing, 15
entry_3857694.class, 11.11,  5.67,  5.53,  0.26,  0.00,  421859147,  606948000,   29948000,  434154852, java, iotlab1, sing, 15
entry_3857694.class, 11.07,  5.64,  5.50,  0.26,  0.00,  419453872,  604884000,   32046000,  431849358, java, iotlab1, sing, 15
entry_3857694.class, 11.04,  5.63,  5.49,  0.26,  0.00,  419557383,  599473000,   34083000,  432044145, java, iotlab1, sing, 15
entry_3857694.class, 11.09,  5.65,  5.52,  0.27,  0.00,  421931164,  603737000,   37671000,  434348450, java, iotlab1, sing, 15
entry_3857694.class, 11.06,  5.62,  5.48,  0.27,  0.00,  422572591,  598735000,   35984000,  435616066, java, iotlab1, sing, 15
entry_3857694.class, 11.08,  5.64,  5.50,  0.26,  0.00,  420162467,  600464000,   35027000,  432594095, java, iotlab1, sing, 15
entry_3857694.class, 11.09,  5.66,  5.53,  0.26,  0.00,  420874249,  604906000,   34051000,  433350309, java, iotlab1, sing, 15
entry_3857694.class, 11.12,  5.66,  5.53,  0.26,  0.00,  421765747,  603258000,   35015000,  434377637, java, iotlab1, sing, 15
entry_3857694.class, 11.02,  5.59,  5.46,  0.26,  0.00,  421710770,  615334000,   26927000,  434491212, java, iotlab1, sing, 15
entry_3963103.class, 10.23,  5.20,  5.08,  0.25,  0.00,  375824859,  590155000,   44633000,  388997040, java, iotlab1, sing, 15
entry_3963103.class, 10.16,  5.18,  5.06,  0.25,  0.00,  370728982,  581690000,   33807000,  383269032, java, iotlab1, sing, 15
entry_3963103.class,  9.96,  5.15,  5.03,  0.24,  0.00,  361083665,  579382000,   24057000,  373620557, java, iotlab1, sing, 15
entry_3963103.class, 10.18,  5.24,  5.11,  0.25,  0.00,  367602446,  577104000,   41007000,  380107871, java, iotlab1, sing, 15
entry_3963103.class, 10.40,  5.28,  5.16,  0.25,  0.00,  373459960,  600452000,   30022000,  385875497, java, iotlab1, sing, 15
entry_3963103.class, 10.33,  5.31,  5.20,  0.25,  0.00,  370382690,  596987000,   28854000,  382899423, java, iotlab1, sing, 15
entry_3963103.class, 10.17,  5.24,  5.12,  0.24,  0.00,  368297436,  585905000,   32049000,  380664431, java, iotlab1, sing, 15
entry_3963103.class, 10.28,  5.31,  5.19,  0.25,  0.00,  371265300,  591167000,   33009000,  383758125, java, iotlab1, sing, 15
entry_3963103.class, 10.11,  5.23,  5.11,  0.24,  0.00,  365268867,  582427000,   34201000,  377777897, java, iotlab1, sing, 15
entry_3963103.class, 10.13,  5.20,  5.08,  0.24,  0.00,  366722253,  581131000,   36505000,  379483130, java, iotlab1, sing, 15
entry_3963114.class, 10.11,  5.23,  5.11,  0.24,  0.00,  365201070,  581677000,   32645000,  377589135, java, iotlab1, sing, 15
entry_3963114.class, 10.10,  5.21,  5.09,  0.24,  0.00,  364833963,  577608000,   35281000,  377341569, java, iotlab1, sing, 15
entry_3963114.class, 10.40,  5.31,  5.19,  0.25,  0.00,  380227178,  578705000,   35919000,  392532545, java, iotlab1, sing, 15
entry_3963114.class, 10.12,  5.20,  5.09,  0.24,  0.00,  365566865,  572014000,   37130000,  377892861, java, iotlab1, sing, 15
entry_3963114.class, 10.09,  5.19,  5.07,  0.24,  0.00,  363744976,  576121000,   30163000,  376114119, java, iotlab1, sing, 15
entry_3963114.class, 10.07,  5.18,  5.07,  0.24,  0.00,  362746957,  584825000,   28087000,  375206095, java, iotlab1, sing, 15
entry_3963114.class, 10.19,  5.23,  5.11,  0.25,  0.00,  371227097,  591249000,   32791000,  384464690, java, iotlab1, sing, 15
entry_3963114.class, 10.28,  5.28,  5.16,  0.25,  0.00,  373225083,  599104000,   38133000,  386077035, java, iotlab1, sing, 15
entry_3963114.class, 10.29,  5.29,  5.17,  0.25,  0.00,  370164567,  594220000,   30112000,  382689236, java, iotlab1, sing, 15
entry_3963114.class, 10.18,  5.21,  5.10,  0.24,  0.00,  366453869,  587468000,   26154000,  379085293, java, iotlab1, sing, 15
entry_3963118.class,  9.28,  4.79,  4.69,  0.22,  0.00,  340661890,  523780000,   27196000,  353220995, java, iotlab1, sing, 15
entry_3963118.class,  9.28,  4.80,  4.70,  0.22,  0.00,  337607446,  516323000,   21053000,  350076490, java, iotlab1, sing, 15
entry_3963118.class,  9.19,  4.75,  4.64,  0.22,  0.00,  335626582,  516103000,   24051000,  348174539, java, iotlab1, sing, 15
entry_3963118.class,  9.17,  4.77,  4.66,  0.21,  0.00,  326423523,  521085000,   16064000,  338868029, java, iotlab1, sing, 15
entry_3963118.class,  9.31,  4.82,  4.70,  0.22,  0.00,  336129912,  518984000,   22955000,  348568188, java, iotlab1, sing, 15
entry_3963118.class,  9.33,  4.83,  4.72,  0.22,  0.00,  338708773,  518492000,   31029000,  350968296, java, iotlab1, sing, 15
entry_3963118.class,  9.28,  4.80,  4.68,  0.22,  0.00,  335253765,  513538000,   28194000,  347633696, java, iotlab1, sing, 15
entry_3963118.class,  9.26,  4.78,  4.68,  0.22,  0.00,  338360003,  514423000,   28077000,  350859789, java, iotlab1, sing, 15
entry_3963118.class,  9.27,  4.77,  4.66,  0.22,  0.00,  339169042,  519568000,   24931000,  351460683, java, iotlab1, sing, 15
entry_3963118.class,  9.24,  4.72,  4.61,  0.22,  0.00,  342964209,  526068000,   24140000,  355441402, java, iotlab1, sing, 15
entry_4567986.class, 10.79,  5.45,  5.31,  0.24,  0.00,  429578847,  497620000,   18985000,  441961672, java, iotlab1, sing, 15
entry_4567986.class, 10.82,  5.52,  5.38,  0.24,  0.00,  426144348,  500779000,   11970000,  438479017, java, iotlab1, sing, 15
entry_4567986.class, 10.86,  5.54,  5.40,  0.24,  0.00,  425108839,  515012000,   14027000,  437601983, java, iotlab1, sing, 15
entry_4567986.class, 10.75,  5.47,  5.34,  0.24,  0.00,  426483882,  491956000,   21083000,  439425718, java, iotlab1, sing, 15
entry_4567986.class, 11.37,  5.52,  5.37,  0.26,  0.00,  472613775,  496138000,   20127000,  485808699, java, iotlab1, sing, 15
entry_4567986.class, 10.83,  5.43,  5.30,  0.24,  0.00,  428087827,  493388000,   19014000,  441097699, java, iotlab1, sing, 15
entry_4567986.class, 10.78,  5.45,  5.32,  0.24,  0.00,  425454147,  494982000,   18035000,  437818816, java, iotlab1, sing, 15
entry_4567986.class, 10.79,  5.48,  5.34,  0.24,  0.00,  424670330,  492371000,   19934000,  437171663, java, iotlab1, sing, 15
entry_4567986.class, 10.74,  5.45,  5.31,  0.23,  0.00,  418335917,  498710000,   13044000,  430685685, java, iotlab1, sing, 15
entry_4567986.class, 10.76,  5.47,  5.33,  0.24,  0.00,  424611749,  495208000,   16104000,  437148960, java, iotlab1, sing, 15
entry_4600864.class, 11.13,  5.64,  5.51,  0.26,  0.00,  420707429,  584300000,   27153000,  433077023, java, iotlab1, sing, 15
entry_4600864.class, 11.13,  5.66,  5.53,  0.25,  0.00,  419109215,  583002000,   22960000,  431584023, java, iotlab1, sing, 15
entry_4600864.class, 11.83,  6.00,  5.86,  0.27,  0.00,  445243589,  629088000,   29236000,  458357194, java, iotlab1, sing, 15
entry_4600864.class, 11.91,  6.09,  5.95,  0.27,  0.00,  444713657,  639988000,   20999000,  457106256, java, iotlab1, sing, 15
entry_4600864.class, 11.39,  5.71,  5.57,  0.27,  0.00,  438338439,  577389000,   31020000,  450889774, java, iotlab1, sing, 15
entry_4600864.class, 11.83,  6.05,  5.90,  0.27,  0.00,  443667913,  626616000,   30077000,  456272319, java, iotlab1, sing, 15
entry_4600864.class, 11.93,  6.09,  5.95,  0.27,  0.00,  445743709,  635690000,   28030000,  458066271, java, iotlab1, sing, 15
entry_4600864.class, 11.17,  5.72,  5.58,  0.26,  0.00,  420823838,  585610000,   29079000,  433261686, java, iotlab1, sing, 15
entry_4600864.class, 11.17,  5.68,  5.55,  0.25,  0.00,  418359878,  572706000,   37848000,  430743249, java, iotlab1, sing, 15
entry_4600864.class, 11.12,  5.70,  5.56,  0.26,  0.00,  418830288,  585899000,   27947000,  431190072, java, iotlab1, sing, 15
entry_4624118.class,  7.67,  3.85,  3.76,  0.19,  0.00,  281177126,  492809000,   29106000,  293573397, java, iotlab1, sing, 15
entry_4624118.class,  7.76,  3.92,  3.83,  0.20,  0.00,  285001894,  507439000,   29314000,  297537146, java, iotlab1, sing, 15
entry_4624118.class,  7.73,  3.88,  3.79,  0.20,  0.00,  283345142,  506791000,   28323000,  295838812, java, iotlab1, sing, 15
entry_4624118.class,  7.80,  3.92,  3.83,  0.20,  0.00,  284917302,  505422000,   32897000,  297439887, java, iotlab1, sing, 15
entry_4624118.class,  7.76,  3.90,  3.81,  0.20,  0.00,  284130977,  507362000,   28186000,  296581537, java, iotlab1, sing, 15
entry_4624118.class,  7.74,  3.82,  3.73,  0.20,  0.00,  288016926,  498676000,   40728000,  301127473, java, iotlab1, sing, 15
entry_4624118.class,  7.85,  3.93,  3.85,  0.20,  0.00,  287037208,  508677000,   33043000,  299453728, java, iotlab1, sing, 15
entry_4624118.class,  7.88,  3.94,  3.84,  0.20,  0.00,  287219122,  501417000,   31836000,  299767265, java, iotlab1, sing, 15
entry_4624118.class,  7.73,  3.88,  3.78,  0.19,  0.00,  282496926,  505409000,   24872000,  294830263, java, iotlab1, sing, 15
entry_4624118.class,  7.68,  3.85,  3.76,  0.19,  0.00,  281268428,  500307000,   27739000,  293683319, java, iotlab1, sing, 15
entry_4636539.class,  9.62,  4.77,  4.66,  0.23,  0.00,  370336339,  539384000,   33773000,  384271340, java, iotlab1, sing, 15
entry_4636539.class, 12.74,  6.37,  6.23,  0.30,  0.00,  470778848,  764863000,   44049000,  483718817, java, iotlab1, sing, 15
entry_4636539.class,  9.62,  4.85,  4.74,  0.23,  0.00,  366189166,  534481000,   31027000,  378774168, java, iotlab1, sing, 15
entry_4636539.class, 12.74,  6.37,  6.23,  0.30,  0.00,  468431167,  770930000,   37044000,  480822208, java, iotlab1, sing, 15
entry_4636539.class,  9.08,  4.55,  4.43,  0.22,  0.00,  345055659,  521453000,   30141000,  357348023, java, iotlab1, sing, 15
entry_4636539.class, 12.88,  6.44,  6.29,  0.31,  0.00,  472165078,  774730000,   34897000,  484532298, java, iotlab1, sing, 15
entry_4636539.class,  9.00,  4.46,  4.35,  0.22,  0.00,  344476247,  518359000,   24921000,  358031603, java, iotlab1, sing, 15
entry_4636539.class,  9.00,  4.47,  4.36,  0.22,  0.00,  345394670,  518047000,   32939000,  358053619, java, iotlab1, sing, 15
entry_4636539.class,  9.11,  4.53,  4.42,  0.22,  0.00,  345654846,  523318000,   35613000,  358005028, java, iotlab1, sing, 15
entry_4636539.class,  9.05,  4.51,  4.40,  0.22,  0.00,  342428990,  510315000,   34087000,  354912613, java, iotlab1, sing, 15
entry_4665010.class, 11.17,  5.66,  5.52,  0.25,  0.00,  436854504,  517124000,   21836000,  449154160, java, iotlab1, sing, 15
entry_4665010.class, 11.09,  5.64,  5.51,  0.25,  0.00,  435842004,  515518000,   22845000,  448451490, java, iotlab1, sing, 15
entry_4665010.class, 11.12,  5.67,  5.53,  0.25,  0.00,  436038225,  512581000,   24930000,  448452801, java, iotlab1, sing, 15
entry_4665010.class, 12.10,  6.06,  5.92,  0.26,  0.00,  455094063,  579283000,   23011000,  467442661, java, iotlab1, sing, 15
entry_4665010.class, 11.14,  5.66,  5.53,  0.25,  0.00,  436089163,  511636000,   26032000,  448519362, java, iotlab1, sing, 15
entry_4665010.class, 11.10,  5.59,  5.46,  0.25,  0.00,  437766666,  516268000,   22011000,  450603295, java, iotlab1, sing, 15
entry_4665010.class, 11.36,  5.69,  5.54,  0.26,  0.00,  449594407,  517760000,   18131000,  462176425, java, iotlab1, sing, 15
entry_4665010.class, 11.13,  5.67,  5.54,  0.25,  0.00,  434944774,  512137000,   24053000,  447317154, java, iotlab1, sing, 15
entry_4665010.class, 11.12,  5.65,  5.52,  0.25,  0.00,  435342105,  505440000,   29907000,  447762586, java, iotlab1, sing, 15
entry_4665010.class, 12.70,  6.32,  6.16,  0.30,  0.00,  459283271,  544204000,   18106000,  471828727, java, iotlab1, sing, 15
entry_5448749.class,  9.64,  4.91,  4.80,  0.23,  0.00,  351238449,  539294000,   25060000,  363597283, java, iotlab1, sing, 15
entry_5448749.class, 10.80,  5.48,  5.36,  0.28,  0.00,  380747984,  573589000,   25891000,  393084314, java, iotlab1, sing, 15
entry_5448749.class,  9.61,  4.87,  4.75,  0.22,  0.00,  349647032,  521206000,   34144000,  363147900, java, iotlab1, sing, 15
entry_5448749.class,  9.51,  4.89,  4.78,  0.22,  0.00,  347883107,  530998000,   28891000,  360308559, java, iotlab1, sing, 15
entry_5448749.class,  9.41,  4.82,  4.71,  0.22,  0.00,  339269716,  526796000,   29043000,  351720119, java, iotlab1, sing, 15
entry_5448749.class,  9.51,  4.84,  4.73,  0.22,  0.00,  350441894,  537991000,   25186000,  362795662, java, iotlab1, sing, 15
entry_5448749.class,  9.52,  4.88,  4.77,  0.22,  0.00,  347274935,  527609000,   26980000,  359644428, java, iotlab1, sing, 15
entry_5448749.class, 10.85,  5.34,  5.20,  0.29,  0.00,  384181356,  684570000,   40033000,  396596066, java, iotlab1, sing, 15
entry_5448749.class,  9.47,  4.83,  4.73,  0.22,  0.00,  350279221,  536185000,   23007000,  362697472, java, iotlab1, sing, 15
entry_5448749.class, 10.62,  5.31,  5.19,  0.28,  0.00,  368499440,  687007000,   33048000,  380852813, java, iotlab1, sing, 15
entry_5487228.class,  9.96,  4.89,  4.79,  0.27,  0.00,  347429090,  674910000,   36995000,  359738470, java, iotlab1, sing, 15
entry_5487228.class, 12.91,  6.43,  6.28,  0.32,  0.00,  466486118,  794702000,   31947000,  478947952, java, iotlab1, sing, 15
entry_5487228.class, 12.96,  6.46,  6.31,  0.32,  0.00,  466563902,  794248000,   29045000,  478942830, java, iotlab1, sing, 15
entry_5487228.class,  8.68,  4.34,  4.24,  0.21,  0.00,  325905466,  507408000,   31962000,  338298227, java, iotlab1, sing, 15
entry_5487228.class, 19.34,  9.69,  9.47,  0.48,  0.00,  701736194, 1112375000,   44934000,  714233067, java, iotlab1, sing, 15
entry_5487228.class, 13.05,  6.51,  6.35,  0.32,  0.00,  469581693,  783471000,   44082000,  481960799, java, iotlab1, sing, 15
entry_5487228.class, 12.95,  6.46,  6.31,  0.32,  0.00,  468196224,  790184000,   37008000,  480712621, java, iotlab1, sing, 15
entry_5487228.class,  8.64,  4.35,  4.25,  0.21,  0.00,  326964092,  517030000,   25703000,  339376434, java, iotlab1, sing, 15
entry_5487228.class,  8.67,  4.33,  4.23,  0.21,  0.00,  326286080,  517472000,   21977000,  338750458, java, iotlab1, sing, 15
entry_5487228.class, 12.91,  6.45,  6.30,  0.32,  0.00,  469047089,  791323000,   37919000,  481852732, java, iotlab1, sing, 15
entry_5549340.class,  5.99,  2.96,  2.88,  0.14,  0.00,  235875555,  297595000,   30854000,  249238669, java, iotlab1, sing, 15
entry_5549340.class,  6.18,  3.13,  3.05,  0.14,  0.00,  231590973,  310661000,   19226000,  244008885, java, iotlab1, sing, 15
entry_5549340.class,  6.06,  3.08,  3.01,  0.14,  0.00,  228637230,  298606000,   22969000,  240986979, java, iotlab1, sing, 15
entry_5549340.class,  6.03,  3.04,  2.97,  0.14,  0.00,  228672865,  297343000,   23026000,  241740248, java, iotlab1, sing, 15
entry_5549340.class,  6.49,  3.29,  3.20,  0.15,  0.00,  244378762,  331455000,   20777000,  257360558, java, iotlab1, sing, 15
entry_5549340.class,  6.07,  3.08,  3.01,  0.14,  0.00,  228841919,  301334000,   20953000,  241250906, java, iotlab1, sing, 15
entry_5549340.class,  6.05,  3.03,  2.97,  0.14,  0.00,  229706048,  302431000,   19090000,  242766216, java, iotlab1, sing, 15
entry_5549340.class,  6.12,  3.09,  3.01,  0.14,  0.00,  229390946,  309449000,   15021000,  241722506, java, iotlab1, sing, 15
entry_5549340.class,  6.01,  3.02,  2.96,  0.14,  0.00,  226900770,  300515000,   14975000,  239306985, java, iotlab1, sing, 15
entry_5549340.class,  6.16,  3.13,  3.05,  0.14,  0.00,  231702745,  305901000,   20856000,  244105839, java, iotlab1, sing, 15
entry_5698659.class,  8.27,  4.13,  4.03,  0.20,  0.00,  303972772,  505089000,   30064000,  316569591, java, iotlab1, sing, 15
entry_5698659.class,  8.20,  4.11,  4.02,  0.20,  0.00,  299896228,  507620000,   21150000,  312234101, java, iotlab1, sing, 15
entry_5698659.class,  7.72,  3.87,  3.78,  0.19,  0.00,  285618755,  472801000,   22845000,  298080578, java, iotlab1, sing, 15
entry_5698659.class,  8.13,  4.08,  4.00,  0.20,  0.00,  298832585,  500432000,   25021000,  311232289, java, iotlab1, sing, 15
entry_5698659.class,  7.77,  3.89,  3.79,  0.19,  0.00,  286415436,  462552000,   29288000,  298794433, java, iotlab1, sing, 15
entry_5698659.class,  7.82,  3.90,  3.81,  0.19,  0.00,  285791984,  474462000,   21975000,  298248925, java, iotlab1, sing, 15
entry_5698659.class,  7.73,  3.86,  3.76,  0.19,  0.00,  285586332,  463651000,   31110000,  298731429, java, iotlab1, sing, 15
entry_5698659.class,  8.22,  4.15,  4.05,  0.20,  0.00,  302891843,  502993000,   27833000,  315302781, java, iotlab1, sing, 15
entry_5698659.class,  7.88,  3.96,  3.87,  0.20,  0.00,  288816753,  476613000,   27034000,  301166188, java, iotlab1, sing, 15
entry_5698659.class,  7.76,  3.90,  3.80,  0.19,  0.00,  284683683,  472484000,   21111000,  297078020, java, iotlab1, sing, 15
entry_5705123.class, 11.05,  5.57,  5.43,  0.25,  0.00,  427249969,  506457000,   37736000,  441027339, java, iotlab1, sing, 15
entry_5705123.class, 11.11,  5.64,  5.50,  0.25,  0.00,  424098266,  512361000,   25115000,  436547924, java, iotlab1, sing, 15
entry_5705123.class, 11.10,  5.65,  5.52,  0.25,  0.00,  426474602,  528847000,   17124000,  438959917, java, iotlab1, sing, 15
entry_5705123.class, 11.08,  5.63,  5.49,  0.25,  0.00,  425202342,  511171000,   29181000,  437462191, java, iotlab1, sing, 15
entry_5705123.class, 11.02,  5.60,  5.47,  0.24,  0.00,  422060384,  513081000,   25101000,  434443291, java, iotlab1, sing, 15
entry_5705123.class, 11.12,  5.67,  5.54,  0.25,  0.00,  424872195,  524181000,   18040000,  437305639, java, iotlab1, sing, 15
entry_5705123.class, 11.27,  5.68,  5.55,  0.25,  0.00,  437014912,  532647000,   23939000,  449311737, java, iotlab1, sing, 15
entry_5705123.class, 11.10,  5.70,  5.57,  0.25,  0.00,  425673222,  511477000,   28913000,  438052991, java, iotlab1, sing, 15
entry_5705123.class, 11.35,  5.82,  5.69,  0.25,  0.00,  430412815,  537508000,   19124000,  442774295, java, iotlab1, sing, 15
entry_5705123.class, 11.10,  5.69,  5.56,  0.25,  0.00,  427222326,  518847000,   22949000,  439629835, java, iotlab1, sing, 15
entry_6034352.class,  7.92,  4.00,  3.91,  0.21,  0.00,  302356615,  396157000,   23949000,  315268768, java, iotlab1, sing, 15
entry_6034352.class,  8.30,  4.16,  4.06,  0.20,  0.00,  313832943,  394520000,   14981000,  326269923, java, iotlab1, sing, 15
entry_6034352.class,  7.97,  4.07,  3.97,  0.19,  0.00,  292766893,  384823000,   19887000,  305250330, java, iotlab1, sing, 15
entry_6034352.class,  7.91,  4.05,  3.96,  0.19,  0.00,  290485555,  378094000,   23066000,  302859131, java, iotlab1, sing, 15
entry_6034352.class,  7.89,  4.03,  3.95,  0.19,  0.00,  290574297,  381301000,   19267000,  302953981, java, iotlab1, sing, 15
entry_6034352.class,  7.89,  4.04,  3.96,  0.19,  0.00,  292515764,  383849000,   17853000,  304762380, java, iotlab1, sing, 15
entry_6034352.class,  7.92,  4.07,  3.98,  0.20,  0.00,  291484103,  382476000,   19972000,  304040901, java, iotlab1, sing, 15
entry_6034352.class,  8.30,  4.28,  4.19,  0.20,  0.00,  303810781,  388849000,   23929000,  316538386, java, iotlab1, sing, 15
entry_6034352.class,  7.88,  4.03,  3.93,  0.20,  0.00,  292544271,  383644000,   19775000,  305442908, java, iotlab1, sing, 15
entry_6034352.class,  7.87,  4.06,  3.96,  0.19,  0.00,  290429340,  380089000,   19105000,  302801760, java, iotlab1, sing, 15
entry_6063362.class,  6.07,  3.02,  2.95,  0.16,  0.00,  218045214,  425080000,   20003000,  230381617, java, iotlab1, sing, 15
entry_6063362.class, 14.36,  7.31,  7.16,  0.34,  0.00,  517478596,  834365000,   37105000,  529999240, java, iotlab1, sing, 15
entry_6063362.class, 10.62,  5.42,  5.29,  0.25,  0.00,  391654038,  591373000,   26971000,  403992392, java, iotlab1, sing, 15
entry_6063362.class, 10.57,  5.39,  5.26,  0.25,  0.00,  392306478,  591883000,   26171000,  405318409, java, iotlab1, sing, 15
entry_6063362.class, 10.51,  5.40,  5.28,  0.25,  0.00,  391733996,  575781000,   28086000,  404388474, java, iotlab1, sing, 15
entry_6063362.class, 10.47,  5.38,  5.26,  0.24,  0.00,  388100034,  586640000,   22061000,  400665817, java, iotlab1, sing, 15
entry_6063362.class, 10.52,  5.38,  5.25,  0.25,  0.00,  389292432,  592412000,   18012000,  401583793, java, iotlab1, sing, 15
entry_6063362.class, 10.86,  5.49,  5.36,  0.25,  0.00,  397102663,  596331000,   30067000,  409460962, java, iotlab1, sing, 15
entry_6063362.class, 10.64,  5.41,  5.29,  0.25,  0.00,  389878654,  590467000,   24059000,  402189002, java, iotlab1, sing, 15
entry_6063362.class, 10.48,  5.38,  5.25,  0.25,  0.00,  388687861,  582235000,   23248000,  401126330, java, iotlab1, sing, 15
entry_6191997.class,  8.93,  4.43,  4.32,  0.21,  0.00,  353673452,  444595000,   25033000,  365995611, java, iotlab1, sing, 15
entry_6191997.class,  9.01,  4.60,  4.49,  0.20,  0.00,  346073335,  438539000,   23133000,  358469968, java, iotlab1, sing, 15
entry_6191997.class,  8.88,  4.53,  4.42,  0.20,  0.00,  341703050,  430392000,   23074000,  354263304, java, iotlab1, sing, 15
entry_6191997.class,  8.89,  4.54,  4.43,  0.20,  0.00,  342788610,  434195000,   17966000,  355068979, java, iotlab1, sing, 15
entry_6191997.class,  8.88,  4.47,  4.36,  0.20,  0.00,  344154413,  433556000,   22181000,  357155745, java, iotlab1, sing, 15
entry_6191997.class,  8.93,  4.55,  4.44,  0.20,  0.00,  342548525,  429772000,   26046000,  355078321, java, iotlab1, sing, 15
entry_6191997.class,  8.85,  4.52,  4.42,  0.20,  0.00,  341043356,  435661000,   15951000,  353348760, java, iotlab1, sing, 15
entry_6191997.class,  9.33,  4.73,  4.61,  0.21,  0.00,  358689267,  467281000,   18970000,  371781736, java, iotlab1, sing, 15
entry_6191997.class,  8.90,  4.54,  4.44,  0.20,  0.00,  340692409,  429385000,   22019000,  353081188, java, iotlab1, sing, 15
entry_6191997.class,  8.99,  4.59,  4.48,  0.20,  0.00,  345020311,  439225000,   22264000,  357429550, java, iotlab1, sing, 15
entry_6255638.class, 10.19,  5.11,  4.99,  0.24,  0.00,  390631719,  577575000,   25024000,  404588559, java, iotlab1, sing, 15
entry_6255638.class, 10.22,  5.18,  5.07,  0.24,  0.00,  386063792,  571066000,   27050000,  398537339, java, iotlab1, sing, 15
entry_6255638.class, 10.20,  5.19,  5.07,  0.24,  0.00,  382489578,  563312000,   28811000,  394899814, java, iotlab1, sing, 15
entry_6255638.class, 10.22,  5.17,  5.04,  0.24,  0.00,  382733460,  553194000,   34886000,  395649817, java, iotlab1, sing, 15
entry_6255638.class, 11.06,  5.50,  5.37,  0.26,  0.00,  416862089,  597304000,   30809000,  429321381, java, iotlab1, sing, 15
entry_6255638.class, 10.34,  5.24,  5.12,  0.24,  0.00,  383977267,  568656000,   28081000,  396348924, java, iotlab1, sing, 15
entry_6255638.class, 10.19,  5.16,  5.04,  0.24,  0.00,  385295550,  561625000,   29663000,  397739645, java, iotlab1, sing, 15
entry_6255638.class, 10.29,  5.23,  5.10,  0.24,  0.00,  384450238,  566899000,   31159000,  396923653, java, iotlab1, sing, 15
entry_6255638.class, 10.16,  5.18,  5.06,  0.24,  0.00,  380140168,  556124000,   27956000,  392578264, java, iotlab1, sing, 15
entry_6255638.class, 10.23,  5.22,  5.10,  0.24,  0.00,  382542188,  560677000,   29982000,  394878773, java, iotlab1, sing, 15
entry_6285899.class, 12.43,  6.36,  6.21,  0.29,  0.00,  466599320,  684431000,   30151000,  479009881, java, iotlab1, sing, 15
entry_6285899.class, 12.45,  6.39,  6.25,  0.29,  0.00,  465077880,  677735000,   25875000,  477535610, java, iotlab1, sing, 15
entry_6285899.class, 12.56,  6.44,  6.29,  0.29,  0.00,  467617755,  689742000,   29945000,  479995840, java, iotlab1, sing, 15
entry_6285899.class, 12.51,  6.41,  6.27,  0.29,  0.00,  467207919,  681423000,   39254000,  479547837, java, iotlab1, sing, 15
entry_6285899.class, 12.77,  6.54,  6.38,  0.30,  0.00,  484656073,  689021000,   28916000,  497060450, java, iotlab1, sing, 15
entry_6285899.class, 12.40,  6.38,  6.24,  0.29,  0.00,  464638815,  680695000,   32222000,  477023870, java, iotlab1, sing, 15
entry_6285899.class, 12.36,  6.33,  6.19,  0.29,  0.00,  463296261,  682198000,   30052000,  475791455, java, iotlab1, sing, 15
entry_6285899.class, 12.47,  6.40,  6.25,  0.29,  0.00,  464460707,  677251000,   34858000,  476996468, java, iotlab1, sing, 15
entry_6285899.class, 12.48,  6.39,  6.25,  0.29,  0.00,  464997214,  683964000,   30130000,  477576342, java, iotlab1, sing, 15
entry_6285899.class, 12.46,  6.35,  6.20,  0.29,  0.00,  467053693,  680337000,   33310000,  480419600, java, iotlab1, sing, 15
entry_6368866.class, 12.35,  6.21,  6.06,  0.29,  0.00,  465837654,  726333000,   17031000,  478125008, java, iotlab1, sing, 15
entry_6368866.class, 11.39,  5.70,  5.57,  0.27,  0.00,  431052981,  632917000,   27996000,  443479685, java, iotlab1, sing, 15
entry_6368866.class, 12.39,  6.27,  6.13,  0.29,  0.00,  464558637,  714019000,   24101000,  477112139, java, iotlab1, sing, 15
entry_6368866.class, 12.36,  6.21,  6.07,  0.29,  0.00,  464522569,  710984000,   36947000,  477028560, java, iotlab1, sing, 15
entry_6368866.class, 12.46,  6.28,  6.14,  0.29,  0.00,  469461060,  724969000,   28271000,  481774370, java, iotlab1, sing, 15
entry_6368866.class, 11.41,  5.77,  5.62,  0.27,  0.00,  433018905,  632228000,   32062000,  445630551, java, iotlab1, sing, 15
entry_6368866.class, 11.27,  5.69,  5.56,  0.27,  0.00,  426769979,  616898000,   27127000,  439100633, java, iotlab1, sing, 15
entry_6368866.class, 12.34,  6.23,  6.08,  0.29,  0.00,  464187897,  720261000,   22100000,  477202798, java, iotlab1, sing, 15
entry_6368866.class, 11.19,  5.67,  5.54,  0.26,  0.00,  423459169,  611458000,   26147000,  435798548, java, iotlab1, sing, 15
entry_6368866.class, 11.28,  5.72,  5.58,  0.26,  0.00,  425705365,  615636000,   26111000,  438188263, java, iotlab1, sing, 15
entry_6828974.class, 10.67,  5.42,  5.29,  0.24,  0.00,  410811009,  524075000,   20041000,  423089669, java, iotlab1, sing, 15
entry_6828974.class, 17.26,  8.92,  8.72,  0.37,  0.00,  656030693,  808505000,   24074000,  668379056, java, iotlab1, sing, 15
entry_6828974.class, 17.29,  8.90,  8.69,  0.37,  0.00,  657416559,  813748000,   19969000,  670011352, java, iotlab1, sing, 15
entry_6828974.class, 15.36,  7.98,  7.81,  0.32,  0.00,  577933516,  682765000,   26029000,  590419123, java, iotlab1, sing, 15
entry_6828974.class, 15.37,  7.95,  7.77,  0.33,  0.00,  581067788,  691413000,   23979000,  594248230, java, iotlab1, sing, 15
entry_6828974.class, 17.32,  8.98,  8.78,  0.37,  0.00,  655876469,  808635000,   21990000,  668295617, java, iotlab1, sing, 15
entry_6828974.class, 10.73,  5.47,  5.35,  0.24,  0.00,  412528875,  533672000,   17150000,  425011362, java, iotlab1, sing, 15
entry_6828974.class, 15.24,  7.95,  7.77,  0.32,  0.00,  575191266,  683732000,   21084000,  587588609, java, iotlab1, sing, 15
entry_6828974.class, 10.84,  5.51,  5.38,  0.24,  0.00,  416947518,  538934000,   18962000,  429501126, java, iotlab1, sing, 15
entry_6828974.class, 10.61,  5.40,  5.27,  0.24,  0.00,  408719895,  522284000,   18901000,  421028795, java, iotlab1, sing, 15
entry_6840138.class, 10.44,  5.15,  5.02,  0.24,  0.00,  420663073,  516447000,   20017000,  433115468, java, iotlab1, sing, 15
entry_6840138.class, 10.46,  5.32,  5.19,  0.23,  0.00,  402044015,  489446000,   17085000,  414332893, java, iotlab1, sing, 15
entry_6840138.class, 11.36,  5.77,  5.63,  0.25,  0.00,  431814346,  542625000,   21824000,  444166319, java, iotlab1, sing, 15
entry_6840138.class, 10.46,  5.35,  5.23,  0.23,  0.00,  400446976,  483326000,   21189000,  412980899, java, iotlab1, sing, 15
entry_6840138.class, 11.36,  5.70,  5.57,  0.26,  0.00,  419867998,  501102000,   25953000,  433959590, java, iotlab1, sing, 15
entry_6840138.class, 10.67,  5.35,  5.21,  0.23,  0.00,  403118357,  485112000,   22910000,  415469725, java, iotlab1, sing, 15
entry_6840138.class, 10.37,  5.28,  5.16,  0.23,  0.00,  401700030,  485251000,   19765000,  414012589, java, iotlab1, sing, 15
entry_6840138.class, 12.14,  6.04,  5.90,  0.30,  0.00,  433947294,  522704000,   16925000,  446376593, java, iotlab1, sing, 15
entry_6840138.class, 10.46,  5.37,  5.25,  0.23,  0.00,  402009725,  490106000,   14118000,  414488005, java, iotlab1, sing, 15
entry_6840138.class, 10.45,  5.34,  5.22,  0.23,  0.00,  404315768,  491803000,   19992000,  416842416, java, iotlab1, sing, 15
entry_6971425.class,  9.12,  4.47,  4.37,  0.22,  0.00,  338571173,  559802000,   33988000,  350963921, java, iotlab1, sing, 15
entry_6971425.class,  9.15,  4.61,  4.51,  0.22,  0.00,  333382723,  582050000,   31838000,  345760086, java, iotlab1, sing, 15
entry_6971425.class,  8.93,  4.47,  4.37,  0.22,  0.00,  325473335,  561898000,   34869000,  337885938, java, iotlab1, sing, 15
entry_6971425.class,  9.41,  4.68,  4.57,  0.24,  0.00,  346799638,  602331000,   35312000,  359261604, java, iotlab1, sing, 15
entry_6971425.class,  8.92,  4.47,  4.37,  0.22,  0.00,  325387217,  564885000,   28891000,  337845974, java, iotlab1, sing, 15
entry_6971425.class,  8.94,  4.45,  4.34,  0.22,  0.00,  333710626,  547252000,   38875000,  346129886, java, iotlab1, sing, 15
entry_6971425.class,  9.33,  4.68,  4.57,  0.24,  0.00,  343110660,  597488000,   39832000,  355500299, java, iotlab1, sing, 15
entry_6971425.class,  9.06,  4.52,  4.42,  0.23,  0.00,  335810181,  563380000,   26922000,  348148949, java, iotlab1, sing, 15
entry_6971425.class,  9.34,  4.63,  4.51,  0.24,  0.00,  342692812,  591621000,   39107000,  355146292, java, iotlab1, sing, 15
entry_6971425.class,  9.02,  4.52,  4.41,  0.22,  0.00,  328047244,  565955000,   37930000,  340428378, java, iotlab1, sing, 15
entry_7084268.class,  7.29,  3.57,  3.49,  0.19,  0.00,  275340567,  465964000,   26882000,  287736567, java, iotlab1, sing, 15
entry_7084268.class,  7.33,  3.66,  3.58,  0.18,  0.00,  267911773,  450128000,   26299000,  280309855, java, iotlab1, sing, 15
entry_7084268.class,  7.28,  3.66,  3.56,  0.18,  0.00,  267004851,  452569000,   21882000,  279310812, java, iotlab1, sing, 15
entry_7084268.class,  7.80,  3.87,  3.79,  0.19,  0.00,  289803857,  493839000,   28873000,  302558926, java, iotlab1, sing, 15
entry_7084268.class,  7.27,  3.63,  3.55,  0.18,  0.00,  270638345,  453821000,   30054000,  283551518, java, iotlab1, sing, 15
entry_7084268.class,  7.33,  3.68,  3.59,  0.18,  0.00,  269230149,  456102000,   28879000,  281704333, java, iotlab1, sing, 15
entry_7084268.class,  7.26,  3.64,  3.56,  0.18,  0.00,  266208823,  448721000,   25868000,  278674711, java, iotlab1, sing, 15
entry_7084268.class,  7.34,  3.68,  3.60,  0.18,  0.00,  269642887,  458977000,   21137000,  282187522, java, iotlab1, sing, 15
entry_7084268.class,  7.31,  3.68,  3.60,  0.18,  0.00,  269246478,  461161000,   23158000,  281618747, java, iotlab1, sing, 15
entry_7084268.class,  7.32,  3.67,  3.59,  0.18,  0.00,  269897466,  450796000,   33834000,  282568443, java, iotlab1, sing, 15
entry_7084280.class,  7.30,  3.65,  3.57,  0.18,  0.00,  268184607,  455292000,   27076000,  280477313, java, iotlab1, sing, 15
entry_7084280.class,  7.32,  3.68,  3.58,  0.18,  0.00,  268150575,  458311000,   23167000,  280614031, java, iotlab1, sing, 15
entry_7084280.class,  7.35,  3.73,  3.65,  0.18,  0.00,  270681552,  462273000,   18167000,  283104678, java, iotlab1, sing, 15
entry_7084280.class,  7.33,  3.72,  3.64,  0.18,  0.00,  270047861,  458631000,   24925000,  282423170, java, iotlab1, sing, 15
entry_7084280.class,  7.33,  3.69,  3.59,  0.19,  0.00,  271242949,  454669000,   25924000,  283614091, java, iotlab1, sing, 15
entry_7084280.class,  7.69,  3.80,  3.71,  0.19,  0.00,  286953955,  455970000,   25884000,  299507349, java, iotlab1, sing, 15
entry_7084280.class,  7.37,  3.66,  3.58,  0.18,  0.00,  268385629,  454732000,   25095000,  280843276, java, iotlab1, sing, 15
entry_7084280.class,  7.39,  3.72,  3.63,  0.19,  0.00,  271076719,  464600000,   21933000,  283496654, java, iotlab1, sing, 15
entry_7084280.class,  7.39,  3.65,  3.55,  0.19,  0.00,  273900074,  458159000,   25008000,  287346994, java, iotlab1, sing, 15
entry_7084280.class,  7.37,  3.66,  3.57,  0.19,  0.00,  273781983,  455022000,   33294000,  286828271, java, iotlab1, sing, 15
entry_7163882.class,  8.72,  4.31,  4.20,  0.21,  0.00,  330872193,  520713000,   26035000,  345415595, java, iotlab1, sing, 15
entry_7163882.class,  8.80,  4.40,  4.30,  0.21,  0.00,  330197517,  520689000,   26778000,  342661483, java, iotlab1, sing, 15
entry_7163882.class, 12.93,  6.45,  6.30,  0.32,  0.00,  466117772,  786856000,   36993000,  478662071, java, iotlab1, sing, 15
entry_7163882.class,  8.81,  4.42,  4.32,  0.22,  0.00,  330050487,  523253000,   26859000,  342454105, java, iotlab1, sing, 15
entry_7163882.class, 15.67,  7.79,  7.61,  0.41,  0.00,  555613237,  967562000,   42111000,  568152711, java, iotlab1, sing, 15
entry_7163882.class,  8.73,  4.35,  4.25,  0.21,  0.00,  328275735,  518737000,   25132000,  340782919, java, iotlab1, sing, 15
entry_7163882.class,  8.67,  4.34,  4.24,  0.21,  0.00,  329364560,  524764000,   21233000,  341735161, java, iotlab1, sing, 15
entry_7163882.class, 12.88,  6.42,  6.27,  0.32,  0.00,  467309566,  795121000,   31161000,  479680325, java, iotlab1, sing, 15
entry_7163882.class, 11.04,  5.41,  5.29,  0.34,  0.00,  374189590,  783225000,   43122000,  386547567, java, iotlab1, sing, 15
entry_7163882.class,  8.68,  4.38,  4.27,  0.21,  0.00,  326486932,  515067000,   27161000,  338848237, java, iotlab1, sing, 15
entry_7163967.class,  9.74,  4.88,  4.76,  0.23,  0.00,  370986736,  559109000,   27856000,  383349871, java, iotlab1, sing, 15
entry_7163967.class,  9.78,  4.89,  4.77,  0.24,  0.00,  370879306,  556948000,   32645000,  383298047, java, iotlab1, sing, 15
entry_7163967.class,  9.86,  4.92,  4.81,  0.24,  0.00,  376888758,  561085000,   32887000,  389412341, java, iotlab1, sing, 15
entry_7163967.class,  9.79,  4.90,  4.79,  0.23,  0.00,  368848775,  552460000,   30079000,  381232863, java, iotlab1, sing, 15
entry_7163967.class,  9.71,  4.86,  4.75,  0.23,  0.00,  365928995,  555396000,   26065000,  378294121, java, iotlab1, sing, 15
entry_7163967.class,  9.75,  4.89,  4.77,  0.23,  0.00,  366859562,  559523000,   22020000,  379250088, java, iotlab1, sing, 15
entry_7163967.class,  9.68,  4.80,  4.69,  0.23,  0.00,  369179077,  560286000,   22929000,  381583951, java, iotlab1, sing, 15
entry_7163967.class,  9.68,  4.88,  4.77,  0.23,  0.00,  367805717,  551418000,   32905000,  380249599, java, iotlab1, sing, 15
entry_7163967.class,  9.76,  4.88,  4.77,  0.23,  0.00,  369334545,  552783000,   32045000,  381749280, java, iotlab1, sing, 15
entry_7163967.class,  9.53,  4.81,  4.70,  0.23,  0.00,  362752454,  555571000,   19192000,  375198583, java, iotlab1, sing, 15
entry_7164152.class,  9.14,  4.56,  4.45,  0.22,  0.00,  340746829,  545996000,   27099000,  353086163, java, iotlab1, sing, 15
entry_7164152.class,  9.11,  4.55,  4.45,  0.22,  0.00,  340322572,  551915000,   15134000,  352787149, java, iotlab1, sing, 15
entry_7164152.class,  8.35,  4.17,  4.07,  0.20,  0.00,  314479443,  486931000,   28995000,  326967738, java, iotlab1, sing, 15
entry_7164152.class,  8.25,  4.13,  4.03,  0.20,  0.00,  310202339,  486792000,   23085000,  322462677, java, iotlab1, sing, 15
entry_7164152.class,  8.28,  4.14,  4.05,  0.20,  0.00,  312073631,  486385000,   23920000,  324466315, java, iotlab1, sing, 15
entry_7164152.class,  7.28,  3.66,  3.58,  0.18,  0.00,  267888219,  445980000,   28188000,  280278261, java, iotlab1, sing, 15
entry_7164152.class,  8.37,  4.21,  4.12,  0.20,  0.00,  315624432,  491992000,   26944000,  327992342, java, iotlab1, sing, 15
entry_7164152.class,  8.28,  4.14,  4.04,  0.20,  0.00,  314149891,  492223000,   26957000,  326598403, java, iotlab1, sing, 15
entry_7164152.class,  8.27,  4.16,  4.06,  0.20,  0.00,  311816545,  487802000,   26042000,  324323098, java, iotlab1, sing, 15
entry_7164152.class,  8.29,  4.16,  4.06,  0.20,  0.00,  312209635,  486176000,   25849000,  324729663, java, iotlab1, sing, 15
entry_7613446.class,  8.29,  4.19,  4.09,  0.19,  0.00,  324351664,  421664000,   15987000,  336678038, java, iotlab1, sing, 15
entry_7613446.class,  8.22,  4.17,  4.07,  0.19,  0.00,  315947877,  404168000,   17049000,  328301835, java, iotlab1, sing, 15
entry_7613446.class,  8.26,  4.15,  4.06,  0.19,  0.00,  320551430,  406517000,   23912000,  332924705, java, iotlab1, sing, 15
entry_7613446.class,  7.99,  4.10,  4.02,  0.18,  0.00,  303617875,  402288000,   13173000,  316116629, java, iotlab1, sing, 15
entry_7613446.class,  8.30,  4.20,  4.10,  0.19,  0.00,  320414598,  404933000,   22050000,  332802283, java, iotlab1, sing, 15
entry_7613446.class,  8.26,  4.17,  4.07,  0.19,  0.00,  318791046,  404821000,   23161000,  331479955, java, iotlab1, sing, 15
entry_7613446.class,  8.30,  4.23,  4.13,  0.19,  0.00,  318824623,  406351000,   23019000,  331221080, java, iotlab1, sing, 15
entry_7613446.class,  8.25,  4.15,  4.05,  0.19,  0.00,  319433411,  410881000,   16152000,  331961760, java, iotlab1, sing, 15
entry_7613446.class,  8.21,  4.18,  4.08,  0.19,  0.00,  317333837,  404973000,   19900000,  329896375, java, iotlab1, sing, 15
entry_7613446.class,  8.59,  4.22,  4.11,  0.19,  0.00,  324220189,  418154000,   16044000,  336738745, java, iotlab1, sing, 15
entry_7720295.class, 19.75,  9.96,  9.72,  0.45,  0.00,  771511995,  957802000,   38151000,  783845769, java, iotlab1, sing, 15
entry_7720295.class, 19.62, 10.03,  9.81,  0.45,  0.00,  744346905, 1029292000,   32977000,  756679017, java, iotlab1, sing, 15
entry_7720295.class, 19.25,  9.88,  9.65,  0.43,  0.00,  739885589,  942553000,   45735000,  752477496, java, iotlab1, sing, 15
entry_7720295.class, 19.05,  9.75,  9.52,  0.42,  0.00,  734966229,  942737000,   32025000,  747202758, java, iotlab1, sing, 15
entry_7720295.class, 16.01,  8.16,  7.98,  0.38,  0.00,  598443962,  906751000,   38946000,  610636636, java, iotlab1, sing, 15
entry_7720295.class, 19.07,  9.79,  9.55,  0.42,  0.00,  735981381,  939691000,   33809000,  748382538, java, iotlab1, sing, 15
entry_7720295.class, 19.15,  9.85,  9.62,  0.42,  0.00,  738976576,  947001000,   32930000,  751363129, java, iotlab1, sing, 15
entry_7720295.class, 19.07,  9.77,  9.55,  0.42,  0.00,  736224945,  946182000,   29005000,  748607466, java, iotlab1, sing, 15
entry_7720295.class, 15.79,  7.94,  7.75,  0.37,  0.00,  591540745,  880097000,   42858000,  604592336, java, iotlab1, sing, 15
entry_7720295.class, 19.30,  9.89,  9.66,  0.43,  0.00,  742608758,  959652000,   32953000,  755088152, java, iotlab1, sing, 15
entry_8136070.class, 11.47,  5.76,  5.62,  0.27,  0.00,  434517715,  641640000,   31932000,  448410939, java, iotlab1, sing, 15
entry_8136070.class, 11.32,  5.75,  5.61,  0.26,  0.00,  423109894,  609862000,   33992000,  435624866, java, iotlab1, sing, 15
entry_8136070.class, 11.55,  5.84,  5.69,  0.27,  0.00,  432452606,  633473000,   37145000,  445239579, java, iotlab1, sing, 15
entry_8136070.class, 11.46,  5.83,  5.70,  0.27,  0.00,  428577029,  632552000,   37091000,  441008852, java, iotlab1, sing, 15
entry_8136070.class, 11.54,  5.87,  5.74,  0.27,  0.00,  430216674,  637639000,   30982000,  442767636, java, iotlab1, sing, 15
entry_8136070.class, 11.58,  5.87,  5.74,  0.27,  0.00,  429456363,  653402000,   21109000,  441838799, java, iotlab1, sing, 15
entry_8136070.class, 11.52,  5.88,  5.75,  0.27,  0.00,  427837875,  647105000,   23966000,  440427842, java, iotlab1, sing, 15
entry_8136070.class, 11.53,  5.85,  5.72,  0.27,  0.00,  429186550,  623718000,   48977000,  441514435, java, iotlab1, sing, 15
entry_8136070.class, 11.95,  6.08,  5.94,  0.27,  0.00,  436785345,  670279000,   31012000,  449286756, java, iotlab1, sing, 15
entry_8136070.class, 12.01,  6.12,  5.97,  0.28,  0.00,  445620952,  686818000,   20994000,  458064443, java, iotlab1, sing, 15
entry_8146639.class,  8.71,  4.40,  4.30,  0.19,  0.00,  334075468,  418985000,   17956000,  346493215, java, iotlab1, sing, 15
entry_8146639.class,  8.69,  4.39,  4.29,  0.19,  0.00,  333999318,  419949000,   17870000,  346400171, java, iotlab1, sing, 15
entry_8146639.class,  8.72,  4.42,  4.32,  0.19,  0.00,  331372189,  443956000,   10949000,  343899925, java, iotlab1, sing, 15
entry_8146639.class,  8.66,  4.38,  4.27,  0.19,  0.00,  333497274,  417028000,   17958000,  345792314, java, iotlab1, sing, 15
entry_8146639.class,  8.76,  4.41,  4.31,  0.20,  0.00,  331964096,  438375000,   18929000,  344449934, java, iotlab1, sing, 15
entry_8146639.class,  8.64,  4.35,  4.24,  0.19,  0.00,  334063839,  415197000,   17879000,  347085089, java, iotlab1, sing, 15
entry_8146639.class,  8.96,  4.41,  4.30,  0.20,  0.00,  346712084,  439240000,   21156000,  359122886, java, iotlab1, sing, 15
entry_8146639.class,  8.67,  4.37,  4.27,  0.19,  0.00,  334332468,  410745000,   23098000,  346686411, java, iotlab1, sing, 15
entry_8146639.class,  8.72,  4.39,  4.28,  0.20,  0.00,  337578590,  426923000,   15997000,  350165027, java, iotlab1, sing, 15
entry_8146639.class,  8.78,  4.41,  4.30,  0.20,  0.00,  334180008,  447163000,   16005000,  346710516, java, iotlab1, sing, 15
entry_8155854.class, 11.62,  5.96,  5.84,  0.26,  0.00,  426748416,  620494000,   22907000,  439039178, java, iotlab1, sing, 15
entry_8155854.class, 11.56,  5.96,  5.83,  0.26,  0.00,  417903656,  627400000,   20913000,  430277017, java, iotlab1, sing, 15
entry_8155854.class, 11.64,  5.98,  5.85,  0.26,  0.00,  428211753,  614314000,   27057000,  440647344, java, iotlab1, sing, 15
entry_8155854.class, 11.72,  6.00,  5.86,  0.26,  0.00,  427212736,  622120000,   25126000,  439849617, java, iotlab1, sing, 15
entry_8155854.class, 11.62,  5.93,  5.80,  0.26,  0.00,  426243333,  609132000,   28911000,  438606251, java, iotlab1, sing, 15
entry_8155854.class, 11.57,  5.92,  5.79,  0.26,  0.00,  422522037,  604064000,   31158000,  434958096, java, iotlab1, sing, 15
entry_8155854.class, 11.63,  5.96,  5.83,  0.26,  0.00,  426002839,  606099000,   35121000,  438358085, java, iotlab1, sing, 15
entry_8155854.class, 11.69,  5.96,  5.84,  0.26,  0.00,  427537454,  615012000,   30750000,  440056175, java, iotlab1, sing, 15
entry_8155854.class, 11.72,  5.94,  5.81,  0.27,  0.00,  429558953,  620307000,   29297000,  442363725, java, iotlab1, sing, 15
entry_8155854.class, 11.70,  5.97,  5.83,  0.26,  0.00,  426813385,  608435000,   31073000,  439232741, java, iotlab1, sing, 15
entry_8492286.class, 11.98,  6.07,  5.93,  0.27,  0.00,  445603328,  612820000,   28037000,  457945124, java, iotlab1, sing, 15
entry_8492286.class, 12.06,  6.06,  5.92,  0.27,  0.00,  449728111,  612685000,   33872000,  463071707, java, iotlab1, sing, 15
entry_8492286.class, 11.91,  6.06,  5.91,  0.27,  0.00,  439293190,  629161000,   20972000,  451736812, java, iotlab1, sing, 15
entry_8492286.class, 12.16,  6.14,  6.01,  0.28,  0.00,  452463453,  636777000,   20992000,  464738576, java, iotlab1, sing, 15
entry_8492286.class, 12.17,  6.13,  5.99,  0.27,  0.00,  451322450,  623883000,   32835000,  463741136, java, iotlab1, sing, 15
entry_8492286.class, 12.28,  6.17,  6.02,  0.28,  0.00,  463411529,  614964000,   33778000,  475832903, java, iotlab1, sing, 15
entry_8492286.class, 12.12,  6.13,  5.98,  0.28,  0.00,  452863681,  639448000,   25736000,  465197558, java, iotlab1, sing, 15
entry_8492286.class, 11.93,  6.08,  5.94,  0.27,  0.00,  445762689,  616170000,   31751000,  458105514, java, iotlab1, sing, 15
entry_8492286.class, 12.06,  6.16,  6.02,  0.27,  0.00,  449355711,  626140000,   25045000,  461892487, java, iotlab1, sing, 15
entry_8492286.class, 11.96,  6.04,  5.89,  0.27,  0.00,  447776445,  620307000,   19913000,  460091621, java, iotlab1, sing, 15
entry_8712440.class, 10.57,  5.25,  5.12,  0.23,  0.00,  412221073,  506732000,   13122000,  424626789, java, iotlab1, sing, 15
entry_8712440.class, 10.56,  5.32,  5.20,  0.23,  0.00,  405467886,  490168000,   19925000,  417867492, java, iotlab1, sing, 15
entry_8712440.class, 10.65,  5.36,  5.24,  0.23,  0.00,  407643466,  488477000,   22651000,  419946728, java, iotlab1, sing, 15
entry_8712440.class, 11.85,  5.85,  5.71,  0.27,  0.00,  429398758,  515346000,   23060000,  443442383, java, iotlab1, sing, 15
entry_8712440.class, 10.58,  5.33,  5.20,  0.23,  0.00,  406508404,  488178000,   20172000,  418920414, java, iotlab1, sing, 15
entry_8712440.class, 10.56,  5.33,  5.21,  0.23,  0.00,  407547923,  491343000,   18012000,  420565251, java, iotlab1, sing, 15
entry_8712440.class, 10.56,  5.37,  5.25,  0.23,  0.00,  406003392,  480559000,   27686000,  418397289, java, iotlab1, sing, 15
entry_8712440.class, 10.68,  5.40,  5.27,  0.23,  0.00,  409132659,  496523000,   19097000,  421590211, java, iotlab1, sing, 15
entry_8712440.class, 10.45,  5.32,  5.21,  0.23,  0.00,  405695845,  491025000,   18000000,  418118219, java, iotlab1, sing, 15
entry_8712440.class, 10.60,  5.37,  5.25,  0.23,  0.00,  406575695,  489869000,   19072000,  418855035, java, iotlab1, sing, 15
entry_8712461.class, 10.53,  5.26,  5.14,  0.23,  0.00,  407589232,  487316000,   26797000,  419891883, java, iotlab1, sing, 15
entry_8712461.class, 10.52,  5.31,  5.18,  0.23,  0.00,  405537796,  485239000,   24161000,  418007157, java, iotlab1, sing, 15
entry_8712461.class, 10.38,  5.25,  5.13,  0.23,  0.00,  398136859,  490036000,   24149000,  410665026, java, iotlab1, sing, 15
entry_8712461.class, 10.49,  5.29,  5.17,  0.23,  0.00,  407008125,  491578000,   17948000,  419377076, java, iotlab1, sing, 15
entry_8712461.class, 10.46,  5.30,  5.17,  0.23,  0.00,  399773639,  487011000,   23902000,  412957196, java, iotlab1, sing, 15
entry_8712461.class, 10.58,  5.31,  5.18,  0.23,  0.00,  407806262,  489956000,   23949000,  420719375, java, iotlab1, sing, 15
entry_8712461.class, 10.54,  5.31,  5.18,  0.23,  0.00,  406660759,  489889000,   22130000,  419095001, java, iotlab1, sing, 15
entry_8712461.class, 10.51,  5.23,  5.10,  0.23,  0.00,  409394664,  494937000,   20997000,  421975011, java, iotlab1, sing, 15
entry_8712461.class, 10.50,  5.28,  5.15,  0.23,  0.00,  407284571,  488012000,   22000000,  420181314, java, iotlab1, sing, 15
entry_8712461.class, 10.82,  5.40,  5.27,  0.24,  0.00,  420733579,  494275000,   18010000,  433377566, java, iotlab1, sing, 15
entry_8947166.class, 11.27,  5.69,  5.56,  0.25,  0.00,  431004009,  543718000,   32042000,  443392876, java, iotlab1, sing, 15
entry_8947166.class, 11.11,  5.62,  5.49,  0.25,  0.00,  422996730,  541174000,   24231000,  435392973, java, iotlab1, sing, 15
entry_8947166.class, 14.78,  7.55,  7.38,  0.32,  0.00,  546597183,  715615000,   33839000,  559287015, java, iotlab1, sing, 15
entry_8947166.class, 11.12,  5.59,  5.45,  0.25,  0.00,  425144770,  536648000,   30148000,  437590252, java, iotlab1, sing, 15
entry_8947166.class, 11.14,  5.59,  5.45,  0.25,  0.00,  428849770,  534542000,   32727000,  441761124, java, iotlab1, sing, 15
entry_8947166.class, 11.03,  5.49,  5.36,  0.25,  0.00,  426118772,  537217000,   25866000,  438533067, java, iotlab1, sing, 15
entry_8947166.class, 15.08,  7.72,  7.54,  0.33,  0.00,  559164566,  717533000,   32841000,  571593247, java, iotlab1, sing, 15
entry_8947166.class, 15.02,  7.68,  7.50,  0.33,  0.00,  557502203,  723694000,   26133000,  569868691, java, iotlab1, sing, 15
entry_8947166.class, 13.20,  6.69,  6.52,  0.29,  0.00,  505496946,  615519000,   29831000,  517866578, java, iotlab1, sing, 15
entry_8947166.class, 11.11,  5.57,  5.44,  0.25,  0.00,  426185019,  527099000,   35803000,  438556148, java, iotlab1, sing, 15
entry_9052029.class,  9.27,  4.57,  4.47,  0.22,  0.00,  351387749,  554877000,   23161000,  363851941, java, iotlab1, sing, 15
entry_9052029.class,  8.60,  4.30,  4.20,  0.20,  0.00,  310560059,  524784000,   23990000,  323059209, java, iotlab1, sing, 15
entry_9052029.class,  9.24,  4.60,  4.49,  0.22,  0.00,  346261885,  543581000,   26027000,  358639824, java, iotlab1, sing, 15
entry_9052029.class,  8.76,  4.37,  4.27,  0.21,  0.00,  323203009,  517899000,   26095000,  335639935, java, iotlab1, sing, 15
entry_9052029.class,  8.92,  4.42,  4.32,  0.21,  0.00,  325142049,  514931000,   36851000,  337514715, java, iotlab1, sing, 15
entry_9052029.class,  8.63,  4.31,  4.22,  0.21,  0.00,  313563561,  522065000,   35662000,  326094314, java, iotlab1, sing, 15
entry_9052029.class,  8.64,  4.32,  4.22,  0.21,  0.00,  316689018,  524198000,   27061000,  329193763, java, iotlab1, sing, 15
entry_9052029.class,  8.77,  4.40,  4.29,  0.21,  0.00,  322854593,  513573000,   32098000,  335237590, java, iotlab1, sing, 15
entry_9052029.class,  8.69,  4.32,  4.22,  0.21,  0.00,  319884832,  510763000,   29869000,  332352292, java, iotlab1, sing, 15
entry_9052029.class,  9.28,  4.65,  4.53,  0.22,  0.00,  347905588,  545971000,   28049000,  360221915, java, iotlab1, sing, 15
entry_9195445.class, 16.39,  8.44,  8.25,  0.34,  0.00,  626114601,  710867000,   19968000,  638505495, java, iotlab1, sing, 15
entry_9195445.class, 11.87,  5.99,  5.85,  0.26,  0.00,  453283241,  582211000,   22007000,  465707250, java, iotlab1, sing, 15
entry_9195445.class, 16.38,  8.44,  8.24,  0.35,  0.00,  626885340,  713054000,   19108000,  639214435, java, iotlab1, sing, 15
entry_9195445.class, 11.86,  6.01,  5.87,  0.26,  0.00,  449866524,  579324000,   16980000,  462265475, java, iotlab1, sing, 15
entry_9195445.class, 16.31,  8.44,  8.25,  0.35,  0.00,  626858349,  713728000,   18018000,  639295898, java, iotlab1, sing, 15
entry_9195445.class, 16.32,  8.39,  8.19,  0.35,  0.00,  630574522,  713467000,   23047000,  643534927, java, iotlab1, sing, 15
entry_9195445.class, 16.36,  8.45,  8.25,  0.35,  0.00,  629072538,  715311000,   24010000,  642135952, java, iotlab1, sing, 15
entry_9195445.class, 16.38,  8.47,  8.28,  0.35,  0.00,  631290201,  719012000,   20942000,  643691828, java, iotlab1, sing, 15
entry_9195445.class, 16.30,  8.43,  8.24,  0.35,  0.00,  626577498,  709861000,   19103000,  639004746, java, iotlab1, sing, 15
entry_9195445.class, 16.37,  8.46,  8.28,  0.35,  0.00,  629392688,  713855000,   18174000,  641729667, java, iotlab1, sing, 15
entry_9230606.class,  5.90,  2.93,  2.86,  0.14,  0.00,  225463215,  319631000,   21041000,  237803073, java, iotlab1, sing, 15
entry_9230606.class,  6.19,  3.02,  2.94,  0.15,  0.00,  241180040,  311910000,   18933000,  253639274, java, iotlab1, sing, 15
entry_9230606.class,  6.05,  3.03,  2.96,  0.14,  0.00,  227538753,  315882000,   29455000,  239857416, java, iotlab1, sing, 15
entry_9230606.class,  5.91,  2.96,  2.90,  0.14,  0.00,  222716595,  311397000,   23029000,  235142486, java, iotlab1, sing, 15
entry_9230606.class,  6.61,  3.32,  3.24,  0.15,  0.00,  244638066,  362188000,   16142000,  257133688, java, iotlab1, sing, 15
entry_9230606.class,  5.90,  2.95,  2.89,  0.14,  0.00,  221843280,  312510000,   20967000,  234198184, java, iotlab1, sing, 15
entry_9230606.class,  6.85,  3.34,  3.26,  0.16,  0.00,  246441275,  362955000,   23997000,  259053319, java, iotlab1, sing, 15
entry_9230606.class,  5.97,  3.00,  2.93,  0.14,  0.00,  224427369,  319769000,   21050000,  236906538, java, iotlab1, sing, 15
entry_9230606.class,  5.93,  2.96,  2.90,  0.14,  0.00,  222235147,  318121000,   17168000,  234745360, java, iotlab1, sing, 15
entry_9230606.class,  6.05,  3.04,  2.97,  0.14,  0.00,  226243238,  316027000,   28091000,  238653263, java, iotlab1, sing, 15
entry_9276652.class,  5.24,  2.54,  2.47,  0.13,  0.00,  204320092,  279827000,   22822000,  217339162, java, iotlab1, sing, 15
entry_9276652.class,  5.24,  2.60,  2.54,  0.13,  0.00,  200233627,  275936000,   25993000,  212566012, java, iotlab1, sing, 15
entry_9276652.class,  6.62,  3.28,  3.19,  0.15,  0.00,  255188540,  333252000,   21271000,  267653068, java, iotlab1, sing, 15
entry_9276652.class,  5.31,  2.60,  2.53,  0.13,  0.00,  202407570,  280732000,   22136000,  214868763, java, iotlab1, sing, 15
entry_9276652.class,  5.23,  2.57,  2.51,  0.13,  0.00,  203933986,  280149000,   24835000,  216484054, java, iotlab1, sing, 15
entry_9276652.class,  5.22,  2.58,  2.52,  0.13,  0.00,  201197816,  284197000,   16952000,  213811466, java, iotlab1, sing, 15
entry_9276652.class,  5.22,  2.58,  2.52,  0.13,  0.00,  202162444,  286642000,   16092000,  214623212, java, iotlab1, sing, 15
entry_9276652.class,  5.38,  2.65,  2.58,  0.13,  0.00,  205455807,  282077000,   19005000,  217874487, java, iotlab1, sing, 15
entry_9276652.class,  5.23,  2.60,  2.54,  0.13,  0.00,  200823268,  278693000,   21819000,  213247078, java, iotlab1, sing, 15
entry_9276652.class,  5.28,  2.63,  2.56,  0.13,  0.00,  202049272,  283003000,   18064000,  214550524, java, iotlab1, sing, 15
entry_9547430.class,  7.40,  3.69,  3.60,  0.19,  0.00,  272696187,  461411000,   26791000,  285662383, java, iotlab1, sing, 15
entry_9547430.class,  7.34,  3.70,  3.62,  0.18,  0.00,  268811603,  459391000,   22066000,  281079722, java, iotlab1, sing, 15
entry_9547430.class,  7.45,  3.74,  3.66,  0.18,  0.00,  272436063,  454566000,   29840000,  284809084, java, iotlab1, sing, 15
entry_9547430.class,  7.43,  3.74,  3.65,  0.18,  0.00,  271830870,  459805000,   29792000,  284201271, java, iotlab1, sing, 15
entry_9547430.class,  7.75,  3.78,  3.69,  0.20,  0.00,  295790071,  459158000,   36249000,  308785199, java, iotlab1, sing, 15
entry_9547430.class,  7.38,  3.67,  3.58,  0.18,  0.00,  270330665,  459489000,   23973000,  282588452, java, iotlab1, sing, 15
entry_9547430.class,  7.48,  3.72,  3.63,  0.18,  0.00,  272666311,  465529000,   23026000,  285289268, java, iotlab1, sing, 15
entry_9547430.class,  7.44,  3.75,  3.67,  0.18,  0.00,  272399619,  465148000,   30074000,  284865167, java, iotlab1, sing, 15
entry_9547430.class,  7.47,  3.75,  3.65,  0.19,  0.00,  273505162,  460242000,   28641000,  285922623, java, iotlab1, sing, 15
entry_9547430.class,  8.07,  4.03,  3.93,  0.20,  0.00,  295842146,  492199000,   28068000,  309041053, java, iotlab1, sing, 15
entry_9651697.class,  6.85,  3.35,  3.27,  0.16,  0.00,  269332673,  358174000,   17055000,  282091458, java, iotlab1, sing, 15
entry_9651697.class,  6.82,  3.42,  3.34,  0.16,  0.00,  263521700,  352745000,   13950000,  275967876, java, iotlab1, sing, 15
entry_9651697.class,  6.39,  3.21,  3.14,  0.15,  0.00,  237515785,  338230000,   23015000,  249880256, java, iotlab1, sing, 15
entry_9651697.class,  6.83,  3.39,  3.30,  0.16,  0.00,  266281565,  348014000,   21061000,  279380588, java, iotlab1, sing, 15
entry_9651697.class,  6.78,  3.36,  3.28,  0.16,  0.00,  262182246,  342321000,   19073000,  274521772, java, iotlab1, sing, 15
entry_9651697.class,  6.78,  3.38,  3.30,  0.16,  0.00,  265051275,  348632000,   19978000,  277313590, java, iotlab1, sing, 15
entry_9651697.class,  6.84,  3.44,  3.35,  0.16,  0.00,  264775178,  352339000,   17715000,  277085311, java, iotlab1, sing, 15
entry_9651697.class,  6.82,  3.41,  3.32,  0.16,  0.00,  263136728,  344103000,   21942000,  275598425, java, iotlab1, sing, 15
entry_9651697.class,  6.80,  3.38,  3.30,  0.16,  0.00,  264876504,  348573000,   19918000,  277238302, java, iotlab1, sing, 15
entry_9651697.class,  7.02,  3.41,  3.33,  0.17,  0.00,  282278401,  343364000,   23955000,  295429477, java, iotlab1, sing, 15
