file,psys,pkg,cores,ram,gpu,duration_time,user_time,system_time,perf_time,lang,machine,cores,power_limit
entry_10013867.class,  8.83,  3.47,  3.33,  0.24,  0.00,  434775952,  357864000,   24920000,  488900954, java, iotlab1, mult, 25
entry_10013867.class,  6.87,  3.42,  3.34,  0.15,  0.00,  272410520,  305261000,   11009000,  284757570, java, iotlab1, mult, 25
entry_10013867.class,  6.89,  3.40,  3.31,  0.16,  0.00,  276676352,  299813000,   17103000,  289876446, java, iotlab1, mult, 25
entry_10013867.class,  6.88,  3.43,  3.35,  0.15,  0.00,  271028726,  301745000,   13075000,  283312712, java, iotlab1, mult, 25
entry_10013867.class,  6.87,  3.45,  3.36,  0.15,  0.00,  271695566,  300766000,   14322000,  284111983, java, iotlab1, mult, 25
entry_10013867.class,  6.87,  3.45,  3.37,  0.15,  0.00,  271099403,  297345000,   17077000,  283442568, java, iotlab1, mult, 25
entry_10013867.class,  6.87,  3.43,  3.35,  0.15,  0.00,  271237828,  304196000,   11228000,  283609558, java, iotlab1, mult, 25
entry_10013867.class,  6.90,  3.47,  3.39,  0.15,  0.00,  272402592,  309046000,   10066000,  284745351, java, iotlab1, mult, 25
entry_10013867.class,  6.90,  3.40,  3.31,  0.15,  0.00,  273375057,  297566000,   19230000,  286549445, java, iotlab1, mult, 25
entry_10013867.class,  6.87,  3.46,  3.38,  0.15,  0.00,  271501382,  305634000,    9955000,  283774049, java, iotlab1, mult, 25
entry_10306567.class,  5.30,  2.60,  2.53,  0.12,  0.00,  216109112,  225448000,    9058000,  228492221, java, iotlab1, mult, 25
entry_10306567.class,  5.33,  2.60,  2.53,  0.12,  0.00,  219335019,  224317000,   13834000,  232635258, java, iotlab1, mult, 25
entry_10306567.class,  5.39,  2.61,  2.54,  0.12,  0.00,  220746848,  224179000,    9047000,  233040202, java, iotlab1, mult, 25
entry_10306567.class,  5.33,  2.59,  2.51,  0.12,  0.00,  218979788,  223480000,   14030000,  232190426, java, iotlab1, mult, 25
entry_10306567.class,  5.42,  2.65,  2.59,  0.12,  0.00,  220634157,  230294000,   11963000,  233078071, java, iotlab1, mult, 25
entry_10306567.class,  5.32,  2.62,  2.54,  0.12,  0.00,  217350760,  224937000,   10900000,  229866458, java, iotlab1, mult, 25
entry_10306567.class,  5.33,  2.61,  2.54,  0.12,  0.00,  216982003,  225433000,   10063000,  229272719, java, iotlab1, mult, 25
entry_10306567.class,  5.32,  2.59,  2.52,  0.12,  0.00,  215985365,  230251000,    7069000,  228433612, java, iotlab1, mult, 25
entry_10306567.class,  5.29,  2.50,  2.43,  0.12,  0.00,  222151041,  231091000,   12004000,  235433226, java, iotlab1, mult, 25
entry_10306567.class,  5.33,  2.60,  2.53,  0.12,  0.00,  219287679,  224622000,   13153000,  232650917, java, iotlab1, mult, 25
entry_10836587.class,  3.74,  1.90,  1.85,  0.08,  0.00,  142722763,  157623000,   13966000,  155122719, java, iotlab1, mult, 25
entry_10836587.class,  3.51,  1.70,  1.66,  0.08,  0.00,  141362169,  158088000,   11006000,  153723810, java, iotlab1, mult, 25
entry_10836587.class,  3.57,  1.79,  1.74,  0.08,  0.00,  137696944,  151860000,   10191000,  150078063, java, iotlab1, mult, 25
entry_10836587.class,  3.58,  1.80,  1.75,  0.08,  0.00,  137664406,  150923000,   10922000,  150051085, java, iotlab1, mult, 25
entry_10836587.class,  3.71,  1.86,  1.81,  0.08,  0.00,  140754205,  154669000,   12725000,  153112073, java, iotlab1, mult, 25
entry_10836587.class,  3.61,  1.82,  1.77,  0.08,  0.00,  137774155,  155368000,   11026000,  150264093, java, iotlab1, mult, 25
entry_10836587.class,  3.60,  1.81,  1.77,  0.08,  0.00,  138060467,  157675000,    7983000,  150373506, java, iotlab1, mult, 25
entry_10836587.class,  3.61,  1.76,  1.72,  0.08,  0.00,  140856240,  158326000,   11092000,  154199538, java, iotlab1, mult, 25
entry_10836587.class,  3.59,  1.80,  1.75,  0.08,  0.00,  138033820,  152451000,   14134000,  150457316, java, iotlab1, mult, 25
entry_10836587.class,  3.72,  1.88,  1.83,  0.08,  0.00,  142068102,  156486000,   14043000,  154512493, java, iotlab1, mult, 25
entry_10993814.class,  6.04,  2.90,  2.82,  0.14,  0.00,  252490234,  242765000,   11890000,  264983298, java, iotlab1, mult, 25
entry_10993814.class,  5.82,  2.88,  2.81,  0.13,  0.00,  234815120,  250895000,   11853000,  247362054, java, iotlab1, mult, 25
entry_10993814.class,  5.82,  2.88,  2.80,  0.13,  0.00,  234673229,  252803000,    9064000,  247074237, java, iotlab1, mult, 25
entry_10993814.class,  5.77,  2.82,  2.75,  0.13,  0.00,  233951803,  245705000,    8989000,  246331222, java, iotlab1, mult, 25
entry_10993814.class,  5.79,  2.88,  2.80,  0.13,  0.00,  234009136,  250841000,   10949000,  246295669, java, iotlab1, mult, 25
entry_10993814.class,  5.88,  2.89,  2.82,  0.13,  0.00,  236791388,  252619000,   12373000,  250128551, java, iotlab1, mult, 25
entry_10993814.class,  5.78,  2.86,  2.78,  0.13,  0.00,  233728037,  250371000,   10885000,  246141458, java, iotlab1, mult, 25
entry_10993814.class,  5.78,  2.84,  2.77,  0.13,  0.00,  233894795,  246865000,   14931000,  246261345, java, iotlab1, mult, 25
entry_10993814.class,  5.82,  2.85,  2.78,  0.13,  0.00,  236688350,  247130000,   16872000,  249892631, java, iotlab1, mult, 25
entry_10993814.class,  5.78,  2.84,  2.77,  0.13,  0.00,  234028103,  249069000,   13215000,  246387953, java, iotlab1, mult, 25
entry_11049160.class,  6.74,  3.20,  3.12,  0.15,  0.00,  249304538,  271735000,   16798000,  262491393, java, iotlab1, mult, 25
entry_11049160.class,  6.69,  3.24,  3.17,  0.14,  0.00,  246240856,  268768000,   18119000,  258692266, java, iotlab1, mult, 25
entry_11049160.class,  7.18,  3.46,  3.39,  0.15,  0.00,  257502851,  293495000,   19830000,  269799746, java, iotlab1, mult, 25
entry_11049160.class,  6.71,  3.24,  3.16,  0.14,  0.00,  245947175,  267883000,   18264000,  258370658, java, iotlab1, mult, 25
entry_11049160.class,  6.73,  3.21,  3.13,  0.14,  0.00,  244656529,  265776000,   18702000,  257116540, java, iotlab1, mult, 25
entry_11049160.class,  7.18,  3.47,  3.39,  0.15,  0.00,  260958735,  286422000,   29939000,  274149045, java, iotlab1, mult, 25
entry_11049160.class,  7.00,  3.26,  3.18,  0.15,  0.00,  266454603,  285009000,   25730000,  281764533, java, iotlab1, mult, 25
entry_11049160.class,  6.74,  3.21,  3.13,  0.14,  0.00,  244312263,  268731000,   15807000,  256697881, java, iotlab1, mult, 25
entry_11049160.class,  7.20,  3.50,  3.42,  0.15,  0.00,  259309352,  296815000,   18924000,  271655416, java, iotlab1, mult, 25
entry_11049160.class,  7.18,  3.26,  3.18,  0.16,  0.00,  273890688,  263379000,   21701000,  286212605, java, iotlab1, mult, 25
entry_11094835.class,  6.01,  2.99,  2.91,  0.14,  0.00,  239487713,  262810000,   13040000,  252075833, java, iotlab1, mult, 25
entry_11094835.class,  5.97,  2.93,  2.85,  0.14,  0.00,  239853391,  252655000,   18191000,  252236850, java, iotlab1, mult, 25
entry_11094835.class,  6.01,  2.95,  2.87,  0.14,  0.00,  239677323,  258653000,   15038000,  252051722, java, iotlab1, mult, 25
entry_11094835.class,  5.96,  2.94,  2.86,  0.14,  0.00,  239729621,  253771000,   16984000,  252179604, java, iotlab1, mult, 25
entry_11094835.class,  6.03,  2.96,  2.88,  0.14,  0.00,  239659906,  264294000,   11054000,  252013010, java, iotlab1, mult, 25
entry_11094835.class,  6.04,  2.96,  2.88,  0.14,  0.00,  240281662,  265168000,   11006000,  252628034, java, iotlab1, mult, 25
entry_11094835.class,  6.01,  2.97,  2.89,  0.14,  0.00,  239849222,  267299000,    8099000,  252174593, java, iotlab1, mult, 25
entry_11094835.class,  6.06,  2.97,  2.90,  0.14,  0.00,  240700710,  258313000,   18661000,  253169853, java, iotlab1, mult, 25
entry_11094835.class,  6.03,  2.95,  2.87,  0.14,  0.00,  240646158,  260947000,   15935000,  252958587, java, iotlab1, mult, 25
entry_11094835.class,  6.07,  2.97,  2.89,  0.14,  0.00,  240796094,  264112000,   13104000,  253102633, java, iotlab1, mult, 25
entry_11134681.class,  2.14,  1.07,  1.05,  0.05,  0.00,   74452453,   95021000,   12394000,   86722165, java, iotlab1, mult, 25
entry_11134681.class,  2.10,  1.05,  1.03,  0.05,  0.00,   74020504,   89334000,   16242000,   86353533, java, iotlab1, mult, 25
entry_11134681.class,  2.35,  1.12,  1.10,  0.06,  0.00,   87153770,   95799000,   11210000,   99763817, java, iotlab1, mult, 25
entry_11134681.class,  2.10,  1.05,  1.03,  0.05,  0.00,   74711898,   93293000,   12902000,   87080441, java, iotlab1, mult, 25
entry_11134681.class,  2.13,  1.06,  1.04,  0.05,  0.00,   74016584,   91067000,   15011000,   86400888, java, iotlab1, mult, 25
entry_11134681.class,  2.10,  1.06,  1.04,  0.05,  0.00,   74445551,   98203000,    8664000,   86983201, java, iotlab1, mult, 25
entry_11134681.class,  2.13,  1.06,  1.04,  0.05,  0.00,   74012980,   89320000,   16426000,   86361950, java, iotlab1, mult, 25
entry_11134681.class,  2.18,  1.08,  1.06,  0.05,  0.00,   75106908,   89882000,   17396000,   87577536, java, iotlab1, mult, 25
entry_11134681.class,  2.17,  1.08,  1.05,  0.05,  0.00,   75029728,   90133000,   16576000,   87413730, java, iotlab1, mult, 25
entry_11134681.class,  2.13,  1.07,  1.05,  0.05,  0.00,   74729197,   93023000,   13436000,   87333566, java, iotlab1, mult, 25
entry_11184039.class,  5.40,  2.56,  2.50,  0.12,  0.00,  221402763,  238215000,   17015000,  234276480, java, iotlab1, mult, 25
entry_11184039.class,  5.33,  2.56,  2.48,  0.12,  0.00,  218221684,  227172000,   13067000,  231570794, java, iotlab1, mult, 25
entry_11184039.class,  5.44,  2.63,  2.57,  0.12,  0.00,  218299075,  239244000,   12113000,  230603677, java, iotlab1, mult, 25
entry_11184039.class,  5.47,  2.65,  2.59,  0.12,  0.00,  219065966,  237930000,   13937000,  231415586, java, iotlab1, mult, 25
entry_11184039.class,  5.41,  2.61,  2.55,  0.12,  0.00,  218146872,  239737000,   10987000,  230578207, java, iotlab1, mult, 25
entry_11184039.class,  5.44,  2.63,  2.55,  0.12,  0.00,  219582687,  239380000,   12806000,  232871894, java, iotlab1, mult, 25
entry_11184039.class,  5.43,  2.62,  2.56,  0.12,  0.00,  217551644,  239215000,   11009000,  230159758, java, iotlab1, mult, 25
entry_11184039.class,  5.28,  2.56,  2.49,  0.12,  0.00,  216035590,  224017000,   13877000,  228395711, java, iotlab1, mult, 25
entry_11184039.class,  5.43,  2.63,  2.56,  0.12,  0.00,  218103964,  234931000,   15927000,  230504910, java, iotlab1, mult, 25
entry_11184039.class,  5.43,  2.65,  2.58,  0.12,  0.00,  218354975,  237856000,   13102000,  230731411, java, iotlab1, mult, 25
entry_11214439.class,  1.54,  0.78,  0.77,  0.04,  0.00,   51264656,   66664000,   12499000,   63592543, java, iotlab1, mult, 25
entry_11214439.class,  1.54,  0.77,  0.76,  0.04,  0.00,   51221763,   58147000,   20766000,   63451998, java, iotlab1, mult, 25
entry_11214439.class,  1.61,  0.79,  0.77,  0.04,  0.00,   52221714,   63490000,   16605000,   64674575, java, iotlab1, mult, 25
entry_11214439.class,  1.54,  0.78,  0.76,  0.04,  0.00,   51483666,   63857000,   15718000,   64040484, java, iotlab1, mult, 25
entry_11214439.class,  1.61,  0.79,  0.77,  0.04,  0.00,   51378288,   62813000,   15703000,   63706430, java, iotlab1, mult, 25
entry_11214439.class,  1.56,  0.79,  0.78,  0.04,  0.00,   52426246,   65436000,   15336000,   64877446, java, iotlab1, mult, 25
entry_11214439.class,  1.59,  0.77,  0.75,  0.04,  0.00,   54350697,   66009000,   15763000,   67785207, java, iotlab1, mult, 25
entry_11214439.class,  1.63,  0.78,  0.76,  0.04,  0.00,   54526004,   58782000,   23513000,   68478817, java, iotlab1, mult, 25
entry_11214439.class,  1.58,  0.80,  0.78,  0.04,  0.00,   52552654,   70608000,    8950000,   64846922, java, iotlab1, mult, 25
entry_11214439.class,  1.57,  0.79,  0.78,  0.04,  0.00,   52274791,   65194000,   14816000,   64793246, java, iotlab1, mult, 25
entry_11461794.class,  5.87,  2.87,  2.80,  0.13,  0.00,  228219350,  248367000,   14134000,  240671549, java, iotlab1, mult, 25
entry_11461794.class,  5.91,  2.90,  2.83,  0.13,  0.00,  232050452,  257711000,   10027000,  244444141, java, iotlab1, mult, 25
entry_11461794.class,  5.87,  2.90,  2.83,  0.13,  0.00,  230306292,  246287000,   18094000,  242662681, java, iotlab1, mult, 25
entry_11461794.class,  5.94,  2.93,  2.87,  0.13,  0.00,  232757423,  256167000,   14009000,  245088779, java, iotlab1, mult, 25
entry_11461794.class,  5.84,  2.89,  2.82,  0.13,  0.00,  228110303,  254587000,   11841000,  240508024, java, iotlab1, mult, 25
entry_11461794.class,  5.89,  2.93,  2.85,  0.13,  0.00,  230022826,  257842000,   10151000,  242372908, java, iotlab1, mult, 25
entry_11461794.class,  5.93,  2.93,  2.85,  0.13,  0.00,  230741306,  255742000,   12986000,  243151741, java, iotlab1, mult, 25
entry_11461794.class,  5.87,  2.92,  2.85,  0.13,  0.00,  230203104,  256494000,   12070000,  242526463, java, iotlab1, mult, 25
entry_11461794.class,  5.79,  2.88,  2.82,  0.13,  0.00,  227442232,  254293000,   12109000,  239719056, java, iotlab1, mult, 25
entry_11461794.class,  5.78,  2.85,  2.78,  0.13,  0.00,  228337403,  245902000,   16788000,  240743698, java, iotlab1, mult, 25
entry_11603477.class,  4.96,  2.43,  2.38,  0.11,  0.00,  193590701,  218118000,   16702000,  206711246, java, iotlab1, mult, 25
entry_11603477.class,  5.03,  2.46,  2.39,  0.11,  0.00,  194206646,  223815000,   11936000,  207460528, java, iotlab1, mult, 25
entry_11603477.class,  4.99,  2.44,  2.37,  0.11,  0.00,  194137316,  215085000,   21106000,  207411121, java, iotlab1, mult, 25
entry_11603477.class,  5.06,  2.45,  2.39,  0.11,  0.00,  195196493,  228107000,   10093000,  209069350, java, iotlab1, mult, 25
entry_11603477.class,  5.50,  2.54,  2.47,  0.12,  0.00,  216428636,  226433000,   10153000,  228929894, java, iotlab1, mult, 25
entry_11603477.class,  4.89,  2.31,  2.25,  0.11,  0.00,  190895417,  222151000,   12835000,  204017950, java, iotlab1, mult, 25
entry_11603477.class,  5.01,  2.48,  2.41,  0.11,  0.00,  194770507,  221878000,   14924000,  208004754, java, iotlab1, mult, 25
entry_11603477.class,  5.08,  2.53,  2.47,  0.11,  0.00,  195901613,  222452000,   14896000,  208477493, java, iotlab1, mult, 25
entry_11603477.class,  5.03,  2.47,  2.41,  0.11,  0.00,  192512013,  215360000,   19120000,  204870243, java, iotlab1, mult, 25
entry_11603477.class,  4.99,  2.48,  2.43,  0.11,  0.00,  193665543,  218950000,   15996000,  206109980, java, iotlab1, mult, 25
entry_11610243.class,  5.68,  2.79,  2.72,  0.13,  0.00,  218654076,  246059000,   14882000,  231087372, java, iotlab1, mult, 25
entry_11610243.class,  5.63,  2.76,  2.68,  0.13,  0.00,  218199037,  243582000,   15972000,  230495591, java, iotlab1, mult, 25
entry_11610243.class,  5.62,  2.78,  2.72,  0.13,  0.00,  218687737,  243742000,   17193000,  231120401, java, iotlab1, mult, 25
entry_11610243.class,  5.65,  2.80,  2.74,  0.13,  0.00,  219140497,  244721000,   16843000,  231602954, java, iotlab1, mult, 25
entry_11610243.class,  5.64,  2.74,  2.67,  0.13,  0.00,  222381384,  245413000,   13129000,  235565762, java, iotlab1, mult, 25
entry_11610243.class,  5.60,  2.74,  2.68,  0.13,  0.00,  218746146,  249453000,   11199000,  231100821, java, iotlab1, mult, 25
entry_11610243.class,  5.63,  2.78,  2.71,  0.13,  0.00,  218830257,  246245000,   15014000,  231129235, java, iotlab1, mult, 25
entry_11610243.class,  5.62,  2.77,  2.70,  0.13,  0.00,  219000713,  248708000,   11938000,  231421910, java, iotlab1, mult, 25
entry_11610243.class,  5.71,  2.81,  2.74,  0.13,  0.00,  221024130,  246478000,   19797000,  233505575, java, iotlab1, mult, 25
entry_11610243.class,  5.66,  2.78,  2.71,  0.13,  0.00,  219932627,  242789000,   16985000,  232298694, java, iotlab1, mult, 25
entry_11799863.class,  6.14,  3.00,  2.92,  0.13,  0.00,  244720702,  262799000,   12082000,  257133080, java, iotlab1, mult, 25
entry_11799863.class,  6.20,  2.99,  2.92,  0.14,  0.00,  249769265,  262931000,   11951000,  262059741, java, iotlab1, mult, 25
entry_11799863.class,  6.12,  3.01,  2.93,  0.13,  0.00,  247286055,  259528000,   14972000,  259628609, java, iotlab1, mult, 25
entry_11799863.class,  6.31,  3.09,  3.01,  0.14,  0.00,  248813825,  274764000,    9991000,  261161278, java, iotlab1, mult, 25
entry_11799863.class,  6.44,  3.16,  3.08,  0.14,  0.00,  252582359,  282399000,   12017000,  264974722, java, iotlab1, mult, 25
entry_11799863.class,  6.21,  3.04,  2.96,  0.14,  0.00,  247171134,  265250000,   11094000,  259441498, java, iotlab1, mult, 25
entry_11799863.class,  6.37,  3.14,  3.07,  0.14,  0.00,  249869364,  275860000,   14043000,  262261242, java, iotlab1, mult, 25
entry_11799863.class,  6.57,  3.24,  3.17,  0.14,  0.00,  255566740,  292897000,   11071000,  268060057, java, iotlab1, mult, 25
entry_11799863.class,  6.15,  2.98,  2.90,  0.13,  0.00,  244041175,  265552000,    7986000,  256493925, java, iotlab1, mult, 25
entry_11799863.class,  6.53,  3.17,  3.09,  0.14,  0.00,  256173145,  280816000,   13891000,  268457454, java, iotlab1, mult, 25
entry_11890776.class,  5.83,  2.81,  2.74,  0.13,  0.00,  230815264,  246226000,   11055000,  243165030, java, iotlab1, mult, 25
entry_11890776.class,  5.81,  2.79,  2.72,  0.13,  0.00,  231251323,  241523000,   12229000,  243663761, java, iotlab1, mult, 25
entry_11890776.class,  5.79,  2.78,  2.71,  0.13,  0.00,  230428767,  237315000,   15953000,  242840359, java, iotlab1, mult, 25
entry_11890776.class,  5.80,  2.80,  2.74,  0.13,  0.00,  232564530,  242253000,   11865000,  244896914, java, iotlab1, mult, 25
entry_11890776.class,  5.76,  2.80,  2.73,  0.13,  0.00,  230068931,  237982000,   15734000,  242664815, java, iotlab1, mult, 25
entry_11890776.class,  5.98,  2.83,  2.76,  0.14,  0.00,  246042967,  243406000,   10973000,  258489270, java, iotlab1, mult, 25
entry_11890776.class,  5.78,  2.81,  2.73,  0.13,  0.00,  230240073,  242450000,   14026000,  242531825, java, iotlab1, mult, 25
entry_11890776.class,  5.73,  2.78,  2.71,  0.13,  0.00,  231134310,  242376000,   12169000,  243647489, java, iotlab1, mult, 25
entry_11890776.class,  5.72,  2.78,  2.71,  0.13,  0.00,  229898515,  240419000,   13022000,  242271057, java, iotlab1, mult, 25
entry_11890776.class,  5.78,  2.80,  2.73,  0.13,  0.00,  231306604,  242724000,   12085000,  243632692, java, iotlab1, mult, 25
entry_12014436.class,  5.86,  2.86,  2.79,  0.13,  0.00,  232655628,  258358000,   10092000,  245000934, java, iotlab1, mult, 25
entry_12014436.class,  5.88,  2.86,  2.79,  0.13,  0.00,  235201384,  257169000,   14009000,  248560203, java, iotlab1, mult, 25
entry_12014436.class,  5.86,  2.86,  2.79,  0.13,  0.00,  234098601,  254598000,   13923000,  246511128, java, iotlab1, mult, 25
entry_12014436.class,  5.84,  2.85,  2.78,  0.13,  0.00,  232594246,  254933000,   13099000,  245035742, java, iotlab1, mult, 25
entry_12014436.class,  5.89,  2.86,  2.79,  0.13,  0.00,  233421033,  260042000,    9036000,  245859104, java, iotlab1, mult, 25
entry_12014436.class,  5.83,  2.82,  2.74,  0.13,  0.00,  234708793,  249626000,   16040000,  246999635, java, iotlab1, mult, 25
entry_12014436.class,  5.87,  2.87,  2.80,  0.13,  0.00,  233205075,  260260000,    7916000,  245564339, java, iotlab1, mult, 25
entry_12014436.class,  5.85,  2.85,  2.78,  0.13,  0.00,  232434304,  253982000,   13944000,  244769541, java, iotlab1, mult, 25
entry_12014436.class,  5.84,  2.85,  2.78,  0.13,  0.00,  233046526,  255208000,   13061000,  245423806, java, iotlab1, mult, 25
entry_12014436.class,  5.89,  2.89,  2.81,  0.13,  0.00,  233679654,  258844000,   10071000,  246136692, java, iotlab1, mult, 25
entry_12288458.class,  6.02,  2.91,  2.84,  0.13,  0.00,  241087124,  250377000,   14021000,  253534646, java, iotlab1, mult, 25
entry_12288458.class,  5.88,  2.87,  2.80,  0.13,  0.00,  235103486,  255167000,    8100000,  247403065, java, iotlab1, mult, 25
entry_12288458.class,  5.89,  2.89,  2.81,  0.13,  0.00,  235411160,  254784000,    9172000,  247875345, java, iotlab1, mult, 25
entry_12288458.class,  6.07,  2.97,  2.90,  0.13,  0.00,  241059205,  258847000,   14876000,  253531621, java, iotlab1, mult, 25
entry_12288458.class,  5.87,  2.87,  2.79,  0.13,  0.00,  235111288,  251196000,   13010000,  247559797, java, iotlab1, mult, 25
entry_12288458.class,  5.86,  2.87,  2.80,  0.13,  0.00,  235186281,  248997000,   14939000,  247481643, java, iotlab1, mult, 25
entry_12288458.class,  5.89,  2.89,  2.82,  0.13,  0.00,  236075895,  251115000,   14006000,  248664176, java, iotlab1, mult, 25
entry_12288458.class,  5.88,  2.87,  2.79,  0.13,  0.00,  235265356,  255193000,    9114000,  247666742, java, iotlab1, mult, 25
entry_12288458.class,  5.88,  2.88,  2.80,  0.13,  0.00,  235522331,  256314000,    8009000,  247895052, java, iotlab1, mult, 25
entry_12288458.class,  5.88,  2.87,  2.80,  0.13,  0.00,  235719550,  247488000,   17033000,  248248490, java, iotlab1, mult, 25
entry_12295509.class,  5.63,  2.80,  2.73,  0.12,  0.00,  218924667,  241375000,   10881000,  231311078, java, iotlab1, mult, 25
entry_12295509.class,  5.59,  2.80,  2.74,  0.12,  0.00,  218307165,  237683000,   15106000,  230716274, java, iotlab1, mult, 25
entry_12295509.class,  5.60,  2.81,  2.74,  0.12,  0.00,  218148299,  243533000,    9094000,  230432655, java, iotlab1, mult, 25
entry_12295509.class,  5.60,  2.80,  2.74,  0.12,  0.00,  218247488,  237287000,   15885000,  230668863, java, iotlab1, mult, 25
entry_12295509.class,  5.62,  2.80,  2.72,  0.12,  0.00,  218201009,  242935000,    9915000,  230568722, java, iotlab1, mult, 25
entry_12295509.class,  5.60,  2.77,  2.70,  0.12,  0.00,  218053861,  240630000,   12081000,  230533755, java, iotlab1, mult, 25
entry_12295509.class,  5.94,  2.94,  2.86,  0.13,  0.00,  228478001,  258848000,    8994000,  240827277, java, iotlab1, mult, 25
entry_12295509.class,  5.92,  2.85,  2.77,  0.13,  0.00,  233506920,  243008000,    9959000,  246020738, java, iotlab1, mult, 25
entry_12295509.class,  5.64,  2.81,  2.73,  0.12,  0.00,  218346592,  242107000,   11004000,  230776901, java, iotlab1, mult, 25
entry_12295509.class,  5.64,  2.80,  2.74,  0.12,  0.00,  219776474,  238556000,   15162000,  232250847, java, iotlab1, mult, 25
entry_12295510.class,  5.64,  2.79,  2.72,  0.12,  0.00,  220636988,  242744000,   11889000,  233884942, java, iotlab1, mult, 25
entry_12295510.class,  5.91,  2.93,  2.86,  0.12,  0.00,  226895771,  257759000,    8118000,  239266371, java, iotlab1, mult, 25
entry_12295510.class,  5.76,  2.85,  2.78,  0.12,  0.00,  222031965,  250141000,   15881000,  235276090, java, iotlab1, mult, 25
entry_12295510.class,  5.60,  2.77,  2.71,  0.12,  0.00,  218122385,  240516000,   11877000,  230823601, java, iotlab1, mult, 25
entry_12295510.class,  5.66,  2.81,  2.74,  0.12,  0.00,  218916480,  237265000,   16223000,  231343768, java, iotlab1, mult, 25
entry_12295510.class,  5.62,  2.78,  2.71,  0.12,  0.00,  218845742,  240806000,   12989000,  231258853, java, iotlab1, mult, 25
entry_12295510.class,  5.68,  2.80,  2.73,  0.12,  0.00,  219061252,  242841000,   10947000,  231505617, java, iotlab1, mult, 25
entry_12295510.class,  4.79,  2.35,  2.29,  0.10,  0.00,  184472104,  213331000,   13143000,  196806746, java, iotlab1, mult, 25
entry_12295510.class,  5.65,  2.78,  2.71,  0.12,  0.00,  218562979,  241744000,   11079000,  231000491, java, iotlab1, mult, 25
entry_12295510.class,  5.62,  2.78,  2.71,  0.12,  0.00,  220004639,  241226000,   13897000,  233358755, java, iotlab1, mult, 25
entry_12433729.class,  6.59,  3.23,  3.15,  0.15,  0.00,  256885200,  282096000,   14054000,  269177345, java, iotlab1, mult, 25
entry_12433729.class,  6.44,  3.10,  3.03,  0.15,  0.00,  257782046,  275999000,   23827000,  270776516, java, iotlab1, mult, 25
entry_12433729.class,  6.89,  3.27,  3.19,  0.16,  0.00,  277721308,  281015000,   15217000,  290124429, java, iotlab1, mult, 25
entry_12433729.class,  6.48,  3.18,  3.10,  0.15,  0.00,  256437804,  278554000,   17907000,  269657006, java, iotlab1, mult, 25
entry_12433729.class,  6.63,  3.22,  3.13,  0.15,  0.00,  259290132,  286275000,   12967000,  272483936, java, iotlab1, mult, 25
entry_12433729.class,  7.69,  3.93,  3.83,  0.17,  0.00,  264205130,  291698000,   16038000,  277800553, java, iotlab1, mult, 25
entry_12433729.class,  6.50,  3.18,  3.10,  0.14,  0.00,  253885293,  281657000,   11943000,  266284764, java, iotlab1, mult, 25
entry_12433729.class,  6.49,  3.18,  3.09,  0.14,  0.00,  255549883,  276254000,   14115000,  267868213, java, iotlab1, mult, 25
entry_12433729.class,  6.56,  3.21,  3.12,  0.15,  0.00,  257849621,  286014000,   11117000,  270228247, java, iotlab1, mult, 25
entry_12433729.class,  6.54,  3.23,  3.15,  0.15,  0.00,  255767163,  284750000,   11146000,  268092647, java, iotlab1, mult, 25
entry_12689647.class,  1.33,  0.62,  0.60,  0.03,  0.00,   47294987,   49782000,   12943000,   60923200, java, iotlab1, mult, 25
entry_12689647.class,  1.28,  0.62,  0.60,  0.03,  0.00,   45391642,   46520000,   13568000,   57761548, java, iotlab1, mult, 25
entry_12689647.class,  1.27,  0.62,  0.61,  0.03,  0.00,   45092341,   51464000,    8234000,   57521909, java, iotlab1, mult, 25
entry_12689647.class,  1.29,  0.62,  0.60,  0.03,  0.00,   44551554,   49850000,    9586000,   56874403, java, iotlab1, mult, 25
entry_12689647.class,  1.27,  0.62,  0.60,  0.03,  0.00,   44607103,   42768000,   17107000,   57079487, java, iotlab1, mult, 25
entry_12689647.class,  1.28,  0.62,  0.61,  0.03,  0.00,   45724925,   46741000,   13633000,   57981567, java, iotlab1, mult, 25
entry_12689647.class,  1.25,  0.60,  0.59,  0.03,  0.00,   44271220,   44167000,   15056000,   56638973, java, iotlab1, mult, 25
entry_12689647.class,  1.32,  0.64,  0.61,  0.03,  0.00,   48231202,   48917000,    8696000,   60628569, java, iotlab1, mult, 25
entry_12689647.class,  1.30,  0.61,  0.58,  0.03,  0.00,   46853407,   47936000,   14278000,   60483059, java, iotlab1, mult, 25
entry_12689647.class,  1.25,  0.62,  0.60,  0.03,  0.00,   45205568,   47255000,   13070000,   57488474, java, iotlab1, mult, 25
entry_12729257.class,  4.91,  2.36,  2.31,  0.11,  0.00,  196578739,  212316000,   13955000,  208857058, java, iotlab1, mult, 25
entry_12729257.class,  4.93,  2.40,  2.34,  0.11,  0.00,  196989052,  210394000,   16106000,  209326717, java, iotlab1, mult, 25
entry_12729257.class,  4.96,  2.38,  2.32,  0.11,  0.00,  197130437,  214767000,   11931000,  209485464, java, iotlab1, mult, 25
entry_12729257.class,  4.92,  2.38,  2.32,  0.11,  0.00,  197552505,  208665000,   14904000,  209932640, java, iotlab1, mult, 25
entry_12729257.class,  5.72,  2.47,  2.38,  0.14,  0.00,  255536693,  211473000,   15105000,  268247497, java, iotlab1, mult, 25
entry_12729257.class,  4.91,  2.30,  2.24,  0.11,  0.00,  204091238,  214489000,   12969000,  218903417, java, iotlab1, mult, 25
entry_12729257.class,  5.00,  2.43,  2.38,  0.11,  0.00,  197161814,  213203000,   13883000,  209529374, java, iotlab1, mult, 25
entry_12729257.class,  4.93,  2.39,  2.33,  0.11,  0.00,  196490278,  209364000,   15951000,  208804941, java, iotlab1, mult, 25
entry_12729257.class,  4.97,  2.37,  2.32,  0.11,  0.00,  198559109,  210619000,   17882000,  211726159, java, iotlab1, mult, 25
entry_12729257.class,  4.91,  2.38,  2.32,  0.11,  0.00,  197166684,  216969000,    9998000,  209810140, java, iotlab1, mult, 25
entry_12729277.class,  5.04,  2.38,  2.32,  0.11,  0.00,  198963372,  217496000,   10069000,  212354126, java, iotlab1, mult, 25
entry_12729277.class,  5.04,  2.39,  2.33,  0.11,  0.00,  204003196,  216619000,   12034000,  217330032, java, iotlab1, mult, 25
entry_12729277.class,  4.97,  2.38,  2.32,  0.11,  0.00,  198782282,  214579000,   13780000,  212234188, java, iotlab1, mult, 25
entry_12729277.class,  4.92,  2.38,  2.31,  0.11,  0.00,  196490634,  214258000,   11848000,  209270326, java, iotlab1, mult, 25
entry_12729277.class,  4.95,  2.38,  2.32,  0.11,  0.00,  197628075,  212935000,   10793000,  210068945, java, iotlab1, mult, 25
entry_12729277.class,  4.97,  2.40,  2.34,  0.11,  0.00,  199198555,  214874000,   13927000,  212420179, java, iotlab1, mult, 25
entry_12729277.class,  4.97,  2.40,  2.33,  0.11,  0.00,  198941169,  208988000,   19182000,  212409633, java, iotlab1, mult, 25
entry_12729277.class,  4.97,  2.39,  2.32,  0.11,  0.00,  200096141,  216571000,   12087000,  213646023, java, iotlab1, mult, 25
entry_12729277.class,  4.94,  2.38,  2.32,  0.11,  0.00,  196869510,  212929000,   12874000,  209331750, java, iotlab1, mult, 25
entry_12729277.class,  4.83,  2.33,  2.27,  0.11,  0.00,  196290689,  211336000,    7216000,  208675230, java, iotlab1, mult, 25
entry_13471985.class,  5.94,  2.94,  2.86,  0.13,  0.00,  228912511,  260866000,   13781000,  241217483, java, iotlab1, mult, 25
entry_13471985.class,  6.55,  3.22,  3.14,  0.14,  0.00,  254935153,  288053000,   12086000,  267339992, java, iotlab1, mult, 25
entry_13471985.class,  5.98,  2.90,  2.84,  0.13,  0.00,  228756124,  261439000,   12972000,  241073466, java, iotlab1, mult, 25
entry_13471985.class,  6.56,  3.24,  3.15,  0.15,  0.00,  254219611,  282911000,   16699000,  266651582, java, iotlab1, mult, 25
entry_13471985.class,  6.52,  3.23,  3.16,  0.14,  0.00,  254273925,  288499000,   11096000,  266701436, java, iotlab1, mult, 25
entry_13471985.class,  6.01,  2.97,  2.90,  0.13,  0.00,  231108875,  269745000,    9953000,  243654251, java, iotlab1, mult, 25
entry_13471985.class,  5.94,  2.92,  2.84,  0.13,  0.00,  229769620,  262374000,   13018000,  242199333, java, iotlab1, mult, 25
entry_13471985.class,  6.47,  3.20,  3.13,  0.14,  0.00,  254362936,  271822000,   22817000,  266897266, java, iotlab1, mult, 25
entry_13471985.class,  6.49,  3.17,  3.09,  0.15,  0.00,  256179836,  280511000,   15859000,  269563079, java, iotlab1, mult, 25
entry_13471985.class,  6.45,  3.13,  3.06,  0.15,  0.00,  259559539,  291489000,   15181000,  274687187, java, iotlab1, mult, 25
entry_13590967.class,  5.42,  2.60,  2.53,  0.12,  0.00,  223307756,  235284000,    9927000,  235873308, java, iotlab1, mult, 25
entry_13590967.class,  5.51,  2.64,  2.57,  0.12,  0.00,  223104774,  229025000,   14936000,  236400736, java, iotlab1, mult, 25
entry_13590967.class,  5.53,  2.67,  2.60,  0.12,  0.00,  223620431,  235483000,   15030000,  237057076, java, iotlab1, mult, 25
entry_13590967.class,  5.45,  2.64,  2.58,  0.12,  0.00,  221279265,  230719000,   11034000,  233676561, java, iotlab1, mult, 25
entry_13590967.class,  5.50,  2.67,  2.60,  0.12,  0.00,  224048266,  230297000,   17715000,  237356788, java, iotlab1, mult, 25
entry_13590967.class,  5.72,  2.65,  2.58,  0.13,  0.00,  240308201,  233750000,   11885000,  254304417, java, iotlab1, mult, 25
entry_13590967.class,  5.47,  2.64,  2.57,  0.12,  0.00,  224515801,  228982000,   15197000,  237649024, java, iotlab1, mult, 25
entry_13590967.class,  5.46,  2.66,  2.59,  0.12,  0.00,  221672036,  231454000,   11021000,  235185773, java, iotlab1, mult, 25
entry_13590967.class,  5.55,  2.70,  2.64,  0.12,  0.00,  224596420,  237377000,   14202000,  237838317, java, iotlab1, mult, 25
entry_13590967.class,  5.37,  2.55,  2.49,  0.12,  0.00,  226663254,  235086000,   14247000,  241944036, java, iotlab1, mult, 25
entry_13799824.class,  6.44,  3.21,  3.13,  0.14,  0.00,  253207493,  281254000,   12140000,  265569798, java, iotlab1, mult, 25
entry_13799824.class,  6.40,  3.14,  3.05,  0.15,  0.00,  256443847,  275235000,   16310000,  268807593, java, iotlab1, mult, 25
entry_13799824.class,  6.55,  3.25,  3.17,  0.15,  0.00,  256989990,  280568000,   16853000,  269489715, java, iotlab1, mult, 25
entry_13799824.class,  6.59,  3.24,  3.16,  0.15,  0.00,  257752650,  287894000,   10066000,  270189859, java, iotlab1, mult, 25
entry_13799824.class,  6.53,  3.24,  3.16,  0.15,  0.00,  255788317,  280260000,   15013000,  268245409, java, iotlab1, mult, 25
entry_13799824.class,  6.41,  3.16,  3.09,  0.14,  0.00,  254738375,  271215000,   19085000,  267134686, java, iotlab1, mult, 25
entry_13799824.class,  6.52,  3.23,  3.15,  0.15,  0.00,  258021999,  288581000,   10020000,  270245002, java, iotlab1, mult, 25
entry_13799824.class,  6.50,  3.23,  3.15,  0.14,  0.00,  255961877,  282078000,   13954000,  268373699, java, iotlab1, mult, 25
entry_13799824.class,  6.66,  3.29,  3.22,  0.15,  0.00,  259206824,  286617000,   19766000,  271589935, java, iotlab1, mult, 25
entry_13799824.class,  6.52,  3.22,  3.15,  0.15,  0.00,  257150812,  290455000,    7035000,  269517784, java, iotlab1, mult, 25
entry_14158885.class,  5.92,  2.81,  2.74,  0.14,  0.00,  242821435,  265022000,   27521000,  259050982, java, iotlab1, mult, 25
entry_14158885.class,  5.99,  2.96,  2.88,  0.13,  0.00,  233186580,  259954000,   14160000,  245584686, java, iotlab1, mult, 25
entry_14158885.class,  5.97,  2.97,  2.90,  0.13,  0.00,  232950284,  264597000,   12980000,  245329387, java, iotlab1, mult, 25
entry_14158885.class,  5.87,  2.86,  2.79,  0.13,  0.00,  231864877,  259726000,   10066000,  244128041, java, iotlab1, mult, 25
entry_14158885.class,  5.95,  2.94,  2.87,  0.13,  0.00,  232569460,  258269000,   18658000,  244969704, java, iotlab1, mult, 25
entry_14158885.class,  5.98,  2.93,  2.86,  0.13,  0.00,  232382118,  261488000,   15847000,  244932736, java, iotlab1, mult, 25
entry_14158885.class,  5.98,  2.92,  2.85,  0.13,  0.00,  234060901,  263233000,   16014000,  247375652, java, iotlab1, mult, 25
entry_14158885.class,  5.95,  2.94,  2.87,  0.13,  0.00,  232456960,  261992000,   14942000,  245018212, java, iotlab1, mult, 25
entry_14158885.class,  5.98,  2.93,  2.86,  0.13,  0.00,  231896441,  268855000,    8085000,  244295044, java, iotlab1, mult, 25
entry_14158885.class,  5.95,  2.95,  2.88,  0.13,  0.00,  232023341,  263447000,   12972000,  244415637, java, iotlab1, mult, 25
entry_14162841.class,  5.73,  2.82,  2.75,  0.13,  0.00,  230396681,  246487000,    9979000,  242883374, java, iotlab1, mult, 25
entry_14162841.class,  5.76,  2.83,  2.76,  0.13,  0.00,  231098959,  247070000,   14943000,  243456334, java, iotlab1, mult, 25
entry_14162841.class,  5.71,  2.78,  2.71,  0.13,  0.00,  231048665,  245570000,    9170000,  243418774, java, iotlab1, mult, 25
entry_14162841.class,  5.71,  2.77,  2.70,  0.13,  0.00,  230604748,  239409000,   14082000,  243154423, java, iotlab1, mult, 25
entry_14162841.class,  5.73,  2.79,  2.72,  0.13,  0.00,  230485879,  244511000,   12074000,  242921879, java, iotlab1, mult, 25
entry_14162841.class,  5.99,  2.84,  2.76,  0.14,  0.00,  247509887,  243858000,    9994000,  259958646, java, iotlab1, mult, 25
entry_14162841.class,  5.75,  2.81,  2.74,  0.13,  0.00,  231972334,  243354000,   14960000,  244503106, java, iotlab1, mult, 25
entry_14162841.class,  5.72,  2.81,  2.73,  0.13,  0.00,  230627959,  247928000,    9997000,  242960367, java, iotlab1, mult, 25
entry_14162841.class,  5.70,  2.77,  2.70,  0.13,  0.00,  232653649,  240600000,   14975000,  246108012, java, iotlab1, mult, 25
entry_14162841.class,  5.70,  2.78,  2.70,  0.13,  0.00,  230563908,  245058000,    9113000,  243387901, java, iotlab1, mult, 25
entry_14504682.class,  5.91,  2.89,  2.81,  0.13,  0.00,  234567455,  249845000,   12040000,  247010960, java, iotlab1, mult, 25
entry_14504682.class,  5.83,  2.81,  2.74,  0.13,  0.00,  237125031,  252828000,   13990000,  249580124, java, iotlab1, mult, 25
entry_14504682.class,  5.85,  2.88,  2.81,  0.13,  0.00,  234109465,  248616000,   13085000,  246500597, java, iotlab1, mult, 25
entry_14504682.class,  5.84,  2.87,  2.81,  0.13,  0.00,  234629072,  250438000,   10098000,  246946995, java, iotlab1, mult, 25
entry_14504682.class,  5.85,  2.87,  2.80,  0.13,  0.00,  233931205,  252419000,    9087000,  246332394, java, iotlab1, mult, 25
entry_14504682.class,  5.91,  2.88,  2.80,  0.13,  0.00,  238467398,  256111000,   10004000,  251679928, java, iotlab1, mult, 25
entry_14504682.class,  5.89,  2.89,  2.81,  0.13,  0.00,  234525586,  250947000,   11086000,  247064485, java, iotlab1, mult, 25
entry_14504682.class,  5.85,  2.90,  2.82,  0.13,  0.00,  234292132,  247189000,   14890000,  246793610, java, iotlab1, mult, 25
entry_14504682.class,  5.88,  2.91,  2.84,  0.13,  0.00,  236274193,  250841000,   12991000,  248805182, java, iotlab1, mult, 25
entry_14504682.class,  5.87,  2.88,  2.81,  0.13,  0.00,  236174075,  245719000,   17906000,  249529780, java, iotlab1, mult, 25
entry_14841621.class,  5.62,  2.76,  2.69,  0.12,  0.00,  223932156,  235371000,   12910000,  236431128, java, iotlab1, mult, 25
entry_14841621.class,  5.49,  2.70,  2.64,  0.12,  0.00,  220246187,  231799000,   13044000,  232599828, java, iotlab1, mult, 25
entry_14841621.class,  5.56,  2.72,  2.65,  0.12,  0.00,  224621346,  232352000,   16093000,  238066499, java, iotlab1, mult, 25
entry_14841621.class,  5.45,  2.65,  2.58,  0.12,  0.00,  221706868,  236019000,   11047000,  234135993, java, iotlab1, mult, 25
entry_14841621.class,  5.63,  2.70,  2.64,  0.12,  0.00,  225939772,  234581000,   15037000,  239246221, java, iotlab1, mult, 25
entry_14841621.class,  5.58,  2.71,  2.64,  0.12,  0.00,  226022167,  236903000,   12885000,  239626297, java, iotlab1, mult, 25
entry_14841621.class,  5.54,  2.71,  2.63,  0.12,  0.00,  222910555,  234518000,   13084000,  235083814, java, iotlab1, mult, 25
entry_14841621.class,  5.48,  2.66,  2.60,  0.12,  0.00,  220407874,  228229000,   16157000,  232932168, java, iotlab1, mult, 25
entry_14841621.class,  5.56,  2.71,  2.65,  0.12,  0.00,  223203949,  233647000,   13978000,  235623870, java, iotlab1, mult, 25
entry_14841621.class,  5.53,  2.70,  2.64,  0.12,  0.00,  223313744,  237425000,    8978000,  235609230, java, iotlab1, mult, 25
entry_14914744.class,  7.19,  3.57,  3.48,  0.17,  0.00,  258261807,  317542000,   19723000,  270780102, java, iotlab1, mult, 25
entry_14914744.class,  7.12,  3.54,  3.46,  0.17,  0.00,  255864908,  313140000,   26926000,  268224478, java, iotlab1, mult, 25
entry_14914744.class,  7.12,  3.56,  3.48,  0.16,  0.00,  254950272,  304174000,   33459000,  267571122, java, iotlab1, mult, 25
entry_14914744.class,  7.02,  3.53,  3.44,  0.16,  0.00,  253776146,  304855000,   32409000,  266099911, java, iotlab1, mult, 25
entry_14914744.class,  7.08,  3.52,  3.44,  0.17,  0.00,  253861461,  316824000,   21054000,  266150804, java, iotlab1, mult, 25
entry_14914744.class,  7.07,  3.51,  3.42,  0.17,  0.00,  257739546,  316871000,   26154000,  270094216, java, iotlab1, mult, 25
entry_14914744.class,  7.31,  3.60,  3.51,  0.17,  0.00,  269324241,  308583000,   30253000,  281748300, java, iotlab1, mult, 25
entry_14914744.class,  7.03,  3.54,  3.45,  0.16,  0.00,  254696974,  309336000,   28660000,  267101198, java, iotlab1, mult, 25
entry_14914744.class,  7.14,  3.56,  3.48,  0.17,  0.00,  257038775,  312664000,   27704000,  269397512, java, iotlab1, mult, 25
entry_14914744.class,  7.11,  3.58,  3.49,  0.17,  0.00,  256323507,  307446000,   32940000,  268644111, java, iotlab1, mult, 25
entry_14918116.class,  5.48,  2.67,  2.60,  0.12,  0.00,  220492755,  234649000,   10027000,  232795046, java, iotlab1, mult, 25
entry_14918116.class,  5.36,  2.53,  2.46,  0.12,  0.00,  224779176,  233997000,   12999000,  237085299, java, iotlab1, mult, 25
entry_14918116.class,  5.42,  2.65,  2.58,  0.12,  0.00,  219486402,  235762000,    8060000,  232008046, java, iotlab1, mult, 25
entry_14918116.class,  5.44,  2.65,  2.59,  0.12,  0.00,  219982422,  232435000,   10973000,  232288873, java, iotlab1, mult, 25
entry_14918116.class,  5.60,  2.66,  2.59,  0.12,  0.00,  220140214,  230098000,   14067000,  232561456, java, iotlab1, mult, 25
entry_14918116.class,  5.52,  2.64,  2.57,  0.12,  0.00,  221637063,  233300000,   12905000,  235033668, java, iotlab1, mult, 25
entry_14918116.class,  5.47,  2.64,  2.58,  0.12,  0.00,  219467574,  230311000,   12905000,  231854504, java, iotlab1, mult, 25
entry_14918116.class,  5.43,  2.65,  2.58,  0.12,  0.00,  220084179,  233069000,   10956000,  232474147, java, iotlab1, mult, 25
entry_14918116.class,  5.38,  2.59,  2.53,  0.12,  0.00,  220493232,  227552000,   12805000,  233765138, java, iotlab1, mult, 25
entry_14918116.class,  5.42,  2.64,  2.57,  0.12,  0.00,  219910727,  229947000,   13936000,  232383320, java, iotlab1, mult, 25
entry_14918168.class,  5.42,  2.63,  2.56,  0.12,  0.00,  219619058,  236549000,    7016000,  232017538, java, iotlab1, mult, 25
entry_14918168.class,  5.44,  2.65,  2.58,  0.12,  0.00,  219445744,  231877000,   11942000,  231706662, java, iotlab1, mult, 25
entry_14918168.class,  5.49,  2.69,  2.63,  0.12,  0.00,  219797273,  233374000,   16810000,  232041399, java, iotlab1, mult, 25
entry_14918168.class,  5.46,  2.66,  2.58,  0.12,  0.00,  220249314,  235971000,    9037000,  232597023, java, iotlab1, mult, 25
entry_14918168.class,  5.40,  2.61,  2.54,  0.12,  0.00,  220367681,  231211000,   13068000,  232765291, java, iotlab1, mult, 25
entry_14918168.class,  5.45,  2.63,  2.56,  0.12,  0.00,  219805942,  238181000,    6055000,  232221954, java, iotlab1, mult, 25
entry_14918168.class,  5.43,  2.63,  2.57,  0.12,  0.00,  219183877,  230860000,   12097000,  231539697, java, iotlab1, mult, 25
entry_14918168.class,  5.42,  2.65,  2.58,  0.12,  0.00,  219775901,  231173000,   12842000,  232245735, java, iotlab1, mult, 25
entry_14918168.class,  5.38,  2.62,  2.56,  0.12,  0.00,  219324144,  227865000,   15782000,  231779303, java, iotlab1, mult, 25
entry_14918168.class,  5.46,  2.65,  2.57,  0.12,  0.00,  221336116,  230930000,   14930000,  234554328, java, iotlab1, mult, 25
entry_14970449.class,  5.09,  2.46,  2.40,  0.11,  0.00,  202582416,  213633000,   14904000,  215026756, java, iotlab1, mult, 25
entry_14970449.class,  5.06,  2.46,  2.40,  0.11,  0.00,  200550987,  217613000,   10121000,  212929442, java, iotlab1, mult, 25
entry_14970449.class,  4.99,  2.45,  2.39,  0.11,  0.00,  200842148,  217643000,   10076000,  213233829, java, iotlab1, mult, 25
entry_14970449.class,  5.01,  2.44,  2.38,  0.11,  0.00,  201014399,  214442000,   12966000,  213382037, java, iotlab1, mult, 25
entry_14970449.class,  5.02,  2.44,  2.38,  0.11,  0.00,  201249674,  217948000,   10897000,  213617148, java, iotlab1, mult, 25
entry_14970449.class,  4.99,  2.44,  2.37,  0.11,  0.00,  200372507,  209182000,   17929000,  212663713, java, iotlab1, mult, 25
entry_14970449.class,  5.14,  2.52,  2.45,  0.11,  0.00,  204249822,  222177000,   11058000,  216757470, java, iotlab1, mult, 25
entry_14970449.class,  5.02,  2.43,  2.38,  0.11,  0.00,  200647209,  215466000,   12082000,  212969540, java, iotlab1, mult, 25
entry_14970449.class,  5.02,  2.41,  2.34,  0.11,  0.00,  203061875,  210401000,   15246000,  216257545, java, iotlab1, mult, 25
entry_14970449.class,  5.28,  2.50,  2.44,  0.12,  0.00,  218220990,  215560000,   13094000,  230706648, java, iotlab1, mult, 25
entry_14970728.class,  5.61,  2.68,  2.61,  0.12,  0.00,  221782378,  240209000,    9967000,  234122280, java, iotlab1, mult, 25
entry_14970728.class,  5.65,  2.75,  2.69,  0.12,  0.00,  223934563,  238393000,   15826000,  236382706, java, iotlab1, mult, 25
entry_14970728.class,  5.51,  2.65,  2.57,  0.12,  0.00,  223585448,  231777000,   16265000,  237059642, java, iotlab1, mult, 25
entry_14970728.class,  5.53,  2.69,  2.63,  0.12,  0.00,  221401681,  234986000,   14935000,  234994477, java, iotlab1, mult, 25
entry_14970728.class,  5.55,  2.69,  2.62,  0.12,  0.00,  221965356,  236003000,   14811000,  234392208, java, iotlab1, mult, 25
entry_14970728.class,  5.53,  2.69,  2.62,  0.12,  0.00,  221671032,  238394000,   11969000,  234036181, java, iotlab1, mult, 25
entry_14970728.class,  5.45,  2.65,  2.58,  0.12,  0.00,  222055997,  228526000,   13850000,  234496318, java, iotlab1, mult, 25
entry_14970728.class,  5.50,  2.69,  2.63,  0.12,  0.00,  221328475,  239092000,   10823000,  233761791, java, iotlab1, mult, 25
entry_14970728.class,  5.53,  2.69,  2.62,  0.12,  0.00,  221748618,  236007000,   14241000,  234207698, java, iotlab1, mult, 25
entry_14970728.class,  5.55,  2.71,  2.64,  0.12,  0.00,  222639234,  237151000,   13776000,  235212879, java, iotlab1, mult, 25
entry_1497217.class,  5.36,  2.58,  2.50,  0.12,  0.00,  215296842,  222679000,   11876000,  227683146, java, iotlab1, mult, 25
entry_1497217.class,  5.33,  2.58,  2.53,  0.12,  0.00,  216872135,  221434000,   14894000,  229537893, java, iotlab1, mult, 25
entry_1497217.class,  5.36,  2.57,  2.50,  0.12,  0.00,  216978834,  220733000,   14914000,  229504757, java, iotlab1, mult, 25
entry_1497217.class,  5.29,  2.57,  2.51,  0.12,  0.00,  215711188,  218150000,   17767000,  228157651, java, iotlab1, mult, 25
entry_1497217.class,  5.53,  2.56,  2.48,  0.13,  0.00,  235430578,  226291000,   13074000,  247882133, java, iotlab1, mult, 25
entry_1497217.class,  5.31,  2.57,  2.51,  0.12,  0.00,  215250629,  223706000,   11185000,  228095232, java, iotlab1, mult, 25
entry_1497217.class,  5.33,  2.59,  2.52,  0.12,  0.00,  215777749,  220345000,   15301000,  228188075, java, iotlab1, mult, 25
entry_1497217.class,  5.29,  2.57,  2.51,  0.12,  0.00,  215329595,  221480000,   13904000,  227708811, java, iotlab1, mult, 25
entry_1497217.class,  5.34,  2.59,  2.53,  0.12,  0.00,  217255679,  221299000,   15157000,  229658009, java, iotlab1, mult, 25
entry_1497217.class,  5.43,  2.64,  2.58,  0.12,  0.00,  217041348,  233981000,    8923000,  229674873, java, iotlab1, mult, 25
entry_1513398.class,  6.26,  3.10,  3.02,  0.13,  0.00,  244662546,  266819000,   14989000,  256997766, java, iotlab1, mult, 25
entry_1513398.class,  6.25,  3.09,  3.02,  0.13,  0.00,  245658374,  270313000,   11969000,  258085861, java, iotlab1, mult, 25
entry_1513398.class,  6.29,  3.13,  3.06,  0.14,  0.00,  245883471,  268508000,   14862000,  258455568, java, iotlab1, mult, 25
entry_1513398.class,  6.19,  3.05,  2.98,  0.13,  0.00,  244632542,  264611000,   15149000,  257047108, java, iotlab1, mult, 25
entry_1513398.class,  6.27,  3.10,  3.03,  0.14,  0.00,  246175401,  263335000,   20025000,  258616422, java, iotlab1, mult, 25
entry_1513398.class,  6.30,  3.11,  3.03,  0.13,  0.00,  245712505,  268242000,   13908000,  258132425, java, iotlab1, mult, 25
entry_1513398.class,  6.29,  3.11,  3.04,  0.13,  0.00,  246354810,  271832000,   11033000,  258678847, java, iotlab1, mult, 25
entry_1513398.class,  6.19,  3.00,  2.93,  0.14,  0.00,  248756041,  276762000,   10990000,  261185895, java, iotlab1, mult, 25
entry_1513398.class,  6.29,  3.13,  3.06,  0.14,  0.00,  246461555,  270251000,   13060000,  258844496, java, iotlab1, mult, 25
entry_1513398.class,  6.28,  3.10,  3.03,  0.13,  0.00,  246960102,  270385000,   12875000,  259219170, java, iotlab1, mult, 25
entry_15212543.class,  6.45,  3.21,  3.12,  0.14,  0.00,  249590271,  271415000,   13969000,  261892046, java, iotlab1, mult, 25
entry_15212543.class,  6.36,  3.16,  3.08,  0.14,  0.00,  248737417,  270912000,   13944000,  261125768, java, iotlab1, mult, 25
entry_15212543.class,  6.35,  3.17,  3.09,  0.14,  0.00,  249316840,  271472000,   14024000,  261717585, java, iotlab1, mult, 25
entry_15212543.class,  6.36,  3.18,  3.11,  0.14,  0.00,  249203764,  269498000,   15027000,  261530168, java, iotlab1, mult, 25
entry_15212543.class,  6.41,  3.21,  3.13,  0.14,  0.00,  249501390,  271046000,   14947000,  261971115, java, iotlab1, mult, 25
entry_15212543.class,  6.34,  3.15,  3.08,  0.14,  0.00,  248964673,  268796000,    9992000,  261460928, java, iotlab1, mult, 25
entry_15212543.class,  6.40,  3.19,  3.10,  0.14,  0.00,  249273796,  274763000,   11152000,  261713322, java, iotlab1, mult, 25
entry_15212543.class,  6.39,  3.19,  3.11,  0.14,  0.00,  249523872,  271049000,   15002000,  261972727, java, iotlab1, mult, 25
entry_15212543.class,  6.43,  3.19,  3.11,  0.14,  0.00,  250807832,  275083000,   11043000,  263331456, java, iotlab1, mult, 25
entry_15212543.class,  6.43,  3.23,  3.14,  0.14,  0.00,  250263010,  271668000,   14981000,  262534613, java, iotlab1, mult, 25
entry_1524188.class,  3.75,  1.83,  1.78,  0.09,  0.00,  147646675,  147917000,   16099000,  160016164, java, iotlab1, mult, 25
entry_1524188.class,  3.70,  1.84,  1.79,  0.08,  0.00,  138938317,  150583000,   13138000,  151290499, java, iotlab1, mult, 25
entry_1524188.class,  3.70,  1.84,  1.80,  0.08,  0.00,  139347817,  155239000,   13842000,  151860909, java, iotlab1, mult, 25
entry_1524188.class,  3.65,  1.83,  1.80,  0.08,  0.00,  138865756,  151804000,   12063000,  151269930, java, iotlab1, mult, 25
entry_1524188.class,  3.65,  1.84,  1.80,  0.08,  0.00,  138339446,  155284000,    8014000,  150614559, java, iotlab1, mult, 25
entry_1524188.class,  3.67,  1.83,  1.79,  0.08,  0.00,  138757458,  147924000,   15884000,  151186329, java, iotlab1, mult, 25
entry_1524188.class,  3.61,  1.81,  1.77,  0.08,  0.00,  138677253,  150727000,   12723000,  151257944, java, iotlab1, mult, 25
entry_1524188.class,  3.88,  1.88,  1.83,  0.09,  0.00,  152904548,  151798000,   12897000,  165239620, java, iotlab1, mult, 25
entry_1524188.class,  3.68,  1.84,  1.80,  0.08,  0.00,  140140867,  148909000,   14181000,  152590892, java, iotlab1, mult, 25
entry_1524188.class,  3.67,  1.84,  1.80,  0.08,  0.00,  139083931,  147779000,   15976000,  151446564, java, iotlab1, mult, 25
entry_1524197.class,  5.71,  2.73,  2.66,  0.13,  0.00,  233445943,  243113000,   13059000,  246344817, java, iotlab1, mult, 25
entry_1524197.class,  5.66,  2.78,  2.72,  0.12,  0.00,  225637303,  238956000,   10952000,  238014400, java, iotlab1, mult, 25
entry_1524197.class,  5.71,  2.79,  2.72,  0.12,  0.00,  226946326,  233319000,   16806000,  239361563, java, iotlab1, mult, 25
entry_1524197.class,  7.08,  3.66,  3.58,  0.15,  0.00,  234515446,  247012000,   11952000,  247091576, java, iotlab1, mult, 25
entry_1524197.class,  5.69,  2.78,  2.71,  0.12,  0.00,  226484090,  238754000,   12088000,  238688478, java, iotlab1, mult, 25
entry_1524197.class,  5.67,  2.77,  2.70,  0.12,  0.00,  226301055,  242827000,    8060000,  238709272, java, iotlab1, mult, 25
entry_1524197.class,  5.76,  2.81,  2.74,  0.13,  0.00,  226893107,  239293000,   13070000,  239384723, java, iotlab1, mult, 25
entry_1524197.class,  5.67,  2.77,  2.70,  0.12,  0.00,  226031158,  239797000,    6994000,  238390755, java, iotlab1, mult, 25
entry_1524197.class,  5.75,  2.80,  2.72,  0.13,  0.00,  228391248,  233906000,   19655000,  241776360, java, iotlab1, mult, 25
entry_1524197.class,  7.47,  3.87,  3.79,  0.16,  0.00,  239880420,  247500000,   14850000,  252974578, java, iotlab1, mult, 25
entry_15292903.class,  2.12,  1.07,  1.04,  0.05,  0.00,   73845497,   90574000,   13380000,   86226576, java, iotlab1, mult, 25
entry_15292903.class,  2.06,  1.03,  1.01,  0.05,  0.00,   73384036,   91543000,   12527000,   85889269, java, iotlab1, mult, 25
entry_15292903.class,  2.12,  1.06,  1.04,  0.05,  0.00,   74009357,   95995000,    8999000,   86510807, java, iotlab1, mult, 25
entry_15292903.class,  2.12,  1.05,  1.02,  0.05,  0.00,   75260618,   93357000,   13484000,   88332512, java, iotlab1, mult, 25
entry_15292903.class,  2.10,  1.05,  1.02,  0.05,  0.00,   73772525,   81759000,   21671000,   86142412, java, iotlab1, mult, 25
entry_15292903.class,  2.12,  1.05,  1.02,  0.05,  0.00,   73237813,   88965000,   15164000,   85835361, java, iotlab1, mult, 25
entry_15292903.class,  2.13,  1.08,  1.05,  0.05,  0.00,   73804552,   89726000,   15122000,   86207913, java, iotlab1, mult, 25
entry_15292903.class,  2.38,  1.11,  1.08,  0.06,  0.00,   90779551,   89653000,   16117000,  103269712, java, iotlab1, mult, 25
entry_15292903.class,  2.12,  1.06,  1.04,  0.05,  0.00,   74088577,   89424000,   14226000,   86731421, java, iotlab1, mult, 25
entry_15292903.class,  2.18,  1.08,  1.05,  0.05,  0.00,   74477338,   91502000,   13627000,   86853183, java, iotlab1, mult, 25
entry_15316182.class,  5.33,  2.53,  2.46,  0.12,  0.00,  214565834,  217688000,   17132000,  226928838, java, iotlab1, mult, 25
entry_15316182.class,  5.27,  2.47,  2.40,  0.12,  0.00,  219110353,  228255000,   17941000,  232208189, java, iotlab1, mult, 25
entry_15316182.class,  5.30,  2.55,  2.48,  0.12,  0.00,  215090478,  222494000,   17720000,  228464778, java, iotlab1, mult, 25
entry_15316182.class,  5.33,  2.55,  2.49,  0.12,  0.00,  215100110,  228990000,   10999000,  227514400, java, iotlab1, mult, 25
entry_15316182.class,  5.26,  2.54,  2.48,  0.12,  0.00,  214310164,  221998000,   17076000,  226601491, java, iotlab1, mult, 25
entry_15316182.class,  5.34,  2.57,  2.51,  0.12,  0.00,  214964465,  235187000,    8109000,  227350537, java, iotlab1, mult, 25
entry_15316182.class,  5.31,  2.56,  2.49,  0.12,  0.00,  214524303,  222645000,   16747000,  226931282, java, iotlab1, mult, 25
entry_15316182.class,  5.23,  2.52,  2.46,  0.12,  0.00,  213807873,  227416000,   11068000,  226191600, java, iotlab1, mult, 25
entry_15316182.class,  5.30,  2.55,  2.48,  0.12,  0.00,  214972691,  223983000,   15857000,  227377636, java, iotlab1, mult, 25
entry_15316182.class,  5.22,  2.51,  2.45,  0.12,  0.00,  213726277,  226369000,   11966000,  226119774, java, iotlab1, mult, 25
entry_15571123.class,  3.20,  1.53,  1.49,  0.07,  0.00,  126934044,  132145000,   12725000,  139370934, java, iotlab1, mult, 25
entry_15571123.class,  3.16,  1.52,  1.48,  0.07,  0.00,  126187966,  133448000,   11120000,  138615641, java, iotlab1, mult, 25
entry_15571123.class,  3.16,  1.52,  1.47,  0.07,  0.00,  125441384,  129813000,   13873000,  137967068, java, iotlab1, mult, 25
entry_15571123.class,  3.22,  1.54,  1.49,  0.07,  0.00,  127352299,  129769000,   14859000,  139652729, java, iotlab1, mult, 25
entry_15571123.class,  3.39,  1.54,  1.50,  0.08,  0.00,  128573800,  135036000,   12276000,  141984367, java, iotlab1, mult, 25
entry_15571123.class,  3.24,  1.53,  1.48,  0.08,  0.00,  128338928,  131876000,   14545000,  141827657, java, iotlab1, mult, 25
entry_15571123.class,  3.33,  1.46,  1.42,  0.08,  0.00,  140492639,  140001000,   11000000,  154520103, java, iotlab1, mult, 25
entry_15571123.class,  3.14,  1.51,  1.48,  0.07,  0.00,  125339514,  130475000,   13047000,  137631702, java, iotlab1, mult, 25
entry_15571123.class,  3.20,  1.52,  1.48,  0.07,  0.00,  127586903,  135896000,    9847000,  140994969, java, iotlab1, mult, 25
entry_15571123.class,  3.16,  1.52,  1.48,  0.07,  0.00,  126084494,  134484000,    9032000,  138615912, java, iotlab1, mult, 25
entry_15820349.class,  5.65,  2.75,  2.68,  0.12,  0.00,  224680122,  236565000,   14972000,  237333859, java, iotlab1, mult, 25
entry_15820349.class,  5.68,  2.78,  2.71,  0.12,  0.00,  224003611,  247181000,    4963000,  236382981, java, iotlab1, mult, 25
entry_15820349.class,  5.64,  2.76,  2.69,  0.12,  0.00,  224354670,  241741000,   10988000,  236744676, java, iotlab1, mult, 25
entry_15820349.class,  5.63,  2.75,  2.69,  0.12,  0.00,  225121155,  238124000,   13948000,  237587126, java, iotlab1, mult, 25
entry_15820349.class,  5.67,  2.76,  2.70,  0.12,  0.00,  225486607,  239075000,   13830000,  237852027, java, iotlab1, mult, 25
entry_15820349.class,  5.65,  2.76,  2.70,  0.12,  0.00,  225481630,  241963000,   10039000,  237903486, java, iotlab1, mult, 25
entry_15820349.class,  5.64,  2.74,  2.68,  0.12,  0.00,  224229225,  237857000,   14230000,  236717989, java, iotlab1, mult, 25
entry_15820349.class,  5.71,  2.77,  2.71,  0.12,  0.00,  224309789,  240655000,   12032000,  236807459, java, iotlab1, mult, 25
entry_15820349.class,  5.65,  2.79,  2.72,  0.12,  0.00,  223989208,  240539000,   11024000,  236408282, java, iotlab1, mult, 25
entry_15820349.class,  5.65,  2.75,  2.68,  0.12,  0.00,  226566238,  238689000,   14918000,  239796291, java, iotlab1, mult, 25
entry_15847752.class,  3.19,  1.53,  1.50,  0.07,  0.00,  125519400,  136589000,    7030000,  137841640, java, iotlab1, mult, 25
entry_15847752.class,  3.21,  1.53,  1.49,  0.07,  0.00,  129180285,  132648000,   14285000,  142455656, java, iotlab1, mult, 25
entry_15847752.class,  3.21,  1.52,  1.48,  0.07,  0.00,  128937428,  131940000,   14769000,  142255613, java, iotlab1, mult, 25
entry_15847752.class,  3.22,  1.53,  1.49,  0.07,  0.00,  126888621,  130396000,   13725000,  139388118, java, iotlab1, mult, 25
entry_15847752.class,  3.42,  1.56,  1.52,  0.08,  0.00,  142127316,  131517000,   12140000,  154553929, java, iotlab1, mult, 25
entry_15847752.class,  3.16,  1.52,  1.47,  0.07,  0.00,  126924989,  132471000,   12042000,  139264718, java, iotlab1, mult, 25
entry_15847752.class,  3.18,  1.54,  1.49,  0.07,  0.00,  126064424,  135095000,    9073000,  138432371, java, iotlab1, mult, 25
entry_15847752.class,  3.21,  1.55,  1.50,  0.07,  0.00,  126507611,  135151000,   10011000,  138906736, java, iotlab1, mult, 25
entry_15847752.class,  3.19,  1.53,  1.50,  0.07,  0.00,  127110541,  131234000,   13918000,  139537265, java, iotlab1, mult, 25
entry_15847752.class,  3.20,  1.52,  1.49,  0.07,  0.00,  127132434,  131584000,   12861000,  139703804, java, iotlab1, mult, 25
entry_15847774.class,  4.38,  2.09,  2.04,  0.10,  0.00,  157438319,  186827000,   22978000,  169906740, java, iotlab1, mult, 25
entry_15847774.class,  4.54,  2.19,  2.14,  0.10,  0.00,  160281185,  198098000,   23246000,  172730173, java, iotlab1, mult, 25
entry_15847774.class,  4.44,  2.10,  2.04,  0.10,  0.00,  159749138,  194124000,   19708000,  172821072, java, iotlab1, mult, 25
entry_15847774.class,  4.40,  2.10,  2.05,  0.10,  0.00,  157807835,  192934000,   15994000,  170885920, java, iotlab1, mult, 25
entry_15847774.class,  4.34,  2.04,  2.00,  0.10,  0.00,  157565143,  172197000,   29203000,  169893151, java, iotlab1, mult, 25
entry_15847774.class,  4.32,  2.03,  1.98,  0.10,  0.00,  156692348,  179900000,   21588000,  169070739, java, iotlab1, mult, 25
entry_15847774.class,  4.46,  2.15,  2.09,  0.10,  0.00,  157300905,  196207000,   18490000,  169828230, java, iotlab1, mult, 25
entry_15847774.class,  4.36,  2.04,  1.99,  0.10,  0.00,  156753246,  178919000,   22989000,  169424692, java, iotlab1, mult, 25
entry_15847774.class,  4.35,  2.07,  2.03,  0.10,  0.00,  157252016,  181824000,   20429000,  169736788, java, iotlab1, mult, 25
entry_15847774.class,  4.35,  2.03,  1.98,  0.10,  0.00,  156564082,  184671000,   17249000,  168886118, java, iotlab1, mult, 25
entry_15868069.class,  6.15,  2.99,  2.91,  0.14,  0.00,  242217506,  263824000,   18634000,  255488678, java, iotlab1, mult, 25
entry_15868069.class,  6.19,  3.00,  2.93,  0.14,  0.00,  240044909,  265177000,   15124000,  252435375, java, iotlab1, mult, 25
entry_15868069.class,  6.14,  3.02,  2.94,  0.14,  0.00,  240799781,  266817000,   14043000,  253413769, java, iotlab1, mult, 25
entry_15868069.class,  6.16,  3.01,  2.93,  0.14,  0.00,  240858500,  263045000,   18210000,  253342261, java, iotlab1, mult, 25
entry_15868069.class,  6.26,  3.01,  2.93,  0.14,  0.00,  240888243,  267249000,   14118000,  253249333, java, iotlab1, mult, 25
entry_15868069.class,  6.10,  2.94,  2.86,  0.14,  0.00,  243497742,  270515000,   14918000,  255836239, java, iotlab1, mult, 25
entry_15868069.class,  6.14,  3.00,  2.92,  0.14,  0.00,  241306882,  262177000,   20013000,  253749041, java, iotlab1, mult, 25
entry_15868069.class,  6.16,  3.01,  2.93,  0.14,  0.00,  243106350,  263079000,   21086000,  256390006, java, iotlab1, mult, 25
entry_15868069.class,  6.11,  3.01,  2.93,  0.14,  0.00,  240831028,  265674000,   16040000,  253331915, java, iotlab1, mult, 25
entry_15868069.class,  6.09,  3.00,  2.93,  0.14,  0.00,  240260100,  265485000,   15027000,  252650107, java, iotlab1, mult, 25
entry_15938010.class,  1.51,  0.74,  0.73,  0.04,  0.00,   54915253,   59736000,   11561000,   67240728, java, iotlab1, mult, 25
entry_15938010.class,  1.51,  0.74,  0.72,  0.04,  0.00,   55112388,   62679000,    8814000,   67632999, java, iotlab1, mult, 25
entry_15938010.class,  1.51,  0.74,  0.72,  0.04,  0.00,   54501789,   58948000,   11579000,   66993979, java, iotlab1, mult, 25
entry_15938010.class,  1.51,  0.74,  0.72,  0.04,  0.00,   54729788,   62273000,    7907000,   67130297, java, iotlab1, mult, 25
entry_15938010.class,  1.51,  0.74,  0.72,  0.04,  0.00,   54850761,   57119000,   14279000,   67422710, java, iotlab1, mult, 25
entry_15938010.class,  1.52,  0.75,  0.72,  0.04,  0.00,   54405506,   58934000,   11986000,   66835689, java, iotlab1, mult, 25
entry_15938010.class,  1.50,  0.74,  0.72,  0.04,  0.00,   54673598,   61303000,    8898000,   67150151, java, iotlab1, mult, 25
entry_15938010.class,  1.54,  0.75,  0.73,  0.04,  0.00,   55059396,   63412000,    8052000,   67363461, java, iotlab1, mult, 25
entry_15938010.class,  1.50,  0.73,  0.71,  0.04,  0.00,   55458786,   61040000,    8860000,   67935219, java, iotlab1, mult, 25
entry_15938010.class,  1.51,  0.75,  0.73,  0.04,  0.00,   54624367,   61401000,    9593000,   66997108, java, iotlab1, mult, 25
entry_15955876.class,  6.47,  3.13,  3.05,  0.14,  0.00,  253667213,  273484000,   13973000,  266236142, java, iotlab1, mult, 25
entry_15955876.class,  6.49,  3.16,  3.09,  0.14,  0.00,  255394163,  291468000,    4973000,  267819028, java, iotlab1, mult, 25
entry_15955876.class,  6.38,  3.11,  3.03,  0.14,  0.00,  252992806,  270661000,   15747000,  265524242, java, iotlab1, mult, 25
entry_15955876.class,  6.37,  3.09,  3.01,  0.14,  0.00,  254709917,  270506000,   18895000,  267127644, java, iotlab1, mult, 25
entry_15955876.class,  6.66,  3.18,  3.09,  0.15,  0.00,  269975748,  275002000,   12043000,  282412571, java, iotlab1, mult, 25
entry_15955876.class,  6.38,  3.12,  3.03,  0.14,  0.00,  253211776,  267834000,   18988000,  265635035, java, iotlab1, mult, 25
entry_15955876.class,  6.37,  3.12,  3.04,  0.14,  0.00,  253728735,  271061000,   15886000,  266141504, java, iotlab1, mult, 25
entry_15955876.class,  6.51,  3.18,  3.10,  0.14,  0.00,  254793255,  281666000,   14876000,  267190722, java, iotlab1, mult, 25
entry_15955876.class,  6.50,  3.18,  3.09,  0.14,  0.00,  255557585,  278277000,   16955000,  268167634, java, iotlab1, mult, 25
entry_15955876.class,  6.41,  3.14,  3.06,  0.14,  0.00,  253878925,  274493000,   13823000,  266142513, java, iotlab1, mult, 25
entry_2006152.class,  6.48,  3.18,  3.09,  0.14,  0.00,  251083447,  275755000,   15041000,  263447250, java, iotlab1, mult, 25
entry_2006152.class,  6.45,  3.15,  3.08,  0.14,  0.00,  250820170,  273838000,   16866000,  263233403, java, iotlab1, mult, 25
entry_2006152.class,  6.40,  3.13,  3.05,  0.14,  0.00,  251015688,  274832000,   16048000,  263302759, java, iotlab1, mult, 25
entry_2006152.class,  6.43,  3.16,  3.09,  0.14,  0.00,  251285233,  271320000,   19732000,  263753780, java, iotlab1, mult, 25
entry_2006152.class,  6.37,  3.10,  3.02,  0.14,  0.00,  253679185,  281753000,   13938000,  266050207, java, iotlab1, mult, 25
entry_2006152.class,  6.42,  3.14,  3.07,  0.14,  0.00,  250617282,  278959000,   12041000,  262761522, java, iotlab1, mult, 25
entry_2006152.class,  6.44,  3.14,  3.06,  0.14,  0.00,  251140917,  281499000,    9982000,  263560227, java, iotlab1, mult, 25
entry_2006152.class,  6.46,  3.13,  3.05,  0.14,  0.00,  253069634,  278329000,   14963000,  266331897, java, iotlab1, mult, 25
entry_2006152.class,  6.41,  3.14,  3.06,  0.14,  0.00,  250759274,  270499000,   19672000,  263115428, java, iotlab1, mult, 25
entry_2006152.class,  6.38,  3.14,  3.06,  0.14,  0.00,  250864760,  280325000,    9976000,  263193727, java, iotlab1, mult, 25
entry_2118259.class,  9.43,  4.44,  4.34,  0.21,  0.00,  337681306,  363600000,   38850000,  350082543, java, iotlab1, mult, 25
entry_2118259.class,  9.53,  4.45,  4.34,  0.22,  0.00,  344086695,  360528000,   48935000,  356440700, java, iotlab1, mult, 25
entry_2118259.class,  9.53,  4.43,  4.32,  0.21,  0.00,  339741204,  370221000,   37122000,  352176705, java, iotlab1, mult, 25
entry_2118259.class,  9.49,  4.46,  4.35,  0.21,  0.00,  341019908,  362137000,   44016000,  353344094, java, iotlab1, mult, 25
entry_2118259.class,  9.43,  4.45,  4.34,  0.21,  0.00,  337948257,  349267000,   53733000,  350220188, java, iotlab1, mult, 25
entry_2118259.class,  9.45,  4.47,  4.36,  0.21,  0.00,  338581518,  366230000,   39024000,  350916066, java, iotlab1, mult, 25
entry_2118259.class, 10.09,  4.80,  4.69,  0.21,  0.00,  355029409,  395979000,   42567000,  368255267, java, iotlab1, mult, 25
entry_2118259.class,  9.49,  4.47,  4.37,  0.21,  0.00,  340256830,  365719000,   42617000,  352532039, java, iotlab1, mult, 25
entry_2118259.class,  9.53,  4.50,  4.39,  0.21,  0.00,  339369076,  355987000,   50710000,  351715402, java, iotlab1, mult, 25
entry_2118259.class,  9.12,  4.23,  4.12,  0.21,  0.00,  328280965,  346871000,   34987000,  340693939, java, iotlab1, mult, 25
entry_2118311.class, 10.00,  4.70,  4.59,  0.22,  0.00,  352702085,  387648000,   41068000,  365116801, java, iotlab1, mult, 25
entry_2118311.class,  9.49,  4.47,  4.36,  0.21,  0.00,  338800590,  365588000,   41838000,  351040716, java, iotlab1, mult, 25
entry_2118311.class,  9.56,  4.45,  4.34,  0.21,  0.00,  338538878,  375035000,   32828000,  350999529, java, iotlab1, mult, 25
entry_2118311.class,  9.55,  4.47,  4.36,  0.21,  0.00,  340159424,  356504000,   49930000,  352531033, java, iotlab1, mult, 25
entry_2118311.class,  9.39,  4.40,  4.30,  0.21,  0.00,  337604861,  362767000,   38867000,  350048682, java, iotlab1, mult, 25
entry_2118311.class, 10.02,  4.71,  4.59,  0.22,  0.00,  340217539,  378416000,   30273000,  352612367, java, iotlab1, mult, 25
entry_2118311.class, 10.17,  4.80,  4.69,  0.23,  0.00,  348572344,  376682000,   40857000,  360841182, java, iotlab1, mult, 25
entry_2118311.class,  9.56,  4.54,  4.43,  0.21,  0.00,  340564914,  372625000,   35963000,  352924595, java, iotlab1, mult, 25
entry_2118311.class,  9.47,  4.53,  4.43,  0.21,  0.00,  340208440,  373682000,   35158000,  352575296, java, iotlab1, mult, 25
entry_2118311.class,  9.55,  4.48,  4.37,  0.21,  0.00,  340507935,  376486000,   31122000,  352885904, java, iotlab1, mult, 25
entry_2118324.class,  9.56,  4.55,  4.44,  0.22,  0.00,  342147746,  375577000,   36958000,  354459105, java, iotlab1, mult, 25
entry_2118324.class,  9.40,  4.47,  4.35,  0.21,  0.00,  337193763,  357463000,   43689000,  349475732, java, iotlab1, mult, 25
entry_2118324.class,  9.74,  4.58,  4.46,  0.22,  0.00,  353709283,  362205000,   47026000,  366242264, java, iotlab1, mult, 25
entry_2118324.class,  9.86,  4.62,  4.50,  0.22,  0.00,  354655083,  374646000,   35870000,  367715141, java, iotlab1, mult, 25
entry_2118324.class,  9.56,  4.46,  4.36,  0.21,  0.00,  337549241,  361924000,   39881000,  349961193, java, iotlab1, mult, 25
entry_2118324.class,  9.42,  4.46,  4.35,  0.21,  0.00,  338929275,  360079000,   43129000,  351116707, java, iotlab1, mult, 25
entry_2118324.class,  9.36,  4.46,  4.35,  0.21,  0.00,  337950701,  363251000,   38813000,  350186950, java, iotlab1, mult, 25
entry_2118324.class,  9.50,  4.52,  4.42,  0.21,  0.00,  341447172,  371248000,   37720000,  354071165, java, iotlab1, mult, 25
entry_2118324.class,  9.51,  4.50,  4.40,  0.21,  0.00,  341870369,  367799000,   40977000,  354183551, java, iotlab1, mult, 25
entry_2118324.class,  9.33,  4.42,  4.31,  0.21,  0.00,  337356826,  362404000,   32303000,  349769023, java, iotlab1, mult, 25
entry_2444369.class,  2.15,  0.98,  0.95,  0.06,  0.00,   83298325,   79405000,   19606000,   96967672, java, iotlab1, mult, 25
entry_2444369.class,  1.83,  0.92,  0.90,  0.04,  0.00,   62823132,   80651000,   12944000,   75155001, java, iotlab1, mult, 25
entry_2444369.class,  2.05,  1.01,  0.99,  0.05,  0.00,   72693736,   83710000,   17568000,   85020584, java, iotlab1, mult, 25
entry_2444369.class,  2.05,  1.00,  0.98,  0.05,  0.00,   73690904,   84939000,   11852000,   86088221, java, iotlab1, mult, 25
entry_2444369.class,  2.00,  0.97,  0.94,  0.05,  0.00,   72598664,   75892000,   17292000,   84952307, java, iotlab1, mult, 25
entry_2444369.class,  1.80,  0.90,  0.88,  0.04,  0.00,   61594516,   78154000,   11578000,   73967334, java, iotlab1, mult, 25
entry_2444369.class,  1.99,  0.97,  0.95,  0.05,  0.00,   71907188,   74532000,   17887000,   84089143, java, iotlab1, mult, 25
entry_2444369.class,  2.00,  0.97,  0.94,  0.05,  0.00,   72684168,   77177000,   16036000,   85135413, java, iotlab1, mult, 25
entry_2444369.class,  1.98,  0.97,  0.95,  0.05,  0.00,   72314989,   79405000,   13724000,   84610555, java, iotlab1, mult, 25
entry_2444369.class,  2.01,  0.98,  0.95,  0.05,  0.00,   72553611,   83533000,   10187000,   84901710, java, iotlab1, mult, 25
entry_2566279.class,  5.40,  2.59,  2.52,  0.12,  0.00,  221878892,  236576000,   11121000,  235201102, java, iotlab1, mult, 25
entry_2566279.class,  5.40,  2.64,  2.57,  0.12,  0.00,  218760289,  230665000,    9065000,  231182324, java, iotlab1, mult, 25
entry_2566279.class,  5.46,  2.66,  2.58,  0.12,  0.00,  219087011,  232314000,   12906000,  231672617, java, iotlab1, mult, 25
entry_2566279.class,  5.37,  2.61,  2.55,  0.12,  0.00,  219017054,  224023000,   16073000,  231456270, java, iotlab1, mult, 25
entry_2566279.class,  5.42,  2.65,  2.58,  0.12,  0.00,  218090623,  227129000,   16861000,  230421550, java, iotlab1, mult, 25
entry_2566279.class,  5.41,  2.62,  2.55,  0.12,  0.00,  220336286,  232450000,   11920000,  233532196, java, iotlab1, mult, 25
entry_2566279.class,  5.47,  2.67,  2.60,  0.12,  0.00,  219720729,  234876000,   10994000,  232371942, java, iotlab1, mult, 25
entry_2566279.class,  5.46,  2.68,  2.60,  0.12,  0.00,  218215789,  235142000,   11148000,  230628708, java, iotlab1, mult, 25
entry_2566279.class,  5.41,  2.63,  2.56,  0.12,  0.00,  219206131,  237464000,    7982000,  231614365, java, iotlab1, mult, 25
entry_2566279.class,  5.45,  2.66,  2.59,  0.12,  0.00,  220121228,  230061000,   15003000,  232428527, java, iotlab1, mult, 25
entry_2569317.class,  9.70,  4.56,  4.44,  0.22,  0.00,  351850174,  375020000,   37700000,  364752704, java, iotlab1, mult, 25
entry_2569317.class,  9.68,  4.58,  4.48,  0.22,  0.00,  347308357,  382082000,   30324000,  359855972, java, iotlab1, mult, 25
entry_2569317.class,  9.83,  4.66,  4.55,  0.22,  0.00,  350678904,  380105000,   44894000,  363154089, java, iotlab1, mult, 25
entry_2569317.class,  9.73,  4.58,  4.47,  0.22,  0.00,  350560668,  368320000,   45161000,  362962131, java, iotlab1, mult, 25
entry_2569317.class, 10.03,  4.79,  4.68,  0.22,  0.00,  359136004,  389154000,   45250000,  371473716, java, iotlab1, mult, 25
entry_2569317.class,  9.76,  4.61,  4.50,  0.22,  0.00,  349688409,  370856000,   47364000,  362335888, java, iotlab1, mult, 25
entry_2569317.class,  9.72,  4.58,  4.47,  0.22,  0.00,  350523212,  364588000,   50664000,  362966651, java, iotlab1, mult, 25
entry_2569317.class,  9.62,  4.54,  4.43,  0.22,  0.00,  347330438,  373502000,   37949000,  359595060, java, iotlab1, mult, 25
entry_2569317.class,  9.76,  4.59,  4.47,  0.22,  0.00,  355443055,  382299000,   34026000,  367823377, java, iotlab1, mult, 25
entry_2569317.class,  9.72,  4.57,  4.46,  0.22,  0.00,  354422347,  363241000,   50893000,  366690929, java, iotlab1, mult, 25
entry_2631214.class,  9.88,  4.56,  4.44,  0.23,  0.00,  362668160,  377869000,   32901000,  375069173, java, iotlab1, mult, 25
entry_2631214.class,  9.72,  4.54,  4.43,  0.22,  0.00,  353598194,  376216000,   38021000,  366569530, java, iotlab1, mult, 25
entry_2631214.class,  9.90,  4.65,  4.53,  0.22,  0.00,  355931629,  378506000,   43712000,  368316528, java, iotlab1, mult, 25
entry_2631214.class,  9.70,  4.57,  4.46,  0.22,  0.00,  349044991,  367322000,   43273000,  361317285, java, iotlab1, mult, 25
entry_2631214.class,  9.81,  4.63,  4.52,  0.22,  0.00,  350235261,  382187000,   41127000,  362606541, java, iotlab1, mult, 25
entry_2631214.class,  9.74,  4.60,  4.49,  0.22,  0.00,  352669034,  378944000,   33728000,  364967459, java, iotlab1, mult, 25
entry_2631214.class,  9.81,  4.68,  4.56,  0.22,  0.00,  349541262,  381213000,   33018000,  362011820, java, iotlab1, mult, 25
entry_2631214.class,  9.83,  4.60,  4.49,  0.22,  0.00,  354802900,  376474000,   37145000,  367078016, java, iotlab1, mult, 25
entry_2631214.class,  9.69,  4.57,  4.46,  0.22,  0.00,  351075710,  375751000,   35163000,  363349563, java, iotlab1, mult, 25
entry_2631214.class,  9.71,  4.58,  4.47,  0.22,  0.00,  351138087,  373072000,   38903000,  363570746, java, iotlab1, mult, 25
entry_2956102.class, 11.36,  5.78,  5.65,  0.34,  0.00,  350368783,  502294000,   88523000,  362708093, java, iotlab1, mult, 25
entry_2956102.class, 11.49,  6.03,  5.90,  0.34,  0.00,  336478616,  536210000,  111420000,  348789626, java, iotlab1, mult, 25
entry_2956102.class, 11.56,  6.04,  5.91,  0.34,  0.00,  342847994,  539368000,  107475000,  355193821, java, iotlab1, mult, 25
entry_2956102.class, 11.17,  5.75,  5.62,  0.33,  0.00,  340670787,  501942000,  100190000,  352992145, java, iotlab1, mult, 25
entry_2956102.class, 11.22,  5.85,  5.73,  0.33,  0.00,  334169111,  508853000,  100563000,  346532326, java, iotlab1, mult, 25
entry_2956102.class, 11.06,  5.72,  5.60,  0.33,  0.00,  333721500,  492484000,   97109000,  346075407, java, iotlab1, mult, 25
entry_2956102.class, 11.96,  6.44,  6.31,  0.37,  0.00,  333863707,  617086000,  102681000,  346331062, java, iotlab1, mult, 25
entry_2956102.class, 11.12,  5.78,  5.66,  0.33,  0.00,  332928232,  501171000,  103448000,  345533133, java, iotlab1, mult, 25
entry_2956102.class, 11.25,  5.76,  5.62,  0.33,  0.00,  345424700,  510588000,  112032000,  358213882, java, iotlab1, mult, 25
entry_2956102.class, 11.16,  5.79,  5.66,  0.33,  0.00,  335154239,  510736000,   87782000,  347618906, java, iotlab1, mult, 25
entry_3432865.class,  5.50,  2.71,  2.65,  0.12,  0.00,  218121390,  229952000,    8959000,  230443852, java, iotlab1, mult, 25
entry_3432865.class,  5.46,  2.67,  2.60,  0.12,  0.00,  220333979,  224620000,   17969000,  232662072, java, iotlab1, mult, 25
entry_3432865.class,  5.58,  2.74,  2.67,  0.12,  0.00,  221886160,  230812000,    9991000,  234182187, java, iotlab1, mult, 25
entry_3432865.class,  5.49,  2.71,  2.65,  0.12,  0.00,  218576183,  227816000,   11990000,  231098096, java, iotlab1, mult, 25
entry_3432865.class,  5.48,  2.71,  2.65,  0.12,  0.00,  219407001,  221211000,   18763000,  231794216, java, iotlab1, mult, 25
entry_3432865.class,  5.53,  2.72,  2.65,  0.12,  0.00,  220859693,  231857000,    8994000,  233174590, java, iotlab1, mult, 25
entry_3432865.class,  5.51,  2.70,  2.63,  0.12,  0.00,  219039916,  224742000,   13983000,  231415209, java, iotlab1, mult, 25
entry_3432865.class,  6.87,  3.57,  3.50,  0.14,  0.00,  226160420,  235799000,   10076000,  238801567, java, iotlab1, mult, 25
entry_3432865.class,  5.46,  2.67,  2.60,  0.12,  0.00,  218215713,  223077000,   16150000,  230584465, java, iotlab1, mult, 25
entry_3432865.class,  5.47,  2.66,  2.60,  0.12,  0.00,  218151497,  228913000,   10128000,  230583426, java, iotlab1, mult, 25
entry_3536667.class,  1.23,  0.60,  0.58,  0.03,  0.00,   42416875,   44245000,   11870000,   54742008, java, iotlab1, mult, 25
entry_3536667.class,  1.19,  0.59,  0.58,  0.03,  0.00,   41176320,   42299000,   14443000,   53655101, java, iotlab1, mult, 25
entry_3536667.class,  1.22,  0.60,  0.58,  0.03,  0.00,   41764549,   46389000,   10631000,   54232355, java, iotlab1, mult, 25
entry_3536667.class,  1.21,  0.60,  0.58,  0.03,  0.00,   41975695,   43220000,   13066000,   54272039, java, iotlab1, mult, 25
entry_3536667.class,  1.62,  0.87,  0.85,  0.04,  0.00,   43397712,   49501000,   11000000,   57364223, java, iotlab1, mult, 25
entry_3536667.class,  1.58,  0.86,  0.84,  0.04,  0.00,   43448690,   48515000,   12366000,   57992215, java, iotlab1, mult, 25
entry_3536667.class,  1.20,  0.59,  0.58,  0.03,  0.00,   41462770,   37977000,   18475000,   53778230, java, iotlab1, mult, 25
entry_3536667.class,  1.23,  0.61,  0.59,  0.03,  0.00,   41693858,   44330000,   12806000,   54107340, java, iotlab1, mult, 25
entry_3536667.class,  1.19,  0.60,  0.58,  0.03,  0.00,   41201380,   42686000,   13872000,   53610006, java, iotlab1, mult, 25
entry_3536667.class,  1.19,  0.59,  0.57,  0.03,  0.00,   40808565,   42547000,   13537000,   53260774, java, iotlab1, mult, 25
entry_3595019.class,  5.56,  2.71,  2.64,  0.12,  0.00,  218039860,  221439000,   24495000,  230394319, java, iotlab1, mult, 25
entry_3595019.class,  5.58,  2.73,  2.66,  0.12,  0.00,  219013670,  231468000,   14089000,  231383883, java, iotlab1, mult, 25
entry_3595019.class,  5.54,  2.70,  2.63,  0.12,  0.00,  217170121,  236571000,    9060000,  229597718, java, iotlab1, mult, 25
entry_3595019.class,  5.29,  2.59,  2.52,  0.12,  0.00,  207762778,  228542000,   14970000,  220221426, java, iotlab1, mult, 25
entry_3595019.class,  5.58,  2.66,  2.59,  0.13,  0.00,  221915860,  234359000,   11816000,  234409886, java, iotlab1, mult, 25
entry_3595019.class,  5.54,  2.69,  2.62,  0.12,  0.00,  218879854,  233906000,   13934000,  231209941, java, iotlab1, mult, 25
entry_3595019.class,  5.71,  2.80,  2.73,  0.13,  0.00,  221308768,  241836000,   13932000,  233726770, java, iotlab1, mult, 25
entry_3595019.class,  5.36,  2.63,  2.56,  0.12,  0.00,  206473582,  231179000,   11104000,  218819404, java, iotlab1, mult, 25
entry_3595019.class,  5.52,  2.69,  2.63,  0.12,  0.00,  217266944,  225327000,   17177000,  229827584, java, iotlab1, mult, 25
entry_3595019.class,  5.43,  2.63,  2.57,  0.12,  0.00,  215262819,  224983000,   16215000,  227723077, java, iotlab1, mult, 25
entry_3664875.class,  5.48,  2.67,  2.59,  0.12,  0.00,  217125355,  227592000,    9938000,  229599374, java, iotlab1, mult, 25
entry_3664875.class,  5.45,  2.66,  2.59,  0.12,  0.00,  216772013,  223524000,   13148000,  229146941, java, iotlab1, mult, 25
entry_3664875.class,  5.38,  2.60,  2.53,  0.12,  0.00,  217771502,  224173000,   14137000,  230319705, java, iotlab1, mult, 25
entry_3664875.class,  5.45,  2.68,  2.61,  0.12,  0.00,  217986189,  231009000,    7030000,  230397508, java, iotlab1, mult, 25
entry_3664875.class,  5.47,  2.68,  2.60,  0.12,  0.00,  217498777,  225681000,   12036000,  230136330, java, iotlab1, mult, 25
entry_3664875.class,  5.46,  2.65,  2.58,  0.12,  0.00,  217602399,  230019000,   10088000,  230003789, java, iotlab1, mult, 25
entry_3664875.class,  5.41,  2.64,  2.57,  0.12,  0.00,  217038315,  225688000,   10984000,  229479920, java, iotlab1, mult, 25
entry_3664875.class,  6.19,  3.15,  3.08,  0.13,  0.00,  220105082,  230766000,   10077000,  232826039, java, iotlab1, mult, 25
entry_3664875.class,  5.39,  2.62,  2.55,  0.12,  0.00,  216513559,  219547000,   12973000,  228799622, java, iotlab1, mult, 25
entry_3664875.class,  5.49,  2.66,  2.60,  0.12,  0.00,  217596137,  227166000,   10864000,  230105423, java, iotlab1, mult, 25
entry_3942429.class,  5.90,  2.84,  2.77,  0.13,  0.00,  234895486,  243198000,   13118000,  247250950, java, iotlab1, mult, 25
entry_3942429.class,  5.93,  2.90,  2.82,  0.13,  0.00,  235678200,  244397000,   17027000,  248007013, java, iotlab1, mult, 25
entry_3942429.class,  5.90,  2.85,  2.78,  0.13,  0.00,  238920819,  244330000,   13234000,  252290396, java, iotlab1, mult, 25
entry_3942429.class,  5.81,  2.78,  2.71,  0.13,  0.00,  237014142,  247671000,   12032000,  250972541, java, iotlab1, mult, 25
entry_3942429.class,  5.91,  2.86,  2.79,  0.13,  0.00,  235215608,  248282000,   12859000,  247752586, java, iotlab1, mult, 25
entry_3942429.class,  6.06,  2.88,  2.80,  0.13,  0.00,  238580267,  242801000,   15921000,  252026571, java, iotlab1, mult, 25
entry_3942429.class,  5.91,  2.86,  2.79,  0.13,  0.00,  236160622,  244598000,   11883000,  248542937, java, iotlab1, mult, 25
entry_3942429.class,  5.86,  2.83,  2.75,  0.13,  0.00,  234601992,  244096000,   11907000,  247012770, java, iotlab1, mult, 25
entry_3942429.class,  5.87,  2.84,  2.77,  0.13,  0.00,  234790220,  246258000,    9158000,  247293185, java, iotlab1, mult, 25
entry_3942429.class,  6.00,  2.89,  2.81,  0.13,  0.00,  239376577,  251446000,   15839000,  252657346, java, iotlab1, mult, 25
entry_4026445.class,  6.07,  2.95,  2.88,  0.14,  0.00,  235118671,  259863000,   13780000,  247571328, java, iotlab1, mult, 25
entry_4026445.class,  6.07,  2.95,  2.87,  0.14,  0.00,  237163302,  256352000,   19251000,  250258379, java, iotlab1, mult, 25
entry_4026445.class,  6.05,  2.97,  2.90,  0.13,  0.00,  235043547,  261104000,   13005000,  247366114, java, iotlab1, mult, 25
entry_4026445.class,  6.07,  2.97,  2.89,  0.13,  0.00,  235897353,  258428000,   16151000,  248541142, java, iotlab1, mult, 25
entry_4026445.class,  6.01,  2.97,  2.89,  0.13,  0.00,  235564371,  257119000,   17141000,  247871298, java, iotlab1, mult, 25
entry_4026445.class,  5.97,  2.94,  2.87,  0.13,  0.00,  234289888,  259024000,   13947000,  246698960, java, iotlab1, mult, 25
entry_4026445.class,  6.32,  3.04,  2.95,  0.14,  0.00,  249357944,  264890000,    9883000,  261913866, java, iotlab1, mult, 25
entry_4026445.class,  6.09,  3.00,  2.92,  0.14,  0.00,  239071092,  257173000,   19782000,  252349429, java, iotlab1, mult, 25
entry_4026445.class,  6.04,  2.96,  2.89,  0.14,  0.00,  237075232,  260594000,   15034000,  250389187, java, iotlab1, mult, 25
entry_4026445.class,  6.00,  2.98,  2.91,  0.13,  0.00,  235154184,  255989000,   18851000,  247670367, java, iotlab1, mult, 25
entry_4654077.class,  5.20,  2.47,  2.40,  0.12,  0.00,  207578326,  217095000,   12946000,  221045139, java, iotlab1, mult, 25
entry_4654077.class,  5.17,  2.54,  2.48,  0.11,  0.00,  204569601,  214140000,   15080000,  216830329, java, iotlab1, mult, 25
entry_4654077.class,  5.12,  2.51,  2.44,  0.11,  0.00,  204187525,  210273000,   12894000,  216472658, java, iotlab1, mult, 25
entry_4654077.class,  5.14,  2.48,  2.42,  0.11,  0.00,  206235634,  214168000,   11008000,  219625507, java, iotlab1, mult, 25
entry_4654077.class,  5.11,  2.49,  2.43,  0.11,  0.00,  204481354,  207392000,   15953000,  217055943, java, iotlab1, mult, 25
entry_4654077.class,  5.10,  2.48,  2.42,  0.11,  0.00,  204226531,  208583000,   14898000,  216624172, java, iotlab1, mult, 25
entry_4654077.class,  5.11,  2.48,  2.41,  0.11,  0.00,  204867427,  209503000,   13835000,  218096543, java, iotlab1, mult, 25
entry_4654077.class,  5.11,  2.49,  2.44,  0.11,  0.00,  204650031,  214881000,    8995000,  217150095, java, iotlab1, mult, 25
entry_4654077.class,  5.09,  2.46,  2.40,  0.11,  0.00,  203213763,  209360000,   11963000,  215784416, java, iotlab1, mult, 25
entry_4654077.class,  5.18,  2.51,  2.44,  0.11,  0.00,  204803438,  217452000,    7943000,  217145649, java, iotlab1, mult, 25
entry_4741139.class,  1.55,  0.76,  0.74,  0.04,  0.00,   56788366,   55260000,   14326000,   69251747, java, iotlab1, mult, 25
entry_4741139.class,  1.45,  0.73,  0.72,  0.04,  0.00,   52344649,   60322000,    8466000,   64689378, java, iotlab1, mult, 25
entry_4741139.class,  1.47,  0.73,  0.71,  0.04,  0.00,   53082518,   56720000,   12375000,   65479703, java, iotlab1, mult, 25
entry_4741139.class,  1.48,  0.72,  0.71,  0.04,  0.00,   54732006,   56004000,   15273000,   67891174, java, iotlab1, mult, 25
entry_4741139.class,  1.49,  0.74,  0.72,  0.04,  0.00,   52762025,   56597000,   13206000,   65219720, java, iotlab1, mult, 25
entry_4741139.class,  1.77,  0.78,  0.75,  0.05,  0.00,   73688047,   59009000,   10174000,   86244777, java, iotlab1, mult, 25
entry_4741139.class,  1.48,  0.73,  0.71,  0.04,  0.00,   52850941,   55752000,   13177000,   65438280, java, iotlab1, mult, 25
entry_4741139.class,  1.46,  0.72,  0.70,  0.04,  0.00,   52801618,   51686000,   17228000,   65396799, java, iotlab1, mult, 25
entry_4741139.class,  1.47,  0.72,  0.70,  0.04,  0.00,   52765655,   58782000,   10312000,   65083174, java, iotlab1, mult, 25
entry_4741139.class,  1.47,  0.73,  0.71,  0.04,  0.00,   52859078,   60529000,    9079000,   65295753, java, iotlab1, mult, 25
entry_4792297.class,  2.25,  1.17,  1.15,  0.05,  0.00,   71812300,  106187000,   12901000,   84054421, java, iotlab1, mult, 25
entry_4792297.class,  2.22,  1.14,  1.12,  0.05,  0.00,   73601608,  106703000,   14363000,   86880878, java, iotlab1, mult, 25
entry_4792297.class,  2.27,  1.18,  1.15,  0.05,  0.00,   72468352,  107740000,   12083000,   84836755, java, iotlab1, mult, 25
entry_4792297.class,  2.36,  1.22,  1.19,  0.05,  0.00,   75399164,  112617000,   11959000,   87841624, java, iotlab1, mult, 25
entry_4792297.class,  2.25,  1.17,  1.14,  0.05,  0.00,   73596127,  101059000,   13270000,   86123618, java, iotlab1, mult, 25
entry_4792297.class,  2.25,  1.17,  1.15,  0.05,  0.00,   72207564,  108808000,   10880000,   84593133, java, iotlab1, mult, 25
entry_4792297.class,  2.26,  1.16,  1.14,  0.05,  0.00,   71503760,  107226000,   11233000,   84073115, java, iotlab1, mult, 25
entry_4792297.class,  2.24,  1.15,  1.14,  0.05,  0.00,   73825336,  101503000,   13796000,   86205595, java, iotlab1, mult, 25
entry_4792297.class,  2.21,  1.14,  1.12,  0.05,  0.00,   70834601,  106920000,    9252000,   83245223, java, iotlab1, mult, 25
entry_4792297.class,  2.18,  1.13,  1.10,  0.05,  0.00,   69863571,   99371000,   14905000,   82325625, java, iotlab1, mult, 25
entry_4792321.class,  2.12,  1.09,  1.07,  0.05,  0.00,   70101667,   97712000,   10856000,   82634968, java, iotlab1, mult, 25
entry_4792321.class,  2.74,  1.42,  1.39,  0.06,  0.00,   85973773,  133275000,   12115000,   98516308, java, iotlab1, mult, 25
entry_4792321.class,  2.21,  1.12,  1.11,  0.05,  0.00,   71695657,   98243000,   12645000,   84029429, java, iotlab1, mult, 25
entry_4792321.class,  2.35,  1.17,  1.14,  0.05,  0.00,   73393899,  101397000,   17237000,   85803830, java, iotlab1, mult, 25
entry_4792321.class,  2.51,  1.31,  1.29,  0.05,  0.00,   80343340,  124140000,   11917000,   92624316, java, iotlab1, mult, 25
entry_4792321.class,  2.27,  1.18,  1.15,  0.05,  0.00,   73088791,  103536000,   15628000,   85474781, java, iotlab1, mult, 25
entry_4792321.class,  2.20,  1.14,  1.11,  0.05,  0.00,   70900882,  102249000,   13292000,   83315321, java, iotlab1, mult, 25
entry_4792321.class,  2.34,  1.21,  1.18,  0.05,  0.00,   74548222,  107346000,   14045000,   86961652, java, iotlab1, mult, 25
entry_4792321.class,  1.91,  0.97,  0.95,  0.04,  0.00,   64146227,   80963000,   13323000,   76616341, java, iotlab1, mult, 25
entry_4792321.class,  2.17,  1.13,  1.10,  0.05,  0.00,   69720897,   99968000,   13995000,   82320817, java, iotlab1, mult, 25
entry_5104016.class, 20.76,  9.68,  9.41,  0.73,  0.00,  695932267,  689910000,  155528000,  708565282, java, iotlab1, mult, 25
entry_5104016.class, 20.89,  9.69,  9.43,  0.73,  0.00,  703741330,  642387000,  184547000,  716159128, java, iotlab1, mult, 25
entry_5104016.class, 20.19,  9.31,  9.03,  0.73,  0.00,  691984497,  703265000,  144259000,  705221423, java, iotlab1, mult, 25
entry_5104016.class, 20.55,  9.70,  9.43,  0.73,  0.00,  690290883,  681042000,  147923000,  702686391, java, iotlab1, mult, 25
entry_5104016.class, 20.79,  9.83,  9.56,  0.73,  0.00,  699259825,  682740000,  161118000,  712090379, java, iotlab1, mult, 25
entry_5104016.class, 20.77,  9.75,  9.48,  0.73,  0.00,  703494742,  662635000,  172644000,  716045748, java, iotlab1, mult, 25
entry_5104016.class, 20.52,  9.75,  9.49,  0.72,  0.00,  687616703,  679177000,  158274000,  700161873, java, iotlab1, mult, 25
entry_5104016.class, 20.70,  9.75,  9.48,  0.73,  0.00,  700259679,  641855000,  183103000,  712667324, java, iotlab1, mult, 25
entry_5104016.class, 20.68,  9.76,  9.49,  0.73,  0.00,  699172692,  657084000,  167275000,  711544505, java, iotlab1, mult, 25
entry_5104016.class, 20.71,  9.80,  9.53,  0.73,  0.00,  700710138,  679062000,  165015000,  713014477, java, iotlab1, mult, 25
entry_5191935.class, 18.33,  9.18,  8.97,  0.58,  0.00,  582953031,  949690000,  156278000,  595603336, java, iotlab1, mult, 25
entry_5191935.class, 18.14,  9.49,  9.29,  0.56,  0.00,  533327247,  904508000,  144882000,  545760260, java, iotlab1, mult, 25
entry_5191935.class, 18.79,  9.76,  9.56,  0.57,  0.00,  559288854,  887414000,  166889000,  571677459, java, iotlab1, mult, 25
entry_5191935.class, 18.54,  9.63,  9.43,  0.57,  0.00,  552842864,  901134000,  152683000,  565427226, java, iotlab1, mult, 25
entry_5191935.class, 18.88,  9.81,  9.60,  0.57,  0.00,  561626194,  921509000,  150936000,  574036851, java, iotlab1, mult, 25
entry_5191935.class, 18.25,  9.51,  9.32,  0.56,  0.00,  541540062,  885707000,  161404000,  553756005, java, iotlab1, mult, 25
entry_5191935.class, 18.52,  9.61,  9.41,  0.56,  0.00,  552115776,  904032000,  154176000,  564436690, java, iotlab1, mult, 25
entry_5191935.class, 17.96,  9.40,  9.21,  0.55,  0.00,  528489742,  916104000,  117884000,  540848201, java, iotlab1, mult, 25
entry_5191935.class, 18.80,  9.72,  9.52,  0.57,  0.00,  561092541,  895906000,  157159000,  573513836, java, iotlab1, mult, 25
entry_5191935.class, 18.65,  9.56,  9.36,  0.57,  0.00,  565480802,  903957000,  167177000,  578149668, java, iotlab1, mult, 25
entry_5482842.class,  5.17,  2.65,  2.61,  0.14,  0.00,  162687199,  268931000,   38702000,  175841052, java, iotlab1, mult, 25
entry_5482842.class,  5.14,  2.74,  2.69,  0.13,  0.00,  150101884,  270548000,   28586000,  162621939, java, iotlab1, mult, 25
entry_5482842.class,  5.11,  2.73,  2.68,  0.13,  0.00,  149718998,  268093000,   31774000,  162049865, java, iotlab1, mult, 25
entry_5482842.class,  5.17,  2.77,  2.71,  0.13,  0.00,  150492196,  275767000,   29546000,  162828417, java, iotlab1, mult, 25
entry_5482842.class,  5.11,  2.72,  2.66,  0.13,  0.00,  148291682,  264116000,   33014000,  160806478, java, iotlab1, mult, 25
entry_5482842.class,  5.10,  2.68,  2.62,  0.13,  0.00,  152070991,  274208000,   27420000,  165355512, java, iotlab1, mult, 25
entry_5482842.class,  5.19,  2.73,  2.67,  0.13,  0.00,  154170305,  260898000,   37271000,  166841880, java, iotlab1, mult, 25
entry_5482842.class,  5.46,  2.81,  2.75,  0.14,  0.00,  166799206,  273954000,   30882000,  179403899, java, iotlab1, mult, 25
entry_5482842.class,  5.13,  2.74,  2.69,  0.13,  0.00,  148210267,  255071000,   45833000,  160599385, java, iotlab1, mult, 25
entry_5482842.class,  5.32,  2.77,  2.72,  0.13,  0.00,  152035266,  271219000,   34771000,  164560435, java, iotlab1, mult, 25
entry_5482851.class,  5.01,  2.63,  2.59,  0.13,  0.00,  149721608,  260262000,   40194000,  162709541, java, iotlab1, mult, 25
entry_5482851.class,  5.06,  2.69,  2.64,  0.13,  0.00,  147599211,  260481000,   35200000,  160035791, java, iotlab1, mult, 25
entry_5482851.class,  5.09,  2.72,  2.66,  0.13,  0.00,  147645090,  260696000,   38658000,  160100116, java, iotlab1, mult, 25
entry_5482851.class,  5.15,  2.70,  2.65,  0.13,  0.00,  153060928,  257498000,   36069000,  165574127, java, iotlab1, mult, 25
entry_5482851.class,  5.21,  2.73,  2.67,  0.13,  0.00,  155318803,  255045000,   39160000,  167793355, java, iotlab1, mult, 25
entry_5482851.class,  5.10,  2.72,  2.67,  0.13,  0.00,  148744019,  258757000,   39808000,  161053851, java, iotlab1, mult, 25
entry_5482851.class,  5.22,  2.78,  2.72,  0.13,  0.00,  151566988,  279629000,   28265000,  164153059, java, iotlab1, mult, 25
entry_5482851.class,  5.08,  2.70,  2.65,  0.13,  0.00,  147870250,  258484000,   37924000,  160271724, java, iotlab1, mult, 25
entry_5482851.class,  5.09,  2.70,  2.65,  0.13,  0.00,  149185032,  260779000,   37967000,  161588944, java, iotlab1, mult, 25
entry_5482851.class,  5.11,  2.72,  2.67,  0.13,  0.00,  148811111,  269908000,   31220000,  161300259, java, iotlab1, mult, 25
entry_5541509.class, 11.03,  5.22,  5.10,  0.25,  0.00,  389110032,  427562000,   47172000,  401641232, java, iotlab1, mult, 25
entry_5541509.class, 11.02,  5.23,  5.10,  0.25,  0.00,  390417424,  428810000,   47199000,  402952879, java, iotlab1, mult, 25
entry_5541509.class, 10.64,  5.06,  4.95,  0.24,  0.00,  375460115,  430795000,   36066000,  387829230, java, iotlab1, mult, 25
entry_5541509.class, 11.21,  5.25,  5.12,  0.25,  0.00,  400094103,  438391000,   42230000,  412487124, java, iotlab1, mult, 25
entry_5541509.class, 11.13,  5.28,  5.16,  0.25,  0.00,  397128025,  443380000,   44836000,  409821881, java, iotlab1, mult, 25
entry_5541509.class, 11.18,  5.30,  5.17,  0.25,  0.00,  394841107,  431589000,   47405000,  407318997, java, iotlab1, mult, 25
entry_5541509.class, 11.14,  5.31,  5.18,  0.25,  0.00,  392705569,  434559000,   45057000,  405085003, java, iotlab1, mult, 25
entry_5541509.class, 10.82,  5.11,  4.99,  0.24,  0.00,  380523453,  421841000,   48210000,  392999183, java, iotlab1, mult, 25
entry_5541509.class, 10.78,  5.10,  4.98,  0.24,  0.00,  385577621,  428068000,   35672000,  397863764, java, iotlab1, mult, 25
entry_5541509.class, 10.39,  4.87,  4.75,  0.24,  0.00,  370545323,  407374000,   43932000,  383484258, java, iotlab1, mult, 25
entry_5576537.class,  6.04,  3.03,  2.95,  0.13,  0.00,  223710870,  250902000,   19912000,  236992275, java, iotlab1, mult, 25
entry_5576537.class,  6.11,  3.08,  3.01,  0.13,  0.00,  226093356,  259581000,   11980000,  238559178, java, iotlab1, mult, 25
entry_5576537.class,  5.98,  3.04,  2.97,  0.13,  0.00,  221383191,  259630000,    7958000,  233846963, java, iotlab1, mult, 25
entry_5576537.class,  6.00,  3.05,  2.98,  0.13,  0.00,  222456229,  255644000,   13032000,  234963456, java, iotlab1, mult, 25
entry_5576537.class,  5.93,  2.98,  2.92,  0.13,  0.00,  221282789,  250018000,   12146000,  233683602, java, iotlab1, mult, 25
entry_5576537.class,  5.94,  2.98,  2.90,  0.13,  0.00,  223098614,  252174000,   12906000,  236176947, java, iotlab1, mult, 25
entry_5576537.class,  5.97,  3.02,  2.95,  0.13,  0.00,  221588220,  250103000,   12902000,  234414132, java, iotlab1, mult, 25
entry_5576537.class,  5.95,  3.01,  2.94,  0.13,  0.00,  223569149,  248943000,   16125000,  236769534, java, iotlab1, mult, 25
entry_5576537.class,  5.93,  2.98,  2.91,  0.13,  0.00,  222162349,  247824000,   16118000,  234779980, java, iotlab1, mult, 25
entry_5576537.class,  6.03,  2.99,  2.92,  0.13,  0.00,  225398729,  248534000,   13028000,  237847454, java, iotlab1, mult, 25
entry_5647179.class,  5.94,  3.02,  2.96,  0.13,  0.00,  220695228,  256970000,    9883000,  233109008, java, iotlab1, mult, 25
entry_5647179.class,  5.91,  2.99,  2.93,  0.13,  0.00,  219880397,  250688000,   10899000,  232348845, java, iotlab1, mult, 25
entry_5647179.class,  5.91,  3.00,  2.92,  0.13,  0.00,  220539803,  248670000,   13925000,  232926255, java, iotlab1, mult, 25
entry_5647179.class,  6.03,  3.04,  2.97,  0.13,  0.00,  222920616,  257642000,   10900000,  235321749, java, iotlab1, mult, 25
entry_5647179.class,  5.94,  2.98,  2.91,  0.13,  0.00,  220682099,  250777000,   11123000,  233164995, java, iotlab1, mult, 25
entry_5647179.class,  5.92,  2.98,  2.92,  0.13,  0.00,  220601115,  249241000,   12960000,  233085012, java, iotlab1, mult, 25
entry_5647179.class,  6.04,  2.92,  2.85,  0.13,  0.00,  225017977,  254144000,   15187000,  237608600, java, iotlab1, mult, 25
entry_5647179.class,  5.94,  2.98,  2.91,  0.13,  0.00,  220589163,  246875000,   14812000,  232980753, java, iotlab1, mult, 25
entry_5647179.class,  5.99,  3.01,  2.94,  0.13,  0.00,  220881652,  252860000,   14103000,  233367672, java, iotlab1, mult, 25
entry_5647179.class,  5.89,  2.94,  2.87,  0.13,  0.00,  222045553,  254117000,   10961000,  234483561, java, iotlab1, mult, 25
entry_5953178.class, 10.65,  5.04,  4.93,  0.24,  0.00,  379494476,  435079000,   36089000,  392081872, java, iotlab1, mult, 25
entry_5953178.class, 10.84,  5.20,  5.09,  0.24,  0.00,  380477979,  436541000,   42245000,  393020508, java, iotlab1, mult, 25
entry_5953178.class, 11.04,  5.23,  5.10,  0.25,  0.00,  388349961,  434655000,   35133000,  400853293, java, iotlab1, mult, 25
entry_5953178.class, 10.95,  5.12,  4.99,  0.26,  0.00,  391692669,  452226000,   40930000,  404062911, java, iotlab1, mult, 25
entry_5953178.class, 10.70,  5.10,  4.98,  0.24,  0.00,  377795164,  426643000,   45961000,  390286335, java, iotlab1, mult, 25
entry_5953178.class, 11.04,  5.30,  5.18,  0.25,  0.00,  384077846,  446063000,   39827000,  396463294, java, iotlab1, mult, 25
entry_5953178.class, 10.39,  5.00,  4.89,  0.23,  0.00,  365293836,  419591000,   44743000,  377685738, java, iotlab1, mult, 25
entry_5953178.class, 10.47,  5.02,  4.90,  0.23,  0.00,  365518521,  426968000,   38266000,  377899703, java, iotlab1, mult, 25
entry_5953178.class, 10.80,  5.16,  5.04,  0.24,  0.00,  380132704,  433567000,   46381000,  392686684, java, iotlab1, mult, 25
entry_5953178.class, 11.19,  5.38,  5.26,  0.26,  0.00,  391795404,  451873000,   50320000,  404268338, java, iotlab1, mult, 25
entry_5953213.class,  5.45,  2.66,  2.60,  0.12,  0.00,  217351287,  222571000,   15244000,  229683783, java, iotlab1, mult, 25
entry_5953213.class,  5.48,  2.67,  2.61,  0.12,  0.00,  219609403,  227719000,   12091000,  232974206, java, iotlab1, mult, 25
entry_5953213.class,  5.41,  2.59,  2.52,  0.12,  0.00,  220366952,  227860000,   14053000,  233489262, java, iotlab1, mult, 25
entry_5953213.class,  5.75,  2.69,  2.62,  0.13,  0.00,  237148426,  220777000,   17820000,  249952031, java, iotlab1, mult, 25
entry_5953213.class,  5.44,  2.64,  2.57,  0.12,  0.00,  217475993,  228642000,    9065000,  229931094, java, iotlab1, mult, 25
entry_5953213.class,  5.44,  2.64,  2.58,  0.12,  0.00,  218724267,  227974000,    9955000,  231107568, java, iotlab1, mult, 25
entry_5953213.class,  5.53,  2.72,  2.65,  0.12,  0.00,  219957476,  231930000,   13700000,  232455899, java, iotlab1, mult, 25
entry_5953213.class,  5.43,  2.64,  2.57,  0.12,  0.00,  217654388,  220584000,   16968000,  230053157, java, iotlab1, mult, 25
entry_5953213.class,  5.41,  2.64,  2.57,  0.12,  0.00,  217712339,  226156000,   11902000,  229991633, java, iotlab1, mult, 25
entry_5953213.class,  5.54,  2.71,  2.64,  0.12,  0.00,  218898338,  236523000,    9097000,  231208246, java, iotlab1, mult, 25
entry_6258304.class,  7.94,  3.89,  3.80,  0.17,  0.00,  314272823,  340145000,   15006000,  326569954, java, iotlab1, mult, 25
entry_6258304.class,  7.99,  3.94,  3.84,  0.18,  0.00,  314554187,  342493000,   12052000,  326932456, java, iotlab1, mult, 25
entry_6258304.class,  8.15,  4.03,  3.93,  0.18,  0.00,  319494659,  351716000,   12916000,  331800407, java, iotlab1, mult, 25
entry_6258304.class,  9.28,  4.71,  4.62,  0.19,  0.00,  321835623,  347688000,   14027000,  334315301, java, iotlab1, mult, 25
entry_6258304.class,  8.01,  3.91,  3.82,  0.18,  0.00,  317809319,  344968000,   13958000,  331699163, java, iotlab1, mult, 25
entry_6258304.class,  7.89,  3.79,  3.70,  0.18,  0.00,  318327911,  345574000,   15201000,  332146680, java, iotlab1, mult, 25
entry_6258304.class,  7.95,  3.87,  3.77,  0.17,  0.00,  314751483,  337582000,   14893000,  327098525, java, iotlab1, mult, 25
entry_6258304.class,  8.32,  3.97,  3.86,  0.19,  0.00,  335805647,  336447000,   17175000,  348277200, java, iotlab1, mult, 25
entry_6258304.class,  8.01,  3.91,  3.82,  0.17,  0.00,  313243003,  341916000,   17045000,  325719128, java, iotlab1, mult, 25
entry_6258304.class,  7.99,  3.86,  3.75,  0.17,  0.00,  314055604,  339677000,   13904000,  326549041, java, iotlab1, mult, 25
entry_6258307.class,  7.97,  3.88,  3.78,  0.17,  0.00,  314962787,  336751000,   18929000,  328052944, java, iotlab1, mult, 25
entry_6258307.class,  8.07,  3.97,  3.87,  0.18,  0.00,  315565917,  341101000,   15004000,  327957259, java, iotlab1, mult, 25
entry_6258307.class,  7.93,  3.89,  3.79,  0.17,  0.00,  313866044,  337171000,   15960000,  326286633, java, iotlab1, mult, 25
entry_6258307.class,  8.02,  3.94,  3.84,  0.17,  0.00,  313725511,  342438000,   16972000,  325988553, java, iotlab1, mult, 25
entry_6258307.class,  8.00,  3.91,  3.81,  0.18,  0.00,  314364315,  338522000,   15067000,  326644089, java, iotlab1, mult, 25
entry_6258307.class,  7.95,  3.87,  3.78,  0.17,  0.00,  314626887,  339172000,   16761000,  326952416, java, iotlab1, mult, 25
entry_6258307.class,  7.96,  3.90,  3.80,  0.17,  0.00,  313445808,  338283000,   15101000,  325754108, java, iotlab1, mult, 25
entry_6258307.class,  7.94,  3.89,  3.80,  0.17,  0.00,  314631975,  341054000,   13961000,  327182299, java, iotlab1, mult, 25
entry_6258307.class,  8.02,  3.95,  3.84,  0.18,  0.00,  314651904,  350768000,    9019000,  327242715, java, iotlab1, mult, 25
entry_6258307.class,  7.92,  3.90,  3.80,  0.17,  0.00,  313398071,  339742000,   12952000,  325873530, java, iotlab1, mult, 25
entry_6258325.class,  7.95,  3.90,  3.80,  0.17,  0.00,  313656077,  335167000,   17955000,  326016074, java, iotlab1, mult, 25
entry_6258325.class,  8.00,  3.93,  3.83,  0.17,  0.00,  315598501,  342225000,   11270000,  327898021, java, iotlab1, mult, 25
entry_6258325.class,  7.97,  3.90,  3.80,  0.17,  0.00,  314074999,  339652000,   14110000,  326528879, java, iotlab1, mult, 25
entry_6258325.class,  8.01,  3.91,  3.82,  0.18,  0.00,  313877746,  346755000,   12026000,  326216368, java, iotlab1, mult, 25
entry_6258325.class,  7.97,  3.89,  3.79,  0.17,  0.00,  314675185,  334695000,   20041000,  327210369, java, iotlab1, mult, 25
entry_6258325.class,  7.99,  3.95,  3.86,  0.17,  0.00,  313341897,  343471000,   15020000,  325730998, java, iotlab1, mult, 25
entry_6258325.class,  7.94,  3.88,  3.79,  0.18,  0.00,  316177530,  338224000,   18956000,  328599839, java, iotlab1, mult, 25
entry_6258325.class,  7.95,  3.88,  3.78,  0.17,  0.00,  314919777,  340320000,   14970000,  327916591, java, iotlab1, mult, 25
entry_6258325.class,  8.20,  4.04,  3.94,  0.18,  0.00,  319709941,  343404000,   21898000,  332060794, java, iotlab1, mult, 25
entry_6258325.class,  8.02,  3.90,  3.80,  0.17,  0.00,  314928389,  337548000,   16927000,  327249800, java, iotlab1, mult, 25
entry_6550988.class,  5.04,  2.34,  2.27,  0.12,  0.00,  211812414,  225730000,    9110000,  224228147, java, iotlab1, mult, 25
entry_6550988.class,  5.05,  2.46,  2.41,  0.11,  0.00,  201222523,  205381000,   14954000,  213595456, java, iotlab1, mult, 25
entry_6550988.class,  5.26,  2.49,  2.42,  0.12,  0.00,  215575565,  201549000,   14819000,  227953727, java, iotlab1, mult, 25
entry_6550988.class,  5.03,  2.43,  2.36,  0.11,  0.00,  200629949,  200181000,   16846000,  213027455, java, iotlab1, mult, 25
entry_6550988.class,  5.11,  2.39,  2.32,  0.11,  0.00,  201255333,  200482000,   17864000,  213901573, java, iotlab1, mult, 25
entry_6550988.class,  5.06,  2.44,  2.37,  0.11,  0.00,  200838206,  206292000,   13146000,  213080547, java, iotlab1, mult, 25
entry_6550988.class,  5.01,  2.38,  2.32,  0.11,  0.00,  200015280,  203874000,   11992000,  212448203, java, iotlab1, mult, 25
entry_6550988.class,  4.97,  2.41,  2.35,  0.11,  0.00,  198669554,  201803000,   13917000,  211084398, java, iotlab1, mult, 25
entry_6550988.class,  4.99,  2.41,  2.35,  0.11,  0.00,  200062534,  198704000,   17973000,  212424630, java, iotlab1, mult, 25
entry_6550988.class,  5.01,  2.42,  2.36,  0.11,  0.00,  200195368,  203775000,   12985000,  212670069, java, iotlab1, mult, 25
entry_6572621.class,  5.39,  2.50,  2.42,  0.12,  0.00,  225867001,  234522000,   12078000,  239097426, java, iotlab1, mult, 25
entry_6572621.class,  5.41,  2.60,  2.53,  0.12,  0.00,  215835993,  217686000,   14978000,  228220701, java, iotlab1, mult, 25
entry_6572621.class,  5.35,  2.59,  2.52,  0.12,  0.00,  214876362,  224175000,    7900000,  227224013, java, iotlab1, mult, 25
entry_6572621.class,  5.41,  2.65,  2.58,  0.12,  0.00,  215952741,  223153000,   10958000,  228482110, java, iotlab1, mult, 25
entry_6572621.class,  5.40,  2.63,  2.56,  0.12,  0.00,  214919803,  228041000,    8962000,  227161593, java, iotlab1, mult, 25
entry_6572621.class,  5.40,  2.61,  2.55,  0.12,  0.00,  215977456,  220366000,   13081000,  228341895, java, iotlab1, mult, 25
entry_6572621.class,  5.38,  2.60,  2.53,  0.12,  0.00,  216760168,  221131000,   14072000,  229166400, java, iotlab1, mult, 25
entry_6572621.class,  5.44,  2.65,  2.58,  0.12,  0.00,  215808757,  227268000,   10056000,  228283844, java, iotlab1, mult, 25
entry_6572621.class,  5.42,  2.62,  2.55,  0.12,  0.00,  216418744,  219355000,   15024000,  228882871, java, iotlab1, mult, 25
entry_6572621.class,  5.44,  2.65,  2.59,  0.12,  0.00,  216411381,  225024000,   13177000,  228661930, java, iotlab1, mult, 25
