nome,slopes,lincoeff
1082,0.009566185315670658,0
1082,0.00961014349841345,0
1082,0.00981286240325986,0
1082,0.00975115803650372,0
1082,0.0024641290098855414,0
1082,0.009801645278794546,0
1082,0.009684853474789697,0
1082,0.00983843856454176,0
1082,0.009836811788801936,0
1082,0.0024632735318749627,0
